================================================================================
模块消融实验 - with_tensor_with_ot
目标域天气: 雨天
训练开始时间: 2026-09-22 18:13:26
设备: cuda
源域: D:\Code\JMDA-Net\Data\晴天
目标域: D:\Code\JMDA-Net\Data\雨天
批次大小: 8
总轮数: 100
迭代次数: 5
使用Tensor模块: 是
使用OT模块: 是
特征融合方式: Tensor对齐
域对齐方式: 最优传输
目标标签比例/权重: 0.35/0.5
Tensor/Adv损失权重: 0.12/0.08
学习率: feature=5e-06, other=0.0002, weight_decay=0.0005
报告策略: last_window, 窗口: 10
================================================================================

================================================================================
迭代 1/5
随机种子: 42
================================================================================
Training mode: full target-label supervision (class-paired batches).
Feature fusion: Tensor alignment (512+512 -> 128+128); fused_dim=256
Domain adaptation: Neural OT generator with 3-domain discriminator
Loss weights: tensor=0.12, adv=0.08
Transport: mode=sinkhorn, epsilon=0.1, Sinkhorn iterations=50, correction scale=0.1, correction regularization weight=0.001
Tensor projection update: alternating SVD, max_sweeps=3, relative singular-value tolerance=0.0001
Epoch [1/100] | Loss: 9.4680 (Cls: 9.4463, TAL: 0.0210, Adv: 0.2403, OT-Reg: 0.001258) | Marginal residual: 2.86e-08 | Train Acc: 0.0729 | Val Acc: 0.1923 | Val P/R/F1 (Macro): 0.0595/0.1667/0.0877 | LR: 0.000005
  >>> New Best Val Acc: 0.1923
Epoch [2/100] | Loss: 7.7561 (Cls: 7.7218, TAL: 0.1573, Adv: 0.1928, OT-Reg: 0.001182) | Marginal residual: 5.53e-08 | Train Acc: 0.1667 | Val Acc: 0.1154 | Val P/R/F1 (Macro): 0.0852/0.1667/0.1044 | LR: 0.000005
Epoch [3/100] | Loss: 7.0706 (Cls: 7.0733, TAL: -0.1605, Adv: 0.2066, OT-Reg: 0.001211) | Marginal residual: 7.64e-05 | Train Acc: 0.1771 | Val Acc: 0.1154 | Val P/R/F1 (Macro): 0.1354/0.1375/0.1270 | LR: 0.000005
Epoch [4/100] | Loss: 7.0489 (Cls: 7.0419, TAL: -0.0849, Adv: 0.2150, OT-Reg: 0.001214) | Marginal residual: 1.58e-04 | Train Acc: 0.1562 | Val Acc: 0.0769 | Val P/R/F1 (Macro): 0.0429/0.1667/0.0673 | LR: 0.000005
Epoch [5/100] | Loss: 6.9860 (Cls: 6.9690, TAL: 0.0100, Adv: 0.1975, OT-Reg: 0.001188) | Marginal residual: 1.17e-05 | Train Acc: 0.1771 | Val Acc: 0.2308 | Val P/R/F1 (Macro): 0.1526/0.2500/0.1893 | LR: 0.000005
  >>> New Best Val Acc: 0.2308
Epoch [6/100] | Loss: 6.9379 (Cls: 6.9343, TAL: -0.1214, Adv: 0.2278, OT-Reg: 0.001215) | Marginal residual: 2.78e-04 | Train Acc: 0.1979 | Val Acc: 0.4615 | Val P/R/F1 (Macro): 0.2792/0.3750/0.2970 | LR: 0.000005
  >>> New Best Val Acc: 0.4615
Epoch [7/100] | Loss: 7.0245 (Cls: 6.9721, TAL: 0.2958, Adv: 0.2110, OT-Reg: 0.001183) | Marginal residual: 2.01e-04 | Train Acc: 0.1562 | Val Acc: 0.0769 | Val P/R/F1 (Macro): 0.0938/0.1167/0.0661 | LR: 0.000005
Epoch [8/100] | Loss: 6.5580 (Cls: 6.5785, TAL: -0.3121, Adv: 0.2114, OT-Reg: 0.001241) | Marginal residual: 2.48e-04 | Train Acc: 0.2188 | Val Acc: 0.2308 | Val P/R/F1 (Macro): 0.1248/0.2500/0.1601 | LR: 0.000005
Epoch [9/100] | Loss: 6.3562 (Cls: 6.4015, TAL: -0.5191, Adv: 0.2124, OT-Reg: 0.001175) | Marginal residual: 6.98e-04 | Train Acc: 0.3021 | Val Acc: 0.1154 | Val P/R/F1 (Macro): 0.1957/0.2000/0.1050 | LR: 0.000005
Epoch [10/100] | Loss: 6.1733 (Cls: 6.2213, TAL: -0.5184, Adv: 0.1778, OT-Reg: 0.001197) | Marginal residual: 9.56e-04 | Train Acc: 0.2708 | Val Acc: 0.1154 | Val P/R/F1 (Macro): 0.0978/0.2083/0.0822 | LR: 0.000005
Epoch [11/100] | Loss: 6.2625 (Cls: 6.3039, TAL: -0.4742, Adv: 0.1932, OT-Reg: 0.001260) | Marginal residual: 2.48e-04 | Train Acc: 0.2708 | Val Acc: 0.0769 | Val P/R/F1 (Macro): 0.0278/0.1667/0.0476 | LR: 0.000005
Epoch [12/100] | Loss: 6.7704 (Cls: 6.7357, TAL: 0.1218, Adv: 0.2509, OT-Reg: 0.001167) | Marginal residual: 1.59e-04 | Train Acc: 0.2917 | Val Acc: 0.1538 | Val P/R/F1 (Macro): 0.0903/0.1333/0.1072 | LR: 0.000005
Epoch [13/100] | Loss: 6.8777 (Cls: 6.8929, TAL: -0.2737, Adv: 0.2204, OT-Reg: 0.001164) | Marginal residual: 6.66e-04 | Train Acc: 0.2188 | Val Acc: 0.1923 | Val P/R/F1 (Macro): 0.0729/0.1833/0.1032 | LR: 0.000005
Epoch [14/100] | Loss: 6.3683 (Cls: 6.4146, TAL: -0.5028, Adv: 0.1751, OT-Reg: 0.001185) | Marginal residual: 6.71e-04 | Train Acc: 0.1562 | Val Acc: 0.1538 | Val P/R/F1 (Macro): 0.0833/0.0833/0.0833 | LR: 0.000005
Epoch [15/100] | Loss: 6.3016 (Cls: 6.3238, TAL: -0.3365, Adv: 0.2271, OT-Reg: 0.001167) | Marginal residual: 6.03e-04 | Train Acc: 0.2188 | Val Acc: 0.2692 | Val P/R/F1 (Macro): 0.1595/0.2917/0.1949 | LR: 0.000005
Epoch [16/100] | Loss: 6.4577 (Cls: 6.4967, TAL: -0.5171, Adv: 0.2881, OT-Reg: 0.001201) | Marginal residual: 6.76e-04 | Train Acc: 0.2396 | Val Acc: 0.0769 | Val P/R/F1 (Macro): 0.0556/0.0667/0.0606 | LR: 0.000005
Epoch [17/100] | Loss: 6.3256 (Cls: 6.3490, TAL: -0.3748, Adv: 0.2686, OT-Reg: 0.001149) | Marginal residual: 7.08e-04 | Train Acc: 0.2604 | Val Acc: 0.4231 | Val P/R/F1 (Macro): 0.3542/0.4167/0.3148 | LR: 0.000003
Epoch [18/100] | Loss: 6.0460 (Cls: 6.0651, TAL: -0.3272, Adv: 0.2533, OT-Reg: 0.001173) | Marginal residual: 7.58e-04 | Train Acc: 0.2917 | Val Acc: 0.1538 | Val P/R/F1 (Macro): 0.0985/0.2083/0.0833 | LR: 0.000003
Epoch [19/100] | Loss: 5.7960 (Cls: 5.8544, TAL: -0.6481, Adv: 0.2428, OT-Reg: 0.001225) | Marginal residual: 5.61e-04 | Train Acc: 0.3333 | Val Acc: 0.4615 | Val P/R/F1 (Macro): 0.3328/0.3708/0.3357 | LR: 0.000003
Epoch [20/100] | Loss: 5.9267 (Cls: 5.9739, TAL: -0.5535, Adv: 0.2399, OT-Reg: 0.001238) | Marginal residual: 9.27e-04 | Train Acc: 0.3542 | Val Acc: 0.1154 | Val P/R/F1 (Macro): 0.1979/0.1583/0.1019 | LR: 0.000003
Epoch [21/100] | Loss: 6.3152 (Cls: 6.2857, TAL: 0.0770, Adv: 0.2530, OT-Reg: 0.001135) | Marginal residual: 6.64e-04 | Train Acc: 0.1979 | Val Acc: 0.0769 | Val P/R/F1 (Macro): 0.0159/0.1667/0.0290 | LR: 0.000003
Epoch [22/100] | Loss: 6.4651 (Cls: 6.3746, TAL: 0.5595, Adv: 0.2922, OT-Reg: 0.001106) | Marginal residual: 9.13e-08 | Train Acc: 0.2292 | Val Acc: 0.1923 | Val P/R/F1 (Macro): 0.1574/0.1250/0.1340 | LR: 0.000003
Epoch [23/100] | Loss: 6.2294 (Cls: 6.1535, TAL: 0.4269, Adv: 0.3085, OT-Reg: 0.001070) | Marginal residual: 6.95e-08 | Train Acc: 0.2604 | Val Acc: 0.0769 | Val P/R/F1 (Macro): 0.0145/0.1667/0.0267 | LR: 0.000003
Epoch [24/100] | Loss: 6.2688 (Cls: 6.1604, TAL: 0.6267, Adv: 0.4144, OT-Reg: 0.001079) | Marginal residual: 6.83e-08 | Train Acc: 0.3021 | Val Acc: 0.1923 | Val P/R/F1 (Macro): 0.1496/0.1417/0.1162 | LR: 0.000003
Epoch [25/100] | Loss: 6.1895 (Cls: 6.1090, TAL: 0.3920, Adv: 0.4179, OT-Reg: 0.001092) | Marginal residual: 6.52e-08 | Train Acc: 0.3125 | Val Acc: 0.1923 | Val P/R/F1 (Macro): 0.2333/0.2042/0.1315 | LR: 0.000003
Epoch [26/100] | Loss: 5.6979 (Cls: 5.5954, TAL: 0.5261, Adv: 0.4922, OT-Reg: 0.001108) | Marginal residual: 6.95e-08 | Train Acc: 0.3229 | Val Acc: 0.0769 | Val P/R/F1 (Macro): 0.0128/0.1667/0.0238 | LR: 0.000003
Epoch [27/100] | Loss: 6.1916 (Cls: 6.1237, TAL: 0.2523, Adv: 0.4699, OT-Reg: 0.001087) | Marginal residual: 1.01e-07 | Train Acc: 0.2708 | Val Acc: 0.3462 | Val P/R/F1 (Macro): 0.1845/0.4000/0.2273 | LR: 0.000003
Epoch [28/100] | Loss: 5.9571 (Cls: 5.8751, TAL: 0.3183, Adv: 0.5475, OT-Reg: 0.001134) | Marginal residual: 9.25e-08 | Train Acc: 0.3229 | Val Acc: 0.0000 | Val P/R/F1 (Macro): 0.0000/0.0000/0.0000 | LR: 0.000001
Epoch [29/100] | Loss: 6.0588 (Cls: 5.9449, TAL: 0.5042, Adv: 0.6668, OT-Reg: 0.001127) | Marginal residual: 7.08e-08 | Train Acc: 0.3021 | Val Acc: 0.1538 | Val P/R/F1 (Macro): 0.2381/0.1833/0.1481 | LR: 0.000001
Epoch [30/100] | Loss: 5.6599 (Cls: 5.5895, TAL: 0.1829, Adv: 0.6058, OT-Reg: 0.001119) | Marginal residual: 5.53e-08 | Train Acc: 0.2917 | Val Acc: 0.2308 | Val P/R/F1 (Macro): 0.2692/0.2667/0.1958 | LR: 0.000001
Epoch [31/100] | Loss: 6.0610 (Cls: 5.9417, TAL: 0.5298, Adv: 0.6970, OT-Reg: 0.001115) | Marginal residual: 8.38e-08 | Train Acc: 0.3125 | Val Acc: 0.1538 | Val P/R/F1 (Macro): 0.2167/0.1333/0.1222 | LR: 0.000001
Epoch [32/100] | Loss: 5.9490 (Cls: 5.9220, TAL: -0.1466, Adv: 0.5574, OT-Reg: 0.001195) | Marginal residual: 3.80e-04 | Train Acc: 0.2188 | Val Acc: 0.1538 | Val P/R/F1 (Macro): 0.0590/0.2333/0.0889 | LR: 0.000001
Epoch [33/100] | Loss: 5.5970 (Cls: 5.5735, TAL: -0.1217, Adv: 0.4758, OT-Reg: 0.001223) | Marginal residual: 4.16e-04 | Train Acc: 0.3125 | Val Acc: 0.2692 | Val P/R/F1 (Macro): 0.1324/0.3333/0.1869 | LR: 0.000001
Epoch [34/100] | Loss: 5.6177 (Cls: 5.6546, TAL: -0.6388, Adv: 0.4975, OT-Reg: 0.001173) | Marginal residual: 8.31e-04 | Train Acc: 0.3958 | Val Acc: 0.1154 | Val P/R/F1 (Macro): 0.1944/0.0875/0.0763 | LR: 0.000001
Epoch [35/100] | Loss: 5.6814 (Cls: 5.7343, TAL: -0.7488, Adv: 0.4621, OT-Reg: 0.001205) | Marginal residual: 1.11e-03 | Train Acc: 0.2500 | Val Acc: 0.4231 | Val P/R/F1 (Macro): 0.2361/0.4167/0.2766 | LR: 0.000001
Epoch [36/100] | Loss: 5.4503 (Cls: 5.5154, TAL: -0.7983, Adv: 0.3835, OT-Reg: 0.001246) | Marginal residual: 7.48e-04 | Train Acc: 0.3125 | Val Acc: 0.0385 | Val P/R/F1 (Macro): 0.0083/0.0833/0.0152 | LR: 0.000001
Epoch [37/100] | Loss: 5.5298 (Cls: 5.5860, TAL: -0.7601, Adv: 0.4384, OT-Reg: 0.001185) | Marginal residual: 7.60e-04 | Train Acc: 0.4583 | Val Acc: 0.0769 | Val P/R/F1 (Macro): 0.0472/0.1167/0.0571 | LR: 0.000001
Epoch [38/100] | Loss: 5.8151 (Cls: 5.7874, TAL: -0.1898, Adv: 0.6307, OT-Reg: 0.001218) | Marginal residual: 3.06e-04 | Train Acc: 0.3021 | Val Acc: 0.0769 | Val P/R/F1 (Macro): 0.0159/0.1667/0.0290 | LR: 0.000001
Epoch [39/100] | Loss: 5.8613 (Cls: 5.8407, TAL: -0.2170, Adv: 0.5829, OT-Reg: 0.001178) | Marginal residual: 6.49e-04 | Train Acc: 0.2188 | Val Acc: 0.2308 | Val P/R/F1 (Macro): 0.0979/0.3333/0.1442 | LR: 0.000001
Epoch [40/100] | Loss: 6.0358 (Cls: 5.9316, TAL: 0.3802, Adv: 0.7326, OT-Reg: 0.001092) | Marginal residual: 7.08e-08 | Train Acc: 0.2188 | Val Acc: 0.0385 | Val P/R/F1 (Macro): 0.0069/0.0833/0.0128 | LR: 0.000001
Epoch [41/100] | Loss: 6.0415 (Cls: 5.9666, TAL: 0.1231, Adv: 0.7513, OT-Reg: 0.001113) | Marginal residual: 6.89e-08 | Train Acc: 0.1562 | Val Acc: 0.0000 | Val P/R/F1 (Macro): 0.0000/0.0000/0.0000 | LR: 0.000001
Epoch [42/100] | Loss: 5.8825 (Cls: 5.7305, TAL: 0.7787, Adv: 0.7321, OT-Reg: 0.001101) | Marginal residual: 7.20e-08 | Train Acc: 0.2396 | Val Acc: 0.1538 | Val P/R/F1 (Macro): 0.1256/0.2500/0.1219 | LR: 0.000001
Epoch [43/100] | Loss: 5.9599 (Cls: 5.8242, TAL: 0.6180, Adv: 0.7696, OT-Reg: 0.001107) | Marginal residual: 1.04e-07 | Train Acc: 0.2292 | Val Acc: 0.0385 | Val P/R/F1 (Macro): 0.0079/0.0833/0.0145 | LR: 0.000001
Epoch [44/100] | Loss: 5.8178 (Cls: 5.6751, TAL: 0.6846, Adv: 0.7569, OT-Reg: 0.001092) | Marginal residual: 7.82e-08 | Train Acc: 0.2292 | Val Acc: 0.0385 | Val P/R/F1 (Macro): 0.0104/0.0417/0.0167 | LR: 0.000001
Epoch [45/100] | Loss: 6.1779 (Cls: 6.0482, TAL: 0.5320, Adv: 0.8230, OT-Reg: 0.001097) | Marginal residual: 7.89e-08 | Train Acc: 0.2083 | Val Acc: 0.1154 | Val P/R/F1 (Macro): 0.2222/0.1667/0.1778 | LR: 0.000001
Epoch [46/100] | Loss: 5.6442 (Cls: 5.6328, TAL: -0.3149, Adv: 0.6146, OT-Reg: 0.001184) | Marginal residual: 9.79e-04 | Train Acc: 0.3125 | Val Acc: 0.2308 | Val P/R/F1 (Macro): 0.1875/0.2500/0.1481 | LR: 0.000001
Epoch [47/100] | Loss: 5.4111 (Cls: 5.4246, TAL: -0.4895, Adv: 0.5655, OT-Reg: 0.001193) | Marginal residual: 8.56e-04 | Train Acc: 0.3125 | Val Acc: 0.1538 | Val P/R/F1 (Macro): 0.2208/0.2208/0.1161 | LR: 0.000001
Epoch [48/100] | Loss: 5.4789 (Cls: 5.4699, TAL: -0.3730, Adv: 0.6726, OT-Reg: 0.001216) | Marginal residual: 7.65e-04 | Train Acc: 0.2917 | Val Acc: 0.1538 | Val P/R/F1 (Macro): 0.2389/0.1292/0.1215 | LR: 0.000001
Epoch [49/100] | Loss: 5.4119 (Cls: 5.4265, TAL: -0.6012, Adv: 0.7197, OT-Reg: 0.001197) | Marginal residual: 9.55e-04 | Train Acc: 0.3438 | Val Acc: 0.3077 | Val P/R/F1 (Macro): 0.2121/0.2250/0.2054 | LR: 0.000001
Epoch [50/100] | Loss: 5.6371 (Cls: 5.6027, TAL: -0.2096, Adv: 0.7447, OT-Reg: 0.001225) | Marginal residual: 7.21e-04 | Train Acc: 0.3229 | Val Acc: 0.0769 | Val P/R/F1 (Macro): 0.0278/0.1667/0.0476 | LR: 0.000001
Epoch [51/100] | Loss: 5.2364 (Cls: 5.2681, TAL: -0.7139, Adv: 0.6739, OT-Reg: 0.001182) | Marginal residual: 1.05e-03 | Train Acc: 0.3958 | Val Acc: 0.1923 | Val P/R/F1 (Macro): 0.0722/0.2167/0.1083 | LR: 0.000001
Epoch [52/100] | Loss: 5.4015 (Cls: 5.4427, TAL: -0.7003, Adv: 0.5352, OT-Reg: 0.001198) | Marginal residual: 7.88e-04 | Train Acc: 0.3750 | Val Acc: 0.0385 | Val P/R/F1 (Macro): 0.0152/0.0333/0.0208 | LR: 0.000001
Epoch [53/100] | Loss: 5.5729 (Cls: 5.5370, TAL: -0.1409, Adv: 0.6601, OT-Reg: 0.001218) | Marginal residual: 6.89e-04 | Train Acc: 0.3438 | Val Acc: 0.2308 | Val P/R/F1 (Macro): 0.4152/0.2542/0.2405 | LR: 0.000001
Epoch [54/100] | Loss: 5.4661 (Cls: 5.5084, TAL: -0.8186, Adv: 0.7000, OT-Reg: 0.001210) | Marginal residual: 6.63e-04 | Train Acc: 0.2500 | Val Acc: 0.2692 | Val P/R/F1 (Macro): 0.1117/0.3333/0.1667 | LR: 0.000001
Epoch [55/100] | Loss: 5.0460 (Cls: 5.0854, TAL: -0.8121, Adv: 0.7257, OT-Reg: 0.001150) | Marginal residual: 5.43e-04 | Train Acc: 0.4167 | Val Acc: 0.2308 | Val P/R/F1 (Macro): 0.1439/0.2583/0.1726 | LR: 0.000001
Epoch [56/100] | Loss: 5.3522 (Cls: 5.3746, TAL: -0.6534, Adv: 0.7005, OT-Reg: 0.001214) | Marginal residual: 9.87e-04 | Train Acc: 0.3854 | Val Acc: 0.1538 | Val P/R/F1 (Macro): 0.1667/0.0833/0.1111 | LR: 0.000001
Epoch [57/100] | Loss: 5.4877 (Cls: 5.4528, TAL: -0.2141, Adv: 0.7578, OT-Reg: 0.001199) | Marginal residual: 6.58e-04 | Train Acc: 0.3646 | Val Acc: 0.4615 | Val P/R/F1 (Macro): 0.4865/0.4167/0.3816 | LR: 0.000001
Epoch [58/100] | Loss: 5.4595 (Cls: 5.4818, TAL: -0.6643, Adv: 0.7181, OT-Reg: 0.001205) | Marginal residual: 1.23e-03 | Train Acc: 0.2812 | Val Acc: 0.1154 | Val P/R/F1 (Macro): 0.2181/0.1375/0.0916 | LR: 0.000001
Epoch [59/100] | Loss: 5.7461 (Cls: 5.7586, TAL: -0.6278, Adv: 0.7860, OT-Reg: 0.001184) | Marginal residual: 6.87e-04 | Train Acc: 0.2083 | Val Acc: 0.2308 | Val P/R/F1 (Macro): 0.1500/0.2500/0.1329 | LR: 0.000001
Epoch [60/100] | Loss: 5.7132 (Cls: 5.6864, TAL: -0.2994, Adv: 0.7838, OT-Reg: 0.001208) | Marginal residual: 4.03e-04 | Train Acc: 0.3229 | Val Acc: 0.0769 | Val P/R/F1 (Macro): 0.2222/0.0542/0.0787 | LR: 0.000001
Epoch [61/100] | Loss: 5.4310 (Cls: 5.3796, TAL: -0.1165, Adv: 0.8163, OT-Reg: 0.001215) | Marginal residual: 9.52e-04 | Train Acc: 0.3854 | Val Acc: 0.1154 | Val P/R/F1 (Macro): 0.2315/0.1583/0.1198 | LR: 0.000001
Epoch [62/100] | Loss: 5.4951 (Cls: 5.4634, TAL: -0.2062, Adv: 0.7056, OT-Reg: 0.001188) | Marginal residual: 3.79e-04 | Train Acc: 0.2292 | Val Acc: 0.3077 | Val P/R/F1 (Macro): 0.2529/0.3167/0.2129 | LR: 0.000001
Epoch [63/100] | Loss: 5.4365 (Cls: 5.4604, TAL: -0.7318, Adv: 0.8000, OT-Reg: 0.001236) | Marginal residual: 5.40e-04 | Train Acc: 0.3125 | Val Acc: 0.3077 | Val P/R/F1 (Macro): 0.2896/0.3375/0.2374 | LR: 0.000001
Epoch [64/100] | Loss: 5.3954 (Cls: 5.3850, TAL: -0.4463, Adv: 0.7996, OT-Reg: 0.001214) | Marginal residual: 3.59e-04 | Train Acc: 0.3229 | Val Acc: 0.1923 | Val P/R/F1 (Macro): 0.0844/0.1750/0.1136 | LR: 0.000001
Epoch [65/100] | Loss: 5.9451 (Cls: 5.7978, TAL: 0.6283, Adv: 0.8988, OT-Reg: 0.001193) | Marginal residual: 7.45e-08 | Train Acc: 0.1979 | Val Acc: 0.1538 | Val P/R/F1 (Macro): 0.0667/0.1333/0.0889 | LR: 0.000001
Epoch [66/100] | Loss: 5.8874 (Cls: 5.7359, TAL: 0.6555, Adv: 0.9105, OT-Reg: 0.001112) | Marginal residual: 6.77e-08 | Train Acc: 0.2083 | Val Acc: 0.1538 | Val P/R/F1 (Macro): 0.0915/0.2917/0.1245 | LR: 0.000001
Epoch [67/100] | Loss: 6.0693 (Cls: 5.9341, TAL: 0.5258, Adv: 0.9013, OT-Reg: 0.001124) | Marginal residual: 1.29e-07 | Train Acc: 0.2292 | Val Acc: 0.1154 | Val P/R/F1 (Macro): 0.0489/0.2500/0.0814 | LR: 0.000001
Epoch [68/100] | Loss: 5.8285 (Cls: 5.7154, TAL: 0.3061, Adv: 0.9554, OT-Reg: 0.001158) | Marginal residual: 8.63e-08 | Train Acc: 0.3021 | Val Acc: 0.3077 | Val P/R/F1 (Macro): 0.2485/0.4417/0.2987 | LR: 0.000001
Epoch [69/100] | Loss: 5.8049 (Cls: 5.7066, TAL: 0.2158, Adv: 0.9057, OT-Reg: 0.001123) | Marginal residual: 8.20e-08 | Train Acc: 0.3333 | Val Acc: 0.1923 | Val P/R/F1 (Macro): 0.0595/0.1667/0.0877 | LR: 0.000001
Epoch [70/100] | Loss: 5.8394 (Cls: 5.6782, TAL: 0.7210, Adv: 0.9337, OT-Reg: 0.001139) | Marginal residual: 9.50e-08 | Train Acc: 0.2812 | Val Acc: 0.1923 | Val P/R/F1 (Macro): 0.2222/0.2000/0.1389 | LR: 0.000001
Epoch [71/100] | Loss: 5.9729 (Cls: 5.8165, TAL: 0.6660, Adv: 0.9555, OT-Reg: 0.001089) | Marginal residual: 6.83e-08 | Train Acc: 0.2188 | Val Acc: 0.1923 | Val P/R/F1 (Macro): 0.0521/0.1667/0.0794 | LR: 0.000001
Epoch [72/100] | Loss: 5.8381 (Cls: 5.7377, TAL: 0.2301, Adv: 0.9096, OT-Reg: 0.001096) | Marginal residual: 9.38e-08 | Train Acc: 0.2708 | Val Acc: 0.2308 | Val P/R/F1 (Macro): 0.2361/0.2083/0.1647 | LR: 0.000001
Epoch [73/100] | Loss: 6.0644 (Cls: 6.0232, TAL: -0.2436, Adv: 0.8814, OT-Reg: 0.001222) | Marginal residual: 4.15e-04 | Train Acc: 0.2500 | Val Acc: 0.0000 | Val P/R/F1 (Macro): 0.0000/0.0000/0.0000 | LR: 0.000001
Epoch [74/100] | Loss: 5.6977 (Cls: 5.7187, TAL: -0.7341, Adv: 0.8386, OT-Reg: 0.001241) | Marginal residual: 1.08e-03 | Train Acc: 0.3229 | Val Acc: 0.0000 | Val P/R/F1 (Macro): 0.0000/0.0000/0.0000 | LR: 0.000001
Epoch [75/100] | Loss: 5.7371 (Cls: 5.7680, TAL: -0.7613, Adv: 0.7556, OT-Reg: 0.001234) | Marginal residual: 4.66e-04 | Train Acc: 0.3125 | Val Acc: 0.2692 | Val P/R/F1 (Macro): 0.3643/0.3375/0.2778 | LR: 0.000001
Epoch [76/100] | Loss: 6.0969 (Cls: 6.0220, TAL: 0.0413, Adv: 0.8752, OT-Reg: 0.001164) | Marginal residual: 9.41e-05 | Train Acc: 0.2292 | Val Acc: 0.2692 | Val P/R/F1 (Macro): 0.2841/0.2833/0.1837 | LR: 0.000001
Epoch [77/100] | Loss: 6.7433 (Cls: 6.6008, TAL: 0.5683, Adv: 0.9293, OT-Reg: 0.001105) | Marginal residual: 5.90e-08 | Train Acc: 0.2292 | Val Acc: 0.1923 | Val P/R/F1 (Macro): 0.1759/0.2542/0.1677 | LR: 0.000001
Epoch [78/100] | Loss: 6.3521 (Cls: 6.1836, TAL: 0.7719, Adv: 0.9478, OT-Reg: 0.001133) | Marginal residual: 5.22e-08 | Train Acc: 0.3125 | Val Acc: 0.1154 | Val P/R/F1 (Macro): 0.1111/0.0875/0.0909 | LR: 0.000001
Epoch [79/100] | Loss: 6.2430 (Cls: 6.0959, TAL: 0.6697, Adv: 0.8335, OT-Reg: 0.001135) | Marginal residual: 5.65e-08 | Train Acc: 0.3438 | Val Acc: 0.3846 | Val P/R/F1 (Macro): 0.2778/0.4083/0.3022 | LR: 0.000001
Epoch [80/100] | Loss: 6.6695 (Cls: 6.5403, TAL: 0.5197, Adv: 0.8349, OT-Reg: 0.001159) | Marginal residual: 5.15e-08 | Train Acc: 0.2917 | Val Acc: 0.1923 | Val P/R/F1 (Macro): 0.0944/0.1667/0.1192 | LR: 0.000001
Epoch [81/100] | Loss: 6.2871 (Cls: 6.1672, TAL: 0.4155, Adv: 0.8756, OT-Reg: 0.001157) | Marginal residual: 4.41e-08 | Train Acc: 0.3125 | Val Acc: 0.3462 | Val P/R/F1 (Macro): 0.1786/0.2500/0.2000 | LR: 0.000001
Epoch [82/100] | Loss: 6.4166 (Cls: 6.3083, TAL: 0.2999, Adv: 0.9041, OT-Reg: 0.001153) | Marginal residual: 5.65e-08 | Train Acc: 0.3021 | Val Acc: 0.2692 | Val P/R/F1 (Macro): 0.1806/0.2917/0.1953 | LR: 0.000001
Epoch [83/100] | Loss: 5.2754 (Cls: 5.2999, TAL: -0.6718, Adv: 0.7013, OT-Reg: 0.001213) | Marginal residual: 5.06e-04 | Train Acc: 0.3438 | Val Acc: 0.1154 | Val P/R/F1 (Macro): 0.2222/0.1083/0.1273 | LR: 0.000001
Epoch [84/100] | Loss: 5.6622 (Cls: 5.6425, TAL: -0.3488, Adv: 0.7703, OT-Reg: 0.001215) | Marginal residual: 6.91e-04 | Train Acc: 0.3125 | Val Acc: 0.2692 | Val P/R/F1 (Macro): 0.2188/0.2083/0.1460 | LR: 0.000001
Epoch [85/100] | Loss: 5.7684 (Cls: 5.7665, TAL: -0.5603, Adv: 0.8643, OT-Reg: 0.001190) | Marginal residual: 1.36e-03 | Train Acc: 0.2708 | Val Acc: 0.1538 | Val P/R/F1 (Macro): 0.0741/0.1333/0.0952 | LR: 0.000001
Epoch [86/100] | Loss: 5.3557 (Cls: 5.3555, TAL: -0.5385, Adv: 0.8112, OT-Reg: 0.001199) | Marginal residual: 5.76e-04 | Train Acc: 0.3854 | Val Acc: 0.3462 | Val P/R/F1 (Macro): 0.2157/0.2500/0.1869 | LR: 0.000001
Epoch [87/100] | Loss: 5.3913 (Cls: 5.4060, TAL: -0.6316, Adv: 0.7628, OT-Reg: 0.001192) | Marginal residual: 1.04e-03 | Train Acc: 0.3229 | Val Acc: 0.1923 | Val P/R/F1 (Macro): 0.4318/0.2625/0.1759 | LR: 0.000001
Epoch [88/100] | Loss: 5.4381 (Cls: 5.4518, TAL: -0.6334, Adv: 0.7789, OT-Reg: 0.001198) | Marginal residual: 7.02e-04 | Train Acc: 0.3229 | Val Acc: 0.0769 | Val P/R/F1 (Macro): 0.0208/0.1667/0.0370 | LR: 0.000001
Epoch [89/100] | Loss: 5.4923 (Cls: 5.4915, TAL: -0.5642, Adv: 0.8558, OT-Reg: 0.001196) | Marginal residual: 8.71e-04 | Train Acc: 0.2708 | Val Acc: 0.2308 | Val P/R/F1 (Macro): 0.2652/0.2250/0.1832 | LR: 0.000001
Epoch [90/100] | Loss: 5.3630 (Cls: 5.3335, TAL: -0.3232, Adv: 0.8544, OT-Reg: 0.001240) | Marginal residual: 3.64e-04 | Train Acc: 0.3542 | Val Acc: 0.0769 | Val P/R/F1 (Macro): 0.0556/0.0667/0.0606 | LR: 0.000001
Epoch [91/100] | Loss: 5.6393 (Cls: 5.6297, TAL: -0.5218, Adv: 0.9031, OT-Reg: 0.001200) | Marginal residual: 5.84e-04 | Train Acc: 0.2396 | Val Acc: 0.3077 | Val P/R/F1 (Macro): 0.2333/0.2167/0.2000 | LR: 0.000001
Epoch [92/100] | Loss: 5.4677 (Cls: 5.4477, TAL: -0.3951, Adv: 0.8435, OT-Reg: 0.001216) | Marginal residual: 5.83e-04 | Train Acc: 0.3021 | Val Acc: 0.3462 | Val P/R/F1 (Macro): 0.2952/0.3625/0.2576 | LR: 0.000001
Epoch [93/100] | Loss: 5.3388 (Cls: 5.3719, TAL: -0.8195, Adv: 0.8147, OT-Reg: 0.001247) | Marginal residual: 1.12e-03 | Train Acc: 0.3646 | Val Acc: 0.2692 | Val P/R/F1 (Macro): 0.2569/0.3083/0.1912 | LR: 0.000001
Epoch [94/100] | Loss: 5.3091 (Cls: 5.3363, TAL: -0.7727, Adv: 0.8194, OT-Reg: 0.001218) | Marginal residual: 7.08e-04 | Train Acc: 0.3750 | Val Acc: 0.1923 | Val P/R/F1 (Macro): 0.1818/0.2292/0.1187 | LR: 0.000001
Epoch [95/100] | Loss: 5.5833 (Cls: 5.6066, TAL: -0.7761, Adv: 0.8723, OT-Reg: 0.001235) | Marginal residual: 1.04e-03 | Train Acc: 0.3542 | Val Acc: 0.2308 | Val P/R/F1 (Macro): 0.1528/0.1500/0.1465 | LR: 0.000001
Epoch [96/100] | Loss: 5.1887 (Cls: 5.2159, TAL: -0.8009, Adv: 0.8610, OT-Reg: 0.001204) | Marginal residual: 8.24e-04 | Train Acc: 0.3125 | Val Acc: 0.3846 | Val P/R/F1 (Macro): 0.3463/0.3500/0.3033 | LR: 0.000001
Epoch [97/100] | Loss: 5.2510 (Cls: 5.2674, TAL: -0.7339, Adv: 0.8958, OT-Reg: 0.001227) | Marginal residual: 7.36e-04 | Train Acc: 0.2708 | Val Acc: 0.2308 | Val P/R/F1 (Macro): 0.3556/0.2625/0.1857 | LR: 0.000001
Epoch [98/100] | Loss: 5.5177 (Cls: 5.5129, TAL: -0.5031, Adv: 0.8151, OT-Reg: 0.001171) | Marginal residual: 8.02e-04 | Train Acc: 0.2500 | Val Acc: 0.1538 | Val P/R/F1 (Macro): 0.2167/0.1833/0.1563 | LR: 0.000001
Epoch [99/100] | Loss: 5.4173 (Cls: 5.3846, TAL: -0.2470, Adv: 0.7799, OT-Reg: 0.001198) | Marginal residual: 6.63e-04 | Train Acc: 0.2917 | Val Acc: 0.1923 | Val P/R/F1 (Macro): 0.0556/0.1667/0.0833 | LR: 0.000001
Epoch [100/100] | Loss: 5.4598 (Cls: 5.4650, TAL: -0.6205, Adv: 0.8667, OT-Reg: 0.001168) | Marginal residual: 8.37e-04 | Train Acc: 0.2604 | Val Acc: 0.1154 | Val P/R/F1 (Macro): 0.0648/0.2083/0.0939 | LR: 0.000001
Report strategy: last_window, window=10, reported_acc=0.2423, best_acc=0.4615

迭代 1 报告指标:
  Accuracy: 0.2423
  Precision (Macro): 0.2159
  Recall (Macro): 0.2437
  F1 (Macro): 0.1737
  Precision (Micro): 0.2423
  Recall (Micro): 0.2423
  F1 (Micro): 0.2423
  Val class coverage: 6/14 (0.4286), samples=26

================================================================================
迭代 2/5
随机种子: 43
================================================================================
Training mode: full target-label supervision (class-paired batches).
Feature fusion: Tensor alignment (512+512 -> 128+128); fused_dim=256
Domain adaptation: Neural OT generator with 3-domain discriminator
Loss weights: tensor=0.12, adv=0.08
Transport: mode=sinkhorn, epsilon=0.1, Sinkhorn iterations=50, correction scale=0.1, correction regularization weight=0.001
Tensor projection update: alternating SVD, max_sweeps=3, relative singular-value tolerance=0.0001
Epoch [1/100] | Loss: 8.6490 (Cls: 8.6331, TAL: -0.0432, Adv: 0.2638, OT-Reg: 0.002761) | Marginal residual: 1.63e-04 | Train Acc: 0.0833 | Val Acc: 0.0385 | Val P/R/F1 (Macro): 0.0072/0.0833/0.0133 | LR: 0.000005
  >>> New Best Val Acc: 0.0385
Epoch [2/100] | Loss: 7.8116 (Cls: 7.8135, TAL: -0.1914, Adv: 0.2628, OT-Reg: 0.002808) | Marginal residual: 4.35e-05 | Train Acc: 0.1250 | Val Acc: 0.2308 | Val P/R/F1 (Macro): 0.0833/0.2000/0.1037 | LR: 0.000005
  >>> New Best Val Acc: 0.2308
Epoch [3/100] | Loss: 7.1701 (Cls: 7.1730, TAL: -0.1774, Adv: 0.2297, OT-Reg: 0.002785) | Marginal residual: 1.38e-04 | Train Acc: 0.1667 | Val Acc: 0.0769 | Val P/R/F1 (Macro): 0.0208/0.1667/0.0370 | LR: 0.000005
Epoch [4/100] | Loss: 6.9590 (Cls: 6.9437, TAL: -0.0283, Adv: 0.2327, OT-Reg: 0.002732) | Marginal residual: 3.37e-06 | Train Acc: 0.2292 | Val Acc: 0.1923 | Val P/R/F1 (Macro): 0.0333/0.1667/0.0556 | LR: 0.000005
Epoch [5/100] | Loss: 6.7819 (Cls: 6.7779, TAL: -0.1229, Adv: 0.2337, OT-Reg: 0.002777) | Marginal residual: 6.99e-05 | Train Acc: 0.1875 | Val Acc: 0.1923 | Val P/R/F1 (Macro): 0.0333/0.1667/0.0556 | LR: 0.000005
Epoch [6/100] | Loss: 7.1371 (Cls: 7.0961, TAL: 0.1584, Adv: 0.2753, OT-Reg: 0.002745) | Marginal residual: 2.98e-08 | Train Acc: 0.1875 | Val Acc: 0.1154 | Val P/R/F1 (Macro): 0.0333/0.1000/0.0500 | LR: 0.000005
Epoch [7/100] | Loss: 6.8966 (Cls: 6.8444, TAL: 0.2879, Adv: 0.2211, OT-Reg: 0.002683) | Marginal residual: 6.89e-07 | Train Acc: 0.1354 | Val Acc: 0.1538 | Val P/R/F1 (Macro): 0.2341/0.1875/0.1245 | LR: 0.000005
Epoch [8/100] | Loss: 6.7628 (Cls: 6.7410, TAL: 0.0449, Adv: 0.2042, OT-Reg: 0.002742) | Marginal residual: 5.12e-05 | Train Acc: 0.1771 | Val Acc: 0.0769 | Val P/R/F1 (Macro): 0.0889/0.0667/0.0750 | LR: 0.000005
Epoch [9/100] | Loss: 7.0114 (Cls: 6.9540, TAL: 0.3321, Adv: 0.2195, OT-Reg: 0.002704) | Marginal residual: 7.82e-05 | Train Acc: 0.1562 | Val Acc: 0.0000 | Val P/R/F1 (Macro): 0.0000/0.0000/0.0000 | LR: 0.000005
Epoch [10/100] | Loss: 7.0210 (Cls: 7.0054, TAL: -0.0086, Adv: 0.2083, OT-Reg: 0.002747) | Marginal residual: 2.23e-05 | Train Acc: 0.1354 | Val Acc: 0.0385 | Val P/R/F1 (Macro): 0.0167/0.0833/0.0278 | LR: 0.000005
Epoch [11/100] | Loss: 7.0356 (Cls: 6.9819, TAL: 0.3166, Adv: 0.1969, OT-Reg: 0.002712) | Marginal residual: 3.04e-08 | Train Acc: 0.1562 | Val Acc: 0.2692 | Val P/R/F1 (Macro): 0.3095/0.3167/0.2478 | LR: 0.000005
  >>> New Best Val Acc: 0.2692
Epoch [12/100] | Loss: 6.7932 (Cls: 6.7720, TAL: 0.0472, Adv: 0.1932, OT-Reg: 0.002733) | Marginal residual: 1.84e-07 | Train Acc: 0.2188 | Val Acc: 0.3462 | Val P/R/F1 (Macro): 0.1616/0.2125/0.1834 | LR: 0.000005
  >>> New Best Val Acc: 0.3462
Epoch [13/100] | Loss: 6.7319 (Cls: 6.7006, TAL: 0.0820, Adv: 0.2679, OT-Reg: 0.002738) | Marginal residual: 1.03e-04 | Train Acc: 0.1250 | Val Acc: 0.0385 | Val P/R/F1 (Macro): 0.0238/0.0333/0.0278 | LR: 0.000005
Epoch [14/100] | Loss: 6.7246 (Cls: 6.7079, TAL: -0.0158, Adv: 0.2321, OT-Reg: 0.002748) | Marginal residual: 5.15e-08 | Train Acc: 0.2083 | Val Acc: 0.0769 | Val P/R/F1 (Macro): 0.0238/0.0667/0.0351 | LR: 0.000005
Epoch [15/100] | Loss: 6.6211 (Cls: 6.6472, TAL: -0.3477, Adv: 0.1950, OT-Reg: 0.002771) | Marginal residual: 8.62e-06 | Train Acc: 0.1875 | Val Acc: 0.3077 | Val P/R/F1 (Macro): 0.1052/0.2667/0.1507 | LR: 0.000005
Epoch [16/100] | Loss: 6.7979 (Cls: 6.8331, TAL: -0.4414, Adv: 0.2211, OT-Reg: 0.002790) | Marginal residual: 6.07e-05 | Train Acc: 0.1250 | Val Acc: 0.2692 | Val P/R/F1 (Macro): 0.0926/0.3333/0.1439 | LR: 0.000005
Epoch [17/100] | Loss: 6.5819 (Cls: 6.5731, TAL: -0.0849, Adv: 0.2372, OT-Reg: 0.002744) | Marginal residual: 3.68e-05 | Train Acc: 0.1146 | Val Acc: 0.1923 | Val P/R/F1 (Macro): 0.0755/0.2667/0.1162 | LR: 0.000005
Epoch [18/100] | Loss: 6.7755 (Cls: 6.7216, TAL: 0.2843, Adv: 0.2479, OT-Reg: 0.002721) | Marginal residual: 3.60e-08 | Train Acc: 0.1354 | Val Acc: 0.0769 | Val P/R/F1 (Macro): 0.0139/0.1667/0.0256 | LR: 0.000005
Epoch [19/100] | Loss: 6.5108 (Cls: 6.4938, TAL: -0.0075, Adv: 0.2241, OT-Reg: 0.002740) | Marginal residual: 8.56e-05 | Train Acc: 0.2083 | Val Acc: 0.0769 | Val P/R/F1 (Macro): 0.0167/0.1667/0.0303 | LR: 0.000005
Epoch [20/100] | Loss: 6.6825 (Cls: 6.6605, TAL: 0.0368, Adv: 0.2198, OT-Reg: 0.002699) | Marginal residual: 1.21e-04 | Train Acc: 0.1146 | Val Acc: 0.2692 | Val P/R/F1 (Macro): 0.0880/0.3333/0.1391 | LR: 0.000005
Epoch [21/100] | Loss: 6.6635 (Cls: 6.6604, TAL: -0.1428, Adv: 0.2534, OT-Reg: 0.002700) | Marginal residual: 6.69e-05 | Train Acc: 0.1771 | Val Acc: 0.2308 | Val P/R/F1 (Macro): 0.1071/0.1625/0.1193 | LR: 0.000005
Epoch [22/100] | Loss: 6.4488 (Cls: 6.3931, TAL: 0.2026, Adv: 0.3923, OT-Reg: 0.002769) | Marginal residual: 3.73e-08 | Train Acc: 0.1667 | Val Acc: 0.1154 | Val P/R/F1 (Macro): 0.0474/0.2083/0.0684 | LR: 0.000005
Epoch [23/100] | Loss: 6.4972 (Cls: 6.4847, TAL: -0.0875, Adv: 0.2880, OT-Reg: 0.002772) | Marginal residual: 2.13e-05 | Train Acc: 0.1979 | Val Acc: 0.0769 | Val P/R/F1 (Macro): 0.0128/0.1667/0.0238 | LR: 0.000003
Epoch [24/100] | Loss: 6.5694 (Cls: 6.5357, TAL: 0.0480, Adv: 0.3489, OT-Reg: 0.002765) | Marginal residual: 1.89e-04 | Train Acc: 0.1875 | Val Acc: 0.0385 | Val P/R/F1 (Macro): 0.0139/0.0833/0.0238 | LR: 0.000003
Epoch [25/100] | Loss: 6.4614 (Cls: 6.4682, TAL: -0.2468, Adv: 0.2857, OT-Reg: 0.002772) | Marginal residual: 2.71e-04 | Train Acc: 0.1458 | Val Acc: 0.1923 | Val P/R/F1 (Macro): 0.2944/0.3667/0.2192 | LR: 0.000003
Epoch [26/100] | Loss: 6.5643 (Cls: 6.5035, TAL: 0.2786, Adv: 0.3415, OT-Reg: 0.002768) | Marginal residual: 2.41e-05 | Train Acc: 0.1458 | Val Acc: 0.0000 | Val P/R/F1 (Macro): 0.0000/0.0000/0.0000 | LR: 0.000003
Epoch [27/100] | Loss: 6.4452 (Cls: 6.4412, TAL: -0.1652, Adv: 0.2989, OT-Reg: 0.002763) | Marginal residual: 8.19e-05 | Train Acc: 0.1250 | Val Acc: 0.3077 | Val P/R/F1 (Macro): 0.1091/0.2667/0.1542 | LR: 0.000003
Epoch [28/100] | Loss: 6.3509 (Cls: 6.3612, TAL: -0.2584, Adv: 0.2592, OT-Reg: 0.002681) | Marginal residual: 8.62e-05 | Train Acc: 0.2500 | Val Acc: 0.2692 | Val P/R/F1 (Macro): 0.1468/0.2417/0.1806 | LR: 0.000003
Epoch [29/100] | Loss: 6.5393 (Cls: 6.5018, TAL: 0.1161, Adv: 0.2948, OT-Reg: 0.002736) | Marginal residual: 1.15e-05 | Train Acc: 0.1979 | Val Acc: 0.2308 | Val P/R/F1 (Macro): 0.0907/0.2083/0.1174 | LR: 0.000003
Epoch [30/100] | Loss: 6.2786 (Cls: 6.1844, TAL: 0.5317, Adv: 0.3795, OT-Reg: 0.002790) | Marginal residual: 5.14e-06 | Train Acc: 0.2188 | Val Acc: 0.2308 | Val P/R/F1 (Macro): 0.0795/0.2000/0.0988 | LR: 0.000003
Epoch [31/100] | Loss: 6.2999 (Cls: 6.2903, TAL: -0.1489, Adv: 0.3436, OT-Reg: 0.002764) | Marginal residual: 3.13e-04 | Train Acc: 0.1979 | Val Acc: 0.2692 | Val P/R/F1 (Macro): 0.1550/0.2083/0.1301 | LR: 0.000003
Epoch [32/100] | Loss: 6.4607 (Cls: 6.4776, TAL: -0.3275, Adv: 0.2799, OT-Reg: 0.002729) | Marginal residual: 3.69e-04 | Train Acc: 0.1354 | Val Acc: 0.2692 | Val P/R/F1 (Macro): 0.1698/0.2583/0.1881 | LR: 0.000003
Epoch [33/100] | Loss: 6.1338 (Cls: 6.1627, TAL: -0.4530, Adv: 0.3179, OT-Reg: 0.002743) | Marginal residual: 6.98e-04 | Train Acc: 0.2188 | Val Acc: 0.0385 | Val P/R/F1 (Macro): 0.0098/0.0833/0.0175 | LR: 0.000003
Epoch [34/100] | Loss: 6.1225 (Cls: 6.1638, TAL: -0.5594, Adv: 0.3226, OT-Reg: 0.002701) | Marginal residual: 6.85e-05 | Train Acc: 0.1979 | Val Acc: 0.2692 | Val P/R/F1 (Macro): 0.2863/0.2208/0.1713 | LR: 0.000001
Epoch [35/100] | Loss: 6.2129 (Cls: 6.2501, TAL: -0.5154, Adv: 0.3083, OT-Reg: 0.002678) | Marginal residual: 6.10e-04 | Train Acc: 0.3021 | Val Acc: 0.2308 | Val P/R/F1 (Macro): 0.0854/0.2000/0.1127 | LR: 0.000001
Epoch [36/100] | Loss: 6.2501 (Cls: 6.2957, TAL: -0.5688, Adv: 0.2821, OT-Reg: 0.002721) | Marginal residual: 4.22e-04 | Train Acc: 0.1979 | Val Acc: 0.2692 | Val P/R/F1 (Macro): 0.1222/0.2333/0.1500 | LR: 0.000001
Epoch [37/100] | Loss: 6.1759 (Cls: 6.2174, TAL: -0.5614, Adv: 0.3236, OT-Reg: 0.002674) | Marginal residual: 3.49e-04 | Train Acc: 0.2188 | Val Acc: 0.2692 | Val P/R/F1 (Macro): 0.3258/0.2708/0.2486 | LR: 0.000001
Epoch [38/100] | Loss: 6.3516 (Cls: 6.3309, TAL: -0.0673, Adv: 0.3592, OT-Reg: 0.002744) | Marginal residual: 4.29e-04 | Train Acc: 0.2083 | Val Acc: 0.3077 | Val P/R/F1 (Macro): 0.2189/0.2750/0.2315 | LR: 0.000001
Epoch [39/100] | Loss: 6.4014 (Cls: 6.3015, TAL: 0.5889, Adv: 0.3661, OT-Reg: 0.002808) | Marginal residual: 5.09e-08 | Train Acc: 0.1979 | Val Acc: 0.1923 | Val P/R/F1 (Macro): 0.1500/0.1667/0.1576 | LR: 0.000001
Epoch [40/100] | Loss: 6.2997 (Cls: 6.1988, TAL: 0.5180, Adv: 0.4830, OT-Reg: 0.002744) | Marginal residual: 4.78e-08 | Train Acc: 0.2500 | Val Acc: 0.4615 | Val P/R/F1 (Macro): 0.3569/0.4083/0.3486 | LR: 0.000001
  >>> New Best Val Acc: 0.4615
Epoch [41/100] | Loss: 6.3610 (Cls: 6.2496, TAL: 0.5889, Adv: 0.5098, OT-Reg: 0.002764) | Marginal residual: 5.09e-08 | Train Acc: 0.2396 | Val Acc: 0.2308 | Val P/R/F1 (Macro): 0.1217/0.2000/0.1508 | LR: 0.000001
Epoch [42/100] | Loss: 6.2611 (Cls: 6.1604, TAL: 0.5050, Adv: 0.5019, OT-Reg: 0.002707) | Marginal residual: 4.06e-07 | Train Acc: 0.1667 | Val Acc: 0.3462 | Val P/R/F1 (Macro): 0.1391/0.2500/0.1583 | LR: 0.000001
Epoch [43/100] | Loss: 6.1318 (Cls: 6.0712, TAL: 0.1516, Adv: 0.5293, OT-Reg: 0.002758) | Marginal residual: 1.76e-04 | Train Acc: 0.2396 | Val Acc: 0.2308 | Val P/R/F1 (Macro): 0.2519/0.3000/0.1952 | LR: 0.000001
Epoch [44/100] | Loss: 6.1569 (Cls: 6.0350, TAL: 0.6175, Adv: 0.5971, OT-Reg: 0.002783) | Marginal residual: 6.71e-08 | Train Acc: 0.1979 | Val Acc: 0.2308 | Val P/R/F1 (Macro): 0.1174/0.2083/0.1458 | LR: 0.000001
Epoch [45/100] | Loss: 6.2219 (Cls: 6.1117, TAL: 0.5364, Adv: 0.5728, OT-Reg: 0.002803) | Marginal residual: 1.78e-07 | Train Acc: 0.1458 | Val Acc: 0.3462 | Val P/R/F1 (Macro): 0.1415/0.2500/0.1614 | LR: 0.000001
Epoch [46/100] | Loss: 5.9547 (Cls: 5.9835, TAL: -0.4967, Adv: 0.3851, OT-Reg: 0.002690) | Marginal residual: 3.21e-04 | Train Acc: 0.2396 | Val Acc: 0.3462 | Val P/R/F1 (Macro): 0.1601/0.2500/0.1710 | LR: 0.000001
Epoch [47/100] | Loss: 6.0254 (Cls: 6.0541, TAL: -0.5595, Adv: 0.4800, OT-Reg: 0.002660) | Marginal residual: 6.06e-04 | Train Acc: 0.2917 | Val Acc: 0.2308 | Val P/R/F1 (Macro): 0.0907/0.2000/0.1128 | LR: 0.000001
Epoch [48/100] | Loss: 6.1555 (Cls: 6.1948, TAL: -0.6479, Adv: 0.4801, OT-Reg: 0.002636) | Marginal residual: 9.35e-04 | Train Acc: 0.1875 | Val Acc: 0.3846 | Val P/R/F1 (Macro): 0.2222/0.3333/0.2500 | LR: 0.000001
Epoch [49/100] | Loss: 5.8668 (Cls: 5.9199, TAL: -0.6730, Adv: 0.3455, OT-Reg: 0.002689) | Marginal residual: 7.51e-04 | Train Acc: 0.3229 | Val Acc: 0.2692 | Val P/R/F1 (Macro): 0.1389/0.2083/0.1587 | LR: 0.000001
Epoch [50/100] | Loss: 6.0828 (Cls: 6.1225, TAL: -0.5646, Adv: 0.3503, OT-Reg: 0.002713) | Marginal residual: 9.23e-04 | Train Acc: 0.2917 | Val Acc: 0.2692 | Val P/R/F1 (Macro): 0.1250/0.3333/0.1652 | LR: 0.000001
Epoch [51/100] | Loss: 6.1453 (Cls: 6.1679, TAL: -0.4125, Adv: 0.3356, OT-Reg: 0.002675) | Marginal residual: 7.16e-04 | Train Acc: 0.1875 | Val Acc: 0.3462 | Val P/R/F1 (Macro): 0.2068/0.3500/0.2460 | LR: 0.000001
Epoch [52/100] | Loss: 5.7850 (Cls: 5.7839, TAL: -0.2609, Adv: 0.4051, OT-Reg: 0.002680) | Marginal residual: 5.28e-04 | Train Acc: 0.2604 | Val Acc: 0.2308 | Val P/R/F1 (Macro): 0.0889/0.3000/0.1340 | LR: 0.000001
Epoch [53/100] | Loss: 5.9519 (Cls: 5.8973, TAL: 0.1848, Adv: 0.4054, OT-Reg: 0.002739) | Marginal residual: 1.89e-04 | Train Acc: 0.2188 | Val Acc: 0.2692 | Val P/R/F1 (Macro): 0.2522/0.2833/0.2176 | LR: 0.000001
Epoch [54/100] | Loss: 5.8512 (Cls: 5.8896, TAL: -0.5161, Adv: 0.2943, OT-Reg: 0.002684) | Marginal residual: 8.45e-04 | Train Acc: 0.2500 | Val Acc: 0.3077 | Val P/R/F1 (Macro): 0.1181/0.2292/0.1458 | LR: 0.000001
Epoch [55/100] | Loss: 5.8038 (Cls: 5.8089, TAL: -0.2891, Adv: 0.3696, OT-Reg: 0.002675) | Marginal residual: 3.11e-04 | Train Acc: 0.2396 | Val Acc: 0.2308 | Val P/R/F1 (Macro): 0.0747/0.3333/0.1215 | LR: 0.000001
Epoch [56/100] | Loss: 6.0226 (Cls: 5.9640, TAL: 0.1294, Adv: 0.5383, OT-Reg: 0.002716) | Marginal residual: 2.13e-04 | Train Acc: 0.2708 | Val Acc: 0.2308 | Val P/R/F1 (Macro): 0.0824/0.2000/0.1091 | LR: 0.000001
Epoch [57/100] | Loss: 5.7642 (Cls: 5.8033, TAL: -0.5740, Adv: 0.3726, OT-Reg: 0.002626) | Marginal residual: 9.63e-04 | Train Acc: 0.2083 | Val Acc: 0.2692 | Val P/R/F1 (Macro): 0.1197/0.2833/0.1646 | LR: 0.000001
Epoch [58/100] | Loss: 5.7889 (Cls: 5.8214, TAL: -0.4728, Adv: 0.3034, OT-Reg: 0.002617) | Marginal residual: 4.61e-04 | Train Acc: 0.3021 | Val Acc: 0.2692 | Val P/R/F1 (Macro): 0.1306/0.2833/0.1722 | LR: 0.000001
Epoch [59/100] | Loss: 5.8699 (Cls: 5.9063, TAL: -0.4848, Adv: 0.2725, OT-Reg: 0.002649) | Marginal residual: 3.87e-04 | Train Acc: 0.2604 | Val Acc: 0.3077 | Val P/R/F1 (Macro): 0.1500/0.2833/0.1877 | LR: 0.000001
Epoch [60/100] | Loss: 5.8168 (Cls: 5.8603, TAL: -0.5676, Adv: 0.3073, OT-Reg: 0.002566) | Marginal residual: 1.13e-03 | Train Acc: 0.2604 | Val Acc: 0.3462 | Val P/R/F1 (Macro): 0.1207/0.3000/0.1721 | LR: 0.000001
Epoch [61/100] | Loss: 5.8850 (Cls: 5.9103, TAL: -0.4482, Adv: 0.3570, OT-Reg: 0.002647) | Marginal residual: 9.70e-04 | Train Acc: 0.2500 | Val Acc: 0.3846 | Val P/R/F1 (Macro): 0.3722/0.3167/0.2722 | LR: 0.000001
Epoch [62/100] | Loss: 5.6534 (Cls: 5.7097, TAL: -0.6548, Adv: 0.2792, OT-Reg: 0.002627) | Marginal residual: 7.07e-04 | Train Acc: 0.3646 | Val Acc: 0.2692 | Val P/R/F1 (Macro): 0.1667/0.2500/0.1786 | LR: 0.000001
Epoch [63/100] | Loss: 5.9159 (Cls: 5.9730, TAL: -0.6644, Adv: 0.2821, OT-Reg: 0.002647) | Marginal residual: 5.02e-04 | Train Acc: 0.2708 | Val Acc: 0.2308 | Val P/R/F1 (Macro): 0.2222/0.2083/0.1500 | LR: 0.000001
Epoch [64/100] | Loss: 5.7002 (Cls: 5.7525, TAL: -0.6260, Adv: 0.2854, OT-Reg: 0.002683) | Marginal residual: 8.97e-04 | Train Acc: 0.2396 | Val Acc: 0.2692 | Val P/R/F1 (Macro): 0.1308/0.2833/0.1735 | LR: 0.000001
Epoch [65/100] | Loss: 5.7901 (Cls: 5.8386, TAL: -0.5906, Adv: 0.2795, OT-Reg: 0.002588) | Marginal residual: 4.26e-04 | Train Acc: 0.2812 | Val Acc: 0.3077 | Val P/R/F1 (Macro): 0.1730/0.3167/0.2203 | LR: 0.000001
Epoch [66/100] | Loss: 5.7756 (Cls: 5.8152, TAL: -0.5989, Adv: 0.4025, OT-Reg: 0.002644) | Marginal residual: 6.44e-04 | Train Acc: 0.2500 | Val Acc: 0.3462 | Val P/R/F1 (Macro): 0.2472/0.3667/0.2742 | LR: 0.000001
Epoch [67/100] | Loss: 5.6927 (Cls: 5.7391, TAL: -0.6268, Adv: 0.3603, OT-Reg: 0.002720) | Marginal residual: 5.82e-04 | Train Acc: 0.2812 | Val Acc: 0.3462 | Val P/R/F1 (Macro): 0.1964/0.3750/0.2556 | LR: 0.000001
Epoch [68/100] | Loss: 5.9337 (Cls: 5.9805, TAL: -0.6184, Adv: 0.3427, OT-Reg: 0.002613) | Marginal residual: 3.60e-04 | Train Acc: 0.2812 | Val Acc: 0.2308 | Val P/R/F1 (Macro): 0.2157/0.2000/0.1313 | LR: 0.000001
Epoch [69/100] | Loss: 5.7885 (Cls: 5.8350, TAL: -0.6188, Adv: 0.3472, OT-Reg: 0.002663) | Marginal residual: 6.08e-04 | Train Acc: 0.3750 | Val Acc: 0.2692 | Val P/R/F1 (Macro): 0.1151/0.2833/0.1597 | LR: 0.000001
Epoch [70/100] | Loss: 5.8131 (Cls: 5.8759, TAL: -0.6674, Adv: 0.2162, OT-Reg: 0.002592) | Marginal residual: 1.22e-03 | Train Acc: 0.2292 | Val Acc: 0.3462 | Val P/R/F1 (Macro): 0.2091/0.3000/0.2375 | LR: 0.000001
Epoch [71/100] | Loss: 5.7545 (Cls: 5.8130, TAL: -0.6672, Adv: 0.2689, OT-Reg: 0.002663) | Marginal residual: 1.23e-04 | Train Acc: 0.3229 | Val Acc: 0.2692 | Val P/R/F1 (Macro): 0.1250/0.2083/0.1222 | LR: 0.000001
Epoch [72/100] | Loss: 5.5620 (Cls: 5.6091, TAL: -0.6467, Adv: 0.3823, OT-Reg: 0.002641) | Marginal residual: 4.44e-04 | Train Acc: 0.2812 | Val Acc: 0.3462 | Val P/R/F1 (Macro): 0.2937/0.3500/0.2778 | LR: 0.000001
Epoch [73/100] | Loss: 5.7587 (Cls: 5.7924, TAL: -0.5565, Adv: 0.4134, OT-Reg: 0.002673) | Marginal residual: 5.13e-04 | Train Acc: 0.2396 | Val Acc: 0.3077 | Val P/R/F1 (Macro): 0.1595/0.3167/0.2020 | LR: 0.000001
Epoch [74/100] | Loss: 5.8653 (Cls: 5.8972, TAL: -0.4953, Adv: 0.3448, OT-Reg: 0.002644) | Marginal residual: 7.11e-04 | Train Acc: 0.3958 | Val Acc: 0.1923 | Val P/R/F1 (Macro): 0.0595/0.1667/0.0877 | LR: 0.000001
Epoch [75/100] | Loss: 5.5375 (Cls: 5.5782, TAL: -0.6796, Adv: 0.5114, OT-Reg: 0.002682) | Marginal residual: 7.47e-04 | Train Acc: 0.3021 | Val Acc: 0.2308 | Val P/R/F1 (Macro): 0.0972/0.2000/0.1283 | LR: 0.000001
Epoch [76/100] | Loss: 5.7253 (Cls: 5.7704, TAL: -0.6612, Adv: 0.4276, OT-Reg: 0.002669) | Marginal residual: 8.06e-04 | Train Acc: 0.2708 | Val Acc: 0.1923 | Val P/R/F1 (Macro): 0.0521/0.1667/0.0794 | LR: 0.000001
Epoch [77/100] | Loss: 5.7317 (Cls: 5.7735, TAL: -0.6174, Adv: 0.4025, OT-Reg: 0.002678) | Marginal residual: 8.62e-04 | Train Acc: 0.2812 | Val Acc: 0.2308 | Val P/R/F1 (Macro): 0.0750/0.2000/0.1000 | LR: 0.000001
Epoch [78/100] | Loss: 5.7761 (Cls: 5.8173, TAL: -0.6003, Adv: 0.3855, OT-Reg: 0.002698) | Marginal residual: 6.66e-04 | Train Acc: 0.2500 | Val Acc: 0.2308 | Val P/R/F1 (Macro): 0.1324/0.2000/0.1234 | LR: 0.000001
Epoch [79/100] | Loss: 5.8508 (Cls: 5.8901, TAL: -0.5736, Adv: 0.3695, OT-Reg: 0.002620) | Marginal residual: 9.00e-04 | Train Acc: 0.3438 | Val Acc: 0.1923 | Val P/R/F1 (Macro): 0.0521/0.1667/0.0794 | LR: 0.000001
Epoch [80/100] | Loss: 5.6333 (Cls: 5.6818, TAL: -0.6489, Adv: 0.3677, OT-Reg: 0.002642) | Marginal residual: 6.83e-04 | Train Acc: 0.3750 | Val Acc: 0.2692 | Val P/R/F1 (Macro): 0.0938/0.2333/0.1306 | LR: 0.000001
Epoch [81/100] | Loss: 5.6303 (Cls: 5.6685, TAL: -0.6502, Adv: 0.4978, OT-Reg: 0.002726) | Marginal residual: 1.09e-03 | Train Acc: 0.2604 | Val Acc: 0.1923 | Val P/R/F1 (Macro): 0.0439/0.1667/0.0694 | LR: 0.000001
Epoch [82/100] | Loss: 5.8898 (Cls: 5.9173, TAL: -0.5262, Adv: 0.4450, OT-Reg: 0.002661) | Marginal residual: 2.02e-04 | Train Acc: 0.3229 | Val Acc: 0.2308 | Val P/R/F1 (Macro): 0.1076/0.1875/0.1097 | LR: 0.000001
Epoch [83/100] | Loss: 5.7306 (Cls: 5.7744, TAL: -0.6291, Adv: 0.3964, OT-Reg: 0.002643) | Marginal residual: 8.19e-04 | Train Acc: 0.2812 | Val Acc: 0.2692 | Val P/R/F1 (Macro): 0.2130/0.2333/0.1677 | LR: 0.000001
Epoch [84/100] | Loss: 5.9453 (Cls: 5.9920, TAL: -0.6531, Adv: 0.3958, OT-Reg: 0.002590) | Marginal residual: 9.82e-04 | Train Acc: 0.2500 | Val Acc: 0.1923 | Val P/R/F1 (Macro): 0.0556/0.1667/0.0833 | LR: 0.000001
Epoch [85/100] | Loss: 5.5579 (Cls: 5.5986, TAL: -0.6473, Adv: 0.4621, OT-Reg: 0.002569) | Marginal residual: 1.03e-03 | Train Acc: 0.3229 | Val Acc: 0.2692 | Val P/R/F1 (Macro): 0.1111/0.2333/0.1439 | LR: 0.000001
Epoch [86/100] | Loss: 5.7435 (Cls: 5.7820, TAL: -0.6200, Adv: 0.4489, OT-Reg: 0.002638) | Marginal residual: 6.26e-04 | Train Acc: 0.1771 | Val Acc: 0.1923 | Val P/R/F1 (Macro): 0.0556/0.1667/0.0833 | LR: 0.000001
Epoch [87/100] | Loss: 5.4886 (Cls: 5.5312, TAL: -0.6484, Adv: 0.4407, OT-Reg: 0.002636) | Marginal residual: 4.96e-04 | Train Acc: 0.3958 | Val Acc: 0.4615 | Val P/R/F1 (Macro): 0.3889/0.4625/0.3941 | LR: 0.000001
Epoch [88/100] | Loss: 5.7811 (Cls: 5.8227, TAL: -0.6806, Adv: 0.5009, OT-Reg: 0.002668) | Marginal residual: 5.85e-04 | Train Acc: 0.2292 | Val Acc: 0.3846 | Val P/R/F1 (Macro): 0.5238/0.3792/0.3303 | LR: 0.000001
Epoch [89/100] | Loss: 5.6658 (Cls: 5.7024, TAL: -0.6379, Adv: 0.4993, OT-Reg: 0.002640) | Marginal residual: 7.50e-04 | Train Acc: 0.3229 | Val Acc: 0.2308 | Val P/R/F1 (Macro): 0.0929/0.2000/0.1211 | LR: 0.000001
Epoch [90/100] | Loss: 5.6033 (Cls: 5.6370, TAL: -0.6333, Adv: 0.5290, OT-Reg: 0.002615) | Marginal residual: 7.47e-04 | Train Acc: 0.2292 | Val Acc: 0.2308 | Val P/R/F1 (Macro): 0.1012/0.1875/0.1155 | LR: 0.000001
Epoch [91/100] | Loss: 5.7403 (Cls: 5.7618, TAL: -0.5319, Adv: 0.5287, OT-Reg: 0.002591) | Marginal residual: 7.29e-04 | Train Acc: 0.2604 | Val Acc: 0.2692 | Val P/R/F1 (Macro): 0.1944/0.2917/0.2092 | LR: 0.000001
Epoch [92/100] | Loss: 5.6458 (Cls: 5.6809, TAL: -0.6776, Adv: 0.5774, OT-Reg: 0.002615) | Marginal residual: 4.32e-04 | Train Acc: 0.2812 | Val Acc: 0.2692 | Val P/R/F1 (Macro): 0.1076/0.2333/0.1400 | LR: 0.000001
Epoch [93/100] | Loss: 5.5045 (Cls: 5.5454, TAL: -0.6720, Adv: 0.4968, OT-Reg: 0.002699) | Marginal residual: 7.74e-04 | Train Acc: 0.3333 | Val Acc: 0.2308 | Val P/R/F1 (Macro): 0.0854/0.2000/0.1127 | LR: 0.000001
Epoch [94/100] | Loss: 5.5911 (Cls: 5.6099, TAL: -0.5712, Adv: 0.6216, OT-Reg: 0.002618) | Marginal residual: 1.01e-03 | Train Acc: 0.3125 | Val Acc: 0.2308 | Val P/R/F1 (Macro): 0.0972/0.2000/0.1204 | LR: 0.000001
Epoch [95/100] | Loss: 5.7370 (Cls: 5.7552, TAL: -0.5661, Adv: 0.6228, OT-Reg: 0.002694) | Marginal residual: 4.37e-04 | Train Acc: 0.2500 | Val Acc: 0.2692 | Val P/R/F1 (Macro): 0.0972/0.2333/0.1346 | LR: 0.000001
Epoch [96/100] | Loss: 5.6770 (Cls: 5.6962, TAL: -0.5663, Adv: 0.6084, OT-Reg: 0.002676) | Marginal residual: 5.19e-04 | Train Acc: 0.2708 | Val Acc: 0.2692 | Val P/R/F1 (Macro): 0.1508/0.2833/0.1931 | LR: 0.000001
Epoch [97/100] | Loss: 5.7598 (Cls: 5.7870, TAL: -0.6485, Adv: 0.6329, OT-Reg: 0.002671) | Marginal residual: 4.41e-04 | Train Acc: 0.3125 | Val Acc: 0.2308 | Val P/R/F1 (Macro): 0.1012/0.2083/0.1294 | LR: 0.000001
Epoch [98/100] | Loss: 5.6313 (Cls: 5.6637, TAL: -0.6641, Adv: 0.5906, OT-Reg: 0.002694) | Marginal residual: 5.85e-04 | Train Acc: 0.3438 | Val Acc: 0.2692 | Val P/R/F1 (Macro): 0.1313/0.2500/0.1708 | LR: 0.000001
Epoch [99/100] | Loss: 5.7888 (Cls: 5.8058, TAL: -0.5645, Adv: 0.6339, OT-Reg: 0.002590) | Marginal residual: 5.57e-04 | Train Acc: 0.2708 | Val Acc: 0.1923 | Val P/R/F1 (Macro): 0.0490/0.1667/0.0758 | LR: 0.000001
Epoch [100/100] | Loss: 5.6569 (Cls: 5.6868, TAL: -0.6630, Adv: 0.6211, OT-Reg: 0.002637) | Marginal residual: 6.99e-04 | Train Acc: 0.3021 | Val Acc: 0.2308 | Val P/R/F1 (Macro): 0.0764/0.1875/0.1042 | LR: 0.000001
Report strategy: last_window, window=10, reported_acc=0.2462, best_acc=0.4615

迭代 2 报告指标:
  Accuracy: 0.2462
  Precision (Macro): 0.1091
  Recall (Macro): 0.2254
  F1 (Macro): 0.1390
  Precision (Micro): 0.2462
  Recall (Micro): 0.2462
  F1 (Micro): 0.2462
  Val class coverage: 6/14 (0.4286), samples=26

================================================================================
迭代 3/5
随机种子: 44
================================================================================
Training mode: full target-label supervision (class-paired batches).
Feature fusion: Tensor alignment (512+512 -> 128+128); fused_dim=256
Domain adaptation: Neural OT generator with 3-domain discriminator
Loss weights: tensor=0.12, adv=0.08
Transport: mode=sinkhorn, epsilon=0.1, Sinkhorn iterations=50, correction scale=0.1, correction regularization weight=0.001
Tensor projection update: alternating SVD, max_sweeps=3, relative singular-value tolerance=0.0001
Epoch [1/100] | Loss: 8.5448 (Cls: 8.5176, TAL: 0.0692, Adv: 0.2359, OT-Reg: 0.001233) | Marginal residual: 3.28e-07 | Train Acc: 0.0833 | Val Acc: 0.0769 | Val P/R/F1 (Macro): 0.0278/0.0667/0.0392 | LR: 0.000005
  >>> New Best Val Acc: 0.0769
Epoch [2/100] | Loss: 7.6891 (Cls: 7.6806, TAL: -0.0746, Adv: 0.2184, OT-Reg: 0.001287) | Marginal residual: 8.20e-05 | Train Acc: 0.1562 | Val Acc: 0.0769 | Val P/R/F1 (Macro): 0.0319/0.1167/0.0452 | LR: 0.000005
Epoch [3/100] | Loss: 7.3385 (Cls: 7.3097, TAL: 0.0965, Adv: 0.2146, OT-Reg: 0.001247) | Marginal residual: 5.33e-07 | Train Acc: 0.1562 | Val Acc: 0.1538 | Val P/R/F1 (Macro): 0.1061/0.1333/0.0847 | LR: 0.000005
  >>> New Best Val Acc: 0.1538
Epoch [4/100] | Loss: 6.9226 (Cls: 6.8998, TAL: 0.0580, Adv: 0.1972, OT-Reg: 0.001176) | Marginal residual: 1.55e-04 | Train Acc: 0.1771 | Val Acc: 0.3077 | Val P/R/F1 (Macro): 0.2023/0.2667/0.2091 | LR: 0.000005
  >>> New Best Val Acc: 0.3077
Epoch [5/100] | Loss: 6.7603 (Cls: 6.7504, TAL: -0.0474, Adv: 0.1958, OT-Reg: 0.001182) | Marginal residual: 2.93e-04 | Train Acc: 0.1979 | Val Acc: 0.0769 | Val P/R/F1 (Macro): 0.0128/0.1667/0.0238 | LR: 0.000005
Epoch [6/100] | Loss: 6.7620 (Cls: 6.7833, TAL: -0.3003, Adv: 0.1845, OT-Reg: 0.001088) | Marginal residual: 3.69e-04 | Train Acc: 0.2396 | Val Acc: 0.1923 | Val P/R/F1 (Macro): 0.0810/0.2667/0.1103 | LR: 0.000005
Epoch [7/100] | Loss: 6.9475 (Cls: 6.9277, TAL: 0.0402, Adv: 0.1875, OT-Reg: 0.001184) | Marginal residual: 1.86e-04 | Train Acc: 0.1250 | Val Acc: 0.1538 | Val P/R/F1 (Macro): 0.0536/0.1833/0.0797 | LR: 0.000005
Epoch [8/100] | Loss: 6.9262 (Cls: 6.9123, TAL: -0.0069, Adv: 0.1839, OT-Reg: 0.001209) | Marginal residual: 6.96e-05 | Train Acc: 0.1354 | Val Acc: 0.3462 | Val P/R/F1 (Macro): 0.1162/0.2000/0.1306 | LR: 0.000005
  >>> New Best Val Acc: 0.3462
Epoch [9/100] | Loss: 6.6423 (Cls: 6.5741, TAL: 0.4547, Adv: 0.1698, OT-Reg: 0.001251) | Marginal residual: 7.64e-08 | Train Acc: 0.2083 | Val Acc: 0.1154 | Val P/R/F1 (Macro): 0.0516/0.0875/0.0614 | LR: 0.000005
Epoch [10/100] | Loss: 6.6283 (Cls: 6.6395, TAL: -0.1878, Adv: 0.1414, OT-Reg: 0.001213) | Marginal residual: 4.45e-05 | Train Acc: 0.2812 | Val Acc: 0.3462 | Val P/R/F1 (Macro): 0.1370/0.2375/0.1647 | LR: 0.000005
Epoch [11/100] | Loss: 6.5341 (Cls: 6.5469, TAL: -0.2260, Adv: 0.1797, OT-Reg: 0.001163) | Marginal residual: 1.92e-04 | Train Acc: 0.1979 | Val Acc: 0.1154 | Val P/R/F1 (Macro): 0.0438/0.2000/0.0714 | LR: 0.000005
Epoch [12/100] | Loss: 6.6204 (Cls: 6.5522, TAL: 0.4653, Adv: 0.1554, OT-Reg: 0.001246) | Marginal residual: 5.22e-08 | Train Acc: 0.1771 | Val Acc: 0.1538 | Val P/R/F1 (Macro): 0.0290/0.1333/0.0476 | LR: 0.000005
Epoch [13/100] | Loss: 6.3730 (Cls: 6.2995, TAL: 0.4987, Adv: 0.1709, OT-Reg: 0.001182) | Marginal residual: 4.47e-08 | Train Acc: 0.3229 | Val Acc: 0.1538 | Val P/R/F1 (Macro): 0.0825/0.2333/0.0957 | LR: 0.000005
Epoch [14/100] | Loss: 6.3857 (Cls: 6.3042, TAL: 0.5556, Adv: 0.1856, OT-Reg: 0.001231) | Marginal residual: 5.71e-08 | Train Acc: 0.2708 | Val Acc: 0.3077 | Val P/R/F1 (Macro): 0.0556/0.1667/0.0833 | LR: 0.000005
Epoch [15/100] | Loss: 6.5583 (Cls: 6.5186, TAL: 0.2017, Adv: 0.1930, OT-Reg: 0.001205) | Marginal residual: 3.61e-04 | Train Acc: 0.1979 | Val Acc: 0.3462 | Val P/R/F1 (Macro): 0.1726/0.2750/0.2083 | LR: 0.000005
Epoch [16/100] | Loss: 6.2998 (Cls: 6.2265, TAL: 0.4648, Adv: 0.2194, OT-Reg: 0.001295) | Marginal residual: 6.83e-08 | Train Acc: 0.1875 | Val Acc: 0.1154 | Val P/R/F1 (Macro): 0.0417/0.1000/0.0588 | LR: 0.000005
Epoch [17/100] | Loss: 6.4616 (Cls: 6.3892, TAL: 0.4682, Adv: 0.2035, OT-Reg: 0.001252) | Marginal residual: 8.82e-08 | Train Acc: 0.2292 | Val Acc: 0.2692 | Val P/R/F1 (Macro): 0.0833/0.1583/0.1048 | LR: 0.000005
Epoch [18/100] | Loss: 6.0433 (Cls: 6.0692, TAL: -0.3338, Adv: 0.1768, OT-Reg: 0.001155) | Marginal residual: 9.67e-04 | Train Acc: 0.2812 | Val Acc: 0.1923 | Val P/R/F1 (Macro): 0.0774/0.1833/0.1082 | LR: 0.000005
Epoch [19/100] | Loss: 6.1326 (Cls: 6.0832, TAL: 0.2662, Adv: 0.2183, OT-Reg: 0.001181) | Marginal residual: 5.22e-08 | Train Acc: 0.3125 | Val Acc: 0.1538 | Val P/R/F1 (Macro): 0.0267/0.1667/0.0460 | LR: 0.000003
Epoch [20/100] | Loss: 6.2777 (Cls: 6.2106, TAL: 0.4080, Adv: 0.2273, OT-Reg: 0.001171) | Marginal residual: 5.71e-08 | Train Acc: 0.3229 | Val Acc: 0.1538 | Val P/R/F1 (Macro): 0.0267/0.1667/0.0460 | LR: 0.000003
Epoch [21/100] | Loss: 6.0479 (Cls: 6.0783, TAL: -0.3752, Adv: 0.1820, OT-Reg: 0.001216) | Marginal residual: 5.53e-04 | Train Acc: 0.2188 | Val Acc: 0.2308 | Val P/R/F1 (Macro): 0.1625/0.2167/0.1704 | LR: 0.000003
Epoch [22/100] | Loss: 6.1151 (Cls: 6.0556, TAL: 0.3066, Adv: 0.2836, OT-Reg: 0.001138) | Marginal residual: 5.90e-08 | Train Acc: 0.2917 | Val Acc: 0.1538 | Val P/R/F1 (Macro): 0.0370/0.1333/0.0580 | LR: 0.000003
Epoch [23/100] | Loss: 5.8509 (Cls: 5.8042, TAL: 0.1684, Adv: 0.3309, OT-Reg: 0.001169) | Marginal residual: 4.15e-06 | Train Acc: 0.2812 | Val Acc: 0.2308 | Val P/R/F1 (Macro): 0.2105/0.1875/0.1065 | LR: 0.000003
Epoch [24/100] | Loss: 6.2299 (Cls: 6.1380, TAL: 0.5283, Adv: 0.3563, OT-Reg: 0.001169) | Marginal residual: 5.15e-08 | Train Acc: 0.3438 | Val Acc: 0.3077 | Val P/R/F1 (Macro): 0.1046/0.2292/0.1346 | LR: 0.000003
Epoch [25/100] | Loss: 6.0800 (Cls: 5.9998, TAL: 0.4303, Adv: 0.3570, OT-Reg: 0.001162) | Marginal residual: 5.90e-08 | Train Acc: 0.2812 | Val Acc: 0.3077 | Val P/R/F1 (Macro): 0.0580/0.1667/0.0860 | LR: 0.000003
Epoch [26/100] | Loss: 5.9852 (Cls: 5.9656, TAL: -0.1025, Adv: 0.3982, OT-Reg: 0.001145) | Marginal residual: 2.30e-04 | Train Acc: 0.3021 | Val Acc: 0.3077 | Val P/R/F1 (Macro): 0.0513/0.1667/0.0784 | LR: 0.000003
Epoch [27/100] | Loss: 6.1116 (Cls: 6.0301, TAL: 0.3852, Adv: 0.4418, OT-Reg: 0.001165) | Marginal residual: 6.27e-08 | Train Acc: 0.2083 | Val Acc: 0.1923 | Val P/R/F1 (Macro): 0.0321/0.1667/0.0538 | LR: 0.000003
Epoch [28/100] | Loss: 6.3561 (Cls: 6.3135, TAL: 0.1136, Adv: 0.3617, OT-Reg: 0.001193) | Marginal residual: 3.18e-04 | Train Acc: 0.2083 | Val Acc: 0.1538 | Val P/R/F1 (Macro): 0.1238/0.2708/0.1028 | LR: 0.000003
Epoch [29/100] | Loss: 6.3544 (Cls: 6.2946, TAL: 0.2602, Adv: 0.3570, OT-Reg: 0.001241) | Marginal residual: 2.50e-06 | Train Acc: 0.2396 | Val Acc: 0.3077 | Val P/R/F1 (Macro): 0.1689/0.2292/0.1528 | LR: 0.000003
Epoch [30/100] | Loss: 5.8784 (Cls: 5.8205, TAL: 0.2263, Adv: 0.3842, OT-Reg: 0.001233) | Marginal residual: 4.07e-05 | Train Acc: 0.3021 | Val Acc: 0.1538 | Val P/R/F1 (Macro): 0.0278/0.1333/0.0460 | LR: 0.000001
Epoch [31/100] | Loss: 5.8383 (Cls: 5.7158, TAL: 0.7714, Adv: 0.3745, OT-Reg: 0.001295) | Marginal residual: 8.57e-08 | Train Acc: 0.3125 | Val Acc: 0.3077 | Val P/R/F1 (Macro): 0.1481/0.2167/0.1532 | LR: 0.000001
Epoch [32/100] | Loss: 6.0915 (Cls: 5.9796, TAL: 0.6948, Adv: 0.3566, OT-Reg: 0.001258) | Marginal residual: 1.08e-06 | Train Acc: 0.2083 | Val Acc: 0.1154 | Val P/R/F1 (Macro): 0.0500/0.2000/0.0636 | LR: 0.000001
Epoch [33/100] | Loss: 6.3699 (Cls: 6.2559, TAL: 0.6693, Adv: 0.4210, OT-Reg: 0.001283) | Marginal residual: 5.83e-06 | Train Acc: 0.3229 | Val Acc: 0.0769 | Val P/R/F1 (Macro): 0.1042/0.0542/0.0590 | LR: 0.000001
Epoch [34/100] | Loss: 6.0430 (Cls: 5.9528, TAL: 0.5420, Adv: 0.3151, OT-Reg: 0.001270) | Marginal residual: 7.89e-08 | Train Acc: 0.3125 | Val Acc: 0.1154 | Val P/R/F1 (Macro): 0.0475/0.1500/0.0661 | LR: 0.000001
Epoch [35/100] | Loss: 6.0581 (Cls: 5.9645, TAL: 0.5577, Adv: 0.3344, OT-Reg: 0.001210) | Marginal residual: 3.52e-07 | Train Acc: 0.1875 | Val Acc: 0.1154 | Val P/R/F1 (Macro): 0.1937/0.1375/0.0787 | LR: 0.000001
Epoch [36/100] | Loss: 5.9546 (Cls: 5.8874, TAL: 0.2867, Adv: 0.4090, OT-Reg: 0.001220) | Marginal residual: 4.26e-04 | Train Acc: 0.3021 | Val Acc: 0.1923 | Val P/R/F1 (Macro): 0.0667/0.2167/0.1010 | LR: 0.000001
Epoch [37/100] | Loss: 5.6149 (Cls: 5.6392, TAL: -0.4737, Adv: 0.4073, OT-Reg: 0.001204) | Marginal residual: 6.16e-04 | Train Acc: 0.3333 | Val Acc: 0.1154 | Val P/R/F1 (Macro): 0.0992/0.2500/0.1123 | LR: 0.000001
Epoch [38/100] | Loss: 5.6072 (Cls: 5.5894, TAL: -0.2109, Adv: 0.5389, OT-Reg: 0.001183) | Marginal residual: 1.92e-04 | Train Acc: 0.3333 | Val Acc: 0.1923 | Val P/R/F1 (Macro): 0.0758/0.1667/0.1042 | LR: 0.000001
Epoch [39/100] | Loss: 5.9145 (Cls: 5.9310, TAL: -0.3486, Adv: 0.3157, OT-Reg: 0.001204) | Marginal residual: 6.20e-04 | Train Acc: 0.2917 | Val Acc: 0.1923 | Val P/R/F1 (Macro): 0.0333/0.1667/0.0556 | LR: 0.000001
Epoch [40/100] | Loss: 5.7947 (Cls: 5.8160, TAL: -0.4419, Adv: 0.3964, OT-Reg: 0.001185) | Marginal residual: 6.69e-04 | Train Acc: 0.2708 | Val Acc: 0.1538 | Val P/R/F1 (Macro): 0.1333/0.0833/0.1026 | LR: 0.000001
Epoch [41/100] | Loss: 5.6284 (Cls: 5.6402, TAL: -0.4132, Adv: 0.4722, OT-Reg: 0.001202) | Marginal residual: 2.78e-04 | Train Acc: 0.3542 | Val Acc: 0.1923 | Val P/R/F1 (Macro): 0.1424/0.1417/0.1082 | LR: 0.000001
Epoch [42/100] | Loss: 5.9705 (Cls: 5.8786, TAL: 0.3788, Adv: 0.5803, OT-Reg: 0.001276) | Marginal residual: 3.42e-07 | Train Acc: 0.3125 | Val Acc: 0.1923 | Val P/R/F1 (Macro): 0.1564/0.2542/0.1361 | LR: 0.000001
Epoch [43/100] | Loss: 6.1285 (Cls: 6.0108, TAL: 0.5391, Adv: 0.6620, OT-Reg: 0.001252) | Marginal residual: 9.81e-08 | Train Acc: 0.3021 | Val Acc: 0.1154 | Val P/R/F1 (Macro): 0.1800/0.1875/0.0617 | LR: 0.000001
Epoch [44/100] | Loss: 5.7621 (Cls: 5.6245, TAL: 0.7174, Adv: 0.6437, OT-Reg: 0.001268) | Marginal residual: 1.38e-07 | Train Acc: 0.3021 | Val Acc: 0.1538 | Val P/R/F1 (Macro): 0.1812/0.2083/0.0933 | LR: 0.000001
Epoch [45/100] | Loss: 5.9423 (Cls: 5.8496, TAL: 0.3417, Adv: 0.6467, OT-Reg: 0.001237) | Marginal residual: 1.11e-07 | Train Acc: 0.2188 | Val Acc: 0.1923 | Val P/R/F1 (Macro): 0.1405/0.2542/0.1194 | LR: 0.000001
Epoch [46/100] | Loss: 5.9777 (Cls: 5.8636, TAL: 0.5155, Adv: 0.6532, OT-Reg: 0.001308) | Marginal residual: 9.00e-08 | Train Acc: 0.2708 | Val Acc: 0.1154 | Val P/R/F1 (Macro): 0.0700/0.2000/0.0683 | LR: 0.000001
Epoch [47/100] | Loss: 5.7525 (Cls: 5.6105, TAL: 0.6643, Adv: 0.7792, OT-Reg: 0.001260) | Marginal residual: 1.36e-07 | Train Acc: 0.2188 | Val Acc: 0.1154 | Val P/R/F1 (Macro): 0.1800/0.2000/0.0802 | LR: 0.000001
Epoch [48/100] | Loss: 5.7935 (Cls: 5.7015, TAL: 0.2940, Adv: 0.7082, OT-Reg: 0.001235) | Marginal residual: 1.50e-07 | Train Acc: 0.3229 | Val Acc: 0.0769 | Val P/R/F1 (Macro): 0.0128/0.1667/0.0238 | LR: 0.000001
Epoch [49/100] | Loss: 6.0153 (Cls: 5.8935, TAL: 0.5165, Adv: 0.7478, OT-Reg: 0.001275) | Marginal residual: 8.81e-06 | Train Acc: 0.2292 | Val Acc: 0.3077 | Val P/R/F1 (Macro): 0.0533/0.1667/0.0808 | LR: 0.000001
Epoch [50/100] | Loss: 5.7814 (Cls: 5.6948, TAL: 0.2774, Adv: 0.6673, OT-Reg: 0.001258) | Marginal residual: 8.35e-05 | Train Acc: 0.2812 | Val Acc: 0.2308 | Val P/R/F1 (Macro): 0.1090/0.1500/0.1204 | LR: 0.000001
Epoch [51/100] | Loss: 5.7976 (Cls: 5.7981, TAL: -0.3774, Adv: 0.5594, OT-Reg: 0.001129) | Marginal residual: 4.95e-04 | Train Acc: 0.3125 | Val Acc: 0.0769 | Val P/R/F1 (Macro): 0.0944/0.0542/0.0500 | LR: 0.000001
Epoch [52/100] | Loss: 5.7159 (Cls: 5.7335, TAL: -0.5112, Adv: 0.5471, OT-Reg: 0.001147) | Marginal residual: 4.43e-04 | Train Acc: 0.2812 | Val Acc: 0.0769 | Val P/R/F1 (Macro): 0.0301/0.1167/0.0478 | LR: 0.000001
Epoch [53/100] | Loss: 5.5248 (Cls: 5.5579, TAL: -0.6924, Adv: 0.6255, OT-Reg: 0.001141) | Marginal residual: 9.29e-04 | Train Acc: 0.3958 | Val Acc: 0.0769 | Val P/R/F1 (Macro): 0.0133/0.1667/0.0247 | LR: 0.000001
Epoch [54/100] | Loss: 5.8097 (Cls: 5.8266, TAL: -0.5763, Adv: 0.6539, OT-Reg: 0.001150) | Marginal residual: 7.82e-04 | Train Acc: 0.3646 | Val Acc: 0.1923 | Val P/R/F1 (Macro): 0.0770/0.2667/0.1195 | LR: 0.000001
Epoch [55/100] | Loss: 5.7339 (Cls: 5.7743, TAL: -0.6684, Adv: 0.4971, OT-Reg: 0.001124) | Marginal residual: 9.10e-04 | Train Acc: 0.2812 | Val Acc: 0.0769 | Val P/R/F1 (Macro): 0.0159/0.0667/0.0256 | LR: 0.000001
Epoch [56/100] | Loss: 5.6988 (Cls: 5.7239, TAL: -0.6098, Adv: 0.6014, OT-Reg: 0.001135) | Marginal residual: 6.92e-04 | Train Acc: 0.3646 | Val Acc: 0.1154 | Val P/R/F1 (Macro): 0.0423/0.2000/0.0611 | LR: 0.000001
Epoch [57/100] | Loss: 5.5785 (Cls: 5.6095, TAL: -0.6283, Adv: 0.5540, OT-Reg: 0.001216) | Marginal residual: 1.06e-03 | Train Acc: 0.3750 | Val Acc: 0.1538 | Val P/R/F1 (Macro): 0.1210/0.1292/0.1211 | LR: 0.000001
Epoch [58/100] | Loss: 5.8541 (Cls: 5.8794, TAL: -0.5947, Adv: 0.5745, OT-Reg: 0.001159) | Marginal residual: 1.40e-03 | Train Acc: 0.1979 | Val Acc: 0.0769 | Val P/R/F1 (Macro): 0.0256/0.0833/0.0392 | LR: 0.000001
Epoch [59/100] | Loss: 5.7579 (Cls: 5.7665, TAL: -0.5409, Adv: 0.7034, OT-Reg: 0.001155) | Marginal residual: 1.44e-03 | Train Acc: 0.2812 | Val Acc: 0.2308 | Val P/R/F1 (Macro): 0.1278/0.3000/0.1778 | LR: 0.000001
Epoch [60/100] | Loss: 5.5990 (Cls: 5.6207, TAL: -0.6112, Adv: 0.6452, OT-Reg: 0.001197) | Marginal residual: 1.21e-03 | Train Acc: 0.4062 | Val Acc: 0.2308 | Val P/R/F1 (Macro): 0.2000/0.2500/0.1667 | LR: 0.000001
Epoch [61/100] | Loss: 5.7773 (Cls: 5.7839, TAL: -0.4498, Adv: 0.5931, OT-Reg: 0.001169) | Marginal residual: 8.77e-04 | Train Acc: 0.3125 | Val Acc: 0.1923 | Val P/R/F1 (Macro): 0.0347/0.1667/0.0575 | LR: 0.000001
Epoch [62/100] | Loss: 5.6777 (Cls: 5.7142, TAL: -0.6859, Adv: 0.5734, OT-Reg: 0.001198) | Marginal residual: 1.44e-03 | Train Acc: 0.3750 | Val Acc: 0.1538 | Val P/R/F1 (Macro): 0.0290/0.1333/0.0476 | LR: 0.000001
Epoch [63/100] | Loss: 5.8751 (Cls: 5.7773, TAL: 0.2704, Adv: 0.8172, OT-Reg: 0.001276) | Marginal residual: 1.69e-04 | Train Acc: 0.3646 | Val Acc: 0.1538 | Val P/R/F1 (Macro): 0.2917/0.1583/0.1400 | LR: 0.000001
Epoch [64/100] | Loss: 5.9534 (Cls: 5.8182, TAL: 0.5913, Adv: 0.8036, OT-Reg: 0.001320) | Marginal residual: 7.89e-08 | Train Acc: 0.3333 | Val Acc: 0.2692 | Val P/R/F1 (Macro): 0.2712/0.2208/0.1616 | LR: 0.000001
Epoch [65/100] | Loss: 5.7579 (Cls: 5.6067, TAL: 0.6861, Adv: 0.8610, OT-Reg: 0.001286) | Marginal residual: 8.07e-08 | Train Acc: 0.3542 | Val Acc: 0.3077 | Val P/R/F1 (Macro): 0.2685/0.2417/0.1756 | LR: 0.000001
Epoch [66/100] | Loss: 5.8705 (Cls: 5.7681, TAL: 0.3085, Adv: 0.8172, OT-Reg: 0.001278) | Marginal residual: 8.20e-08 | Train Acc: 0.3229 | Val Acc: 0.1923 | Val P/R/F1 (Macro): 0.1151/0.1667/0.0989 | LR: 0.000001
Epoch [67/100] | Loss: 5.7588 (Cls: 5.6136, TAL: 0.6565, Adv: 0.8301, OT-Reg: 0.001284) | Marginal residual: 7.76e-08 | Train Acc: 0.3125 | Val Acc: 0.1538 | Val P/R/F1 (Macro): 0.0722/0.2333/0.0909 | LR: 0.000001
Epoch [68/100] | Loss: 5.8610 (Cls: 5.7099, TAL: 0.6977, Adv: 0.8418, OT-Reg: 0.001299) | Marginal residual: 6.58e-08 | Train Acc: 0.3125 | Val Acc: 0.2308 | Val P/R/F1 (Macro): 0.0952/0.1875/0.0944 | LR: 0.000001
Epoch [69/100] | Loss: 5.8409 (Cls: 5.7044, TAL: 0.5459, Adv: 0.8872, OT-Reg: 0.001219) | Marginal residual: 8.44e-08 | Train Acc: 0.3646 | Val Acc: 0.1923 | Val P/R/F1 (Macro): 0.0521/0.1667/0.0794 | LR: 0.000001
Epoch [70/100] | Loss: 6.0605 (Cls: 5.9272, TAL: 0.5112, Adv: 0.8997, OT-Reg: 0.001220) | Marginal residual: 9.38e-08 | Train Acc: 0.3333 | Val Acc: 0.1154 | Val P/R/F1 (Macro): 0.0921/0.1500/0.0899 | LR: 0.000001
Epoch [71/100] | Loss: 5.6832 (Cls: 5.5429, TAL: 0.5438, Adv: 0.9380, OT-Reg: 0.001266) | Marginal residual: 6.71e-08 | Train Acc: 0.4271 | Val Acc: 0.2308 | Val P/R/F1 (Macro): 0.1151/0.1750/0.1068 | LR: 0.000001
Epoch [72/100] | Loss: 5.9490 (Cls: 5.8384, TAL: 0.2947, Adv: 0.9411, OT-Reg: 0.001319) | Marginal residual: 7.95e-08 | Train Acc: 0.3333 | Val Acc: 0.1923 | Val P/R/F1 (Macro): 0.1167/0.1542/0.0867 | LR: 0.000001
Epoch [73/100] | Loss: 5.9396 (Cls: 5.8479, TAL: 0.1979, Adv: 0.8501, OT-Reg: 0.001300) | Marginal residual: 1.88e-07 | Train Acc: 0.2708 | Val Acc: 0.1154 | Val P/R/F1 (Macro): 0.1184/0.1250/0.0739 | LR: 0.000001
Epoch [74/100] | Loss: 5.9128 (Cls: 5.8079, TAL: 0.2797, Adv: 0.8915, OT-Reg: 0.001215) | Marginal residual: 8.07e-08 | Train Acc: 0.2292 | Val Acc: 0.1923 | Val P/R/F1 (Macro): 0.3627/0.1542/0.1380 | LR: 0.000001
Epoch [75/100] | Loss: 5.9455 (Cls: 5.8088, TAL: 0.5269, Adv: 0.9181, OT-Reg: 0.001202) | Marginal residual: 1.29e-07 | Train Acc: 0.3333 | Val Acc: 0.2308 | Val P/R/F1 (Macro): 0.2273/0.1750/0.1500 | LR: 0.000001
Epoch [76/100] | Loss: 5.9434 (Cls: 5.7819, TAL: 0.6963, Adv: 0.9747, OT-Reg: 0.001248) | Marginal residual: 4.90e-07 | Train Acc: 0.3333 | Val Acc: 0.2692 | Val P/R/F1 (Macro): 0.2513/0.2167/0.1778 | LR: 0.000001
Epoch [77/100] | Loss: 5.7708 (Cls: 5.6130, TAL: 0.6741, Adv: 0.9615, OT-Reg: 0.001285) | Marginal residual: 1.83e-05 | Train Acc: 0.3021 | Val Acc: 0.0769 | Val P/R/F1 (Macro): 0.0208/0.0667/0.0317 | LR: 0.000001
Epoch [78/100] | Loss: 5.6205 (Cls: 5.5855, TAL: -0.1791, Adv: 0.7057, OT-Reg: 0.001182) | Marginal residual: 7.53e-04 | Train Acc: 0.4167 | Val Acc: 0.3462 | Val P/R/F1 (Macro): 0.4101/0.3250/0.2396 | LR: 0.000001
Epoch [79/100] | Loss: 5.6392 (Cls: 5.6422, TAL: -0.4653, Adv: 0.6611, OT-Reg: 0.001164) | Marginal residual: 1.05e-03 | Train Acc: 0.3542 | Val Acc: 0.1154 | Val P/R/F1 (Macro): 0.0639/0.2083/0.0809 | LR: 0.000001
Epoch [80/100] | Loss: 5.4790 (Cls: 5.5031, TAL: -0.6819, Adv: 0.7213, OT-Reg: 0.001161) | Marginal residual: 5.72e-04 | Train Acc: 0.3854 | Val Acc: 0.1154 | Val P/R/F1 (Macro): 0.0385/0.1000/0.0556 | LR: 0.000001
Epoch [81/100] | Loss: 5.9860 (Cls: 5.9535, TAL: -0.3087, Adv: 0.8688, OT-Reg: 0.001174) | Marginal residual: 1.17e-03 | Train Acc: 0.2188 | Val Acc: 0.1923 | Val P/R/F1 (Macro): 0.1825/0.1417/0.1439 | LR: 0.000001
Epoch [82/100] | Loss: 5.7664 (Cls: 5.7524, TAL: -0.4203, Adv: 0.8062, OT-Reg: 0.001183) | Marginal residual: 1.71e-03 | Train Acc: 0.3333 | Val Acc: 0.1923 | Val P/R/F1 (Macro): 0.0960/0.1792/0.1181 | LR: 0.000001
Epoch [83/100] | Loss: 5.7079 (Cls: 5.6804, TAL: -0.2622, Adv: 0.7379, OT-Reg: 0.001232) | Marginal residual: 3.33e-04 | Train Acc: 0.3854 | Val Acc: 0.1538 | Val P/R/F1 (Macro): 0.1278/0.1042/0.1103 | LR: 0.000001
Epoch [84/100] | Loss: 6.1388 (Cls: 6.0405, TAL: 0.3284, Adv: 0.7353, OT-Reg: 0.001153) | Marginal residual: 4.84e-08 | Train Acc: 0.2917 | Val Acc: 0.1538 | Val P/R/F1 (Macro): 0.0317/0.1333/0.0513 | LR: 0.000001
Epoch [85/100] | Loss: 6.0240 (Cls: 5.9221, TAL: 0.3552, Adv: 0.7406, OT-Reg: 0.001129) | Marginal residual: 5.03e-08 | Train Acc: 0.3438 | Val Acc: 0.0769 | Val P/R/F1 (Macro): 0.0509/0.1167/0.0700 | LR: 0.000001
Epoch [86/100] | Loss: 6.1464 (Cls: 6.0150, TAL: 0.5584, Adv: 0.8052, OT-Reg: 0.001135) | Marginal residual: 5.09e-08 | Train Acc: 0.2292 | Val Acc: 0.1154 | Val P/R/F1 (Macro): 0.0463/0.2000/0.0714 | LR: 0.000001
Epoch [87/100] | Loss: 5.9562 (Cls: 5.8535, TAL: 0.3355, Adv: 0.7803, OT-Reg: 0.001121) | Marginal residual: 1.58e-04 | Train Acc: 0.3333 | Val Acc: 0.1154 | Val P/R/F1 (Macro): 0.0778/0.0875/0.0636 | LR: 0.000001
Epoch [88/100] | Loss: 5.6848 (Cls: 5.6887, TAL: -0.5441, Adv: 0.7678, OT-Reg: 0.001173) | Marginal residual: 7.77e-04 | Train Acc: 0.3854 | Val Acc: 0.1923 | Val P/R/F1 (Macro): 0.2143/0.1667/0.1257 | LR: 0.000001
Epoch [89/100] | Loss: 5.7385 (Cls: 5.7135, TAL: -0.3053, Adv: 0.7704, OT-Reg: 0.001150) | Marginal residual: 6.94e-04 | Train Acc: 0.3333 | Val Acc: 0.1154 | Val P/R/F1 (Macro): 0.0429/0.2083/0.0698 | LR: 0.000001
Epoch [90/100] | Loss: 5.8402 (Cls: 5.8146, TAL: -0.2488, Adv: 0.6937, OT-Reg: 0.001168) | Marginal residual: 3.84e-04 | Train Acc: 0.2812 | Val Acc: 0.1923 | Val P/R/F1 (Macro): 0.0362/0.1667/0.0595 | LR: 0.000001
Epoch [91/100] | Loss: 5.6535 (Cls: 5.6859, TAL: -0.7046, Adv: 0.6513, OT-Reg: 0.001174) | Marginal residual: 7.91e-04 | Train Acc: 0.3646 | Val Acc: 0.2308 | Val P/R/F1 (Macro): 0.1444/0.3000/0.1867 | LR: 0.000001
Epoch [92/100] | Loss: 5.6552 (Cls: 5.6183, TAL: -0.2420, Adv: 0.8244, OT-Reg: 0.001199) | Marginal residual: 3.99e-04 | Train Acc: 0.3646 | Val Acc: 0.0385 | Val P/R/F1 (Macro): 0.0152/0.0833/0.0256 | LR: 0.000001
Epoch [93/100] | Loss: 5.6514 (Cls: 5.6606, TAL: -0.5710, Adv: 0.7405, OT-Reg: 0.001180) | Marginal residual: 7.76e-04 | Train Acc: 0.2396 | Val Acc: 0.2308 | Val P/R/F1 (Macro): 0.0812/0.3000/0.1229 | LR: 0.000001
Epoch [94/100] | Loss: 5.3464 (Cls: 5.3229, TAL: -0.3433, Adv: 0.8079, OT-Reg: 0.001179) | Marginal residual: 4.03e-04 | Train Acc: 0.4271 | Val Acc: 0.1538 | Val P/R/F1 (Macro): 0.1875/0.2208/0.1180 | LR: 0.000001
Epoch [95/100] | Loss: 5.8148 (Cls: 5.6586, TAL: 0.6559, Adv: 0.9679, OT-Reg: 0.001221) | Marginal residual: 2.59e-07 | Train Acc: 0.2917 | Val Acc: 0.1154 | Val P/R/F1 (Macro): 0.2003/0.1375/0.0824 | LR: 0.000001
Epoch [96/100] | Loss: 5.9778 (Cls: 5.8690, TAL: 0.2555, Adv: 0.9766, OT-Reg: 0.001254) | Marginal residual: 8.32e-08 | Train Acc: 0.3646 | Val Acc: 0.1538 | Val P/R/F1 (Macro): 0.0351/0.1333/0.0556 | LR: 0.000001
Epoch [97/100] | Loss: 5.8875 (Cls: 5.7356, TAL: 0.6535, Adv: 0.9185, OT-Reg: 0.001294) | Marginal residual: 1.77e-07 | Train Acc: 0.3021 | Val Acc: 0.1923 | Val P/R/F1 (Macro): 0.1389/0.2042/0.1185 | LR: 0.000001
Epoch [98/100] | Loss: 5.8387 (Cls: 5.6854, TAL: 0.6612, Adv: 0.9241, OT-Reg: 0.001266) | Marginal residual: 6.75e-05 | Train Acc: 0.3646 | Val Acc: 0.1154 | Val P/R/F1 (Macro): 0.0294/0.1000/0.0455 | LR: 0.000001
Epoch [99/100] | Loss: 5.8237 (Cls: 5.6960, TAL: 0.4374, Adv: 0.9395, OT-Reg: 0.001256) | Marginal residual: 7.51e-08 | Train Acc: 0.2500 | Val Acc: 0.0769 | Val P/R/F1 (Macro): 0.0175/0.1667/0.0317 | LR: 0.000001
Epoch [100/100] | Loss: 5.8644 (Cls: 5.7537, TAL: 0.3086, Adv: 0.9204, OT-Reg: 0.001333) | Marginal residual: 8.26e-08 | Train Acc: 0.2708 | Val Acc: 0.0769 | Val P/R/F1 (Macro): 0.0938/0.1042/0.0519 | LR: 0.000001
Report strategy: last_window, window=10, reported_acc=0.1385, best_acc=0.3462

迭代 3 报告指标:
  Accuracy: 0.1385
  Precision (Macro): 0.0943
  Recall (Macro): 0.1750
  F1 (Macro): 0.0839
  Precision (Micro): 0.1385
  Recall (Micro): 0.1385
  F1 (Micro): 0.1385
  Val class coverage: 6/14 (0.4286), samples=26

================================================================================
迭代 4/5
随机种子: 45
================================================================================
Training mode: full target-label supervision (class-paired batches).
Feature fusion: Tensor alignment (512+512 -> 128+128); fused_dim=256
Domain adaptation: Neural OT generator with 3-domain discriminator
Loss weights: tensor=0.12, adv=0.08
Transport: mode=sinkhorn, epsilon=0.1, Sinkhorn iterations=50, correction scale=0.1, correction regularization weight=0.001
Tensor projection update: alternating SVD, max_sweeps=3, relative singular-value tolerance=0.0001
Epoch [1/100] | Loss: 8.4112 (Cls: 8.3996, TAL: -0.0691, Adv: 0.2489, OT-Reg: 0.000497) | Marginal residual: 3.29e-08 | Train Acc: 0.1042 | Val Acc: 0.3846 | Val P/R/F1 (Macro): 0.2222/0.2458/0.2055 | LR: 0.000005
  >>> New Best Val Acc: 0.3846
Epoch [2/100] | Loss: 7.6435 (Cls: 7.6420, TAL: -0.1326, Adv: 0.2173, OT-Reg: 0.000587) | Marginal residual: 1.16e-04 | Train Acc: 0.1146 | Val Acc: 0.3462 | Val P/R/F1 (Macro): 0.1782/0.2375/0.1994 | LR: 0.000005
Epoch [3/100] | Loss: 7.2617 (Cls: 7.2476, TAL: -0.0239, Adv: 0.2122, OT-Reg: 0.000452) | Marginal residual: 3.04e-08 | Train Acc: 0.1562 | Val Acc: 0.2692 | Val P/R/F1 (Macro): 0.0486/0.1458/0.0729 | LR: 0.000005
Epoch [4/100] | Loss: 7.3162 (Cls: 7.3292, TAL: -0.2471, Adv: 0.2083, OT-Reg: 0.000560) | Marginal residual: 3.17e-05 | Train Acc: 0.1354 | Val Acc: 0.3077 | Val P/R/F1 (Macro): 0.0667/0.1667/0.0952 | LR: 0.000005
Epoch [5/100] | Loss: 7.0568 (Cls: 7.0129, TAL: 0.2392, Adv: 0.1901, OT-Reg: 0.000411) | Marginal residual: 1.44e-07 | Train Acc: 0.1667 | Val Acc: 0.2308 | Val P/R/F1 (Macro): 0.1099/0.1625/0.1222 | LR: 0.000005
Epoch [6/100] | Loss: 6.9904 (Cls: 6.9721, TAL: 0.0192, Adv: 0.2000, OT-Reg: 0.000470) | Marginal residual: 9.25e-08 | Train Acc: 0.1875 | Val Acc: 0.1923 | Val P/R/F1 (Macro): 0.0333/0.1667/0.0556 | LR: 0.000005
Epoch [7/100] | Loss: 6.9983 (Cls: 6.9937, TAL: -0.0822, Adv: 0.1816, OT-Reg: 0.000501) | Marginal residual: 3.79e-08 | Train Acc: 0.1875 | Val Acc: 0.1923 | Val P/R/F1 (Macro): 0.1143/0.2167/0.1388 | LR: 0.000005
Epoch [8/100] | Loss: 6.7348 (Cls: 6.7304, TAL: -0.0813, Adv: 0.1761, OT-Reg: 0.000577) | Marginal residual: 4.20e-06 | Train Acc: 0.1771 | Val Acc: 0.2308 | Val P/R/F1 (Macro): 0.3604/0.2583/0.2296 | LR: 0.000005
Epoch [9/100] | Loss: 6.7335 (Cls: 6.7175, TAL: 0.0279, Adv: 0.1583, OT-Reg: 0.000606) | Marginal residual: 1.34e-04 | Train Acc: 0.1562 | Val Acc: 0.0385 | Val P/R/F1 (Macro): 0.0093/0.0833/0.0167 | LR: 0.000005
Epoch [10/100] | Loss: 6.7072 (Cls: 6.6859, TAL: 0.0662, Adv: 0.1673, OT-Reg: 0.000697) | Marginal residual: 1.58e-07 | Train Acc: 0.2083 | Val Acc: 0.1923 | Val P/R/F1 (Macro): 0.1000/0.2667/0.1212 | LR: 0.000005
Epoch [11/100] | Loss: 6.7555 (Cls: 6.7259, TAL: 0.1308, Adv: 0.1728, OT-Reg: 0.000594) | Marginal residual: 1.47e-05 | Train Acc: 0.1667 | Val Acc: 0.1154 | Val P/R/F1 (Macro): 0.0488/0.1000/0.0655 | LR: 0.000005
Epoch [12/100] | Loss: 6.6831 (Cls: 6.6738, TAL: -0.0199, Adv: 0.1467, OT-Reg: 0.000612) | Marginal residual: 2.59e-04 | Train Acc: 0.2292 | Val Acc: 0.1923 | Val P/R/F1 (Macro): 0.0521/0.1667/0.0794 | LR: 0.000003
Epoch [13/100] | Loss: 6.6432 (Cls: 6.6265, TAL: 0.0316, Adv: 0.1607, OT-Reg: 0.000744) | Marginal residual: 1.89e-04 | Train Acc: 0.2083 | Val Acc: 0.2692 | Val P/R/F1 (Macro): 0.2514/0.3333/0.2114 | LR: 0.000003
Epoch [14/100] | Loss: 6.6178 (Cls: 6.5636, TAL: 0.3300, Adv: 0.1823, OT-Reg: 0.000743) | Marginal residual: 6.43e-06 | Train Acc: 0.2083 | Val Acc: 0.1538 | Val P/R/F1 (Macro): 0.0667/0.1333/0.0889 | LR: 0.000003
Epoch [15/100] | Loss: 6.7132 (Cls: 6.6662, TAL: 0.2704, Adv: 0.1825, OT-Reg: 0.000747) | Marginal residual: 4.35e-08 | Train Acc: 0.1562 | Val Acc: 0.3846 | Val P/R/F1 (Macro): 0.1157/0.3333/0.1692 | LR: 0.000003
Epoch [16/100] | Loss: 6.6031 (Cls: 6.5863, TAL: 0.0296, Adv: 0.1665, OT-Reg: 0.000639) | Marginal residual: 6.89e-06 | Train Acc: 0.1667 | Val Acc: 0.0769 | Val P/R/F1 (Macro): 0.0278/0.1667/0.0474 | LR: 0.000003
Epoch [17/100] | Loss: 6.5540 (Cls: 6.5159, TAL: 0.1827, Adv: 0.2016, OT-Reg: 0.000742) | Marginal residual: 1.25e-04 | Train Acc: 0.2292 | Val Acc: 0.2308 | Val P/R/F1 (Macro): 0.1109/0.3750/0.1704 | LR: 0.000003
Epoch [18/100] | Loss: 6.3170 (Cls: 6.3422, TAL: -0.3205, Adv: 0.1659, OT-Reg: 0.000643) | Marginal residual: 1.48e-04 | Train Acc: 0.2812 | Val Acc: 0.1154 | Val P/R/F1 (Macro): 0.0529/0.1167/0.0651 | LR: 0.000003
Epoch [19/100] | Loss: 6.4995 (Cls: 6.5006, TAL: -0.1244, Adv: 0.1729, OT-Reg: 0.000755) | Marginal residual: 8.12e-04 | Train Acc: 0.2604 | Val Acc: 0.0000 | Val P/R/F1 (Macro): 0.0000/0.0000/0.0000 | LR: 0.000003
Epoch [20/100] | Loss: 6.4006 (Cls: 6.4009, TAL: -0.1221, Adv: 0.1792, OT-Reg: 0.000742) | Marginal residual: 2.57e-04 | Train Acc: 0.1562 | Val Acc: 0.2308 | Val P/R/F1 (Macro): 0.0862/0.2500/0.1146 | LR: 0.000003
Epoch [21/100] | Loss: 6.7049 (Cls: 6.6763, TAL: 0.0947, Adv: 0.2157, OT-Reg: 0.000804) | Marginal residual: 2.06e-04 | Train Acc: 0.2083 | Val Acc: 0.1923 | Val P/R/F1 (Macro): 0.0362/0.1667/0.0595 | LR: 0.000003
Epoch [22/100] | Loss: 6.1093 (Cls: 6.1526, TAL: -0.5043, Adv: 0.2152, OT-Reg: 0.000740) | Marginal residual: 1.15e-04 | Train Acc: 0.2917 | Val Acc: 0.3077 | Val P/R/F1 (Macro): 0.1884/0.3333/0.2266 | LR: 0.000003
Epoch [23/100] | Loss: 6.3179 (Cls: 6.2647, TAL: 0.2474, Adv: 0.2937, OT-Reg: 0.000818) | Marginal residual: 2.36e-04 | Train Acc: 0.2604 | Val Acc: 0.0769 | Val P/R/F1 (Macro): 0.0352/0.1667/0.0581 | LR: 0.000001
Epoch [24/100] | Loss: 6.0644 (Cls: 6.1079, TAL: -0.5439, Adv: 0.2725, OT-Reg: 0.000848) | Marginal residual: 9.70e-04 | Train Acc: 0.2708 | Val Acc: 0.0769 | Val P/R/F1 (Macro): 0.0476/0.0667/0.0556 | LR: 0.000001
Epoch [25/100] | Loss: 6.2896 (Cls: 6.2429, TAL: 0.2323, Adv: 0.2362, OT-Reg: 0.000706) | Marginal residual: 3.52e-05 | Train Acc: 0.2500 | Val Acc: 0.2308 | Val P/R/F1 (Macro): 0.1759/0.1375/0.1457 | LR: 0.000001
Epoch [26/100] | Loss: 6.1743 (Cls: 6.1690, TAL: -0.1233, Adv: 0.2512, OT-Reg: 0.000893) | Marginal residual: 2.86e-04 | Train Acc: 0.2396 | Val Acc: 0.1923 | Val P/R/F1 (Macro): 0.1508/0.2167/0.1399 | LR: 0.000001
Epoch [27/100] | Loss: 6.1452 (Cls: 6.0816, TAL: 0.3334, Adv: 0.2951, OT-Reg: 0.000738) | Marginal residual: 3.82e-04 | Train Acc: 0.1875 | Val Acc: 0.3077 | Val P/R/F1 (Macro): 0.2735/0.3167/0.2566 | LR: 0.000001
Epoch [28/100] | Loss: 6.2835 (Cls: 6.1959, TAL: 0.5381, Adv: 0.2879, OT-Reg: 0.000866) | Marginal residual: 4.84e-08 | Train Acc: 0.2083 | Val Acc: 0.1154 | Val P/R/F1 (Macro): 0.1806/0.2000/0.0812 | LR: 0.000001
Epoch [29/100] | Loss: 6.3247 (Cls: 6.2407, TAL: 0.4501, Adv: 0.3741, OT-Reg: 0.000781) | Marginal residual: 1.99e-04 | Train Acc: 0.3333 | Val Acc: 0.2308 | Val P/R/F1 (Macro): 0.2722/0.2500/0.2384 | LR: 0.000001
Epoch [30/100] | Loss: 6.1310 (Cls: 6.1131, TAL: -0.0544, Adv: 0.3051, OT-Reg: 0.000775) | Marginal residual: 7.20e-04 | Train Acc: 0.3125 | Val Acc: 0.3462 | Val P/R/F1 (Macro): 0.1162/0.3000/0.1667 | LR: 0.000001
Epoch [31/100] | Loss: 6.0915 (Cls: 6.0961, TAL: -0.2659, Adv: 0.3420, OT-Reg: 0.000890) | Marginal residual: 3.48e-04 | Train Acc: 0.2500 | Val Acc: 0.2308 | Val P/R/F1 (Macro): 0.1286/0.2167/0.1587 | LR: 0.000001
Epoch [32/100] | Loss: 6.0670 (Cls: 6.0610, TAL: -0.2232, Adv: 0.4095, OT-Reg: 0.000893) | Marginal residual: 3.91e-05 | Train Acc: 0.2917 | Val Acc: 0.2692 | Val P/R/F1 (Macro): 0.2153/0.3333/0.2515 | LR: 0.000001
Epoch [33/100] | Loss: 6.0317 (Cls: 6.0146, TAL: -0.1366, Adv: 0.4183, OT-Reg: 0.000757) | Marginal residual: 2.59e-04 | Train Acc: 0.2812 | Val Acc: 0.0769 | Val P/R/F1 (Macro): 0.0639/0.1042/0.0455 | LR: 0.000001
Epoch [34/100] | Loss: 6.1857 (Cls: 6.0960, TAL: 0.4126, Adv: 0.5030, OT-Reg: 0.000821) | Marginal residual: 5.34e-08 | Train Acc: 0.3229 | Val Acc: 0.3846 | Val P/R/F1 (Macro): 0.3685/0.3458/0.2739 | LR: 0.000001
Epoch [35/100] | Loss: 6.0830 (Cls: 6.0146, TAL: 0.3020, Adv: 0.4017, OT-Reg: 0.000731) | Marginal residual: 2.69e-04 | Train Acc: 0.2708 | Val Acc: 0.3462 | Val P/R/F1 (Macro): 0.2963/0.2625/0.1994 | LR: 0.000001
Epoch [36/100] | Loss: 6.0164 (Cls: 5.9822, TAL: 0.0240, Adv: 0.3924, OT-Reg: 0.000817) | Marginal residual: 5.51e-04 | Train Acc: 0.2917 | Val Acc: 0.1923 | Val P/R/F1 (Macro): 0.1676/0.2250/0.1611 | LR: 0.000001
Epoch [37/100] | Loss: 6.1100 (Cls: 6.0065, TAL: 0.4922, Adv: 0.5553, OT-Reg: 0.000872) | Marginal residual: 1.72e-04 | Train Acc: 0.3333 | Val Acc: 0.0385 | Val P/R/F1 (Macro): 0.0119/0.0833/0.0208 | LR: 0.000001
Epoch [38/100] | Loss: 5.9379 (Cls: 5.8636, TAL: 0.2701, Adv: 0.5233, OT-Reg: 0.000832) | Marginal residual: 2.24e-04 | Train Acc: 0.3229 | Val Acc: 0.4231 | Val P/R/F1 (Macro): 0.4119/0.3833/0.3722 | LR: 0.000001
  >>> New Best Val Acc: 0.4231
Epoch [39/100] | Loss: 5.8447 (Cls: 5.8855, TAL: -0.6145, Adv: 0.4117, OT-Reg: 0.000909) | Marginal residual: 5.52e-04 | Train Acc: 0.3125 | Val Acc: 0.2692 | Val P/R/F1 (Macro): 0.2179/0.2833/0.2001 | LR: 0.000001
Epoch [40/100] | Loss: 5.8976 (Cls: 5.9250, TAL: -0.5182, Adv: 0.4350, OT-Reg: 0.000888) | Marginal residual: 2.87e-04 | Train Acc: 0.2500 | Val Acc: 0.3846 | Val P/R/F1 (Macro): 0.1991/0.3417/0.2480 | LR: 0.000001
Epoch [41/100] | Loss: 6.0046 (Cls: 5.8900, TAL: 0.5684, Adv: 0.5798, OT-Reg: 0.000813) | Marginal residual: 5.00e-05 | Train Acc: 0.3021 | Val Acc: 0.4231 | Val P/R/F1 (Macro): 0.2384/0.3292/0.2674 | LR: 0.000001
Epoch [42/100] | Loss: 5.9925 (Cls: 5.8794, TAL: 0.5415, Adv: 0.6023, OT-Reg: 0.000864) | Marginal residual: 2.45e-04 | Train Acc: 0.3229 | Val Acc: 0.2692 | Val P/R/F1 (Macro): 0.3462/0.2583/0.2242 | LR: 0.000001
Epoch [43/100] | Loss: 6.0966 (Cls: 6.0540, TAL: 0.0039, Adv: 0.5267, OT-Reg: 0.000868) | Marginal residual: 4.72e-04 | Train Acc: 0.2917 | Val Acc: 0.1538 | Val P/R/F1 (Macro): 0.1429/0.2333/0.1368 | LR: 0.000001
Epoch [44/100] | Loss: 5.8608 (Cls: 5.8814, TAL: -0.5193, Adv: 0.5219, OT-Reg: 0.000899) | Marginal residual: 4.18e-04 | Train Acc: 0.3021 | Val Acc: 0.3077 | Val P/R/F1 (Macro): 0.2795/0.3667/0.2203 | LR: 0.000001
Epoch [45/100] | Loss: 5.7676 (Cls: 5.7772, TAL: -0.4453, Adv: 0.5477, OT-Reg: 0.000912) | Marginal residual: 3.84e-04 | Train Acc: 0.3021 | Val Acc: 0.2308 | Val P/R/F1 (Macro): 0.3730/0.3250/0.2481 | LR: 0.000001
Epoch [46/100] | Loss: 5.7369 (Cls: 5.7609, TAL: -0.5606, Adv: 0.5409, OT-Reg: 0.000876) | Marginal residual: 2.79e-04 | Train Acc: 0.3229 | Val Acc: 0.0769 | Val P/R/F1 (Macro): 0.0271/0.1667/0.0463 | LR: 0.000001
Epoch [47/100] | Loss: 5.9162 (Cls: 5.9287, TAL: -0.4644, Adv: 0.5399, OT-Reg: 0.000876) | Marginal residual: 3.42e-04 | Train Acc: 0.3333 | Val Acc: 0.4231 | Val P/R/F1 (Macro): 0.3662/0.3667/0.3155 | LR: 0.000001
Epoch [48/100] | Loss: 5.6907 (Cls: 5.6468, TAL: -0.0620, Adv: 0.6419, OT-Reg: 0.000879) | Marginal residual: 2.16e-04 | Train Acc: 0.3021 | Val Acc: 0.4231 | Val P/R/F1 (Macro): 0.2239/0.4167/0.2899 | LR: 0.000001
Epoch [49/100] | Loss: 5.9268 (Cls: 5.7860, TAL: 0.6543, Adv: 0.7792, OT-Reg: 0.000837) | Marginal residual: 2.14e-04 | Train Acc: 0.3229 | Val Acc: 0.2692 | Val P/R/F1 (Macro): 0.1606/0.2333/0.1833 | LR: 0.000001
Epoch [50/100] | Loss: 6.0568 (Cls: 5.9160, TAL: 0.7133, Adv: 0.6904, OT-Reg: 0.000932) | Marginal residual: 1.91e-04 | Train Acc: 0.3125 | Val Acc: 0.4615 | Val P/R/F1 (Macro): 0.5278/0.4417/0.4083 | LR: 0.000001
  >>> New Best Val Acc: 0.4615
Epoch [51/100] | Loss: 5.9743 (Cls: 5.8429, TAL: 0.5930, Adv: 0.7534, OT-Reg: 0.000935) | Marginal residual: 6.32e-04 | Train Acc: 0.3021 | Val Acc: 0.5385 | Val P/R/F1 (Macro): 0.5764/0.6250/0.5004 | LR: 0.000001
  >>> New Best Val Acc: 0.5385
Epoch [52/100] | Loss: 6.0501 (Cls: 5.9744, TAL: 0.1368, Adv: 0.7419, OT-Reg: 0.000955) | Marginal residual: 7.98e-04 | Train Acc: 0.2500 | Val Acc: 0.4615 | Val P/R/F1 (Macro): 0.2679/0.3625/0.2736 | LR: 0.000001
Epoch [53/100] | Loss: 5.8227 (Cls: 5.8469, TAL: -0.6454, Adv: 0.6653, OT-Reg: 0.000930) | Marginal residual: 4.01e-04 | Train Acc: 0.2188 | Val Acc: 0.3846 | Val P/R/F1 (Macro): 0.2530/0.3833/0.2926 | LR: 0.000001
Epoch [54/100] | Loss: 5.6485 (Cls: 5.6717, TAL: -0.6595, Adv: 0.6991, OT-Reg: 0.000942) | Marginal residual: 5.58e-04 | Train Acc: 0.3646 | Val Acc: 0.2692 | Val P/R/F1 (Macro): 0.3692/0.3708/0.3029 | LR: 0.000001
Epoch [55/100] | Loss: 5.6943 (Cls: 5.7002, TAL: -0.4987, Adv: 0.6747, OT-Reg: 0.000921) | Marginal residual: 9.21e-04 | Train Acc: 0.3125 | Val Acc: 0.2692 | Val P/R/F1 (Macro): 0.1181/0.2333/0.1554 | LR: 0.000001
Epoch [56/100] | Loss: 5.9171 (Cls: 5.9333, TAL: -0.5831, Adv: 0.6714, OT-Reg: 0.000866) | Marginal residual: 8.73e-04 | Train Acc: 0.2812 | Val Acc: 0.2692 | Val P/R/F1 (Macro): 0.1111/0.2333/0.1499 | LR: 0.000001
Epoch [57/100] | Loss: 5.7619 (Cls: 5.7679, TAL: -0.4402, Adv: 0.5855, OT-Reg: 0.000958) | Marginal residual: 4.57e-04 | Train Acc: 0.3125 | Val Acc: 0.2692 | Val P/R/F1 (Macro): 0.3000/0.2417/0.2037 | LR: 0.000001
Epoch [58/100] | Loss: 5.8840 (Cls: 5.8871, TAL: -0.4877, Adv: 0.6932, OT-Reg: 0.000856) | Marginal residual: 6.25e-04 | Train Acc: 0.3125 | Val Acc: 0.3077 | Val P/R/F1 (Macro): 0.3907/0.3792/0.3007 | LR: 0.000001
Epoch [59/100] | Loss: 5.8016 (Cls: 5.7922, TAL: -0.3786, Adv: 0.6848, OT-Reg: 0.000880) | Marginal residual: 2.44e-04 | Train Acc: 0.3438 | Val Acc: 0.0000 | Val P/R/F1 (Macro): 0.0000/0.0000/0.0000 | LR: 0.000001
Epoch [60/100] | Loss: 5.9655 (Cls: 5.8392, TAL: 0.5192, Adv: 0.7996, OT-Reg: 0.000840) | Marginal residual: 1.33e-04 | Train Acc: 0.3125 | Val Acc: 0.3462 | Val P/R/F1 (Macro): 0.1870/0.4000/0.2404 | LR: 0.000001
Epoch [61/100] | Loss: 6.0932 (Cls: 5.9823, TAL: 0.3602, Adv: 0.8462, OT-Reg: 0.000881) | Marginal residual: 8.03e-04 | Train Acc: 0.2917 | Val Acc: 0.2692 | Val P/R/F1 (Macro): 0.1042/0.2333/0.1404 | LR: 0.000001
Epoch [62/100] | Loss: 6.0005 (Cls: 5.8611, TAL: 0.6169, Adv: 0.8169, OT-Reg: 0.000843) | Marginal residual: 2.03e-04 | Train Acc: 0.2917 | Val Acc: 0.3462 | Val P/R/F1 (Macro): 0.1262/0.3000/0.1766 | LR: 0.000001
Epoch [63/100] | Loss: 5.9966 (Cls: 5.8651, TAL: 0.5784, Adv: 0.7765, OT-Reg: 0.000959) | Marginal residual: 1.82e-04 | Train Acc: 0.2917 | Val Acc: 0.2692 | Val P/R/F1 (Macro): 0.2093/0.2292/0.1894 | LR: 0.000001
Epoch [64/100] | Loss: 5.8928 (Cls: 5.8609, TAL: -0.2329, Adv: 0.7486, OT-Reg: 0.000939) | Marginal residual: 4.86e-04 | Train Acc: 0.2188 | Val Acc: 0.3077 | Val P/R/F1 (Macro): 0.2558/0.3042/0.2595 | LR: 0.000001
Epoch [65/100] | Loss: 5.8047 (Cls: 5.7922, TAL: -0.4217, Adv: 0.7885, OT-Reg: 0.000882) | Marginal residual: 1.09e-03 | Train Acc: 0.2292 | Val Acc: 0.3462 | Val P/R/F1 (Macro): 0.1944/0.2500/0.2182 | LR: 0.000001
Epoch [66/100] | Loss: 5.9809 (Cls: 5.8788, TAL: 0.2991, Adv: 0.8279, OT-Reg: 0.000845) | Marginal residual: 4.02e-04 | Train Acc: 0.3229 | Val Acc: 0.1538 | Val P/R/F1 (Macro): 0.0881/0.1833/0.1111 | LR: 0.000001
Epoch [67/100] | Loss: 6.1283 (Cls: 5.9842, TAL: 0.5853, Adv: 0.9224, OT-Reg: 0.000957) | Marginal residual: 4.22e-04 | Train Acc: 0.3125 | Val Acc: 0.1923 | Val P/R/F1 (Macro): 0.1017/0.2292/0.1179 | LR: 0.000001
Epoch [68/100] | Loss: 5.7752 (Cls: 5.7096, TAL: 0.0210, Adv: 0.7889, OT-Reg: 0.000930) | Marginal residual: 4.63e-04 | Train Acc: 0.3438 | Val Acc: 0.1923 | Val P/R/F1 (Macro): 0.1701/0.2667/0.1611 | LR: 0.000001
Epoch [69/100] | Loss: 5.6886 (Cls: 5.7034, TAL: -0.6009, Adv: 0.7160, OT-Reg: 0.000973) | Marginal residual: 6.32e-04 | Train Acc: 0.3333 | Val Acc: 0.3077 | Val P/R/F1 (Macro): 0.2273/0.2833/0.2392 | LR: 0.000001
Epoch [70/100] | Loss: 5.8344 (Cls: 5.8304, TAL: -0.4729, Adv: 0.7587, OT-Reg: 0.000957) | Marginal residual: 1.38e-03 | Train Acc: 0.3750 | Val Acc: 0.3077 | Val P/R/F1 (Macro): 0.1648/0.2667/0.1944 | LR: 0.000001
Epoch [71/100] | Loss: 6.0210 (Cls: 5.8991, TAL: 0.4304, Adv: 0.8788, OT-Reg: 0.000935) | Marginal residual: 3.67e-04 | Train Acc: 0.2604 | Val Acc: 0.3846 | Val P/R/F1 (Macro): 0.1938/0.4333/0.2644 | LR: 0.000001
Epoch [72/100] | Loss: 5.8244 (Cls: 5.7736, TAL: -0.1131, Adv: 0.8053, OT-Reg: 0.000978) | Marginal residual: 5.43e-04 | Train Acc: 0.3021 | Val Acc: 0.3462 | Val P/R/F1 (Macro): 0.2963/0.2500/0.2124 | LR: 0.000001
Epoch [73/100] | Loss: 5.6608 (Cls: 5.6634, TAL: -0.4986, Adv: 0.7149, OT-Reg: 0.000918) | Marginal residual: 7.58e-04 | Train Acc: 0.2812 | Val Acc: 0.1923 | Val P/R/F1 (Macro): 0.1322/0.2917/0.1371 | LR: 0.000001
Epoch [74/100] | Loss: 5.5694 (Cls: 5.5698, TAL: -0.5248, Adv: 0.7822, OT-Reg: 0.000925) | Marginal residual: 1.85e-04 | Train Acc: 0.3229 | Val Acc: 0.1538 | Val P/R/F1 (Macro): 0.0931/0.1458/0.0890 | LR: 0.000001
Epoch [75/100] | Loss: 5.5453 (Cls: 5.5637, TAL: -0.6698, Adv: 0.7745, OT-Reg: 0.000922) | Marginal residual: 7.59e-04 | Train Acc: 0.3438 | Val Acc: 0.1923 | Val P/R/F1 (Macro): 0.0347/0.1667/0.0575 | LR: 0.000001
Epoch [76/100] | Loss: 5.6725 (Cls: 5.6813, TAL: -0.5604, Adv: 0.7305, OT-Reg: 0.000945) | Marginal residual: 5.11e-04 | Train Acc: 0.3333 | Val Acc: 0.2692 | Val P/R/F1 (Macro): 0.4040/0.2583/0.2590 | LR: 0.000001
Epoch [77/100] | Loss: 5.8562 (Cls: 5.8371, TAL: -0.3326, Adv: 0.7378, OT-Reg: 0.000961) | Marginal residual: 8.45e-04 | Train Acc: 0.2708 | Val Acc: 0.3077 | Val P/R/F1 (Macro): 0.1458/0.1917/0.1574 | LR: 0.000001
Epoch [78/100] | Loss: 5.6941 (Cls: 5.6959, TAL: -0.5143, Adv: 0.7497, OT-Reg: 0.000946) | Marginal residual: 4.43e-04 | Train Acc: 0.2396 | Val Acc: 0.1154 | Val P/R/F1 (Macro): 0.0764/0.2500/0.1037 | LR: 0.000001
Epoch [79/100] | Loss: 5.5121 (Cls: 5.5347, TAL: -0.7043, Adv: 0.7740, OT-Reg: 0.000898) | Marginal residual: 1.23e-03 | Train Acc: 0.3958 | Val Acc: 0.2692 | Val P/R/F1 (Macro): 0.3102/0.2958/0.2119 | LR: 0.000001
Epoch [80/100] | Loss: 5.6783 (Cls: 5.6911, TAL: -0.6433, Adv: 0.8047, OT-Reg: 0.000926) | Marginal residual: 8.27e-04 | Train Acc: 0.2812 | Val Acc: 0.4615 | Val P/R/F1 (Macro): 0.4907/0.3583/0.3869 | LR: 0.000001
Epoch [81/100] | Loss: 5.6677 (Cls: 5.6849, TAL: -0.6697, Adv: 0.7891, OT-Reg: 0.000912) | Marginal residual: 5.08e-04 | Train Acc: 0.3438 | Val Acc: 0.4231 | Val P/R/F1 (Macro): 0.3778/0.3875/0.3329 | LR: 0.000001
Epoch [82/100] | Loss: 5.7417 (Cls: 5.7354, TAL: -0.4723, Adv: 0.7874, OT-Reg: 0.001008) | Marginal residual: 5.63e-04 | Train Acc: 0.2812 | Val Acc: 0.1154 | Val P/R/F1 (Macro): 0.0394/0.2083/0.0611 | LR: 0.000001
Epoch [83/100] | Loss: 5.4962 (Cls: 5.4834, TAL: -0.4604, Adv: 0.8509, OT-Reg: 0.001011) | Marginal residual: 6.03e-04 | Train Acc: 0.3646 | Val Acc: 0.3462 | Val P/R/F1 (Macro): 0.2249/0.3000/0.2404 | LR: 0.000001
Epoch [84/100] | Loss: 5.7005 (Cls: 5.6654, TAL: -0.2867, Adv: 0.8694, OT-Reg: 0.000984) | Marginal residual: 7.23e-04 | Train Acc: 0.3125 | Val Acc: 0.1538 | Val P/R/F1 (Macro): 0.0753/0.1833/0.0991 | LR: 0.000001
Epoch [85/100] | Loss: 5.8367 (Cls: 5.7075, TAL: 0.4686, Adv: 0.9118, OT-Reg: 0.000871) | Marginal residual: 1.94e-04 | Train Acc: 0.3021 | Val Acc: 0.2692 | Val P/R/F1 (Macro): 0.2847/0.2417/0.2150 | LR: 0.000001
Epoch [86/100] | Loss: 5.9244 (Cls: 5.7840, TAL: 0.5414, Adv: 0.9425, OT-Reg: 0.000913) | Marginal residual: 4.41e-04 | Train Acc: 0.2812 | Val Acc: 0.4231 | Val P/R/F1 (Macro): 0.2332/0.4667/0.3105 | LR: 0.000001
Epoch [87/100] | Loss: 6.0389 (Cls: 5.9721, TAL: 0.0224, Adv: 0.8017, OT-Reg: 0.000935) | Marginal residual: 1.62e-04 | Train Acc: 0.3229 | Val Acc: 0.2308 | Val P/R/F1 (Macro): 0.1476/0.3500/0.1787 | LR: 0.000001
Epoch [88/100] | Loss: 5.7017 (Cls: 5.7043, TAL: -0.4879, Adv: 0.6995, OT-Reg: 0.000941) | Marginal residual: 1.05e-03 | Train Acc: 0.2396 | Val Acc: 0.2308 | Val P/R/F1 (Macro): 0.1111/0.2000/0.1414 | LR: 0.000001
Epoch [89/100] | Loss: 5.7535 (Cls: 5.7605, TAL: -0.5824, Adv: 0.7864, OT-Reg: 0.000926) | Marginal residual: 7.54e-04 | Train Acc: 0.3646 | Val Acc: 0.1538 | Val P/R/F1 (Macro): 0.1167/0.1458/0.1047 | LR: 0.000001
Epoch [90/100] | Loss: 5.5655 (Cls: 5.5043, TAL: -0.0605, Adv: 0.8565, OT-Reg: 0.000954) | Marginal residual: 3.81e-04 | Train Acc: 0.3646 | Val Acc: 0.3462 | Val P/R/F1 (Macro): 0.2761/0.4083/0.2838 | LR: 0.000001
Epoch [91/100] | Loss: 5.6684 (Cls: 5.6873, TAL: -0.6942, Adv: 0.8051, OT-Reg: 0.000961) | Marginal residual: 5.79e-04 | Train Acc: 0.2188 | Val Acc: 0.1923 | Val P/R/F1 (Macro): 0.0778/0.2667/0.1106 | LR: 0.000001
Epoch [92/100] | Loss: 5.7014 (Cls: 5.6911, TAL: -0.4570, Adv: 0.8138, OT-Reg: 0.000877) | Marginal residual: 3.83e-04 | Train Acc: 0.3021 | Val Acc: 0.2692 | Val P/R/F1 (Macro): 0.3145/0.3250/0.2269 | LR: 0.000001
Epoch [93/100] | Loss: 5.5201 (Cls: 5.5228, TAL: -0.5615, Adv: 0.8082, OT-Reg: 0.000893) | Marginal residual: 6.56e-04 | Train Acc: 0.3542 | Val Acc: 0.3846 | Val P/R/F1 (Macro): 0.2604/0.2958/0.2368 | LR: 0.000001
Epoch [94/100] | Loss: 5.9704 (Cls: 5.9551, TAL: -0.4413, Adv: 0.8537, OT-Reg: 0.000943) | Marginal residual: 6.59e-04 | Train Acc: 0.2812 | Val Acc: 0.1538 | Val P/R/F1 (Macro): 0.0777/0.1833/0.1026 | LR: 0.000001
Epoch [95/100] | Loss: 6.0630 (Cls: 6.0557, TAL: -0.5260, Adv: 0.8805, OT-Reg: 0.001014) | Marginal residual: 3.27e-04 | Train Acc: 0.2500 | Val Acc: 0.2692 | Val P/R/F1 (Macro): 0.1035/0.3333/0.1518 | LR: 0.000001
Epoch [96/100] | Loss: 5.7190 (Cls: 5.7009, TAL: -0.3956, Adv: 0.8189, OT-Reg: 0.001004) | Marginal residual: 7.51e-04 | Train Acc: 0.3125 | Val Acc: 0.4231 | Val P/R/F1 (Macro): 0.2605/0.3292/0.2704 | LR: 0.000001
Epoch [97/100] | Loss: 5.6366 (Cls: 5.6482, TAL: -0.6721, Adv: 0.8626, OT-Reg: 0.000969) | Marginal residual: 4.24e-04 | Train Acc: 0.3333 | Val Acc: 0.2692 | Val P/R/F1 (Macro): 0.1485/0.2333/0.1664 | LR: 0.000001
Epoch [98/100] | Loss: 5.7844 (Cls: 5.7747, TAL: -0.4970, Adv: 0.8669, OT-Reg: 0.000924) | Marginal residual: 6.72e-04 | Train Acc: 0.2604 | Val Acc: 0.3846 | Val P/R/F1 (Macro): 0.2583/0.3500/0.2827 | LR: 0.000001
Epoch [99/100] | Loss: 5.6031 (Cls: 5.5888, TAL: -0.4534, Adv: 0.8592, OT-Reg: 0.000993) | Marginal residual: 2.37e-04 | Train Acc: 0.2917 | Val Acc: 0.2308 | Val P/R/F1 (Macro): 0.1046/0.1875/0.1061 | LR: 0.000001
Epoch [100/100] | Loss: 5.9055 (Cls: 5.8942, TAL: -0.4428, Adv: 0.8055, OT-Reg: 0.000872) | Marginal residual: 7.39e-04 | Train Acc: 0.2917 | Val Acc: 0.3846 | Val P/R/F1 (Macro): 0.4222/0.3917/0.3139 | LR: 0.000001
Report strategy: last_window, window=10, reported_acc=0.2962, best_acc=0.5385

迭代 4 报告指标:
  Accuracy: 0.2962
  Precision (Macro): 0.2028
  Recall (Macro): 0.2896
  F1 (Macro): 0.1968
  Precision (Micro): 0.2962
  Recall (Micro): 0.2962
  F1 (Micro): 0.2962
  Val class coverage: 6/14 (0.4286), samples=26

================================================================================
迭代 5/5
随机种子: 46
================================================================================
Training mode: full target-label supervision (class-paired batches).
Feature fusion: Tensor alignment (512+512 -> 128+128); fused_dim=256
Domain adaptation: Neural OT generator with 3-domain discriminator
Loss weights: tensor=0.12, adv=0.08
Transport: mode=sinkhorn, epsilon=0.1, Sinkhorn iterations=50, correction scale=0.1, correction regularization weight=0.001
Tensor projection update: alternating SVD, max_sweeps=3, relative singular-value tolerance=0.0001
Epoch [1/100] | Loss: 8.8659 (Cls: 8.8246, TAL: 0.2175, Adv: 0.1905, OT-Reg: 0.001335) | Marginal residual: 2.86e-08 | Train Acc: 0.0938 | Val Acc: 0.1538 | Val P/R/F1 (Macro): 0.0556/0.2333/0.0868 | LR: 0.000005
  >>> New Best Val Acc: 0.1538
Epoch [2/100] | Loss: 7.4949 (Cls: 7.4854, TAL: -0.0398, Adv: 0.1794, OT-Reg: 0.001355) | Marginal residual: 6.86e-05 | Train Acc: 0.2292 | Val Acc: 0.1923 | Val P/R/F1 (Macro): 0.0556/0.1042/0.0725 | LR: 0.000005
  >>> New Best Val Acc: 0.1923
Epoch [3/100] | Loss: 7.2249 (Cls: 7.2044, TAL: 0.0465, Adv: 0.1871, OT-Reg: 0.001392) | Marginal residual: 3.59e-05 | Train Acc: 0.1667 | Val Acc: 0.1923 | Val P/R/F1 (Macro): 0.1438/0.1792/0.1288 | LR: 0.000005
Epoch [4/100] | Loss: 7.1615 (Cls: 7.1278, TAL: 0.1531, Adv: 0.1917, OT-Reg: 0.001370) | Marginal residual: 3.73e-08 | Train Acc: 0.1979 | Val Acc: 0.1923 | Val P/R/F1 (Macro): 0.1472/0.1292/0.1167 | LR: 0.000005
Epoch [5/100] | Loss: 7.1306 (Cls: 7.1121, TAL: 0.0159, Adv: 0.2080, OT-Reg: 0.001336) | Marginal residual: 4.99e-07 | Train Acc: 0.2083 | Val Acc: 0.2692 | Val P/R/F1 (Macro): 0.1749/0.2708/0.1780 | LR: 0.000005
  >>> New Best Val Acc: 0.2692
Epoch [6/100] | Loss: 6.8648 (Cls: 6.8329, TAL: 0.1530, Adv: 0.1688, OT-Reg: 0.001370) | Marginal residual: 2.64e-05 | Train Acc: 0.1979 | Val Acc: 0.0769 | Val P/R/F1 (Macro): 0.0417/0.0667/0.0513 | LR: 0.000005
Epoch [7/100] | Loss: 7.1095 (Cls: 7.0846, TAL: 0.0861, Adv: 0.1829, OT-Reg: 0.001270) | Marginal residual: 2.88e-06 | Train Acc: 0.1458 | Val Acc: 0.2692 | Val P/R/F1 (Macro): 0.1458/0.2083/0.1583 | LR: 0.000005
Epoch [8/100] | Loss: 6.9860 (Cls: 6.9493, TAL: 0.1931, Adv: 0.1693, OT-Reg: 0.001373) | Marginal residual: 3.35e-08 | Train Acc: 0.1875 | Val Acc: 0.0769 | Val P/R/F1 (Macro): 0.0303/0.0417/0.0351 | LR: 0.000005
Epoch [9/100] | Loss: 6.6486 (Cls: 6.6434, TAL: -0.0776, Adv: 0.1823, OT-Reg: 0.001399) | Marginal residual: 3.17e-08 | Train Acc: 0.1667 | Val Acc: 0.1154 | Val P/R/F1 (Macro): 0.0263/0.1000/0.0417 | LR: 0.000005
Epoch [10/100] | Loss: 6.9536 (Cls: 6.9159, TAL: 0.1904, Adv: 0.1858, OT-Reg: 0.001407) | Marginal residual: 3.48e-08 | Train Acc: 0.2292 | Val Acc: 0.2308 | Val P/R/F1 (Macro): 0.1083/0.2083/0.1179 | LR: 0.000005
Epoch [11/100] | Loss: 6.6529 (Cls: 6.6592, TAL: -0.1707, Adv: 0.1775, OT-Reg: 0.001405) | Marginal residual: 1.98e-05 | Train Acc: 0.2188 | Val Acc: 0.2308 | Val P/R/F1 (Macro): 0.1000/0.2500/0.1296 | LR: 0.000005
Epoch [12/100] | Loss: 6.6595 (Cls: 6.6371, TAL: 0.0789, Adv: 0.1612, OT-Reg: 0.001446) | Marginal residual: 6.14e-05 | Train Acc: 0.1458 | Val Acc: 0.3077 | Val P/R/F1 (Macro): 0.1157/0.2500/0.1451 | LR: 0.000005
  >>> New Best Val Acc: 0.3077
Epoch [13/100] | Loss: 6.8206 (Cls: 6.8224, TAL: -0.1520, Adv: 0.2045, OT-Reg: 0.001416) | Marginal residual: 2.29e-06 | Train Acc: 0.1771 | Val Acc: 0.1154 | Val P/R/F1 (Macro): 0.0333/0.1000/0.0500 | LR: 0.000005
Epoch [14/100] | Loss: 6.5602 (Cls: 6.6034, TAL: -0.4728, Adv: 0.1697, OT-Reg: 0.001325) | Marginal residual: 1.01e-04 | Train Acc: 0.1875 | Val Acc: 0.1154 | Val P/R/F1 (Macro): 0.0250/0.1000/0.0400 | LR: 0.000005
Epoch [15/100] | Loss: 6.5545 (Cls: 6.5551, TAL: -0.1419, Adv: 0.2050, OT-Reg: 0.001306) | Marginal residual: 1.77e-04 | Train Acc: 0.1875 | Val Acc: 0.0769 | Val P/R/F1 (Macro): 0.1750/0.0750/0.0694 | LR: 0.000005
Epoch [16/100] | Loss: 6.6948 (Cls: 6.6792, TAL: 0.0101, Adv: 0.1806, OT-Reg: 0.001249) | Marginal residual: 1.64e-04 | Train Acc: 0.1042 | Val Acc: 0.3077 | Val P/R/F1 (Macro): 0.1065/0.1792/0.1268 | LR: 0.000005
Epoch [17/100] | Loss: 6.7020 (Cls: 6.6253, TAL: 0.4968, Adv: 0.2129, OT-Reg: 0.001315) | Marginal residual: 2.98e-08 | Train Acc: 0.1667 | Val Acc: 0.1538 | Val P/R/F1 (Macro): 0.0655/0.1833/0.0940 | LR: 0.000005
Epoch [18/100] | Loss: 6.8494 (Cls: 6.8236, TAL: 0.0656, Adv: 0.2244, OT-Reg: 0.001289) | Marginal residual: 1.60e-04 | Train Acc: 0.1771 | Val Acc: 0.1923 | Val P/R/F1 (Macro): 0.0685/0.2500/0.1074 | LR: 0.000005
Epoch [19/100] | Loss: 6.6172 (Cls: 6.5845, TAL: 0.1250, Adv: 0.2219, OT-Reg: 0.001285) | Marginal residual: 1.88e-05 | Train Acc: 0.1667 | Val Acc: 0.1923 | Val P/R/F1 (Macro): 0.0321/0.1667/0.0538 | LR: 0.000005
Epoch [20/100] | Loss: 6.6106 (Cls: 6.5730, TAL: 0.1488, Adv: 0.2473, OT-Reg: 0.001364) | Marginal residual: 7.64e-08 | Train Acc: 0.2292 | Val Acc: 0.1154 | Val P/R/F1 (Macro): 0.0731/0.1167/0.0707 | LR: 0.000005
Epoch [21/100] | Loss: 6.6621 (Cls: 6.6169, TAL: 0.1713, Adv: 0.3081, OT-Reg: 0.001353) | Marginal residual: 2.72e-06 | Train Acc: 0.1875 | Val Acc: 0.2308 | Val P/R/F1 (Macro): 0.1131/0.2250/0.1458 | LR: 0.000005
Epoch [22/100] | Loss: 6.3508 (Cls: 6.3270, TAL: 0.0312, Adv: 0.2506, OT-Reg: 0.001351) | Marginal residual: 2.92e-08 | Train Acc: 0.2083 | Val Acc: 0.2692 | Val P/R/F1 (Macro): 0.1068/0.2292/0.1373 | LR: 0.000005
Epoch [23/100] | Loss: 6.6159 (Cls: 6.5485, TAL: 0.3745, Adv: 0.2813, OT-Reg: 0.001340) | Marginal residual: 2.62e-06 | Train Acc: 0.1979 | Val Acc: 0.3077 | Val P/R/F1 (Macro): 0.0513/0.1667/0.0784 | LR: 0.000003
Epoch [24/100] | Loss: 6.5728 (Cls: 6.5185, TAL: 0.2089, Adv: 0.3656, OT-Reg: 0.001314) | Marginal residual: 9.67e-06 | Train Acc: 0.1042 | Val Acc: 0.1538 | Val P/R/F1 (Macro): 0.0290/0.1667/0.0494 | LR: 0.000003
Epoch [25/100] | Loss: 6.3994 (Cls: 6.3730, TAL: 0.0317, Adv: 0.2824, OT-Reg: 0.001329) | Marginal residual: 6.64e-08 | Train Acc: 0.1458 | Val Acc: 0.1923 | Val P/R/F1 (Macro): 0.0521/0.1667/0.0794 | LR: 0.000003
Epoch [26/100] | Loss: 6.3816 (Cls: 6.3792, TAL: -0.1904, Adv: 0.3167, OT-Reg: 0.001348) | Marginal residual: 6.32e-05 | Train Acc: 0.2604 | Val Acc: 0.1538 | Val P/R/F1 (Macro): 0.0303/0.1667/0.0513 | LR: 0.000003
Epoch [27/100] | Loss: 6.5082 (Cls: 6.4646, TAL: 0.1105, Adv: 0.3791, OT-Reg: 0.001325) | Marginal residual: 4.04e-08 | Train Acc: 0.1771 | Val Acc: 0.2308 | Val P/R/F1 (Macro): 0.0701/0.2000/0.1002 | LR: 0.000003
Epoch [28/100] | Loss: 6.5949 (Cls: 6.5494, TAL: 0.1444, Adv: 0.3516, OT-Reg: 0.001272) | Marginal residual: 1.68e-04 | Train Acc: 0.2188 | Val Acc: 0.0769 | Val P/R/F1 (Macro): 0.0301/0.1167/0.0423 | LR: 0.000003
Epoch [29/100] | Loss: 6.4924 (Cls: 6.4859, TAL: -0.1651, Adv: 0.3291, OT-Reg: 0.001476) | Marginal residual: 3.85e-08 | Train Acc: 0.2292 | Val Acc: 0.0769 | Val P/R/F1 (Macro): 0.0145/0.1667/0.0267 | LR: 0.000003
Epoch [30/100] | Loss: 6.3627 (Cls: 6.3095, TAL: 0.1796, Adv: 0.3968, OT-Reg: 0.001424) | Marginal residual: 1.28e-04 | Train Acc: 0.1458 | Val Acc: 0.0769 | Val P/R/F1 (Macro): 0.0583/0.0542/0.0500 | LR: 0.000003
Epoch [31/100] | Loss: 6.5988 (Cls: 6.5485, TAL: 0.1579, Adv: 0.3922, OT-Reg: 0.001360) | Marginal residual: 8.38e-06 | Train Acc: 0.0833 | Val Acc: 0.2692 | Val P/R/F1 (Macro): 0.2083/0.2083/0.1333 | LR: 0.000003
Epoch [32/100] | Loss: 6.2392 (Cls: 6.2711, TAL: -0.4347, Adv: 0.2533, OT-Reg: 0.001472) | Marginal residual: 2.72e-04 | Train Acc: 0.2500 | Val Acc: 0.0385 | Val P/R/F1 (Macro): 0.0076/0.0833/0.0139 | LR: 0.000003
Epoch [33/100] | Loss: 6.2405 (Cls: 6.2237, TAL: -0.1003, Adv: 0.3601, OT-Reg: 0.001437) | Marginal residual: 1.07e-05 | Train Acc: 0.2396 | Val Acc: 0.0385 | Val P/R/F1 (Macro): 0.0088/0.0833/0.0159 | LR: 0.000003
Epoch [34/100] | Loss: 6.2871 (Cls: 6.2752, TAL: -0.1212, Adv: 0.3302, OT-Reg: 0.001417) | Marginal residual: 8.70e-05 | Train Acc: 0.2292 | Val Acc: 0.1923 | Val P/R/F1 (Macro): 0.1270/0.2667/0.1508 | LR: 0.000001
Epoch [35/100] | Loss: 6.2743 (Cls: 6.3168, TAL: -0.5408, Adv: 0.2794, OT-Reg: 0.001346) | Marginal residual: 2.29e-04 | Train Acc: 0.2292 | Val Acc: 0.1154 | Val P/R/F1 (Macro): 0.1042/0.2000/0.0847 | LR: 0.000001
Epoch [36/100] | Loss: 6.2401 (Cls: 6.2898, TAL: -0.6246, Adv: 0.3157, OT-Reg: 0.001282) | Marginal residual: 2.63e-04 | Train Acc: 0.1979 | Val Acc: 0.0769 | Val P/R/F1 (Macro): 0.0429/0.1167/0.0559 | LR: 0.000001
Epoch [37/100] | Loss: 6.1524 (Cls: 6.2048, TAL: -0.6664, Adv: 0.3450, OT-Reg: 0.001449) | Marginal residual: 7.96e-06 | Train Acc: 0.1979 | Val Acc: 0.1923 | Val P/R/F1 (Macro): 0.1167/0.2333/0.1434 | LR: 0.000001
Epoch [38/100] | Loss: 6.0209 (Cls: 6.0240, TAL: -0.2779, Adv: 0.3776, OT-Reg: 0.001343) | Marginal residual: 7.87e-05 | Train Acc: 0.2188 | Val Acc: 0.1154 | Val P/R/F1 (Macro): 0.0394/0.1500/0.0623 | LR: 0.000001
Epoch [39/100] | Loss: 6.3232 (Cls: 6.2368, TAL: 0.4662, Adv: 0.3806, OT-Reg: 0.001438) | Marginal residual: 4.41e-08 | Train Acc: 0.1562 | Val Acc: 0.1923 | Val P/R/F1 (Macro): 0.0717/0.2167/0.1029 | LR: 0.000001
Epoch [40/100] | Loss: 6.4582 (Cls: 6.4001, TAL: 0.1707, Adv: 0.4695, OT-Reg: 0.001329) | Marginal residual: 6.47e-05 | Train Acc: 0.1250 | Val Acc: 0.0385 | Val P/R/F1 (Macro): 0.0067/0.0833/0.0123 | LR: 0.000001
Epoch [41/100] | Loss: 6.2486 (Cls: 6.2103, TAL: 0.1062, Adv: 0.3192, OT-Reg: 0.001343) | Marginal residual: 6.09e-05 | Train Acc: 0.1771 | Val Acc: 0.3846 | Val P/R/F1 (Macro): 0.3135/0.3208/0.2877 | LR: 0.000001
  >>> New Best Val Acc: 0.3846
Epoch [42/100] | Loss: 6.2281 (Cls: 6.2527, TAL: -0.4672, Adv: 0.3935, OT-Reg: 0.001390) | Marginal residual: 1.18e-05 | Train Acc: 0.2083 | Val Acc: 0.1538 | Val P/R/F1 (Macro): 0.0602/0.2333/0.0846 | LR: 0.000001
Epoch [43/100] | Loss: 6.3246 (Cls: 6.2793, TAL: 0.0632, Adv: 0.4719, OT-Reg: 0.001405) | Marginal residual: 1.89e-04 | Train Acc: 0.2500 | Val Acc: 0.0769 | Val P/R/F1 (Macro): 0.0985/0.1250/0.0812 | LR: 0.000001
Epoch [44/100] | Loss: 6.3572 (Cls: 6.2581, TAL: 0.4744, Adv: 0.5271, OT-Reg: 0.001319) | Marginal residual: 5.34e-08 | Train Acc: 0.2917 | Val Acc: 0.1538 | Val P/R/F1 (Macro): 0.0833/0.0833/0.0833 | LR: 0.000001
Epoch [45/100] | Loss: 6.3020 (Cls: 6.2496, TAL: 0.1398, Adv: 0.4446, OT-Reg: 0.001281) | Marginal residual: 1.90e-05 | Train Acc: 0.2500 | Val Acc: 0.1923 | Val P/R/F1 (Macro): 0.0321/0.1667/0.0538 | LR: 0.000001
Epoch [46/100] | Loss: 6.1978 (Cls: 6.1938, TAL: -0.3073, Adv: 0.5109, OT-Reg: 0.001446) | Marginal residual: 3.40e-04 | Train Acc: 0.2083 | Val Acc: 0.1538 | Val P/R/F1 (Macro): 0.1318/0.1875/0.1066 | LR: 0.000001
Epoch [47/100] | Loss: 6.1630 (Cls: 6.1680, TAL: -0.3083, Adv: 0.3995, OT-Reg: 0.001389) | Marginal residual: 1.19e-04 | Train Acc: 0.3021 | Val Acc: 0.3077 | Val P/R/F1 (Macro): 0.1977/0.2667/0.2042 | LR: 0.000001
Epoch [48/100] | Loss: 6.1983 (Cls: 6.1854, TAL: -0.1455, Adv: 0.3796, OT-Reg: 0.001263) | Marginal residual: 2.32e-04 | Train Acc: 0.1771 | Val Acc: 0.2692 | Val P/R/F1 (Macro): 0.2292/0.2583/0.1635 | LR: 0.000001
Epoch [49/100] | Loss: 6.2571 (Cls: 6.2085, TAL: 0.1330, Adv: 0.4078, OT-Reg: 0.001355) | Marginal residual: 1.09e-04 | Train Acc: 0.2188 | Val Acc: 0.1154 | Val P/R/F1 (Macro): 0.1056/0.1875/0.0725 | LR: 0.000001
Epoch [50/100] | Loss: 6.0247 (Cls: 6.0205, TAL: -0.2761, Adv: 0.4660, OT-Reg: 0.001281) | Marginal residual: 1.20e-04 | Train Acc: 0.2917 | Val Acc: 0.3846 | Val P/R/F1 (Macro): 0.2367/0.4667/0.2957 | LR: 0.000001
Epoch [51/100] | Loss: 6.0751 (Cls: 6.1144, TAL: -0.5615, Adv: 0.3513, OT-Reg: 0.001347) | Marginal residual: 6.90e-04 | Train Acc: 0.2500 | Val Acc: 0.0769 | Val P/R/F1 (Macro): 0.0139/0.1667/0.0256 | LR: 0.000001
Epoch [52/100] | Loss: 6.0105 (Cls: 6.0263, TAL: -0.3777, Adv: 0.3693, OT-Reg: 0.001318) | Marginal residual: 2.18e-04 | Train Acc: 0.3229 | Val Acc: 0.0769 | Val P/R/F1 (Macro): 0.0159/0.1667/0.0290 | LR: 0.000001
Epoch [53/100] | Loss: 6.2656 (Cls: 6.2207, TAL: 0.1158, Adv: 0.3877, OT-Reg: 0.001376) | Marginal residual: 1.28e-04 | Train Acc: 0.3021 | Val Acc: 0.1923 | Val P/R/F1 (Macro): 0.1042/0.2292/0.1085 | LR: 0.000001
Epoch [54/100] | Loss: 6.0840 (Cls: 6.1230, TAL: -0.5847, Adv: 0.3898, OT-Reg: 0.001337) | Marginal residual: 5.48e-04 | Train Acc: 0.2604 | Val Acc: 0.2692 | Val P/R/F1 (Macro): 0.1696/0.3417/0.1833 | LR: 0.000001
Epoch [55/100] | Loss: 6.0846 (Cls: 6.1196, TAL: -0.5524, Adv: 0.3911, OT-Reg: 0.001389) | Marginal residual: 5.13e-04 | Train Acc: 0.2917 | Val Acc: 0.2308 | Val P/R/F1 (Macro): 0.1818/0.2500/0.1389 | LR: 0.000001
Epoch [56/100] | Loss: 6.1079 (Cls: 6.1565, TAL: -0.6644, Adv: 0.3901, OT-Reg: 0.001361) | Marginal residual: 4.26e-04 | Train Acc: 0.2500 | Val Acc: 0.0385 | Val P/R/F1 (Macro): 0.0152/0.0833/0.0256 | LR: 0.000001
Epoch [57/100] | Loss: 6.0048 (Cls: 6.0544, TAL: -0.6648, Adv: 0.3774, OT-Reg: 0.001320) | Marginal residual: 2.36e-04 | Train Acc: 0.2500 | Val Acc: 0.2692 | Val P/R/F1 (Macro): 0.0897/0.3333/0.1370 | LR: 0.000001
Epoch [58/100] | Loss: 5.9948 (Cls: 5.9985, TAL: -0.3097, Adv: 0.4185, OT-Reg: 0.001409) | Marginal residual: 2.79e-05 | Train Acc: 0.2500 | Val Acc: 0.2692 | Val P/R/F1 (Macro): 0.1889/0.2833/0.1702 | LR: 0.000001
Epoch [59/100] | Loss: 6.1639 (Cls: 6.1794, TAL: -0.3770, Adv: 0.3720, OT-Reg: 0.001272) | Marginal residual: 3.54e-05 | Train Acc: 0.2083 | Val Acc: 0.1154 | Val P/R/F1 (Macro): 0.0495/0.1875/0.0667 | LR: 0.000001
Epoch [60/100] | Loss: 6.1094 (Cls: 5.9944, TAL: 0.7359, Adv: 0.3341, OT-Reg: 0.001172) | Marginal residual: 7.51e-08 | Train Acc: 0.1979 | Val Acc: 0.3462 | Val P/R/F1 (Macro): 0.2042/0.3750/0.2333 | LR: 0.000001
Epoch [61/100] | Loss: 5.9097 (Cls: 5.9551, TAL: -0.5497, Adv: 0.2567, OT-Reg: 0.001294) | Marginal residual: 3.88e-04 | Train Acc: 0.2708 | Val Acc: 0.0769 | Val P/R/F1 (Macro): 0.0175/0.1667/0.0317 | LR: 0.000001
Epoch [62/100] | Loss: 6.0109 (Cls: 6.0452, TAL: -0.5278, Adv: 0.3637, OT-Reg: 0.001292) | Marginal residual: 2.19e-04 | Train Acc: 0.2604 | Val Acc: 0.1154 | Val P/R/F1 (Macro): 0.1863/0.2000/0.0906 | LR: 0.000001
Epoch [63/100] | Loss: 6.0101 (Cls: 6.0618, TAL: -0.6325, Adv: 0.3019, OT-Reg: 0.001334) | Marginal residual: 5.99e-04 | Train Acc: 0.2083 | Val Acc: 0.0769 | Val P/R/F1 (Macro): 0.0128/0.1667/0.0238 | LR: 0.000001
Epoch [64/100] | Loss: 5.7410 (Cls: 5.7881, TAL: -0.5499, Adv: 0.2365, OT-Reg: 0.001333) | Marginal residual: 4.94e-04 | Train Acc: 0.3854 | Val Acc: 0.3077 | Val P/R/F1 (Macro): 0.1141/0.2667/0.1593 | LR: 0.000001
Epoch [65/100] | Loss: 6.0498 (Cls: 5.9500, TAL: 0.6176, Adv: 0.3201, OT-Reg: 0.001427) | Marginal residual: 5.84e-08 | Train Acc: 0.2292 | Val Acc: 0.1538 | Val P/R/F1 (Macro): 0.0639/0.2333/0.0905 | LR: 0.000001
Epoch [66/100] | Loss: 6.0405 (Cls: 6.0361, TAL: -0.1785, Adv: 0.3224, OT-Reg: 0.001454) | Marginal residual: 2.49e-04 | Train Acc: 0.2292 | Val Acc: 0.3846 | Val P/R/F1 (Macro): 0.3828/0.4000/0.3622 | LR: 0.000001
Epoch [67/100] | Loss: 5.8642 (Cls: 5.9271, TAL: -0.7684, Adv: 0.3658, OT-Reg: 0.001326) | Marginal residual: 4.70e-04 | Train Acc: 0.2917 | Val Acc: 0.2692 | Val P/R/F1 (Macro): 0.1310/0.3333/0.1784 | LR: 0.000001
Epoch [68/100] | Loss: 5.7195 (Cls: 5.7472, TAL: -0.5142, Adv: 0.4251, OT-Reg: 0.001221) | Marginal residual: 1.12e-04 | Train Acc: 0.2083 | Val Acc: 0.1923 | Val P/R/F1 (Macro): 0.1115/0.2833/0.1369 | LR: 0.000001
Epoch [69/100] | Loss: 5.8729 (Cls: 5.9286, TAL: -0.6550, Adv: 0.2869, OT-Reg: 0.001334) | Marginal residual: 3.74e-04 | Train Acc: 0.2604 | Val Acc: 0.2692 | Val P/R/F1 (Macro): 0.2479/0.3667/0.1833 | LR: 0.000001
Epoch [70/100] | Loss: 5.9241 (Cls: 5.9009, TAL: -0.0599, Adv: 0.3801, OT-Reg: 0.001332) | Marginal residual: 5.85e-04 | Train Acc: 0.2708 | Val Acc: 0.3077 | Val P/R/F1 (Macro): 0.3556/0.3167/0.2317 | LR: 0.000001
Epoch [71/100] | Loss: 6.1382 (Cls: 6.0227, TAL: 0.6207, Adv: 0.5123, OT-Reg: 0.001272) | Marginal residual: 6.15e-08 | Train Acc: 0.3333 | Val Acc: 0.2308 | Val P/R/F1 (Macro): 0.1288/0.2750/0.1495 | LR: 0.000001
Epoch [72/100] | Loss: 5.8550 (Cls: 5.8803, TAL: -0.4080, Adv: 0.2959, OT-Reg: 0.001361) | Marginal residual: 8.36e-04 | Train Acc: 0.3750 | Val Acc: 0.4231 | Val P/R/F1 (Macro): 0.3339/0.4167/0.3254 | LR: 0.000001
  >>> New Best Val Acc: 0.4231
Epoch [73/100] | Loss: 5.8161 (Cls: 5.8744, TAL: -0.6657, Adv: 0.2703, OT-Reg: 0.001301) | Marginal residual: 5.34e-04 | Train Acc: 0.2292 | Val Acc: 0.3462 | Val P/R/F1 (Macro): 0.3333/0.3500/0.2684 | LR: 0.000001
Epoch [74/100] | Loss: 5.6659 (Cls: 5.7215, TAL: -0.6775, Adv: 0.3205, OT-Reg: 0.001281) | Marginal residual: 3.87e-04 | Train Acc: 0.3021 | Val Acc: 0.1538 | Val P/R/F1 (Macro): 0.0952/0.0833/0.0889 | LR: 0.000001
Epoch [75/100] | Loss: 5.9487 (Cls: 5.9895, TAL: -0.5758, Adv: 0.3545, OT-Reg: 0.001283) | Marginal residual: 8.46e-04 | Train Acc: 0.2188 | Val Acc: 0.3077 | Val P/R/F1 (Macro): 0.1545/0.4167/0.2209 | LR: 0.000001
Epoch [76/100] | Loss: 5.8510 (Cls: 5.9095, TAL: -0.7325, Adv: 0.3684, OT-Reg: 0.001293) | Marginal residual: 9.46e-04 | Train Acc: 0.3333 | Val Acc: 0.1923 | Val P/R/F1 (Macro): 0.1321/0.1417/0.1361 | LR: 0.000001
Epoch [77/100] | Loss: 5.7432 (Cls: 5.8104, TAL: -0.7541, Adv: 0.2911, OT-Reg: 0.001307) | Marginal residual: 6.85e-04 | Train Acc: 0.3229 | Val Acc: 0.3077 | Val P/R/F1 (Macro): 0.2020/0.3417/0.2310 | LR: 0.000001
Epoch [78/100] | Loss: 5.6608 (Cls: 5.7188, TAL: -0.7049, Adv: 0.3318, OT-Reg: 0.001327) | Marginal residual: 6.61e-04 | Train Acc: 0.3021 | Val Acc: 0.1923 | Val P/R/F1 (Macro): 0.0881/0.2667/0.1214 | LR: 0.000001
Epoch [79/100] | Loss: 5.6686 (Cls: 5.7191, TAL: -0.6873, Adv: 0.4001, OT-Reg: 0.001247) | Marginal residual: 8.64e-04 | Train Acc: 0.3021 | Val Acc: 0.2308 | Val P/R/F1 (Macro): 0.1028/0.2000/0.1314 | LR: 0.000001
Epoch [80/100] | Loss: 5.7255 (Cls: 5.7655, TAL: -0.5843, Adv: 0.3768, OT-Reg: 0.001344) | Marginal residual: 8.61e-04 | Train Acc: 0.3021 | Val Acc: 0.1923 | Val P/R/F1 (Macro): 0.1250/0.2167/0.1581 | LR: 0.000001
Epoch [81/100] | Loss: 5.6450 (Cls: 5.6914, TAL: -0.6693, Adv: 0.4234, OT-Reg: 0.001357) | Marginal residual: 6.64e-04 | Train Acc: 0.3333 | Val Acc: 0.2308 | Val P/R/F1 (Macro): 0.0896/0.2500/0.1280 | LR: 0.000001
Epoch [82/100] | Loss: 5.8252 (Cls: 5.8645, TAL: -0.5429, Adv: 0.3239, OT-Reg: 0.001321) | Marginal residual: 6.34e-04 | Train Acc: 0.3021 | Val Acc: 0.3077 | Val P/R/F1 (Macro): 0.1250/0.2167/0.1468 | LR: 0.000001
Epoch [83/100] | Loss: 5.8408 (Cls: 5.8761, TAL: -0.6269, Adv: 0.4993, OT-Reg: 0.001307) | Marginal residual: 3.69e-04 | Train Acc: 0.2708 | Val Acc: 0.3077 | Val P/R/F1 (Macro): 0.1111/0.2292/0.1480 | LR: 0.000001
Epoch [84/100] | Loss: 5.6282 (Cls: 5.6653, TAL: -0.6167, Adv: 0.4615, OT-Reg: 0.001359) | Marginal residual: 2.52e-04 | Train Acc: 0.3125 | Val Acc: 0.3462 | Val P/R/F1 (Macro): 0.3214/0.3708/0.2889 | LR: 0.000001
Epoch [85/100] | Loss: 5.7650 (Cls: 5.8132, TAL: -0.7057, Adv: 0.4552, OT-Reg: 0.001329) | Marginal residual: 3.28e-04 | Train Acc: 0.2812 | Val Acc: 0.1923 | Val P/R/F1 (Macro): 0.1256/0.2833/0.1519 | LR: 0.000001
Epoch [86/100] | Loss: 5.5067 (Cls: 5.5524, TAL: -0.6586, Adv: 0.4172, OT-Reg: 0.001270) | Marginal residual: 5.13e-04 | Train Acc: 0.2500 | Val Acc: 0.3077 | Val P/R/F1 (Macro): 0.2034/0.3833/0.2286 | LR: 0.000001
Epoch [87/100] | Loss: 5.7020 (Cls: 5.7406, TAL: -0.6177, Adv: 0.4447, OT-Reg: 0.001345) | Marginal residual: 8.89e-04 | Train Acc: 0.3125 | Val Acc: 0.2692 | Val P/R/F1 (Macro): 0.2185/0.4083/0.2739 | LR: 0.000001
Epoch [88/100] | Loss: 5.8441 (Cls: 5.8952, TAL: -0.6323, Adv: 0.3095, OT-Reg: 0.001286) | Marginal residual: 4.52e-04 | Train Acc: 0.2917 | Val Acc: 0.3077 | Val P/R/F1 (Macro): 0.3016/0.2667/0.2199 | LR: 0.000001
Epoch [89/100] | Loss: 5.7445 (Cls: 5.7835, TAL: -0.6298, Adv: 0.4566, OT-Reg: 0.001389) | Marginal residual: 9.10e-04 | Train Acc: 0.2917 | Val Acc: 0.3846 | Val P/R/F1 (Macro): 0.3519/0.4833/0.3622 | LR: 0.000001
Epoch [90/100] | Loss: 5.6162 (Cls: 5.6523, TAL: -0.6757, Adv: 0.5627, OT-Reg: 0.001280) | Marginal residual: 1.03e-03 | Train Acc: 0.2396 | Val Acc: 0.2692 | Val P/R/F1 (Macro): 0.2529/0.3417/0.1944 | LR: 0.000001
Epoch [91/100] | Loss: 5.5814 (Cls: 5.6314, TAL: -0.7516, Adv: 0.5030, OT-Reg: 0.001365) | Marginal residual: 4.22e-04 | Train Acc: 0.2708 | Val Acc: 0.2308 | Val P/R/F1 (Macro): 0.1863/0.2917/0.1740 | LR: 0.000001
Epoch [92/100] | Loss: 5.7346 (Cls: 5.7003, TAL: 0.0440, Adv: 0.3639, OT-Reg: 0.001269) | Marginal residual: 2.42e-04 | Train Acc: 0.2292 | Val Acc: 0.1154 | Val P/R/F1 (Macro): 0.2152/0.1875/0.1103 | LR: 0.000001
Epoch [93/100] | Loss: 6.0113 (Cls: 5.9008, TAL: 0.6304, Adv: 0.4354, OT-Reg: 0.001329) | Marginal residual: 5.84e-08 | Train Acc: 0.1875 | Val Acc: 0.2308 | Val P/R/F1 (Macro): 0.3264/0.3083/0.2119 | LR: 0.000001
Epoch [94/100] | Loss: 6.2186 (Cls: 6.0914, TAL: 0.6852, Adv: 0.5621, OT-Reg: 0.001346) | Marginal residual: 5.46e-08 | Train Acc: 0.2083 | Val Acc: 0.0385 | Val P/R/F1 (Macro): 0.0093/0.0833/0.0167 | LR: 0.000001
Epoch [95/100] | Loss: 5.9686 (Cls: 5.8478, TAL: 0.6888, Adv: 0.4777, OT-Reg: 0.001192) | Marginal residual: 1.09e-04 | Train Acc: 0.1875 | Val Acc: 0.0769 | Val P/R/F1 (Macro): 0.0167/0.1667/0.0303 | LR: 0.000001
Epoch [96/100] | Loss: 5.9411 (Cls: 5.8003, TAL: 0.7560, Adv: 0.6254, OT-Reg: 0.001230) | Marginal residual: 6.64e-08 | Train Acc: 0.3125 | Val Acc: 0.1923 | Val P/R/F1 (Macro): 0.1090/0.3167/0.1467 | LR: 0.000001
Epoch [97/100] | Loss: 5.9425 (Cls: 5.8154, TAL: 0.7098, Adv: 0.5242, OT-Reg: 0.001423) | Marginal residual: 1.37e-05 | Train Acc: 0.3333 | Val Acc: 0.1923 | Val P/R/F1 (Macro): 0.0752/0.2667/0.1065 | LR: 0.000001
Epoch [98/100] | Loss: 6.0895 (Cls: 5.9645, TAL: 0.6125, Adv: 0.6431, OT-Reg: 0.001339) | Marginal residual: 1.99e-07 | Train Acc: 0.2708 | Val Acc: 0.1923 | Val P/R/F1 (Macro): 0.2351/0.2542/0.1296 | LR: 0.000001
Epoch [99/100] | Loss: 5.9678 (Cls: 5.8410, TAL: 0.6395, Adv: 0.6259, OT-Reg: 0.001292) | Marginal residual: 9.87e-08 | Train Acc: 0.3229 | Val Acc: 0.1538 | Val P/R/F1 (Macro): 0.1812/0.2083/0.0933 | LR: 0.000001
Epoch [100/100] | Loss: 6.2674 (Cls: 6.1513, TAL: 0.5555, Adv: 0.6174, OT-Reg: 0.001363) | Marginal residual: 2.51e-06 | Train Acc: 0.1771 | Val Acc: 0.2308 | Val P/R/F1 (Macro): 0.2407/0.2750/0.1606 | LR: 0.000001
Report strategy: last_window, window=10, reported_acc=0.1654, best_acc=0.4231

迭代 5 报告指标:
  Accuracy: 0.1654
  Precision (Macro): 0.1595
  Recall (Macro): 0.2358
  F1 (Macro): 0.1180
  Precision (Micro): 0.1654
  Recall (Micro): 0.1654
  F1 (Micro): 0.1654
  Val class coverage: 6/14 (0.4286), samples=26

================================================================================
5次迭代统计结果
================================================================================

accuracy:
  各迭代值: ['0.2423', '0.2462', '0.1385', '0.2962', '0.1654']
  均值 (Mean): 0.2177
  标准差 (Std): 0.0576

precision_macro:
  各迭代值: ['0.2159', '0.1091', '0.0943', '0.2028', '0.1595']
  均值 (Mean): 0.1563
  标准差 (Std): 0.0486

recall_macro:
  各迭代值: ['0.2437', '0.2254', '0.1750', '0.2896', '0.2358']
  均值 (Mean): 0.2339
  标准差 (Std): 0.0367

f1_macro:
  各迭代值: ['0.1737', '0.1390', '0.0839', '0.1968', '0.1180']
  均值 (Mean): 0.1423
  标准差 (Std): 0.0399

precision_micro:
  各迭代值: ['0.2423', '0.2462', '0.1385', '0.2962', '0.1654']
  均值 (Mean): 0.2177
  标准差 (Std): 0.0576

recall_micro:
  各迭代值: ['0.2423', '0.2462', '0.1385', '0.2962', '0.1654']
  均值 (Mean): 0.2177
  标准差 (Std): 0.0576

f1_micro:
  各迭代值: ['0.2423', '0.2462', '0.1385', '0.2962', '0.1654']
  均值 (Mean): 0.2177
  标准差 (Std): 0.0576

val_class_coverage:
  各迭代值: ['0.4286', '0.4286', '0.4286', '0.4286', '0.4286']
  均值 (Mean): 0.4286
  标准差 (Std): 0.0000

val_present_classes:
  各迭代值: ['6.0000', '6.0000', '6.0000', '6.0000', '6.0000']
  均值 (Mean): 6.0000
  标准差 (Std): 0.0000

val_total_classes:
  各迭代值: ['14.0000', '14.0000', '14.0000', '14.0000', '14.0000']
  均值 (Mean): 14.0000
  标准差 (Std): 0.0000

val_samples:
  各迭代值: ['26.0000', '26.0000', '26.0000', '26.0000', '26.0000']
  均值 (Mean): 26.0000
  标准差 (Std): 0.0000

训练结束时间: 2026-09-22 19:19:05
================================================================================
