================================================================================
模块消融实验 - with_tensor_with_ot
目标域天气: 雾天
训练开始时间: 2026-09-30 20:56:05
设备: cuda
源域: /mnt/data/lixiang/data/Data/晴天
目标域: /mnt/data/lixiang/data/Data/雾天
批次大小: 32
总轮数: 100
迭代次数: 5
使用Tensor模块: 是
使用OT模块: 是
特征融合方式: Tensor对齐
域对齐方式: 最优传输
目标标签比例/权重: 1.0/1.0
Tensor/Adv损失权重: 0.12/0.08
Tensor投影维度/更新: 16/每epoch一次; SVD统计批次=32
学习率: feature=5e-06, other=0.0002, weight_decay=0.0005
报告策略: best, 窗口: 10
================================================================================

================================================================================
迭代 1/5
随机种子: 42
================================================================================
Training mode: full target-label supervision (class-paired batches).
Feature fusion: Tensor alignment (512+512 -> 16+16); fused_dim=32
Domain adaptation: Neural OT generator with 3-domain discriminator
Loss weights: tensor=0.12, adv=0.08
Transport: mode=sinkhorn, epsilon=0.1, Sinkhorn iterations=50, correction scale=0.1, correction regularization weight=0.001
Tensor projection update: once per epoch from the complete target-training pairing bank; projection_dim=16, max_sweeps=10, relative singular-value tolerance=0.001
Epoch [1/100] | SVD update #1: pairs=440, sweeps=3, converged=True, rel_change=7.755e-05, effective_ranks=(327, 126), class_paired=True
Epoch [1/100] | Loss: 7.5044 (Cls: 7.5039, TAL: -0.2260, Adv: 0.3452, OT-Reg: 0.001798) | OT inner objective: 0.2043 | Marginal residual row/col/max: 9.89e-09/1.48e-08/1.49e-08 | Train Acc: 0.1755 | Val Acc: 0.0435 | Val P/R/F1 (Macro): 0.0051/0.1111/0.0097 | LR: 0.000005
  >>> New Best Val Acc: 0.0435
Epoch [2/100] | SVD update #2: pairs=440, sweeps=10, converged=False, rel_change=4.167e-02, effective_ranks=(327, 70), class_paired=True
Epoch [2/100] | Loss: 7.8058 (Cls: 7.7726, TAL: 0.1424, Adv: 0.2020, OT-Reg: 0.001603) | OT inner objective: 0.1377 | Marginal residual row/col/max: 5.86e-08/2.11e-08/6.52e-08 | Train Acc: 0.1106 | Val Acc: 0.0783 | Val P/R/F1 (Macro): 0.0543/0.1304/0.0746 | LR: 0.000005
  >>> New Best Val Acc: 0.0783
Epoch [3/100] | SVD update #3: pairs=440, sweeps=10, converged=True, rel_change=1.928e-04, effective_ranks=(314, 32), class_paired=True
Epoch [3/100] | Loss: 7.3097 (Cls: 7.2753, TAL: 0.1252, Adv: 0.2431, OT-Reg: 0.001401) | OT inner objective: 0.2353 | Marginal residual row/col/max: 1.65e-08/3.44e-08/3.55e-08 | Train Acc: 0.1226 | Val Acc: 0.1217 | Val P/R/F1 (Macro): 0.0552/0.1618/0.0702 | LR: 0.000005
  >>> New Best Val Acc: 0.1217
Epoch [4/100] | SVD update #4: pairs=440, sweeps=10, converged=False, rel_change=1.025e-01, effective_ranks=(314, 30), class_paired=True
Epoch [4/100] | Loss: 7.1131 (Cls: 7.1008, TAL: -0.0376, Adv: 0.2097, OT-Reg: 0.001333) | OT inner objective: 0.0553 | Marginal residual row/col/max: 1.43e-04/3.24e-08/1.43e-04 | Train Acc: 0.1226 | Val Acc: 0.1652 | Val P/R/F1 (Macro): 0.2002/0.2154/0.1013 | LR: 0.000005
  >>> New Best Val Acc: 0.1652
Epoch [5/100] | SVD update #5: pairs=440, sweeps=8, converged=True, rel_change=4.101e-04, effective_ranks=(314, 25), class_paired=True
Epoch [5/100] | Loss: 7.3118 (Cls: 7.3105, TAL: -0.1357, Adv: 0.2200, OT-Reg: 0.001112) | OT inner objective: 0.1171 | Marginal residual row/col/max: 2.23e-06/2.87e-08/2.24e-06 | Train Acc: 0.1322 | Val Acc: 0.0696 | Val P/R/F1 (Macro): 0.0628/0.1447/0.0714 | LR: 0.000005
Epoch [6/100] | SVD update #6: pairs=440, sweeps=5, converged=True, rel_change=5.853e-04, effective_ranks=(325, 17), class_paired=True
Epoch [6/100] | Loss: 6.4441 (Cls: 6.4247, TAL: -0.0147, Adv: 0.2644, OT-Reg: 0.001296) | OT inner objective: 0.0828 | Marginal residual row/col/max: 8.70e-07/1.65e-08/8.72e-07 | Train Acc: 0.1899 | Val Acc: 0.2000 | Val P/R/F1 (Macro): 0.1370/0.3136/0.1532 | LR: 0.000005
  >>> New Best Val Acc: 0.2000
Epoch [7/100] | SVD update #7: pairs=440, sweeps=10, converged=True, rel_change=6.974e-04, effective_ranks=(320, 22), class_paired=True
Epoch [7/100] | Loss: 6.2507 (Cls: 6.2571, TAL: -0.1806, Adv: 0.1904, OT-Reg: 0.001326) | OT inner objective: 0.0211 | Marginal residual row/col/max: 1.59e-04/1.66e-08/1.59e-04 | Train Acc: 0.1971 | Val Acc: 0.2000 | Val P/R/F1 (Macro): 0.1101/0.2700/0.1438 | LR: 0.000005
Epoch [8/100] | SVD update #8: pairs=440, sweeps=9, converged=True, rel_change=7.661e-04, effective_ranks=(326, 25), class_paired=True
Epoch [8/100] | Loss: 7.0403 (Cls: 7.0606, TAL: -0.3060, Adv: 0.2056, OT-Reg: 0.001244) | OT inner objective: 0.0027 | Marginal residual row/col/max: 7.61e-05/1.79e-08/7.61e-05 | Train Acc: 0.1346 | Val Acc: 0.1652 | Val P/R/F1 (Macro): 0.1129/0.1344/0.0922 | LR: 0.000005
Epoch [9/100] | SVD update #9: pairs=440, sweeps=7, converged=True, rel_change=1.307e-04, effective_ranks=(319, 17), class_paired=True
Epoch [9/100] | Loss: 6.6947 (Cls: 6.6640, TAL: 0.1293, Adv: 0.1898, OT-Reg: 0.001467) | OT inner objective: 0.1795 | Marginal residual row/col/max: 1.08e-05/1.36e-08/1.08e-05 | Train Acc: 0.1442 | Val Acc: 0.2522 | Val P/R/F1 (Macro): 0.2813/0.2446/0.2202 | LR: 0.000005
  >>> New Best Val Acc: 0.2522
Epoch [10/100] | SVD update #10: pairs=440, sweeps=10, converged=True, rel_change=4.296e-04, effective_ranks=(315, 12), class_paired=True
Epoch [10/100] | Loss: 6.4162 (Cls: 6.4151, TAL: -0.1172, Adv: 0.1888, OT-Reg: 0.001286) | OT inner objective: -0.0221 | Marginal residual row/col/max: 1.24e-04/3.02e-08/1.24e-04 | Train Acc: 0.1947 | Val Acc: 0.1652 | Val P/R/F1 (Macro): 0.0561/0.1696/0.0746 | LR: 0.000005
Epoch [11/100] | SVD update #11: pairs=440, sweeps=10, converged=True, rel_change=7.566e-04, effective_ranks=(323, 13), class_paired=True
Epoch [11/100] | Loss: 6.1938 (Cls: 6.1870, TAL: -0.0568, Adv: 0.1701, OT-Reg: 0.001500) | OT inner objective: -0.0687 | Marginal residual row/col/max: 8.78e-05/2.02e-08/8.78e-05 | Train Acc: 0.1947 | Val Acc: 0.2783 | Val P/R/F1 (Macro): 0.2343/0.3280/0.2024 | LR: 0.000005
  >>> New Best Val Acc: 0.2783
Epoch [12/100] | SVD update #12: pairs=440, sweeps=8, converged=True, rel_change=4.533e-04, effective_ranks=(322, 16), class_paired=True
Epoch [12/100] | Loss: 6.1930 (Cls: 6.1926, TAL: -0.0956, Adv: 0.1492, OT-Reg: 0.001248) | OT inner objective: -0.0036 | Marginal residual row/col/max: 5.02e-05/2.99e-08/5.02e-05 | Train Acc: 0.1538 | Val Acc: 0.1043 | Val P/R/F1 (Macro): 0.1913/0.1902/0.0908 | LR: 0.000005
Epoch [13/100] | SVD update #13: pairs=440, sweeps=7, converged=True, rel_change=9.493e-04, effective_ranks=(326, 16), class_paired=True
Epoch [13/100] | Loss: 6.0871 (Cls: 6.0766, TAL: -0.0116, Adv: 0.1488, OT-Reg: 0.001365) | OT inner objective: 0.1411 | Marginal residual row/col/max: 1.51e-04/3.61e-08/1.51e-04 | Train Acc: 0.1779 | Val Acc: 0.2435 | Val P/R/F1 (Macro): 0.1164/0.2884/0.1580 | LR: 0.000005
Epoch [14/100] | SVD update #14: pairs=440, sweeps=10, converged=True, rel_change=5.504e-04, effective_ranks=(321, 15), class_paired=True
Epoch [14/100] | Loss: 6.4449 (Cls: 6.4249, TAL: 0.0387, Adv: 0.1909, OT-Reg: 0.001431) | OT inner objective: 0.0544 | Marginal residual row/col/max: 7.92e-06/2.92e-08/7.92e-06 | Train Acc: 0.2188 | Val Acc: 0.2000 | Val P/R/F1 (Macro): 0.1864/0.2518/0.1715 | LR: 0.000005
Epoch [15/100] | SVD update #15: pairs=440, sweeps=10, converged=True, rel_change=9.169e-04, effective_ranks=(320, 15), class_paired=True
Epoch [15/100] | Loss: 5.6890 (Cls: 5.7025, TAL: -0.2190, Adv: 0.1589, OT-Reg: 0.001361) | OT inner objective: -0.0532 | Marginal residual row/col/max: 1.61e-04/3.70e-08/1.61e-04 | Train Acc: 0.3053 | Val Acc: 0.2348 | Val P/R/F1 (Macro): 0.2092/0.2606/0.1668 | LR: 0.000005
Epoch [16/100] | SVD update #16: pairs=440, sweeps=6, converged=True, rel_change=7.913e-04, effective_ranks=(323, 14), class_paired=True
Epoch [16/100] | Loss: 5.6139 (Cls: 5.6064, TAL: -0.0490, Adv: 0.1673, OT-Reg: 0.001369) | OT inner objective: -0.0431 | Marginal residual row/col/max: 2.82e-04/2.46e-08/2.82e-04 | Train Acc: 0.2476 | Val Acc: 0.3130 | Val P/R/F1 (Macro): 0.3555/0.3218/0.2555 | LR: 0.000005
  >>> New Best Val Acc: 0.3130
Epoch [17/100] | SVD update #17: pairs=440, sweeps=7, converged=True, rel_change=8.510e-04, effective_ranks=(321, 18), class_paired=True
Epoch [17/100] | Loss: 5.3768 (Cls: 5.3770, TAL: -0.1201, Adv: 0.1778, OT-Reg: 0.001426) | OT inner objective: -0.1707 | Marginal residual row/col/max: 3.60e-04/1.43e-08/3.60e-04 | Train Acc: 0.2668 | Val Acc: 0.3217 | Val P/R/F1 (Macro): 0.1944/0.3324/0.2332 | LR: 0.000005
  >>> New Best Val Acc: 0.3217
Epoch [18/100] | SVD update #18: pairs=440, sweeps=4, converged=True, rel_change=4.873e-04, effective_ranks=(310, 14), class_paired=True
Epoch [18/100] | Loss: 5.3212 (Cls: 5.3334, TAL: -0.2021, Adv: 0.1503, OT-Reg: 0.001448) | OT inner objective: -0.1098 | Marginal residual row/col/max: 3.27e-04/1.93e-08/3.27e-04 | Train Acc: 0.3173 | Val Acc: 0.2957 | Val P/R/F1 (Macro): 0.3239/0.3334/0.2604 | LR: 0.000005
Epoch [19/100] | SVD update #19: pairs=440, sweeps=6, converged=True, rel_change=4.520e-04, effective_ranks=(324, 19), class_paired=True
Epoch [19/100] | Loss: 5.8263 (Cls: 5.8126, TAL: 0.0146, Adv: 0.1497, OT-Reg: 0.001295) | OT inner objective: 0.0573 | Marginal residual row/col/max: 6.06e-05/3.74e-08/6.06e-05 | Train Acc: 0.2909 | Val Acc: 0.2783 | Val P/R/F1 (Macro): 0.2583/0.3105/0.2390 | LR: 0.000005
Epoch [20/100] | SVD update #20: pairs=440, sweeps=7, converged=True, rel_change=8.979e-04, effective_ranks=(325, 17), class_paired=True
Epoch [20/100] | Loss: 5.2378 (Cls: 5.2405, TAL: -0.1388, Adv: 0.1749, OT-Reg: 0.001408) | OT inner objective: -0.0757 | Marginal residual row/col/max: 7.62e-05/3.41e-08/7.62e-05 | Train Acc: 0.3293 | Val Acc: 0.3304 | Val P/R/F1 (Macro): 0.4401/0.3917/0.3203 | LR: 0.000005
  >>> New Best Val Acc: 0.3304
Epoch [21/100] | SVD update #21: pairs=440, sweeps=7, converged=True, rel_change=9.940e-04, effective_ranks=(321, 17), class_paired=True
Epoch [21/100] | Loss: 5.3274 (Cls: 5.3440, TAL: -0.2225, Adv: 0.1268, OT-Reg: 0.001245) | OT inner objective: -0.0363 | Marginal residual row/col/max: 2.33e-04/3.54e-08/2.33e-04 | Train Acc: 0.2812 | Val Acc: 0.3739 | Val P/R/F1 (Macro): 0.3192/0.3593/0.3003 | LR: 0.000005
  >>> New Best Val Acc: 0.3739
Epoch [22/100] | SVD update #22: pairs=440, sweeps=6, converged=True, rel_change=3.149e-04, effective_ranks=(318, 18), class_paired=True
Epoch [22/100] | Loss: 5.1913 (Cls: 5.2047, TAL: -0.1987, Adv: 0.1307, OT-Reg: 0.001431) | OT inner objective: -0.0050 | Marginal residual row/col/max: 4.99e-05/2.92e-08/4.99e-05 | Train Acc: 0.2740 | Val Acc: 0.2783 | Val P/R/F1 (Macro): 0.2659/0.3345/0.2357 | LR: 0.000005
Epoch [23/100] | SVD update #23: pairs=440, sweeps=8, converged=True, rel_change=8.072e-04, effective_ranks=(327, 15), class_paired=True
Epoch [23/100] | Loss: 5.7558 (Cls: 5.7643, TAL: -0.1456, Adv: 0.1117, OT-Reg: 0.001551) | OT inner objective: -0.0034 | Marginal residual row/col/max: 2.03e-04/1.45e-08/2.03e-04 | Train Acc: 0.2620 | Val Acc: 0.2435 | Val P/R/F1 (Macro): 0.2699/0.3433/0.2533 | LR: 0.000005
Epoch [24/100] | SVD update #24: pairs=440, sweeps=10, converged=False, rel_change=2.468e-02, effective_ranks=(313, 15), class_paired=True
Epoch [24/100] | Loss: 5.8887 (Cls: 5.8996, TAL: -0.1676, Adv: 0.1147, OT-Reg: 0.001545) | OT inner objective: -0.0118 | Marginal residual row/col/max: 9.18e-05/2.39e-08/9.18e-05 | Train Acc: 0.2091 | Val Acc: 0.4000 | Val P/R/F1 (Macro): 0.2550/0.3702/0.2923 | LR: 0.000005
  >>> New Best Val Acc: 0.4000
Epoch [25/100] | SVD update #25: pairs=440, sweeps=10, converged=False, rel_change=3.518e-03, effective_ranks=(312, 15), class_paired=True
Epoch [25/100] | Loss: 5.1173 (Cls: 5.1408, TAL: -0.2795, Adv: 0.1254, OT-Reg: 0.001377) | OT inner objective: -0.1705 | Marginal residual row/col/max: 5.69e-04/2.24e-08/5.69e-04 | Train Acc: 0.2380 | Val Acc: 0.3391 | Val P/R/F1 (Macro): 0.3768/0.3439/0.2972 | LR: 0.000005
Epoch [26/100] | SVD update #26: pairs=440, sweeps=10, converged=False, rel_change=1.813e-03, effective_ranks=(324, 20), class_paired=True
Epoch [26/100] | Loss: 5.9444 (Cls: 5.9302, TAL: 0.0492, Adv: 0.1037, OT-Reg: 0.001507) | OT inner objective: 0.0369 | Marginal residual row/col/max: 1.23e-04/1.19e-08/1.23e-04 | Train Acc: 0.1851 | Val Acc: 0.1826 | Val P/R/F1 (Macro): 0.2103/0.1746/0.1492 | LR: 0.000005
Epoch [27/100] | SVD update #27: pairs=440, sweeps=10, converged=True, rel_change=8.319e-04, effective_ranks=(321, 14), class_paired=True
Epoch [27/100] | Loss: 5.8688 (Cls: 5.8612, TAL: -0.0398, Adv: 0.1544, OT-Reg: 0.001474) | OT inner objective: 0.0182 | Marginal residual row/col/max: 1.09e-04/1.56e-08/1.09e-04 | Train Acc: 0.1923 | Val Acc: 0.3130 | Val P/R/F1 (Macro): 0.3319/0.3278/0.2413 | LR: 0.000005
Epoch [28/100] | SVD update #28: pairs=440, sweeps=10, converged=False, rel_change=4.258e-03, effective_ranks=(313, 10), class_paired=True
Epoch [28/100] | Loss: 6.3255 (Cls: 6.3362, TAL: -0.1539, Adv: 0.0975, OT-Reg: 0.001383) | OT inner objective: -0.1222 | Marginal residual row/col/max: 9.26e-05/2.58e-08/9.26e-05 | Train Acc: 0.2236 | Val Acc: 0.4261 | Val P/R/F1 (Macro): 0.4660/0.4251/0.3877 | LR: 0.000005
  >>> New Best Val Acc: 0.4261
Epoch [29/100] | SVD update #29: pairs=440, sweeps=10, converged=False, rel_change=1.579e-03, effective_ranks=(315, 12), class_paired=True
Epoch [29/100] | Loss: 5.6368 (Cls: 5.6318, TAL: -0.0418, Adv: 0.1247, OT-Reg: 0.001516) | OT inner objective: -0.0012 | Marginal residual row/col/max: 1.52e-04/1.81e-08/1.52e-04 | Train Acc: 0.1971 | Val Acc: 0.2174 | Val P/R/F1 (Macro): 0.2786/0.1833/0.1711 | LR: 0.000005
Epoch [30/100] | SVD update #30: pairs=440, sweeps=5, converged=True, rel_change=4.147e-04, effective_ranks=(305, 10), class_paired=True
Epoch [30/100] | Loss: 5.2260 (Cls: 5.2373, TAL: -0.2086, Adv: 0.1722, OT-Reg: 0.001400) | OT inner objective: -0.1664 | Marginal residual row/col/max: 6.70e-05/1.56e-08/6.70e-05 | Train Acc: 0.2644 | Val Acc: 0.2609 | Val P/R/F1 (Macro): 0.2178/0.2992/0.2368 | LR: 0.000005
Epoch [31/100] | SVD update #31: pairs=440, sweeps=4, converged=True, rel_change=4.539e-04, effective_ranks=(315, 9), class_paired=True
Epoch [31/100] | Loss: 4.9170 (Cls: 4.9174, TAL: -0.1018, Adv: 0.1467, OT-Reg: 0.001470) | OT inner objective: -0.0975 | Marginal residual row/col/max: 1.82e-04/1.95e-08/1.82e-04 | Train Acc: 0.3942 | Val Acc: 0.4174 | Val P/R/F1 (Macro): 0.4195/0.3962/0.3493 | LR: 0.000005
Epoch [32/100] | SVD update #32: pairs=440, sweeps=6, converged=True, rel_change=5.046e-04, effective_ranks=(326, 13), class_paired=True
Epoch [32/100] | Loss: 5.0224 (Cls: 5.0341, TAL: -0.1625, Adv: 0.0967, OT-Reg: 0.001550) | OT inner objective: -0.1573 | Marginal residual row/col/max: 1.46e-04/1.83e-08/1.46e-04 | Train Acc: 0.3005 | Val Acc: 0.1826 | Val P/R/F1 (Macro): 0.2338/0.2275/0.1799 | LR: 0.000005
Epoch [33/100] | SVD update #33: pairs=440, sweeps=10, converged=False, rel_change=1.493e-03, effective_ranks=(321, 15), class_paired=True
Epoch [33/100] | Loss: 5.5850 (Cls: 5.5905, TAL: -0.0993, Adv: 0.0804, OT-Reg: 0.001487) | OT inner objective: -0.0744 | Marginal residual row/col/max: 2.00e-04/1.72e-08/2.00e-04 | Train Acc: 0.2284 | Val Acc: 0.1217 | Val P/R/F1 (Macro): 0.0590/0.2450/0.0860 | LR: 0.000005
Epoch [34/100] | SVD update #34: pairs=440, sweeps=4, converged=True, rel_change=8.204e-04, effective_ranks=(321, 13), class_paired=True
Epoch [34/100] | Loss: 5.1826 (Cls: 5.2155, TAL: -0.3279, Adv: 0.0812, OT-Reg: 0.001489) | OT inner objective: -0.1655 | Marginal residual row/col/max: 1.26e-04/1.58e-08/1.26e-04 | Train Acc: 0.3077 | Val Acc: 0.3739 | Val P/R/F1 (Macro): 0.3857/0.5001/0.3564 | LR: 0.000005
Epoch [35/100] | SVD update #35: pairs=440, sweeps=5, converged=True, rel_change=7.026e-04, effective_ranks=(323, 12), class_paired=True
Epoch [35/100] | Loss: 4.9152 (Cls: 4.9290, TAL: -0.1640, Adv: 0.0736, OT-Reg: 0.001497) | OT inner objective: -0.1708 | Marginal residual row/col/max: 4.20e-04/1.46e-08/4.20e-04 | Train Acc: 0.4111 | Val Acc: 0.2609 | Val P/R/F1 (Macro): 0.4631/0.3125/0.1995 | LR: 0.000005
Epoch [36/100] | SVD update #36: pairs=440, sweeps=10, converged=False, rel_change=3.202e-02, effective_ranks=(322, 14), class_paired=True
Epoch [36/100] | Loss: 5.0890 (Cls: 5.0897, TAL: -0.0793, Adv: 0.1102, OT-Reg: 0.001583) | OT inner objective: 0.0349 | Marginal residual row/col/max: 4.79e-05/1.43e-08/4.79e-05 | Train Acc: 0.2260 | Val Acc: 0.2609 | Val P/R/F1 (Macro): 0.2213/0.1966/0.1973 | LR: 0.000005
Epoch [37/100] | SVD update #37: pairs=440, sweeps=8, converged=True, rel_change=8.601e-04, effective_ranks=(323, 12), class_paired=True
Epoch [37/100] | Loss: 5.2280 (Cls: 5.2183, TAL: -0.0191, Adv: 0.1506, OT-Reg: 0.001454) | OT inner objective: -0.0347 | Marginal residual row/col/max: 1.92e-05/2.56e-08/1.92e-05 | Train Acc: 0.2524 | Val Acc: 0.2696 | Val P/R/F1 (Macro): 0.2426/0.2267/0.2018 | LR: 0.000005
Epoch [38/100] | SVD update #38: pairs=440, sweeps=6, converged=True, rel_change=8.932e-04, effective_ranks=(320, 11), class_paired=True
Epoch [38/100] | Loss: 5.3105 (Cls: 5.3231, TAL: -0.1658, Adv: 0.0914, OT-Reg: 0.001515) | OT inner objective: -0.0058 | Marginal residual row/col/max: 9.04e-05/1.53e-08/9.04e-05 | Train Acc: 0.3462 | Val Acc: 0.1652 | Val P/R/F1 (Macro): 0.2358/0.2325/0.1526 | LR: 0.000005
Epoch [39/100] | SVD update #39: pairs=440, sweeps=10, converged=False, rel_change=1.503e-01, effective_ranks=(324, 13), class_paired=True
Epoch [39/100] | Loss: 5.3726 (Cls: 5.3678, TAL: -0.0561, Adv: 0.1443, OT-Reg: 0.001520) | OT inner objective: -0.0909 | Marginal residual row/col/max: 2.03e-04/1.36e-08/2.03e-04 | Train Acc: 0.2188 | Val Acc: 0.4087 | Val P/R/F1 (Macro): 0.3043/0.2485/0.2243 | LR: 0.000003
Epoch [40/100] | SVD update #40: pairs=440, sweeps=5, converged=True, rel_change=2.342e-04, effective_ranks=(310, 8), class_paired=True
Epoch [40/100] | Loss: 5.2645 (Cls: 5.2621, TAL: -0.0460, Adv: 0.1001, OT-Reg: 0.001478) | OT inner objective: -0.1679 | Marginal residual row/col/max: 2.88e-04/1.55e-08/2.88e-04 | Train Acc: 0.3101 | Val Acc: 0.3913 | Val P/R/F1 (Macro): 0.2931/0.4072/0.3280 | LR: 0.000003
Epoch [41/100] | SVD update #41: pairs=440, sweeps=4, converged=True, rel_change=4.460e-04, effective_ranks=(294, 9), class_paired=True
Epoch [41/100] | Loss: 5.0842 (Cls: 5.0934, TAL: -0.1417, Adv: 0.0976, OT-Reg: 0.001521) | OT inner objective: -0.0919 | Marginal residual row/col/max: 2.15e-04/1.23e-08/2.15e-04 | Train Acc: 0.3966 | Val Acc: 0.3391 | Val P/R/F1 (Macro): 0.2885/0.3622/0.2703 | LR: 0.000003
Epoch [42/100] | SVD update #42: pairs=440, sweeps=9, converged=True, rel_change=2.672e-04, effective_ranks=(320, 12), class_paired=True
Epoch [42/100] | Loss: 5.3623 (Cls: 5.3613, TAL: -0.0724, Adv: 0.1212, OT-Reg: 0.001570) | OT inner objective: -0.0440 | Marginal residual row/col/max: 1.77e-05/1.26e-08/1.77e-05 | Train Acc: 0.2644 | Val Acc: 0.2087 | Val P/R/F1 (Macro): 0.3168/0.2283/0.2119 | LR: 0.000003
Epoch [43/100] | SVD update #43: pairs=440, sweeps=7, converged=True, rel_change=9.862e-04, effective_ranks=(323, 12), class_paired=True
Epoch [43/100] | Loss: 5.3831 (Cls: 5.3784, TAL: -0.0593, Adv: 0.1478, OT-Reg: 0.001577) | OT inner objective: -0.1607 | Marginal residual row/col/max: 1.55e-04/1.76e-08/1.55e-04 | Train Acc: 0.3197 | Val Acc: 0.4261 | Val P/R/F1 (Macro): 0.4432/0.4552/0.3984 | LR: 0.000003
Epoch [44/100] | SVD update #44: pairs=440, sweeps=4, converged=True, rel_change=6.883e-04, effective_ranks=(324, 12), class_paired=True
Epoch [44/100] | Loss: 4.8209 (Cls: 4.8555, TAL: -0.3392, Adv: 0.0768, OT-Reg: 0.001557) | OT inner objective: -0.1572 | Marginal residual row/col/max: 2.83e-04/1.46e-08/2.83e-04 | Train Acc: 0.4231 | Val Acc: 0.3478 | Val P/R/F1 (Macro): 0.2367/0.3948/0.2817 | LR: 0.000003
Epoch [45/100] | SVD update #45: pairs=440, sweeps=5, converged=True, rel_change=8.096e-04, effective_ranks=(319, 9), class_paired=True
Epoch [45/100] | Loss: 4.9023 (Cls: 4.9344, TAL: -0.3294, Adv: 0.0926, OT-Reg: 0.001600) | OT inner objective: -0.1945 | Marginal residual row/col/max: 2.18e-04/1.23e-08/2.18e-04 | Train Acc: 0.4062 | Val Acc: 0.4435 | Val P/R/F1 (Macro): 0.4820/0.5343/0.4525 | LR: 0.000003
  >>> New Best Val Acc: 0.4435
Epoch [46/100] | SVD update #46: pairs=440, sweeps=5, converged=True, rel_change=7.430e-04, effective_ranks=(324, 13), class_paired=True
Epoch [46/100] | Loss: 4.5708 (Cls: 4.6080, TAL: -0.3744, Adv: 0.0966, OT-Reg: 0.001558) | OT inner objective: -0.2155 | Marginal residual row/col/max: 1.85e-04/1.52e-08/1.85e-04 | Train Acc: 0.4399 | Val Acc: 0.3826 | Val P/R/F1 (Macro): 0.5660/0.4600/0.3683 | LR: 0.000003
Epoch [47/100] | SVD update #47: pairs=440, sweeps=5, converged=True, rel_change=4.822e-04, effective_ranks=(318, 14), class_paired=True
Epoch [47/100] | Loss: 4.8766 (Cls: 4.9135, TAL: -0.3778, Adv: 0.1051, OT-Reg: 0.001597) | OT inner objective: -0.2061 | Marginal residual row/col/max: 9.47e-05/1.16e-08/9.47e-05 | Train Acc: 0.3774 | Val Acc: 0.3478 | Val P/R/F1 (Macro): 0.2933/0.4395/0.2882 | LR: 0.000003
Epoch [48/100] | SVD update #48: pairs=440, sweeps=5, converged=True, rel_change=9.086e-04, effective_ranks=(325, 12), class_paired=True
Epoch [48/100] | Loss: 4.7895 (Cls: 4.8104, TAL: -0.2375, Adv: 0.0949, OT-Reg: 0.001438) | OT inner objective: -0.1637 | Marginal residual row/col/max: 2.52e-04/1.20e-08/2.52e-04 | Train Acc: 0.3750 | Val Acc: 0.3652 | Val P/R/F1 (Macro): 0.5099/0.4986/0.3659 | LR: 0.000003
Epoch [49/100] | SVD update #49: pairs=440, sweeps=6, converged=True, rel_change=9.910e-04, effective_ranks=(325, 16), class_paired=True
Epoch [49/100] | Loss: 4.7085 (Cls: 4.7272, TAL: -0.2383, Adv: 0.1240, OT-Reg: 0.001475) | OT inner objective: -0.2038 | Marginal residual row/col/max: 2.56e-04/1.28e-08/2.56e-04 | Train Acc: 0.3822 | Val Acc: 0.4261 | Val P/R/F1 (Macro): 0.4084/0.4488/0.3863 | LR: 0.000003
Epoch [50/100] | SVD update #50: pairs=440, sweeps=4, converged=True, rel_change=8.014e-04, effective_ranks=(317, 11), class_paired=True
Epoch [50/100] | Loss: 4.7003 (Cls: 4.7192, TAL: -0.2362, Adv: 0.1168, OT-Reg: 0.001535) | OT inner objective: -0.1314 | Marginal residual row/col/max: 1.18e-04/1.53e-08/1.18e-04 | Train Acc: 0.4928 | Val Acc: 0.3565 | Val P/R/F1 (Macro): 0.3419/0.4416/0.3021 | LR: 0.000003
Epoch [51/100] | SVD update #51: pairs=440, sweeps=10, converged=False, rel_change=6.558e-02, effective_ranks=(325, 19), class_paired=True
Epoch [51/100] | Loss: 5.4427 (Cls: 5.4247, TAL: 0.0690, Adv: 0.1219, OT-Reg: 0.001436) | OT inner objective: -0.0229 | Marginal residual row/col/max: 2.49e-04/1.88e-08/2.49e-04 | Train Acc: 0.2476 | Val Acc: 0.2174 | Val P/R/F1 (Macro): 0.2508/0.2337/0.1940 | LR: 0.000003
Epoch [52/100] | SVD update #52: pairs=440, sweeps=7, converged=True, rel_change=8.122e-04, effective_ranks=(318, 18), class_paired=True
Epoch [52/100] | Loss: 5.0156 (Cls: 5.0290, TAL: -0.1693, Adv: 0.0853, OT-Reg: 0.001552) | OT inner objective: -0.1541 | Marginal residual row/col/max: 2.84e-04/1.25e-08/2.84e-04 | Train Acc: 0.2885 | Val Acc: 0.2522 | Val P/R/F1 (Macro): 0.3042/0.2896/0.2475 | LR: 0.000003
Epoch [53/100] | SVD update #53: pairs=440, sweeps=7, converged=True, rel_change=5.867e-04, effective_ranks=(309, 11), class_paired=True
Epoch [53/100] | Loss: 5.0666 (Cls: 5.0683, TAL: -0.0835, Adv: 0.1037, OT-Reg: 0.001445) | OT inner objective: -0.1082 | Marginal residual row/col/max: 2.42e-04/1.60e-08/2.42e-04 | Train Acc: 0.2909 | Val Acc: 0.3652 | Val P/R/F1 (Macro): 0.4168/0.3700/0.2857 | LR: 0.000003
Epoch [54/100] | SVD update #54: pairs=440, sweeps=7, converged=True, rel_change=4.975e-04, effective_ranks=(317, 11), class_paired=True
Epoch [54/100] | Loss: 4.5572 (Cls: 4.5756, TAL: -0.2401, Adv: 0.1295, OT-Reg: 0.001467) | OT inner objective: -0.1394 | Marginal residual row/col/max: 4.02e-04/2.22e-08/4.02e-04 | Train Acc: 0.4351 | Val Acc: 0.3130 | Val P/R/F1 (Macro): 0.2931/0.3953/0.2868 | LR: 0.000003
Epoch [55/100] | SVD update #55: pairs=440, sweeps=5, converged=True, rel_change=8.719e-04, effective_ranks=(326, 11), class_paired=True
Epoch [55/100] | Loss: 4.5434 (Cls: 4.5557, TAL: -0.1985, Adv: 0.1439, OT-Reg: 0.001521) | OT inner objective: -0.1106 | Marginal residual row/col/max: 2.26e-04/1.25e-08/2.26e-04 | Train Acc: 0.3894 | Val Acc: 0.3304 | Val P/R/F1 (Macro): 0.4108/0.4307/0.3407 | LR: 0.000003
Epoch [56/100] | SVD update #56: pairs=440, sweeps=5, converged=True, rel_change=2.404e-04, effective_ranks=(324, 14), class_paired=True
Epoch [56/100] | Loss: 4.6225 (Cls: 4.6393, TAL: -0.2482, Adv: 0.1618, OT-Reg: 0.001478) | OT inner objective: -0.1336 | Marginal residual row/col/max: 2.52e-04/1.32e-08/2.52e-04 | Train Acc: 0.4351 | Val Acc: 0.3478 | Val P/R/F1 (Macro): 0.4661/0.4512/0.3547 | LR: 0.000001
Epoch [57/100] | SVD update #57: pairs=440, sweeps=5, converged=True, rel_change=2.577e-04, effective_ranks=(326, 12), class_paired=True
Epoch [57/100] | Loss: 4.5226 (Cls: 4.5265, TAL: -0.1296, Adv: 0.1458, OT-Reg: 0.001541) | OT inner objective: -0.0862 | Marginal residual row/col/max: 1.21e-04/1.17e-08/1.21e-04 | Train Acc: 0.4375 | Val Acc: 0.3478 | Val P/R/F1 (Macro): 0.5188/0.4197/0.3712 | LR: 0.000001
Epoch [58/100] | SVD update #58: pairs=440, sweeps=5, converged=True, rel_change=1.831e-04, effective_ranks=(327, 16), class_paired=True
Epoch [58/100] | Loss: 4.6481 (Cls: 4.6806, TAL: -0.3509, Adv: 0.1202, OT-Reg: 0.001545) | OT inner objective: -0.1807 | Marginal residual row/col/max: 7.67e-05/1.82e-08/7.67e-05 | Train Acc: 0.4135 | Val Acc: 0.3739 | Val P/R/F1 (Macro): 0.6048/0.4641/0.3957 | LR: 0.000001
Epoch [59/100] | SVD update #59: pairs=440, sweeps=5, converged=True, rel_change=2.589e-04, effective_ranks=(320, 13), class_paired=True
Epoch [59/100] | Loss: 4.2872 (Cls: 4.3186, TAL: -0.3484, Adv: 0.1297, OT-Reg: 0.001538) | OT inner objective: -0.1735 | Marginal residual row/col/max: 2.14e-04/1.35e-08/2.14e-04 | Train Acc: 0.4303 | Val Acc: 0.3478 | Val P/R/F1 (Macro): 0.4926/0.4264/0.3342 | LR: 0.000001
Epoch [60/100] | SVD update #60: pairs=440, sweeps=9, converged=True, rel_change=6.521e-04, effective_ranks=(327, 15), class_paired=True
Epoch [60/100] | Loss: 4.3666 (Cls: 4.3883, TAL: -0.2832, Adv: 0.1530, OT-Reg: 0.001546) | OT inner objective: -0.1594 | Marginal residual row/col/max: 2.82e-04/1.15e-08/2.82e-04 | Train Acc: 0.3822 | Val Acc: 0.3652 | Val P/R/F1 (Macro): 0.4477/0.4214/0.4019 | LR: 0.000001
Epoch [61/100] | SVD update #61: pairs=440, sweeps=6, converged=True, rel_change=4.440e-04, effective_ranks=(319, 15), class_paired=True
Epoch [61/100] | Loss: 4.5663 (Cls: 4.5939, TAL: -0.3351, Adv: 0.1571, OT-Reg: 0.001560) | OT inner objective: -0.1410 | Marginal residual row/col/max: 6.65e-05/1.42e-08/6.65e-05 | Train Acc: 0.3894 | Val Acc: 0.3565 | Val P/R/F1 (Macro): 0.5066/0.4726/0.3961 | LR: 0.000001
Epoch [62/100] | SVD update #62: pairs=440, sweeps=5, converged=True, rel_change=2.842e-04, effective_ranks=(323, 14), class_paired=True
Epoch [62/100] | Loss: 4.4485 (Cls: 4.4783, TAL: -0.3297, Adv: 0.1225, OT-Reg: 0.001498) | OT inner objective: -0.1705 | Marginal residual row/col/max: 1.58e-04/1.10e-08/1.58e-04 | Train Acc: 0.4038 | Val Acc: 0.3304 | Val P/R/F1 (Macro): 0.4996/0.4376/0.3672 | LR: 0.000001
Epoch [63/100] | SVD update #63: pairs=440, sweeps=10, converged=False, rel_change=3.314e-02, effective_ranks=(325, 16), class_paired=True
Epoch [63/100] | Loss: 4.6405 (Cls: 4.6543, TAL: -0.2402, Adv: 0.1880, OT-Reg: 0.001577) | OT inner objective: -0.1110 | Marginal residual row/col/max: 2.23e-04/2.02e-08/2.23e-04 | Train Acc: 0.3846 | Val Acc: 0.4000 | Val P/R/F1 (Macro): 0.3579/0.4017/0.3524 | LR: 0.000001
Epoch [64/100] | SVD update #64: pairs=440, sweeps=8, converged=True, rel_change=6.052e-04, effective_ranks=(325, 17), class_paired=True
Epoch [64/100] | Loss: 4.1942 (Cls: 4.2180, TAL: -0.3439, Adv: 0.2179, OT-Reg: 0.001651) | OT inner objective: -0.1528 | Marginal residual row/col/max: 1.54e-04/1.26e-08/1.54e-04 | Train Acc: 0.4928 | Val Acc: 0.3478 | Val P/R/F1 (Macro): 0.5801/0.4165/0.3957 | LR: 0.000001
Epoch [65/100] | SVD update #65: pairs=440, sweeps=7, converged=True, rel_change=8.694e-04, effective_ranks=(323, 17), class_paired=True
Epoch [65/100] | Loss: 4.3517 (Cls: 4.3685, TAL: -0.2369, Adv: 0.1451, OT-Reg: 0.001584) | OT inner objective: -0.1134 | Marginal residual row/col/max: 6.05e-05/1.30e-08/6.05e-05 | Train Acc: 0.4231 | Val Acc: 0.3217 | Val P/R/F1 (Macro): 0.4104/0.3826/0.3147 | LR: 0.000001
Epoch [66/100] | SVD update #66: pairs=440, sweeps=10, converged=False, rel_change=8.646e-03, effective_ranks=(324, 15), class_paired=True
Epoch [66/100] | Loss: 4.7106 (Cls: 4.7323, TAL: -0.2900, Adv: 0.1640, OT-Reg: 0.001529) | OT inner objective: -0.1315 | Marginal residual row/col/max: 2.33e-04/1.25e-08/2.33e-04 | Train Acc: 0.4399 | Val Acc: 0.3391 | Val P/R/F1 (Macro): 0.5228/0.4045/0.3658 | LR: 0.000001
Epoch [67/100] | SVD update #67: pairs=440, sweeps=6, converged=True, rel_change=4.564e-04, effective_ranks=(324, 16), class_paired=True
Epoch [67/100] | Loss: 4.4249 (Cls: 4.4405, TAL: -0.2735, Adv: 0.2153, OT-Reg: 0.001636) | OT inner objective: -0.1860 | Marginal residual row/col/max: 1.74e-04/1.45e-08/1.74e-04 | Train Acc: 0.3990 | Val Acc: 0.3391 | Val P/R/F1 (Macro): 0.5254/0.3934/0.3853 | LR: 0.000001
Epoch [68/100] | SVD update #68: pairs=440, sweeps=4, converged=True, rel_change=2.335e-04, effective_ranks=(322, 16), class_paired=True
Epoch [68/100] | Loss: 4.4490 (Cls: 4.4720, TAL: -0.3244, Adv: 0.1986, OT-Reg: 0.001617) | OT inner objective: -0.1748 | Marginal residual row/col/max: 1.61e-04/1.25e-08/1.61e-04 | Train Acc: 0.4615 | Val Acc: 0.3739 | Val P/R/F1 (Macro): 0.4564/0.4540/0.3669 | LR: 0.000001
Epoch [69/100] | SVD update #69: pairs=440, sweeps=6, converged=True, rel_change=8.232e-04, effective_ranks=(323, 17), class_paired=True
Epoch [69/100] | Loss: 4.1687 (Cls: 4.2021, TAL: -0.3886, Adv: 0.1652, OT-Reg: 0.001588) | OT inner objective: -0.2028 | Marginal residual row/col/max: 1.83e-04/1.20e-08/1.83e-04 | Train Acc: 0.4736 | Val Acc: 0.4000 | Val P/R/F1 (Macro): 0.5922/0.4877/0.4011 | LR: 0.000001
Epoch [70/100] | SVD update #70: pairs=440, sweeps=5, converged=True, rel_change=6.922e-04, effective_ranks=(325, 17), class_paired=True
Epoch [70/100] | Loss: 5.3292 (Cls: 5.3560, TAL: -0.3292, Adv: 0.1589, OT-Reg: 0.001414) | OT inner objective: -0.1527 | Marginal residual row/col/max: 2.05e-04/1.66e-08/2.05e-04 | Train Acc: 0.4159 | Val Acc: 0.3652 | Val P/R/F1 (Macro): 0.4813/0.3722/0.4057 | LR: 0.000001
Epoch [71/100] | SVD update #71: pairs=440, sweeps=6, converged=True, rel_change=5.384e-04, effective_ranks=(326, 17), class_paired=True
Epoch [71/100] | Loss: 5.9649 (Cls: 5.9894, TAL: -0.3082, Adv: 0.1561, OT-Reg: 0.001339) | OT inner objective: -0.1731 | Marginal residual row/col/max: 3.22e-04/1.48e-08/3.22e-04 | Train Acc: 0.2596 | Val Acc: 0.2261 | Val P/R/F1 (Macro): 0.3892/0.2037/0.2293 | LR: 0.000001
Epoch [72/100] | SVD update #72: pairs=440, sweeps=7, converged=True, rel_change=6.347e-04, effective_ranks=(311, 16), class_paired=True
Epoch [72/100] | Loss: 7.0698 (Cls: 7.0732, TAL: -0.1619, Adv: 0.1999, OT-Reg: 0.001490) | OT inner objective: -0.1374 | Marginal residual row/col/max: 3.81e-04/2.87e-08/3.81e-04 | Train Acc: 0.2067 | Val Acc: 0.3130 | Val P/R/F1 (Macro): 0.2763/0.2339/0.2105 | LR: 0.000001
Epoch [73/100] | SVD update #73: pairs=440, sweeps=10, converged=False, rel_change=2.232e-02, effective_ranks=(299, 14), class_paired=True
Epoch [73/100] | Loss: 7.1111 (Cls: 7.0823, TAL: 0.0803, Adv: 0.2394, OT-Reg: 0.001411) | OT inner objective: -0.1556 | Marginal residual row/col/max: 4.70e-04/1.49e-08/4.70e-04 | Train Acc: 0.0841 | Val Acc: 0.0696 | Val P/R/F1 (Macro): 0.1692/0.0595/0.0741 | LR: 0.000001
Epoch [74/100] | SVD update #74: pairs=440, sweeps=6, converged=True, rel_change=9.867e-04, effective_ranks=(311, 12), class_paired=True
Epoch [74/100] | Loss: 7.0081 (Cls: 6.9677, TAL: 0.2034, Adv: 0.2001, OT-Reg: 0.001365) | OT inner objective: -0.1199 | Marginal residual row/col/max: 2.16e-04/2.21e-08/2.16e-04 | Train Acc: 0.1274 | Val Acc: 0.0696 | Val P/R/F1 (Macro): 0.0339/0.0975/0.0418 | LR: 0.000001
Epoch [75/100] | SVD update #75: pairs=440, sweeps=4, converged=True, rel_change=7.213e-04, effective_ranks=(306, 9), class_paired=True
Epoch [75/100] | Loss: 6.1607 (Cls: 6.1514, TAL: -0.0271, Adv: 0.1560, OT-Reg: 0.001471) | OT inner objective: -0.2354 | Marginal residual row/col/max: 2.18e-04/1.28e-08/2.18e-04 | Train Acc: 0.1899 | Val Acc: 0.1391 | Val P/R/F1 (Macro): 0.1283/0.1143/0.1127 | LR: 0.000001
Epoch [76/100] | SVD update #76: pairs=440, sweeps=4, converged=True, rel_change=1.439e-04, effective_ranks=(304, 8), class_paired=True
Epoch [76/100] | Loss: 5.7651 (Cls: 5.7769, TAL: -0.1867, Adv: 0.1323, OT-Reg: 0.001456) | OT inner objective: -0.2208 | Marginal residual row/col/max: 1.27e-04/1.39e-08/1.27e-04 | Train Acc: 0.2260 | Val Acc: 0.2261 | Val P/R/F1 (Macro): 0.1916/0.1676/0.1354 | LR: 0.000001
Epoch [77/100] | SVD update #77: pairs=440, sweeps=6, converged=True, rel_change=6.333e-04, effective_ranks=(279, 9), class_paired=True
Epoch [77/100] | Loss: 5.7304 (Cls: 5.7367, TAL: -0.1446, Adv: 0.1381, OT-Reg: 0.001527) | OT inner objective: -0.1512 | Marginal residual row/col/max: 1.97e-04/1.35e-08/1.97e-04 | Train Acc: 0.2139 | Val Acc: 0.2696 | Val P/R/F1 (Macro): 0.3392/0.2214/0.2291 | LR: 0.000001
Epoch [78/100] | SVD update #78: pairs=440, sweeps=3, converged=True, rel_change=4.475e-04, effective_ranks=(295, 9), class_paired=True
Epoch [78/100] | Loss: 4.9646 (Cls: 4.9654, TAL: -0.1174, Adv: 0.1659, OT-Reg: 0.001491) | OT inner objective: -0.1652 | Marginal residual row/col/max: 2.59e-04/1.91e-08/2.59e-04 | Train Acc: 0.3293 | Val Acc: 0.3304 | Val P/R/F1 (Macro): 0.3655/0.3923/0.3269 | LR: 0.000001
Epoch [79/100] | SVD update #79: pairs=440, sweeps=5, converged=True, rel_change=4.657e-04, effective_ranks=(314, 11), class_paired=True
Epoch [79/100] | Loss: 5.3510 (Cls: 5.3707, TAL: -0.2560, Adv: 0.1378, OT-Reg: 0.001651) | OT inner objective: -0.1047 | Marginal residual row/col/max: 7.54e-05/1.28e-08/7.54e-05 | Train Acc: 0.2524 | Val Acc: 0.2696 | Val P/R/F1 (Macro): 0.2486/0.2711/0.2451 | LR: 0.000001
Epoch [80/100] | SVD update #80: pairs=440, sweeps=5, converged=True, rel_change=6.352e-04, effective_ranks=(305, 11), class_paired=True
Epoch [80/100] | Loss: 4.9712 (Cls: 4.9795, TAL: -0.1371, Adv: 0.1015, OT-Reg: 0.001523) | OT inner objective: -0.1513 | Marginal residual row/col/max: 1.93e-04/1.52e-08/1.93e-04 | Train Acc: 0.3077 | Val Acc: 0.2696 | Val P/R/F1 (Macro): 0.3506/0.3149/0.2896 | LR: 0.000001
Epoch [81/100] | SVD update #81: pairs=440, sweeps=5, converged=True, rel_change=2.481e-04, effective_ranks=(304, 12), class_paired=True
Epoch [81/100] | Loss: 5.1544 (Cls: 5.1610, TAL: -0.1162, Adv: 0.0923, OT-Reg: 0.001580) | OT inner objective: -0.1183 | Marginal residual row/col/max: 1.25e-04/1.55e-08/1.25e-04 | Train Acc: 0.2548 | Val Acc: 0.2522 | Val P/R/F1 (Macro): 0.3481/0.2860/0.2799 | LR: 0.000001
Epoch [82/100] | SVD update #82: pairs=440, sweeps=4, converged=True, rel_change=7.561e-04, effective_ranks=(314, 11), class_paired=True
Epoch [82/100] | Loss: 5.0626 (Cls: 5.0787, TAL: -0.2250, Adv: 0.1363, OT-Reg: 0.001599) | OT inner objective: -0.1768 | Marginal residual row/col/max: 7.76e-05/1.52e-08/7.76e-05 | Train Acc: 0.3005 | Val Acc: 0.2870 | Val P/R/F1 (Macro): 0.4140/0.3685/0.3309 | LR: 0.000001
Epoch [83/100] | SVD update #83: pairs=440, sweeps=6, converged=True, rel_change=2.183e-04, effective_ranks=(310, 11), class_paired=True
Epoch [83/100] | Loss: 4.9366 (Cls: 4.9339, TAL: -0.0713, Adv: 0.1408, OT-Reg: 0.001525) | OT inner objective: -0.1198 | Marginal residual row/col/max: 1.96e-04/1.35e-08/1.96e-04 | Train Acc: 0.2981 | Val Acc: 0.3652 | Val P/R/F1 (Macro): 0.3521/0.3206/0.3156 | LR: 0.000001
Epoch [84/100] | SVD update #84: pairs=440, sweeps=5, converged=True, rel_change=4.136e-04, effective_ranks=(314, 12), class_paired=True
Epoch [84/100] | Loss: 5.1424 (Cls: 5.1590, TAL: -0.2276, Adv: 0.1339, OT-Reg: 0.001509) | OT inner objective: -0.1444 | Marginal residual row/col/max: 1.37e-04/1.52e-08/1.37e-04 | Train Acc: 0.2596 | Val Acc: 0.2870 | Val P/R/F1 (Macro): 0.3091/0.3258/0.2878 | LR: 0.000001
Epoch [85/100] | SVD update #85: pairs=440, sweeps=4, converged=True, rel_change=4.372e-04, effective_ranks=(303, 11), class_paired=True
Epoch [85/100] | Loss: 4.8995 (Cls: 4.9185, TAL: -0.2323, Adv: 0.1116, OT-Reg: 0.001521) | OT inner objective: -0.1916 | Marginal residual row/col/max: 3.09e-04/1.82e-08/3.09e-04 | Train Acc: 0.2957 | Val Acc: 0.2696 | Val P/R/F1 (Macro): 0.4231/0.3121/0.2842 | LR: 0.000001
Epoch [86/100] | SVD update #86: pairs=440, sweeps=4, converged=True, rel_change=5.506e-04, effective_ranks=(301, 11), class_paired=True
Epoch [86/100] | Loss: 4.8908 (Cls: 4.9122, TAL: -0.2571, Adv: 0.1184, OT-Reg: 0.001444) | OT inner objective: -0.1918 | Marginal residual row/col/max: 2.70e-04/1.79e-08/2.70e-04 | Train Acc: 0.3173 | Val Acc: 0.2522 | Val P/R/F1 (Macro): 0.2679/0.2600/0.2088 | LR: 0.000001
Epoch [87/100] | SVD update #87: pairs=440, sweeps=5, converged=True, rel_change=7.153e-04, effective_ranks=(303, 11), class_paired=True
Epoch [87/100] | Loss: 4.9211 (Cls: 4.9370, TAL: -0.2238, Adv: 0.1373, OT-Reg: 0.001465) | OT inner objective: -0.1575 | Marginal residual row/col/max: 1.25e-04/2.52e-08/1.25e-04 | Train Acc: 0.3029 | Val Acc: 0.2870 | Val P/R/F1 (Macro): 0.2996/0.3280/0.2730 | LR: 0.000001
Epoch [88/100] | SVD update #88: pairs=440, sweeps=4, converged=True, rel_change=3.572e-04, effective_ranks=(308, 11), class_paired=True
Epoch [88/100] | Loss: 5.4205 (Cls: 5.4315, TAL: -0.1833, Adv: 0.1368, OT-Reg: 0.001327) | OT inner objective: -0.1104 | Marginal residual row/col/max: 8.49e-05/3.18e-08/8.49e-05 | Train Acc: 0.2692 | Val Acc: 0.2522 | Val P/R/F1 (Macro): 0.2950/0.3397/0.2731 | LR: 0.000001
Epoch [89/100] | SVD update #89: pairs=440, sweeps=4, converged=True, rel_change=9.113e-05, effective_ranks=(301, 11), class_paired=True
Epoch [89/100] | Loss: 5.1015 (Cls: 5.1074, TAL: -0.1436, Adv: 0.1418, OT-Reg: 0.001442) | OT inner objective: -0.1507 | Marginal residual row/col/max: 2.70e-04/2.35e-08/2.70e-04 | Train Acc: 0.2837 | Val Acc: 0.2522 | Val P/R/F1 (Macro): 0.2662/0.3639/0.2504 | LR: 0.000001
Epoch [90/100] | SVD update #90: pairs=440, sweeps=4, converged=True, rel_change=7.159e-04, effective_ranks=(299, 11), class_paired=True
Epoch [90/100] | Loss: 4.9018 (Cls: 4.8992, TAL: -0.1283, Adv: 0.2241, OT-Reg: 0.001410) | OT inner objective: -0.1604 | Marginal residual row/col/max: 2.57e-04/2.56e-08/2.57e-04 | Train Acc: 0.3510 | Val Acc: 0.2696 | Val P/R/F1 (Macro): 0.3631/0.3521/0.2990 | LR: 0.000001
Epoch [91/100] | SVD update #91: pairs=440, sweeps=4, converged=True, rel_change=3.483e-04, effective_ranks=(291, 10), class_paired=True
Epoch [91/100] | Loss: 4.9564 (Cls: 4.9533, TAL: -0.1048, Adv: 0.1965, OT-Reg: 0.001552) | OT inner objective: -0.1279 | Marginal residual row/col/max: 2.12e-04/1.42e-08/2.12e-04 | Train Acc: 0.3678 | Val Acc: 0.3130 | Val P/R/F1 (Macro): 0.3832/0.4343/0.3297 | LR: 0.000001
Epoch [92/100] | SVD update #92: pairs=440, sweeps=4, converged=True, rel_change=3.159e-04, effective_ranks=(299, 11), class_paired=True
Epoch [92/100] | Loss: 4.7336 (Cls: 4.7528, TAL: -0.2493, Adv: 0.1340, OT-Reg: 0.001469) | OT inner objective: -0.1394 | Marginal residual row/col/max: 1.88e-04/1.45e-08/1.88e-04 | Train Acc: 0.3125 | Val Acc: 0.2870 | Val P/R/F1 (Macro): 0.3808/0.3626/0.3239 | LR: 0.000001
Epoch [93/100] | SVD update #93: pairs=440, sweeps=4, converged=True, rel_change=5.373e-04, effective_ranks=(291, 12), class_paired=True
Epoch [93/100] | Loss: 4.8593 (Cls: 4.8630, TAL: -0.1219, Adv: 0.1373, OT-Reg: 0.001382) | OT inner objective: -0.1229 | Marginal residual row/col/max: 1.40e-04/1.85e-08/1.40e-04 | Train Acc: 0.3534 | Val Acc: 0.3043 | Val P/R/F1 (Macro): 0.3913/0.4243/0.3427 | LR: 0.000001
Epoch [94/100] | SVD update #94: pairs=440, sweeps=4, converged=True, rel_change=1.645e-04, effective_ranks=(307, 12), class_paired=True
Epoch [94/100] | Loss: 4.7723 (Cls: 4.7897, TAL: -0.2421, Adv: 0.1450, OT-Reg: 0.001374) | OT inner objective: -0.1221 | Marginal residual row/col/max: 2.69e-04/2.34e-08/2.69e-04 | Train Acc: 0.3726 | Val Acc: 0.2957 | Val P/R/F1 (Macro): 0.4273/0.3367/0.3387 | LR: 0.000001
Epoch [95/100] | SVD update #95: pairs=440, sweeps=3, converged=True, rel_change=6.944e-04, effective_ranks=(300, 11), class_paired=True
Epoch [95/100] | Loss: 4.5274 (Cls: 4.5406, TAL: -0.2126, Adv: 0.1542, OT-Reg: 0.001472) | OT inner objective: -0.1444 | Marginal residual row/col/max: 2.33e-04/2.05e-08/2.33e-04 | Train Acc: 0.4014 | Val Acc: 0.3826 | Val P/R/F1 (Macro): 0.4517/0.4229/0.3965 | LR: 0.000001
Epoch [96/100] | SVD update #96: pairs=440, sweeps=3, converged=True, rel_change=4.524e-04, effective_ranks=(295, 12), class_paired=True
Epoch [96/100] | Loss: 4.8602 (Cls: 4.8713, TAL: -0.2145, Adv: 0.1827, OT-Reg: 0.001452) | OT inner objective: -0.1610 | Marginal residual row/col/max: 1.30e-04/2.13e-08/1.30e-04 | Train Acc: 0.3053 | Val Acc: 0.2870 | Val P/R/F1 (Macro): 0.3368/0.3628/0.2965 | LR: 0.000001
Epoch [97/100] | SVD update #97: pairs=440, sweeps=4, converged=True, rel_change=1.410e-04, effective_ranks=(290, 11), class_paired=True
Epoch [97/100] | Loss: 4.9516 (Cls: 4.9595, TAL: -0.1436, Adv: 0.1159, OT-Reg: 0.001433) | OT inner objective: -0.1288 | Marginal residual row/col/max: 1.01e-04/2.31e-08/1.01e-04 | Train Acc: 0.3413 | Val Acc: 0.2783 | Val P/R/F1 (Macro): 0.3922/0.3286/0.2946 | LR: 0.000001
Epoch [98/100] | SVD update #98: pairs=440, sweeps=3, converged=True, rel_change=3.461e-04, effective_ranks=(302, 12), class_paired=True
Epoch [98/100] | Loss: 4.7145 (Cls: 4.7320, TAL: -0.2283, Adv: 0.1237, OT-Reg: 0.001439) | OT inner objective: -0.1017 | Marginal residual row/col/max: 6.66e-05/2.84e-08/6.66e-05 | Train Acc: 0.3654 | Val Acc: 0.2957 | Val P/R/F1 (Macro): 0.4172/0.3969/0.3298 | LR: 0.000001
Epoch [99/100] | SVD update #99: pairs=440, sweeps=5, converged=True, rel_change=2.392e-04, effective_ranks=(302, 13), class_paired=True
Epoch [99/100] | Loss: 4.8126 (Cls: 4.8404, TAL: -0.3414, Adv: 0.1641, OT-Reg: 0.001388) | OT inner objective: -0.1555 | Marginal residual row/col/max: 1.01e-04/3.05e-08/1.01e-04 | Train Acc: 0.3798 | Val Acc: 0.3478 | Val P/R/F1 (Macro): 0.4964/0.4454/0.3823 | LR: 0.000001
Epoch [100/100] | SVD update #100: pairs=440, sweeps=4, converged=True, rel_change=1.466e-04, effective_ranks=(297, 12), class_paired=True
Epoch [100/100] | Loss: 4.8951 (Cls: 4.8945, TAL: -0.1565, Adv: 0.2416, OT-Reg: 0.001422) | OT inner objective: -0.1400 | Marginal residual row/col/max: 1.64e-04/3.17e-08/1.64e-04 | Train Acc: 0.3029 | Val Acc: 0.2261 | Val P/R/F1 (Macro): 0.3699/0.3049/0.2792 | LR: 0.000001
Report strategy: best, window=10, reported_acc=0.4435, best_acc=0.4435, selected_epoch=45

迭代 1 报告指标:
  Accuracy: 0.4435
  Precision (Macro): 0.4820
  Recall (Macro): 0.5343
  F1 (Macro): 0.4525
  Precision (Micro): 0.4435
  Recall (Micro): 0.4435
  F1 (Micro): 0.4435
  Val class coverage: 9/14 (0.6429), samples=115

================================================================================
迭代 2/5
随机种子: 43
================================================================================
Training mode: full target-label supervision (class-paired batches).
Feature fusion: Tensor alignment (512+512 -> 16+16); fused_dim=32
Domain adaptation: Neural OT generator with 3-domain discriminator
Loss weights: tensor=0.12, adv=0.08
Transport: mode=sinkhorn, epsilon=0.1, Sinkhorn iterations=50, correction scale=0.1, correction regularization weight=0.001
Tensor projection update: once per epoch from the complete target-training pairing bank; projection_dim=16, max_sweeps=10, relative singular-value tolerance=0.001
Epoch [1/100] | SVD update #1: pairs=440, sweeps=3, converged=True, rel_change=1.066e-04, effective_ranks=(326, 138), class_paired=True
Epoch [1/100] | Loss: 7.7082 (Cls: 7.7149, TAL: -0.2143, Adv: 0.2374, OT-Reg: 0.001603) | OT inner objective: 0.1859 | Marginal residual row/col/max: 7.97e-08/1.16e-08/8.12e-08 | Train Acc: 0.1466 | Val Acc: 0.2957 | Val P/R/F1 (Macro): 0.2727/0.2733/0.2024 | LR: 0.000005
  >>> New Best Val Acc: 0.2957
Epoch [2/100] | SVD update #2: pairs=440, sweeps=7, converged=True, rel_change=8.552e-04, effective_ranks=(327, 54), class_paired=True
Epoch [2/100] | Loss: 7.2522 (Cls: 7.2538, TAL: -0.1450, Adv: 0.1976, OT-Reg: 0.001371) | OT inner objective: 0.2324 | Marginal residual row/col/max: 4.77e-08/1.36e-08/5.10e-08 | Train Acc: 0.1490 | Val Acc: 0.4696 | Val P/R/F1 (Macro): 0.4695/0.5564/0.4230 | LR: 0.000005
  >>> New Best Val Acc: 0.4696
Epoch [3/100] | SVD update #3: pairs=440, sweeps=10, converged=False, rel_change=3.180e-01, effective_ranks=(323, 30), class_paired=True
Epoch [3/100] | Loss: 7.5573 (Cls: 7.5408, TAL: 0.0048, Adv: 0.1989, OT-Reg: 0.001396) | OT inner objective: 0.0127 | Marginal residual row/col/max: 2.90e-04/4.37e-08/2.90e-04 | Train Acc: 0.1202 | Val Acc: 0.1478 | Val P/R/F1 (Macro): 0.1668/0.1474/0.1106 | LR: 0.000005
Epoch [4/100] | SVD update #4: pairs=440, sweeps=8, converged=True, rel_change=6.442e-04, effective_ranks=(321, 18), class_paired=True
Epoch [4/100] | Loss: 7.2790 (Cls: 7.2395, TAL: 0.2036, Adv: 0.1880, OT-Reg: 0.001559) | OT inner objective: 0.1828 | Marginal residual row/col/max: 7.05e-06/2.65e-08/7.05e-06 | Train Acc: 0.1202 | Val Acc: 0.1217 | Val P/R/F1 (Macro): 0.1909/0.2038/0.1006 | LR: 0.000005
Epoch [5/100] | SVD update #5: pairs=440, sweeps=10, converged=False, rel_change=5.838e-03, effective_ranks=(326, 18), class_paired=True
Epoch [5/100] | Loss: 6.9548 (Cls: 6.9558, TAL: -0.1310, Adv: 0.1843, OT-Reg: 0.001476) | OT inner objective: -0.1152 | Marginal residual row/col/max: 1.70e-04/3.22e-08/1.70e-04 | Train Acc: 0.1587 | Val Acc: 0.1652 | Val P/R/F1 (Macro): 0.1771/0.2602/0.1816 | LR: 0.000005
Epoch [6/100] | SVD update #6: pairs=440, sweeps=10, converged=True, rel_change=4.749e-04, effective_ranks=(317, 15), class_paired=True
Epoch [6/100] | Loss: 6.7247 (Cls: 6.7190, TAL: -0.1024, Adv: 0.2259, OT-Reg: 0.001416) | OT inner objective: -0.0405 | Marginal residual row/col/max: 4.85e-05/2.12e-08/4.85e-05 | Train Acc: 0.1683 | Val Acc: 0.1478 | Val P/R/F1 (Macro): 0.3852/0.1686/0.1379 | LR: 0.000005
Epoch [7/100] | SVD update #7: pairs=440, sweeps=10, converged=False, rel_change=9.747e-03, effective_ranks=(322, 21), class_paired=True
Epoch [7/100] | Loss: 6.7124 (Cls: 6.6952, TAL: 0.0103, Adv: 0.1996, OT-Reg: 0.001470) | OT inner objective: 0.0137 | Marginal residual row/col/max: 2.84e-05/2.35e-08/2.84e-05 | Train Acc: 0.0721 | Val Acc: 0.0870 | Val P/R/F1 (Macro): 0.2487/0.1702/0.0970 | LR: 0.000005
Epoch [8/100] | SVD update #8: pairs=440, sweeps=10, converged=False, rel_change=1.278e-03, effective_ranks=(326, 23), class_paired=True
Epoch [8/100] | Loss: 6.5820 (Cls: 6.5756, TAL: -0.0830, Adv: 0.2047, OT-Reg: 0.001420) | OT inner objective: 0.0466 | Marginal residual row/col/max: 1.74e-04/1.38e-08/1.74e-04 | Train Acc: 0.1514 | Val Acc: 0.2522 | Val P/R/F1 (Macro): 0.1998/0.2456/0.1435 | LR: 0.000005
Epoch [9/100] | SVD update #9: pairs=440, sweeps=7, converged=True, rel_change=5.505e-04, effective_ranks=(325, 19), class_paired=True
Epoch [9/100] | Loss: 6.0852 (Cls: 6.0737, TAL: -0.0272, Adv: 0.1848, OT-Reg: 0.001455) | OT inner objective: -0.0089 | Marginal residual row/col/max: 2.99e-04/1.55e-08/2.99e-04 | Train Acc: 0.1875 | Val Acc: 0.2696 | Val P/R/F1 (Macro): 0.1831/0.2240/0.1936 | LR: 0.000005
Epoch [10/100] | SVD update #10: pairs=440, sweeps=10, converged=False, rel_change=1.228e-02, effective_ranks=(324, 18), class_paired=True
Epoch [10/100] | Loss: 6.1999 (Cls: 6.1953, TAL: -0.0762, Adv: 0.1712, OT-Reg: 0.001513) | OT inner objective: -0.0107 | Marginal residual row/col/max: 9.10e-05/2.79e-08/9.10e-05 | Train Acc: 0.1635 | Val Acc: 0.1652 | Val P/R/F1 (Macro): 0.2119/0.1997/0.1784 | LR: 0.000005
Epoch [11/100] | SVD update #11: pairs=440, sweeps=10, converged=False, rel_change=1.889e-03, effective_ranks=(323, 17), class_paired=True
Epoch [11/100] | Loss: 6.4892 (Cls: 6.4735, TAL: 0.0184, Adv: 0.1686, OT-Reg: 0.001527) | OT inner objective: -0.0016 | Marginal residual row/col/max: 1.78e-04/2.35e-08/1.78e-04 | Train Acc: 0.1707 | Val Acc: 0.1391 | Val P/R/F1 (Macro): 0.1977/0.2087/0.1276 | LR: 0.000005
Epoch [12/100] | SVD update #12: pairs=440, sweeps=10, converged=False, rel_change=3.220e-03, effective_ranks=(323, 14), class_paired=True
Epoch [12/100] | Loss: 6.0546 (Cls: 6.0501, TAL: -0.0838, Adv: 0.1818, OT-Reg: 0.001513) | OT inner objective: -0.0172 | Marginal residual row/col/max: 1.19e-04/2.95e-08/1.19e-04 | Train Acc: 0.1851 | Val Acc: 0.1652 | Val P/R/F1 (Macro): 0.1783/0.1865/0.1114 | LR: 0.000005
Epoch [13/100] | SVD update #13: pairs=440, sweeps=5, converged=True, rel_change=2.780e-04, effective_ranks=(324, 12), class_paired=True
Epoch [13/100] | Loss: 6.0695 (Cls: 6.0599, TAL: -0.0337, Adv: 0.1706, OT-Reg: 0.001466) | OT inner objective: -0.2711 | Marginal residual row/col/max: 2.32e-04/1.75e-08/2.32e-04 | Train Acc: 0.1803 | Val Acc: 0.1391 | Val P/R/F1 (Macro): 0.1476/0.2023/0.1241 | LR: 0.000003
Epoch [14/100] | SVD update #14: pairs=440, sweeps=8, converged=True, rel_change=2.380e-04, effective_ranks=(322, 14), class_paired=True
Epoch [14/100] | Loss: 5.8586 (Cls: 5.8496, TAL: -0.0438, Adv: 0.1786, OT-Reg: 0.001382) | OT inner objective: -0.0184 | Marginal residual row/col/max: 1.85e-04/1.66e-08/1.85e-04 | Train Acc: 0.1635 | Val Acc: 0.1826 | Val P/R/F1 (Macro): 0.2458/0.3294/0.2236 | LR: 0.000003
Epoch [15/100] | SVD update #15: pairs=440, sweeps=5, converged=True, rel_change=5.725e-04, effective_ranks=(324, 15), class_paired=True
Epoch [15/100] | Loss: 5.7723 (Cls: 5.7666, TAL: -0.0697, Adv: 0.1753, OT-Reg: 0.001428) | OT inner objective: -0.1695 | Marginal residual row/col/max: 8.78e-05/1.46e-08/8.78e-05 | Train Acc: 0.2188 | Val Acc: 0.2522 | Val P/R/F1 (Macro): 0.1303/0.2503/0.1543 | LR: 0.000003
Epoch [16/100] | SVD update #16: pairs=440, sweeps=7, converged=True, rel_change=5.375e-04, effective_ranks=(322, 15), class_paired=True
Epoch [16/100] | Loss: 6.1025 (Cls: 6.1056, TAL: -0.1138, Adv: 0.1318, OT-Reg: 0.001486) | OT inner objective: -0.1471 | Marginal residual row/col/max: 6.90e-05/1.82e-08/6.90e-05 | Train Acc: 0.1635 | Val Acc: 0.0783 | Val P/R/F1 (Macro): 0.1051/0.1516/0.0780 | LR: 0.000003
Epoch [17/100] | SVD update #17: pairs=440, sweeps=5, converged=True, rel_change=7.303e-04, effective_ranks=(326, 12), class_paired=True
Epoch [17/100] | Loss: 5.9468 (Cls: 5.9404, TAL: -0.0356, Adv: 0.1344, OT-Reg: 0.001402) | OT inner objective: -0.1907 | Marginal residual row/col/max: 5.15e-05/1.36e-08/5.15e-05 | Train Acc: 0.2043 | Val Acc: 0.0870 | Val P/R/F1 (Macro): 0.1527/0.1628/0.0815 | LR: 0.000003
Epoch [18/100] | SVD update #18: pairs=440, sweeps=8, converged=True, rel_change=4.164e-04, effective_ranks=(320, 16), class_paired=True
Epoch [18/100] | Loss: 5.9490 (Cls: 5.9590, TAL: -0.1654, Adv: 0.1236, OT-Reg: 0.001453) | OT inner objective: -0.1097 | Marginal residual row/col/max: 7.28e-05/2.19e-08/7.28e-05 | Train Acc: 0.1875 | Val Acc: 0.1130 | Val P/R/F1 (Macro): 0.2874/0.1870/0.0918 | LR: 0.000003
Epoch [19/100] | SVD update #19: pairs=440, sweeps=6, converged=True, rel_change=8.861e-04, effective_ranks=(325, 14), class_paired=True
Epoch [19/100] | Loss: 5.9846 (Cls: 5.9876, TAL: -0.1104, Adv: 0.1286, OT-Reg: 0.001394) | OT inner objective: -0.2202 | Marginal residual row/col/max: 1.19e-04/1.39e-08/1.19e-04 | Train Acc: 0.2163 | Val Acc: 0.2522 | Val P/R/F1 (Macro): 0.3231/0.2543/0.1860 | LR: 0.000003
Epoch [20/100] | SVD update #20: pairs=440, sweeps=4, converged=True, rel_change=8.588e-04, effective_ranks=(319, 14), class_paired=True
Epoch [20/100] | Loss: 5.6447 (Cls: 5.6527, TAL: -0.1425, Adv: 0.1134, OT-Reg: 0.001433) | OT inner objective: -0.1681 | Marginal residual row/col/max: 4.29e-04/2.75e-08/4.29e-04 | Train Acc: 0.2548 | Val Acc: 0.2609 | Val P/R/F1 (Macro): 0.3870/0.2737/0.1862 | LR: 0.000003
Epoch [21/100] | SVD update #21: pairs=440, sweeps=6, converged=True, rel_change=9.261e-04, effective_ranks=(321, 17), class_paired=True
Epoch [21/100] | Loss: 5.7135 (Cls: 5.7123, TAL: -0.0873, Adv: 0.1464, OT-Reg: 0.001437) | OT inner objective: -0.0416 | Marginal residual row/col/max: 2.83e-05/1.85e-08/2.83e-05 | Train Acc: 0.2524 | Val Acc: 0.0783 | Val P/R/F1 (Macro): 0.0866/0.1207/0.0721 | LR: 0.000003
Epoch [22/100] | SVD update #22: pairs=440, sweeps=8, converged=True, rel_change=6.093e-04, effective_ranks=(323, 15), class_paired=True
Epoch [22/100] | Loss: 5.7126 (Cls: 5.7416, TAL: -0.3398, Adv: 0.1465, OT-Reg: 0.001415) | OT inner objective: -0.1679 | Marginal residual row/col/max: 2.34e-04/1.33e-08/2.34e-04 | Train Acc: 0.2452 | Val Acc: 0.1391 | Val P/R/F1 (Macro): 0.2133/0.1918/0.1304 | LR: 0.000003
Epoch [23/100] | SVD update #23: pairs=440, sweeps=6, converged=True, rel_change=9.346e-04, effective_ranks=(324, 16), class_paired=True
Epoch [23/100] | Loss: 5.5724 (Cls: 5.5753, TAL: -0.1229, Adv: 0.1486, OT-Reg: 0.001404) | OT inner objective: -0.0021 | Marginal residual row/col/max: 4.57e-07/1.16e-08/4.57e-07 | Train Acc: 0.2812 | Val Acc: 0.1478 | Val P/R/F1 (Macro): 0.2458/0.2674/0.1500 | LR: 0.000003
Epoch [24/100] | SVD update #24: pairs=440, sweeps=8, converged=True, rel_change=5.656e-04, effective_ranks=(325, 20), class_paired=True
Epoch [24/100] | Loss: 6.3135 (Cls: 6.2921, TAL: 0.1053, Adv: 0.1091, OT-Reg: 0.001460) | OT inner objective: -0.1405 | Marginal residual row/col/max: 1.94e-05/1.39e-08/1.94e-05 | Train Acc: 0.1370 | Val Acc: 0.1043 | Val P/R/F1 (Macro): 0.0529/0.0930/0.0652 | LR: 0.000001
Epoch [25/100] | SVD update #25: pairs=440, sweeps=10, converged=False, rel_change=3.622e-02, effective_ranks=(324, 21), class_paired=True
Epoch [25/100] | Loss: 6.0128 (Cls: 6.0075, TAL: -0.0559, Adv: 0.1496, OT-Reg: 0.001436) | OT inner objective: -0.1351 | Marginal residual row/col/max: 1.49e-04/1.17e-08/1.49e-04 | Train Acc: 0.1635 | Val Acc: 0.1130 | Val P/R/F1 (Macro): 0.0810/0.1600/0.0857 | LR: 0.000001
Epoch [26/100] | SVD update #26: pairs=440, sweeps=9, converged=True, rel_change=9.396e-04, effective_ranks=(311, 10), class_paired=True
Epoch [26/100] | Loss: 6.0605 (Cls: 6.0457, TAL: 0.0652, Adv: 0.0868, OT-Reg: 0.001461) | OT inner objective: -0.0313 | Marginal residual row/col/max: 5.01e-05/1.29e-08/5.01e-05 | Train Acc: 0.1538 | Val Acc: 0.0957 | Val P/R/F1 (Macro): 0.0742/0.1981/0.0974 | LR: 0.000001
Epoch [27/100] | SVD update #27: pairs=440, sweeps=8, converged=True, rel_change=5.562e-05, effective_ranks=(320, 13), class_paired=True
Epoch [27/100] | Loss: 5.5727 (Cls: 5.5832, TAL: -0.1418, Adv: 0.0806, OT-Reg: 0.001328) | OT inner objective: -0.0415 | Marginal residual row/col/max: 1.03e-04/1.32e-08/1.03e-04 | Train Acc: 0.2716 | Val Acc: 0.1217 | Val P/R/F1 (Macro): 0.1285/0.2263/0.1039 | LR: 0.000001
Epoch [28/100] | SVD update #28: pairs=440, sweeps=7, converged=True, rel_change=6.606e-04, effective_ranks=(326, 18), class_paired=True
Epoch [28/100] | Loss: 5.5190 (Cls: 5.5286, TAL: -0.1339, Adv: 0.0810, OT-Reg: 0.001329) | OT inner objective: -0.1258 | Marginal residual row/col/max: 2.22e-05/1.19e-08/2.22e-05 | Train Acc: 0.2620 | Val Acc: 0.1565 | Val P/R/F1 (Macro): 0.2322/0.2821/0.1407 | LR: 0.000001
Epoch [29/100] | SVD update #29: pairs=440, sweeps=5, converged=True, rel_change=3.893e-04, effective_ranks=(322, 15), class_paired=True
Epoch [29/100] | Loss: 5.4720 (Cls: 5.4920, TAL: -0.2252, Adv: 0.0881, OT-Reg: 0.001409) | OT inner objective: -0.1462 | Marginal residual row/col/max: 1.86e-05/1.16e-08/1.86e-05 | Train Acc: 0.2812 | Val Acc: 0.1217 | Val P/R/F1 (Macro): 0.1691/0.2306/0.1057 | LR: 0.000001
Epoch [30/100] | SVD update #30: pairs=440, sweeps=7, converged=True, rel_change=9.744e-04, effective_ranks=(327, 19), class_paired=True
Epoch [30/100] | Loss: 5.2904 (Cls: 5.3142, TAL: -0.2557, Adv: 0.0861, OT-Reg: 0.001440) | OT inner objective: -0.2190 | Marginal residual row/col/max: 2.18e-05/1.02e-08/2.18e-05 | Train Acc: 0.2428 | Val Acc: 0.1217 | Val P/R/F1 (Macro): 0.0627/0.1750/0.0778 | LR: 0.000001
Epoch [31/100] | SVD update #31: pairs=440, sweeps=9, converged=True, rel_change=4.036e-04, effective_ranks=(327, 16), class_paired=True
Epoch [31/100] | Loss: 5.5147 (Cls: 5.5298, TAL: -0.1699, Adv: 0.0662, OT-Reg: 0.001426) | OT inner objective: -0.1034 | Marginal residual row/col/max: 5.67e-05/1.98e-08/5.67e-05 | Train Acc: 0.2524 | Val Acc: 0.0522 | Val P/R/F1 (Macro): 0.0425/0.1196/0.0441 | LR: 0.000001
Epoch [32/100] | SVD update #32: pairs=440, sweeps=4, converged=True, rel_change=3.248e-04, effective_ranks=(326, 16), class_paired=True
Epoch [32/100] | Loss: 5.5659 (Cls: 5.5836, TAL: -0.2039, Adv: 0.0843, OT-Reg: 0.001384) | OT inner objective: -0.0126 | Marginal residual row/col/max: 4.77e-06/1.06e-08/4.77e-06 | Train Acc: 0.3029 | Val Acc: 0.0957 | Val P/R/F1 (Macro): 0.0561/0.2122/0.0883 | LR: 0.000001
Epoch [33/100] | SVD update #33: pairs=440, sweeps=5, converged=True, rel_change=1.651e-04, effective_ranks=(324, 13), class_paired=True
Epoch [33/100] | Loss: 5.3115 (Cls: 5.3390, TAL: -0.2879, Adv: 0.0882, OT-Reg: 0.001436) | OT inner objective: -0.0482 | Marginal residual row/col/max: 2.46e-05/1.13e-08/2.46e-05 | Train Acc: 0.2500 | Val Acc: 0.0522 | Val P/R/F1 (Macro): 0.0404/0.1219/0.0590 | LR: 0.000001
Epoch [34/100] | SVD update #34: pairs=440, sweeps=10, converged=True, rel_change=2.952e-04, effective_ranks=(323, 13), class_paired=True
Epoch [34/100] | Loss: 6.0585 (Cls: 6.0538, TAL: -0.0300, Adv: 0.1038, OT-Reg: 0.001435) | OT inner objective: -0.2006 | Marginal residual row/col/max: 2.76e-04/1.60e-08/2.76e-04 | Train Acc: 0.1418 | Val Acc: 0.0783 | Val P/R/F1 (Macro): 0.0596/0.1546/0.0778 | LR: 0.000001
Epoch [35/100] | SVD update #35: pairs=440, sweeps=6, converged=True, rel_change=8.792e-04, effective_ranks=(322, 12), class_paired=True
Epoch [35/100] | Loss: 5.8156 (Cls: 5.8171, TAL: -0.0976, Adv: 0.1271, OT-Reg: 0.001416) | OT inner objective: -0.1717 | Marginal residual row/col/max: 3.95e-05/2.48e-08/3.95e-05 | Train Acc: 0.1731 | Val Acc: 0.1130 | Val P/R/F1 (Macro): 0.0866/0.1770/0.0811 | LR: 0.000001
Epoch [36/100] | SVD update #36: pairs=440, sweeps=7, converged=True, rel_change=5.937e-04, effective_ranks=(324, 12), class_paired=True
Epoch [36/100] | Loss: 5.3640 (Cls: 5.3684, TAL: -0.0921, Adv: 0.0823, OT-Reg: 0.001421) | OT inner objective: -0.1295 | Marginal residual row/col/max: 6.45e-05/1.29e-08/6.45e-05 | Train Acc: 0.1779 | Val Acc: 0.0609 | Val P/R/F1 (Macro): 0.0412/0.1182/0.0507 | LR: 0.000001
Epoch [37/100] | SVD update #37: pairs=440, sweeps=4, converged=True, rel_change=2.500e-04, effective_ranks=(321, 12), class_paired=True
Epoch [37/100] | Loss: 5.4556 (Cls: 5.4595, TAL: -0.1010, Adv: 0.1030, OT-Reg: 0.001394) | OT inner objective: -0.1878 | Marginal residual row/col/max: 2.55e-05/1.96e-08/2.55e-05 | Train Acc: 0.2476 | Val Acc: 0.0696 | Val P/R/F1 (Macro): 0.0561/0.1306/0.0624 | LR: 0.000001
Epoch [38/100] | SVD update #38: pairs=440, sweeps=4, converged=True, rel_change=9.158e-04, effective_ranks=(323, 14), class_paired=True
Epoch [38/100] | Loss: 5.3422 (Cls: 5.3727, TAL: -0.3352, Adv: 0.1210, OT-Reg: 0.001466) | OT inner objective: -0.1703 | Marginal residual row/col/max: 7.37e-05/1.09e-08/7.37e-05 | Train Acc: 0.2332 | Val Acc: 0.0870 | Val P/R/F1 (Macro): 0.1334/0.1232/0.0620 | LR: 0.000001
Epoch [39/100] | SVD update #39: pairs=440, sweeps=4, converged=True, rel_change=8.051e-04, effective_ranks=(325, 15), class_paired=True
Epoch [39/100] | Loss: 5.3938 (Cls: 5.4287, TAL: -0.3868, Adv: 0.1430, OT-Reg: 0.001360) | OT inner objective: -0.1052 | Marginal residual row/col/max: 1.37e-04/1.46e-08/1.37e-04 | Train Acc: 0.2644 | Val Acc: 0.1217 | Val P/R/F1 (Macro): 0.1532/0.1464/0.0658 | LR: 0.000001
Epoch [40/100] | SVD update #40: pairs=440, sweeps=10, converged=False, rel_change=8.486e-03, effective_ranks=(325, 15), class_paired=True
Epoch [40/100] | Loss: 5.7318 (Cls: 5.7279, TAL: -0.0528, Adv: 0.1281, OT-Reg: 0.001362) | OT inner objective: -0.1340 | Marginal residual row/col/max: 2.03e-04/2.13e-08/2.03e-04 | Train Acc: 0.1947 | Val Acc: 0.1043 | Val P/R/F1 (Macro): 0.0729/0.1738/0.0894 | LR: 0.000001
Epoch [41/100] | SVD update #41: pairs=440, sweeps=5, converged=True, rel_change=4.838e-04, effective_ranks=(326, 16), class_paired=True
Epoch [41/100] | Loss: 5.6828 (Cls: 5.6833, TAL: -0.0827, Adv: 0.1167, OT-Reg: 0.001383) | OT inner objective: -0.1349 | Marginal residual row/col/max: 1.12e-04/1.60e-08/1.12e-04 | Train Acc: 0.1731 | Val Acc: 0.0870 | Val P/R/F1 (Macro): 0.0718/0.1559/0.0671 | LR: 0.000001
Epoch [42/100] | SVD update #42: pairs=440, sweeps=7, converged=True, rel_change=3.090e-04, effective_ranks=(322, 13), class_paired=True
Epoch [42/100] | Loss: 5.5068 (Cls: 5.5348, TAL: -0.3187, Adv: 0.1281, OT-Reg: 0.001404) | OT inner objective: -0.1067 | Marginal residual row/col/max: 2.43e-05/1.46e-08/2.43e-05 | Train Acc: 0.2548 | Val Acc: 0.0870 | Val P/R/F1 (Macro): 0.1607/0.1661/0.1215 | LR: 0.000001
Epoch [43/100] | SVD update #43: pairs=440, sweeps=5, converged=True, rel_change=5.059e-04, effective_ranks=(322, 12), class_paired=True
Epoch [43/100] | Loss: 5.1603 (Cls: 5.1777, TAL: -0.2397, Adv: 0.1410, OT-Reg: 0.001408) | OT inner objective: -0.0232 | Marginal residual row/col/max: 7.28e-06/1.16e-08/7.28e-06 | Train Acc: 0.2716 | Val Acc: 0.0435 | Val P/R/F1 (Macro): 0.0345/0.0973/0.0488 | LR: 0.000001
Epoch [44/100] | SVD update #44: pairs=440, sweeps=5, converged=True, rel_change=6.342e-04, effective_ranks=(324, 15), class_paired=True
Epoch [44/100] | Loss: 5.2092 (Cls: 5.2362, TAL: -0.3206, Adv: 0.1442, OT-Reg: 0.001368) | OT inner objective: -0.1059 | Marginal residual row/col/max: 6.34e-05/1.92e-08/6.34e-05 | Train Acc: 0.2740 | Val Acc: 0.0348 | Val P/R/F1 (Macro): 0.0063/0.0342/0.0107 | LR: 0.000001
Epoch [45/100] | SVD update #45: pairs=440, sweeps=5, converged=True, rel_change=5.602e-04, effective_ranks=(324, 14), class_paired=True
Epoch [45/100] | Loss: 5.5351 (Cls: 5.5365, TAL: -0.1231, Adv: 0.1663, OT-Reg: 0.001357) | OT inner objective: 0.0049 | Marginal residual row/col/max: 8.83e-07/1.98e-08/8.83e-07 | Train Acc: 0.2308 | Val Acc: 0.1043 | Val P/R/F1 (Macro): 0.0598/0.1287/0.0594 | LR: 0.000001
Epoch [46/100] | SVD update #46: pairs=440, sweeps=10, converged=False, rel_change=9.066e-02, effective_ranks=(322, 15), class_paired=True
Epoch [46/100] | Loss: 5.5706 (Cls: 5.5755, TAL: -0.1888, Adv: 0.2219, OT-Reg: 0.001400) | OT inner objective: -0.1302 | Marginal residual row/col/max: 1.63e-04/1.33e-08/1.63e-04 | Train Acc: 0.2404 | Val Acc: 0.1391 | Val P/R/F1 (Macro): 0.1380/0.1927/0.1323 | LR: 0.000001
Epoch [47/100] | SVD update #47: pairs=440, sweeps=6, converged=True, rel_change=4.830e-04, effective_ranks=(325, 14), class_paired=True
Epoch [47/100] | Loss: 5.7715 (Cls: 5.7569, TAL: -0.0066, Adv: 0.1926, OT-Reg: 0.001367) | OT inner objective: -0.2094 | Marginal residual row/col/max: 2.03e-04/1.39e-08/2.03e-04 | Train Acc: 0.1947 | Val Acc: 0.1043 | Val P/R/F1 (Macro): 0.1690/0.1754/0.1021 | LR: 0.000001
Epoch [48/100] | SVD update #48: pairs=440, sweeps=5, converged=True, rel_change=8.308e-04, effective_ranks=(326, 15), class_paired=True
Epoch [48/100] | Loss: 5.3853 (Cls: 5.3938, TAL: -0.1814, Adv: 0.1662, OT-Reg: 0.001382) | OT inner objective: -0.2132 | Marginal residual row/col/max: 1.57e-04/1.55e-08/1.57e-04 | Train Acc: 0.2620 | Val Acc: 0.0870 | Val P/R/F1 (Macro): 0.1811/0.1715/0.1123 | LR: 0.000001
Epoch [49/100] | SVD update #49: pairs=440, sweeps=5, converged=True, rel_change=2.981e-04, effective_ranks=(322, 14), class_paired=True
Epoch [49/100] | Loss: 5.6294 (Cls: 5.6236, TAL: -0.0841, Adv: 0.1993, OT-Reg: 0.001362) | OT inner objective: -0.2105 | Marginal residual row/col/max: 2.13e-04/1.10e-08/2.13e-04 | Train Acc: 0.2091 | Val Acc: 0.0870 | Val P/R/F1 (Macro): 0.1043/0.1529/0.0828 | LR: 0.000001
Epoch [50/100] | SVD update #50: pairs=440, sweeps=6, converged=True, rel_change=9.464e-04, effective_ranks=(323, 15), class_paired=True
Epoch [50/100] | Loss: 5.4557 (Cls: 5.4601, TAL: -0.1595, Adv: 0.1846, OT-Reg: 0.001323) | OT inner objective: -0.1326 | Marginal residual row/col/max: 1.21e-04/1.98e-08/1.21e-04 | Train Acc: 0.2644 | Val Acc: 0.0783 | Val P/R/F1 (Macro): 0.1195/0.1597/0.1138 | LR: 0.000001
Epoch [51/100] | SVD update #51: pairs=440, sweeps=4, converged=True, rel_change=7.974e-04, effective_ranks=(321, 13), class_paired=True
Epoch [51/100] | Loss: 5.2932 (Cls: 5.2821, TAL: -0.0286, Adv: 0.1813, OT-Reg: 0.001375) | OT inner objective: -0.0872 | Marginal residual row/col/max: 3.03e-05/2.26e-08/3.03e-05 | Train Acc: 0.2957 | Val Acc: 0.0870 | Val P/R/F1 (Macro): 0.1216/0.1870/0.1176 | LR: 0.000001
Epoch [52/100] | SVD update #52: pairs=440, sweeps=4, converged=True, rel_change=9.855e-04, effective_ranks=(323, 15), class_paired=True
Epoch [52/100] | Loss: 5.2310 (Cls: 5.2365, TAL: -0.1699, Adv: 0.1867, OT-Reg: 0.001372) | OT inner objective: -0.1936 | Marginal residual row/col/max: 6.63e-05/1.85e-08/6.63e-05 | Train Acc: 0.3245 | Val Acc: 0.1043 | Val P/R/F1 (Macro): 0.1040/0.1748/0.0971 | LR: 0.000001
Epoch [53/100] | SVD update #53: pairs=440, sweeps=10, converged=False, rel_change=2.815e-03, effective_ranks=(324, 17), class_paired=True
Epoch [53/100] | Loss: 5.5618 (Cls: 5.5357, TAL: 0.0799, Adv: 0.2075, OT-Reg: 0.001410) | OT inner objective: -0.1544 | Marginal residual row/col/max: 2.66e-04/1.49e-08/2.66e-04 | Train Acc: 0.2284 | Val Acc: 0.0870 | Val P/R/F1 (Macro): 0.0481/0.1430/0.0574 | LR: 0.000001
Epoch [54/100] | SVD update #54: pairs=440, sweeps=4, converged=True, rel_change=7.648e-04, effective_ranks=(324, 16), class_paired=True
Epoch [54/100] | Loss: 5.5324 (Cls: 5.5433, TAL: -0.2284, Adv: 0.2059, OT-Reg: 0.001343) | OT inner objective: -0.1897 | Marginal residual row/col/max: 2.00e-04/1.69e-08/2.00e-04 | Train Acc: 0.1947 | Val Acc: 0.0783 | Val P/R/F1 (Macro): 0.1298/0.1591/0.0963 | LR: 0.000001
Epoch [55/100] | SVD update #55: pairs=440, sweeps=10, converged=False, rel_change=4.462e-03, effective_ranks=(320, 15), class_paired=True
Epoch [55/100] | Loss: 5.4302 (Cls: 5.4405, TAL: -0.1926, Adv: 0.1600, OT-Reg: 0.001319) | OT inner objective: -0.1370 | Marginal residual row/col/max: 2.31e-04/2.06e-08/2.31e-04 | Train Acc: 0.1683 | Val Acc: 0.0870 | Val P/R/F1 (Macro): 0.0794/0.1532/0.0892 | LR: 0.000001
Epoch [56/100] | SVD update #56: pairs=440, sweeps=5, converged=True, rel_change=9.231e-04, effective_ranks=(325, 16), class_paired=True
Epoch [56/100] | Loss: 5.4269 (Cls: 5.4319, TAL: -0.1518, Adv: 0.1654, OT-Reg: 0.001376) | OT inner objective: -0.1709 | Marginal residual row/col/max: 1.49e-04/1.98e-08/1.49e-04 | Train Acc: 0.2716 | Val Acc: 0.1652 | Val P/R/F1 (Macro): 0.2070/0.2384/0.1788 | LR: 0.000001
Epoch [57/100] | SVD update #57: pairs=440, sweeps=4, converged=True, rel_change=7.629e-04, effective_ranks=(325, 15), class_paired=True
Epoch [57/100] | Loss: 5.2820 (Cls: 5.2984, TAL: -0.2543, Adv: 0.1752, OT-Reg: 0.001409) | OT inner objective: -0.1708 | Marginal residual row/col/max: 1.60e-04/1.28e-08/1.60e-04 | Train Acc: 0.2356 | Val Acc: 0.1043 | Val P/R/F1 (Macro): 0.0997/0.1787/0.1015 | LR: 0.000001
Epoch [58/100] | SVD update #58: pairs=440, sweeps=7, converged=True, rel_change=1.720e-04, effective_ranks=(324, 15), class_paired=True
Epoch [58/100] | Loss: 5.3216 (Cls: 5.3294, TAL: -0.1962, Adv: 0.1967, OT-Reg: 0.001348) | OT inner objective: -0.1107 | Marginal residual row/col/max: 6.42e-06/1.93e-08/6.42e-06 | Train Acc: 0.2500 | Val Acc: 0.0957 | Val P/R/F1 (Macro): 0.1288/0.1600/0.1200 | LR: 0.000001
Epoch [59/100] | SVD update #59: pairs=440, sweeps=3, converged=True, rel_change=6.453e-04, effective_ranks=(326, 17), class_paired=True
Epoch [59/100] | Loss: 5.4194 (Cls: 5.4342, TAL: -0.2207, Adv: 0.1457, OT-Reg: 0.001385) | OT inner objective: -0.0905 | Marginal residual row/col/max: 8.90e-05/1.50e-08/8.90e-05 | Train Acc: 0.2548 | Val Acc: 0.1913 | Val P/R/F1 (Macro): 0.1584/0.3256/0.1808 | LR: 0.000001
Epoch [60/100] | SVD update #60: pairs=440, sweeps=5, converged=True, rel_change=2.994e-04, effective_ranks=(321, 15), class_paired=True
Epoch [60/100] | Loss: 5.2194 (Cls: 5.2304, TAL: -0.1943, Adv: 0.1547, OT-Reg: 0.001371) | OT inner objective: -0.0363 | Marginal residual row/col/max: 1.34e-05/2.46e-08/1.34e-05 | Train Acc: 0.3221 | Val Acc: 0.1043 | Val P/R/F1 (Macro): 0.1474/0.1923/0.1319 | LR: 0.000001
Epoch [61/100] | SVD update #61: pairs=440, sweeps=3, converged=True, rel_change=9.123e-04, effective_ranks=(323, 16), class_paired=True
Epoch [61/100] | Loss: 5.0187 (Cls: 5.0347, TAL: -0.2521, Adv: 0.1776, OT-Reg: 0.001359) | OT inner objective: -0.1041 | Marginal residual row/col/max: 3.24e-05/1.22e-08/3.25e-05 | Train Acc: 0.3173 | Val Acc: 0.1043 | Val P/R/F1 (Macro): 0.0914/0.2032/0.1164 | LR: 0.000001
Epoch [62/100] | SVD update #62: pairs=440, sweeps=4, converged=True, rel_change=1.907e-04, effective_ranks=(324, 15), class_paired=True
Epoch [62/100] | Loss: 5.3156 (Cls: 5.3171, TAL: -0.1687, Adv: 0.2354, OT-Reg: 0.001346) | OT inner objective: -0.1549 | Marginal residual row/col/max: 2.01e-05/1.93e-08/2.01e-05 | Train Acc: 0.2692 | Val Acc: 0.0783 | Val P/R/F1 (Macro): 0.0552/0.1429/0.0771 | LR: 0.000001
Epoch [63/100] | SVD update #63: pairs=440, sweeps=5, converged=True, rel_change=4.701e-04, effective_ranks=(322, 15), class_paired=True
Epoch [63/100] | Loss: 5.2052 (Cls: 5.2038, TAL: -0.0983, Adv: 0.1642, OT-Reg: 0.001409) | OT inner objective: -0.0693 | Marginal residual row/col/max: 4.55e-05/1.15e-08/4.55e-05 | Train Acc: 0.2188 | Val Acc: 0.0870 | Val P/R/F1 (Macro): 0.0860/0.1453/0.1030 | LR: 0.000001
Epoch [64/100] | SVD update #64: pairs=440, sweeps=4, converged=True, rel_change=1.425e-04, effective_ranks=(323, 15), class_paired=True
Epoch [64/100] | Loss: 5.2209 (Cls: 5.2209, TAL: -0.1215, Adv: 0.1819, OT-Reg: 0.001339) | OT inner objective: -0.1287 | Marginal residual row/col/max: 8.03e-06/1.72e-08/8.03e-06 | Train Acc: 0.3245 | Val Acc: 0.0609 | Val P/R/F1 (Macro): 0.0551/0.1182/0.0723 | LR: 0.000001
Epoch [65/100] | SVD update #65: pairs=440, sweeps=5, converged=True, rel_change=1.306e-04, effective_ranks=(322, 17), class_paired=True
Epoch [65/100] | Loss: 5.3007 (Cls: 5.3248, TAL: -0.3379, Adv: 0.2057, OT-Reg: 0.001360) | OT inner objective: -0.1264 | Marginal residual row/col/max: 3.52e-05/2.03e-08/3.52e-05 | Train Acc: 0.2812 | Val Acc: 0.0696 | Val P/R/F1 (Macro): 0.0517/0.1306/0.0720 | LR: 0.000001
Epoch [66/100] | SVD update #66: pairs=440, sweeps=9, converged=True, rel_change=4.436e-04, effective_ranks=(323, 14), class_paired=True
Epoch [66/100] | Loss: 5.2897 (Cls: 5.2965, TAL: -0.1755, Adv: 0.1788, OT-Reg: 0.001382) | OT inner objective: -0.2337 | Marginal residual row/col/max: 8.60e-05/2.05e-08/8.60e-05 | Train Acc: 0.2115 | Val Acc: 0.0609 | Val P/R/F1 (Macro): 0.0321/0.1326/0.0481 | LR: 0.000001
Epoch [67/100] | SVD update #67: pairs=440, sweeps=7, converged=True, rel_change=4.737e-04, effective_ranks=(321, 15), class_paired=True
Epoch [67/100] | Loss: 5.4817 (Cls: 5.4798, TAL: -0.1506, Adv: 0.2489, OT-Reg: 0.001373) | OT inner objective: -0.1634 | Marginal residual row/col/max: 2.82e-04/1.69e-08/2.82e-04 | Train Acc: 0.2380 | Val Acc: 0.0957 | Val P/R/F1 (Macro): 0.1000/0.1610/0.0897 | LR: 0.000001
Epoch [68/100] | SVD update #68: pairs=440, sweeps=5, converged=True, rel_change=3.891e-04, effective_ranks=(324, 14), class_paired=True
Epoch [68/100] | Loss: 5.3020 (Cls: 5.2922, TAL: -0.0992, Adv: 0.2711, OT-Reg: 0.001401) | OT inner objective: -0.1807 | Marginal residual row/col/max: 2.15e-04/1.26e-08/2.15e-04 | Train Acc: 0.2476 | Val Acc: 0.1130 | Val P/R/F1 (Macro): 0.1244/0.1853/0.1046 | LR: 0.000001
Epoch [69/100] | SVD update #69: pairs=440, sweeps=6, converged=True, rel_change=4.611e-04, effective_ranks=(320, 14), class_paired=True
Epoch [69/100] | Loss: 5.3502 (Cls: 5.3507, TAL: -0.1452, Adv: 0.2114, OT-Reg: 0.001290) | OT inner objective: -0.1854 | Marginal residual row/col/max: 2.86e-04/1.39e-08/2.86e-04 | Train Acc: 0.2428 | Val Acc: 0.1043 | Val P/R/F1 (Macro): 0.0663/0.1590/0.0821 | LR: 0.000001
Epoch [70/100] | SVD update #70: pairs=440, sweeps=6, converged=True, rel_change=9.359e-04, effective_ranks=(323, 15), class_paired=True
Epoch [70/100] | Loss: 5.2440 (Cls: 5.2362, TAL: -0.1141, Adv: 0.2691, OT-Reg: 0.001333) | OT inner objective: -0.0944 | Marginal residual row/col/max: 2.14e-04/1.82e-08/2.14e-04 | Train Acc: 0.2692 | Val Acc: 0.0783 | Val P/R/F1 (Macro): 0.0727/0.1547/0.0849 | LR: 0.000001
Epoch [71/100] | SVD update #71: pairs=440, sweeps=7, converged=True, rel_change=8.201e-04, effective_ranks=(319, 15), class_paired=True
Epoch [71/100] | Loss: 5.2863 (Cls: 5.2774, TAL: -0.1245, Adv: 0.2971, OT-Reg: 0.001331) | OT inner objective: -0.1772 | Marginal residual row/col/max: 1.14e-04/1.40e-08/1.14e-04 | Train Acc: 0.2548 | Val Acc: 0.0957 | Val P/R/F1 (Macro): 0.1208/0.1655/0.0982 | LR: 0.000001
Epoch [72/100] | SVD update #72: pairs=440, sweeps=10, converged=False, rel_change=4.528e-02, effective_ranks=(319, 14), class_paired=True
Epoch [72/100] | Loss: 5.5061 (Cls: 5.4898, TAL: -0.0295, Adv: 0.2480, OT-Reg: 0.001419) | OT inner objective: -0.0051 | Marginal residual row/col/max: 2.15e-05/2.95e-08/2.15e-05 | Train Acc: 0.2428 | Val Acc: 0.1217 | Val P/R/F1 (Macro): 0.1850/0.1886/0.1133 | LR: 0.000001
Epoch [73/100] | SVD update #73: pairs=440, sweeps=6, converged=True, rel_change=2.122e-04, effective_ranks=(324, 16), class_paired=True
Epoch [73/100] | Loss: 5.2128 (Cls: 5.2143, TAL: -0.2083, Adv: 0.2942, OT-Reg: 0.001307) | OT inner objective: -0.1385 | Marginal residual row/col/max: 8.60e-05/3.58e-08/8.60e-05 | Train Acc: 0.3053 | Val Acc: 0.0957 | Val P/R/F1 (Macro): 0.0725/0.1676/0.0962 | LR: 0.000001
Epoch [74/100] | SVD update #74: pairs=440, sweeps=4, converged=True, rel_change=8.240e-04, effective_ranks=(324, 15), class_paired=True
Epoch [74/100] | Loss: 5.1401 (Cls: 5.1390, TAL: -0.1847, Adv: 0.2914, OT-Reg: 0.001314) | OT inner objective: -0.0774 | Marginal residual row/col/max: 2.99e-05/2.87e-08/2.99e-05 | Train Acc: 0.3341 | Val Acc: 0.0696 | Val P/R/F1 (Macro): 0.1045/0.1341/0.0919 | LR: 0.000001
Epoch [75/100] | SVD update #75: pairs=440, sweeps=4, converged=True, rel_change=1.943e-04, effective_ranks=(323, 14), class_paired=True
Epoch [75/100] | Loss: 5.2618 (Cls: 5.2548, TAL: -0.1528, Adv: 0.3167, OT-Reg: 0.001365) | OT inner objective: -0.0813 | Marginal residual row/col/max: 8.69e-05/1.32e-08/8.69e-05 | Train Acc: 0.2957 | Val Acc: 0.1130 | Val P/R/F1 (Macro): 0.1864/0.1956/0.1462 | LR: 0.000001
Epoch [76/100] | SVD update #76: pairs=440, sweeps=4, converged=True, rel_change=3.645e-04, effective_ranks=(325, 15), class_paired=True
Epoch [76/100] | Loss: 5.1645 (Cls: 5.1743, TAL: -0.2374, Adv: 0.2331, OT-Reg: 0.001302) | OT inner objective: -0.1006 | Marginal residual row/col/max: 1.66e-04/1.89e-08/1.66e-04 | Train Acc: 0.2788 | Val Acc: 0.0870 | Val P/R/F1 (Macro): 0.0907/0.1762/0.1061 | LR: 0.000001
Epoch [77/100] | SVD update #77: pairs=440, sweeps=4, converged=True, rel_change=1.451e-04, effective_ranks=(323, 15), class_paired=True
Epoch [77/100] | Loss: 5.1312 (Cls: 5.1491, TAL: -0.3242, Adv: 0.2616, OT-Reg: 0.001359) | OT inner objective: -0.1297 | Marginal residual row/col/max: 3.91e-05/2.26e-08/3.91e-05 | Train Acc: 0.2933 | Val Acc: 0.0957 | Val P/R/F1 (Macro): 0.1565/0.2029/0.1333 | LR: 0.000001
Epoch [78/100] | SVD update #78: pairs=440, sweeps=3, converged=True, rel_change=4.431e-04, effective_ranks=(324, 14), class_paired=True
Epoch [78/100] | Loss: 4.9694 (Cls: 4.9666, TAL: -0.2213, Adv: 0.3675, OT-Reg: 0.001324) | OT inner objective: 0.0034 | Marginal residual row/col/max: 4.06e-06/2.21e-08/4.06e-06 | Train Acc: 0.3029 | Val Acc: 0.1217 | Val P/R/F1 (Macro): 0.1471/0.2141/0.1477 | LR: 0.000001
Epoch [79/100] | SVD update #79: pairs=440, sweeps=3, converged=True, rel_change=5.569e-04, effective_ranks=(322, 16), class_paired=True
Epoch [79/100] | Loss: 5.1456 (Cls: 5.1348, TAL: -0.1306, Adv: 0.3300, OT-Reg: 0.001361) | OT inner objective: -0.0770 | Marginal residual row/col/max: 1.00e-05/1.92e-08/1.00e-05 | Train Acc: 0.3413 | Val Acc: 0.1043 | Val P/R/F1 (Macro): 0.1373/0.1894/0.1333 | LR: 0.000001
Epoch [80/100] | SVD update #80: pairs=440, sweeps=6, converged=True, rel_change=3.532e-04, effective_ranks=(324, 14), class_paired=True
Epoch [80/100] | Loss: 5.1830 (Cls: 5.1708, TAL: -0.1425, Adv: 0.3666, OT-Reg: 0.001328) | OT inner objective: -0.0103 | Marginal residual row/col/max: 1.14e-06/2.35e-08/1.14e-06 | Train Acc: 0.2861 | Val Acc: 0.0609 | Val P/R/F1 (Macro): 0.0369/0.1429/0.0570 | LR: 0.000001
Epoch [81/100] | SVD update #81: pairs=440, sweeps=5, converged=True, rel_change=4.538e-04, effective_ranks=(323, 16), class_paired=True
Epoch [81/100] | Loss: 5.0878 (Cls: 5.0985, TAL: -0.2723, Adv: 0.2748, OT-Reg: 0.001354) | OT inner objective: -0.0342 | Marginal residual row/col/max: 3.73e-06/2.06e-08/3.73e-06 | Train Acc: 0.3365 | Val Acc: 0.0957 | Val P/R/F1 (Macro): 0.0611/0.1391/0.0776 | LR: 0.000001
Epoch [82/100] | SVD update #82: pairs=440, sweeps=5, converged=True, rel_change=1.654e-04, effective_ranks=(326, 15), class_paired=True
Epoch [82/100] | Loss: 5.1668 (Cls: 5.1484, TAL: -0.1279, Adv: 0.4226, OT-Reg: 0.001338) | OT inner objective: -0.0877 | Marginal residual row/col/max: 8.39e-06/2.75e-08/8.39e-06 | Train Acc: 0.3053 | Val Acc: 0.0609 | Val P/R/F1 (Macro): 0.0409/0.1491/0.0639 | LR: 0.000001
Epoch [83/100] | SVD update #83: pairs=440, sweeps=5, converged=True, rel_change=8.983e-04, effective_ranks=(324, 15), class_paired=True
Epoch [83/100] | Loss: 5.1052 (Cls: 5.1042, TAL: -0.2287, Adv: 0.3553, OT-Reg: 0.001328) | OT inner objective: -0.1065 | Marginal residual row/col/max: 2.74e-05/2.41e-08/2.74e-05 | Train Acc: 0.3029 | Val Acc: 0.0957 | Val P/R/F1 (Macro): 0.1177/0.1858/0.0947 | LR: 0.000001
Epoch [84/100] | SVD update #84: pairs=440, sweeps=4, converged=True, rel_change=4.737e-05, effective_ranks=(323, 14), class_paired=True
Epoch [84/100] | Loss: 4.9971 (Cls: 5.0125, TAL: -0.3275, Adv: 0.2986, OT-Reg: 0.001332) | OT inner objective: -0.0960 | Marginal residual row/col/max: 5.46e-05/1.96e-08/5.46e-05 | Train Acc: 0.3486 | Val Acc: 0.0957 | Val P/R/F1 (Macro): 0.1178/0.1709/0.1240 | LR: 0.000001
Epoch [85/100] | SVD update #85: pairs=440, sweeps=4, converged=True, rel_change=5.222e-04, effective_ranks=(324, 18), class_paired=True
Epoch [85/100] | Loss: 5.1945 (Cls: 5.2066, TAL: -0.3012, Adv: 0.3015, OT-Reg: 0.001320) | OT inner objective: -0.0920 | Marginal residual row/col/max: 6.41e-05/1.75e-08/6.41e-05 | Train Acc: 0.3077 | Val Acc: 0.1043 | Val P/R/F1 (Macro): 0.1784/0.1547/0.1280 | LR: 0.000001
Epoch [86/100] | SVD update #86: pairs=440, sweeps=4, converged=True, rel_change=6.714e-04, effective_ranks=(323, 14), class_paired=True
Epoch [86/100] | Loss: 5.0142 (Cls: 5.0038, TAL: -0.2299, Adv: 0.4748, OT-Reg: 0.001315) | OT inner objective: -0.0854 | Marginal residual row/col/max: 6.32e-05/2.45e-08/6.32e-05 | Train Acc: 0.3486 | Val Acc: 0.0870 | Val P/R/F1 (Macro): 0.1663/0.1835/0.1076 | LR: 0.000001
Epoch [87/100] | SVD update #87: pairs=440, sweeps=6, converged=True, rel_change=6.016e-04, effective_ranks=(323, 13), class_paired=True
Epoch [87/100] | Loss: 4.9161 (Cls: 4.9050, TAL: -0.2405, Adv: 0.4993, OT-Reg: 0.001373) | OT inner objective: -0.0838 | Marginal residual row/col/max: 7.14e-07/2.02e-08/7.14e-07 | Train Acc: 0.3413 | Val Acc: 0.0783 | Val P/R/F1 (Macro): 0.0587/0.1676/0.0851 | LR: 0.000001
Epoch [88/100] | SVD update #88: pairs=440, sweeps=6, converged=True, rel_change=2.587e-04, effective_ranks=(323, 17), class_paired=True
Epoch [88/100] | Loss: 5.0564 (Cls: 5.0707, TAL: -0.3104, Adv: 0.2861, OT-Reg: 0.001398) | OT inner objective: -0.1394 | Marginal residual row/col/max: 1.09e-04/1.30e-08/1.09e-04 | Train Acc: 0.3702 | Val Acc: 0.1652 | Val P/R/F1 (Macro): 0.3042/0.2916/0.1791 | LR: 0.000001
Epoch [89/100] | SVD update #89: pairs=440, sweeps=6, converged=True, rel_change=5.090e-04, effective_ranks=(321, 15), class_paired=True
Epoch [89/100] | Loss: 5.1320 (Cls: 5.1318, TAL: -0.2274, Adv: 0.3442, OT-Reg: 0.001393) | OT inner objective: -0.0352 | Marginal residual row/col/max: 3.72e-05/1.50e-08/3.72e-05 | Train Acc: 0.2885 | Val Acc: 0.0696 | Val P/R/F1 (Macro): 0.0575/0.1553/0.0768 | LR: 0.000001
Epoch [90/100] | SVD update #90: pairs=440, sweeps=3, converged=True, rel_change=8.246e-04, effective_ranks=(324, 15), class_paired=True
Epoch [90/100] | Loss: 5.0193 (Cls: 5.0096, TAL: -0.2010, Adv: 0.4232, OT-Reg: 0.001411) | OT inner objective: -0.0454 | Marginal residual row/col/max: 2.12e-05/1.38e-08/2.12e-05 | Train Acc: 0.3534 | Val Acc: 0.0870 | Val P/R/F1 (Macro): 0.0622/0.1800/0.0910 | LR: 0.000001
Epoch [91/100] | SVD update #91: pairs=440, sweeps=7, converged=True, rel_change=8.899e-04, effective_ranks=(324, 14), class_paired=True
Epoch [91/100] | Loss: 5.3875 (Cls: 5.3649, TAL: -0.0460, Adv: 0.3523, OT-Reg: 0.001357) | OT inner objective: -0.0993 | Marginal residual row/col/max: 7.36e-05/1.45e-08/7.36e-05 | Train Acc: 0.2260 | Val Acc: 0.0609 | Val P/R/F1 (Macro): 0.0421/0.1353/0.0559 | LR: 0.000001
Epoch [92/100] | SVD update #92: pairs=440, sweeps=7, converged=True, rel_change=7.588e-04, effective_ranks=(324, 16), class_paired=True
Epoch [92/100] | Loss: 5.4180 (Cls: 5.3983, TAL: -0.0799, Adv: 0.3654, OT-Reg: 0.001425) | OT inner objective: -0.1050 | Marginal residual row/col/max: 6.73e-05/1.36e-08/6.73e-05 | Train Acc: 0.2380 | Val Acc: 0.0435 | Val P/R/F1 (Macro): 0.0507/0.1209/0.0451 | LR: 0.000001
Epoch [93/100] | SVD update #93: pairs=440, sweeps=5, converged=True, rel_change=9.295e-04, effective_ranks=(322, 15), class_paired=True
Epoch [93/100] | Loss: 5.6383 (Cls: 5.6138, TAL: -0.0491, Adv: 0.3791, OT-Reg: 0.001365) | OT inner objective: -0.1928 | Marginal residual row/col/max: 2.78e-04/2.13e-08/2.78e-04 | Train Acc: 0.2236 | Val Acc: 0.0609 | Val P/R/F1 (Macro): 0.0608/0.1326/0.0594 | LR: 0.000001
Epoch [94/100] | SVD update #94: pairs=440, sweeps=6, converged=True, rel_change=3.892e-04, effective_ranks=(324, 16), class_paired=True
Epoch [94/100] | Loss: 5.4177 (Cls: 5.3881, TAL: -0.0299, Adv: 0.4147, OT-Reg: 0.001364) | OT inner objective: -0.1460 | Marginal residual row/col/max: 1.23e-04/1.93e-08/1.23e-04 | Train Acc: 0.2212 | Val Acc: 0.0522 | Val P/R/F1 (Macro): 0.1297/0.1341/0.0615 | LR: 0.000001
Epoch [95/100] | SVD update #95: pairs=440, sweeps=5, converged=True, rel_change=4.725e-04, effective_ranks=(325, 14), class_paired=True
Epoch [95/100] | Loss: 5.5391 (Cls: 5.5283, TAL: -0.1436, Adv: 0.3504, OT-Reg: 0.001378) | OT inner objective: -0.1439 | Marginal residual row/col/max: 1.69e-04/1.65e-08/1.69e-04 | Train Acc: 0.2091 | Val Acc: 0.0696 | Val P/R/F1 (Macro): 0.0748/0.1434/0.0679 | LR: 0.000001
Epoch [96/100] | SVD update #96: pairs=440, sweeps=7, converged=True, rel_change=5.184e-04, effective_ranks=(323, 16), class_paired=True
Epoch [96/100] | Loss: 5.3284 (Cls: 5.3107, TAL: -0.0750, Adv: 0.3338, OT-Reg: 0.001379) | OT inner objective: -0.1649 | Marginal residual row/col/max: 1.17e-04/1.10e-08/1.17e-04 | Train Acc: 0.2668 | Val Acc: 0.1217 | Val P/R/F1 (Macro): 0.1171/0.1736/0.1140 | LR: 0.000001
Epoch [97/100] | SVD update #97: pairs=440, sweeps=6, converged=True, rel_change=9.507e-04, effective_ranks=(327, 16), class_paired=True
Epoch [97/100] | Loss: 5.4385 (Cls: 5.4211, TAL: -0.1207, Adv: 0.3991, OT-Reg: 0.001352) | OT inner objective: -0.1651 | Marginal residual row/col/max: 1.23e-04/1.53e-08/1.23e-04 | Train Acc: 0.1947 | Val Acc: 0.0696 | Val P/R/F1 (Macro): 0.0654/0.1369/0.0622 | LR: 0.000001
Epoch [98/100] | SVD update #98: pairs=440, sweeps=8, converged=True, rel_change=5.614e-04, effective_ranks=(324, 14), class_paired=True
Epoch [98/100] | Loss: 5.2972 (Cls: 5.2857, TAL: -0.1262, Adv: 0.3331, OT-Reg: 0.001339) | OT inner objective: -0.1188 | Marginal residual row/col/max: 7.01e-05/1.20e-08/7.01e-05 | Train Acc: 0.2428 | Val Acc: 0.1130 | Val P/R/F1 (Macro): 0.1074/0.1872/0.1051 | LR: 0.000001
Epoch [99/100] | SVD update #99: pairs=440, sweeps=7, converged=True, rel_change=3.785e-04, effective_ranks=(325, 15), class_paired=True
Epoch [99/100] | Loss: 5.5038 (Cls: 5.4971, TAL: -0.1869, Adv: 0.3640, OT-Reg: 0.001329) | OT inner objective: -0.1243 | Marginal residual row/col/max: 1.28e-04/1.32e-08/1.28e-04 | Train Acc: 0.2404 | Val Acc: 0.0696 | Val P/R/F1 (Macro): 0.0424/0.1430/0.0648 | LR: 0.000001
Epoch [100/100] | SVD update #100: pairs=440, sweeps=10, converged=False, rel_change=2.153e-03, effective_ranks=(319, 14), class_paired=True
Epoch [100/100] | Loss: 5.2569 (Cls: 5.2332, TAL: -0.1643, Adv: 0.5431, OT-Reg: 0.001415) | OT inner objective: -0.0938 | Marginal residual row/col/max: 1.37e-04/1.07e-08/1.37e-04 | Train Acc: 0.2764 | Val Acc: 0.1304 | Val P/R/F1 (Macro): 0.1519/0.2125/0.1251 | LR: 0.000001
Report strategy: best, window=10, reported_acc=0.4696, best_acc=0.4696, selected_epoch=2

迭代 2 报告指标:
  Accuracy: 0.4696
  Precision (Macro): 0.4695
  Recall (Macro): 0.5564
  F1 (Macro): 0.4230
  Precision (Micro): 0.4696
  Recall (Micro): 0.4696
  F1 (Micro): 0.4696
  Val class coverage: 9/14 (0.6429), samples=115

================================================================================
迭代 3/5
随机种子: 44
================================================================================
Training mode: full target-label supervision (class-paired batches).
Feature fusion: Tensor alignment (512+512 -> 16+16); fused_dim=32
Domain adaptation: Neural OT generator with 3-domain discriminator
Loss weights: tensor=0.12, adv=0.08
Transport: mode=sinkhorn, epsilon=0.1, Sinkhorn iterations=50, correction scale=0.1, correction regularization weight=0.001
Tensor projection update: once per epoch from the complete target-training pairing bank; projection_dim=16, max_sweeps=10, relative singular-value tolerance=0.001
Epoch [1/100] | SVD update #1: pairs=440, sweeps=3, converged=True, rel_change=3.524e-05, effective_ranks=(327, 124), class_paired=True
Epoch [1/100] | Loss: 7.5932 (Cls: 7.5966, TAL: -0.2302, Adv: 0.3026, OT-Reg: 0.001593) | OT inner objective: 0.0910 | Marginal residual row/col/max: 1.78e-08/1.76e-08/2.13e-08 | Train Acc: 0.1779 | Val Acc: 0.1391 | Val P/R/F1 (Macro): 0.2433/0.2059/0.1359 | LR: 0.000005
  >>> New Best Val Acc: 0.1391
Epoch [2/100] | SVD update #2: pairs=440, sweeps=10, converged=False, rel_change=4.174e-01, effective_ranks=(327, 68), class_paired=True
Epoch [2/100] | Loss: 7.3338 (Cls: 7.2959, TAL: 0.1487, Adv: 0.2513, OT-Reg: 0.001683) | OT inner objective: 0.1528 | Marginal residual row/col/max: 1.26e-08/1.75e-08/1.78e-08 | Train Acc: 0.2188 | Val Acc: 0.2957 | Val P/R/F1 (Macro): 0.3303/0.2996/0.2250 | LR: 0.000005
  >>> New Best Val Acc: 0.2957
Epoch [3/100] | SVD update #3: pairs=440, sweeps=10, converged=False, rel_change=1.032e-02, effective_ranks=(326, 34), class_paired=True
Epoch [3/100] | Loss: 7.6388 (Cls: 7.6179, TAL: -0.0295, Adv: 0.3053, OT-Reg: 0.001578) | OT inner objective: 0.0211 | Marginal residual row/col/max: 2.43e-06/2.39e-08/2.43e-06 | Train Acc: 0.1010 | Val Acc: 0.1043 | Val P/R/F1 (Macro): 0.1879/0.1342/0.1025 | LR: 0.000005
Epoch [4/100] | SVD update #4: pairs=440, sweeps=5, converged=True, rel_change=2.584e-04, effective_ranks=(325, 18), class_paired=True
Epoch [4/100] | Loss: 7.4217 (Cls: 7.4036, TAL: -0.0263, Adv: 0.2651, OT-Reg: 0.001499) | OT inner objective: -0.0044 | Marginal residual row/col/max: 3.96e-05/1.56e-08/3.96e-05 | Train Acc: 0.1250 | Val Acc: 0.2174 | Val P/R/F1 (Macro): 0.1563/0.2011/0.1611 | LR: 0.000005
Epoch [5/100] | SVD update #5: pairs=440, sweeps=10, converged=False, rel_change=6.095e-03, effective_ranks=(326, 24), class_paired=True
Epoch [5/100] | Loss: 7.0059 (Cls: 6.9957, TAL: -0.1001, Adv: 0.2776, OT-Reg: 0.001382) | OT inner objective: 0.0244 | Marginal residual row/col/max: 3.21e-04/3.85e-08/3.21e-04 | Train Acc: 0.1683 | Val Acc: 0.2783 | Val P/R/F1 (Macro): 0.1681/0.2701/0.1867 | LR: 0.000005
Epoch [6/100] | SVD update #6: pairs=440, sweeps=10, converged=False, rel_change=1.366e-02, effective_ranks=(321, 13), class_paired=True
Epoch [6/100] | Loss: 7.1096 (Cls: 7.1025, TAL: -0.1147, Adv: 0.2611, OT-Reg: 0.001486) | OT inner objective: 0.1109 | Marginal residual row/col/max: 1.15e-05/2.98e-08/1.15e-05 | Train Acc: 0.1514 | Val Acc: 0.1652 | Val P/R/F1 (Macro): 0.1240/0.1733/0.1293 | LR: 0.000005
Epoch [7/100] | SVD update #7: pairs=440, sweeps=10, converged=False, rel_change=6.721e-03, effective_ranks=(324, 17), class_paired=True
Epoch [7/100] | Loss: 6.7269 (Cls: 6.7197, TAL: -0.1102, Adv: 0.2547, OT-Reg: 0.001293) | OT inner objective: -0.0310 | Marginal residual row/col/max: 5.25e-06/3.17e-08/5.25e-06 | Train Acc: 0.1611 | Val Acc: 0.1739 | Val P/R/F1 (Macro): 0.1104/0.2019/0.1267 | LR: 0.000005
Epoch [8/100] | SVD update #8: pairs=440, sweeps=9, converged=True, rel_change=5.340e-04, effective_ranks=(324, 10), class_paired=True
Epoch [8/100] | Loss: 6.7561 (Cls: 6.7556, TAL: -0.1574, Adv: 0.2414, OT-Reg: 0.001299) | OT inner objective: -0.0271 | Marginal residual row/col/max: 3.83e-05/3.21e-08/3.83e-05 | Train Acc: 0.1562 | Val Acc: 0.0957 | Val P/R/F1 (Macro): 0.0617/0.1203/0.0622 | LR: 0.000005
Epoch [9/100] | SVD update #9: pairs=440, sweeps=6, converged=True, rel_change=8.882e-04, effective_ranks=(324, 23), class_paired=True
Epoch [9/100] | Loss: 6.5454 (Cls: 6.5546, TAL: -0.2381, Adv: 0.2422, OT-Reg: 0.001400) | OT inner objective: 0.0290 | Marginal residual row/col/max: 2.09e-07/3.50e-08/2.13e-07 | Train Acc: 0.1562 | Val Acc: 0.2522 | Val P/R/F1 (Macro): 0.1980/0.2767/0.1904 | LR: 0.000005
Epoch [10/100] | SVD update #10: pairs=440, sweeps=6, converged=True, rel_change=2.707e-04, effective_ranks=(318, 15), class_paired=True
Epoch [10/100] | Loss: 6.9010 (Cls: 6.9032, TAL: -0.1830, Adv: 0.2463, OT-Reg: 0.001480) | OT inner objective: -0.1303 | Marginal residual row/col/max: 4.94e-05/2.75e-08/4.94e-05 | Train Acc: 0.1827 | Val Acc: 0.3217 | Val P/R/F1 (Macro): 0.0884/0.1637/0.1084 | LR: 0.000005
  >>> New Best Val Acc: 0.3217
Epoch [11/100] | SVD update #11: pairs=440, sweeps=7, converged=True, rel_change=5.945e-04, effective_ranks=(325, 20), class_paired=True
Epoch [11/100] | Loss: 6.9648 (Cls: 6.9441, TAL: 0.0477, Adv: 0.1864, OT-Reg: 0.001535) | OT inner objective: -0.0830 | Marginal residual row/col/max: 5.10e-05/2.52e-08/5.10e-05 | Train Acc: 0.1635 | Val Acc: 0.2261 | Val P/R/F1 (Macro): 0.3188/0.2577/0.2274 | LR: 0.000005
Epoch [12/100] | SVD update #12: pairs=440, sweeps=10, converged=False, rel_change=4.826e-03, effective_ranks=(323, 23), class_paired=True
Epoch [12/100] | Loss: 6.2677 (Cls: 6.2579, TAL: -0.0672, Adv: 0.2222, OT-Reg: 0.001510) | OT inner objective: 0.0158 | Marginal residual row/col/max: 2.77e-05/2.67e-08/2.77e-05 | Train Acc: 0.2308 | Val Acc: 0.2957 | Val P/R/F1 (Macro): 0.2007/0.2499/0.2142 | LR: 0.000005
Epoch [13/100] | SVD update #13: pairs=440, sweeps=10, converged=True, rel_change=6.170e-04, effective_ranks=(324, 18), class_paired=True
Epoch [13/100] | Loss: 6.2891 (Cls: 6.2895, TAL: -0.1255, Adv: 0.1828, OT-Reg: 0.001423) | OT inner objective: -0.1025 | Marginal residual row/col/max: 9.11e-06/1.06e-08/9.11e-06 | Train Acc: 0.1971 | Val Acc: 0.2174 | Val P/R/F1 (Macro): 0.2159/0.2015/0.1887 | LR: 0.000005
Epoch [14/100] | SVD update #14: pairs=440, sweeps=10, converged=True, rel_change=4.378e-04, effective_ranks=(324, 23), class_paired=True
Epoch [14/100] | Loss: 6.7053 (Cls: 6.6964, TAL: -0.0529, Adv: 0.1908, OT-Reg: 0.001414) | OT inner objective: -0.1185 | Marginal residual row/col/max: 9.18e-05/1.22e-08/9.18e-05 | Train Acc: 0.2380 | Val Acc: 0.1739 | Val P/R/F1 (Macro): 0.1284/0.2433/0.1343 | LR: 0.000005
Epoch [15/100] | SVD update #15: pairs=440, sweeps=7, converged=True, rel_change=7.394e-04, effective_ranks=(322, 15), class_paired=True
Epoch [15/100] | Loss: 6.6040 (Cls: 6.5934, TAL: -0.0237, Adv: 0.1682, OT-Reg: 0.001488) | OT inner objective: -0.0519 | Marginal residual row/col/max: 6.42e-05/2.08e-08/6.42e-05 | Train Acc: 0.2188 | Val Acc: 0.3565 | Val P/R/F1 (Macro): 0.2810/0.3255/0.2666 | LR: 0.000005
  >>> New Best Val Acc: 0.3565
Epoch [16/100] | SVD update #16: pairs=440, sweeps=10, converged=False, rel_change=1.911e-03, effective_ranks=(325, 30), class_paired=True
Epoch [16/100] | Loss: 6.5331 (Cls: 6.5125, TAL: 0.0622, Adv: 0.1635, OT-Reg: 0.001434) | OT inner objective: 0.0790 | Marginal residual row/col/max: 6.16e-05/2.18e-08/6.16e-05 | Train Acc: 0.1707 | Val Acc: 0.2087 | Val P/R/F1 (Macro): 0.2204/0.2283/0.1458 | LR: 0.000005
Epoch [17/100] | SVD update #17: pairs=440, sweeps=10, converged=False, rel_change=6.407e-03, effective_ranks=(322, 17), class_paired=True
Epoch [17/100] | Loss: 6.3107 (Cls: 6.3000, TAL: -0.0293, Adv: 0.1781, OT-Reg: 0.001506) | OT inner objective: -0.1630 | Marginal residual row/col/max: 5.43e-05/9.74e-09/5.43e-05 | Train Acc: 0.2476 | Val Acc: 0.2522 | Val P/R/F1 (Macro): 0.2594/0.3103/0.2261 | LR: 0.000005
Epoch [18/100] | SVD update #18: pairs=440, sweeps=10, converged=False, rel_change=1.204e-03, effective_ranks=(322, 20), class_paired=True
Epoch [18/100] | Loss: 6.5412 (Cls: 6.5427, TAL: -0.1471, Adv: 0.2017, OT-Reg: 0.001384) | OT inner objective: -0.0941 | Marginal residual row/col/max: 7.41e-05/1.38e-08/7.41e-05 | Train Acc: 0.1659 | Val Acc: 0.1217 | Val P/R/F1 (Macro): 0.0812/0.1314/0.0694 | LR: 0.000005
Epoch [19/100] | SVD update #19: pairs=440, sweeps=8, converged=True, rel_change=1.880e-04, effective_ranks=(320, 21), class_paired=True
Epoch [19/100] | Loss: 6.3009 (Cls: 6.2854, TAL: 0.0177, Adv: 0.1664, OT-Reg: 0.001454) | OT inner objective: -0.0416 | Marginal residual row/col/max: 6.19e-05/2.98e-08/6.19e-05 | Train Acc: 0.2476 | Val Acc: 0.3739 | Val P/R/F1 (Macro): 0.2818/0.2906/0.2609 | LR: 0.000005
  >>> New Best Val Acc: 0.3739
Epoch [20/100] | SVD update #20: pairs=440, sweeps=10, converged=False, rel_change=5.409e-02, effective_ranks=(323, 19), class_paired=True
Epoch [20/100] | Loss: 7.5004 (Cls: 7.4930, TAL: -0.0347, Adv: 0.1447, OT-Reg: 0.001368) | OT inner objective: 0.0581 | Marginal residual row/col/max: 2.43e-07/3.87e-08/2.51e-07 | Train Acc: 0.1082 | Val Acc: 0.1043 | Val P/R/F1 (Macro): 0.0568/0.0837/0.0545 | LR: 0.000005
Epoch [21/100] | SVD update #21: pairs=440, sweeps=10, converged=False, rel_change=1.880e-01, effective_ranks=(326, 18), class_paired=True
Epoch [21/100] | Loss: 6.7867 (Cls: 6.7907, TAL: -0.1316, Adv: 0.1480, OT-Reg: 0.001446) | OT inner objective: -0.0225 | Marginal residual row/col/max: 3.58e-05/3.17e-08/3.58e-05 | Train Acc: 0.1394 | Val Acc: 0.2174 | Val P/R/F1 (Macro): 0.2225/0.2076/0.1457 | LR: 0.000005
Epoch [22/100] | SVD update #22: pairs=440, sweeps=4, converged=True, rel_change=8.579e-04, effective_ranks=(319, 12), class_paired=True
Epoch [22/100] | Loss: 6.0278 (Cls: 6.0321, TAL: -0.1458, Adv: 0.1641, OT-Reg: 0.001451) | OT inner objective: -0.0969 | Marginal residual row/col/max: 6.89e-04/3.22e-08/6.89e-04 | Train Acc: 0.2668 | Val Acc: 0.3739 | Val P/R/F1 (Macro): 0.3530/0.4050/0.3474 | LR: 0.000005
Epoch [23/100] | SVD update #23: pairs=440, sweeps=4, converged=True, rel_change=9.160e-04, effective_ranks=(326, 12), class_paired=True
Epoch [23/100] | Loss: 5.5848 (Cls: 5.5970, TAL: -0.2017, Adv: 0.1503, OT-Reg: 0.001539) | OT inner objective: -0.0987 | Marginal residual row/col/max: 2.20e-04/1.50e-08/2.20e-04 | Train Acc: 0.3077 | Val Acc: 0.1565 | Val P/R/F1 (Macro): 0.2212/0.2423/0.1321 | LR: 0.000005
Epoch [24/100] | SVD update #24: pairs=440, sweeps=10, converged=True, rel_change=3.411e-04, effective_ranks=(325, 13), class_paired=True
Epoch [24/100] | Loss: 6.2562 (Cls: 6.2574, TAL: -0.0978, Adv: 0.1322, OT-Reg: 0.001493) | OT inner objective: -0.1719 | Marginal residual row/col/max: 3.93e-05/1.06e-08/3.93e-05 | Train Acc: 0.1611 | Val Acc: 0.4348 | Val P/R/F1 (Macro): 0.2618/0.3154/0.2781 | LR: 0.000005
  >>> New Best Val Acc: 0.4348
Epoch [25/100] | SVD update #25: pairs=440, sweeps=10, converged=False, rel_change=5.793e-03, effective_ranks=(325, 11), class_paired=True
Epoch [25/100] | Loss: 5.8209 (Cls: 5.8503, TAL: -0.3230, Adv: 0.1171, OT-Reg: 0.001420) | OT inner objective: -0.0526 | Marginal residual row/col/max: 1.99e-04/1.40e-08/1.99e-04 | Train Acc: 0.2740 | Val Acc: 0.2435 | Val P/R/F1 (Macro): 0.2978/0.2430/0.1921 | LR: 0.000005
Epoch [26/100] | SVD update #26: pairs=440, sweeps=5, converged=True, rel_change=1.685e-04, effective_ranks=(322, 13), class_paired=True
Epoch [26/100] | Loss: 6.7111 (Cls: 6.7034, TAL: -0.0201, Adv: 0.1267, OT-Reg: 0.001405) | OT inner objective: -0.0766 | Marginal residual row/col/max: 2.70e-05/2.58e-08/2.70e-05 | Train Acc: 0.0625 | Val Acc: 0.2000 | Val P/R/F1 (Macro): 0.0574/0.1004/0.0708 | LR: 0.000005
Epoch [27/100] | SVD update #27: pairs=440, sweeps=10, converged=False, rel_change=2.549e-02, effective_ranks=(326, 15), class_paired=True
Epoch [27/100] | Loss: 6.7431 (Cls: 6.7528, TAL: -0.1716, Adv: 0.1370, OT-Reg: 0.001363) | OT inner objective: -0.0582 | Marginal residual row/col/max: 9.22e-05/2.45e-08/9.22e-05 | Train Acc: 0.1562 | Val Acc: 0.3826 | Val P/R/F1 (Macro): 0.2049/0.2361/0.1985 | LR: 0.000005
Epoch [28/100] | SVD update #28: pairs=440, sweeps=10, converged=False, rel_change=3.528e-03, effective_ranks=(310, 10), class_paired=True
Epoch [28/100] | Loss: 6.9347 (Cls: 6.9162, TAL: 0.0547, Adv: 0.1492, OT-Reg: 0.001499) | OT inner objective: -0.0887 | Marginal residual row/col/max: 9.33e-05/1.23e-08/9.33e-05 | Train Acc: 0.1346 | Val Acc: 0.3652 | Val P/R/F1 (Macro): 0.2035/0.2305/0.1956 | LR: 0.000005
Epoch [29/100] | SVD update #29: pairs=440, sweeps=6, converged=True, rel_change=5.565e-04, effective_ranks=(319, 11), class_paired=True
Epoch [29/100] | Loss: 6.2142 (Cls: 6.2065, TAL: -0.0358, Adv: 0.1495, OT-Reg: 0.001459) | OT inner objective: -0.0966 | Marginal residual row/col/max: 2.64e-04/1.81e-08/2.64e-04 | Train Acc: 0.1683 | Val Acc: 0.0870 | Val P/R/F1 (Macro): 0.0707/0.1219/0.0684 | LR: 0.000005
Epoch [30/100] | SVD update #30: pairs=440, sweeps=8, converged=True, rel_change=7.263e-04, effective_ranks=(327, 18), class_paired=True
Epoch [30/100] | Loss: 6.8072 (Cls: 6.7855, TAL: 0.0976, Adv: 0.1244, OT-Reg: 0.001552) | OT inner objective: -0.1296 | Marginal residual row/col/max: 1.81e-04/2.75e-08/1.81e-04 | Train Acc: 0.1731 | Val Acc: 0.1913 | Val P/R/F1 (Macro): 0.2340/0.1786/0.1792 | LR: 0.000005
Epoch [31/100] | SVD update #31: pairs=440, sweeps=10, converged=False, rel_change=4.688e-01, effective_ranks=(322, 12), class_paired=True
Epoch [31/100] | Loss: 6.1762 (Cls: 6.1631, TAL: 0.0176, Adv: 0.1378, OT-Reg: 0.001517) | OT inner objective: -0.0756 | Marginal residual row/col/max: 1.01e-04/3.20e-08/1.01e-04 | Train Acc: 0.1514 | Val Acc: 0.2348 | Val P/R/F1 (Macro): 0.3276/0.1838/0.1990 | LR: 0.000005
Epoch [32/100] | SVD update #32: pairs=440, sweeps=10, converged=True, rel_change=5.155e-04, effective_ranks=(327, 15), class_paired=True
Epoch [32/100] | Loss: 6.0046 (Cls: 6.0069, TAL: -0.0921, Adv: 0.1098, OT-Reg: 0.001266) | OT inner objective: -0.2390 | Marginal residual row/col/max: 4.70e-04/2.34e-08/4.70e-04 | Train Acc: 0.1947 | Val Acc: 0.2000 | Val P/R/F1 (Macro): 0.1695/0.1926/0.1303 | LR: 0.000005
Epoch [33/100] | SVD update #33: pairs=440, sweeps=10, converged=True, rel_change=2.282e-04, effective_ranks=(322, 13), class_paired=True
Epoch [33/100] | Loss: 6.3835 (Cls: 6.3910, TAL: -0.1346, Adv: 0.1073, OT-Reg: 0.001436) | OT inner objective: -0.2178 | Marginal residual row/col/max: 1.97e-04/2.59e-08/1.97e-04 | Train Acc: 0.1587 | Val Acc: 0.0435 | Val P/R/F1 (Macro): 0.0253/0.0746/0.0235 | LR: 0.000005
Epoch [34/100] | SVD update #34: pairs=440, sweeps=10, converged=False, rel_change=1.342e-02, effective_ranks=(321, 14), class_paired=True
Epoch [34/100] | Loss: 8.1037 (Cls: 8.1049, TAL: -0.0722, Adv: 0.0925, OT-Reg: 0.001396) | OT inner objective: -0.0249 | Marginal residual row/col/max: 3.40e-05/2.87e-08/3.40e-05 | Train Acc: 0.2139 | Val Acc: 0.1043 | Val P/R/F1 (Macro): 0.0833/0.1280/0.0813 | LR: 0.000005
Epoch [35/100] | SVD update #35: pairs=440, sweeps=4, converged=True, rel_change=2.694e-04, effective_ranks=(295, 9), class_paired=True
Epoch [35/100] | Loss: 6.4656 (Cls: 6.4537, TAL: 0.0341, Adv: 0.0972, OT-Reg: 0.001398) | OT inner objective: -0.0583 | Marginal residual row/col/max: 5.04e-04/2.52e-08/5.04e-04 | Train Acc: 0.1587 | Val Acc: 0.1913 | Val P/R/F1 (Macro): 0.1854/0.2254/0.1730 | LR: 0.000003
Epoch [36/100] | SVD update #36: pairs=440, sweeps=6, converged=True, rel_change=4.693e-04, effective_ranks=(321, 10), class_paired=True
Epoch [36/100] | Loss: 6.2970 (Cls: 6.3044, TAL: -0.1605, Adv: 0.1479, OT-Reg: 0.001355) | OT inner objective: -0.2298 | Marginal residual row/col/max: 2.61e-04/1.50e-08/2.61e-04 | Train Acc: 0.2260 | Val Acc: 0.2696 | Val P/R/F1 (Macro): 0.3435/0.3194/0.2248 | LR: 0.000003
Epoch [37/100] | SVD update #37: pairs=440, sweeps=10, converged=True, rel_change=6.274e-04, effective_ranks=(326, 10), class_paired=True
Epoch [37/100] | Loss: 5.8681 (Cls: 5.8653, TAL: -0.0381, Adv: 0.0918, OT-Reg: 0.001450) | OT inner objective: -0.2276 | Marginal residual row/col/max: 1.09e-03/3.84e-08/1.09e-03 | Train Acc: 0.1803 | Val Acc: 0.1478 | Val P/R/F1 (Macro): 0.2122/0.1967/0.1292 | LR: 0.000003
Epoch [38/100] | SVD update #38: pairs=440, sweeps=7, converged=True, rel_change=9.167e-04, effective_ranks=(326, 14), class_paired=True
Epoch [38/100] | Loss: 5.5145 (Cls: 5.5325, TAL: -0.2119, Adv: 0.0924, OT-Reg: 0.001435) | OT inner objective: -0.1872 | Marginal residual row/col/max: 2.02e-04/1.46e-08/2.02e-04 | Train Acc: 0.3149 | Val Acc: 0.2870 | Val P/R/F1 (Macro): 0.3702/0.3406/0.2600 | LR: 0.000003
Epoch [39/100] | SVD update #39: pairs=440, sweeps=10, converged=True, rel_change=7.888e-04, effective_ranks=(325, 16), class_paired=True
Epoch [39/100] | Loss: 5.3370 (Cls: 5.3340, TAL: -0.0535, Adv: 0.1178, OT-Reg: 0.001476) | OT inner objective: -0.0516 | Marginal residual row/col/max: 1.07e-04/1.46e-08/1.07e-04 | Train Acc: 0.3341 | Val Acc: 0.2609 | Val P/R/F1 (Macro): 0.3167/0.2933/0.2434 | LR: 0.000003
Epoch [40/100] | SVD update #40: pairs=440, sweeps=5, converged=True, rel_change=1.900e-04, effective_ranks=(325, 13), class_paired=True
Epoch [40/100] | Loss: 5.6901 (Cls: 5.6970, TAL: -0.1131, Adv: 0.0839, OT-Reg: 0.001490) | OT inner objective: -0.1259 | Marginal residual row/col/max: 2.68e-04/1.88e-08/2.68e-04 | Train Acc: 0.2596 | Val Acc: 0.2087 | Val P/R/F1 (Macro): 0.1988/0.2301/0.1919 | LR: 0.000003
Epoch [41/100] | SVD update #41: pairs=440, sweeps=4, converged=True, rel_change=4.274e-04, effective_ranks=(321, 12), class_paired=True
Epoch [41/100] | Loss: 5.5362 (Cls: 5.5622, TAL: -0.2782, Adv: 0.0920, OT-Reg: 0.001412) | OT inner objective: -0.1993 | Marginal residual row/col/max: 3.12e-04/1.05e-08/3.12e-04 | Train Acc: 0.2404 | Val Acc: 0.1565 | Val P/R/F1 (Macro): 0.1638/0.2166/0.1379 | LR: 0.000003
Epoch [42/100] | SVD update #42: pairs=440, sweeps=10, converged=False, rel_change=1.530e-03, effective_ranks=(324, 12), class_paired=True
Epoch [42/100] | Loss: 5.3316 (Cls: 5.3497, TAL: -0.2107, Adv: 0.0892, OT-Reg: 0.001415) | OT inner objective: -0.1885 | Marginal residual row/col/max: 3.49e-04/1.75e-08/3.49e-04 | Train Acc: 0.2861 | Val Acc: 0.2870 | Val P/R/F1 (Macro): 0.4038/0.3453/0.2718 | LR: 0.000003
Epoch [43/100] | SVD update #43: pairs=440, sweeps=10, converged=False, rel_change=3.287e-03, effective_ranks=(325, 13), class_paired=True
Epoch [43/100] | Loss: 5.4503 (Cls: 5.4542, TAL: -0.0926, Adv: 0.0903, OT-Reg: 0.001459) | OT inner objective: -0.1366 | Marginal residual row/col/max: 1.35e-04/1.65e-08/1.35e-04 | Train Acc: 0.2332 | Val Acc: 0.2957 | Val P/R/F1 (Macro): 0.2001/0.2774/0.1851 | LR: 0.000003
Epoch [44/100] | SVD update #44: pairs=440, sweeps=10, converged=False, rel_change=3.455e-03, effective_ranks=(325, 11), class_paired=True
Epoch [44/100] | Loss: 7.9891 (Cls: 7.9641, TAL: 0.1424, Adv: 0.0987, OT-Reg: 0.001367) | OT inner objective: -0.1078 | Marginal residual row/col/max: 2.72e-05/3.11e-08/2.72e-05 | Train Acc: 0.2452 | Val Acc: 0.0957 | Val P/R/F1 (Macro): 0.0403/0.1753/0.0642 | LR: 0.000003
Epoch [45/100] | SVD update #45: pairs=440, sweeps=7, converged=True, rel_change=2.867e-04, effective_ranks=(325, 14), class_paired=True
Epoch [45/100] | Loss: 6.0643 (Cls: 6.0596, TAL: -0.0281, Adv: 0.1011, OT-Reg: 0.001390) | OT inner objective: -0.1618 | Marginal residual row/col/max: 3.16e-04/1.60e-08/3.16e-04 | Train Acc: 0.1827 | Val Acc: 0.3043 | Val P/R/F1 (Macro): 0.2642/0.2970/0.2035 | LR: 0.000003
Epoch [46/100] | SVD update #46: pairs=440, sweeps=5, converged=True, rel_change=4.233e-04, effective_ranks=(313, 9), class_paired=True
Epoch [46/100] | Loss: 6.2543 (Cls: 6.2869, TAL: -0.3189, Adv: 0.0707, OT-Reg: 0.001369) | OT inner objective: -0.1789 | Marginal residual row/col/max: 1.94e-04/1.56e-08/1.94e-04 | Train Acc: 0.1947 | Val Acc: 0.1043 | Val P/R/F1 (Macro): 0.0843/0.1892/0.0568 | LR: 0.000001
Epoch [47/100] | SVD update #47: pairs=440, sweeps=5, converged=True, rel_change=8.238e-04, effective_ranks=(320, 10), class_paired=True
Epoch [47/100] | Loss: 8.0094 (Cls: 8.0027, TAL: -0.0072, Adv: 0.0949, OT-Reg: 0.001268) | OT inner objective: 0.0162 | Marginal residual row/col/max: 1.73e-05/2.68e-08/1.73e-05 | Train Acc: 0.1010 | Val Acc: 0.0609 | Val P/R/F1 (Macro): 0.0626/0.0538/0.0365 | LR: 0.000001
Epoch [48/100] | SVD update #48: pairs=440, sweeps=7, converged=True, rel_change=6.715e-04, effective_ranks=(322, 10), class_paired=True
Epoch [48/100] | Loss: 7.5077 (Cls: 7.4831, TAL: 0.1540, Adv: 0.0762, OT-Reg: 0.001368) | OT inner objective: 0.0057 | Marginal residual row/col/max: 6.59e-05/3.54e-08/6.59e-05 | Train Acc: 0.1178 | Val Acc: 0.3304 | Val P/R/F1 (Macro): 0.1359/0.1988/0.1502 | LR: 0.000001
Epoch [49/100] | SVD update #49: pairs=440, sweeps=10, converged=True, rel_change=1.172e-04, effective_ranks=(323, 14), class_paired=True
Epoch [49/100] | Loss: 6.8019 (Cls: 6.7890, TAL: 0.0451, Adv: 0.0928, OT-Reg: 0.001153) | OT inner objective: -0.1050 | Marginal residual row/col/max: 4.45e-04/4.86e-08/4.45e-04 | Train Acc: 0.1611 | Val Acc: 0.0870 | Val P/R/F1 (Macro): 0.0968/0.0849/0.0807 | LR: 0.000001
Epoch [50/100] | SVD update #50: pairs=440, sweeps=9, converged=True, rel_change=4.521e-04, effective_ranks=(324, 16), class_paired=True
Epoch [50/100] | Loss: 5.7774 (Cls: 5.8016, TAL: -0.2576, Adv: 0.0842, OT-Reg: 0.001355) | OT inner objective: -0.1670 | Marginal residual row/col/max: 3.32e-04/1.99e-08/3.32e-04 | Train Acc: 0.2332 | Val Acc: 0.1739 | Val P/R/F1 (Macro): 0.2963/0.2138/0.1483 | LR: 0.000001
Epoch [51/100] | SVD update #51: pairs=440, sweeps=10, converged=True, rel_change=5.812e-04, effective_ranks=(324, 18), class_paired=True
Epoch [51/100] | Loss: 5.7871 (Cls: 5.7820, TAL: -0.0197, Adv: 0.0939, OT-Reg: 0.001361) | OT inner objective: -0.1665 | Marginal residual row/col/max: 8.63e-05/2.21e-08/8.63e-05 | Train Acc: 0.2139 | Val Acc: 0.2870 | Val P/R/F1 (Macro): 0.1388/0.2170/0.1635 | LR: 0.000001
Epoch [52/100] | SVD update #52: pairs=440, sweeps=10, converged=False, rel_change=1.684e-02, effective_ranks=(322, 10), class_paired=True
Epoch [52/100] | Loss: 6.6993 (Cls: 6.6909, TAL: -0.0076, Adv: 0.1160, OT-Reg: 0.001264) | OT inner objective: -0.0234 | Marginal residual row/col/max: 8.64e-06/4.44e-08/8.65e-06 | Train Acc: 0.1130 | Val Acc: 0.2609 | Val P/R/F1 (Macro): 0.1405/0.1853/0.1467 | LR: 0.000001
Epoch [53/100] | SVD update #53: pairs=440, sweeps=10, converged=True, rel_change=8.592e-04, effective_ranks=(325, 14), class_paired=True
Epoch [53/100] | Loss: 7.3343 (Cls: 7.3035, TAL: 0.1850, Adv: 0.1070, OT-Reg: 0.001359) | OT inner objective: 0.0705 | Marginal residual row/col/max: 2.78e-07/1.78e-08/2.83e-07 | Train Acc: 0.2212 | Val Acc: 0.1304 | Val P/R/F1 (Macro): 0.0833/0.1110/0.0810 | LR: 0.000001
Epoch [54/100] | SVD update #54: pairs=440, sweeps=10, converged=False, rel_change=1.038e-01, effective_ranks=(327, 25), class_paired=True
Epoch [54/100] | Loss: 6.0269 (Cls: 6.0153, TAL: 0.0334, Adv: 0.0946, OT-Reg: 0.001297) | OT inner objective: 0.0579 | Marginal residual row/col/max: 9.71e-05/3.12e-08/9.71e-05 | Train Acc: 0.2019 | Val Acc: 0.3478 | Val P/R/F1 (Macro): 0.2724/0.3214/0.2608 | LR: 0.000001
Epoch [55/100] | SVD update #55: pairs=440, sweeps=10, converged=False, rel_change=2.501e-03, effective_ranks=(324, 14), class_paired=True
Epoch [55/100] | Loss: 5.7399 (Cls: 5.7425, TAL: -0.0918, Adv: 0.1060, OT-Reg: 0.001255) | OT inner objective: -0.1170 | Marginal residual row/col/max: 2.38e-04/1.86e-08/2.38e-04 | Train Acc: 0.2091 | Val Acc: 0.1478 | Val P/R/F1 (Macro): 0.1489/0.1473/0.1032 | LR: 0.000001
Epoch [56/100] | SVD update #56: pairs=440, sweeps=10, converged=False, rel_change=3.624e-02, effective_ranks=(326, 11), class_paired=True
Epoch [56/100] | Loss: 6.6887 (Cls: 6.6776, TAL: 0.0383, Adv: 0.0818, OT-Reg: 0.001319) | OT inner objective: -0.0203 | Marginal residual row/col/max: 1.39e-06/2.85e-08/1.39e-06 | Train Acc: 0.1154 | Val Acc: 0.1043 | Val P/R/F1 (Macro): 0.0579/0.0842/0.0584 | LR: 0.000001
Epoch [57/100] | SVD update #57: pairs=440, sweeps=10, converged=False, rel_change=8.684e-02, effective_ranks=(326, 17), class_paired=True
Epoch [57/100] | Loss: 7.8378 (Cls: 7.8279, TAL: 0.0202, Adv: 0.0934, OT-Reg: 0.001406) | OT inner objective: -0.1663 | Marginal residual row/col/max: 1.47e-04/1.40e-08/1.47e-04 | Train Acc: 0.1635 | Val Acc: 0.2174 | Val P/R/F1 (Macro): 0.1165/0.1263/0.1036 | LR: 0.000001
Epoch [58/100] | SVD update #58: pairs=440, sweeps=10, converged=False, rel_change=3.178e-03, effective_ranks=(325, 22), class_paired=True
Epoch [58/100] | Loss: 6.4202 (Cls: 6.4143, TAL: -0.0215, Adv: 0.1054, OT-Reg: 0.001521) | OT inner objective: 0.0252 | Marginal residual row/col/max: 3.42e-05/3.51e-08/3.42e-05 | Train Acc: 0.1611 | Val Acc: 0.1826 | Val P/R/F1 (Macro): 0.1247/0.1499/0.1160 | LR: 0.000001
Epoch [59/100] | SVD update #59: pairs=440, sweeps=10, converged=False, rel_change=1.104e-01, effective_ranks=(326, 19), class_paired=True
Epoch [59/100] | Loss: 7.4043 (Cls: 7.4045, TAL: -0.0616, Adv: 0.0909, OT-Reg: 0.001143) | OT inner objective: -0.1153 | Marginal residual row/col/max: 6.59e-04/3.48e-08/6.59e-04 | Train Acc: 0.1538 | Val Acc: 0.2000 | Val P/R/F1 (Macro): 0.2362/0.1999/0.1726 | LR: 0.000001
Epoch [60/100] | SVD update #60: pairs=440, sweeps=10, converged=False, rel_change=1.574e-01, effective_ranks=(319, 17), class_paired=True
Epoch [60/100] | Loss: 8.1446 (Cls: 8.1359, TAL: 0.0016, Adv: 0.1069, OT-Reg: 0.001204) | OT inner objective: -0.0097 | Marginal residual row/col/max: 2.98e-05/3.20e-08/2.98e-05 | Train Acc: 0.1923 | Val Acc: 0.1043 | Val P/R/F1 (Macro): 0.2134/0.1905/0.1205 | LR: 0.000001
Epoch [61/100] | SVD update #61: pairs=440, sweeps=10, converged=False, rel_change=1.441e-03, effective_ranks=(326, 16), class_paired=True
Epoch [61/100] | Loss: 7.5857 (Cls: 7.5868, TAL: -0.0632, Adv: 0.0811, OT-Reg: 0.001204) | OT inner objective: -0.0064 | Marginal residual row/col/max: 1.76e-04/5.27e-08/1.76e-04 | Train Acc: 0.1490 | Val Acc: 0.1826 | Val P/R/F1 (Macro): 0.1899/0.2175/0.1915 | LR: 0.000001
Epoch [62/100] | SVD update #62: pairs=440, sweeps=10, converged=False, rel_change=1.405e-03, effective_ranks=(327, 16), class_paired=True
Epoch [62/100] | Loss: 7.6286 (Cls: 7.6267, TAL: -0.0486, Adv: 0.0968, OT-Reg: 0.001411) | OT inner objective: 0.0543 | Marginal residual row/col/max: 7.12e-05/2.52e-08/7.12e-05 | Train Acc: 0.1466 | Val Acc: 0.1826 | Val P/R/F1 (Macro): 0.0603/0.0971/0.0731 | LR: 0.000001
Epoch [63/100] | SVD update #63: pairs=440, sweeps=10, converged=False, rel_change=1.814e-02, effective_ranks=(326, 13), class_paired=True
Epoch [63/100] | Loss: 7.6604 (Cls: 7.6783, TAL: -0.2203, Adv: 0.1061, OT-Reg: 0.001416) | OT inner objective: -0.0591 | Marginal residual row/col/max: 7.93e-05/2.55e-08/7.93e-05 | Train Acc: 0.1082 | Val Acc: 0.2783 | Val P/R/F1 (Macro): 0.0951/0.1585/0.1164 | LR: 0.000001
Epoch [64/100] | SVD update #64: pairs=440, sweeps=5, converged=True, rel_change=2.950e-04, effective_ranks=(326, 15), class_paired=True
Epoch [64/100] | Loss: 7.4963 (Cls: 7.4934, TAL: -0.0280, Adv: 0.0782, OT-Reg: 0.001336) | OT inner objective: -0.0248 | Marginal residual row/col/max: 6.97e-06/3.18e-08/6.97e-06 | Train Acc: 0.1082 | Val Acc: 0.0870 | Val P/R/F1 (Macro): 0.0520/0.0865/0.0504 | LR: 0.000001
Epoch [65/100] | SVD update #65: pairs=440, sweeps=6, converged=True, rel_change=4.086e-04, effective_ranks=(324, 14), class_paired=True
Epoch [65/100] | Loss: 7.5159 (Cls: 7.5144, TAL: -0.0328, Adv: 0.0687, OT-Reg: 0.001443) | OT inner objective: -0.0452 | Marginal residual row/col/max: 2.88e-05/1.68e-08/2.88e-05 | Train Acc: 0.0889 | Val Acc: 0.0435 | Val P/R/F1 (Macro): 0.0839/0.0592/0.0350 | LR: 0.000001
Epoch [66/100] | SVD update #66: pairs=440, sweeps=10, converged=True, rel_change=8.786e-04, effective_ranks=(318, 17), class_paired=True
Epoch [66/100] | Loss: 7.1159 (Cls: 7.1073, TAL: -0.0058, Adv: 0.1152, OT-Reg: 0.001486) | OT inner objective: 0.0722 | Marginal residual row/col/max: 6.92e-08/2.02e-08/7.42e-08 | Train Acc: 0.1394 | Val Acc: 0.1304 | Val P/R/F1 (Macro): 0.0562/0.1332/0.0754 | LR: 0.000001
Epoch [67/100] | SVD update #67: pairs=440, sweeps=6, converged=True, rel_change=3.406e-04, effective_ranks=(323, 15), class_paired=True
Epoch [67/100] | Loss: 7.0105 (Cls: 7.0136, TAL: -0.0814, Adv: 0.0839, OT-Reg: 0.001462) | OT inner objective: -0.1706 | Marginal residual row/col/max: 7.64e-06/1.78e-08/7.64e-06 | Train Acc: 0.1082 | Val Acc: 0.0783 | Val P/R/F1 (Macro): 0.0768/0.0844/0.0680 | LR: 0.000001
Epoch [68/100] | SVD update #68: pairs=440, sweeps=7, converged=True, rel_change=8.552e-04, effective_ranks=(321, 15), class_paired=True
Epoch [68/100] | Loss: 6.9954 (Cls: 7.0061, TAL: -0.1418, Adv: 0.0793, OT-Reg: 0.001412) | OT inner objective: -0.0565 | Marginal residual row/col/max: 2.23e-05/1.10e-08/2.23e-05 | Train Acc: 0.1226 | Val Acc: 0.1217 | Val P/R/F1 (Macro): 0.1009/0.0754/0.0758 | LR: 0.000001
Epoch [69/100] | SVD update #69: pairs=440, sweeps=5, converged=True, rel_change=2.750e-04, effective_ranks=(325, 15), class_paired=True
Epoch [69/100] | Loss: 6.8645 (Cls: 6.8858, TAL: -0.2717, Adv: 0.1411, OT-Reg: 0.001491) | OT inner objective: -0.0717 | Marginal residual row/col/max: 7.71e-05/3.45e-08/7.71e-05 | Train Acc: 0.2115 | Val Acc: 0.0957 | Val P/R/F1 (Macro): 0.1361/0.1757/0.1076 | LR: 0.000001
Epoch [70/100] | SVD update #70: pairs=440, sweeps=6, converged=True, rel_change=7.224e-04, effective_ranks=(323, 15), class_paired=True
Epoch [70/100] | Loss: 6.9886 (Cls: 7.0125, TAL: -0.2463, Adv: 0.0703, OT-Reg: 0.001346) | OT inner objective: -0.2397 | Marginal residual row/col/max: 2.70e-04/2.64e-08/2.70e-04 | Train Acc: 0.1106 | Val Acc: 0.2348 | Val P/R/F1 (Macro): 0.1332/0.1325/0.1069 | LR: 0.000001
Epoch [71/100] | SVD update #71: pairs=440, sweeps=8, converged=True, rel_change=5.695e-04, effective_ranks=(326, 14), class_paired=True
Epoch [71/100] | Loss: 6.9588 (Cls: 6.9688, TAL: -0.1595, Adv: 0.1143, OT-Reg: 0.001461) | OT inner objective: -0.2251 | Marginal residual row/col/max: 5.23e-05/1.53e-08/5.23e-05 | Train Acc: 0.1154 | Val Acc: 0.1652 | Val P/R/F1 (Macro): 0.2173/0.1077/0.1169 | LR: 0.000001
Epoch [72/100] | SVD update #72: pairs=440, sweeps=8, converged=True, rel_change=5.755e-04, effective_ranks=(319, 16), class_paired=True
Epoch [72/100] | Loss: 6.9147 (Cls: 6.9186, TAL: -0.0911, Adv: 0.0889, OT-Reg: 0.001436) | OT inner objective: -0.0652 | Marginal residual row/col/max: 1.14e-04/1.68e-08/1.14e-04 | Train Acc: 0.1250 | Val Acc: 0.1565 | Val P/R/F1 (Macro): 0.1132/0.1230/0.1118 | LR: 0.000001
Epoch [73/100] | SVD update #73: pairs=440, sweeps=5, converged=True, rel_change=2.820e-04, effective_ranks=(323, 16), class_paired=True
Epoch [73/100] | Loss: 6.8571 (Cls: 6.8863, TAL: -0.3244, Adv: 0.1221, OT-Reg: 0.001468) | OT inner objective: -0.1504 | Marginal residual row/col/max: 4.92e-05/1.52e-08/4.92e-05 | Train Acc: 0.1322 | Val Acc: 0.0957 | Val P/R/F1 (Macro): 0.1729/0.0973/0.0992 | LR: 0.000001
Epoch [74/100] | SVD update #74: pairs=440, sweeps=5, converged=True, rel_change=5.247e-04, effective_ranks=(324, 14), class_paired=True
Epoch [74/100] | Loss: 6.8080 (Cls: 6.8302, TAL: -0.2458, Adv: 0.0916, OT-Reg: 0.001549) | OT inner objective: -0.1408 | Marginal residual row/col/max: 2.17e-05/1.58e-08/2.17e-05 | Train Acc: 0.1538 | Val Acc: 0.1652 | Val P/R/F1 (Macro): 0.1352/0.1533/0.1412 | LR: 0.000001
Epoch [75/100] | SVD update #75: pairs=440, sweeps=5, converged=True, rel_change=1.498e-04, effective_ranks=(322, 14), class_paired=True
Epoch [75/100] | Loss: 6.8579 (Cls: 6.8626, TAL: -0.1131, Adv: 0.1107, OT-Reg: 0.001475) | OT inner objective: -0.2277 | Marginal residual row/col/max: 7.23e-05/2.71e-08/7.23e-05 | Train Acc: 0.1154 | Val Acc: 0.2000 | Val P/R/F1 (Macro): 0.1154/0.1233/0.1067 | LR: 0.000001
Epoch [76/100] | SVD update #76: pairs=440, sweeps=6, converged=True, rel_change=7.796e-04, effective_ranks=(325, 15), class_paired=True
Epoch [76/100] | Loss: 6.7383 (Cls: 6.7403, TAL: -0.0653, Adv: 0.0732, OT-Reg: 0.001528) | OT inner objective: -0.1198 | Marginal residual row/col/max: 4.74e-05/1.16e-08/4.74e-05 | Train Acc: 0.1490 | Val Acc: 0.1478 | Val P/R/F1 (Macro): 0.3045/0.1504/0.1705 | LR: 0.000001
Epoch [77/100] | SVD update #77: pairs=440, sweeps=10, converged=False, rel_change=3.299e-03, effective_ranks=(324, 16), class_paired=True
Epoch [77/100] | Loss: 6.7996 (Cls: 6.7884, TAL: 0.0366, Adv: 0.0843, OT-Reg: 0.001426) | OT inner objective: -0.1487 | Marginal residual row/col/max: 6.73e-05/1.81e-08/6.73e-05 | Train Acc: 0.0793 | Val Acc: 0.1739 | Val P/R/F1 (Macro): 0.0501/0.0831/0.0625 | LR: 0.000001
Epoch [78/100] | SVD update #78: pairs=440, sweeps=7, converged=True, rel_change=5.167e-04, effective_ranks=(323, 14), class_paired=True
Epoch [78/100] | Loss: 6.7245 (Cls: 6.7354, TAL: -0.1521, Adv: 0.0912, OT-Reg: 0.001420) | OT inner objective: -0.2364 | Marginal residual row/col/max: 1.80e-04/1.39e-08/1.80e-04 | Train Acc: 0.1346 | Val Acc: 0.2087 | Val P/R/F1 (Macro): 0.1283/0.1343/0.1037 | LR: 0.000001
Epoch [79/100] | SVD update #79: pairs=440, sweeps=7, converged=True, rel_change=6.027e-04, effective_ranks=(323, 16), class_paired=True
Epoch [79/100] | Loss: 6.8186 (Cls: 6.8069, TAL: -0.0261, Adv: 0.1852, OT-Reg: 0.001485) | OT inner objective: -0.1302 | Marginal residual row/col/max: 9.07e-05/1.91e-08/9.07e-05 | Train Acc: 0.1202 | Val Acc: 0.1043 | Val P/R/F1 (Macro): 0.1580/0.1528/0.0987 | LR: 0.000001
Epoch [80/100] | SVD update #80: pairs=440, sweeps=4, converged=True, rel_change=5.573e-04, effective_ranks=(324, 13), class_paired=True
Epoch [80/100] | Loss: 6.6896 (Cls: 6.7090, TAL: -0.2121, Adv: 0.0759, OT-Reg: 0.001515) | OT inner objective: -0.2607 | Marginal residual row/col/max: 3.20e-04/2.06e-08/3.20e-04 | Train Acc: 0.1370 | Val Acc: 0.1391 | Val P/R/F1 (Macro): 0.0717/0.1049/0.0837 | LR: 0.000001
Epoch [81/100] | SVD update #81: pairs=440, sweeps=5, converged=True, rel_change=7.921e-04, effective_ranks=(321, 13), class_paired=True
Epoch [81/100] | Loss: 6.8364 (Cls: 6.8439, TAL: -0.1336, Adv: 0.1070, OT-Reg: 0.001444) | OT inner objective: -0.1942 | Marginal residual row/col/max: 2.07e-04/2.44e-08/2.07e-04 | Train Acc: 0.0938 | Val Acc: 0.1043 | Val P/R/F1 (Macro): 0.1322/0.0614/0.0752 | LR: 0.000001
Epoch [82/100] | SVD update #82: pairs=440, sweeps=5, converged=True, rel_change=3.620e-04, effective_ranks=(322, 13), class_paired=True
Epoch [82/100] | Loss: 6.7496 (Cls: 6.7697, TAL: -0.2117, Adv: 0.0668, OT-Reg: 0.001465) | OT inner objective: -0.2239 | Marginal residual row/col/max: 2.67e-04/2.09e-08/2.67e-04 | Train Acc: 0.1490 | Val Acc: 0.2261 | Val P/R/F1 (Macro): 0.1144/0.1733/0.1317 | LR: 0.000001
Epoch [83/100] | SVD update #83: pairs=440, sweeps=6, converged=True, rel_change=2.849e-04, effective_ranks=(320, 13), class_paired=True
Epoch [83/100] | Loss: 6.8253 (Cls: 6.8278, TAL: -0.0911, Adv: 0.1060, OT-Reg: 0.001476) | OT inner objective: -0.0990 | Marginal residual row/col/max: 1.06e-04/2.67e-08/1.06e-04 | Train Acc: 0.0938 | Val Acc: 0.1217 | Val P/R/F1 (Macro): 0.0330/0.0961/0.0480 | LR: 0.000001
Epoch [84/100] | SVD update #84: pairs=440, sweeps=4, converged=True, rel_change=9.786e-04, effective_ranks=(315, 13), class_paired=True
Epoch [84/100] | Loss: 6.7481 (Cls: 6.7643, TAL: -0.2277, Adv: 0.1390, OT-Reg: 0.001441) | OT inner objective: -0.1572 | Marginal residual row/col/max: 2.43e-04/2.62e-08/2.43e-04 | Train Acc: 0.1514 | Val Acc: 0.0783 | Val P/R/F1 (Macro): 0.0612/0.1396/0.0820 | LR: 0.000001
Epoch [85/100] | SVD update #85: pairs=440, sweeps=5, converged=True, rel_change=2.009e-04, effective_ranks=(319, 14), class_paired=True
Epoch [85/100] | Loss: 6.7889 (Cls: 6.7951, TAL: -0.0874, Adv: 0.0536, OT-Reg: 0.001389) | OT inner objective: -0.2390 | Marginal residual row/col/max: 6.31e-04/2.29e-08/6.31e-04 | Train Acc: 0.1154 | Val Acc: 0.0870 | Val P/R/F1 (Macro): 0.0749/0.0892/0.0569 | LR: 0.000001
Epoch [86/100] | SVD update #86: pairs=440, sweeps=4, converged=True, rel_change=6.266e-04, effective_ranks=(313, 13), class_paired=True
Epoch [86/100] | Loss: 6.7582 (Cls: 6.7767, TAL: -0.2238, Adv: 0.1044, OT-Reg: 0.001458) | OT inner objective: -0.1922 | Marginal residual row/col/max: 5.06e-04/2.61e-08/5.06e-04 | Train Acc: 0.1130 | Val Acc: 0.0957 | Val P/R/F1 (Macro): 0.0416/0.0706/0.0448 | LR: 0.000001
Epoch [87/100] | SVD update #87: pairs=440, sweeps=4, converged=True, rel_change=3.682e-04, effective_ranks=(320, 13), class_paired=True
Epoch [87/100] | Loss: 6.7169 (Cls: 6.7481, TAL: -0.3116, Adv: 0.0780, OT-Reg: 0.001460) | OT inner objective: -0.1828 | Marginal residual row/col/max: 3.26e-04/2.97e-08/3.26e-04 | Train Acc: 0.1106 | Val Acc: 0.1217 | Val P/R/F1 (Macro): 0.0597/0.1369/0.0803 | LR: 0.000001
Epoch [88/100] | SVD update #88: pairs=440, sweeps=3, converged=True, rel_change=7.003e-04, effective_ranks=(310, 13), class_paired=True
Epoch [88/100] | Loss: 6.6049 (Cls: 6.6306, TAL: -0.2806, Adv: 0.0995, OT-Reg: 0.001548) | OT inner objective: -0.1308 | Marginal residual row/col/max: 2.70e-04/3.04e-08/2.70e-04 | Train Acc: 0.1418 | Val Acc: 0.0870 | Val P/R/F1 (Macro): 0.0623/0.0899/0.0702 | LR: 0.000001
Epoch [89/100] | SVD update #89: pairs=440, sweeps=4, converged=True, rel_change=4.743e-04, effective_ranks=(313, 13), class_paired=True
Epoch [89/100] | Loss: 6.7380 (Cls: 6.7387, TAL: -0.0918, Adv: 0.1281, OT-Reg: 0.001446) | OT inner objective: -0.2070 | Marginal residual row/col/max: 3.11e-04/2.01e-08/3.11e-04 | Train Acc: 0.1466 | Val Acc: 0.0522 | Val P/R/F1 (Macro): 0.0322/0.0441/0.0317 | LR: 0.000001
Epoch [90/100] | SVD update #90: pairs=440, sweeps=4, converged=True, rel_change=5.387e-04, effective_ranks=(316, 13), class_paired=True
Epoch [90/100] | Loss: 6.8172 (Cls: 6.8073, TAL: 0.0143, Adv: 0.1025, OT-Reg: 0.001413) | OT inner objective: -0.2538 | Marginal residual row/col/max: 3.28e-04/1.78e-08/3.28e-04 | Train Acc: 0.1298 | Val Acc: 0.1217 | Val P/R/F1 (Macro): 0.0573/0.0824/0.0635 | LR: 0.000001
Epoch [91/100] | SVD update #91: pairs=440, sweeps=6, converged=True, rel_change=6.617e-04, effective_ranks=(313, 12), class_paired=True
Epoch [91/100] | Loss: 6.9057 (Cls: 6.9045, TAL: -0.0525, Adv: 0.0938, OT-Reg: 0.001428) | OT inner objective: -0.1646 | Marginal residual row/col/max: 3.99e-04/2.91e-08/3.99e-04 | Train Acc: 0.1250 | Val Acc: 0.1130 | Val P/R/F1 (Macro): 0.1055/0.1112/0.0895 | LR: 0.000001
Epoch [92/100] | SVD update #92: pairs=440, sweeps=4, converged=True, rel_change=6.011e-04, effective_ranks=(313, 12), class_paired=True
Epoch [92/100] | Loss: 6.6592 (Cls: 6.6766, TAL: -0.2513, Adv: 0.1591, OT-Reg: 0.001403) | OT inner objective: -0.2455 | Marginal residual row/col/max: 1.44e-04/1.85e-08/1.44e-04 | Train Acc: 0.1466 | Val Acc: 0.0696 | Val P/R/F1 (Macro): 0.0390/0.0562/0.0410 | LR: 0.000001
Epoch [93/100] | SVD update #93: pairs=440, sweeps=4, converged=True, rel_change=1.942e-04, effective_ranks=(313, 11), class_paired=True
Epoch [93/100] | Loss: 6.5412 (Cls: 6.5461, TAL: -0.1529, Adv: 0.1675, OT-Reg: 0.001461) | OT inner objective: -0.2025 | Marginal residual row/col/max: 3.13e-04/2.56e-08/3.13e-04 | Train Acc: 0.1466 | Val Acc: 0.0696 | Val P/R/F1 (Macro): 0.0449/0.0835/0.0560 | LR: 0.000001
Epoch [94/100] | SVD update #94: pairs=440, sweeps=4, converged=True, rel_change=3.294e-04, effective_ranks=(313, 12), class_paired=True
Epoch [94/100] | Loss: 6.6953 (Cls: 6.7178, TAL: -0.2562, Adv: 0.1021, OT-Reg: 0.001508) | OT inner objective: -0.2574 | Marginal residual row/col/max: 3.76e-04/3.12e-08/3.76e-04 | Train Acc: 0.1106 | Val Acc: 0.1043 | Val P/R/F1 (Macro): 0.0408/0.0755/0.0514 | LR: 0.000001
Epoch [95/100] | SVD update #95: pairs=440, sweeps=4, converged=True, rel_change=2.252e-04, effective_ranks=(311, 12), class_paired=True
Epoch [95/100] | Loss: 6.5399 (Cls: 6.5641, TAL: -0.2778, Adv: 0.1144, OT-Reg: 0.001419) | OT inner objective: -0.2352 | Marginal residual row/col/max: 2.90e-04/3.27e-08/2.90e-04 | Train Acc: 0.1370 | Val Acc: 0.0957 | Val P/R/F1 (Macro): 0.0294/0.0726/0.0417 | LR: 0.000001
Epoch [96/100] | SVD update #96: pairs=440, sweeps=4, converged=True, rel_change=1.793e-04, effective_ranks=(307, 12), class_paired=True
Epoch [96/100] | Loss: 6.5472 (Cls: 6.5639, TAL: -0.2201, Adv: 0.1206, OT-Reg: 0.001494) | OT inner objective: -0.2667 | Marginal residual row/col/max: 2.57e-04/1.63e-08/2.57e-04 | Train Acc: 0.1346 | Val Acc: 0.0696 | Val P/R/F1 (Macro): 0.0605/0.0945/0.0607 | LR: 0.000001
Epoch [97/100] | SVD update #97: pairs=440, sweeps=7, converged=True, rel_change=3.023e-04, effective_ranks=(315, 12), class_paired=True
Epoch [97/100] | Loss: 6.6452 (Cls: 6.6616, TAL: -0.2151, Adv: 0.1171, OT-Reg: 0.001423) | OT inner objective: -0.1801 | Marginal residual row/col/max: 4.10e-04/2.92e-08/4.10e-04 | Train Acc: 0.1082 | Val Acc: 0.0870 | Val P/R/F1 (Macro): 0.0600/0.0922/0.0595 | LR: 0.000001
Epoch [98/100] | SVD update #98: pairs=440, sweeps=4, converged=True, rel_change=3.401e-04, effective_ranks=(312, 14), class_paired=True
Epoch [98/100] | Loss: 6.6438 (Cls: 6.6395, TAL: -0.0605, Adv: 0.1450, OT-Reg: 0.001437) | OT inner objective: -0.2612 | Marginal residual row/col/max: 3.40e-04/2.81e-08/3.40e-04 | Train Acc: 0.1394 | Val Acc: 0.0696 | Val P/R/F1 (Macro): 0.0487/0.0936/0.0603 | LR: 0.000001
Epoch [99/100] | SVD update #99: pairs=440, sweeps=6, converged=True, rel_change=8.352e-04, effective_ranks=(309, 11), class_paired=True
Epoch [99/100] | Loss: 6.7581 (Cls: 6.7388, TAL: 0.0329, Adv: 0.1917, OT-Reg: 0.001516) | OT inner objective: 0.0000 | Marginal residual row/col/max: 1.50e-04/2.81e-08/1.50e-04 | Train Acc: 0.1490 | Val Acc: 0.1130 | Val P/R/F1 (Macro): 0.2090/0.0997/0.0969 | LR: 0.000001
Epoch [100/100] | SVD update #100: pairs=440, sweeps=6, converged=True, rel_change=2.562e-04, effective_ranks=(319, 12), class_paired=True
Epoch [100/100] | Loss: 6.5856 (Cls: 6.6057, TAL: -0.2778, Adv: 0.1645, OT-Reg: 0.001438) | OT inner objective: -0.2651 | Marginal residual row/col/max: 3.21e-04/1.88e-08/3.21e-04 | Train Acc: 0.1683 | Val Acc: 0.0174 | Val P/R/F1 (Macro): 0.0158/0.0125/0.0109 | LR: 0.000001
Report strategy: best, window=10, reported_acc=0.4348, best_acc=0.4348, selected_epoch=24

迭代 3 报告指标:
  Accuracy: 0.4348
  Precision (Macro): 0.2618
  Recall (Macro): 0.3154
  F1 (Macro): 0.2781
  Precision (Micro): 0.4348
  Recall (Micro): 0.4348
  F1 (Micro): 0.4348
  Val class coverage: 9/14 (0.6429), samples=115

================================================================================
迭代 4/5
随机种子: 45
================================================================================
Training mode: full target-label supervision (class-paired batches).
Feature fusion: Tensor alignment (512+512 -> 16+16); fused_dim=32
Domain adaptation: Neural OT generator with 3-domain discriminator
Loss weights: tensor=0.12, adv=0.08
Transport: mode=sinkhorn, epsilon=0.1, Sinkhorn iterations=50, correction scale=0.1, correction regularization weight=0.001
Tensor projection update: once per epoch from the complete target-training pairing bank; projection_dim=16, max_sweeps=10, relative singular-value tolerance=0.001
Epoch [1/100] | SVD update #1: pairs=440, sweeps=3, converged=True, rel_change=5.761e-04, effective_ranks=(327, 104), class_paired=True
Epoch [1/100] | Loss: 7.8340 (Cls: 7.8081, TAL: 0.0442, Adv: 0.2566, OT-Reg: 0.000851) | OT inner objective: 0.2521 | Marginal residual row/col/max: 1.06e-08/1.89e-08/1.92e-08 | Train Acc: 0.1130 | Val Acc: 0.2435 | Val P/R/F1 (Macro): 0.2223/0.1848/0.1456 | LR: 0.000005
  >>> New Best Val Acc: 0.2435
Epoch [2/100] | SVD update #2: pairs=440, sweeps=10, converged=False, rel_change=2.119e-01, effective_ranks=(327, 47), class_paired=True
Epoch [2/100] | Loss: 7.5476 (Cls: 7.5261, TAL: 0.0256, Adv: 0.2304, OT-Reg: 0.000880) | OT inner objective: 0.2386 | Marginal residual row/col/max: 1.13e-08/1.83e-08/1.86e-08 | Train Acc: 0.1394 | Val Acc: 0.2174 | Val P/R/F1 (Macro): 0.1685/0.2816/0.1720 | LR: 0.000005
Epoch [3/100] | SVD update #3: pairs=440, sweeps=9, converged=True, rel_change=5.180e-04, effective_ranks=(327, 36), class_paired=True
Epoch [3/100] | Loss: 7.2712 (Cls: 7.2869, TAL: -0.2834, Adv: 0.2282, OT-Reg: 0.000876) | OT inner objective: -0.0752 | Marginal residual row/col/max: 8.23e-05/1.38e-08/8.23e-05 | Train Acc: 0.1538 | Val Acc: 0.2000 | Val P/R/F1 (Macro): 0.1810/0.1991/0.1626 | LR: 0.000005
Epoch [4/100] | SVD update #4: pairs=440, sweeps=9, converged=True, rel_change=5.312e-04, effective_ranks=(326, 29), class_paired=True
Epoch [4/100] | Loss: 7.0275 (Cls: 7.0205, TAL: -0.0869, Adv: 0.2176, OT-Reg: 0.000902) | OT inner objective: 0.0996 | Marginal residual row/col/max: 9.37e-05/2.91e-08/9.37e-05 | Train Acc: 0.1298 | Val Acc: 0.1565 | Val P/R/F1 (Macro): 0.1725/0.2042/0.1571 | LR: 0.000005
Epoch [5/100] | SVD update #5: pairs=440, sweeps=6, converged=True, rel_change=6.915e-04, effective_ranks=(323, 19), class_paired=True
Epoch [5/100] | Loss: 6.9507 (Cls: 6.9458, TAL: -0.1261, Adv: 0.2507, OT-Reg: 0.000907) | OT inner objective: -0.0579 | Marginal residual row/col/max: 2.70e-04/2.68e-08/2.70e-04 | Train Acc: 0.1274 | Val Acc: 0.1739 | Val P/R/F1 (Macro): 0.3745/0.1528/0.1465 | LR: 0.000005
Epoch [6/100] | SVD update #6: pairs=440, sweeps=10, converged=False, rel_change=1.220e-02, effective_ranks=(320, 17), class_paired=True
Epoch [6/100] | Loss: 6.8846 (Cls: 6.8815, TAL: -0.1165, Adv: 0.2131, OT-Reg: 0.000795) | OT inner objective: 0.1122 | Marginal residual row/col/max: 4.08e-06/2.05e-08/4.09e-06 | Train Acc: 0.1562 | Val Acc: 0.2696 | Val P/R/F1 (Macro): 0.2469/0.1691/0.1431 | LR: 0.000005
  >>> New Best Val Acc: 0.2696
Epoch [7/100] | SVD update #7: pairs=440, sweeps=10, converged=False, rel_change=1.791e-01, effective_ranks=(327, 17), class_paired=True
Epoch [7/100] | Loss: 6.8006 (Cls: 6.7783, TAL: 0.0406, Adv: 0.2183, OT-Reg: 0.000815) | OT inner objective: -0.0040 | Marginal residual row/col/max: 1.19e-05/1.25e-08/1.19e-05 | Train Acc: 0.2115 | Val Acc: 0.1565 | Val P/R/F1 (Macro): 0.2283/0.2605/0.1570 | LR: 0.000005
Epoch [8/100] | SVD update #8: pairs=440, sweeps=10, converged=False, rel_change=1.315e-01, effective_ranks=(323, 17), class_paired=True
Epoch [8/100] | Loss: 6.3468 (Cls: 6.3320, TAL: -0.0230, Adv: 0.2197, OT-Reg: 0.000797) | OT inner objective: 0.0821 | Marginal residual row/col/max: 1.96e-04/2.58e-08/1.96e-04 | Train Acc: 0.2620 | Val Acc: 0.2609 | Val P/R/F1 (Macro): 0.5503/0.2951/0.2711 | LR: 0.000005
Epoch [9/100] | SVD update #9: pairs=440, sweeps=10, converged=False, rel_change=1.889e-01, effective_ranks=(326, 18), class_paired=True
Epoch [9/100] | Loss: 6.3888 (Cls: 6.3868, TAL: -0.1180, Adv: 0.2010, OT-Reg: 0.000890) | OT inner objective: -0.0877 | Marginal residual row/col/max: 1.38e-04/1.85e-08/1.38e-04 | Train Acc: 0.1611 | Val Acc: 0.2870 | Val P/R/F1 (Macro): 0.2705/0.3113/0.2388 | LR: 0.000005
  >>> New Best Val Acc: 0.2870
Epoch [10/100] | SVD update #10: pairs=440, sweeps=6, converged=True, rel_change=2.818e-04, effective_ranks=(316, 11), class_paired=True
Epoch [10/100] | Loss: 6.5824 (Cls: 6.5702, TAL: -0.0496, Adv: 0.2267, OT-Reg: 0.000853) | OT inner objective: -0.0524 | Marginal residual row/col/max: 3.64e-04/2.99e-08/3.64e-04 | Train Acc: 0.1635 | Val Acc: 0.2348 | Val P/R/F1 (Macro): 0.1924/0.2191/0.1798 | LR: 0.000005
Epoch [11/100] | SVD update #11: pairs=440, sweeps=10, converged=True, rel_change=3.500e-04, effective_ranks=(323, 13), class_paired=True
Epoch [11/100] | Loss: 6.2297 (Cls: 6.2208, TAL: -0.1233, Adv: 0.2968, OT-Reg: 0.000868) | OT inner objective: -0.0486 | Marginal residual row/col/max: 1.97e-04/1.75e-08/1.97e-04 | Train Acc: 0.1851 | Val Acc: 0.2783 | Val P/R/F1 (Macro): 0.2035/0.1920/0.1645 | LR: 0.000005
Epoch [12/100] | SVD update #12: pairs=440, sweeps=10, converged=False, rel_change=1.720e-02, effective_ranks=(324, 17), class_paired=True
Epoch [12/100] | Loss: 6.5703 (Cls: 6.5590, TAL: -0.0365, Adv: 0.1955, OT-Reg: 0.000888) | OT inner objective: -0.0184 | Marginal residual row/col/max: 5.44e-05/1.98e-08/5.44e-05 | Train Acc: 0.2043 | Val Acc: 0.2522 | Val P/R/F1 (Macro): 0.1936/0.2809/0.2057 | LR: 0.000005
Epoch [13/100] | SVD update #13: pairs=440, sweeps=7, converged=True, rel_change=3.405e-04, effective_ranks=(320, 12), class_paired=True
Epoch [13/100] | Loss: 6.2843 (Cls: 6.2684, TAL: -0.0419, Adv: 0.2603, OT-Reg: 0.000903) | OT inner objective: 0.0610 | Marginal residual row/col/max: 1.08e-04/3.40e-08/1.08e-04 | Train Acc: 0.2524 | Val Acc: 0.1304 | Val P/R/F1 (Macro): 0.3087/0.1851/0.1708 | LR: 0.000005
Epoch [14/100] | SVD update #14: pairs=440, sweeps=4, converged=True, rel_change=2.060e-04, effective_ranks=(324, 11), class_paired=True
Epoch [14/100] | Loss: 5.9068 (Cls: 5.9135, TAL: -0.1956, Adv: 0.2100, OT-Reg: 0.000915) | OT inner objective: -0.1481 | Marginal residual row/col/max: 1.56e-04/1.52e-08/1.56e-04 | Train Acc: 0.2692 | Val Acc: 0.1391 | Val P/R/F1 (Macro): 0.0888/0.3080/0.0953 | LR: 0.000005
Epoch [15/100] | SVD update #15: pairs=440, sweeps=8, converged=True, rel_change=8.752e-04, effective_ranks=(321, 12), class_paired=True
Epoch [15/100] | Loss: 6.3236 (Cls: 6.3113, TAL: -0.0177, Adv: 0.1805, OT-Reg: 0.000938) | OT inner objective: -0.1218 | Marginal residual row/col/max: 2.51e-04/2.51e-08/2.51e-04 | Train Acc: 0.2019 | Val Acc: 0.2261 | Val P/R/F1 (Macro): 0.2527/0.2643/0.2216 | LR: 0.000005
Epoch [16/100] | SVD update #16: pairs=440, sweeps=10, converged=False, rel_change=1.687e-03, effective_ranks=(316, 12), class_paired=True
Epoch [16/100] | Loss: 6.0593 (Cls: 6.0510, TAL: -0.0498, Adv: 0.1788, OT-Reg: 0.000821) | OT inner objective: -0.0213 | Marginal residual row/col/max: 5.59e-05/1.82e-08/5.59e-05 | Train Acc: 0.2043 | Val Acc: 0.2696 | Val P/R/F1 (Macro): 0.2325/0.2901/0.2126 | LR: 0.000005
Epoch [17/100] | SVD update #17: pairs=440, sweeps=7, converged=True, rel_change=4.428e-04, effective_ranks=(323, 10), class_paired=True
Epoch [17/100] | Loss: 6.0049 (Cls: 5.9974, TAL: -0.0589, Adv: 0.1818, OT-Reg: 0.000874) | OT inner objective: -0.0114 | Marginal residual row/col/max: 2.55e-04/2.48e-08/2.55e-04 | Train Acc: 0.2620 | Val Acc: 0.1739 | Val P/R/F1 (Macro): 0.2608/0.2947/0.1801 | LR: 0.000005
Epoch [18/100] | SVD update #18: pairs=440, sweeps=8, converged=True, rel_change=1.127e-04, effective_ranks=(320, 8), class_paired=True
Epoch [18/100] | Loss: 5.9239 (Cls: 5.9173, TAL: -0.1154, Adv: 0.2556, OT-Reg: 0.000858) | OT inner objective: -0.1265 | Marginal residual row/col/max: 3.46e-04/1.75e-08/3.46e-04 | Train Acc: 0.2188 | Val Acc: 0.1739 | Val P/R/F1 (Macro): 0.1734/0.2067/0.1398 | LR: 0.000005
Epoch [19/100] | SVD update #19: pairs=440, sweeps=7, converged=True, rel_change=3.933e-04, effective_ranks=(319, 12), class_paired=True
Epoch [19/100] | Loss: 5.6858 (Cls: 5.6725, TAL: -0.0206, Adv: 0.1964, OT-Reg: 0.000800) | OT inner objective: 0.0294 | Marginal residual row/col/max: 3.29e-05/1.30e-08/3.29e-05 | Train Acc: 0.3029 | Val Acc: 0.3391 | Val P/R/F1 (Macro): 0.2305/0.3225/0.2236 | LR: 0.000005
  >>> New Best Val Acc: 0.3391
Epoch [20/100] | SVD update #20: pairs=440, sweeps=5, converged=True, rel_change=4.264e-04, effective_ranks=(318, 14), class_paired=True
Epoch [20/100] | Loss: 5.6257 (Cls: 5.6119, TAL: -0.0473, Adv: 0.2426, OT-Reg: 0.000826) | OT inner objective: -0.0399 | Marginal residual row/col/max: 6.77e-05/1.63e-08/6.77e-05 | Train Acc: 0.2788 | Val Acc: 0.2783 | Val P/R/F1 (Macro): 0.1067/0.1655/0.1262 | LR: 0.000005
Epoch [21/100] | SVD update #21: pairs=440, sweeps=8, converged=True, rel_change=8.733e-04, effective_ranks=(325, 14), class_paired=True
Epoch [21/100] | Loss: 6.2028 (Cls: 6.1988, TAL: -0.0894, Adv: 0.1841, OT-Reg: 0.000902) | OT inner objective: 0.1141 | Marginal residual row/col/max: 4.95e-07/2.35e-08/5.02e-07 | Train Acc: 0.2284 | Val Acc: 0.1913 | Val P/R/F1 (Macro): 0.2734/0.2531/0.2375 | LR: 0.000005
Epoch [22/100] | SVD update #22: pairs=440, sweeps=10, converged=False, rel_change=2.328e-01, effective_ranks=(325, 25), class_paired=True
Epoch [22/100] | Loss: 6.4156 (Cls: 6.3741, TAL: 0.1729, Adv: 0.2601, OT-Reg: 0.000796) | OT inner objective: 0.0714 | Marginal residual row/col/max: 1.05e-05/1.63e-08/1.05e-05 | Train Acc: 0.1106 | Val Acc: 0.1739 | Val P/R/F1 (Macro): 0.1064/0.1860/0.1284 | LR: 0.000005
Epoch [23/100] | SVD update #23: pairs=440, sweeps=9, converged=True, rel_change=6.805e-04, effective_ranks=(323, 24), class_paired=True
Epoch [23/100] | Loss: 6.4928 (Cls: 6.4564, TAL: 0.0574, Adv: 0.3697, OT-Reg: 0.000875) | OT inner objective: 0.1605 | Marginal residual row/col/max: 6.41e-05/3.08e-08/6.41e-05 | Train Acc: 0.1659 | Val Acc: 0.2261 | Val P/R/F1 (Macro): 0.1331/0.2363/0.1529 | LR: 0.000005
Epoch [24/100] | SVD update #24: pairs=440, sweeps=10, converged=False, rel_change=4.519e-03, effective_ranks=(325, 19), class_paired=True
Epoch [24/100] | Loss: 5.9805 (Cls: 5.9881, TAL: -0.1773, Adv: 0.1701, OT-Reg: 0.000858) | OT inner objective: -0.0044 | Marginal residual row/col/max: 4.20e-05/1.79e-08/4.20e-05 | Train Acc: 0.2019 | Val Acc: 0.4000 | Val P/R/F1 (Macro): 0.3902/0.3312/0.3218 | LR: 0.000005
  >>> New Best Val Acc: 0.4000
Epoch [25/100] | SVD update #25: pairs=440, sweeps=7, converged=True, rel_change=8.221e-04, effective_ranks=(325, 27), class_paired=True
Epoch [25/100] | Loss: 5.8556 (Cls: 5.8358, TAL: 0.0296, Adv: 0.2033, OT-Reg: 0.000842) | OT inner objective: 0.0304 | Marginal residual row/col/max: 5.06e-05/1.88e-08/5.06e-05 | Train Acc: 0.2524 | Val Acc: 0.2000 | Val P/R/F1 (Macro): 0.2451/0.3210/0.2215 | LR: 0.000005
Epoch [26/100] | SVD update #26: pairs=440, sweeps=9, converged=True, rel_change=4.656e-04, effective_ranks=(324, 15), class_paired=True
Epoch [26/100] | Loss: 5.6910 (Cls: 5.6931, TAL: -0.1230, Adv: 0.1583, OT-Reg: 0.000927) | OT inner objective: -0.0355 | Marginal residual row/col/max: 3.98e-04/3.01e-08/3.98e-04 | Train Acc: 0.2957 | Val Acc: 0.2087 | Val P/R/F1 (Macro): 0.2643/0.2529/0.1677 | LR: 0.000005
Epoch [27/100] | SVD update #27: pairs=440, sweeps=8, converged=True, rel_change=4.496e-04, effective_ranks=(324, 16), class_paired=True
Epoch [27/100] | Loss: 5.5174 (Cls: 5.5371, TAL: -0.3351, Adv: 0.2558, OT-Reg: 0.000848) | OT inner objective: -0.0271 | Marginal residual row/col/max: 3.77e-04/2.31e-08/3.77e-04 | Train Acc: 0.2837 | Val Acc: 0.2957 | Val P/R/F1 (Macro): 0.3361/0.4195/0.2655 | LR: 0.000005
Epoch [28/100] | SVD update #28: pairs=440, sweeps=6, converged=True, rel_change=8.558e-04, effective_ranks=(320, 14), class_paired=True
Epoch [28/100] | Loss: 5.4766 (Cls: 5.4837, TAL: -0.1691, Adv: 0.1652, OT-Reg: 0.000897) | OT inner objective: 0.1130 | Marginal residual row/col/max: 9.94e-05/2.48e-08/9.95e-05 | Train Acc: 0.3077 | Val Acc: 0.2957 | Val P/R/F1 (Macro): 0.2614/0.3328/0.2411 | LR: 0.000005
Epoch [29/100] | SVD update #29: pairs=440, sweeps=10, converged=False, rel_change=1.035e-03, effective_ranks=(319, 16), class_paired=True
Epoch [29/100] | Loss: 5.9887 (Cls: 5.9656, TAL: 0.1076, Adv: 0.1270, OT-Reg: 0.000880) | OT inner objective: 0.0950 | Marginal residual row/col/max: 1.58e-05/3.60e-08/1.58e-05 | Train Acc: 0.1947 | Val Acc: 0.2348 | Val P/R/F1 (Macro): 0.1652/0.2851/0.1719 | LR: 0.000005
Epoch [30/100] | SVD update #30: pairs=440, sweeps=10, converged=False, rel_change=3.406e-03, effective_ranks=(322, 13), class_paired=True
Epoch [30/100] | Loss: 5.9266 (Cls: 5.9308, TAL: -0.1344, Adv: 0.1491, OT-Reg: 0.000880) | OT inner objective: -0.0497 | Marginal residual row/col/max: 2.44e-04/3.27e-08/2.44e-04 | Train Acc: 0.1875 | Val Acc: 0.3043 | Val P/R/F1 (Macro): 0.2906/0.3251/0.2652 | LR: 0.000005
Epoch [31/100] | SVD update #31: pairs=440, sweeps=9, converged=True, rel_change=3.614e-04, effective_ranks=(324, 19), class_paired=True
Epoch [31/100] | Loss: 5.8989 (Cls: 5.8817, TAL: 0.0461, Adv: 0.1455, OT-Reg: 0.000790) | OT inner objective: 0.0059 | Marginal residual row/col/max: 1.64e-04/2.32e-08/1.64e-04 | Train Acc: 0.1394 | Val Acc: 0.1565 | Val P/R/F1 (Macro): 0.1620/0.2025/0.1539 | LR: 0.000005
Epoch [32/100] | SVD update #32: pairs=440, sweeps=10, converged=True, rel_change=4.336e-04, effective_ranks=(325, 14), class_paired=True
Epoch [32/100] | Loss: 6.6534 (Cls: 6.6195, TAL: 0.1799, Adv: 0.1537, OT-Reg: 0.000846) | OT inner objective: 0.0874 | Marginal residual row/col/max: 2.10e-04/3.75e-08/2.10e-04 | Train Acc: 0.2067 | Val Acc: 0.2174 | Val P/R/F1 (Macro): 0.1476/0.2573/0.1526 | LR: 0.000005
Epoch [33/100] | SVD update #33: pairs=440, sweeps=6, converged=True, rel_change=6.081e-04, effective_ranks=(321, 15), class_paired=True
Epoch [33/100] | Loss: 6.4045 (Cls: 6.3783, TAL: 0.1082, Adv: 0.1656, OT-Reg: 0.000860) | OT inner objective: 0.1390 | Marginal residual row/col/max: 2.18e-04/4.18e-08/2.18e-04 | Train Acc: 0.2067 | Val Acc: 0.1739 | Val P/R/F1 (Macro): 0.1184/0.1845/0.1394 | LR: 0.000005
Epoch [34/100] | SVD update #34: pairs=440, sweeps=8, converged=True, rel_change=2.773e-04, effective_ranks=(320, 14), class_paired=True
Epoch [34/100] | Loss: 6.2426 (Cls: 6.2271, TAL: 0.0008, Adv: 0.1934, OT-Reg: 0.000873) | OT inner objective: 0.0425 | Marginal residual row/col/max: 2.98e-05/4.31e-08/2.98e-05 | Train Acc: 0.2500 | Val Acc: 0.2000 | Val P/R/F1 (Macro): 0.2736/0.2456/0.1529 | LR: 0.000005
Epoch [35/100] | SVD update #35: pairs=440, sweeps=6, converged=True, rel_change=7.247e-04, effective_ranks=(318, 13), class_paired=True
Epoch [35/100] | Loss: 5.7627 (Cls: 5.7472, TAL: -0.0059, Adv: 0.2020, OT-Reg: 0.000953) | OT inner objective: 0.0616 | Marginal residual row/col/max: 5.17e-05/2.79e-08/5.17e-05 | Train Acc: 0.1755 | Val Acc: 0.0957 | Val P/R/F1 (Macro): 0.2681/0.2140/0.1526 | LR: 0.000003
Epoch [36/100] | SVD update #36: pairs=440, sweeps=8, converged=True, rel_change=7.713e-04, effective_ranks=(323, 11), class_paired=True
Epoch [36/100] | Loss: 6.1162 (Cls: 6.1073, TAL: -0.2362, Adv: 0.4661, OT-Reg: 0.000901) | OT inner objective: 0.0086 | Marginal residual row/col/max: 3.47e-05/2.54e-08/3.47e-05 | Train Acc: 0.1154 | Val Acc: 0.1478 | Val P/R/F1 (Macro): 0.0750/0.1514/0.0794 | LR: 0.000003
Epoch [37/100] | SVD update #37: pairs=440, sweeps=6, converged=True, rel_change=8.227e-04, effective_ranks=(323, 16), class_paired=True
Epoch [37/100] | Loss: 6.3556 (Cls: 6.3550, TAL: -0.2164, Adv: 0.3320, OT-Reg: 0.000841) | OT inner objective: 0.0355 | Marginal residual row/col/max: 6.89e-05/1.25e-08/6.89e-05 | Train Acc: 0.1466 | Val Acc: 0.2174 | Val P/R/F1 (Macro): 0.0994/0.2674/0.1257 | LR: 0.000003
Epoch [38/100] | SVD update #38: pairs=440, sweeps=5, converged=True, rel_change=9.117e-04, effective_ranks=(321, 11), class_paired=True
Epoch [38/100] | Loss: 6.0821 (Cls: 6.0839, TAL: -0.1585, Adv: 0.2154, OT-Reg: 0.000895) | OT inner objective: -0.0500 | Marginal residual row/col/max: 7.63e-05/1.72e-08/7.63e-05 | Train Acc: 0.2284 | Val Acc: 0.1391 | Val P/R/F1 (Macro): 0.1206/0.2523/0.1209 | LR: 0.000003
Epoch [39/100] | SVD update #39: pairs=440, sweeps=5, converged=True, rel_change=6.319e-04, effective_ranks=(310, 14), class_paired=True
Epoch [39/100] | Loss: 5.6819 (Cls: 5.6827, TAL: -0.0864, Adv: 0.1200, OT-Reg: 0.000891) | OT inner objective: -0.0696 | Marginal residual row/col/max: 8.06e-05/1.20e-08/8.06e-05 | Train Acc: 0.2500 | Val Acc: 0.2435 | Val P/R/F1 (Macro): 0.1209/0.3070/0.1580 | LR: 0.000003
Epoch [40/100] | SVD update #40: pairs=440, sweeps=4, converged=True, rel_change=2.806e-04, effective_ranks=(295, 10), class_paired=True
Epoch [40/100] | Loss: 5.5749 (Cls: 5.5766, TAL: -0.1206, Adv: 0.1595, OT-Reg: 0.000878) | OT inner objective: -0.1464 | Marginal residual row/col/max: 1.15e-04/1.39e-08/1.15e-04 | Train Acc: 0.2572 | Val Acc: 0.2261 | Val P/R/F1 (Macro): 0.2413/0.2525/0.1742 | LR: 0.000003
Epoch [41/100] | SVD update #41: pairs=440, sweeps=9, converged=True, rel_change=9.939e-04, effective_ranks=(319, 13), class_paired=True
Epoch [41/100] | Loss: 5.6452 (Cls: 5.6481, TAL: -0.0879, Adv: 0.0962, OT-Reg: 0.000947) | OT inner objective: 0.0055 | Marginal residual row/col/max: 2.12e-04/1.68e-08/2.12e-04 | Train Acc: 0.2957 | Val Acc: 0.2174 | Val P/R/F1 (Macro): 0.1188/0.2982/0.1433 | LR: 0.000003
Epoch [42/100] | SVD update #42: pairs=440, sweeps=4, converged=True, rel_change=9.142e-05, effective_ranks=(309, 13), class_paired=True
Epoch [42/100] | Loss: 5.0868 (Cls: 5.0933, TAL: -0.1207, Adv: 0.0998, OT-Reg: 0.000802) | OT inner objective: -0.0161 | Marginal residual row/col/max: 1.36e-04/1.30e-08/1.36e-04 | Train Acc: 0.3269 | Val Acc: 0.3478 | Val P/R/F1 (Macro): 0.4241/0.4203/0.3105 | LR: 0.000003
Epoch [43/100] | SVD update #43: pairs=440, sweeps=7, converged=True, rel_change=5.564e-04, effective_ranks=(320, 14), class_paired=True
Epoch [43/100] | Loss: 5.1424 (Cls: 5.1666, TAL: -0.2561, Adv: 0.0817, OT-Reg: 0.000896) | OT inner objective: -0.1153 | Marginal residual row/col/max: 1.99e-05/1.28e-08/1.99e-05 | Train Acc: 0.3534 | Val Acc: 0.2522 | Val P/R/F1 (Macro): 0.2040/0.3269/0.1833 | LR: 0.000003
Epoch [44/100] | SVD update #44: pairs=440, sweeps=10, converged=False, rel_change=4.042e-03, effective_ranks=(320, 15), class_paired=True
Epoch [44/100] | Loss: 5.8696 (Cls: 5.8681, TAL: -0.0348, Adv: 0.0707, OT-Reg: 0.000858) | OT inner objective: 0.0367 | Marginal residual row/col/max: 1.77e-06/2.62e-08/1.78e-06 | Train Acc: 0.1707 | Val Acc: 0.0696 | Val P/R/F1 (Macro): 0.0376/0.0978/0.0482 | LR: 0.000003
Epoch [45/100] | SVD update #45: pairs=440, sweeps=4, converged=True, rel_change=5.461e-04, effective_ranks=(323, 17), class_paired=True
Epoch [45/100] | Loss: 5.0406 (Cls: 5.0635, TAL: -0.2418, Adv: 0.0774, OT-Reg: 0.000812) | OT inner objective: 0.0682 | Marginal residual row/col/max: 1.31e-05/1.38e-08/1.31e-05 | Train Acc: 0.3582 | Val Acc: 0.2957 | Val P/R/F1 (Macro): 0.3853/0.4043/0.3140 | LR: 0.000003
Epoch [46/100] | SVD update #46: pairs=440, sweeps=6, converged=True, rel_change=5.178e-04, effective_ranks=(321, 12), class_paired=True
Epoch [46/100] | Loss: 4.8430 (Cls: 4.8618, TAL: -0.2221, Adv: 0.0981, OT-Reg: 0.000857) | OT inner objective: -0.0098 | Marginal residual row/col/max: 1.78e-04/1.76e-08/1.78e-04 | Train Acc: 0.3438 | Val Acc: 0.3217 | Val P/R/F1 (Macro): 0.3635/0.3879/0.3128 | LR: 0.000001
Epoch [47/100] | SVD update #47: pairs=440, sweeps=8, converged=True, rel_change=2.366e-04, effective_ranks=(321, 18), class_paired=True
Epoch [47/100] | Loss: 5.2151 (Cls: 5.2444, TAL: -0.2986, Adv: 0.0817, OT-Reg: 0.000871) | OT inner objective: -0.1285 | Marginal residual row/col/max: 5.41e-05/1.29e-08/5.41e-05 | Train Acc: 0.2788 | Val Acc: 0.2870 | Val P/R/F1 (Macro): 0.2332/0.4045/0.2542 | LR: 0.000001
Epoch [48/100] | SVD update #48: pairs=440, sweeps=8, converged=True, rel_change=6.740e-04, effective_ranks=(320, 18), class_paired=True
Epoch [48/100] | Loss: 5.2356 (Cls: 5.2507, TAL: -0.1892, Adv: 0.0956, OT-Reg: 0.000909) | OT inner objective: -0.0287 | Marginal residual row/col/max: 1.25e-05/1.55e-08/1.25e-05 | Train Acc: 0.2692 | Val Acc: 0.1739 | Val P/R/F1 (Macro): 0.2179/0.2439/0.1445 | LR: 0.000001
Epoch [49/100] | SVD update #49: pairs=440, sweeps=6, converged=True, rel_change=1.961e-04, effective_ranks=(319, 20), class_paired=True
Epoch [49/100] | Loss: 5.9754 (Cls: 6.0065, TAL: -0.3117, Adv: 0.0779, OT-Reg: 0.000880) | OT inner objective: -0.0923 | Marginal residual row/col/max: 7.26e-05/1.12e-08/7.26e-05 | Train Acc: 0.2596 | Val Acc: 0.2870 | Val P/R/F1 (Macro): 0.2226/0.3999/0.2116 | LR: 0.000001
Epoch [50/100] | SVD update #50: pairs=440, sweeps=10, converged=False, rel_change=9.271e-02, effective_ranks=(320, 17), class_paired=True
Epoch [50/100] | Loss: 7.5102 (Cls: 7.5031, TAL: -0.0156, Adv: 0.1118, OT-Reg: 0.000813) | OT inner objective: 0.0849 | Marginal residual row/col/max: 9.99e-05/1.19e-08/9.99e-05 | Train Acc: 0.1442 | Val Acc: 0.2087 | Val P/R/F1 (Macro): 0.1754/0.2275/0.1521 | LR: 0.000001
Epoch [51/100] | SVD update #51: pairs=440, sweeps=9, converged=True, rel_change=5.020e-04, effective_ranks=(325, 17), class_paired=True
Epoch [51/100] | Loss: 7.2269 (Cls: 7.2029, TAL: 0.1452, Adv: 0.0812, OT-Reg: 0.000758) | OT inner objective: 0.1209 | Marginal residual row/col/max: 1.24e-04/1.99e-08/1.24e-04 | Train Acc: 0.0986 | Val Acc: 0.1565 | Val P/R/F1 (Macro): 0.0801/0.0919/0.0835 | LR: 0.000001
Epoch [52/100] | SVD update #52: pairs=440, sweeps=10, converged=False, rel_change=2.620e-03, effective_ranks=(327, 20), class_paired=True
Epoch [52/100] | Loss: 6.9970 (Cls: 7.0004, TAL: -0.0891, Adv: 0.0907, OT-Reg: 0.000840) | OT inner objective: 0.0647 | Marginal residual row/col/max: 2.13e-05/1.88e-08/2.13e-05 | Train Acc: 0.1851 | Val Acc: 0.2435 | Val P/R/F1 (Macro): 0.1749/0.2632/0.1865 | LR: 0.000001
Epoch [53/100] | SVD update #53: pairs=440, sweeps=8, converged=True, rel_change=9.568e-04, effective_ranks=(309, 13), class_paired=True
Epoch [53/100] | Loss: 7.7834 (Cls: 7.8000, TAL: -0.2546, Adv: 0.1744, OT-Reg: 0.000878) | OT inner objective: 0.0182 | Marginal residual row/col/max: 1.14e-04/3.28e-08/1.14e-04 | Train Acc: 0.1971 | Val Acc: 0.1478 | Val P/R/F1 (Macro): 0.0945/0.1663/0.1062 | LR: 0.000001
Epoch [54/100] | SVD update #54: pairs=440, sweeps=4, converged=True, rel_change=4.602e-04, effective_ranks=(323, 13), class_paired=True
Epoch [54/100] | Loss: 7.2724 (Cls: 7.2878, TAL: -0.1740, Adv: 0.0691, OT-Reg: 0.000920) | OT inner objective: 0.1286 | Marginal residual row/col/max: 2.20e-06/2.79e-08/2.20e-06 | Train Acc: 0.1899 | Val Acc: 0.2087 | Val P/R/F1 (Macro): 0.1609/0.1983/0.1463 | LR: 0.000001
Epoch [55/100] | SVD update #55: pairs=440, sweeps=6, converged=True, rel_change=8.259e-04, effective_ranks=(323, 14), class_paired=True
Epoch [55/100] | Loss: 6.5281 (Cls: 6.5529, TAL: -0.2840, Adv: 0.1170, OT-Reg: 0.000907) | OT inner objective: -0.1457 | Marginal residual row/col/max: 6.31e-05/1.33e-08/6.31e-05 | Train Acc: 0.2692 | Val Acc: 0.2609 | Val P/R/F1 (Macro): 0.4591/0.2817/0.2206 | LR: 0.000001
Epoch [56/100] | SVD update #56: pairs=440, sweeps=5, converged=True, rel_change=1.898e-04, effective_ranks=(319, 12), class_paired=True
Epoch [56/100] | Loss: 6.2027 (Cls: 6.2244, TAL: -0.2374, Adv: 0.0845, OT-Reg: 0.000824) | OT inner objective: -0.1167 | Marginal residual row/col/max: 3.13e-04/1.48e-08/3.13e-04 | Train Acc: 0.2716 | Val Acc: 0.2087 | Val P/R/F1 (Macro): 0.1729/0.2060/0.1482 | LR: 0.000001
Epoch [57/100] | SVD update #57: pairs=440, sweeps=4, converged=True, rel_change=2.072e-04, effective_ranks=(317, 10), class_paired=True
Epoch [57/100] | Loss: 5.9002 (Cls: 5.9109, TAL: -0.1324, Adv: 0.0639, OT-Reg: 0.000821) | OT inner objective: -0.0154 | Marginal residual row/col/max: 3.63e-04/3.38e-08/3.63e-04 | Train Acc: 0.2837 | Val Acc: 0.3043 | Val P/R/F1 (Macro): 0.4275/0.3338/0.2882 | LR: 0.000001
Epoch [58/100] | SVD update #58: pairs=440, sweeps=7, converged=True, rel_change=2.886e-04, effective_ranks=(321, 13), class_paired=True
Epoch [58/100] | Loss: 5.7504 (Cls: 5.7757, TAL: -0.2649, Adv: 0.0809, OT-Reg: 0.000861) | OT inner objective: -0.0988 | Marginal residual row/col/max: 1.00e-04/1.38e-08/1.00e-04 | Train Acc: 0.2764 | Val Acc: 0.2087 | Val P/R/F1 (Macro): 0.1254/0.2167/0.1427 | LR: 0.000001
Epoch [59/100] | SVD update #59: pairs=440, sweeps=10, converged=False, rel_change=2.945e-03, effective_ranks=(324, 17), class_paired=True
Epoch [59/100] | Loss: 5.6109 (Cls: 5.6057, TAL: -0.0431, Adv: 0.1289, OT-Reg: 0.000836) | OT inner objective: 0.0078 | Marginal residual row/col/max: 1.07e-05/1.43e-08/1.07e-05 | Train Acc: 0.2981 | Val Acc: 0.1739 | Val P/R/F1 (Macro): 0.1422/0.2327/0.1501 | LR: 0.000001
Epoch [60/100] | SVD update #60: pairs=440, sweeps=5, converged=True, rel_change=7.843e-04, effective_ranks=(325, 17), class_paired=True
Epoch [60/100] | Loss: 5.4960 (Cls: 5.4916, TAL: -0.0353, Adv: 0.1075, OT-Reg: 0.000916) | OT inner objective: 0.0668 | Marginal residual row/col/max: 5.55e-05/2.15e-08/5.55e-05 | Train Acc: 0.2476 | Val Acc: 0.2000 | Val P/R/F1 (Macro): 0.1611/0.2486/0.1592 | LR: 0.000001
Epoch [61/100] | SVD update #61: pairs=440, sweeps=4, converged=True, rel_change=6.187e-04, effective_ranks=(325, 18), class_paired=True
Epoch [61/100] | Loss: 5.3763 (Cls: 5.3866, TAL: -0.1499, Adv: 0.0962, OT-Reg: 0.000832) | OT inner objective: -0.0052 | Marginal residual row/col/max: 4.53e-05/1.33e-08/4.53e-05 | Train Acc: 0.2476 | Val Acc: 0.2087 | Val P/R/F1 (Macro): 0.1413/0.2791/0.1518 | LR: 0.000001
Epoch [62/100] | SVD update #62: pairs=440, sweeps=9, converged=True, rel_change=7.424e-04, effective_ranks=(325, 23), class_paired=True
Epoch [62/100] | Loss: 5.6338 (Cls: 5.6548, TAL: -0.2220, Adv: 0.0698, OT-Reg: 0.000865) | OT inner objective: 0.0226 | Marginal residual row/col/max: 2.87e-05/1.81e-08/2.87e-05 | Train Acc: 0.2572 | Val Acc: 0.2435 | Val P/R/F1 (Macro): 0.2658/0.2937/0.2209 | LR: 0.000001
Epoch [63/100] | SVD update #63: pairs=440, sweeps=6, converged=True, rel_change=3.616e-04, effective_ranks=(326, 21), class_paired=True
Epoch [63/100] | Loss: 5.6748 (Cls: 5.6718, TAL: -0.0422, Adv: 0.1012, OT-Reg: 0.000854) | OT inner objective: 0.0375 | Marginal residual row/col/max: 8.37e-06/2.41e-08/8.37e-06 | Train Acc: 0.2212 | Val Acc: 0.2174 | Val P/R/F1 (Macro): 0.1817/0.1963/0.1356 | LR: 0.000001
Epoch [64/100] | SVD update #64: pairs=440, sweeps=7, converged=True, rel_change=4.176e-04, effective_ranks=(327, 20), class_paired=True
Epoch [64/100] | Loss: 5.3576 (Cls: 5.3574, TAL: -0.0734, Adv: 0.1132, OT-Reg: 0.000890) | OT inner objective: 0.1210 | Marginal residual row/col/max: 3.32e-07/3.55e-08/3.48e-07 | Train Acc: 0.2428 | Val Acc: 0.2870 | Val P/R/F1 (Macro): 0.3283/0.3630/0.2992 | LR: 0.000001
Epoch [65/100] | SVD update #65: pairs=440, sweeps=5, converged=True, rel_change=4.118e-04, effective_ranks=(326, 20), class_paired=True
Epoch [65/100] | Loss: 5.3872 (Cls: 5.3824, TAL: -0.0597, Adv: 0.1494, OT-Reg: 0.000830) | OT inner objective: 0.0734 | Marginal residual row/col/max: 1.82e-06/2.13e-08/1.83e-06 | Train Acc: 0.3029 | Val Acc: 0.2870 | Val P/R/F1 (Macro): 0.2091/0.3213/0.2291 | LR: 0.000001
Epoch [66/100] | SVD update #66: pairs=440, sweeps=5, converged=True, rel_change=6.807e-04, effective_ranks=(327, 19), class_paired=True
Epoch [66/100] | Loss: 5.5052 (Cls: 5.5179, TAL: -0.1875, Adv: 0.1234, OT-Reg: 0.000788) | OT inner objective: 0.0509 | Marginal residual row/col/max: 1.04e-04/3.01e-08/1.04e-04 | Train Acc: 0.2885 | Val Acc: 0.2609 | Val P/R/F1 (Macro): 0.2438/0.3404/0.2414 | LR: 0.000001
Epoch [67/100] | SVD update #67: pairs=440, sweeps=7, converged=True, rel_change=4.549e-04, effective_ranks=(326, 21), class_paired=True
Epoch [67/100] | Loss: 5.4354 (Cls: 5.4479, TAL: -0.1894, Adv: 0.1285, OT-Reg: 0.000853) | OT inner objective: -0.0039 | Marginal residual row/col/max: 8.78e-05/2.34e-08/8.78e-05 | Train Acc: 0.2957 | Val Acc: 0.2261 | Val P/R/F1 (Macro): 0.1331/0.2805/0.1575 | LR: 0.000001
Epoch [68/100] | SVD update #68: pairs=440, sweeps=7, converged=True, rel_change=4.069e-04, effective_ranks=(325, 22), class_paired=True
Epoch [68/100] | Loss: 5.2796 (Cls: 5.2791, TAL: -0.1101, Adv: 0.1719, OT-Reg: 0.000848) | OT inner objective: 0.0674 | Marginal residual row/col/max: 9.60e-07/1.75e-08/9.63e-07 | Train Acc: 0.2909 | Val Acc: 0.2870 | Val P/R/F1 (Macro): 0.3683/0.3362/0.2625 | LR: 0.000001
Epoch [69/100] | SVD update #69: pairs=440, sweeps=5, converged=True, rel_change=5.025e-04, effective_ranks=(326, 21), class_paired=True
Epoch [69/100] | Loss: 5.3404 (Cls: 5.3481, TAL: -0.1799, Adv: 0.1737, OT-Reg: 0.000826) | OT inner objective: 0.0162 | Marginal residual row/col/max: 2.10e-06/1.33e-08/2.10e-06 | Train Acc: 0.2620 | Val Acc: 0.2783 | Val P/R/F1 (Macro): 0.2826/0.3293/0.2306 | LR: 0.000001
Epoch [70/100] | SVD update #70: pairs=440, sweeps=4, converged=True, rel_change=9.629e-04, effective_ranks=(325, 22), class_paired=True
Epoch [70/100] | Loss: 5.3332 (Cls: 5.3351, TAL: -0.1023, Adv: 0.1297, OT-Reg: 0.000877) | OT inner objective: 0.0104 | Marginal residual row/col/max: 2.64e-06/1.68e-08/2.64e-06 | Train Acc: 0.2524 | Val Acc: 0.2174 | Val P/R/F1 (Macro): 0.1259/0.2804/0.1588 | LR: 0.000001
Epoch [71/100] | SVD update #71: pairs=440, sweeps=5, converged=True, rel_change=3.620e-04, effective_ranks=(326, 20), class_paired=True
Epoch [71/100] | Loss: 5.6335 (Cls: 5.6355, TAL: -0.1168, Adv: 0.1492, OT-Reg: 0.000762) | OT inner objective: 0.1095 | Marginal residual row/col/max: 1.50e-08/1.65e-08/1.82e-08 | Train Acc: 0.2716 | Val Acc: 0.2087 | Val P/R/F1 (Macro): 0.1778/0.2532/0.1817 | LR: 0.000001
Epoch [72/100] | SVD update #72: pairs=440, sweeps=6, converged=True, rel_change=9.992e-04, effective_ranks=(325, 22), class_paired=True
Epoch [72/100] | Loss: 6.2071 (Cls: 6.1845, TAL: 0.0688, Adv: 0.1797, OT-Reg: 0.000737) | OT inner objective: 0.1365 | Marginal residual row/col/max: 7.97e-06/1.99e-08/7.98e-06 | Train Acc: 0.3558 | Val Acc: 0.2174 | Val P/R/F1 (Macro): 0.1383/0.2314/0.1512 | LR: 0.000001
Epoch [73/100] | SVD update #73: pairs=440, sweeps=6, converged=True, rel_change=2.734e-04, effective_ranks=(322, 21), class_paired=True
Epoch [73/100] | Loss: 5.6160 (Cls: 5.6051, TAL: -0.0586, Adv: 0.2235, OT-Reg: 0.000791) | OT inner objective: 0.1265 | Marginal residual row/col/max: 8.87e-06/2.91e-08/8.88e-06 | Train Acc: 0.2716 | Val Acc: 0.2435 | Val P/R/F1 (Macro): 0.2719/0.2774/0.2206 | LR: 0.000001
Epoch [74/100] | SVD update #74: pairs=440, sweeps=10, converged=False, rel_change=1.043e-03, effective_ranks=(325, 23), class_paired=True
Epoch [74/100] | Loss: 5.5350 (Cls: 5.5428, TAL: -0.1630, Adv: 0.1464, OT-Reg: 0.000792) | OT inner objective: 0.1014 | Marginal residual row/col/max: 4.74e-05/2.58e-08/4.74e-05 | Train Acc: 0.2933 | Val Acc: 0.2000 | Val P/R/F1 (Macro): 0.1505/0.2763/0.1517 | LR: 0.000001
Epoch [75/100] | SVD update #75: pairs=440, sweeps=10, converged=False, rel_change=1.882e-03, effective_ranks=(323, 19), class_paired=True
Epoch [75/100] | Loss: 7.0853 (Cls: 7.0706, TAL: 0.0194, Adv: 0.1548, OT-Reg: 0.000830) | OT inner objective: 0.0648 | Marginal residual row/col/max: 9.08e-05/1.30e-08/9.08e-05 | Train Acc: 0.1442 | Val Acc: 0.0957 | Val P/R/F1 (Macro): 0.2024/0.1465/0.1180 | LR: 0.000001
Epoch [76/100] | SVD update #76: pairs=440, sweeps=9, converged=True, rel_change=6.538e-04, effective_ranks=(321, 26), class_paired=True
Epoch [76/100] | Loss: 7.3296 (Cls: 7.3095, TAL: 0.0576, Adv: 0.1649, OT-Reg: 0.000925) | OT inner objective: 0.0614 | Marginal residual row/col/max: 5.57e-05/1.72e-08/5.57e-05 | Train Acc: 0.0793 | Val Acc: 0.0783 | Val P/R/F1 (Macro): 0.0923/0.1272/0.0715 | LR: 0.000001
Epoch [77/100] | SVD update #77: pairs=440, sweeps=10, converged=False, rel_change=1.858e-02, effective_ranks=(326, 23), class_paired=True
Epoch [77/100] | Loss: 8.3780 (Cls: 8.3577, TAL: 0.0518, Adv: 0.1757, OT-Reg: 0.000837) | OT inner objective: 0.0517 | Marginal residual row/col/max: 4.28e-06/1.07e-08/4.28e-06 | Train Acc: 0.1178 | Val Acc: 0.1130 | Val P/R/F1 (Macro): 0.0895/0.0828/0.0632 | LR: 0.000001
Epoch [78/100] | SVD update #78: pairs=440, sweeps=10, converged=False, rel_change=1.257e-03, effective_ranks=(326, 24), class_paired=True
Epoch [78/100] | Loss: 8.6644 (Cls: 8.6539, TAL: -0.0026, Adv: 0.1351, OT-Reg: 0.000831) | OT inner objective: -0.0339 | Marginal residual row/col/max: 2.66e-05/1.17e-08/2.66e-05 | Train Acc: 0.1394 | Val Acc: 0.1826 | Val P/R/F1 (Macro): 0.1426/0.1629/0.1422 | LR: 0.000001
Epoch [79/100] | SVD update #79: pairs=440, sweeps=10, converged=False, rel_change=6.982e-03, effective_ranks=(327, 18), class_paired=True
Epoch [79/100] | Loss: 8.6940 (Cls: 8.6716, TAL: 0.0534, Adv: 0.1997, OT-Reg: 0.000817) | OT inner objective: 0.0742 | Marginal residual row/col/max: 1.15e-05/1.55e-08/1.15e-05 | Train Acc: 0.1274 | Val Acc: 0.2261 | Val P/R/F1 (Macro): 0.1869/0.1755/0.1177 | LR: 0.000001
Epoch [80/100] | SVD update #80: pairs=440, sweeps=10, converged=True, rel_change=9.228e-04, effective_ranks=(327, 20), class_paired=True
Epoch [80/100] | Loss: 8.9446 (Cls: 8.9027, TAL: 0.2191, Adv: 0.1945, OT-Reg: 0.000801) | OT inner objective: 0.0622 | Marginal residual row/col/max: 2.36e-05/2.02e-08/2.36e-05 | Train Acc: 0.1178 | Val Acc: 0.1565 | Val P/R/F1 (Macro): 0.0749/0.1211/0.0899 | LR: 0.000001
Epoch [81/100] | SVD update #81: pairs=440, sweeps=5, converged=True, rel_change=6.170e-04, effective_ranks=(326, 25), class_paired=True
Epoch [81/100] | Loss: 8.8946 (Cls: 8.8528, TAL: 0.2575, Adv: 0.1356, OT-Reg: 0.000889) | OT inner objective: 0.0012 | Marginal residual row/col/max: 3.98e-05/1.62e-08/3.98e-05 | Train Acc: 0.1635 | Val Acc: 0.2696 | Val P/R/F1 (Macro): 0.2184/0.2026/0.1883 | LR: 0.000001
Epoch [82/100] | SVD update #82: pairs=440, sweeps=9, converged=True, rel_change=8.752e-04, effective_ranks=(325, 26), class_paired=True
Epoch [82/100] | Loss: 8.4087 (Cls: 8.3658, TAL: 0.2632, Adv: 0.1413, OT-Reg: 0.000900) | OT inner objective: -0.0478 | Marginal residual row/col/max: 8.32e-05/1.07e-08/8.32e-05 | Train Acc: 0.1370 | Val Acc: 0.2783 | Val P/R/F1 (Macro): 0.1588/0.2388/0.1816 | LR: 0.000001
Epoch [83/100] | SVD update #83: pairs=440, sweeps=10, converged=False, rel_change=2.427e-01, effective_ranks=(326, 25), class_paired=True
Epoch [83/100] | Loss: 8.0940 (Cls: 8.0890, TAL: -0.0361, Adv: 0.1173, OT-Reg: 0.000947) | OT inner objective: -0.0233 | Marginal residual row/col/max: 1.28e-05/2.26e-08/1.28e-05 | Train Acc: 0.1178 | Val Acc: 0.0783 | Val P/R/F1 (Macro): 0.0599/0.0539/0.0565 | LR: 0.000001
Epoch [84/100] | SVD update #84: pairs=440, sweeps=10, converged=False, rel_change=3.065e-03, effective_ranks=(322, 21), class_paired=True
Epoch [84/100] | Loss: 7.6162 (Cls: 7.5873, TAL: 0.1623, Adv: 0.1181, OT-Reg: 0.000813) | OT inner objective: 0.0895 | Marginal residual row/col/max: 6.15e-06/2.19e-08/6.16e-06 | Train Acc: 0.0649 | Val Acc: 0.1913 | Val P/R/F1 (Macro): 0.0803/0.1507/0.0997 | LR: 0.000001
Epoch [85/100] | SVD update #85: pairs=440, sweeps=7, converged=True, rel_change=8.587e-04, effective_ranks=(324, 21), class_paired=True
Epoch [85/100] | Loss: 7.2329 (Cls: 7.2114, TAL: 0.0640, Adv: 0.1729, OT-Reg: 0.000797) | OT inner objective: 0.1161 | Marginal residual row/col/max: 1.83e-05/2.39e-08/1.83e-05 | Train Acc: 0.0601 | Val Acc: 0.1391 | Val P/R/F1 (Macro): 0.0773/0.1254/0.0910 | LR: 0.000001
Epoch [86/100] | SVD update #86: pairs=440, sweeps=8, converged=True, rel_change=7.226e-04, effective_ranks=(326, 20), class_paired=True
Epoch [86/100] | Loss: 7.3208 (Cls: 7.2833, TAL: 0.2099, Adv: 0.1547, OT-Reg: 0.000647) | OT inner objective: 0.1331 | Marginal residual row/col/max: 3.86e-04/1.53e-08/3.86e-04 | Train Acc: 0.1106 | Val Acc: 0.0087 | Val P/R/F1 (Macro): 0.0065/0.0159/0.0093 | LR: 0.000001
Epoch [87/100] | SVD update #87: pairs=440, sweeps=5, converged=True, rel_change=9.808e-04, effective_ranks=(324, 21), class_paired=True
Epoch [87/100] | Loss: 7.5054 (Cls: 7.4737, TAL: 0.1871, Adv: 0.1153, OT-Reg: 0.000675) | OT inner objective: 0.0673 | Marginal residual row/col/max: 6.03e-05/1.81e-08/6.03e-05 | Train Acc: 0.0986 | Val Acc: 0.0870 | Val P/R/F1 (Macro): 0.0765/0.0562/0.0599 | LR: 0.000001
Epoch [88/100] | SVD update #88: pairs=440, sweeps=7, converged=True, rel_change=6.734e-04, effective_ranks=(319, 17), class_paired=True
Epoch [88/100] | Loss: 8.3477 (Cls: 8.3336, TAL: 0.0601, Adv: 0.0863, OT-Reg: 0.000667) | OT inner objective: 0.0626 | Marginal residual row/col/max: 3.48e-04/1.40e-08/3.48e-04 | Train Acc: 0.1034 | Val Acc: 0.0609 | Val P/R/F1 (Macro): 0.0660/0.0537/0.0498 | LR: 0.000001
Epoch [89/100] | SVD update #89: pairs=440, sweeps=8, converged=True, rel_change=6.098e-04, effective_ranks=(321, 17), class_paired=True
Epoch [89/100] | Loss: 8.3864 (Cls: 8.3715, TAL: 0.0291, Adv: 0.1433, OT-Reg: 0.000658) | OT inner objective: 0.1215 | Marginal residual row/col/max: 5.72e-05/1.06e-08/5.72e-05 | Train Acc: 0.1202 | Val Acc: 0.1217 | Val P/R/F1 (Macro): 0.0725/0.1108/0.0765 | LR: 0.000001
Epoch [90/100] | SVD update #90: pairs=440, sweeps=5, converged=True, rel_change=3.879e-04, effective_ranks=(324, 14), class_paired=True
Epoch [90/100] | Loss: 8.2954 (Cls: 8.2808, TAL: 0.0274, Adv: 0.1423, OT-Reg: 0.000807) | OT inner objective: -0.0088 | Marginal residual row/col/max: 1.63e-04/2.35e-08/1.63e-04 | Train Acc: 0.1274 | Val Acc: 0.0870 | Val P/R/F1 (Macro): 0.1447/0.0928/0.0636 | LR: 0.000001
Epoch [91/100] | SVD update #91: pairs=440, sweeps=10, converged=False, rel_change=3.407e-03, effective_ranks=(322, 17), class_paired=True
Epoch [91/100] | Loss: 7.8873 (Cls: 7.8515, TAL: 0.1736, Adv: 0.1872, OT-Reg: 0.000817) | OT inner objective: 0.1573 | Marginal residual row/col/max: 2.09e-05/2.25e-08/2.09e-05 | Train Acc: 0.1154 | Val Acc: 0.1391 | Val P/R/F1 (Macro): 0.2485/0.1399/0.1368 | LR: 0.000001
Epoch [92/100] | SVD update #92: pairs=440, sweeps=10, converged=True, rel_change=4.068e-04, effective_ranks=(324, 16), class_paired=True
Epoch [92/100] | Loss: 8.5987 (Cls: 8.5998, TAL: -0.0616, Adv: 0.0784, OT-Reg: 0.000942) | OT inner objective: 0.0070 | Marginal residual row/col/max: 7.56e-06/2.18e-08/7.56e-06 | Train Acc: 0.1226 | Val Acc: 0.1130 | Val P/R/F1 (Macro): 0.1450/0.1160/0.0670 | LR: 0.000001
Epoch [93/100] | SVD update #93: pairs=440, sweeps=10, converged=False, rel_change=1.478e-01, effective_ranks=(326, 22), class_paired=True
Epoch [93/100] | Loss: 7.6154 (Cls: 7.5854, TAL: 0.2131, Adv: 0.0549, OT-Reg: 0.000932) | OT inner objective: 0.1793 | Marginal residual row/col/max: 1.81e-08/2.92e-08/3.12e-08 | Train Acc: 0.1490 | Val Acc: 0.1130 | Val P/R/F1 (Macro): 0.1248/0.1061/0.0957 | LR: 0.000001
Epoch [94/100] | SVD update #94: pairs=440, sweeps=9, converged=True, rel_change=8.433e-04, effective_ranks=(324, 17), class_paired=True
Epoch [94/100] | Loss: 8.2715 (Cls: 8.2577, TAL: 0.0151, Adv: 0.1488, OT-Reg: 0.000782) | OT inner objective: 0.1306 | Marginal residual row/col/max: 8.05e-05/1.22e-08/8.05e-05 | Train Acc: 0.1250 | Val Acc: 0.1130 | Val P/R/F1 (Macro): 0.0719/0.1186/0.0850 | LR: 0.000001
Epoch [95/100] | SVD update #95: pairs=440, sweeps=7, converged=True, rel_change=4.119e-04, effective_ranks=(323, 17), class_paired=True
Epoch [95/100] | Loss: 8.1923 (Cls: 8.1907, TAL: -0.0222, Adv: 0.0535, OT-Reg: 0.000900) | OT inner objective: 0.1697 | Marginal residual row/col/max: 9.87e-07/2.26e-08/9.94e-07 | Train Acc: 0.1154 | Val Acc: 0.1043 | Val P/R/F1 (Macro): 0.0687/0.1279/0.0812 | LR: 0.000001
Epoch [96/100] | SVD update #96: pairs=440, sweeps=8, converged=True, rel_change=7.604e-04, effective_ranks=(325, 14), class_paired=True
Epoch [96/100] | Loss: 7.9440 (Cls: 7.9416, TAL: -0.0366, Adv: 0.0846, OT-Reg: 0.000840) | OT inner objective: 0.1162 | Marginal residual row/col/max: 6.84e-05/2.18e-08/6.84e-05 | Train Acc: 0.0889 | Val Acc: 0.1130 | Val P/R/F1 (Macro): 0.0773/0.1150/0.0731 | LR: 0.000001
Epoch [97/100] | SVD update #97: pairs=440, sweeps=10, converged=False, rel_change=1.367e-03, effective_ranks=(324, 20), class_paired=True
Epoch [97/100] | Loss: 8.0526 (Cls: 8.0371, TAL: 0.0688, Adv: 0.0906, OT-Reg: 0.000825) | OT inner objective: 0.1638 | Marginal residual row/col/max: 4.18e-05/1.43e-08/4.18e-05 | Train Acc: 0.1394 | Val Acc: 0.1217 | Val P/R/F1 (Macro): 0.1519/0.0747/0.0584 | LR: 0.000001
Epoch [98/100] | SVD update #98: pairs=440, sweeps=7, converged=True, rel_change=5.944e-04, effective_ranks=(325, 19), class_paired=True
Epoch [98/100] | Loss: 8.4031 (Cls: 8.3900, TAL: -0.0525, Adv: 0.2426, OT-Reg: 0.000869) | OT inner objective: 0.1824 | Marginal residual row/col/max: 4.75e-07/2.05e-08/4.81e-07 | Train Acc: 0.1106 | Val Acc: 0.0870 | Val P/R/F1 (Macro): 0.0450/0.0838/0.0561 | LR: 0.000001
Epoch [99/100] | SVD update #99: pairs=440, sweeps=6, converged=True, rel_change=6.147e-04, effective_ranks=(324, 18), class_paired=True
Epoch [99/100] | Loss: 8.2434 (Cls: 8.2395, TAL: -0.0516, Adv: 0.1254, OT-Reg: 0.000835) | OT inner objective: 0.1003 | Marginal residual row/col/max: 3.41e-06/1.38e-08/3.41e-06 | Train Acc: 0.0938 | Val Acc: 0.0783 | Val P/R/F1 (Macro): 0.0447/0.0905/0.0460 | LR: 0.000001
Epoch [100/100] | SVD update #100: pairs=440, sweeps=10, converged=False, rel_change=1.054e-03, effective_ranks=(326, 19), class_paired=True
Epoch [100/100] | Loss: 8.7001 (Cls: 8.7028, TAL: -0.0809, Adv: 0.0886, OT-Reg: 0.000925) | OT inner objective: -0.0764 | Marginal residual row/col/max: 7.33e-05/1.76e-08/7.33e-05 | Train Acc: 0.0817 | Val Acc: 0.0609 | Val P/R/F1 (Macro): 0.0367/0.0773/0.0316 | LR: 0.000001
Report strategy: best, window=10, reported_acc=0.4000, best_acc=0.4000, selected_epoch=24

迭代 4 报告指标:
  Accuracy: 0.4000
  Precision (Macro): 0.3902
  Recall (Macro): 0.3312
  F1 (Macro): 0.3218
  Precision (Micro): 0.4000
  Recall (Micro): 0.4000
  F1 (Micro): 0.4000
  Val class coverage: 9/14 (0.6429), samples=115

================================================================================
迭代 5/5
随机种子: 46
================================================================================
Training mode: full target-label supervision (class-paired batches).
Feature fusion: Tensor alignment (512+512 -> 16+16); fused_dim=32
Domain adaptation: Neural OT generator with 3-domain discriminator
Loss weights: tensor=0.12, adv=0.08
Transport: mode=sinkhorn, epsilon=0.1, Sinkhorn iterations=50, correction scale=0.1, correction regularization weight=0.001
Tensor projection update: once per epoch from the complete target-training pairing bank; projection_dim=16, max_sweeps=10, relative singular-value tolerance=0.001
Epoch [1/100] | SVD update #1: pairs=440, sweeps=5, converged=True, rel_change=6.193e-04, effective_ranks=(327, 112), class_paired=True
Epoch [1/100] | Loss: 7.8860 (Cls: 7.8964, TAL: -0.2394, Adv: 0.2284, OT-Reg: 0.001083) | OT inner objective: 0.2646 | Marginal residual row/col/max: 1.20e-08/1.96e-08/1.99e-08 | Train Acc: 0.1587 | Val Acc: 0.2609 | Val P/R/F1 (Macro): 0.2741/0.3060/0.2064 | LR: 0.000005
  >>> New Best Val Acc: 0.2609
Epoch [2/100] | SVD update #2: pairs=440, sweeps=6, converged=True, rel_change=1.341e-04, effective_ranks=(326, 50), class_paired=True
Epoch [2/100] | Loss: 7.3423 (Cls: 7.3719, TAL: -0.3797, Adv: 0.1998, OT-Reg: 0.000992) | OT inner objective: 0.1621 | Marginal residual row/col/max: 2.61e-07/1.73e-08/2.66e-07 | Train Acc: 0.1755 | Val Acc: 0.3304 | Val P/R/F1 (Macro): 0.2405/0.2833/0.2166 | LR: 0.000005
  >>> New Best Val Acc: 0.3304
Epoch [3/100] | SVD update #3: pairs=440, sweeps=10, converged=False, rel_change=6.413e-01, effective_ranks=(326, 59), class_paired=True
Epoch [3/100] | Loss: 8.1110 (Cls: 8.0825, TAL: 0.0834, Adv: 0.2317, OT-Reg: 0.000940) | OT inner objective: 0.2354 | Marginal residual row/col/max: 1.04e-06/3.05e-08/1.05e-06 | Train Acc: 0.1322 | Val Acc: 0.1826 | Val P/R/F1 (Macro): 0.2049/0.2371/0.1544 | LR: 0.000005
Epoch [4/100] | SVD update #4: pairs=440, sweeps=10, converged=False, rel_change=2.125e+00, effective_ranks=(325, 39), class_paired=True
Epoch [4/100] | Loss: 7.8513 (Cls: 7.8303, TAL: 0.0197, Adv: 0.2335, OT-Reg: 0.001117) | OT inner objective: 0.2060 | Marginal residual row/col/max: 1.43e-08/1.72e-08/2.03e-08 | Train Acc: 0.1154 | Val Acc: 0.1304 | Val P/R/F1 (Macro): 0.1401/0.0827/0.0896 | LR: 0.000005
Epoch [5/100] | SVD update #5: pairs=440, sweeps=10, converged=False, rel_change=3.439e-02, effective_ranks=(327, 37), class_paired=True
Epoch [5/100] | Loss: 7.5187 (Cls: 7.5304, TAL: -0.2337, Adv: 0.2047, OT-Reg: 0.001079) | OT inner objective: 0.2668 | Marginal residual row/col/max: 1.13e-08/1.91e-08/1.96e-08 | Train Acc: 0.1562 | Val Acc: 0.2957 | Val P/R/F1 (Macro): 0.4556/0.2915/0.2169 | LR: 0.000005
Epoch [6/100] | SVD update #6: pairs=440, sweeps=8, converged=True, rel_change=1.972e-04, effective_ranks=(323, 15), class_paired=True
Epoch [6/100] | Loss: 7.3363 (Cls: 7.3195, TAL: -0.0095, Adv: 0.2239, OT-Reg: 0.000920) | OT inner objective: 0.2021 | Marginal residual row/col/max: 1.92e-07/3.40e-08/2.10e-07 | Train Acc: 0.1490 | Val Acc: 0.1913 | Val P/R/F1 (Macro): 0.1374/0.1417/0.1328 | LR: 0.000005
Epoch [7/100] | SVD update #7: pairs=440, sweeps=6, converged=True, rel_change=4.668e-04, effective_ranks=(323, 10), class_paired=True
Epoch [7/100] | Loss: 7.1354 (Cls: 7.1118, TAL: 0.0619, Adv: 0.2024, OT-Reg: 0.000894) | OT inner objective: 0.0784 | Marginal residual row/col/max: 1.83e-07/2.24e-08/1.87e-07 | Train Acc: 0.2188 | Val Acc: 0.1565 | Val P/R/F1 (Macro): 0.1717/0.2217/0.1144 | LR: 0.000005
Epoch [8/100] | SVD update #8: pairs=440, sweeps=5, converged=True, rel_change=3.287e-04, effective_ranks=(324, 7), class_paired=True
Epoch [8/100] | Loss: 6.9772 (Cls: 6.9804, TAL: -0.1502, Adv: 0.1851, OT-Reg: 0.000919) | OT inner objective: 0.0083 | Marginal residual row/col/max: 1.75e-05/1.28e-08/1.75e-05 | Train Acc: 0.1442 | Val Acc: 0.1217 | Val P/R/F1 (Macro): 0.1752/0.1724/0.0749 | LR: 0.000005
Epoch [9/100] | SVD update #9: pairs=440, sweeps=9, converged=True, rel_change=3.318e-04, effective_ranks=(321, 11), class_paired=True
Epoch [9/100] | Loss: 7.2271 (Cls: 7.2153, TAL: -0.0221, Adv: 0.1803, OT-Reg: 0.000922) | OT inner objective: 0.1515 | Marginal residual row/col/max: 4.23e-08/2.95e-08/5.24e-08 | Train Acc: 0.1226 | Val Acc: 0.1304 | Val P/R/F1 (Macro): 0.2275/0.1839/0.1300 | LR: 0.000005
Epoch [10/100] | SVD update #10: pairs=440, sweeps=10, converged=False, rel_change=7.486e-02, effective_ranks=(322, 9), class_paired=True
Epoch [10/100] | Loss: 6.9015 (Cls: 6.8669, TAL: 0.1818, Adv: 0.1592, OT-Reg: 0.000984) | OT inner objective: 0.1141 | Marginal residual row/col/max: 9.47e-06/2.13e-08/9.48e-06 | Train Acc: 0.1130 | Val Acc: 0.2000 | Val P/R/F1 (Macro): 0.2188/0.2598/0.1349 | LR: 0.000005
Epoch [11/100] | SVD update #11: pairs=440, sweeps=9, converged=True, rel_change=8.165e-04, effective_ranks=(327, 11), class_paired=True
Epoch [11/100] | Loss: 6.4545 (Cls: 6.4513, TAL: -0.0778, Adv: 0.1566, OT-Reg: 0.000771) | OT inner objective: 0.0660 | Marginal residual row/col/max: 2.51e-05/3.75e-08/2.51e-05 | Train Acc: 0.2019 | Val Acc: 0.1913 | Val P/R/F1 (Macro): 0.1919/0.2223/0.1495 | LR: 0.000005
Epoch [12/100] | SVD update #12: pairs=440, sweeps=7, converged=True, rel_change=6.210e-04, effective_ranks=(321, 9), class_paired=True
Epoch [12/100] | Loss: 6.2155 (Cls: 6.2248, TAL: -0.1813, Adv: 0.1549, OT-Reg: 0.001096) | OT inner objective: 0.0915 | Marginal residual row/col/max: 4.53e-07/1.75e-08/4.57e-07 | Train Acc: 0.1899 | Val Acc: 0.2609 | Val P/R/F1 (Macro): 0.2617/0.3382/0.2492 | LR: 0.000005
Epoch [13/100] | SVD update #13: pairs=440, sweeps=5, converged=True, rel_change=2.367e-04, effective_ranks=(324, 10), class_paired=True
Epoch [13/100] | Loss: 6.0848 (Cls: 6.1019, TAL: -0.2452, Adv: 0.1543, OT-Reg: 0.000983) | OT inner objective: -0.1612 | Marginal residual row/col/max: 3.60e-04/1.30e-08/3.60e-04 | Train Acc: 0.2091 | Val Acc: 0.2435 | Val P/R/F1 (Macro): 0.2533/0.3142/0.1971 | LR: 0.000003
Epoch [14/100] | SVD update #14: pairs=440, sweeps=5, converged=True, rel_change=9.322e-05, effective_ranks=(320, 9), class_paired=True
Epoch [14/100] | Loss: 6.8158 (Cls: 6.7999, TAL: 0.0129, Adv: 0.1792, OT-Reg: 0.001044) | OT inner objective: 0.0331 | Marginal residual row/col/max: 2.36e-06/2.58e-08/2.36e-06 | Train Acc: 0.1490 | Val Acc: 0.1304 | Val P/R/F1 (Macro): 0.0609/0.1592/0.0778 | LR: 0.000003
Epoch [15/100] | SVD update #15: pairs=440, sweeps=7, converged=True, rel_change=8.444e-04, effective_ranks=(319, 14), class_paired=True
Epoch [15/100] | Loss: 6.5779 (Cls: 6.5461, TAL: 0.1473, Adv: 0.1763, OT-Reg: 0.000949) | OT inner objective: 0.1287 | Marginal residual row/col/max: 7.94e-05/2.24e-08/7.94e-05 | Train Acc: 0.1466 | Val Acc: 0.1826 | Val P/R/F1 (Macro): 0.1164/0.1382/0.0926 | LR: 0.000003
Epoch [16/100] | SVD update #16: pairs=440, sweeps=7, converged=True, rel_change=7.122e-04, effective_ranks=(321, 11), class_paired=True
Epoch [16/100] | Loss: 6.1051 (Cls: 6.0916, TAL: 0.0212, Adv: 0.1366, OT-Reg: 0.001121) | OT inner objective: -0.0840 | Marginal residual row/col/max: 3.04e-04/2.12e-08/3.04e-04 | Train Acc: 0.2139 | Val Acc: 0.1913 | Val P/R/F1 (Macro): 0.0753/0.2713/0.1065 | LR: 0.000003
Epoch [17/100] | SVD update #17: pairs=440, sweeps=4, converged=True, rel_change=3.259e-04, effective_ranks=(315, 10), class_paired=True
Epoch [17/100] | Loss: 5.9865 (Cls: 5.9792, TAL: -0.0309, Adv: 0.1379, OT-Reg: 0.001128) | OT inner objective: -0.1113 | Marginal residual row/col/max: 6.78e-05/2.03e-08/6.78e-05 | Train Acc: 0.1875 | Val Acc: 0.1565 | Val P/R/F1 (Macro): 0.2028/0.2143/0.1063 | LR: 0.000003
Epoch [18/100] | SVD update #18: pairs=440, sweeps=7, converged=True, rel_change=8.754e-04, effective_ranks=(323, 13), class_paired=True
Epoch [18/100] | Loss: 5.9281 (Cls: 5.9508, TAL: -0.2699, Adv: 0.1206, OT-Reg: 0.001003) | OT inner objective: -0.0704 | Marginal residual row/col/max: 7.34e-05/1.19e-08/7.34e-05 | Train Acc: 0.2091 | Val Acc: 0.2000 | Val P/R/F1 (Macro): 0.3150/0.2582/0.1534 | LR: 0.000003
Epoch [19/100] | SVD update #19: pairs=440, sweeps=6, converged=True, rel_change=4.255e-04, effective_ranks=(324, 11), class_paired=True
Epoch [19/100] | Loss: 5.7919 (Cls: 5.7947, TAL: -0.1155, Adv: 0.1385, OT-Reg: 0.001034) | OT inner objective: -0.0468 | Marginal residual row/col/max: 2.27e-04/1.36e-08/2.27e-04 | Train Acc: 0.2404 | Val Acc: 0.2696 | Val P/R/F1 (Macro): 0.3736/0.2849/0.2305 | LR: 0.000003
Epoch [20/100] | SVD update #20: pairs=440, sweeps=4, converged=True, rel_change=8.514e-04, effective_ranks=(315, 12), class_paired=True
Epoch [20/100] | Loss: 6.1848 (Cls: 6.1692, TAL: 0.0188, Adv: 0.1667, OT-Reg: 0.001037) | OT inner objective: -0.0616 | Marginal residual row/col/max: 8.99e-05/1.68e-08/8.99e-05 | Train Acc: 0.1899 | Val Acc: 0.2522 | Val P/R/F1 (Macro): 0.1786/0.1919/0.1796 | LR: 0.000003
Epoch [21/100] | SVD update #21: pairs=440, sweeps=7, converged=True, rel_change=3.013e-04, effective_ranks=(327, 13), class_paired=True
Epoch [21/100] | Loss: 5.7202 (Cls: 5.7411, TAL: -0.2827, Adv: 0.1623, OT-Reg: 0.001118) | OT inner objective: -0.0058 | Marginal residual row/col/max: 1.26e-04/1.13e-08/1.26e-04 | Train Acc: 0.2163 | Val Acc: 0.2174 | Val P/R/F1 (Macro): 0.3697/0.2464/0.1952 | LR: 0.000003
Epoch [22/100] | SVD update #22: pairs=440, sweeps=4, converged=True, rel_change=5.404e-04, effective_ranks=(327, 13), class_paired=True
Epoch [22/100] | Loss: 5.6885 (Cls: 5.7158, TAL: -0.3366, Adv: 0.1632, OT-Reg: 0.001041) | OT inner objective: -0.2276 | Marginal residual row/col/max: 7.11e-05/1.17e-08/7.11e-05 | Train Acc: 0.2909 | Val Acc: 0.1913 | Val P/R/F1 (Macro): 0.2594/0.1944/0.1548 | LR: 0.000003
Epoch [23/100] | SVD update #23: pairs=440, sweeps=5, converged=True, rel_change=1.902e-04, effective_ranks=(324, 14), class_paired=True
Epoch [23/100] | Loss: 5.6667 (Cls: 5.6875, TAL: -0.2581, Adv: 0.1273, OT-Reg: 0.001022) | OT inner objective: -0.1450 | Marginal residual row/col/max: 2.53e-04/1.40e-08/2.53e-04 | Train Acc: 0.3053 | Val Acc: 0.3130 | Val P/R/F1 (Macro): 0.3990/0.3248/0.2639 | LR: 0.000003
Epoch [24/100] | SVD update #24: pairs=440, sweeps=6, converged=True, rel_change=7.510e-04, effective_ranks=(321, 10), class_paired=True
Epoch [24/100] | Loss: 5.6518 (Cls: 5.6698, TAL: -0.2406, Adv: 0.1364, OT-Reg: 0.001001) | OT inner objective: -0.0735 | Marginal residual row/col/max: 4.00e-05/1.50e-08/4.00e-05 | Train Acc: 0.2596 | Val Acc: 0.1739 | Val P/R/F1 (Macro): 0.1254/0.1831/0.1177 | LR: 0.000001
Epoch [25/100] | SVD update #25: pairs=440, sweeps=5, converged=True, rel_change=5.867e-04, effective_ranks=(326, 11), class_paired=True
Epoch [25/100] | Loss: 5.5851 (Cls: 5.6083, TAL: -0.2661, Adv: 0.1094, OT-Reg: 0.001024) | OT inner objective: -0.1415 | Marginal residual row/col/max: 1.02e-04/1.19e-08/1.02e-04 | Train Acc: 0.2428 | Val Acc: 0.2087 | Val P/R/F1 (Macro): 0.4124/0.2648/0.2356 | LR: 0.000001
Epoch [26/100] | SVD update #26: pairs=440, sweeps=4, converged=True, rel_change=2.044e-04, effective_ranks=(327, 13), class_paired=True
Epoch [26/100] | Loss: 5.4544 (Cls: 5.4951, TAL: -0.4345, Adv: 0.1434, OT-Reg: 0.001033) | OT inner objective: -0.1613 | Marginal residual row/col/max: 8.19e-05/2.05e-08/8.19e-05 | Train Acc: 0.2861 | Val Acc: 0.2522 | Val P/R/F1 (Macro): 0.3582/0.2593/0.2190 | LR: 0.000001
Epoch [27/100] | SVD update #27: pairs=440, sweeps=4, converged=True, rel_change=3.060e-04, effective_ranks=(327, 14), class_paired=True
Epoch [27/100] | Loss: 5.4532 (Cls: 5.4782, TAL: -0.3343, Adv: 0.1894, OT-Reg: 0.000993) | OT inner objective: -0.1324 | Marginal residual row/col/max: 1.08e-04/1.79e-08/1.08e-04 | Train Acc: 0.3173 | Val Acc: 0.2870 | Val P/R/F1 (Macro): 0.2199/0.4131/0.2383 | LR: 0.000001
Epoch [28/100] | SVD update #28: pairs=440, sweeps=3, converged=True, rel_change=9.485e-04, effective_ranks=(326, 12), class_paired=True
Epoch [28/100] | Loss: 5.6352 (Cls: 5.6700, TAL: -0.3732, Adv: 0.1250, OT-Reg: 0.001064) | OT inner objective: -0.1827 | Marginal residual row/col/max: 2.36e-05/1.25e-08/2.36e-05 | Train Acc: 0.2957 | Val Acc: 0.2870 | Val P/R/F1 (Macro): 0.4145/0.3635/0.2960 | LR: 0.000001
Epoch [29/100] | SVD update #29: pairs=440, sweeps=9, converged=True, rel_change=5.879e-04, effective_ranks=(325, 19), class_paired=True
Epoch [29/100] | Loss: 5.4336 (Cls: 5.4415, TAL: -0.1573, Adv: 0.1371, OT-Reg: 0.001030) | OT inner objective: -0.0274 | Marginal residual row/col/max: 1.22e-05/2.11e-08/1.22e-05 | Train Acc: 0.2380 | Val Acc: 0.2870 | Val P/R/F1 (Macro): 0.1680/0.2279/0.1840 | LR: 0.000001
Epoch [30/100] | SVD update #30: pairs=440, sweeps=5, converged=True, rel_change=1.383e-04, effective_ranks=(327, 15), class_paired=True
Epoch [30/100] | Loss: 5.3522 (Cls: 5.3622, TAL: -0.2031, Adv: 0.1806, OT-Reg: 0.001028) | OT inner objective: -0.1186 | Marginal residual row/col/max: 1.13e-04/1.63e-08/1.13e-04 | Train Acc: 0.3197 | Val Acc: 0.2696 | Val P/R/F1 (Macro): 0.4272/0.3077/0.2512 | LR: 0.000001
Epoch [31/100] | SVD update #31: pairs=440, sweeps=5, converged=True, rel_change=1.404e-04, effective_ranks=(326, 17), class_paired=True
Epoch [31/100] | Loss: 5.2482 (Cls: 5.2591, TAL: -0.1832, Adv: 0.1392, OT-Reg: 0.001067) | OT inner objective: 0.0110 | Marginal residual row/col/max: 1.86e-05/2.13e-08/1.86e-05 | Train Acc: 0.3510 | Val Acc: 0.3391 | Val P/R/F1 (Macro): 0.4496/0.3868/0.3297 | LR: 0.000001
  >>> New Best Val Acc: 0.3391
Epoch [32/100] | SVD update #32: pairs=440, sweeps=3, converged=True, rel_change=7.938e-04, effective_ranks=(326, 14), class_paired=True
Epoch [32/100] | Loss: 5.4427 (Cls: 5.4861, TAL: -0.4626, Adv: 0.1515, OT-Reg: 0.001042) | OT inner objective: -0.1709 | Marginal residual row/col/max: 3.10e-05/1.43e-08/3.10e-05 | Train Acc: 0.3101 | Val Acc: 0.2087 | Val P/R/F1 (Macro): 0.2397/0.2452/0.1847 | LR: 0.000001
Epoch [33/100] | SVD update #33: pairs=440, sweeps=3, converged=True, rel_change=5.109e-04, effective_ranks=(325, 15), class_paired=True
Epoch [33/100] | Loss: 6.2689 (Cls: 6.2894, TAL: -0.3392, Adv: 0.2519, OT-Reg: 0.000855) | OT inner objective: -0.1493 | Marginal residual row/col/max: 4.03e-04/2.51e-08/4.03e-04 | Train Acc: 0.2067 | Val Acc: 0.2696 | Val P/R/F1 (Macro): 0.2898/0.2342/0.2094 | LR: 0.000001
Epoch [34/100] | SVD update #34: pairs=440, sweeps=9, converged=True, rel_change=5.308e-04, effective_ranks=(325, 12), class_paired=True
Epoch [34/100] | Loss: 6.2122 (Cls: 6.1917, TAL: 0.0746, Adv: 0.1446, OT-Reg: 0.001115) | OT inner objective: 0.0681 | Marginal residual row/col/max: 4.25e-07/1.13e-08/4.25e-07 | Train Acc: 0.1659 | Val Acc: 0.2174 | Val P/R/F1 (Macro): 0.1449/0.1701/0.1416 | LR: 0.000001
Epoch [35/100] | SVD update #35: pairs=440, sweeps=10, converged=False, rel_change=2.114e-03, effective_ranks=(322, 13), class_paired=True
Epoch [35/100] | Loss: 5.4684 (Cls: 5.4780, TAL: -0.1755, Adv: 0.1430, OT-Reg: 0.001029) | OT inner objective: -0.1024 | Marginal residual row/col/max: 3.87e-05/1.38e-08/3.87e-05 | Train Acc: 0.2524 | Val Acc: 0.3043 | Val P/R/F1 (Macro): 0.3304/0.3389/0.2606 | LR: 0.000001
Epoch [36/100] | SVD update #36: pairs=440, sweeps=10, converged=False, rel_change=2.538e-03, effective_ranks=(326, 18), class_paired=True
Epoch [36/100] | Loss: 5.8549 (Cls: 5.8500, TAL: -0.0640, Adv: 0.1572, OT-Reg: 0.000968) | OT inner objective: 0.0188 | Marginal residual row/col/max: 7.52e-05/3.18e-08/7.52e-05 | Train Acc: 0.2188 | Val Acc: 0.1565 | Val P/R/F1 (Macro): 0.1146/0.1581/0.1094 | LR: 0.000001
Epoch [37/100] | SVD update #37: pairs=440, sweeps=5, converged=True, rel_change=8.881e-04, effective_ranks=(327, 16), class_paired=True
Epoch [37/100] | Loss: 5.9397 (Cls: 5.9544, TAL: -0.2325, Adv: 0.1640, OT-Reg: 0.001097) | OT inner objective: -0.1110 | Marginal residual row/col/max: 2.34e-05/1.40e-08/2.34e-05 | Train Acc: 0.2788 | Val Acc: 0.3043 | Val P/R/F1 (Macro): 0.2452/0.3181/0.2297 | LR: 0.000001
Epoch [38/100] | SVD update #38: pairs=440, sweeps=5, converged=True, rel_change=3.423e-04, effective_ranks=(320, 13), class_paired=True
Epoch [38/100] | Loss: 5.3923 (Cls: 5.4058, TAL: -0.2491, Adv: 0.2044, OT-Reg: 0.001091) | OT inner objective: -0.1030 | Marginal residual row/col/max: 1.97e-04/1.36e-08/1.97e-04 | Train Acc: 0.2668 | Val Acc: 0.2087 | Val P/R/F1 (Macro): 0.2181/0.2548/0.1904 | LR: 0.000001
Epoch [39/100] | SVD update #39: pairs=440, sweeps=4, converged=True, rel_change=9.057e-05, effective_ranks=(326, 13), class_paired=True
Epoch [39/100] | Loss: 5.2655 (Cls: 5.2881, TAL: -0.2737, Adv: 0.1276, OT-Reg: 0.001017) | OT inner objective: -0.0799 | Marginal residual row/col/max: 6.05e-05/1.43e-08/6.05e-05 | Train Acc: 0.2644 | Val Acc: 0.2435 | Val P/R/F1 (Macro): 0.1942/0.3154/0.2061 | LR: 0.000001
Epoch [40/100] | SVD update #40: pairs=440, sweeps=4, converged=True, rel_change=5.199e-04, effective_ranks=(323, 11), class_paired=True
Epoch [40/100] | Loss: 5.4319 (Cls: 5.4563, TAL: -0.2941, Adv: 0.1351, OT-Reg: 0.001019) | OT inner objective: -0.1508 | Marginal residual row/col/max: 1.25e-04/1.50e-08/1.25e-04 | Train Acc: 0.2812 | Val Acc: 0.2000 | Val P/R/F1 (Macro): 0.2584/0.2587/0.1805 | LR: 0.000001
Epoch [41/100] | SVD update #41: pairs=440, sweeps=4, converged=True, rel_change=3.256e-04, effective_ranks=(323, 14), class_paired=True
Epoch [41/100] | Loss: 5.4773 (Cls: 5.5010, TAL: -0.2966, Adv: 0.1478, OT-Reg: 0.001044) | OT inner objective: -0.1689 | Marginal residual row/col/max: 1.18e-04/1.17e-08/1.18e-04 | Train Acc: 0.2524 | Val Acc: 0.2522 | Val P/R/F1 (Macro): 0.3532/0.2862/0.2564 | LR: 0.000001
Epoch [42/100] | SVD update #42: pairs=440, sweeps=4, converged=True, rel_change=2.559e-04, effective_ranks=(327, 13), class_paired=True
Epoch [42/100] | Loss: 5.7551 (Cls: 5.7737, TAL: -0.2519, Adv: 0.1457, OT-Reg: 0.001030) | OT inner objective: -0.1381 | Marginal residual row/col/max: 3.05e-05/1.40e-08/3.05e-05 | Train Acc: 0.2837 | Val Acc: 0.2174 | Val P/R/F1 (Macro): 0.1733/0.2668/0.1678 | LR: 0.000001
Epoch [43/100] | SVD update #43: pairs=440, sweeps=4, converged=True, rel_change=2.838e-04, effective_ranks=(317, 15), class_paired=True
Epoch [43/100] | Loss: 5.7208 (Cls: 5.7651, TAL: -0.4375, Adv: 0.1024, OT-Reg: 0.001025) | OT inner objective: -0.2169 | Marginal residual row/col/max: 1.95e-04/1.36e-08/1.95e-04 | Train Acc: 0.2380 | Val Acc: 0.1478 | Val P/R/F1 (Macro): 0.2090/0.1941/0.1647 | LR: 0.000001
Epoch [44/100] | SVD update #44: pairs=440, sweeps=3, converged=True, rel_change=7.074e-04, effective_ranks=(325, 13), class_paired=True
Epoch [44/100] | Loss: 5.3745 (Cls: 5.4159, TAL: -0.4159, Adv: 0.1064, OT-Reg: 0.001069) | OT inner objective: -0.1828 | Marginal residual row/col/max: 8.02e-05/1.40e-08/8.02e-05 | Train Acc: 0.3245 | Val Acc: 0.2261 | Val P/R/F1 (Macro): 0.1897/0.2958/0.1883 | LR: 0.000001
Epoch [45/100] | SVD update #45: pairs=440, sweeps=4, converged=True, rel_change=2.682e-04, effective_ranks=(325, 12), class_paired=True
Epoch [45/100] | Loss: 5.4371 (Cls: 5.4775, TAL: -0.4018, Adv: 0.0969, OT-Reg: 0.001025) | OT inner objective: -0.0996 | Marginal residual row/col/max: 1.83e-05/1.52e-08/1.83e-05 | Train Acc: 0.2476 | Val Acc: 0.2087 | Val P/R/F1 (Macro): 0.1818/0.2642/0.1778 | LR: 0.000001
Epoch [46/100] | SVD update #46: pairs=440, sweeps=3, converged=True, rel_change=3.332e-04, effective_ranks=(326, 13), class_paired=True
Epoch [46/100] | Loss: 5.3508 (Cls: 5.3964, TAL: -0.4352, Adv: 0.0831, OT-Reg: 0.001073) | OT inner objective: -0.2487 | Marginal residual row/col/max: 1.91e-04/1.19e-08/1.91e-04 | Train Acc: 0.3317 | Val Acc: 0.2000 | Val P/R/F1 (Macro): 0.3397/0.2832/0.2247 | LR: 0.000001
Epoch [47/100] | SVD update #47: pairs=440, sweeps=4, converged=True, rel_change=7.119e-05, effective_ranks=(324, 12), class_paired=True
Epoch [47/100] | Loss: 5.3342 (Cls: 5.3629, TAL: -0.3125, Adv: 0.1096, OT-Reg: 0.001050) | OT inner objective: -0.1558 | Marginal residual row/col/max: 2.96e-05/1.23e-08/2.96e-05 | Train Acc: 0.3293 | Val Acc: 0.2174 | Val P/R/F1 (Macro): 0.2707/0.2772/0.2013 | LR: 0.000001
Epoch [48/100] | SVD update #48: pairs=440, sweeps=4, converged=True, rel_change=1.482e-04, effective_ranks=(325, 15), class_paired=True
Epoch [48/100] | Loss: 5.3844 (Cls: 5.3976, TAL: -0.1926, Adv: 0.1236, OT-Reg: 0.001038) | OT inner objective: -0.0600 | Marginal residual row/col/max: 1.09e-04/2.67e-08/1.09e-04 | Train Acc: 0.3293 | Val Acc: 0.2174 | Val P/R/F1 (Macro): 0.1701/0.2572/0.1706 | LR: 0.000001
Epoch [49/100] | SVD update #49: pairs=440, sweeps=4, converged=True, rel_change=1.027e-04, effective_ranks=(326, 14), class_paired=True
Epoch [49/100] | Loss: 5.3134 (Cls: 5.3570, TAL: -0.4233, Adv: 0.0900, OT-Reg: 0.001097) | OT inner objective: -0.1870 | Marginal residual row/col/max: 1.58e-04/1.29e-08/1.58e-04 | Train Acc: 0.2981 | Val Acc: 0.1826 | Val P/R/F1 (Macro): 0.2710/0.2330/0.1791 | LR: 0.000001
Epoch [50/100] | SVD update #50: pairs=440, sweeps=4, converged=True, rel_change=5.743e-05, effective_ranks=(327, 14), class_paired=True
Epoch [50/100] | Loss: 5.0764 (Cls: 5.1141, TAL: -0.3898, Adv: 0.1128, OT-Reg: 0.001006) | OT inner objective: -0.1735 | Marginal residual row/col/max: 1.68e-04/1.59e-08/1.68e-04 | Train Acc: 0.3870 | Val Acc: 0.2435 | Val P/R/F1 (Macro): 0.2972/0.2822/0.2262 | LR: 0.000001
Epoch [51/100] | SVD update #51: pairs=440, sweeps=4, converged=True, rel_change=9.276e-04, effective_ranks=(324, 16), class_paired=True
Epoch [51/100] | Loss: 5.2955 (Cls: 5.3218, TAL: -0.2874, Adv: 0.1013, OT-Reg: 0.001038) | OT inner objective: -0.1616 | Marginal residual row/col/max: 8.86e-05/1.29e-08/8.86e-05 | Train Acc: 0.2572 | Val Acc: 0.2174 | Val P/R/F1 (Macro): 0.3989/0.3053/0.2395 | LR: 0.000001
Epoch [52/100] | SVD update #52: pairs=440, sweeps=4, converged=True, rel_change=3.436e-04, effective_ranks=(327, 15), class_paired=True
Epoch [52/100] | Loss: 5.2093 (Cls: 5.2275, TAL: -0.2384, Adv: 0.1312, OT-Reg: 0.001047) | OT inner objective: -0.1237 | Marginal residual row/col/max: 4.78e-04/2.06e-08/4.78e-04 | Train Acc: 0.3365 | Val Acc: 0.2783 | Val P/R/F1 (Macro): 0.4428/0.3446/0.2734 | LR: 0.000001
Epoch [53/100] | SVD update #53: pairs=440, sweeps=4, converged=True, rel_change=1.957e-04, effective_ranks=(322, 14), class_paired=True
Epoch [53/100] | Loss: 5.1783 (Cls: 5.1906, TAL: -0.2183, Adv: 0.1729, OT-Reg: 0.001014) | OT inner objective: -0.1753 | Marginal residual row/col/max: 1.66e-04/1.91e-08/1.66e-04 | Train Acc: 0.3389 | Val Acc: 0.2261 | Val P/R/F1 (Macro): 0.2732/0.2670/0.2093 | LR: 0.000001
Epoch [54/100] | SVD update #54: pairs=440, sweeps=4, converged=True, rel_change=1.690e-04, effective_ranks=(325, 14), class_paired=True
Epoch [54/100] | Loss: 5.2808 (Cls: 5.3152, TAL: -0.3486, Adv: 0.0920, OT-Reg: 0.001079) | OT inner objective: -0.1818 | Marginal residual row/col/max: 7.71e-05/1.25e-08/7.71e-05 | Train Acc: 0.3173 | Val Acc: 0.1652 | Val P/R/F1 (Macro): 0.2896/0.1858/0.1676 | LR: 0.000001
Epoch [55/100] | SVD update #55: pairs=440, sweeps=4, converged=True, rel_change=2.402e-04, effective_ranks=(327, 13), class_paired=True
Epoch [55/100] | Loss: 5.1298 (Cls: 5.1543, TAL: -0.2936, Adv: 0.1340, OT-Reg: 0.001056) | OT inner objective: -0.1229 | Marginal residual row/col/max: 1.45e-04/1.75e-08/1.45e-04 | Train Acc: 0.3173 | Val Acc: 0.2348 | Val P/R/F1 (Macro): 0.2357/0.2406/0.1908 | LR: 0.000001
Epoch [56/100] | SVD update #56: pairs=440, sweeps=4, converged=True, rel_change=2.388e-04, effective_ranks=(327, 14), class_paired=True
Epoch [56/100] | Loss: 5.2288 (Cls: 5.2580, TAL: -0.3764, Adv: 0.1999, OT-Reg: 0.001114) | OT inner objective: -0.2199 | Marginal residual row/col/max: 3.23e-05/1.16e-08/3.23e-05 | Train Acc: 0.3606 | Val Acc: 0.2348 | Val P/R/F1 (Macro): 0.2952/0.3001/0.2200 | LR: 0.000001
Epoch [57/100] | SVD update #57: pairs=440, sweeps=4, converged=True, rel_change=2.418e-04, effective_ranks=(325, 14), class_paired=True
Epoch [57/100] | Loss: 5.1530 (Cls: 5.1793, TAL: -0.3360, Adv: 0.1761, OT-Reg: 0.000988) | OT inner objective: -0.1633 | Marginal residual row/col/max: 9.12e-05/1.79e-08/9.12e-05 | Train Acc: 0.3726 | Val Acc: 0.2261 | Val P/R/F1 (Macro): 0.2686/0.2769/0.2018 | LR: 0.000001
Epoch [58/100] | SVD update #58: pairs=440, sweeps=4, converged=True, rel_change=1.990e-04, effective_ranks=(326, 14), class_paired=True
Epoch [58/100] | Loss: 4.9684 (Cls: 4.9939, TAL: -0.3481, Adv: 0.2030, OT-Reg: 0.001034) | OT inner objective: -0.1529 | Marginal residual row/col/max: 9.86e-05/2.16e-08/9.86e-05 | Train Acc: 0.3870 | Val Acc: 0.2522 | Val P/R/F1 (Macro): 0.3452/0.2931/0.2394 | LR: 0.000001
Epoch [59/100] | SVD update #59: pairs=440, sweeps=4, converged=True, rel_change=2.577e-04, effective_ranks=(326, 16), class_paired=True
Epoch [59/100] | Loss: 4.8988 (Cls: 4.9363, TAL: -0.4346, Adv: 0.1837, OT-Reg: 0.000993) | OT inner objective: -0.1321 | Marginal residual row/col/max: 3.56e-05/1.38e-08/3.56e-05 | Train Acc: 0.4014 | Val Acc: 0.2957 | Val P/R/F1 (Macro): 0.3466/0.3808/0.2799 | LR: 0.000001
Epoch [60/100] | SVD update #60: pairs=440, sweeps=4, converged=True, rel_change=8.323e-04, effective_ranks=(326, 17), class_paired=True
Epoch [60/100] | Loss: 5.1405 (Cls: 5.1694, TAL: -0.3397, Adv: 0.1479, OT-Reg: 0.001097) | OT inner objective: -0.0571 | Marginal residual row/col/max: 1.95e-05/2.11e-08/1.95e-05 | Train Acc: 0.3630 | Val Acc: 0.2783 | Val P/R/F1 (Macro): 0.3388/0.3453/0.2645 | LR: 0.000001
Epoch [61/100] | SVD update #61: pairs=440, sweeps=4, converged=True, rel_change=2.061e-04, effective_ranks=(327, 16), class_paired=True
Epoch [61/100] | Loss: 5.2328 (Cls: 5.2597, TAL: -0.3749, Adv: 0.2256, OT-Reg: 0.001010) | OT inner objective: -0.1471 | Marginal residual row/col/max: 2.23e-04/2.25e-08/2.23e-04 | Train Acc: 0.3101 | Val Acc: 0.2522 | Val P/R/F1 (Macro): 0.2930/0.3047/0.2224 | LR: 0.000001
Epoch [62/100] | SVD update #62: pairs=440, sweeps=4, converged=True, rel_change=7.025e-04, effective_ranks=(324, 17), class_paired=True
Epoch [62/100] | Loss: 5.1172 (Cls: 5.1308, TAL: -0.2432, Adv: 0.1944, OT-Reg: 0.001022) | OT inner objective: -0.1209 | Marginal residual row/col/max: 1.23e-04/1.73e-08/1.23e-04 | Train Acc: 0.3221 | Val Acc: 0.2609 | Val P/R/F1 (Macro): 0.4185/0.3090/0.2612 | LR: 0.000001
Epoch [63/100] | SVD update #63: pairs=440, sweeps=4, converged=True, rel_change=2.680e-04, effective_ranks=(326, 15), class_paired=True
Epoch [63/100] | Loss: 5.1519 (Cls: 5.1677, TAL: -0.2482, Adv: 0.1750, OT-Reg: 0.001059) | OT inner objective: -0.0210 | Marginal residual row/col/max: 6.22e-05/1.45e-08/6.22e-05 | Train Acc: 0.2957 | Val Acc: 0.2696 | Val P/R/F1 (Macro): 0.3310/0.3348/0.2524 | LR: 0.000001
Epoch [64/100] | SVD update #64: pairs=440, sweeps=5, converged=True, rel_change=1.752e-04, effective_ranks=(326, 16), class_paired=True
Epoch [64/100] | Loss: 5.3093 (Cls: 5.3459, TAL: -0.4519, Adv: 0.2207, OT-Reg: 0.000995) | OT inner objective: -0.2386 | Marginal residual row/col/max: 3.06e-04/1.62e-08/3.06e-04 | Train Acc: 0.2909 | Val Acc: 0.2957 | Val P/R/F1 (Macro): 0.2921/0.2935/0.2573 | LR: 0.000001
Epoch [65/100] | SVD update #65: pairs=440, sweeps=3, converged=True, rel_change=9.065e-04, effective_ranks=(326, 14), class_paired=True
Epoch [65/100] | Loss: 5.1781 (Cls: 5.1940, TAL: -0.3326, Adv: 0.3004, OT-Reg: 0.001051) | OT inner objective: -0.1960 | Marginal residual row/col/max: 5.62e-05/1.29e-08/5.62e-05 | Train Acc: 0.3822 | Val Acc: 0.2957 | Val P/R/F1 (Macro): 0.3311/0.3626/0.2777 | LR: 0.000001
Epoch [66/100] | SVD update #66: pairs=440, sweeps=4, converged=True, rel_change=7.273e-05, effective_ranks=(325, 15), class_paired=True
Epoch [66/100] | Loss: 5.1108 (Cls: 5.1173, TAL: -0.2502, Adv: 0.2938, OT-Reg: 0.001047) | OT inner objective: -0.2216 | Marginal residual row/col/max: 8.57e-05/1.23e-08/8.57e-05 | Train Acc: 0.3317 | Val Acc: 0.2348 | Val P/R/F1 (Macro): 0.3844/0.3085/0.1984 | LR: 0.000001
Epoch [67/100] | SVD update #67: pairs=440, sweeps=4, converged=True, rel_change=4.031e-05, effective_ranks=(327, 17), class_paired=True
Epoch [67/100] | Loss: 5.1060 (Cls: 5.1132, TAL: -0.2232, Adv: 0.2453, OT-Reg: 0.001101) | OT inner objective: -0.0621 | Marginal residual row/col/max: 4.17e-05/1.33e-08/4.17e-05 | Train Acc: 0.3606 | Val Acc: 0.2609 | Val P/R/F1 (Macro): 0.3325/0.3418/0.2484 | LR: 0.000001
Epoch [68/100] | SVD update #68: pairs=440, sweeps=4, converged=True, rel_change=3.605e-04, effective_ranks=(326, 17), class_paired=True
Epoch [68/100] | Loss: 5.0284 (Cls: 5.0377, TAL: -0.2515, Adv: 0.2609, OT-Reg: 0.000986) | OT inner objective: -0.0852 | Marginal residual row/col/max: 1.18e-04/1.56e-08/1.18e-04 | Train Acc: 0.3606 | Val Acc: 0.3217 | Val P/R/F1 (Macro): 0.4819/0.3688/0.3495 | LR: 0.000001
Epoch [69/100] | SVD update #69: pairs=440, sweeps=3, converged=True, rel_change=8.700e-04, effective_ranks=(326, 15), class_paired=True
Epoch [69/100] | Loss: 4.9930 (Cls: 5.0053, TAL: -0.2995, Adv: 0.2963, OT-Reg: 0.001026) | OT inner objective: -0.1506 | Marginal residual row/col/max: 6.04e-05/1.99e-08/6.04e-05 | Train Acc: 0.3870 | Val Acc: 0.2783 | Val P/R/F1 (Macro): 0.3952/0.3327/0.2633 | LR: 0.000001
Epoch [70/100] | SVD update #70: pairs=440, sweeps=4, converged=True, rel_change=4.500e-04, effective_ranks=(326, 17), class_paired=True
Epoch [70/100] | Loss: 4.9653 (Cls: 4.9902, TAL: -0.3419, Adv: 0.2017, OT-Reg: 0.000995) | OT inner objective: -0.1000 | Marginal residual row/col/max: 8.01e-05/2.56e-08/8.01e-05 | Train Acc: 0.4231 | Val Acc: 0.3043 | Val P/R/F1 (Macro): 0.4263/0.3530/0.3005 | LR: 0.000001
Epoch [71/100] | SVD update #71: pairs=440, sweeps=4, converged=True, rel_change=7.760e-05, effective_ranks=(326, 17), class_paired=True
Epoch [71/100] | Loss: 5.1688 (Cls: 5.2006, TAL: -0.4279, Adv: 0.2445, OT-Reg: 0.001022) | OT inner objective: -0.1436 | Marginal residual row/col/max: 2.87e-04/1.86e-08/2.87e-04 | Train Acc: 0.3534 | Val Acc: 0.2696 | Val P/R/F1 (Macro): 0.3068/0.3180/0.2517 | LR: 0.000001
Epoch [72/100] | SVD update #72: pairs=440, sweeps=4, converged=True, rel_change=2.025e-04, effective_ranks=(327, 16), class_paired=True
Epoch [72/100] | Loss: 4.7809 (Cls: 4.8093, TAL: -0.3997, Adv: 0.2443, OT-Reg: 0.000984) | OT inner objective: -0.1875 | Marginal residual row/col/max: 8.55e-05/1.86e-08/8.55e-05 | Train Acc: 0.3462 | Val Acc: 0.2870 | Val P/R/F1 (Macro): 0.3492/0.3462/0.2860 | LR: 0.000001
Epoch [73/100] | SVD update #73: pairs=440, sweeps=3, converged=True, rel_change=4.068e-04, effective_ranks=(327, 16), class_paired=True
Epoch [73/100] | Loss: 4.9621 (Cls: 4.9846, TAL: -0.3599, Adv: 0.2579, OT-Reg: 0.000981) | OT inner objective: -0.1535 | Marginal residual row/col/max: 4.17e-05/1.38e-08/4.17e-05 | Train Acc: 0.3221 | Val Acc: 0.3391 | Val P/R/F1 (Macro): 0.4723/0.4412/0.3475 | LR: 0.000001
Epoch [74/100] | SVD update #74: pairs=440, sweeps=3, converged=True, rel_change=9.338e-04, effective_ranks=(326, 17), class_paired=True
Epoch [74/100] | Loss: 5.1266 (Cls: 5.1506, TAL: -0.3855, Adv: 0.2786, OT-Reg: 0.001017) | OT inner objective: -0.0866 | Marginal residual row/col/max: 2.86e-05/1.49e-08/2.86e-05 | Train Acc: 0.3317 | Val Acc: 0.2783 | Val P/R/F1 (Macro): 0.4179/0.3398/0.2766 | LR: 0.000001
Epoch [75/100] | SVD update #75: pairs=440, sweeps=5, converged=True, rel_change=2.513e-04, effective_ranks=(326, 16), class_paired=True
Epoch [75/100] | Loss: 5.3810 (Cls: 5.4062, TAL: -0.3943, Adv: 0.2769, OT-Reg: 0.001047) | OT inner objective: -0.1798 | Marginal residual row/col/max: 1.13e-04/1.59e-08/1.13e-04 | Train Acc: 0.3846 | Val Acc: 0.3478 | Val P/R/F1 (Macro): 0.4766/0.4169/0.3789 | LR: 0.000001
  >>> New Best Val Acc: 0.3478
Epoch [76/100] | SVD update #76: pairs=440, sweeps=5, converged=True, rel_change=3.966e-04, effective_ranks=(327, 18), class_paired=True
Epoch [76/100] | Loss: 5.0615 (Cls: 5.0707, TAL: -0.2819, Adv: 0.3090, OT-Reg: 0.001015) | OT inner objective: -0.0898 | Marginal residual row/col/max: 6.79e-05/1.55e-08/6.79e-05 | Train Acc: 0.4303 | Val Acc: 0.3043 | Val P/R/F1 (Macro): 0.4278/0.3491/0.3171 | LR: 0.000001
Epoch [77/100] | SVD update #77: pairs=440, sweeps=5, converged=True, rel_change=6.051e-04, effective_ranks=(325, 16), class_paired=True
Epoch [77/100] | Loss: 5.2780 (Cls: 5.2868, TAL: -0.2435, Adv: 0.2554, OT-Reg: 0.001117) | OT inner objective: -0.0757 | Marginal residual row/col/max: 1.62e-05/1.06e-08/1.62e-05 | Train Acc: 0.4159 | Val Acc: 0.2696 | Val P/R/F1 (Macro): 0.3006/0.3212/0.2453 | LR: 0.000001
Epoch [78/100] | SVD update #78: pairs=440, sweeps=8, converged=True, rel_change=8.344e-04, effective_ranks=(323, 16), class_paired=True
Epoch [78/100] | Loss: 5.0654 (Cls: 5.0806, TAL: -0.3130, Adv: 0.2788, OT-Reg: 0.001002) | OT inner objective: -0.2273 | Marginal residual row/col/max: 9.49e-05/1.62e-08/9.49e-05 | Train Acc: 0.3774 | Val Acc: 0.2783 | Val P/R/F1 (Macro): 0.3213/0.3214/0.2686 | LR: 0.000001
Epoch [79/100] | SVD update #79: pairs=440, sweeps=7, converged=True, rel_change=5.068e-04, effective_ranks=(326, 19), class_paired=True
Epoch [79/100] | Loss: 5.1687 (Cls: 5.1698, TAL: -0.2360, Adv: 0.3399, OT-Reg: 0.001013) | OT inner objective: -0.1217 | Marginal residual row/col/max: 4.43e-05/2.12e-08/4.43e-05 | Train Acc: 0.4014 | Val Acc: 0.3304 | Val P/R/F1 (Macro): 0.3234/0.3983/0.3015 | LR: 0.000001
Epoch [80/100] | SVD update #80: pairs=440, sweeps=4, converged=True, rel_change=5.544e-04, effective_ranks=(325, 17), class_paired=True
Epoch [80/100] | Loss: 5.1579 (Cls: 5.1639, TAL: -0.2938, Adv: 0.3658, OT-Reg: 0.001066) | OT inner objective: -0.1551 | Marginal residual row/col/max: 1.46e-04/1.49e-08/1.46e-04 | Train Acc: 0.3846 | Val Acc: 0.3130 | Val P/R/F1 (Macro): 0.4959/0.4042/0.3310 | LR: 0.000001
Epoch [81/100] | SVD update #81: pairs=440, sweeps=5, converged=True, rel_change=2.174e-04, effective_ranks=(327, 17), class_paired=True
Epoch [81/100] | Loss: 5.0471 (Cls: 5.0696, TAL: -0.3482, Adv: 0.2405, OT-Reg: 0.001008) | OT inner objective: -0.1678 | Marginal residual row/col/max: 2.49e-04/2.26e-08/2.49e-04 | Train Acc: 0.4327 | Val Acc: 0.2870 | Val P/R/F1 (Macro): 0.3422/0.3750/0.2824 | LR: 0.000001
Epoch [82/100] | SVD update #82: pairs=440, sweeps=4, converged=True, rel_change=5.264e-04, effective_ranks=(327, 19), class_paired=True
Epoch [82/100] | Loss: 5.2794 (Cls: 5.3044, TAL: -0.4159, Adv: 0.3114, OT-Reg: 0.000983) | OT inner objective: -0.1082 | Marginal residual row/col/max: 9.16e-05/1.78e-08/9.16e-05 | Train Acc: 0.3678 | Val Acc: 0.2870 | Val P/R/F1 (Macro): 0.3496/0.3483/0.2856 | LR: 0.000001
Epoch [83/100] | SVD update #83: pairs=440, sweeps=4, converged=True, rel_change=3.139e-04, effective_ranks=(324, 18), class_paired=True
Epoch [83/100] | Loss: 5.1727 (Cls: 5.1991, TAL: -0.3839, Adv: 0.2461, OT-Reg: 0.001045) | OT inner objective: -0.1433 | Marginal residual row/col/max: 4.05e-05/1.53e-08/4.05e-05 | Train Acc: 0.4207 | Val Acc: 0.3130 | Val P/R/F1 (Macro): 0.5477/0.4004/0.3416 | LR: 0.000001
Epoch [84/100] | SVD update #84: pairs=440, sweeps=4, converged=True, rel_change=9.342e-04, effective_ranks=(325, 17), class_paired=True
Epoch [84/100] | Loss: 5.0401 (Cls: 5.0678, TAL: -0.4242, Adv: 0.2901, OT-Reg: 0.001082) | OT inner objective: -0.2239 | Marginal residual row/col/max: 2.69e-04/1.32e-08/2.69e-04 | Train Acc: 0.4062 | Val Acc: 0.2870 | Val P/R/F1 (Macro): 0.4508/0.3768/0.3054 | LR: 0.000001
Epoch [85/100] | SVD update #85: pairs=440, sweeps=5, converged=True, rel_change=6.505e-04, effective_ranks=(325, 19), class_paired=True
Epoch [85/100] | Loss: 5.1399 (Cls: 5.1550, TAL: -0.2850, Adv: 0.2384, OT-Reg: 0.001007) | OT inner objective: -0.0576 | Marginal residual row/col/max: 3.41e-05/1.82e-08/3.41e-05 | Train Acc: 0.3870 | Val Acc: 0.3304 | Val P/R/F1 (Macro): 0.4732/0.3887/0.3503 | LR: 0.000001
Epoch [86/100] | SVD update #86: pairs=440, sweeps=4, converged=True, rel_change=5.996e-04, effective_ranks=(323, 17), class_paired=True
Epoch [86/100] | Loss: 5.2262 (Cls: 5.2474, TAL: -0.3759, Adv: 0.2980, OT-Reg: 0.001093) | OT inner objective: -0.1046 | Marginal residual row/col/max: 2.26e-04/1.91e-08/2.26e-04 | Train Acc: 0.4183 | Val Acc: 0.2609 | Val P/R/F1 (Macro): 0.4567/0.3439/0.2613 | LR: 0.000001
Epoch [87/100] | SVD update #87: pairs=440, sweeps=5, converged=True, rel_change=1.569e-04, effective_ranks=(326, 21), class_paired=True
Epoch [87/100] | Loss: 5.5981 (Cls: 5.6212, TAL: -0.3473, Adv: 0.2321, OT-Reg: 0.001031) | OT inner objective: -0.1612 | Marginal residual row/col/max: 1.19e-04/1.36e-08/1.19e-04 | Train Acc: 0.3221 | Val Acc: 0.2522 | Val P/R/F1 (Macro): 0.3445/0.3515/0.2717 | LR: 0.000001
Epoch [88/100] | SVD update #88: pairs=440, sweeps=4, converged=True, rel_change=3.318e-04, effective_ranks=(327, 19), class_paired=True
Epoch [88/100] | Loss: 5.5956 (Cls: 5.6078, TAL: -0.2675, Adv: 0.2494, OT-Reg: 0.001028) | OT inner objective: -0.1239 | Marginal residual row/col/max: 1.07e-04/1.79e-08/1.07e-04 | Train Acc: 0.3558 | Val Acc: 0.3217 | Val P/R/F1 (Macro): 0.4900/0.4488/0.3382 | LR: 0.000001
Epoch [89/100] | SVD update #89: pairs=440, sweeps=4, converged=True, rel_change=5.830e-04, effective_ranks=(324, 19), class_paired=True
Epoch [89/100] | Loss: 5.1999 (Cls: 5.2234, TAL: -0.3358, Adv: 0.2092, OT-Reg: 0.000996) | OT inner objective: -0.1479 | Marginal residual row/col/max: 2.01e-04/2.24e-08/2.01e-04 | Train Acc: 0.3774 | Val Acc: 0.3130 | Val P/R/F1 (Macro): 0.3368/0.4229/0.2899 | LR: 0.000001
Epoch [90/100] | SVD update #90: pairs=440, sweeps=4, converged=True, rel_change=4.150e-04, effective_ranks=(325, 20), class_paired=True
Epoch [90/100] | Loss: 4.9774 (Cls: 4.9928, TAL: -0.2320, Adv: 0.1551, OT-Reg: 0.001065) | OT inner objective: -0.0981 | Marginal residual row/col/max: 2.64e-05/1.39e-08/2.64e-05 | Train Acc: 0.3870 | Val Acc: 0.3739 | Val P/R/F1 (Macro): 0.5330/0.4751/0.4258 | LR: 0.000001
  >>> New Best Val Acc: 0.3739
Epoch [91/100] | SVD update #91: pairs=440, sweeps=3, converged=True, rel_change=8.175e-04, effective_ranks=(324, 19), class_paired=True
Epoch [91/100] | Loss: 5.0929 (Cls: 5.1321, TAL: -0.4397, Adv: 0.1698, OT-Reg: 0.001060) | OT inner objective: -0.1763 | Marginal residual row/col/max: 7.75e-05/1.19e-08/7.75e-05 | Train Acc: 0.4135 | Val Acc: 0.2783 | Val P/R/F1 (Macro): 0.3277/0.3632/0.2592 | LR: 0.000001
Epoch [92/100] | SVD update #92: pairs=440, sweeps=5, converged=True, rel_change=9.728e-04, effective_ranks=(323, 19), class_paired=True
Epoch [92/100] | Loss: 5.1990 (Cls: 5.2093, TAL: -0.2438, Adv: 0.2374, OT-Reg: 0.001039) | OT inner objective: -0.1326 | Marginal residual row/col/max: 1.10e-04/1.58e-08/1.10e-04 | Train Acc: 0.3365 | Val Acc: 0.2522 | Val P/R/F1 (Macro): 0.3206/0.3341/0.2394 | LR: 0.000001
Epoch [93/100] | SVD update #93: pairs=440, sweeps=4, converged=True, rel_change=9.017e-05, effective_ranks=(322, 17), class_paired=True
Epoch [93/100] | Loss: 5.0781 (Cls: 5.0951, TAL: -0.2681, Adv: 0.1890, OT-Reg: 0.001120) | OT inner objective: -0.2050 | Marginal residual row/col/max: 5.74e-05/1.45e-08/5.74e-05 | Train Acc: 0.3894 | Val Acc: 0.3217 | Val P/R/F1 (Macro): 0.3659/0.4352/0.3019 | LR: 0.000001
Epoch [94/100] | SVD update #94: pairs=440, sweeps=5, converged=True, rel_change=7.647e-04, effective_ranks=(324, 18), class_paired=True
Epoch [94/100] | Loss: 5.2351 (Cls: 5.2586, TAL: -0.3258, Adv: 0.1948, OT-Reg: 0.001049) | OT inner objective: -0.1686 | Marginal residual row/col/max: 1.11e-04/1.62e-08/1.11e-04 | Train Acc: 0.4014 | Val Acc: 0.2522 | Val P/R/F1 (Macro): 0.3736/0.3185/0.2375 | LR: 0.000001
Epoch [95/100] | SVD update #95: pairs=440, sweeps=5, converged=True, rel_change=4.146e-04, effective_ranks=(325, 21), class_paired=True
Epoch [95/100] | Loss: 5.0680 (Cls: 5.0956, TAL: -0.3057, Adv: 0.1141, OT-Reg: 0.001064) | OT inner objective: -0.1088 | Marginal residual row/col/max: 1.25e-04/1.23e-08/1.25e-04 | Train Acc: 0.3870 | Val Acc: 0.2870 | Val P/R/F1 (Macro): 0.4218/0.3559/0.3006 | LR: 0.000001
Epoch [96/100] | SVD update #96: pairs=440, sweeps=6, converged=True, rel_change=4.045e-04, effective_ranks=(321, 19), class_paired=True
Epoch [96/100] | Loss: 4.9710 (Cls: 4.9905, TAL: -0.3041, Adv: 0.2123, OT-Reg: 0.001023) | OT inner objective: -0.0923 | Marginal residual row/col/max: 1.11e-04/1.29e-08/1.11e-04 | Train Acc: 0.4062 | Val Acc: 0.2957 | Val P/R/F1 (Macro): 0.4340/0.3668/0.2740 | LR: 0.000001
Epoch [97/100] | SVD update #97: pairs=440, sweeps=4, converged=True, rel_change=3.257e-04, effective_ranks=(325, 19), class_paired=True
Epoch [97/100] | Loss: 5.1248 (Cls: 5.1483, TAL: -0.3080, Adv: 0.1690, OT-Reg: 0.000990) | OT inner objective: -0.0227 | Marginal residual row/col/max: 5.59e-06/1.56e-08/5.59e-06 | Train Acc: 0.3846 | Val Acc: 0.3391 | Val P/R/F1 (Macro): 0.5313/0.4409/0.3746 | LR: 0.000001
Epoch [98/100] | SVD update #98: pairs=440, sweeps=3, converged=True, rel_change=5.683e-04, effective_ranks=(326, 20), class_paired=True
Epoch [98/100] | Loss: 5.0024 (Cls: 5.0279, TAL: -0.3430, Adv: 0.1959, OT-Reg: 0.001036) | OT inner objective: -0.1780 | Marginal residual row/col/max: 8.43e-05/1.63e-08/8.43e-05 | Train Acc: 0.4111 | Val Acc: 0.2348 | Val P/R/F1 (Macro): 0.3368/0.3187/0.2393 | LR: 0.000001
Epoch [99/100] | SVD update #99: pairs=440, sweeps=10, converged=False, rel_change=1.161e-03, effective_ranks=(323, 20), class_paired=True
Epoch [99/100] | Loss: 4.9804 (Cls: 5.0023, TAL: -0.2885, Adv: 0.1599, OT-Reg: 0.000979) | OT inner objective: -0.0361 | Marginal residual row/col/max: 1.36e-04/1.96e-08/1.36e-04 | Train Acc: 0.3774 | Val Acc: 0.2696 | Val P/R/F1 (Macro): 0.4008/0.3621/0.2676 | LR: 0.000001
Epoch [100/100] | SVD update #100: pairs=440, sweeps=4, converged=True, rel_change=1.142e-04, effective_ranks=(323, 17), class_paired=True
Epoch [100/100] | Loss: 5.1820 (Cls: 5.2013, TAL: -0.2737, Adv: 0.1701, OT-Reg: 0.001094) | OT inner objective: -0.0027 | Marginal residual row/col/max: 1.02e-04/1.91e-08/1.02e-04 | Train Acc: 0.3582 | Val Acc: 0.2696 | Val P/R/F1 (Macro): 0.2259/0.3591/0.2235 | LR: 0.000001
Report strategy: best, window=10, reported_acc=0.3739, best_acc=0.3739, selected_epoch=90

迭代 5 报告指标:
  Accuracy: 0.3739
  Precision (Macro): 0.5330
  Recall (Macro): 0.4751
  F1 (Macro): 0.4258
  Precision (Micro): 0.3739
  Recall (Micro): 0.3739
  F1 (Micro): 0.3739
  Val class coverage: 9/14 (0.6429), samples=115

================================================================================
5次迭代统计结果
================================================================================

accuracy:
  各迭代值: ['0.4435', '0.4696', '0.4348', '0.4000', '0.3739']
  均值 (Mean): 0.4243
  标准差 (Std): 0.0336

precision_macro:
  各迭代值: ['0.4820', '0.4695', '0.2618', '0.3902', '0.5330']
  均值 (Mean): 0.4273
  标准差 (Std): 0.0946

recall_macro:
  各迭代值: ['0.5343', '0.5564', '0.3154', '0.3312', '0.4751']
  均值 (Mean): 0.4425
  标准差 (Std): 0.1010

f1_macro:
  各迭代值: ['0.4525', '0.4230', '0.2781', '0.3218', '0.4258']
  均值 (Mean): 0.3802
  标准差 (Std): 0.0678

precision_micro:
  各迭代值: ['0.4435', '0.4696', '0.4348', '0.4000', '0.3739']
  均值 (Mean): 0.4243
  标准差 (Std): 0.0336

recall_micro:
  各迭代值: ['0.4435', '0.4696', '0.4348', '0.4000', '0.3739']
  均值 (Mean): 0.4243
  标准差 (Std): 0.0336

f1_micro:
  各迭代值: ['0.4435', '0.4696', '0.4348', '0.4000', '0.3739']
  均值 (Mean): 0.4243
  标准差 (Std): 0.0336

val_class_coverage:
  各迭代值: ['0.6429', '0.6429', '0.6429', '0.6429', '0.6429']
  均值 (Mean): 0.6429
  标准差 (Std): 0.0000

val_present_classes:
  各迭代值: ['9.0000', '9.0000', '9.0000', '9.0000', '9.0000']
  均值 (Mean): 9.0000
  标准差 (Std): 0.0000

val_total_classes:
  各迭代值: ['14.0000', '14.0000', '14.0000', '14.0000', '14.0000']
  均值 (Mean): 14.0000
  标准差 (Std): 0.0000

val_samples:
  各迭代值: ['115.0000', '115.0000', '115.0000', '115.0000', '115.0000']
  均值 (Mean): 115.0000
  标准差 (Std): 0.0000

训练结束时间: 2026-10-01 19:58:48
================================================================================
