================================================================================
模块消融实验 - with_tensor_with_ot
目标域天气: 雾天
训练开始时间: 2026-09-22 19:19:05
设备: cuda
源域: D:\Code\JMDA-Net\Data\晴天
目标域: D:\Code\JMDA-Net\Data\雾天
批次大小: 8
总轮数: 100
迭代次数: 5
使用Tensor模块: 是
使用OT模块: 是
特征融合方式: Tensor对齐
域对齐方式: 最优传输
目标标签比例/权重: 0.35/0.5
Tensor/Adv损失权重: 0.12/0.08
学习率: feature=5e-06, other=0.0002, weight_decay=0.0005
报告策略: last_window, 窗口: 10
================================================================================

================================================================================
迭代 1/5
随机种子: 42
================================================================================
Training mode: full target-label supervision (class-paired batches).
Feature fusion: Tensor alignment (512+512 -> 128+128); fused_dim=256
Domain adaptation: Neural OT generator with 3-domain discriminator
Loss weights: tensor=0.12, adv=0.08
Transport: mode=sinkhorn, epsilon=0.1, Sinkhorn iterations=50, correction scale=0.1, correction regularization weight=0.001
Tensor projection update: alternating SVD, max_sweeps=3, relative singular-value tolerance=0.0001
Epoch [1/100] | Loss: 8.6809 (Cls: 8.6667, TAL: -0.0363, Adv: 0.2312, OT-Reg: 0.001249) | Marginal residual: 8.46e-05 | Train Acc: 0.0977 | Val Acc: 0.0957 | Val P/R/F1 (Macro): 0.0732/0.0755/0.0641 | LR: 0.000005
  >>> New Best Val Acc: 0.0957
Epoch [2/100] | Loss: 7.9179 (Cls: 7.9044, TAL: -0.0531, Adv: 0.2478, OT-Reg: 0.001219) | Marginal residual: 1.93e-05 | Train Acc: 0.0977 | Val Acc: 0.2174 | Val P/R/F1 (Macro): 0.0452/0.1038/0.0559 | LR: 0.000005
  >>> New Best Val Acc: 0.2174
Epoch [3/100] | Loss: 7.6336 (Cls: 7.5773, TAL: 0.3263, Adv: 0.2139, OT-Reg: 0.001168) | Marginal residual: 3.77e-07 | Train Acc: 0.1341 | Val Acc: 0.2000 | Val P/R/F1 (Macro): 0.0645/0.1208/0.0828 | LR: 0.000005
Epoch [4/100] | Loss: 7.4820 (Cls: 7.4672, TAL: -0.0266, Adv: 0.2243, OT-Reg: 0.001148) | Marginal residual: 2.33e-04 | Train Acc: 0.1455 | Val Acc: 0.0870 | Val P/R/F1 (Macro): 0.0463/0.1628/0.0501 | LR: 0.000005
Epoch [5/100] | Loss: 7.3809 (Cls: 7.3480, TAL: 0.1124, Adv: 0.2432, OT-Reg: 0.001158) | Marginal residual: 3.10e-04 | Train Acc: 0.1364 | Val Acc: 0.1391 | Val P/R/F1 (Macro): 0.1088/0.1565/0.0938 | LR: 0.000005
Epoch [6/100] | Loss: 7.1691 (Cls: 7.1578, TAL: -0.0997, Adv: 0.2912, OT-Reg: 0.001198) | Marginal residual: 4.84e-04 | Train Acc: 0.1318 | Val Acc: 0.0957 | Val P/R/F1 (Macro): 0.0465/0.0728/0.0549 | LR: 0.000005
Epoch [7/100] | Loss: 7.0322 (Cls: 7.0263, TAL: -0.1299, Adv: 0.2684, OT-Reg: 0.001198) | Marginal residual: 3.05e-04 | Train Acc: 0.1659 | Val Acc: 0.2522 | Val P/R/F1 (Macro): 0.0950/0.2421/0.1139 | LR: 0.000005
  >>> New Best Val Acc: 0.2522
Epoch [8/100] | Loss: 7.0514 (Cls: 7.0202, TAL: 0.0348, Adv: 0.3367, OT-Reg: 0.001171) | Marginal residual: 4.04e-04 | Train Acc: 0.1841 | Val Acc: 0.1043 | Val P/R/F1 (Macro): 0.0589/0.1587/0.0680 | LR: 0.000005
Epoch [9/100] | Loss: 6.7977 (Cls: 6.7959, TAL: -0.1832, Adv: 0.2976, OT-Reg: 0.001169) | Marginal residual: 8.11e-04 | Train Acc: 0.1705 | Val Acc: 0.0696 | Val P/R/F1 (Macro): 0.0285/0.1368/0.0358 | LR: 0.000005
Epoch [10/100] | Loss: 6.8187 (Cls: 6.8120, TAL: -0.1048, Adv: 0.2413, OT-Reg: 0.001154) | Marginal residual: 5.82e-04 | Train Acc: 0.1477 | Val Acc: 0.1652 | Val P/R/F1 (Macro): 0.1318/0.1604/0.1078 | LR: 0.000005
Epoch [11/100] | Loss: 6.7684 (Cls: 6.7694, TAL: -0.1295, Adv: 0.1814, OT-Reg: 0.001168) | Marginal residual: 7.41e-04 | Train Acc: 0.2091 | Val Acc: 0.1043 | Val P/R/F1 (Macro): 0.0408/0.1919/0.0669 | LR: 0.000005
Epoch [12/100] | Loss: 6.8244 (Cls: 6.8388, TAL: -0.2379, Adv: 0.1758, OT-Reg: 0.001168) | Marginal residual: 7.88e-04 | Train Acc: 0.1614 | Val Acc: 0.2174 | Val P/R/F1 (Macro): 0.1781/0.1858/0.1331 | LR: 0.000005
Epoch [13/100] | Loss: 6.6806 (Cls: 6.6625, TAL: 0.0301, Adv: 0.1813, OT-Reg: 0.001160) | Marginal residual: 6.76e-04 | Train Acc: 0.1523 | Val Acc: 0.2696 | Val P/R/F1 (Macro): 0.0727/0.1865/0.1011 | LR: 0.000005
  >>> New Best Val Acc: 0.2696
Epoch [14/100] | Loss: 6.7526 (Cls: 6.7248, TAL: 0.1216, Adv: 0.1662, OT-Reg: 0.001123) | Marginal residual: 7.34e-04 | Train Acc: 0.1932 | Val Acc: 0.1652 | Val P/R/F1 (Macro): 0.0956/0.1635/0.0998 | LR: 0.000005
Epoch [15/100] | Loss: 6.5998 (Cls: 6.5842, TAL: 0.0224, Adv: 0.1611, OT-Reg: 0.001144) | Marginal residual: 6.79e-04 | Train Acc: 0.1750 | Val Acc: 0.1304 | Val P/R/F1 (Macro): 0.0841/0.1633/0.0904 | LR: 0.000005
Epoch [16/100] | Loss: 6.5951 (Cls: 6.5829, TAL: 0.0021, Adv: 0.1498, OT-Reg: 0.001151) | Marginal residual: 5.66e-04 | Train Acc: 0.2000 | Val Acc: 0.1913 | Val P/R/F1 (Macro): 0.2265/0.2184/0.1330 | LR: 0.000005
Epoch [17/100] | Loss: 6.6624 (Cls: 6.6521, TAL: -0.0091, Adv: 0.1428, OT-Reg: 0.001144) | Marginal residual: 1.07e-03 | Train Acc: 0.1795 | Val Acc: 0.1913 | Val P/R/F1 (Macro): 0.0718/0.1342/0.0769 | LR: 0.000005
Epoch [18/100] | Loss: 6.5725 (Cls: 6.5609, TAL: -0.0037, Adv: 0.1501, OT-Reg: 0.001131) | Marginal residual: 8.05e-04 | Train Acc: 0.1636 | Val Acc: 0.1217 | Val P/R/F1 (Macro): 0.0474/0.1502/0.0645 | LR: 0.000005
Epoch [19/100] | Loss: 6.4909 (Cls: 6.4992, TAL: -0.1635, Adv: 0.1420, OT-Reg: 0.001150) | Marginal residual: 9.03e-04 | Train Acc: 0.2000 | Val Acc: 0.1478 | Val P/R/F1 (Macro): 0.0699/0.1455/0.0877 | LR: 0.000005
Epoch [20/100] | Loss: 6.4225 (Cls: 6.4105, TAL: -0.0175, Adv: 0.1766, OT-Reg: 0.001159) | Marginal residual: 9.37e-04 | Train Acc: 0.1955 | Val Acc: 0.2783 | Val P/R/F1 (Macro): 0.1719/0.2902/0.1866 | LR: 0.000005
  >>> New Best Val Acc: 0.2783
Epoch [21/100] | Loss: 6.3583 (Cls: 6.3416, TAL: 0.0288, Adv: 0.1664, OT-Reg: 0.001183) | Marginal residual: 9.17e-04 | Train Acc: 0.1909 | Val Acc: 0.0696 | Val P/R/F1 (Macro): 0.0324/0.0481/0.0357 | LR: 0.000005
Epoch [22/100] | Loss: 6.3828 (Cls: 6.3790, TAL: -0.0757, Adv: 0.1603, OT-Reg: 0.001166) | Marginal residual: 7.28e-04 | Train Acc: 0.1886 | Val Acc: 0.0957 | Val P/R/F1 (Macro): 0.0541/0.1138/0.0556 | LR: 0.000005
Epoch [23/100] | Loss: 6.4870 (Cls: 6.4758, TAL: -0.0250, Adv: 0.1779, OT-Reg: 0.001183) | Marginal residual: 7.62e-04 | Train Acc: 0.1727 | Val Acc: 0.1739 | Val P/R/F1 (Macro): 0.1069/0.2125/0.1036 | LR: 0.000005
Epoch [24/100] | Loss: 6.2941 (Cls: 6.2903, TAL: -0.0922, Adv: 0.1856, OT-Reg: 0.001197) | Marginal residual: 6.64e-04 | Train Acc: 0.2136 | Val Acc: 0.1304 | Val P/R/F1 (Macro): 0.1770/0.2139/0.1369 | LR: 0.000005
Epoch [25/100] | Loss: 6.3556 (Cls: 6.3575, TAL: -0.1428, Adv: 0.1911, OT-Reg: 0.001158) | Marginal residual: 7.44e-04 | Train Acc: 0.1818 | Val Acc: 0.1304 | Val P/R/F1 (Macro): 0.0573/0.2030/0.0790 | LR: 0.000005
Epoch [26/100] | Loss: 6.2246 (Cls: 6.2167, TAL: -0.0761, Adv: 0.2130, OT-Reg: 0.001147) | Marginal residual: 9.70e-04 | Train Acc: 0.1864 | Val Acc: 0.1565 | Val P/R/F1 (Macro): 0.0512/0.1305/0.0675 | LR: 0.000005
Epoch [27/100] | Loss: 6.3931 (Cls: 6.3775, TAL: -0.0071, Adv: 0.2055, OT-Reg: 0.001159) | Marginal residual: 1.07e-03 | Train Acc: 0.1818 | Val Acc: 0.1652 | Val P/R/F1 (Macro): 0.0858/0.1401/0.0806 | LR: 0.000005
Epoch [28/100] | Loss: 6.2677 (Cls: 6.2492, TAL: 0.0217, Adv: 0.1983, OT-Reg: 0.001144) | Marginal residual: 9.61e-04 | Train Acc: 0.1727 | Val Acc: 0.0957 | Val P/R/F1 (Macro): 0.0758/0.1255/0.0421 | LR: 0.000005
Epoch [29/100] | Loss: 6.2311 (Cls: 6.1978, TAL: 0.1322, Adv: 0.2186, OT-Reg: 0.001156) | Marginal residual: 1.13e-03 | Train Acc: 0.1818 | Val Acc: 0.1478 | Val P/R/F1 (Macro): 0.1082/0.1908/0.0920 | LR: 0.000005
Epoch [30/100] | Loss: 6.2525 (Cls: 6.2408, TAL: -0.0506, Adv: 0.2227, OT-Reg: 0.001140) | Marginal residual: 9.47e-04 | Train Acc: 0.1705 | Val Acc: 0.1826 | Val P/R/F1 (Macro): 0.0561/0.1280/0.0669 | LR: 0.000005
Epoch [31/100] | Loss: 6.2447 (Cls: 6.2148, TAL: 0.0824, Adv: 0.2504, OT-Reg: 0.001162) | Marginal residual: 7.46e-04 | Train Acc: 0.1864 | Val Acc: 0.2087 | Val P/R/F1 (Macro): 0.0910/0.1680/0.1077 | LR: 0.000003
Epoch [32/100] | Loss: 6.1977 (Cls: 6.1691, TAL: 0.0326, Adv: 0.3076, OT-Reg: 0.001161) | Marginal residual: 1.26e-03 | Train Acc: 0.2159 | Val Acc: 0.2696 | Val P/R/F1 (Macro): 0.1707/0.2634/0.1854 | LR: 0.000003
Epoch [33/100] | Loss: 6.2626 (Cls: 6.2420, TAL: -0.0503, Adv: 0.3325, OT-Reg: 0.001166) | Marginal residual: 4.88e-04 | Train Acc: 0.2136 | Val Acc: 0.1826 | Val P/R/F1 (Macro): 0.1514/0.2002/0.1272 | LR: 0.000003
Epoch [34/100] | Loss: 6.2590 (Cls: 6.2432, TAL: -0.1286, Adv: 0.3903, OT-Reg: 0.001174) | Marginal residual: 1.06e-03 | Train Acc: 0.2114 | Val Acc: 0.1217 | Val P/R/F1 (Macro): 0.0565/0.1832/0.0676 | LR: 0.000003
Epoch [35/100] | Loss: 6.1418 (Cls: 6.0974, TAL: 0.0373, Adv: 0.4981, OT-Reg: 0.001158) | Marginal residual: 1.06e-03 | Train Acc: 0.1864 | Val Acc: 0.0957 | Val P/R/F1 (Macro): 0.0401/0.1499/0.0591 | LR: 0.000003
Epoch [36/100] | Loss: 6.0347 (Cls: 5.9930, TAL: 0.0234, Adv: 0.4862, OT-Reg: 0.001149) | Marginal residual: 7.77e-04 | Train Acc: 0.2205 | Val Acc: 0.1130 | Val P/R/F1 (Macro): 0.0706/0.1343/0.0742 | LR: 0.000003
Epoch [37/100] | Loss: 6.1413 (Cls: 6.0840, TAL: 0.1502, Adv: 0.4910, OT-Reg: 0.001146) | Marginal residual: 9.96e-04 | Train Acc: 0.2023 | Val Acc: 0.1565 | Val P/R/F1 (Macro): 0.0608/0.1609/0.0804 | LR: 0.000003
Epoch [38/100] | Loss: 6.3639 (Cls: 6.3381, TAL: -0.0894, Adv: 0.4564, OT-Reg: 0.001157) | Marginal residual: 7.97e-04 | Train Acc: 0.1864 | Val Acc: 0.1739 | Val P/R/F1 (Macro): 0.2116/0.2138/0.1525 | LR: 0.000003
Epoch [39/100] | Loss: 6.0556 (Cls: 6.0010, TAL: 0.1492, Adv: 0.4583, OT-Reg: 0.001168) | Marginal residual: 8.27e-04 | Train Acc: 0.2227 | Val Acc: 0.0957 | Val P/R/F1 (Macro): 0.0689/0.1330/0.0593 | LR: 0.000003
Epoch [40/100] | Loss: 6.3545 (Cls: 6.3208, TAL: -0.0171, Adv: 0.4472, OT-Reg: 0.001167) | Marginal residual: 8.99e-04 | Train Acc: 0.1909 | Val Acc: 0.2000 | Val P/R/F1 (Macro): 0.1243/0.2059/0.1396 | LR: 0.000003
Epoch [41/100] | Loss: 6.1197 (Cls: 6.1079, TAL: -0.1533, Adv: 0.3770, OT-Reg: 0.001161) | Marginal residual: 7.82e-04 | Train Acc: 0.2341 | Val Acc: 0.1913 | Val P/R/F1 (Macro): 0.0933/0.1879/0.1111 | LR: 0.000003
Epoch [42/100] | Loss: 6.2333 (Cls: 6.1793, TAL: 0.1630, Adv: 0.4303, OT-Reg: 0.001164) | Marginal residual: 8.46e-04 | Train Acc: 0.2000 | Val Acc: 0.1304 | Val P/R/F1 (Macro): 0.1080/0.1713/0.0962 | LR: 0.000001
Epoch [43/100] | Loss: 6.0274 (Cls: 6.0019, TAL: -0.0946, Adv: 0.4611, OT-Reg: 0.001157) | Marginal residual: 8.80e-04 | Train Acc: 0.1727 | Val Acc: 0.1652 | Val P/R/F1 (Macro): 0.2224/0.1801/0.1100 | LR: 0.000001
Epoch [44/100] | Loss: 6.1104 (Cls: 6.0816, TAL: -0.1114, Adv: 0.5271, OT-Reg: 0.001141) | Marginal residual: 1.12e-03 | Train Acc: 0.2250 | Val Acc: 0.2261 | Val P/R/F1 (Macro): 0.2248/0.2861/0.1907 | LR: 0.000001
Epoch [45/100] | Loss: 6.1045 (Cls: 6.0596, TAL: -0.0041, Adv: 0.5672, OT-Reg: 0.001140) | Marginal residual: 1.06e-03 | Train Acc: 0.1977 | Val Acc: 0.1391 | Val P/R/F1 (Macro): 0.0626/0.1524/0.0698 | LR: 0.000001
Epoch [46/100] | Loss: 6.3055 (Cls: 6.2459, TAL: 0.0702, Adv: 0.6394, OT-Reg: 0.001158) | Marginal residual: 8.51e-04 | Train Acc: 0.1909 | Val Acc: 0.1391 | Val P/R/F1 (Macro): 0.0833/0.1304/0.0870 | LR: 0.000001
Epoch [47/100] | Loss: 6.0730 (Cls: 6.0400, TAL: -0.1604, Adv: 0.6538, OT-Reg: 0.001150) | Marginal residual: 8.76e-04 | Train Acc: 0.2250 | Val Acc: 0.0957 | Val P/R/F1 (Macro): 0.0573/0.1244/0.0754 | LR: 0.000001
Epoch [48/100] | Loss: 6.3177 (Cls: 6.2440, TAL: 0.1335, Adv: 0.7204, OT-Reg: 0.001130) | Marginal residual: 1.06e-03 | Train Acc: 0.1932 | Val Acc: 0.1478 | Val P/R/F1 (Macro): 0.1850/0.1654/0.1338 | LR: 0.000001
Epoch [49/100] | Loss: 6.1532 (Cls: 6.0962, TAL: -0.0069, Adv: 0.7225, OT-Reg: 0.001137) | Marginal residual: 8.70e-04 | Train Acc: 0.2000 | Val Acc: 0.1652 | Val P/R/F1 (Macro): 0.1254/0.2137/0.1321 | LR: 0.000001
Epoch [50/100] | Loss: 6.1331 (Cls: 6.0635, TAL: 0.0839, Adv: 0.7449, OT-Reg: 0.001136) | Marginal residual: 1.07e-03 | Train Acc: 0.2250 | Val Acc: 0.1130 | Val P/R/F1 (Macro): 0.1357/0.1029/0.0854 | LR: 0.000001
Epoch [51/100] | Loss: 6.1139 (Cls: 6.0725, TAL: -0.1354, Adv: 0.7203, OT-Reg: 0.001156) | Marginal residual: 8.88e-04 | Train Acc: 0.2250 | Val Acc: 0.0957 | Val P/R/F1 (Macro): 0.0632/0.0933/0.0634 | LR: 0.000001
Epoch [52/100] | Loss: 6.0483 (Cls: 5.9718, TAL: 0.1234, Adv: 0.7710, OT-Reg: 0.001146) | Marginal residual: 1.03e-03 | Train Acc: 0.2068 | Val Acc: 0.1652 | Val P/R/F1 (Macro): 0.1465/0.1887/0.1366 | LR: 0.000001
Epoch [53/100] | Loss: 6.1018 (Cls: 6.0453, TAL: -0.0253, Adv: 0.7445, OT-Reg: 0.001143) | Marginal residual: 8.51e-04 | Train Acc: 0.2432 | Val Acc: 0.1391 | Val P/R/F1 (Macro): 0.1440/0.1452/0.1213 | LR: 0.000001
Epoch [54/100] | Loss: 6.2822 (Cls: 6.2245, TAL: -0.0548, Adv: 0.8042, OT-Reg: 0.001162) | Marginal residual: 8.99e-04 | Train Acc: 0.2068 | Val Acc: 0.1478 | Val P/R/F1 (Macro): 0.0489/0.1579/0.0642 | LR: 0.000001
Epoch [55/100] | Loss: 6.1027 (Cls: 6.0368, TAL: 0.0217, Adv: 0.7922, OT-Reg: 0.001158) | Marginal residual: 8.91e-04 | Train Acc: 0.2273 | Val Acc: 0.1130 | Val P/R/F1 (Macro): 0.1207/0.1725/0.0902 | LR: 0.000001
Epoch [56/100] | Loss: 6.1308 (Cls: 6.0859, TAL: -0.1366, Adv: 0.7665, OT-Reg: 0.001162) | Marginal residual: 9.91e-04 | Train Acc: 0.2136 | Val Acc: 0.1652 | Val P/R/F1 (Macro): 0.1772/0.1717/0.1404 | LR: 0.000001
Epoch [57/100] | Loss: 6.0019 (Cls: 5.9415, TAL: -0.0213, Adv: 0.7878, OT-Reg: 0.001168) | Marginal residual: 9.04e-04 | Train Acc: 0.2182 | Val Acc: 0.1304 | Val P/R/F1 (Macro): 0.0910/0.1799/0.0925 | LR: 0.000001
Epoch [58/100] | Loss: 5.9920 (Cls: 5.9553, TAL: -0.2122, Adv: 0.7767, OT-Reg: 0.001172) | Marginal residual: 9.30e-04 | Train Acc: 0.2136 | Val Acc: 0.1565 | Val P/R/F1 (Macro): 0.0908/0.2651/0.1273 | LR: 0.000001
Epoch [59/100] | Loss: 6.0881 (Cls: 6.0266, TAL: -0.0073, Adv: 0.7801, OT-Reg: 0.001155) | Marginal residual: 7.62e-04 | Train Acc: 0.2318 | Val Acc: 0.0609 | Val P/R/F1 (Macro): 0.0390/0.0416/0.0392 | LR: 0.000001
Epoch [60/100] | Loss: 6.1603 (Cls: 6.0801, TAL: 0.0941, Adv: 0.8622, OT-Reg: 0.001161) | Marginal residual: 7.89e-04 | Train Acc: 0.2159 | Val Acc: 0.1304 | Val P/R/F1 (Macro): 0.0801/0.1405/0.0703 | LR: 0.000001
Epoch [61/100] | Loss: 5.9842 (Cls: 5.9241, TAL: -0.0521, Adv: 0.8295, OT-Reg: 0.001174) | Marginal residual: 8.84e-04 | Train Acc: 0.2477 | Val Acc: 0.1043 | Val P/R/F1 (Macro): 0.0598/0.1268/0.0499 | LR: 0.000001
Epoch [62/100] | Loss: 6.0241 (Cls: 5.9569, TAL: 0.0060, Adv: 0.8312, OT-Reg: 0.001167) | Marginal residual: 9.06e-04 | Train Acc: 0.2386 | Val Acc: 0.0783 | Val P/R/F1 (Macro): 0.0746/0.1033/0.0760 | LR: 0.000001
Epoch [63/100] | Loss: 6.0262 (Cls: 5.9635, TAL: -0.0174, Adv: 0.8087, OT-Reg: 0.001176) | Marginal residual: 9.28e-04 | Train Acc: 0.2159 | Val Acc: 0.1739 | Val P/R/F1 (Macro): 0.2539/0.2024/0.1407 | LR: 0.000001
Epoch [64/100] | Loss: 5.9264 (Cls: 5.8893, TAL: -0.2329, Adv: 0.8135, OT-Reg: 0.001169) | Marginal residual: 9.34e-04 | Train Acc: 0.2295 | Val Acc: 0.1391 | Val P/R/F1 (Macro): 0.1516/0.1926/0.1223 | LR: 0.000001
Epoch [65/100] | Loss: 6.0359 (Cls: 5.9645, TAL: 0.0395, Adv: 0.8339, OT-Reg: 0.001177) | Marginal residual: 9.58e-04 | Train Acc: 0.2477 | Val Acc: 0.2696 | Val P/R/F1 (Macro): 0.2383/0.2340/0.2074 | LR: 0.000001
Epoch [66/100] | Loss: 6.1280 (Cls: 6.0509, TAL: 0.0604, Adv: 0.8740, OT-Reg: 0.001143) | Marginal residual: 9.18e-04 | Train Acc: 0.1864 | Val Acc: 0.2348 | Val P/R/F1 (Macro): 0.2173/0.2630/0.2146 | LR: 0.000001
Epoch [67/100] | Loss: 6.0673 (Cls: 5.9680, TAL: 0.2331, Adv: 0.8916, OT-Reg: 0.001147) | Marginal residual: 1.15e-03 | Train Acc: 0.2636 | Val Acc: 0.0870 | Val P/R/F1 (Macro): 0.0946/0.1047/0.0595 | LR: 0.000001
Epoch [68/100] | Loss: 6.0337 (Cls: 5.9343, TAL: 0.2296, Adv: 0.8986, OT-Reg: 0.001147) | Marginal residual: 1.03e-03 | Train Acc: 0.2114 | Val Acc: 0.1391 | Val P/R/F1 (Macro): 0.1599/0.1841/0.1226 | LR: 0.000001
Epoch [69/100] | Loss: 6.0206 (Cls: 5.9648, TAL: -0.0945, Adv: 0.8391, OT-Reg: 0.001156) | Marginal residual: 8.95e-04 | Train Acc: 0.2500 | Val Acc: 0.1739 | Val P/R/F1 (Macro): 0.1950/0.1951/0.1331 | LR: 0.000001
Epoch [70/100] | Loss: 6.0180 (Cls: 5.9586, TAL: -0.0649, Adv: 0.8392, OT-Reg: 0.001168) | Marginal residual: 8.25e-04 | Train Acc: 0.2045 | Val Acc: 0.1217 | Val P/R/F1 (Macro): 0.1108/0.1390/0.0913 | LR: 0.000001
Epoch [71/100] | Loss: 6.0788 (Cls: 5.9851, TAL: 0.1771, Adv: 0.9067, OT-Reg: 0.001145) | Marginal residual: 1.12e-03 | Train Acc: 0.2318 | Val Acc: 0.1304 | Val P/R/F1 (Macro): 0.2051/0.1202/0.0870 | LR: 0.000001
Epoch [72/100] | Loss: 6.0525 (Cls: 5.9746, TAL: 0.0678, Adv: 0.8708, OT-Reg: 0.001165) | Marginal residual: 1.13e-03 | Train Acc: 0.2705 | Val Acc: 0.2609 | Val P/R/F1 (Macro): 0.3312/0.3628/0.2300 | LR: 0.000001
Epoch [73/100] | Loss: 5.9942 (Cls: 5.9061, TAL: 0.1424, Adv: 0.8874, OT-Reg: 0.001145) | Marginal residual: 9.01e-04 | Train Acc: 0.2068 | Val Acc: 0.2087 | Val P/R/F1 (Macro): 0.2031/0.2204/0.1765 | LR: 0.000001
Epoch [74/100] | Loss: 6.1448 (Cls: 6.0829, TAL: -0.0753, Adv: 0.8864, OT-Reg: 0.001156) | Marginal residual: 9.94e-04 | Train Acc: 0.2477 | Val Acc: 0.2783 | Val P/R/F1 (Macro): 0.1733/0.2479/0.1755 | LR: 0.000001
Epoch [75/100] | Loss: 6.0141 (Cls: 5.9468, TAL: -0.0229, Adv: 0.8754, OT-Reg: 0.001162) | Marginal residual: 6.54e-04 | Train Acc: 0.2364 | Val Acc: 0.2609 | Val P/R/F1 (Macro): 0.4011/0.2731/0.2424 | LR: 0.000001
Epoch [76/100] | Loss: 6.0141 (Cls: 5.9472, TAL: -0.0319, Adv: 0.8843, OT-Reg: 0.001158) | Marginal residual: 1.10e-03 | Train Acc: 0.2091 | Val Acc: 0.1130 | Val P/R/F1 (Macro): 0.1013/0.1055/0.0881 | LR: 0.000001
Epoch [77/100] | Loss: 6.0498 (Cls: 5.9683, TAL: 0.0842, Adv: 0.8934, OT-Reg: 0.001173) | Marginal residual: 9.58e-04 | Train Acc: 0.2523 | Val Acc: 0.0783 | Val P/R/F1 (Macro): 0.0631/0.0767/0.0454 | LR: 0.000001
Epoch [78/100] | Loss: 6.1107 (Cls: 6.0442, TAL: -0.0371, Adv: 0.8871, OT-Reg: 0.001157) | Marginal residual: 7.55e-04 | Train Acc: 0.2477 | Val Acc: 0.1739 | Val P/R/F1 (Macro): 0.1741/0.1907/0.1515 | LR: 0.000001
Epoch [79/100] | Loss: 5.9621 (Cls: 5.8916, TAL: -0.0212, Adv: 0.9130, OT-Reg: 0.001182) | Marginal residual: 6.50e-04 | Train Acc: 0.2818 | Val Acc: 0.1130 | Val P/R/F1 (Macro): 0.1910/0.1129/0.0969 | LR: 0.000001
Epoch [80/100] | Loss: 5.9490 (Cls: 5.8797, TAL: -0.0509, Adv: 0.9423, OT-Reg: 0.001157) | Marginal residual: 1.18e-03 | Train Acc: 0.2409 | Val Acc: 0.1826 | Val P/R/F1 (Macro): 0.1547/0.2410/0.1517 | LR: 0.000001
Epoch [81/100] | Loss: 6.0427 (Cls: 5.9504, TAL: 0.1318, Adv: 0.9564, OT-Reg: 0.001149) | Marginal residual: 9.63e-04 | Train Acc: 0.2773 | Val Acc: 0.1478 | Val P/R/F1 (Macro): 0.1640/0.1982/0.1223 | LR: 0.000001
Epoch [82/100] | Loss: 6.0205 (Cls: 5.9651, TAL: -0.1458, Adv: 0.9118, OT-Reg: 0.001174) | Marginal residual: 1.01e-03 | Train Acc: 0.2682 | Val Acc: 0.1304 | Val P/R/F1 (Macro): 0.2067/0.1827/0.1333 | LR: 0.000001
Epoch [83/100] | Loss: 6.0069 (Cls: 5.9260, TAL: 0.0453, Adv: 0.9433, OT-Reg: 0.001156) | Marginal residual: 9.93e-04 | Train Acc: 0.2068 | Val Acc: 0.1652 | Val P/R/F1 (Macro): 0.2039/0.2422/0.1508 | LR: 0.000001
Epoch [84/100] | Loss: 6.1512 (Cls: 6.0612, TAL: 0.1182, Adv: 0.9472, OT-Reg: 0.001150) | Marginal residual: 9.67e-04 | Train Acc: 0.2250 | Val Acc: 0.0609 | Val P/R/F1 (Macro): 0.0543/0.0715/0.0393 | LR: 0.000001
Epoch [85/100] | Loss: 5.9605 (Cls: 5.8736, TAL: 0.1034, Adv: 0.9319, OT-Reg: 0.001144) | Marginal residual: 8.17e-04 | Train Acc: 0.2727 | Val Acc: 0.0957 | Val P/R/F1 (Macro): 0.0501/0.1407/0.0579 | LR: 0.000001
Epoch [86/100] | Loss: 6.0435 (Cls: 5.9872, TAL: -0.1309, Adv: 0.8995, OT-Reg: 0.001165) | Marginal residual: 9.66e-04 | Train Acc: 0.1886 | Val Acc: 0.1391 | Val P/R/F1 (Macro): 0.1774/0.2406/0.1143 | LR: 0.000001
Epoch [87/100] | Loss: 5.9405 (Cls: 5.8592, TAL: 0.0461, Adv: 0.9480, OT-Reg: 0.001139) | Marginal residual: 8.94e-04 | Train Acc: 0.2409 | Val Acc: 0.2348 | Val P/R/F1 (Macro): 0.2665/0.3425/0.2349 | LR: 0.000001
Epoch [88/100] | Loss: 6.0147 (Cls: 5.9360, TAL: 0.0346, Adv: 0.9320, OT-Reg: 0.001154) | Marginal residual: 7.93e-04 | Train Acc: 0.2727 | Val Acc: 0.1130 | Val P/R/F1 (Macro): 0.0777/0.1932/0.1061 | LR: 0.000001
Epoch [89/100] | Loss: 6.0163 (Cls: 5.9294, TAL: 0.0754, Adv: 0.9738, OT-Reg: 0.001160) | Marginal residual: 9.12e-04 | Train Acc: 0.2364 | Val Acc: 0.0957 | Val P/R/F1 (Macro): 0.1071/0.0971/0.0702 | LR: 0.000001
Epoch [90/100] | Loss: 5.9366 (Cls: 5.8704, TAL: -0.0613, Adv: 0.9190, OT-Reg: 0.001164) | Marginal residual: 9.72e-04 | Train Acc: 0.2523 | Val Acc: 0.1391 | Val P/R/F1 (Macro): 0.1406/0.1901/0.1116 | LR: 0.000001
Epoch [91/100] | Loss: 6.0269 (Cls: 5.9284, TAL: 0.1649, Adv: 0.9842, OT-Reg: 0.001168) | Marginal residual: 1.20e-03 | Train Acc: 0.2682 | Val Acc: 0.0957 | Val P/R/F1 (Macro): 0.1364/0.1010/0.0726 | LR: 0.000001
Epoch [92/100] | Loss: 5.9856 (Cls: 5.9264, TAL: -0.1243, Adv: 0.9266, OT-Reg: 0.001167) | Marginal residual: 1.40e-03 | Train Acc: 0.2636 | Val Acc: 0.1130 | Val P/R/F1 (Macro): 0.1927/0.1698/0.1117 | LR: 0.000001
Epoch [93/100] | Loss: 6.0568 (Cls: 5.9561, TAL: 0.1858, Adv: 0.9809, OT-Reg: 0.001172) | Marginal residual: 8.90e-04 | Train Acc: 0.2364 | Val Acc: 0.0696 | Val P/R/F1 (Macro): 0.0465/0.0827/0.0478 | LR: 0.000001
Epoch [94/100] | Loss: 5.9542 (Cls: 5.8588, TAL: 0.1625, Adv: 0.9489, OT-Reg: 0.001152) | Marginal residual: 9.19e-04 | Train Acc: 0.2682 | Val Acc: 0.0957 | Val P/R/F1 (Macro): 0.0933/0.1673/0.0802 | LR: 0.000001
Epoch [95/100] | Loss: 5.9841 (Cls: 5.9011, TAL: 0.0533, Adv: 0.9575, OT-Reg: 0.001155) | Marginal residual: 9.03e-04 | Train Acc: 0.2523 | Val Acc: 0.1391 | Val P/R/F1 (Macro): 0.1825/0.1834/0.1055 | LR: 0.000001
Epoch [96/100] | Loss: 5.8933 (Cls: 5.8286, TAL: -0.0920, Adv: 0.9470, OT-Reg: 0.001168) | Marginal residual: 8.97e-04 | Train Acc: 0.2636 | Val Acc: 0.2087 | Val P/R/F1 (Macro): 0.3218/0.2870/0.1945 | LR: 0.000001
Epoch [97/100] | Loss: 6.1389 (Cls: 6.0461, TAL: 0.1184, Adv: 0.9828, OT-Reg: 0.001146) | Marginal residual: 8.54e-04 | Train Acc: 0.2386 | Val Acc: 0.3217 | Val P/R/F1 (Macro): 0.2662/0.3778/0.2780 | LR: 0.000001
  >>> New Best Val Acc: 0.3217
Epoch [98/100] | Loss: 6.0924 (Cls: 5.9968, TAL: 0.1467, Adv: 0.9753, OT-Reg: 0.001152) | Marginal residual: 8.27e-04 | Train Acc: 0.2591 | Val Acc: 0.2000 | Val P/R/F1 (Macro): 0.2896/0.2758/0.1765 | LR: 0.000001
Epoch [99/100] | Loss: 6.0985 (Cls: 6.0160, TAL: 0.0485, Adv: 0.9587, OT-Reg: 0.001163) | Marginal residual: 7.65e-04 | Train Acc: 0.2455 | Val Acc: 0.0870 | Val P/R/F1 (Macro): 0.0770/0.1291/0.0632 | LR: 0.000001
Epoch [100/100] | Loss: 6.0626 (Cls: 5.9821, TAL: 0.0087, Adv: 0.9928, OT-Reg: 0.001146) | Marginal residual: 9.63e-04 | Train Acc: 0.2568 | Val Acc: 0.0957 | Val P/R/F1 (Macro): 0.0643/0.1626/0.0684 | LR: 0.000001
Report strategy: last_window, window=10, reported_acc=0.1426, best_acc=0.3217

迭代 1 报告指标:
  Accuracy: 0.1426
  Precision (Macro): 0.1670
  Recall (Macro): 0.1937
  F1 (Macro): 0.1198
  Precision (Micro): 0.1426
  Recall (Micro): 0.1426
  F1 (Micro): 0.1426
  Val class coverage: 9/14 (0.6429), samples=115

================================================================================
迭代 2/5
随机种子: 43
================================================================================
Training mode: full target-label supervision (class-paired batches).
Feature fusion: Tensor alignment (512+512 -> 128+128); fused_dim=256
Domain adaptation: Neural OT generator with 3-domain discriminator
Loss weights: tensor=0.12, adv=0.08
Transport: mode=sinkhorn, epsilon=0.1, Sinkhorn iterations=50, correction scale=0.1, correction regularization weight=0.001
Tensor projection update: alternating SVD, max_sweeps=3, relative singular-value tolerance=0.0001
Epoch [1/100] | Loss: 8.5186 (Cls: 8.5133, TAL: -0.0971, Adv: 0.2114, OT-Reg: 0.002775) | Marginal residual: 1.30e-04 | Train Acc: 0.0705 | Val Acc: 0.1043 | Val P/R/F1 (Macro): 0.0409/0.0605/0.0465 | LR: 0.000005
  >>> New Best Val Acc: 0.1043
Epoch [2/100] | Loss: 7.9814 (Cls: 7.9632, TAL: -0.0030, Adv: 0.2328, OT-Reg: 0.002756) | Marginal residual: 7.63e-05 | Train Acc: 0.1091 | Val Acc: 0.1217 | Val P/R/F1 (Macro): 0.0465/0.0829/0.0550 | LR: 0.000005
  >>> New Best Val Acc: 0.1217
Epoch [3/100] | Loss: 7.7371 (Cls: 7.7240, TAL: -0.0302, Adv: 0.2085, OT-Reg: 0.002745) | Marginal residual: 1.36e-04 | Train Acc: 0.1273 | Val Acc: 0.0261 | Val P/R/F1 (Macro): 0.0103/0.0379/0.0120 | LR: 0.000005
Epoch [4/100] | Loss: 7.4721 (Cls: 7.4781, TAL: -0.1969, Adv: 0.2212, OT-Reg: 0.002723) | Marginal residual: 2.64e-04 | Train Acc: 0.1250 | Val Acc: 0.2087 | Val P/R/F1 (Macro): 0.1004/0.1584/0.1151 | LR: 0.000005
  >>> New Best Val Acc: 0.2087
Epoch [5/100] | Loss: 7.4510 (Cls: 7.4519, TAL: -0.1803, Adv: 0.2599, OT-Reg: 0.002746) | Marginal residual: 5.40e-04 | Train Acc: 0.1273 | Val Acc: 0.1478 | Val P/R/F1 (Macro): 0.0694/0.1468/0.0814 | LR: 0.000005
Epoch [6/100] | Loss: 7.3308 (Cls: 7.3335, TAL: -0.2113, Adv: 0.2825, OT-Reg: 0.002696) | Marginal residual: 4.85e-04 | Train Acc: 0.1386 | Val Acc: 0.0522 | Val P/R/F1 (Macro): 0.0191/0.1170/0.0182 | LR: 0.000005
Epoch [7/100] | Loss: 7.2223 (Cls: 7.1810, TAL: 0.1154, Adv: 0.3426, OT-Reg: 0.002750) | Marginal residual: 1.76e-04 | Train Acc: 0.1500 | Val Acc: 0.2174 | Val P/R/F1 (Macro): 0.0795/0.2284/0.0898 | LR: 0.000005
  >>> New Best Val Acc: 0.2174
Epoch [8/100] | Loss: 7.1554 (Cls: 7.0901, TAL: 0.2858, Adv: 0.3875, OT-Reg: 0.002724) | Marginal residual: 1.15e-04 | Train Acc: 0.1500 | Val Acc: 0.1217 | Val P/R/F1 (Macro): 0.0602/0.1138/0.0702 | LR: 0.000005
Epoch [9/100] | Loss: 7.0366 (Cls: 7.0064, TAL: -0.0025, Adv: 0.3802, OT-Reg: 0.002668) | Marginal residual: 3.63e-04 | Train Acc: 0.1636 | Val Acc: 0.0435 | Val P/R/F1 (Macro): 0.0435/0.1247/0.0549 | LR: 0.000005
Epoch [10/100] | Loss: 6.8798 (Cls: 6.8183, TAL: 0.2871, Adv: 0.3379, OT-Reg: 0.002599) | Marginal residual: 2.19e-04 | Train Acc: 0.1568 | Val Acc: 0.1043 | Val P/R/F1 (Macro): 0.0289/0.2222/0.0508 | LR: 0.000005
Epoch [11/100] | Loss: 7.0203 (Cls: 6.9912, TAL: 0.0838, Adv: 0.2372, OT-Reg: 0.002597) | Marginal residual: 3.30e-04 | Train Acc: 0.1477 | Val Acc: 0.0522 | Val P/R/F1 (Macro): 0.0133/0.1270/0.0213 | LR: 0.000005
Epoch [12/100] | Loss: 6.6734 (Cls: 6.6741, TAL: -0.1283, Adv: 0.1840, OT-Reg: 0.002590) | Marginal residual: 8.90e-04 | Train Acc: 0.1750 | Val Acc: 0.1913 | Val P/R/F1 (Macro): 0.1505/0.2197/0.1360 | LR: 0.000005
Epoch [13/100] | Loss: 6.4534 (Cls: 6.5009, TAL: -0.5008, Adv: 0.1571, OT-Reg: 0.002592) | Marginal residual: 9.60e-04 | Train Acc: 0.2182 | Val Acc: 0.0609 | Val P/R/F1 (Macro): 0.0332/0.1852/0.0508 | LR: 0.000005
Epoch [14/100] | Loss: 6.9305 (Cls: 6.8639, TAL: 0.4103, Adv: 0.2168, OT-Reg: 0.002613) | Marginal residual: 6.99e-05 | Train Acc: 0.1750 | Val Acc: 0.1391 | Val P/R/F1 (Macro): 0.0848/0.1055/0.0828 | LR: 0.000005
Epoch [15/100] | Loss: 6.7441 (Cls: 6.6868, TAL: 0.3507, Adv: 0.1901, OT-Reg: 0.002594) | Marginal residual: 6.42e-08 | Train Acc: 0.1932 | Val Acc: 0.0696 | Val P/R/F1 (Macro): 0.0175/0.1460/0.0311 | LR: 0.000005
Epoch [16/100] | Loss: 6.5338 (Cls: 6.5547, TAL: -0.2853, Adv: 0.1672, OT-Reg: 0.002606) | Marginal residual: 5.82e-04 | Train Acc: 0.1864 | Val Acc: 0.2000 | Val P/R/F1 (Macro): 0.1798/0.2528/0.1720 | LR: 0.000005
Epoch [17/100] | Loss: 6.4963 (Cls: 6.5464, TAL: -0.5378, Adv: 0.1796, OT-Reg: 0.002577) | Marginal residual: 7.81e-04 | Train Acc: 0.1727 | Val Acc: 0.1652 | Val P/R/F1 (Macro): 0.1496/0.3092/0.1526 | LR: 0.000005
Epoch [18/100] | Loss: 6.5715 (Cls: 6.5464, TAL: 0.0856, Adv: 0.1861, OT-Reg: 0.002546) | Marginal residual: 6.15e-04 | Train Acc: 0.1932 | Val Acc: 0.1130 | Val P/R/F1 (Macro): 0.1276/0.2226/0.0990 | LR: 0.000003
Epoch [19/100] | Loss: 6.4886 (Cls: 6.4730, TAL: -0.0198, Adv: 0.2241, OT-Reg: 0.002627) | Marginal residual: 4.36e-04 | Train Acc: 0.1795 | Val Acc: 0.1304 | Val P/R/F1 (Macro): 0.0968/0.2578/0.1075 | LR: 0.000003
Epoch [20/100] | Loss: 6.3732 (Cls: 6.3190, TAL: 0.2861, Adv: 0.2481, OT-Reg: 0.002579) | Marginal residual: 3.34e-04 | Train Acc: 0.1932 | Val Acc: 0.1739 | Val P/R/F1 (Macro): 0.3434/0.2855/0.1871 | LR: 0.000003
Epoch [21/100] | Loss: 6.3208 (Cls: 6.3330, TAL: -0.2449, Adv: 0.2149, OT-Reg: 0.002594) | Marginal residual: 6.95e-04 | Train Acc: 0.2182 | Val Acc: 0.2174 | Val P/R/F1 (Macro): 0.0930/0.2610/0.1204 | LR: 0.000003
Epoch [22/100] | Loss: 6.3560 (Cls: 6.3110, TAL: 0.1665, Adv: 0.3122, OT-Reg: 0.002598) | Marginal residual: 3.81e-04 | Train Acc: 0.2500 | Val Acc: 0.1130 | Val P/R/F1 (Macro): 0.1618/0.2569/0.0963 | LR: 0.000003
Epoch [23/100] | Loss: 6.5166 (Cls: 6.4848, TAL: 0.0682, Adv: 0.2954, OT-Reg: 0.002587) | Marginal residual: 3.46e-04 | Train Acc: 0.1818 | Val Acc: 0.1217 | Val P/R/F1 (Macro): 0.1669/0.2335/0.1321 | LR: 0.000003
Epoch [24/100] | Loss: 6.4681 (Cls: 6.4675, TAL: -0.1877, Adv: 0.2889, OT-Reg: 0.002600) | Marginal residual: 4.10e-04 | Train Acc: 0.2136 | Val Acc: 0.1826 | Val P/R/F1 (Macro): 0.1449/0.2817/0.1414 | LR: 0.000003
Epoch [25/100] | Loss: 6.2942 (Cls: 6.3040, TAL: -0.2544, Adv: 0.2590, OT-Reg: 0.002638) | Marginal residual: 6.17e-04 | Train Acc: 0.2023 | Val Acc: 0.2174 | Val P/R/F1 (Macro): 0.1696/0.3288/0.1616 | LR: 0.000003
Epoch [26/100] | Loss: 6.3591 (Cls: 6.3353, TAL: -0.0139, Adv: 0.3178, OT-Reg: 0.002634) | Marginal residual: 3.66e-04 | Train Acc: 0.1909 | Val Acc: 0.2522 | Val P/R/F1 (Macro): 0.2459/0.1990/0.1972 | LR: 0.000003
  >>> New Best Val Acc: 0.2522
Epoch [27/100] | Loss: 6.4029 (Cls: 6.3393, TAL: 0.2507, Adv: 0.4193, OT-Reg: 0.002586) | Marginal residual: 1.44e-04 | Train Acc: 0.2250 | Val Acc: 0.1043 | Val P/R/F1 (Macro): 0.1801/0.2156/0.0953 | LR: 0.000003
Epoch [28/100] | Loss: 6.2102 (Cls: 6.1856, TAL: -0.0193, Adv: 0.3362, OT-Reg: 0.002588) | Marginal residual: 5.45e-04 | Train Acc: 0.2864 | Val Acc: 0.1043 | Val P/R/F1 (Macro): 0.0635/0.2129/0.0764 | LR: 0.000003
Epoch [29/100] | Loss: 6.4345 (Cls: 6.4013, TAL: 0.0310, Adv: 0.3687, OT-Reg: 0.002652) | Marginal residual: 3.46e-04 | Train Acc: 0.1955 | Val Acc: 0.1652 | Val P/R/F1 (Macro): 0.1347/0.1691/0.1245 | LR: 0.000003
Epoch [30/100] | Loss: 6.2408 (Cls: 6.2545, TAL: -0.3186, Adv: 0.3069, OT-Reg: 0.002647) | Marginal residual: 3.63e-04 | Train Acc: 0.2500 | Val Acc: 0.1043 | Val P/R/F1 (Macro): 0.1720/0.2019/0.1120 | LR: 0.000003
Epoch [31/100] | Loss: 6.3576 (Cls: 6.3244, TAL: 0.0144, Adv: 0.3933, OT-Reg: 0.002653) | Marginal residual: 3.15e-04 | Train Acc: 0.2705 | Val Acc: 0.1565 | Val P/R/F1 (Macro): 0.1239/0.2807/0.1323 | LR: 0.000003
Epoch [32/100] | Loss: 6.2656 (Cls: 6.2461, TAL: -0.1020, Adv: 0.3969, OT-Reg: 0.002633) | Marginal residual: 4.26e-04 | Train Acc: 0.2614 | Val Acc: 0.1130 | Val P/R/F1 (Macro): 0.0822/0.2351/0.1037 | LR: 0.000003
Epoch [33/100] | Loss: 6.3269 (Cls: 6.2853, TAL: 0.0426, Adv: 0.4567, OT-Reg: 0.002656) | Marginal residual: 2.91e-04 | Train Acc: 0.2341 | Val Acc: 0.2261 | Val P/R/F1 (Macro): 0.1181/0.2398/0.1378 | LR: 0.000003
Epoch [34/100] | Loss: 6.3130 (Cls: 6.2862, TAL: -0.0735, Adv: 0.4444, OT-Reg: 0.002610) | Marginal residual: 4.07e-04 | Train Acc: 0.2318 | Val Acc: 0.1826 | Val P/R/F1 (Macro): 0.2212/0.3082/0.1418 | LR: 0.000003
Epoch [35/100] | Loss: 6.3005 (Cls: 6.2894, TAL: -0.2043, Adv: 0.4451, OT-Reg: 0.002641) | Marginal residual: 5.77e-04 | Train Acc: 0.2227 | Val Acc: 0.1217 | Val P/R/F1 (Macro): 0.1159/0.2409/0.1055 | LR: 0.000003
Epoch [36/100] | Loss: 6.2723 (Cls: 6.1777, TAL: 0.3666, Adv: 0.6324, OT-Reg: 0.002648) | Marginal residual: 1.47e-04 | Train Acc: 0.2341 | Val Acc: 0.1652 | Val P/R/F1 (Macro): 0.1602/0.2764/0.1690 | LR: 0.000003
Epoch [37/100] | Loss: 6.2338 (Cls: 6.1940, TAL: -0.0301, Adv: 0.5430, OT-Reg: 0.002605) | Marginal residual: 3.67e-04 | Train Acc: 0.2750 | Val Acc: 0.2435 | Val P/R/F1 (Macro): 0.1294/0.3390/0.1764 | LR: 0.000001
Epoch [38/100] | Loss: 6.3805 (Cls: 6.3256, TAL: 0.0466, Adv: 0.6161, OT-Reg: 0.002641) | Marginal residual: 2.64e-04 | Train Acc: 0.2432 | Val Acc: 0.1913 | Val P/R/F1 (Macro): 0.2421/0.2995/0.1862 | LR: 0.000001
Epoch [39/100] | Loss: 6.2830 (Cls: 6.2251, TAL: 0.0771, Adv: 0.6081, OT-Reg: 0.002631) | Marginal residual: 3.00e-04 | Train Acc: 0.2545 | Val Acc: 0.0957 | Val P/R/F1 (Macro): 0.2871/0.2080/0.1455 | LR: 0.000001
Epoch [40/100] | Loss: 6.2683 (Cls: 6.2152, TAL: 0.0024, Adv: 0.6598, OT-Reg: 0.002621) | Marginal residual: 3.58e-04 | Train Acc: 0.2523 | Val Acc: 0.1304 | Val P/R/F1 (Macro): 0.1943/0.1294/0.0961 | LR: 0.000001
Epoch [41/100] | Loss: 6.1778 (Cls: 6.0954, TAL: 0.2010, Adv: 0.7285, OT-Reg: 0.002643) | Marginal residual: 1.03e-04 | Train Acc: 0.2727 | Val Acc: 0.2522 | Val P/R/F1 (Macro): 0.2112/0.3693/0.2205 | LR: 0.000001
Epoch [42/100] | Loss: 6.2578 (Cls: 6.2039, TAL: -0.0322, Adv: 0.7226, OT-Reg: 0.002638) | Marginal residual: 2.78e-04 | Train Acc: 0.2727 | Val Acc: 0.2261 | Val P/R/F1 (Macro): 0.1406/0.2636/0.1543 | LR: 0.000001
Epoch [43/100] | Loss: 6.1616 (Cls: 6.0701, TAL: 0.2336, Adv: 0.7935, OT-Reg: 0.002664) | Marginal residual: 9.94e-05 | Train Acc: 0.2795 | Val Acc: 0.1826 | Val P/R/F1 (Macro): 0.1333/0.1863/0.1348 | LR: 0.000001
Epoch [44/100] | Loss: 6.1936 (Cls: 6.1498, TAL: -0.0743, Adv: 0.6585, OT-Reg: 0.002597) | Marginal residual: 3.41e-04 | Train Acc: 0.2659 | Val Acc: 0.3217 | Val P/R/F1 (Macro): 0.3290/0.3485/0.2891 | LR: 0.000001
  >>> New Best Val Acc: 0.3217
Epoch [45/100] | Loss: 5.8947 (Cls: 5.8573, TAL: -0.1192, Adv: 0.6462, OT-Reg: 0.002679) | Marginal residual: 3.24e-04 | Train Acc: 0.3023 | Val Acc: 0.1130 | Val P/R/F1 (Macro): 0.1319/0.0723/0.0837 | LR: 0.000001
Epoch [46/100] | Loss: 5.9996 (Cls: 5.9295, TAL: 0.0490, Adv: 0.8032, OT-Reg: 0.002669) | Marginal residual: 1.59e-04 | Train Acc: 0.2841 | Val Acc: 0.2087 | Val P/R/F1 (Macro): 0.1395/0.3029/0.1651 | LR: 0.000001
Epoch [47/100] | Loss: 6.2767 (Cls: 6.2108, TAL: 0.0515, Adv: 0.7468, OT-Reg: 0.002670) | Marginal residual: 2.60e-04 | Train Acc: 0.2750 | Val Acc: 0.2957 | Val P/R/F1 (Macro): 0.1978/0.3475/0.2055 | LR: 0.000001
Epoch [48/100] | Loss: 6.2180 (Cls: 6.1475, TAL: 0.0763, Adv: 0.7659, OT-Reg: 0.002650) | Marginal residual: 2.19e-04 | Train Acc: 0.2409 | Val Acc: 0.1739 | Val P/R/F1 (Macro): 0.0902/0.2661/0.1234 | LR: 0.000001
Epoch [49/100] | Loss: 6.2219 (Cls: 6.1286, TAL: 0.2443, Adv: 0.7998, OT-Reg: 0.002687) | Marginal residual: 2.33e-04 | Train Acc: 0.2636 | Val Acc: 0.2174 | Val P/R/F1 (Macro): 0.1604/0.2701/0.1612 | LR: 0.000001
Epoch [50/100] | Loss: 6.0447 (Cls: 6.0170, TAL: -0.2040, Adv: 0.6515, OT-Reg: 0.002692) | Marginal residual: 4.11e-04 | Train Acc: 0.2523 | Val Acc: 0.2000 | Val P/R/F1 (Macro): 0.0997/0.3099/0.1347 | LR: 0.000001
Epoch [51/100] | Loss: 6.1557 (Cls: 6.0659, TAL: 0.2097, Adv: 0.8068, OT-Reg: 0.002660) | Marginal residual: 3.04e-04 | Train Acc: 0.2818 | Val Acc: 0.2696 | Val P/R/F1 (Macro): 0.2326/0.3742/0.2206 | LR: 0.000001
Epoch [52/100] | Loss: 5.9378 (Cls: 5.8634, TAL: 0.1265, Adv: 0.7401, OT-Reg: 0.002673) | Marginal residual: 2.65e-04 | Train Acc: 0.2636 | Val Acc: 0.1565 | Val P/R/F1 (Macro): 0.1507/0.2534/0.1335 | LR: 0.000001
Epoch [53/100] | Loss: 6.2813 (Cls: 6.2310, TAL: -0.0410, Adv: 0.6907, OT-Reg: 0.002711) | Marginal residual: 3.07e-04 | Train Acc: 0.2455 | Val Acc: 0.2435 | Val P/R/F1 (Macro): 0.2310/0.2996/0.2018 | LR: 0.000001
Epoch [54/100] | Loss: 5.9259 (Cls: 5.8832, TAL: -0.0871, Adv: 0.6645, OT-Reg: 0.002696) | Marginal residual: 3.37e-04 | Train Acc: 0.3273 | Val Acc: 0.1391 | Val P/R/F1 (Macro): 0.0878/0.2764/0.1172 | LR: 0.000001
Epoch [55/100] | Loss: 6.2753 (Cls: 6.2184, TAL: 0.0028, Adv: 0.7067, OT-Reg: 0.002679) | Marginal residual: 2.40e-04 | Train Acc: 0.2409 | Val Acc: 0.2000 | Val P/R/F1 (Macro): 0.3076/0.2992/0.1790 | LR: 0.000001
Epoch [56/100] | Loss: 5.9768 (Cls: 5.9246, TAL: -0.0247, Adv: 0.6893, OT-Reg: 0.002703) | Marginal residual: 2.78e-04 | Train Acc: 0.2932 | Val Acc: 0.1739 | Val P/R/F1 (Macro): 0.2650/0.2693/0.1585 | LR: 0.000001
Epoch [57/100] | Loss: 5.9159 (Cls: 5.8258, TAL: 0.2331, Adv: 0.7756, OT-Reg: 0.002705) | Marginal residual: 3.00e-04 | Train Acc: 0.2977 | Val Acc: 0.1913 | Val P/R/F1 (Macro): 0.2729/0.3171/0.1738 | LR: 0.000001
Epoch [58/100] | Loss: 6.0293 (Cls: 5.9982, TAL: -0.1779, Adv: 0.6555, OT-Reg: 0.002671) | Marginal residual: 3.23e-04 | Train Acc: 0.2818 | Val Acc: 0.1739 | Val P/R/F1 (Macro): 0.1315/0.1668/0.1286 | LR: 0.000001
Epoch [59/100] | Loss: 6.0806 (Cls: 6.0130, TAL: 0.0810, Adv: 0.7233, OT-Reg: 0.002721) | Marginal residual: 3.30e-04 | Train Acc: 0.2864 | Val Acc: 0.2435 | Val P/R/F1 (Macro): 0.3321/0.3208/0.2369 | LR: 0.000001
Epoch [60/100] | Loss: 5.8889 (Cls: 5.8152, TAL: 0.0324, Adv: 0.8725, OT-Reg: 0.002714) | Marginal residual: 2.36e-04 | Train Acc: 0.2795 | Val Acc: 0.2348 | Val P/R/F1 (Macro): 0.1942/0.2966/0.1783 | LR: 0.000001
Epoch [61/100] | Loss: 6.0831 (Cls: 6.0164, TAL: 0.0378, Adv: 0.7767, OT-Reg: 0.002717) | Marginal residual: 3.00e-04 | Train Acc: 0.2727 | Val Acc: 0.1652 | Val P/R/F1 (Macro): 0.1475/0.2646/0.1600 | LR: 0.000001
Epoch [62/100] | Loss: 5.8336 (Cls: 5.8038, TAL: -0.2385, Adv: 0.7309, OT-Reg: 0.002676) | Marginal residual: 5.49e-04 | Train Acc: 0.2500 | Val Acc: 0.1478 | Val P/R/F1 (Macro): 0.1850/0.2757/0.1333 | LR: 0.000001
Epoch [63/100] | Loss: 6.2544 (Cls: 6.1909, TAL: -0.0077, Adv: 0.8052, OT-Reg: 0.002668) | Marginal residual: 3.76e-04 | Train Acc: 0.2295 | Val Acc: 0.1304 | Val P/R/F1 (Macro): 0.1970/0.2732/0.1635 | LR: 0.000001
Epoch [64/100] | Loss: 5.8772 (Cls: 5.8168, TAL: -0.0532, Adv: 0.8354, OT-Reg: 0.002689) | Marginal residual: 2.84e-04 | Train Acc: 0.2750 | Val Acc: 0.2348 | Val P/R/F1 (Macro): 0.4041/0.2745/0.2744 | LR: 0.000001
Epoch [65/100] | Loss: 5.8614 (Cls: 5.7573, TAL: 0.2765, Adv: 0.8862, OT-Reg: 0.002704) | Marginal residual: 3.01e-04 | Train Acc: 0.2818 | Val Acc: 0.1826 | Val P/R/F1 (Macro): 0.2787/0.2588/0.1867 | LR: 0.000001
Epoch [66/100] | Loss: 5.7846 (Cls: 5.7230, TAL: 0.0077, Adv: 0.7583, OT-Reg: 0.002698) | Marginal residual: 5.16e-04 | Train Acc: 0.2864 | Val Acc: 0.1913 | Val P/R/F1 (Macro): 0.3249/0.3194/0.2188 | LR: 0.000001
Epoch [67/100] | Loss: 6.0513 (Cls: 5.9984, TAL: -0.0971, Adv: 0.8072, OT-Reg: 0.002706) | Marginal residual: 2.38e-04 | Train Acc: 0.2636 | Val Acc: 0.1565 | Val P/R/F1 (Macro): 0.2172/0.2386/0.1594 | LR: 0.000001
Epoch [68/100] | Loss: 6.0559 (Cls: 5.9971, TAL: -0.0069, Adv: 0.7448, OT-Reg: 0.002708) | Marginal residual: 2.51e-04 | Train Acc: 0.2705 | Val Acc: 0.2174 | Val P/R/F1 (Macro): 0.1558/0.2428/0.1573 | LR: 0.000001
Epoch [69/100] | Loss: 5.9081 (Cls: 5.8344, TAL: 0.0430, Adv: 0.8564, OT-Reg: 0.002728) | Marginal residual: 1.75e-04 | Train Acc: 0.2727 | Val Acc: 0.2783 | Val P/R/F1 (Macro): 0.2703/0.3226/0.2484 | LR: 0.000001
Epoch [70/100] | Loss: 5.9911 (Cls: 5.9168, TAL: 0.0680, Adv: 0.8259, OT-Reg: 0.002698) | Marginal residual: 2.50e-04 | Train Acc: 0.2545 | Val Acc: 0.2174 | Val P/R/F1 (Macro): 0.2083/0.3365/0.1859 | LR: 0.000001
Epoch [71/100] | Loss: 5.7367 (Cls: 5.6697, TAL: -0.0117, Adv: 0.8552, OT-Reg: 0.002730) | Marginal residual: 2.43e-04 | Train Acc: 0.2955 | Val Acc: 0.2174 | Val P/R/F1 (Macro): 0.2807/0.2899/0.1914 | LR: 0.000001
Epoch [72/100] | Loss: 5.9780 (Cls: 5.8868, TAL: 0.1819, Adv: 0.8669, OT-Reg: 0.002725) | Marginal residual: 2.36e-04 | Train Acc: 0.2841 | Val Acc: 0.1652 | Val P/R/F1 (Macro): 0.2705/0.2629/0.1795 | LR: 0.000001
Epoch [73/100] | Loss: 5.9944 (Cls: 5.9500, TAL: -0.1828, Adv: 0.8284, OT-Reg: 0.002698) | Marginal residual: 3.60e-04 | Train Acc: 0.2386 | Val Acc: 0.3130 | Val P/R/F1 (Macro): 0.2940/0.3653/0.2672 | LR: 0.000001
Epoch [74/100] | Loss: 6.0716 (Cls: 6.0040, TAL: -0.0144, Adv: 0.8666, OT-Reg: 0.002718) | Marginal residual: 2.85e-04 | Train Acc: 0.2545 | Val Acc: 0.1913 | Val P/R/F1 (Macro): 0.2769/0.2618/0.1664 | LR: 0.000001
Epoch [75/100] | Loss: 5.9298 (Cls: 5.8837, TAL: -0.1574, Adv: 0.8120, OT-Reg: 0.002679) | Marginal residual: 3.69e-04 | Train Acc: 0.2659 | Val Acc: 0.2000 | Val P/R/F1 (Macro): 0.2676/0.2985/0.2184 | LR: 0.000001
Epoch [76/100] | Loss: 5.9897 (Cls: 5.9660, TAL: -0.3507, Adv: 0.8225, OT-Reg: 0.002694) | Marginal residual: 4.20e-04 | Train Acc: 0.2705 | Val Acc: 0.2261 | Val P/R/F1 (Macro): 0.1924/0.2650/0.1733 | LR: 0.000001
Epoch [77/100] | Loss: 6.0805 (Cls: 6.0026, TAL: 0.0446, Adv: 0.9068, OT-Reg: 0.002718) | Marginal residual: 2.77e-04 | Train Acc: 0.2636 | Val Acc: 0.2783 | Val P/R/F1 (Macro): 0.3654/0.3309/0.2761 | LR: 0.000001
Epoch [78/100] | Loss: 5.8613 (Cls: 5.7861, TAL: 0.0067, Adv: 0.9301, OT-Reg: 0.002717) | Marginal residual: 2.77e-04 | Train Acc: 0.2705 | Val Acc: 0.0609 | Val P/R/F1 (Macro): 0.1063/0.0436/0.0609 | LR: 0.000001
Epoch [79/100] | Loss: 5.9201 (Cls: 5.8070, TAL: 0.3218, Adv: 0.9315, OT-Reg: 0.002753) | Marginal residual: 7.46e-05 | Train Acc: 0.2977 | Val Acc: 0.2000 | Val P/R/F1 (Macro): 0.2232/0.2062/0.1369 | LR: 0.000001
Epoch [80/100] | Loss: 5.7557 (Cls: 5.7190, TAL: -0.2674, Adv: 0.8602, OT-Reg: 0.002682) | Marginal residual: 3.82e-04 | Train Acc: 0.3000 | Val Acc: 0.2261 | Val P/R/F1 (Macro): 0.1992/0.3327/0.1994 | LR: 0.000001
Epoch [81/100] | Loss: 6.0220 (Cls: 5.9241, TAL: 0.1784, Adv: 0.9569, OT-Reg: 0.002697) | Marginal residual: 2.15e-04 | Train Acc: 0.2545 | Val Acc: 0.2174 | Val P/R/F1 (Macro): 0.2376/0.3108/0.2019 | LR: 0.000001
Epoch [82/100] | Loss: 5.9992 (Cls: 5.9227, TAL: 0.0272, Adv: 0.9157, OT-Reg: 0.002728) | Marginal residual: 1.67e-04 | Train Acc: 0.2523 | Val Acc: 0.2348 | Val P/R/F1 (Macro): 0.2051/0.3011/0.1998 | LR: 0.000001
Epoch [83/100] | Loss: 5.9306 (Cls: 5.8258, TAL: 0.2414, Adv: 0.9480, OT-Reg: 0.002726) | Marginal residual: 9.18e-05 | Train Acc: 0.2886 | Val Acc: 0.2348 | Val P/R/F1 (Macro): 0.2253/0.3184/0.2165 | LR: 0.000001
Epoch [84/100] | Loss: 5.8006 (Cls: 5.7348, TAL: -0.0730, Adv: 0.9319, OT-Reg: 0.002694) | Marginal residual: 2.39e-04 | Train Acc: 0.3205 | Val Acc: 0.2174 | Val P/R/F1 (Macro): 0.3519/0.3195/0.2087 | LR: 0.000001
Epoch [85/100] | Loss: 6.0127 (Cls: 5.9288, TAL: 0.0743, Adv: 0.9380, OT-Reg: 0.002693) | Marginal residual: 4.43e-04 | Train Acc: 0.2705 | Val Acc: 0.2522 | Val P/R/F1 (Macro): 0.1887/0.3319/0.1932 | LR: 0.000001
Epoch [86/100] | Loss: 5.8806 (Cls: 5.8177, TAL: -0.0851, Adv: 0.9137, OT-Reg: 0.002669) | Marginal residual: 4.43e-04 | Train Acc: 0.2909 | Val Acc: 0.1391 | Val P/R/F1 (Macro): 0.1761/0.2671/0.1319 | LR: 0.000001
Epoch [87/100] | Loss: 5.9252 (Cls: 5.8684, TAL: -0.1268, Adv: 0.9004, OT-Reg: 0.002704) | Marginal residual: 3.37e-04 | Train Acc: 0.2932 | Val Acc: 0.1739 | Val P/R/F1 (Macro): 0.2501/0.1846/0.1285 | LR: 0.000001
Epoch [88/100] | Loss: 5.8356 (Cls: 5.7824, TAL: -0.1665, Adv: 0.9144, OT-Reg: 0.002696) | Marginal residual: 3.72e-04 | Train Acc: 0.3045 | Val Acc: 0.2348 | Val P/R/F1 (Macro): 0.2942/0.3079/0.2030 | LR: 0.000001
Epoch [89/100] | Loss: 5.9870 (Cls: 5.8845, TAL: 0.2153, Adv: 0.9581, OT-Reg: 0.002735) | Marginal residual: 2.29e-04 | Train Acc: 0.3023 | Val Acc: 0.1652 | Val P/R/F1 (Macro): 0.1792/0.2823/0.1671 | LR: 0.000001
Epoch [90/100] | Loss: 5.9379 (Cls: 5.8767, TAL: -0.1113, Adv: 0.9323, OT-Reg: 0.002721) | Marginal residual: 3.85e-04 | Train Acc: 0.3091 | Val Acc: 0.1913 | Val P/R/F1 (Macro): 0.3038/0.2712/0.1850 | LR: 0.000001
Epoch [91/100] | Loss: 5.9796 (Cls: 5.9037, TAL: -0.0167, Adv: 0.9728, OT-Reg: 0.002699) | Marginal residual: 2.25e-04 | Train Acc: 0.2636 | Val Acc: 0.3217 | Val P/R/F1 (Macro): 0.2565/0.3443/0.2498 | LR: 0.000001
Epoch [92/100] | Loss: 6.1953 (Cls: 6.1164, TAL: 0.0149, Adv: 0.9639, OT-Reg: 0.002684) | Marginal residual: 3.78e-04 | Train Acc: 0.2591 | Val Acc: 0.2174 | Val P/R/F1 (Macro): 0.2419/0.3201/0.2178 | LR: 0.000001
Epoch [93/100] | Loss: 6.0617 (Cls: 5.9681, TAL: 0.1430, Adv: 0.9557, OT-Reg: 0.002718) | Marginal residual: 2.31e-04 | Train Acc: 0.2909 | Val Acc: 0.1652 | Val P/R/F1 (Macro): 0.2760/0.2950/0.1605 | LR: 0.000001
Epoch [94/100] | Loss: 5.8314 (Cls: 5.7872, TAL: -0.2807, Adv: 0.9735, OT-Reg: 0.002696) | Marginal residual: 4.48e-04 | Train Acc: 0.3045 | Val Acc: 0.1826 | Val P/R/F1 (Macro): 0.2997/0.2710/0.1843 | LR: 0.000001
Epoch [95/100] | Loss: 6.0904 (Cls: 6.0289, TAL: -0.1036, Adv: 0.9238, OT-Reg: 0.002680) | Marginal residual: 4.32e-04 | Train Acc: 0.2909 | Val Acc: 0.1826 | Val P/R/F1 (Macro): 0.2755/0.2632/0.1653 | LR: 0.000001
Epoch [96/100] | Loss: 5.9668 (Cls: 5.8785, TAL: 0.0766, Adv: 0.9879, OT-Reg: 0.002715) | Marginal residual: 3.36e-04 | Train Acc: 0.2614 | Val Acc: 0.2435 | Val P/R/F1 (Macro): 0.2757/0.3127/0.2067 | LR: 0.000001
Epoch [97/100] | Loss: 6.0330 (Cls: 5.9562, TAL: -0.0134, Adv: 0.9807, OT-Reg: 0.002687) | Marginal residual: 1.64e-04 | Train Acc: 0.2705 | Val Acc: 0.3130 | Val P/R/F1 (Macro): 0.3618/0.3943/0.2847 | LR: 0.000001
Epoch [98/100] | Loss: 5.8898 (Cls: 5.8218, TAL: -0.0800, Adv: 0.9707, OT-Reg: 0.002698) | Marginal residual: 2.54e-04 | Train Acc: 0.2477 | Val Acc: 0.2522 | Val P/R/F1 (Macro): 0.3108/0.3265/0.2662 | LR: 0.000001
Epoch [99/100] | Loss: 6.0719 (Cls: 6.0109, TAL: -0.1273, Adv: 0.9530, OT-Reg: 0.002683) | Marginal residual: 3.68e-04 | Train Acc: 0.2773 | Val Acc: 0.1739 | Val P/R/F1 (Macro): 0.1552/0.2394/0.1339 | LR: 0.000001
Epoch [100/100] | Loss: 5.8464 (Cls: 5.8095, TAL: -0.3170, Adv: 0.9369, OT-Reg: 0.002660) | Marginal residual: 4.90e-04 | Train Acc: 0.2773 | Val Acc: 0.1913 | Val P/R/F1 (Macro): 0.2158/0.3326/0.1672 | LR: 0.000001
Report strategy: last_window, window=10, reported_acc=0.2243, best_acc=0.3217

迭代 2 报告指标:
  Accuracy: 0.2243
  Precision (Macro): 0.2669
  Recall (Macro): 0.3099
  F1 (Macro): 0.2037
  Precision (Micro): 0.2243
  Recall (Micro): 0.2243
  F1 (Micro): 0.2243
  Val class coverage: 9/14 (0.6429), samples=115

================================================================================
迭代 3/5
随机种子: 44
================================================================================
Training mode: full target-label supervision (class-paired batches).
Feature fusion: Tensor alignment (512+512 -> 128+128); fused_dim=256
Domain adaptation: Neural OT generator with 3-domain discriminator
Loss weights: tensor=0.12, adv=0.08
Transport: mode=sinkhorn, epsilon=0.1, Sinkhorn iterations=50, correction scale=0.1, correction regularization weight=0.001
Tensor projection update: alternating SVD, max_sweeps=3, relative singular-value tolerance=0.0001
Epoch [1/100] | Loss: 8.4661 (Cls: 8.4694, TAL: -0.1646, Adv: 0.2054, OT-Reg: 0.001217) | Marginal residual: 9.86e-05 | Train Acc: 0.0841 | Val Acc: 0.1217 | Val P/R/F1 (Macro): 0.1570/0.1056/0.0733 | LR: 0.000005
  >>> New Best Val Acc: 0.1217
Epoch [2/100] | Loss: 8.0231 (Cls: 7.9931, TAL: 0.1314, Adv: 0.1777, OT-Reg: 0.001204) | Marginal residual: 1.67e-05 | Train Acc: 0.1045 | Val Acc: 0.1304 | Val P/R/F1 (Macro): 0.1556/0.0993/0.0661 | LR: 0.000005
  >>> New Best Val Acc: 0.1304
Epoch [3/100] | Loss: 7.6617 (Cls: 7.6533, TAL: -0.0481, Adv: 0.1762, OT-Reg: 0.001180) | Marginal residual: 2.52e-04 | Train Acc: 0.1250 | Val Acc: 0.0783 | Val P/R/F1 (Macro): 0.1123/0.1375/0.0540 | LR: 0.000005
Epoch [4/100] | Loss: 7.5126 (Cls: 7.5109, TAL: -0.1058, Adv: 0.1806, OT-Reg: 0.001249) | Marginal residual: 1.44e-04 | Train Acc: 0.1409 | Val Acc: 0.0522 | Val P/R/F1 (Macro): 0.0644/0.0849/0.0328 | LR: 0.000005
Epoch [5/100] | Loss: 7.4061 (Cls: 7.4069, TAL: -0.1261, Adv: 0.1791, OT-Reg: 0.001116) | Marginal residual: 4.08e-04 | Train Acc: 0.1136 | Val Acc: 0.1565 | Val P/R/F1 (Macro): 0.1814/0.1489/0.0986 | LR: 0.000005
  >>> New Best Val Acc: 0.1565
Epoch [6/100] | Loss: 7.2509 (Cls: 7.2555, TAL: -0.1923, Adv: 0.2310, OT-Reg: 0.001166) | Marginal residual: 4.91e-04 | Train Acc: 0.1205 | Val Acc: 0.0522 | Val P/R/F1 (Macro): 0.0342/0.1151/0.0190 | LR: 0.000005
Epoch [7/100] | Loss: 7.1687 (Cls: 7.1426, TAL: 0.0324, Adv: 0.2777, OT-Reg: 0.001171) | Marginal residual: 3.47e-04 | Train Acc: 0.1341 | Val Acc: 0.1391 | Val P/R/F1 (Macro): 0.1301/0.1468/0.1055 | LR: 0.000005
Epoch [8/100] | Loss: 6.9673 (Cls: 6.9429, TAL: -0.0562, Adv: 0.3882, OT-Reg: 0.001155) | Marginal residual: 2.65e-04 | Train Acc: 0.1636 | Val Acc: 0.1478 | Val P/R/F1 (Macro): 0.1097/0.1820/0.1047 | LR: 0.000005
Epoch [9/100] | Loss: 6.8595 (Cls: 6.7779, TAL: 0.3661, Adv: 0.4705, OT-Reg: 0.001167) | Marginal residual: 6.43e-04 | Train Acc: 0.1773 | Val Acc: 0.1304 | Val P/R/F1 (Macro): 0.0592/0.1723/0.0685 | LR: 0.000005
Epoch [10/100] | Loss: 6.8997 (Cls: 6.8618, TAL: 0.0363, Adv: 0.4193, OT-Reg: 0.001147) | Marginal residual: 1.19e-03 | Train Acc: 0.1705 | Val Acc: 0.0957 | Val P/R/F1 (Macro): 0.0378/0.1462/0.0466 | LR: 0.000005
Epoch [11/100] | Loss: 6.7682 (Cls: 6.7954, TAL: -0.3783, Adv: 0.2273, OT-Reg: 0.001119) | Marginal residual: 8.27e-04 | Train Acc: 0.1773 | Val Acc: 0.0783 | Val P/R/F1 (Macro): 0.0192/0.0722/0.0274 | LR: 0.000005
Epoch [12/100] | Loss: 6.7649 (Cls: 6.7904, TAL: -0.3468, Adv: 0.2015, OT-Reg: 0.001101) | Marginal residual: 8.85e-04 | Train Acc: 0.1727 | Val Acc: 0.1565 | Val P/R/F1 (Macro): 0.0821/0.1661/0.0908 | LR: 0.000005
Epoch [13/100] | Loss: 6.7550 (Cls: 6.7438, TAL: -0.0412, Adv: 0.2016, OT-Reg: 0.001104) | Marginal residual: 7.11e-04 | Train Acc: 0.2068 | Val Acc: 0.0609 | Val P/R/F1 (Macro): 0.0717/0.0872/0.0571 | LR: 0.000005
Epoch [14/100] | Loss: 6.6965 (Cls: 6.6290, TAL: 0.3864, Adv: 0.2652, OT-Reg: 0.001095) | Marginal residual: 5.54e-04 | Train Acc: 0.2273 | Val Acc: 0.2696 | Val P/R/F1 (Macro): 0.1247/0.2538/0.1497 | LR: 0.000005
  >>> New Best Val Acc: 0.2696
Epoch [15/100] | Loss: 6.6020 (Cls: 6.5326, TAL: 0.3662, Adv: 0.3181, OT-Reg: 0.001080) | Marginal residual: 3.80e-04 | Train Acc: 0.2205 | Val Acc: 0.1913 | Val P/R/F1 (Macro): 0.0827/0.2228/0.1025 | LR: 0.000005
Epoch [16/100] | Loss: 6.5708 (Cls: 6.5556, TAL: -0.0963, Adv: 0.3342, OT-Reg: 0.001108) | Marginal residual: 6.07e-04 | Train Acc: 0.1659 | Val Acc: 0.0783 | Val P/R/F1 (Macro): 0.0779/0.1018/0.0619 | LR: 0.000005
Epoch [17/100] | Loss: 6.5369 (Cls: 6.4736, TAL: 0.2806, Adv: 0.3696, OT-Reg: 0.001096) | Marginal residual: 5.16e-04 | Train Acc: 0.1932 | Val Acc: 0.1565 | Val P/R/F1 (Macro): 0.1077/0.1547/0.0803 | LR: 0.000005
Epoch [18/100] | Loss: 6.4692 (Cls: 6.4232, TAL: 0.1167, Adv: 0.3992, OT-Reg: 0.001120) | Marginal residual: 5.57e-04 | Train Acc: 0.2364 | Val Acc: 0.0957 | Val P/R/F1 (Macro): 0.0406/0.1462/0.0479 | LR: 0.000005
Epoch [19/100] | Loss: 6.4713 (Cls: 6.4607, TAL: -0.1139, Adv: 0.3026, OT-Reg: 0.001168) | Marginal residual: 7.46e-04 | Train Acc: 0.2045 | Val Acc: 0.0783 | Val P/R/F1 (Macro): 0.0443/0.1426/0.0441 | LR: 0.000005
Epoch [20/100] | Loss: 6.4164 (Cls: 6.3850, TAL: 0.0584, Adv: 0.3045, OT-Reg: 0.001161) | Marginal residual: 8.36e-04 | Train Acc: 0.2045 | Val Acc: 0.1130 | Val P/R/F1 (Macro): 0.0663/0.1391/0.0811 | LR: 0.000005
Epoch [21/100] | Loss: 6.6354 (Cls: 6.6323, TAL: -0.1491, Adv: 0.2615, OT-Reg: 0.001172) | Marginal residual: 1.09e-03 | Train Acc: 0.1818 | Val Acc: 0.3130 | Val P/R/F1 (Macro): 0.2204/0.1991/0.1441 | LR: 0.000005
  >>> New Best Val Acc: 0.3130
Epoch [22/100] | Loss: 6.5137 (Cls: 6.5064, TAL: -0.0591, Adv: 0.1802, OT-Reg: 0.001232) | Marginal residual: 1.01e-03 | Train Acc: 0.2114 | Val Acc: 0.2435 | Val P/R/F1 (Macro): 0.1951/0.1460/0.1139 | LR: 0.000005
Epoch [23/100] | Loss: 6.4871 (Cls: 6.4591, TAL: 0.0818, Adv: 0.2274, OT-Reg: 0.001191) | Marginal residual: 6.73e-04 | Train Acc: 0.1841 | Val Acc: 0.1217 | Val P/R/F1 (Macro): 0.0892/0.1926/0.0927 | LR: 0.000005
Epoch [24/100] | Loss: 6.4007 (Cls: 6.3597, TAL: 0.1557, Adv: 0.2787, OT-Reg: 0.001249) | Marginal residual: 8.22e-04 | Train Acc: 0.2023 | Val Acc: 0.1217 | Val P/R/F1 (Macro): 0.1420/0.1894/0.1274 | LR: 0.000005
Epoch [25/100] | Loss: 6.3743 (Cls: 6.3835, TAL: -0.1848, Adv: 0.1612, OT-Reg: 0.001194) | Marginal residual: 8.23e-04 | Train Acc: 0.2159 | Val Acc: 0.1826 | Val P/R/F1 (Macro): 0.0835/0.1345/0.0930 | LR: 0.000005
Epoch [26/100] | Loss: 6.4643 (Cls: 6.4502, TAL: -0.0160, Adv: 0.2008, OT-Reg: 0.001213) | Marginal residual: 6.90e-04 | Train Acc: 0.2000 | Val Acc: 0.2522 | Val P/R/F1 (Macro): 0.1341/0.2058/0.1370 | LR: 0.000005
Epoch [27/100] | Loss: 6.4027 (Cls: 6.3820, TAL: 0.0288, Adv: 0.2148, OT-Reg: 0.001233) | Marginal residual: 8.59e-04 | Train Acc: 0.2068 | Val Acc: 0.2000 | Val P/R/F1 (Macro): 0.0821/0.1662/0.0961 | LR: 0.000005
Epoch [28/100] | Loss: 6.3341 (Cls: 6.3049, TAL: 0.1133, Adv: 0.1947, OT-Reg: 0.001245) | Marginal residual: 1.10e-03 | Train Acc: 0.1773 | Val Acc: 0.0696 | Val P/R/F1 (Macro): 0.0945/0.1231/0.0605 | LR: 0.000005
Epoch [29/100] | Loss: 6.1999 (Cls: 6.1787, TAL: 0.0503, Adv: 0.1886, OT-Reg: 0.001250) | Marginal residual: 1.32e-03 | Train Acc: 0.2341 | Val Acc: 0.1217 | Val P/R/F1 (Macro): 0.0936/0.2100/0.0976 | LR: 0.000005
Epoch [30/100] | Loss: 6.2535 (Cls: 6.2330, TAL: 0.0458, Adv: 0.1872, OT-Reg: 0.001248) | Marginal residual: 1.09e-03 | Train Acc: 0.1636 | Val Acc: 0.1652 | Val P/R/F1 (Macro): 0.0762/0.2247/0.1095 | LR: 0.000005
Epoch [31/100] | Loss: 6.3098 (Cls: 6.2926, TAL: 0.0005, Adv: 0.2140, OT-Reg: 0.001217) | Marginal residual: 7.35e-04 | Train Acc: 0.1909 | Val Acc: 0.1130 | Val P/R/F1 (Macro): 0.0684/0.1505/0.0739 | LR: 0.000005
Epoch [32/100] | Loss: 6.4065 (Cls: 6.3970, TAL: -0.0533, Adv: 0.1986, OT-Reg: 0.001218) | Marginal residual: 9.69e-04 | Train Acc: 0.1864 | Val Acc: 0.1826 | Val P/R/F1 (Macro): 0.2132/0.2329/0.1273 | LR: 0.000003
Epoch [33/100] | Loss: 6.2098 (Cls: 6.2073, TAL: -0.1388, Adv: 0.2387, OT-Reg: 0.001213) | Marginal residual: 1.28e-03 | Train Acc: 0.1955 | Val Acc: 0.1043 | Val P/R/F1 (Macro): 0.1005/0.1561/0.0799 | LR: 0.000003
Epoch [34/100] | Loss: 6.2033 (Cls: 6.1768, TAL: 0.0134, Adv: 0.3103, OT-Reg: 0.001253) | Marginal residual: 8.96e-04 | Train Acc: 0.2159 | Val Acc: 0.0870 | Val P/R/F1 (Macro): 0.1534/0.1585/0.0723 | LR: 0.000003
Epoch [35/100] | Loss: 6.3101 (Cls: 6.2812, TAL: 0.0346, Adv: 0.3090, OT-Reg: 0.001241) | Marginal residual: 7.19e-04 | Train Acc: 0.2000 | Val Acc: 0.2609 | Val P/R/F1 (Macro): 0.2606/0.2526/0.1801 | LR: 0.000003
Epoch [36/100] | Loss: 6.3186 (Cls: 6.2784, TAL: 0.0720, Adv: 0.3944, OT-Reg: 0.001246) | Marginal residual: 7.82e-04 | Train Acc: 0.2023 | Val Acc: 0.1826 | Val P/R/F1 (Macro): 0.0614/0.0944/0.0636 | LR: 0.000003
Epoch [37/100] | Loss: 6.3542 (Cls: 6.3242, TAL: -0.0593, Adv: 0.4632, OT-Reg: 0.001248) | Marginal residual: 1.08e-03 | Train Acc: 0.1841 | Val Acc: 0.1217 | Val P/R/F1 (Macro): 0.1106/0.1621/0.0820 | LR: 0.000003
Epoch [38/100] | Loss: 6.1436 (Cls: 6.1219, TAL: -0.0909, Adv: 0.4081, OT-Reg: 0.001242) | Marginal residual: 1.17e-03 | Train Acc: 0.2045 | Val Acc: 0.1217 | Val P/R/F1 (Macro): 0.0667/0.1279/0.0723 | LR: 0.000003
Epoch [39/100] | Loss: 6.1942 (Cls: 6.1564, TAL: 0.0563, Adv: 0.3880, OT-Reg: 0.001257) | Marginal residual: 1.07e-03 | Train Acc: 0.2045 | Val Acc: 0.1304 | Val P/R/F1 (Macro): 0.0730/0.1709/0.0818 | LR: 0.000003
Epoch [40/100] | Loss: 6.3281 (Cls: 6.2975, TAL: -0.0095, Adv: 0.3963, OT-Reg: 0.001234) | Marginal residual: 8.15e-04 | Train Acc: 0.1773 | Val Acc: 0.1652 | Val P/R/F1 (Macro): 0.1360/0.1315/0.1306 | LR: 0.000003
Epoch [41/100] | Loss: 6.2657 (Cls: 6.2300, TAL: 0.0178, Adv: 0.4196, OT-Reg: 0.001264) | Marginal residual: 1.14e-03 | Train Acc: 0.1955 | Val Acc: 0.0435 | Val P/R/F1 (Macro): 0.0155/0.0815/0.0260 | LR: 0.000003
Epoch [42/100] | Loss: 6.2283 (Cls: 6.1828, TAL: 0.1025, Adv: 0.4152, OT-Reg: 0.001253) | Marginal residual: 7.88e-04 | Train Acc: 0.1614 | Val Acc: 0.1043 | Val P/R/F1 (Macro): 0.0563/0.1165/0.0633 | LR: 0.000003
Epoch [43/100] | Loss: 6.0039 (Cls: 5.9742, TAL: -0.0456, Adv: 0.4391, OT-Reg: 0.001262) | Marginal residual: 1.27e-03 | Train Acc: 0.1886 | Val Acc: 0.1130 | Val P/R/F1 (Macro): 0.0554/0.1644/0.0641 | LR: 0.000001
Epoch [44/100] | Loss: 6.1043 (Cls: 6.0701, TAL: -0.0344, Adv: 0.4792, OT-Reg: 0.001279) | Marginal residual: 7.83e-04 | Train Acc: 0.1705 | Val Acc: 0.0957 | Val P/R/F1 (Macro): 0.0504/0.1199/0.0591 | LR: 0.000001
Epoch [45/100] | Loss: 6.2297 (Cls: 6.1798, TAL: 0.0360, Adv: 0.5692, OT-Reg: 0.001276) | Marginal residual: 9.64e-04 | Train Acc: 0.1705 | Val Acc: 0.1652 | Val P/R/F1 (Macro): 0.1658/0.1942/0.1527 | LR: 0.000001
Epoch [46/100] | Loss: 6.1389 (Cls: 6.0814, TAL: 0.0719, Adv: 0.6112, OT-Reg: 0.001262) | Marginal residual: 1.06e-03 | Train Acc: 0.1818 | Val Acc: 0.1913 | Val P/R/F1 (Macro): 0.1053/0.1459/0.0996 | LR: 0.000001
Epoch [47/100] | Loss: 6.1099 (Cls: 6.0547, TAL: 0.0250, Adv: 0.6526, OT-Reg: 0.001258) | Marginal residual: 1.02e-03 | Train Acc: 0.2318 | Val Acc: 0.1652 | Val P/R/F1 (Macro): 0.1706/0.1281/0.0861 | LR: 0.000001
Epoch [48/100] | Loss: 6.1683 (Cls: 6.1222, TAL: -0.0612, Adv: 0.6683, OT-Reg: 0.001255) | Marginal residual: 8.97e-04 | Train Acc: 0.2159 | Val Acc: 0.2348 | Val P/R/F1 (Macro): 0.1912/0.2039/0.1762 | LR: 0.000001
Epoch [49/100] | Loss: 6.1848 (Cls: 6.1317, TAL: -0.0393, Adv: 0.7216, OT-Reg: 0.001249) | Marginal residual: 9.00e-04 | Train Acc: 0.1795 | Val Acc: 0.2435 | Val P/R/F1 (Macro): 0.1471/0.2147/0.1614 | LR: 0.000001
Epoch [50/100] | Loss: 6.0873 (Cls: 6.0222, TAL: 0.0446, Adv: 0.7464, OT-Reg: 0.001280) | Marginal residual: 1.07e-03 | Train Acc: 0.2068 | Val Acc: 0.1130 | Val P/R/F1 (Macro): 0.0553/0.0894/0.0610 | LR: 0.000001
Epoch [51/100] | Loss: 6.0313 (Cls: 5.9921, TAL: -0.1382, Adv: 0.6972, OT-Reg: 0.001277) | Marginal residual: 1.18e-03 | Train Acc: 0.2250 | Val Acc: 0.2435 | Val P/R/F1 (Macro): 0.1929/0.2644/0.2003 | LR: 0.000001
Epoch [52/100] | Loss: 6.1233 (Cls: 6.0760, TAL: -0.0768, Adv: 0.7071, OT-Reg: 0.001266) | Marginal residual: 7.16e-04 | Train Acc: 0.2114 | Val Acc: 0.0783 | Val P/R/F1 (Macro): 0.0730/0.1183/0.0602 | LR: 0.000001
Epoch [53/100] | Loss: 6.1446 (Cls: 6.0853, TAL: 0.0026, Adv: 0.7375, OT-Reg: 0.001267) | Marginal residual: 8.13e-04 | Train Acc: 0.1909 | Val Acc: 0.0870 | Val P/R/F1 (Macro): 0.1187/0.1402/0.0887 | LR: 0.000001
Epoch [54/100] | Loss: 6.2113 (Cls: 6.1635, TAL: -0.0650, Adv: 0.6949, OT-Reg: 0.001262) | Marginal residual: 8.72e-04 | Train Acc: 0.1841 | Val Acc: 0.1130 | Val P/R/F1 (Macro): 0.0938/0.1494/0.0812 | LR: 0.000001
Epoch [55/100] | Loss: 6.1504 (Cls: 6.0913, TAL: 0.0114, Adv: 0.7214, OT-Reg: 0.001276) | Marginal residual: 8.13e-04 | Train Acc: 0.2341 | Val Acc: 0.1739 | Val P/R/F1 (Macro): 0.1159/0.2470/0.1308 | LR: 0.000001
Epoch [56/100] | Loss: 5.9956 (Cls: 5.9591, TAL: -0.1834, Adv: 0.7314, OT-Reg: 0.001283) | Marginal residual: 9.52e-04 | Train Acc: 0.2477 | Val Acc: 0.2000 | Val P/R/F1 (Macro): 0.1846/0.2117/0.1669 | LR: 0.000001
Epoch [57/100] | Loss: 6.1323 (Cls: 6.1125, TAL: -0.3268, Adv: 0.7376, OT-Reg: 0.001288) | Marginal residual: 8.49e-04 | Train Acc: 0.1977 | Val Acc: 0.2174 | Val P/R/F1 (Macro): 0.1595/0.1908/0.1445 | LR: 0.000001
Epoch [58/100] | Loss: 5.9357 (Cls: 5.8985, TAL: -0.1923, Adv: 0.7544, OT-Reg: 0.001279) | Marginal residual: 1.24e-03 | Train Acc: 0.2318 | Val Acc: 0.1826 | Val P/R/F1 (Macro): 0.1326/0.2401/0.1577 | LR: 0.000001
Epoch [59/100] | Loss: 6.1140 (Cls: 6.0361, TAL: 0.1083, Adv: 0.8108, OT-Reg: 0.001282) | Marginal residual: 8.82e-04 | Train Acc: 0.2318 | Val Acc: 0.1217 | Val P/R/F1 (Macro): 0.0914/0.1380/0.0768 | LR: 0.000001
Epoch [60/100] | Loss: 6.1026 (Cls: 6.0376, TAL: 0.0130, Adv: 0.7919, OT-Reg: 0.001285) | Marginal residual: 8.20e-04 | Train Acc: 0.2295 | Val Acc: 0.0957 | Val P/R/F1 (Macro): 0.0961/0.1118/0.0813 | LR: 0.000001
Epoch [61/100] | Loss: 6.1820 (Cls: 6.1203, TAL: -0.0481, Adv: 0.8427, OT-Reg: 0.001267) | Marginal residual: 6.71e-04 | Train Acc: 0.2227 | Val Acc: 0.1565 | Val P/R/F1 (Macro): 0.1044/0.1223/0.1031 | LR: 0.000001
Epoch [62/100] | Loss: 6.1118 (Cls: 6.0614, TAL: -0.1001, Adv: 0.7795, OT-Reg: 0.001277) | Marginal residual: 9.37e-04 | Train Acc: 0.2318 | Val Acc: 0.1217 | Val P/R/F1 (Macro): 0.0962/0.1244/0.0885 | LR: 0.000001
Epoch [63/100] | Loss: 5.9870 (Cls: 5.9261, TAL: -0.0363, Adv: 0.8153, OT-Reg: 0.001276) | Marginal residual: 9.56e-04 | Train Acc: 0.2318 | Val Acc: 0.0957 | Val P/R/F1 (Macro): 0.1674/0.0930/0.0711 | LR: 0.000001
Epoch [64/100] | Loss: 6.0932 (Cls: 6.0054, TAL: 0.1499, Adv: 0.8724, OT-Reg: 0.001281) | Marginal residual: 1.03e-03 | Train Acc: 0.2295 | Val Acc: 0.0957 | Val P/R/F1 (Macro): 0.1044/0.1592/0.0795 | LR: 0.000001
Epoch [65/100] | Loss: 6.1358 (Cls: 6.0551, TAL: 0.1190, Adv: 0.8308, OT-Reg: 0.001282) | Marginal residual: 1.10e-03 | Train Acc: 0.2114 | Val Acc: 0.1043 | Val P/R/F1 (Macro): 0.1379/0.1704/0.0968 | LR: 0.000001
Epoch [66/100] | Loss: 6.1990 (Cls: 6.1153, TAL: 0.1221, Adv: 0.8627, OT-Reg: 0.001285) | Marginal residual: 7.59e-04 | Train Acc: 0.2409 | Val Acc: 0.1565 | Val P/R/F1 (Macro): 0.0877/0.1576/0.0984 | LR: 0.000001
Epoch [67/100] | Loss: 6.1605 (Cls: 6.0922, TAL: -0.0028, Adv: 0.8577, OT-Reg: 0.001289) | Marginal residual: 1.05e-03 | Train Acc: 0.2227 | Val Acc: 0.1391 | Val P/R/F1 (Macro): 0.1715/0.1346/0.1089 | LR: 0.000001
Epoch [68/100] | Loss: 6.1023 (Cls: 6.0244, TAL: 0.0720, Adv: 0.8665, OT-Reg: 0.001327) | Marginal residual: 7.85e-04 | Train Acc: 0.2227 | Val Acc: 0.0870 | Val P/R/F1 (Macro): 0.0641/0.1061/0.0620 | LR: 0.000001
Epoch [69/100] | Loss: 6.0635 (Cls: 6.0103, TAL: -0.1151, Adv: 0.8378, OT-Reg: 0.001274) | Marginal residual: 8.52e-04 | Train Acc: 0.2364 | Val Acc: 0.1043 | Val P/R/F1 (Macro): 0.0504/0.0895/0.0567 | LR: 0.000001
Epoch [70/100] | Loss: 6.0825 (Cls: 6.0095, TAL: 0.0244, Adv: 0.8763, OT-Reg: 0.001292) | Marginal residual: 1.04e-03 | Train Acc: 0.1750 | Val Acc: 0.1739 | Val P/R/F1 (Macro): 0.1979/0.2128/0.1224 | LR: 0.000001
Epoch [71/100] | Loss: 6.0438 (Cls: 5.9817, TAL: -0.0558, Adv: 0.8602, OT-Reg: 0.001282) | Marginal residual: 8.21e-04 | Train Acc: 0.2045 | Val Acc: 0.1478 | Val P/R/F1 (Macro): 0.1668/0.1568/0.1238 | LR: 0.000001
Epoch [72/100] | Loss: 6.0062 (Cls: 5.9182, TAL: 0.1341, Adv: 0.8988, OT-Reg: 0.001304) | Marginal residual: 9.73e-04 | Train Acc: 0.2250 | Val Acc: 0.1391 | Val P/R/F1 (Macro): 0.1048/0.2005/0.1143 | LR: 0.000001
Epoch [73/100] | Loss: 5.9762 (Cls: 5.9176, TAL: -0.1100, Adv: 0.8975, OT-Reg: 0.001279) | Marginal residual: 6.29e-04 | Train Acc: 0.2045 | Val Acc: 0.0783 | Val P/R/F1 (Macro): 0.0667/0.0770/0.0581 | LR: 0.000001
Epoch [74/100] | Loss: 6.1228 (Cls: 6.0645, TAL: -0.0975, Adv: 0.8747, OT-Reg: 0.001279) | Marginal residual: 7.78e-04 | Train Acc: 0.2045 | Val Acc: 0.0783 | Val P/R/F1 (Macro): 0.0581/0.0897/0.0662 | LR: 0.000001
Epoch [75/100] | Loss: 6.0645 (Cls: 5.9888, TAL: 0.0317, Adv: 0.8991, OT-Reg: 0.001282) | Marginal residual: 8.84e-04 | Train Acc: 0.2045 | Val Acc: 0.1913 | Val P/R/F1 (Macro): 0.2203/0.2520/0.1688 | LR: 0.000001
Epoch [76/100] | Loss: 6.1280 (Cls: 6.0555, TAL: 0.0177, Adv: 0.8802, OT-Reg: 0.001290) | Marginal residual: 7.29e-04 | Train Acc: 0.2114 | Val Acc: 0.1217 | Val P/R/F1 (Macro): 0.0948/0.1101/0.0838 | LR: 0.000001
Epoch [77/100] | Loss: 6.1282 (Cls: 6.0606, TAL: -0.0302, Adv: 0.8913, OT-Reg: 0.001268) | Marginal residual: 7.44e-04 | Train Acc: 0.2136 | Val Acc: 0.1565 | Val P/R/F1 (Macro): 0.1915/0.2102/0.1191 | LR: 0.000001
Epoch [78/100] | Loss: 6.1407 (Cls: 6.0536, TAL: 0.0995, Adv: 0.9399, OT-Reg: 0.001281) | Marginal residual: 8.17e-04 | Train Acc: 0.2091 | Val Acc: 0.1478 | Val P/R/F1 (Macro): 0.1537/0.1960/0.1228 | LR: 0.000001
Epoch [79/100] | Loss: 5.9205 (Cls: 5.8747, TAL: -0.2206, Adv: 0.9029, OT-Reg: 0.001273) | Marginal residual: 6.94e-04 | Train Acc: 0.2318 | Val Acc: 0.0870 | Val P/R/F1 (Macro): 0.0779/0.1320/0.0711 | LR: 0.000001
Epoch [80/100] | Loss: 6.1327 (Cls: 6.0628, TAL: -0.0398, Adv: 0.9346, OT-Reg: 0.001281) | Marginal residual: 6.76e-04 | Train Acc: 0.2386 | Val Acc: 0.1217 | Val P/R/F1 (Macro): 0.1166/0.1966/0.0880 | LR: 0.000001
Epoch [81/100] | Loss: 5.8466 (Cls: 5.7839, TAL: -0.0995, Adv: 0.9327, OT-Reg: 0.001281) | Marginal residual: 9.76e-04 | Train Acc: 0.2864 | Val Acc: 0.1304 | Val P/R/F1 (Macro): 0.1682/0.1705/0.1310 | LR: 0.000001
Epoch [82/100] | Loss: 6.0352 (Cls: 5.9598, TAL: 0.0211, Adv: 0.9109, OT-Reg: 0.001279) | Marginal residual: 6.72e-04 | Train Acc: 0.2455 | Val Acc: 0.2348 | Val P/R/F1 (Macro): 0.2731/0.2044/0.1980 | LR: 0.000001
Epoch [83/100] | Loss: 6.0163 (Cls: 5.9359, TAL: 0.0540, Adv: 0.9236, OT-Reg: 0.001280) | Marginal residual: 7.23e-04 | Train Acc: 0.2727 | Val Acc: 0.1043 | Val P/R/F1 (Macro): 0.0979/0.1817/0.0824 | LR: 0.000001
Epoch [84/100] | Loss: 6.1510 (Cls: 6.0662, TAL: 0.0842, Adv: 0.9335, OT-Reg: 0.001254) | Marginal residual: 8.92e-04 | Train Acc: 0.2386 | Val Acc: 0.0522 | Val P/R/F1 (Macro): 0.1134/0.0709/0.0497 | LR: 0.000001
Epoch [85/100] | Loss: 6.0002 (Cls: 5.9341, TAL: -0.0656, Adv: 0.9248, OT-Reg: 0.001287) | Marginal residual: 6.99e-04 | Train Acc: 0.2091 | Val Acc: 0.0870 | Val P/R/F1 (Macro): 0.1000/0.1510/0.0650 | LR: 0.000001
Epoch [86/100] | Loss: 6.0490 (Cls: 5.9945, TAL: -0.1639, Adv: 0.9267, OT-Reg: 0.001277) | Marginal residual: 6.85e-04 | Train Acc: 0.2068 | Val Acc: 0.0696 | Val P/R/F1 (Macro): 0.0512/0.1140/0.0586 | LR: 0.000001
Epoch [87/100] | Loss: 5.8936 (Cls: 5.8355, TAL: -0.1284, Adv: 0.9188, OT-Reg: 0.001276) | Marginal residual: 9.20e-04 | Train Acc: 0.2409 | Val Acc: 0.1043 | Val P/R/F1 (Macro): 0.1508/0.1789/0.1287 | LR: 0.000001
Epoch [88/100] | Loss: 5.9629 (Cls: 5.8963, TAL: -0.0770, Adv: 0.9475, OT-Reg: 0.001259) | Marginal residual: 9.33e-04 | Train Acc: 0.2568 | Val Acc: 0.1391 | Val P/R/F1 (Macro): 0.2004/0.2488/0.1308 | LR: 0.000001
Epoch [89/100] | Loss: 6.0710 (Cls: 5.9944, TAL: 0.0168, Adv: 0.9321, OT-Reg: 0.001259) | Marginal residual: 8.41e-04 | Train Acc: 0.2409 | Val Acc: 0.0696 | Val P/R/F1 (Macro): 0.0751/0.1516/0.0643 | LR: 0.000001
Epoch [90/100] | Loss: 6.0286 (Cls: 5.9605, TAL: -0.0799, Adv: 0.9713, OT-Reg: 0.001272) | Marginal residual: 9.54e-04 | Train Acc: 0.2432 | Val Acc: 0.1130 | Val P/R/F1 (Macro): 0.0879/0.1797/0.0844 | LR: 0.000001
Epoch [91/100] | Loss: 5.8141 (Cls: 5.7431, TAL: -0.0383, Adv: 0.9448, OT-Reg: 0.001282) | Marginal residual: 7.31e-04 | Train Acc: 0.2545 | Val Acc: 0.2000 | Val P/R/F1 (Macro): 0.1835/0.3100/0.1906 | LR: 0.000001
Epoch [92/100] | Loss: 6.0862 (Cls: 6.0182, TAL: -0.0554, Adv: 0.9330, OT-Reg: 0.001264) | Marginal residual: 9.88e-04 | Train Acc: 0.2523 | Val Acc: 0.2522 | Val P/R/F1 (Macro): 0.3927/0.3113/0.2502 | LR: 0.000001
Epoch [93/100] | Loss: 5.8446 (Cls: 5.7625, TAL: 0.0457, Adv: 0.9578, OT-Reg: 0.001270) | Marginal residual: 1.08e-03 | Train Acc: 0.2477 | Val Acc: 0.1565 | Val P/R/F1 (Macro): 0.1475/0.2423/0.1483 | LR: 0.000001
Epoch [94/100] | Loss: 6.1504 (Cls: 6.0882, TAL: -0.1095, Adv: 0.9419, OT-Reg: 0.001261) | Marginal residual: 6.23e-04 | Train Acc: 0.1977 | Val Acc: 0.1304 | Val P/R/F1 (Macro): 0.1255/0.2019/0.1129 | LR: 0.000001
Epoch [95/100] | Loss: 6.1073 (Cls: 6.0407, TAL: -0.0801, Adv: 0.9522, OT-Reg: 0.001287) | Marginal residual: 9.47e-04 | Train Acc: 0.2568 | Val Acc: 0.1565 | Val P/R/F1 (Macro): 0.2406/0.2108/0.1396 | LR: 0.000001
Epoch [96/100] | Loss: 5.8574 (Cls: 5.8003, TAL: -0.1584, Adv: 0.9516, OT-Reg: 0.001273) | Marginal residual: 1.12e-03 | Train Acc: 0.2477 | Val Acc: 0.0957 | Val P/R/F1 (Macro): 0.1428/0.1771/0.1026 | LR: 0.000001
Epoch [97/100] | Loss: 5.9364 (Cls: 5.8884, TAL: -0.2441, Adv: 0.9656, OT-Reg: 0.001273) | Marginal residual: 1.01e-03 | Train Acc: 0.2500 | Val Acc: 0.1478 | Val P/R/F1 (Macro): 0.1472/0.1907/0.1289 | LR: 0.000001
Epoch [98/100] | Loss: 5.9903 (Cls: 5.9224, TAL: -0.0689, Adv: 0.9512, OT-Reg: 0.001277) | Marginal residual: 1.01e-03 | Train Acc: 0.1977 | Val Acc: 0.0783 | Val P/R/F1 (Macro): 0.1027/0.1613/0.0843 | LR: 0.000001
Epoch [99/100] | Loss: 6.1993 (Cls: 6.1417, TAL: -0.1549, Adv: 0.9522, OT-Reg: 0.001292) | Marginal residual: 1.13e-03 | Train Acc: 0.2159 | Val Acc: 0.1304 | Val P/R/F1 (Macro): 0.1232/0.2399/0.1227 | LR: 0.000001
Epoch [100/100] | Loss: 5.8742 (Cls: 5.8233, TAL: -0.2212, Adv: 0.9682, OT-Reg: 0.001258) | Marginal residual: 1.11e-03 | Train Acc: 0.2295 | Val Acc: 0.2261 | Val P/R/F1 (Macro): 0.3098/0.3438/0.2357 | LR: 0.000001
Report strategy: last_window, window=10, reported_acc=0.1574, best_acc=0.3130

迭代 3 报告指标:
  Accuracy: 0.1574
  Precision (Macro): 0.1915
  Recall (Macro): 0.2389
  F1 (Macro): 0.1516
  Precision (Micro): 0.1574
  Recall (Micro): 0.1574
  F1 (Micro): 0.1574
  Val class coverage: 9/14 (0.6429), samples=115

================================================================================
迭代 4/5
随机种子: 45
================================================================================
Training mode: full target-label supervision (class-paired batches).
Feature fusion: Tensor alignment (512+512 -> 128+128); fused_dim=256
Domain adaptation: Neural OT generator with 3-domain discriminator
Loss weights: tensor=0.12, adv=0.08
Transport: mode=sinkhorn, epsilon=0.1, Sinkhorn iterations=50, correction scale=0.1, correction regularization weight=0.001
Tensor projection update: alternating SVD, max_sweeps=3, relative singular-value tolerance=0.0001
Epoch [1/100] | Loss: 8.3122 (Cls: 8.2886, TAL: 0.0549, Adv: 0.2125, OT-Reg: 0.000696) | Marginal residual: 8.43e-05 | Train Acc: 0.0886 | Val Acc: 0.1304 | Val P/R/F1 (Macro): 0.0720/0.1282/0.0665 | LR: 0.000005
  >>> New Best Val Acc: 0.1304
Epoch [2/100] | Loss: 7.8438 (Cls: 7.8267, TAL: 0.0181, Adv: 0.1865, OT-Reg: 0.000782) | Marginal residual: 1.51e-04 | Train Acc: 0.1091 | Val Acc: 0.1043 | Val P/R/F1 (Macro): 0.0432/0.0838/0.0542 | LR: 0.000005
Epoch [3/100] | Loss: 7.6188 (Cls: 7.5892, TAL: 0.1175, Adv: 0.1937, OT-Reg: 0.000852) | Marginal residual: 1.52e-04 | Train Acc: 0.1114 | Val Acc: 0.0522 | Val P/R/F1 (Macro): 0.0365/0.0981/0.0387 | LR: 0.000005
Epoch [4/100] | Loss: 7.5007 (Cls: 7.4797, TAL: 0.0392, Adv: 0.2041, OT-Reg: 0.000909) | Marginal residual: 4.89e-04 | Train Acc: 0.1091 | Val Acc: 0.0783 | Val P/R/F1 (Macro): 0.0526/0.1055/0.0482 | LR: 0.000005
Epoch [5/100] | Loss: 7.5131 (Cls: 7.4962, TAL: -0.0105, Adv: 0.2275, OT-Reg: 0.000911) | Marginal residual: 5.95e-04 | Train Acc: 0.1205 | Val Acc: 0.1130 | Val P/R/F1 (Macro): 0.0452/0.1020/0.0362 | LR: 0.000005
Epoch [6/100] | Loss: 7.3852 (Cls: 7.3630, TAL: 0.0049, Adv: 0.2692, OT-Reg: 0.000931) | Marginal residual: 6.28e-04 | Train Acc: 0.1045 | Val Acc: 0.0783 | Val P/R/F1 (Macro): 0.0982/0.1005/0.0897 | LR: 0.000005
Epoch [7/100] | Loss: 7.2758 (Cls: 7.2506, TAL: 0.0468, Adv: 0.2444, OT-Reg: 0.000898) | Marginal residual: 1.51e-04 | Train Acc: 0.1500 | Val Acc: 0.0957 | Val P/R/F1 (Macro): 0.1031/0.1168/0.0716 | LR: 0.000005
Epoch [8/100] | Loss: 7.3448 (Cls: 7.3054, TAL: 0.1370, Adv: 0.2871, OT-Reg: 0.000870) | Marginal residual: 3.73e-04 | Train Acc: 0.1091 | Val Acc: 0.2087 | Val P/R/F1 (Macro): 0.0913/0.2078/0.1116 | LR: 0.000005
  >>> New Best Val Acc: 0.2087
Epoch [9/100] | Loss: 7.1195 (Cls: 7.1150, TAL: -0.1112, Adv: 0.2225, OT-Reg: 0.000872) | Marginal residual: 6.38e-04 | Train Acc: 0.1386 | Val Acc: 0.0870 | Val P/R/F1 (Macro): 0.0165/0.1333/0.0293 | LR: 0.000005
Epoch [10/100] | Loss: 7.0538 (Cls: 7.0472, TAL: -0.0638, Adv: 0.1773, OT-Reg: 0.000859) | Marginal residual: 3.51e-04 | Train Acc: 0.1523 | Val Acc: 0.1565 | Val P/R/F1 (Macro): 0.0467/0.1159/0.0617 | LR: 0.000005
Epoch [11/100] | Loss: 7.0521 (Cls: 7.0121, TAL: 0.2120, Adv: 0.1816, OT-Reg: 0.000873) | Marginal residual: 2.06e-04 | Train Acc: 0.1523 | Val Acc: 0.1739 | Val P/R/F1 (Macro): 0.0755/0.1513/0.0923 | LR: 0.000005
Epoch [12/100] | Loss: 6.8869 (Cls: 6.8155, TAL: 0.4230, Adv: 0.2585, OT-Reg: 0.000886) | Marginal residual: 7.23e-08 | Train Acc: 0.1500 | Val Acc: 0.1739 | Val P/R/F1 (Macro): 0.1565/0.1438/0.0928 | LR: 0.000005
Epoch [13/100] | Loss: 6.7073 (Cls: 6.6400, TAL: 0.2994, Adv: 0.3929, OT-Reg: 0.000876) | Marginal residual: 7.78e-08 | Train Acc: 0.1864 | Val Acc: 0.1304 | Val P/R/F1 (Macro): 0.0931/0.1918/0.0825 | LR: 0.000005
Epoch [14/100] | Loss: 6.7603 (Cls: 6.6906, TAL: 0.2563, Adv: 0.4862, OT-Reg: 0.000835) | Marginal residual: 8.44e-08 | Train Acc: 0.1591 | Val Acc: 0.1130 | Val P/R/F1 (Macro): 0.0872/0.1323/0.0748 | LR: 0.000005
Epoch [15/100] | Loss: 6.7008 (Cls: 6.6285, TAL: 0.2010, Adv: 0.6022, OT-Reg: 0.000864) | Marginal residual: 3.17e-05 | Train Acc: 0.1932 | Val Acc: 0.0696 | Val P/R/F1 (Macro): 0.0197/0.0679/0.0305 | LR: 0.000005
Epoch [16/100] | Loss: 6.6698 (Cls: 6.6632, TAL: -0.1587, Adv: 0.3205, OT-Reg: 0.000880) | Marginal residual: 1.05e-03 | Train Acc: 0.1659 | Val Acc: 0.3043 | Val P/R/F1 (Macro): 0.1721/0.1783/0.1156 | LR: 0.000005
  >>> New Best Val Acc: 0.3043
Epoch [17/100] | Loss: 6.5460 (Cls: 6.5495, TAL: -0.1892, Adv: 0.2399, OT-Reg: 0.000890) | Marginal residual: 1.14e-03 | Train Acc: 0.1864 | Val Acc: 0.1478 | Val P/R/F1 (Macro): 0.0239/0.1049/0.0389 | LR: 0.000005
Epoch [18/100] | Loss: 6.6276 (Cls: 6.5875, TAL: 0.0550, Adv: 0.4181, OT-Reg: 0.000868) | Marginal residual: 3.77e-04 | Train Acc: 0.1932 | Val Acc: 0.3478 | Val P/R/F1 (Macro): 0.1471/0.3239/0.1989 | LR: 0.000005
  >>> New Best Val Acc: 0.3478
Epoch [19/100] | Loss: 6.5489 (Cls: 6.4733, TAL: 0.2186, Adv: 0.6173, OT-Reg: 0.000819) | Marginal residual: 1.25e-05 | Train Acc: 0.1682 | Val Acc: 0.1391 | Val P/R/F1 (Macro): 0.1222/0.2187/0.1261 | LR: 0.000005
Epoch [20/100] | Loss: 6.6641 (Cls: 6.5998, TAL: 0.1131, Adv: 0.6345, OT-Reg: 0.000844) | Marginal residual: 5.50e-07 | Train Acc: 0.2273 | Val Acc: 0.0783 | Val P/R/F1 (Macro): 0.0235/0.1746/0.0394 | LR: 0.000005
Epoch [21/100] | Loss: 6.6994 (Cls: 6.6453, TAL: 0.0968, Adv: 0.5314, OT-Reg: 0.000868) | Marginal residual: 2.67e-04 | Train Acc: 0.1841 | Val Acc: 0.1304 | Val P/R/F1 (Macro): 0.0429/0.1068/0.0612 | LR: 0.000005
Epoch [22/100] | Loss: 6.7608 (Cls: 6.7156, TAL: 0.1195, Adv: 0.3867, OT-Reg: 0.000836) | Marginal residual: 2.55e-04 | Train Acc: 0.1977 | Val Acc: 0.1130 | Val P/R/F1 (Macro): 0.1024/0.1414/0.0979 | LR: 0.000005
Epoch [23/100] | Loss: 6.5140 (Cls: 6.5042, TAL: -0.1558, Adv: 0.3561, OT-Reg: 0.000852) | Marginal residual: 6.35e-04 | Train Acc: 0.2091 | Val Acc: 0.1130 | Val P/R/F1 (Macro): 0.0612/0.1863/0.0684 | LR: 0.000005
Epoch [24/100] | Loss: 6.5673 (Cls: 6.5204, TAL: 0.1177, Adv: 0.4103, OT-Reg: 0.000815) | Marginal residual: 4.72e-04 | Train Acc: 0.1909 | Val Acc: 0.2870 | Val P/R/F1 (Macro): 0.1232/0.2185/0.1559 | LR: 0.000005
Epoch [25/100] | Loss: 6.5581 (Cls: 6.5306, TAL: -0.0276, Adv: 0.3859, OT-Reg: 0.000869) | Marginal residual: 6.23e-04 | Train Acc: 0.1773 | Val Acc: 0.0783 | Val P/R/F1 (Macro): 0.1128/0.1536/0.0772 | LR: 0.000005
Epoch [26/100] | Loss: 6.5611 (Cls: 6.5548, TAL: -0.1589, Adv: 0.3181, OT-Reg: 0.000853) | Marginal residual: 5.62e-04 | Train Acc: 0.1705 | Val Acc: 0.1217 | Val P/R/F1 (Macro): 0.0694/0.1660/0.0851 | LR: 0.000005
Epoch [27/100] | Loss: 6.5003 (Cls: 6.4714, TAL: 0.0697, Adv: 0.2573, OT-Reg: 0.000843) | Marginal residual: 5.15e-04 | Train Acc: 0.1864 | Val Acc: 0.0957 | Val P/R/F1 (Macro): 0.1437/0.0995/0.1029 | LR: 0.000005
Epoch [28/100] | Loss: 6.3235 (Cls: 6.3105, TAL: -0.0772, Adv: 0.2787, OT-Reg: 0.000850) | Marginal residual: 7.08e-04 | Train Acc: 0.2205 | Val Acc: 0.1130 | Val P/R/F1 (Macro): 0.0751/0.1741/0.0676 | LR: 0.000005
Epoch [29/100] | Loss: 6.4418 (Cls: 6.4311, TAL: -0.1206, Adv: 0.3149, OT-Reg: 0.000865) | Marginal residual: 5.51e-04 | Train Acc: 0.1568 | Val Acc: 0.0696 | Val P/R/F1 (Macro): 0.0574/0.1280/0.0529 | LR: 0.000003
Epoch [30/100] | Loss: 6.3002 (Cls: 6.2804, TAL: -0.0588, Adv: 0.3359, OT-Reg: 0.000834) | Marginal residual: 7.89e-04 | Train Acc: 0.1773 | Val Acc: 0.0609 | Val P/R/F1 (Macro): 0.0569/0.1123/0.0450 | LR: 0.000003
Epoch [31/100] | Loss: 6.4287 (Cls: 6.3805, TAL: 0.0849, Adv: 0.4755, OT-Reg: 0.000855) | Marginal residual: 3.70e-04 | Train Acc: 0.2159 | Val Acc: 0.1217 | Val P/R/F1 (Macro): 0.0585/0.1070/0.0649 | LR: 0.000003
Epoch [32/100] | Loss: 6.4918 (Cls: 6.4438, TAL: 0.0530, Adv: 0.5206, OT-Reg: 0.000808) | Marginal residual: 2.31e-04 | Train Acc: 0.1409 | Val Acc: 0.1304 | Val P/R/F1 (Macro): 0.1180/0.1696/0.0921 | LR: 0.000003
Epoch [33/100] | Loss: 6.3676 (Cls: 6.3226, TAL: 0.0244, Adv: 0.5250, OT-Reg: 0.000853) | Marginal residual: 5.70e-04 | Train Acc: 0.1659 | Val Acc: 0.1913 | Val P/R/F1 (Macro): 0.0992/0.2263/0.1250 | LR: 0.000003
Epoch [34/100] | Loss: 6.3871 (Cls: 6.3549, TAL: -0.0383, Adv: 0.4610, OT-Reg: 0.000870) | Marginal residual: 5.41e-04 | Train Acc: 0.1750 | Val Acc: 0.0783 | Val P/R/F1 (Macro): 0.0974/0.1673/0.0821 | LR: 0.000003
Epoch [35/100] | Loss: 6.4107 (Cls: 6.3772, TAL: -0.0323, Adv: 0.4671, OT-Reg: 0.000852) | Marginal residual: 6.35e-04 | Train Acc: 0.1614 | Val Acc: 0.1043 | Val P/R/F1 (Macro): 0.0502/0.1587/0.0652 | LR: 0.000003
Epoch [36/100] | Loss: 6.2867 (Cls: 6.2487, TAL: 0.0351, Adv: 0.4227, OT-Reg: 0.000855) | Marginal residual: 6.74e-04 | Train Acc: 0.2159 | Val Acc: 0.1304 | Val P/R/F1 (Macro): 0.2021/0.1955/0.1347 | LR: 0.000003
Epoch [37/100] | Loss: 6.4129 (Cls: 6.3722, TAL: 0.0939, Adv: 0.3671, OT-Reg: 0.000844) | Marginal residual: 6.98e-04 | Train Acc: 0.1773 | Val Acc: 0.1652 | Val P/R/F1 (Macro): 0.0938/0.1474/0.0973 | LR: 0.000003
Epoch [38/100] | Loss: 6.3792 (Cls: 6.3752, TAL: -0.2029, Adv: 0.3542, OT-Reg: 0.000846) | Marginal residual: 7.71e-04 | Train Acc: 0.1727 | Val Acc: 0.1217 | Val P/R/F1 (Macro): 0.0760/0.1718/0.0803 | LR: 0.000003
Epoch [39/100] | Loss: 6.3865 (Cls: 6.3470, TAL: 0.0662, Adv: 0.3946, OT-Reg: 0.000819) | Marginal residual: 6.53e-04 | Train Acc: 0.1773 | Val Acc: 0.0957 | Val P/R/F1 (Macro): 0.0719/0.1361/0.0766 | LR: 0.000003
Epoch [40/100] | Loss: 6.1928 (Cls: 6.1597, TAL: -0.0393, Adv: 0.4727, OT-Reg: 0.000869) | Marginal residual: 6.50e-04 | Train Acc: 0.1977 | Val Acc: 0.0957 | Val P/R/F1 (Macro): 0.0523/0.1462/0.0538 | LR: 0.000001
Epoch [41/100] | Loss: 6.2812 (Cls: 6.2447, TAL: -0.0120, Adv: 0.4742, OT-Reg: 0.000836) | Marginal residual: 7.40e-04 | Train Acc: 0.1841 | Val Acc: 0.1130 | Val P/R/F1 (Macro): 0.0526/0.1480/0.0661 | LR: 0.000001
Epoch [42/100] | Loss: 6.2596 (Cls: 6.1981, TAL: 0.1222, Adv: 0.5854, OT-Reg: 0.000854) | Marginal residual: 7.68e-04 | Train Acc: 0.2045 | Val Acc: 0.0870 | Val P/R/F1 (Macro): 0.1694/0.1263/0.0674 | LR: 0.000001
Epoch [43/100] | Loss: 6.0664 (Cls: 6.0405, TAL: -0.1620, Adv: 0.5665, OT-Reg: 0.000862) | Marginal residual: 7.88e-04 | Train Acc: 0.1773 | Val Acc: 0.0522 | Val P/R/F1 (Macro): 0.0390/0.1033/0.0276 | LR: 0.000001
Epoch [44/100] | Loss: 6.3104 (Cls: 6.2559, TAL: 0.0384, Adv: 0.6233, OT-Reg: 0.000862) | Marginal residual: 6.29e-04 | Train Acc: 0.1955 | Val Acc: 0.1304 | Val P/R/F1 (Macro): 0.1015/0.1723/0.0733 | LR: 0.000001
Epoch [45/100] | Loss: 6.2351 (Cls: 6.1839, TAL: -0.0019, Adv: 0.6426, OT-Reg: 0.000845) | Marginal residual: 6.98e-04 | Train Acc: 0.1864 | Val Acc: 0.0696 | Val P/R/F1 (Macro): 0.0399/0.1280/0.0474 | LR: 0.000001
Epoch [46/100] | Loss: 6.2220 (Cls: 6.1557, TAL: 0.0825, Adv: 0.7042, OT-Reg: 0.000845) | Marginal residual: 7.03e-04 | Train Acc: 0.2068 | Val Acc: 0.1043 | Val P/R/F1 (Macro): 0.0563/0.1774/0.0652 | LR: 0.000001
Epoch [47/100] | Loss: 6.2523 (Cls: 6.1944, TAL: 0.0072, Adv: 0.7125, OT-Reg: 0.000853) | Marginal residual: 6.03e-04 | Train Acc: 0.2023 | Val Acc: 0.0783 | Val P/R/F1 (Macro): 0.0664/0.1273/0.0586 | LR: 0.000001
Epoch [48/100] | Loss: 6.1535 (Cls: 6.0929, TAL: 0.0263, Adv: 0.7180, OT-Reg: 0.000868) | Marginal residual: 8.30e-04 | Train Acc: 0.2386 | Val Acc: 0.1217 | Val P/R/F1 (Macro): 0.1128/0.1478/0.0867 | LR: 0.000001
Epoch [49/100] | Loss: 6.2793 (Cls: 6.2289, TAL: -0.0538, Adv: 0.7108, OT-Reg: 0.000852) | Marginal residual: 1.20e-03 | Train Acc: 0.1795 | Val Acc: 0.0870 | Val P/R/F1 (Macro): 0.0691/0.1241/0.0758 | LR: 0.000001
Epoch [50/100] | Loss: 6.2653 (Cls: 6.2076, TAL: -0.0092, Adv: 0.7349, OT-Reg: 0.000874) | Marginal residual: 1.00e-03 | Train Acc: 0.1886 | Val Acc: 0.0435 | Val P/R/F1 (Macro): 0.0326/0.0784/0.0255 | LR: 0.000001
Epoch [51/100] | Loss: 6.2045 (Cls: 6.1402, TAL: 0.0659, Adv: 0.7052, OT-Reg: 0.000832) | Marginal residual: 8.75e-04 | Train Acc: 0.1636 | Val Acc: 0.0783 | Val P/R/F1 (Macro): 0.0525/0.1550/0.0659 | LR: 0.000001
Epoch [52/100] | Loss: 6.2925 (Cls: 6.2310, TAL: 0.0355, Adv: 0.7156, OT-Reg: 0.000818) | Marginal residual: 5.42e-04 | Train Acc: 0.1864 | Val Acc: 0.1304 | Val P/R/F1 (Macro): 0.0834/0.0978/0.0823 | LR: 0.000001
Epoch [53/100] | Loss: 6.2365 (Cls: 6.1782, TAL: -0.0167, Adv: 0.7538, OT-Reg: 0.000859) | Marginal residual: 1.04e-03 | Train Acc: 0.1932 | Val Acc: 0.1217 | Val P/R/F1 (Macro): 0.0941/0.1388/0.1041 | LR: 0.000001
Epoch [54/100] | Loss: 6.2464 (Cls: 6.1819, TAL: 0.0361, Adv: 0.7528, OT-Reg: 0.000862) | Marginal residual: 9.47e-04 | Train Acc: 0.1864 | Val Acc: 0.0870 | Val P/R/F1 (Macro): 0.0787/0.1457/0.0568 | LR: 0.000001
Epoch [55/100] | Loss: 6.3572 (Cls: 6.2781, TAL: 0.1367, Adv: 0.7839, OT-Reg: 0.000850) | Marginal residual: 6.61e-04 | Train Acc: 0.1886 | Val Acc: 0.0870 | Val P/R/F1 (Macro): 0.1575/0.1534/0.1007 | LR: 0.000001
Epoch [56/100] | Loss: 6.1682 (Cls: 6.0944, TAL: 0.0987, Adv: 0.7747, OT-Reg: 0.000853) | Marginal residual: 6.87e-04 | Train Acc: 0.1750 | Val Acc: 0.1826 | Val P/R/F1 (Macro): 0.1815/0.2565/0.1624 | LR: 0.000001
Epoch [57/100] | Loss: 6.2063 (Cls: 6.1773, TAL: -0.2641, Adv: 0.7588, OT-Reg: 0.000862) | Marginal residual: 8.62e-04 | Train Acc: 0.1750 | Val Acc: 0.1391 | Val P/R/F1 (Macro): 0.2154/0.2179/0.1116 | LR: 0.000001
Epoch [58/100] | Loss: 6.2517 (Cls: 6.1977, TAL: -0.0724, Adv: 0.7828, OT-Reg: 0.000859) | Marginal residual: 6.43e-04 | Train Acc: 0.2091 | Val Acc: 0.1043 | Val P/R/F1 (Macro): 0.1775/0.1754/0.1057 | LR: 0.000001
Epoch [59/100] | Loss: 6.1579 (Cls: 6.1029, TAL: -0.0719, Adv: 0.7943, OT-Reg: 0.000870) | Marginal residual: 7.87e-04 | Train Acc: 0.2045 | Val Acc: 0.0870 | Val P/R/F1 (Macro): 0.0693/0.1662/0.0769 | LR: 0.000001
Epoch [60/100] | Loss: 6.1758 (Cls: 6.1184, TAL: -0.0767, Adv: 0.8327, OT-Reg: 0.000868) | Marginal residual: 9.07e-04 | Train Acc: 0.2091 | Val Acc: 0.1478 | Val P/R/F1 (Macro): 0.1307/0.2241/0.1268 | LR: 0.000001
Epoch [61/100] | Loss: 6.1460 (Cls: 6.0648, TAL: 0.1100, Adv: 0.8492, OT-Reg: 0.000828) | Marginal residual: 9.04e-04 | Train Acc: 0.1841 | Val Acc: 0.1043 | Val P/R/F1 (Macro): 0.1048/0.1448/0.0811 | LR: 0.000001
Epoch [62/100] | Loss: 6.1247 (Cls: 6.0487, TAL: 0.0763, Adv: 0.8350, OT-Reg: 0.000847) | Marginal residual: 8.37e-04 | Train Acc: 0.1864 | Val Acc: 0.1304 | Val P/R/F1 (Macro): 0.1103/0.1574/0.0899 | LR: 0.000001
Epoch [63/100] | Loss: 6.3751 (Cls: 6.2997, TAL: 0.0643, Adv: 0.8456, OT-Reg: 0.000829) | Marginal residual: 8.24e-04 | Train Acc: 0.1750 | Val Acc: 0.0783 | Val P/R/F1 (Macro): 0.0563/0.1711/0.0689 | LR: 0.000001
Epoch [64/100] | Loss: 6.3026 (Cls: 6.2306, TAL: 0.0101, Adv: 0.8850, OT-Reg: 0.000873) | Marginal residual: 7.99e-04 | Train Acc: 0.1818 | Val Acc: 0.1304 | Val P/R/F1 (Macro): 0.1437/0.1644/0.0929 | LR: 0.000001
Epoch [65/100] | Loss: 6.2047 (Cls: 6.1336, TAL: -0.0010, Adv: 0.8899, OT-Reg: 0.000839) | Marginal residual: 8.82e-04 | Train Acc: 0.1841 | Val Acc: 0.1217 | Val P/R/F1 (Macro): 0.0687/0.2156/0.0894 | LR: 0.000001
Epoch [66/100] | Loss: 6.2013 (Cls: 6.1096, TAL: 0.1748, Adv: 0.8832, OT-Reg: 0.000842) | Marginal residual: 8.68e-04 | Train Acc: 0.1841 | Val Acc: 0.0957 | Val P/R/F1 (Macro): 0.1382/0.1179/0.0965 | LR: 0.000001
Epoch [67/100] | Loss: 6.0882 (Cls: 6.0139, TAL: 0.0304, Adv: 0.8836, OT-Reg: 0.000843) | Marginal residual: 9.08e-04 | Train Acc: 0.1886 | Val Acc: 0.0696 | Val P/R/F1 (Macro): 0.0630/0.1427/0.0515 | LR: 0.000001
Epoch [68/100] | Loss: 6.1679 (Cls: 6.1014, TAL: -0.0385, Adv: 0.8888, OT-Reg: 0.000824) | Marginal residual: 9.48e-04 | Train Acc: 0.1818 | Val Acc: 0.1739 | Val P/R/F1 (Macro): 0.1647/0.2092/0.1367 | LR: 0.000001
Epoch [69/100] | Loss: 6.2417 (Cls: 6.1496, TAL: 0.1577, Adv: 0.9141, OT-Reg: 0.000838) | Marginal residual: 7.95e-04 | Train Acc: 0.1773 | Val Acc: 0.1217 | Val P/R/F1 (Macro): 0.0625/0.2042/0.0857 | LR: 0.000001
Epoch [70/100] | Loss: 6.1159 (Cls: 6.0567, TAL: -0.0971, Adv: 0.8849, OT-Reg: 0.000847) | Marginal residual: 9.59e-04 | Train Acc: 0.2114 | Val Acc: 0.1304 | Val P/R/F1 (Macro): 0.1040/0.2116/0.1157 | LR: 0.000001
Epoch [71/100] | Loss: 6.3658 (Cls: 6.2831, TAL: 0.0742, Adv: 0.9218, OT-Reg: 0.000865) | Marginal residual: 1.09e-03 | Train Acc: 0.1795 | Val Acc: 0.0783 | Val P/R/F1 (Macro): 0.0387/0.1345/0.0430 | LR: 0.000001
Epoch [72/100] | Loss: 6.0824 (Cls: 6.0216, TAL: -0.0955, Adv: 0.9027, OT-Reg: 0.000850) | Marginal residual: 7.66e-04 | Train Acc: 0.2091 | Val Acc: 0.1217 | Val P/R/F1 (Macro): 0.1288/0.1692/0.0959 | LR: 0.000001
Epoch [73/100] | Loss: 6.1930 (Cls: 6.1026, TAL: 0.1212, Adv: 0.9478, OT-Reg: 0.000823) | Marginal residual: 7.90e-04 | Train Acc: 0.2045 | Val Acc: 0.1652 | Val P/R/F1 (Macro): 0.2410/0.2218/0.1386 | LR: 0.000001
Epoch [74/100] | Loss: 6.1403 (Cls: 6.0661, TAL: 0.0104, Adv: 0.9119, OT-Reg: 0.000895) | Marginal residual: 8.57e-04 | Train Acc: 0.2000 | Val Acc: 0.0870 | Val P/R/F1 (Macro): 0.0644/0.1650/0.0707 | LR: 0.000001
Epoch [75/100] | Loss: 6.1679 (Cls: 6.1088, TAL: -0.1133, Adv: 0.9094, OT-Reg: 0.000834) | Marginal residual: 8.29e-04 | Train Acc: 0.1932 | Val Acc: 0.0957 | Val P/R/F1 (Macro): 0.0946/0.1783/0.0991 | LR: 0.000001
Epoch [76/100] | Loss: 6.3924 (Cls: 6.2991, TAL: 0.1560, Adv: 0.9325, OT-Reg: 0.000856) | Marginal residual: 9.64e-04 | Train Acc: 0.1750 | Val Acc: 0.1130 | Val P/R/F1 (Macro): 0.0979/0.1146/0.0787 | LR: 0.000001
Epoch [77/100] | Loss: 6.0305 (Cls: 5.9734, TAL: -0.1426, Adv: 0.9279, OT-Reg: 0.000850) | Marginal residual: 6.76e-04 | Train Acc: 0.2182 | Val Acc: 0.0522 | Val P/R/F1 (Macro): 0.0525/0.0923/0.0425 | LR: 0.000001
Epoch [78/100] | Loss: 6.1326 (Cls: 6.0456, TAL: 0.0944, Adv: 0.9463, OT-Reg: 0.000887) | Marginal residual: 9.87e-04 | Train Acc: 0.2386 | Val Acc: 0.0870 | Val P/R/F1 (Macro): 0.0608/0.1501/0.0656 | LR: 0.000001
Epoch [79/100] | Loss: 6.1405 (Cls: 6.0689, TAL: -0.0382, Adv: 0.9525, OT-Reg: 0.000859) | Marginal residual: 6.83e-04 | Train Acc: 0.2227 | Val Acc: 0.1739 | Val P/R/F1 (Macro): 0.1355/0.2208/0.1145 | LR: 0.000001
Epoch [80/100] | Loss: 6.1838 (Cls: 6.0835, TAL: 0.1865, Adv: 0.9737, OT-Reg: 0.000826) | Marginal residual: 7.13e-04 | Train Acc: 0.2159 | Val Acc: 0.0609 | Val P/R/F1 (Macro): 0.0414/0.0737/0.0406 | LR: 0.000001
Epoch [81/100] | Loss: 6.1914 (Cls: 6.0951, TAL: 0.1597, Adv: 0.9640, OT-Reg: 0.000847) | Marginal residual: 1.01e-03 | Train Acc: 0.1818 | Val Acc: 0.1043 | Val P/R/F1 (Macro): 0.0635/0.1567/0.0744 | LR: 0.000001
Epoch [82/100] | Loss: 6.1294 (Cls: 6.0741, TAL: -0.1734, Adv: 0.9513, OT-Reg: 0.000827) | Marginal residual: 1.08e-03 | Train Acc: 0.2114 | Val Acc: 0.1652 | Val P/R/F1 (Macro): 0.2079/0.1827/0.1315 | LR: 0.000001
Epoch [83/100] | Loss: 6.2220 (Cls: 6.1485, TAL: -0.0299, Adv: 0.9637, OT-Reg: 0.000861) | Marginal residual: 7.94e-04 | Train Acc: 0.1909 | Val Acc: 0.1217 | Val P/R/F1 (Macro): 0.0727/0.1594/0.0730 | LR: 0.000001
Epoch [84/100] | Loss: 6.0856 (Cls: 6.0135, TAL: -0.0455, Adv: 0.9704, OT-Reg: 0.000844) | Marginal residual: 6.50e-04 | Train Acc: 0.2091 | Val Acc: 0.0609 | Val P/R/F1 (Macro): 0.0641/0.0966/0.0487 | LR: 0.000001
Epoch [85/100] | Loss: 6.2337 (Cls: 6.1416, TAL: 0.1253, Adv: 0.9639, OT-Reg: 0.000853) | Marginal residual: 8.52e-04 | Train Acc: 0.2023 | Val Acc: 0.1478 | Val P/R/F1 (Macro): 0.1470/0.1690/0.1258 | LR: 0.000001
Epoch [86/100] | Loss: 6.0821 (Cls: 5.9855, TAL: 0.1630, Adv: 0.9626, OT-Reg: 0.000830) | Marginal residual: 8.23e-04 | Train Acc: 0.2227 | Val Acc: 0.0696 | Val P/R/F1 (Macro): 0.0670/0.0962/0.0498 | LR: 0.000001
Epoch [87/100] | Loss: 6.1974 (Cls: 6.0947, TAL: 0.2061, Adv: 0.9746, OT-Reg: 0.000808) | Marginal residual: 7.04e-04 | Train Acc: 0.1955 | Val Acc: 0.1739 | Val P/R/F1 (Macro): 0.1209/0.1465/0.1113 | LR: 0.000001
Epoch [88/100] | Loss: 6.1166 (Cls: 6.0557, TAL: -0.1238, Adv: 0.9470, OT-Reg: 0.000876) | Marginal residual: 8.54e-04 | Train Acc: 0.1795 | Val Acc: 0.0783 | Val P/R/F1 (Macro): 0.0973/0.1021/0.0526 | LR: 0.000001
Epoch [89/100] | Loss: 6.0550 (Cls: 5.9665, TAL: 0.0792, Adv: 0.9878, OT-Reg: 0.000823) | Marginal residual: 5.25e-04 | Train Acc: 0.1955 | Val Acc: 0.0870 | Val P/R/F1 (Macro): 0.0581/0.1533/0.0570 | LR: 0.000001
Epoch [90/100] | Loss: 6.1104 (Cls: 6.0284, TAL: 0.0426, Adv: 0.9620, OT-Reg: 0.000867) | Marginal residual: 1.05e-03 | Train Acc: 0.2068 | Val Acc: 0.2087 | Val P/R/F1 (Macro): 0.2359/0.2568/0.1882 | LR: 0.000001
Epoch [91/100] | Loss: 6.0956 (Cls: 6.0308, TAL: -0.1163, Adv: 0.9837, OT-Reg: 0.000851) | Marginal residual: 9.40e-04 | Train Acc: 0.1705 | Val Acc: 0.1217 | Val P/R/F1 (Macro): 0.1398/0.1518/0.1095 | LR: 0.000001
Epoch [92/100] | Loss: 6.1303 (Cls: 6.0680, TAL: -0.1271, Adv: 0.9687, OT-Reg: 0.000873) | Marginal residual: 7.93e-04 | Train Acc: 0.1659 | Val Acc: 0.1217 | Val P/R/F1 (Macro): 0.1528/0.1443/0.1016 | LR: 0.000001
Epoch [93/100] | Loss: 6.1688 (Cls: 6.0658, TAL: 0.1908, Adv: 1.0015, OT-Reg: 0.000826) | Marginal residual: 9.47e-04 | Train Acc: 0.2227 | Val Acc: 0.1652 | Val P/R/F1 (Macro): 0.1212/0.2401/0.1219 | LR: 0.000001
Epoch [94/100] | Loss: 6.1828 (Cls: 6.0828, TAL: 0.1690, Adv: 0.9957, OT-Reg: 0.000834) | Marginal residual: 6.86e-04 | Train Acc: 0.2136 | Val Acc: 0.0957 | Val P/R/F1 (Macro): 0.0679/0.1258/0.0705 | LR: 0.000001
Epoch [95/100] | Loss: 6.0892 (Cls: 6.0070, TAL: 0.0143, Adv: 1.0061, OT-Reg: 0.000845) | Marginal residual: 8.25e-04 | Train Acc: 0.2091 | Val Acc: 0.1478 | Val P/R/F1 (Macro): 0.0934/0.1812/0.1033 | LR: 0.000001
Epoch [96/100] | Loss: 6.1059 (Cls: 6.0213, TAL: 0.0466, Adv: 0.9886, OT-Reg: 0.000854) | Marginal residual: 8.29e-04 | Train Acc: 0.2273 | Val Acc: 0.1043 | Val P/R/F1 (Macro): 0.0588/0.1682/0.0664 | LR: 0.000001
Epoch [97/100] | Loss: 6.1680 (Cls: 6.1007, TAL: -0.0926, Adv: 0.9806, OT-Reg: 0.000889) | Marginal residual: 7.94e-04 | Train Acc: 0.1750 | Val Acc: 0.1217 | Val P/R/F1 (Macro): 0.1353/0.1780/0.1213 | LR: 0.000001
Epoch [98/100] | Loss: 6.1153 (Cls: 6.0380, TAL: -0.0042, Adv: 0.9726, OT-Reg: 0.000838) | Marginal residual: 6.44e-04 | Train Acc: 0.1932 | Val Acc: 0.1217 | Val P/R/F1 (Macro): 0.1364/0.1724/0.0965 | LR: 0.000001
Epoch [99/100] | Loss: 6.2010 (Cls: 6.1213, TAL: -0.0034, Adv: 1.0010, OT-Reg: 0.000847) | Marginal residual: 7.46e-04 | Train Acc: 0.2023 | Val Acc: 0.0957 | Val P/R/F1 (Macro): 0.0579/0.1426/0.0603 | LR: 0.000001
Epoch [100/100] | Loss: 6.1770 (Cls: 6.0991, TAL: -0.0096, Adv: 0.9886, OT-Reg: 0.000857) | Marginal residual: 8.30e-04 | Train Acc: 0.1773 | Val Acc: 0.0348 | Val P/R/F1 (Macro): 0.0307/0.0561/0.0265 | LR: 0.000001
Report strategy: last_window, window=10, reported_acc=0.1130, best_acc=0.3478

迭代 4 报告指标:
  Accuracy: 0.1130
  Precision (Macro): 0.0994
  Recall (Macro): 0.1560
  F1 (Macro): 0.0878
  Precision (Micro): 0.1130
  Recall (Micro): 0.1130
  F1 (Micro): 0.1130
  Val class coverage: 9/14 (0.6429), samples=115

================================================================================
迭代 5/5
随机种子: 46
================================================================================
Training mode: full target-label supervision (class-paired batches).
Feature fusion: Tensor alignment (512+512 -> 128+128); fused_dim=256
Domain adaptation: Neural OT generator with 3-domain discriminator
Loss weights: tensor=0.12, adv=0.08
Transport: mode=sinkhorn, epsilon=0.1, Sinkhorn iterations=50, correction scale=0.1, correction regularization weight=0.001
Tensor projection update: alternating SVD, max_sweeps=3, relative singular-value tolerance=0.0001
Epoch [1/100] | Loss: 8.4458 (Cls: 8.4364, TAL: -0.0656, Adv: 0.2160, OT-Reg: 0.001336) | Marginal residual: 3.67e-05 | Train Acc: 0.1136 | Val Acc: 0.1043 | Val P/R/F1 (Macro): 0.0630/0.2078/0.0901 | LR: 0.000005
  >>> New Best Val Acc: 0.1043
Epoch [2/100] | Loss: 7.8704 (Cls: 7.8616, TAL: -0.0499, Adv: 0.1846, OT-Reg: 0.001257) | Marginal residual: 1.63e-04 | Train Acc: 0.1432 | Val Acc: 0.0522 | Val P/R/F1 (Macro): 0.0244/0.1197/0.0228 | LR: 0.000005
Epoch [3/100] | Loss: 7.4988 (Cls: 7.5092, TAL: -0.1964, Adv: 0.1648, OT-Reg: 0.001318) | Marginal residual: 1.89e-04 | Train Acc: 0.1364 | Val Acc: 0.1043 | Val P/R/F1 (Macro): 0.1173/0.1964/0.0879 | LR: 0.000005
Epoch [4/100] | Loss: 7.3896 (Cls: 7.3545, TAL: 0.1695, Adv: 0.1840, OT-Reg: 0.001217) | Marginal residual: 1.63e-04 | Train Acc: 0.1545 | Val Acc: 0.1913 | Val P/R/F1 (Macro): 0.0631/0.1871/0.0853 | LR: 0.000005
  >>> New Best Val Acc: 0.1913
Epoch [5/100] | Loss: 7.2622 (Cls: 7.2302, TAL: 0.1343, Adv: 0.1979, OT-Reg: 0.001171) | Marginal residual: 1.49e-04 | Train Acc: 0.1455 | Val Acc: 0.0522 | Val P/R/F1 (Macro): 0.0211/0.1170/0.0185 | LR: 0.000005
Epoch [6/100] | Loss: 7.0424 (Cls: 7.0066, TAL: 0.1027, Adv: 0.2927, OT-Reg: 0.001224) | Marginal residual: 1.77e-04 | Train Acc: 0.1591 | Val Acc: 0.1478 | Val P/R/F1 (Macro): 0.1078/0.1509/0.1107 | LR: 0.000005
Epoch [7/100] | Loss: 6.9582 (Cls: 6.9150, TAL: 0.0986, Adv: 0.3912, OT-Reg: 0.001126) | Marginal residual: 2.55e-04 | Train Acc: 0.1750 | Val Acc: 0.2174 | Val P/R/F1 (Macro): 0.0542/0.1102/0.0696 | LR: 0.000005
  >>> New Best Val Acc: 0.2174
Epoch [8/100] | Loss: 6.7496 (Cls: 6.7670, TAL: -0.3728, Adv: 0.3422, OT-Reg: 0.001393) | Marginal residual: 7.87e-04 | Train Acc: 0.1750 | Val Acc: 0.1913 | Val P/R/F1 (Macro): 0.0787/0.1945/0.0908 | LR: 0.000005
Epoch [9/100] | Loss: 6.8542 (Cls: 6.8540, TAL: -0.2023, Adv: 0.3061, OT-Reg: 0.001280) | Marginal residual: 4.53e-04 | Train Acc: 0.1909 | Val Acc: 0.0696 | Val P/R/F1 (Macro): 0.0468/0.1018/0.0380 | LR: 0.000005
Epoch [10/100] | Loss: 6.8284 (Cls: 6.8007, TAL: 0.0195, Adv: 0.3167, OT-Reg: 0.001128) | Marginal residual: 4.33e-04 | Train Acc: 0.1841 | Val Acc: 0.1652 | Val P/R/F1 (Macro): 0.1242/0.1454/0.1218 | LR: 0.000005
Epoch [11/100] | Loss: 6.8351 (Cls: 6.8324, TAL: -0.1178, Adv: 0.2101, OT-Reg: 0.001253) | Marginal residual: 5.74e-04 | Train Acc: 0.1636 | Val Acc: 0.0522 | Val P/R/F1 (Macro): 0.1049/0.0759/0.0712 | LR: 0.000005
Epoch [12/100] | Loss: 6.7097 (Cls: 6.6435, TAL: 0.4080, Adv: 0.2153, OT-Reg: 0.001172) | Marginal residual: 7.23e-08 | Train Acc: 0.1841 | Val Acc: 0.2522 | Val P/R/F1 (Macro): 0.0933/0.1901/0.1227 | LR: 0.000005
  >>> New Best Val Acc: 0.2522
Epoch [13/100] | Loss: 6.7365 (Cls: 6.7019, TAL: 0.1196, Adv: 0.2533, OT-Reg: 0.001287) | Marginal residual: 2.19e-04 | Train Acc: 0.1909 | Val Acc: 0.1913 | Val P/R/F1 (Macro): 0.0729/0.1386/0.0825 | LR: 0.000005
Epoch [14/100] | Loss: 6.6536 (Cls: 6.6870, TAL: -0.3898, Adv: 0.1674, OT-Reg: 0.001268) | Marginal residual: 7.03e-04 | Train Acc: 0.1568 | Val Acc: 0.1826 | Val P/R/F1 (Macro): 0.0847/0.2050/0.0889 | LR: 0.000005
Epoch [15/100] | Loss: 6.7735 (Cls: 6.7655, TAL: -0.0736, Adv: 0.2114, OT-Reg: 0.001091) | Marginal residual: 2.41e-04 | Train Acc: 0.1682 | Val Acc: 0.1391 | Val P/R/F1 (Macro): 0.1079/0.1585/0.0872 | LR: 0.000005
Epoch [16/100] | Loss: 6.7837 (Cls: 6.7716, TAL: -0.0143, Adv: 0.1731, OT-Reg: 0.001143) | Marginal residual: 4.39e-04 | Train Acc: 0.1500 | Val Acc: 0.1391 | Val P/R/F1 (Macro): 0.0718/0.1279/0.0783 | LR: 0.000005
Epoch [17/100] | Loss: 6.6757 (Cls: 6.6614, TAL: -0.0547, Adv: 0.2605, OT-Reg: 0.001238) | Marginal residual: 5.50e-04 | Train Acc: 0.1614 | Val Acc: 0.0783 | Val P/R/F1 (Macro): 0.0243/0.1746/0.0413 | LR: 0.000005
Epoch [18/100] | Loss: 6.5138 (Cls: 6.5402, TAL: -0.3544, Adv: 0.2016, OT-Reg: 0.001249) | Marginal residual: 5.75e-04 | Train Acc: 0.1636 | Val Acc: 0.0783 | Val P/R/F1 (Macro): 0.0355/0.1673/0.0482 | LR: 0.000005
Epoch [19/100] | Loss: 6.5734 (Cls: 6.5506, TAL: 0.0098, Adv: 0.2708, OT-Reg: 0.001222) | Marginal residual: 2.25e-04 | Train Acc: 0.1682 | Val Acc: 0.2087 | Val P/R/F1 (Macro): 0.1303/0.2630/0.1567 | LR: 0.000005
Epoch [20/100] | Loss: 6.4755 (Cls: 6.4968, TAL: -0.3095, Adv: 0.1981, OT-Reg: 0.001240) | Marginal residual: 6.50e-04 | Train Acc: 0.1750 | Val Acc: 0.3130 | Val P/R/F1 (Macro): 0.1586/0.2157/0.1691 | LR: 0.000005
  >>> New Best Val Acc: 0.3130
Epoch [21/100] | Loss: 6.4075 (Cls: 6.4448, TAL: -0.4198, Adv: 0.1638, OT-Reg: 0.001270) | Marginal residual: 5.69e-04 | Train Acc: 0.1886 | Val Acc: 0.1565 | Val P/R/F1 (Macro): 0.0692/0.2131/0.0895 | LR: 0.000005
Epoch [22/100] | Loss: 6.4482 (Cls: 6.4640, TAL: -0.2357, Adv: 0.1552, OT-Reg: 0.001308) | Marginal residual: 4.36e-04 | Train Acc: 0.2136 | Val Acc: 0.1652 | Val P/R/F1 (Macro): 0.0695/0.2067/0.1031 | LR: 0.000005
Epoch [23/100] | Loss: 6.4433 (Cls: 6.4565, TAL: -0.2523, Adv: 0.2137, OT-Reg: 0.001257) | Marginal residual: 7.46e-04 | Train Acc: 0.1886 | Val Acc: 0.1478 | Val P/R/F1 (Macro): 0.1314/0.2336/0.1284 | LR: 0.000005
Epoch [24/100] | Loss: 6.5512 (Cls: 6.5322, TAL: 0.0015, Adv: 0.2347, OT-Reg: 0.001145) | Marginal residual: 2.48e-04 | Train Acc: 0.2023 | Val Acc: 0.0957 | Val P/R/F1 (Macro): 0.0615/0.1735/0.0901 | LR: 0.000005
Epoch [25/100] | Loss: 6.4153 (Cls: 6.4235, TAL: -0.2299, Adv: 0.2431, OT-Reg: 0.001181) | Marginal residual: 2.90e-04 | Train Acc: 0.1977 | Val Acc: 0.1304 | Val P/R/F1 (Macro): 0.0932/0.0922/0.0860 | LR: 0.000005
Epoch [26/100] | Loss: 6.5717 (Cls: 6.5528, TAL: 0.0194, Adv: 0.2065, OT-Reg: 0.001258) | Marginal residual: 2.85e-04 | Train Acc: 0.1591 | Val Acc: 0.1130 | Val P/R/F1 (Macro): 0.1106/0.1636/0.0813 | LR: 0.000005
Epoch [27/100] | Loss: 6.4085 (Cls: 6.3793, TAL: 0.0981, Adv: 0.2180, OT-Reg: 0.001050) | Marginal residual: 1.05e-04 | Train Acc: 0.2205 | Val Acc: 0.1217 | Val P/R/F1 (Macro): 0.0745/0.1719/0.0734 | LR: 0.000005
Epoch [28/100] | Loss: 6.3757 (Cls: 6.3814, TAL: -0.1709, Adv: 0.1846, OT-Reg: 0.001191) | Marginal residual: 4.61e-04 | Train Acc: 0.1932 | Val Acc: 0.1043 | Val P/R/F1 (Macro): 0.0625/0.1967/0.0783 | LR: 0.000005
Epoch [29/100] | Loss: 6.4434 (Cls: 6.3968, TAL: 0.2445, Adv: 0.2163, OT-Reg: 0.001094) | Marginal residual: 2.87e-05 | Train Acc: 0.2114 | Val Acc: 0.1565 | Val P/R/F1 (Macro): 0.1402/0.2256/0.1265 | LR: 0.000005
Epoch [30/100] | Loss: 6.5307 (Cls: 6.5120, TAL: 0.0052, Adv: 0.2262, OT-Reg: 0.001075) | Marginal residual: 2.42e-04 | Train Acc: 0.1614 | Val Acc: 0.0957 | Val P/R/F1 (Macro): 0.1296/0.0740/0.0684 | LR: 0.000005
Epoch [31/100] | Loss: 6.4620 (Cls: 6.4314, TAL: 0.0479, Adv: 0.3104, OT-Reg: 0.001100) | Marginal residual: 2.39e-04 | Train Acc: 0.1568 | Val Acc: 0.0783 | Val P/R/F1 (Macro): 0.0227/0.0864/0.0353 | LR: 0.000003
Epoch [32/100] | Loss: 6.5008 (Cls: 6.4757, TAL: 0.0208, Adv: 0.2816, OT-Reg: 0.001184) | Marginal residual: 1.31e-04 | Train Acc: 0.1977 | Val Acc: 0.1565 | Val P/R/F1 (Macro): 0.0846/0.1862/0.0991 | LR: 0.000003
Epoch [33/100] | Loss: 6.3695 (Cls: 6.3571, TAL: -0.1245, Adv: 0.3422, OT-Reg: 0.001151) | Marginal residual: 2.89e-04 | Train Acc: 0.1886 | Val Acc: 0.1739 | Val P/R/F1 (Macro): 0.1185/0.1379/0.0809 | LR: 0.000003
Epoch [34/100] | Loss: 6.3911 (Cls: 6.3429, TAL: 0.1106, Adv: 0.4373, OT-Reg: 0.001134) | Marginal residual: 3.40e-04 | Train Acc: 0.1727 | Val Acc: 0.1043 | Val P/R/F1 (Macro): 0.0425/0.2018/0.0687 | LR: 0.000003
Epoch [35/100] | Loss: 6.4175 (Cls: 6.3695, TAL: 0.0900, Adv: 0.4649, OT-Reg: 0.001207) | Marginal residual: 1.66e-04 | Train Acc: 0.1795 | Val Acc: 0.1043 | Val P/R/F1 (Macro): 0.1461/0.1292/0.0722 | LR: 0.000003
Epoch [36/100] | Loss: 6.2786 (Cls: 6.2512, TAL: -0.0484, Adv: 0.4152, OT-Reg: 0.001189) | Marginal residual: 2.70e-04 | Train Acc: 0.2227 | Val Acc: 0.1217 | Val P/R/F1 (Macro): 0.0423/0.2067/0.0692 | LR: 0.000003
Epoch [37/100] | Loss: 6.3475 (Cls: 6.3076, TAL: 0.0100, Adv: 0.4837, OT-Reg: 0.001140) | Marginal residual: 2.78e-04 | Train Acc: 0.1864 | Val Acc: 0.1652 | Val P/R/F1 (Macro): 0.2143/0.2821/0.1332 | LR: 0.000003
Epoch [38/100] | Loss: 6.3291 (Cls: 6.3162, TAL: -0.1809, Adv: 0.4327, OT-Reg: 0.001229) | Marginal residual: 2.11e-04 | Train Acc: 0.2227 | Val Acc: 0.1130 | Val P/R/F1 (Macro): 0.1162/0.1614/0.0812 | LR: 0.000003
Epoch [39/100] | Loss: 6.4030 (Cls: 6.3428, TAL: 0.1570, Adv: 0.5169, OT-Reg: 0.001189) | Marginal residual: 7.14e-05 | Train Acc: 0.2568 | Val Acc: 0.1043 | Val P/R/F1 (Macro): 0.0964/0.1628/0.0735 | LR: 0.000003
Epoch [40/100] | Loss: 6.4302 (Cls: 6.3763, TAL: 0.0750, Adv: 0.5607, OT-Reg: 0.001190) | Marginal residual: 4.83e-05 | Train Acc: 0.2023 | Val Acc: 0.1217 | Val P/R/F1 (Macro): 0.1910/0.1909/0.1136 | LR: 0.000003
Epoch [41/100] | Loss: 6.4517 (Cls: 6.3982, TAL: 0.0894, Adv: 0.5345, OT-Reg: 0.001175) | Marginal residual: 8.50e-05 | Train Acc: 0.2182 | Val Acc: 0.1130 | Val P/R/F1 (Macro): 0.1306/0.1794/0.0939 | LR: 0.000003
Epoch [42/100] | Loss: 6.4266 (Cls: 6.3916, TAL: -0.0348, Adv: 0.4894, OT-Reg: 0.001269) | Marginal residual: 1.79e-04 | Train Acc: 0.2114 | Val Acc: 0.1130 | Val P/R/F1 (Macro): 0.0764/0.1016/0.0767 | LR: 0.000001
Epoch [43/100] | Loss: 6.4636 (Cls: 6.3948, TAL: 0.1612, Adv: 0.6182, OT-Reg: 0.001113) | Marginal residual: 2.29e-04 | Train Acc: 0.2341 | Val Acc: 0.1739 | Val P/R/F1 (Macro): 0.1607/0.2040/0.1243 | LR: 0.000001
Epoch [44/100] | Loss: 6.4890 (Cls: 6.4375, TAL: -0.0500, Adv: 0.7192, OT-Reg: 0.001217) | Marginal residual: 2.19e-04 | Train Acc: 0.2250 | Val Acc: 0.1565 | Val P/R/F1 (Macro): 0.1658/0.2245/0.1431 | LR: 0.000001
Epoch [45/100] | Loss: 6.4159 (Cls: 6.3368, TAL: 0.1648, Adv: 0.7410, OT-Reg: 0.001217) | Marginal residual: 1.23e-04 | Train Acc: 0.2136 | Val Acc: 0.0435 | Val P/R/F1 (Macro): 0.0497/0.0859/0.0530 | LR: 0.000001
Epoch [46/100] | Loss: 6.4798 (Cls: 6.4287, TAL: -0.0344, Adv: 0.6898, OT-Reg: 0.001261) | Marginal residual: 1.97e-04 | Train Acc: 0.2205 | Val Acc: 0.1043 | Val P/R/F1 (Macro): 0.1238/0.1628/0.0821 | LR: 0.000001
Epoch [47/100] | Loss: 6.2990 (Cls: 6.2621, TAL: -0.1532, Adv: 0.6917, OT-Reg: 0.001259) | Marginal residual: 3.41e-04 | Train Acc: 0.2159 | Val Acc: 0.1217 | Val P/R/F1 (Macro): 0.2411/0.1976/0.1210 | LR: 0.000001
Epoch [48/100] | Loss: 6.3366 (Cls: 6.2748, TAL: 0.0065, Adv: 0.7632, OT-Reg: 0.001242) | Marginal residual: 1.77e-04 | Train Acc: 0.2273 | Val Acc: 0.1565 | Val P/R/F1 (Macro): 0.1492/0.2083/0.1207 | LR: 0.000001
Epoch [49/100] | Loss: 6.3765 (Cls: 6.2921, TAL: 0.1519, Adv: 0.8275, OT-Reg: 0.001243) | Marginal residual: 6.98e-05 | Train Acc: 0.2227 | Val Acc: 0.1391 | Val P/R/F1 (Macro): 0.1479/0.1828/0.0986 | LR: 0.000001
Epoch [50/100] | Loss: 6.4159 (Cls: 6.3127, TAL: 0.3012, Adv: 0.8374, OT-Reg: 0.001164) | Marginal residual: 5.69e-05 | Train Acc: 0.1750 | Val Acc: 0.2783 | Val P/R/F1 (Macro): 0.2860/0.2188/0.1786 | LR: 0.000001
Epoch [51/100] | Loss: 6.3149 (Cls: 6.2878, TAL: -0.2774, Adv: 0.7550, OT-Reg: 0.001292) | Marginal residual: 2.55e-04 | Train Acc: 0.2159 | Val Acc: 0.1652 | Val P/R/F1 (Macro): 0.2064/0.2165/0.1348 | LR: 0.000001
Epoch [52/100] | Loss: 6.3903 (Cls: 6.3422, TAL: -0.1463, Adv: 0.8211, OT-Reg: 0.001245) | Marginal residual: 2.21e-04 | Train Acc: 0.2023 | Val Acc: 0.1565 | Val P/R/F1 (Macro): 0.2325/0.2299/0.1556 | LR: 0.000001
Epoch [53/100] | Loss: 6.4322 (Cls: 6.3584, TAL: 0.0564, Adv: 0.8372, OT-Reg: 0.001291) | Marginal residual: 7.57e-05 | Train Acc: 0.2091 | Val Acc: 0.1391 | Val P/R/F1 (Macro): 0.1923/0.2255/0.1207 | LR: 0.000001
Epoch [54/100] | Loss: 6.2596 (Cls: 6.1945, TAL: -0.0065, Adv: 0.8227, OT-Reg: 0.001217) | Marginal residual: 1.45e-04 | Train Acc: 0.1955 | Val Acc: 0.1130 | Val P/R/F1 (Macro): 0.2656/0.1764/0.0913 | LR: 0.000001
Epoch [55/100] | Loss: 6.3318 (Cls: 6.2595, TAL: 0.0249, Adv: 0.8665, OT-Reg: 0.001233) | Marginal residual: 8.88e-05 | Train Acc: 0.2250 | Val Acc: 0.1304 | Val P/R/F1 (Macro): 0.2562/0.1885/0.1250 | LR: 0.000001
Epoch [56/100] | Loss: 6.2802 (Cls: 6.1769, TAL: 0.2442, Adv: 0.9245, OT-Reg: 0.001209) | Marginal residual: 8.90e-05 | Train Acc: 0.2318 | Val Acc: 0.1826 | Val P/R/F1 (Macro): 0.3100/0.2464/0.1829 | LR: 0.000001
Epoch [57/100] | Loss: 6.1569 (Cls: 6.0881, TAL: 0.0086, Adv: 0.8471, OT-Reg: 0.001341) | Marginal residual: 2.56e-04 | Train Acc: 0.2295 | Val Acc: 0.1826 | Val P/R/F1 (Macro): 0.2233/0.2307/0.1623 | LR: 0.000001
Epoch [58/100] | Loss: 6.3417 (Cls: 6.2917, TAL: -0.1465, Adv: 0.8444, OT-Reg: 0.001212) | Marginal residual: 1.91e-04 | Train Acc: 0.2114 | Val Acc: 0.1043 | Val P/R/F1 (Macro): 0.1705/0.1975/0.0849 | LR: 0.000001
Epoch [59/100] | Loss: 6.3660 (Cls: 6.2864, TAL: 0.0731, Adv: 0.8859, OT-Reg: 0.001230) | Marginal residual: 1.40e-04 | Train Acc: 0.2182 | Val Acc: 0.1565 | Val P/R/F1 (Macro): 0.1623/0.2307/0.1381 | LR: 0.000001
Epoch [60/100] | Loss: 6.2824 (Cls: 6.2175, TAL: -0.0506, Adv: 0.8875, OT-Reg: 0.001236) | Marginal residual: 2.03e-04 | Train Acc: 0.2250 | Val Acc: 0.1478 | Val P/R/F1 (Macro): 0.2669/0.2190/0.1469 | LR: 0.000001
Epoch [61/100] | Loss: 6.4607 (Cls: 6.3803, TAL: 0.0679, Adv: 0.9023, OT-Reg: 0.001311) | Marginal residual: 1.20e-04 | Train Acc: 0.2386 | Val Acc: 0.1217 | Val P/R/F1 (Macro): 0.1743/0.2057/0.1071 | LR: 0.000001
Epoch [62/100] | Loss: 6.1896 (Cls: 6.1241, TAL: -0.0788, Adv: 0.9375, OT-Reg: 0.001334) | Marginal residual: 3.27e-04 | Train Acc: 0.2614 | Val Acc: 0.1913 | Val P/R/F1 (Macro): 0.3781/0.2452/0.1932 | LR: 0.000001
Epoch [63/100] | Loss: 6.4534 (Cls: 6.3696, TAL: 0.0778, Adv: 0.9301, OT-Reg: 0.001226) | Marginal residual: 1.28e-04 | Train Acc: 0.2318 | Val Acc: 0.1652 | Val P/R/F1 (Macro): 0.1798/0.2103/0.0997 | LR: 0.000001
Epoch [64/100] | Loss: 6.5107 (Cls: 6.4247, TAL: 0.0973, Adv: 0.9289, OT-Reg: 0.001266) | Marginal residual: 9.42e-05 | Train Acc: 0.2205 | Val Acc: 0.0957 | Val P/R/F1 (Macro): 0.0557/0.1462/0.0554 | LR: 0.000001
Epoch [65/100] | Loss: 6.4703 (Cls: 6.3760, TAL: 0.1549, Adv: 0.9461, OT-Reg: 0.001138) | Marginal residual: 5.86e-05 | Train Acc: 0.2182 | Val Acc: 0.1478 | Val P/R/F1 (Macro): 0.2835/0.2271/0.1458 | LR: 0.000001
Epoch [66/100] | Loss: 6.4468 (Cls: 6.3523, TAL: 0.1881, Adv: 0.8996, OT-Reg: 0.001206) | Marginal residual: 1.70e-04 | Train Acc: 0.1886 | Val Acc: 0.0522 | Val P/R/F1 (Macro): 0.0195/0.0551/0.0281 | LR: 0.000001
Epoch [67/100] | Loss: 6.4208 (Cls: 6.3488, TAL: -0.0060, Adv: 0.9089, OT-Reg: 0.001273) | Marginal residual: 9.76e-05 | Train Acc: 0.2205 | Val Acc: 0.1130 | Val P/R/F1 (Macro): 0.1471/0.2007/0.1027 | LR: 0.000001
Epoch [68/100] | Loss: 6.2903 (Cls: 6.1994, TAL: 0.1459, Adv: 0.9171, OT-Reg: 0.001191) | Marginal residual: 2.50e-04 | Train Acc: 0.2000 | Val Acc: 0.1826 | Val P/R/F1 (Macro): 0.1621/0.1567/0.1320 | LR: 0.000001
Epoch [69/100] | Loss: 6.3429 (Cls: 6.2492, TAL: 0.1446, Adv: 0.9539, OT-Reg: 0.001213) | Marginal residual: 9.20e-05 | Train Acc: 0.2659 | Val Acc: 0.1043 | Val P/R/F1 (Macro): 0.0975/0.1898/0.0853 | LR: 0.000001
Epoch [70/100] | Loss: 6.2440 (Cls: 6.1728, TAL: -0.0298, Adv: 0.9351, OT-Reg: 0.001250) | Marginal residual: 2.32e-04 | Train Acc: 0.2409 | Val Acc: 0.0957 | Val P/R/F1 (Macro): 0.1578/0.1500/0.0970 | LR: 0.000001
Epoch [71/100] | Loss: 6.4500 (Cls: 6.3901, TAL: -0.1179, Adv: 0.9256, OT-Reg: 0.001309) | Marginal residual: 1.82e-04 | Train Acc: 0.2659 | Val Acc: 0.1652 | Val P/R/F1 (Macro): 0.3706/0.2472/0.1823 | LR: 0.000001
Epoch [72/100] | Loss: 6.2964 (Cls: 6.2125, TAL: 0.0728, Adv: 0.9396, OT-Reg: 0.001213) | Marginal residual: 6.88e-05 | Train Acc: 0.2205 | Val Acc: 0.1391 | Val P/R/F1 (Macro): 0.2023/0.2074/0.1416 | LR: 0.000001
Epoch [73/100] | Loss: 6.3802 (Cls: 6.2723, TAL: 0.2503, Adv: 0.9734, OT-Reg: 0.001180) | Marginal residual: 7.26e-05 | Train Acc: 0.2114 | Val Acc: 0.0870 | Val P/R/F1 (Macro): 0.0894/0.1699/0.0678 | LR: 0.000001
Epoch [74/100] | Loss: 6.3170 (Cls: 6.2439, TAL: -0.0435, Adv: 0.9790, OT-Reg: 0.001233) | Marginal residual: 2.25e-04 | Train Acc: 0.2341 | Val Acc: 0.1652 | Val P/R/F1 (Macro): 0.2864/0.2303/0.1748 | LR: 0.000001
Epoch [75/100] | Loss: 6.4147 (Cls: 6.3364, TAL: 0.0093, Adv: 0.9648, OT-Reg: 0.001280) | Marginal residual: 7.45e-05 | Train Acc: 0.2114 | Val Acc: 0.1913 | Val P/R/F1 (Macro): 0.3862/0.2668/0.2229 | LR: 0.000001
Epoch [76/100] | Loss: 6.2706 (Cls: 6.2143, TAL: -0.1838, Adv: 0.9792, OT-Reg: 0.001293) | Marginal residual: 2.36e-04 | Train Acc: 0.2386 | Val Acc: 0.1304 | Val P/R/F1 (Macro): 0.2261/0.2216/0.1270 | LR: 0.000001
Epoch [77/100] | Loss: 6.2513 (Cls: 6.1893, TAL: -0.1373, Adv: 0.9818, OT-Reg: 0.001207) | Marginal residual: 3.12e-04 | Train Acc: 0.2682 | Val Acc: 0.1304 | Val P/R/F1 (Macro): 0.1451/0.1831/0.1077 | LR: 0.000001
Epoch [78/100] | Loss: 6.4154 (Cls: 6.3415, TAL: -0.0498, Adv: 0.9991, OT-Reg: 0.001213) | Marginal residual: 1.31e-04 | Train Acc: 0.2091 | Val Acc: 0.1391 | Val P/R/F1 (Macro): 0.2777/0.2217/0.1465 | LR: 0.000001
Epoch [79/100] | Loss: 6.1714 (Cls: 6.0787, TAL: 0.0963, Adv: 1.0144, OT-Reg: 0.001227) | Marginal residual: 1.51e-04 | Train Acc: 0.2182 | Val Acc: 0.1565 | Val P/R/F1 (Macro): 0.2850/0.2361/0.1709 | LR: 0.000001
Epoch [80/100] | Loss: 6.2557 (Cls: 6.1959, TAL: -0.1514, Adv: 0.9740, OT-Reg: 0.001348) | Marginal residual: 3.00e-04 | Train Acc: 0.2023 | Val Acc: 0.1565 | Val P/R/F1 (Macro): 0.2359/0.1988/0.1194 | LR: 0.000001
Epoch [81/100] | Loss: 6.3465 (Cls: 6.2415, TAL: 0.1925, Adv: 1.0244, OT-Reg: 0.001316) | Marginal residual: 6.79e-05 | Train Acc: 0.2159 | Val Acc: 0.1130 | Val P/R/F1 (Macro): 0.0853/0.1821/0.0821 | LR: 0.000001
Epoch [82/100] | Loss: 6.3251 (Cls: 6.2573, TAL: -0.0571, Adv: 0.9338, OT-Reg: 0.001262) | Marginal residual: 2.13e-04 | Train Acc: 0.1932 | Val Acc: 0.1130 | Val P/R/F1 (Macro): 0.0909/0.2015/0.1004 | LR: 0.000001
Epoch [83/100] | Loss: 6.2815 (Cls: 6.1859, TAL: 0.1153, Adv: 1.0222, OT-Reg: 0.001304) | Marginal residual: 5.97e-05 | Train Acc: 0.2205 | Val Acc: 0.1304 | Val P/R/F1 (Macro): 0.1780/0.1806/0.1134 | LR: 0.000001
Epoch [84/100] | Loss: 6.2334 (Cls: 6.1507, TAL: 0.0285, Adv: 0.9908, OT-Reg: 0.001256) | Marginal residual: 1.55e-04 | Train Acc: 0.2659 | Val Acc: 0.1478 | Val P/R/F1 (Macro): 0.2030/0.1831/0.1152 | LR: 0.000001
Epoch [85/100] | Loss: 6.3918 (Cls: 6.3300, TAL: -0.1403, Adv: 0.9831, OT-Reg: 0.001182) | Marginal residual: 2.28e-04 | Train Acc: 0.2136 | Val Acc: 0.1217 | Val P/R/F1 (Macro): 0.0968/0.1702/0.0820 | LR: 0.000001
Epoch [86/100] | Loss: 6.2335 (Cls: 6.1577, TAL: -0.0346, Adv: 0.9999, OT-Reg: 0.001220) | Marginal residual: 1.42e-04 | Train Acc: 0.2455 | Val Acc: 0.1652 | Val P/R/F1 (Macro): 0.3615/0.2334/0.1711 | LR: 0.000001
Epoch [87/100] | Loss: 6.2432 (Cls: 6.1891, TAL: -0.2012, Adv: 0.9770, OT-Reg: 0.001246) | Marginal residual: 2.02e-04 | Train Acc: 0.2386 | Val Acc: 0.2087 | Val P/R/F1 (Macro): 0.4681/0.2669/0.2311 | LR: 0.000001
Epoch [88/100] | Loss: 6.3158 (Cls: 6.2364, TAL: -0.0039, Adv: 0.9982, OT-Reg: 0.001259) | Marginal residual: 2.00e-04 | Train Acc: 0.2250 | Val Acc: 0.0174 | Val P/R/F1 (Macro): 0.0300/0.0098/0.0101 | LR: 0.000001
Epoch [89/100] | Loss: 6.2493 (Cls: 6.1400, TAL: 0.2491, Adv: 0.9917, OT-Reg: 0.001322) | Marginal residual: 9.90e-05 | Train Acc: 0.2295 | Val Acc: 0.1130 | Val P/R/F1 (Macro): 0.1410/0.1934/0.0918 | LR: 0.000001
Epoch [90/100] | Loss: 6.2664 (Cls: 6.1578, TAL: 0.2349, Adv: 1.0060, OT-Reg: 0.001240) | Marginal residual: 3.81e-05 | Train Acc: 0.2727 | Val Acc: 0.1565 | Val P/R/F1 (Macro): 0.3993/0.2207/0.1655 | LR: 0.000001
Epoch [91/100] | Loss: 6.3070 (Cls: 6.2114, TAL: 0.1192, Adv: 1.0170, OT-Reg: 0.001316) | Marginal residual: 2.78e-05 | Train Acc: 0.2159 | Val Acc: 0.1217 | Val P/R/F1 (Macro): 0.0931/0.1622/0.0759 | LR: 0.000001
Epoch [92/100] | Loss: 6.3094 (Cls: 6.2150, TAL: 0.1194, Adv: 1.0009, OT-Reg: 0.001251) | Marginal residual: 1.14e-04 | Train Acc: 0.2136 | Val Acc: 0.1478 | Val P/R/F1 (Macro): 0.2152/0.2368/0.1324 | LR: 0.000001
Epoch [93/100] | Loss: 6.2207 (Cls: 6.1478, TAL: -0.0650, Adv: 1.0090, OT-Reg: 0.001243) | Marginal residual: 1.87e-04 | Train Acc: 0.2545 | Val Acc: 0.1130 | Val P/R/F1 (Macro): 0.1041/0.2007/0.1014 | LR: 0.000001
Epoch [94/100] | Loss: 6.2674 (Cls: 6.1554, TAL: 0.2477, Adv: 1.0292, OT-Reg: 0.001347) | Marginal residual: 5.85e-05 | Train Acc: 0.2432 | Val Acc: 0.1304 | Val P/R/F1 (Macro): 0.3062/0.1965/0.1356 | LR: 0.000001
Epoch [95/100] | Loss: 6.3705 (Cls: 6.2889, TAL: 0.0190, Adv: 0.9919, OT-Reg: 0.001184) | Marginal residual: 8.14e-05 | Train Acc: 0.2295 | Val Acc: 0.1304 | Val P/R/F1 (Macro): 0.2403/0.1943/0.1338 | LR: 0.000001
Epoch [96/100] | Loss: 6.2969 (Cls: 6.2191, TAL: -0.0187, Adv: 1.0000, OT-Reg: 0.001220) | Marginal residual: 8.84e-05 | Train Acc: 0.2227 | Val Acc: 0.1130 | Val P/R/F1 (Macro): 0.3242/0.1898/0.1379 | LR: 0.000001
Epoch [97/100] | Loss: 6.3159 (Cls: 6.2498, TAL: -0.1239, Adv: 1.0112, OT-Reg: 0.001243) | Marginal residual: 1.19e-04 | Train Acc: 0.2091 | Val Acc: 0.1304 | Val P/R/F1 (Macro): 0.1608/0.1842/0.1064 | LR: 0.000001
Epoch [98/100] | Loss: 6.1104 (Cls: 6.0255, TAL: 0.0304, Adv: 1.0156, OT-Reg: 0.001165) | Marginal residual: 1.19e-04 | Train Acc: 0.2636 | Val Acc: 0.1739 | Val P/R/F1 (Macro): 0.3097/0.2662/0.1497 | LR: 0.000001
Epoch [99/100] | Loss: 6.2972 (Cls: 6.2079, TAL: 0.0869, Adv: 0.9850, OT-Reg: 0.001213) | Marginal residual: 7.02e-05 | Train Acc: 0.2682 | Val Acc: 0.1043 | Val P/R/F1 (Macro): 0.2565/0.1843/0.1083 | LR: 0.000001
Epoch [100/100] | Loss: 6.2753 (Cls: 6.2065, TAL: -0.0842, Adv: 0.9874, OT-Reg: 0.001283) | Marginal residual: 1.86e-04 | Train Acc: 0.2318 | Val Acc: 0.0870 | Val P/R/F1 (Macro): 0.2051/0.1612/0.0836 | LR: 0.000001
Report strategy: last_window, window=10, reported_acc=0.1252, best_acc=0.3130

迭代 5 报告指标:
  Accuracy: 0.1252
  Precision (Macro): 0.2215
  Recall (Macro): 0.1976
  F1 (Macro): 0.1165
  Precision (Micro): 0.1252
  Recall (Micro): 0.1252
  F1 (Micro): 0.1252
  Val class coverage: 9/14 (0.6429), samples=115

================================================================================
5次迭代统计结果
================================================================================

accuracy:
  各迭代值: ['0.1426', '0.2243', '0.1574', '0.1130', '0.1252']
  均值 (Mean): 0.1525
  标准差 (Std): 0.0389

precision_macro:
  各迭代值: ['0.1670', '0.2669', '0.1915', '0.0994', '0.2215']
  均值 (Mean): 0.1893
  标准差 (Std): 0.0559

recall_macro:
  各迭代值: ['0.1937', '0.3099', '0.2389', '0.1560', '0.1976']
  均值 (Mean): 0.2192
  标准差 (Std): 0.0524

f1_macro:
  各迭代值: ['0.1198', '0.2037', '0.1516', '0.0878', '0.1165']
  均值 (Mean): 0.1359
  标准差 (Std): 0.0395

precision_micro:
  各迭代值: ['0.1426', '0.2243', '0.1574', '0.1130', '0.1252']
  均值 (Mean): 0.1525
  标准差 (Std): 0.0389

recall_micro:
  各迭代值: ['0.1426', '0.2243', '0.1574', '0.1130', '0.1252']
  均值 (Mean): 0.1525
  标准差 (Std): 0.0389

f1_micro:
  各迭代值: ['0.1426', '0.2243', '0.1574', '0.1130', '0.1252']
  均值 (Mean): 0.1525
  标准差 (Std): 0.0389

val_class_coverage:
  各迭代值: ['0.6429', '0.6429', '0.6429', '0.6429', '0.6429']
  均值 (Mean): 0.6429
  标准差 (Std): 0.0000

val_present_classes:
  各迭代值: ['9.0000', '9.0000', '9.0000', '9.0000', '9.0000']
  均值 (Mean): 9.0000
  标准差 (Std): 0.0000

val_total_classes:
  各迭代值: ['14.0000', '14.0000', '14.0000', '14.0000', '14.0000']
  均值 (Mean): 14.0000
  标准差 (Std): 0.0000

val_samples:
  各迭代值: ['115.0000', '115.0000', '115.0000', '115.0000', '115.0000']
  均值 (Mean): 115.0000
  标准差 (Std): 0.0000

训练结束时间: 2026-09-22 23:34:23
================================================================================
