================================================================================
模块消融实验 - with_tensor_with_ot
目标域天气: 黑天
训练开始时间: 2026-10-01 19:58:48
设备: cuda
源域: /mnt/data/lixiang/data/Data/晴天
目标域: /mnt/data/lixiang/data/Data/黑天
批次大小: 32
总轮数: 100
迭代次数: 5
使用Tensor模块: 是
使用OT模块: 是
特征融合方式: Tensor对齐
域对齐方式: 最优传输
目标标签比例/权重: 1.0/1.0
Tensor/Adv损失权重: 0.12/0.08
Tensor投影维度/更新: 16/每epoch一次; SVD统计批次=32
学习率: feature=5e-06, other=0.0002, weight_decay=0.0005
报告策略: best, 窗口: 10
================================================================================

================================================================================
迭代 1/5
随机种子: 42
================================================================================
Training mode: full target-label supervision (class-paired batches).
Feature fusion: Tensor alignment (512+512 -> 16+16); fused_dim=32
Domain adaptation: Neural OT generator with 3-domain discriminator
Loss weights: tensor=0.12, adv=0.08
Transport: mode=sinkhorn, epsilon=0.1, Sinkhorn iterations=50, correction scale=0.1, correction regularization weight=0.001
Tensor projection update: once per epoch from the complete target-training pairing bank; projection_dim=16, max_sweeps=10, relative singular-value tolerance=0.001
Epoch [1/100] | SVD update #1: pairs=465, sweeps=3, converged=True, rel_change=5.061e-05, effective_ranks=(317, 213), class_paired=True
Epoch [1/100] | Loss: 6.7097 (Cls: 6.6939, TAL: -0.0728, Adv: 0.3056, OT-Reg: 0.001632) | OT inner objective: 0.2073 | Marginal residual row/col/max: 4.98e-08/2.10e-08/5.64e-08 | Train Acc: 0.2679 | Val Acc: 0.1417 | Val P/R/F1 (Macro): 0.1503/0.2724/0.1024 | LR: 0.000005
  >>> New Best Val Acc: 0.1417
Epoch [2/100] | SVD update #2: pairs=465, sweeps=10, converged=False, rel_change=1.206e-01, effective_ranks=(317, 97), class_paired=True
Epoch [2/100] | Loss: 6.8781 (Cls: 6.8577, TAL: 0.0234, Adv: 0.2196, OT-Reg: 0.001745) | OT inner objective: 0.3063 | Marginal residual row/col/max: 1.05e-08/1.34e-08/1.41e-08 | Train Acc: 0.1987 | Val Acc: 0.1833 | Val P/R/F1 (Macro): 0.3373/0.2599/0.1896 | LR: 0.000005
  >>> New Best Val Acc: 0.1833
Epoch [3/100] | SVD update #3: pairs=465, sweeps=10, converged=False, rel_change=2.031e-02, effective_ranks=(317, 67), class_paired=True
Epoch [3/100] | Loss: 6.5943 (Cls: 6.5910, TAL: -0.1155, Adv: 0.2135, OT-Reg: 0.001298) | OT inner objective: 0.1826 | Marginal residual row/col/max: 5.36e-08/2.81e-08/6.21e-08 | Train Acc: 0.2656 | Val Acc: 0.3083 | Val P/R/F1 (Macro): 0.2968/0.4213/0.2808 | LR: 0.000005
  >>> New Best Val Acc: 0.3083
Epoch [4/100] | SVD update #4: pairs=465, sweeps=10, converged=False, rel_change=2.586e-01, effective_ranks=(317, 50), class_paired=True
Epoch [4/100] | Loss: 7.1294 (Cls: 7.1093, TAL: 0.0239, Adv: 0.2155, OT-Reg: 0.001392) | OT inner objective: -0.0849 | Marginal residual row/col/max: 4.08e-04/2.67e-08/4.08e-04 | Train Acc: 0.1094 | Val Acc: 0.1083 | Val P/R/F1 (Macro): 0.1513/0.0650/0.0755 | LR: 0.000005
Epoch [5/100] | SVD update #5: pairs=465, sweeps=9, converged=True, rel_change=7.122e-04, effective_ranks=(314, 25), class_paired=True
Epoch [5/100] | Loss: 7.4176 (Cls: 7.4233, TAL: -0.1606, Adv: 0.1697, OT-Reg: 0.001306) | OT inner objective: -0.1230 | Marginal residual row/col/max: 5.57e-04/2.87e-08/5.57e-04 | Train Acc: 0.1451 | Val Acc: 0.2667 | Val P/R/F1 (Macro): 0.2247/0.3241/0.1987 | LR: 0.000005
Epoch [6/100] | SVD update #6: pairs=465, sweeps=10, converged=False, rel_change=1.291e-02, effective_ranks=(316, 19), class_paired=True
Epoch [6/100] | Loss: 7.0982 (Cls: 7.0774, TAL: 0.0539, Adv: 0.1783, OT-Reg: 0.001449) | OT inner objective: -0.0217 | Marginal residual row/col/max: 1.92e-04/1.73e-08/1.92e-04 | Train Acc: 0.1585 | Val Acc: 0.2250 | Val P/R/F1 (Macro): 0.4383/0.3989/0.2610 | LR: 0.000005
Epoch [7/100] | SVD update #7: pairs=465, sweeps=5, converged=True, rel_change=2.767e-04, effective_ranks=(314, 12), class_paired=True
Epoch [7/100] | Loss: 6.8281 (Cls: 6.8228, TAL: -0.1176, Adv: 0.2422, OT-Reg: 0.001294) | OT inner objective: -0.2456 | Marginal residual row/col/max: 6.70e-04/2.24e-08/6.70e-04 | Train Acc: 0.2076 | Val Acc: 0.2250 | Val P/R/F1 (Macro): 0.2192/0.3076/0.1957 | LR: 0.000005
Epoch [8/100] | SVD update #8: pairs=465, sweeps=10, converged=False, rel_change=1.400e-02, effective_ranks=(317, 21), class_paired=True
Epoch [8/100] | Loss: 6.2599 (Cls: 6.2511, TAL: -0.0511, Adv: 0.1869, OT-Reg: 0.001342) | OT inner objective: -0.1402 | Marginal residual row/col/max: 4.45e-04/2.17e-08/4.45e-04 | Train Acc: 0.3036 | Val Acc: 0.4500 | Val P/R/F1 (Macro): 0.2708/0.3015/0.2548 | LR: 0.000005
  >>> New Best Val Acc: 0.4500
Epoch [9/100] | SVD update #9: pairs=465, sweeps=10, converged=False, rel_change=2.102e-02, effective_ranks=(317, 21), class_paired=True
Epoch [9/100] | Loss: 5.8466 (Cls: 5.8498, TAL: -0.1514, Adv: 0.1865, OT-Reg: 0.001329) | OT inner objective: -0.1723 | Marginal residual row/col/max: 3.07e-04/1.49e-08/3.07e-04 | Train Acc: 0.3549 | Val Acc: 0.2417 | Val P/R/F1 (Macro): 0.4968/0.4991/0.3896 | LR: 0.000005
Epoch [10/100] | SVD update #10: pairs=465, sweeps=6, converged=True, rel_change=6.999e-04, effective_ranks=(317, 17), class_paired=True
Epoch [10/100] | Loss: 5.5238 (Cls: 5.5255, TAL: -0.1494, Adv: 0.2025, OT-Reg: 0.001216) | OT inner objective: -0.1688 | Marginal residual row/col/max: 1.89e-04/1.21e-08/1.89e-04 | Train Acc: 0.3549 | Val Acc: 0.1667 | Val P/R/F1 (Macro): 0.3255/0.2999/0.1626 | LR: 0.000005
Epoch [11/100] | SVD update #11: pairs=465, sweeps=10, converged=False, rel_change=1.762e-02, effective_ranks=(317, 22), class_paired=True
Epoch [11/100] | Loss: 5.6876 (Cls: 5.6868, TAL: -0.1368, Adv: 0.2147, OT-Reg: 0.001487) | OT inner objective: -0.0568 | Marginal residual row/col/max: 9.64e-05/2.47e-08/9.64e-05 | Train Acc: 0.2835 | Val Acc: 0.3583 | Val P/R/F1 (Macro): 0.2431/0.2708/0.2413 | LR: 0.000005
Epoch [12/100] | SVD update #12: pairs=465, sweeps=3, converged=True, rel_change=2.258e-04, effective_ranks=(314, 12), class_paired=True
Epoch [12/100] | Loss: 5.5004 (Cls: 5.5139, TAL: -0.2538, Adv: 0.2121, OT-Reg: 0.001280) | OT inner objective: -0.2509 | Marginal residual row/col/max: 2.70e-04/1.49e-08/2.70e-04 | Train Acc: 0.4196 | Val Acc: 0.0833 | Val P/R/F1 (Macro): 0.2641/0.2132/0.1298 | LR: 0.000005
Epoch [13/100] | SVD update #13: pairs=465, sweeps=5, converged=True, rel_change=8.529e-04, effective_ranks=(317, 19), class_paired=True
Epoch [13/100] | Loss: 5.1684 (Cls: 5.1858, TAL: -0.2665, Adv: 0.1825, OT-Reg: 0.001353) | OT inner objective: -0.2272 | Marginal residual row/col/max: 1.22e-04/1.06e-08/1.22e-04 | Train Acc: 0.3661 | Val Acc: 0.1833 | Val P/R/F1 (Macro): 0.2399/0.3499/0.1721 | LR: 0.000005
Epoch [14/100] | SVD update #14: pairs=465, sweeps=5, converged=True, rel_change=6.786e-04, effective_ranks=(317, 21), class_paired=True
Epoch [14/100] | Loss: 6.4234 (Cls: 6.4339, TAL: -0.1846, Adv: 0.1455, OT-Reg: 0.001309) | OT inner objective: 0.0788 | Marginal residual row/col/max: 5.52e-05/1.85e-08/5.52e-05 | Train Acc: 0.2165 | Val Acc: 0.0833 | Val P/R/F1 (Macro): 0.0580/0.1530/0.0504 | LR: 0.000005
Epoch [15/100] | SVD update #15: pairs=465, sweeps=6, converged=True, rel_change=3.968e-04, effective_ranks=(315, 15), class_paired=True
Epoch [15/100] | Loss: 6.7359 (Cls: 6.6927, TAL: 0.2685, Adv: 0.1366, OT-Reg: 0.001042) | OT inner objective: 0.1897 | Marginal residual row/col/max: 4.51e-05/2.59e-08/4.51e-05 | Train Acc: 0.1451 | Val Acc: 0.2500 | Val P/R/F1 (Macro): 0.1102/0.1670/0.1221 | LR: 0.000005
Epoch [16/100] | SVD update #16: pairs=465, sweeps=8, converged=True, rel_change=4.018e-04, effective_ranks=(314, 11), class_paired=True
Epoch [16/100] | Loss: 5.6874 (Cls: 5.6753, TAL: 0.0291, Adv: 0.1071, OT-Reg: 0.001336) | OT inner objective: 0.1670 | Marginal residual row/col/max: 1.80e-08/3.31e-08/3.54e-08 | Train Acc: 0.2433 | Val Acc: 0.1833 | Val P/R/F1 (Macro): 0.2349/0.2861/0.1965 | LR: 0.000005
Epoch [17/100] | SVD update #17: pairs=465, sweeps=10, converged=False, rel_change=8.989e-03, effective_ranks=(316, 17), class_paired=True
Epoch [17/100] | Loss: 5.3640 (Cls: 5.3683, TAL: -0.1189, Adv: 0.1250, OT-Reg: 0.001334) | OT inner objective: 0.2253 | Marginal residual row/col/max: 1.25e-08/3.49e-08/3.49e-08 | Train Acc: 0.4196 | Val Acc: 0.3000 | Val P/R/F1 (Macro): 0.4191/0.4797/0.3435 | LR: 0.000005
Epoch [18/100] | SVD update #18: pairs=465, sweeps=7, converged=True, rel_change=9.067e-04, effective_ranks=(317, 16), class_paired=True
Epoch [18/100] | Loss: 5.5864 (Cls: 5.5983, TAL: -0.1755, Adv: 0.1147, OT-Reg: 0.001278) | OT inner objective: 0.1901 | Marginal residual row/col/max: 1.68e-08/3.59e-08/3.73e-08 | Train Acc: 0.3237 | Val Acc: 0.1833 | Val P/R/F1 (Macro): 0.3165/0.3728/0.2606 | LR: 0.000005
Epoch [19/100] | SVD update #19: pairs=465, sweeps=7, converged=True, rel_change=2.349e-04, effective_ranks=(314, 20), class_paired=True
Epoch [19/100] | Loss: 5.7714 (Cls: 5.7554, TAL: 0.0660, Adv: 0.1001, OT-Reg: 0.001414) | OT inner objective: 0.1126 | Marginal residual row/col/max: 1.60e-07/2.28e-08/1.68e-07 | Train Acc: 0.4040 | Val Acc: 0.2083 | Val P/R/F1 (Macro): 0.3277/0.4686/0.2480 | LR: 0.000003
Epoch [20/100] | SVD update #20: pairs=465, sweeps=6, converged=True, rel_change=5.767e-04, effective_ranks=(314, 17), class_paired=True
Epoch [20/100] | Loss: 6.1552 (Cls: 6.1504, TAL: -0.0214, Adv: 0.0911, OT-Reg: 0.001373) | OT inner objective: 0.0976 | Marginal residual row/col/max: 1.18e-06/2.95e-08/1.20e-06 | Train Acc: 0.2723 | Val Acc: 0.1583 | Val P/R/F1 (Macro): 0.1463/0.3026/0.1388 | LR: 0.000003
Epoch [21/100] | SVD update #21: pairs=465, sweeps=10, converged=False, rel_change=4.699e-03, effective_ranks=(317, 22), class_paired=True
Epoch [21/100] | Loss: 5.8279 (Cls: 5.8367, TAL: -0.1271, Adv: 0.0805, OT-Reg: 0.001292) | OT inner objective: 0.0578 | Marginal residual row/col/max: 4.74e-05/2.81e-08/4.74e-05 | Train Acc: 0.2835 | Val Acc: 0.2167 | Val P/R/F1 (Macro): 0.1653/0.3573/0.1701 | LR: 0.000003
Epoch [22/100] | SVD update #22: pairs=465, sweeps=10, converged=False, rel_change=2.908e-03, effective_ranks=(317, 20), class_paired=True
Epoch [22/100] | Loss: 8.6451 (Cls: 8.6193, TAL: 0.1661, Adv: 0.0728, OT-Reg: 0.001350) | OT inner objective: 0.0366 | Marginal residual row/col/max: 1.48e-04/3.31e-08/1.48e-04 | Train Acc: 0.2366 | Val Acc: 0.0917 | Val P/R/F1 (Macro): 0.0420/0.0989/0.0575 | LR: 0.000003
Epoch [23/100] | SVD update #23: pairs=465, sweeps=6, converged=True, rel_change=7.743e-04, effective_ranks=(313, 14), class_paired=True
Epoch [23/100] | Loss: 7.2381 (Cls: 7.2326, TAL: -0.0022, Adv: 0.0714, OT-Reg: 0.001362) | OT inner objective: -0.1617 | Marginal residual row/col/max: 1.15e-04/1.77e-08/1.15e-04 | Train Acc: 0.2478 | Val Acc: 0.2083 | Val P/R/F1 (Macro): 0.2592/0.1919/0.1842 | LR: 0.000003
Epoch [24/100] | SVD update #24: pairs=465, sweeps=10, converged=True, rel_change=5.921e-04, effective_ranks=(315, 21), class_paired=True
Epoch [24/100] | Loss: 6.7467 (Cls: 6.7386, TAL: 0.0238, Adv: 0.0664, OT-Reg: 0.001347) | OT inner objective: 0.1084 | Marginal residual row/col/max: 2.53e-05/1.78e-08/2.53e-05 | Train Acc: 0.1696 | Val Acc: 0.1333 | Val P/R/F1 (Macro): 0.1094/0.1489/0.1076 | LR: 0.000003
Epoch [25/100] | SVD update #25: pairs=465, sweeps=10, converged=False, rel_change=5.952e-02, effective_ranks=(317, 21), class_paired=True
Epoch [25/100] | Loss: 6.4214 (Cls: 6.4217, TAL: -0.0506, Adv: 0.0732, OT-Reg: 0.001394) | OT inner objective: -0.1120 | Marginal residual row/col/max: 2.52e-04/2.08e-08/2.52e-04 | Train Acc: 0.2031 | Val Acc: 0.1583 | Val P/R/F1 (Macro): 0.1551/0.2740/0.1537 | LR: 0.000003
Epoch [26/100] | SVD update #26: pairs=465, sweeps=10, converged=False, rel_change=1.229e-03, effective_ranks=(315, 25), class_paired=True
Epoch [26/100] | Loss: 5.9002 (Cls: 5.9193, TAL: -0.2112, Adv: 0.0775, OT-Reg: 0.001671) | OT inner objective: -0.0243 | Marginal residual row/col/max: 2.99e-05/2.01e-08/2.99e-05 | Train Acc: 0.2835 | Val Acc: 0.1750 | Val P/R/F1 (Macro): 0.1316/0.2581/0.1289 | LR: 0.000003
Epoch [27/100] | SVD update #27: pairs=465, sweeps=10, converged=False, rel_change=2.595e-02, effective_ranks=(317, 25), class_paired=True
Epoch [27/100] | Loss: 6.1092 (Cls: 6.1015, TAL: 0.0042, Adv: 0.0900, OT-Reg: 0.001442) | OT inner objective: -0.0848 | Marginal residual row/col/max: 2.51e-04/1.57e-08/2.51e-04 | Train Acc: 0.2545 | Val Acc: 0.1917 | Val P/R/F1 (Macro): 0.2146/0.1282/0.1493 | LR: 0.000003
Epoch [28/100] | SVD update #28: pairs=465, sweeps=8, converged=True, rel_change=7.118e-04, effective_ranks=(315, 21), class_paired=True
Epoch [28/100] | Loss: 5.9793 (Cls: 5.9819, TAL: -0.0754, Adv: 0.0799, OT-Reg: 0.001483) | OT inner objective: 0.0923 | Marginal residual row/col/max: 8.31e-05/2.83e-08/8.31e-05 | Train Acc: 0.3170 | Val Acc: 0.1167 | Val P/R/F1 (Macro): 0.1451/0.1140/0.0904 | LR: 0.000003
Epoch [29/100] | SVD update #29: pairs=465, sweeps=6, converged=True, rel_change=6.581e-04, effective_ranks=(317, 22), class_paired=True
Epoch [29/100] | Loss: 6.1522 (Cls: 6.1397, TAL: 0.0228, Adv: 0.1211, OT-Reg: 0.001430) | OT inner objective: -0.1348 | Marginal residual row/col/max: 1.72e-04/1.58e-08/1.72e-04 | Train Acc: 0.2277 | Val Acc: 0.1000 | Val P/R/F1 (Macro): 0.1025/0.1644/0.0754 | LR: 0.000003
Epoch [30/100] | SVD update #30: pairs=465, sweeps=10, converged=False, rel_change=3.136e-02, effective_ranks=(316, 24), class_paired=True
Epoch [30/100] | Loss: 6.0464 (Cls: 6.0496, TAL: -0.0812, Adv: 0.0818, OT-Reg: 0.001380) | OT inner objective: -0.1263 | Marginal residual row/col/max: 8.66e-05/1.25e-08/8.66e-05 | Train Acc: 0.3170 | Val Acc: 0.1583 | Val P/R/F1 (Macro): 0.2214/0.2070/0.1115 | LR: 0.000001
Epoch [31/100] | SVD update #31: pairs=465, sweeps=10, converged=True, rel_change=4.606e-04, effective_ranks=(313, 20), class_paired=True
Epoch [31/100] | Loss: 5.8858 (Cls: 5.9044, TAL: -0.2167, Adv: 0.0920, OT-Reg: 0.001304) | OT inner objective: -0.0838 | Marginal residual row/col/max: 4.13e-04/1.53e-08/4.13e-04 | Train Acc: 0.2366 | Val Acc: 0.0750 | Val P/R/F1 (Macro): 0.0872/0.2265/0.0623 | LR: 0.000001
Epoch [32/100] | SVD update #32: pairs=465, sweeps=10, converged=False, rel_change=1.254e-02, effective_ranks=(316, 24), class_paired=True
Epoch [32/100] | Loss: 5.9919 (Cls: 5.9971, TAL: -0.1220, Adv: 0.1178, OT-Reg: 0.001713) | OT inner objective: 0.0332 | Marginal residual row/col/max: 3.14e-05/1.93e-08/3.14e-05 | Train Acc: 0.2746 | Val Acc: 0.0917 | Val P/R/F1 (Macro): 0.1632/0.1784/0.1211 | LR: 0.000001
Epoch [33/100] | SVD update #33: pairs=465, sweeps=10, converged=False, rel_change=3.425e-03, effective_ranks=(317, 23), class_paired=True
Epoch [33/100] | Loss: 5.9740 (Cls: 5.9903, TAL: -0.2195, Adv: 0.1262, OT-Reg: 0.001507) | OT inner objective: -0.1670 | Marginal residual row/col/max: 4.62e-05/1.05e-08/4.62e-05 | Train Acc: 0.3036 | Val Acc: 0.4000 | Val P/R/F1 (Macro): 0.2304/0.2103/0.2018 | LR: 0.000001
Epoch [34/100] | SVD update #34: pairs=465, sweeps=10, converged=False, rel_change=8.537e-03, effective_ranks=(316, 21), class_paired=True
Epoch [34/100] | Loss: 5.6762 (Cls: 5.6987, TAL: -0.2421, Adv: 0.0821, OT-Reg: 0.001470) | OT inner objective: -0.1304 | Marginal residual row/col/max: 2.07e-04/1.29e-08/2.07e-04 | Train Acc: 0.3393 | Val Acc: 0.1000 | Val P/R/F1 (Macro): 0.1181/0.0824/0.0941 | LR: 0.000001
Epoch [35/100] | SVD update #35: pairs=465, sweeps=7, converged=True, rel_change=3.193e-04, effective_ranks=(317, 35), class_paired=True
Epoch [35/100] | Loss: 5.5766 (Cls: 5.5856, TAL: -0.1321, Adv: 0.0864, OT-Reg: 0.001540) | OT inner objective: -0.0754 | Marginal residual row/col/max: 1.72e-04/1.52e-08/1.72e-04 | Train Acc: 0.2835 | Val Acc: 0.0250 | Val P/R/F1 (Macro): 0.0291/0.0454/0.0214 | LR: 0.000001
Epoch [36/100] | SVD update #36: pairs=465, sweeps=7, converged=True, rel_change=4.582e-04, effective_ranks=(317, 22), class_paired=True
Epoch [36/100] | Loss: 5.7495 (Cls: 5.7516, TAL: -0.0756, Adv: 0.0874, OT-Reg: 0.001421) | OT inner objective: -0.1320 | Marginal residual row/col/max: 2.37e-04/1.80e-08/2.37e-04 | Train Acc: 0.2746 | Val Acc: 0.0833 | Val P/R/F1 (Macro): 0.0603/0.1671/0.0741 | LR: 0.000001
Epoch [37/100] | SVD update #37: pairs=465, sweeps=10, converged=False, rel_change=1.578e-03, effective_ranks=(317, 28), class_paired=True
Epoch [37/100] | Loss: 5.4591 (Cls: 5.4750, TAL: -0.2045, Adv: 0.1090, OT-Reg: 0.001510) | OT inner objective: -0.1392 | Marginal residual row/col/max: 1.09e-04/1.34e-08/1.09e-04 | Train Acc: 0.3527 | Val Acc: 0.0583 | Val P/R/F1 (Macro): 0.0495/0.1069/0.0565 | LR: 0.000001
Epoch [38/100] | SVD update #38: pairs=465, sweeps=10, converged=False, rel_change=1.207e-03, effective_ranks=(317, 30), class_paired=True
Epoch [38/100] | Loss: 5.4555 (Cls: 5.4800, TAL: -0.3082, Adv: 0.1562, OT-Reg: 0.001346) | OT inner objective: -0.1461 | Marginal residual row/col/max: 2.53e-04/2.14e-08/2.53e-04 | Train Acc: 0.3839 | Val Acc: 0.0583 | Val P/R/F1 (Macro): 0.0612/0.1455/0.0593 | LR: 0.000001
Epoch [39/100] | SVD update #39: pairs=465, sweeps=9, converged=True, rel_change=6.495e-04, effective_ranks=(317, 32), class_paired=True
Epoch [39/100] | Loss: 5.4023 (Cls: 5.4276, TAL: -0.2706, Adv: 0.0904, OT-Reg: 0.001301) | OT inner objective: -0.0727 | Marginal residual row/col/max: 1.87e-04/1.90e-08/1.87e-04 | Train Acc: 0.3884 | Val Acc: 0.1167 | Val P/R/F1 (Macro): 0.1441/0.2226/0.1012 | LR: 0.000001
Epoch [40/100] | SVD update #40: pairs=465, sweeps=10, converged=False, rel_change=2.162e-02, effective_ranks=(317, 34), class_paired=True
Epoch [40/100] | Loss: 5.5339 (Cls: 5.5541, TAL: -0.2262, Adv: 0.0875, OT-Reg: 0.001399) | OT inner objective: -0.0559 | Marginal residual row/col/max: 1.51e-04/1.90e-08/1.51e-04 | Train Acc: 0.3996 | Val Acc: 0.0750 | Val P/R/F1 (Macro): 0.0517/0.1757/0.0697 | LR: 0.000001
Epoch [41/100] | SVD update #41: pairs=465, sweeps=9, converged=True, rel_change=5.286e-04, effective_ranks=(317, 25), class_paired=True
Epoch [41/100] | Loss: 5.1984 (Cls: 5.2188, TAL: -0.2445, Adv: 0.1116, OT-Reg: 0.001412) | OT inner objective: -0.1562 | Marginal residual row/col/max: 1.10e-04/2.14e-08/1.10e-04 | Train Acc: 0.4710 | Val Acc: 0.0750 | Val P/R/F1 (Macro): 0.1775/0.1708/0.0887 | LR: 0.000001
Epoch [42/100] | SVD update #42: pairs=465, sweeps=8, converged=True, rel_change=4.913e-04, effective_ranks=(317, 27), class_paired=True
Epoch [42/100] | Loss: 5.6847 (Cls: 5.7028, TAL: -0.2270, Adv: 0.1150, OT-Reg: 0.001398) | OT inner objective: -0.0550 | Marginal residual row/col/max: 9.55e-06/1.28e-08/9.55e-06 | Train Acc: 0.2746 | Val Acc: 0.3167 | Val P/R/F1 (Macro): 0.1616/0.1544/0.1430 | LR: 0.000001
Epoch [43/100] | SVD update #43: pairs=465, sweeps=7, converged=True, rel_change=8.867e-04, effective_ranks=(315, 33), class_paired=True
Epoch [43/100] | Loss: 6.1269 (Cls: 6.1227, TAL: -0.0328, Adv: 0.1012, OT-Reg: 0.001604) | OT inner objective: 0.1056 | Marginal residual row/col/max: 5.49e-07/1.61e-08/5.53e-07 | Train Acc: 0.1629 | Val Acc: 0.1000 | Val P/R/F1 (Macro): 0.0490/0.1066/0.0425 | LR: 0.000001
Epoch [44/100] | SVD update #44: pairs=465, sweeps=10, converged=False, rel_change=2.067e+00, effective_ranks=(317, 28), class_paired=True
Epoch [44/100] | Loss: 6.2345 (Cls: 6.2240, TAL: -0.0393, Adv: 0.1899, OT-Reg: 0.001380) | OT inner objective: -0.0783 | Marginal residual row/col/max: 2.55e-05/1.10e-08/2.55e-05 | Train Acc: 0.3504 | Val Acc: 0.4167 | Val P/R/F1 (Macro): 0.2372/0.2349/0.2108 | LR: 0.000001
Epoch [45/100] | SVD update #45: pairs=465, sweeps=9, converged=True, rel_change=5.058e-04, effective_ranks=(317, 23), class_paired=True
Epoch [45/100] | Loss: 5.7091 (Cls: 5.7222, TAL: -0.1859, Adv: 0.1160, OT-Reg: 0.001562) | OT inner objective: -0.2008 | Marginal residual row/col/max: 1.09e-04/1.18e-08/1.09e-04 | Train Acc: 0.3683 | Val Acc: 0.0667 | Val P/R/F1 (Macro): 0.0891/0.0884/0.0647 | LR: 0.000001
Epoch [46/100] | SVD update #46: pairs=465, sweeps=7, converged=True, rel_change=8.944e-04, effective_ranks=(316, 24), class_paired=True
Epoch [46/100] | Loss: 5.7986 (Cls: 5.8177, TAL: -0.2380, Adv: 0.1182, OT-Reg: 0.001548) | OT inner objective: 0.0049 | Marginal residual row/col/max: 7.05e-05/1.22e-08/7.05e-05 | Train Acc: 0.3170 | Val Acc: 0.0917 | Val P/R/F1 (Macro): 0.1815/0.1161/0.0682 | LR: 0.000001
Epoch [47/100] | SVD update #47: pairs=465, sweeps=10, converged=False, rel_change=1.872e-03, effective_ranks=(317, 28), class_paired=True
Epoch [47/100] | Loss: 5.7677 (Cls: 5.7911, TAL: -0.2599, Adv: 0.0968, OT-Reg: 0.001476) | OT inner objective: -0.1111 | Marginal residual row/col/max: 2.45e-05/1.16e-08/2.45e-05 | Train Acc: 0.3415 | Val Acc: 0.2250 | Val P/R/F1 (Macro): 0.1575/0.1309/0.1321 | LR: 0.000001
Epoch [48/100] | SVD update #48: pairs=465, sweeps=10, converged=True, rel_change=8.335e-04, effective_ranks=(316, 25), class_paired=True
Epoch [48/100] | Loss: 5.6428 (Cls: 5.6311, TAL: -0.0347, Adv: 0.1984, OT-Reg: 0.001554) | OT inner objective: 0.0469 | Marginal residual row/col/max: 5.10e-07/1.18e-08/5.10e-07 | Train Acc: 0.3661 | Val Acc: 0.1667 | Val P/R/F1 (Macro): 0.0988/0.1233/0.0972 | LR: 0.000001
Epoch [49/100] | SVD update #49: pairs=465, sweeps=10, converged=False, rel_change=4.517e-03, effective_ranks=(317, 28), class_paired=True
Epoch [49/100] | Loss: 5.7304 (Cls: 5.7625, TAL: -0.3442, Adv: 0.1153, OT-Reg: 0.001361) | OT inner objective: -0.2500 | Marginal residual row/col/max: 9.20e-05/1.24e-08/9.20e-05 | Train Acc: 0.3415 | Val Acc: 0.0333 | Val P/R/F1 (Macro): 0.0723/0.0626/0.0417 | LR: 0.000001
Epoch [50/100] | SVD update #50: pairs=465, sweeps=7, converged=True, rel_change=9.069e-04, effective_ranks=(316, 22), class_paired=True
Epoch [50/100] | Loss: 5.4070 (Cls: 5.4203, TAL: -0.2421, Adv: 0.1964, OT-Reg: 0.001620) | OT inner objective: -0.1143 | Marginal residual row/col/max: 1.75e-04/1.49e-08/1.75e-04 | Train Acc: 0.4375 | Val Acc: 0.0917 | Val P/R/F1 (Macro): 0.0938/0.0495/0.0637 | LR: 0.000001
Epoch [51/100] | SVD update #51: pairs=465, sweeps=9, converged=True, rel_change=8.636e-04, effective_ranks=(315, 24), class_paired=True
Epoch [51/100] | Loss: 5.5466 (Cls: 5.5622, TAL: -0.2738, Adv: 0.2158, OT-Reg: 0.001483) | OT inner objective: 0.0866 | Marginal residual row/col/max: 8.41e-07/1.26e-08/8.41e-07 | Train Acc: 0.3393 | Val Acc: 0.1667 | Val P/R/F1 (Macro): 0.1444/0.1281/0.1156 | LR: 0.000001
Epoch [52/100] | SVD update #52: pairs=465, sweeps=10, converged=False, rel_change=1.516e-02, effective_ranks=(315, 27), class_paired=True
Epoch [52/100] | Loss: 5.8424 (Cls: 5.8443, TAL: -0.1439, Adv: 0.1916, OT-Reg: 0.001290) | OT inner objective: 0.1761 | Marginal residual row/col/max: 6.21e-06/2.34e-08/6.22e-06 | Train Acc: 0.2388 | Val Acc: 0.2583 | Val P/R/F1 (Macro): 0.0877/0.1182/0.0954 | LR: 0.000001
Epoch [53/100] | SVD update #53: pairs=465, sweeps=8, converged=True, rel_change=7.987e-04, effective_ranks=(315, 25), class_paired=True
Epoch [53/100] | Loss: 5.6017 (Cls: 5.6136, TAL: -0.2046, Adv: 0.1584, OT-Reg: 0.001394) | OT inner objective: 0.1337 | Marginal residual row/col/max: 7.52e-06/1.18e-08/7.52e-06 | Train Acc: 0.3549 | Val Acc: 0.0417 | Val P/R/F1 (Macro): 0.1151/0.0615/0.0322 | LR: 0.000001
Epoch [54/100] | SVD update #54: pairs=465, sweeps=8, converged=True, rel_change=7.563e-04, effective_ranks=(317, 25), class_paired=True
Epoch [54/100] | Loss: 5.3721 (Cls: 5.3748, TAL: -0.2759, Adv: 0.3799, OT-Reg: 0.001426) | OT inner objective: -0.0876 | Marginal residual row/col/max: 1.97e-05/1.16e-08/1.97e-05 | Train Acc: 0.3326 | Val Acc: 0.0167 | Val P/R/F1 (Macro): 0.0833/0.0227/0.0357 | LR: 0.000001
Epoch [55/100] | SVD update #55: pairs=465, sweeps=9, converged=True, rel_change=8.489e-04, effective_ranks=(316, 29), class_paired=True
Epoch [55/100] | Loss: 5.1860 (Cls: 5.1859, TAL: -0.3560, Adv: 0.5355, OT-Reg: 0.001542) | OT inner objective: -0.0881 | Marginal residual row/col/max: 3.03e-05/1.14e-08/3.03e-05 | Train Acc: 0.4196 | Val Acc: 0.0583 | Val P/R/F1 (Macro): 0.1694/0.1039/0.0886 | LR: 0.000001
Epoch [56/100] | SVD update #56: pairs=465, sweeps=9, converged=True, rel_change=4.571e-04, effective_ranks=(317, 30), class_paired=True
Epoch [56/100] | Loss: 5.1232 (Cls: 5.1537, TAL: -0.4058, Adv: 0.2264, OT-Reg: 0.001509) | OT inner objective: -0.1824 | Marginal residual row/col/max: 9.99e-05/1.05e-08/9.99e-05 | Train Acc: 0.4152 | Val Acc: 0.0333 | Val P/R/F1 (Macro): 0.0611/0.0502/0.0457 | LR: 0.000001
Epoch [57/100] | SVD update #57: pairs=465, sweeps=9, converged=True, rel_change=4.876e-04, effective_ranks=(316, 25), class_paired=True
Epoch [57/100] | Loss: 5.2984 (Cls: 5.3114, TAL: -0.2901, Adv: 0.2718, OT-Reg: 0.001458) | OT inner objective: -0.1933 | Marginal residual row/col/max: 2.90e-04/1.32e-08/2.90e-04 | Train Acc: 0.4464 | Val Acc: 0.0667 | Val P/R/F1 (Macro): 0.1190/0.1117/0.0540 | LR: 0.000001
Epoch [58/100] | SVD update #58: pairs=465, sweeps=10, converged=False, rel_change=1.346e-03, effective_ranks=(317, 27), class_paired=True
Epoch [58/100] | Loss: 5.4564 (Cls: 5.4735, TAL: -0.2930, Adv: 0.2259, OT-Reg: 0.001462) | OT inner objective: -0.2477 | Marginal residual row/col/max: 6.08e-05/1.01e-08/6.08e-05 | Train Acc: 0.4241 | Val Acc: 0.1167 | Val P/R/F1 (Macro): 0.1210/0.1651/0.1231 | LR: 0.000001
Epoch [59/100] | SVD update #59: pairs=465, sweeps=10, converged=False, rel_change=4.688e-03, effective_ranks=(317, 26), class_paired=True
Epoch [59/100] | Loss: 5.4074 (Cls: 5.4171, TAL: -0.2101, Adv: 0.1931, OT-Reg: 0.001543) | OT inner objective: -0.0347 | Marginal residual row/col/max: 5.32e-05/1.20e-08/5.32e-05 | Train Acc: 0.3348 | Val Acc: 0.0333 | Val P/R/F1 (Macro): 0.0378/0.0580/0.0288 | LR: 0.000001
Epoch [60/100] | SVD update #60: pairs=465, sweeps=9, converged=True, rel_change=8.300e-04, effective_ranks=(316, 27), class_paired=True
Epoch [60/100] | Loss: 5.4673 (Cls: 5.4654, TAL: -0.1313, Adv: 0.2208, OT-Reg: 0.001378) | OT inner objective: -0.0466 | Marginal residual row/col/max: 3.86e-04/1.69e-08/3.86e-04 | Train Acc: 0.4018 | Val Acc: 0.0750 | Val P/R/F1 (Macro): 0.1271/0.1552/0.0597 | LR: 0.000001
Epoch [61/100] | SVD update #61: pairs=465, sweeps=10, converged=False, rel_change=1.345e-01, effective_ranks=(317, 30), class_paired=True
Epoch [61/100] | Loss: 6.9863 (Cls: 6.9713, TAL: -0.0159, Adv: 0.2118, OT-Reg: 0.001529) | OT inner objective: 0.0770 | Marginal residual row/col/max: 5.20e-06/3.05e-08/5.20e-06 | Train Acc: 0.0379 | Val Acc: 0.2583 | Val P/R/F1 (Macro): 0.1819/0.1214/0.1177 | LR: 0.000001
Epoch [62/100] | SVD update #62: pairs=465, sweeps=10, converged=False, rel_change=1.086e-01, effective_ranks=(317, 28), class_paired=True
Epoch [62/100] | Loss: 7.1533 (Cls: 7.1172, TAL: 0.1912, Adv: 0.1647, OT-Reg: 0.001340) | OT inner objective: -0.1626 | Marginal residual row/col/max: 2.67e-04/1.40e-08/2.67e-04 | Train Acc: 0.0379 | Val Acc: 0.1083 | Val P/R/F1 (Macro): 0.0850/0.1327/0.1007 | LR: 0.000001
Epoch [63/100] | SVD update #63: pairs=465, sweeps=10, converged=False, rel_change=2.159e-03, effective_ranks=(317, 30), class_paired=True
Epoch [63/100] | Loss: 6.8148 (Cls: 6.7680, TAL: 0.2647, Adv: 0.1880, OT-Reg: 0.001481) | OT inner objective: -0.1137 | Marginal residual row/col/max: 1.79e-04/1.28e-08/1.79e-04 | Train Acc: 0.1071 | Val Acc: 0.1500 | Val P/R/F1 (Macro): 0.0438/0.1105/0.0621 | LR: 0.000001
Epoch [64/100] | SVD update #64: pairs=465, sweeps=9, converged=True, rel_change=6.804e-04, effective_ranks=(316, 30), class_paired=True
Epoch [64/100] | Loss: 6.9299 (Cls: 6.8691, TAL: 0.3488, Adv: 0.2362, OT-Reg: 0.001277) | OT inner objective: -0.1824 | Marginal residual row/col/max: 2.75e-04/1.04e-08/2.75e-04 | Train Acc: 0.0357 | Val Acc: 0.1500 | Val P/R/F1 (Macro): 0.0766/0.0749/0.0683 | LR: 0.000001
Epoch [65/100] | SVD update #65: pairs=465, sweeps=10, converged=False, rel_change=8.672e-03, effective_ranks=(317, 31), class_paired=True
Epoch [65/100] | Loss: 6.6616 (Cls: 6.6078, TAL: 0.3041, Adv: 0.2170, OT-Reg: 0.001501) | OT inner objective: -0.0151 | Marginal residual row/col/max: 1.95e-04/1.61e-08/1.95e-04 | Train Acc: 0.0424 | Val Acc: 0.0417 | Val P/R/F1 (Macro): 0.1373/0.0788/0.0741 | LR: 0.000001
Epoch [66/100] | SVD update #66: pairs=465, sweeps=8, converged=True, rel_change=4.314e-04, effective_ranks=(317, 28), class_paired=True
Epoch [66/100] | Loss: 6.5942 (Cls: 6.5581, TAL: 0.1783, Adv: 0.1844, OT-Reg: 0.001404) | OT inner objective: 0.1098 | Marginal residual row/col/max: 3.08e-04/1.32e-08/3.08e-04 | Train Acc: 0.0446 | Val Acc: 0.1000 | Val P/R/F1 (Macro): 0.3089/0.2029/0.1871 | LR: 0.000001
Epoch [67/100] | SVD update #67: pairs=465, sweeps=10, converged=False, rel_change=1.424e-03, effective_ranks=(316, 25), class_paired=True
Epoch [67/100] | Loss: 6.0701 (Cls: 6.0334, TAL: -0.0241, Adv: 0.4940, OT-Reg: 0.001702) | OT inner objective: 0.0555 | Marginal residual row/col/max: 5.80e-05/1.42e-08/5.80e-05 | Train Acc: 0.1875 | Val Acc: 0.4417 | Val P/R/F1 (Macro): 0.3967/0.3818/0.3715 | LR: 0.000001
Epoch [68/100] | SVD update #68: pairs=465, sweeps=9, converged=True, rel_change=9.167e-04, effective_ranks=(317, 23), class_paired=True
Epoch [68/100] | Loss: 5.5904 (Cls: 5.5946, TAL: -0.1901, Adv: 0.2330, OT-Reg: 0.001504) | OT inner objective: -0.1121 | Marginal residual row/col/max: 4.09e-04/1.77e-08/4.09e-04 | Train Acc: 0.3036 | Val Acc: 0.0833 | Val P/R/F1 (Macro): 0.2458/0.2315/0.1917 | LR: 0.000001
Epoch [69/100] | SVD update #69: pairs=465, sweeps=8, converged=True, rel_change=6.801e-04, effective_ranks=(316, 25), class_paired=True
Epoch [69/100] | Loss: 5.8010 (Cls: 5.7775, TAL: 0.0166, Adv: 0.2687, OT-Reg: 0.001385) | OT inner objective: -0.0562 | Marginal residual row/col/max: 1.27e-04/1.65e-08/1.27e-04 | Train Acc: 0.2879 | Val Acc: 0.1250 | Val P/R/F1 (Macro): 0.1316/0.2958/0.1602 | LR: 0.000001
Epoch [70/100] | SVD update #70: pairs=465, sweeps=8, converged=True, rel_change=8.661e-04, effective_ranks=(314, 23), class_paired=True
Epoch [70/100] | Loss: 5.9388 (Cls: 5.9453, TAL: -0.2352, Adv: 0.2716, OT-Reg: 0.001508) | OT inner objective: -0.2040 | Marginal residual row/col/max: 3.55e-04/1.16e-08/3.55e-04 | Train Acc: 0.3594 | Val Acc: 0.1750 | Val P/R/F1 (Macro): 0.2466/0.3589/0.2665 | LR: 0.000001
Epoch [71/100] | SVD update #71: pairs=465, sweeps=5, converged=True, rel_change=9.639e-04, effective_ranks=(316, 22), class_paired=True
Epoch [71/100] | Loss: 5.7915 (Cls: 5.8076, TAL: -0.2914, Adv: 0.2350, OT-Reg: 0.001499) | OT inner objective: -0.2079 | Marginal residual row/col/max: 3.59e-04/1.22e-08/3.59e-04 | Train Acc: 0.2991 | Val Acc: 0.1250 | Val P/R/F1 (Macro): 0.2223/0.2526/0.2261 | LR: 0.000001
Epoch [72/100] | SVD update #72: pairs=465, sweeps=8, converged=True, rel_change=5.459e-04, effective_ranks=(313, 21), class_paired=True
Epoch [72/100] | Loss: 5.6937 (Cls: 5.7053, TAL: -0.2542, Adv: 0.2353, OT-Reg: 0.001441) | OT inner objective: -0.2559 | Marginal residual row/col/max: 3.30e-04/1.29e-08/3.30e-04 | Train Acc: 0.3304 | Val Acc: 0.2833 | Val P/R/F1 (Macro): 0.3221/0.3824/0.3326 | LR: 0.000001
Epoch [73/100] | SVD update #73: pairs=465, sweeps=9, converged=True, rel_change=4.501e-04, effective_ranks=(315, 22), class_paired=True
Epoch [73/100] | Loss: 5.9002 (Cls: 5.9084, TAL: -0.2238, Adv: 0.2323, OT-Reg: 0.001293) | OT inner objective: -0.2129 | Marginal residual row/col/max: 6.52e-04/1.44e-08/6.52e-04 | Train Acc: 0.3460 | Val Acc: 0.2833 | Val P/R/F1 (Macro): 0.4123/0.4238/0.3327 | LR: 0.000001
Epoch [74/100] | SVD update #74: pairs=465, sweeps=8, converged=True, rel_change=2.094e-04, effective_ranks=(316, 21), class_paired=True
Epoch [74/100] | Loss: 5.5151 (Cls: 5.5279, TAL: -0.2522, Adv: 0.2187, OT-Reg: 0.001513) | OT inner objective: -0.1981 | Marginal residual row/col/max: 3.38e-04/1.32e-08/3.38e-04 | Train Acc: 0.4241 | Val Acc: 0.2000 | Val P/R/F1 (Macro): 0.2917/0.3768/0.2081 | LR: 0.000001
Epoch [75/100] | SVD update #75: pairs=465, sweeps=7, converged=True, rel_change=7.205e-04, effective_ranks=(314, 22), class_paired=True
Epoch [75/100] | Loss: 5.4958 (Cls: 5.5238, TAL: -0.3320, Adv: 0.1481, OT-Reg: 0.001415) | OT inner objective: -0.2757 | Marginal residual row/col/max: 8.65e-04/1.45e-08/8.65e-04 | Train Acc: 0.3817 | Val Acc: 0.1083 | Val P/R/F1 (Macro): 0.2238/0.2567/0.2111 | LR: 0.000001
Epoch [76/100] | SVD update #76: pairs=465, sweeps=5, converged=True, rel_change=1.961e-04, effective_ranks=(315, 23), class_paired=True
Epoch [76/100] | Loss: 5.8079 (Cls: 5.8290, TAL: -0.3179, Adv: 0.2131, OT-Reg: 0.001405) | OT inner objective: -0.2450 | Marginal residual row/col/max: 2.71e-04/1.20e-08/2.71e-04 | Train Acc: 0.3594 | Val Acc: 0.0833 | Val P/R/F1 (Macro): 0.2271/0.2429/0.1882 | LR: 0.000001
Epoch [77/100] | SVD update #77: pairs=465, sweeps=7, converged=True, rel_change=2.630e-04, effective_ranks=(315, 20), class_paired=True
Epoch [77/100] | Loss: 5.7519 (Cls: 5.7492, TAL: -0.1285, Adv: 0.2262, OT-Reg: 0.001417) | OT inner objective: -0.1648 | Marginal residual row/col/max: 3.30e-04/1.56e-08/3.30e-04 | Train Acc: 0.3571 | Val Acc: 0.2833 | Val P/R/F1 (Macro): 0.3745/0.3745/0.3222 | LR: 0.000001
Epoch [78/100] | SVD update #78: pairs=465, sweeps=6, converged=True, rel_change=8.734e-04, effective_ranks=(316, 21), class_paired=True
Epoch [78/100] | Loss: 5.9385 (Cls: 5.9407, TAL: -0.1300, Adv: 0.1671, OT-Reg: 0.001484) | OT inner objective: -0.2249 | Marginal residual row/col/max: 2.08e-04/1.13e-08/2.08e-04 | Train Acc: 0.3237 | Val Acc: 0.2167 | Val P/R/F1 (Macro): 0.3075/0.2917/0.2926 | LR: 0.000001
Epoch [79/100] | SVD update #79: pairs=465, sweeps=7, converged=True, rel_change=7.620e-04, effective_ranks=(314, 22), class_paired=True
Epoch [79/100] | Loss: 5.6825 (Cls: 5.6932, TAL: -0.2187, Adv: 0.1942, OT-Reg: 0.001500) | OT inner objective: -0.1959 | Marginal residual row/col/max: 3.91e-04/1.26e-08/3.91e-04 | Train Acc: 0.3036 | Val Acc: 0.2917 | Val P/R/F1 (Macro): 0.2774/0.2866/0.2739 | LR: 0.000001
Epoch [80/100] | SVD update #80: pairs=465, sweeps=10, converged=False, rel_change=2.152e-02, effective_ranks=(316, 21), class_paired=True
Epoch [80/100] | Loss: 5.7626 (Cls: 5.7579, TAL: -0.1373, Adv: 0.2647, OT-Reg: 0.001571) | OT inner objective: -0.0908 | Marginal residual row/col/max: 4.36e-05/1.05e-08/4.36e-05 | Train Acc: 0.2656 | Val Acc: 0.2167 | Val P/R/F1 (Macro): 0.2877/0.3175/0.2638 | LR: 0.000001
Epoch [81/100] | SVD update #81: pairs=465, sweeps=7, converged=True, rel_change=7.782e-04, effective_ranks=(317, 25), class_paired=True
Epoch [81/100] | Loss: 6.0804 (Cls: 6.0915, TAL: -0.2641, Adv: 0.2569, OT-Reg: 0.001504) | OT inner objective: -0.2736 | Marginal residual row/col/max: 5.42e-04/1.33e-08/5.42e-04 | Train Acc: 0.2902 | Val Acc: 0.2167 | Val P/R/F1 (Macro): 0.3227/0.3085/0.3004 | LR: 0.000001
Epoch [82/100] | SVD update #82: pairs=465, sweeps=5, converged=True, rel_change=7.534e-04, effective_ranks=(314, 22), class_paired=True
Epoch [82/100] | Loss: 5.5016 (Cls: 5.5015, TAL: -0.1566, Adv: 0.2356, OT-Reg: 0.001463) | OT inner objective: -0.1666 | Marginal residual row/col/max: 3.28e-04/1.54e-08/3.28e-04 | Train Acc: 0.3214 | Val Acc: 0.1333 | Val P/R/F1 (Macro): 0.2365/0.2993/0.2245 | LR: 0.000001
Epoch [83/100] | SVD update #83: pairs=465, sweeps=5, converged=True, rel_change=2.555e-04, effective_ranks=(313, 23), class_paired=True
Epoch [83/100] | Loss: 6.0130 (Cls: 6.0161, TAL: -0.2318, Adv: 0.3091, OT-Reg: 0.001499) | OT inner objective: -0.2534 | Marginal residual row/col/max: 2.86e-04/1.22e-08/2.86e-04 | Train Acc: 0.2388 | Val Acc: 0.1167 | Val P/R/F1 (Macro): 0.2505/0.2576/0.2380 | LR: 0.000001
Epoch [84/100] | SVD update #84: pairs=465, sweeps=8, converged=True, rel_change=6.467e-04, effective_ranks=(313, 21), class_paired=True
Epoch [84/100] | Loss: 5.7723 (Cls: 5.7698, TAL: -0.1847, Adv: 0.3086, OT-Reg: 0.001526) | OT inner objective: -0.3047 | Marginal residual row/col/max: 2.58e-04/1.10e-08/2.58e-04 | Train Acc: 0.2902 | Val Acc: 0.1917 | Val P/R/F1 (Macro): 0.3285/0.2708/0.2870 | LR: 0.000001
Epoch [85/100] | SVD update #85: pairs=465, sweeps=8, converged=True, rel_change=3.210e-04, effective_ranks=(316, 21), class_paired=True
Epoch [85/100] | Loss: 5.6126 (Cls: 5.6060, TAL: -0.1823, Adv: 0.3564, OT-Reg: 0.001353) | OT inner objective: -0.2834 | Marginal residual row/col/max: 8.57e-04/1.57e-08/8.57e-04 | Train Acc: 0.3504 | Val Acc: 0.1583 | Val P/R/F1 (Macro): 0.2319/0.3382/0.2377 | LR: 0.000001
Epoch [86/100] | SVD update #86: pairs=465, sweeps=4, converged=True, rel_change=7.425e-04, effective_ranks=(315, 23), class_paired=True
Epoch [86/100] | Loss: 5.6903 (Cls: 5.6710, TAL: -0.2266, Adv: 0.5817, OT-Reg: 0.001332) | OT inner objective: -0.2973 | Marginal residual row/col/max: 7.90e-04/1.57e-08/7.90e-04 | Train Acc: 0.2768 | Val Acc: 0.1083 | Val P/R/F1 (Macro): 0.2130/0.2943/0.2202 | LR: 0.000001
Epoch [87/100] | SVD update #87: pairs=465, sweeps=5, converged=True, rel_change=9.360e-04, effective_ranks=(317, 23), class_paired=True
Epoch [87/100] | Loss: 5.2736 (Cls: 5.2911, TAL: -0.3239, Adv: 0.2670, OT-Reg: 0.001437) | OT inner objective: -0.2762 | Marginal residual row/col/max: 7.09e-04/1.61e-08/7.09e-04 | Train Acc: 0.3906 | Val Acc: 0.1750 | Val P/R/F1 (Macro): 0.3629/0.3759/0.2477 | LR: 0.000001
Epoch [88/100] | SVD update #88: pairs=465, sweeps=7, converged=True, rel_change=9.851e-04, effective_ranks=(315, 24), class_paired=True
Epoch [88/100] | Loss: 5.3380 (Cls: 5.3507, TAL: -0.3410, Adv: 0.3526, OT-Reg: 0.001355) | OT inner objective: -0.2546 | Marginal residual row/col/max: 7.83e-04/1.40e-08/7.83e-04 | Train Acc: 0.3795 | Val Acc: 0.1667 | Val P/R/F1 (Macro): 0.2615/0.3338/0.2488 | LR: 0.000001
Epoch [89/100] | SVD update #89: pairs=465, sweeps=10, converged=False, rel_change=3.079e-03, effective_ranks=(316, 22), class_paired=True
Epoch [89/100] | Loss: 5.4396 (Cls: 5.4217, TAL: -0.1689, Adv: 0.4771, OT-Reg: 0.001402) | OT inner objective: -0.2300 | Marginal residual row/col/max: 2.57e-04/1.13e-08/2.57e-04 | Train Acc: 0.3393 | Val Acc: 0.1583 | Val P/R/F1 (Macro): 0.2762/0.3354/0.2401 | LR: 0.000001
Epoch [90/100] | SVD update #90: pairs=465, sweeps=9, converged=True, rel_change=9.353e-04, effective_ranks=(314, 23), class_paired=True
Epoch [90/100] | Loss: 5.8572 (Cls: 5.8622, TAL: -0.3150, Adv: 0.4101, OT-Reg: 0.001500) | OT inner objective: -0.1829 | Marginal residual row/col/max: 3.11e-04/1.76e-08/3.11e-04 | Train Acc: 0.3170 | Val Acc: 0.1917 | Val P/R/F1 (Macro): 0.2806/0.3160/0.2670 | LR: 0.000001
Epoch [91/100] | SVD update #91: pairs=465, sweeps=5, converged=True, rel_change=2.078e-04, effective_ranks=(316, 23), class_paired=True
Epoch [91/100] | Loss: 5.6816 (Cls: 5.6840, TAL: -0.3396, Adv: 0.4802, OT-Reg: 0.001404) | OT inner objective: -0.1855 | Marginal residual row/col/max: 3.09e-04/1.80e-08/3.09e-04 | Train Acc: 0.3348 | Val Acc: 0.3167 | Val P/R/F1 (Macro): 0.3036/0.3186/0.2880 | LR: 0.000001
Epoch [92/100] | SVD update #92: pairs=465, sweeps=6, converged=True, rel_change=9.687e-04, effective_ranks=(315, 22), class_paired=True
Epoch [92/100] | Loss: 5.5447 (Cls: 5.5496, TAL: -0.3115, Adv: 0.4056, OT-Reg: 0.001408) | OT inner objective: -0.2588 | Marginal residual row/col/max: 4.03e-04/1.58e-08/4.03e-04 | Train Acc: 0.3973 | Val Acc: 0.1583 | Val P/R/F1 (Macro): 0.3588/0.3928/0.2652 | LR: 0.000001
Epoch [93/100] | SVD update #93: pairs=465, sweeps=9, converged=True, rel_change=4.222e-04, effective_ranks=(315, 21), class_paired=True
Epoch [93/100] | Loss: 5.8533 (Cls: 5.8393, TAL: -0.1515, Adv: 0.4013, OT-Reg: 0.001395) | OT inner objective: -0.2562 | Marginal residual row/col/max: 2.79e-04/1.21e-08/2.79e-04 | Train Acc: 0.3371 | Val Acc: 0.3083 | Val P/R/F1 (Macro): 0.2939/0.3266/0.2869 | LR: 0.000001
Epoch [94/100] | SVD update #94: pairs=465, sweeps=6, converged=True, rel_change=6.830e-04, effective_ranks=(315, 23), class_paired=True
Epoch [94/100] | Loss: 5.5068 (Cls: 5.5078, TAL: -0.3107, Adv: 0.4536, OT-Reg: 0.001373) | OT inner objective: -0.2603 | Marginal residual row/col/max: 8.01e-04/1.25e-08/8.01e-04 | Train Acc: 0.3884 | Val Acc: 0.1167 | Val P/R/F1 (Macro): 0.2266/0.3080/0.2443 | LR: 0.000001
Epoch [95/100] | SVD update #95: pairs=465, sweeps=10, converged=False, rel_change=1.439e-03, effective_ranks=(316, 30), class_paired=True
Epoch [95/100] | Loss: 5.6641 (Cls: 5.6131, TAL: 0.1070, Adv: 0.4765, OT-Reg: 0.001471) | OT inner objective: -0.0958 | Marginal residual row/col/max: 5.64e-04/1.60e-08/5.64e-04 | Train Acc: 0.3973 | Val Acc: 0.1750 | Val P/R/F1 (Macro): 0.3616/0.3761/0.2576 | LR: 0.000001
Epoch [96/100] | SVD update #96: pairs=465, sweeps=9, converged=True, rel_change=5.363e-04, effective_ranks=(316, 22), class_paired=True
Epoch [96/100] | Loss: 5.5677 (Cls: 5.5706, TAL: -0.3010, Adv: 0.4146, OT-Reg: 0.001556) | OT inner objective: -0.3196 | Marginal residual row/col/max: 4.62e-04/1.13e-08/4.62e-04 | Train Acc: 0.3996 | Val Acc: 0.2167 | Val P/R/F1 (Macro): 0.3514/0.3675/0.3247 | LR: 0.000001
Epoch [97/100] | SVD update #97: pairs=465, sweeps=4, converged=True, rel_change=2.203e-04, effective_ranks=(316, 25), class_paired=True
Epoch [97/100] | Loss: 5.5587 (Cls: 5.5594, TAL: -0.3039, Adv: 0.4476, OT-Reg: 0.001502) | OT inner objective: -0.1934 | Marginal residual row/col/max: 4.74e-04/1.45e-08/4.74e-04 | Train Acc: 0.3683 | Val Acc: 0.3000 | Val P/R/F1 (Macro): 0.3399/0.3746/0.3391 | LR: 0.000001
Epoch [98/100] | SVD update #98: pairs=465, sweeps=5, converged=True, rel_change=7.812e-04, effective_ranks=(312, 22), class_paired=True
Epoch [98/100] | Loss: 5.7516 (Cls: 5.7282, TAL: -0.2228, Adv: 0.6264, OT-Reg: 0.001361) | OT inner objective: -0.2529 | Marginal residual row/col/max: 1.04e-03/1.77e-08/1.04e-03 | Train Acc: 0.4286 | Val Acc: 0.3083 | Val P/R/F1 (Macro): 0.3756/0.4749/0.3860 | LR: 0.000001
Epoch [99/100] | SVD update #99: pairs=465, sweeps=10, converged=False, rel_change=5.652e-03, effective_ranks=(312, 22), class_paired=True
Epoch [99/100] | Loss: 5.6004 (Cls: 5.5864, TAL: -0.2439, Adv: 0.5411, OT-Reg: 0.001461) | OT inner objective: -0.2360 | Marginal residual row/col/max: 8.50e-04/1.53e-08/8.50e-04 | Train Acc: 0.3973 | Val Acc: 0.1500 | Val P/R/F1 (Macro): 0.2622/0.3490/0.2383 | LR: 0.000001
Epoch [100/100] | SVD update #100: pairs=465, sweeps=5, converged=True, rel_change=5.787e-04, effective_ranks=(313, 23), class_paired=True
Epoch [100/100] | Loss: 5.6018 (Cls: 5.6019, TAL: -0.2534, Adv: 0.3798, OT-Reg: 0.001347) | OT inner objective: -0.2481 | Marginal residual row/col/max: 8.39e-04/1.28e-08/8.39e-04 | Train Acc: 0.3571 | Val Acc: 0.5083 | Val P/R/F1 (Macro): 0.4686/0.5097/0.4534 | LR: 0.000001
  >>> New Best Val Acc: 0.5083
Report strategy: best, window=10, reported_acc=0.5083, best_acc=0.5083, selected_epoch=100

迭代 1 报告指标:
  Accuracy: 0.5083
  Precision (Macro): 0.4686
  Recall (Macro): 0.5097
  F1 (Macro): 0.4534
  Precision (Micro): 0.5083
  Recall (Micro): 0.5083
  F1 (Micro): 0.5083
  Val class coverage: 8/14 (0.5714), samples=120

================================================================================
迭代 2/5
随机种子: 43
================================================================================
Training mode: full target-label supervision (class-paired batches).
Feature fusion: Tensor alignment (512+512 -> 16+16); fused_dim=32
Domain adaptation: Neural OT generator with 3-domain discriminator
Loss weights: tensor=0.12, adv=0.08
Transport: mode=sinkhorn, epsilon=0.1, Sinkhorn iterations=50, correction scale=0.1, correction regularization weight=0.001
Tensor projection update: once per epoch from the complete target-training pairing bank; projection_dim=16, max_sweeps=10, relative singular-value tolerance=0.001
Epoch [1/100] | SVD update #1: pairs=465, sweeps=3, converged=True, rel_change=2.254e-05, effective_ranks=(317, 205), class_paired=True
Epoch [1/100] | Loss: 7.4468 (Cls: 7.4552, TAL: -0.2246, Adv: 0.2322, OT-Reg: 0.001523) | OT inner objective: 0.1671 | Marginal residual row/col/max: 1.16e-08/1.22e-08/1.40e-08 | Train Acc: 0.2210 | Val Acc: 0.0917 | Val P/R/F1 (Macro): 0.0386/0.2500/0.0620 | LR: 0.000005
  >>> New Best Val Acc: 0.0917
Epoch [2/100] | SVD update #2: pairs=465, sweeps=6, converged=True, rel_change=3.847e-04, effective_ranks=(317, 111), class_paired=True
Epoch [2/100] | Loss: 6.6512 (Cls: 6.6588, TAL: -0.2106, Adv: 0.2201, OT-Reg: 0.001508) | OT inner objective: 0.2099 | Marginal residual row/col/max: 2.66e-07/2.94e-08/2.81e-07 | Train Acc: 0.2455 | Val Acc: 0.4833 | Val P/R/F1 (Macro): 0.4144/0.4754/0.3972 | LR: 0.000005
  >>> New Best Val Acc: 0.4833
Epoch [3/100] | SVD update #3: pairs=465, sweeps=10, converged=False, rel_change=2.438e-02, effective_ranks=(316, 56), class_paired=True
Epoch [3/100] | Loss: 7.4183 (Cls: 7.4078, TAL: -0.0585, Adv: 0.2194, OT-Reg: 0.001447) | OT inner objective: 0.1121 | Marginal residual row/col/max: 4.47e-05/2.47e-08/4.47e-05 | Train Acc: 0.1763 | Val Acc: 0.2167 | Val P/R/F1 (Macro): 0.1763/0.3450/0.1724 | LR: 0.000005
Epoch [4/100] | SVD update #4: pairs=465, sweeps=10, converged=False, rel_change=4.657e-03, effective_ranks=(316, 47), class_paired=True
Epoch [4/100] | Loss: 6.9520 (Cls: 6.9263, TAL: 0.0661, Adv: 0.2226, OT-Reg: 0.001462) | OT inner objective: 0.0878 | Marginal residual row/col/max: 5.10e-05/2.28e-08/5.10e-05 | Train Acc: 0.1875 | Val Acc: 0.2000 | Val P/R/F1 (Macro): 0.2379/0.3804/0.2525 | LR: 0.000005
Epoch [5/100] | SVD update #5: pairs=465, sweeps=10, converged=False, rel_change=5.974e-03, effective_ranks=(316, 29), class_paired=True
Epoch [5/100] | Loss: 7.1215 (Cls: 7.1131, TAL: -0.0829, Adv: 0.2294, OT-Reg: 0.001532) | OT inner objective: 0.1865 | Marginal residual row/col/max: 4.64e-05/2.09e-08/4.64e-05 | Train Acc: 0.1830 | Val Acc: 0.1167 | Val P/R/F1 (Macro): 0.2054/0.3059/0.1927 | LR: 0.000005
Epoch [6/100] | SVD update #6: pairs=465, sweeps=10, converged=False, rel_change=4.123e-01, effective_ranks=(317, 37), class_paired=True
Epoch [6/100] | Loss: 6.2723 (Cls: 6.2604, TAL: -0.0503, Adv: 0.2251, OT-Reg: 0.001399) | OT inner objective: 0.0510 | Marginal residual row/col/max: 4.52e-05/2.49e-08/4.52e-05 | Train Acc: 0.3058 | Val Acc: 0.3250 | Val P/R/F1 (Macro): 0.3272/0.4077/0.3369 | LR: 0.000005
Epoch [7/100] | SVD update #7: pairs=465, sweeps=10, converged=False, rel_change=1.282e-01, effective_ranks=(317, 52), class_paired=True
Epoch [7/100] | Loss: 6.7626 (Cls: 6.7731, TAL: -0.2056, Adv: 0.1781, OT-Reg: 0.001519) | OT inner objective: 0.0625 | Marginal residual row/col/max: 2.93e-08/1.17e-08/3.09e-08 | Train Acc: 0.2321 | Val Acc: 0.0917 | Val P/R/F1 (Macro): 0.0861/0.2517/0.1054 | LR: 0.000005
Epoch [8/100] | SVD update #8: pairs=465, sweeps=6, converged=True, rel_change=3.027e-04, effective_ranks=(316, 27), class_paired=True
Epoch [8/100] | Loss: 5.9195 (Cls: 5.9380, TAL: -0.2969, Adv: 0.2146, OT-Reg: 0.001513) | OT inner objective: 0.0917 | Marginal residual row/col/max: 7.28e-05/2.50e-08/7.28e-05 | Train Acc: 0.3661 | Val Acc: 0.2250 | Val P/R/F1 (Macro): 0.4458/0.3991/0.3401 | LR: 0.000005
Epoch [9/100] | SVD update #9: pairs=465, sweeps=10, converged=False, rel_change=1.140e-03, effective_ranks=(317, 25), class_paired=True
Epoch [9/100] | Loss: 6.0117 (Cls: 6.0040, TAL: -0.0543, Adv: 0.1777, OT-Reg: 0.001542) | OT inner objective: 0.1906 | Marginal residual row/col/max: 8.14e-08/2.61e-08/9.23e-08 | Train Acc: 0.2835 | Val Acc: 0.2917 | Val P/R/F1 (Macro): 0.5289/0.4739/0.3667 | LR: 0.000005
Epoch [10/100] | SVD update #10: pairs=465, sweeps=7, converged=True, rel_change=9.617e-04, effective_ranks=(315, 25), class_paired=True
Epoch [10/100] | Loss: 5.6627 (Cls: 5.6766, TAL: -0.2327, Adv: 0.1759, OT-Reg: 0.001515) | OT inner objective: 0.0515 | Marginal residual row/col/max: 6.94e-06/1.77e-08/6.94e-06 | Train Acc: 0.3683 | Val Acc: 0.2250 | Val P/R/F1 (Macro): 0.4214/0.5403/0.3356 | LR: 0.000005
Epoch [11/100] | SVD update #11: pairs=465, sweeps=6, converged=True, rel_change=3.195e-04, effective_ranks=(315, 21), class_paired=True
Epoch [11/100] | Loss: 5.0508 (Cls: 5.0808, TAL: -0.3542, Adv: 0.1561, OT-Reg: 0.001456) | OT inner objective: 0.0097 | Marginal residual row/col/max: 4.63e-05/1.28e-08/4.63e-05 | Train Acc: 0.4643 | Val Acc: 0.2333 | Val P/R/F1 (Macro): 0.6453/0.5026/0.3960 | LR: 0.000005
Epoch [12/100] | SVD update #12: pairs=465, sweeps=5, converged=True, rel_change=8.271e-04, effective_ranks=(317, 21), class_paired=True
Epoch [12/100] | Loss: 4.4939 (Cls: 4.5204, TAL: -0.3209, Adv: 0.1492, OT-Reg: 0.001457) | OT inner objective: -0.0585 | Marginal residual row/col/max: 1.20e-05/1.18e-08/1.20e-05 | Train Acc: 0.6138 | Val Acc: 0.3083 | Val P/R/F1 (Macro): 0.5079/0.6304/0.4557 | LR: 0.000005
Epoch [13/100] | SVD update #13: pairs=465, sweeps=5, converged=True, rel_change=2.027e-04, effective_ranks=(317, 20), class_paired=True
Epoch [13/100] | Loss: 4.5183 (Cls: 4.5434, TAL: -0.3406, Adv: 0.1975, OT-Reg: 0.001412) | OT inner objective: -0.0755 | Marginal residual row/col/max: 9.03e-05/1.92e-08/9.03e-05 | Train Acc: 0.5670 | Val Acc: 0.1833 | Val P/R/F1 (Macro): 0.4002/0.3190/0.2667 | LR: 0.000003
Epoch [14/100] | SVD update #14: pairs=465, sweeps=10, converged=False, rel_change=3.260e-02, effective_ranks=(315, 25), class_paired=True
Epoch [14/100] | Loss: 6.5685 (Cls: 6.5544, TAL: -0.0951, Adv: 0.3186, OT-Reg: 0.001498) | OT inner objective: 0.1015 | Marginal residual row/col/max: 2.31e-06/2.77e-08/2.31e-06 | Train Acc: 0.3728 | Val Acc: 0.2083 | Val P/R/F1 (Macro): 0.2341/0.3395/0.2193 | LR: 0.000003
Epoch [15/100] | SVD update #15: pairs=465, sweeps=5, converged=True, rel_change=6.539e-04, effective_ranks=(313, 16), class_paired=True
Epoch [15/100] | Loss: 5.2414 (Cls: 5.2600, TAL: -0.2581, Adv: 0.1552, OT-Reg: 0.001454) | OT inner objective: 0.0272 | Marginal residual row/col/max: 5.56e-05/1.73e-08/5.56e-05 | Train Acc: 0.4196 | Val Acc: 0.1167 | Val P/R/F1 (Macro): 0.3622/0.3421/0.2381 | LR: 0.000003
Epoch [16/100] | SVD update #16: pairs=465, sweeps=6, converged=True, rel_change=5.135e-04, effective_ranks=(316, 21), class_paired=True
Epoch [16/100] | Loss: 5.2108 (Cls: 5.2224, TAL: -0.2386, Adv: 0.2124, OT-Reg: 0.001451) | OT inner objective: -0.0393 | Marginal residual row/col/max: 2.25e-05/1.32e-08/2.25e-05 | Train Acc: 0.4487 | Val Acc: 0.2083 | Val P/R/F1 (Macro): 0.3700/0.5300/0.3278 | LR: 0.000003
Epoch [17/100] | SVD update #17: pairs=465, sweeps=5, converged=True, rel_change=5.211e-04, effective_ranks=(316, 20), class_paired=True
Epoch [17/100] | Loss: 4.8738 (Cls: 4.9124, TAL: -0.4083, Adv: 0.1298, OT-Reg: 0.001432) | OT inner objective: -0.1524 | Marginal residual row/col/max: 8.95e-06/9.85e-09/8.95e-06 | Train Acc: 0.4955 | Val Acc: 0.2500 | Val P/R/F1 (Macro): 0.5656/0.4820/0.3455 | LR: 0.000003
Epoch [18/100] | SVD update #18: pairs=465, sweeps=6, converged=True, rel_change=6.395e-04, effective_ranks=(317, 24), class_paired=True
Epoch [18/100] | Loss: 4.6447 (Cls: 4.6672, TAL: -0.3463, Adv: 0.2383, OT-Reg: 0.001470) | OT inner objective: 0.0249 | Marginal residual row/col/max: 3.75e-06/1.92e-08/3.75e-06 | Train Acc: 0.5424 | Val Acc: 0.1583 | Val P/R/F1 (Macro): 0.6289/0.4204/0.3331 | LR: 0.000003
Epoch [19/100] | SVD update #19: pairs=465, sweeps=4, converged=True, rel_change=3.962e-04, effective_ranks=(316, 24), class_paired=True
Epoch [19/100] | Loss: 4.3881 (Cls: 4.4244, TAL: -0.4254, Adv: 0.1844, OT-Reg: 0.001409) | OT inner objective: -0.0383 | Marginal residual row/col/max: 3.47e-05/1.74e-08/3.47e-05 | Train Acc: 0.5893 | Val Acc: 0.1583 | Val P/R/F1 (Macro): 0.6497/0.4051/0.3448 | LR: 0.000003
Epoch [20/100] | SVD update #20: pairs=465, sweeps=6, converged=True, rel_change=5.239e-04, effective_ranks=(316, 27), class_paired=True
Epoch [20/100] | Loss: 4.4538 (Cls: 4.4795, TAL: -0.3084, Adv: 0.1415, OT-Reg: 0.001426) | OT inner objective: -0.1215 | Marginal residual row/col/max: 6.53e-05/1.09e-08/6.53e-05 | Train Acc: 0.5692 | Val Acc: 0.1917 | Val P/R/F1 (Macro): 0.4160/0.4315/0.3512 | LR: 0.000003
Epoch [21/100] | SVD update #21: pairs=465, sweeps=7, converged=True, rel_change=7.540e-04, effective_ranks=(316, 23), class_paired=True
Epoch [21/100] | Loss: 4.8742 (Cls: 4.8991, TAL: -0.2824, Adv: 0.1117, OT-Reg: 0.001379) | OT inner objective: -0.2047 | Marginal residual row/col/max: 5.55e-05/1.01e-08/5.55e-05 | Train Acc: 0.4241 | Val Acc: 0.1833 | Val P/R/F1 (Macro): 0.4482/0.4038/0.3083 | LR: 0.000003
Epoch [22/100] | SVD update #22: pairs=465, sweeps=7, converged=True, rel_change=4.530e-04, effective_ranks=(314, 30), class_paired=True
Epoch [22/100] | Loss: 4.2361 (Cls: 4.2802, TAL: -0.4347, Adv: 0.1009, OT-Reg: 0.001392) | OT inner objective: -0.0907 | Marginal residual row/col/max: 3.72e-05/2.02e-08/3.72e-05 | Train Acc: 0.5513 | Val Acc: 0.1667 | Val P/R/F1 (Macro): 0.3379/0.3475/0.2545 | LR: 0.000003
Epoch [23/100] | SVD update #23: pairs=465, sweeps=6, converged=True, rel_change=5.918e-04, effective_ranks=(315, 25), class_paired=True
Epoch [23/100] | Loss: 4.2651 (Cls: 4.3056, TAL: -0.4107, Adv: 0.1091, OT-Reg: 0.001431) | OT inner objective: -0.1508 | Marginal residual row/col/max: 5.44e-05/1.05e-08/5.44e-05 | Train Acc: 0.5469 | Val Acc: 0.1250 | Val P/R/F1 (Macro): 0.4295/0.3732/0.2531 | LR: 0.000003
Epoch [24/100] | SVD update #24: pairs=465, sweeps=4, converged=True, rel_change=2.461e-04, effective_ranks=(315, 23), class_paired=True
Epoch [24/100] | Loss: 3.9666 (Cls: 3.9958, TAL: -0.3075, Adv: 0.0959, OT-Reg: 0.001392) | OT inner objective: -0.1017 | Marginal residual row/col/max: 1.73e-05/1.14e-08/1.73e-05 | Train Acc: 0.6094 | Val Acc: 0.1917 | Val P/R/F1 (Macro): 0.5774/0.4813/0.3420 | LR: 0.000001
Epoch [25/100] | SVD update #25: pairs=465, sweeps=5, converged=True, rel_change=4.986e-04, effective_ranks=(316, 25), class_paired=True
Epoch [25/100] | Loss: 3.9353 (Cls: 3.9774, TAL: -0.4236, Adv: 0.1088, OT-Reg: 0.001370) | OT inner objective: -0.1878 | Marginal residual row/col/max: 2.74e-05/1.17e-08/2.74e-05 | Train Acc: 0.6004 | Val Acc: 0.2083 | Val P/R/F1 (Macro): 0.4610/0.4767/0.3822 | LR: 0.000001
Epoch [26/100] | SVD update #26: pairs=465, sweeps=5, converged=True, rel_change=3.722e-04, effective_ranks=(315, 23), class_paired=True
Epoch [26/100] | Loss: 3.9196 (Cls: 3.9511, TAL: -0.3283, Adv: 0.0997, OT-Reg: 0.001334) | OT inner objective: -0.0838 | Marginal residual row/col/max: 1.10e-04/1.69e-08/1.10e-04 | Train Acc: 0.6451 | Val Acc: 0.2250 | Val P/R/F1 (Macro): 0.5881/0.4264/0.3274 | LR: 0.000001
Epoch [27/100] | SVD update #27: pairs=465, sweeps=4, converged=True, rel_change=4.192e-04, effective_ranks=(311, 25), class_paired=True
Epoch [27/100] | Loss: 4.0186 (Cls: 4.0586, TAL: -0.4108, Adv: 0.1157, OT-Reg: 0.001413) | OT inner objective: -0.1051 | Marginal residual row/col/max: 1.40e-05/1.32e-08/1.40e-05 | Train Acc: 0.6250 | Val Acc: 0.1750 | Val P/R/F1 (Macro): 0.4850/0.3261/0.2537 | LR: 0.000001
Epoch [28/100] | SVD update #28: pairs=465, sweeps=4, converged=True, rel_change=2.915e-04, effective_ranks=(316, 28), class_paired=True
Epoch [28/100] | Loss: 4.2774 (Cls: 4.3159, TAL: -0.4111, Adv: 0.1346, OT-Reg: 0.001386) | OT inner objective: -0.1594 | Marginal residual row/col/max: 4.82e-05/1.24e-08/4.82e-05 | Train Acc: 0.5625 | Val Acc: 0.2417 | Val P/R/F1 (Macro): 0.5275/0.5187/0.3996 | LR: 0.000001
Epoch [29/100] | SVD update #29: pairs=465, sweeps=5, converged=True, rel_change=7.067e-04, effective_ranks=(316, 26), class_paired=True
Epoch [29/100] | Loss: 4.0524 (Cls: 4.0894, TAL: -0.3808, Adv: 0.1082, OT-Reg: 0.001404) | OT inner objective: -0.1451 | Marginal residual row/col/max: 2.11e-05/1.13e-08/2.11e-05 | Train Acc: 0.6250 | Val Acc: 0.1750 | Val P/R/F1 (Macro): 0.6096/0.4307/0.3160 | LR: 0.000001
Epoch [30/100] | SVD update #30: pairs=465, sweeps=5, converged=True, rel_change=3.572e-04, effective_ranks=(316, 25), class_paired=True
Epoch [30/100] | Loss: 3.8633 (Cls: 3.8956, TAL: -0.3432, Adv: 0.1106, OT-Reg: 0.001378) | OT inner objective: -0.1226 | Marginal residual row/col/max: 9.46e-05/1.05e-08/9.46e-05 | Train Acc: 0.6362 | Val Acc: 0.1583 | Val P/R/F1 (Macro): 0.4354/0.3467/0.2227 | LR: 0.000001
Epoch [31/100] | SVD update #31: pairs=465, sweeps=10, converged=False, rel_change=1.669e-03, effective_ranks=(316, 21), class_paired=True
Epoch [31/100] | Loss: 4.5685 (Cls: 4.5816, TAL: -0.1911, Adv: 0.1226, OT-Reg: 0.001408) | OT inner objective: -0.0882 | Marginal residual row/col/max: 1.85e-05/1.21e-08/1.85e-05 | Train Acc: 0.5446 | Val Acc: 0.1583 | Val P/R/F1 (Macro): 0.5161/0.3034/0.2315 | LR: 0.000001
Epoch [32/100] | SVD update #32: pairs=465, sweeps=6, converged=True, rel_change=2.137e-04, effective_ranks=(317, 28), class_paired=True
Epoch [32/100] | Loss: 3.7898 (Cls: 3.8153, TAL: -0.2921, Adv: 0.1190, OT-Reg: 0.001403) | OT inner objective: -0.1169 | Marginal residual row/col/max: 5.28e-05/1.36e-08/5.28e-05 | Train Acc: 0.6830 | Val Acc: 0.1500 | Val P/R/F1 (Macro): 0.4397/0.3723/0.2832 | LR: 0.000001
Epoch [33/100] | SVD update #33: pairs=465, sweeps=6, converged=True, rel_change=5.041e-04, effective_ranks=(316, 25), class_paired=True
Epoch [33/100] | Loss: 4.0475 (Cls: 4.0979, TAL: -0.4915, Adv: 0.1071, OT-Reg: 0.001406) | OT inner objective: -0.0811 | Marginal residual row/col/max: 3.64e-05/1.06e-08/3.64e-05 | Train Acc: 0.6339 | Val Acc: 0.1583 | Val P/R/F1 (Macro): 0.3812/0.2807/0.1859 | LR: 0.000001
Epoch [34/100] | SVD update #34: pairs=465, sweeps=4, converged=True, rel_change=4.562e-04, effective_ranks=(317, 25), class_paired=True
Epoch [34/100] | Loss: 3.7685 (Cls: 3.7975, TAL: -0.3007, Adv: 0.0884, OT-Reg: 0.001358) | OT inner objective: -0.0747 | Marginal residual row/col/max: 1.30e-04/1.04e-08/1.30e-04 | Train Acc: 0.6451 | Val Acc: 0.1750 | Val P/R/F1 (Macro): 0.5353/0.3396/0.2721 | LR: 0.000001
Epoch [35/100] | SVD update #35: pairs=465, sweeps=4, converged=True, rel_change=5.845e-04, effective_ranks=(316, 27), class_paired=True
Epoch [35/100] | Loss: 3.8076 (Cls: 3.8444, TAL: -0.3708, Adv: 0.0958, OT-Reg: 0.001363) | OT inner objective: -0.1164 | Marginal residual row/col/max: 9.43e-05/1.08e-08/9.43e-05 | Train Acc: 0.6763 | Val Acc: 0.1417 | Val P/R/F1 (Macro): 0.4381/0.3259/0.2488 | LR: 0.000001
Epoch [36/100] | SVD update #36: pairs=465, sweeps=5, converged=True, rel_change=2.066e-04, effective_ranks=(316, 25), class_paired=True
Epoch [36/100] | Loss: 3.8280 (Cls: 3.8627, TAL: -0.3651, Adv: 0.1130, OT-Reg: 0.001345) | OT inner objective: -0.1370 | Marginal residual row/col/max: 5.54e-05/1.01e-08/5.54e-05 | Train Acc: 0.6585 | Val Acc: 0.2417 | Val P/R/F1 (Macro): 0.5973/0.4741/0.3827 | LR: 0.000001
Epoch [37/100] | SVD update #37: pairs=465, sweeps=3, converged=True, rel_change=8.583e-04, effective_ranks=(317, 24), class_paired=True
Epoch [37/100] | Loss: 3.7247 (Cls: 3.7649, TAL: -0.3963, Adv: 0.0914, OT-Reg: 0.001385) | OT inner objective: -0.0642 | Marginal residual row/col/max: 1.19e-04/1.16e-08/1.19e-04 | Train Acc: 0.6607 | Val Acc: 0.1417 | Val P/R/F1 (Macro): 0.3662/0.3089/0.1651 | LR: 0.000001
Epoch [38/100] | SVD update #38: pairs=465, sweeps=4, converged=True, rel_change=2.032e-04, effective_ranks=(314, 27), class_paired=True
Epoch [38/100] | Loss: 3.8361 (Cls: 3.8755, TAL: -0.3790, Adv: 0.0758, OT-Reg: 0.001408) | OT inner objective: -0.0063 | Marginal residual row/col/max: 9.45e-06/1.78e-08/9.45e-06 | Train Acc: 0.6362 | Val Acc: 0.2333 | Val P/R/F1 (Macro): 0.5586/0.4633/0.3448 | LR: 0.000001
Epoch [39/100] | SVD update #39: pairs=465, sweeps=3, converged=True, rel_change=8.881e-04, effective_ranks=(316, 29), class_paired=True
Epoch [39/100] | Loss: 3.5061 (Cls: 3.5504, TAL: -0.4055, Adv: 0.0542, OT-Reg: 0.001382) | OT inner objective: -0.1583 | Marginal residual row/col/max: 1.17e-04/1.06e-08/1.17e-04 | Train Acc: 0.6808 | Val Acc: 0.2500 | Val P/R/F1 (Macro): 0.5844/0.4968/0.3820 | LR: 0.000001
Epoch [40/100] | SVD update #40: pairs=465, sweeps=5, converged=True, rel_change=1.586e-04, effective_ranks=(316, 27), class_paired=True
Epoch [40/100] | Loss: 3.4101 (Cls: 3.4385, TAL: -0.2845, Adv: 0.0723, OT-Reg: 0.001405) | OT inner objective: -0.1268 | Marginal residual row/col/max: 9.58e-05/1.52e-08/9.58e-05 | Train Acc: 0.7366 | Val Acc: 0.2417 | Val P/R/F1 (Macro): 0.5887/0.4873/0.3851 | LR: 0.000001
Epoch [41/100] | SVD update #41: pairs=465, sweeps=4, converged=True, rel_change=4.229e-04, effective_ranks=(317, 27), class_paired=True
Epoch [41/100] | Loss: 3.3368 (Cls: 3.3703, TAL: -0.3292, Adv: 0.0750, OT-Reg: 0.001396) | OT inner objective: -0.0246 | Marginal residual row/col/max: 9.56e-05/1.14e-08/9.56e-05 | Train Acc: 0.7433 | Val Acc: 0.2667 | Val P/R/F1 (Macro): 0.6195/0.5528/0.4425 | LR: 0.000001
Epoch [42/100] | SVD update #42: pairs=465, sweeps=4, converged=True, rel_change=4.901e-04, effective_ranks=(315, 30), class_paired=True
Epoch [42/100] | Loss: 3.6649 (Cls: 3.7023, TAL: -0.3634, Adv: 0.0782, OT-Reg: 0.001406) | OT inner objective: -0.0332 | Marginal residual row/col/max: 4.12e-05/1.28e-08/4.12e-05 | Train Acc: 0.6942 | Val Acc: 0.1417 | Val P/R/F1 (Macro): 0.2532/0.2636/0.1550 | LR: 0.000001
Epoch [43/100] | SVD update #43: pairs=465, sweeps=4, converged=True, rel_change=7.667e-04, effective_ranks=(317, 33), class_paired=True
Epoch [43/100] | Loss: 3.5413 (Cls: 3.5919, TAL: -0.4960, Adv: 0.1111, OT-Reg: 0.001382) | OT inner objective: -0.1752 | Marginal residual row/col/max: 8.66e-05/1.09e-08/8.66e-05 | Train Acc: 0.7121 | Val Acc: 0.2000 | Val P/R/F1 (Macro): 0.3781/0.3692/0.2662 | LR: 0.000001
Epoch [44/100] | SVD update #44: pairs=465, sweeps=5, converged=True, rel_change=2.537e-04, effective_ranks=(317, 32), class_paired=True
Epoch [44/100] | Loss: 3.4107 (Cls: 3.4471, TAL: -0.3629, Adv: 0.0883, OT-Reg: 0.001397) | OT inner objective: -0.1206 | Marginal residual row/col/max: 2.48e-05/1.17e-08/2.48e-05 | Train Acc: 0.7455 | Val Acc: 0.2167 | Val P/R/F1 (Macro): 0.5129/0.4952/0.3850 | LR: 0.000001
Epoch [45/100] | SVD update #45: pairs=465, sweeps=4, converged=True, rel_change=9.536e-04, effective_ranks=(316, 34), class_paired=True
Epoch [45/100] | Loss: 3.3867 (Cls: 3.4327, TAL: -0.4399, Adv: 0.0845, OT-Reg: 0.001406) | OT inner objective: -0.0257 | Marginal residual row/col/max: 5.88e-05/1.90e-08/5.88e-05 | Train Acc: 0.7143 | Val Acc: 0.2667 | Val P/R/F1 (Macro): 0.6021/0.5397/0.4504 | LR: 0.000001
Epoch [46/100] | SVD update #46: pairs=465, sweeps=4, converged=True, rel_change=4.477e-04, effective_ranks=(316, 34), class_paired=True
Epoch [46/100] | Loss: 3.3108 (Cls: 3.3620, TAL: -0.5123, Adv: 0.1280, OT-Reg: 0.001358) | OT inner objective: -0.1551 | Marginal residual row/col/max: 1.87e-04/1.16e-08/1.87e-04 | Train Acc: 0.7254 | Val Acc: 0.1833 | Val P/R/F1 (Macro): 0.5407/0.4030/0.3304 | LR: 0.000001
Epoch [47/100] | SVD update #47: pairs=465, sweeps=5, converged=True, rel_change=7.379e-04, effective_ranks=(316, 34), class_paired=True
Epoch [47/100] | Loss: 3.2166 (Cls: 3.2663, TAL: -0.4761, Adv: 0.0933, OT-Reg: 0.001380) | OT inner objective: -0.0426 | Marginal residual row/col/max: 3.77e-05/1.33e-08/3.77e-05 | Train Acc: 0.7812 | Val Acc: 0.2333 | Val P/R/F1 (Macro): 0.6317/0.4302/0.3961 | LR: 0.000001
Epoch [48/100] | SVD update #48: pairs=465, sweeps=4, converged=True, rel_change=5.538e-04, effective_ranks=(317, 35), class_paired=True
Epoch [48/100] | Loss: 3.3057 (Cls: 3.3429, TAL: -0.4041, Adv: 0.1419, OT-Reg: 0.001203) | OT inner objective: -0.0747 | Marginal residual row/col/max: 1.16e-04/1.08e-08/1.16e-04 | Train Acc: 0.7857 | Val Acc: 0.2000 | Val P/R/F1 (Macro): 0.3419/0.2967/0.1926 | LR: 0.000001
Epoch [49/100] | SVD update #49: pairs=465, sweeps=5, converged=True, rel_change=2.711e-04, effective_ranks=(316, 31), class_paired=True
Epoch [49/100] | Loss: 3.5077 (Cls: 3.5499, TAL: -0.4216, Adv: 0.1049, OT-Reg: 0.001359) | OT inner objective: -0.1331 | Marginal residual row/col/max: 8.66e-05/1.01e-08/8.66e-05 | Train Acc: 0.7321 | Val Acc: 0.1417 | Val P/R/F1 (Macro): 0.5874/0.2854/0.2209 | LR: 0.000001
Epoch [50/100] | SVD update #50: pairs=465, sweeps=5, converged=True, rel_change=5.185e-04, effective_ranks=(316, 34), class_paired=True
Epoch [50/100] | Loss: 3.3837 (Cls: 3.4213, TAL: -0.3802, Adv: 0.1007, OT-Reg: 0.001355) | OT inner objective: -0.1643 | Marginal residual row/col/max: 1.38e-05/1.02e-08/1.38e-05 | Train Acc: 0.7321 | Val Acc: 0.1583 | Val P/R/F1 (Macro): 0.4875/0.3517/0.2728 | LR: 0.000001
Epoch [51/100] | SVD update #51: pairs=465, sweeps=6, converged=True, rel_change=3.483e-04, effective_ranks=(316, 35), class_paired=True
Epoch [51/100] | Loss: 3.2336 (Cls: 3.2728, TAL: -0.4171, Adv: 0.1359, OT-Reg: 0.001327) | OT inner objective: -0.1478 | Marginal residual row/col/max: 2.61e-05/1.01e-08/2.61e-05 | Train Acc: 0.7567 | Val Acc: 0.1500 | Val P/R/F1 (Macro): 0.3914/0.3077/0.2455 | LR: 0.000001
Epoch [52/100] | SVD update #52: pairs=465, sweeps=4, converged=True, rel_change=2.827e-04, effective_ranks=(317, 34), class_paired=True
Epoch [52/100] | Loss: 3.4898 (Cls: 3.5295, TAL: -0.4200, Adv: 0.1328, OT-Reg: 0.001344) | OT inner objective: -0.1266 | Marginal residual row/col/max: 2.95e-05/1.12e-08/2.95e-05 | Train Acc: 0.7299 | Val Acc: 0.2000 | Val P/R/F1 (Macro): 0.5108/0.4394/0.3222 | LR: 0.000001
Epoch [53/100] | SVD update #53: pairs=465, sweeps=6, converged=True, rel_change=6.774e-04, effective_ranks=(316, 36), class_paired=True
Epoch [53/100] | Loss: 3.3617 (Cls: 3.4039, TAL: -0.4529, Adv: 0.1523, OT-Reg: 0.001385) | OT inner objective: -0.1318 | Marginal residual row/col/max: 3.90e-05/1.05e-08/3.90e-05 | Train Acc: 0.7612 | Val Acc: 0.1833 | Val P/R/F1 (Macro): 0.5326/0.4539/0.2885 | LR: 0.000001
Epoch [54/100] | SVD update #54: pairs=465, sweeps=4, converged=True, rel_change=9.733e-04, effective_ranks=(316, 38), class_paired=True
Epoch [54/100] | Loss: 3.4103 (Cls: 3.4622, TAL: -0.5087, Adv: 0.1148, OT-Reg: 0.001375) | OT inner objective: -0.0909 | Marginal residual row/col/max: 9.91e-05/1.57e-08/9.91e-05 | Train Acc: 0.7500 | Val Acc: 0.2167 | Val P/R/F1 (Macro): 0.6028/0.4680/0.3655 | LR: 0.000001
Epoch [55/100] | SVD update #55: pairs=465, sweeps=6, converged=True, rel_change=6.029e-04, effective_ranks=(317, 37), class_paired=True
Epoch [55/100] | Loss: 3.3905 (Cls: 3.4365, TAL: -0.4690, Adv: 0.1280, OT-Reg: 0.001341) | OT inner objective: -0.0598 | Marginal residual row/col/max: 6.03e-05/1.06e-08/6.03e-05 | Train Acc: 0.7098 | Val Acc: 0.2333 | Val P/R/F1 (Macro): 0.6420/0.5073/0.3987 | LR: 0.000001
Epoch [56/100] | SVD update #56: pairs=465, sweeps=5, converged=True, rel_change=4.679e-04, effective_ranks=(314, 35), class_paired=True
Epoch [56/100] | Loss: 3.4951 (Cls: 3.5297, TAL: -0.3931, Adv: 0.1569, OT-Reg: 0.001328) | OT inner objective: -0.1532 | Marginal residual row/col/max: 8.33e-05/1.05e-08/8.33e-05 | Train Acc: 0.7277 | Val Acc: 0.1833 | Val P/R/F1 (Macro): 0.4646/0.3466/0.2463 | LR: 0.000001
Epoch [57/100] | SVD update #57: pairs=465, sweeps=5, converged=True, rel_change=8.047e-04, effective_ranks=(316, 31), class_paired=True
Epoch [57/100] | Loss: 3.5433 (Cls: 3.5761, TAL: -0.3931, Adv: 0.1785, OT-Reg: 0.001379) | OT inner objective: -0.0727 | Marginal residual row/col/max: 8.49e-06/1.18e-08/8.49e-06 | Train Acc: 0.7098 | Val Acc: 0.2083 | Val P/R/F1 (Macro): 0.4280/0.3990/0.2591 | LR: 0.000001
Epoch [58/100] | SVD update #58: pairs=465, sweeps=5, converged=True, rel_change=2.004e-04, effective_ranks=(315, 41), class_paired=True
Epoch [58/100] | Loss: 3.7202 (Cls: 3.7606, TAL: -0.4297, Adv: 0.1394, OT-Reg: 0.001368) | OT inner objective: -0.1449 | Marginal residual row/col/max: 3.94e-05/1.10e-08/3.94e-05 | Train Acc: 0.7188 | Val Acc: 0.1917 | Val P/R/F1 (Macro): 0.3633/0.3864/0.2498 | LR: 0.000001
Epoch [59/100] | SVD update #59: pairs=465, sweeps=6, converged=True, rel_change=6.248e-04, effective_ranks=(317, 45), class_paired=True
Epoch [59/100] | Loss: 3.4139 (Cls: 3.4406, TAL: -0.3450, Adv: 0.1842, OT-Reg: 0.001309) | OT inner objective: -0.0393 | Marginal residual row/col/max: 4.49e-05/1.14e-08/4.49e-05 | Train Acc: 0.7567 | Val Acc: 0.2000 | Val P/R/F1 (Macro): 0.5005/0.3395/0.2334 | LR: 0.000001
Epoch [60/100] | SVD update #60: pairs=465, sweeps=5, converged=True, rel_change=5.338e-04, effective_ranks=(316, 38), class_paired=True
Epoch [60/100] | Loss: 3.4708 (Cls: 3.5014, TAL: -0.4035, Adv: 0.2231, OT-Reg: 0.001326) | OT inner objective: -0.0965 | Marginal residual row/col/max: 8.53e-05/1.30e-08/8.53e-05 | Train Acc: 0.7232 | Val Acc: 0.2083 | Val P/R/F1 (Macro): 0.5319/0.4258/0.3297 | LR: 0.000001
Epoch [61/100] | SVD update #61: pairs=465, sweeps=4, converged=True, rel_change=9.177e-04, effective_ranks=(314, 38), class_paired=True
Epoch [61/100] | Loss: 3.4873 (Cls: 3.5239, TAL: -0.4420, Adv: 0.2048, OT-Reg: 0.001288) | OT inner objective: -0.0801 | Marginal residual row/col/max: 2.20e-05/1.13e-08/2.20e-05 | Train Acc: 0.6942 | Val Acc: 0.2333 | Val P/R/F1 (Macro): 0.6056/0.4641/0.3754 | LR: 0.000001
Epoch [62/100] | SVD update #62: pairs=465, sweeps=4, converged=True, rel_change=7.036e-04, effective_ranks=(316, 38), class_paired=True
Epoch [62/100] | Loss: 3.5780 (Cls: 3.6084, TAL: -0.4364, Adv: 0.2750, OT-Reg: 0.001311) | OT inner objective: -0.0518 | Marginal residual row/col/max: 3.30e-05/9.85e-09/3.30e-05 | Train Acc: 0.6384 | Val Acc: 0.1833 | Val P/R/F1 (Macro): 0.3599/0.3679/0.2306 | LR: 0.000001
Epoch [63/100] | SVD update #63: pairs=465, sweeps=5, converged=True, rel_change=4.826e-04, effective_ranks=(317, 45), class_paired=True
Epoch [63/100] | Loss: 3.4430 (Cls: 3.4763, TAL: -0.4109, Adv: 0.1994, OT-Reg: 0.001374) | OT inner objective: -0.0982 | Marginal residual row/col/max: 5.40e-05/1.09e-08/5.40e-05 | Train Acc: 0.6674 | Val Acc: 0.2250 | Val P/R/F1 (Macro): 0.5858/0.4140/0.3209 | LR: 0.000001
Epoch [64/100] | SVD update #64: pairs=465, sweeps=4, converged=True, rel_change=7.864e-04, effective_ranks=(316, 42), class_paired=True
Epoch [64/100] | Loss: 3.5020 (Cls: 3.5352, TAL: -0.4517, Adv: 0.2627, OT-Reg: 0.001275) | OT inner objective: -0.0596 | Marginal residual row/col/max: 9.35e-05/1.20e-08/9.35e-05 | Train Acc: 0.6830 | Val Acc: 0.2250 | Val P/R/F1 (Macro): 0.5232/0.3914/0.2670 | LR: 0.000001
Epoch [65/100] | SVD update #65: pairs=465, sweeps=5, converged=True, rel_change=1.087e-04, effective_ranks=(316, 41), class_paired=True
Epoch [65/100] | Loss: 3.4591 (Cls: 3.4941, TAL: -0.4576, Adv: 0.2493, OT-Reg: 0.001350) | OT inner objective: -0.0560 | Marginal residual row/col/max: 1.40e-04/1.13e-08/1.40e-04 | Train Acc: 0.7076 | Val Acc: 0.2000 | Val P/R/F1 (Macro): 0.4236/0.3590/0.2149 | LR: 0.000001
Epoch [66/100] | SVD update #66: pairs=465, sweeps=5, converged=True, rel_change=9.746e-04, effective_ranks=(313, 42), class_paired=True
Epoch [66/100] | Loss: 3.4444 (Cls: 3.4812, TAL: -0.4694, Adv: 0.2438, OT-Reg: 0.001330) | OT inner objective: -0.0741 | Marginal residual row/col/max: 6.35e-05/1.13e-08/6.35e-05 | Train Acc: 0.6317 | Val Acc: 0.1750 | Val P/R/F1 (Macro): 0.4246/0.4046/0.2802 | LR: 0.000001
Epoch [67/100] | SVD update #67: pairs=465, sweeps=5, converged=True, rel_change=4.455e-04, effective_ranks=(316, 40), class_paired=True
Epoch [67/100] | Loss: 3.2297 (Cls: 3.2581, TAL: -0.4810, Adv: 0.3655, OT-Reg: 0.001334) | OT inner objective: -0.1008 | Marginal residual row/col/max: 6.96e-05/1.13e-08/6.96e-05 | Train Acc: 0.7522 | Val Acc: 0.2000 | Val P/R/F1 (Macro): 0.3961/0.3550/0.2210 | LR: 0.000001
Epoch [68/100] | SVD update #68: pairs=465, sweeps=4, converged=True, rel_change=2.606e-04, effective_ranks=(316, 40), class_paired=True
Epoch [68/100] | Loss: 3.1497 (Cls: 3.1942, TAL: -0.5270, Adv: 0.2342, OT-Reg: 0.001348) | OT inner objective: -0.1532 | Marginal residual row/col/max: 7.01e-05/9.45e-09/7.01e-05 | Train Acc: 0.7299 | Val Acc: 0.1917 | Val P/R/F1 (Macro): 0.3953/0.3769/0.2400 | LR: 0.000001
Epoch [69/100] | SVD update #69: pairs=465, sweeps=4, converged=True, rel_change=9.223e-04, effective_ranks=(315, 38), class_paired=True
Epoch [69/100] | Loss: 3.7052 (Cls: 3.7296, TAL: -0.3520, Adv: 0.2221, OT-Reg: 0.001329) | OT inner objective: -0.1360 | Marginal residual row/col/max: 1.48e-04/1.06e-08/1.48e-04 | Train Acc: 0.5737 | Val Acc: 0.1917 | Val P/R/F1 (Macro): 0.4418/0.4030/0.2847 | LR: 0.000001
Epoch [70/100] | SVD update #70: pairs=465, sweeps=4, converged=True, rel_change=2.300e-04, effective_ranks=(316, 43), class_paired=True
Epoch [70/100] | Loss: 3.7268 (Cls: 3.7490, TAL: -0.4390, Adv: 0.3813, OT-Reg: 0.001327) | OT inner objective: -0.0852 | Marginal residual row/col/max: 1.33e-05/1.05e-08/1.33e-05 | Train Acc: 0.5290 | Val Acc: 0.1833 | Val P/R/F1 (Macro): 0.4791/0.4242/0.2892 | LR: 0.000001
Epoch [71/100] | SVD update #71: pairs=465, sweeps=9, converged=True, rel_change=5.536e-04, effective_ranks=(317, 38), class_paired=True
Epoch [71/100] | Loss: 4.4888 (Cls: 4.4956, TAL: -0.2421, Adv: 0.2791, OT-Reg: 0.001347) | OT inner objective: -0.0219 | Marginal residual row/col/max: 2.10e-05/1.04e-08/2.10e-05 | Train Acc: 0.3638 | Val Acc: 0.1667 | Val P/R/F1 (Macro): 0.3454/0.4539/0.2955 | LR: 0.000001
Epoch [72/100] | SVD update #72: pairs=465, sweeps=4, converged=True, rel_change=3.803e-04, effective_ranks=(315, 36), class_paired=True
Epoch [72/100] | Loss: 4.2824 (Cls: 4.3002, TAL: -0.3128, Adv: 0.2464, OT-Reg: 0.001284) | OT inner objective: -0.0269 | Marginal residual row/col/max: 1.74e-05/9.98e-09/1.74e-05 | Train Acc: 0.4129 | Val Acc: 0.2333 | Val P/R/F1 (Macro): 0.3657/0.5075/0.3467 | LR: 0.000001
Epoch [73/100] | SVD update #73: pairs=465, sweeps=5, converged=True, rel_change=8.806e-04, effective_ranks=(316, 40), class_paired=True
Epoch [73/100] | Loss: 4.3054 (Cls: 4.3172, TAL: -0.3160, Adv: 0.3258, OT-Reg: 0.001387) | OT inner objective: -0.0088 | Marginal residual row/col/max: 3.92e-05/1.50e-08/3.92e-05 | Train Acc: 0.4018 | Val Acc: 0.1583 | Val P/R/F1 (Macro): 0.4530/0.4544/0.3085 | LR: 0.000001
Epoch [74/100] | SVD update #74: pairs=465, sweeps=7, converged=True, rel_change=5.611e-04, effective_ranks=(315, 40), class_paired=True
Epoch [74/100] | Loss: 4.3303 (Cls: 4.3569, TAL: -0.3899, Adv: 0.2526, OT-Reg: 0.001367) | OT inner objective: -0.0105 | Marginal residual row/col/max: 7.18e-06/1.57e-08/7.18e-06 | Train Acc: 0.4397 | Val Acc: 0.1833 | Val P/R/F1 (Macro): 0.4473/0.4672/0.3372 | LR: 0.000001
Epoch [75/100] | SVD update #75: pairs=465, sweeps=10, converged=False, rel_change=1.993e-03, effective_ranks=(317, 44), class_paired=True
Epoch [75/100] | Loss: 5.5454 (Cls: 5.5859, TAL: -0.4587, Adv: 0.1830, OT-Reg: 0.001373) | OT inner objective: -0.0657 | Marginal residual row/col/max: 2.17e-05/1.46e-08/2.17e-05 | Train Acc: 0.5357 | Val Acc: 0.1917 | Val P/R/F1 (Macro): 0.4047/0.4291/0.3052 | LR: 0.000001
Epoch [76/100] | SVD update #76: pairs=465, sweeps=10, converged=True, rel_change=7.304e-04, effective_ranks=(317, 38), class_paired=True
Epoch [76/100] | Loss: 4.6071 (Cls: 4.6334, TAL: -0.3521, Adv: 0.1994, OT-Reg: 0.001354) | OT inner objective: -0.1085 | Marginal residual row/col/max: 7.32e-05/1.10e-08/7.32e-05 | Train Acc: 0.4241 | Val Acc: 0.2083 | Val P/R/F1 (Macro): 0.5432/0.4505/0.3205 | LR: 0.000001
Epoch [77/100] | SVD update #77: pairs=465, sweeps=10, converged=False, rel_change=1.291e-03, effective_ranks=(317, 45), class_paired=True
Epoch [77/100] | Loss: 6.5813 (Cls: 6.6035, TAL: -0.3652, Adv: 0.2702, OT-Reg: 0.001330) | OT inner objective: -0.1454 | Marginal residual row/col/max: 1.78e-05/1.21e-08/1.78e-05 | Train Acc: 0.3393 | Val Acc: 0.2750 | Val P/R/F1 (Macro): 0.3872/0.4463/0.3400 | LR: 0.000001
Epoch [78/100] | SVD update #78: pairs=465, sweeps=5, converged=True, rel_change=3.303e-04, effective_ranks=(316, 42), class_paired=True
Epoch [78/100] | Loss: 6.3867 (Cls: 6.4093, TAL: -0.3351, Adv: 0.2203, OT-Reg: 0.001371) | OT inner objective: -0.0863 | Marginal residual row/col/max: 1.35e-05/1.66e-08/1.35e-05 | Train Acc: 0.3795 | Val Acc: 0.2917 | Val P/R/F1 (Macro): 0.5062/0.4216/0.3422 | LR: 0.000001
Epoch [79/100] | SVD update #79: pairs=465, sweeps=10, converged=False, rel_change=8.296e-02, effective_ranks=(317, 39), class_paired=True
Epoch [79/100] | Loss: 7.7078 (Cls: 7.7191, TAL: -0.2190, Adv: 0.1879, OT-Reg: 0.001320) | OT inner objective: -0.1192 | Marginal residual row/col/max: 1.27e-05/1.16e-08/1.27e-05 | Train Acc: 0.1004 | Val Acc: 0.2000 | Val P/R/F1 (Macro): 0.1580/0.1541/0.1368 | LR: 0.000001
Epoch [80/100] | SVD update #80: pairs=465, sweeps=8, converged=True, rel_change=5.901e-04, effective_ranks=(317, 40), class_paired=True
Epoch [80/100] | Loss: 8.0766 (Cls: 8.0934, TAL: -0.2066, Adv: 0.0998, OT-Reg: 0.001294) | OT inner objective: -0.1234 | Marginal residual row/col/max: 5.71e-05/1.73e-08/5.71e-05 | Train Acc: 0.1250 | Val Acc: 0.2583 | Val P/R/F1 (Macro): 0.2861/0.1831/0.2063 | LR: 0.000001
Epoch [81/100] | SVD update #81: pairs=465, sweeps=10, converged=False, rel_change=1.377e-03, effective_ranks=(317, 37), class_paired=True
Epoch [81/100] | Loss: 6.5003 (Cls: 6.5091, TAL: -0.1576, Adv: 0.1260, OT-Reg: 0.001302) | OT inner objective: -0.0442 | Marginal residual row/col/max: 3.62e-05/1.13e-08/3.62e-05 | Train Acc: 0.2433 | Val Acc: 0.1583 | Val P/R/F1 (Macro): 0.3005/0.2071/0.1374 | LR: 0.000001
Epoch [82/100] | SVD update #82: pairs=465, sweeps=10, converged=False, rel_change=7.808e-03, effective_ranks=(317, 45), class_paired=True
Epoch [82/100] | Loss: 7.0600 (Cls: 7.0642, TAL: -0.1551, Adv: 0.1792, OT-Reg: 0.001345) | OT inner objective: 0.0043 | Marginal residual row/col/max: 3.71e-07/1.09e-08/3.72e-07 | Train Acc: 0.3170 | Val Acc: 0.1167 | Val P/R/F1 (Macro): 0.1761/0.2085/0.1213 | LR: 0.000001
Epoch [83/100] | SVD update #83: pairs=465, sweeps=5, converged=True, rel_change=9.832e-04, effective_ranks=(317, 37), class_paired=True
Epoch [83/100] | Loss: 6.5961 (Cls: 6.6211, TAL: -0.4171, Adv: 0.3126, OT-Reg: 0.001389) | OT inner objective: -0.0414 | Marginal residual row/col/max: 2.42e-04/1.77e-08/2.42e-04 | Train Acc: 0.3259 | Val Acc: 0.1250 | Val P/R/F1 (Macro): 0.3226/0.2520/0.1422 | LR: 0.000001
Epoch [84/100] | SVD update #84: pairs=465, sweeps=10, converged=True, rel_change=5.944e-04, effective_ranks=(317, 37), class_paired=True
Epoch [84/100] | Loss: 5.8428 (Cls: 5.8437, TAL: -0.1318, Adv: 0.1875, OT-Reg: 0.001365) | OT inner objective: -0.0630 | Marginal residual row/col/max: 2.39e-05/1.25e-08/2.39e-05 | Train Acc: 0.3504 | Val Acc: 0.1083 | Val P/R/F1 (Macro): 0.3300/0.2951/0.1589 | LR: 0.000001
Epoch [85/100] | SVD update #85: pairs=465, sweeps=8, converged=True, rel_change=9.838e-04, effective_ranks=(316, 35), class_paired=True
Epoch [85/100] | Loss: 6.0785 (Cls: 6.0909, TAL: -0.2103, Adv: 0.1602, OT-Reg: 0.001363) | OT inner objective: -0.0924 | Marginal residual row/col/max: 1.18e-05/1.82e-08/1.18e-05 | Train Acc: 0.3460 | Val Acc: 0.1167 | Val P/R/F1 (Macro): 0.2718/0.2756/0.1728 | LR: 0.000001
Epoch [86/100] | SVD update #86: pairs=465, sweeps=6, converged=True, rel_change=6.924e-04, effective_ranks=(316, 35), class_paired=True
Epoch [86/100] | Loss: 5.4676 (Cls: 5.4884, TAL: -0.2767, Adv: 0.1556, OT-Reg: 0.001300) | OT inner objective: -0.1012 | Marginal residual row/col/max: 3.22e-05/1.10e-08/3.22e-05 | Train Acc: 0.3705 | Val Acc: 0.1083 | Val P/R/F1 (Macro): 0.2620/0.3070/0.1874 | LR: 0.000001
Epoch [87/100] | SVD update #87: pairs=465, sweeps=6, converged=True, rel_change=7.751e-04, effective_ranks=(317, 40), class_paired=True
Epoch [87/100] | Loss: 5.5740 (Cls: 5.5857, TAL: -0.2154, Adv: 0.1761, OT-Reg: 0.001348) | OT inner objective: -0.0873 | Marginal residual row/col/max: 1.40e-05/1.45e-08/1.40e-05 | Train Acc: 0.3348 | Val Acc: 0.1083 | Val P/R/F1 (Macro): 0.2638/0.2945/0.1387 | LR: 0.000001
Epoch [88/100] | SVD update #88: pairs=465, sweeps=5, converged=True, rel_change=5.245e-04, effective_ranks=(317, 35), class_paired=True
Epoch [88/100] | Loss: 5.4001 (Cls: 5.4003, TAL: -0.1894, Adv: 0.2820, OT-Reg: 0.001342) | OT inner objective: -0.1418 | Marginal residual row/col/max: 1.07e-05/1.09e-08/1.07e-05 | Train Acc: 0.3996 | Val Acc: 0.1417 | Val P/R/F1 (Macro): 0.3004/0.3426/0.2019 | LR: 0.000001
Epoch [89/100] | SVD update #89: pairs=465, sweeps=7, converged=True, rel_change=4.676e-04, effective_ranks=(317, 36), class_paired=True
Epoch [89/100] | Loss: 5.2123 (Cls: 5.2140, TAL: -0.2067, Adv: 0.2886, OT-Reg: 0.001372) | OT inner objective: -0.0185 | Marginal residual row/col/max: 8.51e-05/1.29e-08/8.51e-05 | Train Acc: 0.3906 | Val Acc: 0.1000 | Val P/R/F1 (Macro): 0.2351/0.2891/0.1371 | LR: 0.000001
Epoch [90/100] | SVD update #90: pairs=465, sweeps=5, converged=True, rel_change=9.512e-04, effective_ranks=(316, 38), class_paired=True
Epoch [90/100] | Loss: 5.7856 (Cls: 5.7951, TAL: -0.1758, Adv: 0.1456, OT-Reg: 0.001336) | OT inner objective: -0.0639 | Marginal residual row/col/max: 4.88e-05/1.24e-08/4.88e-05 | Train Acc: 0.3214 | Val Acc: 0.1167 | Val P/R/F1 (Macro): 0.2501/0.3136/0.1937 | LR: 0.000001
Epoch [91/100] | SVD update #91: pairs=465, sweeps=6, converged=True, rel_change=5.412e-04, effective_ranks=(317, 35), class_paired=True
Epoch [91/100] | Loss: 5.4323 (Cls: 5.4395, TAL: -0.3126, Adv: 0.3783, OT-Reg: 0.001337) | OT inner objective: -0.0465 | Marginal residual row/col/max: 2.10e-05/1.01e-08/2.10e-05 | Train Acc: 0.3817 | Val Acc: 0.1417 | Val P/R/F1 (Macro): 0.2594/0.2211/0.1384 | LR: 0.000001
Epoch [92/100] | SVD update #92: pairs=465, sweeps=6, converged=True, rel_change=3.355e-04, effective_ranks=(315, 34), class_paired=True
Epoch [92/100] | Loss: 5.3957 (Cls: 5.3900, TAL: -0.1475, Adv: 0.2918, OT-Reg: 0.001389) | OT inner objective: -0.0403 | Marginal residual row/col/max: 5.75e-05/1.21e-08/5.75e-05 | Train Acc: 0.4397 | Val Acc: 0.1167 | Val P/R/F1 (Macro): 0.2709/0.3124/0.1937 | LR: 0.000001
Epoch [93/100] | SVD update #93: pairs=465, sweeps=5, converged=True, rel_change=4.548e-04, effective_ranks=(316, 36), class_paired=True
Epoch [93/100] | Loss: 4.9496 (Cls: 4.9711, TAL: -0.3311, Adv: 0.2276, OT-Reg: 0.001371) | OT inner objective: -0.1228 | Marginal residual row/col/max: 5.07e-05/9.45e-09/5.07e-05 | Train Acc: 0.4353 | Val Acc: 0.1417 | Val P/R/F1 (Macro): 0.2994/0.3389/0.2196 | LR: 0.000001
Epoch [94/100] | SVD update #94: pairs=465, sweeps=7, converged=True, rel_change=6.280e-04, effective_ranks=(317, 38), class_paired=True
Epoch [94/100] | Loss: 5.4298 (Cls: 5.4377, TAL: -0.2412, Adv: 0.2625, OT-Reg: 0.001353) | OT inner objective: -0.0838 | Marginal residual row/col/max: 1.62e-05/1.08e-08/1.62e-05 | Train Acc: 0.4442 | Val Acc: 0.1167 | Val P/R/F1 (Macro): 0.2616/0.2334/0.1550 | LR: 0.000001
Epoch [95/100] | SVD update #95: pairs=465, sweeps=7, converged=True, rel_change=7.997e-04, effective_ranks=(317, 44), class_paired=True
Epoch [95/100] | Loss: 6.4598 (Cls: 6.4663, TAL: -0.3086, Adv: 0.3813, OT-Reg: 0.001375) | OT inner objective: -0.1085 | Marginal residual row/col/max: 3.96e-05/1.76e-08/3.96e-05 | Train Acc: 0.1786 | Val Acc: 0.1333 | Val P/R/F1 (Macro): 0.1230/0.1582/0.0711 | LR: 0.000001
Epoch [96/100] | SVD update #96: pairs=465, sweeps=8, converged=True, rel_change=6.773e-04, effective_ranks=(316, 45), class_paired=True
Epoch [96/100] | Loss: 5.5511 (Cls: 5.5597, TAL: -0.2811, Adv: 0.3144, OT-Reg: 0.001353) | OT inner objective: -0.1764 | Marginal residual row/col/max: 4.83e-05/1.06e-08/4.83e-05 | Train Acc: 0.3616 | Val Acc: 0.1000 | Val P/R/F1 (Macro): 0.3885/0.3041/0.1724 | LR: 0.000001
Epoch [97/100] | SVD update #97: pairs=465, sweeps=8, converged=True, rel_change=6.848e-04, effective_ranks=(315, 45), class_paired=True
Epoch [97/100] | Loss: 5.1004 (Cls: 5.1188, TAL: -0.3081, Adv: 0.2324, OT-Reg: 0.001365) | OT inner objective: -0.0692 | Marginal residual row/col/max: 1.71e-06/1.14e-08/1.71e-06 | Train Acc: 0.4263 | Val Acc: 0.0750 | Val P/R/F1 (Macro): 0.2809/0.2312/0.1505 | LR: 0.000001
Epoch [98/100] | SVD update #98: pairs=465, sweeps=6, converged=True, rel_change=7.855e-04, effective_ranks=(316, 39), class_paired=True
Epoch [98/100] | Loss: 5.0106 (Cls: 5.0301, TAL: -0.3215, Adv: 0.2387, OT-Reg: 0.001352) | OT inner objective: -0.0452 | Marginal residual row/col/max: 1.13e-05/1.16e-08/1.13e-05 | Train Acc: 0.4866 | Val Acc: 0.0750 | Val P/R/F1 (Macro): 0.2433/0.1564/0.0652 | LR: 0.000001
Epoch [99/100] | SVD update #99: pairs=465, sweeps=8, converged=True, rel_change=8.801e-04, effective_ranks=(317, 41), class_paired=True
Epoch [99/100] | Loss: 5.4059 (Cls: 5.3999, TAL: -0.2198, Adv: 0.4046, OT-Reg: 0.001270) | OT inner objective: -0.0182 | Marginal residual row/col/max: 2.57e-05/1.17e-08/2.57e-05 | Train Acc: 0.4821 | Val Acc: 0.0750 | Val P/R/F1 (Macro): 0.1714/0.2675/0.1154 | LR: 0.000001
Epoch [100/100] | SVD update #100: pairs=465, sweeps=10, converged=False, rel_change=4.545e-03, effective_ranks=(316, 42), class_paired=True
Epoch [100/100] | Loss: 6.1717 (Cls: 6.1697, TAL: -0.1359, Adv: 0.2282, OT-Reg: 0.001263) | OT inner objective: -0.0876 | Marginal residual row/col/max: 7.73e-05/1.21e-08/7.73e-05 | Train Acc: 0.4911 | Val Acc: 0.0833 | Val P/R/F1 (Macro): 0.1543/0.2723/0.1089 | LR: 0.000001
Report strategy: best, window=10, reported_acc=0.4833, best_acc=0.4833, selected_epoch=2

迭代 2 报告指标:
  Accuracy: 0.4833
  Precision (Macro): 0.4144
  Recall (Macro): 0.4754
  F1 (Macro): 0.3972
  Precision (Micro): 0.4833
  Recall (Micro): 0.4833
  F1 (Micro): 0.4833
  Val class coverage: 8/14 (0.5714), samples=120

================================================================================
迭代 3/5
随机种子: 44
================================================================================
Training mode: full target-label supervision (class-paired batches).
Feature fusion: Tensor alignment (512+512 -> 16+16); fused_dim=32
Domain adaptation: Neural OT generator with 3-domain discriminator
Loss weights: tensor=0.12, adv=0.08
Transport: mode=sinkhorn, epsilon=0.1, Sinkhorn iterations=50, correction scale=0.1, correction regularization weight=0.001
Tensor projection update: once per epoch from the complete target-training pairing bank; projection_dim=16, max_sweeps=10, relative singular-value tolerance=0.001
Epoch [1/100] | SVD update #1: pairs=465, sweeps=2, converged=True, rel_change=3.861e-04, effective_ranks=(317, 193), class_paired=True
Epoch [1/100] | Loss: 7.7958 (Cls: 7.7584, TAL: 0.1010, Adv: 0.3166, OT-Reg: 0.001651) | OT inner objective: 0.2447 | Marginal residual row/col/max: 1.34e-08/2.85e-08/2.89e-08 | Train Acc: 0.2143 | Val Acc: 0.1083 | Val P/R/F1 (Macro): 0.0374/0.2561/0.0593 | LR: 0.000005
  >>> New Best Val Acc: 0.1083
Epoch [2/100] | SVD update #2: pairs=465, sweeps=4, converged=True, rel_change=2.471e-04, effective_ranks=(317, 54), class_paired=True
Epoch [2/100] | Loss: 6.9352 (Cls: 6.9192, TAL: -0.0458, Adv: 0.2690, OT-Reg: 0.001610) | OT inner objective: 0.0406 | Marginal residual row/col/max: 5.14e-07/1.78e-08/5.15e-07 | Train Acc: 0.2009 | Val Acc: 0.3833 | Val P/R/F1 (Macro): 0.4264/0.3682/0.3308 | LR: 0.000005
  >>> New Best Val Acc: 0.3833
Epoch [3/100] | SVD update #3: pairs=465, sweeps=10, converged=False, rel_change=6.071e-01, effective_ranks=(315, 56), class_paired=True
Epoch [3/100] | Loss: 7.0196 (Cls: 7.0149, TAL: -0.1411, Adv: 0.2700, OT-Reg: 0.001365) | OT inner objective: 0.0165 | Marginal residual row/col/max: 5.09e-06/2.63e-08/5.09e-06 | Train Acc: 0.2054 | Val Acc: 0.2167 | Val P/R/F1 (Macro): 0.1564/0.3467/0.1986 | LR: 0.000005
Epoch [4/100] | SVD update #4: pairs=465, sweeps=10, converged=True, rel_change=2.603e-04, effective_ranks=(314, 39), class_paired=True
Epoch [4/100] | Loss: 6.7015 (Cls: 6.6933, TAL: -0.1385, Adv: 0.3096, OT-Reg: 0.001408) | OT inner objective: -0.0359 | Marginal residual row/col/max: 4.43e-05/1.26e-08/4.43e-05 | Train Acc: 0.2701 | Val Acc: 0.3083 | Val P/R/F1 (Macro): 0.2512/0.4438/0.2186 | LR: 0.000005
Epoch [5/100] | SVD update #5: pairs=465, sweeps=8, converged=True, rel_change=6.085e-04, effective_ranks=(316, 33), class_paired=True
Epoch [5/100] | Loss: 6.4907 (Cls: 6.4866, TAL: -0.1335, Adv: 0.2515, OT-Reg: 0.001364) | OT inner objective: -0.2107 | Marginal residual row/col/max: 1.10e-04/1.41e-08/1.10e-04 | Train Acc: 0.1942 | Val Acc: 0.2500 | Val P/R/F1 (Macro): 0.2000/0.3346/0.1929 | LR: 0.000005
Epoch [6/100] | SVD update #6: pairs=465, sweeps=8, converged=True, rel_change=9.234e-04, effective_ranks=(316, 24), class_paired=True
Epoch [6/100] | Loss: 6.1712 (Cls: 6.1550, TAL: -0.1242, Adv: 0.3896, OT-Reg: 0.001355) | OT inner objective: -0.0996 | Marginal residual row/col/max: 1.33e-05/1.02e-08/1.33e-05 | Train Acc: 0.2567 | Val Acc: 0.2667 | Val P/R/F1 (Macro): 0.1563/0.3878/0.1936 | LR: 0.000005
Epoch [7/100] | SVD update #7: pairs=465, sweeps=5, converged=True, rel_change=5.501e-04, effective_ranks=(316, 19), class_paired=True
Epoch [7/100] | Loss: 5.5296 (Cls: 5.5383, TAL: -0.2844, Adv: 0.3181, OT-Reg: 0.001286) | OT inner objective: -0.2680 | Marginal residual row/col/max: 4.66e-04/1.70e-08/4.66e-04 | Train Acc: 0.3393 | Val Acc: 0.1667 | Val P/R/F1 (Macro): 0.2476/0.2880/0.1553 | LR: 0.000005
Epoch [8/100] | SVD update #8: pairs=465, sweeps=7, converged=True, rel_change=1.706e-04, effective_ranks=(317, 23), class_paired=True
Epoch [8/100] | Loss: 5.5880 (Cls: 5.5891, TAL: -0.1428, Adv: 0.2001, OT-Reg: 0.001507) | OT inner objective: -0.0136 | Marginal residual row/col/max: 3.83e-05/2.95e-08/3.83e-05 | Train Acc: 0.4107 | Val Acc: 0.3000 | Val P/R/F1 (Macro): 0.4263/0.5078/0.3791 | LR: 0.000005
Epoch [9/100] | SVD update #9: pairs=465, sweeps=6, converged=True, rel_change=3.808e-04, effective_ranks=(316, 24), class_paired=True
Epoch [9/100] | Loss: 4.8904 (Cls: 4.9066, TAL: -0.2822, Adv: 0.2207, OT-Reg: 0.001331) | OT inner objective: -0.2194 | Marginal residual row/col/max: 1.49e-04/1.33e-08/1.49e-04 | Train Acc: 0.4888 | Val Acc: 0.2167 | Val P/R/F1 (Macro): 0.2828/0.2924/0.2012 | LR: 0.000005
Epoch [10/100] | SVD update #10: pairs=465, sweeps=10, converged=True, rel_change=9.594e-04, effective_ranks=(313, 14), class_paired=True
Epoch [10/100] | Loss: 4.9358 (Cls: 4.9508, TAL: -0.2725, Adv: 0.2201, OT-Reg: 0.001398) | OT inner objective: -0.2120 | Marginal residual row/col/max: 1.65e-04/1.28e-08/1.65e-04 | Train Acc: 0.4330 | Val Acc: 0.2500 | Val P/R/F1 (Macro): 0.3524/0.4200/0.2570 | LR: 0.000005
Epoch [11/100] | SVD update #11: pairs=465, sweeps=8, converged=True, rel_change=9.927e-04, effective_ranks=(317, 25), class_paired=True
Epoch [11/100] | Loss: 5.6140 (Cls: 5.6138, TAL: -0.1771, Adv: 0.2684, OT-Reg: 0.001423) | OT inner objective: -0.1443 | Marginal residual row/col/max: 2.10e-05/1.60e-08/2.10e-05 | Train Acc: 0.2879 | Val Acc: 0.2750 | Val P/R/F1 (Macro): 0.3809/0.3267/0.2405 | LR: 0.000005
Epoch [12/100] | SVD update #12: pairs=465, sweeps=6, converged=True, rel_change=8.999e-04, effective_ranks=(316, 18), class_paired=True
Epoch [12/100] | Loss: 5.1556 (Cls: 5.1802, TAL: -0.3156, Adv: 0.1650, OT-Reg: 0.001401) | OT inner objective: -0.0732 | Marginal residual row/col/max: 3.65e-05/1.70e-08/3.65e-05 | Train Acc: 0.4062 | Val Acc: 0.3417 | Val P/R/F1 (Macro): 0.2549/0.4209/0.2622 | LR: 0.000005
Epoch [13/100] | SVD update #13: pairs=465, sweeps=10, converged=True, rel_change=9.539e-04, effective_ranks=(316, 20), class_paired=True
Epoch [13/100] | Loss: 5.7117 (Cls: 5.7151, TAL: -0.1652, Adv: 0.2050, OT-Reg: 0.001431) | OT inner objective: -0.1356 | Marginal residual row/col/max: 8.09e-06/1.28e-08/8.09e-06 | Train Acc: 0.3415 | Val Acc: 0.4583 | Val P/R/F1 (Macro): 0.4266/0.4821/0.4036 | LR: 0.000005
  >>> New Best Val Acc: 0.4583
Epoch [14/100] | SVD update #14: pairs=465, sweeps=10, converged=False, rel_change=1.355e-01, effective_ranks=(317, 23), class_paired=True
Epoch [14/100] | Loss: 8.1818 (Cls: 8.1592, TAL: 0.0737, Adv: 0.1722, OT-Reg: 0.001594) | OT inner objective: 0.0702 | Marginal residual row/col/max: 1.69e-07/2.21e-08/1.73e-07 | Train Acc: 0.2210 | Val Acc: 0.0417 | Val P/R/F1 (Macro): 0.1131/0.0223/0.0360 | LR: 0.000005
Epoch [15/100] | SVD update #15: pairs=465, sweeps=10, converged=False, rel_change=1.756e-02, effective_ranks=(316, 26), class_paired=True
Epoch [15/100] | Loss: 5.9205 (Cls: 5.9280, TAL: -0.1455, Adv: 0.1248, OT-Reg: 0.001498) | OT inner objective: 0.0187 | Marginal residual row/col/max: 9.11e-08/1.22e-08/9.22e-08 | Train Acc: 0.3170 | Val Acc: 0.1167 | Val P/R/F1 (Macro): 0.3795/0.3772/0.2272 | LR: 0.000005
Epoch [16/100] | SVD update #16: pairs=465, sweeps=10, converged=False, rel_change=2.860e-02, effective_ranks=(317, 24), class_paired=True
Epoch [16/100] | Loss: 6.0111 (Cls: 6.0104, TAL: -0.1000, Adv: 0.1591, OT-Reg: 0.001500) | OT inner objective: -0.0298 | Marginal residual row/col/max: 1.09e-07/1.50e-08/1.10e-07 | Train Acc: 0.3571 | Val Acc: 0.0583 | Val P/R/F1 (Macro): 0.0556/0.1396/0.0304 | LR: 0.000005
Epoch [17/100] | SVD update #17: pairs=465, sweeps=10, converged=True, rel_change=3.006e-04, effective_ranks=(317, 40), class_paired=True
Epoch [17/100] | Loss: 6.6334 (Cls: 6.6284, TAL: -0.0662, Adv: 0.1612, OT-Reg: 0.001540) | OT inner objective: -0.0357 | Marginal residual row/col/max: 2.99e-06/1.49e-08/3.00e-06 | Train Acc: 0.0469 | Val Acc: 0.0333 | Val P/R/F1 (Macro): 0.0067/0.1000/0.0125 | LR: 0.000005
Epoch [18/100] | SVD update #18: pairs=465, sweeps=10, converged=False, rel_change=8.941e-02, effective_ranks=(316, 26), class_paired=True
Epoch [18/100] | Loss: 7.4686 (Cls: 7.4283, TAL: 0.2686, Adv: 0.1007, OT-Reg: 0.001446) | OT inner objective: -0.0372 | Marginal residual row/col/max: 9.64e-06/1.98e-08/9.64e-06 | Train Acc: 0.1585 | Val Acc: 0.3917 | Val P/R/F1 (Macro): 0.2166/0.3606/0.2357 | LR: 0.000005
Epoch [19/100] | SVD update #19: pairs=465, sweeps=8, converged=True, rel_change=4.902e-04, effective_ranks=(317, 18), class_paired=True
Epoch [19/100] | Loss: 6.1310 (Cls: 6.1375, TAL: -0.1357, Adv: 0.1213, OT-Reg: 0.001430) | OT inner objective: -0.1342 | Marginal residual row/col/max: 5.31e-05/1.40e-08/5.31e-05 | Train Acc: 0.2567 | Val Acc: 0.1333 | Val P/R/F1 (Macro): 0.1782/0.1863/0.1032 | LR: 0.000005
Epoch [20/100] | SVD update #20: pairs=465, sweeps=4, converged=True, rel_change=5.762e-04, effective_ranks=(315, 16), class_paired=True
Epoch [20/100] | Loss: 6.1501 (Cls: 6.1796, TAL: -0.3469, Adv: 0.1522, OT-Reg: 0.001424) | OT inner objective: -0.1306 | Marginal residual row/col/max: 1.17e-05/1.12e-08/1.17e-05 | Train Acc: 0.2478 | Val Acc: 0.1583 | Val P/R/F1 (Macro): 0.1862/0.3326/0.1635 | LR: 0.000005
Epoch [21/100] | SVD update #21: pairs=465, sweeps=6, converged=True, rel_change=2.349e-04, effective_ranks=(316, 15), class_paired=True
Epoch [21/100] | Loss: 5.7439 (Cls: 5.7562, TAL: -0.2057, Adv: 0.1549, OT-Reg: 0.001294) | OT inner objective: -0.1610 | Marginal residual row/col/max: 7.07e-05/9.85e-09/7.07e-05 | Train Acc: 0.2656 | Val Acc: 0.1583 | Val P/R/F1 (Macro): 0.3519/0.4089/0.2781 | LR: 0.000005
Epoch [22/100] | SVD update #22: pairs=465, sweeps=5, converged=True, rel_change=6.943e-04, effective_ranks=(317, 10), class_paired=True
Epoch [22/100] | Loss: 5.4062 (Cls: 5.4090, TAL: -0.1212, Adv: 0.1475, OT-Reg: 0.001389) | OT inner objective: -0.0353 | Marginal residual row/col/max: 4.54e-06/1.16e-08/4.54e-06 | Train Acc: 0.3460 | Val Acc: 0.2250 | Val P/R/F1 (Macro): 0.3890/0.4493/0.3036 | LR: 0.000005
Epoch [23/100] | SVD update #23: pairs=465, sweeps=5, converged=True, rel_change=3.717e-04, effective_ranks=(316, 10), class_paired=True
Epoch [23/100] | Loss: 4.9681 (Cls: 4.9962, TAL: -0.3050, Adv: 0.1059, OT-Reg: 0.001421) | OT inner objective: -0.2593 | Marginal residual row/col/max: 1.43e-04/1.10e-08/1.43e-04 | Train Acc: 0.3348 | Val Acc: 0.2667 | Val P/R/F1 (Macro): 0.3618/0.4817/0.3282 | LR: 0.000005
Epoch [24/100] | SVD update #24: pairs=465, sweeps=4, converged=True, rel_change=8.865e-04, effective_ranks=(317, 11), class_paired=True
Epoch [24/100] | Loss: 4.9915 (Cls: 5.0109, TAL: -0.2383, Adv: 0.1141, OT-Reg: 0.001376) | OT inner objective: -0.1439 | Marginal residual row/col/max: 2.10e-05/1.04e-08/2.10e-05 | Train Acc: 0.4330 | Val Acc: 0.1750 | Val P/R/F1 (Macro): 0.2972/0.3411/0.2126 | LR: 0.000003
Epoch [25/100] | SVD update #25: pairs=465, sweeps=7, converged=True, rel_change=4.269e-04, effective_ranks=(317, 11), class_paired=True
Epoch [25/100] | Loss: 4.9277 (Cls: 4.9475, TAL: -0.2438, Adv: 0.1190, OT-Reg: 0.001271) | OT inner objective: -0.2438 | Marginal residual row/col/max: 1.07e-04/1.12e-08/1.07e-04 | Train Acc: 0.4174 | Val Acc: 0.2833 | Val P/R/F1 (Macro): 0.4003/0.4688/0.3495 | LR: 0.000003
Epoch [26/100] | SVD update #26: pairs=465, sweeps=6, converged=True, rel_change=5.457e-04, effective_ranks=(317, 14), class_paired=True
Epoch [26/100] | Loss: 4.9763 (Cls: 5.0044, TAL: -0.2985, Adv: 0.0960, OT-Reg: 0.001414) | OT inner objective: -0.1955 | Marginal residual row/col/max: 2.99e-05/1.16e-08/2.99e-05 | Train Acc: 0.4129 | Val Acc: 0.1500 | Val P/R/F1 (Macro): 0.3184/0.4015/0.2132 | LR: 0.000003
Epoch [27/100] | SVD update #27: pairs=465, sweeps=4, converged=True, rel_change=7.969e-04, effective_ranks=(316, 11), class_paired=True
Epoch [27/100] | Loss: 4.8075 (Cls: 4.8295, TAL: -0.2690, Adv: 0.1291, OT-Reg: 0.001366) | OT inner objective: -0.1570 | Marginal residual row/col/max: 7.75e-06/1.46e-08/7.75e-06 | Train Acc: 0.4353 | Val Acc: 0.3583 | Val P/R/F1 (Macro): 0.4874/0.5074/0.3641 | LR: 0.000003
Epoch [28/100] | SVD update #28: pairs=465, sweeps=6, converged=True, rel_change=4.320e-04, effective_ranks=(317, 12), class_paired=True
Epoch [28/100] | Loss: 4.6052 (Cls: 4.6292, TAL: -0.2774, Adv: 0.1166, OT-Reg: 0.001480) | OT inner objective: -0.2640 | Marginal residual row/col/max: 4.31e-05/1.10e-08/4.31e-05 | Train Acc: 0.4710 | Val Acc: 0.2167 | Val P/R/F1 (Macro): 0.3354/0.4603/0.2865 | LR: 0.000003
Epoch [29/100] | SVD update #29: pairs=465, sweeps=5, converged=True, rel_change=8.406e-04, effective_ranks=(317, 15), class_paired=True
Epoch [29/100] | Loss: 4.5705 (Cls: 4.6071, TAL: -0.3681, Adv: 0.0955, OT-Reg: 0.001493) | OT inner objective: -0.2350 | Marginal residual row/col/max: 9.62e-05/1.73e-08/9.62e-05 | Train Acc: 0.4665 | Val Acc: 0.2250 | Val P/R/F1 (Macro): 0.4432/0.4171/0.2542 | LR: 0.000003
Epoch [30/100] | SVD update #30: pairs=465, sweeps=5, converged=True, rel_change=5.643e-04, effective_ranks=(314, 14), class_paired=True
Epoch [30/100] | Loss: 4.6964 (Cls: 4.7294, TAL: -0.3388, Adv: 0.0967, OT-Reg: 0.001372) | OT inner objective: -0.2468 | Marginal residual row/col/max: 6.16e-05/1.14e-08/6.16e-05 | Train Acc: 0.4710 | Val Acc: 0.1417 | Val P/R/F1 (Macro): 0.2323/0.3299/0.1672 | LR: 0.000003
Epoch [31/100] | SVD update #31: pairs=465, sweeps=5, converged=True, rel_change=6.468e-04, effective_ranks=(316, 14), class_paired=True
Epoch [31/100] | Loss: 4.4493 (Cls: 4.4759, TAL: -0.2839, Adv: 0.0934, OT-Reg: 0.001332) | OT inner objective: -0.1261 | Marginal residual row/col/max: 5.40e-05/1.41e-08/5.40e-05 | Train Acc: 0.4866 | Val Acc: 0.2750 | Val P/R/F1 (Macro): 0.3043/0.3828/0.2374 | LR: 0.000003
Epoch [32/100] | SVD update #32: pairs=465, sweeps=4, converged=True, rel_change=9.324e-04, effective_ranks=(317, 18), class_paired=True
Epoch [32/100] | Loss: 4.5749 (Cls: 4.6068, TAL: -0.3525, Adv: 0.1297, OT-Reg: 0.001416) | OT inner objective: -0.1446 | Marginal residual row/col/max: 7.80e-05/1.30e-08/7.80e-05 | Train Acc: 0.4933 | Val Acc: 0.3000 | Val P/R/F1 (Macro): 0.3809/0.4414/0.2731 | LR: 0.000003
Epoch [33/100] | SVD update #33: pairs=465, sweeps=4, converged=True, rel_change=9.700e-04, effective_ranks=(317, 14), class_paired=True
Epoch [33/100] | Loss: 4.0185 (Cls: 4.0500, TAL: -0.3490, Adv: 0.1298, OT-Reg: 0.001412) | OT inner objective: -0.1901 | Marginal residual row/col/max: 7.91e-05/1.30e-08/7.91e-05 | Train Acc: 0.6027 | Val Acc: 0.1333 | Val P/R/F1 (Macro): 0.2080/0.3217/0.1460 | LR: 0.000003
Epoch [34/100] | SVD update #34: pairs=465, sweeps=10, converged=False, rel_change=3.505e-03, effective_ranks=(316, 22), class_paired=True
Epoch [34/100] | Loss: 7.3185 (Cls: 7.3370, TAL: -0.2571, Adv: 0.1538, OT-Reg: 0.001481) | OT inner objective: -0.1098 | Marginal residual row/col/max: 7.62e-06/1.41e-08/7.62e-06 | Train Acc: 0.2924 | Val Acc: 0.2083 | Val P/R/F1 (Macro): 0.3469/0.1860/0.1836 | LR: 0.000003
Epoch [35/100] | SVD update #35: pairs=465, sweeps=7, converged=True, rel_change=4.922e-04, effective_ranks=(315, 22), class_paired=True
Epoch [35/100] | Loss: 5.3926 (Cls: 5.4001, TAL: -0.1756, Adv: 0.1692, OT-Reg: 0.001367) | OT inner objective: -0.0598 | Marginal residual row/col/max: 4.12e-05/1.10e-08/4.12e-05 | Train Acc: 0.4219 | Val Acc: 0.1500 | Val P/R/F1 (Macro): 0.2089/0.2873/0.1744 | LR: 0.000001
Epoch [36/100] | SVD update #36: pairs=465, sweeps=7, converged=True, rel_change=3.719e-04, effective_ranks=(317, 21), class_paired=True
Epoch [36/100] | Loss: 8.5397 (Cls: 8.5650, TAL: -0.2859, Adv: 0.1117, OT-Reg: 0.001435) | OT inner objective: -0.1460 | Marginal residual row/col/max: 2.53e-06/1.25e-08/2.53e-06 | Train Acc: 0.0804 | Val Acc: 0.1083 | Val P/R/F1 (Macro): 0.0747/0.0952/0.0585 | LR: 0.000001
Epoch [37/100] | SVD update #37: pairs=465, sweeps=10, converged=False, rel_change=6.910e-02, effective_ranks=(314, 26), class_paired=True
Epoch [37/100] | Loss: 6.6401 (Cls: 6.6288, TAL: -0.0334, Adv: 0.1905, OT-Reg: 0.001473) | OT inner objective: 0.0226 | Marginal residual row/col/max: 7.89e-07/1.77e-08/7.92e-07 | Train Acc: 0.2701 | Val Acc: 0.2000 | Val P/R/F1 (Macro): 0.2283/0.1464/0.1574 | LR: 0.000001
Epoch [38/100] | SVD update #38: pairs=465, sweeps=10, converged=False, rel_change=1.036e-01, effective_ranks=(316, 17), class_paired=True
Epoch [38/100] | Loss: 6.3374 (Cls: 6.3459, TAL: -0.1484, Adv: 0.1162, OT-Reg: 0.001487) | OT inner objective: -0.1157 | Marginal residual row/col/max: 2.62e-05/2.13e-08/2.62e-05 | Train Acc: 0.2991 | Val Acc: 0.1000 | Val P/R/F1 (Macro): 0.1087/0.2568/0.1064 | LR: 0.000001
Epoch [39/100] | SVD update #39: pairs=465, sweeps=10, converged=False, rel_change=1.048e-02, effective_ranks=(317, 20), class_paired=True
Epoch [39/100] | Loss: 5.9342 (Cls: 5.9154, TAL: 0.0392, Adv: 0.1757, OT-Reg: 0.001474) | OT inner objective: -0.0108 | Marginal residual row/col/max: 1.13e-05/1.26e-08/1.13e-05 | Train Acc: 0.3638 | Val Acc: 0.2083 | Val P/R/F1 (Macro): 0.1938/0.2915/0.1516 | LR: 0.000001
Epoch [40/100] | SVD update #40: pairs=465, sweeps=5, converged=True, rel_change=9.143e-04, effective_ranks=(317, 17), class_paired=True
Epoch [40/100] | Loss: 4.8907 (Cls: 4.9173, TAL: -0.3072, Adv: 0.1289, OT-Reg: 0.001457) | OT inner objective: -0.1358 | Marginal residual row/col/max: 4.51e-05/1.21e-08/4.51e-05 | Train Acc: 0.4464 | Val Acc: 0.3250 | Val P/R/F1 (Macro): 0.2627/0.4915/0.2834 | LR: 0.000001
Epoch [41/100] | SVD update #41: pairs=465, sweeps=4, converged=True, rel_change=7.947e-05, effective_ranks=(316, 13), class_paired=True
Epoch [41/100] | Loss: 4.8683 (Cls: 4.8892, TAL: -0.2729, Adv: 0.1488, OT-Reg: 0.001433) | OT inner objective: -0.1847 | Marginal residual row/col/max: 2.63e-05/1.14e-08/2.63e-05 | Train Acc: 0.4040 | Val Acc: 0.3333 | Val P/R/F1 (Macro): 0.4120/0.5178/0.3356 | LR: 0.000001
Epoch [42/100] | SVD update #42: pairs=465, sweeps=3, converged=True, rel_change=7.021e-04, effective_ranks=(314, 14), class_paired=True
Epoch [42/100] | Loss: 4.6792 (Cls: 4.7146, TAL: -0.3955, Adv: 0.1504, OT-Reg: 0.001466) | OT inner objective: -0.1900 | Marginal residual row/col/max: 5.05e-05/1.34e-08/5.05e-05 | Train Acc: 0.4978 | Val Acc: 0.2000 | Val P/R/F1 (Macro): 0.4605/0.4881/0.3421 | LR: 0.000001
Epoch [43/100] | SVD update #43: pairs=465, sweeps=4, converged=True, rel_change=3.583e-04, effective_ranks=(317, 14), class_paired=True
Epoch [43/100] | Loss: 4.5122 (Cls: 4.5359, TAL: -0.3845, Adv: 0.2805, OT-Reg: 0.001428) | OT inner objective: -0.1430 | Marginal residual row/col/max: 3.87e-05/1.13e-08/3.87e-05 | Train Acc: 0.5201 | Val Acc: 0.2250 | Val P/R/F1 (Macro): 0.5711/0.4670/0.3196 | LR: 0.000001
Epoch [44/100] | SVD update #44: pairs=465, sweeps=6, converged=True, rel_change=2.999e-04, effective_ranks=(317, 14), class_paired=True
Epoch [44/100] | Loss: 4.5838 (Cls: 4.5983, TAL: -0.2812, Adv: 0.2402, OT-Reg: 0.001451) | OT inner objective: -0.1752 | Marginal residual row/col/max: 4.14e-05/1.73e-08/4.14e-05 | Train Acc: 0.5134 | Val Acc: 0.1583 | Val P/R/F1 (Macro): 0.2261/0.4006/0.2328 | LR: 0.000001
Epoch [45/100] | SVD update #45: pairs=465, sweeps=4, converged=True, rel_change=8.229e-04, effective_ranks=(316, 13), class_paired=True
Epoch [45/100] | Loss: 4.5643 (Cls: 4.5926, TAL: -0.3959, Adv: 0.2399, OT-Reg: 0.001392) | OT inner objective: -0.2510 | Marginal residual row/col/max: 6.14e-05/1.32e-08/6.14e-05 | Train Acc: 0.4911 | Val Acc: 0.1833 | Val P/R/F1 (Macro): 0.4125/0.4524/0.3068 | LR: 0.000001
Epoch [46/100] | SVD update #46: pairs=465, sweeps=5, converged=True, rel_change=2.972e-04, effective_ranks=(317, 15), class_paired=True
Epoch [46/100] | Loss: 4.4975 (Cls: 4.5192, TAL: -0.2864, Adv: 0.1579, OT-Reg: 0.001444) | OT inner objective: -0.2711 | Marginal residual row/col/max: 6.15e-05/1.33e-08/6.15e-05 | Train Acc: 0.5335 | Val Acc: 0.2333 | Val P/R/F1 (Macro): 0.5551/0.4975/0.3578 | LR: 0.000001
Epoch [47/100] | SVD update #47: pairs=465, sweeps=5, converged=True, rel_change=6.086e-04, effective_ranks=(316, 16), class_paired=True
Epoch [47/100] | Loss: 4.5498 (Cls: 4.5851, TAL: -0.3624, Adv: 0.1030, OT-Reg: 0.001462) | OT inner objective: -0.1725 | Marginal residual row/col/max: 5.79e-05/1.58e-08/5.79e-05 | Train Acc: 0.5022 | Val Acc: 0.2250 | Val P/R/F1 (Macro): 0.4429/0.4677/0.3160 | LR: 0.000001
Epoch [48/100] | SVD update #48: pairs=465, sweeps=4, converged=True, rel_change=1.601e-04, effective_ranks=(316, 18), class_paired=True
Epoch [48/100] | Loss: 4.3442 (Cls: 4.3826, TAL: -0.3821, Adv: 0.0929, OT-Reg: 0.001425) | OT inner objective: -0.1887 | Marginal residual row/col/max: 1.81e-05/1.09e-08/1.81e-05 | Train Acc: 0.5513 | Val Acc: 0.2333 | Val P/R/F1 (Macro): 0.5314/0.4807/0.3407 | LR: 0.000001
Epoch [49/100] | SVD update #49: pairs=465, sweeps=6, converged=True, rel_change=3.953e-04, effective_ranks=(317, 18), class_paired=True
Epoch [49/100] | Loss: 4.2412 (Cls: 4.2759, TAL: -0.4117, Adv: 0.1848, OT-Reg: 0.001475) | OT inner objective: -0.1939 | Marginal residual row/col/max: 6.43e-05/9.98e-09/6.43e-05 | Train Acc: 0.4598 | Val Acc: 0.1500 | Val P/R/F1 (Macro): 0.3583/0.3620/0.2187 | LR: 0.000001
Epoch [50/100] | SVD update #50: pairs=465, sweeps=4, converged=True, rel_change=5.149e-04, effective_ranks=(316, 21), class_paired=True
Epoch [50/100] | Loss: 4.3766 (Cls: 4.4128, TAL: -0.3498, Adv: 0.0723, OT-Reg: 0.001516) | OT inner objective: -0.1512 | Marginal residual row/col/max: 3.42e-05/1.94e-08/3.42e-05 | Train Acc: 0.4531 | Val Acc: 0.1500 | Val P/R/F1 (Macro): 0.1620/0.3458/0.1761 | LR: 0.000001
Epoch [51/100] | SVD update #51: pairs=465, sweeps=4, converged=True, rel_change=3.969e-04, effective_ranks=(317, 18), class_paired=True
Epoch [51/100] | Loss: 4.2714 (Cls: 4.3165, TAL: -0.4234, Adv: 0.0712, OT-Reg: 0.001477) | OT inner objective: -0.2672 | Marginal residual row/col/max: 1.01e-04/1.54e-08/1.01e-04 | Train Acc: 0.5759 | Val Acc: 0.1750 | Val P/R/F1 (Macro): 0.4418/0.3486/0.2169 | LR: 0.000001
Epoch [52/100] | SVD update #52: pairs=465, sweeps=4, converged=True, rel_change=7.447e-04, effective_ranks=(317, 25), class_paired=True
Epoch [52/100] | Loss: 4.2057 (Cls: 4.2407, TAL: -0.3842, Adv: 0.1378, OT-Reg: 0.001432) | OT inner objective: -0.2506 | Marginal residual row/col/max: 1.24e-04/1.09e-08/1.24e-04 | Train Acc: 0.5826 | Val Acc: 0.2083 | Val P/R/F1 (Macro): 0.3212/0.3556/0.1701 | LR: 0.000001
Epoch [53/100] | SVD update #53: pairs=465, sweeps=4, converged=True, rel_change=3.635e-04, effective_ranks=(316, 23), class_paired=True
Epoch [53/100] | Loss: 4.5719 (Cls: 4.6018, TAL: -0.2964, Adv: 0.0707, OT-Reg: 0.001493) | OT inner objective: -0.1914 | Marginal residual row/col/max: 2.06e-05/1.24e-08/2.06e-05 | Train Acc: 0.3929 | Val Acc: 0.2500 | Val P/R/F1 (Macro): 0.2152/0.3612/0.1834 | LR: 0.000001
Epoch [54/100] | SVD update #54: pairs=465, sweeps=5, converged=True, rel_change=3.316e-04, effective_ranks=(315, 19), class_paired=True
Epoch [54/100] | Loss: 4.7966 (Cls: 4.8294, TAL: -0.3244, Adv: 0.0767, OT-Reg: 0.001379) | OT inner objective: -0.1015 | Marginal residual row/col/max: 6.17e-05/1.04e-08/6.17e-05 | Train Acc: 0.3996 | Val Acc: 0.0583 | Val P/R/F1 (Macro): 0.0335/0.1697/0.0289 | LR: 0.000001
Epoch [55/100] | SVD update #55: pairs=465, sweeps=4, converged=True, rel_change=2.711e-04, effective_ranks=(316, 17), class_paired=True
Epoch [55/100] | Loss: 4.6832 (Cls: 4.7183, TAL: -0.3560, Adv: 0.0952, OT-Reg: 0.001407) | OT inner objective: -0.1929 | Marginal residual row/col/max: 1.90e-05/1.01e-08/1.90e-05 | Train Acc: 0.4353 | Val Acc: 0.2417 | Val P/R/F1 (Macro): 0.2819/0.2561/0.1654 | LR: 0.000001
Epoch [56/100] | SVD update #56: pairs=465, sweeps=6, converged=True, rel_change=6.654e-04, effective_ranks=(316, 21), class_paired=True
Epoch [56/100] | Loss: 4.4066 (Cls: 4.4433, TAL: -0.3915, Adv: 0.1280, OT-Reg: 0.001421) | OT inner objective: -0.2282 | Marginal residual row/col/max: 1.39e-04/1.44e-08/1.39e-04 | Train Acc: 0.4174 | Val Acc: 0.0917 | Val P/R/F1 (Macro): 0.1324/0.1974/0.0763 | LR: 0.000001
Epoch [57/100] | SVD update #57: pairs=465, sweeps=5, converged=True, rel_change=5.374e-04, effective_ranks=(316, 25), class_paired=True
Epoch [57/100] | Loss: 4.3044 (Cls: 4.3458, TAL: -0.4383, Adv: 0.1405, OT-Reg: 0.001407) | OT inner objective: -0.2237 | Marginal residual row/col/max: 1.69e-04/1.18e-08/1.69e-04 | Train Acc: 0.5424 | Val Acc: 0.1250 | Val P/R/F1 (Macro): 0.2896/0.1997/0.1486 | LR: 0.000001
Epoch [58/100] | SVD update #58: pairs=465, sweeps=6, converged=True, rel_change=7.224e-04, effective_ranks=(316, 24), class_paired=True
Epoch [58/100] | Loss: 4.7338 (Cls: 4.7865, TAL: -0.4920, Adv: 0.0796, OT-Reg: 0.001414) | OT inner objective: -0.2253 | Marginal residual row/col/max: 3.05e-05/1.37e-08/3.05e-05 | Train Acc: 0.4732 | Val Acc: 0.1500 | Val P/R/F1 (Macro): 0.1528/0.3265/0.1363 | LR: 0.000001
Epoch [59/100] | SVD update #59: pairs=465, sweeps=4, converged=True, rel_change=2.428e-04, effective_ranks=(316, 22), class_paired=True
Epoch [59/100] | Loss: 4.4655 (Cls: 4.4978, TAL: -0.3383, Adv: 0.1047, OT-Reg: 0.001395) | OT inner objective: -0.2302 | Marginal residual row/col/max: 1.04e-04/9.71e-09/1.04e-04 | Train Acc: 0.6004 | Val Acc: 0.1250 | Val P/R/F1 (Macro): 0.2461/0.3108/0.1297 | LR: 0.000001
Epoch [60/100] | SVD update #60: pairs=465, sweeps=3, converged=True, rel_change=7.372e-04, effective_ranks=(317, 21), class_paired=True
Epoch [60/100] | Loss: 4.7909 (Cls: 4.8291, TAL: -0.4244, Adv: 0.1591, OT-Reg: 0.001425) | OT inner objective: -0.2267 | Marginal residual row/col/max: 7.22e-05/1.16e-08/7.22e-05 | Train Acc: 0.4420 | Val Acc: 0.0833 | Val P/R/F1 (Macro): 0.1162/0.3073/0.1256 | LR: 0.000001
Epoch [61/100] | SVD update #61: pairs=465, sweeps=4, converged=True, rel_change=1.855e-04, effective_ranks=(317, 21), class_paired=True
Epoch [61/100] | Loss: 4.5523 (Cls: 4.5947, TAL: -0.4897, Adv: 0.2047, OT-Reg: 0.001378) | OT inner objective: -0.1709 | Marginal residual row/col/max: 1.60e-04/1.28e-08/1.60e-04 | Train Acc: 0.4665 | Val Acc: 0.1417 | Val P/R/F1 (Macro): 0.3217/0.4345/0.2539 | LR: 0.000001
Epoch [62/100] | SVD update #62: pairs=465, sweeps=4, converged=True, rel_change=4.928e-04, effective_ranks=(317, 19), class_paired=True
Epoch [62/100] | Loss: 4.5147 (Cls: 4.5601, TAL: -0.4506, Adv: 0.1090, OT-Reg: 0.001432) | OT inner objective: -0.2249 | Marginal residual row/col/max: 3.01e-05/1.04e-08/3.01e-05 | Train Acc: 0.4888 | Val Acc: 0.1583 | Val P/R/F1 (Macro): 0.2851/0.2397/0.1832 | LR: 0.000001
Epoch [63/100] | SVD update #63: pairs=465, sweeps=3, converged=True, rel_change=6.649e-04, effective_ranks=(317, 20), class_paired=True
Epoch [63/100] | Loss: 4.2704 (Cls: 4.3073, TAL: -0.3989, Adv: 0.1366, OT-Reg: 0.001411) | OT inner objective: -0.2077 | Marginal residual row/col/max: 1.38e-04/1.78e-08/1.38e-04 | Train Acc: 0.5960 | Val Acc: 0.1417 | Val P/R/F1 (Macro): 0.3672/0.3603/0.2321 | LR: 0.000001
Epoch [64/100] | SVD update #64: pairs=465, sweeps=4, converged=True, rel_change=4.384e-04, effective_ranks=(317, 21), class_paired=True
Epoch [64/100] | Loss: 4.3582 (Cls: 4.3965, TAL: -0.4406, Adv: 0.1823, OT-Reg: 0.001415) | OT inner objective: -0.1532 | Marginal residual row/col/max: 2.11e-04/1.70e-08/2.11e-04 | Train Acc: 0.5268 | Val Acc: 0.1333 | Val P/R/F1 (Macro): 0.3354/0.3530/0.2676 | LR: 0.000001
Epoch [65/100] | SVD update #65: pairs=465, sweeps=3, converged=True, rel_change=2.287e-04, effective_ranks=(315, 21), class_paired=True
Epoch [65/100] | Loss: 4.3608 (Cls: 4.3929, TAL: -0.4017, Adv: 0.2007, OT-Reg: 0.001493) | OT inner objective: -0.1646 | Marginal residual row/col/max: 3.46e-05/1.09e-08/3.46e-05 | Train Acc: 0.4955 | Val Acc: 0.1000 | Val P/R/F1 (Macro): 0.2956/0.2397/0.1697 | LR: 0.000001
Epoch [66/100] | SVD update #66: pairs=465, sweeps=4, converged=True, rel_change=5.176e-04, effective_ranks=(317, 22), class_paired=True
Epoch [66/100] | Loss: 4.2619 (Cls: 4.2850, TAL: -0.3644, Adv: 0.2575, OT-Reg: 0.001569) | OT inner objective: -0.1623 | Marginal residual row/col/max: 9.28e-05/1.41e-08/9.28e-05 | Train Acc: 0.6027 | Val Acc: 0.1250 | Val P/R/F1 (Macro): 0.2881/0.3005/0.1915 | LR: 0.000001
Epoch [67/100] | SVD update #67: pairs=465, sweeps=4, converged=True, rel_change=3.706e-04, effective_ranks=(317, 20), class_paired=True
Epoch [67/100] | Loss: 4.1183 (Cls: 4.1532, TAL: -0.4493, Adv: 0.2376, OT-Reg: 0.001475) | OT inner objective: -0.2431 | Marginal residual row/col/max: 7.84e-05/1.05e-08/7.84e-05 | Train Acc: 0.5804 | Val Acc: 0.1833 | Val P/R/F1 (Macro): 0.2360/0.3422/0.1810 | LR: 0.000001
Epoch [68/100] | SVD update #68: pairs=465, sweeps=4, converged=True, rel_change=2.342e-04, effective_ranks=(314, 20), class_paired=True
Epoch [68/100] | Loss: 4.2784 (Cls: 4.3158, TAL: -0.4015, Adv: 0.1346, OT-Reg: 0.001379) | OT inner objective: -0.2018 | Marginal residual row/col/max: 1.02e-04/1.81e-08/1.02e-04 | Train Acc: 0.5558 | Val Acc: 0.1083 | Val P/R/F1 (Macro): 0.1882/0.2922/0.1151 | LR: 0.000001
Epoch [69/100] | SVD update #69: pairs=465, sweeps=3, converged=True, rel_change=7.958e-04, effective_ranks=(315, 20), class_paired=True
Epoch [69/100] | Loss: 4.2190 (Cls: 4.2562, TAL: -0.4194, Adv: 0.1644, OT-Reg: 0.001479) | OT inner objective: -0.2281 | Marginal residual row/col/max: 7.69e-05/1.26e-08/7.69e-05 | Train Acc: 0.5603 | Val Acc: 0.1000 | Val P/R/F1 (Macro): 0.1347/0.2723/0.0788 | LR: 0.000001
Epoch [70/100] | SVD update #70: pairs=465, sweeps=5, converged=True, rel_change=1.344e-04, effective_ranks=(316, 21), class_paired=True
Epoch [70/100] | Loss: 4.2075 (Cls: 4.2276, TAL: -0.2875, Adv: 0.1796, OT-Reg: 0.001446) | OT inner objective: -0.0986 | Marginal residual row/col/max: 2.49e-06/1.14e-08/2.49e-06 | Train Acc: 0.5335 | Val Acc: 0.2500 | Val P/R/F1 (Macro): 0.2791/0.3829/0.2399 | LR: 0.000001
Epoch [71/100] | SVD update #71: pairs=465, sweeps=4, converged=True, rel_change=2.579e-04, effective_ranks=(317, 23), class_paired=True
Epoch [71/100] | Loss: 4.2724 (Cls: 4.2932, TAL: -0.4521, Adv: 0.4182, OT-Reg: 0.001425) | OT inner objective: -0.2518 | Marginal residual row/col/max: 4.98e-05/1.02e-08/4.98e-05 | Train Acc: 0.4911 | Val Acc: 0.2083 | Val P/R/F1 (Macro): 0.3037/0.3744/0.2433 | LR: 0.000001
Epoch [72/100] | SVD update #72: pairs=465, sweeps=4, converged=True, rel_change=1.719e-04, effective_ranks=(317, 23), class_paired=True
Epoch [72/100] | Loss: 4.2746 (Cls: 4.2956, TAL: -0.3736, Adv: 0.2983, OT-Reg: 0.001418) | OT inner objective: -0.2352 | Marginal residual row/col/max: 4.88e-05/1.49e-08/4.88e-05 | Train Acc: 0.5134 | Val Acc: 0.1000 | Val P/R/F1 (Macro): 0.1331/0.2848/0.1132 | LR: 0.000001
Epoch [73/100] | SVD update #73: pairs=465, sweeps=4, converged=True, rel_change=8.861e-04, effective_ranks=(316, 21), class_paired=True
Epoch [73/100] | Loss: 3.9832 (Cls: 4.0240, TAL: -0.4449, Adv: 0.1578, OT-Reg: 0.001441) | OT inner objective: -0.3106 | Marginal residual row/col/max: 1.91e-04/1.20e-08/1.91e-04 | Train Acc: 0.5938 | Val Acc: 0.1083 | Val P/R/F1 (Macro): 0.1975/0.2771/0.1101 | LR: 0.000001
Epoch [74/100] | SVD update #74: pairs=465, sweeps=4, converged=True, rel_change=1.250e-04, effective_ranks=(317, 21), class_paired=True
Epoch [74/100] | Loss: 4.0984 (Cls: 4.1492, TAL: -0.5219, Adv: 0.1476, OT-Reg: 0.001424) | OT inner objective: -0.2580 | Marginal residual row/col/max: 3.12e-05/1.28e-08/3.12e-05 | Train Acc: 0.6116 | Val Acc: 0.0917 | Val P/R/F1 (Macro): 0.2334/0.2692/0.1021 | LR: 0.000001
Epoch [75/100] | SVD update #75: pairs=465, sweeps=4, converged=True, rel_change=7.105e-04, effective_ranks=(316, 24), class_paired=True
Epoch [75/100] | Loss: 3.8859 (Cls: 3.9120, TAL: -0.3760, Adv: 0.2381, OT-Reg: 0.001451) | OT inner objective: -0.2871 | Marginal residual row/col/max: 4.31e-05/1.05e-08/4.31e-05 | Train Acc: 0.6183 | Val Acc: 0.1333 | Val P/R/F1 (Macro): 0.3796/0.3583/0.2318 | LR: 0.000001
Epoch [76/100] | SVD update #76: pairs=465, sweeps=4, converged=True, rel_change=2.032e-04, effective_ranks=(316, 21), class_paired=True
Epoch [76/100] | Loss: 3.8206 (Cls: 3.8622, TAL: -0.5024, Adv: 0.2331, OT-Reg: 0.001485) | OT inner objective: -0.2427 | Marginal residual row/col/max: 2.43e-05/2.30e-08/2.43e-05 | Train Acc: 0.6362 | Val Acc: 0.1667 | Val P/R/F1 (Macro): 0.3354/0.3431/0.2064 | LR: 0.000001
Epoch [77/100] | SVD update #77: pairs=465, sweeps=4, converged=True, rel_change=7.910e-04, effective_ranks=(317, 23), class_paired=True
Epoch [77/100] | Loss: 3.9656 (Cls: 3.9985, TAL: -0.4222, Adv: 0.2223, OT-Reg: 0.001435) | OT inner objective: -0.1668 | Marginal residual row/col/max: 1.17e-04/2.02e-08/1.17e-04 | Train Acc: 0.6406 | Val Acc: 0.1250 | Val P/R/F1 (Macro): 0.2239/0.4121/0.2223 | LR: 0.000001
Epoch [78/100] | SVD update #78: pairs=465, sweeps=3, converged=True, rel_change=3.323e-04, effective_ranks=(316, 19), class_paired=True
Epoch [78/100] | Loss: 3.8100 (Cls: 3.8564, TAL: -0.5217, Adv: 0.2020, OT-Reg: 0.001476) | OT inner objective: -0.2724 | Marginal residual row/col/max: 1.00e-04/1.38e-08/1.00e-04 | Train Acc: 0.6295 | Val Acc: 0.2167 | Val P/R/F1 (Macro): 0.4204/0.4311/0.3021 | LR: 0.000001
Epoch [79/100] | SVD update #79: pairs=465, sweeps=4, converged=True, rel_change=2.871e-04, effective_ranks=(317, 21), class_paired=True
Epoch [79/100] | Loss: 3.7190 (Cls: 3.7702, TAL: -0.5508, Adv: 0.1859, OT-Reg: 0.001464) | OT inner objective: -0.2450 | Marginal residual row/col/max: 1.09e-04/1.25e-08/1.09e-04 | Train Acc: 0.6473 | Val Acc: 0.1750 | Val P/R/F1 (Macro): 0.1901/0.3212/0.1759 | LR: 0.000001
Epoch [80/100] | SVD update #80: pairs=465, sweeps=4, converged=True, rel_change=6.098e-04, effective_ranks=(316, 24), class_paired=True
Epoch [80/100] | Loss: 3.7141 (Cls: 3.7599, TAL: -0.5164, Adv: 0.2024, OT-Reg: 0.001466) | OT inner objective: -0.2165 | Marginal residual row/col/max: 5.59e-05/1.72e-08/5.59e-05 | Train Acc: 0.6071 | Val Acc: 0.1583 | Val P/R/F1 (Macro): 0.3038/0.3105/0.1841 | LR: 0.000001
Epoch [81/100] | SVD update #81: pairs=465, sweeps=4, converged=True, rel_change=8.083e-04, effective_ranks=(316, 21), class_paired=True
Epoch [81/100] | Loss: 3.8339 (Cls: 3.8643, TAL: -0.4796, Adv: 0.3387, OT-Reg: 0.001514) | OT inner objective: -0.2645 | Marginal residual row/col/max: 3.47e-05/1.12e-08/3.47e-05 | Train Acc: 0.6629 | Val Acc: 0.1417 | Val P/R/F1 (Macro): 0.2349/0.3292/0.1771 | LR: 0.000001
Epoch [82/100] | SVD update #82: pairs=465, sweeps=4, converged=True, rel_change=3.246e-04, effective_ranks=(317, 23), class_paired=True
Epoch [82/100] | Loss: 3.6821 (Cls: 3.7113, TAL: -0.4289, Adv: 0.2780, OT-Reg: 0.001480) | OT inner objective: -0.2820 | Marginal residual row/col/max: 1.13e-04/1.33e-08/1.13e-04 | Train Acc: 0.6987 | Val Acc: 0.2000 | Val P/R/F1 (Macro): 0.2656/0.3672/0.2099 | LR: 0.000001
Epoch [83/100] | SVD update #83: pairs=465, sweeps=5, converged=True, rel_change=3.802e-04, effective_ranks=(317, 24), class_paired=True
Epoch [83/100] | Loss: 3.8182 (Cls: 3.8546, TAL: -0.4594, Adv: 0.2338, OT-Reg: 0.001454) | OT inner objective: -0.1990 | Marginal residual row/col/max: 3.24e-05/2.04e-08/3.24e-05 | Train Acc: 0.6272 | Val Acc: 0.2750 | Val P/R/F1 (Macro): 0.3555/0.4359/0.2762 | LR: 0.000001
Epoch [84/100] | SVD update #84: pairs=465, sweeps=4, converged=True, rel_change=2.121e-04, effective_ranks=(317, 19), class_paired=True
Epoch [84/100] | Loss: 3.9835 (Cls: 3.9878, TAL: -0.3544, Adv: 0.4773, OT-Reg: 0.001458) | OT inner objective: -0.2721 | Marginal residual row/col/max: 3.95e-05/1.25e-08/3.95e-05 | Train Acc: 0.6317 | Val Acc: 0.1500 | Val P/R/F1 (Macro): 0.2424/0.3346/0.1883 | LR: 0.000001
Epoch [85/100] | SVD update #85: pairs=465, sweeps=4, converged=True, rel_change=7.093e-04, effective_ranks=(317, 23), class_paired=True
Epoch [85/100] | Loss: 3.6137 (Cls: 3.6359, TAL: -0.4150, Adv: 0.3447, OT-Reg: 0.001461) | OT inner objective: -0.2323 | Marginal residual row/col/max: 5.36e-05/1.02e-08/5.36e-05 | Train Acc: 0.7098 | Val Acc: 0.2583 | Val P/R/F1 (Macro): 0.4447/0.4382/0.2988 | LR: 0.000001
Epoch [86/100] | SVD update #86: pairs=465, sweeps=4, converged=True, rel_change=2.010e-04, effective_ranks=(317, 23), class_paired=True
Epoch [86/100] | Loss: 3.9062 (Cls: 3.9464, TAL: -0.4961, Adv: 0.2415, OT-Reg: 0.001454) | OT inner objective: -0.2788 | Marginal residual row/col/max: 2.70e-05/1.48e-08/2.70e-05 | Train Acc: 0.6719 | Val Acc: 0.2083 | Val P/R/F1 (Macro): 0.2768/0.3676/0.1963 | LR: 0.000001
Epoch [87/100] | SVD update #87: pairs=465, sweeps=5, converged=True, rel_change=9.076e-05, effective_ranks=(315, 21), class_paired=True
Epoch [87/100] | Loss: 3.9174 (Cls: 3.9474, TAL: -0.4135, Adv: 0.2451, OT-Reg: 0.001469) | OT inner objective: -0.2585 | Marginal residual row/col/max: 8.86e-06/1.22e-08/8.86e-06 | Train Acc: 0.6339 | Val Acc: 0.1833 | Val P/R/F1 (Macro): 0.2908/0.3558/0.2129 | LR: 0.000001
Epoch [88/100] | SVD update #88: pairs=465, sweeps=4, converged=True, rel_change=2.678e-04, effective_ranks=(317, 23), class_paired=True
Epoch [88/100] | Loss: 3.8394 (Cls: 3.8676, TAL: -0.4664, Adv: 0.3479, OT-Reg: 0.001432) | OT inner objective: -0.2182 | Marginal residual row/col/max: 1.19e-04/1.78e-08/1.19e-04 | Train Acc: 0.6027 | Val Acc: 0.2583 | Val P/R/F1 (Macro): 0.3477/0.4263/0.2827 | LR: 0.000001
Epoch [89/100] | SVD update #89: pairs=465, sweeps=3, converged=True, rel_change=3.539e-04, effective_ranks=(316, 21), class_paired=True
Epoch [89/100] | Loss: 3.6193 (Cls: 3.6418, TAL: -0.4303, Adv: 0.3638, OT-Reg: 0.001446) | OT inner objective: -0.2769 | Marginal residual row/col/max: 4.03e-05/1.41e-08/4.03e-05 | Train Acc: 0.7054 | Val Acc: 0.2250 | Val P/R/F1 (Macro): 0.3373/0.3980/0.2524 | LR: 0.000001
Epoch [90/100] | SVD update #90: pairs=465, sweeps=3, converged=True, rel_change=4.022e-04, effective_ranks=(316, 22), class_paired=True
Epoch [90/100] | Loss: 3.8421 (Cls: 3.8690, TAL: -0.4413, Adv: 0.3263, OT-Reg: 0.001448) | OT inner objective: -0.2839 | Marginal residual row/col/max: 1.45e-05/1.09e-08/1.45e-05 | Train Acc: 0.6317 | Val Acc: 0.2167 | Val P/R/F1 (Macro): 0.3259/0.3724/0.2267 | LR: 0.000001
Epoch [91/100] | SVD update #91: pairs=465, sweeps=5, converged=True, rel_change=7.266e-04, effective_ranks=(317, 25), class_paired=True
Epoch [91/100] | Loss: 4.0842 (Cls: 4.0972, TAL: -0.3223, Adv: 0.3202, OT-Reg: 0.001360) | OT inner objective: -0.2589 | Marginal residual row/col/max: 3.75e-04/1.26e-08/3.75e-04 | Train Acc: 0.6205 | Val Acc: 0.2583 | Val P/R/F1 (Macro): 0.3279/0.4090/0.2553 | LR: 0.000001
Epoch [92/100] | SVD update #92: pairs=465, sweeps=4, converged=True, rel_change=7.376e-04, effective_ranks=(316, 20), class_paired=True
Epoch [92/100] | Loss: 4.0950 (Cls: 4.1225, TAL: -0.5022, Adv: 0.4097, OT-Reg: 0.001537) | OT inner objective: -0.2490 | Marginal residual row/col/max: 3.29e-05/1.17e-08/3.29e-05 | Train Acc: 0.5625 | Val Acc: 0.1167 | Val P/R/F1 (Macro): 0.3088/0.3313/0.1636 | LR: 0.000001
Epoch [93/100] | SVD update #93: pairs=465, sweeps=5, converged=True, rel_change=1.432e-04, effective_ranks=(317, 23), class_paired=True
Epoch [93/100] | Loss: 3.8839 (Cls: 3.9200, TAL: -0.5101, Adv: 0.3146, OT-Reg: 0.001460) | OT inner objective: -0.2385 | Marginal residual row/col/max: 2.69e-05/1.06e-08/2.69e-05 | Train Acc: 0.5938 | Val Acc: 0.1333 | Val P/R/F1 (Macro): 0.3495/0.3608/0.2181 | LR: 0.000001
Epoch [94/100] | SVD update #94: pairs=465, sweeps=4, converged=True, rel_change=2.391e-04, effective_ranks=(316, 23), class_paired=True
Epoch [94/100] | Loss: 4.1670 (Cls: 4.2071, TAL: -0.5138, Adv: 0.2695, OT-Reg: 0.001402) | OT inner objective: -0.2737 | Marginal residual row/col/max: 3.20e-04/1.25e-08/3.20e-04 | Train Acc: 0.5000 | Val Acc: 0.1417 | Val P/R/F1 (Macro): 0.2945/0.4328/0.2382 | LR: 0.000001
Epoch [95/100] | SVD update #95: pairs=465, sweeps=5, converged=True, rel_change=9.923e-05, effective_ranks=(316, 20), class_paired=True
Epoch [95/100] | Loss: 4.0934 (Cls: 4.1159, TAL: -0.4265, Adv: 0.3586, OT-Reg: 0.001429) | OT inner objective: -0.1222 | Marginal residual row/col/max: 1.45e-04/1.09e-08/1.45e-04 | Train Acc: 0.6049 | Val Acc: 0.1333 | Val P/R/F1 (Macro): 0.3774/0.4272/0.2564 | LR: 0.000001
Epoch [96/100] | SVD update #96: pairs=465, sweeps=4, converged=True, rel_change=1.765e-04, effective_ranks=(315, 21), class_paired=True
Epoch [96/100] | Loss: 4.2417 (Cls: 4.2793, TAL: -0.5002, Adv: 0.2803, OT-Reg: 0.001429) | OT inner objective: -0.2179 | Marginal residual row/col/max: 2.06e-04/2.32e-08/2.06e-04 | Train Acc: 0.5201 | Val Acc: 0.1167 | Val P/R/F1 (Macro): 0.2475/0.3053/0.1450 | LR: 0.000001
Epoch [97/100] | SVD update #97: pairs=465, sweeps=3, converged=True, rel_change=8.534e-04, effective_ranks=(317, 25), class_paired=True
Epoch [97/100] | Loss: 4.1513 (Cls: 4.1848, TAL: -0.4662, Adv: 0.2810, OT-Reg: 0.001428) | OT inner objective: -0.2768 | Marginal residual row/col/max: 4.12e-05/1.54e-08/4.12e-05 | Train Acc: 0.5513 | Val Acc: 0.0833 | Val P/R/F1 (Macro): 0.1451/0.2485/0.0911 | LR: 0.000001
Epoch [98/100] | SVD update #98: pairs=465, sweeps=4, converged=True, rel_change=4.703e-04, effective_ranks=(316, 24), class_paired=True
Epoch [98/100] | Loss: 4.1414 (Cls: 4.1600, TAL: -0.4500, Adv: 0.4424, OT-Reg: 0.001423) | OT inner objective: -0.2934 | Marginal residual row/col/max: 2.39e-05/1.29e-08/2.39e-05 | Train Acc: 0.5580 | Val Acc: 0.1417 | Val P/R/F1 (Macro): 0.4667/0.4025/0.2365 | LR: 0.000001
Epoch [99/100] | SVD update #99: pairs=465, sweeps=4, converged=True, rel_change=3.285e-04, effective_ranks=(317, 26), class_paired=True
Epoch [99/100] | Loss: 4.1838 (Cls: 4.2127, TAL: -0.4496, Adv: 0.3128, OT-Reg: 0.001458) | OT inner objective: -0.3072 | Marginal residual row/col/max: 6.44e-05/1.17e-08/6.44e-05 | Train Acc: 0.5469 | Val Acc: 0.1250 | Val P/R/F1 (Macro): 0.4399/0.3510/0.2230 | LR: 0.000001
Epoch [100/100] | SVD update #100: pairs=465, sweeps=4, converged=True, rel_change=1.977e-04, effective_ranks=(317, 23), class_paired=True
Epoch [100/100] | Loss: 4.3169 (Cls: 4.3307, TAL: -0.3844, Adv: 0.4033, OT-Reg: 0.001475) | OT inner objective: -0.3016 | Marginal residual row/col/max: 2.70e-05/1.78e-08/2.70e-05 | Train Acc: 0.5246 | Val Acc: 0.1083 | Val P/R/F1 (Macro): 0.3866/0.3265/0.1830 | LR: 0.000001
Report strategy: best, window=10, reported_acc=0.4583, best_acc=0.4583, selected_epoch=13

迭代 3 报告指标:
  Accuracy: 0.4583
  Precision (Macro): 0.4266
  Recall (Macro): 0.4821
  F1 (Macro): 0.4036
  Precision (Micro): 0.4583
  Recall (Micro): 0.4583
  F1 (Micro): 0.4583
  Val class coverage: 8/14 (0.5714), samples=120

================================================================================
迭代 4/5
随机种子: 45
================================================================================
Training mode: full target-label supervision (class-paired batches).
Feature fusion: Tensor alignment (512+512 -> 16+16); fused_dim=32
Domain adaptation: Neural OT generator with 3-domain discriminator
Loss weights: tensor=0.12, adv=0.08
Transport: mode=sinkhorn, epsilon=0.1, Sinkhorn iterations=50, correction scale=0.1, correction regularization weight=0.001
Tensor projection update: once per epoch from the complete target-training pairing bank; projection_dim=16, max_sweeps=10, relative singular-value tolerance=0.001
Epoch [1/100] | SVD update #1: pairs=465, sweeps=3, converged=True, rel_change=3.296e-05, effective_ranks=(317, 192), class_paired=True
Epoch [1/100] | Loss: 7.3447 (Cls: 7.3311, TAL: -0.0330, Adv: 0.2193, OT-Reg: 0.000751) | OT inner objective: 0.2145 | Marginal residual row/col/max: 1.24e-08/1.17e-08/1.40e-08 | Train Acc: 0.2478 | Val Acc: 0.0667 | Val P/R/F1 (Macro): 0.0083/0.1250/0.0156 | LR: 0.000005
  >>> New Best Val Acc: 0.0667
Epoch [2/100] | SVD update #2: pairs=465, sweeps=5, converged=True, rel_change=1.631e-04, effective_ranks=(317, 76), class_paired=True
Epoch [2/100] | Loss: 6.8195 (Cls: 6.7918, TAL: 0.0790, Adv: 0.2270, OT-Reg: 0.000839) | OT inner objective: 0.2352 | Marginal residual row/col/max: 1.25e-08/2.20e-08/2.28e-08 | Train Acc: 0.1629 | Val Acc: 0.1500 | Val P/R/F1 (Macro): 0.1584/0.3152/0.1778 | LR: 0.000005
  >>> New Best Val Acc: 0.1500
Epoch [3/100] | SVD update #3: pairs=465, sweeps=10, converged=False, rel_change=1.724e-02, effective_ranks=(317, 87), class_paired=True
Epoch [3/100] | Loss: 6.2965 (Cls: 6.3054, TAL: -0.2485, Adv: 0.2608, OT-Reg: 0.000781) | OT inner objective: 0.0938 | Marginal residual row/col/max: 6.23e-07/1.90e-08/6.27e-07 | Train Acc: 0.2879 | Val Acc: 0.2000 | Val P/R/F1 (Macro): 0.5241/0.4456/0.2662 | LR: 0.000005
  >>> New Best Val Acc: 0.2000
Epoch [4/100] | SVD update #4: pairs=465, sweeps=10, converged=False, rel_change=9.484e-02, effective_ranks=(313, 68), class_paired=True
Epoch [4/100] | Loss: 6.8082 (Cls: 6.7895, TAL: -0.0018, Adv: 0.2373, OT-Reg: 0.000780) | OT inner objective: 0.2219 | Marginal residual row/col/max: 2.43e-07/1.90e-08/2.50e-07 | Train Acc: 0.2701 | Val Acc: 0.2167 | Val P/R/F1 (Macro): 0.1832/0.4009/0.2066 | LR: 0.000005
  >>> New Best Val Acc: 0.2167
Epoch [5/100] | SVD update #5: pairs=465, sweeps=9, converged=True, rel_change=6.812e-04, effective_ranks=(317, 59), class_paired=True
Epoch [5/100] | Loss: 6.0793 (Cls: 6.0727, TAL: -0.1747, Adv: 0.3440, OT-Reg: 0.000853) | OT inner objective: 0.0730 | Marginal residual row/col/max: 1.68e-07/1.37e-08/1.69e-07 | Train Acc: 0.3371 | Val Acc: 0.2500 | Val P/R/F1 (Macro): 0.3355/0.4486/0.2829 | LR: 0.000005
  >>> New Best Val Acc: 0.2500
Epoch [6/100] | SVD update #6: pairs=465, sweeps=10, converged=False, rel_change=1.977e-02, effective_ranks=(317, 36), class_paired=True
Epoch [6/100] | Loss: 6.4443 (Cls: 6.4284, TAL: -0.0102, Adv: 0.2152, OT-Reg: 0.000797) | OT inner objective: 0.1923 | Marginal residual row/col/max: 1.29e-08/1.34e-08/1.53e-08 | Train Acc: 0.2455 | Val Acc: 0.2583 | Val P/R/F1 (Macro): 0.2414/0.3640/0.2415 | LR: 0.000005
  >>> New Best Val Acc: 0.2583
Epoch [7/100] | SVD update #7: pairs=465, sweeps=10, converged=False, rel_change=1.098e-02, effective_ranks=(317, 42), class_paired=True
Epoch [7/100] | Loss: 7.0106 (Cls: 6.9912, TAL: 0.0312, Adv: 0.1957, OT-Reg: 0.000817) | OT inner objective: 0.2246 | Marginal residual row/col/max: 1.44e-08/2.28e-08/2.32e-08 | Train Acc: 0.1562 | Val Acc: 0.2667 | Val P/R/F1 (Macro): 0.2595/0.1531/0.1718 | LR: 0.000005
  >>> New Best Val Acc: 0.2667
Epoch [8/100] | SVD update #8: pairs=465, sweeps=10, converged=True, rel_change=9.097e-04, effective_ranks=(317, 40), class_paired=True
Epoch [8/100] | Loss: 6.3382 (Cls: 6.3476, TAL: -0.2175, Adv: 0.2076, OT-Reg: 0.000860) | OT inner objective: 0.0418 | Marginal residual row/col/max: 5.19e-06/1.85e-08/5.20e-06 | Train Acc: 0.2522 | Val Acc: 0.0667 | Val P/R/F1 (Macro): 0.1927/0.1841/0.0986 | LR: 0.000005
Epoch [9/100] | SVD update #9: pairs=465, sweeps=10, converged=False, rel_change=3.983e-02, effective_ranks=(315, 41), class_paired=True
Epoch [9/100] | Loss: 6.1163 (Cls: 6.1138, TAL: -0.1050, Adv: 0.1898, OT-Reg: 0.000814) | OT inner objective: 0.0979 | Marginal residual row/col/max: 3.71e-05/1.73e-08/3.71e-05 | Train Acc: 0.2701 | Val Acc: 0.0833 | Val P/R/F1 (Macro): 0.1288/0.1630/0.0658 | LR: 0.000005
Epoch [10/100] | SVD update #10: pairs=465, sweeps=7, converged=True, rel_change=4.328e-04, effective_ranks=(317, 48), class_paired=True
Epoch [10/100] | Loss: 6.3166 (Cls: 6.2792, TAL: 0.1767, Adv: 0.2033, OT-Reg: 0.000731) | OT inner objective: 0.1228 | Marginal residual row/col/max: 1.58e-05/1.45e-08/1.58e-05 | Train Acc: 0.2121 | Val Acc: 0.2667 | Val P/R/F1 (Macro): 0.2227/0.3709/0.2355 | LR: 0.000005
Epoch [11/100] | SVD update #11: pairs=465, sweeps=8, converged=True, rel_change=2.142e-04, effective_ranks=(316, 23), class_paired=True
Epoch [11/100] | Loss: 6.2930 (Cls: 6.3086, TAL: -0.2585, Adv: 0.1924, OT-Reg: 0.000850) | OT inner objective: 0.0331 | Marginal residual row/col/max: 8.51e-07/1.93e-08/8.54e-07 | Train Acc: 0.2790 | Val Acc: 0.1500 | Val P/R/F1 (Macro): 0.0900/0.3442/0.1186 | LR: 0.000005
Epoch [12/100] | SVD update #12: pairs=465, sweeps=10, converged=True, rel_change=6.923e-04, effective_ranks=(316, 31), class_paired=True
Epoch [12/100] | Loss: 6.4293 (Cls: 6.3889, TAL: 0.2093, Adv: 0.1916, OT-Reg: 0.000745) | OT inner objective: 0.0639 | Marginal residual row/col/max: 5.13e-05/1.33e-08/5.13e-05 | Train Acc: 0.2031 | Val Acc: 0.1583 | Val P/R/F1 (Macro): 0.1688/0.2288/0.1616 | LR: 0.000005
Epoch [13/100] | SVD update #13: pairs=465, sweeps=10, converged=True, rel_change=4.024e-04, effective_ranks=(316, 19), class_paired=True
Epoch [13/100] | Loss: 5.9753 (Cls: 5.9682, TAL: -0.0909, Adv: 0.2259, OT-Reg: 0.000780) | OT inner objective: 0.0517 | Marginal residual row/col/max: 8.42e-05/2.85e-08/8.42e-05 | Train Acc: 0.2388 | Val Acc: 0.2833 | Val P/R/F1 (Macro): 0.1931/0.1594/0.1492 | LR: 0.000005
  >>> New Best Val Acc: 0.2833
Epoch [14/100] | SVD update #14: pairs=465, sweeps=10, converged=False, rel_change=1.529e-01, effective_ranks=(316, 35), class_paired=True
Epoch [14/100] | Loss: 7.0880 (Cls: 7.0678, TAL: 0.0488, Adv: 0.1791, OT-Reg: 0.000732) | OT inner objective: 0.1644 | Marginal residual row/col/max: 8.44e-08/1.44e-08/8.79e-08 | Train Acc: 0.1629 | Val Acc: 0.1167 | Val P/R/F1 (Macro): 0.0749/0.1532/0.0671 | LR: 0.000005
Epoch [15/100] | SVD update #15: pairs=465, sweeps=10, converged=False, rel_change=1.343e-01, effective_ranks=(315, 33), class_paired=True
Epoch [15/100] | Loss: 6.5892 (Cls: 6.6011, TAL: -0.1846, Adv: 0.1276, OT-Reg: 0.000751) | OT inner objective: 0.0712 | Marginal residual row/col/max: 3.34e-05/1.57e-08/3.34e-05 | Train Acc: 0.1451 | Val Acc: 0.0417 | Val P/R/F1 (Macro): 0.0676/0.1054/0.0196 | LR: 0.000005
Epoch [16/100] | SVD update #16: pairs=465, sweeps=10, converged=False, rel_change=1.890e-02, effective_ranks=(317, 29), class_paired=True
Epoch [16/100] | Loss: 6.5481 (Cls: 6.5431, TAL: -0.0718, Adv: 0.1696, OT-Reg: 0.000673) | OT inner objective: 0.1393 | Marginal residual row/col/max: 1.50e-07/1.33e-08/1.51e-07 | Train Acc: 0.1964 | Val Acc: 0.1417 | Val P/R/F1 (Macro): 0.3701/0.2920/0.2109 | LR: 0.000005
Epoch [17/100] | SVD update #17: pairs=465, sweeps=10, converged=False, rel_change=2.095e-02, effective_ranks=(317, 22), class_paired=True
Epoch [17/100] | Loss: 6.2088 (Cls: 6.1986, TAL: -0.0261, Adv: 0.1662, OT-Reg: 0.000705) | OT inner objective: 0.0540 | Marginal residual row/col/max: 6.01e-06/1.06e-08/6.01e-06 | Train Acc: 0.1629 | Val Acc: 0.4417 | Val P/R/F1 (Macro): 0.2923/0.4284/0.3124 | LR: 0.000005
  >>> New Best Val Acc: 0.4417
Epoch [18/100] | SVD update #18: pairs=465, sweeps=10, converged=False, rel_change=4.876e-03, effective_ranks=(313, 21), class_paired=True
Epoch [18/100] | Loss: 6.2448 (Cls: 6.2366, TAL: -0.0638, Adv: 0.1971, OT-Reg: 0.000798) | OT inner objective: -0.0760 | Marginal residual row/col/max: 1.64e-04/1.38e-08/1.64e-04 | Train Acc: 0.3036 | Val Acc: 0.2917 | Val P/R/F1 (Macro): 0.2336/0.3675/0.2666 | LR: 0.000005
Epoch [19/100] | SVD update #19: pairs=465, sweeps=10, converged=False, rel_change=1.149e-03, effective_ranks=(311, 17), class_paired=True
Epoch [19/100] | Loss: 6.1747 (Cls: 6.1615, TAL: -0.0029, Adv: 0.1698, OT-Reg: 0.000757) | OT inner objective: 0.0653 | Marginal residual row/col/max: 1.05e-05/1.32e-08/1.05e-05 | Train Acc: 0.2455 | Val Acc: 0.1250 | Val P/R/F1 (Macro): 0.2007/0.2465/0.1212 | LR: 0.000005
Epoch [20/100] | SVD update #20: pairs=465, sweeps=6, converged=True, rel_change=1.454e-04, effective_ranks=(316, 25), class_paired=True
Epoch [20/100] | Loss: 5.6575 (Cls: 5.6717, TAL: -0.1941, Adv: 0.1128, OT-Reg: 0.000773) | OT inner objective: -0.0252 | Marginal residual row/col/max: 6.70e-06/1.09e-08/6.70e-06 | Train Acc: 0.3795 | Val Acc: 0.1917 | Val P/R/F1 (Macro): 0.3385/0.5108/0.3182 | LR: 0.000005
Epoch [21/100] | SVD update #21: pairs=465, sweeps=9, converged=True, rel_change=4.417e-04, effective_ranks=(316, 20), class_paired=True
Epoch [21/100] | Loss: 5.3377 (Cls: 5.3354, TAL: -0.0762, Adv: 0.1428, OT-Reg: 0.000814) | OT inner objective: 0.0295 | Marginal residual row/col/max: 7.93e-05/1.96e-08/7.93e-05 | Train Acc: 0.4665 | Val Acc: 0.2083 | Val P/R/F1 (Macro): 0.4351/0.4689/0.3485 | LR: 0.000005
Epoch [22/100] | SVD update #22: pairs=465, sweeps=5, converged=True, rel_change=6.321e-04, effective_ranks=(317, 25), class_paired=True
Epoch [22/100] | Loss: 4.7864 (Cls: 4.8164, TAL: -0.3279, Adv: 0.1167, OT-Reg: 0.000761) | OT inner objective: -0.0646 | Marginal residual row/col/max: 1.81e-04/1.14e-08/1.81e-04 | Train Acc: 0.5379 | Val Acc: 0.2333 | Val P/R/F1 (Macro): 0.4426/0.5737/0.3835 | LR: 0.000005
Epoch [23/100] | SVD update #23: pairs=465, sweeps=10, converged=False, rel_change=1.516e-01, effective_ranks=(317, 23), class_paired=True
Epoch [23/100] | Loss: 7.5765 (Cls: 7.5742, TAL: -0.0474, Adv: 0.1006, OT-Reg: 0.000746) | OT inner objective: 0.0677 | Marginal residual row/col/max: 1.11e-04/1.78e-08/1.11e-04 | Train Acc: 0.2924 | Val Acc: 0.3417 | Val P/R/F1 (Macro): 0.4965/0.4139/0.2852 | LR: 0.000005
Epoch [24/100] | SVD update #24: pairs=465, sweeps=10, converged=False, rel_change=5.415e-03, effective_ranks=(317, 18), class_paired=True
Epoch [24/100] | Loss: 6.0103 (Cls: 6.0110, TAL: -0.0835, Adv: 0.1169, OT-Reg: 0.000759) | OT inner objective: -0.0506 | Marginal residual row/col/max: 1.79e-04/2.62e-08/1.79e-04 | Train Acc: 0.2946 | Val Acc: 0.2167 | Val P/R/F1 (Macro): 0.3239/0.2366/0.2352 | LR: 0.000005
Epoch [25/100] | SVD update #25: pairs=465, sweeps=7, converged=True, rel_change=8.455e-04, effective_ranks=(315, 20), class_paired=True
Epoch [25/100] | Loss: 6.2744 (Cls: 6.3008, TAL: -0.2923, Adv: 0.1090, OT-Reg: 0.000760) | OT inner objective: -0.0655 | Marginal residual row/col/max: 3.18e-04/2.50e-08/3.18e-04 | Train Acc: 0.3036 | Val Acc: 0.1667 | Val P/R/F1 (Macro): 0.2875/0.4086/0.2412 | LR: 0.000005
Epoch [26/100] | SVD update #26: pairs=465, sweeps=6, converged=True, rel_change=4.015e-04, effective_ranks=(315, 15), class_paired=True
Epoch [26/100] | Loss: 5.6572 (Cls: 5.6779, TAL: -0.2336, Adv: 0.0916, OT-Reg: 0.000709) | OT inner objective: -0.0569 | Marginal residual row/col/max: 6.40e-04/1.96e-08/6.40e-04 | Train Acc: 0.3996 | Val Acc: 0.1583 | Val P/R/F1 (Macro): 0.3459/0.3769/0.2856 | LR: 0.000005
Epoch [27/100] | SVD update #27: pairs=465, sweeps=9, converged=True, rel_change=6.708e-04, effective_ranks=(315, 18), class_paired=True
Epoch [27/100] | Loss: 5.5016 (Cls: 5.5215, TAL: -0.2388, Adv: 0.1087, OT-Reg: 0.000784) | OT inner objective: -0.0240 | Marginal residual row/col/max: 1.05e-04/2.51e-08/1.05e-04 | Train Acc: 0.3415 | Val Acc: 0.2167 | Val P/R/F1 (Macro): 0.4276/0.3515/0.2312 | LR: 0.000005
Epoch [28/100] | SVD update #28: pairs=465, sweeps=5, converged=True, rel_change=9.243e-04, effective_ranks=(317, 21), class_paired=True
Epoch [28/100] | Loss: 5.2983 (Cls: 5.3270, TAL: -0.2946, Adv: 0.0831, OT-Reg: 0.000749) | OT inner objective: -0.1275 | Marginal residual row/col/max: 3.11e-04/1.97e-08/3.11e-04 | Train Acc: 0.3772 | Val Acc: 0.5500 | Val P/R/F1 (Macro): 0.6374/0.5148/0.4757 | LR: 0.000005
  >>> New Best Val Acc: 0.5500
Epoch [29/100] | SVD update #29: pairs=465, sweeps=10, converged=False, rel_change=1.007e-01, effective_ranks=(316, 17), class_paired=True
Epoch [29/100] | Loss: 5.1431 (Cls: 5.1595, TAL: -0.1949, Adv: 0.0867, OT-Reg: 0.000784) | OT inner objective: -0.1227 | Marginal residual row/col/max: 2.23e-04/1.33e-08/2.23e-04 | Train Acc: 0.3638 | Val Acc: 0.3250 | Val P/R/F1 (Macro): 0.2007/0.4583/0.2426 | LR: 0.000005
Epoch [30/100] | SVD update #30: pairs=465, sweeps=5, converged=True, rel_change=1.819e-04, effective_ranks=(317, 18), class_paired=True
Epoch [30/100] | Loss: 4.8808 (Cls: 4.9231, TAL: -0.4219, Adv: 0.1044, OT-Reg: 0.000740) | OT inner objective: -0.1541 | Marginal residual row/col/max: 2.09e-04/1.92e-08/2.09e-04 | Train Acc: 0.4420 | Val Acc: 0.4500 | Val P/R/F1 (Macro): 0.3185/0.4540/0.3311 | LR: 0.000005
Epoch [31/100] | SVD update #31: pairs=465, sweeps=10, converged=False, rel_change=6.865e-03, effective_ranks=(315, 17), class_paired=True
Epoch [31/100] | Loss: 4.8276 (Cls: 4.8453, TAL: -0.2044, Adv: 0.0842, OT-Reg: 0.000711) | OT inner objective: -0.1189 | Marginal residual row/col/max: 1.25e-04/1.14e-08/1.25e-04 | Train Acc: 0.5000 | Val Acc: 0.2833 | Val P/R/F1 (Macro): 0.4021/0.4364/0.3056 | LR: 0.000005
Epoch [32/100] | SVD update #32: pairs=465, sweeps=10, converged=False, rel_change=1.015e-01, effective_ranks=(314, 19), class_paired=True
Epoch [32/100] | Loss: 5.4996 (Cls: 5.5042, TAL: -0.1171, Adv: 0.1179, OT-Reg: 0.000772) | OT inner objective: 0.0046 | Marginal residual row/col/max: 1.14e-05/2.13e-08/1.14e-05 | Train Acc: 0.2924 | Val Acc: 0.4000 | Val P/R/F1 (Macro): 0.3351/0.3931/0.3116 | LR: 0.000005
Epoch [33/100] | SVD update #33: pairs=465, sweeps=8, converged=True, rel_change=2.042e-04, effective_ranks=(316, 21), class_paired=True
Epoch [33/100] | Loss: 5.1315 (Cls: 5.1632, TAL: -0.3226, Adv: 0.0876, OT-Reg: 0.000770) | OT inner objective: -0.0928 | Marginal residual row/col/max: 9.02e-05/1.14e-08/9.02e-05 | Train Acc: 0.3929 | Val Acc: 0.2083 | Val P/R/F1 (Macro): 0.2810/0.3512/0.2631 | LR: 0.000005
Epoch [34/100] | SVD update #34: pairs=465, sweeps=8, converged=True, rel_change=5.750e-04, effective_ranks=(317, 22), class_paired=True
Epoch [34/100] | Loss: 5.2439 (Cls: 5.2434, TAL: -0.0488, Adv: 0.0789, OT-Reg: 0.000725) | OT inner objective: -0.0175 | Marginal residual row/col/max: 8.41e-05/1.20e-08/8.41e-05 | Train Acc: 0.3616 | Val Acc: 0.1250 | Val P/R/F1 (Macro): 0.2857/0.3254/0.2046 | LR: 0.000005
Epoch [35/100] | SVD update #35: pairs=465, sweeps=5, converged=True, rel_change=3.423e-04, effective_ranks=(315, 19), class_paired=True
Epoch [35/100] | Loss: 4.8792 (Cls: 4.8926, TAL: -0.1703, Adv: 0.0882, OT-Reg: 0.000771) | OT inner objective: -0.0833 | Marginal residual row/col/max: 2.14e-04/1.28e-08/2.14e-04 | Train Acc: 0.4509 | Val Acc: 0.1583 | Val P/R/F1 (Macro): 0.2896/0.4130/0.2169 | LR: 0.000005
Epoch [36/100] | SVD update #36: pairs=465, sweeps=10, converged=True, rel_change=7.933e-04, effective_ranks=(317, 23), class_paired=True
Epoch [36/100] | Loss: 4.6406 (Cls: 4.6525, TAL: -0.1560, Adv: 0.0849, OT-Reg: 0.000743) | OT inner objective: -0.1671 | Marginal residual row/col/max: 2.76e-04/1.06e-08/2.76e-04 | Train Acc: 0.4933 | Val Acc: 0.1250 | Val P/R/F1 (Macro): 0.2073/0.3629/0.2277 | LR: 0.000005
Epoch [37/100] | SVD update #37: pairs=465, sweeps=10, converged=False, rel_change=1.007e-01, effective_ranks=(317, 25), class_paired=True
Epoch [37/100] | Loss: 5.7706 (Cls: 5.7730, TAL: -0.0735, Adv: 0.0797, OT-Reg: 0.000605) | OT inner objective: 0.1040 | Marginal residual row/col/max: 3.19e-05/1.20e-08/3.19e-05 | Train Acc: 0.2344 | Val Acc: 0.1583 | Val P/R/F1 (Macro): 0.1415/0.2441/0.1304 | LR: 0.000005
Epoch [38/100] | SVD update #38: pairs=465, sweeps=8, converged=True, rel_change=6.601e-04, effective_ranks=(317, 25), class_paired=True
Epoch [38/100] | Loss: 5.2501 (Cls: 5.2552, TAL: -0.1255, Adv: 0.1243, OT-Reg: 0.000719) | OT inner objective: -0.1139 | Marginal residual row/col/max: 2.22e-04/1.17e-08/2.22e-04 | Train Acc: 0.3951 | Val Acc: 0.1417 | Val P/R/F1 (Macro): 0.2867/0.3273/0.1932 | LR: 0.000005
Epoch [39/100] | SVD update #39: pairs=465, sweeps=5, converged=True, rel_change=3.609e-04, effective_ranks=(317, 23), class_paired=True
Epoch [39/100] | Loss: 4.8804 (Cls: 4.8974, TAL: -0.2052, Adv: 0.0948, OT-Reg: 0.000670) | OT inner objective: -0.0472 | Marginal residual row/col/max: 3.51e-04/1.58e-08/3.51e-04 | Train Acc: 0.4308 | Val Acc: 0.1333 | Val P/R/F1 (Macro): 0.2728/0.3494/0.2307 | LR: 0.000003
Epoch [40/100] | SVD update #40: pairs=465, sweeps=5, converged=True, rel_change=2.933e-04, effective_ranks=(317, 22), class_paired=True
Epoch [40/100] | Loss: 4.4860 (Cls: 4.5012, TAL: -0.2026, Adv: 0.1144, OT-Reg: 0.000724) | OT inner objective: -0.0404 | Marginal residual row/col/max: 1.10e-04/1.09e-08/1.10e-04 | Train Acc: 0.4196 | Val Acc: 0.1000 | Val P/R/F1 (Macro): 0.0952/0.3495/0.1277 | LR: 0.000003
Epoch [41/100] | SVD update #41: pairs=465, sweeps=10, converged=False, rel_change=2.160e-03, effective_ranks=(317, 24), class_paired=True
Epoch [41/100] | Loss: 4.4395 (Cls: 4.4678, TAL: -0.3019, Adv: 0.0995, OT-Reg: 0.000719) | OT inner objective: -0.1437 | Marginal residual row/col/max: 1.90e-04/1.70e-08/1.90e-04 | Train Acc: 0.4888 | Val Acc: 0.4833 | Val P/R/F1 (Macro): 0.3867/0.5400/0.4005 | LR: 0.000003
Epoch [42/100] | SVD update #42: pairs=465, sweeps=8, converged=True, rel_change=7.660e-04, effective_ranks=(314, 21), class_paired=True
Epoch [42/100] | Loss: 4.3920 (Cls: 4.4352, TAL: -0.4037, Adv: 0.0664, OT-Reg: 0.000837) | OT inner objective: -0.1361 | Marginal residual row/col/max: 1.32e-04/1.42e-08/1.32e-04 | Train Acc: 0.5268 | Val Acc: 0.2917 | Val P/R/F1 (Macro): 0.3678/0.4459/0.3203 | LR: 0.000003
Epoch [43/100] | SVD update #43: pairs=465, sweeps=10, converged=True, rel_change=5.715e-04, effective_ranks=(312, 22), class_paired=True
Epoch [43/100] | Loss: 4.0639 (Cls: 4.1059, TAL: -0.4014, Adv: 0.0774, OT-Reg: 0.000767) | OT inner objective: -0.2405 | Marginal residual row/col/max: 3.43e-04/1.57e-08/3.43e-04 | Train Acc: 0.5871 | Val Acc: 0.4250 | Val P/R/F1 (Macro): 0.3036/0.4850/0.3507 | LR: 0.000003
Epoch [44/100] | SVD update #44: pairs=465, sweeps=10, converged=False, rel_change=1.529e-03, effective_ranks=(315, 21), class_paired=True
Epoch [44/100] | Loss: 3.8596 (Cls: 3.8897, TAL: -0.2910, Adv: 0.0595, OT-Reg: 0.000769) | OT inner objective: -0.1600 | Marginal residual row/col/max: 1.79e-04/1.60e-08/1.79e-04 | Train Acc: 0.6027 | Val Acc: 0.4167 | Val P/R/F1 (Macro): 0.3861/0.5450/0.3942 | LR: 0.000003
Epoch [45/100] | SVD update #45: pairs=465, sweeps=8, converged=True, rel_change=5.722e-04, effective_ranks=(316, 23), class_paired=True
Epoch [45/100] | Loss: 4.0894 (Cls: 4.1113, TAL: -0.2352, Adv: 0.0790, OT-Reg: 0.000764) | OT inner objective: -0.1113 | Marginal residual row/col/max: 1.89e-04/1.76e-08/1.89e-04 | Train Acc: 0.5603 | Val Acc: 0.3583 | Val P/R/F1 (Macro): 0.4561/0.4684/0.3710 | LR: 0.000003
Epoch [46/100] | SVD update #46: pairs=465, sweeps=10, converged=False, rel_change=1.985e-02, effective_ranks=(312, 23), class_paired=True
Epoch [46/100] | Loss: 4.1227 (Cls: 4.1490, TAL: -0.2736, Adv: 0.0815, OT-Reg: 0.000680) | OT inner objective: -0.1004 | Marginal residual row/col/max: 1.95e-04/1.98e-08/1.95e-04 | Train Acc: 0.4955 | Val Acc: 0.3417 | Val P/R/F1 (Macro): 0.4004/0.5567/0.4319 | LR: 0.000003
Epoch [47/100] | SVD update #47: pairs=465, sweeps=8, converged=True, rel_change=4.351e-04, effective_ranks=(316, 25), class_paired=True
Epoch [47/100] | Loss: 4.1956 (Cls: 4.2226, TAL: -0.2814, Adv: 0.0854, OT-Reg: 0.000795) | OT inner objective: -0.1537 | Marginal residual row/col/max: 1.69e-04/1.21e-08/1.69e-04 | Train Acc: 0.5067 | Val Acc: 0.1583 | Val P/R/F1 (Macro): 0.1503/0.3877/0.1741 | LR: 0.000003
Epoch [48/100] | SVD update #48: pairs=465, sweeps=10, converged=False, rel_change=1.203e-01, effective_ranks=(316, 22), class_paired=True
Epoch [48/100] | Loss: 3.6973 (Cls: 3.7378, TAL: -0.3992, Adv: 0.0927, OT-Reg: 0.000773) | OT inner objective: -0.2002 | Marginal residual row/col/max: 2.11e-04/1.36e-08/2.11e-04 | Train Acc: 0.6629 | Val Acc: 0.4000 | Val P/R/F1 (Macro): 0.5170/0.6495/0.4526 | LR: 0.000003
Epoch [49/100] | SVD update #49: pairs=465, sweeps=9, converged=True, rel_change=8.474e-04, effective_ranks=(316, 24), class_paired=True
Epoch [49/100] | Loss: 4.9304 (Cls: 4.9417, TAL: -0.1627, Adv: 0.1024, OT-Reg: 0.000738) | OT inner objective: -0.0444 | Marginal residual row/col/max: 4.87e-05/1.34e-08/4.87e-05 | Train Acc: 0.4598 | Val Acc: 0.2417 | Val P/R/F1 (Macro): 0.3529/0.3802/0.2632 | LR: 0.000003
Epoch [50/100] | SVD update #50: pairs=465, sweeps=10, converged=False, rel_change=1.362e-01, effective_ranks=(317, 22), class_paired=True
Epoch [50/100] | Loss: 5.1143 (Cls: 5.1267, TAL: -0.1736, Adv: 0.1054, OT-Reg: 0.000709) | OT inner objective: -0.0436 | Marginal residual row/col/max: 4.66e-05/1.32e-08/4.66e-05 | Train Acc: 0.3795 | Val Acc: 0.3250 | Val P/R/F1 (Macro): 0.3797/0.3460/0.3063 | LR: 0.000001
Epoch [51/100] | SVD update #51: pairs=465, sweeps=6, converged=True, rel_change=4.689e-04, effective_ranks=(315, 26), class_paired=True
Epoch [51/100] | Loss: 3.9123 (Cls: 3.9425, TAL: -0.3284, Adv: 0.1148, OT-Reg: 0.000684) | OT inner objective: -0.1459 | Marginal residual row/col/max: 2.28e-04/1.01e-08/2.28e-04 | Train Acc: 0.5603 | Val Acc: 0.4417 | Val P/R/F1 (Macro): 0.4237/0.5178/0.4044 | LR: 0.000001
Epoch [52/100] | SVD update #52: pairs=465, sweeps=6, converged=True, rel_change=2.935e-04, effective_ranks=(316, 21), class_paired=True
Epoch [52/100] | Loss: 4.2325 (Cls: 4.2664, TAL: -0.3687, Adv: 0.1296, OT-Reg: 0.000752) | OT inner objective: -0.0697 | Marginal residual row/col/max: 2.62e-04/1.64e-08/2.62e-04 | Train Acc: 0.5960 | Val Acc: 0.2333 | Val P/R/F1 (Macro): 0.3929/0.3552/0.2818 | LR: 0.000001
Epoch [53/100] | SVD update #53: pairs=465, sweeps=9, converged=True, rel_change=7.279e-04, effective_ranks=(317, 24), class_paired=True
Epoch [53/100] | Loss: 4.8311 (Cls: 4.8350, TAL: -0.1166, Adv: 0.1254, OT-Reg: 0.000649) | OT inner objective: -0.0173 | Marginal residual row/col/max: 1.08e-04/1.02e-08/1.08e-04 | Train Acc: 0.4129 | Val Acc: 0.1167 | Val P/R/F1 (Macro): 0.1256/0.3182/0.1720 | LR: 0.000001
Epoch [54/100] | SVD update #54: pairs=465, sweeps=10, converged=False, rel_change=5.262e-01, effective_ranks=(317, 29), class_paired=True
Epoch [54/100] | Loss: 4.7199 (Cls: 4.7139, TAL: -0.0381, Adv: 0.1312, OT-Reg: 0.000759) | OT inner objective: -0.0084 | Marginal residual row/col/max: 5.70e-07/1.40e-08/5.70e-07 | Train Acc: 0.3527 | Val Acc: 0.2000 | Val P/R/F1 (Macro): 0.2453/0.4053/0.2540 | LR: 0.000001
Epoch [55/100] | SVD update #55: pairs=465, sweeps=10, converged=False, rel_change=3.821e-03, effective_ranks=(317, 25), class_paired=True
Epoch [55/100] | Loss: 4.5223 (Cls: 4.5345, TAL: -0.2251, Adv: 0.1848, OT-Reg: 0.000819) | OT inner objective: -0.1440 | Marginal residual row/col/max: 7.46e-05/1.04e-08/7.46e-05 | Train Acc: 0.5446 | Val Acc: 0.3333 | Val P/R/F1 (Macro): 0.3427/0.4342/0.3294 | LR: 0.000001
Epoch [56/100] | SVD update #56: pairs=465, sweeps=10, converged=False, rel_change=5.412e-03, effective_ranks=(315, 21), class_paired=True
Epoch [56/100] | Loss: 3.9348 (Cls: 3.9486, TAL: -0.2411, Adv: 0.1894, OT-Reg: 0.000765) | OT inner objective: -0.0747 | Marginal residual row/col/max: 1.80e-04/1.76e-08/1.80e-04 | Train Acc: 0.5469 | Val Acc: 0.2000 | Val P/R/F1 (Macro): 0.4010/0.3287/0.2226 | LR: 0.000001
Epoch [57/100] | SVD update #57: pairs=465, sweeps=7, converged=True, rel_change=8.222e-04, effective_ranks=(317, 27), class_paired=True
Epoch [57/100] | Loss: 3.7544 (Cls: 3.7782, TAL: -0.3126, Adv: 0.1712, OT-Reg: 0.000711) | OT inner objective: -0.1460 | Marginal residual row/col/max: 1.03e-04/1.36e-08/1.03e-04 | Train Acc: 0.6116 | Val Acc: 0.4167 | Val P/R/F1 (Macro): 0.3586/0.4927/0.3890 | LR: 0.000001
Epoch [58/100] | SVD update #58: pairs=465, sweeps=5, converged=True, rel_change=8.389e-04, effective_ranks=(317, 27), class_paired=True
Epoch [58/100] | Loss: 3.6075 (Cls: 3.6464, TAL: -0.4318, Adv: 0.1618, OT-Reg: 0.000776) | OT inner objective: -0.1893 | Marginal residual row/col/max: 1.73e-04/1.34e-08/1.73e-04 | Train Acc: 0.6317 | Val Acc: 0.3833 | Val P/R/F1 (Macro): 0.4070/0.4834/0.3686 | LR: 0.000001
Epoch [59/100] | SVD update #59: pairs=465, sweeps=4, converged=True, rel_change=3.118e-04, effective_ranks=(316, 23), class_paired=True
Epoch [59/100] | Loss: 3.8380 (Cls: 3.8671, TAL: -0.3469, Adv: 0.1565, OT-Reg: 0.000713) | OT inner objective: -0.1926 | Marginal residual row/col/max: 2.94e-04/1.10e-08/2.94e-04 | Train Acc: 0.6138 | Val Acc: 0.5333 | Val P/R/F1 (Macro): 0.4864/0.5712/0.4854 | LR: 0.000001
Epoch [60/100] | SVD update #60: pairs=465, sweeps=7, converged=True, rel_change=6.912e-04, effective_ranks=(315, 24), class_paired=True
Epoch [60/100] | Loss: 3.5874 (Cls: 3.6185, TAL: -0.3975, Adv: 0.2062, OT-Reg: 0.000730) | OT inner objective: -0.2031 | Marginal residual row/col/max: 1.19e-04/1.17e-08/1.19e-04 | Train Acc: 0.6629 | Val Acc: 0.2833 | Val P/R/F1 (Macro): 0.4381/0.4411/0.3375 | LR: 0.000001
Epoch [61/100] | SVD update #61: pairs=465, sweeps=6, converged=True, rel_change=3.823e-04, effective_ranks=(317, 26), class_paired=True
Epoch [61/100] | Loss: 3.7493 (Cls: 3.7725, TAL: -0.3140, Adv: 0.1808, OT-Reg: 0.000716) | OT inner objective: -0.2466 | Marginal residual row/col/max: 4.35e-04/1.10e-08/4.35e-04 | Train Acc: 0.6473 | Val Acc: 0.3250 | Val P/R/F1 (Macro): 0.3130/0.4539/0.3377 | LR: 0.000001
Epoch [62/100] | SVD update #62: pairs=465, sweeps=8, converged=True, rel_change=2.688e-04, effective_ranks=(313, 22), class_paired=True
Epoch [62/100] | Loss: 3.9487 (Cls: 3.9691, TAL: -0.3338, Adv: 0.2452, OT-Reg: 0.000654) | OT inner objective: -0.1149 | Marginal residual row/col/max: 4.58e-04/1.49e-08/4.58e-04 | Train Acc: 0.6830 | Val Acc: 0.2833 | Val P/R/F1 (Macro): 0.4489/0.5165/0.3453 | LR: 0.000001
Epoch [63/100] | SVD update #63: pairs=465, sweeps=8, converged=True, rel_change=7.363e-04, effective_ranks=(316, 25), class_paired=True
Epoch [63/100] | Loss: 3.3937 (Cls: 3.4233, TAL: -0.3748, Adv: 0.1919, OT-Reg: 0.000750) | OT inner objective: -0.1880 | Marginal residual row/col/max: 1.73e-04/1.14e-08/1.73e-04 | Train Acc: 0.7411 | Val Acc: 0.3083 | Val P/R/F1 (Macro): 0.3316/0.5052/0.3500 | LR: 0.000001
Epoch [64/100] | SVD update #64: pairs=465, sweeps=6, converged=True, rel_change=4.620e-04, effective_ranks=(314, 24), class_paired=True
Epoch [64/100] | Loss: 3.3699 (Cls: 3.3976, TAL: -0.3893, Adv: 0.2390, OT-Reg: 0.000789) | OT inner objective: -0.1415 | Marginal residual row/col/max: 7.64e-05/1.10e-08/7.64e-05 | Train Acc: 0.7545 | Val Acc: 0.3333 | Val P/R/F1 (Macro): 0.4067/0.4576/0.3552 | LR: 0.000001
Epoch [65/100] | SVD update #65: pairs=465, sweeps=5, converged=True, rel_change=9.170e-04, effective_ranks=(315, 26), class_paired=True
Epoch [65/100] | Loss: 3.3069 (Cls: 3.3369, TAL: -0.4269, Adv: 0.2658, OT-Reg: 0.000731) | OT inner objective: -0.2035 | Marginal residual row/col/max: 4.56e-04/1.17e-08/4.56e-04 | Train Acc: 0.7545 | Val Acc: 0.4250 | Val P/R/F1 (Macro): 0.5102/0.5824/0.4323 | LR: 0.000001
Epoch [66/100] | SVD update #66: pairs=465, sweeps=5, converged=True, rel_change=8.237e-04, effective_ranks=(315, 25), class_paired=True
Epoch [66/100] | Loss: 3.4061 (Cls: 3.4356, TAL: -0.4365, Adv: 0.2866, OT-Reg: 0.000709) | OT inner objective: -0.2484 | Marginal residual row/col/max: 3.81e-04/1.21e-08/3.81e-04 | Train Acc: 0.7545 | Val Acc: 0.2667 | Val P/R/F1 (Macro): 0.4655/0.5163/0.3457 | LR: 0.000001
Epoch [67/100] | SVD update #67: pairs=465, sweeps=6, converged=True, rel_change=9.715e-04, effective_ranks=(314, 26), class_paired=True
Epoch [67/100] | Loss: 3.5654 (Cls: 3.5691, TAL: -0.2154, Adv: 0.2766, OT-Reg: 0.000793) | OT inner objective: -0.1457 | Marginal residual row/col/max: 1.92e-04/1.52e-08/1.92e-04 | Train Acc: 0.6049 | Val Acc: 0.2583 | Val P/R/F1 (Macro): 0.4482/0.5429/0.3309 | LR: 0.000001
Epoch [68/100] | SVD update #68: pairs=465, sweeps=10, converged=False, rel_change=3.169e-03, effective_ranks=(316, 25), class_paired=True
Epoch [68/100] | Loss: 3.8346 (Cls: 3.8438, TAL: -0.3159, Adv: 0.3593, OT-Reg: 0.000669) | OT inner objective: -0.0409 | Marginal residual row/col/max: 7.05e-05/1.14e-08/7.05e-05 | Train Acc: 0.6138 | Val Acc: 0.4250 | Val P/R/F1 (Macro): 0.6048/0.6512/0.4984 | LR: 0.000001
Epoch [69/100] | SVD update #69: pairs=465, sweeps=6, converged=True, rel_change=4.502e-04, effective_ranks=(315, 27), class_paired=True
Epoch [69/100] | Loss: 3.4789 (Cls: 3.5048, TAL: -0.3998, Adv: 0.2758, OT-Reg: 0.000748) | OT inner objective: -0.1614 | Marginal residual row/col/max: 1.36e-04/1.20e-08/1.36e-04 | Train Acc: 0.7210 | Val Acc: 0.3833 | Val P/R/F1 (Macro): 0.4544/0.5725/0.4352 | LR: 0.000001
Epoch [70/100] | SVD update #70: pairs=465, sweeps=6, converged=True, rel_change=5.763e-04, effective_ranks=(313, 28), class_paired=True
Epoch [70/100] | Loss: 3.2716 (Cls: 3.2950, TAL: -0.4657, Adv: 0.4061, OT-Reg: 0.000750) | OT inner objective: -0.2297 | Marginal residual row/col/max: 1.56e-04/1.17e-08/1.56e-04 | Train Acc: 0.7254 | Val Acc: 0.3250 | Val P/R/F1 (Macro): 0.5591/0.4752/0.3723 | LR: 0.000001
Epoch [71/100] | SVD update #71: pairs=465, sweeps=8, converged=True, rel_change=5.288e-04, effective_ranks=(316, 27), class_paired=True
Epoch [71/100] | Loss: 3.3049 (Cls: 3.3284, TAL: -0.4104, Adv: 0.3218, OT-Reg: 0.000746) | OT inner objective: -0.1413 | Marginal residual row/col/max: 1.28e-04/1.21e-08/1.28e-04 | Train Acc: 0.7299 | Val Acc: 0.4083 | Val P/R/F1 (Macro): 0.6152/0.5936/0.4454 | LR: 0.000001
Epoch [72/100] | SVD update #72: pairs=465, sweeps=7, converged=True, rel_change=8.624e-04, effective_ranks=(316, 31), class_paired=True
Epoch [72/100] | Loss: 3.3952 (Cls: 3.4144, TAL: -0.3678, Adv: 0.3117, OT-Reg: 0.000766) | OT inner objective: -0.2088 | Marginal residual row/col/max: 9.39e-05/1.01e-08/9.39e-05 | Train Acc: 0.6897 | Val Acc: 0.3917 | Val P/R/F1 (Macro): 0.6338/0.5699/0.4353 | LR: 0.000001
Epoch [73/100] | SVD update #73: pairs=465, sweeps=3, converged=True, rel_change=9.380e-04, effective_ranks=(312, 27), class_paired=True
Epoch [73/100] | Loss: 3.0920 (Cls: 3.1283, TAL: -0.5115, Adv: 0.3139, OT-Reg: 0.000787) | OT inner objective: -0.2191 | Marginal residual row/col/max: 1.11e-04/1.10e-08/1.11e-04 | Train Acc: 0.7478 | Val Acc: 0.3500 | Val P/R/F1 (Macro): 0.5841/0.5984/0.4012 | LR: 0.000001
Epoch [74/100] | SVD update #74: pairs=465, sweeps=7, converged=True, rel_change=2.378e-04, effective_ranks=(316, 26), class_paired=True
Epoch [74/100] | Loss: 3.3764 (Cls: 3.3924, TAL: -0.3656, Adv: 0.3490, OT-Reg: 0.000729) | OT inner objective: -0.1920 | Marginal residual row/col/max: 2.63e-04/1.29e-08/2.63e-04 | Train Acc: 0.7790 | Val Acc: 0.3750 | Val P/R/F1 (Macro): 0.6476/0.6117/0.4406 | LR: 0.000001
Epoch [75/100] | SVD update #75: pairs=465, sweeps=5, converged=True, rel_change=2.458e-04, effective_ranks=(316, 26), class_paired=True
Epoch [75/100] | Loss: 3.4232 (Cls: 3.4477, TAL: -0.4295, Adv: 0.3385, OT-Reg: 0.000689) | OT inner objective: -0.2119 | Marginal residual row/col/max: 2.05e-04/1.48e-08/2.05e-04 | Train Acc: 0.7076 | Val Acc: 0.2667 | Val P/R/F1 (Macro): 0.3500/0.4613/0.3135 | LR: 0.000001
Epoch [76/100] | SVD update #76: pairs=465, sweeps=4, converged=True, rel_change=2.547e-04, effective_ranks=(316, 26), class_paired=True
Epoch [76/100] | Loss: 3.2501 (Cls: 3.2801, TAL: -0.4473, Adv: 0.2961, OT-Reg: 0.000754) | OT inner objective: -0.1968 | Marginal residual row/col/max: 1.46e-04/1.34e-08/1.46e-04 | Train Acc: 0.7723 | Val Acc: 0.3917 | Val P/R/F1 (Macro): 0.6617/0.6178/0.4537 | LR: 0.000001
Epoch [77/100] | SVD update #77: pairs=465, sweeps=5, converged=True, rel_change=4.212e-04, effective_ranks=(316, 28), class_paired=True
Epoch [77/100] | Loss: 3.2105 (Cls: 3.2493, TAL: -0.5222, Adv: 0.2983, OT-Reg: 0.000689) | OT inner objective: -0.2341 | Marginal residual row/col/max: 4.13e-04/1.29e-08/4.13e-04 | Train Acc: 0.7455 | Val Acc: 0.2750 | Val P/R/F1 (Macro): 0.5619/0.5692/0.3693 | LR: 0.000001
Epoch [78/100] | SVD update #78: pairs=465, sweeps=6, converged=True, rel_change=9.291e-04, effective_ranks=(315, 26), class_paired=True
Epoch [78/100] | Loss: 3.4207 (Cls: 3.4490, TAL: -0.4345, Adv: 0.2978, OT-Reg: 0.000704) | OT inner objective: -0.2361 | Marginal residual row/col/max: 3.07e-04/1.17e-08/3.07e-04 | Train Acc: 0.7478 | Val Acc: 0.4500 | Val P/R/F1 (Macro): 0.6643/0.6444/0.4712 | LR: 0.000001
Epoch [79/100] | SVD update #79: pairs=465, sweeps=10, converged=False, rel_change=3.556e-02, effective_ranks=(316, 29), class_paired=True
Epoch [79/100] | Loss: 3.7487 (Cls: 3.7637, TAL: -0.3503, Adv: 0.3382, OT-Reg: 0.000704) | OT inner objective: -0.1551 | Marginal residual row/col/max: 9.20e-05/1.24e-08/9.20e-05 | Train Acc: 0.7545 | Val Acc: 0.3583 | Val P/R/F1 (Macro): 0.6222/0.5465/0.4048 | LR: 0.000001
Epoch [80/100] | SVD update #80: pairs=465, sweeps=5, converged=True, rel_change=6.836e-04, effective_ranks=(312, 26), class_paired=True
Epoch [80/100] | Loss: 3.0030 (Cls: 3.0387, TAL: -0.5483, Adv: 0.3763, OT-Reg: 0.000782) | OT inner objective: -0.2563 | Marginal residual row/col/max: 1.23e-04/1.14e-08/1.23e-04 | Train Acc: 0.7902 | Val Acc: 0.4417 | Val P/R/F1 (Macro): 0.6212/0.6444/0.5002 | LR: 0.000001
Epoch [81/100] | SVD update #81: pairs=465, sweeps=5, converged=True, rel_change=4.554e-04, effective_ranks=(315, 26), class_paired=True
Epoch [81/100] | Loss: 3.0045 (Cls: 3.0380, TAL: -0.4614, Adv: 0.2726, OT-Reg: 0.000729) | OT inner objective: -0.2242 | Marginal residual row/col/max: 3.33e-04/1.70e-08/3.33e-04 | Train Acc: 0.8013 | Val Acc: 0.3750 | Val P/R/F1 (Macro): 0.5026/0.5999/0.4055 | LR: 0.000001
Epoch [82/100] | SVD update #82: pairs=465, sweeps=5, converged=True, rel_change=6.697e-04, effective_ranks=(314, 25), class_paired=True
Epoch [82/100] | Loss: 3.2643 (Cls: 3.2969, TAL: -0.4262, Adv: 0.2316, OT-Reg: 0.000678) | OT inner objective: -0.2013 | Marginal residual row/col/max: 2.06e-04/9.85e-09/2.06e-04 | Train Acc: 0.7589 | Val Acc: 0.3500 | Val P/R/F1 (Macro): 0.4734/0.5615/0.4007 | LR: 0.000001
Epoch [83/100] | SVD update #83: pairs=465, sweeps=5, converged=True, rel_change=2.215e-04, effective_ranks=(317, 29), class_paired=True
Epoch [83/100] | Loss: 3.2153 (Cls: 3.2559, TAL: -0.4835, Adv: 0.2172, OT-Reg: 0.000732) | OT inner objective: -0.2537 | Marginal residual row/col/max: 4.15e-04/1.09e-08/4.15e-04 | Train Acc: 0.7656 | Val Acc: 0.4000 | Val P/R/F1 (Macro): 0.6713/0.5875/0.4513 | LR: 0.000001
Epoch [84/100] | SVD update #84: pairs=465, sweeps=5, converged=True, rel_change=3.128e-04, effective_ranks=(317, 29), class_paired=True
Epoch [84/100] | Loss: 3.0205 (Cls: 3.0550, TAL: -0.5012, Adv: 0.3195, OT-Reg: 0.000723) | OT inner objective: -0.2660 | Marginal residual row/col/max: 4.12e-04/1.13e-08/4.12e-04 | Train Acc: 0.7902 | Val Acc: 0.4333 | Val P/R/F1 (Macro): 0.6472/0.6508/0.5081 | LR: 0.000001
Epoch [85/100] | SVD update #85: pairs=465, sweeps=4, converged=True, rel_change=2.721e-04, effective_ranks=(316, 30), class_paired=True
Epoch [85/100] | Loss: 3.0327 (Cls: 3.0792, TAL: -0.5558, Adv: 0.2528, OT-Reg: 0.000749) | OT inner objective: -0.2550 | Marginal residual row/col/max: 1.50e-04/1.14e-08/1.50e-04 | Train Acc: 0.7812 | Val Acc: 0.3750 | Val P/R/F1 (Macro): 0.5976/0.6146/0.4210 | LR: 0.000001
Epoch [86/100] | SVD update #86: pairs=465, sweeps=5, converged=True, rel_change=8.863e-05, effective_ranks=(315, 28), class_paired=True
Epoch [86/100] | Loss: 3.0902 (Cls: 3.1170, TAL: -0.4604, Adv: 0.3551, OT-Reg: 0.000742) | OT inner objective: -0.2435 | Marginal residual row/col/max: 1.86e-04/1.22e-08/1.86e-04 | Train Acc: 0.7634 | Val Acc: 0.4417 | Val P/R/F1 (Macro): 0.6471/0.6573/0.4960 | LR: 0.000001
Epoch [87/100] | SVD update #87: pairs=465, sweeps=5, converged=True, rel_change=4.965e-04, effective_ranks=(315, 27), class_paired=True
Epoch [87/100] | Loss: 3.3538 (Cls: 3.3931, TAL: -0.5545, Adv: 0.3402, OT-Reg: 0.000751) | OT inner objective: -0.2660 | Marginal residual row/col/max: 2.19e-04/1.18e-08/2.19e-04 | Train Acc: 0.7455 | Val Acc: 0.3750 | Val P/R/F1 (Macro): 0.5926/0.5662/0.4185 | LR: 0.000001
Epoch [88/100] | SVD update #88: pairs=465, sweeps=3, converged=True, rel_change=7.793e-04, effective_ranks=(314, 28), class_paired=True
Epoch [88/100] | Loss: 3.2244 (Cls: 3.2476, TAL: -0.3937, Adv: 0.3007, OT-Reg: 0.000760) | OT inner objective: -0.1650 | Marginal residual row/col/max: 1.42e-04/1.21e-08/1.42e-04 | Train Acc: 0.7366 | Val Acc: 0.4000 | Val P/R/F1 (Macro): 0.5812/0.6083/0.4501 | LR: 0.000001
Epoch [89/100] | SVD update #89: pairs=465, sweeps=6, converged=True, rel_change=3.481e-04, effective_ranks=(313, 26), class_paired=True
Epoch [89/100] | Loss: 3.0428 (Cls: 3.0648, TAL: -0.4306, Adv: 0.3699, OT-Reg: 0.000769) | OT inner objective: -0.2481 | Marginal residual row/col/max: 5.95e-05/1.26e-08/5.95e-05 | Train Acc: 0.7879 | Val Acc: 0.3167 | Val P/R/F1 (Macro): 0.6163/0.5885/0.4294 | LR: 0.000001
Epoch [90/100] | SVD update #90: pairs=465, sweeps=6, converged=True, rel_change=2.764e-04, effective_ranks=(316, 27), class_paired=True
Epoch [90/100] | Loss: 2.9840 (Cls: 3.0212, TAL: -0.5121, Adv: 0.3036, OT-Reg: 0.000736) | OT inner objective: -0.2297 | Marginal residual row/col/max: 8.63e-05/1.12e-08/8.63e-05 | Train Acc: 0.7946 | Val Acc: 0.2250 | Val P/R/F1 (Macro): 0.5455/0.5194/0.3362 | LR: 0.000001
Epoch [91/100] | SVD update #91: pairs=465, sweeps=4, converged=True, rel_change=8.517e-04, effective_ranks=(316, 29), class_paired=True
Epoch [91/100] | Loss: 3.2074 (Cls: 3.2373, TAL: -0.4849, Adv: 0.3541, OT-Reg: 0.000700) | OT inner objective: -0.2480 | Marginal residual row/col/max: 9.63e-05/1.12e-08/9.63e-05 | Train Acc: 0.7835 | Val Acc: 0.3333 | Val P/R/F1 (Macro): 0.5294/0.5186/0.3912 | LR: 0.000001
Epoch [92/100] | SVD update #92: pairs=465, sweeps=4, converged=True, rel_change=9.376e-04, effective_ranks=(315, 29), class_paired=True
Epoch [92/100] | Loss: 2.9778 (Cls: 3.0072, TAL: -0.5315, Adv: 0.4303, OT-Reg: 0.000701) | OT inner objective: -0.2334 | Marginal residual row/col/max: 4.49e-04/1.17e-08/4.49e-04 | Train Acc: 0.7567 | Val Acc: 0.4083 | Val P/R/F1 (Macro): 0.5467/0.6250/0.4614 | LR: 0.000001
Epoch [93/100] | SVD update #93: pairs=465, sweeps=5, converged=True, rel_change=3.095e-04, effective_ranks=(314, 28), class_paired=True
Epoch [93/100] | Loss: 3.2063 (Cls: 3.2414, TAL: -0.5013, Adv: 0.3136, OT-Reg: 0.000748) | OT inner objective: -0.2313 | Marginal residual row/col/max: 9.44e-05/1.22e-08/9.44e-05 | Train Acc: 0.7567 | Val Acc: 0.2917 | Val P/R/F1 (Macro): 0.5232/0.5355/0.3806 | LR: 0.000001
Epoch [94/100] | SVD update #94: pairs=465, sweeps=5, converged=True, rel_change=7.519e-04, effective_ranks=(316, 31), class_paired=True
Epoch [94/100] | Loss: 3.1076 (Cls: 3.1349, TAL: -0.4461, Adv: 0.3278, OT-Reg: 0.000768) | OT inner objective: -0.2237 | Marginal residual row/col/max: 1.54e-04/1.13e-08/1.54e-04 | Train Acc: 0.7924 | Val Acc: 0.3833 | Val P/R/F1 (Macro): 0.5652/0.5623/0.4326 | LR: 0.000001
Epoch [95/100] | SVD update #95: pairs=465, sweeps=6, converged=True, rel_change=4.357e-04, effective_ranks=(316, 31), class_paired=True
Epoch [95/100] | Loss: 3.0383 (Cls: 3.0702, TAL: -0.4800, Adv: 0.3207, OT-Reg: 0.000669) | OT inner objective: -0.2524 | Marginal residual row/col/max: 5.16e-04/1.33e-08/5.16e-04 | Train Acc: 0.7991 | Val Acc: 0.3750 | Val P/R/F1 (Macro): 0.5478/0.6211/0.4361 | LR: 0.000001
Epoch [96/100] | SVD update #96: pairs=465, sweeps=5, converged=True, rel_change=4.176e-04, effective_ranks=(316, 30), class_paired=True
Epoch [96/100] | Loss: 3.0012 (Cls: 3.0337, TAL: -0.5315, Adv: 0.3909, OT-Reg: 0.000765) | OT inner objective: -0.2204 | Marginal residual row/col/max: 1.72e-04/1.33e-08/1.72e-04 | Train Acc: 0.7946 | Val Acc: 0.3750 | Val P/R/F1 (Macro): 0.5277/0.5718/0.4341 | LR: 0.000001
Epoch [97/100] | SVD update #97: pairs=465, sweeps=6, converged=True, rel_change=9.203e-04, effective_ranks=(317, 28), class_paired=True
Epoch [97/100] | Loss: 3.2424 (Cls: 3.2816, TAL: -0.5658, Adv: 0.3596, OT-Reg: 0.000713) | OT inner objective: -0.2582 | Marginal residual row/col/max: 3.80e-04/1.17e-08/3.80e-04 | Train Acc: 0.7232 | Val Acc: 0.4000 | Val P/R/F1 (Macro): 0.5170/0.5774/0.4394 | LR: 0.000001
Epoch [98/100] | SVD update #98: pairs=465, sweeps=5, converged=True, rel_change=2.819e-04, effective_ranks=(314, 29), class_paired=True
Epoch [98/100] | Loss: 3.0892 (Cls: 3.1174, TAL: -0.4928, Adv: 0.3868, OT-Reg: 0.000703) | OT inner objective: -0.2637 | Marginal residual row/col/max: 2.91e-04/1.24e-08/2.91e-04 | Train Acc: 0.7812 | Val Acc: 0.3750 | Val P/R/F1 (Macro): 0.6416/0.6271/0.4712 | LR: 0.000001
Epoch [99/100] | SVD update #99: pairs=465, sweeps=4, converged=True, rel_change=8.446e-04, effective_ranks=(314, 31), class_paired=True
Epoch [99/100] | Loss: 3.0974 (Cls: 3.1196, TAL: -0.5212, Adv: 0.5046, OT-Reg: 0.000732) | OT inner objective: -0.2643 | Marginal residual row/col/max: 4.55e-04/1.02e-08/4.55e-04 | Train Acc: 0.7701 | Val Acc: 0.4083 | Val P/R/F1 (Macro): 0.5372/0.6226/0.4427 | LR: 0.000001
Epoch [100/100] | SVD update #100: pairs=465, sweeps=10, converged=True, rel_change=9.515e-04, effective_ranks=(315, 29), class_paired=True
Epoch [100/100] | Loss: 3.1331 (Cls: 3.1530, TAL: -0.4523, Adv: 0.4306, OT-Reg: 0.000720) | OT inner objective: -0.1921 | Marginal residual row/col/max: 9.27e-05/1.14e-08/9.27e-05 | Train Acc: 0.7522 | Val Acc: 0.3917 | Val P/R/F1 (Macro): 0.6390/0.6226/0.4456 | LR: 0.000001
Report strategy: best, window=10, reported_acc=0.5500, best_acc=0.5500, selected_epoch=28

迭代 4 报告指标:
  Accuracy: 0.5500
  Precision (Macro): 0.6374
  Recall (Macro): 0.5148
  F1 (Macro): 0.4757
  Precision (Micro): 0.5500
  Recall (Micro): 0.5500
  F1 (Micro): 0.5500
  Val class coverage: 8/14 (0.5714), samples=120

================================================================================
迭代 5/5
随机种子: 46
================================================================================
Training mode: full target-label supervision (class-paired batches).
Feature fusion: Tensor alignment (512+512 -> 16+16); fused_dim=32
Domain adaptation: Neural OT generator with 3-domain discriminator
Loss weights: tensor=0.12, adv=0.08
Transport: mode=sinkhorn, epsilon=0.1, Sinkhorn iterations=50, correction scale=0.1, correction regularization weight=0.001
Tensor projection update: once per epoch from the complete target-training pairing bank; projection_dim=16, max_sweeps=10, relative singular-value tolerance=0.001
Epoch [1/100] | SVD update #1: pairs=465, sweeps=3, converged=True, rel_change=2.442e-05, effective_ranks=(317, 172), class_paired=True
Epoch [1/100] | Loss: 7.1259 (Cls: 7.1138, TAL: -0.0307, Adv: 0.1968, OT-Reg: 0.001146) | OT inner objective: 0.2368 | Marginal residual row/col/max: 7.18e-07/2.09e-08/7.29e-07 | Train Acc: 0.2344 | Val Acc: 0.0333 | Val P/R/F1 (Macro): 0.0449/0.1298/0.0149 | LR: 0.000005
  >>> New Best Val Acc: 0.0333
Epoch [2/100] | SVD update #2: pairs=465, sweeps=6, converged=True, rel_change=7.353e-04, effective_ranks=(317, 65), class_paired=True
Epoch [2/100] | Loss: 6.9762 (Cls: 6.9769, TAL: -0.1503, Adv: 0.2157, OT-Reg: 0.001094) | OT inner objective: 0.1717 | Marginal residual row/col/max: 1.24e-08/2.37e-08/2.37e-08 | Train Acc: 0.2188 | Val Acc: 0.2833 | Val P/R/F1 (Macro): 0.2514/0.4262/0.2525 | LR: 0.000005
  >>> New Best Val Acc: 0.2833
Epoch [3/100] | SVD update #3: pairs=465, sweeps=10, converged=False, rel_change=1.260e-01, effective_ranks=(315, 54), class_paired=True
Epoch [3/100] | Loss: 7.2521 (Cls: 7.2438, TAL: -0.0808, Adv: 0.2250, OT-Reg: 0.001015) | OT inner objective: 0.2127 | Marginal residual row/col/max: 1.21e-08/1.58e-08/1.73e-08 | Train Acc: 0.1317 | Val Acc: 0.2417 | Val P/R/F1 (Macro): 0.2190/0.4255/0.2232 | LR: 0.000005
Epoch [4/100] | SVD update #4: pairs=465, sweeps=10, converged=False, rel_change=3.347e-03, effective_ranks=(316, 38), class_paired=True
Epoch [4/100] | Loss: 6.9594 (Cls: 6.9289, TAL: 0.0955, Adv: 0.2377, OT-Reg: 0.001003) | OT inner objective: 0.1689 | Marginal residual row/col/max: 2.50e-08/2.35e-08/3.42e-08 | Train Acc: 0.2835 | Val Acc: 0.1500 | Val P/R/F1 (Macro): 0.2892/0.4759/0.2822 | LR: 0.000005
Epoch [5/100] | SVD update #5: pairs=465, sweeps=10, converged=False, rel_change=3.301e-01, effective_ranks=(316, 27), class_paired=True
Epoch [5/100] | Loss: 6.6664 (Cls: 6.6596, TAL: -0.0666, Adv: 0.1847, OT-Reg: 0.001158) | OT inner objective: 0.1812 | Marginal residual row/col/max: 1.20e-08/1.64e-08/1.72e-08 | Train Acc: 0.1897 | Val Acc: 0.1333 | Val P/R/F1 (Macro): 0.1565/0.3759/0.1830 | LR: 0.000005
Epoch [6/100] | SVD update #6: pairs=465, sweeps=10, converged=False, rel_change=1.098e-01, effective_ranks=(317, 25), class_paired=True
Epoch [6/100] | Loss: 6.9004 (Cls: 6.8658, TAL: 0.1251, Adv: 0.2448, OT-Reg: 0.000955) | OT inner objective: 0.1859 | Marginal residual row/col/max: 4.90e-08/2.66e-08/5.65e-08 | Train Acc: 0.1786 | Val Acc: 0.0750 | Val P/R/F1 (Macro): 0.0738/0.0849/0.0701 | LR: 0.000005
Epoch [7/100] | SVD update #7: pairs=465, sweeps=10, converged=False, rel_change=3.608e-01, effective_ranks=(317, 31), class_paired=True
Epoch [7/100] | Loss: 7.5292 (Cls: 7.5101, TAL: 0.0333, Adv: 0.1890, OT-Reg: 0.000945) | OT inner objective: 0.1619 | Marginal residual row/col/max: 5.56e-06/2.04e-08/5.57e-06 | Train Acc: 0.1942 | Val Acc: 0.1333 | Val P/R/F1 (Macro): 0.1905/0.2966/0.2003 | LR: 0.000005
Epoch [8/100] | SVD update #8: pairs=465, sweeps=10, converged=False, rel_change=1.660e-03, effective_ranks=(317, 26), class_paired=True
Epoch [8/100] | Loss: 6.3329 (Cls: 6.3319, TAL: -0.1002, Adv: 0.1633, OT-Reg: 0.001002) | OT inner objective: 0.1129 | Marginal residual row/col/max: 3.74e-06/1.54e-08/3.74e-06 | Train Acc: 0.2455 | Val Acc: 0.3333 | Val P/R/F1 (Macro): 0.2842/0.4821/0.2762 | LR: 0.000005
  >>> New Best Val Acc: 0.3333
Epoch [9/100] | SVD update #9: pairs=465, sweeps=10, converged=False, rel_change=1.067e-01, effective_ranks=(317, 21), class_paired=True
Epoch [9/100] | Loss: 6.1962 (Cls: 6.1841, TAL: -0.0014, Adv: 0.1525, OT-Reg: 0.001013) | OT inner objective: 0.0822 | Marginal residual row/col/max: 3.51e-06/2.16e-08/3.52e-06 | Train Acc: 0.2656 | Val Acc: 0.2583 | Val P/R/F1 (Macro): 0.2687/0.3139/0.2808 | LR: 0.000005
Epoch [10/100] | SVD update #10: pairs=465, sweeps=10, converged=False, rel_change=3.833e-02, effective_ranks=(315, 22), class_paired=True
Epoch [10/100] | Loss: 5.8553 (Cls: 5.8599, TAL: -0.1217, Adv: 0.1251, OT-Reg: 0.001059) | OT inner objective: 0.0550 | Marginal residual row/col/max: 1.36e-07/1.25e-08/1.36e-07 | Train Acc: 0.3683 | Val Acc: 0.2000 | Val P/R/F1 (Macro): 0.2874/0.4099/0.2441 | LR: 0.000005
Epoch [11/100] | SVD update #11: pairs=465, sweeps=10, converged=False, rel_change=5.006e-03, effective_ranks=(317, 21), class_paired=True
Epoch [11/100] | Loss: 6.3009 (Cls: 6.2772, TAL: 0.1027, Adv: 0.1418, OT-Reg: 0.000880) | OT inner objective: 0.1320 | Marginal residual row/col/max: 2.94e-08/1.88e-08/3.46e-08 | Train Acc: 0.1496 | Val Acc: 0.3250 | Val P/R/F1 (Macro): 0.2327/0.2376/0.2259 | LR: 0.000005
Epoch [12/100] | SVD update #12: pairs=465, sweeps=10, converged=False, rel_change=6.395e-02, effective_ranks=(317, 18), class_paired=True
Epoch [12/100] | Loss: 6.3508 (Cls: 6.3524, TAL: -0.0984, Adv: 0.1278, OT-Reg: 0.000943) | OT inner objective: 0.0354 | Marginal residual row/col/max: 2.03e-05/1.21e-08/2.03e-05 | Train Acc: 0.2232 | Val Acc: 0.3750 | Val P/R/F1 (Macro): 0.3096/0.3903/0.2719 | LR: 0.000005
  >>> New Best Val Acc: 0.3750
Epoch [13/100] | SVD update #13: pairs=465, sweeps=10, converged=False, rel_change=4.162e-01, effective_ranks=(316, 18), class_paired=True
Epoch [13/100] | Loss: 6.1142 (Cls: 6.1211, TAL: -0.1410, Adv: 0.1248, OT-Reg: 0.001039) | OT inner objective: -0.0021 | Marginal residual row/col/max: 2.18e-06/1.14e-08/2.18e-06 | Train Acc: 0.2812 | Val Acc: 0.3083 | Val P/R/F1 (Macro): 0.4184/0.4901/0.4064 | LR: 0.000005
Epoch [14/100] | SVD update #14: pairs=465, sweeps=10, converged=False, rel_change=5.577e-03, effective_ranks=(317, 23), class_paired=True
Epoch [14/100] | Loss: 6.0657 (Cls: 6.0610, TAL: -0.0558, Adv: 0.1428, OT-Reg: 0.001049) | OT inner objective: 0.1054 | Marginal residual row/col/max: 5.22e-05/1.84e-08/5.22e-05 | Train Acc: 0.2634 | Val Acc: 0.3000 | Val P/R/F1 (Macro): 0.1876/0.3056/0.2009 | LR: 0.000005
Epoch [15/100] | SVD update #15: pairs=465, sweeps=10, converged=False, rel_change=4.166e-02, effective_ranks=(316, 15), class_paired=True
Epoch [15/100] | Loss: 6.3719 (Cls: 6.3709, TAL: -0.0778, Adv: 0.1287, OT-Reg: 0.000885) | OT inner objective: -0.0434 | Marginal residual row/col/max: 1.12e-04/2.86e-08/1.12e-04 | Train Acc: 0.2857 | Val Acc: 0.3000 | Val P/R/F1 (Macro): 0.2029/0.3979/0.2254 | LR: 0.000005
Epoch [16/100] | SVD update #16: pairs=465, sweeps=5, converged=True, rel_change=1.418e-04, effective_ranks=(316, 15), class_paired=True
Epoch [16/100] | Loss: 6.0197 (Cls: 6.0170, TAL: -0.0802, Adv: 0.1531, OT-Reg: 0.000959) | OT inner objective: 0.1328 | Marginal residual row/col/max: 1.14e-06/2.55e-08/1.14e-06 | Train Acc: 0.3192 | Val Acc: 0.2417 | Val P/R/F1 (Macro): 0.1539/0.2100/0.1476 | LR: 0.000005
Epoch [17/100] | SVD update #17: pairs=465, sweeps=10, converged=False, rel_change=1.952e-01, effective_ranks=(317, 16), class_paired=True
Epoch [17/100] | Loss: 6.0463 (Cls: 6.0419, TAL: -0.0788, Adv: 0.1730, OT-Reg: 0.000980) | OT inner objective: -0.0319 | Marginal residual row/col/max: 1.37e-04/2.70e-08/1.37e-04 | Train Acc: 0.3214 | Val Acc: 0.1833 | Val P/R/F1 (Macro): 0.2643/0.4299/0.2345 | LR: 0.000005
Epoch [18/100] | SVD update #18: pairs=465, sweeps=6, converged=True, rel_change=4.326e-04, effective_ranks=(316, 18), class_paired=True
Epoch [18/100] | Loss: 5.4342 (Cls: 5.4750, TAL: -0.4182, Adv: 0.1174, OT-Reg: 0.000959) | OT inner objective: -0.1652 | Marginal residual row/col/max: 2.61e-05/2.01e-08/2.61e-05 | Train Acc: 0.3750 | Val Acc: 0.0917 | Val P/R/F1 (Macro): 0.0707/0.2644/0.0831 | LR: 0.000005
Epoch [19/100] | SVD update #19: pairs=465, sweeps=10, converged=False, rel_change=2.621e-02, effective_ranks=(317, 14), class_paired=True
Epoch [19/100] | Loss: 5.8105 (Cls: 5.8205, TAL: -0.1661, Adv: 0.1240, OT-Reg: 0.000971) | OT inner objective: -0.0382 | Marginal residual row/col/max: 1.79e-05/1.30e-08/1.79e-05 | Train Acc: 0.3438 | Val Acc: 0.4333 | Val P/R/F1 (Macro): 0.4903/0.4659/0.3949 | LR: 0.000005
  >>> New Best Val Acc: 0.4333
Epoch [20/100] | SVD update #20: pairs=465, sweeps=10, converged=False, rel_change=4.493e-01, effective_ranks=(317, 20), class_paired=True
Epoch [20/100] | Loss: 5.5288 (Cls: 5.5517, TAL: -0.2620, Adv: 0.1069, OT-Reg: 0.000936) | OT inner objective: 0.0843 | Marginal residual row/col/max: 1.70e-05/3.01e-08/1.70e-05 | Train Acc: 0.4152 | Val Acc: 0.2833 | Val P/R/F1 (Macro): 0.3834/0.4297/0.3033 | LR: 0.000005
Epoch [21/100] | SVD update #21: pairs=465, sweeps=7, converged=True, rel_change=3.127e-04, effective_ranks=(315, 19), class_paired=True
Epoch [21/100] | Loss: 5.0089 (Cls: 5.0254, TAL: -0.2303, Adv: 0.1381, OT-Reg: 0.000940) | OT inner objective: 0.0556 | Marginal residual row/col/max: 7.89e-05/3.15e-08/7.89e-05 | Train Acc: 0.4911 | Val Acc: 0.3500 | Val P/R/F1 (Macro): 0.4474/0.4341/0.2999 | LR: 0.000005
Epoch [22/100] | SVD update #22: pairs=465, sweeps=10, converged=False, rel_change=1.108e+00, effective_ranks=(316, 16), class_paired=True
Epoch [22/100] | Loss: 5.0961 (Cls: 5.1216, TAL: -0.3231, Adv: 0.1666, OT-Reg: 0.000875) | OT inner objective: -0.0029 | Marginal residual row/col/max: 4.85e-05/2.46e-08/4.85e-05 | Train Acc: 0.4621 | Val Acc: 0.1250 | Val P/R/F1 (Macro): 0.1741/0.2550/0.1331 | LR: 0.000005
Epoch [23/100] | SVD update #23: pairs=465, sweeps=7, converged=True, rel_change=8.153e-04, effective_ranks=(317, 16), class_paired=True
Epoch [23/100] | Loss: 5.1783 (Cls: 5.1863, TAL: -0.1597, Adv: 0.1395, OT-Reg: 0.000997) | OT inner objective: -0.0488 | Marginal residual row/col/max: 1.34e-04/1.36e-08/1.34e-04 | Train Acc: 0.4621 | Val Acc: 0.3417 | Val P/R/F1 (Macro): 0.4149/0.4417/0.3721 | LR: 0.000005
Epoch [24/100] | SVD update #24: pairs=465, sweeps=10, converged=False, rel_change=1.016e+00, effective_ranks=(316, 17), class_paired=True
Epoch [24/100] | Loss: 4.6885 (Cls: 4.7288, TAL: -0.4002, Adv: 0.0970, OT-Reg: 0.000920) | OT inner objective: -0.0653 | Marginal residual row/col/max: 1.42e-04/1.93e-08/1.42e-04 | Train Acc: 0.5179 | Val Acc: 0.2167 | Val P/R/F1 (Macro): 0.5992/0.3912/0.2789 | LR: 0.000005
Epoch [25/100] | SVD update #25: pairs=465, sweeps=5, converged=True, rel_change=1.371e-04, effective_ranks=(315, 18), class_paired=True
Epoch [25/100] | Loss: 4.4909 (Cls: 4.5211, TAL: -0.3447, Adv: 0.1403, OT-Reg: 0.000994) | OT inner objective: -0.0983 | Marginal residual row/col/max: 2.46e-04/2.22e-08/2.46e-04 | Train Acc: 0.5603 | Val Acc: 0.4250 | Val P/R/F1 (Macro): 0.4245/0.5028/0.3806 | LR: 0.000005
Epoch [26/100] | SVD update #26: pairs=465, sweeps=7, converged=True, rel_change=3.095e-04, effective_ranks=(314, 16), class_paired=True
Epoch [26/100] | Loss: 4.7647 (Cls: 4.7873, TAL: -0.2744, Adv: 0.1294, OT-Reg: 0.000972) | OT inner objective: -0.0285 | Marginal residual row/col/max: 2.19e-04/1.93e-08/2.19e-04 | Train Acc: 0.5201 | Val Acc: 0.2083 | Val P/R/F1 (Macro): 0.4225/0.4187/0.2859 | LR: 0.000005
Epoch [27/100] | SVD update #27: pairs=465, sweeps=4, converged=True, rel_change=6.721e-04, effective_ranks=(316, 19), class_paired=True
Epoch [27/100] | Loss: 4.5256 (Cls: 4.5512, TAL: -0.3553, Adv: 0.2132, OT-Reg: 0.001011) | OT inner objective: 0.0282 | Marginal residual row/col/max: 2.30e-04/1.64e-08/2.30e-04 | Train Acc: 0.5357 | Val Acc: 0.3750 | Val P/R/F1 (Macro): 0.5397/0.5886/0.4647 | LR: 0.000005
Epoch [28/100] | SVD update #28: pairs=465, sweeps=8, converged=True, rel_change=7.457e-04, effective_ranks=(317, 21), class_paired=True
Epoch [28/100] | Loss: 5.8548 (Cls: 5.8517, TAL: -0.0659, Adv: 0.1381, OT-Reg: 0.000930) | OT inner objective: -0.0683 | Marginal residual row/col/max: 5.08e-05/2.09e-08/5.08e-05 | Train Acc: 0.1897 | Val Acc: 0.1750 | Val P/R/F1 (Macro): 0.3112/0.2466/0.1582 | LR: 0.000005
Epoch [29/100] | SVD update #29: pairs=465, sweeps=6, converged=True, rel_change=3.302e-04, effective_ranks=(312, 19), class_paired=True
Epoch [29/100] | Loss: 5.2310 (Cls: 5.2159, TAL: -0.0083, Adv: 0.2016, OT-Reg: 0.000855) | OT inner objective: 0.0779 | Marginal residual row/col/max: 5.30e-05/3.05e-08/5.30e-05 | Train Acc: 0.3683 | Val Acc: 0.3833 | Val P/R/F1 (Macro): 0.2686/0.3031/0.2263 | LR: 0.000005
Epoch [30/100] | SVD update #30: pairs=465, sweeps=10, converged=False, rel_change=1.554e-02, effective_ranks=(312, 23), class_paired=True
Epoch [30/100] | Loss: 5.3963 (Cls: 5.4080, TAL: -0.2024, Adv: 0.1565, OT-Reg: 0.000794) | OT inner objective: -0.0528 | Marginal residual row/col/max: 3.28e-04/2.75e-08/3.28e-04 | Train Acc: 0.3527 | Val Acc: 0.3000 | Val P/R/F1 (Macro): 0.3892/0.3830/0.2967 | LR: 0.000003
Epoch [31/100] | SVD update #31: pairs=465, sweeps=10, converged=False, rel_change=6.080e-02, effective_ranks=(317, 18), class_paired=True
Epoch [31/100] | Loss: 5.1539 (Cls: 5.1692, TAL: -0.1935, Adv: 0.0990, OT-Reg: 0.000974) | OT inner objective: -0.1452 | Marginal residual row/col/max: 2.14e-04/1.54e-08/2.14e-04 | Train Acc: 0.3772 | Val Acc: 0.3500 | Val P/R/F1 (Macro): 0.3126/0.3940/0.3069 | LR: 0.000003
Epoch [32/100] | SVD update #32: pairs=465, sweeps=10, converged=False, rel_change=2.435e-03, effective_ranks=(312, 22), class_paired=True
Epoch [32/100] | Loss: 4.6508 (Cls: 4.6741, TAL: -0.2692, Adv: 0.1125, OT-Reg: 0.000970) | OT inner objective: -0.1224 | Marginal residual row/col/max: 3.87e-04/1.69e-08/3.87e-04 | Train Acc: 0.4576 | Val Acc: 0.3917 | Val P/R/F1 (Macro): 0.5489/0.5442/0.4276 | LR: 0.000003
Epoch [33/100] | SVD update #33: pairs=465, sweeps=10, converged=False, rel_change=1.654e-02, effective_ranks=(316, 21), class_paired=True
Epoch [33/100] | Loss: 7.0120 (Cls: 6.9915, TAL: 0.0937, Adv: 0.1163, OT-Reg: 0.000965) | OT inner objective: -0.0058 | Marginal residual row/col/max: 3.09e-06/2.50e-08/3.09e-06 | Train Acc: 0.2433 | Val Acc: 0.5250 | Val P/R/F1 (Macro): 0.4668/0.4495/0.4368 | LR: 0.000003
  >>> New Best Val Acc: 0.5250
Epoch [34/100] | SVD update #34: pairs=465, sweeps=8, converged=True, rel_change=7.357e-04, effective_ranks=(316, 19), class_paired=True
Epoch [34/100] | Loss: 6.0976 (Cls: 6.0790, TAL: -0.0175, Adv: 0.2591, OT-Reg: 0.000894) | OT inner objective: 0.0695 | Marginal residual row/col/max: 4.39e-05/2.32e-08/4.39e-05 | Train Acc: 0.4308 | Val Acc: 0.3083 | Val P/R/F1 (Macro): 0.3358/0.4684/0.3263 | LR: 0.000003
Epoch [35/100] | SVD update #35: pairs=465, sweeps=7, converged=True, rel_change=8.696e-04, effective_ranks=(317, 22), class_paired=True
Epoch [35/100] | Loss: 6.0639 (Cls: 6.0408, TAL: 0.0365, Adv: 0.2335, OT-Reg: 0.000910) | OT inner objective: -0.0386 | Marginal residual row/col/max: 1.09e-04/1.30e-08/1.09e-04 | Train Acc: 0.3527 | Val Acc: 0.2167 | Val P/R/F1 (Macro): 0.2529/0.5111/0.2740 | LR: 0.000003
Epoch [36/100] | SVD update #36: pairs=465, sweeps=9, converged=True, rel_change=3.863e-04, effective_ranks=(317, 20), class_paired=True
Epoch [36/100] | Loss: 5.4145 (Cls: 5.4188, TAL: -0.1478, Adv: 0.1676, OT-Reg: 0.001010) | OT inner objective: 0.0158 | Marginal residual row/col/max: 9.35e-05/1.52e-08/9.35e-05 | Train Acc: 0.4509 | Val Acc: 0.2917 | Val P/R/F1 (Macro): 0.5198/0.4738/0.3936 | LR: 0.000003
Epoch [37/100] | SVD update #37: pairs=465, sweeps=5, converged=True, rel_change=1.549e-04, effective_ranks=(317, 21), class_paired=True
Epoch [37/100] | Loss: 5.0694 (Cls: 5.0963, TAL: -0.2978, Adv: 0.1103, OT-Reg: 0.000858) | OT inner objective: -0.0618 | Marginal residual row/col/max: 1.86e-04/3.05e-08/1.86e-04 | Train Acc: 0.5067 | Val Acc: 0.3500 | Val P/R/F1 (Macro): 0.5681/0.5498/0.4704 | LR: 0.000003
Epoch [38/100] | SVD update #38: pairs=465, sweeps=6, converged=True, rel_change=4.951e-04, effective_ranks=(317, 22), class_paired=True
Epoch [38/100] | Loss: 4.5481 (Cls: 4.5791, TAL: -0.3080, Adv: 0.0747, OT-Reg: 0.000997) | OT inner objective: -0.1690 | Marginal residual row/col/max: 2.05e-04/1.81e-08/2.05e-04 | Train Acc: 0.5714 | Val Acc: 0.3750 | Val P/R/F1 (Macro): 0.5739/0.5762/0.5129 | LR: 0.000003
Epoch [39/100] | SVD update #39: pairs=465, sweeps=5, converged=True, rel_change=6.817e-04, effective_ranks=(317, 23), class_paired=True
Epoch [39/100] | Loss: 4.3922 (Cls: 4.4166, TAL: -0.2632, Adv: 0.0907, OT-Reg: 0.000969) | OT inner objective: -0.0711 | Marginal residual row/col/max: 3.21e-04/1.74e-08/3.21e-04 | Train Acc: 0.5759 | Val Acc: 0.3917 | Val P/R/F1 (Macro): 0.5815/0.5272/0.4409 | LR: 0.000003
Epoch [40/100] | SVD update #40: pairs=465, sweeps=5, converged=True, rel_change=6.019e-04, effective_ranks=(316, 21), class_paired=True
Epoch [40/100] | Loss: 4.6407 (Cls: 4.6612, TAL: -0.2545, Adv: 0.1252, OT-Reg: 0.000999) | OT inner objective: 0.0365 | Marginal residual row/col/max: 1.72e-04/2.39e-08/1.72e-04 | Train Acc: 0.5156 | Val Acc: 0.2833 | Val P/R/F1 (Macro): 0.5116/0.4870/0.3895 | LR: 0.000003
Epoch [41/100] | SVD update #41: pairs=465, sweeps=10, converged=False, rel_change=6.632e-03, effective_ranks=(314, 21), class_paired=True
Epoch [41/100] | Loss: 5.2908 (Cls: 5.2857, TAL: -0.0583, Adv: 0.1518, OT-Reg: 0.001004) | OT inner objective: 0.0777 | Marginal residual row/col/max: 5.43e-05/2.20e-08/5.43e-05 | Train Acc: 0.5737 | Val Acc: 0.3583 | Val P/R/F1 (Macro): 0.5712/0.5370/0.4787 | LR: 0.000003
Epoch [42/100] | SVD update #42: pairs=465, sweeps=10, converged=False, rel_change=3.154e-03, effective_ranks=(315, 26), class_paired=True
Epoch [42/100] | Loss: 5.7246 (Cls: 5.7266, TAL: -0.0963, Adv: 0.1199, OT-Reg: 0.000930) | OT inner objective: 0.0896 | Marginal residual row/col/max: 3.33e-05/2.75e-08/3.34e-05 | Train Acc: 0.4509 | Val Acc: 0.1667 | Val P/R/F1 (Macro): 0.2116/0.4590/0.2252 | LR: 0.000003
Epoch [43/100] | SVD update #43: pairs=465, sweeps=9, converged=True, rel_change=4.434e-04, effective_ranks=(315, 22), class_paired=True
Epoch [43/100] | Loss: 5.3429 (Cls: 5.3535, TAL: -0.1652, Adv: 0.1158, OT-Reg: 0.000873) | OT inner objective: -0.0582 | Marginal residual row/col/max: 1.81e-04/1.84e-08/1.81e-04 | Train Acc: 0.4911 | Val Acc: 0.3750 | Val P/R/F1 (Macro): 0.3677/0.4164/0.3173 | LR: 0.000003
Epoch [44/100] | SVD update #44: pairs=465, sweeps=5, converged=True, rel_change=4.928e-04, effective_ranks=(317, 22), class_paired=True
Epoch [44/100] | Loss: 4.6494 (Cls: 4.6872, TAL: -0.3959, Adv: 0.1202, OT-Reg: 0.000899) | OT inner objective: 0.0187 | Marginal residual row/col/max: 2.07e-04/1.73e-08/2.07e-04 | Train Acc: 0.5670 | Val Acc: 0.4417 | Val P/R/F1 (Macro): 0.5006/0.4901/0.3177 | LR: 0.000001
Epoch [45/100] | SVD update #45: pairs=465, sweeps=6, converged=True, rel_change=2.891e-04, effective_ranks=(316, 20), class_paired=True
Epoch [45/100] | Loss: 4.5947 (Cls: 4.6208, TAL: -0.2966, Adv: 0.1186, OT-Reg: 0.000989) | OT inner objective: -0.1052 | Marginal residual row/col/max: 1.88e-04/1.25e-08/1.88e-04 | Train Acc: 0.5960 | Val Acc: 0.3583 | Val P/R/F1 (Macro): 0.4599/0.5660/0.4334 | LR: 0.000001
Epoch [46/100] | SVD update #46: pairs=465, sweeps=5, converged=True, rel_change=2.179e-04, effective_ranks=(316, 22), class_paired=True
Epoch [46/100] | Loss: 4.3273 (Cls: 4.3535, TAL: -0.3168, Adv: 0.1476, OT-Reg: 0.000964) | OT inner objective: -0.0209 | Marginal residual row/col/max: 3.09e-05/1.29e-08/3.09e-05 | Train Acc: 0.6183 | Val Acc: 0.5333 | Val P/R/F1 (Macro): 0.6291/0.6656/0.5815 | LR: 0.000001
  >>> New Best Val Acc: 0.5333
Epoch [47/100] | SVD update #47: pairs=465, sweeps=10, converged=False, rel_change=1.606e-03, effective_ranks=(317, 24), class_paired=True
Epoch [47/100] | Loss: 5.7918 (Cls: 5.7529, TAL: 0.2105, Adv: 0.1701, OT-Reg: 0.001000) | OT inner objective: -0.0059 | Marginal residual row/col/max: 2.05e-05/1.77e-08/2.05e-05 | Train Acc: 0.1920 | Val Acc: 0.1500 | Val P/R/F1 (Macro): 0.1272/0.2199/0.1242 | LR: 0.000001
Epoch [48/100] | SVD update #48: pairs=465, sweeps=5, converged=True, rel_change=6.530e-04, effective_ranks=(317, 21), class_paired=True
Epoch [48/100] | Loss: 5.7552 (Cls: 5.7410, TAL: -0.0080, Adv: 0.1890, OT-Reg: 0.000869) | OT inner objective: -0.0217 | Marginal residual row/col/max: 9.84e-05/1.89e-08/9.84e-05 | Train Acc: 0.2076 | Val Acc: 0.1333 | Val P/R/F1 (Macro): 0.1437/0.2524/0.1295 | LR: 0.000001
Epoch [49/100] | SVD update #49: pairs=465, sweeps=9, converged=True, rel_change=3.476e-04, effective_ranks=(317, 23), class_paired=True
Epoch [49/100] | Loss: 5.1342 (Cls: 5.1326, TAL: -0.0814, Adv: 0.1412, OT-Reg: 0.000899) | OT inner objective: 0.0377 | Marginal residual row/col/max: 3.43e-05/1.61e-08/3.43e-05 | Train Acc: 0.3147 | Val Acc: 0.3917 | Val P/R/F1 (Macro): 0.2804/0.4183/0.2776 | LR: 0.000001
Epoch [50/100] | SVD update #50: pairs=465, sweeps=9, converged=True, rel_change=7.558e-04, effective_ranks=(316, 29), class_paired=True
Epoch [50/100] | Loss: 5.0632 (Cls: 5.0790, TAL: -0.2558, Adv: 0.1868, OT-Reg: 0.000919) | OT inner objective: 0.0054 | Marginal residual row/col/max: 1.89e-05/2.38e-08/1.89e-05 | Train Acc: 0.3259 | Val Acc: 0.2833 | Val P/R/F1 (Macro): 0.3669/0.3964/0.2626 | LR: 0.000001
Epoch [51/100] | SVD update #51: pairs=465, sweeps=10, converged=False, rel_change=1.181e-02, effective_ranks=(316, 25), class_paired=True
Epoch [51/100] | Loss: 5.4112 (Cls: 5.4319, TAL: -0.2599, Adv: 0.1313, OT-Reg: 0.000931) | OT inner objective: 0.0218 | Marginal residual row/col/max: 7.11e-06/3.41e-08/7.12e-06 | Train Acc: 0.3616 | Val Acc: 0.4917 | Val P/R/F1 (Macro): 0.4068/0.5396/0.4240 | LR: 0.000001
Epoch [52/100] | SVD update #52: pairs=465, sweeps=8, converged=True, rel_change=7.242e-04, effective_ranks=(317, 25), class_paired=True
Epoch [52/100] | Loss: 5.2939 (Cls: 5.3005, TAL: -0.1634, Adv: 0.1618, OT-Reg: 0.000954) | OT inner objective: -0.1356 | Marginal residual row/col/max: 2.44e-04/2.45e-08/2.44e-04 | Train Acc: 0.4598 | Val Acc: 0.2750 | Val P/R/F1 (Macro): 0.3994/0.4724/0.3022 | LR: 0.000001
Epoch [53/100] | SVD update #53: pairs=465, sweeps=6, converged=True, rel_change=8.601e-04, effective_ranks=(315, 23), class_paired=True
Epoch [53/100] | Loss: 8.6327 (Cls: 8.6391, TAL: -0.2117, Adv: 0.2367, OT-Reg: 0.000996) | OT inner objective: 0.0387 | Marginal residual row/col/max: 6.27e-05/2.71e-08/6.27e-05 | Train Acc: 0.0625 | Val Acc: 0.1250 | Val P/R/F1 (Macro): 0.1516/0.1129/0.1033 | LR: 0.000001
Epoch [54/100] | SVD update #54: pairs=465, sweeps=10, converged=False, rel_change=1.474e-01, effective_ranks=(316, 27), class_paired=True
Epoch [54/100] | Loss: 6.6805 (Cls: 6.6572, TAL: 0.0577, Adv: 0.2049, OT-Reg: 0.001100) | OT inner objective: 0.0280 | Marginal residual row/col/max: 1.96e-05/2.21e-08/1.96e-05 | Train Acc: 0.3996 | Val Acc: 0.2083 | Val P/R/F1 (Macro): 0.5161/0.3667/0.2718 | LR: 0.000001
Epoch [55/100] | SVD update #55: pairs=465, sweeps=5, converged=True, rel_change=6.820e-04, effective_ranks=(316, 25), class_paired=True
Epoch [55/100] | Loss: 6.2531 (Cls: 6.2656, TAL: -0.2083, Adv: 0.1560, OT-Reg: 0.000982) | OT inner objective: -0.0885 | Marginal residual row/col/max: 7.44e-06/1.46e-08/7.44e-06 | Train Acc: 0.2254 | Val Acc: 0.1333 | Val P/R/F1 (Macro): 0.1374/0.3217/0.1402 | LR: 0.000001
Epoch [56/100] | SVD update #56: pairs=465, sweeps=5, converged=True, rel_change=8.803e-04, effective_ranks=(317, 21), class_paired=True
Epoch [56/100] | Loss: 6.5624 (Cls: 6.5748, TAL: -0.2155, Adv: 0.1678, OT-Reg: 0.000936) | OT inner objective: -0.0851 | Marginal residual row/col/max: 1.31e-05/1.86e-08/1.31e-05 | Train Acc: 0.2210 | Val Acc: 0.2083 | Val P/R/F1 (Macro): 0.1679/0.2839/0.1761 | LR: 0.000001
Epoch [57/100] | SVD update #57: pairs=465, sweeps=10, converged=False, rel_change=4.139e-03, effective_ranks=(317, 26), class_paired=True
Epoch [57/100] | Loss: 6.0289 (Cls: 6.0491, TAL: -0.2831, Adv: 0.1721, OT-Reg: 0.001062) | OT inner objective: -0.0310 | Marginal residual row/col/max: 2.64e-05/1.20e-08/2.64e-05 | Train Acc: 0.2121 | Val Acc: 0.1333 | Val P/R/F1 (Macro): 0.1211/0.3344/0.1311 | LR: 0.000001
Epoch [58/100] | SVD update #58: pairs=465, sweeps=10, converged=False, rel_change=1.575e-02, effective_ranks=(316, 25), class_paired=True
Epoch [58/100] | Loss: 6.1808 (Cls: 6.1949, TAL: -0.2105, Adv: 0.1395, OT-Reg: 0.001019) | OT inner objective: -0.1315 | Marginal residual row/col/max: 2.98e-05/1.10e-08/2.98e-05 | Train Acc: 0.3013 | Val Acc: 0.1750 | Val P/R/F1 (Macro): 0.2177/0.3781/0.2297 | LR: 0.000001
Epoch [59/100] | SVD update #59: pairs=465, sweeps=6, converged=True, rel_change=5.277e-04, effective_ranks=(316, 30), class_paired=True
Epoch [59/100] | Loss: 6.0538 (Cls: 6.0779, TAL: -0.3270, Adv: 0.1893, OT-Reg: 0.001077) | OT inner objective: -0.1925 | Marginal residual row/col/max: 2.00e-04/1.18e-08/2.00e-04 | Train Acc: 0.2701 | Val Acc: 0.1167 | Val P/R/F1 (Macro): 0.1321/0.2212/0.1308 | LR: 0.000001
Epoch [60/100] | SVD update #60: pairs=465, sweeps=10, converged=True, rel_change=8.291e-04, effective_ranks=(316, 27), class_paired=True
Epoch [60/100] | Loss: 5.9330 (Cls: 5.9581, TAL: -0.2835, Adv: 0.1112, OT-Reg: 0.001039) | OT inner objective: -0.0210 | Marginal residual row/col/max: 2.92e-06/2.21e-08/2.92e-06 | Train Acc: 0.3438 | Val Acc: 0.1083 | Val P/R/F1 (Macro): 0.1288/0.2927/0.1537 | LR: 0.000001
Epoch [61/100] | SVD update #61: pairs=465, sweeps=7, converged=True, rel_change=9.554e-04, effective_ranks=(316, 27), class_paired=True
Epoch [61/100] | Loss: 5.5146 (Cls: 5.5402, TAL: -0.3023, Adv: 0.1332, OT-Reg: 0.001027) | OT inner objective: -0.0371 | Marginal residual row/col/max: 6.33e-05/1.74e-08/6.33e-05 | Train Acc: 0.3817 | Val Acc: 0.1667 | Val P/R/F1 (Macro): 0.4389/0.4519/0.2783 | LR: 0.000001
Epoch [62/100] | SVD update #62: pairs=465, sweeps=7, converged=True, rel_change=5.123e-04, effective_ranks=(316, 26), class_paired=True
Epoch [62/100] | Loss: 5.3102 (Cls: 5.3415, TAL: -0.3559, Adv: 0.1426, OT-Reg: 0.000980) | OT inner objective: -0.0583 | Marginal residual row/col/max: 1.34e-04/2.50e-08/1.34e-04 | Train Acc: 0.4308 | Val Acc: 0.1417 | Val P/R/F1 (Macro): 0.3949/0.4441/0.2638 | LR: 0.000001
Epoch [63/100] | SVD update #63: pairs=465, sweeps=9, converged=True, rel_change=5.617e-04, effective_ranks=(317, 27), class_paired=True
Epoch [63/100] | Loss: 7.5822 (Cls: 7.5658, TAL: 0.0859, Adv: 0.0762, OT-Reg: 0.000909) | OT inner objective: 0.0030 | Marginal residual row/col/max: 6.42e-05/2.46e-08/6.42e-05 | Train Acc: 0.1272 | Val Acc: 0.0750 | Val P/R/F1 (Macro): 0.1054/0.1749/0.0697 | LR: 0.000001
Epoch [64/100] | SVD update #64: pairs=465, sweeps=6, converged=True, rel_change=9.607e-04, effective_ranks=(316, 23), class_paired=True
Epoch [64/100] | Loss: 6.3757 (Cls: 6.3446, TAL: 0.1878, Adv: 0.1067, OT-Reg: 0.000930) | OT inner objective: 0.0968 | Marginal residual row/col/max: 2.14e-04/4.20e-08/2.14e-04 | Train Acc: 0.1830 | Val Acc: 0.0917 | Val P/R/F1 (Macro): 0.1806/0.1778/0.1156 | LR: 0.000001
Epoch [65/100] | SVD update #65: pairs=465, sweeps=9, converged=True, rel_change=9.899e-04, effective_ranks=(317, 24), class_paired=True
Epoch [65/100] | Loss: 6.0650 (Cls: 6.0597, TAL: -0.0066, Adv: 0.0765, OT-Reg: 0.000979) | OT inner objective: 0.0900 | Marginal residual row/col/max: 1.10e-04/2.71e-08/1.10e-04 | Train Acc: 0.1853 | Val Acc: 0.0917 | Val P/R/F1 (Macro): 0.0471/0.2145/0.0706 | LR: 0.000001
Epoch [66/100] | SVD update #66: pairs=465, sweeps=9, converged=True, rel_change=6.239e-04, effective_ranks=(316, 20), class_paired=True
Epoch [66/100] | Loss: 6.0071 (Cls: 6.0036, TAL: -0.0349, Adv: 0.0957, OT-Reg: 0.000951) | OT inner objective: 0.0184 | Marginal residual row/col/max: 2.38e-05/1.48e-08/2.38e-05 | Train Acc: 0.2232 | Val Acc: 0.3083 | Val P/R/F1 (Macro): 0.1234/0.2603/0.1568 | LR: 0.000001
Epoch [67/100] | SVD update #67: pairs=465, sweeps=9, converged=True, rel_change=4.686e-04, effective_ranks=(315, 19), class_paired=True
Epoch [67/100] | Loss: 5.5494 (Cls: 5.5429, TAL: -0.0061, Adv: 0.0897, OT-Reg: 0.000912) | OT inner objective: 0.0484 | Marginal residual row/col/max: 2.32e-05/2.65e-08/2.32e-05 | Train Acc: 0.2768 | Val Acc: 0.1417 | Val P/R/F1 (Macro): 0.1313/0.2117/0.1073 | LR: 0.000001
Epoch [68/100] | SVD update #68: pairs=465, sweeps=10, converged=False, rel_change=7.999e-03, effective_ranks=(314, 25), class_paired=True
Epoch [68/100] | Loss: 6.7035 (Cls: 6.6459, TAL: 0.3287, Adv: 0.2265, OT-Reg: 0.000975) | OT inner objective: -0.0906 | Marginal residual row/col/max: 2.69e-05/1.28e-08/2.69e-05 | Train Acc: 0.0915 | Val Acc: 0.0750 | Val P/R/F1 (Macro): 0.0490/0.0869/0.0510 | LR: 0.000001
Epoch [69/100] | SVD update #69: pairs=465, sweeps=8, converged=True, rel_change=8.722e-04, effective_ranks=(314, 23), class_paired=True
Epoch [69/100] | Loss: 6.7151 (Cls: 6.6848, TAL: 0.1673, Adv: 0.1271, OT-Reg: 0.000960) | OT inner objective: -0.0694 | Marginal residual row/col/max: 2.07e-04/1.28e-08/2.07e-04 | Train Acc: 0.0536 | Val Acc: 0.0750 | Val P/R/F1 (Macro): 0.0718/0.1193/0.0785 | LR: 0.000001
Epoch [70/100] | SVD update #70: pairs=465, sweeps=9, converged=True, rel_change=3.594e-04, effective_ranks=(317, 22), class_paired=True
Epoch [70/100] | Loss: 7.0719 (Cls: 7.0555, TAL: 0.0313, Adv: 0.1587, OT-Reg: 0.000867) | OT inner objective: -0.0189 | Marginal residual row/col/max: 8.71e-05/1.53e-08/8.71e-05 | Train Acc: 0.1205 | Val Acc: 0.1500 | Val P/R/F1 (Macro): 0.1875/0.0917/0.1183 | LR: 0.000001
Epoch [71/100] | SVD update #71: pairs=465, sweeps=5, converged=True, rel_change=3.617e-04, effective_ranks=(315, 26), class_paired=True
Epoch [71/100] | Loss: 6.7034 (Cls: 6.6893, TAL: 0.0056, Adv: 0.1682, OT-Reg: 0.000933) | OT inner objective: 0.0279 | Marginal residual row/col/max: 6.07e-05/1.86e-08/6.07e-05 | Train Acc: 0.0960 | Val Acc: 0.1167 | Val P/R/F1 (Macro): 0.1481/0.1006/0.1095 | LR: 0.000001
Epoch [72/100] | SVD update #72: pairs=465, sweeps=8, converged=True, rel_change=3.523e-04, effective_ranks=(317, 27), class_paired=True
Epoch [72/100] | Loss: 6.2525 (Cls: 6.2312, TAL: 0.0486, Adv: 0.1935, OT-Reg: 0.000974) | OT inner objective: 0.1622 | Marginal residual row/col/max: 5.66e-05/3.06e-08/5.66e-05 | Train Acc: 0.2165 | Val Acc: 0.4000 | Val P/R/F1 (Macro): 0.3028/0.2471/0.2316 | LR: 0.000001
Epoch [73/100] | SVD update #73: pairs=465, sweeps=10, converged=False, rel_change=2.752e-02, effective_ranks=(316, 23), class_paired=True
Epoch [73/100] | Loss: 5.6399 (Cls: 5.6325, TAL: -0.1091, Adv: 0.2556, OT-Reg: 0.000889) | OT inner objective: -0.0748 | Marginal residual row/col/max: 1.65e-05/1.48e-08/1.65e-05 | Train Acc: 0.3036 | Val Acc: 0.4250 | Val P/R/F1 (Macro): 0.3634/0.4644/0.3614 | LR: 0.000001
Epoch [74/100] | SVD update #74: pairs=465, sweeps=10, converged=False, rel_change=1.212e-03, effective_ranks=(316, 24), class_paired=True
Epoch [74/100] | Loss: 5.7148 (Cls: 5.6962, TAL: 0.0476, Adv: 0.1615, OT-Reg: 0.001065) | OT inner objective: -0.0020 | Marginal residual row/col/max: 1.60e-05/1.12e-08/1.60e-05 | Train Acc: 0.2679 | Val Acc: 0.3167 | Val P/R/F1 (Macro): 0.3920/0.3775/0.3646 | LR: 0.000001
Epoch [75/100] | SVD update #75: pairs=465, sweeps=6, converged=True, rel_change=4.253e-04, effective_ranks=(317, 22), class_paired=True
Epoch [75/100] | Loss: 5.7849 (Cls: 5.7625, TAL: 0.0597, Adv: 0.1904, OT-Reg: 0.000949) | OT inner objective: -0.0388 | Marginal residual row/col/max: 3.26e-05/1.10e-08/3.26e-05 | Train Acc: 0.1987 | Val Acc: 0.1583 | Val P/R/F1 (Macro): 0.1654/0.2354/0.1462 | LR: 0.000001
Epoch [76/100] | SVD update #76: pairs=465, sweeps=6, converged=True, rel_change=5.002e-04, effective_ranks=(316, 24), class_paired=True
Epoch [76/100] | Loss: 5.6064 (Cls: 5.6263, TAL: -0.2912, Adv: 0.1871, OT-Reg: 0.000932) | OT inner objective: -0.0932 | Marginal residual row/col/max: 9.76e-05/2.09e-08/9.76e-05 | Train Acc: 0.3862 | Val Acc: 0.1250 | Val P/R/F1 (Macro): 0.3169/0.3825/0.2339 | LR: 0.000001
Epoch [77/100] | SVD update #77: pairs=465, sweeps=8, converged=True, rel_change=4.302e-04, effective_ranks=(316, 24), class_paired=True
Epoch [77/100] | Loss: 5.5094 (Cls: 5.5256, TAL: -0.2281, Adv: 0.1401, OT-Reg: 0.000946) | OT inner objective: -0.1712 | Marginal residual row/col/max: 7.24e-05/1.45e-08/7.24e-05 | Train Acc: 0.3817 | Val Acc: 0.1750 | Val P/R/F1 (Macro): 0.3158/0.3986/0.2623 | LR: 0.000001
Epoch [78/100] | SVD update #78: pairs=465, sweeps=5, converged=True, rel_change=6.865e-04, effective_ranks=(317, 24), class_paired=True
Epoch [78/100] | Loss: 5.4156 (Cls: 5.4429, TAL: -0.3149, Adv: 0.1312, OT-Reg: 0.000962) | OT inner objective: -0.1071 | Marginal residual row/col/max: 6.13e-05/1.88e-08/6.13e-05 | Train Acc: 0.4018 | Val Acc: 0.0917 | Val P/R/F1 (Macro): 0.2267/0.3361/0.1916 | LR: 0.000001
Epoch [79/100] | SVD update #79: pairs=465, sweeps=6, converged=True, rel_change=8.788e-04, effective_ranks=(315, 21), class_paired=True
Epoch [79/100] | Loss: 5.4440 (Cls: 5.4547, TAL: -0.2677, Adv: 0.2684, OT-Reg: 0.001001) | OT inner objective: -0.1983 | Marginal residual row/col/max: 4.69e-05/1.08e-08/4.69e-05 | Train Acc: 0.4196 | Val Acc: 0.1417 | Val P/R/F1 (Macro): 0.2942/0.3882/0.2392 | LR: 0.000001
Epoch [80/100] | SVD update #80: pairs=465, sweeps=8, converged=True, rel_change=9.115e-04, effective_ranks=(315, 23), class_paired=True
Epoch [80/100] | Loss: 5.2982 (Cls: 5.3050, TAL: -0.3064, Adv: 0.3741, OT-Reg: 0.000966) | OT inner objective: -0.0778 | Marginal residual row/col/max: 1.62e-04/2.34e-08/1.62e-04 | Train Acc: 0.3951 | Val Acc: 0.1750 | Val P/R/F1 (Macro): 0.2708/0.4395/0.2703 | LR: 0.000001
Epoch [81/100] | SVD update #81: pairs=465, sweeps=6, converged=True, rel_change=3.385e-04, effective_ranks=(316, 23), class_paired=True
Epoch [81/100] | Loss: 5.0823 (Cls: 5.0981, TAL: -0.3170, Adv: 0.2774, OT-Reg: 0.000980) | OT inner objective: -0.1469 | Marginal residual row/col/max: 1.32e-04/2.30e-08/1.32e-04 | Train Acc: 0.4554 | Val Acc: 0.1667 | Val P/R/F1 (Macro): 0.2505/0.4255/0.2554 | LR: 0.000001
Epoch [82/100] | SVD update #82: pairs=465, sweeps=4, converged=True, rel_change=4.694e-04, effective_ranks=(317, 21), class_paired=True
Epoch [82/100] | Loss: 4.8875 (Cls: 4.9188, TAL: -0.3777, Adv: 0.1750, OT-Reg: 0.000971) | OT inner objective: -0.1193 | Marginal residual row/col/max: 2.26e-04/1.64e-08/2.26e-04 | Train Acc: 0.4576 | Val Acc: 0.1250 | Val P/R/F1 (Macro): 0.3403/0.3357/0.2376 | LR: 0.000001
Epoch [83/100] | SVD update #83: pairs=465, sweeps=10, converged=False, rel_change=6.234e-03, effective_ranks=(310, 20), class_paired=True
Epoch [83/100] | Loss: 5.1190 (Cls: 5.1187, TAL: -0.1760, Adv: 0.2680, OT-Reg: 0.000925) | OT inner objective: -0.0516 | Marginal residual row/col/max: 4.73e-05/2.83e-08/4.73e-05 | Train Acc: 0.3884 | Val Acc: 0.2167 | Val P/R/F1 (Macro): 0.3774/0.4192/0.2983 | LR: 0.000001
Epoch [84/100] | SVD update #84: pairs=465, sweeps=7, converged=True, rel_change=8.780e-04, effective_ranks=(315, 21), class_paired=True
Epoch [84/100] | Loss: 5.3421 (Cls: 5.3183, TAL: 0.0569, Adv: 0.2124, OT-Reg: 0.000933) | OT inner objective: 0.0643 | Marginal residual row/col/max: 5.51e-06/1.48e-08/5.51e-06 | Train Acc: 0.1964 | Val Acc: 0.1500 | Val P/R/F1 (Macro): 0.1542/0.2235/0.1337 | LR: 0.000001
Epoch [85/100] | SVD update #85: pairs=465, sweeps=6, converged=True, rel_change=7.895e-05, effective_ranks=(316, 20), class_paired=True
Epoch [85/100] | Loss: 5.2551 (Cls: 5.2242, TAL: 0.0322, Adv: 0.3382, OT-Reg: 0.000976) | OT inner objective: 0.0073 | Marginal residual row/col/max: 4.92e-05/1.42e-08/4.92e-05 | Train Acc: 0.2277 | Val Acc: 0.1250 | Val P/R/F1 (Macro): 0.1367/0.2208/0.1175 | LR: 0.000001
Epoch [86/100] | SVD update #86: pairs=465, sweeps=9, converged=True, rel_change=9.907e-04, effective_ranks=(317, 24), class_paired=True
Epoch [86/100] | Loss: 4.7640 (Cls: 4.7784, TAL: -0.2504, Adv: 0.1962, OT-Reg: 0.000939) | OT inner objective: -0.1211 | Marginal residual row/col/max: 8.63e-05/2.30e-08/8.63e-05 | Train Acc: 0.4688 | Val Acc: 0.1167 | Val P/R/F1 (Macro): 0.3300/0.3561/0.2608 | LR: 0.000001
Epoch [87/100] | SVD update #87: pairs=465, sweeps=8, converged=True, rel_change=9.806e-04, effective_ranks=(316, 27), class_paired=True
Epoch [87/100] | Loss: 5.0586 (Cls: 5.0744, TAL: -0.3078, Adv: 0.2646, OT-Reg: 0.000947) | OT inner objective: -0.1518 | Marginal residual row/col/max: 1.44e-04/1.85e-08/1.44e-04 | Train Acc: 0.4732 | Val Acc: 0.2333 | Val P/R/F1 (Macro): 0.3296/0.5026/0.3107 | LR: 0.000001
Epoch [88/100] | SVD update #88: pairs=465, sweeps=10, converged=False, rel_change=2.917e-01, effective_ranks=(315, 22), class_paired=True
Epoch [88/100] | Loss: 5.8707 (Cls: 5.8786, TAL: -0.2114, Adv: 0.2184, OT-Reg: 0.000977) | OT inner objective: -0.0609 | Marginal residual row/col/max: 5.02e-05/1.58e-08/5.02e-05 | Train Acc: 0.4219 | Val Acc: 0.1750 | Val P/R/F1 (Macro): 0.3932/0.3892/0.2862 | LR: 0.000001
Epoch [89/100] | SVD update #89: pairs=465, sweeps=6, converged=True, rel_change=2.430e-04, effective_ranks=(317, 27), class_paired=True
Epoch [89/100] | Loss: 6.1602 (Cls: 6.1931, TAL: -0.3870, Adv: 0.1697, OT-Reg: 0.000952) | OT inner objective: -0.1104 | Marginal residual row/col/max: 2.01e-04/2.46e-08/2.01e-04 | Train Acc: 0.2723 | Val Acc: 0.2417 | Val P/R/F1 (Macro): 0.3772/0.3372/0.2603 | LR: 0.000001
Epoch [90/100] | SVD update #90: pairs=465, sweeps=8, converged=True, rel_change=4.858e-04, effective_ranks=(316, 25), class_paired=True
Epoch [90/100] | Loss: 6.2934 (Cls: 6.3023, TAL: -0.2326, Adv: 0.2371, OT-Reg: 0.000961) | OT inner objective: -0.1449 | Marginal residual row/col/max: 1.71e-04/2.22e-08/1.71e-04 | Train Acc: 0.2143 | Val Acc: 0.2667 | Val P/R/F1 (Macro): 0.2365/0.2799/0.2104 | LR: 0.000001
Epoch [91/100] | SVD update #91: pairs=465, sweeps=5, converged=True, rel_change=2.953e-04, effective_ranks=(317, 22), class_paired=True
Epoch [91/100] | Loss: 6.1258 (Cls: 6.1520, TAL: -0.3412, Adv: 0.1846, OT-Reg: 0.000873) | OT inner objective: -0.0632 | Marginal residual row/col/max: 6.10e-05/2.09e-08/6.10e-05 | Train Acc: 0.2612 | Val Acc: 0.1083 | Val P/R/F1 (Macro): 0.1962/0.2563/0.1413 | LR: 0.000001
Epoch [92/100] | SVD update #92: pairs=465, sweeps=8, converged=True, rel_change=1.337e-04, effective_ranks=(315, 21), class_paired=True
Epoch [92/100] | Loss: 5.3657 (Cls: 5.3640, TAL: -0.1077, Adv: 0.1833, OT-Reg: 0.000939) | OT inner objective: 0.0302 | Marginal residual row/col/max: 1.67e-04/2.49e-08/1.67e-04 | Train Acc: 0.2701 | Val Acc: 0.1083 | Val P/R/F1 (Macro): 0.0734/0.2010/0.0725 | LR: 0.000001
Epoch [93/100] | SVD update #93: pairs=465, sweeps=7, converged=True, rel_change=5.952e-04, effective_ranks=(316, 25), class_paired=True
Epoch [93/100] | Loss: 4.9625 (Cls: 4.9849, TAL: -0.3334, Adv: 0.2202, OT-Reg: 0.000914) | OT inner objective: -0.1454 | Marginal residual row/col/max: 3.00e-04/2.26e-08/3.00e-04 | Train Acc: 0.4330 | Val Acc: 0.1667 | Val P/R/F1 (Macro): 0.3024/0.3261/0.2423 | LR: 0.000001
Epoch [94/100] | SVD update #94: pairs=465, sweeps=10, converged=False, rel_change=5.410e-01, effective_ranks=(311, 22), class_paired=True
Epoch [94/100] | Loss: 4.7773 (Cls: 4.7985, TAL: -0.2664, Adv: 0.1344, OT-Reg: 0.000875) | OT inner objective: -0.1725 | Marginal residual row/col/max: 2.37e-04/2.01e-08/2.37e-04 | Train Acc: 0.4554 | Val Acc: 0.0833 | Val P/R/F1 (Macro): 0.1897/0.3406/0.2050 | LR: 0.000001
Epoch [95/100] | SVD update #95: pairs=465, sweeps=10, converged=False, rel_change=1.172e-03, effective_ranks=(313, 21), class_paired=True
Epoch [95/100] | Loss: 5.5164 (Cls: 5.4863, TAL: 0.0361, Adv: 0.3223, OT-Reg: 0.000887) | OT inner objective: -0.0182 | Marginal residual row/col/max: 2.05e-04/2.21e-08/2.05e-04 | Train Acc: 0.2143 | Val Acc: 0.1667 | Val P/R/F1 (Macro): 0.1862/0.2195/0.1242 | LR: 0.000001
Epoch [96/100] | SVD update #96: pairs=465, sweeps=10, converged=False, rel_change=4.534e-01, effective_ranks=(314, 21), class_paired=True
Epoch [96/100] | Loss: 5.0494 (Cls: 5.0506, TAL: -0.1053, Adv: 0.1418, OT-Reg: 0.000857) | OT inner objective: -0.1088 | Marginal residual row/col/max: 3.05e-04/2.04e-08/3.05e-04 | Train Acc: 0.3661 | Val Acc: 0.3750 | Val P/R/F1 (Macro): 0.3138/0.4047/0.3306 | LR: 0.000001
Epoch [97/100] | SVD update #97: pairs=465, sweeps=10, converged=False, rel_change=9.076e-03, effective_ranks=(315, 23), class_paired=True
Epoch [97/100] | Loss: 5.4959 (Cls: 5.4899, TAL: -0.0773, Adv: 0.1916, OT-Reg: 0.000904) | OT inner objective: -0.0235 | Marginal residual row/col/max: 8.12e-05/1.86e-08/8.12e-05 | Train Acc: 0.3304 | Val Acc: 0.2083 | Val P/R/F1 (Macro): 0.2362/0.2520/0.2040 | LR: 0.000001
Epoch [98/100] | SVD update #98: pairs=465, sweeps=10, converged=False, rel_change=9.617e-03, effective_ranks=(314, 27), class_paired=True
Epoch [98/100] | Loss: 4.9057 (Cls: 4.9344, TAL: -0.3440, Adv: 0.1566, OT-Reg: 0.000947) | OT inner objective: -0.1549 | Marginal residual row/col/max: 2.33e-04/1.98e-08/2.33e-04 | Train Acc: 0.4665 | Val Acc: 0.2167 | Val P/R/F1 (Macro): 0.3257/0.4863/0.2931 | LR: 0.000001
Epoch [99/100] | SVD update #99: pairs=465, sweeps=4, converged=True, rel_change=4.679e-04, effective_ranks=(317, 24), class_paired=True
Epoch [99/100] | Loss: 5.1152 (Cls: 5.1416, TAL: -0.3208, Adv: 0.1511, OT-Reg: 0.000918) | OT inner objective: -0.0873 | Marginal residual row/col/max: 2.29e-04/2.08e-08/2.29e-04 | Train Acc: 0.4598 | Val Acc: 0.1833 | Val P/R/F1 (Macro): 0.4399/0.4765/0.2728 | LR: 0.000001
Epoch [100/100] | SVD update #100: pairs=465, sweeps=4, converged=True, rel_change=6.880e-04, effective_ranks=(315, 26), class_paired=True
Epoch [100/100] | Loss: 4.8680 (Cls: 4.9061, TAL: -0.3974, Adv: 0.1199, OT-Reg: 0.000873) | OT inner objective: -0.1622 | Marginal residual row/col/max: 1.83e-04/1.78e-08/1.83e-04 | Train Acc: 0.4464 | Val Acc: 0.1917 | Val P/R/F1 (Macro): 0.2965/0.4724/0.2755 | LR: 0.000001
Report strategy: best, window=10, reported_acc=0.5333, best_acc=0.5333, selected_epoch=46

迭代 5 报告指标:
  Accuracy: 0.5333
  Precision (Macro): 0.6291
  Recall (Macro): 0.6656
  F1 (Macro): 0.5815
  Precision (Micro): 0.5333
  Recall (Micro): 0.5333
  F1 (Micro): 0.5333
  Val class coverage: 8/14 (0.5714), samples=120

================================================================================
5次迭代统计结果
================================================================================

accuracy:
  各迭代值: ['0.5083', '0.4833', '0.4583', '0.5500', '0.5333']
  均值 (Mean): 0.5067
  标准差 (Std): 0.0331

precision_macro:
  各迭代值: ['0.4686', '0.4144', '0.4266', '0.6374', '0.6291']
  均值 (Mean): 0.5152
  标准差 (Std): 0.0981

recall_macro:
  各迭代值: ['0.5097', '0.4754', '0.4821', '0.5148', '0.6656']
  均值 (Mean): 0.5295
  标准差 (Std): 0.0697

f1_macro:
  各迭代值: ['0.4534', '0.3972', '0.4036', '0.4757', '0.5815']
  均值 (Mean): 0.4623
  标准差 (Std): 0.0666

precision_micro:
  各迭代值: ['0.5083', '0.4833', '0.4583', '0.5500', '0.5333']
  均值 (Mean): 0.5067
  标准差 (Std): 0.0331

recall_micro:
  各迭代值: ['0.5083', '0.4833', '0.4583', '0.5500', '0.5333']
  均值 (Mean): 0.5067
  标准差 (Std): 0.0331

f1_micro:
  各迭代值: ['0.5083', '0.4833', '0.4583', '0.5500', '0.5333']
  均值 (Mean): 0.5067
  标准差 (Std): 0.0331

val_class_coverage:
  各迭代值: ['0.5714', '0.5714', '0.5714', '0.5714', '0.5714']
  均值 (Mean): 0.5714
  标准差 (Std): 0.0000

val_present_classes:
  各迭代值: ['8.0000', '8.0000', '8.0000', '8.0000', '8.0000']
  均值 (Mean): 8.0000
  标准差 (Std): 0.0000

val_total_classes:
  各迭代值: ['14.0000', '14.0000', '14.0000', '14.0000', '14.0000']
  均值 (Mean): 14.0000
  标准差 (Std): 0.0000

val_samples:
  各迭代值: ['120.0000', '120.0000', '120.0000', '120.0000', '120.0000']
  均值 (Mean): 120.0000
  标准差 (Std): 0.0000

训练结束时间: 2026-10-02 10:42:38
================================================================================
