================================================================================
模块消融实验 - with_tensor_with_ot
目标域天气: 雨天
训练开始时间: 2026-09-30 17:18:31
设备: cuda
源域: /mnt/data/lixiang/data/Data/晴天
目标域: /mnt/data/lixiang/data/Data/雨天
批次大小: 32
总轮数: 100
迭代次数: 5
使用Tensor模块: 是
使用OT模块: 是
特征融合方式: Tensor对齐
域对齐方式: 最优传输
目标标签比例/权重: 1.0/1.0
Tensor/Adv损失权重: 0.12/0.08
Tensor投影维度/更新: 16/每epoch一次; SVD统计批次=32
学习率: feature=5e-06, other=0.0002, weight_decay=0.0005
报告策略: best, 窗口: 10
================================================================================

================================================================================
迭代 1/5
随机种子: 42
================================================================================
Training mode: full target-label supervision (class-paired batches).
Feature fusion: Tensor alignment (512+512 -> 16+16); fused_dim=32
Domain adaptation: Neural OT generator with 3-domain discriminator
Loss weights: tensor=0.12, adv=0.08
Transport: mode=sinkhorn, epsilon=0.1, Sinkhorn iterations=50, correction scale=0.1, correction regularization weight=0.001
Tensor projection update: once per epoch from the complete target-training pairing bank; projection_dim=16, max_sweeps=10, relative singular-value tolerance=0.001
Epoch [1/100] | SVD update #1: pairs=96, sweeps=7, converged=True, rel_change=8.549e-04, effective_ranks=(95, 90), class_paired=True
Epoch [1/100] | Loss: 7.2965 (Cls: 7.2906, TAL: -0.1402, Adv: 0.2842, OT-Reg: 0.001505) | OT inner objective: 0.2968 | Marginal residual row/col/max: 1.86e-08/3.85e-08/3.85e-08 | Train Acc: 0.2083 | Val Acc: 0.3077 | Val P/R/F1 (Macro): 0.2105/0.2667/0.1944 | LR: 0.000005
  >>> New Best Val Acc: 0.3077
Epoch [2/100] | SVD update #2: pairs=96, sweeps=10, converged=False, rel_change=2.658e-02, effective_ranks=(95, 87), class_paired=True
Epoch [2/100] | Loss: 8.6322 (Cls: 8.6112, TAL: 0.0012, Adv: 0.2600, OT-Reg: 0.001805) | OT inner objective: 0.2575 | Marginal residual row/col/max: 9.93e-09/1.49e-08/1.49e-08 | Train Acc: 0.0938 | Val Acc: 0.1538 | Val P/R/F1 (Macro): 0.0317/0.1333/0.0513 | LR: 0.000005
Epoch [3/100] | SVD update #3: pairs=96, sweeps=3, converged=True, rel_change=4.976e-04, effective_ranks=(95, 81), class_paired=True
Epoch [3/100] | Loss: 7.0956 (Cls: 7.0925, TAL: -0.1129, Adv: 0.2078, OT-Reg: 0.001677) | OT inner objective: 0.2819 | Marginal residual row/col/max: 1.12e-08/3.35e-08/3.35e-08 | Train Acc: 0.1667 | Val Acc: 0.1154 | Val P/R/F1 (Macro): 0.1812/0.2000/0.0822 | LR: 0.000005
Epoch [4/100] | SVD update #4: pairs=96, sweeps=5, converged=True, rel_change=7.651e-04, effective_ranks=(95, 82), class_paired=True
Epoch [4/100] | Loss: 7.1041 (Cls: 7.0805, TAL: 0.0168, Adv: 0.2701, OT-Reg: 0.001585) | OT inner objective: 0.2543 | Marginal residual row/col/max: 1.24e-08/1.61e-08/1.61e-08 | Train Acc: 0.1146 | Val Acc: 0.1923 | Val P/R/F1 (Macro): 0.0931/0.1917/0.1222 | LR: 0.000005
Epoch [5/100] | SVD update #5: pairs=96, sweeps=6, converged=True, rel_change=3.370e-04, effective_ranks=(95, 65), class_paired=True
Epoch [5/100] | Loss: 6.7098 (Cls: 6.6823, TAL: 0.0230, Adv: 0.3088, OT-Reg: 0.001647) | OT inner objective: 0.1913 | Marginal residual row/col/max: 1.37e-08/1.92e-08/2.05e-08 | Train Acc: 0.2500 | Val Acc: 0.0769 | Val P/R/F1 (Macro): 0.0145/0.0667/0.0238 | LR: 0.000005
Epoch [6/100] | SVD update #6: pairs=96, sweeps=10, converged=False, rel_change=8.710e-03, effective_ranks=(95, 69), class_paired=True
Epoch [6/100] | Loss: 7.2747 (Cls: 7.2523, TAL: -0.0328, Adv: 0.3295, OT-Reg: 0.001686) | OT inner objective: 0.0715 | Marginal residual row/col/max: 3.35e-08/1.49e-08/3.73e-08 | Train Acc: 0.2917 | Val Acc: 0.2692 | Val P/R/F1 (Macro): 0.4028/0.3083/0.3179 | LR: 0.000005
Epoch [7/100] | SVD update #7: pairs=96, sweeps=10, converged=False, rel_change=7.101e-02, effective_ranks=(95, 40), class_paired=True
Epoch [7/100] | Loss: 7.7549 (Cls: 7.7415, TAL: -0.1051, Adv: 0.3257, OT-Reg: 0.001542) | OT inner objective: 0.1875 | Marginal residual row/col/max: 1.99e-08/3.29e-08/3.29e-08 | Train Acc: 0.0833 | Val Acc: 0.1538 | Val P/R/F1 (Macro): 0.0690/0.1833/0.1003 | LR: 0.000005
Epoch [8/100] | SVD update #8: pairs=96, sweeps=7, converged=True, rel_change=2.306e-04, effective_ranks=(95, 37), class_paired=True
Epoch [8/100] | Loss: 7.2352 (Cls: 7.2230, TAL: -0.0660, Adv: 0.2512, OT-Reg: 0.001621) | OT inner objective: 0.2551 | Marginal residual row/col/max: 1.24e-08/2.92e-08/2.92e-08 | Train Acc: 0.0938 | Val Acc: 0.1154 | Val P/R/F1 (Macro): 0.0833/0.1000/0.0909 | LR: 0.000005
Epoch [9/100] | SVD update #9: pairs=96, sweeps=9, converged=True, rel_change=7.358e-04, effective_ranks=(95, 39), class_paired=True
Epoch [9/100] | Loss: 6.8773 (Cls: 6.8748, TAL: -0.2233, Adv: 0.3653, OT-Reg: 0.001641) | OT inner objective: 0.2122 | Marginal residual row/col/max: 1.61e-08/2.61e-08/2.61e-08 | Train Acc: 0.1562 | Val Acc: 0.3077 | Val P/R/F1 (Macro): 0.1303/0.1917/0.1528 | LR: 0.000005
Epoch [10/100] | SVD update #10: pairs=96, sweeps=10, converged=False, rel_change=2.436e-01, effective_ranks=(95, 36), class_paired=True
Epoch [10/100] | Loss: 7.0742 (Cls: 7.0822, TAL: -0.2454, Adv: 0.2679, OT-Reg: 0.001385) | OT inner objective: 0.1970 | Marginal residual row/col/max: 2.11e-08/3.85e-08/3.85e-08 | Train Acc: 0.1875 | Val Acc: 0.3462 | Val P/R/F1 (Macro): 0.1815/0.2875/0.2171 | LR: 0.000005
  >>> New Best Val Acc: 0.3462
Epoch [11/100] | SVD update #11: pairs=96, sweeps=6, converged=True, rel_change=3.790e-04, effective_ranks=(95, 36), class_paired=True
Epoch [11/100] | Loss: 7.2499 (Cls: 7.2515, TAL: -0.1416, Adv: 0.1919, OT-Reg: 0.001615) | OT inner objective: 0.2208 | Marginal residual row/col/max: 1.06e-08/2.11e-08/2.11e-08 | Train Acc: 0.1771 | Val Acc: 0.0769 | Val P/R/F1 (Macro): 0.0426/0.1667/0.0643 | LR: 0.000005
Epoch [12/100] | SVD update #12: pairs=96, sweeps=8, converged=True, rel_change=3.001e-04, effective_ranks=(95, 30), class_paired=True
Epoch [12/100] | Loss: 7.0011 (Cls: 6.9811, TAL: 0.0181, Adv: 0.2227, OT-Reg: 0.001471) | OT inner objective: 0.1213 | Marginal residual row/col/max: 3.22e-07/1.43e-08/3.22e-07 | Train Acc: 0.1250 | Val Acc: 0.1923 | Val P/R/F1 (Macro): 0.3034/0.2750/0.2648 | LR: 0.000005
Epoch [13/100] | SVD update #13: pairs=96, sweeps=10, converged=False, rel_change=6.821e-01, effective_ranks=(95, 30), class_paired=True
Epoch [13/100] | Loss: 7.0041 (Cls: 6.9644, TAL: 0.2070, Adv: 0.1865, OT-Reg: 0.001522) | OT inner objective: 0.2615 | Marginal residual row/col/max: 1.37e-08/3.79e-08/3.79e-08 | Train Acc: 0.1562 | Val Acc: 0.1923 | Val P/R/F1 (Macro): 0.1042/0.2292/0.1365 | LR: 0.000005
Epoch [14/100] | SVD update #14: pairs=96, sweeps=10, converged=False, rel_change=4.151e-02, effective_ranks=(95, 33), class_paired=True
Epoch [14/100] | Loss: 7.0537 (Cls: 7.0364, TAL: -0.0353, Adv: 0.2690, OT-Reg: 0.001422) | OT inner objective: 0.3093 | Marginal residual row/col/max: 1.99e-08/4.10e-08/4.10e-08 | Train Acc: 0.1458 | Val Acc: 0.1538 | Val P/R/F1 (Macro): 0.1405/0.1917/0.1581 | LR: 0.000005
Epoch [15/100] | SVD update #15: pairs=96, sweeps=10, converged=False, rel_change=6.520e-01, effective_ranks=(95, 40), class_paired=True
Epoch [15/100] | Loss: 7.3970 (Cls: 7.4005, TAL: -0.2085, Adv: 0.2690, OT-Reg: 0.001418) | OT inner objective: -0.0594 | Marginal residual row/col/max: 2.07e-04/2.73e-08/2.07e-04 | Train Acc: 0.1146 | Val Acc: 0.3462 | Val P/R/F1 (Macro): 0.4278/0.4125/0.3444 | LR: 0.000005
Epoch [16/100] | SVD update #16: pairs=96, sweeps=10, converged=False, rel_change=3.792e-02, effective_ranks=(95, 27), class_paired=True
Epoch [16/100] | Loss: 6.8936 (Cls: 6.8882, TAL: -0.0942, Adv: 0.2081, OT-Reg: 0.001224) | OT inner objective: 0.2979 | Marginal residual row/col/max: 1.37e-08/4.16e-08/4.16e-08 | Train Acc: 0.1562 | Val Acc: 0.3462 | Val P/R/F1 (Macro): 0.2407/0.2500/0.2137 | LR: 0.000005
Epoch [17/100] | SVD update #17: pairs=96, sweeps=10, converged=False, rel_change=2.429e-01, effective_ranks=(95, 31), class_paired=True
Epoch [17/100] | Loss: 7.2684 (Cls: 7.2448, TAL: 0.0512, Adv: 0.2181, OT-Reg: 0.001487) | OT inner objective: 0.1576 | Marginal residual row/col/max: 1.73e-04/1.49e-08/1.73e-04 | Train Acc: 0.3021 | Val Acc: 0.1923 | Val P/R/F1 (Macro): 0.0863/0.2667/0.1186 | LR: 0.000005
Epoch [18/100] | SVD update #18: pairs=96, sweeps=10, converged=False, rel_change=6.613e-03, effective_ranks=(95, 27), class_paired=True
Epoch [18/100] | Loss: 7.0927 (Cls: 7.0881, TAL: -0.0899, Adv: 0.1933, OT-Reg: 0.001665) | OT inner objective: 0.1521 | Marginal residual row/col/max: 1.14e-05/1.99e-08/1.14e-05 | Train Acc: 0.1042 | Val Acc: 0.1154 | Val P/R/F1 (Macro): 0.0227/0.1250/0.0385 | LR: 0.000005
Epoch [19/100] | SVD update #19: pairs=96, sweeps=10, converged=False, rel_change=1.892e-01, effective_ranks=(95, 24), class_paired=True
Epoch [19/100] | Loss: 6.9583 (Cls: 6.9392, TAL: 0.0341, Adv: 0.1871, OT-Reg: 0.001333) | OT inner objective: -0.0520 | Marginal residual row/col/max: 3.68e-04/2.79e-08/3.68e-04 | Train Acc: 0.1562 | Val Acc: 0.0769 | Val P/R/F1 (Macro): 0.0667/0.0667/0.0667 | LR: 0.000005
Epoch [20/100] | SVD update #20: pairs=96, sweeps=10, converged=False, rel_change=3.025e-03, effective_ranks=(95, 19), class_paired=True
Epoch [20/100] | Loss: 6.8917 (Cls: 6.8741, TAL: 0.0018, Adv: 0.2180, OT-Reg: 0.001146) | OT inner objective: 0.1968 | Marginal residual row/col/max: 1.66e-04/2.61e-08/1.66e-04 | Train Acc: 0.1979 | Val Acc: 0.0769 | Val P/R/F1 (Macro): 0.0833/0.0667/0.0741 | LR: 0.000005
Epoch [21/100] | SVD update #21: pairs=96, sweeps=10, converged=False, rel_change=1.711e-02, effective_ranks=(95, 23), class_paired=True
Epoch [21/100] | Loss: 6.8811 (Cls: 6.8807, TAL: -0.1341, Adv: 0.2055, OT-Reg: 0.001602) | OT inner objective: 0.1733 | Marginal residual row/col/max: 1.55e-08/2.30e-08/2.42e-08 | Train Acc: 0.1146 | Val Acc: 0.3462 | Val P/R/F1 (Macro): 0.1035/0.2500/0.1464 | LR: 0.000003
Epoch [22/100] | SVD update #22: pairs=96, sweeps=10, converged=False, rel_change=3.572e-02, effective_ranks=(95, 20), class_paired=True
Epoch [22/100] | Loss: 6.5739 (Cls: 6.5504, TAL: 0.0805, Adv: 0.1724, OT-Reg: 0.001615) | OT inner objective: 0.0908 | Marginal residual row/col/max: 8.49e-07/1.37e-08/8.52e-07 | Train Acc: 0.2812 | Val Acc: 0.3077 | Val P/R/F1 (Macro): 0.0833/0.1667/0.1111 | LR: 0.000003
Epoch [23/100] | SVD update #23: pairs=96, sweeps=10, converged=False, rel_change=3.355e-02, effective_ranks=(95, 22), class_paired=True
Epoch [23/100] | Loss: 6.6778 (Cls: 6.6797, TAL: -0.1557, Adv: 0.2096, OT-Reg: 0.001594) | OT inner objective: 0.1770 | Marginal residual row/col/max: 9.93e-09/2.67e-08/2.67e-08 | Train Acc: 0.1562 | Val Acc: 0.1538 | Val P/R/F1 (Macro): 0.0303/0.1667/0.0513 | LR: 0.000003
Epoch [24/100] | SVD update #24: pairs=96, sweeps=10, converged=False, rel_change=6.459e-01, effective_ranks=(95, 20), class_paired=True
Epoch [24/100] | Loss: 6.3627 (Cls: 6.3109, TAL: 0.2863, Adv: 0.2171, OT-Reg: 0.001700) | OT inner objective: 0.2208 | Marginal residual row/col/max: 9.93e-09/1.06e-08/1.12e-08 | Train Acc: 0.1771 | Val Acc: 0.3077 | Val P/R/F1 (Macro): 0.6970/0.3375/0.3105 | LR: 0.000003
Epoch [25/100] | SVD update #25: pairs=96, sweeps=10, converged=False, rel_change=3.141e-01, effective_ranks=(94, 25), class_paired=True
Epoch [25/100] | Loss: 6.9006 (Cls: 6.8695, TAL: 0.1281, Adv: 0.1958, OT-Reg: 0.001620) | OT inner objective: 0.1961 | Marginal residual row/col/max: 1.18e-08/1.49e-08/1.49e-08 | Train Acc: 0.1771 | Val Acc: 0.1538 | Val P/R/F1 (Macro): 0.0625/0.1500/0.0873 | LR: 0.000003
Epoch [26/100] | SVD update #26: pairs=96, sweeps=10, converged=False, rel_change=4.126e-01, effective_ranks=(95, 27), class_paired=True
Epoch [26/100] | Loss: 6.6067 (Cls: 6.6011, TAL: -0.0559, Adv: 0.1544, OT-Reg: 0.001633) | OT inner objective: 0.1395 | Marginal residual row/col/max: 5.38e-06/2.24e-08/5.39e-06 | Train Acc: 0.1354 | Val Acc: 0.0385 | Val P/R/F1 (Macro): 0.0139/0.0333/0.0196 | LR: 0.000003
Epoch [27/100] | SVD update #27: pairs=96, sweeps=10, converged=False, rel_change=7.064e-03, effective_ranks=(95, 21), class_paired=True
Epoch [27/100] | Loss: 6.5935 (Cls: 6.5781, TAL: -0.0108, Adv: 0.2089, OT-Reg: 0.001641) | OT inner objective: 0.1919 | Marginal residual row/col/max: 3.66e-08/2.24e-08/4.35e-08 | Train Acc: 0.1458 | Val Acc: 0.0385 | Val P/R/F1 (Macro): 0.0119/0.0417/0.0185 | LR: 0.000003
Epoch [28/100] | SVD update #28: pairs=96, sweeps=9, converged=True, rel_change=7.580e-04, effective_ranks=(95, 23), class_paired=True
Epoch [28/100] | Loss: 6.3469 (Cls: 6.3385, TAL: -0.0616, Adv: 0.1972, OT-Reg: 0.001488) | OT inner objective: -0.0040 | Marginal residual row/col/max: 4.07e-06/1.99e-08/4.07e-06 | Train Acc: 0.1458 | Val Acc: 0.1154 | Val P/R/F1 (Macro): 0.0972/0.2500/0.1389 | LR: 0.000003
Epoch [29/100] | SVD update #29: pairs=96, sweeps=10, converged=False, rel_change=1.140e-01, effective_ranks=(95, 22), class_paired=True
Epoch [29/100] | Loss: 7.0180 (Cls: 7.0152, TAL: -0.1176, Adv: 0.2116, OT-Reg: 0.001243) | OT inner objective: -0.0304 | Marginal residual row/col/max: 6.71e-05/3.41e-08/6.71e-05 | Train Acc: 0.2188 | Val Acc: 0.3462 | Val P/R/F1 (Macro): 0.2746/0.2875/0.2500 | LR: 0.000003
Epoch [30/100] | SVD update #30: pairs=96, sweeps=10, converged=False, rel_change=3.408e-02, effective_ranks=(95, 21), class_paired=True
Epoch [30/100] | Loss: 6.7113 (Cls: 6.6856, TAL: 0.0658, Adv: 0.2225, OT-Reg: 0.001427) | OT inner objective: 0.2104 | Marginal residual row/col/max: 1.74e-08/2.98e-08/2.98e-08 | Train Acc: 0.1979 | Val Acc: 0.0385 | Val P/R/F1 (Macro): 0.0185/0.0208/0.0196 | LR: 0.000003
Epoch [31/100] | SVD update #31: pairs=96, sweeps=10, converged=False, rel_change=2.026e-01, effective_ranks=(95, 22), class_paired=True
Epoch [31/100] | Loss: 6.2540 (Cls: 6.2288, TAL: 0.0934, Adv: 0.1752, OT-Reg: 0.001346) | OT inner objective: 0.2028 | Marginal residual row/col/max: 1.12e-08/4.35e-08/4.35e-08 | Train Acc: 0.1354 | Val Acc: 0.1154 | Val P/R/F1 (Macro): 0.2500/0.1250/0.1667 | LR: 0.000003
Epoch [32/100] | SVD update #32: pairs=96, sweeps=10, converged=False, rel_change=2.843e-02, effective_ranks=(95, 19), class_paired=True
Epoch [32/100] | Loss: 6.5471 (Cls: 6.5410, TAL: -0.0891, Adv: 0.2096, OT-Reg: 0.001298) | OT inner objective: 0.0267 | Marginal residual row/col/max: 6.00e-06/1.18e-08/6.00e-06 | Train Acc: 0.1250 | Val Acc: 0.0769 | Val P/R/F1 (Macro): 0.0208/0.1667/0.0370 | LR: 0.000001
Epoch [33/100] | SVD update #33: pairs=96, sweeps=10, converged=False, rel_change=6.733e-03, effective_ranks=(95, 21), class_paired=True
Epoch [33/100] | Loss: 6.3083 (Cls: 6.2764, TAL: 0.1653, Adv: 0.1519, OT-Reg: 0.001453) | OT inner objective: 0.0023 | Marginal residual row/col/max: 2.60e-04/2.55e-08/2.60e-04 | Train Acc: 0.2708 | Val Acc: 0.1538 | Val P/R/F1 (Macro): 0.1230/0.2333/0.1366 | LR: 0.000001
Epoch [34/100] | SVD update #34: pairs=96, sweeps=8, converged=True, rel_change=5.640e-04, effective_ranks=(95, 19), class_paired=True
Epoch [34/100] | Loss: 6.4217 (Cls: 6.4320, TAL: -0.1999, Adv: 0.1715, OT-Reg: 0.001306) | OT inner objective: 0.0656 | Marginal residual row/col/max: 1.08e-05/1.49e-08/1.08e-05 | Train Acc: 0.1771 | Val Acc: 0.0000 | Val P/R/F1 (Macro): 0.0000/0.0000/0.0000 | LR: 0.000001
Epoch [35/100] | SVD update #35: pairs=96, sweeps=10, converged=False, rel_change=2.086e-03, effective_ranks=(95, 20), class_paired=True
Epoch [35/100] | Loss: 6.2131 (Cls: 6.2014, TAL: -0.0311, Adv: 0.1925, OT-Reg: 0.001606) | OT inner objective: 0.1133 | Marginal residual row/col/max: 2.94e-07/1.18e-08/2.94e-07 | Train Acc: 0.2292 | Val Acc: 0.2308 | Val P/R/F1 (Macro): 0.1429/0.1250/0.1333 | LR: 0.000001
Epoch [36/100] | SVD update #36: pairs=96, sweeps=6, converged=True, rel_change=4.325e-04, effective_ranks=(95, 22), class_paired=True
Epoch [36/100] | Loss: 6.9809 (Cls: 6.9313, TAL: 0.2707, Adv: 0.2148, OT-Reg: 0.001674) | OT inner objective: 0.2282 | Marginal residual row/col/max: 9.31e-09/1.06e-08/1.12e-08 | Train Acc: 0.2396 | Val Acc: 0.0385 | Val P/R/F1 (Macro): 0.0333/0.0833/0.0476 | LR: 0.000001
Epoch [37/100] | SVD update #37: pairs=96, sweeps=10, converged=False, rel_change=1.219e-01, effective_ranks=(95, 20), class_paired=True
Epoch [37/100] | Loss: 6.3727 (Cls: 6.3414, TAL: 0.1375, Adv: 0.1860, OT-Reg: 0.001650) | OT inner objective: 0.0510 | Marginal residual row/col/max: 1.57e-05/1.37e-08/1.57e-05 | Train Acc: 0.2292 | Val Acc: 0.1923 | Val P/R/F1 (Macro): 0.0379/0.1667/0.0617 | LR: 0.000001
Epoch [38/100] | SVD update #38: pairs=96, sweeps=10, converged=False, rel_change=2.280e-02, effective_ranks=(95, 19), class_paired=True
Epoch [38/100] | Loss: 6.6120 (Cls: 6.6042, TAL: -0.0454, Adv: 0.1655, OT-Reg: 0.001576) | OT inner objective: 0.0459 | Marginal residual row/col/max: 7.48e-05/1.68e-08/7.48e-05 | Train Acc: 0.1042 | Val Acc: 0.2308 | Val P/R/F1 (Macro): 0.0939/0.3000/0.1389 | LR: 0.000001
Epoch [39/100] | SVD update #39: pairs=96, sweeps=9, converged=True, rel_change=3.597e-04, effective_ranks=(95, 20), class_paired=True
Epoch [39/100] | Loss: 6.7406 (Cls: 6.7008, TAL: 0.1907, Adv: 0.2114, OT-Reg: 0.001577) | OT inner objective: 0.1140 | Marginal residual row/col/max: 1.01e-04/1.43e-08/1.01e-04 | Train Acc: 0.2500 | Val Acc: 0.1923 | Val P/R/F1 (Macro): 0.1778/0.1667/0.1307 | LR: 0.000001
Epoch [40/100] | SVD update #40: pairs=96, sweeps=8, converged=True, rel_change=8.943e-04, effective_ranks=(95, 20), class_paired=True
Epoch [40/100] | Loss: 6.5953 (Cls: 6.6079, TAL: -0.2401, Adv: 0.2020, OT-Reg: 0.001293) | OT inner objective: 0.0959 | Marginal residual row/col/max: 2.45e-04/1.43e-08/2.45e-04 | Train Acc: 0.1667 | Val Acc: 0.3846 | Val P/R/F1 (Macro): 0.3463/0.4167/0.3473 | LR: 0.000001
  >>> New Best Val Acc: 0.3846
Epoch [41/100] | SVD update #41: pairs=96, sweeps=10, converged=False, rel_change=2.397e-03, effective_ranks=(95, 22), class_paired=True
Epoch [41/100] | Loss: 6.5905 (Cls: 6.5515, TAL: 0.2167, Adv: 0.1629, OT-Reg: 0.001512) | OT inner objective: 0.1579 | Marginal residual row/col/max: 9.54e-07/2.17e-08/9.60e-07 | Train Acc: 0.2500 | Val Acc: 0.0769 | Val P/R/F1 (Macro): 0.1875/0.1042/0.0704 | LR: 0.000001
Epoch [42/100] | SVD update #42: pairs=96, sweeps=10, converged=False, rel_change=6.244e-01, effective_ranks=(95, 20), class_paired=True
Epoch [42/100] | Loss: 6.6795 (Cls: 6.6400, TAL: 0.2300, Adv: 0.1488, OT-Reg: 0.001496) | OT inner objective: 0.0640 | Marginal residual row/col/max: 1.39e-07/1.18e-08/1.39e-07 | Train Acc: 0.1354 | Val Acc: 0.1154 | Val P/R/F1 (Macro): 0.0455/0.0625/0.0526 | LR: 0.000001
Epoch [43/100] | SVD update #43: pairs=96, sweeps=10, converged=False, rel_change=2.789e-01, effective_ranks=(95, 24), class_paired=True
Epoch [43/100] | Loss: 6.9281 (Cls: 6.9022, TAL: 0.1142, Adv: 0.1530, OT-Reg: 0.001444) | OT inner objective: 0.0963 | Marginal residual row/col/max: 3.03e-07/3.85e-08/3.03e-07 | Train Acc: 0.1979 | Val Acc: 0.0385 | Val P/R/F1 (Macro): 0.0833/0.0208/0.0333 | LR: 0.000001
Epoch [44/100] | SVD update #44: pairs=96, sweeps=10, converged=False, rel_change=1.155e-03, effective_ranks=(94, 24), class_paired=True
Epoch [44/100] | Loss: 7.1290 (Cls: 7.1039, TAL: 0.1151, Adv: 0.1412, OT-Reg: 0.001480) | OT inner objective: 0.2252 | Marginal residual row/col/max: 1.12e-08/3.91e-08/3.91e-08 | Train Acc: 0.2396 | Val Acc: 0.1154 | Val P/R/F1 (Macro): 0.1239/0.1250/0.0828 | LR: 0.000001
Epoch [45/100] | SVD update #45: pairs=96, sweeps=10, converged=False, rel_change=1.069e-01, effective_ranks=(95, 22), class_paired=True
Epoch [45/100] | Loss: 7.2588 (Cls: 7.2429, TAL: 0.0301, Adv: 0.1537, OT-Reg: 0.001780) | OT inner objective: 0.2471 | Marginal residual row/col/max: 1.37e-08/1.37e-08/1.49e-08 | Train Acc: 0.0625 | Val Acc: 0.1923 | Val P/R/F1 (Macro): 0.0952/0.1292/0.1018 | LR: 0.000001
Epoch [46/100] | SVD update #46: pairs=96, sweeps=10, converged=False, rel_change=1.364e-01, effective_ranks=(95, 21), class_paired=True
Epoch [46/100] | Loss: 7.3613 (Cls: 7.3581, TAL: -0.0729, Adv: 0.1496, OT-Reg: 0.001578) | OT inner objective: 0.1990 | Marginal residual row/col/max: 9.31e-09/2.48e-08/2.48e-08 | Train Acc: 0.1354 | Val Acc: 0.3077 | Val P/R/F1 (Macro): 0.0741/0.1667/0.1026 | LR: 0.000001
Epoch [47/100] | SVD update #47: pairs=96, sweeps=10, converged=False, rel_change=7.712e-03, effective_ranks=(95, 23), class_paired=True
Epoch [47/100] | Loss: 7.0549 (Cls: 7.0528, TAL: -0.1085, Adv: 0.1887, OT-Reg: 0.001417) | OT inner objective: 0.1143 | Marginal residual row/col/max: 2.53e-05/2.98e-08/2.53e-05 | Train Acc: 0.1042 | Val Acc: 0.2308 | Val P/R/F1 (Macro): 0.0588/0.1250/0.0800 | LR: 0.000001
Epoch [48/100] | SVD update #48: pairs=96, sweeps=10, converged=False, rel_change=4.310e-03, effective_ranks=(95, 19), class_paired=True
Epoch [48/100] | Loss: 6.9662 (Cls: 6.9734, TAL: -0.1485, Adv: 0.1328, OT-Reg: 0.001634) | OT inner objective: 0.1283 | Marginal residual row/col/max: 2.27e-05/3.29e-08/2.28e-05 | Train Acc: 0.1667 | Val Acc: 0.1923 | Val P/R/F1 (Macro): 0.1310/0.1542/0.1035 | LR: 0.000001
Epoch [49/100] | SVD update #49: pairs=96, sweeps=10, converged=False, rel_change=4.779e-03, effective_ranks=(95, 21), class_paired=True
Epoch [49/100] | Loss: 6.8362 (Cls: 6.8365, TAL: -0.1127, Adv: 0.1651, OT-Reg: 0.001488) | OT inner objective: 0.0266 | Marginal residual row/col/max: 7.00e-05/1.74e-08/7.00e-05 | Train Acc: 0.1667 | Val Acc: 0.1154 | Val P/R/F1 (Macro): 0.0764/0.1500/0.0939 | LR: 0.000001
Epoch [50/100] | SVD update #50: pairs=96, sweeps=10, converged=False, rel_change=2.517e-01, effective_ranks=(95, 21), class_paired=True
Epoch [50/100] | Loss: 7.0430 (Cls: 7.0456, TAL: -0.1091, Adv: 0.1315, OT-Reg: 0.001563) | OT inner objective: 0.0612 | Marginal residual row/col/max: 3.35e-06/1.61e-08/3.36e-06 | Train Acc: 0.1458 | Val Acc: 0.1154 | Val P/R/F1 (Macro): 0.1009/0.1875/0.0651 | LR: 0.000001
Epoch [51/100] | SVD update #51: pairs=96, sweeps=10, converged=False, rel_change=1.031e-02, effective_ranks=(95, 23), class_paired=True
Epoch [51/100] | Loss: 6.8809 (Cls: 6.8451, TAL: 0.1712, Adv: 0.1899, OT-Reg: 0.001713) | OT inner objective: 0.1430 | Marginal residual row/col/max: 7.51e-08/2.67e-08/7.57e-08 | Train Acc: 0.1771 | Val Acc: 0.3077 | Val P/R/F1 (Macro): 0.1831/0.2708/0.1758 | LR: 0.000001
Epoch [52/100] | SVD update #52: pairs=96, sweeps=10, converged=False, rel_change=1.335e-01, effective_ranks=(95, 19), class_paired=True
Epoch [52/100] | Loss: 7.0936 (Cls: 7.0915, TAL: -0.0833, Adv: 0.1511, OT-Reg: 0.001421) | OT inner objective: 0.2211 | Marginal residual row/col/max: 8.69e-09/1.12e-08/1.12e-08 | Train Acc: 0.1146 | Val Acc: 0.1154 | Val P/R/F1 (Macro): 0.0875/0.0875/0.0792 | LR: 0.000001
Epoch [53/100] | SVD update #53: pairs=96, sweeps=10, converged=False, rel_change=5.245e-01, effective_ranks=(95, 26), class_paired=True
Epoch [53/100] | Loss: 6.6176 (Cls: 6.6068, TAL: -0.0016, Adv: 0.1372, OT-Reg: 0.001600) | OT inner objective: 0.1871 | Marginal residual row/col/max: 1.12e-08/1.37e-08/1.43e-08 | Train Acc: 0.1458 | Val Acc: 0.2308 | Val P/R/F1 (Macro): 0.3704/0.2000/0.2179 | LR: 0.000001
Epoch [54/100] | SVD update #54: pairs=96, sweeps=10, converged=False, rel_change=5.150e-02, effective_ranks=(95, 19), class_paired=True
Epoch [54/100] | Loss: 6.5693 (Cls: 6.5684, TAL: -0.1104, Adv: 0.1764, OT-Reg: 0.001470) | OT inner objective: 0.1910 | Marginal residual row/col/max: 9.31e-09/1.61e-08/1.61e-08 | Train Acc: 0.1875 | Val Acc: 0.0769 | Val P/R/F1 (Macro): 0.0331/0.0667/0.0423 | LR: 0.000001
Epoch [55/100] | SVD update #55: pairs=96, sweeps=10, converged=False, rel_change=1.727e-02, effective_ranks=(95, 20), class_paired=True
Epoch [55/100] | Loss: 6.9433 (Cls: 6.9283, TAL: 0.0289, Adv: 0.1438, OT-Reg: 0.001579) | OT inner objective: 0.1590 | Marginal residual row/col/max: 1.06e-08/1.06e-08/1.18e-08 | Train Acc: 0.0729 | Val Acc: 0.1154 | Val P/R/F1 (Macro): 0.0931/0.0750/0.0707 | LR: 0.000001
Epoch [56/100] | SVD update #56: pairs=96, sweeps=10, converged=False, rel_change=1.028e-01, effective_ranks=(95, 23), class_paired=True
Epoch [56/100] | Loss: 7.1778 (Cls: 7.1316, TAL: 0.2688, Adv: 0.1745, OT-Reg: 0.001746) | OT inner objective: 0.2404 | Marginal residual row/col/max: 8.69e-09/1.92e-08/1.99e-08 | Train Acc: 0.1875 | Val Acc: 0.1923 | Val P/R/F1 (Macro): 0.1190/0.1042/0.1111 | LR: 0.000001
Epoch [57/100] | SVD update #57: pairs=96, sweeps=10, converged=False, rel_change=3.170e-01, effective_ranks=(95, 21), class_paired=True
Epoch [57/100] | Loss: 7.1327 (Cls: 7.1004, TAL: 0.1747, Adv: 0.1421, OT-Reg: 0.001663) | OT inner objective: 0.2142 | Marginal residual row/col/max: 1.35e-06/2.05e-08/1.36e-06 | Train Acc: 0.2917 | Val Acc: 0.1538 | Val P/R/F1 (Macro): 0.1759/0.1458/0.1076 | LR: 0.000001
Epoch [58/100] | SVD update #58: pairs=96, sweeps=8, converged=True, rel_change=5.323e-04, effective_ranks=(95, 18), class_paired=True
Epoch [58/100] | Loss: 7.2879 (Cls: 7.2674, TAL: 0.0740, Adv: 0.1458, OT-Reg: 0.001729) | OT inner objective: 0.1432 | Marginal residual row/col/max: 1.61e-08/1.24e-08/1.61e-08 | Train Acc: 0.1667 | Val Acc: 0.0385 | Val P/R/F1 (Macro): 0.0185/0.0833/0.0303 | LR: 0.000001
Epoch [59/100] | SVD update #59: pairs=96, sweeps=10, converged=False, rel_change=1.170e-01, effective_ranks=(95, 22), class_paired=True
Epoch [59/100] | Loss: 7.2675 (Cls: 7.2519, TAL: 0.0281, Adv: 0.1533, OT-Reg: 0.001735) | OT inner objective: 0.1521 | Marginal residual row/col/max: 8.69e-09/1.12e-08/1.24e-08 | Train Acc: 0.1562 | Val Acc: 0.1923 | Val P/R/F1 (Macro): 0.2000/0.2167/0.1958 | LR: 0.000001
Epoch [60/100] | SVD update #60: pairs=96, sweeps=10, converged=False, rel_change=1.126e-01, effective_ranks=(95, 22), class_paired=True
Epoch [60/100] | Loss: 7.1304 (Cls: 7.1135, TAL: 0.0438, Adv: 0.1456, OT-Reg: 0.001683) | OT inner objective: 0.1002 | Marginal residual row/col/max: 1.71e-06/1.55e-08/1.71e-06 | Train Acc: 0.1875 | Val Acc: 0.0769 | Val P/R/F1 (Macro): 0.1795/0.1167/0.0778 | LR: 0.000001
Epoch [61/100] | SVD update #61: pairs=96, sweeps=10, converged=False, rel_change=7.830e-01, effective_ranks=(95, 21), class_paired=True
Epoch [61/100] | Loss: 6.5570 (Cls: 6.5472, TAL: -0.0265, Adv: 0.1623, OT-Reg: 0.001565) | OT inner objective: 0.1267 | Marginal residual row/col/max: 3.66e-08/2.86e-08/4.78e-08 | Train Acc: 0.1562 | Val Acc: 0.4615 | Val P/R/F1 (Macro): 0.3185/0.3625/0.3192 | LR: 0.000001
  >>> New Best Val Acc: 0.4615
Epoch [62/100] | SVD update #62: pairs=96, sweeps=10, converged=False, rel_change=4.590e-03, effective_ranks=(95, 21), class_paired=True
Epoch [62/100] | Loss: 6.8405 (Cls: 6.8430, TAL: -0.0970, Adv: 0.1133, OT-Reg: 0.001764) | OT inner objective: 0.1702 | Marginal residual row/col/max: 1.30e-08/2.11e-08/2.11e-08 | Train Acc: 0.2083 | Val Acc: 0.1923 | Val P/R/F1 (Macro): 0.0321/0.1667/0.0538 | LR: 0.000001
Epoch [63/100] | SVD update #63: pairs=96, sweeps=10, converged=False, rel_change=1.795e-01, effective_ranks=(95, 21), class_paired=True
Epoch [63/100] | Loss: 6.9744 (Cls: 6.9549, TAL: 0.0800, Adv: 0.1240, OT-Reg: 0.001595) | OT inner objective: 0.2202 | Marginal residual row/col/max: 1.12e-08/1.12e-08/1.24e-08 | Train Acc: 0.2396 | Val Acc: 0.2692 | Val P/R/F1 (Macro): 0.4256/0.3708/0.2685 | LR: 0.000001
Epoch [64/100] | SVD update #64: pairs=96, sweeps=10, converged=False, rel_change=7.495e-02, effective_ranks=(95, 18), class_paired=True
Epoch [64/100] | Loss: 7.0316 (Cls: 7.0010, TAL: 0.1518, Adv: 0.1551, OT-Reg: 0.001769) | OT inner objective: 0.2578 | Marginal residual row/col/max: 1.30e-08/1.80e-08/1.80e-08 | Train Acc: 0.1667 | Val Acc: 0.3077 | Val P/R/F1 (Macro): 0.2556/0.3333/0.2421 | LR: 0.000001
Epoch [65/100] | SVD update #65: pairs=96, sweeps=10, converged=False, rel_change=1.552e-02, effective_ranks=(95, 19), class_paired=True
Epoch [65/100] | Loss: 7.0278 (Cls: 7.0060, TAL: 0.0724, Adv: 0.1638, OT-Reg: 0.001721) | OT inner objective: 0.1586 | Marginal residual row/col/max: 3.85e-08/1.55e-08/3.85e-08 | Train Acc: 0.2083 | Val Acc: 0.4231 | Val P/R/F1 (Macro): 0.2879/0.2667/0.2654 | LR: 0.000001
Epoch [66/100] | SVD update #66: pairs=96, sweeps=10, converged=False, rel_change=7.198e-02, effective_ranks=(95, 18), class_paired=True
Epoch [66/100] | Loss: 6.8496 (Cls: 6.8625, TAL: -0.1871, Adv: 0.1197, OT-Reg: 0.001613) | OT inner objective: 0.2022 | Marginal residual row/col/max: 1.49e-08/2.61e-08/2.61e-08 | Train Acc: 0.1250 | Val Acc: 0.3077 | Val P/R/F1 (Macro): 0.0702/0.1667/0.0988 | LR: 0.000001
Epoch [67/100] | SVD update #67: pairs=96, sweeps=10, converged=False, rel_change=1.852e-01, effective_ranks=(95, 20), class_paired=True
Epoch [67/100] | Loss: 6.9240 (Cls: 6.9286, TAL: -0.1363, Adv: 0.1464, OT-Reg: 0.001596) | OT inner objective: 0.2154 | Marginal residual row/col/max: 1.12e-08/1.30e-08/1.37e-08 | Train Acc: 0.1875 | Val Acc: 0.2308 | Val P/R/F1 (Macro): 0.1667/0.1667/0.1619 | LR: 0.000001
Epoch [68/100] | SVD update #68: pairs=96, sweeps=10, converged=False, rel_change=4.855e-01, effective_ranks=(95, 29), class_paired=True
Epoch [68/100] | Loss: 6.2632 (Cls: 6.2409, TAL: 0.1030, Adv: 0.1242, OT-Reg: 0.001716) | OT inner objective: 0.2023 | Marginal residual row/col/max: 3.41e-08/2.36e-08/4.22e-08 | Train Acc: 0.1562 | Val Acc: 0.2692 | Val P/R/F1 (Macro): 0.1017/0.2667/0.1404 | LR: 0.000001
Epoch [69/100] | SVD update #69: pairs=96, sweeps=10, converged=False, rel_change=1.581e+00, effective_ranks=(95, 20), class_paired=True
Epoch [69/100] | Loss: 6.3145 (Cls: 6.2830, TAL: 0.1733, Adv: 0.1340, OT-Reg: 0.001571) | OT inner objective: 0.1959 | Marginal residual row/col/max: 1.61e-08/2.30e-08/2.42e-08 | Train Acc: 0.1562 | Val Acc: 0.2308 | Val P/R/F1 (Macro): 0.1099/0.1625/0.1310 | LR: 0.000001
Epoch [70/100] | SVD update #70: pairs=96, sweeps=10, converged=False, rel_change=1.439e-01, effective_ranks=(95, 21), class_paired=True
Epoch [70/100] | Loss: 6.4028 (Cls: 6.4049, TAL: -0.1037, Adv: 0.1294, OT-Reg: 0.001639) | OT inner objective: 0.1130 | Marginal residual row/col/max: 1.02e-07/1.80e-08/1.07e-07 | Train Acc: 0.1771 | Val Acc: 0.3462 | Val P/R/F1 (Macro): 0.3833/0.2500/0.2887 | LR: 0.000001
Epoch [71/100] | SVD update #71: pairs=96, sweeps=10, converged=False, rel_change=1.559e-01, effective_ranks=(95, 18), class_paired=True
Epoch [71/100] | Loss: 6.6372 (Cls: 6.6310, TAL: -0.0379, Adv: 0.1342, OT-Reg: 0.001608) | OT inner objective: 0.2339 | Marginal residual row/col/max: 9.93e-09/1.37e-08/1.37e-08 | Train Acc: 0.1250 | Val Acc: 0.0769 | Val P/R/F1 (Macro): 0.0185/0.1667/0.0333 | LR: 0.000001
Epoch [72/100] | SVD update #72: pairs=96, sweeps=10, converged=False, rel_change=7.769e-02, effective_ranks=(95, 18), class_paired=True
Epoch [72/100] | Loss: 5.9538 (Cls: 5.9475, TAL: -0.0361, Adv: 0.1330, OT-Reg: 0.001588) | OT inner objective: 0.2008 | Marginal residual row/col/max: 1.24e-08/1.74e-08/1.80e-08 | Train Acc: 0.2292 | Val Acc: 0.1538 | Val P/R/F1 (Macro): 0.0417/0.1667/0.0667 | LR: 0.000001
Epoch [73/100] | SVD update #73: pairs=96, sweeps=10, converged=False, rel_change=3.792e-01, effective_ranks=(95, 26), class_paired=True
Epoch [73/100] | Loss: 6.4034 (Cls: 6.3687, TAL: 0.2000, Adv: 0.1347, OT-Reg: 0.001651) | OT inner objective: 0.2631 | Marginal residual row/col/max: 1.18e-08/1.37e-08/1.43e-08 | Train Acc: 0.1354 | Val Acc: 0.2308 | Val P/R/F1 (Macro): 0.1138/0.3000/0.1444 | LR: 0.000001
Epoch [74/100] | SVD update #74: pairs=96, sweeps=9, converged=True, rel_change=1.833e-04, effective_ranks=(95, 24), class_paired=True
Epoch [74/100] | Loss: 6.8410 (Cls: 6.8079, TAL: 0.1680, Adv: 0.1614, OT-Reg: 0.001754) | OT inner objective: 0.2457 | Marginal residual row/col/max: 8.69e-09/1.92e-08/1.92e-08 | Train Acc: 0.2396 | Val Acc: 0.0769 | Val P/R/F1 (Macro): 0.0377/0.1667/0.0608 | LR: 0.000001
Epoch [75/100] | SVD update #75: pairs=96, sweeps=10, converged=False, rel_change=2.015e-01, effective_ranks=(95, 19), class_paired=True
Epoch [75/100] | Loss: 6.3517 (Cls: 6.3679, TAL: -0.2219, Adv: 0.1298, OT-Reg: 0.001494) | OT inner objective: 0.1190 | Marginal residual row/col/max: 1.24e-08/1.18e-08/1.30e-08 | Train Acc: 0.0729 | Val Acc: 0.1154 | Val P/R/F1 (Macro): 0.0764/0.2000/0.0787 | LR: 0.000001
Epoch [76/100] | SVD update #76: pairs=96, sweeps=10, converged=False, rel_change=4.374e-02, effective_ranks=(95, 19), class_paired=True
Epoch [76/100] | Loss: 6.2672 (Cls: 6.2606, TAL: -0.0333, Adv: 0.1332, OT-Reg: 0.001671) | OT inner objective: 0.1530 | Marginal residual row/col/max: 1.33e-07/1.92e-08/1.33e-07 | Train Acc: 0.2812 | Val Acc: 0.1923 | Val P/R/F1 (Macro): 0.1812/0.2667/0.1517 | LR: 0.000001
Epoch [77/100] | SVD update #77: pairs=96, sweeps=10, converged=False, rel_change=4.796e-01, effective_ranks=(95, 26), class_paired=True
Epoch [77/100] | Loss: 6.9539 (Cls: 6.9606, TAL: -0.1446, Adv: 0.1326, OT-Reg: 0.001556) | OT inner objective: 0.1926 | Marginal residual row/col/max: 1.24e-08/3.91e-08/3.91e-08 | Train Acc: 0.1458 | Val Acc: 0.1154 | Val P/R/F1 (Macro): 0.0444/0.2000/0.0698 | LR: 0.000001
Epoch [78/100] | SVD update #78: pairs=96, sweeps=10, converged=False, rel_change=6.310e-01, effective_ranks=(95, 20), class_paired=True
Epoch [78/100] | Loss: 6.0150 (Cls: 6.0339, TAL: -0.2509, Adv: 0.1404, OT-Reg: 0.001775) | OT inner objective: 0.1012 | Marginal residual row/col/max: 1.74e-08/2.48e-08/2.48e-08 | Train Acc: 0.1875 | Val Acc: 0.1154 | Val P/R/F1 (Macro): 0.1852/0.1250/0.0970 | LR: 0.000001
Epoch [79/100] | SVD update #79: pairs=96, sweeps=10, converged=False, rel_change=3.287e-01, effective_ranks=(95, 18), class_paired=True
Epoch [79/100] | Loss: 6.3334 (Cls: 6.3063, TAL: 0.1507, Adv: 0.1131, OT-Reg: 0.001645) | OT inner objective: 0.2485 | Marginal residual row/col/max: 1.18e-08/8.69e-09/1.18e-08 | Train Acc: 0.2083 | Val Acc: 0.1923 | Val P/R/F1 (Macro): 0.1694/0.2250/0.1833 | LR: 0.000001
Epoch [80/100] | SVD update #80: pairs=96, sweeps=10, converged=False, rel_change=1.855e-01, effective_ranks=(95, 17), class_paired=True
Epoch [80/100] | Loss: 6.6118 (Cls: 6.6096, TAL: -0.0677, Adv: 0.1295, OT-Reg: 0.001672) | OT inner objective: 0.1934 | Marginal residual row/col/max: 8.69e-09/1.92e-08/1.92e-08 | Train Acc: 0.1979 | Val Acc: 0.2692 | Val P/R/F1 (Macro): 0.1000/0.2583/0.1436 | LR: 0.000001
Epoch [81/100] | SVD update #81: pairs=96, sweeps=10, converged=False, rel_change=4.411e-01, effective_ranks=(95, 26), class_paired=True
Epoch [81/100] | Loss: 6.6456 (Cls: 6.6325, TAL: 0.0194, Adv: 0.1354, OT-Reg: 0.001721) | OT inner objective: 0.2169 | Marginal residual row/col/max: 1.06e-08/1.37e-08/1.49e-08 | Train Acc: 0.2396 | Val Acc: 0.2308 | Val P/R/F1 (Macro): 0.2530/0.3083/0.1853 | LR: 0.000001
Epoch [82/100] | SVD update #82: pairs=96, sweeps=10, converged=False, rel_change=2.467e-01, effective_ranks=(95, 22), class_paired=True
Epoch [82/100] | Loss: 7.0573 (Cls: 7.0181, TAL: 0.2508, Adv: 0.1149, OT-Reg: 0.001720) | OT inner objective: 0.2717 | Marginal residual row/col/max: 1.24e-08/1.74e-08/1.80e-08 | Train Acc: 0.2188 | Val Acc: 0.2308 | Val P/R/F1 (Macro): 0.0625/0.1250/0.0833 | LR: 0.000001
Epoch [83/100] | SVD update #83: pairs=96, sweeps=10, converged=False, rel_change=9.458e-01, effective_ranks=(95, 19), class_paired=True
Epoch [83/100] | Loss: 6.7943 (Cls: 6.7742, TAL: 0.0788, Adv: 0.1339, OT-Reg: 0.001705) | OT inner objective: 0.1435 | Marginal residual row/col/max: 1.74e-08/1.74e-08/1.86e-08 | Train Acc: 0.2708 | Val Acc: 0.1154 | Val P/R/F1 (Macro): 0.1833/0.1250/0.0944 | LR: 0.000001
Epoch [84/100] | SVD update #84: pairs=96, sweeps=10, converged=False, rel_change=1.692e+00, effective_ranks=(95, 17), class_paired=True
Epoch [84/100] | Loss: 6.6891 (Cls: 6.6650, TAL: 0.1180, Adv: 0.1232, OT-Reg: 0.001684) | OT inner objective: 0.1530 | Marginal residual row/col/max: 1.19e-06/2.24e-08/1.20e-06 | Train Acc: 0.1354 | Val Acc: 0.1923 | Val P/R/F1 (Macro): 0.1019/0.1292/0.1004 | LR: 0.000001
Epoch [85/100] | SVD update #85: pairs=96, sweeps=10, converged=False, rel_change=5.448e-01, effective_ranks=(95, 26), class_paired=True
Epoch [85/100] | Loss: 6.5471 (Cls: 6.5341, TAL: 0.0322, Adv: 0.1144, OT-Reg: 0.001765) | OT inner objective: 0.2667 | Marginal residual row/col/max: 2.61e-08/2.42e-08/3.35e-08 | Train Acc: 0.2188 | Val Acc: 0.3846 | Val P/R/F1 (Macro): 0.1333/0.2458/0.1727 | LR: 0.000001
Epoch [86/100] | SVD update #86: pairs=96, sweeps=10, converged=False, rel_change=1.693e-01, effective_ranks=(95, 19), class_paired=True
Epoch [86/100] | Loss: 6.7222 (Cls: 6.7378, TAL: -0.1976, Adv: 0.1012, OT-Reg: 0.001657) | OT inner objective: 0.2244 | Marginal residual row/col/max: 1.24e-08/1.06e-08/1.30e-08 | Train Acc: 0.1771 | Val Acc: 0.0769 | Val P/R/F1 (Macro): 0.0394/0.0750/0.0516 | LR: 0.000001
Epoch [87/100] | SVD update #87: pairs=96, sweeps=10, converged=False, rel_change=3.105e-01, effective_ranks=(95, 22), class_paired=True
Epoch [87/100] | Loss: 6.7200 (Cls: 6.7302, TAL: -0.1634, Adv: 0.1183, OT-Reg: 0.001450) | OT inner objective: 0.0665 | Marginal residual row/col/max: 7.85e-07/1.43e-08/7.85e-07 | Train Acc: 0.2292 | Val Acc: 0.1538 | Val P/R/F1 (Macro): 0.0825/0.1583/0.1076 | LR: 0.000001
Epoch [88/100] | SVD update #88: pairs=96, sweeps=10, converged=False, rel_change=4.194e-01, effective_ranks=(95, 17), class_paired=True
Epoch [88/100] | Loss: 6.4580 (Cls: 6.4396, TAL: 0.0669, Adv: 0.1294, OT-Reg: 0.001825) | OT inner objective: 0.1881 | Marginal residual row/col/max: 1.12e-08/1.92e-08/1.92e-08 | Train Acc: 0.1458 | Val Acc: 0.2692 | Val P/R/F1 (Macro): 0.1984/0.2667/0.1783 | LR: 0.000001
Epoch [89/100] | SVD update #89: pairs=96, sweeps=10, converged=False, rel_change=3.734e-01, effective_ranks=(95, 20), class_paired=True
Epoch [89/100] | Loss: 6.9980 (Cls: 7.0007, TAL: -0.1066, Adv: 0.1258, OT-Reg: 0.001486) | OT inner objective: 0.1316 | Marginal residual row/col/max: 1.92e-08/2.48e-08/2.55e-08 | Train Acc: 0.0833 | Val Acc: 0.1154 | Val P/R/F1 (Macro): 0.0250/0.1000/0.0400 | LR: 0.000001
Epoch [90/100] | SVD update #90: pairs=96, sweeps=7, converged=True, rel_change=8.717e-04, effective_ranks=(95, 17), class_paired=True
Epoch [90/100] | Loss: 7.3682 (Cls: 7.3735, TAL: -0.1208, Adv: 0.1147, OT-Reg: 0.001693) | OT inner objective: 0.2432 | Marginal residual row/col/max: 1.06e-08/1.55e-08/1.68e-08 | Train Acc: 0.0625 | Val Acc: 0.0385 | Val P/R/F1 (Macro): 0.0278/0.0833/0.0417 | LR: 0.000001
Epoch [91/100] | SVD update #91: pairs=96, sweeps=10, converged=False, rel_change=1.811e-01, effective_ranks=(95, 18), class_paired=True
Epoch [91/100] | Loss: 7.2517 (Cls: 7.2527, TAL: -0.0798, Adv: 0.1071, OT-Reg: 0.001725) | OT inner objective: 0.2664 | Marginal residual row/col/max: 1.61e-08/2.42e-08/2.42e-08 | Train Acc: 0.1562 | Val Acc: 0.1923 | Val P/R/F1 (Macro): 0.1389/0.1042/0.1190 | LR: 0.000001
Epoch [92/100] | SVD update #92: pairs=96, sweeps=10, converged=False, rel_change=8.327e-02, effective_ranks=(95, 16), class_paired=True
Epoch [92/100] | Loss: 6.5746 (Cls: 6.5388, TAL: 0.2306, Adv: 0.1017, OT-Reg: 0.001570) | OT inner objective: 0.2672 | Marginal residual row/col/max: 1.49e-08/4.04e-08/4.04e-08 | Train Acc: 0.1979 | Val Acc: 0.0385 | Val P/R/F1 (Macro): 0.0119/0.0333/0.0175 | LR: 0.000001
Epoch [93/100] | SVD update #93: pairs=96, sweeps=10, converged=False, rel_change=1.527e-02, effective_ranks=(95, 20), class_paired=True
Epoch [93/100] | Loss: 6.8274 (Cls: 6.7814, TAL: 0.2979, Adv: 0.1289, OT-Reg: 0.001765) | OT inner objective: 0.2486 | Marginal residual row/col/max: 1.30e-08/2.42e-08/2.42e-08 | Train Acc: 0.1250 | Val Acc: 0.0769 | Val P/R/F1 (Macro): 0.0208/0.0667/0.0317 | LR: 0.000001
Epoch [94/100] | SVD update #94: pairs=96, sweeps=10, converged=False, rel_change=2.497e-02, effective_ranks=(95, 16), class_paired=True
Epoch [94/100] | Loss: 6.4052 (Cls: 6.4179, TAL: -0.1952, Adv: 0.1350, OT-Reg: 0.001352) | OT inner objective: 0.0922 | Marginal residual row/col/max: 2.42e-06/1.74e-08/2.42e-06 | Train Acc: 0.1875 | Val Acc: 0.1538 | Val P/R/F1 (Macro): 0.0625/0.2333/0.0984 | LR: 0.000001
Epoch [95/100] | SVD update #95: pairs=96, sweeps=10, converged=False, rel_change=1.791e-01, effective_ranks=(95, 16), class_paired=True
Epoch [95/100] | Loss: 6.6898 (Cls: 6.6843, TAL: -0.0288, Adv: 0.1108, OT-Reg: 0.001600) | OT inner objective: 0.2531 | Marginal residual row/col/max: 1.30e-08/1.37e-08/1.49e-08 | Train Acc: 0.1458 | Val Acc: 0.0769 | Val P/R/F1 (Macro): 0.0185/0.0667/0.0290 | LR: 0.000001
Epoch [96/100] | SVD update #96: pairs=96, sweeps=10, converged=False, rel_change=1.741e-02, effective_ranks=(95, 22), class_paired=True
Epoch [96/100] | Loss: 6.7594 (Cls: 6.7500, TAL: 0.0008, Adv: 0.1168, OT-Reg: 0.001715) | OT inner objective: 0.2048 | Marginal residual row/col/max: 1.18e-08/2.30e-08/2.30e-08 | Train Acc: 0.1979 | Val Acc: 0.2308 | Val P/R/F1 (Macro): 0.2579/0.2875/0.2496 | LR: 0.000001
Epoch [97/100] | SVD update #97: pairs=96, sweeps=10, converged=False, rel_change=3.360e-01, effective_ranks=(95, 20), class_paired=True
Epoch [97/100] | Loss: 6.6546 (Cls: 6.6575, TAL: -0.0987, Adv: 0.1112, OT-Reg: 0.001653) | OT inner objective: 0.2325 | Marginal residual row/col/max: 1.12e-08/1.49e-08/1.61e-08 | Train Acc: 0.1667 | Val Acc: 0.1923 | Val P/R/F1 (Macro): 0.2542/0.2667/0.1593 | LR: 0.000001
Epoch [98/100] | SVD update #98: pairs=96, sweeps=10, converged=False, rel_change=2.314e-02, effective_ranks=(95, 18), class_paired=True
Epoch [98/100] | Loss: 6.3414 (Cls: 6.3517, TAL: -0.1554, Adv: 0.1041, OT-Reg: 0.001656) | OT inner objective: 0.1508 | Marginal residual row/col/max: 1.15e-06/1.86e-08/1.15e-06 | Train Acc: 0.2396 | Val Acc: 0.3077 | Val P/R/F1 (Macro): 0.1217/0.3000/0.1693 | LR: 0.000001
Epoch [99/100] | SVD update #99: pairs=96, sweeps=10, converged=False, rel_change=6.878e-02, effective_ranks=(95, 16), class_paired=True
Epoch [99/100] | Loss: 6.5060 (Cls: 6.5233, TAL: -0.2211, Adv: 0.1152, OT-Reg: 0.001421) | OT inner objective: 0.1705 | Marginal residual row/col/max: 3.60e-08/1.24e-08/3.73e-08 | Train Acc: 0.1562 | Val Acc: 0.3846 | Val P/R/F1 (Macro): 0.2188/0.2708/0.2076 | LR: 0.000001
Epoch [100/100] | SVD update #100: pairs=96, sweeps=10, converged=False, rel_change=2.402e-02, effective_ranks=(95, 15), class_paired=True
Epoch [100/100] | Loss: 6.6786 (Cls: 6.6705, TAL: -0.0097, Adv: 0.1155, OT-Reg: 0.001488) | OT inner objective: 0.2060 | Marginal residual row/col/max: 3.17e-07/1.68e-08/3.19e-07 | Train Acc: 0.2188 | Val Acc: 0.2308 | Val P/R/F1 (Macro): 0.0844/0.3000/0.1250 | LR: 0.000001
Report strategy: best, window=10, reported_acc=0.4615, best_acc=0.4615, selected_epoch=61

迭代 1 报告指标:
  Accuracy: 0.4615
  Precision (Macro): 0.3185
  Recall (Macro): 0.3625
  F1 (Macro): 0.3192
  Precision (Micro): 0.4615
  Recall (Micro): 0.4615
  F1 (Micro): 0.4615
  Val class coverage: 6/14 (0.4286), samples=26

================================================================================
迭代 2/5
随机种子: 43
================================================================================
Training mode: full target-label supervision (class-paired batches).
Feature fusion: Tensor alignment (512+512 -> 16+16); fused_dim=32
Domain adaptation: Neural OT generator with 3-domain discriminator
Loss weights: tensor=0.12, adv=0.08
Transport: mode=sinkhorn, epsilon=0.1, Sinkhorn iterations=50, correction scale=0.1, correction regularization weight=0.001
Tensor projection update: once per epoch from the complete target-training pairing bank; projection_dim=16, max_sweeps=10, relative singular-value tolerance=0.001
Epoch [1/100] | SVD update #1: pairs=96, sweeps=3, converged=True, rel_change=6.430e-04, effective_ranks=(95, 91), class_paired=True
Epoch [1/100] | Loss: 9.1979 (Cls: 9.1956, TAL: -0.1274, Adv: 0.2202, OT-Reg: 0.001621) | OT inner objective: 0.2510 | Marginal residual row/col/max: 9.31e-09/1.30e-08/1.30e-08 | Train Acc: 0.0833 | Val Acc: 0.0385 | Val P/R/F1 (Macro): 0.0333/0.0333/0.0333 | LR: 0.000005
  >>> New Best Val Acc: 0.0385
Epoch [2/100] | SVD update #2: pairs=96, sweeps=3, converged=True, rel_change=4.015e-04, effective_ranks=(95, 83), class_paired=True
Epoch [2/100] | Loss: 8.3067 (Cls: 8.3079, TAL: -0.1632, Adv: 0.2296, OT-Reg: 0.001601) | OT inner objective: 0.3164 | Marginal residual row/col/max: 9.93e-09/1.37e-08/1.37e-08 | Train Acc: 0.0312 | Val Acc: 0.4231 | Val P/R/F1 (Macro): 0.2980/0.3333/0.2946 | LR: 0.000005
  >>> New Best Val Acc: 0.4231
Epoch [3/100] | SVD update #3: pairs=96, sweeps=4, converged=True, rel_change=1.069e-04, effective_ranks=(95, 63), class_paired=True
Epoch [3/100] | Loss: 8.1362 (Cls: 8.1334, TAL: -0.1261, Adv: 0.2248, OT-Reg: 0.001660) | OT inner objective: 0.2485 | Marginal residual row/col/max: 1.30e-08/1.30e-08/1.37e-08 | Train Acc: 0.0938 | Val Acc: 0.0769 | Val P/R/F1 (Macro): 0.0175/0.1667/0.0317 | LR: 0.000005
Epoch [4/100] | SVD update #4: pairs=96, sweeps=5, converged=True, rel_change=8.564e-04, effective_ranks=(95, 69), class_paired=True
Epoch [4/100] | Loss: 7.4920 (Cls: 7.4674, TAL: 0.0608, Adv: 0.2170, OT-Reg: 0.001664) | OT inner objective: 0.3150 | Marginal residual row/col/max: 1.12e-08/1.61e-08/1.61e-08 | Train Acc: 0.1667 | Val Acc: 0.5000 | Val P/R/F1 (Macro): 0.4167/0.3833/0.3981 | LR: 0.000005
  >>> New Best Val Acc: 0.5000
Epoch [5/100] | SVD update #5: pairs=96, sweeps=10, converged=False, rel_change=4.800e-02, effective_ranks=(95, 62), class_paired=True
Epoch [5/100] | Loss: 7.2055 (Cls: 7.2156, TAL: -0.2274, Adv: 0.2157, OT-Reg: 0.001624) | OT inner objective: 0.1741 | Marginal residual row/col/max: 1.18e-08/2.98e-08/2.98e-08 | Train Acc: 0.2083 | Val Acc: 0.1923 | Val P/R/F1 (Macro): 0.0321/0.1667/0.0538 | LR: 0.000005
Epoch [6/100] | SVD update #6: pairs=96, sweeps=10, converged=True, rel_change=6.472e-04, effective_ranks=(95, 71), class_paired=True
Epoch [6/100] | Loss: 7.1341 (Cls: 7.1344, TAL: -0.1529, Adv: 0.2250, OT-Reg: 0.001541) | OT inner objective: 0.2697 | Marginal residual row/col/max: 1.83e-07/2.30e-08/1.91e-07 | Train Acc: 0.2188 | Val Acc: 0.1923 | Val P/R/F1 (Macro): 0.0321/0.1667/0.0538 | LR: 0.000005
Epoch [7/100] | SVD update #7: pairs=96, sweeps=10, converged=False, rel_change=2.049e-02, effective_ranks=(95, 52), class_paired=True
Epoch [7/100] | Loss: 7.3937 (Cls: 7.3908, TAL: -0.1343, Adv: 0.2373, OT-Reg: 0.001479) | OT inner objective: 0.2520 | Marginal residual row/col/max: 2.50e-07/2.79e-08/2.62e-07 | Train Acc: 0.2188 | Val Acc: 0.0769 | Val P/R/F1 (Macro): 0.0222/0.0833/0.0351 | LR: 0.000005
Epoch [8/100] | SVD update #8: pairs=96, sweeps=10, converged=False, rel_change=3.154e-01, effective_ranks=(95, 45), class_paired=True
Epoch [8/100] | Loss: 7.3674 (Cls: 7.3376, TAL: 0.1377, Adv: 0.1657, OT-Reg: 0.001463) | OT inner objective: 0.2897 | Marginal residual row/col/max: 1.06e-08/3.10e-08/3.10e-08 | Train Acc: 0.1458 | Val Acc: 0.1154 | Val P/R/F1 (Macro): 0.0583/0.2500/0.0859 | LR: 0.000005
Epoch [9/100] | SVD update #9: pairs=96, sweeps=10, converged=False, rel_change=2.357e-01, effective_ranks=(95, 45), class_paired=True
Epoch [9/100] | Loss: 7.0665 (Cls: 7.0176, TAL: 0.2683, Adv: 0.2091, OT-Reg: 0.001492) | OT inner objective: 0.3208 | Marginal residual row/col/max: 1.06e-08/1.37e-08/1.37e-08 | Train Acc: 0.1667 | Val Acc: 0.3077 | Val P/R/F1 (Macro): 0.1458/0.2917/0.1944 | LR: 0.000005
Epoch [10/100] | SVD update #10: pairs=96, sweeps=10, converged=False, rel_change=3.990e-01, effective_ranks=(95, 38), class_paired=True
Epoch [10/100] | Loss: 7.3153 (Cls: 7.2714, TAL: 0.1951, Adv: 0.2559, OT-Reg: 0.001512) | OT inner objective: 0.2714 | Marginal residual row/col/max: 1.30e-08/1.55e-08/1.55e-08 | Train Acc: 0.1667 | Val Acc: 0.2308 | Val P/R/F1 (Macro): 0.0762/0.2000/0.1099 | LR: 0.000005
Epoch [11/100] | SVD update #11: pairs=96, sweeps=10, converged=False, rel_change=1.481e-01, effective_ranks=(95, 34), class_paired=True
Epoch [11/100] | Loss: 6.8874 (Cls: 6.8462, TAL: 0.1940, Adv: 0.2246, OT-Reg: 0.001473) | OT inner objective: 0.2789 | Marginal residual row/col/max: 1.06e-08/2.73e-08/2.73e-08 | Train Acc: 0.1667 | Val Acc: 0.2308 | Val P/R/F1 (Macro): 0.0675/0.2500/0.1061 | LR: 0.000005
Epoch [12/100] | SVD update #12: pairs=96, sweeps=8, converged=True, rel_change=7.933e-04, effective_ranks=(95, 32), class_paired=True
Epoch [12/100] | Loss: 6.7460 (Cls: 6.7307, TAL: -0.0007, Adv: 0.1922, OT-Reg: 0.001547) | OT inner objective: 0.2043 | Marginal residual row/col/max: 4.95e-06/3.10e-08/4.96e-06 | Train Acc: 0.1771 | Val Acc: 0.0769 | Val P/R/F1 (Macro): 0.0370/0.0667/0.0476 | LR: 0.000005
Epoch [13/100] | SVD update #13: pairs=96, sweeps=5, converged=True, rel_change=5.543e-04, effective_ranks=(95, 28), class_paired=True
Epoch [13/100] | Loss: 6.7582 (Cls: 6.7060, TAL: 0.2769, Adv: 0.2371, OT-Reg: 0.001461) | OT inner objective: 0.1192 | Marginal residual row/col/max: 9.83e-05/2.48e-08/9.83e-05 | Train Acc: 0.2812 | Val Acc: 0.3846 | Val P/R/F1 (Macro): 0.2027/0.3958/0.2542 | LR: 0.000005
Epoch [14/100] | SVD update #14: pairs=96, sweeps=10, converged=True, rel_change=5.899e-04, effective_ranks=(95, 31), class_paired=True
Epoch [14/100] | Loss: 6.8045 (Cls: 6.7865, TAL: 0.0186, Adv: 0.1968, OT-Reg: 0.001192) | OT inner objective: 0.1520 | Marginal residual row/col/max: 2.38e-04/1.55e-08/2.38e-04 | Train Acc: 0.1250 | Val Acc: 0.3462 | Val P/R/F1 (Macro): 0.3313/0.3125/0.2585 | LR: 0.000005
Epoch [15/100] | SVD update #15: pairs=96, sweeps=10, converged=False, rel_change=1.679e-01, effective_ranks=(95, 26), class_paired=True
Epoch [15/100] | Loss: 6.5953 (Cls: 6.5957, TAL: -0.1424, Adv: 0.2082, OT-Reg: 0.001202) | OT inner objective: 0.2411 | Marginal residual row/col/max: 1.30e-08/9.93e-09/1.30e-08 | Train Acc: 0.1458 | Val Acc: 0.1538 | Val P/R/F1 (Macro): 0.0303/0.1333/0.0494 | LR: 0.000003
Epoch [16/100] | SVD update #16: pairs=96, sweeps=10, converged=False, rel_change=2.622e-02, effective_ranks=(95, 25), class_paired=True
Epoch [16/100] | Loss: 6.8501 (Cls: 6.8259, TAL: 0.0902, Adv: 0.1675, OT-Reg: 0.001449) | OT inner objective: 0.2177 | Marginal residual row/col/max: 1.74e-08/2.86e-08/3.10e-08 | Train Acc: 0.1354 | Val Acc: 0.1923 | Val P/R/F1 (Macro): 0.0333/0.1667/0.0556 | LR: 0.000003
Epoch [17/100] | SVD update #17: pairs=96, sweeps=10, converged=False, rel_change=7.742e-01, effective_ranks=(95, 20), class_paired=True
Epoch [17/100] | Loss: 6.7112 (Cls: 6.7074, TAL: -0.0929, Adv: 0.1869, OT-Reg: 0.001481) | OT inner objective: 0.0011 | Marginal residual row/col/max: 2.17e-05/1.43e-08/2.17e-05 | Train Acc: 0.2604 | Val Acc: 0.1923 | Val P/R/F1 (Macro): 0.0321/0.1667/0.0538 | LR: 0.000003
Epoch [18/100] | SVD update #18: pairs=96, sweeps=10, converged=False, rel_change=1.203e-01, effective_ranks=(95, 19), class_paired=True
Epoch [18/100] | Loss: 6.4025 (Cls: 6.3735, TAL: 0.0876, Adv: 0.2312, OT-Reg: 0.001456) | OT inner objective: 0.2335 | Marginal residual row/col/max: 9.31e-09/2.30e-08/2.30e-08 | Train Acc: 0.2500 | Val Acc: 0.1923 | Val P/R/F1 (Macro): 0.0321/0.1667/0.0538 | LR: 0.000003
Epoch [19/100] | SVD update #19: pairs=96, sweeps=10, converged=False, rel_change=1.082e-02, effective_ranks=(95, 27), class_paired=True
Epoch [19/100] | Loss: 5.9850 (Cls: 5.9868, TAL: -0.1692, Adv: 0.2320, OT-Reg: 0.001438) | OT inner objective: -0.0401 | Marginal residual row/col/max: 1.47e-04/1.30e-08/1.47e-04 | Train Acc: 0.2708 | Val Acc: 0.3077 | Val P/R/F1 (Macro): 0.1354/0.2292/0.1508 | LR: 0.000003
Epoch [20/100] | SVD update #20: pairs=96, sweeps=9, converged=True, rel_change=6.150e-04, effective_ranks=(95, 19), class_paired=True
Epoch [20/100] | Loss: 6.0883 (Cls: 6.0799, TAL: -0.0473, Adv: 0.1760, OT-Reg: 0.001346) | OT inner objective: 0.0197 | Marginal residual row/col/max: 3.49e-06/1.30e-08/3.49e-06 | Train Acc: 0.2500 | Val Acc: 0.1923 | Val P/R/F1 (Macro): 0.0347/0.1667/0.0575 | LR: 0.000003
Epoch [21/100] | SVD update #21: pairs=96, sweeps=10, converged=False, rel_change=9.649e-03, effective_ranks=(95, 19), class_paired=True
Epoch [21/100] | Loss: 6.0001 (Cls: 6.0123, TAL: -0.2342, Adv: 0.1981, OT-Reg: 0.001363) | OT inner objective: 0.0117 | Marginal residual row/col/max: 1.02e-04/1.49e-08/1.02e-04 | Train Acc: 0.2083 | Val Acc: 0.1923 | Val P/R/F1 (Macro): 0.0379/0.1667/0.0617 | LR: 0.000003
Epoch [22/100] | SVD update #22: pairs=96, sweeps=5, converged=True, rel_change=7.448e-04, effective_ranks=(95, 22), class_paired=True
Epoch [22/100] | Loss: 5.7935 (Cls: 5.7854, TAL: -0.0690, Adv: 0.2049, OT-Reg: 0.001476) | OT inner objective: 0.0083 | Marginal residual row/col/max: 4.09e-07/1.30e-08/4.10e-07 | Train Acc: 0.2396 | Val Acc: 0.1923 | Val P/R/F1 (Macro): 0.0417/0.1667/0.0667 | LR: 0.000003
Epoch [23/100] | SVD update #23: pairs=96, sweeps=9, converged=True, rel_change=4.675e-04, effective_ranks=(95, 19), class_paired=True
Epoch [23/100] | Loss: 6.2256 (Cls: 6.2098, TAL: -0.0249, Adv: 0.2345, OT-Reg: 0.001554) | OT inner objective: 0.1499 | Marginal residual row/col/max: 9.93e-09/1.61e-08/1.61e-08 | Train Acc: 0.2917 | Val Acc: 0.2692 | Val P/R/F1 (Macro): 0.1264/0.3333/0.1674 | LR: 0.000003
Epoch [24/100] | SVD update #24: pairs=96, sweeps=5, converged=True, rel_change=1.715e-04, effective_ranks=(95, 21), class_paired=True
Epoch [24/100] | Loss: 6.2565 (Cls: 6.2553, TAL: -0.1148, Adv: 0.1871, OT-Reg: 0.001512) | OT inner objective: 0.0863 | Marginal residual row/col/max: 6.77e-08/1.99e-08/6.77e-08 | Train Acc: 0.1875 | Val Acc: 0.3077 | Val P/R/F1 (Macro): 0.1607/0.2292/0.1889 | LR: 0.000003
Epoch [25/100] | SVD update #25: pairs=96, sweeps=10, converged=False, rel_change=1.047e-03, effective_ranks=(95, 31), class_paired=True
Epoch [25/100] | Loss: 8.3618 (Cls: 8.3558, TAL: -0.0870, Adv: 0.2057, OT-Reg: 0.001527) | OT inner objective: 0.2447 | Marginal residual row/col/max: 1.18e-08/4.04e-08/4.04e-08 | Train Acc: 0.0521 | Val Acc: 0.1154 | Val P/R/F1 (Macro): 0.0833/0.0625/0.0714 | LR: 0.000003
Epoch [26/100] | SVD update #26: pairs=96, sweeps=10, converged=False, rel_change=1.604e-03, effective_ranks=(95, 26), class_paired=True
Epoch [26/100] | Loss: 6.2930 (Cls: 6.2800, TAL: -0.0280, Adv: 0.2036, OT-Reg: 0.001456) | OT inner objective: 0.1557 | Marginal residual row/col/max: 4.59e-08/3.23e-08/5.90e-08 | Train Acc: 0.2812 | Val Acc: 0.3846 | Val P/R/F1 (Macro): 0.2141/0.3333/0.2500 | LR: 0.000001
Epoch [27/100] | SVD update #27: pairs=96, sweeps=10, converged=True, rel_change=6.994e-04, effective_ranks=(95, 29), class_paired=True
Epoch [27/100] | Loss: 6.0729 (Cls: 6.0961, TAL: -0.3172, Adv: 0.1856, OT-Reg: 0.001482) | OT inner objective: 0.0787 | Marginal residual row/col/max: 1.19e-07/2.67e-08/1.19e-07 | Train Acc: 0.2812 | Val Acc: 0.3462 | Val P/R/F1 (Macro): 0.3226/0.4833/0.3630 | LR: 0.000001
Epoch [28/100] | SVD update #28: pairs=96, sweeps=4, converged=True, rel_change=3.161e-04, effective_ranks=(95, 30), class_paired=True
Epoch [28/100] | Loss: 6.1306 (Cls: 6.1119, TAL: 0.0392, Adv: 0.1757, OT-Reg: 0.001486) | OT inner objective: 0.1823 | Marginal residual row/col/max: 2.98e-08/2.24e-08/3.97e-08 | Train Acc: 0.2812 | Val Acc: 0.1538 | Val P/R/F1 (Macro): 0.2917/0.1333/0.1667 | LR: 0.000001
Epoch [29/100] | SVD update #29: pairs=96, sweeps=4, converged=True, rel_change=5.223e-04, effective_ranks=(95, 25), class_paired=True
Epoch [29/100] | Loss: 6.0909 (Cls: 6.1082, TAL: -0.2690, Adv: 0.1876, OT-Reg: 0.001390) | OT inner objective: 0.0108 | Marginal residual row/col/max: 1.01e-06/3.29e-08/1.01e-06 | Train Acc: 0.3542 | Val Acc: 0.3462 | Val P/R/F1 (Macro): 0.4167/0.3750/0.2999 | LR: 0.000001
Epoch [30/100] | SVD update #30: pairs=96, sweeps=10, converged=False, rel_change=7.815e-01, effective_ranks=(95, 31), class_paired=True
Epoch [30/100] | Loss: 5.7303 (Cls: 5.7366, TAL: -0.1802, Adv: 0.1914, OT-Reg: 0.001402) | OT inner objective: 0.1345 | Marginal residual row/col/max: 4.57e-06/3.29e-08/4.58e-06 | Train Acc: 0.3958 | Val Acc: 0.0385 | Val P/R/F1 (Macro): 0.0104/0.0833/0.0185 | LR: 0.000001
Epoch [31/100] | SVD update #31: pairs=96, sweeps=10, converged=False, rel_change=8.595e-03, effective_ranks=(95, 26), class_paired=True
Epoch [31/100] | Loss: 5.5766 (Cls: 5.5915, TAL: -0.2385, Adv: 0.1704, OT-Reg: 0.001480) | OT inner objective: 0.0790 | Marginal residual row/col/max: 1.49e-07/4.04e-08/1.49e-07 | Train Acc: 0.3125 | Val Acc: 0.1923 | Val P/R/F1 (Macro): 0.0379/0.1667/0.0617 | LR: 0.000001
Epoch [32/100] | SVD update #32: pairs=96, sweeps=10, converged=False, rel_change=5.545e-02, effective_ranks=(95, 19), class_paired=True
Epoch [32/100] | Loss: 5.9835 (Cls: 5.9958, TAL: -0.2302, Adv: 0.1912, OT-Reg: 0.001559) | OT inner objective: -0.1220 | Marginal residual row/col/max: 1.03e-05/9.93e-09/1.03e-05 | Train Acc: 0.1562 | Val Acc: 0.0769 | Val P/R/F1 (Macro): 0.0159/0.1667/0.0290 | LR: 0.000001
Epoch [33/100] | SVD update #33: pairs=96, sweeps=9, converged=True, rel_change=8.393e-04, effective_ranks=(95, 25), class_paired=True
Epoch [33/100] | Loss: 5.8846 (Cls: 5.8870, TAL: -0.1215, Adv: 0.1525, OT-Reg: 0.001430) | OT inner objective: -0.0166 | Marginal residual row/col/max: 4.06e-07/1.30e-08/4.06e-07 | Train Acc: 0.2188 | Val Acc: 0.3462 | Val P/R/F1 (Macro): 0.3730/0.3125/0.2661 | LR: 0.000001
Epoch [34/100] | SVD update #34: pairs=96, sweeps=10, converged=True, rel_change=5.343e-04, effective_ranks=(95, 17), class_paired=True
Epoch [34/100] | Loss: 6.0134 (Cls: 6.0204, TAL: -0.1690, Adv: 0.1660, OT-Reg: 0.001546) | OT inner objective: 0.2166 | Marginal residual row/col/max: 1.12e-08/1.24e-08/1.24e-08 | Train Acc: 0.2396 | Val Acc: 0.1154 | Val P/R/F1 (Macro): 0.0778/0.1375/0.0837 | LR: 0.000001
Epoch [35/100] | SVD update #35: pairs=96, sweeps=10, converged=False, rel_change=5.426e-01, effective_ranks=(95, 18), class_paired=True
Epoch [35/100] | Loss: 6.7776 (Cls: 6.7683, TAL: -0.0710, Adv: 0.2225, OT-Reg: 0.001610) | OT inner objective: 0.1459 | Marginal residual row/col/max: 3.13e-07/3.17e-08/3.13e-07 | Train Acc: 0.2917 | Val Acc: 0.1923 | Val P/R/F1 (Macro): 0.0347/0.1667/0.0575 | LR: 0.000001
Epoch [36/100] | SVD update #36: pairs=96, sweeps=10, converged=False, rel_change=4.467e-01, effective_ranks=(95, 19), class_paired=True
Epoch [36/100] | Loss: 6.7320 (Cls: 6.7180, TAL: -0.0025, Adv: 0.1792, OT-Reg: 0.001434) | OT inner objective: 0.1935 | Marginal residual row/col/max: 1.37e-08/4.47e-08/4.47e-08 | Train Acc: 0.4062 | Val Acc: 0.1923 | Val P/R/F1 (Macro): 0.0321/0.1667/0.0538 | LR: 0.000001
Epoch [37/100] | SVD update #37: pairs=96, sweeps=10, converged=False, rel_change=3.614e-01, effective_ranks=(95, 20), class_paired=True
Epoch [37/100] | Loss: 7.6187 (Cls: 7.5825, TAL: 0.1473, Adv: 0.2315, OT-Reg: 0.001628) | OT inner objective: 0.2094 | Marginal residual row/col/max: 1.61e-08/3.48e-08/3.48e-08 | Train Acc: 0.3542 | Val Acc: 0.1923 | Val P/R/F1 (Macro): 0.0321/0.1667/0.0538 | LR: 0.000001
Epoch [38/100] | SVD update #38: pairs=96, sweeps=10, converged=False, rel_change=2.379e+00, effective_ranks=(95, 23), class_paired=True
Epoch [38/100] | Loss: 7.9873 (Cls: 7.9733, TAL: -0.0187, Adv: 0.2028, OT-Reg: 0.001424) | OT inner objective: 0.1029 | Marginal residual row/col/max: 4.84e-07/2.55e-08/4.85e-07 | Train Acc: 0.1875 | Val Acc: 0.1923 | Val P/R/F1 (Macro): 0.0333/0.1667/0.0556 | LR: 0.000001
Epoch [39/100] | SVD update #39: pairs=96, sweeps=10, converged=False, rel_change=4.646e-03, effective_ranks=(95, 22), class_paired=True
Epoch [39/100] | Loss: 7.9398 (Cls: 7.9082, TAL: 0.1605, Adv: 0.1545, OT-Reg: 0.001552) | OT inner objective: 0.1916 | Marginal residual row/col/max: 6.02e-08/3.10e-08/7.08e-08 | Train Acc: 0.1771 | Val Acc: 0.1538 | Val P/R/F1 (Macro): 0.0278/0.1333/0.0460 | LR: 0.000001
Epoch [40/100] | SVD update #40: pairs=96, sweeps=10, converged=False, rel_change=2.765e-03, effective_ranks=(95, 20), class_paired=True
Epoch [40/100] | Loss: 7.0723 (Cls: 7.0540, TAL: 0.0527, Adv: 0.1502, OT-Reg: 0.001576) | OT inner objective: 0.1653 | Marginal residual row/col/max: 1.64e-07/2.42e-08/1.64e-07 | Train Acc: 0.2396 | Val Acc: 0.2692 | Val P/R/F1 (Macro): 0.2063/0.3333/0.2308 | LR: 0.000001
Epoch [41/100] | SVD update #41: pairs=96, sweeps=7, converged=True, rel_change=9.171e-04, effective_ranks=(95, 23), class_paired=True
Epoch [41/100] | Loss: 6.5468 (Cls: 6.5262, TAL: 0.0522, Adv: 0.1791, OT-Reg: 0.001589) | OT inner objective: 0.0899 | Marginal residual row/col/max: 2.80e-05/9.31e-09/2.80e-05 | Train Acc: 0.2604 | Val Acc: 0.3462 | Val P/R/F1 (Macro): 0.4303/0.4208/0.3647 | LR: 0.000001
Epoch [42/100] | SVD update #42: pairs=96, sweeps=10, converged=False, rel_change=1.330e-03, effective_ranks=(95, 18), class_paired=True
Epoch [42/100] | Loss: 6.5605 (Cls: 6.5573, TAL: -0.0860, Adv: 0.1692, OT-Reg: 0.001522) | OT inner objective: -0.0231 | Marginal residual row/col/max: 6.68e-05/1.99e-08/6.68e-05 | Train Acc: 0.2083 | Val Acc: 0.1538 | Val P/R/F1 (Macro): 0.0744/0.2083/0.1042 | LR: 0.000001
Epoch [43/100] | SVD update #43: pairs=96, sweeps=8, converged=True, rel_change=5.139e-04, effective_ranks=(95, 22), class_paired=True
Epoch [43/100] | Loss: 6.6866 (Cls: 6.6713, TAL: 0.0093, Adv: 0.1769, OT-Reg: 0.001373) | OT inner objective: -0.0202 | Marginal residual row/col/max: 8.56e-04/2.42e-08/8.56e-04 | Train Acc: 0.3333 | Val Acc: 0.2692 | Val P/R/F1 (Macro): 0.4421/0.3875/0.2484 | LR: 0.000001
Epoch [44/100] | SVD update #44: pairs=96, sweeps=10, converged=False, rel_change=1.831e-01, effective_ranks=(95, 21), class_paired=True
Epoch [44/100] | Loss: 7.0465 (Cls: 7.0398, TAL: -0.0305, Adv: 0.1296, OT-Reg: 0.001544) | OT inner objective: 0.0758 | Marginal residual row/col/max: 1.93e-07/2.05e-08/1.98e-07 | Train Acc: 0.0625 | Val Acc: 0.2692 | Val P/R/F1 (Macro): 0.0583/0.1458/0.0833 | LR: 0.000001
Epoch [45/100] | SVD update #45: pairs=96, sweeps=8, converged=True, rel_change=5.288e-04, effective_ranks=(95, 20), class_paired=True
Epoch [45/100] | Loss: 6.8304 (Cls: 6.7860, TAL: 0.2558, Adv: 0.1713, OT-Reg: 0.001568) | OT inner objective: 0.1792 | Marginal residual row/col/max: 3.36e-05/1.61e-08/3.36e-05 | Train Acc: 0.1042 | Val Acc: 0.1923 | Val P/R/F1 (Macro): 0.1051/0.1667/0.1101 | LR: 0.000001
Epoch [46/100] | SVD update #46: pairs=96, sweeps=10, converged=False, rel_change=3.681e-01, effective_ranks=(95, 31), class_paired=True
Epoch [46/100] | Loss: 8.8749 (Cls: 8.8841, TAL: -0.1716, Adv: 0.1420, OT-Reg: 0.001462) | OT inner objective: -0.0410 | Marginal residual row/col/max: 2.44e-05/1.43e-08/2.44e-05 | Train Acc: 0.0729 | Val Acc: 0.0769 | Val P/R/F1 (Macro): 0.0278/0.1667/0.0476 | LR: 0.000001
Epoch [47/100] | SVD update #47: pairs=96, sweeps=10, converged=False, rel_change=4.193e-01, effective_ranks=(95, 37), class_paired=True
Epoch [47/100] | Loss: 7.5660 (Cls: 7.5382, TAL: 0.1388, Adv: 0.1389, OT-Reg: 0.001422) | OT inner objective: 0.2080 | Marginal residual row/col/max: 1.06e-08/1.24e-08/1.24e-08 | Train Acc: 0.0729 | Val Acc: 0.1923 | Val P/R/F1 (Macro): 0.1825/0.1833/0.1517 | LR: 0.000001
Epoch [48/100] | SVD update #48: pairs=96, sweeps=10, converged=False, rel_change=5.316e-01, effective_ranks=(95, 43), class_paired=True
Epoch [48/100] | Loss: 6.3877 (Cls: 6.3659, TAL: 0.0743, Adv: 0.1611, OT-Reg: 0.001581) | OT inner objective: 0.1872 | Marginal residual row/col/max: 9.93e-09/2.67e-08/2.67e-08 | Train Acc: 0.1875 | Val Acc: 0.0769 | Val P/R/F1 (Macro): 0.0222/0.1667/0.0392 | LR: 0.000001
Epoch [49/100] | SVD update #49: pairs=96, sweeps=10, converged=False, rel_change=1.134e-01, effective_ranks=(95, 34), class_paired=True
Epoch [49/100] | Loss: 8.3839 (Cls: 8.3924, TAL: -0.1748, Adv: 0.1560, OT-Reg: 0.001434) | OT inner objective: 0.1373 | Marginal residual row/col/max: 2.29e-04/2.42e-08/2.29e-04 | Train Acc: 0.0625 | Val Acc: 0.1538 | Val P/R/F1 (Macro): 0.0417/0.0833/0.0556 | LR: 0.000001
Epoch [50/100] | SVD update #50: pairs=96, sweeps=10, converged=False, rel_change=9.706e-01, effective_ranks=(95, 33), class_paired=True
Epoch [50/100] | Loss: 7.1776 (Cls: 7.1695, TAL: -0.0567, Adv: 0.1861, OT-Reg: 0.001519) | OT inner objective: 0.0614 | Marginal residual row/col/max: 2.21e-07/1.99e-08/2.21e-07 | Train Acc: 0.2188 | Val Acc: 0.0769 | Val P/R/F1 (Macro): 0.0303/0.0667/0.0417 | LR: 0.000001
Epoch [51/100] | SVD update #51: pairs=96, sweeps=10, converged=False, rel_change=8.173e-01, effective_ranks=(95, 41), class_paired=True
Epoch [51/100] | Loss: 6.7603 (Cls: 6.7788, TAL: -0.2739, Adv: 0.1796, OT-Reg: 0.001379) | OT inner objective: 0.1609 | Marginal residual row/col/max: 9.31e-09/2.42e-08/2.42e-08 | Train Acc: 0.2292 | Val Acc: 0.0769 | Val P/R/F1 (Macro): 0.0185/0.1667/0.0333 | LR: 0.000001
Epoch [52/100] | SVD update #52: pairs=96, sweeps=10, converged=False, rel_change=5.717e-01, effective_ranks=(95, 26), class_paired=True
Epoch [52/100] | Loss: 7.1543 (Cls: 7.1397, TAL: 0.0011, Adv: 0.1810, OT-Reg: 0.001539) | OT inner objective: 0.2482 | Marginal residual row/col/max: 1.61e-08/3.41e-08/3.41e-08 | Train Acc: 0.1771 | Val Acc: 0.1923 | Val P/R/F1 (Macro): 0.1104/0.2042/0.1312 | LR: 0.000001
Epoch [53/100] | SVD update #53: pairs=96, sweeps=9, converged=True, rel_change=5.899e-04, effective_ranks=(95, 20), class_paired=True
Epoch [53/100] | Loss: 7.0415 (Cls: 7.0429, TAL: -0.1068, Adv: 0.1429, OT-Reg: 0.001459) | OT inner objective: 0.0237 | Marginal residual row/col/max: 5.26e-06/3.35e-08/5.26e-06 | Train Acc: 0.1250 | Val Acc: 0.1154 | Val P/R/F1 (Macro): 0.0389/0.1875/0.0577 | LR: 0.000001
Epoch [54/100] | SVD update #54: pairs=96, sweeps=10, converged=False, rel_change=3.864e-03, effective_ranks=(95, 25), class_paired=True
Epoch [54/100] | Loss: 6.8294 (Cls: 6.8477, TAL: -0.2545, Adv: 0.1530, OT-Reg: 0.001477) | OT inner objective: 0.0054 | Marginal residual row/col/max: 8.95e-06/1.37e-08/8.95e-06 | Train Acc: 0.1771 | Val Acc: 0.2308 | Val P/R/F1 (Macro): 0.1806/0.2833/0.2141 | LR: 0.000001
Epoch [55/100] | SVD update #55: pairs=96, sweeps=6, converged=True, rel_change=7.530e-04, effective_ranks=(95, 19), class_paired=True
Epoch [55/100] | Loss: 6.9861 (Cls: 6.9978, TAL: -0.1825, Adv: 0.1276, OT-Reg: 0.001555) | OT inner objective: 0.1208 | Marginal residual row/col/max: 6.15e-08/1.80e-08/6.52e-08 | Train Acc: 0.2188 | Val Acc: 0.0769 | Val P/R/F1 (Macro): 0.0347/0.1042/0.0446 | LR: 0.000001
Epoch [56/100] | SVD update #56: pairs=96, sweeps=7, converged=True, rel_change=4.085e-04, effective_ranks=(95, 20), class_paired=True
Epoch [56/100] | Loss: 7.0796 (Cls: 7.0930, TAL: -0.2162, Adv: 0.1567, OT-Reg: 0.001437) | OT inner objective: -0.0282 | Marginal residual row/col/max: 4.06e-06/2.48e-08/4.06e-06 | Train Acc: 0.1979 | Val Acc: 0.1538 | Val P/R/F1 (Macro): 0.2460/0.1792/0.1667 | LR: 0.000001
Epoch [57/100] | SVD update #57: pairs=96, sweeps=6, converged=True, rel_change=7.779e-04, effective_ranks=(95, 21), class_paired=True
Epoch [57/100] | Loss: 6.8816 (Cls: 6.8902, TAL: -0.1645, Adv: 0.1393, OT-Reg: 0.001509) | OT inner objective: 0.0221 | Marginal residual row/col/max: 4.40e-07/1.49e-08/4.40e-07 | Train Acc: 0.1458 | Val Acc: 0.1538 | Val P/R/F1 (Macro): 0.1241/0.1583/0.1359 | LR: 0.000001
Epoch [58/100] | SVD update #58: pairs=96, sweeps=5, converged=True, rel_change=6.455e-04, effective_ranks=(95, 21), class_paired=True
Epoch [58/100] | Loss: 6.6625 (Cls: 6.6495, TAL: 0.0139, Adv: 0.1413, OT-Reg: 0.001436) | OT inner objective: 0.1458 | Marginal residual row/col/max: 2.17e-08/1.86e-08/2.61e-08 | Train Acc: 0.2188 | Val Acc: 0.1923 | Val P/R/F1 (Macro): 0.2000/0.1875/0.1824 | LR: 0.000001
Epoch [59/100] | SVD update #59: pairs=96, sweeps=6, converged=True, rel_change=1.705e-04, effective_ranks=(95, 22), class_paired=True
Epoch [59/100] | Loss: 6.8694 (Cls: 6.8635, TAL: -0.0264, Adv: 0.1126, OT-Reg: 0.001473) | OT inner objective: 0.1759 | Marginal residual row/col/max: 1.08e-05/3.48e-08/1.08e-05 | Train Acc: 0.2812 | Val Acc: 0.2308 | Val P/R/F1 (Macro): 0.3056/0.2250/0.2273 | LR: 0.000001
Epoch [60/100] | SVD update #60: pairs=96, sweeps=9, converged=True, rel_change=5.191e-04, effective_ranks=(95, 24), class_paired=True
Epoch [60/100] | Loss: 6.5235 (Cls: 6.5247, TAL: -0.1142, Adv: 0.1566, OT-Reg: 0.001477) | OT inner objective: 0.0856 | Marginal residual row/col/max: 1.61e-08/2.36e-08/2.36e-08 | Train Acc: 0.1250 | Val Acc: 0.0769 | Val P/R/F1 (Macro): 0.0707/0.1167/0.0875 | LR: 0.000001
Epoch [61/100] | SVD update #61: pairs=96, sweeps=10, converged=True, rel_change=5.305e-04, effective_ranks=(95, 24), class_paired=True
Epoch [61/100] | Loss: 6.6734 (Cls: 6.6646, TAL: -0.0427, Adv: 0.1750, OT-Reg: 0.001513) | OT inner objective: 0.1193 | Marginal residual row/col/max: 9.54e-07/1.92e-08/9.55e-07 | Train Acc: 0.2188 | Val Acc: 0.2308 | Val P/R/F1 (Macro): 0.1722/0.2458/0.1928 | LR: 0.000001
Epoch [62/100] | SVD update #62: pairs=96, sweeps=10, converged=False, rel_change=1.643e-03, effective_ranks=(95, 23), class_paired=True
Epoch [62/100] | Loss: 6.4336 (Cls: 6.4324, TAL: -0.0882, Adv: 0.1465, OT-Reg: 0.001494) | OT inner objective: 0.1531 | Marginal residual row/col/max: 2.48e-08/3.23e-08/3.35e-08 | Train Acc: 0.2396 | Val Acc: 0.2308 | Val P/R/F1 (Macro): 0.4250/0.2458/0.2627 | LR: 0.000001
Epoch [63/100] | SVD update #63: pairs=96, sweeps=5, converged=True, rel_change=9.184e-04, effective_ranks=(95, 22), class_paired=True
Epoch [63/100] | Loss: 6.4632 (Cls: 6.4494, TAL: 0.0061, Adv: 0.1643, OT-Reg: 0.001471) | OT inner objective: 0.1331 | Marginal residual row/col/max: 1.55e-08/3.91e-08/3.91e-08 | Train Acc: 0.1979 | Val Acc: 0.1923 | Val P/R/F1 (Macro): 0.2340/0.1917/0.1938 | LR: 0.000001
Epoch [64/100] | SVD update #64: pairs=96, sweeps=6, converged=True, rel_change=8.010e-04, effective_ranks=(95, 27), class_paired=True
Epoch [64/100] | Loss: 6.5287 (Cls: 6.5510, TAL: -0.2894, Adv: 0.1545, OT-Reg: 0.001464) | OT inner objective: 0.1828 | Marginal residual row/col/max: 1.49e-08/3.48e-08/3.48e-08 | Train Acc: 0.1667 | Val Acc: 0.1154 | Val P/R/F1 (Macro): 0.1278/0.1500/0.1111 | LR: 0.000001
Epoch [65/100] | SVD update #65: pairs=96, sweeps=7, converged=True, rel_change=7.004e-04, effective_ranks=(95, 25), class_paired=True
Epoch [65/100] | Loss: 6.5869 (Cls: 6.5779, TAL: -0.0036, Adv: 0.1177, OT-Reg: 0.001481) | OT inner objective: 0.0539 | Marginal residual row/col/max: 4.79e-07/2.55e-08/4.79e-07 | Train Acc: 0.2292 | Val Acc: 0.3077 | Val P/R/F1 (Macro): 0.1764/0.3292/0.2080 | LR: 0.000001
Epoch [66/100] | SVD update #66: pairs=96, sweeps=7, converged=True, rel_change=6.764e-04, effective_ranks=(95, 22), class_paired=True
Epoch [66/100] | Loss: 6.5433 (Cls: 6.5285, TAL: 0.0284, Adv: 0.1418, OT-Reg: 0.001434) | OT inner objective: 0.1550 | Marginal residual row/col/max: 4.04e-08/3.29e-08/4.78e-08 | Train Acc: 0.1875 | Val Acc: 0.2692 | Val P/R/F1 (Macro): 0.1831/0.2583/0.1875 | LR: 0.000001
Epoch [67/100] | SVD update #67: pairs=96, sweeps=10, converged=True, rel_change=7.170e-04, effective_ranks=(95, 24), class_paired=True
Epoch [67/100] | Loss: 6.7119 (Cls: 6.7160, TAL: -0.1236, Adv: 0.1339, OT-Reg: 0.001452) | OT inner objective: 0.0540 | Marginal residual row/col/max: 4.01e-06/1.49e-08/4.01e-06 | Train Acc: 0.1979 | Val Acc: 0.1923 | Val P/R/F1 (Macro): 0.2275/0.1917/0.1890 | LR: 0.000001
Epoch [68/100] | SVD update #68: pairs=96, sweeps=5, converged=True, rel_change=4.738e-04, effective_ranks=(95, 26), class_paired=True
Epoch [68/100] | Loss: 6.1787 (Cls: 6.1870, TAL: -0.1670, Adv: 0.1472, OT-Reg: 0.001401) | OT inner objective: 0.0921 | Marginal residual row/col/max: 2.03e-04/1.99e-08/2.03e-04 | Train Acc: 0.1875 | Val Acc: 0.2692 | Val P/R/F1 (Macro): 0.1917/0.2833/0.2117 | LR: 0.000001
Epoch [69/100] | SVD update #69: pairs=96, sweeps=7, converged=True, rel_change=6.248e-04, effective_ranks=(95, 25), class_paired=True
Epoch [69/100] | Loss: 6.1030 (Cls: 6.0992, TAL: -0.0745, Adv: 0.1589, OT-Reg: 0.001405) | OT inner objective: 0.1599 | Marginal residual row/col/max: 9.93e-09/1.55e-08/1.55e-08 | Train Acc: 0.2708 | Val Acc: 0.1538 | Val P/R/F1 (Macro): 0.0750/0.1208/0.0778 | LR: 0.000001
Epoch [70/100] | SVD update #70: pairs=96, sweeps=10, converged=True, rel_change=6.181e-04, effective_ranks=(95, 35), class_paired=True
Epoch [70/100] | Loss: 6.3769 (Cls: 6.3663, TAL: 0.0080, Adv: 0.1201, OT-Reg: 0.001434) | OT inner objective: 0.1785 | Marginal residual row/col/max: 1.86e-08/2.86e-08/2.98e-08 | Train Acc: 0.1979 | Val Acc: 0.2692 | Val P/R/F1 (Macro): 0.1806/0.2208/0.1756 | LR: 0.000001
Epoch [71/100] | SVD update #71: pairs=96, sweeps=7, converged=True, rel_change=4.544e-05, effective_ranks=(95, 25), class_paired=True
Epoch [71/100] | Loss: 6.4006 (Cls: 6.3818, TAL: 0.0733, Adv: 0.1261, OT-Reg: 0.001392) | OT inner objective: 0.1214 | Marginal residual row/col/max: 5.84e-08/3.10e-08/6.40e-08 | Train Acc: 0.3021 | Val Acc: 0.3462 | Val P/R/F1 (Macro): 0.2806/0.2625/0.2056 | LR: 0.000001
Epoch [72/100] | SVD update #72: pairs=96, sweeps=6, converged=True, rel_change=6.404e-04, effective_ranks=(95, 25), class_paired=True
Epoch [72/100] | Loss: 6.4786 (Cls: 6.4811, TAL: -0.1103, Adv: 0.1334, OT-Reg: 0.001479) | OT inner objective: 0.1911 | Marginal residual row/col/max: 1.24e-08/3.97e-08/3.97e-08 | Train Acc: 0.2708 | Val Acc: 0.3077 | Val P/R/F1 (Macro): 0.2667/0.3250/0.2880 | LR: 0.000001
Epoch [73/100] | SVD update #73: pairs=96, sweeps=10, converged=False, rel_change=1.276e-02, effective_ranks=(95, 38), class_paired=True
Epoch [73/100] | Loss: 6.2649 (Cls: 6.2594, TAL: -0.0403, Adv: 0.1293, OT-Reg: 0.001434) | OT inner objective: 0.1418 | Marginal residual row/col/max: 1.30e-04/2.92e-08/1.30e-04 | Train Acc: 0.2708 | Val Acc: 0.1538 | Val P/R/F1 (Macro): 0.2143/0.1083/0.1222 | LR: 0.000001
Epoch [74/100] | SVD update #74: pairs=96, sweeps=10, converged=False, rel_change=1.097e-02, effective_ranks=(95, 25), class_paired=True
Epoch [74/100] | Loss: 6.4740 (Cls: 6.4675, TAL: -0.0389, Adv: 0.1398, OT-Reg: 0.001515) | OT inner objective: 0.1868 | Marginal residual row/col/max: 1.24e-08/2.67e-08/2.67e-08 | Train Acc: 0.2708 | Val Acc: 0.1538 | Val P/R/F1 (Macro): 0.1875/0.1208/0.1425 | LR: 0.000001
Epoch [75/100] | SVD update #75: pairs=96, sweeps=7, converged=True, rel_change=3.865e-04, effective_ranks=(95, 25), class_paired=True
Epoch [75/100] | Loss: 6.2402 (Cls: 6.2314, TAL: -0.0049, Adv: 0.1170, OT-Reg: 0.001404) | OT inner objective: 0.1687 | Marginal residual row/col/max: 4.71e-07/3.54e-08/4.81e-07 | Train Acc: 0.2604 | Val Acc: 0.1538 | Val P/R/F1 (Macro): 0.0708/0.1208/0.0875 | LR: 0.000001
Epoch [76/100] | SVD update #76: pairs=96, sweeps=7, converged=True, rel_change=4.405e-04, effective_ranks=(95, 23), class_paired=True
Epoch [76/100] | Loss: 6.5370 (Cls: 6.5249, TAL: -0.0045, Adv: 0.1577, OT-Reg: 0.001450) | OT inner objective: 0.2018 | Marginal residual row/col/max: 1.61e-08/3.29e-08/3.29e-08 | Train Acc: 0.2500 | Val Acc: 0.1923 | Val P/R/F1 (Macro): 0.2528/0.2250/0.1679 | LR: 0.000001
Epoch [77/100] | SVD update #77: pairs=96, sweeps=10, converged=False, rel_change=8.276e-02, effective_ranks=(95, 38), class_paired=True
Epoch [77/100] | Loss: 7.0828 (Cls: 7.0694, TAL: -0.0055, Adv: 0.1758, OT-Reg: 0.001400) | OT inner objective: 0.2155 | Marginal residual row/col/max: 3.35e-08/4.28e-08/4.41e-08 | Train Acc: 0.1875 | Val Acc: 0.1538 | Val P/R/F1 (Macro): 0.2083/0.1208/0.0959 | LR: 0.000001
Epoch [78/100] | SVD update #78: pairs=96, sweeps=10, converged=True, rel_change=8.054e-04, effective_ranks=(95, 27), class_paired=True
Epoch [78/100] | Loss: 7.6536 (Cls: 7.6168, TAL: 0.1846, Adv: 0.1835, OT-Reg: 0.001352) | OT inner objective: 0.0558 | Marginal residual row/col/max: 2.83e-05/2.36e-08/2.83e-05 | Train Acc: 0.2917 | Val Acc: 0.1154 | Val P/R/F1 (Macro): 0.0333/0.1000/0.0500 | LR: 0.000001
Epoch [79/100] | SVD update #79: pairs=96, sweeps=10, converged=False, rel_change=3.022e-01, effective_ranks=(95, 31), class_paired=True
Epoch [79/100] | Loss: 7.2648 (Cls: 7.2350, TAL: 0.1460, Adv: 0.1544, OT-Reg: 0.001478) | OT inner objective: 0.1889 | Marginal residual row/col/max: 1.49e-08/2.48e-08/2.55e-08 | Train Acc: 0.2917 | Val Acc: 0.4615 | Val P/R/F1 (Macro): 0.3621/0.4375/0.3843 | LR: 0.000001
Epoch [80/100] | SVD update #80: pairs=96, sweeps=10, converged=False, rel_change=1.590e-01, effective_ranks=(95, 36), class_paired=True
Epoch [80/100] | Loss: 8.2708 (Cls: 8.2603, TAL: -0.0291, Adv: 0.1753, OT-Reg: 0.001403) | OT inner objective: 0.1182 | Marginal residual row/col/max: 3.30e-07/2.73e-08/3.32e-07 | Train Acc: 0.1250 | Val Acc: 0.1154 | Val P/R/F1 (Macro): 0.1889/0.1500/0.1444 | LR: 0.000001
Epoch [81/100] | SVD update #81: pairs=96, sweeps=9, converged=True, rel_change=3.598e-04, effective_ranks=(95, 28), class_paired=True
Epoch [81/100] | Loss: 7.9153 (Cls: 7.8970, TAL: 0.0333, Adv: 0.1788, OT-Reg: 0.001482) | OT inner objective: 0.0935 | Marginal residual row/col/max: 1.34e-04/2.05e-08/1.34e-04 | Train Acc: 0.1771 | Val Acc: 0.0385 | Val P/R/F1 (Macro): 0.0139/0.0417/0.0208 | LR: 0.000001
Epoch [82/100] | SVD update #82: pairs=96, sweeps=10, converged=True, rel_change=6.078e-04, effective_ranks=(95, 31), class_paired=True
Epoch [82/100] | Loss: 8.1639 (Cls: 8.1490, TAL: 0.0322, Adv: 0.1387, OT-Reg: 0.001283) | OT inner objective: 0.1722 | Marginal residual row/col/max: 5.66e-05/1.43e-08/5.66e-05 | Train Acc: 0.1042 | Val Acc: 0.1923 | Val P/R/F1 (Macro): 0.1238/0.2292/0.1186 | LR: 0.000001
Epoch [83/100] | SVD update #83: pairs=96, sweeps=10, converged=False, rel_change=4.851e-02, effective_ranks=(95, 31), class_paired=True
Epoch [83/100] | Loss: 7.8830 (Cls: 7.8828, TAL: -0.0836, Adv: 0.1283, OT-Reg: 0.001421) | OT inner objective: -0.0180 | Marginal residual row/col/max: 3.98e-06/2.17e-08/3.98e-06 | Train Acc: 0.1979 | Val Acc: 0.0385 | Val P/R/F1 (Macro): 0.0167/0.0833/0.0278 | LR: 0.000001
Epoch [84/100] | SVD update #84: pairs=96, sweeps=10, converged=False, rel_change=1.855e-01, effective_ranks=(95, 35), class_paired=True
Epoch [84/100] | Loss: 7.6793 (Cls: 7.6773, TAL: -0.0813, Adv: 0.1464, OT-Reg: 0.001346) | OT inner objective: -0.0546 | Marginal residual row/col/max: 1.85e-04/4.84e-08/1.85e-04 | Train Acc: 0.1667 | Val Acc: 0.1154 | Val P/R/F1 (Macro): 0.1167/0.1250/0.1032 | LR: 0.000001
Epoch [85/100] | SVD update #85: pairs=96, sweeps=6, converged=True, rel_change=2.251e-04, effective_ranks=(95, 26), class_paired=True
Epoch [85/100] | Loss: 7.7150 (Cls: 7.7122, TAL: -0.0835, Adv: 0.1600, OT-Reg: 0.001363) | OT inner objective: 0.0895 | Marginal residual row/col/max: 1.86e-08/1.99e-08/2.61e-08 | Train Acc: 0.1250 | Val Acc: 0.1923 | Val P/R/F1 (Macro): 0.0859/0.1292/0.1005 | LR: 0.000001
Epoch [86/100] | SVD update #86: pairs=96, sweeps=10, converged=False, rel_change=1.832e-01, effective_ranks=(95, 40), class_paired=True
Epoch [86/100] | Loss: 8.3923 (Cls: 8.3697, TAL: 0.1014, Adv: 0.1302, OT-Reg: 0.001367) | OT inner objective: -0.0351 | Marginal residual row/col/max: 3.04e-04/2.17e-08/3.04e-04 | Train Acc: 0.0938 | Val Acc: 0.3462 | Val P/R/F1 (Macro): 0.1250/0.3125/0.1643 | LR: 0.000001
Epoch [87/100] | SVD update #87: pairs=96, sweeps=8, converged=True, rel_change=4.554e-04, effective_ranks=(95, 27), class_paired=True
Epoch [87/100] | Loss: 7.6918 (Cls: 7.6672, TAL: 0.1242, Adv: 0.1218, OT-Reg: 0.001432) | OT inner objective: 0.0682 | Marginal residual row/col/max: 4.79e-05/3.79e-08/4.79e-05 | Train Acc: 0.1667 | Val Acc: 0.1923 | Val P/R/F1 (Macro): 0.0938/0.2500/0.1296 | LR: 0.000001
Epoch [88/100] | SVD update #88: pairs=96, sweeps=5, converged=True, rel_change=5.248e-04, effective_ranks=(95, 24), class_paired=True
Epoch [88/100] | Loss: 7.2744 (Cls: 7.2531, TAL: 0.1110, Adv: 0.0989, OT-Reg: 0.001510) | OT inner objective: 0.1684 | Marginal residual row/col/max: 7.51e-08/4.35e-08/8.94e-08 | Train Acc: 0.3125 | Val Acc: 0.3077 | Val P/R/F1 (Macro): 0.2307/0.3167/0.2565 | LR: 0.000001
Epoch [89/100] | SVD update #89: pairs=96, sweeps=4, converged=True, rel_change=8.273e-04, effective_ranks=(95, 26), class_paired=True
Epoch [89/100] | Loss: 7.3273 (Cls: 7.3035, TAL: 0.0998, Adv: 0.1474, OT-Reg: 0.001348) | OT inner objective: 0.0024 | Marginal residual row/col/max: 3.58e-06/2.11e-08/3.58e-06 | Train Acc: 0.2500 | Val Acc: 0.1923 | Val P/R/F1 (Macro): 0.1010/0.1667/0.1231 | LR: 0.000001
Epoch [90/100] | SVD update #90: pairs=96, sweeps=10, converged=False, rel_change=2.551e-03, effective_ranks=(95, 33), class_paired=True
Epoch [90/100] | Loss: 7.7284 (Cls: 7.7143, TAL: 0.0352, Adv: 0.1232, OT-Reg: 0.001376) | OT inner objective: 0.2567 | Marginal residual row/col/max: 1.30e-08/2.17e-08/2.17e-08 | Train Acc: 0.1979 | Val Acc: 0.2692 | Val P/R/F1 (Macro): 0.1290/0.2208/0.1545 | LR: 0.000001
Epoch [91/100] | SVD update #91: pairs=96, sweeps=9, converged=True, rel_change=4.589e-04, effective_ranks=(95, 28), class_paired=True
Epoch [91/100] | Loss: 7.5053 (Cls: 7.4813, TAL: 0.1259, Adv: 0.1108, OT-Reg: 0.001495) | OT inner objective: 0.0280 | Marginal residual row/col/max: 1.95e-06/1.99e-08/1.95e-06 | Train Acc: 0.2292 | Val Acc: 0.1538 | Val P/R/F1 (Macro): 0.1487/0.2333/0.1615 | LR: 0.000001
Epoch [92/100] | SVD update #92: pairs=96, sweeps=5, converged=True, rel_change=1.292e-04, effective_ranks=(95, 24), class_paired=True
Epoch [92/100] | Loss: 8.0588 (Cls: 8.0431, TAL: 0.0449, Adv: 0.1291, OT-Reg: 0.001444) | OT inner objective: 0.1052 | Marginal residual row/col/max: 1.63e-05/1.55e-08/1.63e-05 | Train Acc: 0.3021 | Val Acc: 0.2692 | Val P/R/F1 (Macro): 0.2607/0.2708/0.2433 | LR: 0.000001
Epoch [93/100] | SVD update #93: pairs=96, sweeps=7, converged=True, rel_change=7.209e-04, effective_ranks=(95, 23), class_paired=True
Epoch [93/100] | Loss: 7.3773 (Cls: 7.3544, TAL: 0.1237, Adv: 0.1004, OT-Reg: 0.001440) | OT inner objective: -0.0541 | Marginal residual row/col/max: 2.08e-04/1.30e-08/2.08e-04 | Train Acc: 0.2188 | Val Acc: 0.1154 | Val P/R/F1 (Macro): 0.0889/0.2500/0.1222 | LR: 0.000001
Epoch [94/100] | SVD update #94: pairs=96, sweeps=5, converged=True, rel_change=6.015e-04, effective_ranks=(95, 27), class_paired=True
Epoch [94/100] | Loss: 7.5175 (Cls: 7.5026, TAL: 0.0402, Adv: 0.1266, OT-Reg: 0.001383) | OT inner objective: 0.0991 | Marginal residual row/col/max: 9.88e-06/2.11e-08/9.89e-06 | Train Acc: 0.2812 | Val Acc: 0.3077 | Val P/R/F1 (Macro): 0.2222/0.3333/0.2446 | LR: 0.000001
Epoch [95/100] | SVD update #95: pairs=96, sweeps=5, converged=True, rel_change=4.654e-04, effective_ranks=(95, 27), class_paired=True
Epoch [95/100] | Loss: 7.8148 (Cls: 7.7869, TAL: 0.1699, Adv: 0.0938, OT-Reg: 0.001457) | OT inner objective: 0.1159 | Marginal residual row/col/max: 4.81e-06/2.79e-08/4.81e-06 | Train Acc: 0.1979 | Val Acc: 0.0769 | Val P/R/F1 (Macro): 0.0303/0.0667/0.0417 | LR: 0.000001
Epoch [96/100] | SVD update #96: pairs=96, sweeps=10, converged=False, rel_change=2.655e-03, effective_ranks=(95, 27), class_paired=True
Epoch [96/100] | Loss: 7.8705 (Cls: 7.8645, TAL: -0.0320, Adv: 0.1237, OT-Reg: 0.001483) | OT inner objective: 0.1817 | Marginal residual row/col/max: 1.55e-08/3.48e-08/3.48e-08 | Train Acc: 0.1979 | Val Acc: 0.1538 | Val P/R/F1 (Macro): 0.1957/0.1792/0.1452 | LR: 0.000001
Epoch [97/100] | SVD update #97: pairs=96, sweeps=7, converged=True, rel_change=2.805e-04, effective_ranks=(95, 27), class_paired=True
Epoch [97/100] | Loss: 7.9405 (Cls: 7.9048, TAL: 0.2341, Adv: 0.0954, OT-Reg: 0.001502) | OT inner objective: 0.0651 | Marginal residual row/col/max: 1.54e-06/1.74e-08/1.54e-06 | Train Acc: 0.2292 | Val Acc: 0.2308 | Val P/R/F1 (Macro): 0.3021/0.2458/0.2185 | LR: 0.000001
Epoch [98/100] | SVD update #98: pairs=96, sweeps=10, converged=False, rel_change=9.262e-03, effective_ranks=(95, 24), class_paired=True
Epoch [98/100] | Loss: 7.3644 (Cls: 7.3416, TAL: 0.1168, Adv: 0.1108, OT-Reg: 0.001470) | OT inner objective: 0.1709 | Marginal residual row/col/max: 1.29e-06/2.73e-08/1.30e-06 | Train Acc: 0.2917 | Val Acc: 0.1538 | Val P/R/F1 (Macro): 0.0417/0.1333/0.0635 | LR: 0.000001
Epoch [99/100] | SVD update #99: pairs=96, sweeps=5, converged=True, rel_change=9.874e-04, effective_ranks=(95, 25), class_paired=True
Epoch [99/100] | Loss: 7.4466 (Cls: 7.4382, TAL: -0.0014, Adv: 0.1069, OT-Reg: 0.001482) | OT inner objective: 0.0673 | Marginal residual row/col/max: 2.31e-04/3.29e-08/2.31e-04 | Train Acc: 0.1979 | Val Acc: 0.0769 | Val P/R/F1 (Macro): 0.0684/0.1167/0.0639 | LR: 0.000001
Epoch [100/100] | SVD update #100: pairs=96, sweeps=10, converged=False, rel_change=3.377e-03, effective_ranks=(95, 27), class_paired=True
Epoch [100/100] | Loss: 7.4069 (Cls: 7.3999, TAL: 0.0090, Adv: 0.0731, OT-Reg: 0.001308) | OT inner objective: -0.0937 | Marginal residual row/col/max: 1.19e-04/1.49e-08/1.19e-04 | Train Acc: 0.2292 | Val Acc: 0.1538 | Val P/R/F1 (Macro): 0.2315/0.1917/0.1560 | LR: 0.000001
Report strategy: best, window=10, reported_acc=0.5000, best_acc=0.5000, selected_epoch=4

迭代 2 报告指标:
  Accuracy: 0.5000
  Precision (Macro): 0.4167
  Recall (Macro): 0.3833
  F1 (Macro): 0.3981
  Precision (Micro): 0.5000
  Recall (Micro): 0.5000
  F1 (Micro): 0.5000
  Val class coverage: 6/14 (0.4286), samples=26

================================================================================
迭代 3/5
随机种子: 44
================================================================================
Training mode: full target-label supervision (class-paired batches).
Feature fusion: Tensor alignment (512+512 -> 16+16); fused_dim=32
Domain adaptation: Neural OT generator with 3-domain discriminator
Loss weights: tensor=0.12, adv=0.08
Transport: mode=sinkhorn, epsilon=0.1, Sinkhorn iterations=50, correction scale=0.1, correction regularization weight=0.001
Tensor projection update: once per epoch from the complete target-training pairing bank; projection_dim=16, max_sweeps=10, relative singular-value tolerance=0.001
Epoch [1/100] | SVD update #1: pairs=96, sweeps=5, converged=True, rel_change=4.954e-04, effective_ranks=(95, 93), class_paired=True
Epoch [1/100] | Loss: 8.9155 (Cls: 8.8713, TAL: 0.0016, Adv: 0.5507, OT-Reg: 0.001509) | OT inner objective: 0.1771 | Marginal residual row/col/max: 1.12e-08/2.55e-08/2.55e-08 | Train Acc: 0.1354 | Val Acc: 0.1923 | Val P/R/F1 (Macro): 0.1389/0.2167/0.1629 | LR: 0.000005
  >>> New Best Val Acc: 0.1923
Epoch [2/100] | SVD update #2: pairs=96, sweeps=3, converged=True, rel_change=5.315e-05, effective_ranks=(95, 79), class_paired=True
Epoch [2/100] | Loss: 9.0074 (Cls: 8.9724, TAL: 0.0725, Adv: 0.3296, OT-Reg: 0.001732) | OT inner objective: 0.2352 | Marginal residual row/col/max: 9.31e-09/1.24e-08/1.37e-08 | Train Acc: 0.0938 | Val Acc: 0.2308 | Val P/R/F1 (Macro): 0.1389/0.2833/0.1831 | LR: 0.000005
  >>> New Best Val Acc: 0.2308
Epoch [3/100] | SVD update #3: pairs=96, sweeps=3, converged=True, rel_change=3.439e-04, effective_ranks=(95, 51), class_paired=True
Epoch [3/100] | Loss: 8.7651 (Cls: 8.7482, TAL: -0.0822, Adv: 0.3339, OT-Reg: 0.001693) | OT inner objective: 0.2014 | Marginal residual row/col/max: 9.93e-09/1.61e-08/1.74e-08 | Train Acc: 0.0729 | Val Acc: 0.1154 | Val P/R/F1 (Macro): 0.0227/0.1000/0.0370 | LR: 0.000005
Epoch [4/100] | SVD update #4: pairs=96, sweeps=6, converged=True, rel_change=2.221e-04, effective_ranks=(95, 36), class_paired=True
Epoch [4/100] | Loss: 7.6582 (Cls: 7.6370, TAL: -0.0492, Adv: 0.3380, OT-Reg: 0.001601) | OT inner objective: 0.0995 | Marginal residual row/col/max: 1.18e-08/1.68e-08/1.68e-08 | Train Acc: 0.1667 | Val Acc: 0.0769 | Val P/R/F1 (Macro): 0.0208/0.1667/0.0370 | LR: 0.000005
Epoch [5/100] | SVD update #5: pairs=96, sweeps=10, converged=False, rel_change=5.694e-01, effective_ranks=(95, 62), class_paired=True
Epoch [5/100] | Loss: 7.5228 (Cls: 7.5114, TAL: -0.0960, Adv: 0.2864, OT-Reg: 0.001618) | OT inner objective: 0.1404 | Marginal residual row/col/max: 1.55e-08/3.10e-08/3.10e-08 | Train Acc: 0.1250 | Val Acc: 0.0769 | Val P/R/F1 (Macro): 0.0303/0.1667/0.0513 | LR: 0.000005
Epoch [6/100] | SVD update #6: pairs=96, sweeps=10, converged=True, rel_change=4.862e-04, effective_ranks=(95, 48), class_paired=True
Epoch [6/100] | Loss: 7.6255 (Cls: 7.6088, TAL: -0.0571, Adv: 0.2938, OT-Reg: 0.001734) | OT inner objective: 0.1648 | Marginal residual row/col/max: 1.18e-08/1.49e-08/1.49e-08 | Train Acc: 0.1458 | Val Acc: 0.1154 | Val P/R/F1 (Macro): 0.0333/0.1000/0.0500 | LR: 0.000005
Epoch [7/100] | SVD update #7: pairs=96, sweeps=10, converged=False, rel_change=1.513e-02, effective_ranks=(95, 32), class_paired=True
Epoch [7/100] | Loss: 7.1397 (Cls: 7.1191, TAL: 0.0004, Adv: 0.2570, OT-Reg: 0.001568) | OT inner objective: 0.1199 | Marginal residual row/col/max: 1.12e-08/1.24e-08/1.24e-08 | Train Acc: 0.1771 | Val Acc: 0.0769 | Val P/R/F1 (Macro): 0.0648/0.1667/0.0833 | LR: 0.000005
Epoch [8/100] | SVD update #8: pairs=96, sweeps=10, converged=False, rel_change=3.411e-02, effective_ranks=(95, 37), class_paired=True
Epoch [8/100] | Loss: 7.0637 (Cls: 7.0479, TAL: -0.0335, Adv: 0.2474, OT-Reg: 0.001519) | OT inner objective: 0.1565 | Marginal residual row/col/max: 1.86e-08/2.86e-08/2.86e-08 | Train Acc: 0.1875 | Val Acc: 0.2308 | Val P/R/F1 (Macro): 0.0833/0.1250/0.1000 | LR: 0.000005
Epoch [9/100] | SVD update #9: pairs=96, sweeps=10, converged=False, rel_change=3.782e-02, effective_ranks=(95, 43), class_paired=True
Epoch [9/100] | Loss: 6.7637 (Cls: 6.7346, TAL: 0.0796, Adv: 0.2442, OT-Reg: 0.001582) | OT inner objective: 0.1943 | Marginal residual row/col/max: 1.06e-08/1.86e-08/1.86e-08 | Train Acc: 0.2917 | Val Acc: 0.1538 | Val P/R/F1 (Macro): 0.0613/0.3333/0.1018 | LR: 0.000005
Epoch [10/100] | SVD update #10: pairs=96, sweeps=10, converged=False, rel_change=8.022e-03, effective_ranks=(95, 32), class_paired=True
Epoch [10/100] | Loss: 7.1406 (Cls: 7.1285, TAL: -0.0397, Adv: 0.2110, OT-Reg: 0.001609) | OT inner objective: 0.1957 | Marginal residual row/col/max: 1.12e-08/9.31e-09/1.18e-08 | Train Acc: 0.1250 | Val Acc: 0.0385 | Val P/R/F1 (Macro): 0.0104/0.0833/0.0185 | LR: 0.000005
Epoch [11/100] | SVD update #11: pairs=96, sweeps=10, converged=False, rel_change=2.550e-01, effective_ranks=(95, 35), class_paired=True
Epoch [11/100] | Loss: 6.6705 (Cls: 6.6650, TAL: -0.1094, Adv: 0.2328, OT-Reg: 0.001673) | OT inner objective: 0.1790 | Marginal residual row/col/max: 1.24e-08/2.05e-08/2.05e-08 | Train Acc: 0.1250 | Val Acc: 0.0000 | Val P/R/F1 (Macro): 0.0000/0.0000/0.0000 | LR: 0.000005
Epoch [12/100] | SVD update #12: pairs=96, sweeps=10, converged=False, rel_change=1.948e-03, effective_ranks=(95, 31), class_paired=True
Epoch [12/100] | Loss: 6.6141 (Cls: 6.5884, TAL: 0.0569, Adv: 0.2354, OT-Reg: 0.001500) | OT inner objective: -0.0286 | Marginal residual row/col/max: 1.61e-06/1.06e-08/1.61e-06 | Train Acc: 0.1562 | Val Acc: 0.1923 | Val P/R/F1 (Macro): 0.0860/0.1667/0.0993 | LR: 0.000005
Epoch [13/100] | SVD update #13: pairs=96, sweeps=10, converged=False, rel_change=5.588e-01, effective_ranks=(95, 25), class_paired=True
Epoch [13/100] | Loss: 6.5099 (Cls: 6.4987, TAL: -0.0579, Adv: 0.2272, OT-Reg: 0.001471) | OT inner objective: 0.0821 | Marginal residual row/col/max: 1.49e-08/1.68e-08/1.86e-08 | Train Acc: 0.2188 | Val Acc: 0.2308 | Val P/R/F1 (Macro): 0.1685/0.3000/0.1982 | LR: 0.000003
Epoch [14/100] | SVD update #14: pairs=96, sweeps=10, converged=False, rel_change=3.685e-02, effective_ranks=(95, 20), class_paired=True
Epoch [14/100] | Loss: 6.4770 (Cls: 6.4501, TAL: 0.0628, Adv: 0.2419, OT-Reg: 0.001445) | OT inner objective: 0.0036 | Marginal residual row/col/max: 1.27e-07/1.30e-08/1.27e-07 | Train Acc: 0.1771 | Val Acc: 0.2308 | Val P/R/F1 (Macro): 0.0889/0.2500/0.1222 | LR: 0.000003
Epoch [15/100] | SVD update #15: pairs=96, sweeps=10, converged=False, rel_change=3.193e-03, effective_ranks=(95, 22), class_paired=True
Epoch [15/100] | Loss: 6.4257 (Cls: 6.4220, TAL: -0.1358, Adv: 0.2496, OT-Reg: 0.001308) | OT inner objective: 0.1436 | Marginal residual row/col/max: 1.10e-05/2.42e-08/1.10e-05 | Train Acc: 0.2292 | Val Acc: 0.3462 | Val P/R/F1 (Macro): 0.1424/0.2375/0.1766 | LR: 0.000003
  >>> New Best Val Acc: 0.3462
Epoch [16/100] | SVD update #16: pairs=96, sweeps=7, converged=True, rel_change=9.703e-04, effective_ranks=(95, 22), class_paired=True
Epoch [16/100] | Loss: 6.8547 (Cls: 6.8396, TAL: -0.0613, Adv: 0.2812, OT-Reg: 0.001475) | OT inner objective: 0.0027 | Marginal residual row/col/max: 1.82e-06/1.24e-08/1.82e-06 | Train Acc: 0.1042 | Val Acc: 0.2692 | Val P/R/F1 (Macro): 0.0778/0.1458/0.1014 | LR: 0.000003
Epoch [17/100] | SVD update #17: pairs=96, sweeps=7, converged=True, rel_change=4.387e-04, effective_ranks=(95, 22), class_paired=True
Epoch [17/100] | Loss: 6.3500 (Cls: 6.3443, TAL: -0.0948, Adv: 0.2131, OT-Reg: 0.001405) | OT inner objective: 0.0262 | Marginal residual row/col/max: 2.75e-05/1.18e-08/2.75e-05 | Train Acc: 0.1458 | Val Acc: 0.1538 | Val P/R/F1 (Macro): 0.0513/0.0833/0.0635 | LR: 0.000003
Epoch [18/100] | SVD update #18: pairs=96, sweeps=8, converged=True, rel_change=8.727e-04, effective_ranks=(94, 21), class_paired=True
Epoch [18/100] | Loss: 6.9462 (Cls: 6.9329, TAL: -0.0522, Adv: 0.2439, OT-Reg: 0.001334) | OT inner objective: -0.0022 | Marginal residual row/col/max: 6.46e-08/9.93e-09/6.46e-08 | Train Acc: 0.0938 | Val Acc: 0.1538 | Val P/R/F1 (Macro): 0.0513/0.0833/0.0635 | LR: 0.000003
Epoch [19/100] | SVD update #19: pairs=96, sweeps=7, converged=True, rel_change=3.767e-04, effective_ranks=(95, 19), class_paired=True
Epoch [19/100] | Loss: 5.8863 (Cls: 5.8776, TAL: -0.0868, Adv: 0.2384, OT-Reg: 0.001536) | OT inner objective: 0.0442 | Marginal residual row/col/max: 1.55e-07/1.06e-08/1.55e-07 | Train Acc: 0.2396 | Val Acc: 0.3077 | Val P/R/F1 (Macro): 0.4056/0.3667/0.3667 | LR: 0.000003
Epoch [20/100] | SVD update #20: pairs=96, sweeps=10, converged=False, rel_change=1.581e-03, effective_ranks=(95, 18), class_paired=True
Epoch [20/100] | Loss: 6.1272 (Cls: 6.1107, TAL: -0.0309, Adv: 0.2531, OT-Reg: 0.001344) | OT inner objective: 0.1078 | Marginal residual row/col/max: 3.23e-08/1.99e-08/3.35e-08 | Train Acc: 0.2083 | Val Acc: 0.3846 | Val P/R/F1 (Macro): 0.3291/0.3833/0.3360 | LR: 0.000003
  >>> New Best Val Acc: 0.3846
Epoch [21/100] | SVD update #21: pairs=96, sweeps=8, converged=True, rel_change=5.308e-04, effective_ranks=(95, 22), class_paired=True
Epoch [21/100] | Loss: 6.6959 (Cls: 6.6484, TAL: 0.2135, Adv: 0.2741, OT-Reg: 0.001457) | OT inner objective: 0.1297 | Marginal residual row/col/max: 1.51e-07/1.43e-08/1.57e-07 | Train Acc: 0.2917 | Val Acc: 0.2692 | Val P/R/F1 (Macro): 0.1272/0.1708/0.1358 | LR: 0.000003
Epoch [22/100] | SVD update #22: pairs=96, sweeps=7, converged=True, rel_change=8.652e-04, effective_ranks=(94, 17), class_paired=True
Epoch [22/100] | Loss: 6.6581 (Cls: 6.6442, TAL: -0.0197, Adv: 0.2034, OT-Reg: 0.001575) | OT inner objective: 0.0258 | Marginal residual row/col/max: 8.01e-08/3.85e-08/8.20e-08 | Train Acc: 0.0833 | Val Acc: 0.2308 | Val P/R/F1 (Macro): 0.1296/0.2000/0.1558 | LR: 0.000003
Epoch [23/100] | SVD update #23: pairs=96, sweeps=10, converged=False, rel_change=1.860e-01, effective_ranks=(95, 31), class_paired=True
Epoch [23/100] | Loss: 6.7164 (Cls: 6.7228, TAL: -0.1807, Adv: 0.1919, OT-Reg: 0.001415) | OT inner objective: -0.1175 | Marginal residual row/col/max: 2.98e-05/9.93e-09/2.98e-05 | Train Acc: 0.1458 | Val Acc: 0.3846 | Val P/R/F1 (Macro): 0.3095/0.3833/0.3257 | LR: 0.000003
Epoch [24/100] | SVD update #24: pairs=96, sweeps=6, converged=True, rel_change=2.425e-04, effective_ranks=(95, 23), class_paired=True
Epoch [24/100] | Loss: 6.2143 (Cls: 6.2127, TAL: -0.1484, Adv: 0.2420, OT-Reg: 0.001410) | OT inner objective: -0.1473 | Marginal residual row/col/max: 2.34e-05/1.43e-08/2.34e-05 | Train Acc: 0.1875 | Val Acc: 0.1923 | Val P/R/F1 (Macro): 0.0707/0.1167/0.0875 | LR: 0.000003
Epoch [25/100] | SVD update #25: pairs=96, sweeps=7, converged=True, rel_change=6.025e-04, effective_ranks=(95, 27), class_paired=True
Epoch [25/100] | Loss: 6.6674 (Cls: 6.6647, TAL: -0.1288, Adv: 0.2266, OT-Reg: 0.001477) | OT inner objective: 0.1974 | Marginal residual row/col/max: 3.38e-05/1.37e-08/3.38e-05 | Train Acc: 0.1667 | Val Acc: 0.3462 | Val P/R/F1 (Macro): 0.2250/0.3125/0.2500 | LR: 0.000003
Epoch [26/100] | SVD update #26: pairs=96, sweeps=6, converged=True, rel_change=4.552e-04, effective_ranks=(95, 19), class_paired=True
Epoch [26/100] | Loss: 6.0796 (Cls: 6.0849, TAL: -0.1720, Adv: 0.1927, OT-Reg: 0.001347) | OT inner objective: -0.1180 | Marginal residual row/col/max: 6.14e-06/9.93e-09/6.14e-06 | Train Acc: 0.1979 | Val Acc: 0.2308 | Val P/R/F1 (Macro): 0.2188/0.1375/0.1250 | LR: 0.000003
Epoch [27/100] | SVD update #27: pairs=96, sweeps=6, converged=True, rel_change=7.980e-04, effective_ranks=(95, 17), class_paired=True
Epoch [27/100] | Loss: 5.8194 (Cls: 5.7931, TAL: 0.0735, Adv: 0.2189, OT-Reg: 0.001459) | OT inner objective: 0.0894 | Marginal residual row/col/max: 4.38e-07/9.31e-09/4.38e-07 | Train Acc: 0.2500 | Val Acc: 0.5000 | Val P/R/F1 (Macro): 0.5556/0.5208/0.5169 | LR: 0.000003
  >>> New Best Val Acc: 0.5000
Epoch [28/100] | SVD update #28: pairs=96, sweeps=6, converged=True, rel_change=9.477e-04, effective_ranks=(95, 20), class_paired=True
Epoch [28/100] | Loss: 6.2626 (Cls: 6.2528, TAL: -0.0760, Adv: 0.2362, OT-Reg: 0.001011) | OT inner objective: -0.0238 | Marginal residual row/col/max: 1.79e-04/9.93e-09/1.79e-04 | Train Acc: 0.1979 | Val Acc: 0.3846 | Val P/R/F1 (Macro): 0.2222/0.3333/0.2500 | LR: 0.000003
Epoch [29/100] | SVD update #29: pairs=96, sweeps=6, converged=True, rel_change=1.996e-04, effective_ranks=(95, 18), class_paired=True
Epoch [29/100] | Loss: 6.1501 (Cls: 6.1462, TAL: -0.1245, Adv: 0.2356, OT-Reg: 0.001429) | OT inner objective: -0.0763 | Marginal residual row/col/max: 3.08e-06/8.07e-09/3.08e-06 | Train Acc: 0.2500 | Val Acc: 0.0769 | Val P/R/F1 (Macro): 0.0303/0.0542/0.0384 | LR: 0.000003
Epoch [30/100] | SVD update #30: pairs=96, sweeps=8, converged=True, rel_change=4.413e-04, effective_ranks=(95, 18), class_paired=True
Epoch [30/100] | Loss: 5.8479 (Cls: 5.8514, TAL: -0.1577, Adv: 0.1927, OT-Reg: 0.001291) | OT inner objective: -0.0692 | Marginal residual row/col/max: 1.16e-06/1.06e-08/1.16e-06 | Train Acc: 0.2188 | Val Acc: 0.0769 | Val P/R/F1 (Macro): 0.0382/0.0542/0.0397 | LR: 0.000003
Epoch [31/100] | SVD update #31: pairs=96, sweeps=10, converged=False, rel_change=1.532e-01, effective_ranks=(95, 30), class_paired=True
Epoch [31/100] | Loss: 6.6189 (Cls: 6.6166, TAL: -0.1224, Adv: 0.2124, OT-Reg: 0.001251) | OT inner objective: 0.0212 | Marginal residual row/col/max: 3.35e-07/2.48e-08/3.35e-07 | Train Acc: 0.1562 | Val Acc: 0.1923 | Val P/R/F1 (Macro): 0.1151/0.2500/0.1367 | LR: 0.000003
Epoch [32/100] | SVD update #32: pairs=96, sweeps=10, converged=False, rel_change=7.812e-02, effective_ranks=(95, 28), class_paired=True
Epoch [32/100] | Loss: 6.0936 (Cls: 6.0805, TAL: -0.0143, Adv: 0.1859, OT-Reg: 0.001595) | OT inner objective: 0.0672 | Marginal residual row/col/max: 1.43e-08/2.05e-08/2.30e-08 | Train Acc: 0.1354 | Val Acc: 0.2692 | Val P/R/F1 (Macro): 0.2105/0.2083/0.1361 | LR: 0.000003
Epoch [33/100] | SVD update #33: pairs=96, sweeps=8, converged=True, rel_change=6.945e-04, effective_ranks=(95, 23), class_paired=True
Epoch [33/100] | Loss: 5.9718 (Cls: 5.9591, TAL: -0.0286, Adv: 0.2015, OT-Reg: 0.001366) | OT inner objective: -0.0461 | Marginal residual row/col/max: 2.06e-04/1.49e-08/2.06e-04 | Train Acc: 0.2917 | Val Acc: 0.1538 | Val P/R/F1 (Macro): 0.0267/0.1333/0.0444 | LR: 0.000003
Epoch [34/100] | SVD update #34: pairs=96, sweeps=10, converged=False, rel_change=8.689e-02, effective_ranks=(95, 30), class_paired=True
Epoch [34/100] | Loss: 5.6533 (Cls: 5.6426, TAL: -0.0786, Adv: 0.2522, OT-Reg: 0.001420) | OT inner objective: 0.0287 | Marginal residual row/col/max: 1.62e-06/1.92e-08/1.62e-06 | Train Acc: 0.2604 | Val Acc: 0.1154 | Val P/R/F1 (Macro): 0.0500/0.1000/0.0667 | LR: 0.000003
Epoch [35/100] | SVD update #35: pairs=96, sweeps=10, converged=False, rel_change=1.015e-01, effective_ranks=(95, 30), class_paired=True
Epoch [35/100] | Loss: 5.7569 (Cls: 5.7528, TAL: -0.0921, Adv: 0.1889, OT-Reg: 0.001609) | OT inner objective: 0.2035 | Marginal residual row/col/max: 9.93e-09/1.61e-08/1.61e-08 | Train Acc: 0.2812 | Val Acc: 0.3462 | Val P/R/F1 (Macro): 0.3929/0.2625/0.2342 | LR: 0.000003
Epoch [36/100] | SVD update #36: pairs=96, sweeps=7, converged=True, rel_change=4.252e-04, effective_ranks=(95, 27), class_paired=True
Epoch [36/100] | Loss: 5.9610 (Cls: 5.9679, TAL: -0.1945, Adv: 0.2051, OT-Reg: 0.001516) | OT inner objective: -0.0849 | Marginal residual row/col/max: 6.26e-06/2.11e-08/6.26e-06 | Train Acc: 0.3229 | Val Acc: 0.3846 | Val P/R/F1 (Macro): 0.2302/0.3333/0.2586 | LR: 0.000003
Epoch [37/100] | SVD update #37: pairs=96, sweeps=10, converged=True, rel_change=9.995e-04, effective_ranks=(95, 43), class_paired=True
Epoch [37/100] | Loss: 5.8804 (Cls: 5.8710, TAL: -0.0461, Adv: 0.1868, OT-Reg: 0.001366) | OT inner objective: -0.1985 | Marginal residual row/col/max: 9.51e-06/1.12e-08/9.51e-06 | Train Acc: 0.2396 | Val Acc: 0.1538 | Val P/R/F1 (Macro): 0.0392/0.0833/0.0533 | LR: 0.000003
Epoch [38/100] | SVD update #38: pairs=96, sweeps=10, converged=False, rel_change=3.687e+00, effective_ranks=(95, 31), class_paired=True
Epoch [38/100] | Loss: 6.3842 (Cls: 6.3686, TAL: 0.0104, Adv: 0.1793, OT-Reg: 0.001617) | OT inner objective: 0.1116 | Marginal residual row/col/max: 1.12e-08/1.99e-08/1.99e-08 | Train Acc: 0.1146 | Val Acc: 0.0385 | Val P/R/F1 (Macro): 0.0098/0.0333/0.0152 | LR: 0.000001
Epoch [39/100] | SVD update #39: pairs=96, sweeps=10, converged=False, rel_change=4.276e-02, effective_ranks=(95, 27), class_paired=True
Epoch [39/100] | Loss: 6.5419 (Cls: 6.5142, TAL: 0.1171, Adv: 0.1704, OT-Reg: 0.001745) | OT inner objective: 0.1560 | Marginal residual row/col/max: 1.18e-08/3.35e-08/3.35e-08 | Train Acc: 0.0938 | Val Acc: 0.2308 | Val P/R/F1 (Macro): 0.1375/0.2875/0.1692 | LR: 0.000001
Epoch [40/100] | SVD update #40: pairs=96, sweeps=10, converged=False, rel_change=1.990e-01, effective_ranks=(95, 27), class_paired=True
Epoch [40/100] | Loss: 6.0983 (Cls: 6.0593, TAL: 0.1960, Adv: 0.1940, OT-Reg: 0.001532) | OT inner objective: 0.1627 | Marginal residual row/col/max: 1.18e-08/1.12e-08/1.18e-08 | Train Acc: 0.1042 | Val Acc: 0.1923 | Val P/R/F1 (Macro): 0.2616/0.2208/0.1752 | LR: 0.000001
Epoch [41/100] | SVD update #41: pairs=96, sweeps=10, converged=False, rel_change=1.233e-03, effective_ranks=(95, 29), class_paired=True
Epoch [41/100] | Loss: 6.7425 (Cls: 6.7238, TAL: 0.0050, Adv: 0.2256, OT-Reg: 0.001417) | OT inner objective: -0.0335 | Marginal residual row/col/max: 2.26e-07/9.93e-09/2.26e-07 | Train Acc: 0.1458 | Val Acc: 0.0385 | Val P/R/F1 (Macro): 0.0833/0.0417/0.0556 | LR: 0.000001
Epoch [42/100] | SVD update #42: pairs=96, sweeps=4, converged=True, rel_change=6.832e-04, effective_ranks=(95, 23), class_paired=True
Epoch [42/100] | Loss: 6.6714 (Cls: 6.6262, TAL: 0.2171, Adv: 0.2395, OT-Reg: 0.001707) | OT inner objective: 0.0052 | Marginal residual row/col/max: 4.10e-07/1.49e-08/4.10e-07 | Train Acc: 0.0938 | Val Acc: 0.1538 | Val P/R/F1 (Macro): 0.0833/0.1667/0.1111 | LR: 0.000001
Epoch [43/100] | SVD update #43: pairs=96, sweeps=4, converged=True, rel_change=3.887e-04, effective_ranks=(95, 23), class_paired=True
Epoch [43/100] | Loss: 6.5504 (Cls: 6.5196, TAL: 0.1341, Adv: 0.1838, OT-Reg: 0.001515) | OT inner objective: 0.0698 | Marginal residual row/col/max: 1.38e-07/1.12e-08/1.38e-07 | Train Acc: 0.1042 | Val Acc: 0.1538 | Val P/R/F1 (Macro): 0.1806/0.2500/0.1368 | LR: 0.000001
Epoch [44/100] | SVD update #44: pairs=96, sweeps=10, converged=False, rel_change=1.542e-01, effective_ranks=(95, 28), class_paired=True
Epoch [44/100] | Loss: 6.3044 (Cls: 6.2735, TAL: 0.1516, Adv: 0.1582, OT-Reg: 0.001601) | OT inner objective: 0.1572 | Marginal residual row/col/max: 1.49e-08/2.86e-08/2.98e-08 | Train Acc: 0.1875 | Val Acc: 0.0385 | Val P/R/F1 (Macro): 0.0238/0.0833/0.0370 | LR: 0.000001
Epoch [45/100] | SVD update #45: pairs=96, sweeps=10, converged=False, rel_change=3.318e-01, effective_ranks=(95, 30), class_paired=True
Epoch [45/100] | Loss: 6.2069 (Cls: 6.2050, TAL: -0.0923, Adv: 0.1620, OT-Reg: 0.001336) | OT inner objective: 0.1559 | Marginal residual row/col/max: 1.49e-08/9.93e-09/1.49e-08 | Train Acc: 0.2188 | Val Acc: 0.1154 | Val P/R/F1 (Macro): 0.0944/0.2500/0.1307 | LR: 0.000001
Epoch [46/100] | SVD update #46: pairs=96, sweeps=10, converged=False, rel_change=5.768e-02, effective_ranks=(95, 25), class_paired=True
Epoch [46/100] | Loss: 6.2973 (Cls: 6.2889, TAL: -0.0426, Adv: 0.1687, OT-Reg: 0.001508) | OT inner objective: 0.1336 | Marginal residual row/col/max: 9.31e-09/2.73e-08/2.73e-08 | Train Acc: 0.1146 | Val Acc: 0.1538 | Val P/R/F1 (Macro): 0.0290/0.1667/0.0494 | LR: 0.000001
Epoch [47/100] | SVD update #47: pairs=96, sweeps=4, converged=True, rel_change=4.380e-04, effective_ranks=(95, 23), class_paired=True
Epoch [47/100] | Loss: 6.1006 (Cls: 6.1094, TAL: -0.1738, Adv: 0.1500, OT-Reg: 0.001428) | OT inner objective: 0.1190 | Marginal residual row/col/max: 3.86e-07/2.24e-08/3.88e-07 | Train Acc: 0.2083 | Val Acc: 0.1154 | Val P/R/F1 (Macro): 0.0357/0.1250/0.0556 | LR: 0.000001
Epoch [48/100] | SVD update #48: pairs=96, sweeps=5, converged=True, rel_change=1.307e-04, effective_ranks=(95, 23), class_paired=True
Epoch [48/100] | Loss: 6.1806 (Cls: 6.1618, TAL: 0.0142, Adv: 0.2135, OT-Reg: 0.001233) | OT inner objective: -0.0467 | Marginal residual row/col/max: 2.08e-06/1.43e-08/2.08e-06 | Train Acc: 0.1562 | Val Acc: 0.2692 | Val P/R/F1 (Macro): 0.1507/0.4583/0.2119 | LR: 0.000001
Epoch [49/100] | SVD update #49: pairs=96, sweeps=10, converged=True, rel_change=7.082e-04, effective_ranks=(95, 25), class_paired=True
Epoch [49/100] | Loss: 6.2697 (Cls: 6.2564, TAL: -0.0056, Adv: 0.1749, OT-Reg: 0.001271) | OT inner objective: 0.1319 | Marginal residual row/col/max: 1.92e-08/1.18e-08/1.92e-08 | Train Acc: 0.1354 | Val Acc: 0.1538 | Val P/R/F1 (Macro): 0.0303/0.1667/0.0513 | LR: 0.000001
Epoch [50/100] | SVD update #50: pairs=96, sweeps=4, converged=True, rel_change=1.134e-04, effective_ranks=(95, 23), class_paired=True
Epoch [50/100] | Loss: 5.9722 (Cls: 5.9824, TAL: -0.2018, Adv: 0.1755, OT-Reg: 0.001397) | OT inner objective: -0.0226 | Marginal residual row/col/max: 4.09e-06/1.61e-08/4.09e-06 | Train Acc: 0.2292 | Val Acc: 0.0000 | Val P/R/F1 (Macro): 0.0000/0.0000/0.0000 | LR: 0.000001
Epoch [51/100] | SVD update #51: pairs=96, sweeps=8, converged=True, rel_change=1.441e-04, effective_ranks=(95, 25), class_paired=True
Epoch [51/100] | Loss: 6.0682 (Cls: 6.0504, TAL: 0.0332, Adv: 0.1727, OT-Reg: 0.001504) | OT inner objective: -0.0138 | Marginal residual row/col/max: 1.86e-08/1.12e-08/1.86e-08 | Train Acc: 0.2188 | Val Acc: 0.1923 | Val P/R/F1 (Macro): 0.2059/0.2000/0.1190 | LR: 0.000001
Epoch [52/100] | SVD update #52: pairs=96, sweeps=10, converged=False, rel_change=9.417e-02, effective_ranks=(95, 37), class_paired=True
Epoch [52/100] | Loss: 5.9783 (Cls: 5.9489, TAL: 0.1260, Adv: 0.1789, OT-Reg: 0.001522) | OT inner objective: 0.1450 | Marginal residual row/col/max: 1.12e-08/1.06e-08/1.12e-08 | Train Acc: 0.1875 | Val Acc: 0.1538 | Val P/R/F1 (Macro): 0.0476/0.1667/0.0741 | LR: 0.000001
Epoch [53/100] | SVD update #53: pairs=96, sweeps=4, converged=True, rel_change=5.720e-04, effective_ranks=(95, 22), class_paired=True
Epoch [53/100] | Loss: 6.0965 (Cls: 6.0859, TAL: -0.0196, Adv: 0.1614, OT-Reg: 0.001424) | OT inner objective: 0.0134 | Marginal residual row/col/max: 1.05e-05/2.24e-08/1.05e-05 | Train Acc: 0.2083 | Val Acc: 0.1538 | Val P/R/F1 (Macro): 0.0278/0.1667/0.0476 | LR: 0.000001
Epoch [54/100] | SVD update #54: pairs=96, sweeps=5, converged=True, rel_change=1.081e-04, effective_ranks=(95, 23), class_paired=True
Epoch [54/100] | Loss: 5.8809 (Cls: 5.8761, TAL: -0.0856, Adv: 0.1890, OT-Reg: 0.001504) | OT inner objective: 0.0533 | Marginal residual row/col/max: 6.64e-08/1.18e-08/6.71e-08 | Train Acc: 0.2812 | Val Acc: 0.1923 | Val P/R/F1 (Macro): 0.1204/0.2500/0.1439 | LR: 0.000001
Epoch [55/100] | SVD update #55: pairs=96, sweeps=9, converged=True, rel_change=7.899e-04, effective_ranks=(95, 27), class_paired=True
Epoch [55/100] | Loss: 6.0300 (Cls: 6.0150, TAL: 0.0222, Adv: 0.1544, OT-Reg: 0.001418) | OT inner objective: 0.0749 | Marginal residual row/col/max: 2.67e-08/1.24e-08/2.79e-08 | Train Acc: 0.1875 | Val Acc: 0.1538 | Val P/R/F1 (Macro): 0.0303/0.1667/0.0513 | LR: 0.000001
Epoch [56/100] | SVD update #56: pairs=96, sweeps=5, converged=True, rel_change=5.114e-04, effective_ranks=(95, 24), class_paired=True
Epoch [56/100] | Loss: 5.8932 (Cls: 5.9070, TAL: -0.2375, Adv: 0.1833, OT-Reg: 0.001536) | OT inner objective: 0.0164 | Marginal residual row/col/max: 1.09e-06/1.24e-08/1.09e-06 | Train Acc: 0.2292 | Val Acc: 0.1538 | Val P/R/F1 (Macro): 0.0267/0.1667/0.0460 | LR: 0.000001
Epoch [57/100] | SVD update #57: pairs=96, sweeps=10, converged=False, rel_change=4.749e-01, effective_ranks=(95, 27), class_paired=True
Epoch [57/100] | Loss: 5.6411 (Cls: 5.6305, TAL: -0.0349, Adv: 0.1841, OT-Reg: 0.001265) | OT inner objective: 0.1000 | Marginal residual row/col/max: 1.80e-08/1.49e-08/2.05e-08 | Train Acc: 0.2396 | Val Acc: 0.0000 | Val P/R/F1 (Macro): 0.0000/0.0000/0.0000 | LR: 0.000001
Epoch [58/100] | SVD update #58: pairs=96, sweeps=4, converged=True, rel_change=4.767e-04, effective_ranks=(95, 22), class_paired=True
Epoch [58/100] | Loss: 5.7635 (Cls: 5.7788, TAL: -0.2333, Adv: 0.1577, OT-Reg: 0.001442) | OT inner objective: -0.0919 | Marginal residual row/col/max: 3.49e-06/1.37e-08/3.49e-06 | Train Acc: 0.2292 | Val Acc: 0.0769 | Val P/R/F1 (Macro): 0.0167/0.1667/0.0303 | LR: 0.000001
Epoch [59/100] | SVD update #59: pairs=96, sweeps=10, converged=False, rel_change=8.450e-01, effective_ranks=(95, 41), class_paired=True
Epoch [59/100] | Loss: 6.1226 (Cls: 6.0981, TAL: 0.0759, Adv: 0.1923, OT-Reg: 0.001418) | OT inner objective: 0.0234 | Marginal residual row/col/max: 2.51e-06/1.80e-08/2.51e-06 | Train Acc: 0.1667 | Val Acc: 0.1154 | Val P/R/F1 (Macro): 0.0905/0.1667/0.1111 | LR: 0.000001
Epoch [60/100] | SVD update #60: pairs=96, sweeps=8, converged=True, rel_change=4.032e-04, effective_ranks=(95, 24), class_paired=True
Epoch [60/100] | Loss: 5.6354 (Cls: 5.6481, TAL: -0.2139, Adv: 0.1616, OT-Reg: 0.001410) | OT inner objective: -0.0572 | Marginal residual row/col/max: 9.09e-07/1.12e-08/9.09e-07 | Train Acc: 0.1875 | Val Acc: 0.2308 | Val P/R/F1 (Macro): 0.1083/0.3333/0.1619 | LR: 0.000001
Epoch [61/100] | SVD update #61: pairs=96, sweeps=6, converged=True, rel_change=9.524e-04, effective_ranks=(95, 29), class_paired=True
Epoch [61/100] | Loss: 5.8671 (Cls: 5.8490, TAL: 0.0188, Adv: 0.1977, OT-Reg: 0.001563) | OT inner objective: 0.1115 | Marginal residual row/col/max: 2.86e-08/2.11e-08/3.23e-08 | Train Acc: 0.1667 | Val Acc: 0.2308 | Val P/R/F1 (Macro): 0.1333/0.3333/0.1905 | LR: 0.000001
Epoch [62/100] | SVD update #62: pairs=96, sweeps=5, converged=True, rel_change=1.442e-04, effective_ranks=(95, 24), class_paired=True
Epoch [62/100] | Loss: 5.5132 (Cls: 5.5293, TAL: -0.2396, Adv: 0.1570, OT-Reg: 0.001177) | OT inner objective: -0.1656 | Marginal residual row/col/max: 4.06e-06/1.80e-08/4.06e-06 | Train Acc: 0.1979 | Val Acc: 0.2692 | Val P/R/F1 (Macro): 0.1528/0.4167/0.2194 | LR: 0.000001
Epoch [63/100] | SVD update #63: pairs=96, sweeps=7, converged=True, rel_change=5.736e-04, effective_ranks=(95, 23), class_paired=True
Epoch [63/100] | Loss: 5.7903 (Cls: 5.7942, TAL: -0.1421, Adv: 0.1643, OT-Reg: 0.001433) | OT inner objective: -0.0033 | Marginal residual row/col/max: 4.67e-06/1.68e-08/4.67e-06 | Train Acc: 0.2083 | Val Acc: 0.1923 | Val P/R/F1 (Macro): 0.0890/0.2917/0.1227 | LR: 0.000001
Epoch [64/100] | SVD update #64: pairs=96, sweeps=10, converged=False, rel_change=6.085e-03, effective_ranks=(95, 24), class_paired=True
Epoch [64/100] | Loss: 5.9173 (Cls: 5.9009, TAL: 0.0312, Adv: 0.1592, OT-Reg: 0.001447) | OT inner objective: 0.1609 | Marginal residual row/col/max: 8.69e-09/1.37e-08/1.37e-08 | Train Acc: 0.1979 | Val Acc: 0.0769 | Val P/R/F1 (Macro): 0.0278/0.1667/0.0476 | LR: 0.000001
Epoch [65/100] | SVD update #65: pairs=96, sweeps=10, converged=True, rel_change=4.951e-04, effective_ranks=(95, 39), class_paired=True
Epoch [65/100] | Loss: 5.6534 (Cls: 5.6420, TAL: -0.0115, Adv: 0.1591, OT-Reg: 0.001169) | OT inner objective: -0.0002 | Marginal residual row/col/max: 2.66e-07/1.24e-08/2.66e-07 | Train Acc: 0.1667 | Val Acc: 0.1538 | Val P/R/F1 (Macro): 0.1500/0.1500/0.1481 | LR: 0.000001
Epoch [66/100] | SVD update #66: pairs=96, sweeps=10, converged=False, rel_change=6.193e-02, effective_ranks=(95, 24), class_paired=True
Epoch [66/100] | Loss: 5.8006 (Cls: 5.7860, TAL: 0.0177, Adv: 0.1563, OT-Reg: 0.001549) | OT inner objective: 0.1127 | Marginal residual row/col/max: 1.55e-08/2.36e-08/2.61e-08 | Train Acc: 0.1250 | Val Acc: 0.0000 | Val P/R/F1 (Macro): 0.0000/0.0000/0.0000 | LR: 0.000001
Epoch [67/100] | SVD update #67: pairs=96, sweeps=10, converged=False, rel_change=1.916e-03, effective_ranks=(95, 26), class_paired=True
Epoch [67/100] | Loss: 6.1995 (Cls: 6.2068, TAL: -0.1788, Adv: 0.1763, OT-Reg: 0.001418) | OT inner objective: 0.0575 | Marginal residual row/col/max: 4.10e-08/1.06e-08/4.16e-08 | Train Acc: 0.1875 | Val Acc: 0.1538 | Val P/R/F1 (Macro): 0.0952/0.1667/0.1212 | LR: 0.000001
Epoch [68/100] | SVD update #68: pairs=96, sweeps=8, converged=True, rel_change=9.623e-04, effective_ranks=(95, 34), class_paired=True
Epoch [68/100] | Loss: 5.9415 (Cls: 5.9425, TAL: -0.1161, Adv: 0.1618, OT-Reg: 0.001168) | OT inner objective: 0.0695 | Marginal residual row/col/max: 1.15e-07/3.79e-08/1.15e-07 | Train Acc: 0.2083 | Val Acc: 0.1538 | Val P/R/F1 (Macro): 0.0267/0.1667/0.0460 | LR: 0.000001
Epoch [69/100] | SVD update #69: pairs=96, sweeps=4, converged=True, rel_change=6.951e-04, effective_ranks=(95, 27), class_paired=True
Epoch [69/100] | Loss: 6.0686 (Cls: 6.0729, TAL: -0.1761, Adv: 0.2110, OT-Reg: 0.001439) | OT inner objective: -0.0532 | Marginal residual row/col/max: 1.70e-07/1.24e-08/1.70e-07 | Train Acc: 0.1146 | Val Acc: 0.1538 | Val P/R/F1 (Macro): 0.0333/0.1667/0.0556 | LR: 0.000001
Epoch [70/100] | SVD update #70: pairs=96, sweeps=10, converged=True, rel_change=6.892e-04, effective_ranks=(95, 25), class_paired=True
Epoch [70/100] | Loss: 5.8135 (Cls: 5.8154, TAL: -0.1176, Adv: 0.1534, OT-Reg: 0.001388) | OT inner objective: -0.1254 | Marginal residual row/col/max: 2.09e-06/1.12e-08/2.09e-06 | Train Acc: 0.2812 | Val Acc: 0.0769 | Val P/R/F1 (Macro): 0.0175/0.1667/0.0317 | LR: 0.000001
Epoch [71/100] | SVD update #71: pairs=96, sweeps=9, converged=True, rel_change=3.949e-04, effective_ranks=(95, 34), class_paired=True
Epoch [71/100] | Loss: 5.8324 (Cls: 5.8183, TAL: 0.0261, Adv: 0.1369, OT-Reg: 0.001403) | OT inner objective: -0.0031 | Marginal residual row/col/max: 1.01e-07/2.05e-08/1.01e-07 | Train Acc: 0.2292 | Val Acc: 0.1538 | Val P/R/F1 (Macro): 0.0741/0.1667/0.1026 | LR: 0.000001
Epoch [72/100] | SVD update #72: pairs=96, sweeps=5, converged=True, rel_change=2.213e-04, effective_ranks=(95, 24), class_paired=True
Epoch [72/100] | Loss: 5.5809 (Cls: 5.5921, TAL: -0.2045, Adv: 0.1663, OT-Reg: 0.001423) | OT inner objective: -0.0805 | Marginal residual row/col/max: 3.00e-06/1.30e-08/3.00e-06 | Train Acc: 0.2812 | Val Acc: 0.1538 | Val P/R/F1 (Macro): 0.0278/0.1667/0.0476 | LR: 0.000001
Epoch [73/100] | SVD update #73: pairs=96, sweeps=7, converged=True, rel_change=9.099e-04, effective_ranks=(95, 30), class_paired=True
Epoch [73/100] | Loss: 5.5725 (Cls: 5.5830, TAL: -0.1668, Adv: 0.1186, OT-Reg: 0.001311) | OT inner objective: -0.0451 | Marginal residual row/col/max: 3.37e-06/1.18e-08/3.37e-06 | Train Acc: 0.2188 | Val Acc: 0.1538 | Val P/R/F1 (Macro): 0.0351/0.1667/0.0580 | LR: 0.000001
Epoch [74/100] | SVD update #74: pairs=96, sweeps=5, converged=True, rel_change=9.882e-04, effective_ranks=(95, 32), class_paired=True
Epoch [74/100] | Loss: 5.7444 (Cls: 5.7361, TAL: -0.0268, Adv: 0.1435, OT-Reg: 0.001164) | OT inner objective: 0.0692 | Marginal residual row/col/max: 1.06e-08/3.04e-08/3.04e-08 | Train Acc: 0.2917 | Val Acc: 0.2692 | Val P/R/F1 (Macro): 0.2457/0.4167/0.2372 | LR: 0.000001
Epoch [75/100] | SVD update #75: pairs=96, sweeps=10, converged=False, rel_change=8.021e-02, effective_ranks=(95, 31), class_paired=True
Epoch [75/100] | Loss: 6.2947 (Cls: 6.2839, TAL: -0.0203, Adv: 0.1656, OT-Reg: 0.001367) | OT inner objective: 0.0314 | Marginal residual row/col/max: 8.11e-07/1.30e-08/8.13e-07 | Train Acc: 0.1146 | Val Acc: 0.1923 | Val P/R/F1 (Macro): 0.1930/0.1667/0.1369 | LR: 0.000001
Epoch [76/100] | SVD update #76: pairs=96, sweeps=10, converged=False, rel_change=1.891e-01, effective_ranks=(95, 33), class_paired=True
Epoch [76/100] | Loss: 6.0148 (Cls: 6.0009, TAL: 0.0362, Adv: 0.1198, OT-Reg: 0.001365) | OT inner objective: 0.1256 | Marginal residual row/col/max: 1.18e-08/1.49e-08/1.49e-08 | Train Acc: 0.1875 | Val Acc: 0.2692 | Val P/R/F1 (Macro): 0.1591/0.3333/0.2153 | LR: 0.000001
Epoch [77/100] | SVD update #77: pairs=96, sweeps=10, converged=False, rel_change=2.733e-02, effective_ranks=(95, 28), class_paired=True
Epoch [77/100] | Loss: 6.5160 (Cls: 6.4829, TAL: 0.1742, Adv: 0.1531, OT-Reg: 0.001479) | OT inner objective: -0.0005 | Marginal residual row/col/max: 1.27e-06/1.99e-08/1.27e-06 | Train Acc: 0.1146 | Val Acc: 0.2692 | Val P/R/F1 (Macro): 0.1333/0.1958/0.1581 | LR: 0.000001
Epoch [78/100] | SVD update #78: pairs=96, sweeps=8, converged=True, rel_change=4.934e-04, effective_ranks=(95, 26), class_paired=True
Epoch [78/100] | Loss: 6.4639 (Cls: 6.4212, TAL: 0.2655, Adv: 0.1355, OT-Reg: 0.001240) | OT inner objective: -0.0915 | Marginal residual row/col/max: 9.70e-06/1.24e-08/9.70e-06 | Train Acc: 0.0625 | Val Acc: 0.1538 | Val P/R/F1 (Macro): 0.0694/0.0958/0.0784 | LR: 0.000001
Epoch [79/100] | SVD update #79: pairs=96, sweeps=6, converged=True, rel_change=5.625e-04, effective_ranks=(95, 25), class_paired=True
Epoch [79/100] | Loss: 6.5536 (Cls: 6.5252, TAL: 0.1418, Adv: 0.1420, OT-Reg: 0.001685) | OT inner objective: 0.0888 | Marginal residual row/col/max: 1.45e-06/3.04e-08/1.45e-06 | Train Acc: 0.1146 | Val Acc: 0.1923 | Val P/R/F1 (Macro): 0.0362/0.1667/0.0595 | LR: 0.000001
Epoch [80/100] | SVD update #80: pairs=96, sweeps=6, converged=True, rel_change=1.159e-04, effective_ranks=(95, 26), class_paired=True
Epoch [80/100] | Loss: 6.3403 (Cls: 6.3240, TAL: 0.0509, Adv: 0.1275, OT-Reg: 0.001436) | OT inner objective: 0.0539 | Marginal residual row/col/max: 1.56e-07/1.18e-08/1.56e-07 | Train Acc: 0.2083 | Val Acc: 0.1154 | Val P/R/F1 (Macro): 0.0375/0.0875/0.0503 | LR: 0.000001
Epoch [81/100] | SVD update #81: pairs=96, sweeps=10, converged=False, rel_change=1.050e-02, effective_ranks=(95, 30), class_paired=True
Epoch [81/100] | Loss: 6.0821 (Cls: 6.0601, TAL: 0.0793, Adv: 0.1554, OT-Reg: 0.001464) | OT inner objective: 0.1255 | Marginal residual row/col/max: 1.68e-08/1.24e-08/1.68e-08 | Train Acc: 0.1458 | Val Acc: 0.1538 | Val P/R/F1 (Macro): 0.0836/0.1208/0.0987 | LR: 0.000001
Epoch [82/100] | SVD update #82: pairs=96, sweeps=10, converged=False, rel_change=2.255e-03, effective_ranks=(95, 27), class_paired=True
Epoch [82/100] | Loss: 5.7874 (Cls: 5.7731, TAL: 0.0379, Adv: 0.1212, OT-Reg: 0.001453) | OT inner objective: 0.1306 | Marginal residual row/col/max: 1.24e-08/1.24e-08/1.37e-08 | Train Acc: 0.1771 | Val Acc: 0.1154 | Val P/R/F1 (Macro): 0.0542/0.0875/0.0653 | LR: 0.000001
Epoch [83/100] | SVD update #83: pairs=96, sweeps=6, converged=True, rel_change=4.121e-04, effective_ranks=(95, 26), class_paired=True
Epoch [83/100] | Loss: 6.3309 (Cls: 6.3000, TAL: 0.1690, Adv: 0.1322, OT-Reg: 0.001184) | OT inner objective: -0.0519 | Marginal residual row/col/max: 2.06e-04/1.12e-08/2.06e-04 | Train Acc: 0.1354 | Val Acc: 0.2692 | Val P/R/F1 (Macro): 0.1250/0.2333/0.1407 | LR: 0.000001
Epoch [84/100] | SVD update #84: pairs=96, sweeps=4, converged=True, rel_change=1.122e-04, effective_ranks=(95, 23), class_paired=True
Epoch [84/100] | Loss: 6.0141 (Cls: 5.9742, TAL: 0.2386, Adv: 0.1411, OT-Reg: 0.001470) | OT inner objective: -0.0611 | Marginal residual row/col/max: 3.49e-06/1.18e-08/3.49e-06 | Train Acc: 0.1875 | Val Acc: 0.1538 | Val P/R/F1 (Macro): 0.0868/0.1333/0.0893 | LR: 0.000001
Epoch [85/100] | SVD update #85: pairs=96, sweeps=10, converged=False, rel_change=2.192e-02, effective_ranks=(95, 31), class_paired=True
Epoch [85/100] | Loss: 6.0318 (Cls: 6.0411, TAL: -0.1664, Adv: 0.1338, OT-Reg: 0.001292) | OT inner objective: 0.0095 | Marginal residual row/col/max: 2.51e-04/1.24e-08/2.51e-04 | Train Acc: 0.2292 | Val Acc: 0.5000 | Val P/R/F1 (Macro): 0.4306/0.4708/0.4478 | LR: 0.000001
Epoch [86/100] | SVD update #86: pairs=96, sweeps=10, converged=False, rel_change=3.655e-02, effective_ranks=(95, 40), class_paired=True
Epoch [86/100] | Loss: 5.8976 (Cls: 5.8950, TAL: -0.0672, Adv: 0.1331, OT-Reg: 0.001612) | OT inner objective: 0.1294 | Marginal residual row/col/max: 1.12e-08/1.18e-08/1.43e-08 | Train Acc: 0.1562 | Val Acc: 0.1923 | Val P/R/F1 (Macro): 0.0809/0.1542/0.0884 | LR: 0.000001
Epoch [87/100] | SVD update #87: pairs=96, sweeps=10, converged=False, rel_change=1.462e-02, effective_ranks=(95, 24), class_paired=True
Epoch [87/100] | Loss: 6.1041 (Cls: 6.0889, TAL: 0.0361, Adv: 0.1356, OT-Reg: 0.001604) | OT inner objective: 0.1766 | Marginal residual row/col/max: 1.99e-06/1.49e-08/1.99e-06 | Train Acc: 0.0833 | Val Acc: 0.1538 | Val P/R/F1 (Macro): 0.0290/0.1333/0.0476 | LR: 0.000001
Epoch [88/100] | SVD update #88: pairs=96, sweeps=10, converged=False, rel_change=1.466e-03, effective_ranks=(95, 23), class_paired=True
Epoch [88/100] | Loss: 5.9334 (Cls: 5.9327, TAL: -0.0910, Adv: 0.1452, OT-Reg: 0.001543) | OT inner objective: 0.0669 | Marginal residual row/col/max: 7.20e-08/9.31e-09/7.20e-08 | Train Acc: 0.1354 | Val Acc: 0.0769 | Val P/R/F1 (Macro): 0.0128/0.1667/0.0238 | LR: 0.000001
Epoch [89/100] | SVD update #89: pairs=96, sweeps=5, converged=True, rel_change=5.301e-04, effective_ranks=(95, 26), class_paired=True
Epoch [89/100] | Loss: 6.1223 (Cls: 6.1171, TAL: -0.0466, Adv: 0.1346, OT-Reg: 0.001407) | OT inner objective: 0.0628 | Marginal residual row/col/max: 1.92e-07/1.06e-08/1.92e-07 | Train Acc: 0.0938 | Val Acc: 0.0769 | Val P/R/F1 (Macro): 0.0133/0.1667/0.0247 | LR: 0.000001
Epoch [90/100] | SVD update #90: pairs=96, sweeps=6, converged=True, rel_change=6.099e-04, effective_ranks=(95, 25), class_paired=True
Epoch [90/100] | Loss: 6.1674 (Cls: 6.1651, TAL: -0.0671, Adv: 0.1291, OT-Reg: 0.001481) | OT inner objective: 0.1820 | Marginal residual row/col/max: 1.24e-08/9.93e-09/1.30e-08 | Train Acc: 0.1354 | Val Acc: 0.0769 | Val P/R/F1 (Macro): 0.0133/0.1667/0.0247 | LR: 0.000001
Epoch [91/100] | SVD update #91: pairs=96, sweeps=4, converged=True, rel_change=7.104e-04, effective_ranks=(95, 25), class_paired=True
Epoch [91/100] | Loss: 6.5385 (Cls: 6.5437, TAL: -0.1420, Adv: 0.1475, OT-Reg: 0.001551) | OT inner objective: -0.0786 | Marginal residual row/col/max: 2.66e-06/1.49e-08/2.66e-06 | Train Acc: 0.1250 | Val Acc: 0.0385 | Val P/R/F1 (Macro): 0.0076/0.0833/0.0139 | LR: 0.000001
Epoch [92/100] | SVD update #92: pairs=96, sweeps=9, converged=True, rel_change=9.088e-04, effective_ranks=(95, 29), class_paired=True
Epoch [92/100] | Loss: 6.1176 (Cls: 6.0957, TAL: 0.0869, Adv: 0.1431, OT-Reg: 0.001355) | OT inner objective: -0.0696 | Marginal residual row/col/max: 2.05e-06/1.12e-08/2.05e-06 | Train Acc: 0.1458 | Val Acc: 0.0000 | Val P/R/F1 (Macro): 0.0000/0.0000/0.0000 | LR: 0.000001
Epoch [93/100] | SVD update #93: pairs=96, sweeps=10, converged=False, rel_change=2.746e-02, effective_ranks=(95, 23), class_paired=True
Epoch [93/100] | Loss: 5.8631 (Cls: 5.8657, TAL: -0.1144, Adv: 0.1380, OT-Reg: 0.001220) | OT inner objective: 0.0168 | Marginal residual row/col/max: 2.55e-08/4.72e-08/4.84e-08 | Train Acc: 0.2500 | Val Acc: 0.0769 | Val P/R/F1 (Macro): 0.0556/0.1667/0.0833 | LR: 0.000001
Epoch [94/100] | SVD update #94: pairs=96, sweeps=10, converged=False, rel_change=1.186e-01, effective_ranks=(95, 33), class_paired=True
Epoch [94/100] | Loss: 5.8724 (Cls: 5.8491, TAL: 0.1024, Adv: 0.1379, OT-Reg: 0.001551) | OT inner objective: 0.1177 | Marginal residual row/col/max: 9.31e-09/1.30e-08/1.37e-08 | Train Acc: 0.2083 | Val Acc: 0.0769 | Val P/R/F1 (Macro): 0.0139/0.1667/0.0256 | LR: 0.000001
Epoch [95/100] | SVD update #95: pairs=96, sweeps=7, converged=True, rel_change=9.523e-04, effective_ranks=(95, 28), class_paired=True
Epoch [95/100] | Loss: 6.4020 (Cls: 6.3963, TAL: -0.0307, Adv: 0.1169, OT-Reg: 0.001389) | OT inner objective: 0.1069 | Marginal residual row/col/max: 8.07e-09/1.49e-08/1.49e-08 | Train Acc: 0.1458 | Val Acc: 0.0769 | Val P/R/F1 (Macro): 0.0128/0.1667/0.0238 | LR: 0.000001
Epoch [96/100] | SVD update #96: pairs=96, sweeps=4, converged=True, rel_change=9.301e-04, effective_ranks=(95, 28), class_paired=True
Epoch [96/100] | Loss: 5.6335 (Cls: 5.6196, TAL: 0.0341, Adv: 0.1230, OT-Reg: 0.001426) | OT inner objective: 0.0518 | Marginal residual row/col/max: 7.30e-07/1.30e-08/7.30e-07 | Train Acc: 0.1875 | Val Acc: 0.0000 | Val P/R/F1 (Macro): 0.0000/0.0000/0.0000 | LR: 0.000001
Epoch [97/100] | SVD update #97: pairs=96, sweeps=5, converged=True, rel_change=4.224e-04, effective_ranks=(95, 27), class_paired=True
Epoch [97/100] | Loss: 5.9603 (Cls: 5.9867, TAL: -0.3060, Adv: 0.1290, OT-Reg: 0.001440) | OT inner objective: 0.1045 | Marginal residual row/col/max: 1.12e-08/1.55e-08/1.55e-08 | Train Acc: 0.1875 | Val Acc: 0.0769 | Val P/R/F1 (Macro): 0.0145/0.1667/0.0267 | LR: 0.000001
Epoch [98/100] | SVD update #98: pairs=96, sweeps=8, converged=True, rel_change=1.876e-04, effective_ranks=(95, 32), class_paired=True
Epoch [98/100] | Loss: 6.2649 (Cls: 6.2451, TAL: 0.0687, Adv: 0.1445, OT-Reg: 0.001369) | OT inner objective: 0.0362 | Marginal residual row/col/max: 1.97e-07/1.61e-08/2.00e-07 | Train Acc: 0.1875 | Val Acc: 0.0769 | Val P/R/F1 (Macro): 0.0238/0.1667/0.0417 | LR: 0.000001
Epoch [99/100] | SVD update #99: pairs=96, sweeps=10, converged=False, rel_change=7.271e-03, effective_ranks=(95, 29), class_paired=True
Epoch [99/100] | Loss: 5.9412 (Cls: 5.9084, TAL: 0.1884, Adv: 0.1272, OT-Reg: 0.001230) | OT inner objective: 0.0282 | Marginal residual row/col/max: 1.08e-07/2.61e-08/1.17e-07 | Train Acc: 0.2083 | Val Acc: 0.0000 | Val P/R/F1 (Macro): 0.0000/0.0000/0.0000 | LR: 0.000001
Epoch [100/100] | SVD update #100: pairs=96, sweeps=8, converged=True, rel_change=7.862e-04, effective_ranks=(95, 28), class_paired=True
Epoch [100/100] | Loss: 5.7969 (Cls: 5.8000, TAL: -0.1147, Adv: 0.1329, OT-Reg: 0.001394) | OT inner objective: 0.0641 | Marginal residual row/col/max: 9.19e-08/1.30e-08/9.44e-08 | Train Acc: 0.1979 | Val Acc: 0.0385 | Val P/R/F1 (Macro): 0.0072/0.0833/0.0133 | LR: 0.000001
Report strategy: best, window=10, reported_acc=0.5000, best_acc=0.5000, selected_epoch=27

迭代 3 报告指标:
  Accuracy: 0.5000
  Precision (Macro): 0.5556
  Recall (Macro): 0.5208
  F1 (Macro): 0.5169
  Precision (Micro): 0.5000
  Recall (Micro): 0.5000
  F1 (Micro): 0.5000
  Val class coverage: 6/14 (0.4286), samples=26

================================================================================
迭代 4/5
随机种子: 45
================================================================================
Training mode: full target-label supervision (class-paired batches).
Feature fusion: Tensor alignment (512+512 -> 16+16); fused_dim=32
Domain adaptation: Neural OT generator with 3-domain discriminator
Loss weights: tensor=0.12, adv=0.08
Transport: mode=sinkhorn, epsilon=0.1, Sinkhorn iterations=50, correction scale=0.1, correction regularization weight=0.001
Tensor projection update: once per epoch from the complete target-training pairing bank; projection_dim=16, max_sweeps=10, relative singular-value tolerance=0.001
Epoch [1/100] | SVD update #1: pairs=96, sweeps=3, converged=True, rel_change=9.446e-04, effective_ranks=(95, 92), class_paired=True
Epoch [1/100] | Loss: 9.1400 (Cls: 9.1405, TAL: -0.1648, Adv: 0.2410, OT-Reg: 0.000886) | OT inner objective: 0.2817 | Marginal residual row/col/max: 1.61e-08/2.05e-08/2.30e-08 | Train Acc: 0.1250 | Val Acc: 0.0000 | Val P/R/F1 (Macro): 0.0000/0.0000/0.0000 | LR: 0.000005
  >>> New Best Val Acc: 0.0000
Epoch [2/100] | SVD update #2: pairs=96, sweeps=3, converged=True, rel_change=5.181e-04, effective_ranks=(95, 76), class_paired=True
Epoch [2/100] | Loss: 8.1082 (Cls: 8.0806, TAL: 0.0725, Adv: 0.2361, OT-Reg: 0.000681) | OT inner objective: 0.2762 | Marginal residual row/col/max: 1.18e-08/1.55e-08/1.55e-08 | Train Acc: 0.2083 | Val Acc: 0.0769 | Val P/R/F1 (Macro): 0.1818/0.0625/0.0593 | LR: 0.000005
  >>> New Best Val Acc: 0.0769
Epoch [3/100] | SVD update #3: pairs=96, sweeps=5, converged=True, rel_change=8.474e-04, effective_ranks=(95, 81), class_paired=True
Epoch [3/100] | Loss: 7.6365 (Cls: 7.6495, TAL: -0.2885, Adv: 0.2709, OT-Reg: 0.000809) | OT inner objective: 0.2243 | Marginal residual row/col/max: 4.03e-07/1.55e-08/4.09e-07 | Train Acc: 0.1562 | Val Acc: 0.1154 | Val P/R/F1 (Macro): 0.1825/0.1875/0.0660 | LR: 0.000005
  >>> New Best Val Acc: 0.1154
Epoch [4/100] | SVD update #4: pairs=96, sweeps=4, converged=True, rel_change=1.686e-04, effective_ranks=(95, 62), class_paired=True
Epoch [4/100] | Loss: 7.4416 (Cls: 7.4154, TAL: 0.0637, Adv: 0.2318, OT-Reg: 0.000655) | OT inner objective: 0.2592 | Marginal residual row/col/max: 9.31e-09/1.12e-08/1.12e-08 | Train Acc: 0.1250 | Val Acc: 0.2308 | Val P/R/F1 (Macro): 0.0677/0.2500/0.1065 | LR: 0.000005
  >>> New Best Val Acc: 0.2308
Epoch [5/100] | SVD update #5: pairs=96, sweeps=10, converged=False, rel_change=5.407e-01, effective_ranks=(95, 66), class_paired=True
Epoch [5/100] | Loss: 7.6656 (Cls: 7.6530, TAL: -0.0423, Adv: 0.2213, OT-Reg: 0.000788) | OT inner objective: 0.2088 | Marginal residual row/col/max: 8.69e-09/1.49e-08/1.49e-08 | Train Acc: 0.2083 | Val Acc: 0.1154 | Val P/R/F1 (Macro): 0.0536/0.2000/0.0842 | LR: 0.000005
Epoch [6/100] | SVD update #6: pairs=96, sweeps=10, converged=False, rel_change=3.201e-01, effective_ranks=(95, 43), class_paired=True
Epoch [6/100] | Loss: 7.5031 (Cls: 7.4679, TAL: 0.1394, Adv: 0.2316, OT-Reg: 0.000721) | OT inner objective: 0.2836 | Marginal residual row/col/max: 1.12e-08/1.24e-08/1.24e-08 | Train Acc: 0.1042 | Val Acc: 0.3846 | Val P/R/F1 (Macro): 0.3468/0.4208/0.3598 | LR: 0.000005
  >>> New Best Val Acc: 0.3846
Epoch [7/100] | SVD update #7: pairs=96, sweeps=10, converged=False, rel_change=1.895e-02, effective_ranks=(95, 44), class_paired=True
Epoch [7/100] | Loss: 6.9274 (Cls: 6.9277, TAL: -0.1597, Adv: 0.2356, OT-Reg: 0.000811) | OT inner objective: 0.2414 | Marginal residual row/col/max: 1.12e-08/2.67e-08/2.67e-08 | Train Acc: 0.2500 | Val Acc: 0.7308 | Val P/R/F1 (Macro): 0.6413/0.7042/0.6236 | LR: 0.000005
  >>> New Best Val Acc: 0.7308
Epoch [8/100] | SVD update #8: pairs=96, sweeps=10, converged=False, rel_change=1.173e-01, effective_ranks=(95, 48), class_paired=True
Epoch [8/100] | Loss: 6.6010 (Cls: 6.5880, TAL: -0.0671, Adv: 0.2626, OT-Reg: 0.000757) | OT inner objective: 0.2427 | Marginal residual row/col/max: 8.69e-09/2.42e-08/2.42e-08 | Train Acc: 0.2604 | Val Acc: 0.4615 | Val P/R/F1 (Macro): 0.3657/0.4583/0.3908 | LR: 0.000005
Epoch [9/100] | SVD update #9: pairs=96, sweeps=10, converged=False, rel_change=1.108e-03, effective_ranks=(95, 69), class_paired=True
Epoch [9/100] | Loss: 7.3443 (Cls: 7.3479, TAL: -0.1786, Adv: 0.2231, OT-Reg: 0.000632) | OT inner objective: 0.2134 | Marginal residual row/col/max: 4.97e-08/1.18e-08/4.97e-08 | Train Acc: 0.1667 | Val Acc: 0.1538 | Val P/R/F1 (Macro): 0.0565/0.1833/0.0860 | LR: 0.000005
Epoch [10/100] | SVD update #10: pairs=96, sweeps=10, converged=False, rel_change=5.237e-01, effective_ranks=(95, 51), class_paired=True
Epoch [10/100] | Loss: 7.5706 (Cls: 7.5356, TAL: 0.1161, Adv: 0.2632, OT-Reg: 0.000830) | OT inner objective: 0.1997 | Marginal residual row/col/max: 1.87e-07/2.30e-08/1.94e-07 | Train Acc: 0.1250 | Val Acc: 0.1923 | Val P/R/F1 (Macro): 0.0556/0.1667/0.0833 | LR: 0.000005
Epoch [11/100] | SVD update #11: pairs=96, sweeps=10, converged=False, rel_change=6.376e-01, effective_ranks=(95, 52), class_paired=True
Epoch [11/100] | Loss: 7.1140 (Cls: 7.0909, TAL: 0.0488, Adv: 0.2166, OT-Reg: 0.000823) | OT inner objective: 0.2603 | Marginal residual row/col/max: 1.43e-08/3.10e-08/3.10e-08 | Train Acc: 0.1458 | Val Acc: 0.3846 | Val P/R/F1 (Macro): 0.2262/0.3958/0.2377 | LR: 0.000005
Epoch [12/100] | SVD update #12: pairs=96, sweeps=10, converged=False, rel_change=5.539e-01, effective_ranks=(95, 39), class_paired=True
Epoch [12/100] | Loss: 7.4155 (Cls: 7.3882, TAL: 0.0897, Adv: 0.2076, OT-Reg: 0.000860) | OT inner objective: 0.1444 | Marginal residual row/col/max: 1.49e-08/1.61e-08/1.86e-08 | Train Acc: 0.1354 | Val Acc: 0.3846 | Val P/R/F1 (Macro): 0.2197/0.3333/0.2577 | LR: 0.000005
Epoch [13/100] | SVD update #13: pairs=96, sweeps=10, converged=True, rel_change=2.943e-04, effective_ranks=(95, 27), class_paired=True
Epoch [13/100] | Loss: 7.1327 (Cls: 7.1225, TAL: -0.0721, Adv: 0.2365, OT-Reg: 0.000801) | OT inner objective: 0.2681 | Marginal residual row/col/max: 1.12e-08/2.17e-08/2.17e-08 | Train Acc: 0.2188 | Val Acc: 0.3846 | Val P/R/F1 (Macro): 0.3095/0.2958/0.2527 | LR: 0.000005
Epoch [14/100] | SVD update #14: pairs=96, sweeps=10, converged=False, rel_change=3.818e-03, effective_ranks=(95, 27), class_paired=True
Epoch [14/100] | Loss: 6.6235 (Cls: 6.6148, TAL: -0.0657, Adv: 0.2073, OT-Reg: 0.000764) | OT inner objective: 0.0858 | Marginal residual row/col/max: 4.96e-05/1.06e-08/4.96e-05 | Train Acc: 0.3438 | Val Acc: 0.4615 | Val P/R/F1 (Macro): 0.2968/0.5000/0.3591 | LR: 0.000005
Epoch [15/100] | SVD update #15: pairs=96, sweeps=10, converged=False, rel_change=1.102e-03, effective_ranks=(95, 23), class_paired=True
Epoch [15/100] | Loss: 6.9277 (Cls: 6.9034, TAL: 0.0595, Adv: 0.2141, OT-Reg: 0.000897) | OT inner objective: 0.1758 | Marginal residual row/col/max: 3.23e-08/1.92e-08/3.73e-08 | Train Acc: 0.2604 | Val Acc: 0.1538 | Val P/R/F1 (Macro): 0.3750/0.1583/0.2148 | LR: 0.000005
Epoch [16/100] | SVD update #16: pairs=96, sweeps=6, converged=True, rel_change=5.325e-04, effective_ranks=(95, 22), class_paired=True
Epoch [16/100] | Loss: 6.9930 (Cls: 6.9772, TAL: -0.0224, Adv: 0.2314, OT-Reg: 0.000809) | OT inner objective: 0.2433 | Marginal residual row/col/max: 1.61e-08/2.42e-08/2.42e-08 | Train Acc: 0.2396 | Val Acc: 0.2308 | Val P/R/F1 (Macro): 0.2439/0.2375/0.1481 | LR: 0.000005
Epoch [17/100] | SVD update #17: pairs=96, sweeps=10, converged=False, rel_change=3.426e-01, effective_ranks=(95, 21), class_paired=True
Epoch [17/100] | Loss: 6.6525 (Cls: 6.6179, TAL: 0.1099, Adv: 0.2664, OT-Reg: 0.000824) | OT inner objective: 0.2184 | Marginal residual row/col/max: 1.49e-08/2.48e-08/2.48e-08 | Train Acc: 0.2188 | Val Acc: 0.1923 | Val P/R/F1 (Macro): 0.1208/0.2667/0.1370 | LR: 0.000005
Epoch [18/100] | SVD update #18: pairs=96, sweeps=10, converged=False, rel_change=2.139e-01, effective_ranks=(95, 24), class_paired=True
Epoch [18/100] | Loss: 6.5721 (Cls: 6.5485, TAL: 0.0825, Adv: 0.1702, OT-Reg: 0.000721) | OT inner objective: 0.2537 | Marginal residual row/col/max: 1.06e-08/1.43e-08/1.43e-08 | Train Acc: 0.3125 | Val Acc: 0.0769 | Val P/R/F1 (Macro): 0.0476/0.1667/0.0741 | LR: 0.000003
Epoch [19/100] | SVD update #19: pairs=96, sweeps=10, converged=False, rel_change=2.488e-01, effective_ranks=(95, 26), class_paired=True
Epoch [19/100] | Loss: 6.9330 (Cls: 6.9064, TAL: 0.0773, Adv: 0.2155, OT-Reg: 0.000757) | OT inner objective: 0.2572 | Marginal residual row/col/max: 1.49e-08/2.98e-08/2.98e-08 | Train Acc: 0.1562 | Val Acc: 0.1538 | Val P/R/F1 (Macro): 0.0667/0.1667/0.0952 | LR: 0.000003
Epoch [20/100] | SVD update #20: pairs=96, sweeps=10, converged=False, rel_change=7.379e-02, effective_ranks=(95, 26), class_paired=True
Epoch [20/100] | Loss: 6.7147 (Cls: 6.7108, TAL: -0.1084, Adv: 0.2123, OT-Reg: 0.000833) | OT inner objective: 0.2621 | Marginal residual row/col/max: 1.06e-08/1.55e-08/1.55e-08 | Train Acc: 0.2083 | Val Acc: 0.4231 | Val P/R/F1 (Macro): 0.1667/0.2667/0.2029 | LR: 0.000003
Epoch [21/100] | SVD update #21: pairs=96, sweeps=10, converged=False, rel_change=3.812e-02, effective_ranks=(95, 22), class_paired=True
Epoch [21/100] | Loss: 7.1783 (Cls: 7.1591, TAL: 0.0324, Adv: 0.1909, OT-Reg: 0.000869) | OT inner objective: 0.1054 | Marginal residual row/col/max: 2.24e-07/1.74e-08/2.25e-07 | Train Acc: 0.1667 | Val Acc: 0.1538 | Val P/R/F1 (Macro): 0.1315/0.1708/0.1136 | LR: 0.000003
Epoch [22/100] | SVD update #22: pairs=96, sweeps=10, converged=False, rel_change=3.640e-01, effective_ranks=(95, 21), class_paired=True
Epoch [22/100] | Loss: 7.0032 (Cls: 6.9975, TAL: -0.0808, Adv: 0.1921, OT-Reg: 0.000880) | OT inner objective: 0.2448 | Marginal residual row/col/max: 1.06e-08/3.10e-08/3.10e-08 | Train Acc: 0.1979 | Val Acc: 0.2308 | Val P/R/F1 (Macro): 0.2333/0.2083/0.1619 | LR: 0.000003
Epoch [23/100] | SVD update #23: pairs=96, sweeps=10, converged=False, rel_change=3.402e-01, effective_ranks=(95, 20), class_paired=True
Epoch [23/100] | Loss: 6.1789 (Cls: 6.1565, TAL: 0.0569, Adv: 0.1949, OT-Reg: 0.000765) | OT inner objective: 0.2307 | Marginal residual row/col/max: 1.30e-08/3.73e-08/3.73e-08 | Train Acc: 0.2396 | Val Acc: 0.3462 | Val P/R/F1 (Macro): 0.1308/0.3000/0.1815 | LR: 0.000003
Epoch [24/100] | SVD update #24: pairs=96, sweeps=10, converged=False, rel_change=1.447e-03, effective_ranks=(95, 19), class_paired=True
Epoch [24/100] | Loss: 6.7861 (Cls: 6.7651, TAL: 0.0514, Adv: 0.1852, OT-Reg: 0.000856) | OT inner objective: 0.0896 | Marginal residual row/col/max: 1.42e-07/1.68e-08/1.44e-07 | Train Acc: 0.2292 | Val Acc: 0.0769 | Val P/R/F1 (Macro): 0.0185/0.1667/0.0333 | LR: 0.000003
Epoch [25/100] | SVD update #25: pairs=96, sweeps=10, converged=False, rel_change=2.987e-01, effective_ranks=(95, 21), class_paired=True
Epoch [25/100] | Loss: 6.7553 (Cls: 6.7723, TAL: -0.2799, Adv: 0.2073, OT-Reg: 0.000857) | OT inner objective: 0.1181 | Marginal residual row/col/max: 1.12e-06/1.49e-08/1.12e-06 | Train Acc: 0.2292 | Val Acc: 0.4615 | Val P/R/F1 (Macro): 0.3056/0.4333/0.3563 | LR: 0.000003
Epoch [26/100] | SVD update #26: pairs=96, sweeps=10, converged=False, rel_change=2.711e-01, effective_ranks=(94, 23), class_paired=True
Epoch [26/100] | Loss: 6.5654 (Cls: 6.5467, TAL: -0.0005, Adv: 0.2337, OT-Reg: 0.000892) | OT inner objective: 0.1608 | Marginal residual row/col/max: 1.49e-08/3.04e-08/3.04e-08 | Train Acc: 0.2604 | Val Acc: 0.3846 | Val P/R/F1 (Macro): 0.1452/0.3333/0.2022 | LR: 0.000003
Epoch [27/100] | SVD update #27: pairs=96, sweeps=10, converged=False, rel_change=6.853e-02, effective_ranks=(95, 22), class_paired=True
Epoch [27/100] | Loss: 6.4552 (Cls: 6.4259, TAL: 0.1132, Adv: 0.1953, OT-Reg: 0.000793) | OT inner objective: 0.2668 | Marginal residual row/col/max: 1.24e-08/2.11e-08/2.11e-08 | Train Acc: 0.2500 | Val Acc: 0.1923 | Val P/R/F1 (Macro): 0.0417/0.1667/0.0667 | LR: 0.000003
Epoch [28/100] | SVD update #28: pairs=96, sweeps=10, converged=False, rel_change=1.035e-02, effective_ranks=(95, 21), class_paired=True
Epoch [28/100] | Loss: 6.5662 (Cls: 6.5632, TAL: -0.1068, Adv: 0.1984, OT-Reg: 0.000855) | OT inner objective: 0.1566 | Marginal residual row/col/max: 3.35e-08/3.91e-08/4.84e-08 | Train Acc: 0.1771 | Val Acc: 0.1923 | Val P/R/F1 (Macro): 0.1111/0.2167/0.1442 | LR: 0.000003
Epoch [29/100] | SVD update #29: pairs=96, sweeps=9, converged=True, rel_change=7.129e-04, effective_ranks=(95, 21), class_paired=True
Epoch [29/100] | Loss: 6.4240 (Cls: 6.4230, TAL: -0.1078, Adv: 0.1742, OT-Reg: 0.000845) | OT inner objective: 0.2459 | Marginal residual row/col/max: 9.93e-09/2.48e-08/2.48e-08 | Train Acc: 0.2188 | Val Acc: 0.1923 | Val P/R/F1 (Macro): 0.1090/0.3750/0.1528 | LR: 0.000001
Epoch [30/100] | SVD update #30: pairs=96, sweeps=10, converged=False, rel_change=1.969e-01, effective_ranks=(95, 17), class_paired=True
Epoch [30/100] | Loss: 6.2507 (Cls: 6.2428, TAL: -0.0438, Adv: 0.1647, OT-Reg: 0.000940) | OT inner objective: 0.1930 | Marginal residual row/col/max: 1.86e-08/2.92e-08/2.92e-08 | Train Acc: 0.1562 | Val Acc: 0.1154 | Val P/R/F1 (Macro): 0.0700/0.2083/0.0743 | LR: 0.000001
Epoch [31/100] | SVD update #31: pairs=96, sweeps=10, converged=False, rel_change=4.880e-01, effective_ranks=(95, 18), class_paired=True
Epoch [31/100] | Loss: 6.4404 (Cls: 6.4485, TAL: -0.1994, Adv: 0.1986, OT-Reg: 0.000792) | OT inner objective: 0.0896 | Marginal residual row/col/max: 1.49e-06/2.67e-08/1.50e-06 | Train Acc: 0.2396 | Val Acc: 0.2308 | Val P/R/F1 (Macro): 0.1474/0.2083/0.1481 | LR: 0.000001
Epoch [32/100] | SVD update #32: pairs=96, sweeps=10, converged=False, rel_change=1.050e-01, effective_ranks=(95, 20), class_paired=True
Epoch [32/100] | Loss: 6.3963 (Cls: 6.3668, TAL: 0.1167, Adv: 0.1934, OT-Reg: 0.000964) | OT inner objective: 0.2856 | Marginal residual row/col/max: 9.93e-09/3.17e-08/3.17e-08 | Train Acc: 0.1562 | Val Acc: 0.2692 | Val P/R/F1 (Macro): 0.1310/0.2667/0.1650 | LR: 0.000001
Epoch [33/100] | SVD update #33: pairs=96, sweeps=10, converged=False, rel_change=5.366e-01, effective_ranks=(95, 17), class_paired=True
Epoch [33/100] | Loss: 6.5557 (Cls: 6.5328, TAL: 0.0657, Adv: 0.1879, OT-Reg: 0.000867) | OT inner objective: 0.1556 | Marginal residual row/col/max: 2.24e-08/4.16e-08/4.16e-08 | Train Acc: 0.1979 | Val Acc: 0.1538 | Val P/R/F1 (Macro): 0.1019/0.1417/0.1166 | LR: 0.000001
Epoch [34/100] | SVD update #34: pairs=96, sweeps=7, converged=True, rel_change=7.788e-04, effective_ranks=(95, 17), class_paired=True
Epoch [34/100] | Loss: 6.4767 (Cls: 6.4655, TAL: -0.0401, Adv: 0.2006, OT-Reg: 0.001040) | OT inner objective: 0.2837 | Marginal residual row/col/max: 1.49e-08/3.29e-08/3.29e-08 | Train Acc: 0.3438 | Val Acc: 0.3846 | Val P/R/F1 (Macro): 0.3393/0.4500/0.3390 | LR: 0.000001
Epoch [35/100] | SVD update #35: pairs=96, sweeps=10, converged=False, rel_change=1.081e-01, effective_ranks=(95, 19), class_paired=True
Epoch [35/100] | Loss: 6.7586 (Cls: 6.7357, TAL: 0.0555, Adv: 0.2029, OT-Reg: 0.000921) | OT inner objective: 0.2412 | Marginal residual row/col/max: 1.55e-08/2.92e-08/2.92e-08 | Train Acc: 0.2604 | Val Acc: 0.4231 | Val P/R/F1 (Macro): 0.3377/0.3417/0.2819 | LR: 0.000001
Epoch [36/100] | SVD update #36: pairs=96, sweeps=10, converged=False, rel_change=1.966e-02, effective_ranks=(95, 13), class_paired=True
Epoch [36/100] | Loss: 6.7185 (Cls: 6.7157, TAL: -0.1279, Adv: 0.2280, OT-Reg: 0.000917) | OT inner objective: 0.2023 | Marginal residual row/col/max: 1.18e-08/3.85e-08/3.85e-08 | Train Acc: 0.3125 | Val Acc: 0.3462 | Val P/R/F1 (Macro): 0.2996/0.3667/0.2937 | LR: 0.000001
Epoch [37/100] | SVD update #37: pairs=96, sweeps=7, converged=True, rel_change=7.807e-04, effective_ranks=(95, 15), class_paired=True
Epoch [37/100] | Loss: 6.5573 (Cls: 6.5319, TAL: 0.0549, Adv: 0.2348, OT-Reg: 0.000774) | OT inner objective: 0.1441 | Marginal residual row/col/max: 1.24e-08/1.24e-08/1.37e-08 | Train Acc: 0.3438 | Val Acc: 0.6154 | Val P/R/F1 (Macro): 0.5389/0.5458/0.5199 | LR: 0.000001
Epoch [38/100] | SVD update #38: pairs=96, sweeps=7, converged=True, rel_change=4.183e-04, effective_ranks=(95, 19), class_paired=True
Epoch [38/100] | Loss: 6.3310 (Cls: 6.3201, TAL: -0.0431, Adv: 0.2009, OT-Reg: 0.000675) | OT inner objective: 0.0996 | Marginal residual row/col/max: 1.20e-05/2.11e-08/1.20e-05 | Train Acc: 0.2812 | Val Acc: 0.3462 | Val P/R/F1 (Macro): 0.2063/0.2500/0.1752 | LR: 0.000001
Epoch [39/100] | SVD update #39: pairs=96, sweeps=10, converged=False, rel_change=1.110e-03, effective_ranks=(95, 18), class_paired=True
Epoch [39/100] | Loss: 6.0230 (Cls: 6.0081, TAL: 0.0003, Adv: 0.1859, OT-Reg: 0.000782) | OT inner objective: -0.0221 | Marginal residual row/col/max: 4.13e-06/1.12e-08/4.13e-06 | Train Acc: 0.3125 | Val Acc: 0.5000 | Val P/R/F1 (Macro): 0.4444/0.3875/0.3685 | LR: 0.000001
Epoch [40/100] | SVD update #40: pairs=96, sweeps=10, converged=False, rel_change=2.126e-01, effective_ranks=(95, 15), class_paired=True
Epoch [40/100] | Loss: 6.5919 (Cls: 6.5571, TAL: 0.1812, Adv: 0.1626, OT-Reg: 0.000709) | OT inner objective: 0.2866 | Marginal residual row/col/max: 1.06e-08/4.10e-08/4.10e-08 | Train Acc: 0.2396 | Val Acc: 0.2308 | Val P/R/F1 (Macro): 0.1313/0.3250/0.1596 | LR: 0.000001
Epoch [41/100] | SVD update #41: pairs=96, sweeps=10, converged=False, rel_change=1.972e-01, effective_ranks=(95, 15), class_paired=True
Epoch [41/100] | Loss: 6.3403 (Cls: 6.2997, TAL: 0.2434, Adv: 0.1425, OT-Reg: 0.000842) | OT inner objective: 0.2224 | Marginal residual row/col/max: 2.42e-08/5.09e-08/5.09e-08 | Train Acc: 0.2500 | Val Acc: 0.2308 | Val P/R/F1 (Macro): 0.1905/0.3000/0.1898 | LR: 0.000001
Epoch [42/100] | SVD update #42: pairs=96, sweeps=10, converged=False, rel_change=2.107e-03, effective_ranks=(95, 18), class_paired=True
Epoch [42/100] | Loss: 6.7800 (Cls: 6.7529, TAL: 0.1177, Adv: 0.1616, OT-Reg: 0.000858) | OT inner objective: 0.2363 | Marginal residual row/col/max: 1.18e-08/4.35e-08/4.35e-08 | Train Acc: 0.1458 | Val Acc: 0.1923 | Val P/R/F1 (Macro): 0.1389/0.2167/0.1629 | LR: 0.000001
Epoch [43/100] | SVD update #43: pairs=96, sweeps=10, converged=False, rel_change=1.355e-03, effective_ranks=(94, 14), class_paired=True
Epoch [43/100] | Loss: 6.4076 (Cls: 6.3949, TAL: -0.0456, Adv: 0.2265, OT-Reg: 0.000865) | OT inner objective: 0.1303 | Marginal residual row/col/max: 3.43e-05/2.92e-08/3.43e-05 | Train Acc: 0.2500 | Val Acc: 0.3077 | Val P/R/F1 (Macro): 0.2431/0.3750/0.2583 | LR: 0.000001
Epoch [44/100] | SVD update #44: pairs=96, sweeps=10, converged=False, rel_change=1.766e-01, effective_ranks=(95, 14), class_paired=True
Epoch [44/100] | Loss: 6.4537 (Cls: 6.4611, TAL: -0.1763, Adv: 0.1710, OT-Reg: 0.000969) | OT inner objective: 0.1112 | Marginal residual row/col/max: 4.97e-07/4.35e-08/4.97e-07 | Train Acc: 0.2396 | Val Acc: 0.0769 | Val P/R/F1 (Macro): 0.0417/0.1042/0.0476 | LR: 0.000001
Epoch [45/100] | SVD update #45: pairs=96, sweeps=10, converged=False, rel_change=2.746e-02, effective_ranks=(95, 17), class_paired=True
Epoch [45/100] | Loss: 6.3277 (Cls: 6.3400, TAL: -0.2286, Adv: 0.1891, OT-Reg: 0.000933) | OT inner objective: 0.0703 | Marginal residual row/col/max: 1.01e-07/2.24e-08/1.02e-07 | Train Acc: 0.2917 | Val Acc: 0.3462 | Val P/R/F1 (Macro): 0.2976/0.3167/0.2722 | LR: 0.000001
Epoch [46/100] | SVD update #46: pairs=96, sweeps=9, converged=True, rel_change=9.167e-04, effective_ranks=(95, 16), class_paired=True
Epoch [46/100] | Loss: 6.7511 (Cls: 6.7540, TAL: -0.1519, Adv: 0.1925, OT-Reg: 0.000927) | OT inner objective: -0.1041 | Marginal residual row/col/max: 7.19e-05/3.54e-08/7.19e-05 | Train Acc: 0.2917 | Val Acc: 0.4231 | Val P/R/F1 (Macro): 0.2008/0.4167/0.2689 | LR: 0.000001
Epoch [47/100] | SVD update #47: pairs=96, sweeps=10, converged=False, rel_change=1.325e-03, effective_ranks=(95, 16), class_paired=True
Epoch [47/100] | Loss: 6.8250 (Cls: 6.8209, TAL: -0.0812, Adv: 0.1732, OT-Reg: 0.000845) | OT inner objective: 0.2128 | Marginal residual row/col/max: 1.49e-08/2.61e-08/2.61e-08 | Train Acc: 0.2396 | Val Acc: 0.4231 | Val P/R/F1 (Macro): 0.2929/0.3167/0.2655 | LR: 0.000001
Epoch [48/100] | SVD update #48: pairs=96, sweeps=10, converged=False, rel_change=2.879e-02, effective_ranks=(95, 18), class_paired=True
Epoch [48/100] | Loss: 6.2237 (Cls: 6.2189, TAL: -0.0611, Adv: 0.1512, OT-Reg: 0.000856) | OT inner objective: 0.1836 | Marginal residual row/col/max: 2.61e-08/3.97e-08/3.97e-08 | Train Acc: 0.2292 | Val Acc: 0.2692 | Val P/R/F1 (Macro): 0.2361/0.3083/0.2255 | LR: 0.000001
Epoch [49/100] | SVD update #49: pairs=96, sweeps=6, converged=True, rel_change=9.630e-04, effective_ranks=(95, 16), class_paired=True
Epoch [49/100] | Loss: 6.8506 (Cls: 6.8336, TAL: 0.0353, Adv: 0.1590, OT-Reg: 0.000833) | OT inner objective: 0.1711 | Marginal residual row/col/max: 2.11e-08/3.54e-08/3.54e-08 | Train Acc: 0.2188 | Val Acc: 0.3462 | Val P/R/F1 (Macro): 0.1647/0.2500/0.1869 | LR: 0.000001
Epoch [50/100] | SVD update #50: pairs=96, sweeps=7, converged=True, rel_change=3.276e-04, effective_ranks=(95, 13), class_paired=True
Epoch [50/100] | Loss: 6.7613 (Cls: 6.7471, TAL: 0.0194, Adv: 0.1481, OT-Reg: 0.000864) | OT inner objective: 0.2850 | Marginal residual row/col/max: 1.68e-08/3.85e-08/3.85e-08 | Train Acc: 0.3021 | Val Acc: 0.3462 | Val P/R/F1 (Macro): 0.1865/0.3375/0.2206 | LR: 0.000001
Epoch [51/100] | SVD update #51: pairs=96, sweeps=6, converged=True, rel_change=7.035e-04, effective_ranks=(95, 15), class_paired=True
Epoch [51/100] | Loss: 6.8716 (Cls: 6.8510, TAL: 0.0562, Adv: 0.1727, OT-Reg: 0.000828) | OT inner objective: 0.2360 | Marginal residual row/col/max: 2.86e-08/3.73e-08/4.04e-08 | Train Acc: 0.2812 | Val Acc: 0.2692 | Val P/R/F1 (Macro): 0.1389/0.2083/0.1389 | LR: 0.000001
Epoch [52/100] | SVD update #52: pairs=96, sweeps=10, converged=False, rel_change=3.805e-01, effective_ranks=(95, 17), class_paired=True
Epoch [52/100] | Loss: 6.4252 (Cls: 6.4090, TAL: 0.0060, Adv: 0.1929, OT-Reg: 0.000724) | OT inner objective: -0.0070 | Marginal residual row/col/max: 2.38e-04/4.59e-08/2.38e-04 | Train Acc: 0.2292 | Val Acc: 0.1154 | Val P/R/F1 (Macro): 0.0499/0.0833/0.0588 | LR: 0.000001
Epoch [53/100] | SVD update #53: pairs=96, sweeps=10, converged=True, rel_change=3.353e-04, effective_ranks=(95, 17), class_paired=True
Epoch [53/100] | Loss: 6.4201 (Cls: 6.3822, TAL: 0.2110, Adv: 0.1572, OT-Reg: 0.000790) | OT inner objective: 0.1444 | Marginal residual row/col/max: 8.87e-07/3.60e-08/8.94e-07 | Train Acc: 0.2917 | Val Acc: 0.5385 | Val P/R/F1 (Macro): 0.4103/0.4917/0.4101 | LR: 0.000001
Epoch [54/100] | SVD update #54: pairs=96, sweeps=10, converged=False, rel_change=1.322e-03, effective_ranks=(95, 18), class_paired=True
Epoch [54/100] | Loss: 6.2719 (Cls: 6.2592, TAL: 0.0248, Adv: 0.1219, OT-Reg: 0.000898) | OT inner objective: 0.0047 | Marginal residual row/col/max: 7.59e-06/3.35e-08/7.59e-06 | Train Acc: 0.3333 | Val Acc: 0.6154 | Val P/R/F1 (Macro): 0.5480/0.5625/0.5085 | LR: 0.000001
Epoch [55/100] | SVD update #55: pairs=96, sweeps=7, converged=True, rel_change=5.977e-04, effective_ranks=(95, 16), class_paired=True
Epoch [55/100] | Loss: 6.3898 (Cls: 6.3884, TAL: -0.0867, Adv: 0.1485, OT-Reg: 0.000820) | OT inner objective: 0.0588 | Marginal residual row/col/max: 1.23e-06/2.48e-08/1.23e-06 | Train Acc: 0.2396 | Val Acc: 0.3462 | Val P/R/F1 (Macro): 0.2389/0.2875/0.2274 | LR: 0.000001
Epoch [56/100] | SVD update #56: pairs=96, sweeps=10, converged=True, rel_change=9.178e-04, effective_ranks=(95, 15), class_paired=True
Epoch [56/100] | Loss: 6.4852 (Cls: 6.4816, TAL: -0.0623, Adv: 0.1385, OT-Reg: 0.000835) | OT inner objective: -0.0057 | Marginal residual row/col/max: 1.80e-05/2.42e-08/1.80e-05 | Train Acc: 0.2292 | Val Acc: 0.2692 | Val P/R/F1 (Macro): 0.1759/0.2500/0.2028 | LR: 0.000001
Epoch [57/100] | SVD update #57: pairs=96, sweeps=7, converged=True, rel_change=5.713e-04, effective_ranks=(95, 16), class_paired=True
Epoch [57/100] | Loss: 6.5153 (Cls: 6.5032, TAL: -0.0134, Adv: 0.1711, OT-Reg: 0.000832) | OT inner objective: 0.2016 | Marginal residual row/col/max: 3.23e-08/3.73e-08/4.97e-08 | Train Acc: 0.1875 | Val Acc: 0.5385 | Val P/R/F1 (Macro): 0.4286/0.4667/0.4167 | LR: 0.000001
Epoch [58/100] | SVD update #58: pairs=96, sweeps=10, converged=False, rel_change=3.594e-03, effective_ranks=(95, 15), class_paired=True
Epoch [58/100] | Loss: 6.4575 (Cls: 6.4449, TAL: -0.0049, Adv: 0.1647, OT-Reg: 0.000816) | OT inner objective: 0.1059 | Marginal residual row/col/max: 2.35e-06/3.91e-08/2.35e-06 | Train Acc: 0.1875 | Val Acc: 0.3462 | Val P/R/F1 (Macro): 0.2349/0.3500/0.2369 | LR: 0.000001
Epoch [59/100] | SVD update #59: pairs=96, sweeps=10, converged=True, rel_change=4.471e-04, effective_ranks=(95, 16), class_paired=True
Epoch [59/100] | Loss: 6.4328 (Cls: 6.4352, TAL: -0.1184, Adv: 0.1473, OT-Reg: 0.000848) | OT inner objective: 0.0919 | Marginal residual row/col/max: 1.67e-06/3.60e-08/1.67e-06 | Train Acc: 0.2604 | Val Acc: 0.4231 | Val P/R/F1 (Macro): 0.3611/0.3042/0.3155 | LR: 0.000001
Epoch [60/100] | SVD update #60: pairs=96, sweeps=10, converged=False, rel_change=2.257e-02, effective_ranks=(95, 19), class_paired=True
Epoch [60/100] | Loss: 6.1756 (Cls: 6.1597, TAL: 0.0254, Adv: 0.1605, OT-Reg: 0.000964) | OT inner objective: -0.1221 | Marginal residual row/col/max: 8.56e-05/2.24e-08/8.56e-05 | Train Acc: 0.3750 | Val Acc: 0.4615 | Val P/R/F1 (Macro): 0.3902/0.3750/0.3497 | LR: 0.000001
Epoch [61/100] | SVD update #61: pairs=96, sweeps=5, converged=True, rel_change=4.988e-04, effective_ranks=(95, 15), class_paired=True
Epoch [61/100] | Loss: 5.9732 (Cls: 5.9735, TAL: -0.1064, Adv: 0.1553, OT-Reg: 0.000827) | OT inner objective: 0.0958 | Marginal residual row/col/max: 4.72e-08/1.49e-08/4.72e-08 | Train Acc: 0.2812 | Val Acc: 0.5000 | Val P/R/F1 (Macro): 0.3571/0.4583/0.3769 | LR: 0.000001
Epoch [62/100] | SVD update #62: pairs=96, sweeps=6, converged=True, rel_change=2.665e-04, effective_ranks=(95, 15), class_paired=True
Epoch [62/100] | Loss: 6.3714 (Cls: 6.3594, TAL: -0.0018, Adv: 0.1529, OT-Reg: 0.000801) | OT inner objective: 0.0626 | Marginal residual row/col/max: 1.92e-06/1.12e-08/1.92e-06 | Train Acc: 0.2396 | Val Acc: 0.3846 | Val P/R/F1 (Macro): 0.3599/0.3958/0.3083 | LR: 0.000001
Epoch [63/100] | SVD update #63: pairs=96, sweeps=10, converged=True, rel_change=5.147e-04, effective_ranks=(95, 17), class_paired=True
Epoch [63/100] | Loss: 6.4389 (Cls: 6.4228, TAL: 0.0307, Adv: 0.1557, OT-Reg: 0.000767) | OT inner objective: 0.1042 | Marginal residual row/col/max: 1.51e-07/1.12e-08/1.53e-07 | Train Acc: 0.1667 | Val Acc: 0.4231 | Val P/R/F1 (Macro): 0.1758/0.2917/0.2153 | LR: 0.000001
Epoch [64/100] | SVD update #64: pairs=96, sweeps=10, converged=False, rel_change=1.842e-01, effective_ranks=(95, 14), class_paired=True
Epoch [64/100] | Loss: 6.3313 (Cls: 6.3356, TAL: -0.1322, Adv: 0.1433, OT-Reg: 0.000997) | OT inner objective: 0.2665 | Marginal residual row/col/max: 1.99e-08/3.41e-08/3.41e-08 | Train Acc: 0.2083 | Val Acc: 0.1538 | Val P/R/F1 (Macro): 0.0370/0.0833/0.0513 | LR: 0.000001
Epoch [65/100] | SVD update #65: pairs=96, sweeps=10, converged=False, rel_change=9.391e-01, effective_ranks=(95, 14), class_paired=True
Epoch [65/100] | Loss: 6.2875 (Cls: 6.2675, TAL: 0.0818, Adv: 0.1270, OT-Reg: 0.001099) | OT inner objective: 0.1739 | Marginal residual row/col/max: 1.92e-08/4.04e-08/4.04e-08 | Train Acc: 0.3333 | Val Acc: 0.3846 | Val P/R/F1 (Macro): 0.2980/0.2917/0.2375 | LR: 0.000001
Epoch [66/100] | SVD update #66: pairs=96, sweeps=8, converged=True, rel_change=3.965e-04, effective_ranks=(95, 14), class_paired=True
Epoch [66/100] | Loss: 6.2472 (Cls: 6.2612, TAL: -0.2318, Adv: 0.1724, OT-Reg: 0.000953) | OT inner objective: 0.2600 | Marginal residual row/col/max: 1.61e-08/4.41e-08/4.41e-08 | Train Acc: 0.2083 | Val Acc: 0.2308 | Val P/R/F1 (Macro): 0.0974/0.1875/0.1270 | LR: 0.000001
Epoch [67/100] | SVD update #67: pairs=96, sweeps=10, converged=False, rel_change=3.064e-01, effective_ranks=(95, 17), class_paired=True
Epoch [67/100] | Loss: 6.2307 (Cls: 6.2336, TAL: -0.1134, Adv: 0.1330, OT-Reg: 0.000854) | OT inner objective: 0.2308 | Marginal residual row/col/max: 1.61e-08/2.61e-08/2.61e-08 | Train Acc: 0.3229 | Val Acc: 0.1923 | Val P/R/F1 (Macro): 0.1204/0.2833/0.1406 | LR: 0.000001
Epoch [68/100] | SVD update #68: pairs=96, sweeps=10, converged=False, rel_change=6.451e-01, effective_ranks=(94, 17), class_paired=True
Epoch [68/100] | Loss: 6.2689 (Cls: 6.2531, TAL: 0.0314, Adv: 0.1506, OT-Reg: 0.000973) | OT inner objective: 0.2510 | Marginal residual row/col/max: 1.37e-08/2.79e-08/2.79e-08 | Train Acc: 0.3021 | Val Acc: 0.3462 | Val P/R/F1 (Macro): 0.1889/0.2500/0.1859 | LR: 0.000001
Epoch [69/100] | SVD update #69: pairs=96, sweeps=8, converged=True, rel_change=2.126e-04, effective_ranks=(95, 18), class_paired=True
Epoch [69/100] | Loss: 6.4917 (Cls: 6.4730, TAL: 0.0489, Adv: 0.1600, OT-Reg: 0.000850) | OT inner objective: 0.1588 | Marginal residual row/col/max: 3.85e-08/3.04e-08/4.84e-08 | Train Acc: 0.2708 | Val Acc: 0.3077 | Val P/R/F1 (Macro): 0.1389/0.2667/0.1742 | LR: 0.000001
Epoch [70/100] | SVD update #70: pairs=96, sweeps=9, converged=True, rel_change=6.380e-04, effective_ranks=(95, 16), class_paired=True
Epoch [70/100] | Loss: 6.5475 (Cls: 6.5260, TAL: 0.0652, Adv: 0.1709, OT-Reg: 0.000925) | OT inner objective: 0.2497 | Marginal residual row/col/max: 1.30e-08/3.60e-08/3.60e-08 | Train Acc: 0.2500 | Val Acc: 0.1538 | Val P/R/F1 (Macro): 0.1145/0.2292/0.1118 | LR: 0.000001
Epoch [71/100] | SVD update #71: pairs=96, sweeps=10, converged=False, rel_change=3.357e-01, effective_ranks=(95, 15), class_paired=True
Epoch [71/100] | Loss: 6.4509 (Cls: 6.4292, TAL: 0.0760, Adv: 0.1571, OT-Reg: 0.000950) | OT inner objective: 0.1966 | Marginal residual row/col/max: 1.32e-07/4.10e-08/1.39e-07 | Train Acc: 0.2604 | Val Acc: 0.3846 | Val P/R/F1 (Macro): 0.3352/0.4083/0.3336 | LR: 0.000001
Epoch [72/100] | SVD update #72: pairs=96, sweeps=10, converged=False, rel_change=7.108e-02, effective_ranks=(95, 16), class_paired=True
Epoch [72/100] | Loss: 6.8593 (Cls: 6.8541, TAL: -0.0620, Adv: 0.1581, OT-Reg: 0.000795) | OT inner objective: 0.2284 | Marginal residual row/col/max: 1.11e-07/3.54e-08/1.14e-07 | Train Acc: 0.2500 | Val Acc: 0.5000 | Val P/R/F1 (Macro): 0.4306/0.3667/0.3540 | LR: 0.000001
Epoch [73/100] | SVD update #73: pairs=96, sweeps=4, converged=True, rel_change=9.963e-04, effective_ranks=(95, 16), class_paired=True
Epoch [73/100] | Loss: 6.8009 (Cls: 6.7795, TAL: 0.0671, Adv: 0.1672, OT-Reg: 0.000805) | OT inner objective: 0.2638 | Marginal residual row/col/max: 1.18e-08/3.10e-08/3.10e-08 | Train Acc: 0.2083 | Val Acc: 0.4615 | Val P/R/F1 (Macro): 0.2466/0.3500/0.2712 | LR: 0.000001
Epoch [74/100] | SVD update #74: pairs=96, sweeps=6, converged=True, rel_change=5.285e-04, effective_ranks=(95, 18), class_paired=True
Epoch [74/100] | Loss: 6.4489 (Cls: 6.4401, TAL: -0.0540, Adv: 0.1908, OT-Reg: 0.001035) | OT inner objective: 0.2653 | Marginal residual row/col/max: 1.55e-08/4.66e-08/4.66e-08 | Train Acc: 0.2396 | Val Acc: 0.4231 | Val P/R/F1 (Macro): 0.1961/0.3542/0.2439 | LR: 0.000001
Epoch [75/100] | SVD update #75: pairs=96, sweeps=5, converged=True, rel_change=7.768e-04, effective_ranks=(94, 14), class_paired=True
Epoch [75/100] | Loss: 6.3551 (Cls: 6.3245, TAL: 0.1627, Adv: 0.1388, OT-Reg: 0.000966) | OT inner objective: 0.2938 | Marginal residual row/col/max: 1.55e-08/3.35e-08/3.35e-08 | Train Acc: 0.3021 | Val Acc: 0.3846 | Val P/R/F1 (Macro): 0.2583/0.3083/0.2698 | LR: 0.000001
Epoch [76/100] | SVD update #76: pairs=96, sweeps=10, converged=False, rel_change=6.911e-03, effective_ranks=(95, 17), class_paired=True
Epoch [76/100] | Loss: 6.6742 (Cls: 6.6704, TAL: -0.0794, Adv: 0.1664, OT-Reg: 0.001010) | OT inner objective: 0.2682 | Marginal residual row/col/max: 2.55e-08/2.67e-08/2.92e-08 | Train Acc: 0.1667 | Val Acc: 0.2308 | Val P/R/F1 (Macro): 0.4127/0.2208/0.2520 | LR: 0.000001
Epoch [77/100] | SVD update #77: pairs=96, sweeps=7, converged=True, rel_change=9.485e-04, effective_ranks=(95, 18), class_paired=True
Epoch [77/100] | Loss: 6.7708 (Cls: 6.7537, TAL: 0.0501, Adv: 0.1385, OT-Reg: 0.000843) | OT inner objective: 0.2684 | Marginal residual row/col/max: 1.30e-08/2.79e-08/2.79e-08 | Train Acc: 0.2083 | Val Acc: 0.4231 | Val P/R/F1 (Macro): 0.3393/0.3167/0.2924 | LR: 0.000001
Epoch [78/100] | SVD update #78: pairs=96, sweeps=5, converged=True, rel_change=8.139e-04, effective_ranks=(95, 17), class_paired=True
Epoch [78/100] | Loss: 6.5092 (Cls: 6.4981, TAL: -0.0105, Adv: 0.1544, OT-Reg: 0.000809) | OT inner objective: 0.2834 | Marginal residual row/col/max: 1.24e-08/2.98e-08/2.98e-08 | Train Acc: 0.2083 | Val Acc: 0.3462 | Val P/R/F1 (Macro): 0.2246/0.2000/0.1416 | LR: 0.000001
Epoch [79/100] | SVD update #79: pairs=96, sweeps=5, converged=True, rel_change=5.021e-04, effective_ranks=(95, 17), class_paired=True
Epoch [79/100] | Loss: 6.4966 (Cls: 6.4866, TAL: -0.0440, Adv: 0.1909, OT-Reg: 0.000992) | OT inner objective: 0.2694 | Marginal residual row/col/max: 9.93e-09/3.73e-08/3.73e-08 | Train Acc: 0.3021 | Val Acc: 0.3077 | Val P/R/F1 (Macro): 0.3173/0.3375/0.2528 | LR: 0.000001
Epoch [80/100] | SVD update #80: pairs=96, sweeps=5, converged=True, rel_change=2.830e-04, effective_ranks=(94, 17), class_paired=True
Epoch [80/100] | Loss: 6.6705 (Cls: 6.6428, TAL: 0.1199, Adv: 0.1661, OT-Reg: 0.000742) | OT inner objective: 0.2766 | Marginal residual row/col/max: 1.92e-08/3.79e-08/3.79e-08 | Train Acc: 0.3438 | Val Acc: 0.5385 | Val P/R/F1 (Macro): 0.3141/0.4042/0.3234 | LR: 0.000001
Epoch [81/100] | SVD update #81: pairs=96, sweeps=8, converged=True, rel_change=3.920e-04, effective_ranks=(95, 16), class_paired=True
Epoch [81/100] | Loss: 6.3162 (Cls: 6.2992, TAL: 0.0152, Adv: 0.1891, OT-Reg: 0.001008) | OT inner objective: 0.2374 | Marginal residual row/col/max: 1.24e-08/3.29e-08/3.29e-08 | Train Acc: 0.3021 | Val Acc: 0.2692 | Val P/R/F1 (Macro): 0.2708/0.2083/0.1949 | LR: 0.000001
Epoch [82/100] | SVD update #82: pairs=96, sweeps=4, converged=True, rel_change=3.758e-04, effective_ranks=(95, 16), class_paired=True
Epoch [82/100] | Loss: 6.6956 (Cls: 6.6882, TAL: -0.0548, Adv: 0.1745, OT-Reg: 0.000884) | OT inner objective: 0.2445 | Marginal residual row/col/max: 3.48e-08/3.66e-08/4.90e-08 | Train Acc: 0.2812 | Val Acc: 0.3077 | Val P/R/F1 (Macro): 0.2321/0.2667/0.2208 | LR: 0.000001
Epoch [83/100] | SVD update #83: pairs=96, sweeps=10, converged=False, rel_change=3.969e-01, effective_ranks=(95, 19), class_paired=True
Epoch [83/100] | Loss: 6.2402 (Cls: 6.2339, TAL: -0.0573, Adv: 0.1648, OT-Reg: 0.000844) | OT inner objective: 0.1989 | Marginal residual row/col/max: 2.24e-08/4.35e-08/4.35e-08 | Train Acc: 0.2812 | Val Acc: 0.1538 | Val P/R/F1 (Macro): 0.0333/0.0833/0.0476 | LR: 0.000001
Epoch [84/100] | SVD update #84: pairs=96, sweeps=8, converged=True, rel_change=6.632e-04, effective_ranks=(95, 18), class_paired=True
Epoch [84/100] | Loss: 6.3454 (Cls: 6.3308, TAL: 0.0088, Adv: 0.1689, OT-Reg: 0.000762) | OT inner objective: 0.1617 | Marginal residual row/col/max: 4.90e-08/2.17e-08/5.59e-08 | Train Acc: 0.2917 | Val Acc: 0.1154 | Val P/R/F1 (Macro): 0.0794/0.0875/0.0828 | LR: 0.000001
Epoch [85/100] | SVD update #85: pairs=96, sweeps=10, converged=False, rel_change=7.185e-01, effective_ranks=(95, 14), class_paired=True
Epoch [85/100] | Loss: 6.1802 (Cls: 6.1548, TAL: 0.0730, Adv: 0.2085, OT-Reg: 0.000890) | OT inner objective: 0.2331 | Marginal residual row/col/max: 1.92e-08/3.73e-08/3.73e-08 | Train Acc: 0.2604 | Val Acc: 0.2692 | Val P/R/F1 (Macro): 0.1964/0.3500/0.2134 | LR: 0.000001
Epoch [86/100] | SVD update #86: pairs=96, sweeps=10, converged=False, rel_change=1.015e-01, effective_ranks=(95, 22), class_paired=True
Epoch [86/100] | Loss: 6.2635 (Cls: 6.2544, TAL: -0.0323, Adv: 0.1622, OT-Reg: 0.000869) | OT inner objective: 0.0864 | Marginal residual row/col/max: 1.74e-05/3.29e-08/1.74e-05 | Train Acc: 0.3646 | Val Acc: 0.1538 | Val P/R/F1 (Macro): 0.0952/0.1333/0.1111 | LR: 0.000001
Epoch [87/100] | SVD update #87: pairs=96, sweeps=10, converged=False, rel_change=2.509e-03, effective_ranks=(95, 24), class_paired=True
Epoch [87/100] | Loss: 6.5142 (Cls: 6.5091, TAL: -0.0788, Adv: 0.1821, OT-Reg: 0.000973) | OT inner objective: 0.2833 | Marginal residual row/col/max: 1.80e-08/3.73e-08/3.73e-08 | Train Acc: 0.2812 | Val Acc: 0.2308 | Val P/R/F1 (Macro): 0.0939/0.1500/0.1146 | LR: 0.000001
Epoch [88/100] | SVD update #88: pairs=96, sweeps=10, converged=True, rel_change=7.718e-04, effective_ranks=(95, 17), class_paired=True
Epoch [88/100] | Loss: 6.6315 (Cls: 6.6113, TAL: 0.0527, Adv: 0.1735, OT-Reg: 0.000842) | OT inner objective: 0.2530 | Marginal residual row/col/max: 1.37e-08/2.48e-08/2.48e-08 | Train Acc: 0.2604 | Val Acc: 0.1538 | Val P/R/F1 (Macro): 0.0392/0.0833/0.0533 | LR: 0.000001
Epoch [89/100] | SVD update #89: pairs=96, sweeps=6, converged=True, rel_change=6.792e-05, effective_ranks=(95, 15), class_paired=True
Epoch [89/100] | Loss: 6.8600 (Cls: 6.8448, TAL: 0.0018, Adv: 0.1875, OT-Reg: 0.000938) | OT inner objective: 0.2776 | Marginal residual row/col/max: 9.31e-09/3.04e-08/3.04e-08 | Train Acc: 0.2396 | Val Acc: 0.2692 | Val P/R/F1 (Macro): 0.2111/0.3042/0.2328 | LR: 0.000001
Epoch [90/100] | SVD update #90: pairs=96, sweeps=7, converged=True, rel_change=4.543e-04, effective_ranks=(95, 18), class_paired=True
Epoch [90/100] | Loss: 6.4387 (Cls: 6.4248, TAL: -0.0163, Adv: 0.1982, OT-Reg: 0.000742) | OT inner objective: 0.2003 | Marginal residual row/col/max: 1.86e-07/2.61e-08/1.94e-07 | Train Acc: 0.2292 | Val Acc: 0.1538 | Val P/R/F1 (Macro): 0.0534/0.2500/0.0861 | LR: 0.000001
Epoch [91/100] | SVD update #91: pairs=96, sweeps=10, converged=False, rel_change=3.878e-02, effective_ranks=(95, 22), class_paired=True
Epoch [91/100] | Loss: 6.3039 (Cls: 6.2988, TAL: -0.0699, Adv: 0.1688, OT-Reg: 0.000800) | OT inner objective: 0.1292 | Marginal residual row/col/max: 1.75e-07/3.04e-08/1.78e-07 | Train Acc: 0.2292 | Val Acc: 0.2308 | Val P/R/F1 (Macro): 0.2310/0.2833/0.1574 | LR: 0.000001
Epoch [92/100] | SVD update #92: pairs=96, sweeps=10, converged=False, rel_change=3.331e-01, effective_ranks=(95, 17), class_paired=True
Epoch [92/100] | Loss: 6.3551 (Cls: 6.3462, TAL: -0.0526, Adv: 0.1900, OT-Reg: 0.000750) | OT inner objective: 0.1280 | Marginal residual row/col/max: 5.59e-08/2.79e-08/5.90e-08 | Train Acc: 0.2396 | Val Acc: 0.2308 | Val P/R/F1 (Macro): 0.2546/0.2750/0.2386 | LR: 0.000001
Epoch [93/100] | SVD update #93: pairs=96, sweeps=10, converged=False, rel_change=1.535e-03, effective_ranks=(95, 16), class_paired=True
Epoch [93/100] | Loss: 6.1957 (Cls: 6.1743, TAL: 0.0214, Adv: 0.2362, OT-Reg: 0.000812) | OT inner objective: 0.1022 | Marginal residual row/col/max: 1.37e-08/1.92e-08/1.92e-08 | Train Acc: 0.2708 | Val Acc: 0.2692 | Val P/R/F1 (Macro): 0.2662/0.2292/0.1931 | LR: 0.000001
Epoch [94/100] | SVD update #94: pairs=96, sweeps=7, converged=True, rel_change=8.117e-04, effective_ranks=(95, 21), class_paired=True
Epoch [94/100] | Loss: 6.2738 (Cls: 6.2657, TAL: -0.0591, Adv: 0.1898, OT-Reg: 0.000754) | OT inner objective: 0.1300 | Marginal residual row/col/max: 1.06e-08/1.74e-08/1.80e-08 | Train Acc: 0.3542 | Val Acc: 0.3077 | Val P/R/F1 (Macro): 0.2201/0.3833/0.2422 | LR: 0.000001
Epoch [95/100] | SVD update #95: pairs=96, sweeps=7, converged=True, rel_change=7.387e-04, effective_ranks=(95, 14), class_paired=True
Epoch [95/100] | Loss: 6.0399 (Cls: 6.0219, TAL: -0.0036, Adv: 0.2309, OT-Reg: 0.000892) | OT inner objective: 0.0340 | Marginal residual row/col/max: 1.20e-06/2.11e-08/1.20e-06 | Train Acc: 0.3854 | Val Acc: 0.0769 | Val P/R/F1 (Macro): 0.0222/0.1667/0.0392 | LR: 0.000001
Epoch [96/100] | SVD update #96: pairs=96, sweeps=5, converged=True, rel_change=5.552e-04, effective_ranks=(95, 14), class_paired=True
Epoch [96/100] | Loss: 6.1304 (Cls: 6.0919, TAL: 0.2016, Adv: 0.1788, OT-Reg: 0.000846) | OT inner objective: 0.1664 | Marginal residual row/col/max: 7.26e-07/4.53e-08/7.43e-07 | Train Acc: 0.3021 | Val Acc: 0.1923 | Val P/R/F1 (Macro): 0.2431/0.2167/0.1892 | LR: 0.000001
Epoch [97/100] | SVD update #97: pairs=96, sweeps=10, converged=True, rel_change=5.401e-04, effective_ranks=(95, 17), class_paired=True
Epoch [97/100] | Loss: 6.6836 (Cls: 6.6620, TAL: 0.0311, Adv: 0.2241, OT-Reg: 0.000880) | OT inner objective: 0.0757 | Marginal residual row/col/max: 1.17e-06/2.17e-08/1.17e-06 | Train Acc: 0.2188 | Val Acc: 0.1538 | Val P/R/F1 (Macro): 0.2143/0.2833/0.1806 | LR: 0.000001
Epoch [98/100] | SVD update #98: pairs=96, sweeps=4, converged=True, rel_change=8.675e-04, effective_ranks=(95, 15), class_paired=True
Epoch [98/100] | Loss: 6.4674 (Cls: 6.4402, TAL: 0.0771, Adv: 0.2251, OT-Reg: 0.000918) | OT inner objective: 0.1361 | Marginal residual row/col/max: 3.60e-08/3.10e-08/4.28e-08 | Train Acc: 0.3750 | Val Acc: 0.1923 | Val P/R/F1 (Macro): 0.2385/0.1750/0.1556 | LR: 0.000001
Epoch [99/100] | SVD update #99: pairs=96, sweeps=10, converged=False, rel_change=6.267e-01, effective_ranks=(95, 22), class_paired=True
Epoch [99/100] | Loss: 6.4642 (Cls: 6.4231, TAL: 0.2470, Adv: 0.1434, OT-Reg: 0.000937) | OT inner objective: 0.2517 | Marginal residual row/col/max: 9.75e-08/3.41e-08/1.06e-07 | Train Acc: 0.4271 | Val Acc: 0.2308 | Val P/R/F1 (Macro): 0.1944/0.3500/0.2266 | LR: 0.000001
Epoch [100/100] | SVD update #100: pairs=96, sweeps=9, converged=True, rel_change=4.837e-04, effective_ranks=(94, 20), class_paired=True
Epoch [100/100] | Loss: 6.4432 (Cls: 6.4348, TAL: -0.0510, Adv: 0.1806, OT-Reg: 0.000948) | OT inner objective: 0.1438 | Marginal residual row/col/max: 2.73e-08/3.79e-08/4.16e-08 | Train Acc: 0.3125 | Val Acc: 0.4231 | Val P/R/F1 (Macro): 0.3889/0.4250/0.3407 | LR: 0.000001
Report strategy: best, window=10, reported_acc=0.7308, best_acc=0.7308, selected_epoch=7

迭代 4 报告指标:
  Accuracy: 0.7308
  Precision (Macro): 0.6413
  Recall (Macro): 0.7042
  F1 (Macro): 0.6236
  Precision (Micro): 0.7308
  Recall (Micro): 0.7308
  F1 (Micro): 0.7308
  Val class coverage: 6/14 (0.4286), samples=26

================================================================================
迭代 5/5
随机种子: 46
================================================================================
Training mode: full target-label supervision (class-paired batches).
Feature fusion: Tensor alignment (512+512 -> 16+16); fused_dim=32
Domain adaptation: Neural OT generator with 3-domain discriminator
Loss weights: tensor=0.12, adv=0.08
Transport: mode=sinkhorn, epsilon=0.1, Sinkhorn iterations=50, correction scale=0.1, correction regularization weight=0.001
Tensor projection update: once per epoch from the complete target-training pairing bank; projection_dim=16, max_sweeps=10, relative singular-value tolerance=0.001
Epoch [1/100] | SVD update #1: pairs=96, sweeps=10, converged=False, rel_change=3.243e-02, effective_ranks=(95, 85), class_paired=True
Epoch [1/100] | Loss: 8.7199 (Cls: 8.7212, TAL: -0.1545, Adv: 0.2152, OT-Reg: 0.001090) | OT inner objective: 0.1265 | Marginal residual row/col/max: 1.86e-08/1.80e-08/1.99e-08 | Train Acc: 0.1146 | Val Acc: 0.0000 | Val P/R/F1 (Macro): 0.0000/0.0000/0.0000 | LR: 0.000005
  >>> New Best Val Acc: 0.0000
Epoch [2/100] | SVD update #2: pairs=96, sweeps=3, converged=True, rel_change=7.798e-05, effective_ranks=(95, 87), class_paired=True
Epoch [2/100] | Loss: 7.8959 (Cls: 7.8741, TAL: 0.0447, Adv: 0.2052, OT-Reg: 0.000899) | OT inner objective: 0.3059 | Marginal residual row/col/max: 9.93e-09/2.05e-08/2.05e-08 | Train Acc: 0.1146 | Val Acc: 0.2692 | Val P/R/F1 (Macro): 0.3129/0.3667/0.2469 | LR: 0.000005
  >>> New Best Val Acc: 0.2692
Epoch [3/100] | SVD update #3: pairs=96, sweeps=3, converged=True, rel_change=5.534e-04, effective_ranks=(95, 79), class_paired=True
Epoch [3/100] | Loss: 8.0760 (Cls: 8.0652, TAL: -0.0761, Adv: 0.2493, OT-Reg: 0.000952) | OT inner objective: 0.2661 | Marginal residual row/col/max: 9.93e-09/2.05e-08/2.05e-08 | Train Acc: 0.1354 | Val Acc: 0.0769 | Val P/R/F1 (Macro): 0.0303/0.1667/0.0513 | LR: 0.000005
Epoch [4/100] | SVD update #4: pairs=96, sweeps=5, converged=True, rel_change=5.933e-04, effective_ranks=(95, 64), class_paired=True
Epoch [4/100] | Loss: 7.2765 (Cls: 7.2672, TAL: -0.0555, Adv: 0.1991, OT-Reg: 0.001018) | OT inner objective: 0.2242 | Marginal residual row/col/max: 8.69e-09/1.92e-08/1.92e-08 | Train Acc: 0.2292 | Val Acc: 0.3846 | Val P/R/F1 (Macro): 0.4330/0.4375/0.3437 | LR: 0.000005
  >>> New Best Val Acc: 0.3846
Epoch [5/100] | SVD update #5: pairs=96, sweeps=5, converged=True, rel_change=8.433e-04, effective_ranks=(95, 72), class_paired=True
Epoch [5/100] | Loss: 7.0655 (Cls: 7.0382, TAL: 0.0900, Adv: 0.2058, OT-Reg: 0.001164) | OT inner objective: 0.2238 | Marginal residual row/col/max: 8.69e-09/2.05e-08/2.05e-08 | Train Acc: 0.1875 | Val Acc: 0.3077 | Val P/R/F1 (Macro): 0.0556/0.1667/0.0833 | LR: 0.000005
Epoch [6/100] | SVD update #6: pairs=96, sweeps=10, converged=False, rel_change=4.569e-03, effective_ranks=(95, 69), class_paired=True
Epoch [6/100] | Loss: 6.8422 (Cls: 6.8317, TAL: -0.0446, Adv: 0.1980, OT-Reg: 0.000927) | OT inner objective: 0.2693 | Marginal residual row/col/max: 9.31e-09/1.43e-08/1.43e-08 | Train Acc: 0.1979 | Val Acc: 0.1923 | Val P/R/F1 (Macro): 0.1042/0.1042/0.1042 | LR: 0.000005
Epoch [7/100] | SVD update #7: pairs=96, sweeps=5, converged=True, rel_change=2.659e-04, effective_ranks=(94, 42), class_paired=True
Epoch [7/100] | Loss: 7.2264 (Cls: 7.2174, TAL: -0.0474, Adv: 0.1843, OT-Reg: 0.000920) | OT inner objective: 0.1131 | Marginal residual row/col/max: 1.05e-06/1.68e-08/1.05e-06 | Train Acc: 0.1458 | Val Acc: 0.3462 | Val P/R/F1 (Macro): 0.1262/0.2500/0.1578 | LR: 0.000005
Epoch [8/100] | SVD update #8: pairs=96, sweeps=10, converged=False, rel_change=6.296e-02, effective_ranks=(95, 34), class_paired=True
Epoch [8/100] | Loss: 6.7822 (Cls: 6.7800, TAL: -0.1331, Adv: 0.2275, OT-Reg: 0.001058) | OT inner objective: 0.1738 | Marginal residual row/col/max: 1.30e-08/1.06e-08/1.30e-08 | Train Acc: 0.1979 | Val Acc: 0.1923 | Val P/R/F1 (Macro): 0.0463/0.1667/0.0725 | LR: 0.000005
Epoch [9/100] | SVD update #9: pairs=96, sweeps=10, converged=False, rel_change=3.082e-01, effective_ranks=(95, 49), class_paired=True
Epoch [9/100] | Loss: 7.1171 (Cls: 7.0881, TAL: 0.0996, Adv: 0.2136, OT-Reg: 0.000965) | OT inner objective: 0.2430 | Marginal residual row/col/max: 1.49e-08/2.73e-08/2.73e-08 | Train Acc: 0.1562 | Val Acc: 0.2308 | Val P/R/F1 (Macro): 0.0938/0.2500/0.1349 | LR: 0.000005
Epoch [10/100] | SVD update #10: pairs=96, sweeps=10, converged=False, rel_change=2.149e-01, effective_ranks=(95, 55), class_paired=True
Epoch [10/100] | Loss: 8.3010 (Cls: 8.2691, TAL: 0.1472, Adv: 0.1780, OT-Reg: 0.001267) | OT inner objective: 0.2432 | Marginal residual row/col/max: 1.12e-08/1.49e-08/1.49e-08 | Train Acc: 0.0833 | Val Acc: 0.1923 | Val P/R/F1 (Macro): 0.2018/0.2500/0.1691 | LR: 0.000005
Epoch [11/100] | SVD update #11: pairs=96, sweeps=10, converged=False, rel_change=3.189e-01, effective_ranks=(95, 46), class_paired=True
Epoch [11/100] | Loss: 7.4279 (Cls: 7.3977, TAL: 0.1280, Adv: 0.1858, OT-Reg: 0.000971) | OT inner objective: 0.2133 | Marginal residual row/col/max: 1.12e-08/9.93e-09/1.12e-08 | Train Acc: 0.2292 | Val Acc: 0.3462 | Val P/R/F1 (Macro): 0.1829/0.3125/0.2064 | LR: 0.000005
Epoch [12/100] | SVD update #12: pairs=96, sweeps=10, converged=False, rel_change=1.382e-01, effective_ranks=(95, 39), class_paired=True
Epoch [12/100] | Loss: 7.0384 (Cls: 7.0083, TAL: 0.0818, Adv: 0.2538, OT-Reg: 0.001097) | OT inner objective: 0.1760 | Marginal residual row/col/max: 1.30e-08/1.68e-08/1.92e-08 | Train Acc: 0.2396 | Val Acc: 0.1923 | Val P/R/F1 (Macro): 0.0684/0.2500/0.1056 | LR: 0.000005
Epoch [13/100] | SVD update #13: pairs=96, sweeps=10, converged=False, rel_change=1.162e-03, effective_ranks=(95, 41), class_paired=True
Epoch [13/100] | Loss: 7.1578 (Cls: 7.1384, TAL: 0.0662, Adv: 0.1439, OT-Reg: 0.000874) | OT inner objective: 0.2612 | Marginal residual row/col/max: 1.24e-08/2.30e-08/2.30e-08 | Train Acc: 0.1458 | Val Acc: 0.1923 | Val P/R/F1 (Macro): 0.1083/0.2500/0.1508 | LR: 0.000005
Epoch [14/100] | SVD update #14: pairs=96, sweeps=10, converged=False, rel_change=4.594e-01, effective_ranks=(95, 43), class_paired=True
Epoch [14/100] | Loss: 7.3614 (Cls: 7.3482, TAL: 0.0026, Adv: 0.1613, OT-Reg: 0.001076) | OT inner objective: 0.1697 | Marginal residual row/col/max: 8.69e-09/1.74e-08/1.74e-08 | Train Acc: 0.1667 | Val Acc: 0.2308 | Val P/R/F1 (Macro): 0.1181/0.2500/0.1408 | LR: 0.000005
Epoch [15/100] | SVD update #15: pairs=96, sweeps=9, converged=True, rel_change=9.861e-04, effective_ranks=(95, 34), class_paired=True
Epoch [15/100] | Loss: 6.9718 (Cls: 6.9501, TAL: 0.0406, Adv: 0.2109, OT-Reg: 0.001143) | OT inner objective: 0.2069 | Marginal residual row/col/max: 9.93e-09/2.11e-08/2.11e-08 | Train Acc: 0.1250 | Val Acc: 0.0385 | Val P/R/F1 (Macro): 0.0111/0.0333/0.0167 | LR: 0.000003
Epoch [16/100] | SVD update #16: pairs=96, sweeps=8, converged=True, rel_change=2.898e-04, effective_ranks=(95, 23), class_paired=True
Epoch [16/100] | Loss: 6.9889 (Cls: 6.9450, TAL: 0.2090, Adv: 0.2356, OT-Reg: 0.000760) | OT inner objective: 0.2845 | Marginal residual row/col/max: 1.06e-08/3.73e-08/3.73e-08 | Train Acc: 0.0938 | Val Acc: 0.1538 | Val P/R/F1 (Macro): 0.2560/0.1292/0.1500 | LR: 0.000003
Epoch [17/100] | SVD update #17: pairs=96, sweeps=10, converged=False, rel_change=2.757e-01, effective_ranks=(95, 33), class_paired=True
Epoch [17/100] | Loss: 7.3557 (Cls: 7.3346, TAL: 0.0432, Adv: 0.1981, OT-Reg: 0.001071) | OT inner objective: 0.2311 | Marginal residual row/col/max: 1.30e-08/2.24e-08/2.24e-08 | Train Acc: 0.1354 | Val Acc: 0.0769 | Val P/R/F1 (Macro): 0.0889/0.1250/0.0952 | LR: 0.000003
Epoch [18/100] | SVD update #18: pairs=96, sweeps=10, converged=False, rel_change=5.586e-03, effective_ranks=(95, 29), class_paired=True
Epoch [18/100] | Loss: 7.0283 (Cls: 7.0026, TAL: 0.0458, Adv: 0.2527, OT-Reg: 0.000995) | OT inner objective: 0.2817 | Marginal residual row/col/max: 9.93e-09/3.35e-08/3.35e-08 | Train Acc: 0.1458 | Val Acc: 0.3077 | Val P/R/F1 (Macro): 0.1815/0.2292/0.1944 | LR: 0.000003
Epoch [19/100] | SVD update #19: pairs=96, sweeps=10, converged=False, rel_change=1.977e-01, effective_ranks=(95, 28), class_paired=True
Epoch [19/100] | Loss: 7.0917 (Cls: 7.1005, TAL: -0.2071, Adv: 0.2013, OT-Reg: 0.000916) | OT inner objective: 0.1115 | Marginal residual row/col/max: 2.57e-06/2.30e-08/2.57e-06 | Train Acc: 0.2083 | Val Acc: 0.3077 | Val P/R/F1 (Macro): 0.2644/0.2417/0.1841 | LR: 0.000003
Epoch [20/100] | SVD update #20: pairs=96, sweeps=10, converged=False, rel_change=5.146e-02, effective_ranks=(95, 25), class_paired=True
Epoch [20/100] | Loss: 6.5978 (Cls: 6.5771, TAL: 0.0226, Adv: 0.2248, OT-Reg: 0.000988) | OT inner objective: 0.1567 | Marginal residual row/col/max: 1.55e-08/1.86e-08/2.05e-08 | Train Acc: 0.1979 | Val Acc: 0.1538 | Val P/R/F1 (Macro): 0.0278/0.1667/0.0476 | LR: 0.000003
Epoch [21/100] | SVD update #21: pairs=96, sweeps=10, converged=False, rel_change=1.786e-01, effective_ranks=(95, 27), class_paired=True
Epoch [21/100] | Loss: 6.3804 (Cls: 6.3718, TAL: -0.0454, Adv: 0.1751, OT-Reg: 0.001017) | OT inner objective: 0.1872 | Marginal residual row/col/max: 1.18e-08/1.49e-08/1.68e-08 | Train Acc: 0.1875 | Val Acc: 0.1538 | Val P/R/F1 (Macro): 0.2083/0.1208/0.0959 | LR: 0.000003
Epoch [22/100] | SVD update #22: pairs=96, sweeps=10, converged=False, rel_change=3.246e-01, effective_ranks=(94, 29), class_paired=True
Epoch [22/100] | Loss: 6.6939 (Cls: 6.6829, TAL: -0.0423, Adv: 0.2003, OT-Reg: 0.000850) | OT inner objective: 0.1954 | Marginal residual row/col/max: 1.12e-08/1.68e-08/1.68e-08 | Train Acc: 0.2083 | Val Acc: 0.2308 | Val P/R/F1 (Macro): 0.1736/0.2583/0.2044 | LR: 0.000003
Epoch [23/100] | SVD update #23: pairs=96, sweeps=10, converged=False, rel_change=7.793e-03, effective_ranks=(95, 28), class_paired=True
Epoch [23/100] | Loss: 6.5790 (Cls: 6.5627, TAL: -0.0050, Adv: 0.2115, OT-Reg: 0.000992) | OT inner objective: 0.2157 | Marginal residual row/col/max: 1.30e-08/3.23e-08/3.23e-08 | Train Acc: 0.1458 | Val Acc: 0.0385 | Val P/R/F1 (Macro): 0.0088/0.0833/0.0159 | LR: 0.000003
Epoch [24/100] | SVD update #24: pairs=96, sweeps=10, converged=False, rel_change=2.948e-01, effective_ranks=(95, 32), class_paired=True
Epoch [24/100] | Loss: 6.3328 (Cls: 6.3282, TAL: -0.0960, Adv: 0.2009, OT-Reg: 0.001094) | OT inner objective: 0.1246 | Marginal residual row/col/max: 3.77e-07/1.18e-08/3.77e-07 | Train Acc: 0.2396 | Val Acc: 0.1154 | Val P/R/F1 (Macro): 0.0375/0.1500/0.0595 | LR: 0.000003
Epoch [25/100] | SVD update #25: pairs=96, sweeps=10, converged=False, rel_change=7.487e-02, effective_ranks=(95, 33), class_paired=True
Epoch [25/100] | Loss: 6.6373 (Cls: 6.6103, TAL: 0.1103, Adv: 0.1722, OT-Reg: 0.001138) | OT inner objective: 0.2559 | Marginal residual row/col/max: 1.37e-08/2.61e-08/2.61e-08 | Train Acc: 0.2500 | Val Acc: 0.3077 | Val P/R/F1 (Macro): 0.1222/0.2167/0.1525 | LR: 0.000003
Epoch [26/100] | SVD update #26: pairs=96, sweeps=10, converged=False, rel_change=5.396e-02, effective_ranks=(95, 26), class_paired=True
Epoch [26/100] | Loss: 6.5776 (Cls: 6.5703, TAL: -0.0782, Adv: 0.2085, OT-Reg: 0.001063) | OT inner objective: 0.1964 | Marginal residual row/col/max: 1.24e-08/2.55e-08/2.55e-08 | Train Acc: 0.2396 | Val Acc: 0.1154 | Val P/R/F1 (Macro): 0.0636/0.1500/0.0893 | LR: 0.000001
Epoch [27/100] | SVD update #27: pairs=96, sweeps=10, converged=False, rel_change=3.302e-02, effective_ranks=(95, 37), class_paired=True
Epoch [27/100] | Loss: 6.9603 (Cls: 6.9623, TAL: -0.1441, Adv: 0.1908, OT-Reg: 0.001379) | OT inner objective: 0.2480 | Marginal residual row/col/max: 1.12e-08/1.12e-08/1.12e-08 | Train Acc: 0.1250 | Val Acc: 0.2692 | Val P/R/F1 (Macro): 0.2029/0.2083/0.1262 | LR: 0.000001
Epoch [28/100] | SVD update #28: pairs=96, sweeps=10, converged=False, rel_change=2.455e-03, effective_ranks=(95, 26), class_paired=True
Epoch [28/100] | Loss: 6.6592 (Cls: 6.6561, TAL: -0.0926, Adv: 0.1775, OT-Reg: 0.001052) | OT inner objective: 0.1349 | Marginal residual row/col/max: 8.69e-09/2.30e-08/2.30e-08 | Train Acc: 0.2188 | Val Acc: 0.1923 | Val P/R/F1 (Macro): 0.0347/0.1667/0.0575 | LR: 0.000001
Epoch [29/100] | SVD update #29: pairs=96, sweeps=10, converged=False, rel_change=1.410e-02, effective_ranks=(95, 24), class_paired=True
Epoch [29/100] | Loss: 6.1376 (Cls: 6.1449, TAL: -0.1855, Adv: 0.1862, OT-Reg: 0.001037) | OT inner objective: 0.1243 | Marginal residual row/col/max: 1.49e-08/1.49e-08/1.49e-08 | Train Acc: 0.2708 | Val Acc: 0.2692 | Val P/R/F1 (Macro): 0.2560/0.3667/0.1963 | LR: 0.000001
Epoch [30/100] | SVD update #30: pairs=96, sweeps=10, converged=False, rel_change=4.345e-02, effective_ranks=(95, 22), class_paired=True
Epoch [30/100] | Loss: 6.4628 (Cls: 6.4461, TAL: 0.0168, Adv: 0.1836, OT-Reg: 0.001040) | OT inner objective: 0.1046 | Marginal residual row/col/max: 7.08e-07/1.55e-08/7.10e-07 | Train Acc: 0.2083 | Val Acc: 0.1154 | Val P/R/F1 (Macro): 0.0854/0.1583/0.0926 | LR: 0.000001
Epoch [31/100] | SVD update #31: pairs=96, sweeps=10, converged=False, rel_change=1.533e-02, effective_ranks=(95, 26), class_paired=True
Epoch [31/100] | Loss: 6.6409 (Cls: 6.6271, TAL: 0.0152, Adv: 0.1489, OT-Reg: 0.000991) | OT inner objective: 0.2361 | Marginal residual row/col/max: 1.24e-08/1.99e-08/1.99e-08 | Train Acc: 0.2396 | Val Acc: 0.2692 | Val P/R/F1 (Macro): 0.1667/0.2083/0.1552 | LR: 0.000001
Epoch [32/100] | SVD update #32: pairs=96, sweeps=9, converged=True, rel_change=3.674e-04, effective_ranks=(95, 23), class_paired=True
Epoch [32/100] | Loss: 6.4675 (Cls: 6.4712, TAL: -0.1506, Adv: 0.1803, OT-Reg: 0.001152) | OT inner objective: 0.1795 | Marginal residual row/col/max: 3.04e-08/1.24e-08/3.23e-08 | Train Acc: 0.1771 | Val Acc: 0.1154 | Val P/R/F1 (Macro): 0.0625/0.1000/0.0769 | LR: 0.000001
Epoch [33/100] | SVD update #33: pairs=96, sweeps=10, converged=False, rel_change=3.088e-01, effective_ranks=(95, 22), class_paired=True
Epoch [33/100] | Loss: 6.8067 (Cls: 6.7591, TAL: 0.2881, Adv: 0.1623, OT-Reg: 0.001042) | OT inner objective: 0.0292 | Marginal residual row/col/max: 6.42e-07/1.49e-08/6.42e-07 | Train Acc: 0.1042 | Val Acc: 0.2692 | Val P/R/F1 (Macro): 0.2479/0.3167/0.2315 | LR: 0.000001
Epoch [34/100] | SVD update #34: pairs=96, sweeps=10, converged=False, rel_change=1.025e-03, effective_ranks=(95, 31), class_paired=True
Epoch [34/100] | Loss: 6.6675 (Cls: 6.6326, TAL: 0.1557, Adv: 0.2025, OT-Reg: 0.001038) | OT inner objective: 0.0993 | Marginal residual row/col/max: 1.06e-08/1.55e-08/1.74e-08 | Train Acc: 0.1771 | Val Acc: 0.2308 | Val P/R/F1 (Macro): 0.2768/0.2667/0.2486 | LR: 0.000001
Epoch [35/100] | SVD update #35: pairs=96, sweeps=10, converged=False, rel_change=1.567e-03, effective_ranks=(95, 23), class_paired=True
Epoch [35/100] | Loss: 6.3461 (Cls: 6.3086, TAL: 0.2095, Adv: 0.1543, OT-Reg: 0.000997) | OT inner objective: 0.0778 | Marginal residual row/col/max: 3.12e-06/3.04e-08/3.12e-06 | Train Acc: 0.1562 | Val Acc: 0.0769 | Val P/R/F1 (Macro): 0.1795/0.1167/0.1296 | LR: 0.000001
Epoch [36/100] | SVD update #36: pairs=96, sweeps=10, converged=False, rel_change=3.960e-01, effective_ranks=(95, 27), class_paired=True
Epoch [36/100] | Loss: 6.6999 (Cls: 6.7218, TAL: -0.2860, Adv: 0.1541, OT-Reg: 0.000997) | OT inner objective: 0.0187 | Marginal residual row/col/max: 7.03e-06/2.36e-08/7.03e-06 | Train Acc: 0.1458 | Val Acc: 0.1923 | Val P/R/F1 (Macro): 0.0938/0.1667/0.1019 | LR: 0.000001
Epoch [37/100] | SVD update #37: pairs=96, sweeps=10, converged=False, rel_change=4.696e-02, effective_ranks=(95, 24), class_paired=True
Epoch [37/100] | Loss: 6.5037 (Cls: 6.5034, TAL: -0.0999, Adv: 0.1537, OT-Reg: 0.000894) | OT inner objective: 0.2317 | Marginal residual row/col/max: 1.24e-08/2.79e-08/2.79e-08 | Train Acc: 0.1979 | Val Acc: 0.0385 | Val P/R/F1 (Macro): 0.0556/0.0208/0.0303 | LR: 0.000001
Epoch [38/100] | SVD update #38: pairs=96, sweeps=10, converged=False, rel_change=2.279e-02, effective_ranks=(95, 28), class_paired=True
Epoch [38/100] | Loss: 6.1988 (Cls: 6.1904, TAL: -0.0305, Adv: 0.1513, OT-Reg: 0.000925) | OT inner objective: 0.2448 | Marginal residual row/col/max: 1.12e-08/1.30e-08/1.30e-08 | Train Acc: 0.1771 | Val Acc: 0.1923 | Val P/R/F1 (Macro): 0.1000/0.1917/0.1193 | LR: 0.000001
Epoch [39/100] | SVD update #39: pairs=96, sweeps=10, converged=False, rel_change=3.927e-01, effective_ranks=(95, 44), class_paired=True
Epoch [39/100] | Loss: 6.3918 (Cls: 6.3641, TAL: 0.1302, Adv: 0.1520, OT-Reg: 0.001002) | OT inner objective: 0.2301 | Marginal residual row/col/max: 1.18e-08/2.61e-08/2.61e-08 | Train Acc: 0.1562 | Val Acc: 0.0000 | Val P/R/F1 (Macro): 0.0000/0.0000/0.0000 | LR: 0.000001
Epoch [40/100] | SVD update #40: pairs=96, sweeps=10, converged=False, rel_change=8.650e-03, effective_ranks=(95, 29), class_paired=True
Epoch [40/100] | Loss: 6.1505 (Cls: 6.1669, TAL: -0.2385, Adv: 0.1530, OT-Reg: 0.001076) | OT inner objective: 0.1414 | Marginal residual row/col/max: 1.61e-08/2.73e-08/2.73e-08 | Train Acc: 0.2604 | Val Acc: 0.0769 | Val P/R/F1 (Macro): 0.0349/0.1167/0.0537 | LR: 0.000001
Epoch [41/100] | SVD update #41: pairs=96, sweeps=10, converged=False, rel_change=4.909e-01, effective_ranks=(95, 26), class_paired=True
Epoch [41/100] | Loss: 6.3843 (Cls: 6.4013, TAL: -0.2398, Adv: 0.1470, OT-Reg: 0.001080) | OT inner objective: 0.0608 | Marginal residual row/col/max: 4.66e-08/3.48e-08/6.33e-08 | Train Acc: 0.1562 | Val Acc: 0.1538 | Val P/R/F1 (Macro): 0.0833/0.0833/0.0833 | LR: 0.000001
Epoch [42/100] | SVD update #42: pairs=96, sweeps=10, converged=False, rel_change=4.945e-02, effective_ranks=(95, 28), class_paired=True
Epoch [42/100] | Loss: 6.1102 (Cls: 6.1076, TAL: -0.0837, Adv: 0.1574, OT-Reg: 0.001138) | OT inner objective: 0.0236 | Marginal residual row/col/max: 2.26e-06/1.18e-08/2.26e-06 | Train Acc: 0.2292 | Val Acc: 0.2692 | Val P/R/F1 (Macro): 0.2399/0.2958/0.1909 | LR: 0.000001
Epoch [43/100] | SVD update #43: pairs=96, sweeps=10, converged=False, rel_change=2.559e-01, effective_ranks=(95, 30), class_paired=True
Epoch [43/100] | Loss: 6.1746 (Cls: 6.1761, TAL: -0.0954, Adv: 0.1252, OT-Reg: 0.001254) | OT inner objective: 0.0535 | Marginal residual row/col/max: 5.02e-07/1.30e-08/5.02e-07 | Train Acc: 0.2500 | Val Acc: 0.1923 | Val P/R/F1 (Macro): 0.2852/0.1375/0.1581 | LR: 0.000001
Epoch [44/100] | SVD update #44: pairs=96, sweeps=10, converged=False, rel_change=2.324e-01, effective_ranks=(95, 33), class_paired=True
Epoch [44/100] | Loss: 6.1157 (Cls: 6.1342, TAL: -0.2561, Adv: 0.1533, OT-Reg: 0.001143) | OT inner objective: 0.1028 | Marginal residual row/col/max: 3.85e-08/8.07e-09/3.85e-08 | Train Acc: 0.1875 | Val Acc: 0.0769 | Val P/R/F1 (Macro): 0.1111/0.0667/0.0833 | LR: 0.000001
Epoch [45/100] | SVD update #45: pairs=96, sweeps=10, converged=False, rel_change=2.928e-02, effective_ranks=(95, 31), class_paired=True
Epoch [45/100] | Loss: 6.1092 (Cls: 6.1279, TAL: -0.2533, Adv: 0.1463, OT-Reg: 0.000902) | OT inner objective: 0.0784 | Marginal residual row/col/max: 1.22e-05/1.74e-08/1.22e-05 | Train Acc: 0.1562 | Val Acc: 0.1538 | Val P/R/F1 (Macro): 0.0741/0.0833/0.0784 | LR: 0.000001
Epoch [46/100] | SVD update #46: pairs=96, sweeps=10, converged=False, rel_change=4.504e-02, effective_ranks=(95, 25), class_paired=True
Epoch [46/100] | Loss: 5.9636 (Cls: 5.9684, TAL: -0.1344, Adv: 0.1417, OT-Reg: 0.001033) | OT inner objective: -0.1172 | Marginal residual row/col/max: 1.23e-05/1.43e-08/1.23e-05 | Train Acc: 0.3438 | Val Acc: 0.0769 | Val P/R/F1 (Macro): 0.1667/0.0417/0.0667 | LR: 0.000001
Epoch [47/100] | SVD update #47: pairs=96, sweeps=10, converged=False, rel_change=3.905e-01, effective_ranks=(95, 30), class_paired=True
Epoch [47/100] | Loss: 6.5271 (Cls: 6.5218, TAL: -0.0766, Adv: 0.1808, OT-Reg: 0.000938) | OT inner objective: 0.1348 | Marginal residual row/col/max: 5.20e-05/2.73e-08/5.20e-05 | Train Acc: 0.1458 | Val Acc: 0.0769 | Val P/R/F1 (Macro): 0.0333/0.0417/0.0370 | LR: 0.000001
Epoch [48/100] | SVD update #48: pairs=96, sweeps=6, converged=True, rel_change=5.976e-04, effective_ranks=(95, 33), class_paired=True
Epoch [48/100] | Loss: 6.5923 (Cls: 6.5811, TAL: -0.0135, Adv: 0.1607, OT-Reg: 0.001074) | OT inner objective: 0.1957 | Marginal residual row/col/max: 1.24e-08/2.42e-08/2.42e-08 | Train Acc: 0.1250 | Val Acc: 0.2692 | Val P/R/F1 (Macro): 0.1181/0.2083/0.1500 | LR: 0.000001
Epoch [49/100] | SVD update #49: pairs=96, sweeps=10, converged=False, rel_change=7.963e-01, effective_ranks=(95, 26), class_paired=True
Epoch [49/100] | Loss: 7.1799 (Cls: 7.1586, TAL: 0.0797, Adv: 0.1465, OT-Reg: 0.001116) | OT inner objective: 0.1947 | Marginal residual row/col/max: 1.24e-08/2.55e-08/2.55e-08 | Train Acc: 0.0521 | Val Acc: 0.2692 | Val P/R/F1 (Macro): 0.1106/0.1958/0.1389 | LR: 0.000001
Epoch [50/100] | SVD update #50: pairs=96, sweeps=10, converged=False, rel_change=2.480e-03, effective_ranks=(95, 27), class_paired=True
Epoch [50/100] | Loss: 6.9167 (Cls: 6.8920, TAL: 0.0993, Adv: 0.1594, OT-Reg: 0.001047) | OT inner objective: 0.1753 | Marginal residual row/col/max: 1.18e-08/3.66e-08/3.66e-08 | Train Acc: 0.1250 | Val Acc: 0.1923 | Val P/R/F1 (Macro): 0.0791/0.1667/0.1005 | LR: 0.000001
Epoch [51/100] | SVD update #51: pairs=96, sweeps=10, converged=True, rel_change=5.229e-04, effective_ranks=(95, 29), class_paired=True
Epoch [51/100] | Loss: 6.2049 (Cls: 6.1963, TAL: -0.0387, Adv: 0.1665, OT-Reg: 0.001009) | OT inner objective: 0.2237 | Marginal residual row/col/max: 1.37e-08/2.86e-08/2.86e-08 | Train Acc: 0.2500 | Val Acc: 0.1538 | Val P/R/F1 (Macro): 0.1528/0.1417/0.1444 | LR: 0.000001
Epoch [52/100] | SVD update #52: pairs=96, sweeps=10, converged=True, rel_change=4.162e-04, effective_ranks=(95, 30), class_paired=True
Epoch [52/100] | Loss: 6.2690 (Cls: 6.2772, TAL: -0.1717, Adv: 0.1548, OT-Reg: 0.000946) | OT inner objective: 0.0537 | Marginal residual row/col/max: 1.19e-07/3.41e-08/1.25e-07 | Train Acc: 0.2396 | Val Acc: 0.2692 | Val P/R/F1 (Macro): 0.2917/0.2208/0.1741 | LR: 0.000001
Epoch [53/100] | SVD update #53: pairs=96, sweeps=10, converged=False, rel_change=3.030e-02, effective_ranks=(95, 23), class_paired=True
Epoch [53/100] | Loss: 5.9090 (Cls: 5.9208, TAL: -0.2007, Adv: 0.1526, OT-Reg: 0.001004) | OT inner objective: -0.0230 | Marginal residual row/col/max: 2.40e-05/2.79e-08/2.40e-05 | Train Acc: 0.3021 | Val Acc: 0.1923 | Val P/R/F1 (Macro): 0.0948/0.2167/0.1273 | LR: 0.000001
Epoch [54/100] | SVD update #54: pairs=96, sweeps=10, converged=False, rel_change=2.978e-03, effective_ranks=(95, 25), class_paired=True
Epoch [54/100] | Loss: 6.0680 (Cls: 6.0627, TAL: -0.0571, Adv: 0.1519, OT-Reg: 0.001166) | OT inner objective: 0.2066 | Marginal residual row/col/max: 1.18e-08/2.42e-08/2.42e-08 | Train Acc: 0.2188 | Val Acc: 0.5000 | Val P/R/F1 (Macro): 0.1931/0.3333/0.2415 | LR: 0.000001
  >>> New Best Val Acc: 0.5000
Epoch [55/100] | SVD update #55: pairs=96, sweeps=10, converged=False, rel_change=3.320e-02, effective_ranks=(95, 25), class_paired=True
Epoch [55/100] | Loss: 6.1204 (Cls: 6.1260, TAL: -0.1456, Adv: 0.1479, OT-Reg: 0.001117) | OT inner objective: 0.1313 | Marginal residual row/col/max: 1.18e-08/1.37e-08/1.55e-08 | Train Acc: 0.2292 | Val Acc: 0.0385 | Val P/R/F1 (Macro): 0.0119/0.0833/0.0208 | LR: 0.000001
Epoch [56/100] | SVD update #56: pairs=96, sweeps=10, converged=False, rel_change=9.151e-02, effective_ranks=(95, 29), class_paired=True
Epoch [56/100] | Loss: 6.0479 (Cls: 6.0477, TAL: -0.1032, Adv: 0.1575, OT-Reg: 0.001128) | OT inner objective: 0.1921 | Marginal residual row/col/max: 1.37e-08/1.37e-08/1.68e-08 | Train Acc: 0.2083 | Val Acc: 0.1923 | Val P/R/F1 (Macro): 0.0641/0.1042/0.0794 | LR: 0.000001
Epoch [57/100] | SVD update #57: pairs=96, sweeps=10, converged=False, rel_change=9.869e-02, effective_ranks=(95, 24), class_paired=True
Epoch [57/100] | Loss: 6.0354 (Cls: 6.0273, TAL: -0.0295, Adv: 0.1453, OT-Reg: 0.000833) | OT inner objective: 0.1940 | Marginal residual row/col/max: 1.74e-08/1.99e-08/2.48e-08 | Train Acc: 0.2292 | Val Acc: 0.1538 | Val P/R/F1 (Macro): 0.1083/0.2833/0.1476 | LR: 0.000001
Epoch [58/100] | SVD update #58: pairs=96, sweeps=10, converged=False, rel_change=1.686e-01, effective_ranks=(95, 30), class_paired=True
Epoch [58/100] | Loss: 6.1654 (Cls: 6.1548, TAL: -0.0024, Adv: 0.1361, OT-Reg: 0.001006) | OT inner objective: 0.1445 | Marginal residual row/col/max: 9.31e-09/1.18e-08/1.18e-08 | Train Acc: 0.2396 | Val Acc: 0.2692 | Val P/R/F1 (Macro): 0.1856/0.1833/0.1813 | LR: 0.000001
Epoch [59/100] | SVD update #59: pairs=96, sweeps=10, converged=False, rel_change=4.507e-02, effective_ranks=(95, 34), class_paired=True
Epoch [59/100] | Loss: 6.0682 (Cls: 6.0612, TAL: -0.0101, Adv: 0.1025, OT-Reg: 0.000938) | OT inner objective: 0.1084 | Marginal residual row/col/max: 1.27e-06/2.42e-08/1.27e-06 | Train Acc: 0.1875 | Val Acc: 0.2308 | Val P/R/F1 (Macro): 0.2188/0.1375/0.1250 | LR: 0.000001
Epoch [60/100] | SVD update #60: pairs=96, sweeps=8, converged=True, rel_change=7.459e-04, effective_ranks=(94, 26), class_paired=True
Epoch [60/100] | Loss: 6.3394 (Cls: 6.3245, TAL: 0.0385, Adv: 0.1283, OT-Reg: 0.000856) | OT inner objective: 0.1225 | Marginal residual row/col/max: 6.99e-07/3.85e-08/6.99e-07 | Train Acc: 0.2083 | Val Acc: 0.1154 | Val P/R/F1 (Macro): 0.1071/0.0750/0.0779 | LR: 0.000001
Epoch [61/100] | SVD update #61: pairs=96, sweeps=10, converged=False, rel_change=2.731e-01, effective_ranks=(95, 23), class_paired=True
Epoch [61/100] | Loss: 5.9759 (Cls: 5.9969, TAL: -0.2617, Adv: 0.1302, OT-Reg: 0.001101) | OT inner objective: 0.1085 | Marginal residual row/col/max: 1.47e-07/1.12e-08/1.47e-07 | Train Acc: 0.3021 | Val Acc: 0.1923 | Val P/R/F1 (Macro): 0.3750/0.1542/0.1514 | LR: 0.000001
Epoch [62/100] | SVD update #62: pairs=96, sweeps=10, converged=False, rel_change=8.885e-02, effective_ranks=(95, 21), class_paired=True
Epoch [62/100] | Loss: 6.4502 (Cls: 6.4582, TAL: -0.1638, Adv: 0.1450, OT-Reg: 0.001092) | OT inner objective: -0.2347 | Marginal residual row/col/max: 7.68e-05/1.24e-08/7.68e-05 | Train Acc: 0.2917 | Val Acc: 0.2692 | Val P/R/F1 (Macro): 0.1630/0.2583/0.1989 | LR: 0.000001
Epoch [63/100] | SVD update #63: pairs=96, sweeps=10, converged=False, rel_change=3.911e-02, effective_ranks=(95, 23), class_paired=True
Epoch [63/100] | Loss: 6.2087 (Cls: 6.2099, TAL: -0.1090, Adv: 0.1481, OT-Reg: 0.000875) | OT inner objective: -0.0558 | Marginal residual row/col/max: 2.57e-05/1.61e-08/2.57e-05 | Train Acc: 0.2396 | Val Acc: 0.0000 | Val P/R/F1 (Macro): 0.0000/0.0000/0.0000 | LR: 0.000001
Epoch [64/100] | SVD update #64: pairs=96, sweeps=10, converged=False, rel_change=7.212e-02, effective_ranks=(95, 21), class_paired=True
Epoch [64/100] | Loss: 6.2789 (Cls: 6.2803, TAL: -0.0954, Adv: 0.1249, OT-Reg: 0.001055) | OT inner objective: -0.1317 | Marginal residual row/col/max: 2.53e-05/1.18e-08/2.53e-05 | Train Acc: 0.1979 | Val Acc: 0.0385 | Val P/R/F1 (Macro): 0.0167/0.0208/0.0185 | LR: 0.000001
Epoch [65/100] | SVD update #65: pairs=96, sweeps=10, converged=False, rel_change=1.072e-01, effective_ranks=(94, 24), class_paired=True
Epoch [65/100] | Loss: 6.4355 (Cls: 6.4304, TAL: -0.0452, Adv: 0.1319, OT-Reg: 0.000907) | OT inner objective: -0.0235 | Marginal residual row/col/max: 3.81e-05/3.04e-08/3.81e-05 | Train Acc: 0.1979 | Val Acc: 0.2308 | Val P/R/F1 (Macro): 0.0794/0.2000/0.1111 | LR: 0.000001
Epoch [66/100] | SVD update #66: pairs=96, sweeps=10, converged=False, rel_change=7.451e-02, effective_ranks=(95, 30), class_paired=True
Epoch [66/100] | Loss: 6.1798 (Cls: 6.1653, TAL: 0.0105, Adv: 0.1663, OT-Reg: 0.000767) | OT inner objective: -0.1338 | Marginal residual row/col/max: 9.73e-05/4.28e-08/9.73e-05 | Train Acc: 0.2396 | Val Acc: 0.3846 | Val P/R/F1 (Macro): 0.2533/0.3583/0.2744 | LR: 0.000001
Epoch [67/100] | SVD update #67: pairs=96, sweeps=10, converged=False, rel_change=1.967e-01, effective_ranks=(95, 28), class_paired=True
Epoch [67/100] | Loss: 5.9487 (Cls: 5.9461, TAL: -0.0715, Adv: 0.1398, OT-Reg: 0.001045) | OT inner objective: 0.0686 | Marginal residual row/col/max: 1.04e-07/1.12e-08/1.04e-07 | Train Acc: 0.3229 | Val Acc: 0.2692 | Val P/R/F1 (Macro): 0.0966/0.2083/0.1269 | LR: 0.000001
Epoch [68/100] | SVD update #68: pairs=96, sweeps=10, converged=False, rel_change=4.239e-03, effective_ranks=(95, 28), class_paired=True
Epoch [68/100] | Loss: 5.9105 (Cls: 5.9140, TAL: -0.1236, Adv: 0.1414, OT-Reg: 0.001258) | OT inner objective: 0.0894 | Marginal residual row/col/max: 1.36e-06/1.12e-08/1.36e-06 | Train Acc: 0.2396 | Val Acc: 0.1538 | Val P/R/F1 (Macro): 0.0513/0.1333/0.0741 | LR: 0.000001
Epoch [69/100] | SVD update #69: pairs=96, sweeps=10, converged=False, rel_change=3.370e-02, effective_ranks=(95, 32), class_paired=True
Epoch [69/100] | Loss: 6.7275 (Cls: 6.6956, TAL: 0.1834, Adv: 0.1241, OT-Reg: 0.001161) | OT inner objective: 0.2070 | Marginal residual row/col/max: 9.93e-09/1.49e-08/1.49e-08 | Train Acc: 0.0729 | Val Acc: 0.3077 | Val P/R/F1 (Macro): 0.2963/0.3125/0.2725 | LR: 0.000001
Epoch [70/100] | SVD update #70: pairs=96, sweeps=10, converged=False, rel_change=6.000e-03, effective_ranks=(94, 32), class_paired=True
Epoch [70/100] | Loss: 6.7125 (Cls: 6.6897, TAL: 0.0916, Adv: 0.1475, OT-Reg: 0.000969) | OT inner objective: 0.2345 | Marginal residual row/col/max: 2.15e-04/3.85e-08/2.15e-04 | Train Acc: 0.0938 | Val Acc: 0.1923 | Val P/R/F1 (Macro): 0.0463/0.1667/0.0725 | LR: 0.000001
Epoch [71/100] | SVD update #71: pairs=96, sweeps=10, converged=False, rel_change=5.025e-02, effective_ranks=(95, 25), class_paired=True
Epoch [71/100] | Loss: 6.4550 (Cls: 6.4252, TAL: 0.1675, Adv: 0.1217, OT-Reg: 0.000868) | OT inner objective: 0.1710 | Marginal residual row/col/max: 3.17e-08/3.73e-08/3.91e-08 | Train Acc: 0.1042 | Val Acc: 0.0000 | Val P/R/F1 (Macro): 0.0000/0.0000/0.0000 | LR: 0.000001
Epoch [72/100] | SVD update #72: pairs=96, sweeps=10, converged=False, rel_change=4.616e-03, effective_ranks=(95, 24), class_paired=True
Epoch [72/100] | Loss: 6.3800 (Cls: 6.3535, TAL: 0.1287, Adv: 0.1378, OT-Reg: 0.001102) | OT inner objective: 0.2297 | Marginal residual row/col/max: 1.24e-08/3.60e-08/3.60e-08 | Train Acc: 0.1458 | Val Acc: 0.2308 | Val P/R/F1 (Macro): 0.3509/0.4000/0.2937 | LR: 0.000001
Epoch [73/100] | SVD update #73: pairs=96, sweeps=10, converged=False, rel_change=1.130e-01, effective_ranks=(95, 29), class_paired=True
Epoch [73/100] | Loss: 5.9789 (Cls: 5.9831, TAL: -0.1140, Adv: 0.1186, OT-Reg: 0.001016) | OT inner objective: -0.0972 | Marginal residual row/col/max: 1.03e-04/9.93e-09/1.03e-04 | Train Acc: 0.1771 | Val Acc: 0.2308 | Val P/R/F1 (Macro): 0.1161/0.1667/0.1222 | LR: 0.000001
Epoch [74/100] | SVD update #74: pairs=96, sweeps=8, converged=True, rel_change=8.679e-04, effective_ranks=(95, 26), class_paired=True
Epoch [74/100] | Loss: 6.3425 (Cls: 6.3475, TAL: -0.1278, Adv: 0.1299, OT-Reg: 0.000953) | OT inner objective: -0.0484 | Marginal residual row/col/max: 5.59e-06/2.05e-08/5.59e-06 | Train Acc: 0.2292 | Val Acc: 0.1154 | Val P/R/F1 (Macro): 0.1500/0.2000/0.1429 | LR: 0.000001
Epoch [75/100] | SVD update #75: pairs=96, sweeps=10, converged=False, rel_change=5.592e-02, effective_ranks=(95, 26), class_paired=True
Epoch [75/100] | Loss: 6.6143 (Cls: 6.5798, TAL: 0.1824, Adv: 0.1576, OT-Reg: 0.001063) | OT inner objective: 0.2405 | Marginal residual row/col/max: 1.12e-08/1.12e-08/1.24e-08 | Train Acc: 0.0625 | Val Acc: 0.1538 | Val P/R/F1 (Macro): 0.1083/0.1458/0.1190 | LR: 0.000001
Epoch [76/100] | SVD update #76: pairs=96, sweeps=10, converged=False, rel_change=2.175e-01, effective_ranks=(95, 26), class_paired=True
Epoch [76/100] | Loss: 6.3558 (Cls: 6.3170, TAL: 0.2293, Adv: 0.1406, OT-Reg: 0.001129) | OT inner objective: 0.1249 | Marginal residual row/col/max: 3.54e-08/2.48e-08/3.97e-08 | Train Acc: 0.1354 | Val Acc: 0.1538 | Val P/R/F1 (Macro): 0.0417/0.1333/0.0635 | LR: 0.000001
Epoch [77/100] | SVD update #77: pairs=96, sweeps=9, converged=True, rel_change=5.363e-04, effective_ranks=(95, 26), class_paired=True
Epoch [77/100] | Loss: 6.4395 (Cls: 6.4145, TAL: 0.1455, Adv: 0.0952, OT-Reg: 0.001020) | OT inner objective: 0.2291 | Marginal residual row/col/max: 1.24e-08/1.68e-08/1.80e-08 | Train Acc: 0.0833 | Val Acc: 0.0000 | Val P/R/F1 (Macro): 0.0000/0.0000/0.0000 | LR: 0.000001
Epoch [78/100] | SVD update #78: pairs=96, sweeps=10, converged=False, rel_change=5.268e-02, effective_ranks=(95, 25), class_paired=True
Epoch [78/100] | Loss: 6.6281 (Cls: 6.5958, TAL: 0.1855, Adv: 0.1257, OT-Reg: 0.001002) | OT inner objective: 0.0171 | Marginal residual row/col/max: 1.23e-07/1.24e-08/1.23e-07 | Train Acc: 0.0938 | Val Acc: 0.1538 | Val P/R/F1 (Macro): 0.0774/0.1458/0.1010 | LR: 0.000001
Epoch [79/100] | SVD update #79: pairs=96, sweeps=10, converged=False, rel_change=2.628e+00, effective_ranks=(95, 28), class_paired=True
Epoch [79/100] | Loss: 6.5413 (Cls: 6.5182, TAL: 0.1096, Adv: 0.1250, OT-Reg: 0.000850) | OT inner objective: 0.1063 | Marginal residual row/col/max: 1.12e-06/4.10e-08/1.13e-06 | Train Acc: 0.1250 | Val Acc: 0.1154 | Val P/R/F1 (Macro): 0.0812/0.1500/0.1037 | LR: 0.000001
Epoch [80/100] | SVD update #80: pairs=96, sweeps=5, converged=True, rel_change=9.994e-04, effective_ranks=(95, 25), class_paired=True
Epoch [80/100] | Loss: 6.5872 (Cls: 6.5538, TAL: 0.1871, Adv: 0.1368, OT-Reg: 0.001040) | OT inner objective: 0.1904 | Marginal residual row/col/max: 1.24e-08/1.92e-08/1.92e-08 | Train Acc: 0.1458 | Val Acc: 0.2308 | Val P/R/F1 (Macro): 0.0747/0.2083/0.1053 | LR: 0.000001
Epoch [81/100] | SVD update #81: pairs=96, sweeps=10, converged=False, rel_change=3.574e-01, effective_ranks=(95, 31), class_paired=True
Epoch [81/100] | Loss: 6.7566 (Cls: 6.7364, TAL: 0.0815, Adv: 0.1305, OT-Reg: 0.000953) | OT inner objective: 0.2095 | Marginal residual row/col/max: 2.24e-08/2.92e-08/2.98e-08 | Train Acc: 0.0938 | Val Acc: 0.1154 | Val P/R/F1 (Macro): 0.0446/0.1250/0.0648 | LR: 0.000001
Epoch [82/100] | SVD update #82: pairs=96, sweeps=10, converged=False, rel_change=2.181e-02, effective_ranks=(95, 31), class_paired=True
Epoch [82/100] | Loss: 6.4055 (Cls: 6.3879, TAL: 0.0570, Adv: 0.1343, OT-Reg: 0.000880) | OT inner objective: 0.0895 | Marginal residual row/col/max: 3.54e-08/2.24e-08/3.97e-08 | Train Acc: 0.1771 | Val Acc: 0.0769 | Val P/R/F1 (Macro): 0.2083/0.1167/0.1481 | LR: 0.000001
Epoch [83/100] | SVD update #83: pairs=96, sweeps=10, converged=True, rel_change=8.687e-04, effective_ranks=(95, 25), class_paired=True
Epoch [83/100] | Loss: 6.7043 (Cls: 6.6884, TAL: 0.0548, Adv: 0.1164, OT-Reg: 0.001060) | OT inner objective: 0.0690 | Marginal residual row/col/max: 1.45e-07/1.99e-08/1.47e-07 | Train Acc: 0.1042 | Val Acc: 0.0769 | Val P/R/F1 (Macro): 0.0185/0.0833/0.0303 | LR: 0.000001
Epoch [84/100] | SVD update #84: pairs=96, sweeps=10, converged=False, rel_change=2.712e-03, effective_ranks=(95, 29), class_paired=True
Epoch [84/100] | Loss: 6.9473 (Cls: 6.9224, TAL: 0.1135, Adv: 0.1412, OT-Reg: 0.000991) | OT inner objective: 0.1367 | Marginal residual row/col/max: 2.11e-08/3.66e-08/3.79e-08 | Train Acc: 0.1146 | Val Acc: 0.2308 | Val P/R/F1 (Macro): 0.1250/0.2500/0.1518 | LR: 0.000001
Epoch [85/100] | SVD update #85: pairs=96, sweeps=10, converged=False, rel_change=8.372e-01, effective_ranks=(95, 27), class_paired=True
Epoch [85/100] | Loss: 8.1439 (Cls: 8.1398, TAL: -0.0659, Adv: 0.1502, OT-Reg: 0.000956) | OT inner objective: 0.0185 | Marginal residual row/col/max: 7.74e-05/3.29e-08/7.74e-05 | Train Acc: 0.0729 | Val Acc: 0.1154 | Val P/R/F1 (Macro): 0.1056/0.1250/0.1123 | LR: 0.000001
Epoch [86/100] | SVD update #86: pairs=96, sweeps=10, converged=False, rel_change=4.821e-03, effective_ranks=(95, 26), class_paired=True
Epoch [86/100] | Loss: 8.4825 (Cls: 8.5003, TAL: -0.2345, Adv: 0.1293, OT-Reg: 0.001043) | OT inner objective: 0.0476 | Marginal residual row/col/max: 7.48e-07/1.49e-08/7.48e-07 | Train Acc: 0.1250 | Val Acc: 0.2308 | Val P/R/F1 (Macro): 0.0859/0.2333/0.1250 | LR: 0.000001
Epoch [87/100] | SVD update #87: pairs=96, sweeps=10, converged=False, rel_change=3.217e-03, effective_ranks=(95, 29), class_paired=True
Epoch [87/100] | Loss: 7.8893 (Cls: 7.8997, TAL: -0.1644, Adv: 0.1168, OT-Reg: 0.000959) | OT inner objective: -0.0886 | Marginal residual row/col/max: 8.96e-05/1.61e-08/8.96e-05 | Train Acc: 0.1562 | Val Acc: 0.2308 | Val P/R/F1 (Macro): 0.1540/0.2833/0.1875 | LR: 0.000001
Epoch [88/100] | SVD update #88: pairs=96, sweeps=10, converged=False, rel_change=9.885e-02, effective_ranks=(94, 29), class_paired=True
Epoch [88/100] | Loss: 7.8412 (Cls: 7.8310, TAL: 0.0216, Adv: 0.0947, OT-Reg: 0.000982) | OT inner objective: 0.0560 | Marginal residual row/col/max: 4.38e-07/2.30e-08/4.43e-07 | Train Acc: 0.2708 | Val Acc: 0.1923 | Val P/R/F1 (Macro): 0.1019/0.1458/0.1017 | LR: 0.000001
Epoch [89/100] | SVD update #89: pairs=96, sweeps=10, converged=False, rel_change=6.843e-01, effective_ranks=(95, 26), class_paired=True
Epoch [89/100] | Loss: 7.4762 (Cls: 7.4596, TAL: 0.0652, Adv: 0.1102, OT-Reg: 0.001121) | OT inner objective: 0.1818 | Marginal residual row/col/max: 1.37e-08/1.68e-08/1.92e-08 | Train Acc: 0.2917 | Val Acc: 0.1923 | Val P/R/F1 (Macro): 0.0362/0.1667/0.0595 | LR: 0.000001
Epoch [90/100] | SVD update #90: pairs=96, sweeps=7, converged=True, rel_change=5.256e-04, effective_ranks=(95, 23), class_paired=True
Epoch [90/100] | Loss: 7.5700 (Cls: 7.5274, TAL: 0.2779, Adv: 0.1149, OT-Reg: 0.001082) | OT inner objective: 0.1760 | Marginal residual row/col/max: 1.30e-08/2.24e-08/2.30e-08 | Train Acc: 0.3333 | Val Acc: 0.1923 | Val P/R/F1 (Macro): 0.1190/0.1042/0.1111 | LR: 0.000001
Epoch [91/100] | SVD update #91: pairs=96, sweeps=10, converged=False, rel_change=2.445e-01, effective_ranks=(95, 26), class_paired=True
Epoch [91/100] | Loss: 7.5464 (Cls: 7.5385, TAL: -0.0315, Adv: 0.1456, OT-Reg: 0.001051) | OT inner objective: -0.0150 | Marginal residual row/col/max: 8.13e-07/9.31e-09/8.13e-07 | Train Acc: 0.2708 | Val Acc: 0.3462 | Val P/R/F1 (Macro): 0.1647/0.2375/0.1944 | LR: 0.000001
Epoch [92/100] | SVD update #92: pairs=96, sweeps=10, converged=False, rel_change=2.496e-01, effective_ranks=(95, 25), class_paired=True
Epoch [92/100] | Loss: 8.3052 (Cls: 8.3294, TAL: -0.2637, Adv: 0.0928, OT-Reg: 0.000999) | OT inner objective: -0.0462 | Marginal residual row/col/max: 2.28e-06/1.80e-08/2.28e-06 | Train Acc: 0.1354 | Val Acc: 0.2692 | Val P/R/F1 (Macro): 0.2167/0.2083/0.1825 | LR: 0.000001
Epoch [93/100] | SVD update #93: pairs=96, sweeps=10, converged=False, rel_change=2.744e-01, effective_ranks=(95, 42), class_paired=True
Epoch [93/100] | Loss: 7.7493 (Cls: 7.7194, TAL: 0.1732, Adv: 0.1142, OT-Reg: 0.000926) | OT inner objective: 0.1296 | Marginal residual row/col/max: 4.47e-08/4.66e-08/5.84e-08 | Train Acc: 0.1458 | Val Acc: 0.1154 | Val P/R/F1 (Macro): 0.2326/0.1875/0.1222 | LR: 0.000001
Epoch [94/100] | SVD update #94: pairs=96, sweeps=10, converged=False, rel_change=3.915e-03, effective_ranks=(95, 26), class_paired=True
Epoch [94/100] | Loss: 7.6293 (Cls: 7.6013, TAL: 0.1681, Adv: 0.0973, OT-Reg: 0.000933) | OT inner objective: 0.2364 | Marginal residual row/col/max: 9.93e-09/2.17e-08/2.17e-08 | Train Acc: 0.1667 | Val Acc: 0.2692 | Val P/R/F1 (Macro): 0.1970/0.2292/0.1422 | LR: 0.000001
Epoch [95/100] | SVD update #95: pairs=96, sweeps=10, converged=False, rel_change=2.012e-01, effective_ranks=(95, 38), class_paired=True
Epoch [95/100] | Loss: 6.9695 (Cls: 6.9408, TAL: 0.1663, Adv: 0.1091, OT-Reg: 0.000943) | OT inner objective: 0.1764 | Marginal residual row/col/max: 2.24e-08/4.28e-08/4.66e-08 | Train Acc: 0.2083 | Val Acc: 0.3077 | Val P/R/F1 (Macro): 0.1056/0.2292/0.1389 | LR: 0.000001
Epoch [96/100] | SVD update #96: pairs=96, sweeps=10, converged=False, rel_change=2.510e-01, effective_ranks=(95, 37), class_paired=True
Epoch [96/100] | Loss: 7.0099 (Cls: 6.9970, TAL: 0.0470, Adv: 0.0913, OT-Reg: 0.001053) | OT inner objective: -0.0246 | Marginal residual row/col/max: 5.06e-05/2.05e-08/5.06e-05 | Train Acc: 0.2708 | Val Acc: 0.0769 | Val P/R/F1 (Macro): 0.1667/0.0417/0.0667 | LR: 0.000001
Epoch [97/100] | SVD update #97: pairs=96, sweeps=10, converged=False, rel_change=4.694e-02, effective_ranks=(95, 28), class_paired=True
Epoch [97/100] | Loss: 7.6764 (Cls: 7.6782, TAL: -0.0929, Adv: 0.1171, OT-Reg: 0.001072) | OT inner objective: 0.0448 | Marginal residual row/col/max: 1.55e-05/1.99e-08/1.55e-05 | Train Acc: 0.1562 | Val Acc: 0.1154 | Val P/R/F1 (Macro): 0.0385/0.0625/0.0476 | LR: 0.000001
Epoch [98/100] | SVD update #98: pairs=96, sweeps=10, converged=False, rel_change=3.390e-02, effective_ranks=(95, 28), class_paired=True
Epoch [98/100] | Loss: 7.3307 (Cls: 7.3060, TAL: 0.1493, Adv: 0.0839, OT-Reg: 0.000962) | OT inner objective: 0.1482 | Marginal residual row/col/max: 1.24e-08/2.48e-08/2.48e-08 | Train Acc: 0.1979 | Val Acc: 0.3077 | Val P/R/F1 (Macro): 0.2619/0.3167/0.2407 | LR: 0.000001
Epoch [99/100] | SVD update #99: pairs=96, sweeps=10, converged=False, rel_change=6.482e-02, effective_ranks=(95, 23), class_paired=True
Epoch [99/100] | Loss: 7.7280 (Cls: 7.6934, TAL: 0.1831, Adv: 0.1580, OT-Reg: 0.000894) | OT inner objective: 0.1365 | Marginal residual row/col/max: 1.30e-08/2.05e-08/2.17e-08 | Train Acc: 0.2917 | Val Acc: 0.0385 | Val P/R/F1 (Macro): 0.0139/0.0333/0.0196 | LR: 0.000001
Epoch [100/100] | SVD update #100: pairs=96, sweeps=10, converged=False, rel_change=1.510e+00, effective_ranks=(95, 27), class_paired=True
Epoch [100/100] | Loss: 7.7564 (Cls: 7.7365, TAL: 0.0684, Adv: 0.1459, OT-Reg: 0.000981) | OT inner objective: 0.2039 | Marginal residual row/col/max: 1.43e-08/3.23e-08/3.23e-08 | Train Acc: 0.2396 | Val Acc: 0.0385 | Val P/R/F1 (Macro): 0.0098/0.0833/0.0175 | LR: 0.000001
Report strategy: best, window=10, reported_acc=0.5000, best_acc=0.5000, selected_epoch=54

迭代 5 报告指标:
  Accuracy: 0.5000
  Precision (Macro): 0.1931
  Recall (Macro): 0.3333
  F1 (Macro): 0.2415
  Precision (Micro): 0.5000
  Recall (Micro): 0.5000
  F1 (Micro): 0.5000
  Val class coverage: 6/14 (0.4286), samples=26

================================================================================
5次迭代统计结果
================================================================================

accuracy:
  各迭代值: ['0.4615', '0.5000', '0.5000', '0.7308', '0.5000']
  均值 (Mean): 0.5385
  标准差 (Std): 0.0973

precision_macro:
  各迭代值: ['0.3185', '0.4167', '0.5556', '0.6413', '0.1931']
  均值 (Mean): 0.4250
  标准差 (Std): 0.1606

recall_macro:
  各迭代值: ['0.3625', '0.3833', '0.5208', '0.7042', '0.3333']
  均值 (Mean): 0.4608
  标准差 (Std): 0.1377

f1_macro:
  各迭代值: ['0.3192', '0.3981', '0.5169', '0.6236', '0.2415']
  均值 (Mean): 0.4199
  标准差 (Std): 0.1366

precision_micro:
  各迭代值: ['0.4615', '0.5000', '0.5000', '0.7308', '0.5000']
  均值 (Mean): 0.5385
  标准差 (Std): 0.0973

recall_micro:
  各迭代值: ['0.4615', '0.5000', '0.5000', '0.7308', '0.5000']
  均值 (Mean): 0.5385
  标准差 (Std): 0.0973

f1_micro:
  各迭代值: ['0.4615', '0.5000', '0.5000', '0.7308', '0.5000']
  均值 (Mean): 0.5385
  标准差 (Std): 0.0973

val_class_coverage:
  各迭代值: ['0.4286', '0.4286', '0.4286', '0.4286', '0.4286']
  均值 (Mean): 0.4286
  标准差 (Std): 0.0000

val_present_classes:
  各迭代值: ['6.0000', '6.0000', '6.0000', '6.0000', '6.0000']
  均值 (Mean): 6.0000
  标准差 (Std): 0.0000

val_total_classes:
  各迭代值: ['14.0000', '14.0000', '14.0000', '14.0000', '14.0000']
  均值 (Mean): 14.0000
  标准差 (Std): 0.0000

val_samples:
  各迭代值: ['26.0000', '26.0000', '26.0000', '26.0000', '26.0000']
  均值 (Mean): 26.0000
  标准差 (Std): 0.0000

训练结束时间: 2026-09-30 20:56:05
================================================================================
