================================================================================
模块消融实验 - with_tensor_with_ot
目标域天气: 逆光
训练开始时间: 2026-09-24 10:42:56
设备: cuda
源域: /mnt/data/lixiang/data/Data/晴天
目标域: /mnt/data/lixiang/data/Data/逆光
批次大小: 32
总轮数: 100
迭代次数: 5
使用Tensor模块: 是
使用OT模块: 是
特征融合方式: Tensor对齐
域对齐方式: 最优传输
目标标签比例/权重: 1.0/1.0
Tensor/Adv损失权重: 0.12/0.08
Tensor投影维度/更新: 64/每epoch一次; SVD统计批次=32
学习率: feature=5e-06, other=0.0002, weight_decay=0.0005
报告策略: last_window, 窗口: 10
================================================================================

================================================================================
迭代 1/5
随机种子: 42
================================================================================
Training mode: full target-label supervision (class-paired batches).
Feature fusion: Tensor alignment (512+512 -> 64+64); fused_dim=128
Domain adaptation: Neural OT generator with 3-domain discriminator
Loss weights: tensor=0.12, adv=0.08
Transport: mode=sinkhorn, epsilon=0.1, Sinkhorn iterations=50, correction scale=0.1, correction regularization weight=0.001
Tensor projection update: once per epoch from the complete target-training pairing bank; projection_dim=64, max_sweeps=3, relative singular-value tolerance=0.0001
Epoch [1/100] | SVD update #1: pairs=128, sweeps=3, converged=True, rel_change=5.751e-06, effective_ranks=(127, 121), class_paired=True
Epoch [1/100] | Loss: 8.7560 (Cls: 8.7633, TAL: -0.2389, Adv: 0.2679, OT-Reg: 0.000700) | OT inner objective: 0.2443 | Marginal residual row/col/max: 1.07e-08/1.12e-08/1.21e-08 | Train Acc: 0.0938 | Val Acc: 0.0556 | Val P/R/F1 (Macro): 0.0679/0.0556/0.0541 | LR: 0.000005
  >>> New Best Val Acc: 0.0556
Epoch [2/100] | SVD update #2: pairs=128, sweeps=3, converged=False, rel_change=1.281e-04, effective_ranks=(127, 119), class_paired=True
Epoch [2/100] | Loss: 8.7156 (Cls: 8.7193, TAL: -0.1495, Adv: 0.1782, OT-Reg: 0.000679) | OT inner objective: 0.2397 | Marginal residual row/col/max: 9.31e-09/1.30e-08/1.30e-08 | Train Acc: 0.1406 | Val Acc: 0.1944 | Val P/R/F1 (Macro): 0.1037/0.2556/0.1280 | LR: 0.000005
  >>> New Best Val Acc: 0.1944
Epoch [3/100] | SVD update #3: pairs=128, sweeps=3, converged=False, rel_change=8.540e-04, effective_ranks=(127, 85), class_paired=True
Epoch [3/100] | Loss: 7.5453 (Cls: 7.5484, TAL: -0.1623, Adv: 0.2049, OT-Reg: 0.000668) | OT inner objective: 0.2456 | Marginal residual row/col/max: 1.07e-08/1.16e-08/1.26e-08 | Train Acc: 0.1406 | Val Acc: 0.3889 | Val P/R/F1 (Macro): 0.2556/0.2870/0.2669 | LR: 0.000005
  >>> New Best Val Acc: 0.3889
Epoch [4/100] | SVD update #4: pairs=128, sweeps=3, converged=False, rel_change=7.921e-04, effective_ranks=(127, 76), class_paired=True
Epoch [4/100] | Loss: 7.9195 (Cls: 7.9448, TAL: -0.3206, Adv: 0.1653, OT-Reg: 0.000654) | OT inner objective: 0.2568 | Marginal residual row/col/max: 9.31e-09/1.30e-08/1.30e-08 | Train Acc: 0.2031 | Val Acc: 0.2222 | Val P/R/F1 (Macro): 0.1157/0.1713/0.1331 | LR: 0.000005
Epoch [5/100] | SVD update #5: pairs=128, sweeps=3, converged=False, rel_change=1.583e-02, effective_ranks=(127, 100), class_paired=True
Epoch [5/100] | Loss: 7.9232 (Cls: 7.9226, TAL: -0.1386, Adv: 0.2153, OT-Reg: 0.000575) | OT inner objective: 0.2691 | Marginal residual row/col/max: 1.07e-08/1.54e-08/1.58e-08 | Train Acc: 0.1250 | Val Acc: 0.3056 | Val P/R/F1 (Macro): 0.2287/0.2407/0.1725 | LR: 0.000005
Epoch [6/100] | SVD update #6: pairs=128, sweeps=3, converged=False, rel_change=1.303e+00, effective_ranks=(127, 64), class_paired=True
Epoch [6/100] | Loss: 8.1259 (Cls: 8.1147, TAL: -0.0186, Adv: 0.1677, OT-Reg: 0.000598) | OT inner objective: 0.2598 | Marginal residual row/col/max: 8.38e-09/1.40e-08/1.40e-08 | Train Acc: 0.0703 | Val Acc: 0.1944 | Val P/R/F1 (Macro): 0.0833/0.1019/0.0889 | LR: 0.000005
Epoch [7/100] | SVD update #7: pairs=128, sweeps=3, converged=False, rel_change=7.293e-02, effective_ranks=(127, 57), class_paired=True
Epoch [7/100] | Loss: 8.0262 (Cls: 7.9842, TAL: 0.2288, Adv: 0.1819, OT-Reg: 0.000670) | OT inner objective: 0.2603 | Marginal residual row/col/max: 1.07e-08/1.49e-08/1.58e-08 | Train Acc: 0.1094 | Val Acc: 0.1111 | Val P/R/F1 (Macro): 0.0335/0.1204/0.0519 | LR: 0.000005
Epoch [8/100] | SVD update #8: pairs=128, sweeps=3, converged=False, rel_change=1.855e-02, effective_ranks=(126, 47), class_paired=True
Epoch [8/100] | Loss: 8.1197 (Cls: 8.0692, TAL: 0.3108, Adv: 0.1654, OT-Reg: 0.000749) | OT inner objective: 0.2682 | Marginal residual row/col/max: 9.78e-09/2.14e-08/2.14e-08 | Train Acc: 0.0547 | Val Acc: 0.0278 | Val P/R/F1 (Macro): 0.0123/0.0185/0.0148 | LR: 0.000005
Epoch [9/100] | SVD update #9: pairs=128, sweeps=3, converged=False, rel_change=3.700e-02, effective_ranks=(127, 48), class_paired=True
Epoch [9/100] | Loss: 7.8467 (Cls: 7.7951, TAL: 0.3144, Adv: 0.1726, OT-Reg: 0.000681) | OT inner objective: 0.2438 | Marginal residual row/col/max: 9.78e-09/9.31e-09/1.02e-08 | Train Acc: 0.1016 | Val Acc: 0.2222 | Val P/R/F1 (Macro): 0.1329/0.1898/0.1542 | LR: 0.000005
Epoch [10/100] | SVD update #10: pairs=128, sweeps=3, converged=False, rel_change=2.685e-02, effective_ranks=(127, 35), class_paired=True
Epoch [10/100] | Loss: 8.0285 (Cls: 7.9943, TAL: 0.1176, Adv: 0.2509, OT-Reg: 0.000665) | OT inner objective: 0.2527 | Marginal residual row/col/max: 9.78e-09/1.96e-08/1.96e-08 | Train Acc: 0.0781 | Val Acc: 0.0556 | Val P/R/F1 (Macro): 0.0344/0.0417/0.0370 | LR: 0.000005
Epoch [11/100] | SVD update #11: pairs=128, sweeps=3, converged=False, rel_change=3.071e-02, effective_ranks=(127, 30), class_paired=True
Epoch [11/100] | Loss: 7.8013 (Cls: 7.7452, TAL: 0.3463, Adv: 0.1817, OT-Reg: 0.000657) | OT inner objective: 0.2665 | Marginal residual row/col/max: 1.02e-08/1.16e-08/1.16e-08 | Train Acc: 0.1484 | Val Acc: 0.1389 | Val P/R/F1 (Macro): 0.0504/0.0870/0.0617 | LR: 0.000005
Epoch [12/100] | SVD update #12: pairs=128, sweeps=3, converged=False, rel_change=9.200e-02, effective_ranks=(127, 25), class_paired=True
Epoch [12/100] | Loss: 7.9133 (Cls: 7.8877, TAL: 0.0901, Adv: 0.1848, OT-Reg: 0.000808) | OT inner objective: 0.2575 | Marginal residual row/col/max: 8.38e-09/1.96e-08/1.96e-08 | Train Acc: 0.1016 | Val Acc: 0.0833 | Val P/R/F1 (Macro): 0.1352/0.1435/0.1355 | LR: 0.000005
Epoch [13/100] | SVD update #13: pairs=128, sweeps=3, converged=False, rel_change=4.119e-02, effective_ranks=(127, 32), class_paired=True
Epoch [13/100] | Loss: 7.5852 (Cls: 7.5466, TAL: 0.2020, Adv: 0.1792, OT-Reg: 0.000723) | OT inner objective: 0.2467 | Marginal residual row/col/max: 1.35e-08/1.68e-08/1.68e-08 | Train Acc: 0.0859 | Val Acc: 0.0833 | Val P/R/F1 (Macro): 0.0648/0.0463/0.0494 | LR: 0.000005
Epoch [14/100] | SVD update #14: pairs=128, sweeps=3, converged=False, rel_change=7.744e-03, effective_ranks=(127, 29), class_paired=True
Epoch [14/100] | Loss: 7.6622 (Cls: 7.6265, TAL: 0.1685, Adv: 0.1942, OT-Reg: 0.000690) | OT inner objective: 0.2060 | Marginal residual row/col/max: 1.07e-08/2.00e-08/2.00e-08 | Train Acc: 0.0625 | Val Acc: 0.0833 | Val P/R/F1 (Macro): 0.0661/0.0509/0.0387 | LR: 0.000003
Epoch [15/100] | SVD update #15: pairs=128, sweeps=3, converged=False, rel_change=3.951e-02, effective_ranks=(127, 23), class_paired=True
Epoch [15/100] | Loss: 7.6222 (Cls: 7.5756, TAL: 0.2767, Adv: 0.1672, OT-Reg: 0.000645) | OT inner objective: 0.2179 | Marginal residual row/col/max: 1.21e-08/1.40e-08/1.40e-08 | Train Acc: 0.0938 | Val Acc: 0.0278 | Val P/R/F1 (Macro): 0.0074/0.0278/0.0117 | LR: 0.000003
Epoch [16/100] | SVD update #16: pairs=128, sweeps=3, converged=False, rel_change=3.656e-02, effective_ranks=(127, 22), class_paired=True
Epoch [16/100] | Loss: 7.7587 (Cls: 7.7105, TAL: 0.2742, Adv: 0.1915, OT-Reg: 0.000764) | OT inner objective: 0.2446 | Marginal residual row/col/max: 1.02e-08/2.79e-08/2.79e-08 | Train Acc: 0.1172 | Val Acc: 0.0278 | Val P/R/F1 (Macro): 0.0079/0.0278/0.0123 | LR: 0.000003
Epoch [17/100] | SVD update #17: pairs=128, sweeps=3, converged=False, rel_change=1.749e-02, effective_ranks=(127, 24), class_paired=True
Epoch [17/100] | Loss: 7.8763 (Cls: 7.8195, TAL: 0.3386, Adv: 0.2014, OT-Reg: 0.000709) | OT inner objective: 0.2223 | Marginal residual row/col/max: 1.07e-08/1.72e-08/1.72e-08 | Train Acc: 0.0781 | Val Acc: 0.0556 | Val P/R/F1 (Macro): 0.0101/0.0556/0.0171 | LR: 0.000003
Epoch [18/100] | SVD update #18: pairs=128, sweeps=3, converged=False, rel_change=5.920e-02, effective_ranks=(127, 21), class_paired=True
Epoch [18/100] | Loss: 7.6479 (Cls: 7.6056, TAL: 0.2397, Adv: 0.1687, OT-Reg: 0.000697) | OT inner objective: 0.2227 | Marginal residual row/col/max: 1.21e-08/2.42e-08/2.42e-08 | Train Acc: 0.1094 | Val Acc: 0.1111 | Val P/R/F1 (Macro): 0.0870/0.1611/0.0969 | LR: 0.000003
Epoch [19/100] | SVD update #19: pairs=128, sweeps=3, converged=False, rel_change=8.880e-02, effective_ranks=(127, 22), class_paired=True
Epoch [19/100] | Loss: 7.6474 (Cls: 7.6079, TAL: 0.1801, Adv: 0.2243, OT-Reg: 0.000702) | OT inner objective: 0.2333 | Marginal residual row/col/max: 1.07e-08/2.24e-08/2.33e-08 | Train Acc: 0.1016 | Val Acc: 0.0278 | Val P/R/F1 (Macro): 0.0139/0.1111/0.0247 | LR: 0.000003
Epoch [20/100] | SVD update #20: pairs=128, sweeps=3, converged=False, rel_change=1.797e-02, effective_ranks=(127, 21), class_paired=True
Epoch [20/100] | Loss: 7.9871 (Cls: 7.9454, TAL: 0.2060, Adv: 0.2119, OT-Reg: 0.000660) | OT inner objective: 0.1457 | Marginal residual row/col/max: 1.07e-08/1.49e-08/1.54e-08 | Train Acc: 0.0547 | Val Acc: 0.0278 | Val P/R/F1 (Macro): 0.0556/0.0278/0.0370 | LR: 0.000003
Epoch [21/100] | SVD update #21: pairs=128, sweeps=3, converged=False, rel_change=6.670e-02, effective_ranks=(126, 19), class_paired=True
Epoch [21/100] | Loss: 7.5144 (Cls: 7.4754, TAL: 0.2043, Adv: 0.1809, OT-Reg: 0.000664) | OT inner objective: 0.1998 | Marginal residual row/col/max: 1.02e-08/2.65e-08/2.65e-08 | Train Acc: 0.1094 | Val Acc: 0.0000 | Val P/R/F1 (Macro): 0.0000/0.0000/0.0000 | LR: 0.000003
Epoch [22/100] | SVD update #22: pairs=128, sweeps=3, converged=False, rel_change=2.202e-01, effective_ranks=(127, 22), class_paired=True
Epoch [22/100] | Loss: 7.5712 (Cls: 7.5709, TAL: -0.1273, Adv: 0.1957, OT-Reg: 0.000611) | OT inner objective: 0.1260 | Marginal residual row/col/max: 7.92e-09/1.07e-08/1.07e-08 | Train Acc: 0.0859 | Val Acc: 0.1389 | Val P/R/F1 (Macro): 0.0679/0.1806/0.0881 | LR: 0.000003
Epoch [23/100] | SVD update #23: pairs=128, sweeps=3, converged=False, rel_change=2.936e-01, effective_ranks=(127, 19), class_paired=True
Epoch [23/100] | Loss: 7.4510 (Cls: 7.4232, TAL: 0.0853, Adv: 0.2197, OT-Reg: 0.000612) | OT inner objective: 0.2131 | Marginal residual row/col/max: 1.07e-08/1.12e-08/1.35e-08 | Train Acc: 0.1328 | Val Acc: 0.0278 | Val P/R/F1 (Macro): 0.0139/0.0278/0.0185 | LR: 0.000003
Epoch [24/100] | SVD update #24: pairs=128, sweeps=3, converged=False, rel_change=5.523e-02, effective_ranks=(127, 25), class_paired=True
Epoch [24/100] | Loss: 7.3406 (Cls: 7.2930, TAL: 0.2251, Adv: 0.2576, OT-Reg: 0.000707) | OT inner objective: 0.2304 | Marginal residual row/col/max: 1.02e-08/3.03e-08/3.03e-08 | Train Acc: 0.1172 | Val Acc: 0.1389 | Val P/R/F1 (Macro): 0.1089/0.1102/0.0908 | LR: 0.000003
Epoch [25/100] | SVD update #25: pairs=128, sweeps=3, converged=False, rel_change=4.221e-02, effective_ranks=(127, 26), class_paired=True
Epoch [25/100] | Loss: 7.5341 (Cls: 7.5035, TAL: 0.1425, Adv: 0.1684, OT-Reg: 0.000727) | OT inner objective: 0.2128 | Marginal residual row/col/max: 1.12e-08/2.51e-08/2.51e-08 | Train Acc: 0.0781 | Val Acc: 0.1944 | Val P/R/F1 (Macro): 0.0525/0.1481/0.0741 | LR: 0.000001
Epoch [26/100] | SVD update #26: pairs=128, sweeps=3, converged=False, rel_change=2.744e-02, effective_ranks=(126, 20), class_paired=True
Epoch [26/100] | Loss: 7.5468 (Cls: 7.5118, TAL: 0.1981, Adv: 0.1415, OT-Reg: 0.000677) | OT inner objective: 0.2033 | Marginal residual row/col/max: 1.07e-08/2.61e-08/2.61e-08 | Train Acc: 0.1562 | Val Acc: 0.0278 | Val P/R/F1 (Macro): 0.0370/0.0222/0.0278 | LR: 0.000001
Epoch [27/100] | SVD update #27: pairs=128, sweeps=3, converged=False, rel_change=1.429e-02, effective_ranks=(127, 20), class_paired=True
Epoch [27/100] | Loss: 7.5008 (Cls: 7.4691, TAL: 0.1528, Adv: 0.1665, OT-Reg: 0.000688) | OT inner objective: 0.1654 | Marginal residual row/col/max: 2.05e-08/4.14e-08/4.38e-08 | Train Acc: 0.1562 | Val Acc: 0.0278 | Val P/R/F1 (Macro): 0.0139/0.0278/0.0185 | LR: 0.000001
Epoch [28/100] | SVD update #28: pairs=128, sweeps=3, converged=False, rel_change=1.062e-01, effective_ranks=(127, 19), class_paired=True
Epoch [28/100] | Loss: 7.3220 (Cls: 7.2933, TAL: 0.1323, Adv: 0.1594, OT-Reg: 0.000812) | OT inner objective: 0.2112 | Marginal residual row/col/max: 1.26e-08/2.24e-08/2.28e-08 | Train Acc: 0.1016 | Val Acc: 0.1111 | Val P/R/F1 (Macro): 0.2292/0.1065/0.1105 | LR: 0.000001
Epoch [29/100] | SVD update #29: pairs=128, sweeps=3, converged=False, rel_change=1.146e-01, effective_ranks=(126, 19), class_paired=True
Epoch [29/100] | Loss: 7.5429 (Cls: 7.4986, TAL: 0.2590, Adv: 0.1650, OT-Reg: 0.000648) | OT inner objective: 0.1965 | Marginal residual row/col/max: 1.12e-08/1.86e-08/1.86e-08 | Train Acc: 0.0703 | Val Acc: 0.0278 | Val P/R/F1 (Macro): 0.0556/0.1111/0.0741 | LR: 0.000001
Epoch [30/100] | SVD update #30: pairs=128, sweeps=3, converged=False, rel_change=3.418e-03, effective_ranks=(127, 20), class_paired=True
Epoch [30/100] | Loss: 7.6891 (Cls: 7.6452, TAL: 0.2566, Adv: 0.1639, OT-Reg: 0.000632) | OT inner objective: 0.1982 | Marginal residual row/col/max: 2.51e-08/3.35e-08/3.54e-08 | Train Acc: 0.1250 | Val Acc: 0.0833 | Val P/R/F1 (Macro): 0.0799/0.0926/0.0736 | LR: 0.000001
Epoch [31/100] | SVD update #31: pairs=128, sweeps=3, converged=False, rel_change=2.506e-03, effective_ranks=(127, 20), class_paired=True
Epoch [31/100] | Loss: 7.2574 (Cls: 7.2060, TAL: 0.3030, Adv: 0.1883, OT-Reg: 0.000711) | OT inner objective: 0.1412 | Marginal residual row/col/max: 1.63e-08/3.21e-08/3.21e-08 | Train Acc: 0.0859 | Val Acc: 0.2222 | Val P/R/F1 (Macro): 0.1173/0.2250/0.1440 | LR: 0.000001
Epoch [32/100] | SVD update #32: pairs=128, sweeps=3, converged=False, rel_change=2.831e-02, effective_ranks=(127, 21), class_paired=True
Epoch [32/100] | Loss: 7.3052 (Cls: 7.2577, TAL: 0.2696, Adv: 0.1895, OT-Reg: 0.000648) | OT inner objective: 0.1802 | Marginal residual row/col/max: 1.02e-08/1.77e-08/1.77e-08 | Train Acc: 0.0938 | Val Acc: 0.0833 | Val P/R/F1 (Macro): 0.1259/0.0500/0.0564 | LR: 0.000001
Epoch [33/100] | SVD update #33: pairs=128, sweeps=3, converged=False, rel_change=2.260e-02, effective_ranks=(127, 19), class_paired=True
Epoch [33/100] | Loss: 7.4934 (Cls: 7.4489, TAL: 0.2314, Adv: 0.2100, OT-Reg: 0.000722) | OT inner objective: 0.1718 | Marginal residual row/col/max: 1.02e-08/2.75e-08/2.75e-08 | Train Acc: 0.0781 | Val Acc: 0.0556 | Val P/R/F1 (Macro): 0.0224/0.0593/0.0296 | LR: 0.000001
Epoch [34/100] | SVD update #34: pairs=128, sweeps=3, converged=False, rel_change=1.369e-02, effective_ranks=(127, 21), class_paired=True
Epoch [34/100] | Loss: 7.3413 (Cls: 7.2879, TAL: 0.3043, Adv: 0.2104, OT-Reg: 0.000695) | OT inner objective: 0.1549 | Marginal residual row/col/max: 1.96e-08/4.19e-08/4.19e-08 | Train Acc: 0.0938 | Val Acc: 0.0278 | Val P/R/F1 (Macro): 0.0556/0.0222/0.0317 | LR: 0.000001
Epoch [35/100] | SVD update #35: pairs=128, sweeps=3, converged=False, rel_change=5.810e-02, effective_ranks=(127, 21), class_paired=True
Epoch [35/100] | Loss: 7.5287 (Cls: 7.4901, TAL: 0.1999, Adv: 0.1828, OT-Reg: 0.000648) | OT inner objective: 0.1805 | Marginal residual row/col/max: 1.07e-08/2.84e-08/2.84e-08 | Train Acc: 0.1172 | Val Acc: 0.0556 | Val P/R/F1 (Macro): 0.0432/0.0324/0.0295 | LR: 0.000001
Epoch [36/100] | SVD update #36: pairs=128, sweeps=3, converged=False, rel_change=4.925e-03, effective_ranks=(127, 19), class_paired=True
Epoch [36/100] | Loss: 7.3118 (Cls: 7.2707, TAL: 0.2219, Adv: 0.1806, OT-Reg: 0.000649) | OT inner objective: 0.1697 | Marginal residual row/col/max: 1.58e-08/3.40e-08/3.59e-08 | Train Acc: 0.1484 | Val Acc: 0.0556 | Val P/R/F1 (Macro): 0.0379/0.0500/0.0417 | LR: 0.000001
Epoch [37/100] | SVD update #37: pairs=128, sweeps=3, converged=False, rel_change=4.546e-03, effective_ranks=(127, 19), class_paired=True
Epoch [37/100] | Loss: 7.5473 (Cls: 7.5039, TAL: 0.2352, Adv: 0.1900, OT-Reg: 0.000594) | OT inner objective: 0.1635 | Marginal residual row/col/max: 1.40e-08/2.98e-08/2.98e-08 | Train Acc: 0.1172 | Val Acc: 0.0000 | Val P/R/F1 (Macro): 0.0000/0.0000/0.0000 | LR: 0.000001
Epoch [38/100] | SVD update #38: pairs=128, sweeps=3, converged=False, rel_change=3.510e-02, effective_ranks=(127, 19), class_paired=True
Epoch [38/100] | Loss: 7.3496 (Cls: 7.3263, TAL: 0.0903, Adv: 0.1551, OT-Reg: 0.000631) | OT inner objective: 0.0974 | Marginal residual row/col/max: 2.05e-08/3.68e-08/3.96e-08 | Train Acc: 0.1016 | Val Acc: 0.0000 | Val P/R/F1 (Macro): 0.0000/0.0000/0.0000 | LR: 0.000001
Epoch [39/100] | SVD update #39: pairs=128, sweeps=3, converged=False, rel_change=6.933e-03, effective_ranks=(127, 20), class_paired=True
Epoch [39/100] | Loss: 7.4702 (Cls: 7.4445, TAL: 0.0974, Adv: 0.1755, OT-Reg: 0.000722) | OT inner objective: 0.1710 | Marginal residual row/col/max: 1.77e-08/3.49e-08/3.49e-08 | Train Acc: 0.0625 | Val Acc: 0.0278 | Val P/R/F1 (Macro): 0.0370/0.0222/0.0278 | LR: 0.000001
Epoch [40/100] | SVD update #40: pairs=128, sweeps=3, converged=False, rel_change=9.879e-03, effective_ranks=(127, 19), class_paired=True
Epoch [40/100] | Loss: 7.4662 (Cls: 7.4411, TAL: 0.0868, Adv: 0.1836, OT-Reg: 0.000707) | OT inner objective: 0.1883 | Marginal residual row/col/max: 1.91e-08/4.14e-08/4.52e-08 | Train Acc: 0.0703 | Val Acc: 0.0556 | Val P/R/F1 (Macro): 0.1181/0.0509/0.0364 | LR: 0.000001
Epoch [41/100] | SVD update #41: pairs=128, sweeps=3, converged=False, rel_change=2.303e-02, effective_ranks=(127, 21), class_paired=True
Epoch [41/100] | Loss: 7.3169 (Cls: 7.2704, TAL: 0.2409, Adv: 0.2195, OT-Reg: 0.000666) | OT inner objective: 0.1486 | Marginal residual row/col/max: 2.24e-08/4.42e-08/4.52e-08 | Train Acc: 0.0781 | Val Acc: 0.0833 | Val P/R/F1 (Macro): 0.0333/0.0667/0.0444 | LR: 0.000001
Epoch [42/100] | SVD update #42: pairs=128, sweeps=3, converged=False, rel_change=4.172e-02, effective_ranks=(127, 21), class_paired=True
Epoch [42/100] | Loss: 7.6040 (Cls: 7.5562, TAL: 0.2207, Adv: 0.2664, OT-Reg: 0.000624) | OT inner objective: 0.0647 | Marginal residual row/col/max: 2.56e-08/1.72e-08/2.79e-08 | Train Acc: 0.1562 | Val Acc: 0.0278 | Val P/R/F1 (Macro): 0.0556/0.0278/0.0370 | LR: 0.000001
Epoch [43/100] | SVD update #43: pairs=128, sweeps=3, converged=False, rel_change=6.856e-03, effective_ranks=(127, 17), class_paired=True
Epoch [43/100] | Loss: 7.2835 (Cls: 7.2521, TAL: 0.1318, Adv: 0.1948, OT-Reg: 0.000623) | OT inner objective: 0.0717 | Marginal residual row/col/max: 2.44e-07/3.68e-08/2.51e-07 | Train Acc: 0.1172 | Val Acc: 0.2778 | Val P/R/F1 (Macro): 0.1310/0.2028/0.1574 | LR: 0.000001
Epoch [44/100] | SVD update #44: pairs=128, sweeps=3, converged=False, rel_change=5.784e-03, effective_ranks=(126, 20), class_paired=True
Epoch [44/100] | Loss: 7.3372 (Cls: 7.2829, TAL: 0.2765, Adv: 0.2638, OT-Reg: 0.000715) | OT inner objective: 0.1627 | Marginal residual row/col/max: 1.77e-08/3.21e-08/3.26e-08 | Train Acc: 0.1250 | Val Acc: 0.1944 | Val P/R/F1 (Macro): 0.2435/0.2685/0.2383 | LR: 0.000001
Epoch [45/100] | SVD update #45: pairs=128, sweeps=3, converged=False, rel_change=5.157e-02, effective_ranks=(127, 20), class_paired=True
Epoch [45/100] | Loss: 7.4011 (Cls: 7.3574, TAL: 0.2303, Adv: 0.2001, OT-Reg: 0.000679) | OT inner objective: 0.1140 | Marginal residual row/col/max: 9.78e-09/3.17e-08/3.17e-08 | Train Acc: 0.1172 | Val Acc: 0.0278 | Val P/R/F1 (Macro): 0.0278/0.0278/0.0278 | LR: 0.000001
Epoch [46/100] | SVD update #46: pairs=128, sweeps=3, converged=False, rel_change=5.111e-02, effective_ranks=(126, 21), class_paired=True
Epoch [46/100] | Loss: 7.3382 (Cls: 7.3331, TAL: -0.0698, Adv: 0.1680, OT-Reg: 0.000685) | OT inner objective: 0.1643 | Marginal residual row/col/max: 1.21e-08/2.10e-08/2.10e-08 | Train Acc: 0.1562 | Val Acc: 0.1389 | Val P/R/F1 (Macro): 0.1000/0.1278/0.1111 | LR: 0.000001
Epoch [47/100] | SVD update #47: pairs=128, sweeps=3, converged=False, rel_change=2.679e-01, effective_ranks=(127, 17), class_paired=True
Epoch [47/100] | Loss: 7.3089 (Cls: 7.2773, TAL: 0.1268, Adv: 0.2056, OT-Reg: 0.000650) | OT inner objective: 0.1539 | Marginal residual row/col/max: 4.66e-08/2.93e-08/5.87e-08 | Train Acc: 0.1328 | Val Acc: 0.0556 | Val P/R/F1 (Macro): 0.0363/0.1333/0.0406 | LR: 0.000001
Epoch [48/100] | SVD update #48: pairs=128, sweeps=3, converged=False, rel_change=2.903e-02, effective_ranks=(127, 18), class_paired=True
Epoch [48/100] | Loss: 7.0519 (Cls: 7.0393, TAL: -0.0186, Adv: 0.1857, OT-Reg: 0.000621) | OT inner objective: 0.0878 | Marginal residual row/col/max: 7.53e-07/3.26e-08/7.61e-07 | Train Acc: 0.1641 | Val Acc: 0.0833 | Val P/R/F1 (Macro): 0.0586/0.0694/0.0578 | LR: 0.000001
Epoch [49/100] | SVD update #49: pairs=128, sweeps=3, converged=False, rel_change=1.204e-02, effective_ranks=(127, 17), class_paired=True
Epoch [49/100] | Loss: 7.3649 (Cls: 7.3375, TAL: 0.0637, Adv: 0.2466, OT-Reg: 0.000670) | OT inner objective: 0.1148 | Marginal residual row/col/max: 1.49e-08/3.35e-08/3.54e-08 | Train Acc: 0.0547 | Val Acc: 0.0556 | Val P/R/F1 (Macro): 0.0401/0.0417/0.0356 | LR: 0.000001
Epoch [50/100] | SVD update #50: pairs=128, sweeps=3, converged=False, rel_change=1.006e-02, effective_ranks=(127, 16), class_paired=True
Epoch [50/100] | Loss: 7.2710 (Cls: 7.2525, TAL: -0.0451, Adv: 0.2981, OT-Reg: 0.000654) | OT inner objective: 0.0811 | Marginal residual row/col/max: 1.98e-06/2.24e-08/1.98e-06 | Train Acc: 0.0859 | Val Acc: 0.1389 | Val P/R/F1 (Macro): 0.0833/0.1139/0.0822 | LR: 0.000001
Epoch [51/100] | SVD update #51: pairs=128, sweeps=3, converged=False, rel_change=2.772e-02, effective_ranks=(127, 18), class_paired=True
Epoch [51/100] | Loss: 7.3796 (Cls: 7.3692, TAL: -0.0638, Adv: 0.2257, OT-Reg: 0.000627) | OT inner objective: 0.0861 | Marginal residual row/col/max: 3.76e-06/2.56e-08/3.76e-06 | Train Acc: 0.0859 | Val Acc: 0.0833 | Val P/R/F1 (Macro): 0.0525/0.1556/0.0762 | LR: 0.000001
Epoch [52/100] | SVD update #52: pairs=128, sweeps=3, converged=False, rel_change=9.517e-03, effective_ranks=(127, 19), class_paired=True
Epoch [52/100] | Loss: 7.5496 (Cls: 7.5219, TAL: 0.0837, Adv: 0.2205, OT-Reg: 0.000705) | OT inner objective: 0.1519 | Marginal residual row/col/max: 2.79e-08/3.17e-08/3.86e-08 | Train Acc: 0.1641 | Val Acc: 0.1944 | Val P/R/F1 (Macro): 0.0854/0.1667/0.0988 | LR: 0.000001
Epoch [53/100] | SVD update #53: pairs=128, sweeps=3, converged=False, rel_change=2.768e-02, effective_ranks=(127, 19), class_paired=True
Epoch [53/100] | Loss: 7.3081 (Cls: 7.2626, TAL: 0.2006, Adv: 0.2674, OT-Reg: 0.000645) | OT inner objective: 0.1641 | Marginal residual row/col/max: 1.21e-08/3.63e-08/3.63e-08 | Train Acc: 0.1016 | Val Acc: 0.1111 | Val P/R/F1 (Macro): 0.1222/0.0861/0.0986 | LR: 0.000001
Epoch [54/100] | SVD update #54: pairs=128, sweeps=3, converged=False, rel_change=1.620e-02, effective_ranks=(127, 18), class_paired=True
Epoch [54/100] | Loss: 7.3133 (Cls: 7.2947, TAL: 0.0178, Adv: 0.2068, OT-Reg: 0.000634) | OT inner objective: 0.1814 | Marginal residual row/col/max: 1.54e-08/4.42e-08/4.42e-08 | Train Acc: 0.1328 | Val Acc: 0.1389 | Val P/R/F1 (Macro): 0.0641/0.1250/0.0735 | LR: 0.000001
Epoch [55/100] | SVD update #55: pairs=128, sweeps=3, converged=False, rel_change=1.990e-02, effective_ranks=(127, 22), class_paired=True
Epoch [55/100] | Loss: 7.4963 (Cls: 7.4852, TAL: -0.0549, Adv: 0.2221, OT-Reg: 0.000637) | OT inner objective: 0.1411 | Marginal residual row/col/max: 2.70e-08/4.00e-08/4.00e-08 | Train Acc: 0.0938 | Val Acc: 0.0000 | Val P/R/F1 (Macro): 0.0000/0.0000/0.0000 | LR: 0.000001
Epoch [56/100] | SVD update #56: pairs=128, sweeps=3, converged=False, rel_change=2.430e-02, effective_ranks=(127, 24), class_paired=True
Epoch [56/100] | Loss: 7.3532 (Cls: 7.3258, TAL: 0.0469, Adv: 0.2723, OT-Reg: 0.000639) | OT inner objective: 0.0970 | Marginal residual row/col/max: 3.85e-05/2.33e-08/3.85e-05 | Train Acc: 0.0703 | Val Acc: 0.0278 | Val P/R/F1 (Macro): 0.0139/0.0185/0.0159 | LR: 0.000001
Epoch [57/100] | SVD update #57: pairs=128, sweeps=3, converged=False, rel_change=1.941e-02, effective_ranks=(127, 28), class_paired=True
Epoch [57/100] | Loss: 7.3442 (Cls: 7.2928, TAL: 0.2390, Adv: 0.2852, OT-Reg: 0.000665) | OT inner objective: 0.2024 | Marginal residual row/col/max: 1.21e-08/1.86e-08/2.05e-08 | Train Acc: 0.1172 | Val Acc: 0.1111 | Val P/R/F1 (Macro): 0.0317/0.0556/0.0404 | LR: 0.000001
Epoch [58/100] | SVD update #58: pairs=128, sweeps=3, converged=False, rel_change=6.636e-02, effective_ranks=(127, 28), class_paired=True
Epoch [58/100] | Loss: 7.5508 (Cls: 7.5166, TAL: 0.1006, Adv: 0.2776, OT-Reg: 0.000674) | OT inner objective: 0.1832 | Marginal residual row/col/max: 1.49e-08/4.28e-08/4.28e-08 | Train Acc: 0.1172 | Val Acc: 0.0833 | Val P/R/F1 (Macro): 0.0736/0.0926/0.0653 | LR: 0.000001
Epoch [59/100] | SVD update #59: pairs=128, sweeps=3, converged=False, rel_change=1.549e-02, effective_ranks=(127, 26), class_paired=True
Epoch [59/100] | Loss: 7.3022 (Cls: 7.2640, TAL: 0.1577, Adv: 0.2410, OT-Reg: 0.000705) | OT inner objective: 0.1515 | Marginal residual row/col/max: 4.34e-07/4.42e-08/4.57e-07 | Train Acc: 0.1172 | Val Acc: 0.1111 | Val P/R/F1 (Macro): 0.0193/0.1111/0.0329 | LR: 0.000001
Epoch [60/100] | SVD update #60: pairs=128, sweeps=3, converged=False, rel_change=4.552e-02, effective_ranks=(126, 29), class_paired=True
Epoch [60/100] | Loss: 7.5400 (Cls: 7.4955, TAL: 0.1873, Adv: 0.2754, OT-Reg: 0.000648) | OT inner objective: 0.1283 | Marginal residual row/col/max: 1.86e-08/2.05e-08/2.05e-08 | Train Acc: 0.0859 | Val Acc: 0.0833 | Val P/R/F1 (Macro): 0.0395/0.0694/0.0378 | LR: 0.000001
Epoch [61/100] | SVD update #61: pairs=128, sweeps=3, converged=False, rel_change=1.318e-01, effective_ranks=(127, 25), class_paired=True
Epoch [61/100] | Loss: 6.9998 (Cls: 6.9749, TAL: 0.0094, Adv: 0.2978, OT-Reg: 0.000681) | OT inner objective: 0.1484 | Marginal residual row/col/max: 1.40e-08/2.75e-08/2.75e-08 | Train Acc: 0.1562 | Val Acc: 0.1944 | Val P/R/F1 (Macro): 0.0595/0.1944/0.0904 | LR: 0.000001
Epoch [62/100] | SVD update #62: pairs=128, sweeps=3, converged=False, rel_change=2.888e-02, effective_ranks=(127, 24), class_paired=True
Epoch [62/100] | Loss: 7.5097 (Cls: 7.4826, TAL: 0.0217, Adv: 0.3061, OT-Reg: 0.000644) | OT inner objective: 0.1498 | Marginal residual row/col/max: 2.24e-08/1.63e-08/2.51e-08 | Train Acc: 0.1172 | Val Acc: 0.0278 | Val P/R/F1 (Macro): 0.0062/0.0370/0.0106 | LR: 0.000001
Epoch [63/100] | SVD update #63: pairs=128, sweeps=3, converged=False, rel_change=2.856e-01, effective_ranks=(127, 26), class_paired=True
Epoch [63/100] | Loss: 7.3103 (Cls: 7.2653, TAL: 0.2139, Adv: 0.2414, OT-Reg: 0.000630) | OT inner objective: 0.1290 | Marginal residual row/col/max: 1.44e-04/2.51e-08/1.44e-04 | Train Acc: 0.1016 | Val Acc: 0.1111 | Val P/R/F1 (Macro): 0.0370/0.0556/0.0444 | LR: 0.000001
Epoch [64/100] | SVD update #64: pairs=128, sweeps=3, converged=False, rel_change=1.069e-02, effective_ranks=(127, 20), class_paired=True
Epoch [64/100] | Loss: 7.2113 (Cls: 7.1833, TAL: 0.0515, Adv: 0.2719, OT-Reg: 0.000659) | OT inner objective: 0.1408 | Marginal residual row/col/max: 1.58e-08/4.28e-08/4.28e-08 | Train Acc: 0.1250 | Val Acc: 0.0556 | Val P/R/F1 (Macro): 0.0556/0.0361/0.0404 | LR: 0.000001
Epoch [65/100] | SVD update #65: pairs=128, sweeps=3, converged=False, rel_change=4.773e-02, effective_ranks=(127, 22), class_paired=True
Epoch [65/100] | Loss: 6.9792 (Cls: 6.9411, TAL: 0.1154, Adv: 0.3029, OT-Reg: 0.000636) | OT inner objective: 0.1494 | Marginal residual row/col/max: 2.00e-08/4.98e-08/4.98e-08 | Train Acc: 0.1250 | Val Acc: 0.1944 | Val P/R/F1 (Macro): 0.1062/0.2083/0.1271 | LR: 0.000001
Epoch [66/100] | SVD update #66: pairs=128, sweeps=3, converged=False, rel_change=1.034e-02, effective_ranks=(127, 22), class_paired=True
Epoch [66/100] | Loss: 7.4618 (Cls: 7.4329, TAL: 0.0795, Adv: 0.2419, OT-Reg: 0.000577) | OT inner objective: 0.0898 | Marginal residual row/col/max: 1.56e-07/4.05e-08/1.76e-07 | Train Acc: 0.0859 | Val Acc: 0.0556 | Val P/R/F1 (Macro): 0.0556/0.0556/0.0540 | LR: 0.000001
Epoch [67/100] | SVD update #67: pairs=128, sweeps=3, converged=False, rel_change=2.668e-02, effective_ranks=(127, 21), class_paired=True
Epoch [67/100] | Loss: 7.1629 (Cls: 7.1076, TAL: 0.2557, Adv: 0.3069, OT-Reg: 0.000562) | OT inner objective: 0.1018 | Marginal residual row/col/max: 2.40e-07/4.00e-08/2.46e-07 | Train Acc: 0.1094 | Val Acc: 0.2222 | Val P/R/F1 (Macro): 0.0722/0.1667/0.0938 | LR: 0.000001
Epoch [68/100] | SVD update #68: pairs=128, sweeps=3, converged=False, rel_change=9.406e-02, effective_ranks=(127, 22), class_paired=True
Epoch [68/100] | Loss: 7.5668 (Cls: 7.5592, TAL: -0.0889, Adv: 0.2289, OT-Reg: 0.000673) | OT inner objective: 0.1382 | Marginal residual row/col/max: 1.63e-08/3.07e-08/3.07e-08 | Train Acc: 0.1406 | Val Acc: 0.0556 | Val P/R/F1 (Macro): 0.0309/0.0417/0.0353 | LR: 0.000001
Epoch [69/100] | SVD update #69: pairs=128, sweeps=3, converged=False, rel_change=2.724e-01, effective_ranks=(127, 22), class_paired=True
Epoch [69/100] | Loss: 7.0602 (Cls: 7.0369, TAL: 0.0131, Adv: 0.2718, OT-Reg: 0.000608) | OT inner objective: 0.0807 | Marginal residual row/col/max: 2.61e-08/2.19e-08/3.31e-08 | Train Acc: 0.1641 | Val Acc: 0.0556 | Val P/R/F1 (Macro): 0.1185/0.1389/0.0583 | LR: 0.000001
Epoch [70/100] | SVD update #70: pairs=128, sweeps=3, converged=False, rel_change=1.055e-02, effective_ranks=(127, 22), class_paired=True
Epoch [70/100] | Loss: 7.1489 (Cls: 7.1269, TAL: 0.0297, Adv: 0.2306, OT-Reg: 0.000635) | OT inner objective: 0.0904 | Marginal residual row/col/max: 4.24e-08/4.00e-08/5.96e-08 | Train Acc: 0.0703 | Val Acc: 0.0833 | Val P/R/F1 (Macro): 0.0309/0.0833/0.0424 | LR: 0.000001
Epoch [71/100] | SVD update #71: pairs=128, sweeps=3, converged=False, rel_change=5.017e-02, effective_ranks=(127, 26), class_paired=True
Epoch [71/100] | Loss: 7.4180 (Cls: 7.3685, TAL: 0.2243, Adv: 0.2823, OT-Reg: 0.000649) | OT inner objective: 0.1323 | Marginal residual row/col/max: 1.50e-07/2.51e-08/1.59e-07 | Train Acc: 0.1094 | Val Acc: 0.1389 | Val P/R/F1 (Macro): 0.0815/0.1250/0.0986 | LR: 0.000001
Epoch [72/100] | SVD update #72: pairs=128, sweeps=3, converged=False, rel_change=2.388e-01, effective_ranks=(127, 26), class_paired=True
Epoch [72/100] | Loss: 7.6309 (Cls: 7.6159, TAL: -0.0937, Adv: 0.3276, OT-Reg: 0.000679) | OT inner objective: 0.0907 | Marginal residual row/col/max: 5.47e-06/1.86e-08/5.48e-06 | Train Acc: 0.1406 | Val Acc: 0.0000 | Val P/R/F1 (Macro): 0.0000/0.0000/0.0000 | LR: 0.000001
Epoch [73/100] | SVD update #73: pairs=128, sweeps=3, converged=False, rel_change=1.149e-01, effective_ranks=(127, 22), class_paired=True
Epoch [73/100] | Loss: 7.4474 (Cls: 7.4013, TAL: 0.1751, Adv: 0.3144, OT-Reg: 0.000588) | OT inner objective: 0.1448 | Marginal residual row/col/max: 1.30e-08/3.91e-08/3.91e-08 | Train Acc: 0.1016 | Val Acc: 0.1111 | Val P/R/F1 (Macro): 0.0494/0.0556/0.0523 | LR: 0.000001
Epoch [74/100] | SVD update #74: pairs=128, sweeps=3, converged=False, rel_change=9.929e-03, effective_ranks=(127, 22), class_paired=True
Epoch [74/100] | Loss: 7.3726 (Cls: 7.3417, TAL: 0.0457, Adv: 0.3174, OT-Reg: 0.000634) | OT inner objective: 0.0940 | Marginal residual row/col/max: 2.75e-08/2.65e-08/3.49e-08 | Train Acc: 0.1328 | Val Acc: 0.0833 | Val P/R/F1 (Macro): 0.0438/0.1611/0.0583 | LR: 0.000001
Epoch [75/100] | SVD update #75: pairs=128, sweeps=3, converged=False, rel_change=8.238e-02, effective_ranks=(127, 23), class_paired=True
Epoch [75/100] | Loss: 7.1028 (Cls: 7.0541, TAL: 0.2221, Adv: 0.2751, OT-Reg: 0.000700) | OT inner objective: 0.1552 | Marginal residual row/col/max: 2.22e-05/2.79e-08/2.22e-05 | Train Acc: 0.0547 | Val Acc: 0.0000 | Val P/R/F1 (Macro): 0.0000/0.0000/0.0000 | LR: 0.000001
Epoch [76/100] | SVD update #76: pairs=128, sweeps=3, converged=False, rel_change=6.621e-02, effective_ranks=(127, 27), class_paired=True
Epoch [76/100] | Loss: 7.3115 (Cls: 7.2374, TAL: 0.3893, Adv: 0.3425, OT-Reg: 0.000657) | OT inner objective: 0.1604 | Marginal residual row/col/max: 1.49e-08/3.35e-08/3.35e-08 | Train Acc: 0.1094 | Val Acc: 0.1944 | Val P/R/F1 (Macro): 0.0981/0.1250/0.1062 | LR: 0.000001
Epoch [77/100] | SVD update #77: pairs=128, sweeps=3, converged=False, rel_change=8.151e-02, effective_ranks=(127, 24), class_paired=True
Epoch [77/100] | Loss: 7.3140 (Cls: 7.2722, TAL: 0.0660, Adv: 0.4226, OT-Reg: 0.000677) | OT inner objective: 0.1048 | Marginal residual row/col/max: 2.61e-08/2.75e-08/3.68e-08 | Train Acc: 0.1172 | Val Acc: 0.0556 | Val P/R/F1 (Macro): 0.0556/0.0278/0.0370 | LR: 0.000001
Epoch [78/100] | SVD update #78: pairs=128, sweeps=3, converged=False, rel_change=1.953e-02, effective_ranks=(127, 23), class_paired=True
Epoch [78/100] | Loss: 7.2432 (Cls: 7.2020, TAL: 0.1351, Adv: 0.3123, OT-Reg: 0.000577) | OT inner objective: 0.1050 | Marginal residual row/col/max: 1.26e-08/1.63e-08/1.68e-08 | Train Acc: 0.0703 | Val Acc: 0.2222 | Val P/R/F1 (Macro): 0.1019/0.1759/0.1265 | LR: 0.000001
Epoch [79/100] | SVD update #79: pairs=128, sweeps=3, converged=False, rel_change=1.677e-02, effective_ranks=(127, 23), class_paired=True
Epoch [79/100] | Loss: 7.0838 (Cls: 7.0398, TAL: 0.1643, Adv: 0.3035, OT-Reg: 0.000615) | OT inner objective: 0.1026 | Marginal residual row/col/max: 1.05e-04/2.56e-08/1.05e-04 | Train Acc: 0.0781 | Val Acc: 0.0833 | Val P/R/F1 (Macro): 0.0417/0.0667/0.0513 | LR: 0.000001
Epoch [80/100] | SVD update #80: pairs=128, sweeps=3, converged=False, rel_change=4.909e-02, effective_ranks=(127, 21), class_paired=True
Epoch [80/100] | Loss: 7.2036 (Cls: 7.1663, TAL: 0.0771, Adv: 0.3500, OT-Reg: 0.000627) | OT inner objective: 0.1299 | Marginal residual row/col/max: 2.61e-08/2.37e-08/3.07e-08 | Train Acc: 0.1328 | Val Acc: 0.0278 | Val P/R/F1 (Macro): 0.0101/0.1111/0.0185 | LR: 0.000001
Epoch [81/100] | SVD update #81: pairs=128, sweeps=3, converged=False, rel_change=7.096e-02, effective_ranks=(126, 22), class_paired=True
Epoch [81/100] | Loss: 7.2423 (Cls: 7.2270, TAL: -0.0322, Adv: 0.2396, OT-Reg: 0.000693) | OT inner objective: 0.0816 | Marginal residual row/col/max: 6.98e-08/2.51e-08/8.24e-08 | Train Acc: 0.1172 | Val Acc: 0.0833 | Val P/R/F1 (Macro): 0.0474/0.0926/0.0597 | LR: 0.000001
Epoch [82/100] | SVD update #82: pairs=128, sweeps=3, converged=False, rel_change=3.008e-02, effective_ranks=(127, 24), class_paired=True
Epoch [82/100] | Loss: 7.3853 (Cls: 7.3386, TAL: 0.1405, Adv: 0.3722, OT-Reg: 0.000678) | OT inner objective: 0.1000 | Marginal residual row/col/max: 1.68e-08/3.82e-08/4.00e-08 | Train Acc: 0.1094 | Val Acc: 0.0833 | Val P/R/F1 (Macro): 0.0514/0.1667/0.0625 | LR: 0.000001
Epoch [83/100] | SVD update #83: pairs=128, sweeps=3, converged=False, rel_change=1.218e-01, effective_ranks=(127, 26), class_paired=True
Epoch [83/100] | Loss: 7.3935 (Cls: 7.3579, TAL: 0.1019, Adv: 0.2924, OT-Reg: 0.000657) | OT inner objective: 0.1216 | Marginal residual row/col/max: 8.06e-08/2.10e-08/8.80e-08 | Train Acc: 0.0703 | Val Acc: 0.1111 | Val P/R/F1 (Macro): 0.0679/0.1000/0.0797 | LR: 0.000001
Epoch [84/100] | SVD update #84: pairs=128, sweeps=3, converged=False, rel_change=6.825e-02, effective_ranks=(127, 24), class_paired=True
Epoch [84/100] | Loss: 7.2072 (Cls: 7.1843, TAL: 0.0383, Adv: 0.2287, OT-Reg: 0.000626) | OT inner objective: 0.0577 | Marginal residual row/col/max: 2.10e-06/2.89e-08/2.10e-06 | Train Acc: 0.1250 | Val Acc: 0.0278 | Val P/R/F1 (Macro): 0.0065/0.0370/0.0111 | LR: 0.000001
Epoch [85/100] | SVD update #85: pairs=128, sweeps=3, converged=False, rel_change=7.082e-03, effective_ranks=(127, 22), class_paired=True
Epoch [85/100] | Loss: 7.4937 (Cls: 7.4550, TAL: 0.1131, Adv: 0.3142, OT-Reg: 0.000678) | OT inner objective: 0.1243 | Marginal residual row/col/max: 1.26e-08/2.65e-08/2.75e-08 | Train Acc: 0.0859 | Val Acc: 0.0278 | Val P/R/F1 (Macro): 0.0101/0.0278/0.0148 | LR: 0.000001
Epoch [86/100] | SVD update #86: pairs=128, sweeps=3, converged=False, rel_change=8.397e-03, effective_ranks=(127, 22), class_paired=True
Epoch [86/100] | Loss: 7.5710 (Cls: 7.5263, TAL: 0.1469, Adv: 0.3383, OT-Reg: 0.000626) | OT inner objective: 0.0889 | Marginal residual row/col/max: 2.47e-08/2.51e-08/3.26e-08 | Train Acc: 0.1250 | Val Acc: 0.1389 | Val P/R/F1 (Macro): 0.0726/0.1389/0.0667 | LR: 0.000001
Epoch [87/100] | SVD update #87: pairs=128, sweeps=3, converged=False, rel_change=7.385e-03, effective_ranks=(127, 22), class_paired=True
Epoch [87/100] | Loss: 6.9551 (Cls: 6.9290, TAL: 0.0299, Adv: 0.2815, OT-Reg: 0.000614) | OT inner objective: 0.1040 | Marginal residual row/col/max: 3.31e-08/2.47e-08/4.05e-08 | Train Acc: 0.1484 | Val Acc: 0.1667 | Val P/R/F1 (Macro): 0.1406/0.2083/0.1090 | LR: 0.000001
Epoch [88/100] | SVD update #88: pairs=128, sweeps=3, converged=False, rel_change=5.844e-02, effective_ranks=(127, 24), class_paired=True
Epoch [88/100] | Loss: 7.2992 (Cls: 7.2535, TAL: 0.1896, Adv: 0.2873, OT-Reg: 0.000589) | OT inner objective: 0.1408 | Marginal residual row/col/max: 1.07e-08/4.42e-08/4.52e-08 | Train Acc: 0.1094 | Val Acc: 0.1389 | Val P/R/F1 (Macro): 0.0981/0.1806/0.1132 | LR: 0.000001
Epoch [89/100] | SVD update #89: pairs=128, sweeps=3, converged=False, rel_change=2.817e-02, effective_ranks=(127, 25), class_paired=True
Epoch [89/100] | Loss: 7.0047 (Cls: 6.9550, TAL: 0.1605, Adv: 0.3803, OT-Reg: 0.000615) | OT inner objective: 0.0590 | Marginal residual row/col/max: 1.32e-07/4.19e-08/1.40e-07 | Train Acc: 0.1250 | Val Acc: 0.0278 | Val P/R/F1 (Macro): 0.0111/0.0278/0.0159 | LR: 0.000001
Epoch [90/100] | SVD update #90: pairs=128, sweeps=3, converged=False, rel_change=1.177e-02, effective_ranks=(127, 22), class_paired=True
Epoch [90/100] | Loss: 7.3005 (Cls: 7.2703, TAL: 0.0082, Adv: 0.3652, OT-Reg: 0.000706) | OT inner objective: 0.1420 | Marginal residual row/col/max: 1.58e-08/4.89e-08/4.89e-08 | Train Acc: 0.1094 | Val Acc: 0.1111 | Val P/R/F1 (Macro): 0.0202/0.1111/0.0342 | LR: 0.000001
Epoch [91/100] | SVD update #91: pairs=128, sweeps=3, converged=False, rel_change=4.422e-02, effective_ranks=(127, 21), class_paired=True
Epoch [91/100] | Loss: 7.0911 (Cls: 7.0628, TAL: 0.0302, Adv: 0.3092, OT-Reg: 0.000592) | OT inner objective: 0.1295 | Marginal residual row/col/max: 1.77e-08/2.42e-08/2.51e-08 | Train Acc: 0.1328 | Val Acc: 0.1389 | Val P/R/F1 (Macro): 0.0667/0.1389/0.0785 | LR: 0.000001
Epoch [92/100] | SVD update #92: pairs=128, sweeps=3, converged=False, rel_change=2.451e-02, effective_ranks=(127, 20), class_paired=True
Epoch [92/100] | Loss: 7.1938 (Cls: 7.1486, TAL: 0.1435, Adv: 0.3497, OT-Reg: 0.000613) | OT inner objective: 0.1208 | Marginal residual row/col/max: 1.76e-07/2.37e-08/1.89e-07 | Train Acc: 0.1016 | Val Acc: 0.1389 | Val P/R/F1 (Macro): 0.0934/0.1806/0.0939 | LR: 0.000001
Epoch [93/100] | SVD update #93: pairs=128, sweeps=3, converged=False, rel_change=1.092e-01, effective_ranks=(127, 23), class_paired=True
Epoch [93/100] | Loss: 7.4226 (Cls: 7.3959, TAL: -0.0403, Adv: 0.3936, OT-Reg: 0.000713) | OT inner objective: 0.1267 | Marginal residual row/col/max: 1.54e-08/2.93e-08/3.26e-08 | Train Acc: 0.0859 | Val Acc: 0.0833 | Val P/R/F1 (Macro): 0.0471/0.0778/0.0449 | LR: 0.000001
Epoch [94/100] | SVD update #94: pairs=128, sweeps=3, converged=False, rel_change=3.512e-02, effective_ranks=(127, 22), class_paired=True
Epoch [94/100] | Loss: 7.2855 (Cls: 7.2407, TAL: 0.1359, Adv: 0.3564, OT-Reg: 0.000659) | OT inner objective: 0.1751 | Marginal residual row/col/max: 1.07e-08/2.61e-08/2.70e-08 | Train Acc: 0.0859 | Val Acc: 0.0000 | Val P/R/F1 (Macro): 0.0000/0.0000/0.0000 | LR: 0.000001
Epoch [95/100] | SVD update #95: pairs=128, sweeps=3, converged=False, rel_change=2.076e-02, effective_ranks=(127, 24), class_paired=True
Epoch [95/100] | Loss: 7.4849 (Cls: 7.4395, TAL: 0.1361, Adv: 0.3628, OT-Reg: 0.000647) | OT inner objective: 0.1460 | Marginal residual row/col/max: 2.33e-08/4.10e-08/4.33e-08 | Train Acc: 0.0547 | Val Acc: 0.0556 | Val P/R/F1 (Macro): 0.0556/0.0556/0.0556 | LR: 0.000001
Epoch [96/100] | SVD update #96: pairs=128, sweeps=3, converged=False, rel_change=5.798e-02, effective_ranks=(127, 23), class_paired=True
Epoch [96/100] | Loss: 7.2777 (Cls: 7.2541, TAL: -0.0537, Adv: 0.3749, OT-Reg: 0.000692) | OT inner objective: 0.1154 | Marginal residual row/col/max: 2.28e-08/3.68e-08/3.86e-08 | Train Acc: 0.0859 | Val Acc: 0.0833 | Val P/R/F1 (Macro): 0.0357/0.1667/0.0519 | LR: 0.000001
Epoch [97/100] | SVD update #97: pairs=128, sweeps=3, converged=False, rel_change=1.099e-02, effective_ranks=(127, 21), class_paired=True
Epoch [97/100] | Loss: 7.1503 (Cls: 7.1081, TAL: 0.1301, Adv: 0.3322, OT-Reg: 0.000628) | OT inner objective: 0.1781 | Marginal residual row/col/max: 2.72e-07/3.63e-08/2.89e-07 | Train Acc: 0.0859 | Val Acc: 0.0556 | Val P/R/F1 (Macro): 0.0363/0.1389/0.0437 | LR: 0.000001
Epoch [98/100] | SVD update #98: pairs=128, sweeps=3, converged=False, rel_change=1.438e-02, effective_ranks=(127, 22), class_paired=True
Epoch [98/100] | Loss: 7.1039 (Cls: 7.0686, TAL: 0.1063, Adv: 0.2825, OT-Reg: 0.000655) | OT inner objective: 0.1671 | Marginal residual row/col/max: 1.07e-08/3.17e-08/3.17e-08 | Train Acc: 0.1172 | Val Acc: 0.1389 | Val P/R/F1 (Macro): 0.1667/0.2222/0.1247 | LR: 0.000001
Epoch [99/100] | SVD update #99: pairs=128, sweeps=3, converged=False, rel_change=2.618e-02, effective_ranks=(127, 23), class_paired=True
Epoch [99/100] | Loss: 7.3364 (Cls: 7.3125, TAL: -0.0372, Adv: 0.3549, OT-Reg: 0.000680) | OT inner objective: 0.1223 | Marginal residual row/col/max: 7.54e-08/2.00e-08/7.82e-08 | Train Acc: 0.0859 | Val Acc: 0.1111 | Val P/R/F1 (Macro): 0.0472/0.0639/0.0541 | LR: 0.000001
Epoch [100/100] | SVD update #100: pairs=128, sweeps=3, converged=False, rel_change=6.892e-02, effective_ranks=(127, 23), class_paired=True
Epoch [100/100] | Loss: 7.2337 (Cls: 7.1897, TAL: 0.1956, Adv: 0.2562, OT-Reg: 0.000691) | OT inner objective: 0.1751 | Marginal residual row/col/max: 1.58e-04/4.28e-08/1.58e-04 | Train Acc: 0.0938 | Val Acc: 0.0278 | Val P/R/F1 (Macro): 0.0222/0.0278/0.0247 | LR: 0.000001
Report strategy: last_window, window=10, reported_acc=0.0833, best_acc=0.3889

迭代 1 报告指标:
  Accuracy: 0.0833
  Precision (Macro): 0.0571
  Recall (Macro): 0.1072
  F1 (Macro): 0.0572
  Precision (Micro): 0.0833
  Recall (Micro): 0.0833
  F1 (Micro): 0.0833
  Val class coverage: 9/14 (0.6429), samples=36

================================================================================
迭代 2/5
随机种子: 43
================================================================================
Training mode: full target-label supervision (class-paired batches).
Feature fusion: Tensor alignment (512+512 -> 64+64); fused_dim=128
Domain adaptation: Neural OT generator with 3-domain discriminator
Loss weights: tensor=0.12, adv=0.08
Transport: mode=sinkhorn, epsilon=0.1, Sinkhorn iterations=50, correction scale=0.1, correction regularization weight=0.001
Tensor projection update: once per epoch from the complete target-training pairing bank; projection_dim=64, max_sweeps=3, relative singular-value tolerance=0.0001
Epoch [1/100] | SVD update #1: pairs=128, sweeps=3, converged=True, rel_change=4.676e-05, effective_ranks=(127, 124), class_paired=True
Epoch [1/100] | Loss: 8.6932 (Cls: 8.6929, TAL: -0.1413, Adv: 0.2149, OT-Reg: 0.001152) | OT inner objective: 0.2910 | Marginal residual row/col/max: 8.38e-09/2.28e-08/2.28e-08 | Train Acc: 0.1484 | Val Acc: 0.1389 | Val P/R/F1 (Macro): 0.0519/0.1250/0.0639 | LR: 0.000005
  >>> New Best Val Acc: 0.1389
Epoch [2/100] | SVD update #2: pairs=128, sweeps=3, converged=True, rel_change=1.788e-05, effective_ranks=(127, 104), class_paired=True
Epoch [2/100] | Loss: 7.7809 (Cls: 7.7918, TAL: -0.2129, Adv: 0.1828, OT-Reg: 0.001259) | OT inner objective: 0.2837 | Marginal residual row/col/max: 1.02e-08/1.02e-08/1.12e-08 | Train Acc: 0.2266 | Val Acc: 0.3333 | Val P/R/F1 (Macro): 0.1825/0.3472/0.2295 | LR: 0.000005
  >>> New Best Val Acc: 0.3333
Epoch [3/100] | SVD update #3: pairs=128, sweeps=3, converged=True, rel_change=1.131e-05, effective_ranks=(127, 88), class_paired=True
Epoch [3/100] | Loss: 8.0049 (Cls: 8.0066, TAL: -0.1727, Adv: 0.2379, OT-Reg: 0.001244) | OT inner objective: 0.2641 | Marginal residual row/col/max: 1.02e-08/1.12e-08/1.16e-08 | Train Acc: 0.1562 | Val Acc: 0.2500 | Val P/R/F1 (Macro): 0.0905/0.2500/0.1323 | LR: 0.000005
Epoch [4/100] | SVD update #4: pairs=128, sweeps=3, converged=False, rel_change=2.417e-04, effective_ranks=(127, 100), class_paired=True
Epoch [4/100] | Loss: 7.7549 (Cls: 7.7588, TAL: -0.1513, Adv: 0.1789, OT-Reg: 0.001293) | OT inner objective: 0.2904 | Marginal residual row/col/max: 1.12e-08/9.78e-09/1.12e-08 | Train Acc: 0.1562 | Val Acc: 0.2778 | Val P/R/F1 (Macro): 0.1862/0.3315/0.2166 | LR: 0.000005
Epoch [5/100] | SVD update #5: pairs=128, sweeps=3, converged=False, rel_change=6.729e-04, effective_ranks=(127, 63), class_paired=True
Epoch [5/100] | Loss: 7.8937 (Cls: 7.9028, TAL: -0.1982, Adv: 0.1841, OT-Reg: 0.001235) | OT inner objective: 0.2482 | Marginal residual row/col/max: 1.02e-08/1.02e-08/1.12e-08 | Train Acc: 0.1406 | Val Acc: 0.3056 | Val P/R/F1 (Macro): 0.1148/0.2370/0.1494 | LR: 0.000005
Epoch [6/100] | SVD update #6: pairs=128, sweeps=3, converged=False, rel_change=4.912e-03, effective_ranks=(127, 63), class_paired=True
Epoch [6/100] | Loss: 7.3347 (Cls: 7.3451, TAL: -0.2049, Adv: 0.1772, OT-Reg: 0.001263) | OT inner objective: 0.2568 | Marginal residual row/col/max: 1.02e-08/1.16e-08/1.16e-08 | Train Acc: 0.2422 | Val Acc: 0.2778 | Val P/R/F1 (Macro): 0.2270/0.3370/0.2468 | LR: 0.000005
Epoch [7/100] | SVD update #7: pairs=128, sweeps=3, converged=False, rel_change=3.571e-01, effective_ranks=(127, 49), class_paired=True
Epoch [7/100] | Loss: 7.5842 (Cls: 7.5638, TAL: 0.0073, Adv: 0.2446, OT-Reg: 0.001190) | OT inner objective: 0.2266 | Marginal residual row/col/max: 1.02e-08/1.12e-08/1.12e-08 | Train Acc: 0.2344 | Val Acc: 0.1667 | Val P/R/F1 (Macro): 0.2134/0.3241/0.1519 | LR: 0.000005
Epoch [8/100] | SVD update #8: pairs=128, sweeps=3, converged=False, rel_change=3.027e-02, effective_ranks=(127, 35), class_paired=True
Epoch [8/100] | Loss: 7.2419 (Cls: 7.2459, TAL: -0.1695, Adv: 0.2049, OT-Reg: 0.001240) | OT inner objective: 0.2133 | Marginal residual row/col/max: 1.44e-08/1.21e-08/1.49e-08 | Train Acc: 0.1641 | Val Acc: 0.2222 | Val P/R/F1 (Macro): 0.3527/0.3657/0.2603 | LR: 0.000005
Epoch [9/100] | SVD update #9: pairs=128, sweeps=3, converged=False, rel_change=3.235e-02, effective_ranks=(127, 35), class_paired=True
Epoch [9/100] | Loss: 7.1621 (Cls: 7.1660, TAL: -0.1650, Adv: 0.1982, OT-Reg: 0.001114) | OT inner objective: 0.1793 | Marginal residual row/col/max: 1.07e-04/1.12e-08/1.07e-04 | Train Acc: 0.2188 | Val Acc: 0.2222 | Val P/R/F1 (Macro): 0.1852/0.2870/0.2037 | LR: 0.000005
Epoch [10/100] | SVD update #10: pairs=128, sweeps=3, converged=False, rel_change=2.932e-03, effective_ranks=(127, 40), class_paired=True
Epoch [10/100] | Loss: 6.9412 (Cls: 6.9690, TAL: -0.3485, Adv: 0.1748, OT-Reg: 0.001087) | OT inner objective: 0.1000 | Marginal residual row/col/max: 1.18e-04/1.12e-08/1.18e-04 | Train Acc: 0.2734 | Val Acc: 0.3889 | Val P/R/F1 (Macro): 0.2579/0.4213/0.2804 | LR: 0.000005
  >>> New Best Val Acc: 0.3889
Epoch [11/100] | SVD update #11: pairs=128, sweeps=3, converged=False, rel_change=6.671e-03, effective_ranks=(127, 33), class_paired=True
Epoch [11/100] | Loss: 7.0204 (Cls: 7.0363, TAL: -0.2606, Adv: 0.1918, OT-Reg: 0.001164) | OT inner objective: 0.1514 | Marginal residual row/col/max: 4.84e-06/1.30e-08/4.84e-06 | Train Acc: 0.2500 | Val Acc: 0.1944 | Val P/R/F1 (Macro): 0.0556/0.1944/0.0847 | LR: 0.000005
Epoch [12/100] | SVD update #12: pairs=128, sweeps=3, converged=False, rel_change=4.147e-04, effective_ranks=(127, 24), class_paired=True
Epoch [12/100] | Loss: 6.6820 (Cls: 6.7105, TAL: -0.3446, Adv: 0.1611, OT-Reg: 0.001149) | OT inner objective: 0.0263 | Marginal residual row/col/max: 1.06e-05/1.12e-08/1.06e-05 | Train Acc: 0.2344 | Val Acc: 0.2500 | Val P/R/F1 (Macro): 0.1654/0.4028/0.2180 | LR: 0.000005
Epoch [13/100] | SVD update #13: pairs=128, sweeps=3, converged=False, rel_change=2.039e-04, effective_ranks=(127, 25), class_paired=True
Epoch [13/100] | Loss: 6.4717 (Cls: 6.4961, TAL: -0.3160, Adv: 0.1693, OT-Reg: 0.001140) | OT inner objective: 0.0944 | Marginal residual row/col/max: 4.89e-06/1.07e-08/4.89e-06 | Train Acc: 0.3047 | Val Acc: 0.1667 | Val P/R/F1 (Macro): 0.1591/0.2444/0.1700 | LR: 0.000005
Epoch [14/100] | SVD update #14: pairs=128, sweeps=3, converged=False, rel_change=3.834e-03, effective_ranks=(127, 29), class_paired=True
Epoch [14/100] | Loss: 6.2903 (Cls: 6.2999, TAL: -0.2257, Adv: 0.2187, OT-Reg: 0.001143) | OT inner objective: 0.1230 | Marginal residual row/col/max: 1.01e-06/1.35e-08/1.01e-06 | Train Acc: 0.3516 | Val Acc: 0.2500 | Val P/R/F1 (Macro): 0.2262/0.3407/0.2325 | LR: 0.000005
Epoch [15/100] | SVD update #15: pairs=128, sweeps=3, converged=False, rel_change=2.999e-03, effective_ranks=(127, 23), class_paired=True
Epoch [15/100] | Loss: 6.5753 (Cls: 6.5964, TAL: -0.2841, Adv: 0.1618, OT-Reg: 0.001115) | OT inner objective: 0.0623 | Marginal residual row/col/max: 1.21e-04/8.38e-09/1.21e-04 | Train Acc: 0.2422 | Val Acc: 0.1944 | Val P/R/F1 (Macro): 0.2860/0.3417/0.2091 | LR: 0.000005
Epoch [16/100] | SVD update #16: pairs=128, sweeps=3, converged=False, rel_change=4.908e-03, effective_ranks=(127, 23), class_paired=True
Epoch [16/100] | Loss: 6.3379 (Cls: 6.3471, TAL: -0.1828, Adv: 0.1592, OT-Reg: 0.001096) | OT inner objective: 0.0317 | Marginal residual row/col/max: 6.43e-06/1.02e-08/6.43e-06 | Train Acc: 0.3203 | Val Acc: 0.2222 | Val P/R/F1 (Macro): 0.3148/0.2907/0.2257 | LR: 0.000005
Epoch [17/100] | SVD update #17: pairs=128, sweeps=3, converged=False, rel_change=5.588e-04, effective_ranks=(127, 29), class_paired=True
Epoch [17/100] | Loss: 5.9604 (Cls: 5.9858, TAL: -0.3193, Adv: 0.1617, OT-Reg: 0.001161) | OT inner objective: 0.0308 | Marginal residual row/col/max: 4.10e-06/1.02e-08/4.10e-06 | Train Acc: 0.3672 | Val Acc: 0.3056 | Val P/R/F1 (Macro): 0.3368/0.4380/0.2734 | LR: 0.000005
Epoch [18/100] | SVD update #18: pairs=128, sweeps=3, converged=False, rel_change=2.096e-03, effective_ranks=(127, 31), class_paired=True
Epoch [18/100] | Loss: 6.1681 (Cls: 6.1729, TAL: -0.1577, Adv: 0.1763, OT-Reg: 0.001217) | OT inner objective: 0.1243 | Marginal residual row/col/max: 8.85e-08/1.02e-08/8.85e-08 | Train Acc: 0.3672 | Val Acc: 0.1667 | Val P/R/F1 (Macro): 0.1810/0.3056/0.1430 | LR: 0.000005
Epoch [19/100] | SVD update #19: pairs=128, sweeps=3, converged=False, rel_change=2.682e-04, effective_ranks=(127, 24), class_paired=True
Epoch [19/100] | Loss: 5.7607 (Cls: 5.7796, TAL: -0.2820, Adv: 0.1862, OT-Reg: 0.001198) | OT inner objective: 0.0257 | Marginal residual row/col/max: 1.41e-05/9.31e-09/1.41e-05 | Train Acc: 0.3984 | Val Acc: 0.2500 | Val P/R/F1 (Macro): 0.1536/0.3611/0.1737 | LR: 0.000005
Epoch [20/100] | SVD update #20: pairs=128, sweeps=3, converged=False, rel_change=3.175e-03, effective_ranks=(127, 22), class_paired=True
Epoch [20/100] | Loss: 5.9598 (Cls: 5.9766, TAL: -0.2358, Adv: 0.1433, OT-Reg: 0.001233) | OT inner objective: 0.1591 | Marginal residual row/col/max: 9.31e-09/9.31e-09/9.78e-09 | Train Acc: 0.3281 | Val Acc: 0.5000 | Val P/R/F1 (Macro): 0.5086/0.5991/0.4767 | LR: 0.000005
  >>> New Best Val Acc: 0.5000
Epoch [21/100] | SVD update #21: pairs=128, sweeps=3, converged=False, rel_change=2.636e-03, effective_ranks=(127, 23), class_paired=True
Epoch [21/100] | Loss: 5.8547 (Cls: 5.8836, TAL: -0.3653, Adv: 0.1867, OT-Reg: 0.001235) | OT inner objective: 0.0266 | Marginal residual row/col/max: 7.68e-06/8.85e-09/7.68e-06 | Train Acc: 0.2656 | Val Acc: 0.2222 | Val P/R/F1 (Macro): 0.3291/0.2176/0.1737 | LR: 0.000005
Epoch [22/100] | SVD update #22: pairs=128, sweeps=3, converged=False, rel_change=7.570e-03, effective_ranks=(127, 20), class_paired=True
Epoch [22/100] | Loss: 7.6328 (Cls: 7.6559, TAL: -0.3164, Adv: 0.1858, OT-Reg: 0.001126) | OT inner objective: -0.0771 | Marginal residual row/col/max: 8.25e-05/1.21e-08/8.25e-05 | Train Acc: 0.1406 | Val Acc: 0.2500 | Val P/R/F1 (Macro): 0.1551/0.1620/0.1481 | LR: 0.000005
Epoch [23/100] | SVD update #23: pairs=128, sweeps=3, converged=False, rel_change=3.933e-03, effective_ranks=(127, 21), class_paired=True
Epoch [23/100] | Loss: 6.5462 (Cls: 6.5536, TAL: -0.1715, Adv: 0.1651, OT-Reg: 0.001209) | OT inner objective: 0.0843 | Marginal residual row/col/max: 8.77e-07/1.21e-08/8.77e-07 | Train Acc: 0.2500 | Val Acc: 0.3333 | Val P/R/F1 (Macro): 0.3660/0.4509/0.3202 | LR: 0.000005
Epoch [24/100] | SVD update #24: pairs=128, sweeps=3, converged=False, rel_change=6.832e-03, effective_ranks=(127, 16), class_paired=True
Epoch [24/100] | Loss: 6.0390 (Cls: 6.0461, TAL: -0.1664, Adv: 0.1610, OT-Reg: 0.001204) | OT inner objective: 0.1035 | Marginal residual row/col/max: 4.47e-08/1.07e-08/4.47e-08 | Train Acc: 0.3672 | Val Acc: 0.4444 | Val P/R/F1 (Macro): 0.5083/0.5657/0.4339 | LR: 0.000005
Epoch [25/100] | SVD update #25: pairs=128, sweeps=3, converged=False, rel_change=2.303e-02, effective_ranks=(127, 17), class_paired=True
Epoch [25/100] | Loss: 5.5993 (Cls: 5.6136, TAL: -0.2203, Adv: 0.1520, OT-Reg: 0.001168) | OT inner objective: 0.0220 | Marginal residual row/col/max: 3.66e-06/1.49e-08/3.66e-06 | Train Acc: 0.4297 | Val Acc: 0.2222 | Val P/R/F1 (Macro): 0.2139/0.4028/0.1702 | LR: 0.000005
Epoch [26/100] | SVD update #26: pairs=128, sweeps=3, converged=False, rel_change=7.626e-03, effective_ranks=(127, 18), class_paired=True
Epoch [26/100] | Loss: 5.9129 (Cls: 5.9390, TAL: -0.3117, Adv: 0.1404, OT-Reg: 0.001132) | OT inner objective: -0.0143 | Marginal residual row/col/max: 2.98e-06/9.31e-09/2.98e-06 | Train Acc: 0.2812 | Val Acc: 0.3333 | Val P/R/F1 (Macro): 0.3576/0.4602/0.3183 | LR: 0.000005
Epoch [27/100] | SVD update #27: pairs=128, sweeps=3, converged=False, rel_change=3.450e-04, effective_ranks=(127, 19), class_paired=True
Epoch [27/100] | Loss: 5.8997 (Cls: 5.9232, TAL: -0.2944, Adv: 0.1476, OT-Reg: 0.001143) | OT inner objective: 0.0506 | Marginal residual row/col/max: 1.77e-04/1.12e-08/1.77e-04 | Train Acc: 0.3359 | Val Acc: 0.2778 | Val P/R/F1 (Macro): 0.3481/0.4213/0.3270 | LR: 0.000005
Epoch [28/100] | SVD update #28: pairs=128, sweeps=3, converged=False, rel_change=2.725e-03, effective_ranks=(127, 21), class_paired=True
Epoch [28/100] | Loss: 5.5663 (Cls: 5.5948, TAL: -0.3445, Adv: 0.1611, OT-Reg: 0.001141) | OT inner objective: 0.0006 | Marginal residual row/col/max: 1.40e-04/1.49e-08/1.40e-04 | Train Acc: 0.4375 | Val Acc: 0.5278 | Val P/R/F1 (Macro): 0.5335/0.5528/0.4460 | LR: 0.000005
  >>> New Best Val Acc: 0.5278
Epoch [29/100] | SVD update #29: pairs=128, sweeps=3, converged=False, rel_change=2.784e-03, effective_ranks=(127, 20), class_paired=True
Epoch [29/100] | Loss: 5.1998 (Cls: 5.2402, TAL: -0.4348, Adv: 0.1466, OT-Reg: 0.001148) | OT inner objective: 0.0223 | Marginal residual row/col/max: 1.06e-05/1.21e-08/1.06e-05 | Train Acc: 0.4141 | Val Acc: 0.4167 | Val P/R/F1 (Macro): 0.3265/0.5417/0.3852 | LR: 0.000005
Epoch [30/100] | SVD update #30: pairs=128, sweeps=3, converged=False, rel_change=2.111e-03, effective_ranks=(127, 18), class_paired=True
Epoch [30/100] | Loss: 5.3884 (Cls: 5.4203, TAL: -0.3499, Adv: 0.1260, OT-Reg: 0.001123) | OT inner objective: -0.0876 | Marginal residual row/col/max: 1.11e-06/1.21e-08/1.11e-06 | Train Acc: 0.3984 | Val Acc: 0.4444 | Val P/R/F1 (Macro): 0.3991/0.5556/0.4104 | LR: 0.000005
Epoch [31/100] | SVD update #31: pairs=128, sweeps=3, converged=False, rel_change=5.492e-04, effective_ranks=(127, 15), class_paired=True
Epoch [31/100] | Loss: 5.1771 (Cls: 5.2105, TAL: -0.3731, Adv: 0.1421, OT-Reg: 0.001150) | OT inner objective: 0.0436 | Marginal residual row/col/max: 7.30e-07/1.12e-08/7.30e-07 | Train Acc: 0.4062 | Val Acc: 0.3333 | Val P/R/F1 (Macro): 0.2660/0.5028/0.3130 | LR: 0.000005
Epoch [32/100] | SVD update #32: pairs=128, sweeps=3, converged=False, rel_change=4.507e-04, effective_ranks=(127, 16), class_paired=True
Epoch [32/100] | Loss: 5.2846 (Cls: 5.3193, TAL: -0.3836, Adv: 0.1426, OT-Reg: 0.001147) | OT inner objective: -0.0837 | Marginal residual row/col/max: 5.90e-05/8.38e-09/5.90e-05 | Train Acc: 0.4375 | Val Acc: 0.2500 | Val P/R/F1 (Macro): 0.2096/0.3472/0.1710 | LR: 0.000005
Epoch [33/100] | SVD update #33: pairs=128, sweeps=3, converged=False, rel_change=7.042e-04, effective_ranks=(127, 17), class_paired=True
Epoch [33/100] | Loss: 5.2322 (Cls: 5.2648, TAL: -0.3535, Adv: 0.1229, OT-Reg: 0.001170) | OT inner objective: 0.0046 | Marginal residual row/col/max: 1.26e-05/8.38e-09/1.26e-05 | Train Acc: 0.4922 | Val Acc: 0.3889 | Val P/R/F1 (Macro): 0.2444/0.4213/0.2893 | LR: 0.000005
Epoch [34/100] | SVD update #34: pairs=128, sweeps=3, converged=False, rel_change=1.845e-03, effective_ranks=(127, 17), class_paired=True
Epoch [34/100] | Loss: 5.2406 (Cls: 5.2697, TAL: -0.3324, Adv: 0.1345, OT-Reg: 0.001159) | OT inner objective: -0.0065 | Marginal residual row/col/max: 4.14e-06/1.02e-08/4.14e-06 | Train Acc: 0.4609 | Val Acc: 0.3611 | Val P/R/F1 (Macro): 0.4317/0.5037/0.3287 | LR: 0.000005
Epoch [35/100] | SVD update #35: pairs=128, sweeps=3, converged=False, rel_change=5.203e-04, effective_ranks=(127, 18), class_paired=True
Epoch [35/100] | Loss: 5.0134 (Cls: 5.0522, TAL: -0.4070, Adv: 0.1261, OT-Reg: 0.001145) | OT inner objective: -0.0600 | Marginal residual row/col/max: 9.94e-05/1.02e-08/9.94e-05 | Train Acc: 0.4531 | Val Acc: 0.3889 | Val P/R/F1 (Macro): 0.3459/0.4065/0.3116 | LR: 0.000005
Epoch [36/100] | SVD update #36: pairs=128, sweeps=3, converged=False, rel_change=1.331e-03, effective_ranks=(127, 21), class_paired=True
Epoch [36/100] | Loss: 5.1588 (Cls: 5.1945, TAL: -0.3828, Adv: 0.1287, OT-Reg: 0.001137) | OT inner objective: -0.0800 | Marginal residual row/col/max: 2.55e-05/9.31e-09/2.55e-05 | Train Acc: 0.4688 | Val Acc: 0.4167 | Val P/R/F1 (Macro): 0.2754/0.5065/0.3416 | LR: 0.000005
Epoch [37/100] | SVD update #37: pairs=128, sweeps=3, converged=False, rel_change=6.030e-03, effective_ranks=(127, 21), class_paired=True
Epoch [37/100] | Loss: 4.5282 (Cls: 4.5684, TAL: -0.4124, Adv: 0.1159, OT-Reg: 0.001168) | OT inner objective: -0.0942 | Marginal residual row/col/max: 1.52e-04/9.78e-09/1.52e-04 | Train Acc: 0.5156 | Val Acc: 0.5556 | Val P/R/F1 (Macro): 0.5204/0.6426/0.5059 | LR: 0.000005
  >>> New Best Val Acc: 0.5556
Epoch [38/100] | SVD update #38: pairs=128, sweeps=3, converged=False, rel_change=6.005e-04, effective_ranks=(127, 20), class_paired=True
Epoch [38/100] | Loss: 5.1013 (Cls: 5.1350, TAL: -0.3875, Adv: 0.1595, OT-Reg: 0.001127) | OT inner objective: -0.0936 | Marginal residual row/col/max: 1.50e-05/8.85e-09/1.50e-05 | Train Acc: 0.4531 | Val Acc: 0.4167 | Val P/R/F1 (Macro): 0.4292/0.5491/0.3848 | LR: 0.000005
Epoch [39/100] | SVD update #39: pairs=128, sweeps=3, converged=False, rel_change=3.737e-04, effective_ranks=(127, 17), class_paired=True
Epoch [39/100] | Loss: 4.7643 (Cls: 4.8044, TAL: -0.4125, Adv: 0.1169, OT-Reg: 0.001142) | OT inner objective: -0.0624 | Marginal residual row/col/max: 1.43e-05/1.07e-08/1.43e-05 | Train Acc: 0.4766 | Val Acc: 0.4167 | Val P/R/F1 (Macro): 0.5190/0.5565/0.4001 | LR: 0.000005
Epoch [40/100] | SVD update #40: pairs=128, sweeps=3, converged=False, rel_change=4.139e-03, effective_ranks=(127, 20), class_paired=True
Epoch [40/100] | Loss: 4.6132 (Cls: 4.6452, TAL: -0.3600, Adv: 0.1399, OT-Reg: 0.001176) | OT inner objective: -0.0691 | Marginal residual row/col/max: 1.55e-05/1.12e-08/1.55e-05 | Train Acc: 0.5625 | Val Acc: 0.3889 | Val P/R/F1 (Macro): 0.4398/0.4509/0.3520 | LR: 0.000005
Epoch [41/100] | SVD update #41: pairs=128, sweeps=3, converged=False, rel_change=5.317e-03, effective_ranks=(127, 19), class_paired=True
Epoch [41/100] | Loss: 5.2693 (Cls: 5.3050, TAL: -0.3734, Adv: 0.1137, OT-Reg: 0.001145) | OT inner objective: -0.0631 | Marginal residual row/col/max: 9.38e-07/1.02e-08/9.38e-07 | Train Acc: 0.3750 | Val Acc: 0.3333 | Val P/R/F1 (Macro): 0.3674/0.4926/0.3364 | LR: 0.000005
Epoch [42/100] | SVD update #42: pairs=128, sweeps=3, converged=False, rel_change=2.757e-03, effective_ranks=(127, 17), class_paired=True
Epoch [42/100] | Loss: 5.2264 (Cls: 5.2693, TAL: -0.4420, Adv: 0.1263, OT-Reg: 0.001200) | OT inner objective: -0.0220 | Marginal residual row/col/max: 2.89e-06/9.78e-09/2.89e-06 | Train Acc: 0.3594 | Val Acc: 0.3333 | Val P/R/F1 (Macro): 0.2157/0.3852/0.2392 | LR: 0.000005
Epoch [43/100] | SVD update #43: pairs=128, sweeps=3, converged=False, rel_change=1.384e-03, effective_ranks=(127, 19), class_paired=True
Epoch [43/100] | Loss: 5.1793 (Cls: 5.2208, TAL: -0.4378, Adv: 0.1385, OT-Reg: 0.001167) | OT inner objective: -0.0561 | Marginal residual row/col/max: 1.09e-04/9.78e-09/1.09e-04 | Train Acc: 0.4219 | Val Acc: 0.4444 | Val P/R/F1 (Macro): 0.3333/0.4398/0.3318 | LR: 0.000005
Epoch [44/100] | SVD update #44: pairs=128, sweeps=3, converged=False, rel_change=1.329e-03, effective_ranks=(127, 18), class_paired=True
Epoch [44/100] | Loss: 5.1763 (Cls: 5.2079, TAL: -0.3491, Adv: 0.1287, OT-Reg: 0.001140) | OT inner objective: -0.0799 | Marginal residual row/col/max: 3.97e-06/8.85e-09/3.97e-06 | Train Acc: 0.3750 | Val Acc: 0.3611 | Val P/R/F1 (Macro): 0.3579/0.4093/0.3713 | LR: 0.000005
Epoch [45/100] | SVD update #45: pairs=128, sweeps=3, converged=False, rel_change=5.030e-03, effective_ranks=(127, 17), class_paired=True
Epoch [45/100] | Loss: 4.7359 (Cls: 4.7787, TAL: -0.4393, Adv: 0.1249, OT-Reg: 0.001200) | OT inner objective: -0.0752 | Marginal residual row/col/max: 3.71e-06/1.02e-08/3.71e-06 | Train Acc: 0.5000 | Val Acc: 0.3056 | Val P/R/F1 (Macro): 0.3028/0.4444/0.3302 | LR: 0.000005
Epoch [46/100] | SVD update #46: pairs=128, sweeps=3, converged=False, rel_change=3.781e-04, effective_ranks=(127, 17), class_paired=True
Epoch [46/100] | Loss: 5.1744 (Cls: 5.2176, TAL: -0.4414, Adv: 0.1231, OT-Reg: 0.001177) | OT inner objective: -0.0392 | Marginal residual row/col/max: 6.60e-05/1.91e-08/6.60e-05 | Train Acc: 0.4453 | Val Acc: 0.4167 | Val P/R/F1 (Macro): 0.4161/0.5296/0.4198 | LR: 0.000005
Epoch [47/100] | SVD update #47: pairs=128, sweeps=3, converged=False, rel_change=4.123e-04, effective_ranks=(127, 18), class_paired=True
Epoch [47/100] | Loss: 5.0628 (Cls: 5.1041, TAL: -0.4260, Adv: 0.1227, OT-Reg: 0.001222) | OT inner objective: -0.0619 | Marginal residual row/col/max: 3.30e-06/9.31e-09/3.30e-06 | Train Acc: 0.4688 | Val Acc: 0.3611 | Val P/R/F1 (Macro): 0.4198/0.4287/0.3236 | LR: 0.000005
Epoch [48/100] | SVD update #48: pairs=128, sweeps=3, converged=False, rel_change=6.433e-04, effective_ranks=(127, 18), class_paired=True
Epoch [48/100] | Loss: 5.4533 (Cls: 5.4836, TAL: -0.3252, Adv: 0.1087, OT-Reg: 0.001147) | OT inner objective: -0.0564 | Marginal residual row/col/max: 3.99e-06/9.31e-09/3.99e-06 | Train Acc: 0.3906 | Val Acc: 0.1389 | Val P/R/F1 (Macro): 0.1111/0.2315/0.1227 | LR: 0.000003
Epoch [49/100] | SVD update #49: pairs=128, sweeps=3, converged=False, rel_change=1.172e-03, effective_ranks=(127, 16), class_paired=True
Epoch [49/100] | Loss: 5.2198 (Cls: 5.2624, TAL: -0.4383, Adv: 0.1252, OT-Reg: 0.001192) | OT inner objective: -0.1302 | Marginal residual row/col/max: 2.19e-05/1.02e-08/2.19e-05 | Train Acc: 0.4609 | Val Acc: 0.2222 | Val P/R/F1 (Macro): 0.2769/0.4019/0.2870 | LR: 0.000003
Epoch [50/100] | SVD update #50: pairs=128, sweeps=3, converged=False, rel_change=2.223e-04, effective_ranks=(126, 15), class_paired=True
Epoch [50/100] | Loss: 5.2050 (Cls: 5.2410, TAL: -0.3669, Adv: 0.0999, OT-Reg: 0.001156) | OT inner objective: -0.1016 | Marginal residual row/col/max: 4.32e-06/1.02e-08/4.32e-06 | Train Acc: 0.4453 | Val Acc: 0.3333 | Val P/R/F1 (Macro): 0.4210/0.4537/0.3713 | LR: 0.000003
Epoch [51/100] | SVD update #51: pairs=128, sweeps=3, converged=False, rel_change=2.864e-04, effective_ranks=(127, 14), class_paired=True
Epoch [51/100] | Loss: 4.8527 (Cls: 4.8969, TAL: -0.4520, Adv: 0.1262, OT-Reg: 0.001136) | OT inner objective: -0.1107 | Marginal residual row/col/max: 3.90e-05/1.12e-08/3.90e-05 | Train Acc: 0.4766 | Val Acc: 0.4444 | Val P/R/F1 (Macro): 0.4735/0.5454/0.4118 | LR: 0.000003
Epoch [52/100] | SVD update #52: pairs=128, sweeps=3, converged=False, rel_change=3.108e-04, effective_ranks=(126, 16), class_paired=True
Epoch [52/100] | Loss: 4.7203 (Cls: 4.7671, TAL: -0.4620, Adv: 0.1079, OT-Reg: 0.001179) | OT inner objective: -0.1626 | Marginal residual row/col/max: 1.08e-04/1.16e-08/1.08e-04 | Train Acc: 0.5391 | Val Acc: 0.5556 | Val P/R/F1 (Macro): 0.5309/0.5435/0.4267 | LR: 0.000003
Epoch [53/100] | SVD update #53: pairs=128, sweeps=3, converged=False, rel_change=6.472e-04, effective_ranks=(127, 19), class_paired=True
Epoch [53/100] | Loss: 4.4760 (Cls: 4.5096, TAL: -0.3560, Adv: 0.1138, OT-Reg: 0.001192) | OT inner objective: -0.0097 | Marginal residual row/col/max: 2.22e-05/8.85e-09/2.22e-05 | Train Acc: 0.5312 | Val Acc: 0.5833 | Val P/R/F1 (Macro): 0.6111/0.6602/0.5791 | LR: 0.000003
  >>> New Best Val Acc: 0.5833
Epoch [54/100] | SVD update #54: pairs=128, sweeps=3, converged=False, rel_change=3.326e-04, effective_ranks=(127, 19), class_paired=True
Epoch [54/100] | Loss: 5.2969 (Cls: 5.3282, TAL: -0.3607, Adv: 0.1496, OT-Reg: 0.001175) | OT inner objective: -0.1454 | Marginal residual row/col/max: 9.30e-05/1.07e-08/9.30e-05 | Train Acc: 0.3984 | Val Acc: 0.4167 | Val P/R/F1 (Macro): 0.4130/0.5278/0.3986 | LR: 0.000003
Epoch [55/100] | SVD update #55: pairs=128, sweeps=3, converged=False, rel_change=3.446e-04, effective_ranks=(127, 17), class_paired=True
Epoch [55/100] | Loss: 4.8028 (Cls: 4.8424, TAL: -0.4066, Adv: 0.1151, OT-Reg: 0.001149) | OT inner objective: -0.1002 | Marginal residual row/col/max: 6.33e-05/1.12e-08/6.33e-05 | Train Acc: 0.4375 | Val Acc: 0.3611 | Val P/R/F1 (Macro): 0.3619/0.4333/0.3281 | LR: 0.000003
Epoch [56/100] | SVD update #56: pairs=128, sweeps=3, converged=False, rel_change=2.455e-04, effective_ranks=(127, 16), class_paired=True
Epoch [56/100] | Loss: 4.7680 (Cls: 4.8099, TAL: -0.4215, Adv: 0.1090, OT-Reg: 0.001149) | OT inner objective: -0.0480 | Marginal residual row/col/max: 3.44e-05/1.30e-08/3.44e-05 | Train Acc: 0.4844 | Val Acc: 0.4722 | Val P/R/F1 (Macro): 0.4529/0.5093/0.3962 | LR: 0.000003
Epoch [57/100] | SVD update #57: pairs=128, sweeps=3, converged=False, rel_change=5.699e-04, effective_ranks=(127, 18), class_paired=True
Epoch [57/100] | Loss: 4.8889 (Cls: 4.9264, TAL: -0.3823, Adv: 0.1050, OT-Reg: 0.001162) | OT inner objective: -0.1623 | Marginal residual row/col/max: 9.28e-05/1.07e-08/9.28e-05 | Train Acc: 0.4922 | Val Acc: 0.4444 | Val P/R/F1 (Macro): 0.4245/0.4926/0.4145 | LR: 0.000003
Epoch [58/100] | SVD update #58: pairs=128, sweeps=3, converged=False, rel_change=1.630e-03, effective_ranks=(127, 20), class_paired=True
Epoch [58/100] | Loss: 4.5485 (Cls: 4.5869, TAL: -0.3877, Adv: 0.1019, OT-Reg: 0.001144) | OT inner objective: -0.1091 | Marginal residual row/col/max: 7.98e-05/1.16e-08/7.98e-05 | Train Acc: 0.5156 | Val Acc: 0.4167 | Val P/R/F1 (Macro): 0.5357/0.5565/0.4491 | LR: 0.000003
Epoch [59/100] | SVD update #59: pairs=128, sweeps=3, converged=False, rel_change=6.032e-04, effective_ranks=(127, 18), class_paired=True
Epoch [59/100] | Loss: 4.8101 (Cls: 4.8452, TAL: -0.3667, Adv: 0.1118, OT-Reg: 0.001114) | OT inner objective: -0.0991 | Marginal residual row/col/max: 7.29e-05/1.26e-08/7.29e-05 | Train Acc: 0.4766 | Val Acc: 0.4722 | Val P/R/F1 (Macro): 0.3319/0.5000/0.3644 | LR: 0.000003
Epoch [60/100] | SVD update #60: pairs=128, sweeps=3, converged=False, rel_change=1.273e-03, effective_ranks=(127, 16), class_paired=True
Epoch [60/100] | Loss: 4.5389 (Cls: 4.5871, TAL: -0.4792, Adv: 0.1162, OT-Reg: 0.001120) | OT inner objective: -0.1307 | Marginal residual row/col/max: 2.08e-04/1.02e-08/2.08e-04 | Train Acc: 0.5469 | Val Acc: 0.3889 | Val P/R/F1 (Macro): 0.3175/0.4074/0.3025 | LR: 0.000003
Epoch [61/100] | SVD update #61: pairs=128, sweeps=3, converged=False, rel_change=1.463e-03, effective_ranks=(127, 18), class_paired=True
Epoch [61/100] | Loss: 4.6186 (Cls: 4.6623, TAL: -0.4492, Adv: 0.1269, OT-Reg: 0.001171) | OT inner objective: -0.1079 | Marginal residual row/col/max: 8.38e-06/8.85e-09/8.38e-06 | Train Acc: 0.5547 | Val Acc: 0.5556 | Val P/R/F1 (Macro): 0.5259/0.5602/0.4351 | LR: 0.000003
Epoch [62/100] | SVD update #62: pairs=128, sweeps=3, converged=False, rel_change=2.989e-04, effective_ranks=(127, 18), class_paired=True
Epoch [62/100] | Loss: 4.9434 (Cls: 4.9769, TAL: -0.3545, Adv: 0.1132, OT-Reg: 0.001134) | OT inner objective: -0.0983 | Marginal residual row/col/max: 1.34e-04/9.31e-09/1.34e-04 | Train Acc: 0.4844 | Val Acc: 0.4722 | Val P/R/F1 (Macro): 0.6469/0.5722/0.5569 | LR: 0.000003
Epoch [63/100] | SVD update #63: pairs=128, sweeps=3, converged=False, rel_change=5.363e-04, effective_ranks=(127, 19), class_paired=True
Epoch [63/100] | Loss: 4.5783 (Cls: 4.6194, TAL: -0.4168, Adv: 0.1107, OT-Reg: 0.001144) | OT inner objective: -0.0947 | Marginal residual row/col/max: 1.72e-05/7.92e-09/1.72e-05 | Train Acc: 0.4688 | Val Acc: 0.4722 | Val P/R/F1 (Macro): 0.4537/0.5907/0.5012 | LR: 0.000003
Epoch [64/100] | SVD update #64: pairs=128, sweeps=3, converged=False, rel_change=3.635e-04, effective_ranks=(127, 20), class_paired=True
Epoch [64/100] | Loss: 4.9261 (Cls: 4.9636, TAL: -0.4011, Adv: 0.1323, OT-Reg: 0.001098) | OT inner objective: -0.0961 | Marginal residual row/col/max: 1.86e-04/1.12e-08/1.86e-04 | Train Acc: 0.3984 | Val Acc: 0.5000 | Val P/R/F1 (Macro): 0.4749/0.5139/0.4535 | LR: 0.000001
Epoch [65/100] | SVD update #65: pairs=128, sweeps=3, converged=False, rel_change=9.526e-04, effective_ranks=(127, 17), class_paired=True
Epoch [65/100] | Loss: 5.0141 (Cls: 5.0454, TAL: -0.3479, Adv: 0.1307, OT-Reg: 0.001209) | OT inner objective: -0.1103 | Marginal residual row/col/max: 2.65e-05/1.07e-08/2.65e-05 | Train Acc: 0.3047 | Val Acc: 0.6667 | Val P/R/F1 (Macro): 0.6815/0.7241/0.6799 | LR: 0.000001
  >>> New Best Val Acc: 0.6667
Epoch [66/100] | SVD update #66: pairs=128, sweeps=3, converged=False, rel_change=2.046e-04, effective_ranks=(127, 18), class_paired=True
Epoch [66/100] | Loss: 4.2510 (Cls: 4.3004, TAL: -0.4716, Adv: 0.0902, OT-Reg: 0.001190) | OT inner objective: -0.1150 | Marginal residual row/col/max: 7.08e-05/9.31e-09/7.08e-05 | Train Acc: 0.5156 | Val Acc: 0.2778 | Val P/R/F1 (Macro): 0.2831/0.4574/0.3015 | LR: 0.000001
Epoch [67/100] | SVD update #67: pairs=128, sweeps=3, converged=False, rel_change=5.085e-03, effective_ranks=(127, 18), class_paired=True
Epoch [67/100] | Loss: 4.7622 (Cls: 4.7983, TAL: -0.3835, Adv: 0.1232, OT-Reg: 0.001213) | OT inner objective: -0.0811 | Marginal residual row/col/max: 2.82e-06/9.78e-09/2.82e-06 | Train Acc: 0.5859 | Val Acc: 0.4722 | Val P/R/F1 (Macro): 0.4577/0.5694/0.4759 | LR: 0.000001
Epoch [68/100] | SVD update #68: pairs=128, sweeps=3, converged=False, rel_change=2.204e-03, effective_ranks=(127, 18), class_paired=True
Epoch [68/100] | Loss: 4.6918 (Cls: 4.7353, TAL: -0.4349, Adv: 0.1094, OT-Reg: 0.001141) | OT inner objective: -0.1329 | Marginal residual row/col/max: 8.88e-06/9.78e-09/8.88e-06 | Train Acc: 0.4844 | Val Acc: 0.4444 | Val P/R/F1 (Macro): 0.4426/0.5667/0.4385 | LR: 0.000001
Epoch [69/100] | SVD update #69: pairs=128, sweeps=3, converged=False, rel_change=1.371e-03, effective_ranks=(127, 18), class_paired=True
Epoch [69/100] | Loss: 4.5000 (Cls: 4.5377, TAL: -0.3962, Adv: 0.1225, OT-Reg: 0.001194) | OT inner objective: -0.0411 | Marginal residual row/col/max: 8.12e-06/1.16e-08/8.12e-06 | Train Acc: 0.5312 | Val Acc: 0.3889 | Val P/R/F1 (Macro): 0.3055/0.4704/0.3234 | LR: 0.000001
Epoch [70/100] | SVD update #70: pairs=128, sweeps=3, converged=False, rel_change=1.823e-04, effective_ranks=(127, 16), class_paired=True
Epoch [70/100] | Loss: 4.4987 (Cls: 4.5468, TAL: -0.4815, Adv: 0.1217, OT-Reg: 0.001189) | OT inner objective: -0.1299 | Marginal residual row/col/max: 1.31e-04/9.31e-09/1.31e-04 | Train Acc: 0.5781 | Val Acc: 0.5278 | Val P/R/F1 (Macro): 0.4599/0.5324/0.4418 | LR: 0.000001
Epoch [71/100] | SVD update #71: pairs=128, sweeps=3, converged=False, rel_change=1.685e-04, effective_ranks=(127, 16), class_paired=True
Epoch [71/100] | Loss: 4.5835 (Cls: 4.6248, TAL: -0.4111, Adv: 0.1006, OT-Reg: 0.001176) | OT inner objective: -0.0786 | Marginal residual row/col/max: 1.68e-05/1.07e-08/1.68e-05 | Train Acc: 0.5000 | Val Acc: 0.6667 | Val P/R/F1 (Macro): 0.6333/0.6676/0.6400 | LR: 0.000001
Epoch [72/100] | SVD update #72: pairs=128, sweeps=3, converged=False, rel_change=2.733e-03, effective_ranks=(127, 16), class_paired=True
Epoch [72/100] | Loss: 4.7930 (Cls: 4.8310, TAL: -0.3959, Adv: 0.1186, OT-Reg: 0.001250) | OT inner objective: -0.0372 | Marginal residual row/col/max: 5.97e-06/1.02e-08/5.97e-06 | Train Acc: 0.5234 | Val Acc: 0.5833 | Val P/R/F1 (Macro): 0.5124/0.6213/0.5300 | LR: 0.000001
Epoch [73/100] | SVD update #73: pairs=128, sweeps=3, converged=False, rel_change=1.214e-03, effective_ranks=(127, 19), class_paired=True
Epoch [73/100] | Loss: 4.6256 (Cls: 4.6651, TAL: -0.3965, Adv: 0.1007, OT-Reg: 0.001181) | OT inner objective: -0.0296 | Marginal residual row/col/max: 1.22e-04/1.07e-08/1.22e-04 | Train Acc: 0.4531 | Val Acc: 0.5000 | Val P/R/F1 (Macro): 0.4394/0.5278/0.4500 | LR: 0.000001
Epoch [74/100] | SVD update #74: pairs=128, sweeps=3, converged=False, rel_change=2.160e-04, effective_ranks=(127, 19), class_paired=True
Epoch [74/100] | Loss: 4.6845 (Cls: 4.7293, TAL: -0.4434, Adv: 0.1042, OT-Reg: 0.001184) | OT inner objective: -0.1083 | Marginal residual row/col/max: 1.45e-05/1.26e-08/1.45e-05 | Train Acc: 0.4141 | Val Acc: 0.5556 | Val P/R/F1 (Macro): 0.4437/0.5889/0.4956 | LR: 0.000001
Epoch [75/100] | SVD update #75: pairs=128, sweeps=3, converged=False, rel_change=4.810e-04, effective_ranks=(127, 21), class_paired=True
Epoch [75/100] | Loss: 4.4703 (Cls: 4.5145, TAL: -0.4343, Adv: 0.0988, OT-Reg: 0.001179) | OT inner objective: -0.1137 | Marginal residual row/col/max: 7.32e-06/9.78e-09/7.32e-06 | Train Acc: 0.5312 | Val Acc: 0.6944 | Val P/R/F1 (Macro): 0.6556/0.7602/0.6806 | LR: 0.000001
  >>> New Best Val Acc: 0.6944
Epoch [76/100] | SVD update #76: pairs=128, sweeps=3, converged=False, rel_change=3.122e-03, effective_ranks=(127, 19), class_paired=True
Epoch [76/100] | Loss: 4.7730 (Cls: 4.8096, TAL: -0.3771, Adv: 0.1082, OT-Reg: 0.001198) | OT inner objective: -0.0803 | Marginal residual row/col/max: 3.00e-05/9.31e-09/3.00e-05 | Train Acc: 0.5625 | Val Acc: 0.5000 | Val P/R/F1 (Macro): 0.5167/0.6028/0.5178 | LR: 0.000001
Epoch [77/100] | SVD update #77: pairs=128, sweeps=3, converged=False, rel_change=1.708e-03, effective_ranks=(127, 19), class_paired=True
Epoch [77/100] | Loss: 4.8058 (Cls: 4.8379, TAL: -0.3323, Adv: 0.0977, OT-Reg: 0.001217) | OT inner objective: 0.0056 | Marginal residual row/col/max: 2.59e-04/1.49e-08/2.59e-04 | Train Acc: 0.4766 | Val Acc: 0.5278 | Val P/R/F1 (Macro): 0.4709/0.5454/0.4687 | LR: 0.000001
Epoch [78/100] | SVD update #78: pairs=128, sweeps=3, converged=False, rel_change=7.488e-04, effective_ranks=(127, 17), class_paired=True
Epoch [78/100] | Loss: 4.8750 (Cls: 4.9142, TAL: -0.4034, Adv: 0.1155, OT-Reg: 0.001150) | OT inner objective: -0.0892 | Marginal residual row/col/max: 2.23e-04/1.07e-08/2.23e-04 | Train Acc: 0.4453 | Val Acc: 0.4444 | Val P/R/F1 (Macro): 0.4015/0.4639/0.3704 | LR: 0.000001
Epoch [79/100] | SVD update #79: pairs=128, sweeps=3, converged=False, rel_change=2.264e-04, effective_ranks=(127, 17), class_paired=True
Epoch [79/100] | Loss: 4.5862 (Cls: 4.6268, TAL: -0.4115, Adv: 0.1093, OT-Reg: 0.001176) | OT inner objective: -0.1071 | Marginal residual row/col/max: 1.84e-05/1.16e-08/1.84e-05 | Train Acc: 0.4141 | Val Acc: 0.3889 | Val P/R/F1 (Macro): 0.4669/0.4528/0.4037 | LR: 0.000001
Epoch [80/100] | SVD update #80: pairs=128, sweeps=3, converged=False, rel_change=6.344e-04, effective_ranks=(127, 18), class_paired=True
Epoch [80/100] | Loss: 4.8070 (Cls: 4.8460, TAL: -0.3950, Adv: 0.1057, OT-Reg: 0.001188) | OT inner objective: -0.0433 | Marginal residual row/col/max: 5.90e-05/1.16e-08/5.90e-05 | Train Acc: 0.4141 | Val Acc: 0.5556 | Val P/R/F1 (Macro): 0.5130/0.6259/0.5503 | LR: 0.000001
Epoch [81/100] | SVD update #81: pairs=128, sweeps=3, converged=False, rel_change=2.163e-04, effective_ranks=(127, 17), class_paired=True
Epoch [81/100] | Loss: 4.3867 (Cls: 4.4319, TAL: -0.4360, Adv: 0.0892, OT-Reg: 0.001179) | OT inner objective: -0.0713 | Marginal residual row/col/max: 1.16e-05/9.31e-09/1.16e-05 | Train Acc: 0.5391 | Val Acc: 0.4722 | Val P/R/F1 (Macro): 0.4405/0.5083/0.4052 | LR: 0.000001
Epoch [82/100] | SVD update #82: pairs=128, sweeps=3, converged=False, rel_change=4.937e-04, effective_ranks=(126, 15), class_paired=True
Epoch [82/100] | Loss: 4.8406 (Cls: 4.8778, TAL: -0.3898, Adv: 0.1207, OT-Reg: 0.001149) | OT inner objective: -0.0738 | Marginal residual row/col/max: 7.54e-06/1.02e-08/7.54e-06 | Train Acc: 0.5078 | Val Acc: 0.4167 | Val P/R/F1 (Macro): 0.4067/0.4472/0.3892 | LR: 0.000001
Epoch [83/100] | SVD update #83: pairs=128, sweeps=3, converged=False, rel_change=7.037e-04, effective_ranks=(127, 17), class_paired=True
Epoch [83/100] | Loss: 4.9080 (Cls: 4.9365, TAL: -0.3159, Adv: 0.1177, OT-Reg: 0.001205) | OT inner objective: -0.1110 | Marginal residual row/col/max: 1.20e-04/1.12e-08/1.20e-04 | Train Acc: 0.4062 | Val Acc: 0.5278 | Val P/R/F1 (Macro): 0.5088/0.5463/0.4779 | LR: 0.000001
Epoch [84/100] | SVD update #84: pairs=128, sweeps=3, converged=False, rel_change=3.088e-04, effective_ranks=(127, 18), class_paired=True
Epoch [84/100] | Loss: 4.5082 (Cls: 4.5507, TAL: -0.4150, Adv: 0.0908, OT-Reg: 0.001182) | OT inner objective: -0.0994 | Marginal residual row/col/max: 4.20e-05/1.86e-08/4.20e-05 | Train Acc: 0.5391 | Val Acc: 0.4444 | Val P/R/F1 (Macro): 0.4259/0.5000/0.4024 | LR: 0.000001
Epoch [85/100] | SVD update #85: pairs=128, sweeps=3, converged=False, rel_change=6.909e-04, effective_ranks=(127, 18), class_paired=True
Epoch [85/100] | Loss: 4.2325 (Cls: 4.2831, TAL: -0.4933, Adv: 0.1066, OT-Reg: 0.001173) | OT inner objective: -0.1683 | Marginal residual row/col/max: 3.62e-05/8.38e-09/3.62e-05 | Train Acc: 0.6172 | Val Acc: 0.5278 | Val P/R/F1 (Macro): 0.5690/0.5463/0.4843 | LR: 0.000001
Epoch [86/100] | SVD update #86: pairs=128, sweeps=3, converged=False, rel_change=1.678e-03, effective_ranks=(127, 18), class_paired=True
Epoch [86/100] | Loss: 4.9174 (Cls: 4.9560, TAL: -0.3840, Adv: 0.0933, OT-Reg: 0.001143) | OT inner objective: -0.1424 | Marginal residual row/col/max: 3.51e-05/1.16e-08/3.51e-05 | Train Acc: 0.4297 | Val Acc: 0.4722 | Val P/R/F1 (Macro): 0.4090/0.5111/0.4192 | LR: 0.000001
Epoch [87/100] | SVD update #87: pairs=128, sweeps=3, converged=False, rel_change=8.331e-04, effective_ranks=(127, 15), class_paired=True
Epoch [87/100] | Loss: 4.4081 (Cls: 4.4548, TAL: -0.4618, Adv: 0.1083, OT-Reg: 0.001213) | OT inner objective: -0.1017 | Marginal residual row/col/max: 4.70e-05/1.35e-08/4.70e-05 | Train Acc: 0.5000 | Val Acc: 0.4444 | Val P/R/F1 (Macro): 0.4762/0.4796/0.4438 | LR: 0.000001
Epoch [88/100] | SVD update #88: pairs=128, sweeps=3, converged=False, rel_change=7.121e-04, effective_ranks=(126, 17), class_paired=True
Epoch [88/100] | Loss: 4.4656 (Cls: 4.5021, TAL: -0.3816, Adv: 0.1159, OT-Reg: 0.001150) | OT inner objective: -0.1165 | Marginal residual row/col/max: 3.09e-05/8.85e-09/3.09e-05 | Train Acc: 0.5859 | Val Acc: 0.6389 | Val P/R/F1 (Macro): 0.6071/0.5972/0.5537 | LR: 0.000001
Epoch [89/100] | SVD update #89: pairs=128, sweeps=3, converged=False, rel_change=7.423e-04, effective_ranks=(127, 17), class_paired=True
Epoch [89/100] | Loss: 4.4633 (Cls: 4.5039, TAL: -0.3987, Adv: 0.0903, OT-Reg: 0.001183) | OT inner objective: -0.0970 | Marginal residual row/col/max: 2.71e-05/1.12e-08/2.71e-05 | Train Acc: 0.5469 | Val Acc: 0.5000 | Val P/R/F1 (Macro): 0.5272/0.5926/0.5053 | LR: 0.000001
Epoch [90/100] | SVD update #90: pairs=128, sweeps=3, converged=False, rel_change=1.907e-04, effective_ranks=(127, 18), class_paired=True
Epoch [90/100] | Loss: 4.3268 (Cls: 4.3688, TAL: -0.4248, Adv: 0.1119, OT-Reg: 0.001234) | OT inner objective: -0.1371 | Marginal residual row/col/max: 4.06e-05/1.12e-08/4.06e-05 | Train Acc: 0.5703 | Val Acc: 0.4444 | Val P/R/F1 (Macro): 0.4843/0.5722/0.4888 | LR: 0.000001
Epoch [91/100] | SVD update #91: pairs=128, sweeps=3, converged=False, rel_change=2.858e-04, effective_ranks=(127, 20), class_paired=True
Epoch [91/100] | Loss: 4.1218 (Cls: 4.1703, TAL: -0.4917, Adv: 0.1308, OT-Reg: 0.001177) | OT inner objective: -0.1461 | Marginal residual row/col/max: 2.26e-05/9.31e-09/2.26e-05 | Train Acc: 0.6562 | Val Acc: 0.4444 | Val P/R/F1 (Macro): 0.3673/0.4694/0.3865 | LR: 0.000001
Epoch [92/100] | SVD update #92: pairs=128, sweeps=3, converged=False, rel_change=3.834e-04, effective_ranks=(127, 19), class_paired=True
Epoch [92/100] | Loss: 3.9800 (Cls: 4.0241, TAL: -0.4690, Adv: 0.1513, OT-Reg: 0.001189) | OT inner objective: -0.0829 | Marginal residual row/col/max: 1.16e-06/1.02e-08/1.16e-06 | Train Acc: 0.5391 | Val Acc: 0.5278 | Val P/R/F1 (Macro): 0.4394/0.5556/0.4691 | LR: 0.000001
Epoch [93/100] | SVD update #93: pairs=128, sweeps=3, converged=False, rel_change=1.105e-03, effective_ranks=(127, 18), class_paired=True
Epoch [93/100] | Loss: 4.2993 (Cls: 4.3393, TAL: -0.4105, Adv: 0.1149, OT-Reg: 0.001142) | OT inner objective: -0.0941 | Marginal residual row/col/max: 1.08e-04/1.16e-08/1.08e-04 | Train Acc: 0.5703 | Val Acc: 0.6111 | Val P/R/F1 (Macro): 0.6570/0.6250/0.6118 | LR: 0.000001
Epoch [94/100] | SVD update #94: pairs=128, sweeps=3, converged=False, rel_change=7.186e-04, effective_ranks=(127, 20), class_paired=True
Epoch [94/100] | Loss: 4.3761 (Cls: 4.4161, TAL: -0.4195, Adv: 0.1288, OT-Reg: 0.001194) | OT inner objective: -0.0944 | Marginal residual row/col/max: 1.59e-05/8.38e-09/1.59e-05 | Train Acc: 0.5547 | Val Acc: 0.5000 | Val P/R/F1 (Macro): 0.5217/0.5519/0.5220 | LR: 0.000001
Epoch [95/100] | SVD update #95: pairs=128, sweeps=3, converged=False, rel_change=1.291e-03, effective_ranks=(127, 21), class_paired=True
Epoch [95/100] | Loss: 4.1508 (Cls: 4.1936, TAL: -0.4248, Adv: 0.1025, OT-Reg: 0.001185) | OT inner objective: -0.1091 | Marginal residual row/col/max: 1.89e-05/1.02e-08/1.89e-05 | Train Acc: 0.6641 | Val Acc: 0.6389 | Val P/R/F1 (Macro): 0.6815/0.7370/0.6723 | LR: 0.000001
Epoch [96/100] | SVD update #96: pairs=128, sweeps=3, converged=False, rel_change=1.442e-03, effective_ranks=(126, 21), class_paired=True
Epoch [96/100] | Loss: 4.2285 (Cls: 4.2615, TAL: -0.3582, Adv: 0.1259, OT-Reg: 0.001203) | OT inner objective: -0.1021 | Marginal residual row/col/max: 1.19e-05/9.78e-09/1.19e-05 | Train Acc: 0.5469 | Val Acc: 0.5833 | Val P/R/F1 (Macro): 0.6310/0.6954/0.6386 | LR: 0.000001
Epoch [97/100] | SVD update #97: pairs=128, sweeps=3, converged=False, rel_change=1.166e-03, effective_ranks=(127, 21), class_paired=True
Epoch [97/100] | Loss: 3.9180 (Cls: 3.9647, TAL: -0.4561, Adv: 0.1002, OT-Reg: 0.001213) | OT inner objective: -0.1150 | Marginal residual row/col/max: 1.12e-05/1.12e-08/1.12e-05 | Train Acc: 0.5938 | Val Acc: 0.6111 | Val P/R/F1 (Macro): 0.6111/0.7222/0.6361 | LR: 0.000001
Epoch [98/100] | SVD update #98: pairs=128, sweeps=3, converged=False, rel_change=1.386e-03, effective_ranks=(126, 20), class_paired=True
Epoch [98/100] | Loss: 4.1430 (Cls: 4.1757, TAL: -0.3680, Adv: 0.1431, OT-Reg: 0.001187) | OT inner objective: -0.1258 | Marginal residual row/col/max: 5.47e-06/1.40e-08/5.47e-06 | Train Acc: 0.5938 | Val Acc: 0.6389 | Val P/R/F1 (Macro): 0.6509/0.7139/0.6484 | LR: 0.000001
Epoch [99/100] | SVD update #99: pairs=128, sweeps=3, converged=False, rel_change=6.472e-04, effective_ranks=(127, 20), class_paired=True
Epoch [99/100] | Loss: 4.1364 (Cls: 4.1783, TAL: -0.4329, Adv: 0.1258, OT-Reg: 0.001217) | OT inner objective: -0.1567 | Marginal residual row/col/max: 1.58e-05/1.30e-08/1.58e-05 | Train Acc: 0.6094 | Val Acc: 0.6389 | Val P/R/F1 (Macro): 0.6439/0.7046/0.6267 | LR: 0.000001
Epoch [100/100] | SVD update #100: pairs=128, sweeps=3, converged=False, rel_change=1.490e-04, effective_ranks=(127, 20), class_paired=True
Epoch [100/100] | Loss: 4.5644 (Cls: 4.6009, TAL: -0.3738, Adv: 0.1042, OT-Reg: 0.001192) | OT inner objective: -0.1366 | Marginal residual row/col/max: 3.13e-05/1.07e-08/3.13e-05 | Train Acc: 0.5469 | Val Acc: 0.6111 | Val P/R/F1 (Macro): 0.5769/0.7139/0.5960 | LR: 0.000001
Report strategy: last_window, window=10, reported_acc=0.5806, best_acc=0.6944

迭代 2 报告指标:
  Accuracy: 0.5806
  Precision (Macro): 0.5781
  Recall (Macro): 0.6489
  F1 (Macro): 0.5807
  Precision (Micro): 0.5806
  Recall (Micro): 0.5806
  F1 (Micro): 0.5806
  Val class coverage: 9/14 (0.6429), samples=36

================================================================================
迭代 3/5
随机种子: 44
================================================================================
Training mode: full target-label supervision (class-paired batches).
Feature fusion: Tensor alignment (512+512 -> 64+64); fused_dim=128
Domain adaptation: Neural OT generator with 3-domain discriminator
Loss weights: tensor=0.12, adv=0.08
Transport: mode=sinkhorn, epsilon=0.1, Sinkhorn iterations=50, correction scale=0.1, correction regularization weight=0.001
Tensor projection update: once per epoch from the complete target-training pairing bank; projection_dim=64, max_sweeps=3, relative singular-value tolerance=0.0001
Epoch [1/100] | SVD update #1: pairs=128, sweeps=3, converged=True, rel_change=2.217e-05, effective_ranks=(127, 121), class_paired=True
Epoch [1/100] | Loss: 7.9738 (Cls: 7.9866, TAL: -0.2559, Adv: 0.2243, OT-Reg: 0.001011) | OT inner objective: 0.2670 | Marginal residual row/col/max: 1.26e-08/1.35e-08/1.54e-08 | Train Acc: 0.1250 | Val Acc: 0.0833 | Val P/R/F1 (Macro): 0.0339/0.0926/0.0471 | LR: 0.000005
  >>> New Best Val Acc: 0.0833
Epoch [2/100] | SVD update #2: pairs=128, sweeps=3, converged=True, rel_change=2.749e-05, effective_ranks=(127, 114), class_paired=True
Epoch [2/100] | Loss: 8.2704 (Cls: 8.2671, TAL: -0.0812, Adv: 0.1628, OT-Reg: 0.000936) | OT inner objective: 0.2833 | Marginal residual row/col/max: 9.31e-09/9.78e-09/1.02e-08 | Train Acc: 0.1172 | Val Acc: 0.0556 | Val P/R/F1 (Macro): 0.1173/0.0417/0.0348 | LR: 0.000005
Epoch [3/100] | SVD update #3: pairs=128, sweeps=3, converged=False, rel_change=1.519e-04, effective_ranks=(127, 69), class_paired=True
Epoch [3/100] | Loss: 8.3572 (Cls: 8.3604, TAL: -0.1645, Adv: 0.2063, OT-Reg: 0.001012) | OT inner objective: 0.2820 | Marginal residual row/col/max: 8.85e-09/1.12e-08/1.16e-08 | Train Acc: 0.1562 | Val Acc: 0.1389 | Val P/R/F1 (Macro): 0.0395/0.1574/0.0626 | LR: 0.000005
  >>> New Best Val Acc: 0.1389
Epoch [4/100] | SVD update #4: pairs=128, sweeps=3, converged=False, rel_change=3.388e-03, effective_ranks=(127, 81), class_paired=True
Epoch [4/100] | Loss: 7.6147 (Cls: 7.6263, TAL: -0.2347, Adv: 0.2076, OT-Reg: 0.000996) | OT inner objective: 0.2791 | Marginal residual row/col/max: 1.12e-08/1.12e-08/1.21e-08 | Train Acc: 0.1641 | Val Acc: 0.3056 | Val P/R/F1 (Macro): 0.3342/0.3593/0.3416 | LR: 0.000005
  >>> New Best Val Acc: 0.3056
Epoch [5/100] | SVD update #5: pairs=128, sweeps=3, converged=False, rel_change=7.347e-03, effective_ranks=(127, 67), class_paired=True
Epoch [5/100] | Loss: 7.6706 (Cls: 7.6869, TAL: -0.2700, Adv: 0.2003, OT-Reg: 0.001030) | OT inner objective: 0.2494 | Marginal residual row/col/max: 9.31e-09/1.07e-08/1.12e-08 | Train Acc: 0.1641 | Val Acc: 0.4167 | Val P/R/F1 (Macro): 0.2468/0.2833/0.2394 | LR: 0.000005
  >>> New Best Val Acc: 0.4167
Epoch [6/100] | SVD update #6: pairs=128, sweeps=3, converged=False, rel_change=8.047e-02, effective_ranks=(127, 55), class_paired=True
Epoch [6/100] | Loss: 7.5692 (Cls: 7.5599, TAL: -0.0506, Adv: 0.1930, OT-Reg: 0.000956) | OT inner objective: 0.2904 | Marginal residual row/col/max: 1.02e-08/1.07e-08/1.12e-08 | Train Acc: 0.1406 | Val Acc: 0.3611 | Val P/R/F1 (Macro): 0.2114/0.4259/0.2689 | LR: 0.000005
Epoch [7/100] | SVD update #7: pairs=128, sweeps=3, converged=False, rel_change=1.239e-02, effective_ranks=(127, 47), class_paired=True
Epoch [7/100] | Loss: 7.5770 (Cls: 7.5969, TAL: -0.2893, Adv: 0.1850, OT-Reg: 0.001118) | OT inner objective: 0.2283 | Marginal residual row/col/max: 9.78e-09/1.02e-08/1.07e-08 | Train Acc: 0.1094 | Val Acc: 0.3333 | Val P/R/F1 (Macro): 0.3574/0.3741/0.2583 | LR: 0.000005
Epoch [8/100] | SVD update #8: pairs=128, sweeps=3, converged=False, rel_change=7.442e-03, effective_ranks=(127, 45), class_paired=True
Epoch [8/100] | Loss: 7.2604 (Cls: 7.2770, TAL: -0.2575, Adv: 0.1784, OT-Reg: 0.001163) | OT inner objective: 0.1839 | Marginal residual row/col/max: 8.85e-09/1.12e-08/1.16e-08 | Train Acc: 0.1797 | Val Acc: 0.4444 | Val P/R/F1 (Macro): 0.2297/0.4444/0.2864 | LR: 0.000005
  >>> New Best Val Acc: 0.4444
Epoch [9/100] | SVD update #9: pairs=128, sweeps=3, converged=False, rel_change=9.620e-03, effective_ranks=(127, 38), class_paired=True
Epoch [9/100] | Loss: 7.0568 (Cls: 7.0688, TAL: -0.2371, Adv: 0.2060, OT-Reg: 0.001103) | OT inner objective: 0.2262 | Marginal residual row/col/max: 1.07e-08/1.02e-08/1.21e-08 | Train Acc: 0.1797 | Val Acc: 0.4167 | Val P/R/F1 (Macro): 0.3835/0.4056/0.3351 | LR: 0.000005
Epoch [10/100] | SVD update #10: pairs=128, sweeps=3, converged=False, rel_change=3.671e-02, effective_ranks=(127, 32), class_paired=True
Epoch [10/100] | Loss: 7.1712 (Cls: 7.1857, TAL: -0.2517, Adv: 0.1964, OT-Reg: 0.001069) | OT inner objective: 0.2049 | Marginal residual row/col/max: 1.02e-08/1.07e-08/1.12e-08 | Train Acc: 0.1562 | Val Acc: 0.2500 | Val P/R/F1 (Macro): 0.2389/0.2991/0.1788 | LR: 0.000005
Epoch [11/100] | SVD update #11: pairs=128, sweeps=3, converged=False, rel_change=1.053e-02, effective_ranks=(127, 32), class_paired=True
Epoch [11/100] | Loss: 7.4160 (Cls: 7.4370, TAL: -0.2818, Adv: 0.1610, OT-Reg: 0.001100) | OT inner objective: 0.1818 | Marginal residual row/col/max: 2.72e-06/1.30e-08/2.72e-06 | Train Acc: 0.1719 | Val Acc: 0.1111 | Val P/R/F1 (Macro): 0.1190/0.1704/0.0910 | LR: 0.000005
Epoch [12/100] | SVD update #12: pairs=128, sweeps=3, converged=False, rel_change=5.442e-03, effective_ranks=(127, 26), class_paired=True
Epoch [12/100] | Loss: 7.5993 (Cls: 7.6084, TAL: -0.2165, Adv: 0.2109, OT-Reg: 0.001156) | OT inner objective: 0.1586 | Marginal residual row/col/max: 1.78e-07/1.12e-08/1.78e-07 | Train Acc: 0.1797 | Val Acc: 0.1389 | Val P/R/F1 (Macro): 0.0326/0.2222/0.0552 | LR: 0.000005
Epoch [13/100] | SVD update #13: pairs=128, sweeps=3, converged=False, rel_change=1.292e-04, effective_ranks=(127, 16), class_paired=True
Epoch [13/100] | Loss: 7.2582 (Cls: 7.2858, TAL: -0.3465, Adv: 0.1750, OT-Reg: 0.001169) | OT inner objective: 0.1353 | Marginal residual row/col/max: 3.61e-07/1.12e-08/3.61e-07 | Train Acc: 0.1719 | Val Acc: 0.1389 | Val P/R/F1 (Macro): 0.1632/0.1713/0.0847 | LR: 0.000005
Epoch [14/100] | SVD update #14: pairs=128, sweeps=3, converged=False, rel_change=1.178e-04, effective_ranks=(127, 17), class_paired=True
Epoch [14/100] | Loss: 6.6666 (Cls: 6.6764, TAL: -0.1965, Adv: 0.1718, OT-Reg: 0.001198) | OT inner objective: 0.1085 | Marginal residual row/col/max: 7.04e-06/1.16e-08/7.04e-06 | Train Acc: 0.2344 | Val Acc: 0.0833 | Val P/R/F1 (Macro): 0.0413/0.1481/0.0453 | LR: 0.000005
Epoch [15/100] | SVD update #15: pairs=128, sweeps=3, converged=False, rel_change=3.745e-04, effective_ranks=(127, 19), class_paired=True
Epoch [15/100] | Loss: 6.6952 (Cls: 6.7124, TAL: -0.2777, Adv: 0.2018, OT-Reg: 0.001244) | OT inner objective: 0.0429 | Marginal residual row/col/max: 1.44e-04/1.07e-08/1.44e-04 | Train Acc: 0.2031 | Val Acc: 0.2500 | Val P/R/F1 (Macro): 0.3634/0.4120/0.3014 | LR: 0.000005
Epoch [16/100] | SVD update #16: pairs=128, sweeps=3, converged=False, rel_change=1.186e-03, effective_ranks=(127, 24), class_paired=True
Epoch [16/100] | Loss: 6.6079 (Cls: 6.6257, TAL: -0.2912, Adv: 0.2137, OT-Reg: 0.001179) | OT inner objective: 0.0017 | Marginal residual row/col/max: 2.29e-06/8.85e-09/2.29e-06 | Train Acc: 0.1797 | Val Acc: 0.2500 | Val P/R/F1 (Macro): 0.1220/0.2917/0.1439 | LR: 0.000005
Epoch [17/100] | SVD update #17: pairs=128, sweeps=3, converged=False, rel_change=4.502e-03, effective_ranks=(127, 25), class_paired=True
Epoch [17/100] | Loss: 6.6222 (Cls: 6.6385, TAL: -0.2465, Adv: 0.1656, OT-Reg: 0.001190) | OT inner objective: 0.0374 | Marginal residual row/col/max: 6.59e-06/1.12e-08/6.59e-06 | Train Acc: 0.2266 | Val Acc: 0.3056 | Val P/R/F1 (Macro): 0.2530/0.3333/0.2330 | LR: 0.000005
Epoch [18/100] | SVD update #18: pairs=128, sweeps=3, converged=False, rel_change=7.239e-03, effective_ranks=(127, 23), class_paired=True
Epoch [18/100] | Loss: 5.9471 (Cls: 5.9622, TAL: -0.2475, Adv: 0.1823, OT-Reg: 0.001170) | OT inner objective: 0.0143 | Marginal residual row/col/max: 2.54e-06/1.07e-08/2.54e-06 | Train Acc: 0.3281 | Val Acc: 0.1667 | Val P/R/F1 (Macro): 0.1151/0.2954/0.1266 | LR: 0.000005
Epoch [19/100] | SVD update #19: pairs=128, sweeps=3, converged=False, rel_change=1.430e-03, effective_ranks=(127, 20), class_paired=True
Epoch [19/100] | Loss: 6.1638 (Cls: 6.1854, TAL: -0.3022, Adv: 0.1829, OT-Reg: 0.001229) | OT inner objective: 0.0517 | Marginal residual row/col/max: 5.28e-06/9.31e-09/5.28e-06 | Train Acc: 0.3516 | Val Acc: 0.2222 | Val P/R/F1 (Macro): 0.2330/0.3556/0.1935 | LR: 0.000003
Epoch [20/100] | SVD update #20: pairs=128, sweeps=3, converged=False, rel_change=3.716e-03, effective_ranks=(127, 20), class_paired=True
Epoch [20/100] | Loss: 5.8825 (Cls: 5.9079, TAL: -0.3322, Adv: 0.1812, OT-Reg: 0.001243) | OT inner objective: -0.0563 | Marginal residual row/col/max: 5.81e-06/1.02e-08/5.81e-06 | Train Acc: 0.3594 | Val Acc: 0.2222 | Val P/R/F1 (Macro): 0.2234/0.3833/0.2114 | LR: 0.000003
Epoch [21/100] | SVD update #21: pairs=128, sweeps=3, converged=False, rel_change=1.842e-02, effective_ranks=(127, 19), class_paired=True
Epoch [21/100] | Loss: 5.9411 (Cls: 5.9534, TAL: -0.2055, Adv: 0.1543, OT-Reg: 0.001226) | OT inner objective: 0.1167 | Marginal residual row/col/max: 2.61e-08/1.16e-08/2.70e-08 | Train Acc: 0.2656 | Val Acc: 0.2778 | Val P/R/F1 (Macro): 0.4373/0.4019/0.2626 | LR: 0.000003
Epoch [22/100] | SVD update #22: pairs=128, sweeps=3, converged=False, rel_change=5.128e-03, effective_ranks=(127, 18), class_paired=True
Epoch [22/100] | Loss: 5.8504 (Cls: 5.8777, TAL: -0.3328, Adv: 0.1575, OT-Reg: 0.001280) | OT inner objective: 0.0374 | Marginal residual row/col/max: 4.86e-07/9.78e-09/4.86e-07 | Train Acc: 0.3125 | Val Acc: 0.1944 | Val P/R/F1 (Macro): 0.0805/0.2963/0.1102 | LR: 0.000003
Epoch [23/100] | SVD update #23: pairs=128, sweeps=3, converged=False, rel_change=8.470e-04, effective_ranks=(127, 17), class_paired=True
Epoch [23/100] | Loss: 6.0480 (Cls: 6.0730, TAL: -0.3208, Adv: 0.1686, OT-Reg: 0.001296) | OT inner objective: 0.0164 | Marginal residual row/col/max: 3.67e-06/9.78e-09/3.67e-06 | Train Acc: 0.3750 | Val Acc: 0.2778 | Val P/R/F1 (Macro): 0.2815/0.4463/0.2726 | LR: 0.000003
Epoch [24/100] | SVD update #24: pairs=128, sweeps=3, converged=False, rel_change=2.424e-03, effective_ranks=(126, 21), class_paired=True
Epoch [24/100] | Loss: 6.3359 (Cls: 6.3637, TAL: -0.3389, Adv: 0.1619, OT-Reg: 0.001229) | OT inner objective: -0.0044 | Marginal residual row/col/max: 4.49e-06/1.12e-08/4.49e-06 | Train Acc: 0.2578 | Val Acc: 0.2500 | Val P/R/F1 (Macro): 0.4157/0.4157/0.2273 | LR: 0.000003
Epoch [25/100] | SVD update #25: pairs=128, sweeps=3, converged=False, rel_change=3.206e-03, effective_ranks=(127, 20), class_paired=True
Epoch [25/100] | Loss: 5.8625 (Cls: 5.8853, TAL: -0.2937, Adv: 0.1550, OT-Reg: 0.001240) | OT inner objective: 0.0002 | Marginal residual row/col/max: 7.68e-08/8.85e-09/7.68e-08 | Train Acc: 0.3203 | Val Acc: 0.2778 | Val P/R/F1 (Macro): 0.3043/0.4537/0.3009 | LR: 0.000003
Epoch [26/100] | SVD update #26: pairs=128, sweeps=3, converged=False, rel_change=7.088e-03, effective_ranks=(127, 18), class_paired=True
Epoch [26/100] | Loss: 5.5535 (Cls: 5.5798, TAL: -0.3156, Adv: 0.1445, OT-Reg: 0.001269) | OT inner objective: -0.0076 | Marginal residual row/col/max: 4.15e-06/9.78e-09/4.15e-06 | Train Acc: 0.3594 | Val Acc: 0.3056 | Val P/R/F1 (Macro): 0.2844/0.4546/0.3049 | LR: 0.000003
Epoch [27/100] | SVD update #27: pairs=128, sweeps=3, converged=False, rel_change=8.141e-04, effective_ranks=(127, 17), class_paired=True
Epoch [27/100] | Loss: 5.7647 (Cls: 5.7940, TAL: -0.3342, Adv: 0.1353, OT-Reg: 0.001262) | OT inner objective: 0.0747 | Marginal residual row/col/max: 6.61e-07/1.07e-08/6.61e-07 | Train Acc: 0.3984 | Val Acc: 0.2778 | Val P/R/F1 (Macro): 0.2606/0.4444/0.2913 | LR: 0.000003
Epoch [28/100] | SVD update #28: pairs=128, sweeps=3, converged=False, rel_change=2.816e-03, effective_ranks=(127, 18), class_paired=True
Epoch [28/100] | Loss: 5.6488 (Cls: 5.6753, TAL: -0.3128, Adv: 0.1381, OT-Reg: 0.001258) | OT inner objective: 0.0491 | Marginal residual row/col/max: 1.27e-06/1.02e-08/1.27e-06 | Train Acc: 0.4219 | Val Acc: 0.3056 | Val P/R/F1 (Macro): 0.4752/0.4759/0.3840 | LR: 0.000003
Epoch [29/100] | SVD update #29: pairs=128, sweeps=3, converged=False, rel_change=1.045e-03, effective_ranks=(127, 18), class_paired=True
Epoch [29/100] | Loss: 5.8674 (Cls: 5.8942, TAL: -0.3127, Adv: 0.1343, OT-Reg: 0.001219) | OT inner objective: 0.0178 | Marginal residual row/col/max: 7.68e-06/1.44e-08/7.68e-06 | Train Acc: 0.3672 | Val Acc: 0.1944 | Val P/R/F1 (Macro): 0.1582/0.3333/0.1827 | LR: 0.000003
Epoch [30/100] | SVD update #30: pairs=128, sweeps=3, converged=False, rel_change=6.232e-04, effective_ranks=(127, 20), class_paired=True
Epoch [30/100] | Loss: 5.5641 (Cls: 5.5891, TAL: -0.2931, Adv: 0.1273, OT-Reg: 0.001294) | OT inner objective: 0.0129 | Marginal residual row/col/max: 1.62e-07/1.12e-08/1.62e-07 | Train Acc: 0.3906 | Val Acc: 0.1944 | Val P/R/F1 (Macro): 0.1677/0.3565/0.1706 | LR: 0.000001
Epoch [31/100] | SVD update #31: pairs=128, sweeps=3, converged=False, rel_change=8.125e-03, effective_ranks=(127, 22), class_paired=True
Epoch [31/100] | Loss: 5.5767 (Cls: 5.6070, TAL: -0.3571, Adv: 0.1569, OT-Reg: 0.001232) | OT inner objective: -0.0216 | Marginal residual row/col/max: 6.19e-06/1.02e-08/6.19e-06 | Train Acc: 0.3750 | Val Acc: 0.1667 | Val P/R/F1 (Macro): 0.2184/0.3194/0.1622 | LR: 0.000001
Epoch [32/100] | SVD update #32: pairs=128, sweeps=3, converged=False, rel_change=5.210e-03, effective_ranks=(127, 22), class_paired=True
Epoch [32/100] | Loss: 5.5545 (Cls: 5.5767, TAL: -0.2793, Adv: 0.1415, OT-Reg: 0.001189) | OT inner objective: 0.0488 | Marginal residual row/col/max: 2.26e-05/1.02e-08/2.26e-05 | Train Acc: 0.4219 | Val Acc: 0.4167 | Val P/R/F1 (Macro): 0.2981/0.4648/0.3310 | LR: 0.000001
Epoch [33/100] | SVD update #33: pairs=128, sweeps=3, converged=False, rel_change=1.261e-03, effective_ranks=(127, 20), class_paired=True
Epoch [33/100] | Loss: 5.4638 (Cls: 5.4949, TAL: -0.3546, Adv: 0.1431, OT-Reg: 0.001268) | OT inner objective: 0.0050 | Marginal residual row/col/max: 1.35e-06/9.31e-09/1.35e-06 | Train Acc: 0.3906 | Val Acc: 0.3056 | Val P/R/F1 (Macro): 0.2417/0.4148/0.2810 | LR: 0.000001
Epoch [34/100] | SVD update #34: pairs=128, sweeps=3, converged=False, rel_change=1.032e-03, effective_ranks=(127, 20), class_paired=True
Epoch [34/100] | Loss: 5.4542 (Cls: 5.4774, TAL: -0.3007, Adv: 0.1602, OT-Reg: 0.001240) | OT inner objective: 0.0336 | Marginal residual row/col/max: 3.75e-06/1.07e-08/3.75e-06 | Train Acc: 0.4375 | Val Acc: 0.3611 | Val P/R/F1 (Macro): 0.2338/0.4722/0.2901 | LR: 0.000001
Epoch [35/100] | SVD update #35: pairs=128, sweeps=3, converged=False, rel_change=1.697e-03, effective_ranks=(127, 20), class_paired=True
Epoch [35/100] | Loss: 5.4348 (Cls: 5.4714, TAL: -0.3921, Adv: 0.1307, OT-Reg: 0.001273) | OT inner objective: -0.0051 | Marginal residual row/col/max: 1.21e-06/9.78e-09/1.21e-06 | Train Acc: 0.3672 | Val Acc: 0.3056 | Val P/R/F1 (Macro): 0.4157/0.4389/0.2944 | LR: 0.000001
Epoch [36/100] | SVD update #36: pairs=128, sweeps=3, converged=False, rel_change=3.327e-04, effective_ranks=(127, 17), class_paired=True
Epoch [36/100] | Loss: 5.8172 (Cls: 5.8461, TAL: -0.3216, Adv: 0.1207, OT-Reg: 0.001263) | OT inner objective: 0.0272 | Marginal residual row/col/max: 6.20e-06/1.02e-08/6.20e-06 | Train Acc: 0.3594 | Val Acc: 0.3056 | Val P/R/F1 (Macro): 0.3085/0.4250/0.2861 | LR: 0.000001
Epoch [37/100] | SVD update #37: pairs=128, sweeps=3, converged=False, rel_change=3.231e-03, effective_ranks=(127, 18), class_paired=True
Epoch [37/100] | Loss: 5.5420 (Cls: 5.5759, TAL: -0.3671, Adv: 0.1278, OT-Reg: 0.001224) | OT inner objective: -0.0281 | Marginal residual row/col/max: 3.05e-06/1.16e-08/3.05e-06 | Train Acc: 0.3047 | Val Acc: 0.2778 | Val P/R/F1 (Macro): 0.3543/0.4019/0.2644 | LR: 0.000001
Epoch [38/100] | SVD update #38: pairs=128, sweeps=3, converged=False, rel_change=2.877e-03, effective_ranks=(127, 17), class_paired=True
Epoch [38/100] | Loss: 5.4926 (Cls: 5.5272, TAL: -0.3670, Adv: 0.1173, OT-Reg: 0.001247) | OT inner objective: -0.0193 | Marginal residual row/col/max: 4.27e-07/1.02e-08/4.27e-07 | Train Acc: 0.3828 | Val Acc: 0.1389 | Val P/R/F1 (Macro): 0.1526/0.2731/0.1187 | LR: 0.000001
Epoch [39/100] | SVD update #39: pairs=128, sweeps=3, converged=False, rel_change=1.959e-03, effective_ranks=(127, 17), class_paired=True
Epoch [39/100] | Loss: 5.7881 (Cls: 5.8039, TAL: -0.2362, Adv: 0.1571, OT-Reg: 0.001191) | OT inner objective: 0.0188 | Marginal residual row/col/max: 1.20e-06/1.16e-08/1.20e-06 | Train Acc: 0.3125 | Val Acc: 0.2222 | Val P/R/F1 (Macro): 0.1038/0.3704/0.1481 | LR: 0.000001
Epoch [40/100] | SVD update #40: pairs=128, sweeps=3, converged=False, rel_change=7.488e-04, effective_ranks=(127, 18), class_paired=True
Epoch [40/100] | Loss: 5.5229 (Cls: 5.5600, TAL: -0.4199, Adv: 0.1666, OT-Reg: 0.001312) | OT inner objective: -0.0053 | Marginal residual row/col/max: 1.09e-05/1.12e-08/1.09e-05 | Train Acc: 0.2969 | Val Acc: 0.2778 | Val P/R/F1 (Macro): 0.2753/0.4093/0.2476 | LR: 0.000001
Epoch [41/100] | SVD update #41: pairs=128, sweeps=3, converged=False, rel_change=6.061e-03, effective_ranks=(127, 17), class_paired=True
Epoch [41/100] | Loss: 5.4140 (Cls: 5.4297, TAL: -0.2283, Adv: 0.1457, OT-Reg: 0.001133) | OT inner objective: 0.1038 | Marginal residual row/col/max: 1.30e-04/9.31e-09/1.30e-04 | Train Acc: 0.4219 | Val Acc: 0.3611 | Val P/R/F1 (Macro): 0.3770/0.4472/0.3291 | LR: 0.000001
Epoch [42/100] | SVD update #42: pairs=128, sweeps=3, converged=False, rel_change=5.122e-03, effective_ranks=(127, 20), class_paired=True
Epoch [42/100] | Loss: 5.5769 (Cls: 5.5982, TAL: -0.2708, Adv: 0.1390, OT-Reg: 0.001268) | OT inner objective: 0.0345 | Marginal residual row/col/max: 9.06e-06/1.16e-08/9.06e-06 | Train Acc: 0.3516 | Val Acc: 0.3333 | Val P/R/F1 (Macro): 0.2611/0.3741/0.2795 | LR: 0.000001
Epoch [43/100] | SVD update #43: pairs=128, sweeps=3, converged=False, rel_change=1.689e-03, effective_ranks=(127, 18), class_paired=True
Epoch [43/100] | Loss: 5.7146 (Cls: 5.7483, TAL: -0.3586, Adv: 0.1170, OT-Reg: 0.001244) | OT inner objective: -0.0449 | Marginal residual row/col/max: 1.06e-05/8.85e-09/1.06e-05 | Train Acc: 0.3594 | Val Acc: 0.3611 | Val P/R/F1 (Macro): 0.3062/0.4889/0.3049 | LR: 0.000001
Epoch [44/100] | SVD update #44: pairs=128, sweeps=3, converged=False, rel_change=4.683e-04, effective_ranks=(126, 17), class_paired=True
Epoch [44/100] | Loss: 6.0956 (Cls: 6.1162, TAL: -0.2971, Adv: 0.1882, OT-Reg: 0.001213) | OT inner objective: 0.0446 | Marginal residual row/col/max: 3.77e-07/1.26e-08/3.77e-07 | Train Acc: 0.2500 | Val Acc: 0.1944 | Val P/R/F1 (Macro): 0.1537/0.2407/0.1638 | LR: 0.000001
Epoch [45/100] | SVD update #45: pairs=128, sweeps=3, converged=False, rel_change=1.987e-03, effective_ranks=(127, 18), class_paired=True
Epoch [45/100] | Loss: 5.6407 (Cls: 5.6637, TAL: -0.2896, Adv: 0.1460, OT-Reg: 0.001187) | OT inner objective: 0.0140 | Marginal residual row/col/max: 1.17e-04/1.07e-08/1.17e-04 | Train Acc: 0.3672 | Val Acc: 0.2778 | Val P/R/F1 (Macro): 0.3361/0.4120/0.2900 | LR: 0.000001
Epoch [46/100] | SVD update #46: pairs=128, sweeps=3, converged=False, rel_change=1.308e-03, effective_ranks=(127, 16), class_paired=True
Epoch [46/100] | Loss: 5.4538 (Cls: 5.4777, TAL: -0.2886, Adv: 0.1346, OT-Reg: 0.001208) | OT inner objective: -0.0270 | Marginal residual row/col/max: 4.40e-06/9.78e-09/4.40e-06 | Train Acc: 0.3984 | Val Acc: 0.3611 | Val P/R/F1 (Macro): 0.3526/0.4704/0.3540 | LR: 0.000001
Epoch [47/100] | SVD update #47: pairs=128, sweeps=3, converged=False, rel_change=2.044e-03, effective_ranks=(127, 18), class_paired=True
Epoch [47/100] | Loss: 5.4802 (Cls: 5.5078, TAL: -0.3225, Adv: 0.1391, OT-Reg: 0.001305) | OT inner objective: -0.0096 | Marginal residual row/col/max: 1.58e-06/1.82e-08/1.58e-06 | Train Acc: 0.3828 | Val Acc: 0.3889 | Val P/R/F1 (Macro): 0.3302/0.4815/0.3626 | LR: 0.000001
Epoch [48/100] | SVD update #48: pairs=128, sweeps=3, converged=False, rel_change=3.504e-03, effective_ranks=(127, 18), class_paired=True
Epoch [48/100] | Loss: 5.3655 (Cls: 5.4032, TAL: -0.3961, Adv: 0.1232, OT-Reg: 0.001231) | OT inner objective: -0.0189 | Marginal residual row/col/max: 9.17e-06/1.02e-08/9.17e-06 | Train Acc: 0.3438 | Val Acc: 0.4444 | Val P/R/F1 (Macro): 0.3300/0.5213/0.3969 | LR: 0.000001
Epoch [49/100] | SVD update #49: pairs=128, sweeps=3, converged=False, rel_change=6.055e-04, effective_ranks=(127, 20), class_paired=True
Epoch [49/100] | Loss: 5.6940 (Cls: 5.7266, TAL: -0.3399, Adv: 0.1024, OT-Reg: 0.001224) | OT inner objective: -0.0252 | Marginal residual row/col/max: 1.54e-04/1.02e-08/1.54e-04 | Train Acc: 0.3203 | Val Acc: 0.2500 | Val P/R/F1 (Macro): 0.1618/0.2824/0.1843 | LR: 0.000001
Epoch [50/100] | SVD update #50: pairs=128, sweeps=3, converged=False, rel_change=7.974e-04, effective_ranks=(127, 17), class_paired=True
Epoch [50/100] | Loss: 5.8640 (Cls: 5.8922, TAL: -0.3030, Adv: 0.1025, OT-Reg: 0.001214) | OT inner objective: 0.0293 | Marginal residual row/col/max: 6.30e-07/1.35e-08/6.30e-07 | Train Acc: 0.2891 | Val Acc: 0.5000 | Val P/R/F1 (Macro): 0.3828/0.4602/0.3915 | LR: 0.000001
  >>> New Best Val Acc: 0.5000
Epoch [51/100] | SVD update #51: pairs=128, sweeps=3, converged=False, rel_change=6.788e-04, effective_ranks=(127, 19), class_paired=True
Epoch [51/100] | Loss: 5.6073 (Cls: 5.6373, TAL: -0.3351, Adv: 0.1275, OT-Reg: 0.001176) | OT inner objective: 0.0156 | Marginal residual row/col/max: 5.26e-06/1.12e-08/5.26e-06 | Train Acc: 0.3594 | Val Acc: 0.2778 | Val P/R/F1 (Macro): 0.3037/0.3037/0.2410 | LR: 0.000001
Epoch [52/100] | SVD update #52: pairs=128, sweeps=3, converged=False, rel_change=8.691e-04, effective_ranks=(127, 19), class_paired=True
Epoch [52/100] | Loss: 5.6180 (Cls: 5.6440, TAL: -0.2996, Adv: 0.1236, OT-Reg: 0.001219) | OT inner objective: 0.0013 | Marginal residual row/col/max: 1.19e-06/1.07e-08/1.19e-06 | Train Acc: 0.3359 | Val Acc: 0.2222 | Val P/R/F1 (Macro): 0.2262/0.2731/0.1787 | LR: 0.000001
Epoch [53/100] | SVD update #53: pairs=128, sweeps=3, converged=False, rel_change=1.830e-04, effective_ranks=(127, 20), class_paired=True
Epoch [53/100] | Loss: 5.6878 (Cls: 5.7321, TAL: -0.4560, Adv: 0.1294, OT-Reg: 0.001234) | OT inner objective: 0.0217 | Marginal residual row/col/max: 2.01e-06/1.16e-08/2.01e-06 | Train Acc: 0.4062 | Val Acc: 0.2778 | Val P/R/F1 (Macro): 0.3742/0.4111/0.3766 | LR: 0.000001
Epoch [54/100] | SVD update #54: pairs=128, sweeps=3, converged=False, rel_change=1.067e-03, effective_ranks=(127, 17), class_paired=True
Epoch [54/100] | Loss: 5.7185 (Cls: 5.7424, TAL: -0.2759, Adv: 0.1153, OT-Reg: 0.001211) | OT inner objective: 0.0345 | Marginal residual row/col/max: 1.56e-06/1.16e-08/1.56e-06 | Train Acc: 0.3516 | Val Acc: 0.3333 | Val P/R/F1 (Macro): 0.3478/0.4676/0.3646 | LR: 0.000001
Epoch [55/100] | SVD update #55: pairs=128, sweeps=3, converged=False, rel_change=2.579e-03, effective_ranks=(127, 19), class_paired=True
Epoch [55/100] | Loss: 5.3563 (Cls: 5.3891, TAL: -0.3531, Adv: 0.1201, OT-Reg: 0.001229) | OT inner objective: -0.0292 | Marginal residual row/col/max: 4.51e-06/9.78e-09/4.51e-06 | Train Acc: 0.3828 | Val Acc: 0.3611 | Val P/R/F1 (Macro): 0.3753/0.5130/0.3862 | LR: 0.000001
Epoch [56/100] | SVD update #56: pairs=128, sweeps=3, converged=False, rel_change=1.851e-03, effective_ranks=(127, 18), class_paired=True
Epoch [56/100] | Loss: 5.5898 (Cls: 5.6214, TAL: -0.3361, Adv: 0.1083, OT-Reg: 0.001228) | OT inner objective: 0.0118 | Marginal residual row/col/max: 8.90e-07/1.16e-08/8.90e-07 | Train Acc: 0.3750 | Val Acc: 0.1667 | Val P/R/F1 (Macro): 0.1234/0.3148/0.1622 | LR: 0.000001
Epoch [57/100] | SVD update #57: pairs=128, sweeps=3, converged=False, rel_change=4.906e-04, effective_ranks=(127, 19), class_paired=True
Epoch [57/100] | Loss: 5.4034 (Cls: 5.4351, TAL: -0.3363, Adv: 0.1080, OT-Reg: 0.001255) | OT inner objective: 0.0416 | Marginal residual row/col/max: 4.42e-06/1.16e-08/4.42e-06 | Train Acc: 0.3359 | Val Acc: 0.3333 | Val P/R/F1 (Macro): 0.4167/0.3741/0.3335 | LR: 0.000001
Epoch [58/100] | SVD update #58: pairs=128, sweeps=3, converged=False, rel_change=9.039e-04, effective_ranks=(127, 18), class_paired=True
Epoch [58/100] | Loss: 5.6185 (Cls: 5.6467, TAL: -0.3095, Adv: 0.1120, OT-Reg: 0.001286) | OT inner objective: -0.0470 | Marginal residual row/col/max: 9.75e-06/1.07e-08/9.75e-06 | Train Acc: 0.4297 | Val Acc: 0.3056 | Val P/R/F1 (Macro): 0.2700/0.3361/0.2522 | LR: 0.000001
Epoch [59/100] | SVD update #59: pairs=128, sweeps=3, converged=False, rel_change=4.717e-04, effective_ranks=(127, 20), class_paired=True
Epoch [59/100] | Loss: 5.2066 (Cls: 5.2331, TAL: -0.2981, Adv: 0.1162, OT-Reg: 0.001238) | OT inner objective: -0.0243 | Marginal residual row/col/max: 8.86e-06/1.02e-08/8.86e-06 | Train Acc: 0.4375 | Val Acc: 0.3056 | Val P/R/F1 (Macro): 0.2688/0.4574/0.2863 | LR: 0.000001
Epoch [60/100] | SVD update #60: pairs=128, sweeps=3, converged=False, rel_change=3.598e-03, effective_ranks=(127, 19), class_paired=True
Epoch [60/100] | Loss: 5.1103 (Cls: 5.1363, TAL: -0.2838, Adv: 0.1006, OT-Reg: 0.001275) | OT inner objective: -0.0657 | Marginal residual row/col/max: 2.88e-05/1.40e-08/2.88e-05 | Train Acc: 0.4375 | Val Acc: 0.3889 | Val P/R/F1 (Macro): 0.4398/0.4861/0.4207 | LR: 0.000001
Epoch [61/100] | SVD update #61: pairs=128, sweeps=3, converged=False, rel_change=1.782e-03, effective_ranks=(127, 19), class_paired=True
Epoch [61/100] | Loss: 5.2923 (Cls: 5.3209, TAL: -0.3149, Adv: 0.1145, OT-Reg: 0.001231) | OT inner objective: -0.0474 | Marginal residual row/col/max: 5.20e-06/1.07e-08/5.20e-06 | Train Acc: 0.4297 | Val Acc: 0.2778 | Val P/R/F1 (Macro): 0.2835/0.4120/0.3089 | LR: 0.000001
Epoch [62/100] | SVD update #62: pairs=128, sweeps=3, converged=False, rel_change=6.756e-04, effective_ranks=(127, 21), class_paired=True
Epoch [62/100] | Loss: 5.0619 (Cls: 5.0969, TAL: -0.3857, Adv: 0.1413, OT-Reg: 0.001326) | OT inner objective: -0.0304 | Marginal residual row/col/max: 2.94e-05/1.02e-08/2.94e-05 | Train Acc: 0.4453 | Val Acc: 0.3889 | Val P/R/F1 (Macro): 0.2963/0.4046/0.3132 | LR: 0.000001
Epoch [63/100] | SVD update #63: pairs=128, sweeps=3, converged=False, rel_change=2.178e-03, effective_ranks=(127, 21), class_paired=True
Epoch [63/100] | Loss: 5.1767 (Cls: 5.2087, TAL: -0.3691, Adv: 0.1536, OT-Reg: 0.001226) | OT inner objective: -0.0401 | Marginal residual row/col/max: 6.47e-06/1.16e-08/6.47e-06 | Train Acc: 0.4297 | Val Acc: 0.3333 | Val P/R/F1 (Macro): 0.2729/0.3278/0.2636 | LR: 0.000001
Epoch [64/100] | SVD update #64: pairs=128, sweeps=3, converged=False, rel_change=7.973e-04, effective_ranks=(127, 22), class_paired=True
Epoch [64/100] | Loss: 5.2488 (Cls: 5.2869, TAL: -0.3809, Adv: 0.0958, OT-Reg: 0.001280) | OT inner objective: -0.0623 | Marginal residual row/col/max: 1.62e-06/1.21e-08/1.62e-06 | Train Acc: 0.5000 | Val Acc: 0.3889 | Val P/R/F1 (Macro): 0.2920/0.3778/0.3029 | LR: 0.000001
Epoch [65/100] | SVD update #65: pairs=128, sweeps=3, converged=False, rel_change=1.206e-03, effective_ranks=(127, 21), class_paired=True
Epoch [65/100] | Loss: 5.4853 (Cls: 5.5121, TAL: -0.3296, Adv: 0.1586, OT-Reg: 0.001259) | OT inner objective: -0.0128 | Marginal residual row/col/max: 9.52e-07/1.02e-08/9.52e-07 | Train Acc: 0.3359 | Val Acc: 0.3056 | Val P/R/F1 (Macro): 0.2454/0.3519/0.2601 | LR: 0.000001
Epoch [66/100] | SVD update #66: pairs=128, sweeps=3, converged=False, rel_change=3.338e-03, effective_ranks=(127, 22), class_paired=True
Epoch [66/100] | Loss: 5.7641 (Cls: 5.7893, TAL: -0.3139, Adv: 0.1562, OT-Reg: 0.001157) | OT inner objective: 0.0151 | Marginal residual row/col/max: 3.06e-06/1.12e-08/3.06e-06 | Train Acc: 0.3594 | Val Acc: 0.2222 | Val P/R/F1 (Macro): 0.1389/0.3074/0.1822 | LR: 0.000001
Epoch [67/100] | SVD update #67: pairs=128, sweeps=3, converged=False, rel_change=1.343e-03, effective_ranks=(127, 22), class_paired=True
Epoch [67/100] | Loss: 5.7018 (Cls: 5.7318, TAL: -0.3487, Adv: 0.1481, OT-Reg: 0.001306) | OT inner objective: 0.0400 | Marginal residual row/col/max: 1.32e-07/9.78e-09/1.32e-07 | Train Acc: 0.3984 | Val Acc: 0.2500 | Val P/R/F1 (Macro): 0.1907/0.4167/0.2388 | LR: 0.000001
Epoch [68/100] | SVD update #68: pairs=128, sweeps=3, converged=False, rel_change=3.536e-04, effective_ranks=(127, 22), class_paired=True
Epoch [68/100] | Loss: 5.6140 (Cls: 5.6477, TAL: -0.3535, Adv: 0.1089, OT-Reg: 0.001228) | OT inner objective: 0.0447 | Marginal residual row/col/max: 2.54e-06/1.30e-08/2.54e-06 | Train Acc: 0.3047 | Val Acc: 0.3611 | Val P/R/F1 (Macro): 0.2426/0.4907/0.3123 | LR: 0.000001
Epoch [69/100] | SVD update #69: pairs=128, sweeps=3, converged=False, rel_change=4.072e-03, effective_ranks=(126, 22), class_paired=True
Epoch [69/100] | Loss: 5.5842 (Cls: 5.6185, TAL: -0.3832, Adv: 0.1453, OT-Reg: 0.001265) | OT inner objective: -0.0126 | Marginal residual row/col/max: 2.50e-05/1.12e-08/2.50e-05 | Train Acc: 0.3125 | Val Acc: 0.2778 | Val P/R/F1 (Macro): 0.2556/0.3981/0.2842 | LR: 0.000001
Epoch [70/100] | SVD update #70: pairs=128, sweeps=3, converged=False, rel_change=2.533e-03, effective_ranks=(127, 22), class_paired=True
Epoch [70/100] | Loss: 5.8366 (Cls: 5.8746, TAL: -0.3868, Adv: 0.1056, OT-Reg: 0.001195) | OT inner objective: 0.0460 | Marginal residual row/col/max: 8.41e-06/1.26e-08/8.41e-06 | Train Acc: 0.3047 | Val Acc: 0.2778 | Val P/R/F1 (Macro): 0.3622/0.4019/0.2780 | LR: 0.000001
Epoch [71/100] | SVD update #71: pairs=128, sweeps=3, converged=False, rel_change=1.953e-03, effective_ranks=(127, 23), class_paired=True
Epoch [71/100] | Loss: 5.6838 (Cls: 5.7176, TAL: -0.3523, Adv: 0.1053, OT-Reg: 0.001213) | OT inner objective: 0.0151 | Marginal residual row/col/max: 3.77e-06/1.02e-08/3.78e-06 | Train Acc: 0.2891 | Val Acc: 0.3056 | Val P/R/F1 (Macro): 0.2683/0.3046/0.2509 | LR: 0.000001
Epoch [72/100] | SVD update #72: pairs=128, sweeps=3, converged=False, rel_change=9.595e-03, effective_ranks=(127, 21), class_paired=True
Epoch [72/100] | Loss: 6.1499 (Cls: 6.1684, TAL: -0.2371, Adv: 0.1240, OT-Reg: 0.001185) | OT inner objective: -0.0375 | Marginal residual row/col/max: 4.51e-05/1.12e-08/4.51e-05 | Train Acc: 0.3203 | Val Acc: 0.3611 | Val P/R/F1 (Macro): 0.3585/0.4528/0.3177 | LR: 0.000001
Epoch [73/100] | SVD update #73: pairs=128, sweeps=3, converged=False, rel_change=2.090e-03, effective_ranks=(127, 21), class_paired=True
Epoch [73/100] | Loss: 6.0187 (Cls: 6.0368, TAL: -0.2431, Adv: 0.1375, OT-Reg: 0.001144) | OT inner objective: 0.0441 | Marginal residual row/col/max: 1.26e-05/1.12e-08/1.26e-05 | Train Acc: 0.2656 | Val Acc: 0.2222 | Val P/R/F1 (Macro): 0.1918/0.2722/0.1873 | LR: 0.000001
Epoch [74/100] | SVD update #74: pairs=128, sweeps=3, converged=False, rel_change=3.346e-03, effective_ranks=(127, 20), class_paired=True
Epoch [74/100] | Loss: 5.9365 (Cls: 5.9595, TAL: -0.2851, Adv: 0.1411, OT-Reg: 0.001264) | OT inner objective: 0.0453 | Marginal residual row/col/max: 4.08e-06/8.85e-09/4.08e-06 | Train Acc: 0.3047 | Val Acc: 0.3333 | Val P/R/F1 (Macro): 0.2497/0.3139/0.2489 | LR: 0.000001
Epoch [75/100] | SVD update #75: pairs=128, sweeps=3, converged=False, rel_change=8.991e-04, effective_ranks=(127, 19), class_paired=True
Epoch [75/100] | Loss: 6.3894 (Cls: 6.4150, TAL: -0.2930, Adv: 0.1193, OT-Reg: 0.001189) | OT inner objective: -0.0138 | Marginal residual row/col/max: 6.85e-07/9.78e-09/6.85e-07 | Train Acc: 0.2969 | Val Acc: 0.1944 | Val P/R/F1 (Macro): 0.1892/0.3426/0.1883 | LR: 0.000001
Epoch [76/100] | SVD update #76: pairs=128, sweeps=3, converged=False, rel_change=7.738e-03, effective_ranks=(127, 20), class_paired=True
Epoch [76/100] | Loss: 6.1466 (Cls: 6.1729, TAL: -0.3091, Adv: 0.1354, OT-Reg: 0.001268) | OT inner objective: -0.0048 | Marginal residual row/col/max: 3.41e-05/1.02e-08/3.41e-05 | Train Acc: 0.2578 | Val Acc: 0.1944 | Val P/R/F1 (Macro): 0.1500/0.2481/0.1630 | LR: 0.000001
Epoch [77/100] | SVD update #77: pairs=128, sweeps=3, converged=False, rel_change=9.858e-03, effective_ranks=(127, 20), class_paired=True
Epoch [77/100] | Loss: 5.8529 (Cls: 5.8797, TAL: -0.3150, Adv: 0.1366, OT-Reg: 0.001323) | OT inner objective: -0.0474 | Marginal residual row/col/max: 6.91e-05/1.02e-08/6.91e-05 | Train Acc: 0.3203 | Val Acc: 0.1944 | Val P/R/F1 (Macro): 0.2180/0.2444/0.1698 | LR: 0.000001
Epoch [78/100] | SVD update #78: pairs=128, sweeps=3, converged=False, rel_change=8.648e-03, effective_ranks=(127, 21), class_paired=True
Epoch [78/100] | Loss: 5.6301 (Cls: 5.6570, TAL: -0.3129, Adv: 0.1326, OT-Reg: 0.001145) | OT inner objective: 0.0048 | Marginal residual row/col/max: 1.07e-04/1.07e-08/1.07e-04 | Train Acc: 0.3906 | Val Acc: 0.2222 | Val P/R/F1 (Macro): 0.2222/0.3611/0.2116 | LR: 0.000001
Epoch [79/100] | SVD update #79: pairs=128, sweeps=3, converged=False, rel_change=1.771e-03, effective_ranks=(127, 21), class_paired=True
Epoch [79/100] | Loss: 6.1286 (Cls: 6.1607, TAL: -0.3495, Adv: 0.1231, OT-Reg: 0.001276) | OT inner objective: -0.0302 | Marginal residual row/col/max: 1.77e-05/1.02e-08/1.77e-05 | Train Acc: 0.2188 | Val Acc: 0.1944 | Val P/R/F1 (Macro): 0.1574/0.2250/0.1614 | LR: 0.000001
Epoch [80/100] | SVD update #80: pairs=128, sweeps=3, converged=False, rel_change=4.263e-03, effective_ranks=(127, 20), class_paired=True
Epoch [80/100] | Loss: 5.6260 (Cls: 5.6620, TAL: -0.3815, Adv: 0.1215, OT-Reg: 0.001205) | OT inner objective: -0.0072 | Marginal residual row/col/max: 5.78e-07/9.78e-09/5.78e-07 | Train Acc: 0.2812 | Val Acc: 0.2778 | Val P/R/F1 (Macro): 0.2037/0.2750/0.2193 | LR: 0.000001
Epoch [81/100] | SVD update #81: pairs=128, sweeps=3, converged=False, rel_change=2.021e-02, effective_ranks=(127, 20), class_paired=True
Epoch [81/100] | Loss: 6.0516 (Cls: 6.0780, TAL: -0.3017, Adv: 0.1224, OT-Reg: 0.001230) | OT inner objective: 0.0232 | Marginal residual row/col/max: 6.35e-06/1.02e-08/6.35e-06 | Train Acc: 0.3125 | Val Acc: 0.1944 | Val P/R/F1 (Macro): 0.1627/0.3407/0.1753 | LR: 0.000001
Epoch [82/100] | SVD update #82: pairs=128, sweeps=3, converged=False, rel_change=1.726e-02, effective_ranks=(127, 21), class_paired=True
Epoch [82/100] | Loss: 5.8068 (Cls: 5.8366, TAL: -0.3289, Adv: 0.1212, OT-Reg: 0.001139) | OT inner objective: 0.0421 | Marginal residual row/col/max: 1.01e-04/1.35e-08/1.01e-04 | Train Acc: 0.2891 | Val Acc: 0.1667 | Val P/R/F1 (Macro): 0.1222/0.2407/0.1458 | LR: 0.000001
Epoch [83/100] | SVD update #83: pairs=128, sweeps=3, converged=False, rel_change=2.392e-03, effective_ranks=(127, 20), class_paired=True
Epoch [83/100] | Loss: 5.5805 (Cls: 5.6113, TAL: -0.3525, Adv: 0.1437, OT-Reg: 0.001233) | OT inner objective: 0.0001 | Marginal residual row/col/max: 2.06e-05/1.30e-08/2.06e-05 | Train Acc: 0.3594 | Val Acc: 0.1944 | Val P/R/F1 (Macro): 0.2381/0.3426/0.1929 | LR: 0.000001
Epoch [84/100] | SVD update #84: pairs=128, sweeps=3, converged=False, rel_change=4.467e-03, effective_ranks=(127, 20), class_paired=True
Epoch [84/100] | Loss: 5.5734 (Cls: 5.6012, TAL: -0.3134, Adv: 0.1227, OT-Reg: 0.001220) | OT inner objective: 0.0467 | Marginal residual row/col/max: 4.85e-06/8.38e-09/4.85e-06 | Train Acc: 0.3828 | Val Acc: 0.2778 | Val P/R/F1 (Macro): 0.2753/0.3787/0.2118 | LR: 0.000001
Epoch [85/100] | SVD update #85: pairs=128, sweeps=3, converged=False, rel_change=3.904e-03, effective_ranks=(126, 18), class_paired=True
Epoch [85/100] | Loss: 5.6104 (Cls: 5.6455, TAL: -0.3586, Adv: 0.0999, OT-Reg: 0.001204) | OT inner objective: -0.0130 | Marginal residual row/col/max: 2.12e-05/9.78e-09/2.12e-05 | Train Acc: 0.2891 | Val Acc: 0.2500 | Val P/R/F1 (Macro): 0.3399/0.3741/0.2265 | LR: 0.000001
Epoch [86/100] | SVD update #86: pairs=128, sweeps=3, converged=False, rel_change=1.187e-04, effective_ranks=(127, 19), class_paired=True
Epoch [86/100] | Loss: 5.4892 (Cls: 5.5221, TAL: -0.3670, Adv: 0.1385, OT-Reg: 0.001182) | OT inner objective: 0.0036 | Marginal residual row/col/max: 8.96e-05/1.16e-08/8.96e-05 | Train Acc: 0.3125 | Val Acc: 0.3611 | Val P/R/F1 (Macro): 0.3159/0.3824/0.3007 | LR: 0.000001
Epoch [87/100] | SVD update #87: pairs=128, sweeps=3, converged=False, rel_change=3.104e-03, effective_ranks=(127, 20), class_paired=True
Epoch [87/100] | Loss: 5.6754 (Cls: 5.6983, TAL: -0.2866, Adv: 0.1436, OT-Reg: 0.001244) | OT inner objective: -0.0304 | Marginal residual row/col/max: 4.92e-06/9.31e-09/4.92e-06 | Train Acc: 0.3281 | Val Acc: 0.1667 | Val P/R/F1 (Macro): 0.1667/0.2306/0.1609 | LR: 0.000001
Epoch [88/100] | SVD update #88: pairs=128, sweeps=3, converged=False, rel_change=4.419e-03, effective_ranks=(127, 19), class_paired=True
Epoch [88/100] | Loss: 5.3834 (Cls: 5.4094, TAL: -0.3014, Adv: 0.1266, OT-Reg: 0.001130) | OT inner objective: 0.0663 | Marginal residual row/col/max: 1.43e-04/1.07e-08/1.43e-04 | Train Acc: 0.4453 | Val Acc: 0.2778 | Val P/R/F1 (Macro): 0.1790/0.4259/0.2338 | LR: 0.000001
Epoch [89/100] | SVD update #89: pairs=128, sweeps=3, converged=False, rel_change=1.555e-03, effective_ranks=(127, 19), class_paired=True
Epoch [89/100] | Loss: 5.6021 (Cls: 5.6244, TAL: -0.2452, Adv: 0.0891, OT-Reg: 0.001177) | OT inner objective: 0.0194 | Marginal residual row/col/max: 3.22e-05/1.16e-08/3.22e-05 | Train Acc: 0.2969 | Val Acc: 0.2222 | Val P/R/F1 (Macro): 0.1956/0.3741/0.2042 | LR: 0.000001
Epoch [90/100] | SVD update #90: pairs=128, sweeps=3, converged=False, rel_change=2.182e-03, effective_ranks=(127, 18), class_paired=True
Epoch [90/100] | Loss: 5.8933 (Cls: 5.9133, TAL: -0.2614, Adv: 0.1421, OT-Reg: 0.001136) | OT inner objective: 0.0729 | Marginal residual row/col/max: 4.85e-05/1.49e-08/4.85e-05 | Train Acc: 0.3281 | Val Acc: 0.2500 | Val P/R/F1 (Macro): 0.1958/0.3185/0.2139 | LR: 0.000001
Epoch [91/100] | SVD update #91: pairs=128, sweeps=3, converged=False, rel_change=2.962e-03, effective_ranks=(127, 21), class_paired=True
Epoch [91/100] | Loss: 5.5126 (Cls: 5.5457, TAL: -0.3638, Adv: 0.1318, OT-Reg: 0.001178) | OT inner objective: 0.0096 | Marginal residual row/col/max: 1.23e-06/8.38e-09/1.23e-06 | Train Acc: 0.3516 | Val Acc: 0.2222 | Val P/R/F1 (Macro): 0.1817/0.3741/0.1964 | LR: 0.000001
Epoch [92/100] | SVD update #92: pairs=128, sweeps=3, converged=False, rel_change=2.369e-03, effective_ranks=(127, 21), class_paired=True
Epoch [92/100] | Loss: 5.5400 (Cls: 5.5600, TAL: -0.2620, Adv: 0.1428, OT-Reg: 0.001189) | OT inner objective: 0.0053 | Marginal residual row/col/max: 3.05e-05/9.78e-09/3.05e-05 | Train Acc: 0.3516 | Val Acc: 0.1944 | Val P/R/F1 (Macro): 0.1140/0.3426/0.1536 | LR: 0.000001
Epoch [93/100] | SVD update #93: pairs=128, sweeps=3, converged=False, rel_change=7.467e-04, effective_ranks=(127, 21), class_paired=True
Epoch [93/100] | Loss: 5.7350 (Cls: 5.7618, TAL: -0.3381, Adv: 0.1719, OT-Reg: 0.001226) | OT inner objective: 0.0189 | Marginal residual row/col/max: 7.68e-06/1.02e-08/7.68e-06 | Train Acc: 0.3359 | Val Acc: 0.3056 | Val P/R/F1 (Macro): 0.3833/0.4426/0.3341 | LR: 0.000001
Epoch [94/100] | SVD update #94: pairs=128, sweeps=3, converged=False, rel_change=4.531e-03, effective_ranks=(127, 22), class_paired=True
Epoch [94/100] | Loss: 5.8488 (Cls: 5.8746, TAL: -0.3391, Adv: 0.1865, OT-Reg: 0.001194) | OT inner objective: 0.0088 | Marginal residual row/col/max: 3.80e-05/1.02e-08/3.80e-05 | Train Acc: 0.2656 | Val Acc: 0.3611 | Val P/R/F1 (Macro): 0.3327/0.3787/0.3023 | LR: 0.000001
Epoch [95/100] | SVD update #95: pairs=128, sweeps=3, converged=False, rel_change=3.746e-03, effective_ranks=(127, 19), class_paired=True
Epoch [95/100] | Loss: 5.7939 (Cls: 5.8253, TAL: -0.3201, Adv: 0.0874, OT-Reg: 0.001224) | OT inner objective: 0.0160 | Marginal residual row/col/max: 7.51e-06/1.30e-08/7.51e-06 | Train Acc: 0.2969 | Val Acc: 0.2500 | Val P/R/F1 (Macro): 0.2565/0.3843/0.2208 | LR: 0.000001
Epoch [96/100] | SVD update #96: pairs=128, sweeps=3, converged=False, rel_change=1.510e-03, effective_ranks=(127, 19), class_paired=True
Epoch [96/100] | Loss: 5.4428 (Cls: 5.4666, TAL: -0.2564, Adv: 0.0871, OT-Reg: 0.001171) | OT inner objective: 0.0219 | Marginal residual row/col/max: 3.07e-06/1.16e-08/3.07e-06 | Train Acc: 0.3359 | Val Acc: 0.2500 | Val P/R/F1 (Macro): 0.1961/0.3093/0.2225 | LR: 0.000001
Epoch [97/100] | SVD update #97: pairs=128, sweeps=3, converged=False, rel_change=2.519e-03, effective_ranks=(127, 19), class_paired=True
Epoch [97/100] | Loss: 6.1754 (Cls: 6.2012, TAL: -0.2899, Adv: 0.1124, OT-Reg: 0.001181) | OT inner objective: 0.0811 | Marginal residual row/col/max: 5.06e-05/1.16e-08/5.06e-05 | Train Acc: 0.2578 | Val Acc: 0.3056 | Val P/R/F1 (Macro): 0.2159/0.4537/0.2616 | LR: 0.000001
Epoch [98/100] | SVD update #98: pairs=128, sweeps=3, converged=False, rel_change=2.355e-03, effective_ranks=(127, 21), class_paired=True
Epoch [98/100] | Loss: 5.6335 (Cls: 5.6576, TAL: -0.2941, Adv: 0.1402, OT-Reg: 0.001133) | OT inner objective: 0.0690 | Marginal residual row/col/max: 8.91e-05/8.85e-09/8.91e-05 | Train Acc: 0.4062 | Val Acc: 0.2222 | Val P/R/F1 (Macro): 0.1679/0.2639/0.1685 | LR: 0.000001
Epoch [99/100] | SVD update #99: pairs=128, sweeps=3, converged=False, rel_change=3.246e-03, effective_ranks=(127, 19), class_paired=True
Epoch [99/100] | Loss: 5.5060 (Cls: 5.5368, TAL: -0.3376, Adv: 0.1224, OT-Reg: 0.001237) | OT inner objective: 0.0209 | Marginal residual row/col/max: 2.12e-06/1.16e-08/2.12e-06 | Train Acc: 0.3203 | Val Acc: 0.2778 | Val P/R/F1 (Macro): 0.2444/0.4093/0.2488 | LR: 0.000001
Epoch [100/100] | SVD update #100: pairs=128, sweeps=3, converged=False, rel_change=3.885e-03, effective_ranks=(127, 20), class_paired=True
Epoch [100/100] | Loss: 5.0596 (Cls: 5.1000, TAL: -0.4107, Adv: 0.1116, OT-Reg: 0.001169) | OT inner objective: 0.0080 | Marginal residual row/col/max: 2.75e-05/1.30e-08/2.75e-05 | Train Acc: 0.4453 | Val Acc: 0.3056 | Val P/R/F1 (Macro): 0.1643/0.4259/0.2253 | LR: 0.000001
Report strategy: last_window, window=10, reported_acc=0.2694, best_acc=0.5000

迭代 3 报告指标:
  Accuracy: 0.2694
  Precision (Macro): 0.2257
  Recall (Macro): 0.3784
  F1 (Macro): 0.2334
  Precision (Micro): 0.2694
  Recall (Micro): 0.2694
  F1 (Micro): 0.2694
  Val class coverage: 9/14 (0.6429), samples=36

================================================================================
迭代 4/5
随机种子: 45
================================================================================
Training mode: full target-label supervision (class-paired batches).
Feature fusion: Tensor alignment (512+512 -> 64+64); fused_dim=128
Domain adaptation: Neural OT generator with 3-domain discriminator
Loss weights: tensor=0.12, adv=0.08
Transport: mode=sinkhorn, epsilon=0.1, Sinkhorn iterations=50, correction scale=0.1, correction regularization weight=0.001
Tensor projection update: once per epoch from the complete target-training pairing bank; projection_dim=64, max_sweeps=3, relative singular-value tolerance=0.0001
Epoch [1/100] | SVD update #1: pairs=128, sweeps=3, converged=False, rel_change=1.199e-02, effective_ranks=(127, 112), class_paired=True
Epoch [1/100] | Loss: 8.7565 (Cls: 8.7487, TAL: -0.1320, Adv: 0.2951, OT-Reg: 0.001137) | OT inner objective: 0.2560 | Marginal residual row/col/max: 9.78e-09/1.16e-08/1.26e-08 | Train Acc: 0.1016 | Val Acc: 0.0833 | Val P/R/F1 (Macro): 0.1540/0.1528/0.0758 | LR: 0.000005
  >>> New Best Val Acc: 0.0833
Epoch [2/100] | SVD update #2: pairs=128, sweeps=3, converged=True, rel_change=6.011e-05, effective_ranks=(127, 103), class_paired=True
Epoch [2/100] | Loss: 9.0144 (Cls: 9.0088, TAL: -0.1327, Adv: 0.2685, OT-Reg: 0.000806) | OT inner objective: 0.2599 | Marginal residual row/col/max: 1.02e-08/2.61e-08/2.61e-08 | Train Acc: 0.1172 | Val Acc: 0.3056 | Val P/R/F1 (Macro): 0.2721/0.2806/0.1997 | LR: 0.000005
  >>> New Best Val Acc: 0.3056
Epoch [3/100] | SVD update #3: pairs=128, sweeps=3, converged=False, rel_change=1.046e-01, effective_ranks=(127, 76), class_paired=True
Epoch [3/100] | Loss: 8.1887 (Cls: 8.1806, TAL: -0.0798, Adv: 0.2204, OT-Reg: 0.001004) | OT inner objective: 0.2322 | Marginal residual row/col/max: 8.85e-09/1.30e-08/1.30e-08 | Train Acc: 0.1328 | Val Acc: 0.2778 | Val P/R/F1 (Macro): 0.1730/0.2361/0.1867 | LR: 0.000005
Epoch [4/100] | SVD update #4: pairs=128, sweeps=3, converged=False, rel_change=7.309e-03, effective_ranks=(127, 88), class_paired=True
Epoch [4/100] | Loss: 8.1330 (Cls: 8.1325, TAL: -0.1454, Adv: 0.2239, OT-Reg: 0.001022) | OT inner objective: 0.2778 | Marginal residual row/col/max: 1.30e-08/1.21e-08/1.40e-08 | Train Acc: 0.1484 | Val Acc: 0.1944 | Val P/R/F1 (Macro): 0.1556/0.2500/0.1653 | LR: 0.000005
Epoch [5/100] | SVD update #5: pairs=128, sweeps=3, converged=False, rel_change=1.048e-01, effective_ranks=(127, 77), class_paired=True
Epoch [5/100] | Loss: 7.9582 (Cls: 7.9637, TAL: -0.1888, Adv: 0.2143, OT-Reg: 0.001022) | OT inner objective: 0.2688 | Marginal residual row/col/max: 1.07e-08/9.78e-09/1.07e-08 | Train Acc: 0.1797 | Val Acc: 0.3889 | Val P/R/F1 (Macro): 0.2471/0.3194/0.2616 | LR: 0.000005
  >>> New Best Val Acc: 0.3889
Epoch [6/100] | SVD update #6: pairs=128, sweeps=3, converged=False, rel_change=3.051e-01, effective_ranks=(127, 55), class_paired=True
Epoch [6/100] | Loss: 7.6388 (Cls: 7.6297, TAL: -0.0650, Adv: 0.2114, OT-Reg: 0.001145) | OT inner objective: 0.2631 | Marginal residual row/col/max: 1.07e-08/1.16e-08/1.26e-08 | Train Acc: 0.1562 | Val Acc: 0.1667 | Val P/R/F1 (Macro): 0.1901/0.1574/0.1260 | LR: 0.000005
Epoch [7/100] | SVD update #7: pairs=128, sweeps=3, converged=False, rel_change=7.220e-02, effective_ranks=(127, 51), class_paired=True
Epoch [7/100] | Loss: 7.5454 (Cls: 7.5338, TAL: -0.0553, Adv: 0.2280, OT-Reg: 0.001087) | OT inner objective: 0.2200 | Marginal residual row/col/max: 8.38e-09/1.21e-08/1.21e-08 | Train Acc: 0.0859 | Val Acc: 0.2222 | Val P/R/F1 (Macro): 0.1947/0.2824/0.1727 | LR: 0.000005
Epoch [8/100] | SVD update #8: pairs=128, sweeps=3, converged=False, rel_change=3.688e-02, effective_ranks=(127, 39), class_paired=True
Epoch [8/100] | Loss: 7.1916 (Cls: 7.1951, TAL: -0.1579, Adv: 0.1930, OT-Reg: 0.001047) | OT inner objective: 0.2496 | Marginal residual row/col/max: 9.78e-09/1.21e-08/1.21e-08 | Train Acc: 0.1797 | Val Acc: 0.2222 | Val P/R/F1 (Macro): 0.1891/0.3130/0.1945 | LR: 0.000005
Epoch [9/100] | SVD update #9: pairs=128, sweeps=3, converged=False, rel_change=4.993e-02, effective_ranks=(127, 41), class_paired=True
Epoch [9/100] | Loss: 7.4115 (Cls: 7.4177, TAL: -0.1846, Adv: 0.1997, OT-Reg: 0.001124) | OT inner objective: 0.1494 | Marginal residual row/col/max: 1.07e-08/1.16e-08/1.16e-08 | Train Acc: 0.1641 | Val Acc: 0.3056 | Val P/R/F1 (Macro): 0.1556/0.2407/0.1823 | LR: 0.000005
Epoch [10/100] | SVD update #10: pairs=128, sweeps=3, converged=False, rel_change=1.771e-02, effective_ranks=(127, 46), class_paired=True
Epoch [10/100] | Loss: 7.1987 (Cls: 7.2139, TAL: -0.2464, Adv: 0.1803, OT-Reg: 0.001112) | OT inner objective: 0.1503 | Marginal residual row/col/max: 1.02e-08/1.02e-08/1.12e-08 | Train Acc: 0.1406 | Val Acc: 0.1944 | Val P/R/F1 (Macro): 0.1474/0.2037/0.1381 | LR: 0.000005
Epoch [11/100] | SVD update #11: pairs=128, sweeps=3, converged=False, rel_change=8.303e-03, effective_ranks=(127, 37), class_paired=True
Epoch [11/100] | Loss: 7.5081 (Cls: 7.5124, TAL: -0.1817, Adv: 0.2190, OT-Reg: 0.001064) | OT inner objective: 0.2338 | Marginal residual row/col/max: 8.85e-09/1.12e-08/1.12e-08 | Train Acc: 0.1797 | Val Acc: 0.3333 | Val P/R/F1 (Macro): 0.2659/0.3278/0.2679 | LR: 0.000005
Epoch [12/100] | SVD update #12: pairs=128, sweeps=3, converged=False, rel_change=2.894e-02, effective_ranks=(127, 26), class_paired=True
Epoch [12/100] | Loss: 7.0253 (Cls: 7.0376, TAL: -0.2357, Adv: 0.1997, OT-Reg: 0.001146) | OT inner objective: 0.1494 | Marginal residual row/col/max: 1.02e-08/1.26e-08/1.26e-08 | Train Acc: 0.1875 | Val Acc: 0.2778 | Val P/R/F1 (Macro): 0.3812/0.4028/0.3058 | LR: 0.000005
Epoch [13/100] | SVD update #13: pairs=128, sweeps=3, converged=False, rel_change=7.525e-03, effective_ranks=(127, 23), class_paired=True
Epoch [13/100] | Loss: 7.1499 (Cls: 7.1629, TAL: -0.2414, Adv: 0.1997, OT-Reg: 0.001214) | OT inner objective: 0.1374 | Marginal residual row/col/max: 9.78e-09/1.07e-08/1.07e-08 | Train Acc: 0.2422 | Val Acc: 0.2500 | Val P/R/F1 (Macro): 0.2391/0.2639/0.1735 | LR: 0.000005
Epoch [14/100] | SVD update #14: pairs=128, sweeps=3, converged=False, rel_change=2.567e-03, effective_ranks=(127, 26), class_paired=True
Epoch [14/100] | Loss: 6.5222 (Cls: 6.5332, TAL: -0.2078, Adv: 0.1740, OT-Reg: 0.001187) | OT inner objective: 0.2073 | Marginal residual row/col/max: 1.21e-08/8.85e-09/1.21e-08 | Train Acc: 0.3047 | Val Acc: 0.1667 | Val P/R/F1 (Macro): 0.0992/0.2444/0.1040 | LR: 0.000005
Epoch [15/100] | SVD update #15: pairs=128, sweeps=3, converged=False, rel_change=1.577e-02, effective_ranks=(127, 33), class_paired=True
Epoch [15/100] | Loss: 6.6957 (Cls: 6.7126, TAL: -0.2634, Adv: 0.1827, OT-Reg: 0.001079) | OT inner objective: 0.1434 | Marginal residual row/col/max: 1.77e-08/1.02e-08/1.96e-08 | Train Acc: 0.2266 | Val Acc: 0.2222 | Val P/R/F1 (Macro): 0.1692/0.3333/0.2004 | LR: 0.000005
Epoch [16/100] | SVD update #16: pairs=128, sweeps=3, converged=False, rel_change=2.257e-02, effective_ranks=(127, 23), class_paired=True
Epoch [16/100] | Loss: 6.2755 (Cls: 6.2971, TAL: -0.2987, Adv: 0.1782, OT-Reg: 0.001074) | OT inner objective: 0.0545 | Marginal residual row/col/max: 1.85e-07/1.02e-08/1.85e-07 | Train Acc: 0.2266 | Val Acc: 0.3611 | Val P/R/F1 (Macro): 0.2196/0.3398/0.2371 | LR: 0.000003
Epoch [17/100] | SVD update #17: pairs=128, sweeps=3, converged=False, rel_change=5.108e-04, effective_ranks=(127, 19), class_paired=True
Epoch [17/100] | Loss: 6.4713 (Cls: 6.4983, TAL: -0.3444, Adv: 0.1789, OT-Reg: 0.001082) | OT inner objective: 0.0207 | Marginal residual row/col/max: 2.76e-07/1.07e-08/2.76e-07 | Train Acc: 0.2266 | Val Acc: 0.2500 | Val P/R/F1 (Macro): 0.2296/0.3120/0.2118 | LR: 0.000003
Epoch [18/100] | SVD update #18: pairs=128, sweeps=3, converged=False, rel_change=3.211e-04, effective_ranks=(125, 23), class_paired=True
Epoch [18/100] | Loss: 6.1607 (Cls: 6.1800, TAL: -0.3029, Adv: 0.2127, OT-Reg: 0.001143) | OT inner objective: 0.0275 | Marginal residual row/col/max: 2.70e-08/1.02e-08/2.70e-08 | Train Acc: 0.3047 | Val Acc: 0.3889 | Val P/R/F1 (Macro): 0.2560/0.4444/0.3119 | LR: 0.000003
Epoch [19/100] | SVD update #19: pairs=128, sweeps=3, converged=False, rel_change=1.705e-03, effective_ranks=(127, 28), class_paired=True
Epoch [19/100] | Loss: 6.1459 (Cls: 6.1803, TAL: -0.4265, Adv: 0.2097, OT-Reg: 0.001137) | OT inner objective: -0.0095 | Marginal residual row/col/max: 2.74e-06/1.02e-08/2.74e-06 | Train Acc: 0.2422 | Val Acc: 0.2778 | Val P/R/F1 (Macro): 0.1163/0.2917/0.1522 | LR: 0.000003
Epoch [20/100] | SVD update #20: pairs=128, sweeps=3, converged=False, rel_change=4.866e-02, effective_ranks=(126, 28), class_paired=True
Epoch [20/100] | Loss: 6.1663 (Cls: 6.1833, TAL: -0.2722, Adv: 0.1963, OT-Reg: 0.001082) | OT inner objective: -0.0119 | Marginal residual row/col/max: 9.25e-06/1.02e-08/9.25e-06 | Train Acc: 0.3125 | Val Acc: 0.3056 | Val P/R/F1 (Macro): 0.0873/0.2083/0.1201 | LR: 0.000003
Epoch [21/100] | SVD update #21: pairs=128, sweeps=3, converged=False, rel_change=3.176e-03, effective_ranks=(127, 22), class_paired=True
Epoch [21/100] | Loss: 5.7766 (Cls: 5.8153, TAL: -0.4371, Adv: 0.1719, OT-Reg: 0.001065) | OT inner objective: 0.0159 | Marginal residual row/col/max: 2.67e-06/1.02e-08/2.67e-06 | Train Acc: 0.4531 | Val Acc: 0.3611 | Val P/R/F1 (Macro): 0.2241/0.3796/0.2400 | LR: 0.000003
Epoch [22/100] | SVD update #22: pairs=128, sweeps=3, converged=False, rel_change=9.398e-04, effective_ranks=(127, 17), class_paired=True
Epoch [22/100] | Loss: 5.8772 (Cls: 5.9042, TAL: -0.3465, Adv: 0.1819, OT-Reg: 0.001098) | OT inner objective: 0.0810 | Marginal residual row/col/max: 2.14e-08/1.02e-08/2.14e-08 | Train Acc: 0.3906 | Val Acc: 0.2500 | Val P/R/F1 (Macro): 0.2778/0.2991/0.1819 | LR: 0.000003
Epoch [23/100] | SVD update #23: pairs=128, sweeps=3, converged=False, rel_change=3.352e-04, effective_ranks=(127, 17), class_paired=True
Epoch [23/100] | Loss: 5.9941 (Cls: 6.0184, TAL: -0.3132, Adv: 0.1662, OT-Reg: 0.001116) | OT inner objective: 0.0074 | Marginal residual row/col/max: 1.29e-06/1.16e-08/1.29e-06 | Train Acc: 0.3281 | Val Acc: 0.2222 | Val P/R/F1 (Macro): 0.3114/0.3602/0.2298 | LR: 0.000003
Epoch [24/100] | SVD update #24: pairs=128, sweeps=3, converged=False, rel_change=1.474e-03, effective_ranks=(126, 16), class_paired=True
Epoch [24/100] | Loss: 6.0078 (Cls: 6.0247, TAL: -0.2535, Adv: 0.1697, OT-Reg: 0.001130) | OT inner objective: 0.0187 | Marginal residual row/col/max: 7.29e-07/9.31e-09/7.29e-07 | Train Acc: 0.3984 | Val Acc: 0.1667 | Val P/R/F1 (Macro): 0.0926/0.2315/0.1083 | LR: 0.000003
Epoch [25/100] | SVD update #25: pairs=128, sweeps=3, converged=False, rel_change=2.484e-04, effective_ranks=(127, 17), class_paired=True
Epoch [25/100] | Loss: 5.9194 (Cls: 5.9392, TAL: -0.2677, Adv: 0.1542, OT-Reg: 0.001006) | OT inner objective: 0.0444 | Marginal residual row/col/max: 5.22e-07/1.12e-08/5.22e-07 | Train Acc: 0.4141 | Val Acc: 0.3611 | Val P/R/F1 (Macro): 0.3632/0.5046/0.3954 | LR: 0.000003
Epoch [26/100] | SVD update #26: pairs=128, sweeps=3, converged=False, rel_change=2.136e-04, effective_ranks=(127, 18), class_paired=True
Epoch [26/100] | Loss: 5.4874 (Cls: 5.5259, TAL: -0.4219, Adv: 0.1520, OT-Reg: 0.001088) | OT inner objective: 0.0108 | Marginal residual row/col/max: 2.86e-05/1.21e-08/2.86e-05 | Train Acc: 0.3516 | Val Acc: 0.3611 | Val P/R/F1 (Macro): 0.3873/0.5296/0.4219 | LR: 0.000003
Epoch [27/100] | SVD update #27: pairs=128, sweeps=3, converged=False, rel_change=1.271e-03, effective_ranks=(127, 18), class_paired=True
Epoch [27/100] | Loss: 5.9089 (Cls: 5.9376, TAL: -0.3521, Adv: 0.1694, OT-Reg: 0.001046) | OT inner objective: 0.0167 | Marginal residual row/col/max: 1.31e-04/1.07e-08/1.31e-04 | Train Acc: 0.2812 | Val Acc: 0.3333 | Val P/R/F1 (Macro): 0.4266/0.3704/0.3032 | LR: 0.000001
Epoch [28/100] | SVD update #28: pairs=128, sweeps=3, converged=False, rel_change=5.096e-04, effective_ranks=(127, 16), class_paired=True
Epoch [28/100] | Loss: 5.5389 (Cls: 5.5691, TAL: -0.3538, Adv: 0.1535, OT-Reg: 0.001032) | OT inner objective: -0.0752 | Marginal residual row/col/max: 5.91e-05/1.07e-08/5.91e-05 | Train Acc: 0.3281 | Val Acc: 0.3333 | Val P/R/F1 (Macro): 0.3095/0.5037/0.3471 | LR: 0.000001
Epoch [29/100] | SVD update #29: pairs=128, sweeps=3, converged=False, rel_change=2.891e-04, effective_ranks=(127, 16), class_paired=True
Epoch [29/100] | Loss: 5.5512 (Cls: 5.5777, TAL: -0.3266, Adv: 0.1593, OT-Reg: 0.001105) | OT inner objective: 0.0022 | Marginal residual row/col/max: 6.91e-05/9.78e-09/6.91e-05 | Train Acc: 0.3984 | Val Acc: 0.5278 | Val P/R/F1 (Macro): 0.5024/0.6250/0.5114 | LR: 0.000001
  >>> New Best Val Acc: 0.5278
Epoch [30/100] | SVD update #30: pairs=128, sweeps=3, converged=False, rel_change=1.298e-03, effective_ranks=(126, 19), class_paired=True
Epoch [30/100] | Loss: 5.7207 (Cls: 5.7571, TAL: -0.4015, Adv: 0.1476, OT-Reg: 0.001037) | OT inner objective: -0.0180 | Marginal residual row/col/max: 1.20e-04/9.78e-09/1.20e-04 | Train Acc: 0.3438 | Val Acc: 0.4167 | Val P/R/F1 (Macro): 0.3770/0.5130/0.3971 | LR: 0.000001
Epoch [31/100] | SVD update #31: pairs=128, sweeps=3, converged=False, rel_change=2.426e-03, effective_ranks=(127, 18), class_paired=True
Epoch [31/100] | Loss: 5.8027 (Cls: 5.8226, TAL: -0.2654, Adv: 0.1491, OT-Reg: 0.001049) | OT inner objective: -0.0283 | Marginal residual row/col/max: 1.58e-06/1.02e-08/1.58e-06 | Train Acc: 0.3359 | Val Acc: 0.3056 | Val P/R/F1 (Macro): 0.3541/0.4565/0.3219 | LR: 0.000001
Epoch [32/100] | SVD update #32: pairs=128, sweeps=3, converged=False, rel_change=1.438e-04, effective_ranks=(127, 16), class_paired=True
Epoch [32/100] | Loss: 5.6337 (Cls: 5.6644, TAL: -0.3854, Adv: 0.1945, OT-Reg: 0.000943) | OT inner objective: -0.0059 | Marginal residual row/col/max: 5.00e-07/1.35e-08/5.00e-07 | Train Acc: 0.4688 | Val Acc: 0.3333 | Val P/R/F1 (Macro): 0.3106/0.4926/0.2859 | LR: 0.000001
Epoch [33/100] | SVD update #33: pairs=128, sweeps=3, converged=False, rel_change=3.841e-03, effective_ranks=(127, 18), class_paired=True
Epoch [33/100] | Loss: 5.4163 (Cls: 5.4416, TAL: -0.3208, Adv: 0.1658, OT-Reg: 0.001077) | OT inner objective: 0.0356 | Marginal residual row/col/max: 2.36e-06/1.07e-08/2.36e-06 | Train Acc: 0.3906 | Val Acc: 0.4444 | Val P/R/F1 (Macro): 0.4912/0.5648/0.4069 | LR: 0.000001
Epoch [34/100] | SVD update #34: pairs=128, sweeps=3, converged=False, rel_change=1.065e-04, effective_ranks=(127, 17), class_paired=True
Epoch [34/100] | Loss: 5.4206 (Cls: 5.4619, TAL: -0.4367, Adv: 0.1382, OT-Reg: 0.001092) | OT inner objective: -0.0576 | Marginal residual row/col/max: 6.10e-06/1.26e-08/6.10e-06 | Train Acc: 0.3203 | Val Acc: 0.3889 | Val P/R/F1 (Macro): 0.3415/0.4806/0.3526 | LR: 0.000001
Epoch [35/100] | SVD update #35: pairs=128, sweeps=3, converged=False, rel_change=7.414e-04, effective_ranks=(126, 17), class_paired=True
Epoch [35/100] | Loss: 5.4540 (Cls: 5.4839, TAL: -0.3519, Adv: 0.1536, OT-Reg: 0.001121) | OT inner objective: 0.0138 | Marginal residual row/col/max: 3.96e-07/1.35e-08/3.96e-07 | Train Acc: 0.3359 | Val Acc: 0.2778 | Val P/R/F1 (Macro): 0.2713/0.3602/0.2825 | LR: 0.000001
Epoch [36/100] | SVD update #36: pairs=128, sweeps=3, converged=False, rel_change=4.862e-04, effective_ranks=(126, 16), class_paired=True
Epoch [36/100] | Loss: 5.5990 (Cls: 5.6253, TAL: -0.3319, Adv: 0.1682, OT-Reg: 0.001053) | OT inner objective: -0.0355 | Marginal residual row/col/max: 1.10e-06/9.31e-09/1.10e-06 | Train Acc: 0.3516 | Val Acc: 0.4444 | Val P/R/F1 (Macro): 0.4180/0.4676/0.3818 | LR: 0.000001
Epoch [37/100] | SVD update #37: pairs=128, sweeps=3, converged=False, rel_change=1.676e-03, effective_ranks=(127, 17), class_paired=True
Epoch [37/100] | Loss: 5.4748 (Cls: 5.5032, TAL: -0.3388, Adv: 0.1534, OT-Reg: 0.000998) | OT inner objective: -0.0416 | Marginal residual row/col/max: 7.02e-05/1.21e-08/7.02e-05 | Train Acc: 0.3281 | Val Acc: 0.3611 | Val P/R/F1 (Macro): 0.3194/0.2889/0.2645 | LR: 0.000001
Epoch [38/100] | SVD update #38: pairs=128, sweeps=3, converged=False, rel_change=4.358e-04, effective_ranks=(127, 18), class_paired=True
Epoch [38/100] | Loss: 5.5459 (Cls: 5.5726, TAL: -0.3180, Adv: 0.1426, OT-Reg: 0.001110) | OT inner objective: -0.0678 | Marginal residual row/col/max: 1.21e-06/9.31e-09/1.21e-06 | Train Acc: 0.4375 | Val Acc: 0.5000 | Val P/R/F1 (Macro): 0.5519/0.5167/0.4908 | LR: 0.000001
Epoch [39/100] | SVD update #39: pairs=128, sweeps=3, converged=False, rel_change=2.665e-03, effective_ranks=(127, 17), class_paired=True
Epoch [39/100] | Loss: 5.6203 (Cls: 5.6548, TAL: -0.4023, Adv: 0.1713, OT-Reg: 0.001148) | OT inner objective: -0.0620 | Marginal residual row/col/max: 4.56e-06/9.78e-09/4.56e-06 | Train Acc: 0.3359 | Val Acc: 0.3611 | Val P/R/F1 (Macro): 0.4000/0.4380/0.3749 | LR: 0.000001
Epoch [40/100] | SVD update #40: pairs=128, sweeps=3, converged=False, rel_change=3.406e-03, effective_ranks=(127, 18), class_paired=True
Epoch [40/100] | Loss: 5.3529 (Cls: 5.3792, TAL: -0.3303, Adv: 0.1664, OT-Reg: 0.001170) | OT inner objective: 0.0168 | Marginal residual row/col/max: 5.94e-06/9.78e-09/5.94e-06 | Train Acc: 0.4297 | Val Acc: 0.4167 | Val P/R/F1 (Macro): 0.5086/0.4500/0.4228 | LR: 0.000001
Epoch [41/100] | SVD update #41: pairs=128, sweeps=3, converged=False, rel_change=5.772e-03, effective_ranks=(127, 20), class_paired=True
Epoch [41/100] | Loss: 5.3518 (Cls: 5.3806, TAL: -0.3574, Adv: 0.1768, OT-Reg: 0.001019) | OT inner objective: -0.0627 | Marginal residual row/col/max: 4.88e-06/1.12e-08/4.88e-06 | Train Acc: 0.4062 | Val Acc: 0.3611 | Val P/R/F1 (Macro): 0.3463/0.3972/0.3056 | LR: 0.000001
Epoch [42/100] | SVD update #42: pairs=128, sweeps=3, converged=False, rel_change=5.452e-04, effective_ranks=(127, 19), class_paired=True
Epoch [42/100] | Loss: 5.4654 (Cls: 5.4961, TAL: -0.3723, Adv: 0.1757, OT-Reg: 0.001127) | OT inner objective: -0.0769 | Marginal residual row/col/max: 4.05e-06/9.78e-09/4.05e-06 | Train Acc: 0.4141 | Val Acc: 0.3056 | Val P/R/F1 (Macro): 0.2494/0.3852/0.2937 | LR: 0.000001
Epoch [43/100] | SVD update #43: pairs=128, sweeps=3, converged=False, rel_change=7.989e-03, effective_ranks=(127, 19), class_paired=True
Epoch [43/100] | Loss: 5.3816 (Cls: 5.3989, TAL: -0.2507, Adv: 0.1588, OT-Reg: 0.001147) | OT inner objective: -0.0095 | Marginal residual row/col/max: 1.83e-06/1.02e-08/1.83e-06 | Train Acc: 0.3906 | Val Acc: 0.3889 | Val P/R/F1 (Macro): 0.4653/0.5370/0.4246 | LR: 0.000001
Epoch [44/100] | SVD update #44: pairs=128, sweeps=3, converged=False, rel_change=1.304e-03, effective_ranks=(127, 20), class_paired=True
Epoch [44/100] | Loss: 5.4008 (Cls: 5.4310, TAL: -0.3352, Adv: 0.1248, OT-Reg: 0.001076) | OT inner objective: -0.0012 | Marginal residual row/col/max: 2.21e-06/1.12e-08/2.21e-06 | Train Acc: 0.3984 | Val Acc: 0.3889 | Val P/R/F1 (Macro): 0.5093/0.5259/0.4362 | LR: 0.000001
Epoch [45/100] | SVD update #45: pairs=128, sweeps=3, converged=False, rel_change=2.785e-03, effective_ranks=(127, 19), class_paired=True
Epoch [45/100] | Loss: 4.8889 (Cls: 4.9208, TAL: -0.3705, Adv: 0.1573, OT-Reg: 0.001066) | OT inner objective: -0.0419 | Marginal residual row/col/max: 4.58e-06/1.12e-08/4.58e-06 | Train Acc: 0.5078 | Val Acc: 0.3333 | Val P/R/F1 (Macro): 0.3254/0.5130/0.3580 | LR: 0.000001
Epoch [46/100] | SVD update #46: pairs=128, sweeps=3, converged=False, rel_change=2.489e-03, effective_ranks=(127, 18), class_paired=True
Epoch [46/100] | Loss: 5.3130 (Cls: 5.3419, TAL: -0.3364, Adv: 0.1437, OT-Reg: 0.001047) | OT inner objective: -0.0160 | Marginal residual row/col/max: 5.56e-06/1.12e-08/5.56e-06 | Train Acc: 0.3594 | Val Acc: 0.4722 | Val P/R/F1 (Macro): 0.5753/0.5167/0.4955 | LR: 0.000001
Epoch [47/100] | SVD update #47: pairs=128, sweeps=3, converged=False, rel_change=1.435e-03, effective_ranks=(127, 19), class_paired=True
Epoch [47/100] | Loss: 5.3070 (Cls: 5.3383, TAL: -0.3678, Adv: 0.1606, OT-Reg: 0.001083) | OT inner objective: -0.0034 | Marginal residual row/col/max: 2.29e-07/1.02e-08/2.29e-07 | Train Acc: 0.4453 | Val Acc: 0.5278 | Val P/R/F1 (Macro): 0.5105/0.6463/0.5153 | LR: 0.000001
Epoch [48/100] | SVD update #48: pairs=128, sweeps=3, converged=False, rel_change=2.292e-03, effective_ranks=(127, 18), class_paired=True
Epoch [48/100] | Loss: 5.2633 (Cls: 5.2922, TAL: -0.3211, Adv: 0.1205, OT-Reg: 0.001134) | OT inner objective: 0.0232 | Marginal residual row/col/max: 4.45e-07/1.07e-08/4.45e-07 | Train Acc: 0.3281 | Val Acc: 0.3889 | Val P/R/F1 (Macro): 0.3345/0.4537/0.3588 | LR: 0.000001
Epoch [49/100] | SVD update #49: pairs=128, sweeps=3, converged=False, rel_change=1.592e-03, effective_ranks=(127, 20), class_paired=True
Epoch [49/100] | Loss: 5.6441 (Cls: 5.6691, TAL: -0.3123, Adv: 0.1558, OT-Reg: 0.001110) | OT inner objective: -0.0484 | Marginal residual row/col/max: 1.03e-06/1.02e-08/1.03e-06 | Train Acc: 0.3594 | Val Acc: 0.5000 | Val P/R/F1 (Macro): 0.5233/0.5722/0.4910 | LR: 0.000001
Epoch [50/100] | SVD update #50: pairs=128, sweeps=3, converged=False, rel_change=1.250e-03, effective_ranks=(127, 21), class_paired=True
Epoch [50/100] | Loss: 5.2640 (Cls: 5.2856, TAL: -0.2862, Adv: 0.1591, OT-Reg: 0.001110) | OT inner objective: -0.0220 | Marginal residual row/col/max: 1.05e-06/1.02e-08/1.05e-06 | Train Acc: 0.3828 | Val Acc: 0.3333 | Val P/R/F1 (Macro): 0.2963/0.3907/0.3041 | LR: 0.000001
Epoch [51/100] | SVD update #51: pairs=128, sweeps=3, converged=False, rel_change=2.490e-04, effective_ranks=(127, 21), class_paired=True
Epoch [51/100] | Loss: 5.2701 (Cls: 5.3006, TAL: -0.3500, Adv: 0.1434, OT-Reg: 0.001121) | OT inner objective: -0.0788 | Marginal residual row/col/max: 6.34e-05/1.07e-08/6.34e-05 | Train Acc: 0.3047 | Val Acc: 0.3056 | Val P/R/F1 (Macro): 0.2976/0.4019/0.3340 | LR: 0.000001
Epoch [52/100] | SVD update #52: pairs=128, sweeps=3, converged=False, rel_change=6.455e-04, effective_ranks=(127, 20), class_paired=True
Epoch [52/100] | Loss: 5.1487 (Cls: 5.1789, TAL: -0.3416, Adv: 0.1358, OT-Reg: 0.001086) | OT inner objective: -0.0733 | Marginal residual row/col/max: 8.37e-06/1.02e-08/8.37e-06 | Train Acc: 0.3438 | Val Acc: 0.4444 | Val P/R/F1 (Macro): 0.5176/0.4657/0.4583 | LR: 0.000001
Epoch [53/100] | SVD update #53: pairs=128, sweeps=3, converged=False, rel_change=1.199e-03, effective_ranks=(127, 21), class_paired=True
Epoch [53/100] | Loss: 4.9159 (Cls: 4.9601, TAL: -0.4558, Adv: 0.1317, OT-Reg: 0.001142) | OT inner objective: -0.0435 | Marginal residual row/col/max: 7.42e-06/1.07e-08/7.42e-06 | Train Acc: 0.4688 | Val Acc: 0.3611 | Val P/R/F1 (Macro): 0.4815/0.4148/0.4049 | LR: 0.000001
Epoch [54/100] | SVD update #54: pairs=128, sweeps=3, converged=False, rel_change=2.400e-03, effective_ranks=(127, 18), class_paired=True
Epoch [54/100] | Loss: 5.2404 (Cls: 5.2695, TAL: -0.3369, Adv: 0.1410, OT-Reg: 0.001070) | OT inner objective: -0.1161 | Marginal residual row/col/max: 1.68e-04/1.16e-08/1.68e-04 | Train Acc: 0.4531 | Val Acc: 0.4444 | Val P/R/F1 (Macro): 0.4323/0.4769/0.3782 | LR: 0.000001
Epoch [55/100] | SVD update #55: pairs=128, sweeps=3, converged=False, rel_change=1.593e-03, effective_ranks=(127, 20), class_paired=True
Epoch [55/100] | Loss: 5.3293 (Cls: 5.3571, TAL: -0.3257, Adv: 0.1402, OT-Reg: 0.001159) | OT inner objective: -0.0715 | Marginal residual row/col/max: 6.21e-06/1.16e-08/6.21e-06 | Train Acc: 0.4062 | Val Acc: 0.4722 | Val P/R/F1 (Macro): 0.4648/0.5722/0.4758 | LR: 0.000001
Epoch [56/100] | SVD update #56: pairs=128, sweeps=3, converged=False, rel_change=2.872e-04, effective_ranks=(127, 20), class_paired=True
Epoch [56/100] | Loss: 5.3137 (Cls: 5.3517, TAL: -0.3984, Adv: 0.1231, OT-Reg: 0.001139) | OT inner objective: -0.1189 | Marginal residual row/col/max: 2.32e-06/8.85e-09/2.32e-06 | Train Acc: 0.3906 | Val Acc: 0.3611 | Val P/R/F1 (Macro): 0.3704/0.4213/0.3333 | LR: 0.000001
Epoch [57/100] | SVD update #57: pairs=128, sweeps=3, converged=False, rel_change=2.451e-04, effective_ranks=(127, 18), class_paired=True
Epoch [57/100] | Loss: 5.1308 (Cls: 5.1726, TAL: -0.4277, Adv: 0.1192, OT-Reg: 0.001164) | OT inner objective: -0.1321 | Marginal residual row/col/max: 1.79e-04/9.31e-09/1.79e-04 | Train Acc: 0.3984 | Val Acc: 0.4722 | Val P/R/F1 (Macro): 0.6144/0.5972/0.4724 | LR: 0.000001
Epoch [58/100] | SVD update #58: pairs=128, sweeps=3, converged=False, rel_change=1.570e-04, effective_ranks=(127, 19), class_paired=True
Epoch [58/100] | Loss: 4.9366 (Cls: 4.9692, TAL: -0.3625, Adv: 0.1362, OT-Reg: 0.001195) | OT inner objective: -0.1055 | Marginal residual row/col/max: 2.14e-05/9.31e-09/2.14e-05 | Train Acc: 0.4766 | Val Acc: 0.2778 | Val P/R/F1 (Macro): 0.2672/0.4463/0.2711 | LR: 0.000001
Epoch [59/100] | SVD update #59: pairs=128, sweeps=3, converged=False, rel_change=3.024e-03, effective_ranks=(127, 19), class_paired=True
Epoch [59/100] | Loss: 5.1786 (Cls: 5.2179, TAL: -0.4286, Adv: 0.1513, OT-Reg: 0.001117) | OT inner objective: -0.0623 | Marginal residual row/col/max: 2.26e-06/1.07e-08/2.26e-06 | Train Acc: 0.3594 | Val Acc: 0.4722 | Val P/R/F1 (Macro): 0.4753/0.4963/0.4320 | LR: 0.000001
Epoch [60/100] | SVD update #60: pairs=128, sweeps=3, converged=False, rel_change=1.114e-03, effective_ranks=(127, 18), class_paired=True
Epoch [60/100] | Loss: 5.3051 (Cls: 5.3441, TAL: -0.4065, Adv: 0.1218, OT-Reg: 0.001109) | OT inner objective: -0.1057 | Marginal residual row/col/max: 4.23e-06/1.02e-08/4.23e-06 | Train Acc: 0.3359 | Val Acc: 0.3611 | Val P/R/F1 (Macro): 0.3448/0.4213/0.3104 | LR: 0.000001
Epoch [61/100] | SVD update #61: pairs=128, sweeps=3, converged=False, rel_change=1.055e-03, effective_ranks=(127, 17), class_paired=True
Epoch [61/100] | Loss: 5.1669 (Cls: 5.2030, TAL: -0.4073, Adv: 0.1585, OT-Reg: 0.001062) | OT inner objective: -0.0868 | Marginal residual row/col/max: 6.62e-06/8.38e-09/6.62e-06 | Train Acc: 0.4141 | Val Acc: 0.4167 | Val P/R/F1 (Macro): 0.4087/0.5667/0.4351 | LR: 0.000001
Epoch [62/100] | SVD update #62: pairs=128, sweeps=3, converged=False, rel_change=8.290e-04, effective_ranks=(127, 20), class_paired=True
Epoch [62/100] | Loss: 5.0161 (Cls: 5.0523, TAL: -0.4243, Adv: 0.1829, OT-Reg: 0.001087) | OT inner objective: -0.0629 | Marginal residual row/col/max: 9.18e-05/1.16e-08/9.18e-05 | Train Acc: 0.4375 | Val Acc: 0.3056 | Val P/R/F1 (Macro): 0.2321/0.3870/0.2418 | LR: 0.000001
Epoch [63/100] | SVD update #63: pairs=128, sweeps=3, converged=False, rel_change=5.968e-04, effective_ranks=(127, 19), class_paired=True
Epoch [63/100] | Loss: 5.3894 (Cls: 5.4155, TAL: -0.3552, Adv: 0.2071, OT-Reg: 0.001125) | OT inner objective: -0.0319 | Marginal residual row/col/max: 2.77e-07/1.12e-08/2.78e-07 | Train Acc: 0.3516 | Val Acc: 0.3056 | Val P/R/F1 (Macro): 0.3486/0.4398/0.2927 | LR: 0.000001
Epoch [64/100] | SVD update #64: pairs=128, sweeps=3, converged=False, rel_change=1.119e-03, effective_ranks=(127, 19), class_paired=True
Epoch [64/100] | Loss: 5.0601 (Cls: 5.0869, TAL: -0.3434, Adv: 0.1800, OT-Reg: 0.001119) | OT inner objective: -0.0563 | Marginal residual row/col/max: 2.34e-06/1.02e-08/2.34e-06 | Train Acc: 0.4062 | Val Acc: 0.3889 | Val P/R/F1 (Macro): 0.3562/0.4065/0.3401 | LR: 0.000001
Epoch [65/100] | SVD update #65: pairs=128, sweeps=3, converged=False, rel_change=1.391e-03, effective_ranks=(127, 20), class_paired=True
Epoch [65/100] | Loss: 5.2604 (Cls: 5.2923, TAL: -0.3655, Adv: 0.1496, OT-Reg: 0.001119) | OT inner objective: -0.0671 | Marginal residual row/col/max: 1.70e-06/9.78e-09/1.70e-06 | Train Acc: 0.4219 | Val Acc: 0.4167 | Val P/R/F1 (Macro): 0.4381/0.5343/0.3806 | LR: 0.000001
Epoch [66/100] | SVD update #66: pairs=128, sweeps=3, converged=False, rel_change=8.574e-04, effective_ranks=(126, 21), class_paired=True
Epoch [66/100] | Loss: 5.0741 (Cls: 5.1062, TAL: -0.3538, Adv: 0.1299, OT-Reg: 0.001121) | OT inner objective: -0.0979 | Marginal residual row/col/max: 4.50e-06/1.07e-08/4.50e-06 | Train Acc: 0.4531 | Val Acc: 0.3333 | Val P/R/F1 (Macro): 0.2187/0.4185/0.2832 | LR: 0.000001
Epoch [67/100] | SVD update #67: pairs=128, sweeps=3, converged=False, rel_change=1.098e-03, effective_ranks=(127, 19), class_paired=True
Epoch [67/100] | Loss: 5.3262 (Cls: 5.3646, TAL: -0.4080, Adv: 0.1323, OT-Reg: 0.001034) | OT inner objective: -0.0681 | Marginal residual row/col/max: 3.70e-06/1.12e-08/3.70e-06 | Train Acc: 0.3438 | Val Acc: 0.4444 | Val P/R/F1 (Macro): 0.2975/0.3787/0.3136 | LR: 0.000001
Epoch [68/100] | SVD update #68: pairs=128, sweeps=3, converged=False, rel_change=1.052e-04, effective_ranks=(127, 18), class_paired=True
Epoch [68/100] | Loss: 5.1465 (Cls: 5.1916, TAL: -0.4664, Adv: 0.1356, OT-Reg: 0.001162) | OT inner objective: -0.1295 | Marginal residual row/col/max: 1.27e-04/8.85e-09/1.27e-04 | Train Acc: 0.3906 | Val Acc: 0.3333 | Val P/R/F1 (Macro): 0.2994/0.4843/0.3322 | LR: 0.000001
Epoch [69/100] | SVD update #69: pairs=128, sweeps=3, converged=False, rel_change=2.521e-04, effective_ranks=(127, 19), class_paired=True
Epoch [69/100] | Loss: 4.7960 (Cls: 4.8363, TAL: -0.4154, Adv: 0.1194, OT-Reg: 0.001178) | OT inner objective: -0.1032 | Marginal residual row/col/max: 9.14e-06/1.07e-08/9.14e-06 | Train Acc: 0.4844 | Val Acc: 0.5833 | Val P/R/F1 (Macro): 0.6315/0.6417/0.5673 | LR: 0.000001
  >>> New Best Val Acc: 0.5833
Epoch [70/100] | SVD update #70: pairs=128, sweeps=3, converged=False, rel_change=3.701e-04, effective_ranks=(127, 17), class_paired=True
Epoch [70/100] | Loss: 5.1320 (Cls: 5.1707, TAL: -0.4166, Adv: 0.1408, OT-Reg: 0.001094) | OT inner objective: -0.1216 | Marginal residual row/col/max: 2.32e-06/1.26e-08/2.32e-06 | Train Acc: 0.4141 | Val Acc: 0.4167 | Val P/R/F1 (Macro): 0.4565/0.5343/0.4070 | LR: 0.000001
Epoch [71/100] | SVD update #71: pairs=128, sweeps=3, converged=False, rel_change=2.982e-04, effective_ranks=(127, 19), class_paired=True
Epoch [71/100] | Loss: 5.2279 (Cls: 5.2672, TAL: -0.4314, Adv: 0.1559, OT-Reg: 0.001058) | OT inner objective: -0.0686 | Marginal residual row/col/max: 1.17e-04/1.02e-08/1.17e-04 | Train Acc: 0.3516 | Val Acc: 0.3889 | Val P/R/F1 (Macro): 0.4455/0.5120/0.3865 | LR: 0.000001
Epoch [72/100] | SVD update #72: pairs=128, sweeps=3, converged=False, rel_change=4.786e-04, effective_ranks=(127, 20), class_paired=True
Epoch [72/100] | Loss: 4.8354 (Cls: 4.8827, TAL: -0.4862, Adv: 0.1375, OT-Reg: 0.001160) | OT inner objective: -0.1511 | Marginal residual row/col/max: 2.06e-05/9.31e-09/2.06e-05 | Train Acc: 0.4141 | Val Acc: 0.4167 | Val P/R/F1 (Macro): 0.3762/0.4657/0.3495 | LR: 0.000001
Epoch [73/100] | SVD update #73: pairs=128, sweeps=3, converged=False, rel_change=4.746e-04, effective_ranks=(127, 19), class_paired=True
Epoch [73/100] | Loss: 4.9617 (Cls: 4.9926, TAL: -0.3557, Adv: 0.1476, OT-Reg: 0.001118) | OT inner objective: -0.0787 | Marginal residual row/col/max: 7.23e-06/9.31e-09/7.23e-06 | Train Acc: 0.4688 | Val Acc: 0.4167 | Val P/R/F1 (Macro): 0.5217/0.5731/0.4462 | LR: 0.000001
Epoch [74/100] | SVD update #74: pairs=128, sweeps=3, converged=False, rel_change=2.057e-03, effective_ranks=(127, 19), class_paired=True
Epoch [74/100] | Loss: 5.0349 (Cls: 5.0674, TAL: -0.4184, Adv: 0.2208, OT-Reg: 0.001069) | OT inner objective: -0.0891 | Marginal residual row/col/max: 4.47e-06/9.78e-09/4.47e-06 | Train Acc: 0.3828 | Val Acc: 0.5000 | Val P/R/F1 (Macro): 0.4173/0.4954/0.3892 | LR: 0.000001
Epoch [75/100] | SVD update #75: pairs=128, sweeps=3, converged=False, rel_change=3.528e-04, effective_ranks=(127, 19), class_paired=True
Epoch [75/100] | Loss: 4.7018 (Cls: 4.7344, TAL: -0.3945, Adv: 0.1846, OT-Reg: 0.001107) | OT inner objective: -0.0643 | Marginal residual row/col/max: 7.05e-06/1.02e-08/7.05e-06 | Train Acc: 0.5000 | Val Acc: 0.4444 | Val P/R/F1 (Macro): 0.4330/0.5741/0.4410 | LR: 0.000001
Epoch [76/100] | SVD update #76: pairs=128, sweeps=3, converged=False, rel_change=5.599e-04, effective_ranks=(127, 18), class_paired=True
Epoch [76/100] | Loss: 4.8678 (Cls: 4.9092, TAL: -0.4501, Adv: 0.1574, OT-Reg: 0.001133) | OT inner objective: -0.0408 | Marginal residual row/col/max: 1.72e-05/1.02e-08/1.72e-05 | Train Acc: 0.4141 | Val Acc: 0.4722 | Val P/R/F1 (Macro): 0.4021/0.5657/0.4171 | LR: 0.000001
Epoch [77/100] | SVD update #77: pairs=128, sweeps=3, converged=False, rel_change=1.739e-03, effective_ranks=(127, 19), class_paired=True
Epoch [77/100] | Loss: 5.1143 (Cls: 5.1466, TAL: -0.4050, Adv: 0.2037, OT-Reg: 0.001041) | OT inner objective: -0.0451 | Marginal residual row/col/max: 4.52e-05/1.30e-08/4.52e-05 | Train Acc: 0.4297 | Val Acc: 0.4167 | Val P/R/F1 (Macro): 0.4370/0.5315/0.4389 | LR: 0.000001
Epoch [78/100] | SVD update #78: pairs=128, sweeps=3, converged=False, rel_change=3.143e-04, effective_ranks=(127, 19), class_paired=True
Epoch [78/100] | Loss: 5.6597 (Cls: 5.6903, TAL: -0.3574, Adv: 0.1543, OT-Reg: 0.001156) | OT inner objective: -0.0539 | Marginal residual row/col/max: 2.83e-06/1.16e-08/2.83e-06 | Train Acc: 0.3516 | Val Acc: 0.3333 | Val P/R/F1 (Macro): 0.2439/0.4926/0.3042 | LR: 0.000001
Epoch [79/100] | SVD update #79: pairs=128, sweeps=3, converged=False, rel_change=3.365e-03, effective_ranks=(127, 19), class_paired=True
Epoch [79/100] | Loss: 5.0353 (Cls: 5.0647, TAL: -0.3931, Adv: 0.2228, OT-Reg: 0.001135) | OT inner objective: -0.1146 | Marginal residual row/col/max: 5.06e-06/1.02e-08/5.06e-06 | Train Acc: 0.3984 | Val Acc: 0.3889 | Val P/R/F1 (Macro): 0.3611/0.5343/0.3939 | LR: 0.000001
Epoch [80/100] | SVD update #80: pairs=128, sweeps=3, converged=False, rel_change=2.579e-04, effective_ranks=(127, 19), class_paired=True
Epoch [80/100] | Loss: 5.4408 (Cls: 5.4850, TAL: -0.4727, Adv: 0.1564, OT-Reg: 0.001114) | OT inner objective: -0.1287 | Marginal residual row/col/max: 1.20e-05/9.31e-09/1.20e-05 | Train Acc: 0.3906 | Val Acc: 0.4167 | Val P/R/F1 (Macro): 0.3444/0.4546/0.3690 | LR: 0.000001
Epoch [81/100] | SVD update #81: pairs=128, sweeps=3, converged=False, rel_change=5.413e-04, effective_ranks=(127, 18), class_paired=True
Epoch [81/100] | Loss: 4.9026 (Cls: 4.9352, TAL: -0.3990, Adv: 0.1907, OT-Reg: 0.001176) | OT inner objective: -0.1236 | Marginal residual row/col/max: 2.59e-05/8.85e-09/2.59e-05 | Train Acc: 0.5000 | Val Acc: 0.4722 | Val P/R/F1 (Macro): 0.5731/0.5731/0.4940 | LR: 0.000001
Epoch [82/100] | SVD update #82: pairs=128, sweeps=3, converged=False, rel_change=3.279e-04, effective_ranks=(127, 20), class_paired=True
Epoch [82/100] | Loss: 5.3810 (Cls: 5.4128, TAL: -0.3998, Adv: 0.2029, OT-Reg: 0.001134) | OT inner objective: -0.0958 | Marginal residual row/col/max: 9.93e-05/1.07e-08/9.93e-05 | Train Acc: 0.3750 | Val Acc: 0.4444 | Val P/R/F1 (Macro): 0.4176/0.4815/0.4095 | LR: 0.000001
Epoch [83/100] | SVD update #83: pairs=128, sweeps=3, converged=False, rel_change=5.232e-04, effective_ranks=(127, 18), class_paired=True
Epoch [83/100] | Loss: 5.1592 (Cls: 5.1955, TAL: -0.4615, Adv: 0.2380, OT-Reg: 0.001146) | OT inner objective: -0.0582 | Marginal residual row/col/max: 1.94e-05/1.12e-08/1.94e-05 | Train Acc: 0.3750 | Val Acc: 0.5556 | Val P/R/F1 (Macro): 0.4602/0.6176/0.5078 | LR: 0.000001
Epoch [84/100] | SVD update #84: pairs=128, sweeps=3, converged=False, rel_change=8.653e-04, effective_ranks=(127, 18), class_paired=True
Epoch [84/100] | Loss: 5.0588 (Cls: 5.0920, TAL: -0.3939, Adv: 0.1767, OT-Reg: 0.001125) | OT inner objective: -0.0249 | Marginal residual row/col/max: 2.12e-05/1.07e-08/2.12e-05 | Train Acc: 0.3984 | Val Acc: 0.5000 | Val P/R/F1 (Macro): 0.3519/0.5657/0.4075 | LR: 0.000001
Epoch [85/100] | SVD update #85: pairs=128, sweeps=3, converged=False, rel_change=2.080e-03, effective_ranks=(127, 19), class_paired=True
Epoch [85/100] | Loss: 5.2326 (Cls: 5.2533, TAL: -0.3383, Adv: 0.2483, OT-Reg: 0.001096) | OT inner objective: -0.0680 | Marginal residual row/col/max: 4.67e-06/1.02e-08/4.67e-06 | Train Acc: 0.3750 | Val Acc: 0.3611 | Val P/R/F1 (Macro): 0.3972/0.3880/0.3796 | LR: 0.000001
Epoch [86/100] | SVD update #86: pairs=128, sweeps=3, converged=False, rel_change=1.877e-03, effective_ranks=(127, 19), class_paired=True
Epoch [86/100] | Loss: 5.3923 (Cls: 5.4154, TAL: -0.4020, Adv: 0.3139, OT-Reg: 0.001103) | OT inner objective: -0.1142 | Marginal residual row/col/max: 1.33e-05/9.31e-09/1.33e-05 | Train Acc: 0.3750 | Val Acc: 0.5833 | Val P/R/F1 (Macro): 0.5112/0.5648/0.5001 | LR: 0.000001
Epoch [87/100] | SVD update #87: pairs=128, sweeps=3, converged=False, rel_change=1.353e-04, effective_ranks=(127, 19), class_paired=True
Epoch [87/100] | Loss: 5.6084 (Cls: 5.6301, TAL: -0.3438, Adv: 0.2445, OT-Reg: 0.001089) | OT inner objective: -0.0669 | Marginal residual row/col/max: 2.67e-06/9.78e-09/2.67e-06 | Train Acc: 0.3438 | Val Acc: 0.3611 | Val P/R/F1 (Macro): 0.2487/0.4222/0.2975 | LR: 0.000001
Epoch [88/100] | SVD update #88: pairs=128, sweeps=3, converged=False, rel_change=2.529e-04, effective_ranks=(127, 19), class_paired=True
Epoch [88/100] | Loss: 5.1791 (Cls: 5.2002, TAL: -0.3500, Adv: 0.2607, OT-Reg: 0.001158) | OT inner objective: -0.0539 | Marginal residual row/col/max: 1.04e-05/9.31e-09/1.04e-05 | Train Acc: 0.3750 | Val Acc: 0.3889 | Val P/R/F1 (Macro): 0.3957/0.5130/0.4054 | LR: 0.000001
Epoch [89/100] | SVD update #89: pairs=128, sweeps=3, converged=False, rel_change=2.379e-04, effective_ranks=(127, 19), class_paired=True
Epoch [89/100] | Loss: 4.9999 (Cls: 5.0350, TAL: -0.4026, Adv: 0.1655, OT-Reg: 0.001120) | OT inner objective: -0.1236 | Marginal residual row/col/max: 2.40e-06/1.02e-08/2.40e-06 | Train Acc: 0.4844 | Val Acc: 0.3611 | Val P/R/F1 (Macro): 0.3833/0.4315/0.3931 | LR: 0.000001
Epoch [90/100] | SVD update #90: pairs=128, sweeps=3, converged=False, rel_change=5.410e-04, effective_ranks=(127, 19), class_paired=True
Epoch [90/100] | Loss: 4.9808 (Cls: 5.0141, TAL: -0.4201, Adv: 0.2144, OT-Reg: 0.001168) | OT inner objective: -0.0778 | Marginal residual row/col/max: 4.86e-06/8.85e-09/4.86e-06 | Train Acc: 0.4297 | Val Acc: 0.5000 | Val P/R/F1 (Macro): 0.4587/0.6185/0.4947 | LR: 0.000001
Epoch [91/100] | SVD update #91: pairs=128, sweeps=3, converged=False, rel_change=2.003e-04, effective_ranks=(127, 17), class_paired=True
Epoch [91/100] | Loss: 5.3738 (Cls: 5.4051, TAL: -0.3765, Adv: 0.1741, OT-Reg: 0.001037) | OT inner objective: -0.0105 | Marginal residual row/col/max: 8.84e-06/1.58e-08/8.84e-06 | Train Acc: 0.3828 | Val Acc: 0.4444 | Val P/R/F1 (Macro): 0.3926/0.4685/0.4034 | LR: 0.000001
Epoch [92/100] | SVD update #92: pairs=128, sweeps=3, converged=True, rel_change=8.475e-05, effective_ranks=(127, 18), class_paired=True
Epoch [92/100] | Loss: 5.0631 (Cls: 5.0929, TAL: -0.3882, Adv: 0.2090, OT-Reg: 0.001141) | OT inner objective: -0.0787 | Marginal residual row/col/max: 2.00e-05/9.78e-09/2.00e-05 | Train Acc: 0.4375 | Val Acc: 0.3333 | Val P/R/F1 (Macro): 0.4259/0.3843/0.3306 | LR: 0.000001
Epoch [93/100] | SVD update #93: pairs=128, sweeps=3, converged=False, rel_change=3.419e-04, effective_ranks=(127, 18), class_paired=True
Epoch [93/100] | Loss: 5.1060 (Cls: 5.1293, TAL: -0.3161, Adv: 0.1827, OT-Reg: 0.001111) | OT inner objective: -0.0668 | Marginal residual row/col/max: 1.48e-04/1.16e-08/1.48e-04 | Train Acc: 0.4062 | Val Acc: 0.4722 | Val P/R/F1 (Macro): 0.4185/0.4741/0.4380 | LR: 0.000001
Epoch [94/100] | SVD update #94: pairs=128, sweeps=3, converged=False, rel_change=3.667e-04, effective_ranks=(127, 19), class_paired=True
Epoch [94/100] | Loss: 5.2970 (Cls: 5.3349, TAL: -0.4350, Adv: 0.1786, OT-Reg: 0.001064) | OT inner objective: -0.0219 | Marginal residual row/col/max: 5.20e-07/8.38e-09/5.20e-07 | Train Acc: 0.4219 | Val Acc: 0.4167 | Val P/R/F1 (Macro): 0.2901/0.5519/0.3631 | LR: 0.000001
Epoch [95/100] | SVD update #95: pairs=128, sweeps=3, converged=False, rel_change=4.859e-04, effective_ranks=(127, 19), class_paired=True
Epoch [95/100] | Loss: 5.0525 (Cls: 5.0805, TAL: -0.4228, Adv: 0.2844, OT-Reg: 0.001073) | OT inner objective: -0.1067 | Marginal residual row/col/max: 3.33e-05/9.78e-09/3.33e-05 | Train Acc: 0.3828 | Val Acc: 0.5000 | Val P/R/F1 (Macro): 0.4267/0.6019/0.4706 | LR: 0.000001
Epoch [96/100] | SVD update #96: pairs=128, sweeps=3, converged=False, rel_change=8.120e-04, effective_ranks=(127, 19), class_paired=True
Epoch [96/100] | Loss: 5.4691 (Cls: 5.5080, TAL: -0.4608, Adv: 0.2050, OT-Reg: 0.001104) | OT inner objective: -0.1001 | Marginal residual row/col/max: 4.02e-05/1.12e-08/4.02e-05 | Train Acc: 0.3594 | Val Acc: 0.3056 | Val P/R/F1 (Macro): 0.2410/0.2898/0.2323 | LR: 0.000001
Epoch [97/100] | SVD update #97: pairs=128, sweeps=3, converged=False, rel_change=1.037e-03, effective_ranks=(127, 19), class_paired=True
Epoch [97/100] | Loss: 4.9591 (Cls: 4.9945, TAL: -0.4181, Adv: 0.1854, OT-Reg: 0.001084) | OT inner objective: -0.1146 | Marginal residual row/col/max: 3.90e-05/9.78e-09/3.90e-05 | Train Acc: 0.5000 | Val Acc: 0.4167 | Val P/R/F1 (Macro): 0.3037/0.3593/0.3055 | LR: 0.000001
Epoch [98/100] | SVD update #98: pairs=128, sweeps=3, converged=False, rel_change=6.829e-04, effective_ranks=(127, 19), class_paired=True
Epoch [98/100] | Loss: 5.0427 (Cls: 5.0591, TAL: -0.3526, Adv: 0.3242, OT-Reg: 0.001089) | OT inner objective: -0.0457 | Marginal residual row/col/max: 6.12e-05/1.21e-08/6.12e-05 | Train Acc: 0.4062 | Val Acc: 0.5833 | Val P/R/F1 (Macro): 0.4815/0.6481/0.5006 | LR: 0.000001
Epoch [99/100] | SVD update #99: pairs=128, sweeps=3, converged=False, rel_change=1.743e-04, effective_ranks=(127, 20), class_paired=True
Epoch [99/100] | Loss: 5.4363 (Cls: 5.4551, TAL: -0.3430, Adv: 0.2789, OT-Reg: 0.001074) | OT inner objective: 0.0080 | Marginal residual row/col/max: 1.75e-06/1.12e-08/1.75e-06 | Train Acc: 0.4531 | Val Acc: 0.4722 | Val P/R/F1 (Macro): 0.4435/0.5796/0.4590 | LR: 0.000001
Epoch [100/100] | SVD update #100: pairs=128, sweeps=3, converged=False, rel_change=1.554e-04, effective_ranks=(127, 19), class_paired=True
Epoch [100/100] | Loss: 5.1708 (Cls: 5.1906, TAL: -0.4157, Adv: 0.3762, OT-Reg: 0.001164) | OT inner objective: -0.0906 | Marginal residual row/col/max: 2.11e-05/9.78e-09/2.11e-05 | Train Acc: 0.5312 | Val Acc: 0.4722 | Val P/R/F1 (Macro): 0.2943/0.4630/0.3460 | LR: 0.000001
Report strategy: last_window, window=10, reported_acc=0.4417, best_acc=0.5833

迭代 4 报告指标:
  Accuracy: 0.4417
  Precision (Macro): 0.3718
  Recall (Macro): 0.4820
  F1 (Macro): 0.3849
  Precision (Micro): 0.4417
  Recall (Micro): 0.4417
  F1 (Micro): 0.4417
  Val class coverage: 9/14 (0.6429), samples=36

================================================================================
迭代 5/5
随机种子: 46
================================================================================
Training mode: full target-label supervision (class-paired batches).
Feature fusion: Tensor alignment (512+512 -> 64+64); fused_dim=128
Domain adaptation: Neural OT generator with 3-domain discriminator
Loss weights: tensor=0.12, adv=0.08
Transport: mode=sinkhorn, epsilon=0.1, Sinkhorn iterations=50, correction scale=0.1, correction regularization weight=0.001
Tensor projection update: once per epoch from the complete target-training pairing bank; projection_dim=64, max_sweeps=3, relative singular-value tolerance=0.0001
Epoch [1/100] | SVD update #1: pairs=128, sweeps=3, converged=False, rel_change=6.189e-03, effective_ranks=(127, 116), class_paired=True
Epoch [1/100] | Loss: 9.1768 (Cls: 9.1764, TAL: -0.1500, Adv: 0.2300, OT-Reg: 0.001270) | OT inner objective: 0.2860 | Marginal residual row/col/max: 1.16e-08/1.21e-08/1.26e-08 | Train Acc: 0.1250 | Val Acc: 0.0556 | Val P/R/F1 (Macro): 0.1197/0.1389/0.0603 | LR: 0.000005
  >>> New Best Val Acc: 0.0556
Epoch [2/100] | SVD update #2: pairs=128, sweeps=3, converged=True, rel_change=1.701e-05, effective_ranks=(127, 113), class_paired=True
Epoch [2/100] | Loss: 8.2530 (Cls: 8.2606, TAL: -0.1944, Adv: 0.1962, OT-Reg: 0.001335) | OT inner objective: 0.2684 | Marginal residual row/col/max: 1.07e-08/1.30e-08/1.35e-08 | Train Acc: 0.1406 | Val Acc: 0.2222 | Val P/R/F1 (Macro): 0.0988/0.1250/0.1098 | LR: 0.000005
  >>> New Best Val Acc: 0.2222
Epoch [3/100] | SVD update #3: pairs=128, sweeps=3, converged=False, rel_change=4.482e-02, effective_ranks=(127, 90), class_paired=True
Epoch [3/100] | Loss: 7.6704 (Cls: 7.6815, TAL: -0.2121, Adv: 0.1791, OT-Reg: 0.001309) | OT inner objective: 0.2508 | Marginal residual row/col/max: 8.85e-09/1.68e-08/1.68e-08 | Train Acc: 0.2031 | Val Acc: 0.3056 | Val P/R/F1 (Macro): 0.2913/0.4426/0.2786 | LR: 0.000005
  >>> New Best Val Acc: 0.3056
Epoch [4/100] | SVD update #4: pairs=128, sweeps=3, converged=False, rel_change=8.601e-02, effective_ranks=(127, 97), class_paired=True
Epoch [4/100] | Loss: 8.1066 (Cls: 8.1112, TAL: -0.1527, Adv: 0.1723, OT-Reg: 0.001412) | OT inner objective: 0.2641 | Marginal residual row/col/max: 9.31e-09/1.21e-08/1.21e-08 | Train Acc: 0.0938 | Val Acc: 0.0833 | Val P/R/F1 (Macro): 0.1333/0.0694/0.0912 | LR: 0.000005
Epoch [5/100] | SVD update #5: pairs=128, sweeps=3, converged=False, rel_change=1.163e-01, effective_ranks=(127, 67), class_paired=True
Epoch [5/100] | Loss: 8.1812 (Cls: 8.1866, TAL: -0.1618, Adv: 0.1755, OT-Reg: 0.001283) | OT inner objective: 0.2489 | Marginal residual row/col/max: 1.02e-08/1.44e-08/1.54e-08 | Train Acc: 0.1641 | Val Acc: 0.1389 | Val P/R/F1 (Macro): 0.1556/0.1194/0.0833 | LR: 0.000005
Epoch [6/100] | SVD update #6: pairs=128, sweeps=3, converged=False, rel_change=7.759e-02, effective_ranks=(127, 63), class_paired=True
Epoch [6/100] | Loss: 7.6541 (Cls: 7.6673, TAL: -0.2428, Adv: 0.1986, OT-Reg: 0.001235) | OT inner objective: 0.2253 | Marginal residual row/col/max: 1.26e-08/1.26e-08/1.40e-08 | Train Acc: 0.2109 | Val Acc: 0.3056 | Val P/R/F1 (Macro): 0.3395/0.4444/0.3439 | LR: 0.000005
Epoch [7/100] | SVD update #7: pairs=128, sweeps=3, converged=False, rel_change=9.411e-03, effective_ranks=(127, 63), class_paired=True
Epoch [7/100] | Loss: 7.5758 (Cls: 7.5891, TAL: -0.2422, Adv: 0.1974, OT-Reg: 0.001323) | OT inner objective: 0.2249 | Marginal residual row/col/max: 1.07e-08/1.02e-08/1.16e-08 | Train Acc: 0.1641 | Val Acc: 0.2222 | Val P/R/F1 (Macro): 0.2605/0.2685/0.1930 | LR: 0.000005
Epoch [8/100] | SVD update #8: pairs=128, sweeps=3, converged=False, rel_change=1.403e-02, effective_ranks=(127, 54), class_paired=True
Epoch [8/100] | Loss: 7.5696 (Cls: 7.5814, TAL: -0.2230, Adv: 0.1876, OT-Reg: 0.001326) | OT inner objective: 0.2219 | Marginal residual row/col/max: 9.31e-09/1.12e-08/1.16e-08 | Train Acc: 0.2031 | Val Acc: 0.1667 | Val P/R/F1 (Macro): 0.1602/0.1333/0.1306 | LR: 0.000005
Epoch [9/100] | SVD update #9: pairs=128, sweeps=3, converged=False, rel_change=2.748e-02, effective_ranks=(127, 37), class_paired=True
Epoch [9/100] | Loss: 7.2261 (Cls: 7.2441, TAL: -0.2733, Adv: 0.1848, OT-Reg: 0.001329) | OT inner objective: 0.1689 | Marginal residual row/col/max: 1.64e-06/2.28e-08/1.65e-06 | Train Acc: 0.2031 | Val Acc: 0.0833 | Val P/R/F1 (Macro): 0.0444/0.2444/0.0658 | LR: 0.000005
Epoch [10/100] | SVD update #10: pairs=128, sweeps=3, converged=False, rel_change=7.272e-03, effective_ranks=(127, 35), class_paired=True
Epoch [10/100] | Loss: 7.1235 (Cls: 7.1483, TAL: -0.3445, Adv: 0.2068, OT-Reg: 0.001367) | OT inner objective: 0.2117 | Marginal residual row/col/max: 1.12e-08/1.16e-08/1.26e-08 | Train Acc: 0.2500 | Val Acc: 0.1667 | Val P/R/F1 (Macro): 0.0952/0.2185/0.0894 | LR: 0.000005
Epoch [11/100] | SVD update #11: pairs=128, sweeps=3, converged=False, rel_change=4.269e-02, effective_ranks=(127, 36), class_paired=True
Epoch [11/100] | Loss: 6.8579 (Cls: 6.8630, TAL: -0.1677, Adv: 0.1881, OT-Reg: 0.001196) | OT inner objective: 0.0898 | Marginal residual row/col/max: 1.47e-05/2.56e-08/1.47e-05 | Train Acc: 0.2266 | Val Acc: 0.2500 | Val P/R/F1 (Macro): 0.3012/0.3241/0.2712 | LR: 0.000005
Epoch [12/100] | SVD update #12: pairs=128, sweeps=3, converged=False, rel_change=2.396e-02, effective_ranks=(127, 42), class_paired=True
Epoch [12/100] | Loss: 6.9684 (Cls: 6.9868, TAL: -0.2853, Adv: 0.1973, OT-Reg: 0.001304) | OT inner objective: 0.0998 | Marginal residual row/col/max: 4.20e-06/1.68e-08/4.20e-06 | Train Acc: 0.1641 | Val Acc: 0.1667 | Val P/R/F1 (Macro): 0.0741/0.2667/0.1019 | LR: 0.000005
Epoch [13/100] | SVD update #13: pairs=128, sweeps=3, converged=False, rel_change=7.030e-02, effective_ranks=(127, 28), class_paired=True
Epoch [13/100] | Loss: 6.6675 (Cls: 6.6733, TAL: -0.1642, Adv: 0.1741, OT-Reg: 0.001276) | OT inner objective: 0.0893 | Marginal residual row/col/max: 1.04e-04/1.21e-08/1.04e-04 | Train Acc: 0.2266 | Val Acc: 0.2778 | Val P/R/F1 (Macro): 0.3019/0.3926/0.2424 | LR: 0.000005
Epoch [14/100] | SVD update #14: pairs=128, sweeps=3, converged=False, rel_change=3.125e-02, effective_ranks=(127, 25), class_paired=True
Epoch [14/100] | Loss: 6.8320 (Cls: 6.8459, TAL: -0.2242, Adv: 0.1628, OT-Reg: 0.001388) | OT inner objective: 0.0830 | Marginal residual row/col/max: 1.61e-04/1.07e-08/1.61e-04 | Train Acc: 0.2734 | Val Acc: 0.2222 | Val P/R/F1 (Macro): 0.1829/0.3759/0.1857 | LR: 0.000003
Epoch [15/100] | SVD update #15: pairs=128, sweeps=3, converged=False, rel_change=2.045e-02, effective_ranks=(127, 27), class_paired=True
Epoch [15/100] | Loss: 6.0339 (Cls: 6.0602, TAL: -0.3672, Adv: 0.2218, OT-Reg: 0.001295) | OT inner objective: 0.0224 | Marginal residual row/col/max: 1.59e-05/1.63e-08/1.59e-05 | Train Acc: 0.2969 | Val Acc: 0.2500 | Val P/R/F1 (Macro): 0.1978/0.4389/0.2248 | LR: 0.000003
Epoch [16/100] | SVD update #16: pairs=128, sweeps=3, converged=False, rel_change=3.194e-02, effective_ranks=(127, 26), class_paired=True
Epoch [16/100] | Loss: 6.1230 (Cls: 6.1368, TAL: -0.2191, Adv: 0.1570, OT-Reg: 0.001506) | OT inner objective: 0.1117 | Marginal residual row/col/max: 9.31e-09/8.85e-09/1.12e-08 | Train Acc: 0.3984 | Val Acc: 0.1944 | Val P/R/F1 (Macro): 0.1056/0.3630/0.1436 | LR: 0.000003
Epoch [17/100] | SVD update #17: pairs=128, sweeps=3, converged=False, rel_change=1.685e-02, effective_ranks=(127, 27), class_paired=True
Epoch [17/100] | Loss: 6.1911 (Cls: 6.2078, TAL: -0.2533, Adv: 0.1710, OT-Reg: 0.001411) | OT inner objective: 0.0904 | Marginal residual row/col/max: 1.58e-07/1.02e-08/1.58e-07 | Train Acc: 0.3359 | Val Acc: 0.3056 | Val P/R/F1 (Macro): 0.2693/0.4287/0.2853 | LR: 0.000003
Epoch [18/100] | SVD update #18: pairs=128, sweeps=3, converged=False, rel_change=8.350e-03, effective_ranks=(127, 25), class_paired=True
Epoch [18/100] | Loss: 5.9902 (Cls: 6.0212, TAL: -0.3694, Adv: 0.1669, OT-Reg: 0.001436) | OT inner objective: 0.0295 | Marginal residual row/col/max: 3.00e-06/1.02e-08/3.00e-06 | Train Acc: 0.3047 | Val Acc: 0.3611 | Val P/R/F1 (Macro): 0.3028/0.3861/0.3176 | LR: 0.000003
  >>> New Best Val Acc: 0.3611
Epoch [19/100] | SVD update #19: pairs=128, sweeps=3, converged=False, rel_change=1.654e-03, effective_ranks=(127, 27), class_paired=True
Epoch [19/100] | Loss: 5.9583 (Cls: 5.9866, TAL: -0.3442, Adv: 0.1627, OT-Reg: 0.001485) | OT inner objective: 0.0643 | Marginal residual row/col/max: 3.24e-05/1.21e-08/3.24e-05 | Train Acc: 0.3438 | Val Acc: 0.3611 | Val P/R/F1 (Macro): 0.3627/0.4880/0.3312 | LR: 0.000003
Epoch [20/100] | SVD update #20: pairs=128, sweeps=3, converged=False, rel_change=5.359e-03, effective_ranks=(127, 26), class_paired=True
Epoch [20/100] | Loss: 5.9543 (Cls: 5.9863, TAL: -0.3833, Adv: 0.1750, OT-Reg: 0.001438) | OT inner objective: 0.0220 | Marginal residual row/col/max: 9.94e-06/1.35e-08/9.94e-06 | Train Acc: 0.3516 | Val Acc: 0.3611 | Val P/R/F1 (Macro): 0.2772/0.4889/0.3206 | LR: 0.000003
Epoch [21/100] | SVD update #21: pairs=128, sweeps=3, converged=False, rel_change=3.466e-03, effective_ranks=(127, 23), class_paired=True
Epoch [21/100] | Loss: 5.9017 (Cls: 5.9321, TAL: -0.3526, Adv: 0.1487, OT-Reg: 0.001439) | OT inner objective: 0.0067 | Marginal residual row/col/max: 2.22e-06/1.58e-08/2.22e-06 | Train Acc: 0.3516 | Val Acc: 0.3611 | Val P/R/F1 (Macro): 0.3430/0.4880/0.3164 | LR: 0.000003
Epoch [22/100] | SVD update #22: pairs=128, sweeps=3, converged=False, rel_change=1.367e-03, effective_ranks=(127, 22), class_paired=True
Epoch [22/100] | Loss: 5.8833 (Cls: 5.9142, TAL: -0.3868, Adv: 0.1947, OT-Reg: 0.001454) | OT inner objective: -0.0383 | Marginal residual row/col/max: 1.18e-06/8.38e-09/1.18e-06 | Train Acc: 0.3672 | Val Acc: 0.3056 | Val P/R/F1 (Macro): 0.4204/0.4759/0.3988 | LR: 0.000003
Epoch [23/100] | SVD update #23: pairs=128, sweeps=3, converged=False, rel_change=1.033e-02, effective_ranks=(127, 22), class_paired=True
Epoch [23/100] | Loss: 5.7630 (Cls: 5.7994, TAL: -0.4057, Adv: 0.1527, OT-Reg: 0.001392) | OT inner objective: -0.0312 | Marginal residual row/col/max: 4.99e-05/1.44e-08/4.99e-05 | Train Acc: 0.3203 | Val Acc: 0.3333 | Val P/R/F1 (Macro): 0.4377/0.4694/0.3327 | LR: 0.000003
Epoch [24/100] | SVD update #24: pairs=128, sweeps=3, converged=False, rel_change=5.104e-03, effective_ranks=(127, 22), class_paired=True
Epoch [24/100] | Loss: 5.8090 (Cls: 5.8378, TAL: -0.3318, Adv: 0.1380, OT-Reg: 0.001384) | OT inner objective: 0.0049 | Marginal residual row/col/max: 8.58e-06/1.21e-08/8.58e-06 | Train Acc: 0.3828 | Val Acc: 0.2500 | Val P/R/F1 (Macro): 0.3188/0.3102/0.1947 | LR: 0.000003
Epoch [25/100] | SVD update #25: pairs=128, sweeps=3, converged=False, rel_change=1.702e-03, effective_ranks=(127, 19), class_paired=True
Epoch [25/100] | Loss: 5.6038 (Cls: 5.6315, TAL: -0.3111, Adv: 0.1207, OT-Reg: 0.001522) | OT inner objective: -0.0307 | Marginal residual row/col/max: 3.06e-06/1.12e-08/3.06e-06 | Train Acc: 0.3984 | Val Acc: 0.3889 | Val P/R/F1 (Macro): 0.3386/0.5370/0.3720 | LR: 0.000003
  >>> New Best Val Acc: 0.3889
Epoch [26/100] | SVD update #26: pairs=128, sweeps=3, converged=False, rel_change=6.911e-03, effective_ranks=(127, 21), class_paired=True
Epoch [26/100] | Loss: 5.8994 (Cls: 5.9309, TAL: -0.3729, Adv: 0.1647, OT-Reg: 0.001372) | OT inner objective: 0.0091 | Marginal residual row/col/max: 1.25e-04/1.63e-08/1.25e-04 | Train Acc: 0.3516 | Val Acc: 0.3333 | Val P/R/F1 (Macro): 0.3130/0.4296/0.3055 | LR: 0.000003
Epoch [27/100] | SVD update #27: pairs=128, sweeps=3, converged=False, rel_change=6.105e-03, effective_ranks=(127, 22), class_paired=True
Epoch [27/100] | Loss: 5.4869 (Cls: 5.5204, TAL: -0.3922, Adv: 0.1690, OT-Reg: 0.001462) | OT inner objective: -0.0440 | Marginal residual row/col/max: 1.22e-04/1.07e-08/1.22e-04 | Train Acc: 0.4531 | Val Acc: 0.3611 | Val P/R/F1 (Macro): 0.3636/0.5167/0.3929 | LR: 0.000003
Epoch [28/100] | SVD update #28: pairs=128, sweeps=3, converged=False, rel_change=5.381e-03, effective_ranks=(127, 21), class_paired=True
Epoch [28/100] | Loss: 5.3752 (Cls: 5.4013, TAL: -0.3178, Adv: 0.1505, OT-Reg: 0.001455) | OT inner objective: 0.1278 | Marginal residual row/col/max: 1.26e-08/1.54e-08/1.72e-08 | Train Acc: 0.4531 | Val Acc: 0.5278 | Val P/R/F1 (Macro): 0.4830/0.5731/0.4881 | LR: 0.000003
  >>> New Best Val Acc: 0.5278
Epoch [29/100] | SVD update #29: pairs=128, sweeps=3, converged=False, rel_change=2.151e-03, effective_ranks=(127, 25), class_paired=True
Epoch [29/100] | Loss: 5.5076 (Cls: 5.5282, TAL: -0.2768, Adv: 0.1571, OT-Reg: 0.001381) | OT inner objective: -0.0095 | Marginal residual row/col/max: 2.13e-06/1.77e-08/2.13e-06 | Train Acc: 0.3672 | Val Acc: 0.3333 | Val P/R/F1 (Macro): 0.2085/0.4722/0.2735 | LR: 0.000003
Epoch [30/100] | SVD update #30: pairs=128, sweeps=3, converged=False, rel_change=6.937e-04, effective_ranks=(127, 24), class_paired=True
Epoch [30/100] | Loss: 5.3283 (Cls: 5.3585, TAL: -0.3420, Adv: 0.1354, OT-Reg: 0.001477) | OT inner objective: 0.0718 | Marginal residual row/col/max: 7.80e-07/9.78e-09/7.81e-07 | Train Acc: 0.3984 | Val Acc: 0.3333 | Val P/R/F1 (Macro): 0.3073/0.3889/0.2811 | LR: 0.000003
Epoch [31/100] | SVD update #31: pairs=128, sweeps=3, converged=False, rel_change=1.554e-03, effective_ranks=(127, 25), class_paired=True
Epoch [31/100] | Loss: 5.3409 (Cls: 5.3772, TAL: -0.3936, Adv: 0.1363, OT-Reg: 0.001497) | OT inner objective: -0.0041 | Marginal residual row/col/max: 1.13e-06/9.78e-09/1.13e-06 | Train Acc: 0.4375 | Val Acc: 0.4722 | Val P/R/F1 (Macro): 0.3333/0.4787/0.3454 | LR: 0.000003
Epoch [32/100] | SVD update #32: pairs=128, sweeps=3, converged=False, rel_change=1.049e-03, effective_ranks=(127, 23), class_paired=True
Epoch [32/100] | Loss: 5.2358 (Cls: 5.2735, TAL: -0.3930, Adv: 0.1190, OT-Reg: 0.001385) | OT inner objective: 0.0266 | Marginal residual row/col/max: 1.74e-06/1.16e-08/1.74e-06 | Train Acc: 0.4141 | Val Acc: 0.3889 | Val P/R/F1 (Macro): 0.3937/0.5019/0.3750 | LR: 0.000003
Epoch [33/100] | SVD update #33: pairs=128, sweeps=3, converged=False, rel_change=1.924e-03, effective_ranks=(127, 20), class_paired=True
Epoch [33/100] | Loss: 5.3383 (Cls: 5.3672, TAL: -0.3173, Adv: 0.1156, OT-Reg: 0.001538) | OT inner objective: 0.0288 | Marginal residual row/col/max: 6.50e-06/1.07e-08/6.50e-06 | Train Acc: 0.4219 | Val Acc: 0.3611 | Val P/R/F1 (Macro): 0.4058/0.5130/0.3786 | LR: 0.000003
Epoch [34/100] | SVD update #34: pairs=128, sweeps=3, converged=False, rel_change=8.143e-04, effective_ranks=(127, 21), class_paired=True
Epoch [34/100] | Loss: 5.3261 (Cls: 5.3605, TAL: -0.3771, Adv: 0.1361, OT-Reg: 0.001359) | OT inner objective: -0.0012 | Marginal residual row/col/max: 8.07e-06/1.30e-08/8.07e-06 | Train Acc: 0.3750 | Val Acc: 0.3333 | Val P/R/F1 (Macro): 0.4256/0.4991/0.3391 | LR: 0.000003
Epoch [35/100] | SVD update #35: pairs=128, sweeps=3, converged=False, rel_change=5.860e-04, effective_ranks=(127, 20), class_paired=True
Epoch [35/100] | Loss: 5.3995 (Cls: 5.4402, TAL: -0.4238, Adv: 0.1271, OT-Reg: 0.001413) | OT inner objective: -0.0530 | Marginal residual row/col/max: 1.52e-04/1.21e-08/1.52e-04 | Train Acc: 0.3359 | Val Acc: 0.3333 | Val P/R/F1 (Macro): 0.2324/0.4556/0.2759 | LR: 0.000003
Epoch [36/100] | SVD update #36: pairs=128, sweeps=3, converged=False, rel_change=3.622e-03, effective_ranks=(127, 19), class_paired=True
Epoch [36/100] | Loss: 5.4601 (Cls: 5.4916, TAL: -0.3601, Adv: 0.1467, OT-Reg: 0.001539) | OT inner objective: 0.0267 | Marginal residual row/col/max: 1.34e-06/1.12e-08/1.34e-06 | Train Acc: 0.3438 | Val Acc: 0.3889 | Val P/R/F1 (Macro): 0.3775/0.4769/0.3627 | LR: 0.000003
Epoch [37/100] | SVD update #37: pairs=128, sweeps=3, converged=False, rel_change=1.133e-03, effective_ranks=(127, 21), class_paired=True
Epoch [37/100] | Loss: 5.1796 (Cls: 5.2125, TAL: -0.3616, Adv: 0.1319, OT-Reg: 0.001353) | OT inner objective: 0.0337 | Marginal residual row/col/max: 1.13e-04/1.21e-08/1.13e-04 | Train Acc: 0.4453 | Val Acc: 0.4444 | Val P/R/F1 (Macro): 0.5004/0.5713/0.4416 | LR: 0.000003
Epoch [38/100] | SVD update #38: pairs=128, sweeps=3, converged=False, rel_change=2.747e-03, effective_ranks=(127, 26), class_paired=True
Epoch [38/100] | Loss: 5.1351 (Cls: 5.1765, TAL: -0.4120, Adv: 0.0997, OT-Reg: 0.001345) | OT inner objective: -0.0023 | Marginal residual row/col/max: 2.08e-04/1.21e-08/2.08e-04 | Train Acc: 0.3984 | Val Acc: 0.4444 | Val P/R/F1 (Macro): 0.3643/0.5741/0.4187 | LR: 0.000003
Epoch [39/100] | SVD update #39: pairs=128, sweeps=3, converged=False, rel_change=4.699e-03, effective_ranks=(127, 24), class_paired=True
Epoch [39/100] | Loss: 5.0889 (Cls: 5.1254, TAL: -0.3836, Adv: 0.1186, OT-Reg: 0.001471) | OT inner objective: -0.0455 | Marginal residual row/col/max: 8.23e-06/8.38e-09/8.23e-06 | Train Acc: 0.4453 | Val Acc: 0.4444 | Val P/R/F1 (Macro): 0.4740/0.5204/0.4291 | LR: 0.000001
Epoch [40/100] | SVD update #40: pairs=128, sweeps=3, converged=False, rel_change=3.719e-03, effective_ranks=(127, 19), class_paired=True
Epoch [40/100] | Loss: 5.0666 (Cls: 5.0847, TAL: -0.2536, Adv: 0.1546, OT-Reg: 0.001439) | OT inner objective: 0.0257 | Marginal residual row/col/max: 2.10e-08/8.85e-09/2.10e-08 | Train Acc: 0.4844 | Val Acc: 0.5278 | Val P/R/F1 (Macro): 0.5088/0.6315/0.5076 | LR: 0.000001
Epoch [41/100] | SVD update #41: pairs=128, sweeps=3, converged=False, rel_change=1.568e-03, effective_ranks=(127, 21), class_paired=True
Epoch [41/100] | Loss: 4.9333 (Cls: 4.9738, TAL: -0.4227, Adv: 0.1268, OT-Reg: 0.001502) | OT inner objective: -0.0561 | Marginal residual row/col/max: 1.08e-05/1.30e-08/1.08e-05 | Train Acc: 0.4219 | Val Acc: 0.3889 | Val P/R/F1 (Macro): 0.4250/0.5019/0.3894 | LR: 0.000001
Epoch [42/100] | SVD update #42: pairs=128, sweeps=3, converged=False, rel_change=6.667e-03, effective_ranks=(127, 24), class_paired=True
Epoch [42/100] | Loss: 4.8380 (Cls: 4.8734, TAL: -0.3796, Adv: 0.1270, OT-Reg: 0.001520) | OT inner objective: -0.0337 | Marginal residual row/col/max: 2.42e-06/1.07e-08/2.42e-06 | Train Acc: 0.5000 | Val Acc: 0.5000 | Val P/R/F1 (Macro): 0.4333/0.5250/0.4238 | LR: 0.000001
Epoch [43/100] | SVD update #43: pairs=128, sweeps=3, converged=False, rel_change=6.884e-04, effective_ranks=(127, 27), class_paired=True
Epoch [43/100] | Loss: 4.8116 (Cls: 4.8465, TAL: -0.3815, Adv: 0.1361, OT-Reg: 0.001383) | OT inner objective: 0.0216 | Marginal residual row/col/max: 9.20e-06/1.44e-08/9.20e-06 | Train Acc: 0.5078 | Val Acc: 0.3889 | Val P/R/F1 (Macro): 0.3565/0.4537/0.3286 | LR: 0.000001
Epoch [44/100] | SVD update #44: pairs=128, sweeps=3, converged=False, rel_change=8.308e-03, effective_ranks=(127, 28), class_paired=True
Epoch [44/100] | Loss: 5.1259 (Cls: 5.1690, TAL: -0.4312, Adv: 0.1077, OT-Reg: 0.001454) | OT inner objective: -0.0451 | Marginal residual row/col/max: 9.94e-07/9.31e-09/9.94e-07 | Train Acc: 0.4297 | Val Acc: 0.5833 | Val P/R/F1 (Macro): 0.5243/0.5861/0.5191 | LR: 0.000001
  >>> New Best Val Acc: 0.5833
Epoch [45/100] | SVD update #45: pairs=128, sweeps=3, converged=False, rel_change=5.074e-04, effective_ranks=(127, 26), class_paired=True
Epoch [45/100] | Loss: 4.9929 (Cls: 5.0232, TAL: -0.3305, Adv: 0.1175, OT-Reg: 0.001325) | OT inner objective: -0.0339 | Marginal residual row/col/max: 2.49e-04/1.40e-08/2.49e-04 | Train Acc: 0.3359 | Val Acc: 0.3611 | Val P/R/F1 (Macro): 0.2857/0.3963/0.3192 | LR: 0.000001
Epoch [46/100] | SVD update #46: pairs=128, sweeps=3, converged=False, rel_change=3.845e-03, effective_ranks=(127, 24), class_paired=True
Epoch [46/100] | Loss: 4.9134 (Cls: 4.9501, TAL: -0.4283, Adv: 0.1835, OT-Reg: 0.001345) | OT inner objective: -0.0668 | Marginal residual row/col/max: 3.80e-04/9.31e-09/3.80e-04 | Train Acc: 0.4922 | Val Acc: 0.3056 | Val P/R/F1 (Macro): 0.2705/0.3648/0.2383 | LR: 0.000001
Epoch [47/100] | SVD update #47: pairs=128, sweeps=3, converged=False, rel_change=1.563e-03, effective_ranks=(127, 23), class_paired=True
Epoch [47/100] | Loss: 4.8042 (Cls: 4.8371, TAL: -0.3937, Adv: 0.1798, OT-Reg: 0.001274) | OT inner objective: -0.0132 | Marginal residual row/col/max: 4.89e-05/1.49e-08/4.89e-05 | Train Acc: 0.4297 | Val Acc: 0.5833 | Val P/R/F1 (Macro): 0.5421/0.6083/0.5573 | LR: 0.000001
Epoch [48/100] | SVD update #48: pairs=128, sweeps=3, converged=False, rel_change=1.291e-03, effective_ranks=(127, 23), class_paired=True
Epoch [48/100] | Loss: 4.9731 (Cls: 5.0064, TAL: -0.3794, Adv: 0.1528, OT-Reg: 0.001428) | OT inner objective: 0.0072 | Marginal residual row/col/max: 1.35e-06/1.07e-08/1.35e-06 | Train Acc: 0.5078 | Val Acc: 0.4444 | Val P/R/F1 (Macro): 0.4302/0.5398/0.4291 | LR: 0.000001
Epoch [49/100] | SVD update #49: pairs=128, sweeps=3, converged=False, rel_change=2.826e-03, effective_ranks=(127, 23), class_paired=True
Epoch [49/100] | Loss: 4.8576 (Cls: 4.8965, TAL: -0.4091, Adv: 0.1268, OT-Reg: 0.001498) | OT inner objective: -0.0561 | Marginal residual row/col/max: 5.15e-06/1.21e-08/5.15e-06 | Train Acc: 0.4844 | Val Acc: 0.5000 | Val P/R/F1 (Macro): 0.5231/0.5806/0.4970 | LR: 0.000001
Epoch [50/100] | SVD update #50: pairs=128, sweeps=3, converged=False, rel_change=1.221e-03, effective_ranks=(127, 23), class_paired=True
Epoch [50/100] | Loss: 4.9614 (Cls: 4.9950, TAL: -0.3643, Adv: 0.1267, OT-Reg: 0.001443) | OT inner objective: 0.0067 | Marginal residual row/col/max: 1.40e-04/1.68e-08/1.40e-04 | Train Acc: 0.4609 | Val Acc: 0.4444 | Val P/R/F1 (Macro): 0.5219/0.5120/0.3903 | LR: 0.000001
Epoch [51/100] | SVD update #51: pairs=128, sweeps=3, converged=False, rel_change=1.985e-03, effective_ranks=(127, 25), class_paired=True
Epoch [51/100] | Loss: 4.7767 (Cls: 4.8214, TAL: -0.4516, Adv: 0.1180, OT-Reg: 0.001412) | OT inner objective: 0.0089 | Marginal residual row/col/max: 2.81e-04/1.07e-08/2.81e-04 | Train Acc: 0.5078 | Val Acc: 0.5000 | Val P/R/F1 (Macro): 0.5736/0.5806/0.5130 | LR: 0.000001
Epoch [52/100] | SVD update #52: pairs=128, sweeps=3, converged=False, rel_change=5.237e-04, effective_ranks=(127, 26), class_paired=True
Epoch [52/100] | Loss: 5.0651 (Cls: 5.0951, TAL: -0.3284, Adv: 0.1175, OT-Reg: 0.001315) | OT inner objective: 0.0417 | Marginal residual row/col/max: 3.52e-04/1.21e-08/3.52e-04 | Train Acc: 0.4453 | Val Acc: 0.5000 | Val P/R/F1 (Macro): 0.4537/0.5787/0.4466 | LR: 0.000001
Epoch [53/100] | SVD update #53: pairs=128, sweeps=3, converged=False, rel_change=6.416e-04, effective_ranks=(127, 27), class_paired=True
Epoch [53/100] | Loss: 4.7550 (Cls: 4.7921, TAL: -0.3741, Adv: 0.0975, OT-Reg: 0.001308) | OT inner objective: -0.0168 | Marginal residual row/col/max: 6.52e-06/2.51e-08/6.52e-06 | Train Acc: 0.4922 | Val Acc: 0.5556 | Val P/R/F1 (Macro): 0.5614/0.6407/0.5548 | LR: 0.000001
Epoch [54/100] | SVD update #54: pairs=128, sweeps=3, converged=False, rel_change=9.621e-04, effective_ranks=(127, 26), class_paired=True
Epoch [54/100] | Loss: 4.6742 (Cls: 4.7110, TAL: -0.3838, Adv: 0.1154, OT-Reg: 0.001369) | OT inner objective: 0.0299 | Marginal residual row/col/max: 6.97e-07/9.31e-09/6.97e-07 | Train Acc: 0.5312 | Val Acc: 0.5556 | Val P/R/F1 (Macro): 0.5019/0.5806/0.4697 | LR: 0.000001
Epoch [55/100] | SVD update #55: pairs=128, sweeps=3, converged=False, rel_change=1.941e-03, effective_ranks=(127, 26), class_paired=True
Epoch [55/100] | Loss: 4.6959 (Cls: 4.7312, TAL: -0.3859, Adv: 0.1375, OT-Reg: 0.001353) | OT inner objective: 0.0625 | Marginal residual row/col/max: 5.41e-06/1.68e-08/5.41e-06 | Train Acc: 0.4531 | Val Acc: 0.5556 | Val P/R/F1 (Macro): 0.6274/0.6407/0.5712 | LR: 0.000001
Epoch [56/100] | SVD update #56: pairs=128, sweeps=3, converged=False, rel_change=1.803e-03, effective_ranks=(127, 26), class_paired=True
Epoch [56/100] | Loss: 4.7910 (Cls: 4.8283, TAL: -0.4065, Adv: 0.1428, OT-Reg: 0.001333) | OT inner objective: -0.0245 | Marginal residual row/col/max: 1.38e-05/1.96e-08/1.38e-05 | Train Acc: 0.4297 | Val Acc: 0.5833 | Val P/R/F1 (Macro): 0.6032/0.5759/0.5364 | LR: 0.000001
Epoch [57/100] | SVD update #57: pairs=128, sweeps=3, converged=False, rel_change=5.285e-04, effective_ranks=(127, 27), class_paired=True
Epoch [57/100] | Loss: 4.5617 (Cls: 4.6026, TAL: -0.4052, Adv: 0.0969, OT-Reg: 0.001342) | OT inner objective: 0.0480 | Marginal residual row/col/max: 2.69e-07/1.40e-08/2.69e-07 | Train Acc: 0.4844 | Val Acc: 0.5833 | Val P/R/F1 (Macro): 0.5296/0.5759/0.5093 | LR: 0.000001
Epoch [58/100] | SVD update #58: pairs=128, sweeps=3, converged=False, rel_change=5.230e-04, effective_ranks=(127, 29), class_paired=True
Epoch [58/100] | Loss: 4.5525 (Cls: 4.5966, TAL: -0.4466, Adv: 0.1179, OT-Reg: 0.001389) | OT inner objective: 0.0058 | Marginal residual row/col/max: 1.38e-07/1.26e-08/1.38e-07 | Train Acc: 0.5234 | Val Acc: 0.5000 | Val P/R/F1 (Macro): 0.4454/0.5250/0.4506 | LR: 0.000001
Epoch [59/100] | SVD update #59: pairs=128, sweeps=3, converged=False, rel_change=3.684e-04, effective_ranks=(127, 30), class_paired=True
Epoch [59/100] | Loss: 4.7593 (Cls: 4.7927, TAL: -0.3928, Adv: 0.1718, OT-Reg: 0.001373) | OT inner objective: 0.0382 | Marginal residual row/col/max: 1.65e-04/1.16e-08/1.65e-04 | Train Acc: 0.4609 | Val Acc: 0.4167 | Val P/R/F1 (Macro): 0.5172/0.4472/0.3773 | LR: 0.000001
Epoch [60/100] | SVD update #60: pairs=128, sweeps=3, converged=False, rel_change=9.409e-04, effective_ranks=(127, 30), class_paired=True
Epoch [60/100] | Loss: 4.6300 (Cls: 4.6775, TAL: -0.4948, Adv: 0.1485, OT-Reg: 0.001418) | OT inner objective: -0.0887 | Marginal residual row/col/max: 2.65e-05/1.58e-08/2.65e-05 | Train Acc: 0.5234 | Val Acc: 0.5000 | Val P/R/F1 (Macro): 0.4577/0.5852/0.4759 | LR: 0.000001
Epoch [61/100] | SVD update #61: pairs=128, sweeps=3, converged=False, rel_change=2.397e-03, effective_ranks=(127, 31), class_paired=True
Epoch [61/100] | Loss: 4.6082 (Cls: 4.6439, TAL: -0.4118, Adv: 0.1721, OT-Reg: 0.001469) | OT inner objective: -0.0385 | Marginal residual row/col/max: 2.04e-06/1.77e-08/2.04e-06 | Train Acc: 0.5156 | Val Acc: 0.5000 | Val P/R/F1 (Macro): 0.4061/0.5667/0.4495 | LR: 0.000001
Epoch [62/100] | SVD update #62: pairs=128, sweeps=3, converged=False, rel_change=3.084e-03, effective_ranks=(127, 27), class_paired=True
Epoch [62/100] | Loss: 4.5052 (Cls: 4.5409, TAL: -0.3797, Adv: 0.1225, OT-Reg: 0.001426) | OT inner objective: -0.0753 | Marginal residual row/col/max: 4.17e-05/1.30e-08/4.17e-05 | Train Acc: 0.4688 | Val Acc: 0.5833 | Val P/R/F1 (Macro): 0.5889/0.6454/0.5726 | LR: 0.000001
Epoch [63/100] | SVD update #63: pairs=128, sweeps=3, converged=False, rel_change=1.289e-03, effective_ranks=(127, 26), class_paired=True
Epoch [63/100] | Loss: 4.7025 (Cls: 4.7328, TAL: -0.3192, Adv: 0.1008, OT-Reg: 0.001457) | OT inner objective: 0.0351 | Marginal residual row/col/max: 2.56e-07/1.02e-08/2.56e-07 | Train Acc: 0.5469 | Val Acc: 0.4167 | Val P/R/F1 (Macro): 0.3631/0.4380/0.3328 | LR: 0.000001
Epoch [64/100] | SVD update #64: pairs=128, sweeps=3, converged=False, rel_change=1.782e-03, effective_ranks=(127, 27), class_paired=True
Epoch [64/100] | Loss: 4.5207 (Cls: 4.5522, TAL: -0.3283, Adv: 0.0989, OT-Reg: 0.001480) | OT inner objective: 0.0858 | Marginal residual row/col/max: 1.26e-04/1.21e-08/1.26e-04 | Train Acc: 0.5859 | Val Acc: 0.4444 | Val P/R/F1 (Macro): 0.5194/0.4880/0.4013 | LR: 0.000001
Epoch [65/100] | SVD update #65: pairs=128, sweeps=3, converged=False, rel_change=1.174e-03, effective_ranks=(127, 29), class_paired=True
Epoch [65/100] | Loss: 4.7778 (Cls: 4.8181, TAL: -0.4221, Adv: 0.1293, OT-Reg: 0.001441) | OT inner objective: -0.0413 | Marginal residual row/col/max: 6.13e-05/9.31e-09/6.13e-05 | Train Acc: 0.5469 | Val Acc: 0.5556 | Val P/R/F1 (Macro): 0.4500/0.5907/0.4926 | LR: 0.000001
Epoch [66/100] | SVD update #66: pairs=128, sweeps=3, converged=False, rel_change=1.944e-03, effective_ranks=(127, 32), class_paired=True
Epoch [66/100] | Loss: 4.5647 (Cls: 4.5951, TAL: -0.3485, Adv: 0.1429, OT-Reg: 0.001204) | OT inner objective: 0.0355 | Marginal residual row/col/max: 4.43e-06/1.86e-08/4.43e-06 | Train Acc: 0.5312 | Val Acc: 0.4722 | Val P/R/F1 (Macro): 0.4136/0.5907/0.4489 | LR: 0.000001
Epoch [67/100] | SVD update #67: pairs=128, sweeps=3, converged=False, rel_change=2.062e-03, effective_ranks=(127, 32), class_paired=True
Epoch [67/100] | Loss: 4.4348 (Cls: 4.4805, TAL: -0.4623, Adv: 0.1221, OT-Reg: 0.001465) | OT inner objective: -0.0249 | Marginal residual row/col/max: 3.98e-05/1.35e-08/3.98e-05 | Train Acc: 0.5625 | Val Acc: 0.5278 | Val P/R/F1 (Macro): 0.6278/0.6130/0.5175 | LR: 0.000001
Epoch [68/100] | SVD update #68: pairs=128, sweeps=3, converged=False, rel_change=2.354e-03, effective_ranks=(127, 31), class_paired=True
Epoch [68/100] | Loss: 5.0991 (Cls: 5.1236, TAL: -0.2877, Adv: 0.1251, OT-Reg: 0.001464) | OT inner objective: -0.0197 | Marginal residual row/col/max: 3.56e-06/1.16e-08/3.56e-06 | Train Acc: 0.4688 | Val Acc: 0.4722 | Val P/R/F1 (Macro): 0.3907/0.4648/0.4000 | LR: 0.000001
Epoch [69/100] | SVD update #69: pairs=128, sweeps=3, converged=False, rel_change=2.575e-03, effective_ranks=(127, 30), class_paired=True
Epoch [69/100] | Loss: 4.2822 (Cls: 4.3146, TAL: -0.3768, Adv: 0.1598, OT-Reg: 0.001322) | OT inner objective: 0.0604 | Marginal residual row/col/max: 1.58e-05/1.49e-08/1.58e-05 | Train Acc: 0.6406 | Val Acc: 0.6111 | Val P/R/F1 (Macro): 0.5435/0.5713/0.5238 | LR: 0.000001
  >>> New Best Val Acc: 0.6111
Epoch [70/100] | SVD update #70: pairs=128, sweeps=3, converged=False, rel_change=1.811e-03, effective_ranks=(127, 29), class_paired=True
Epoch [70/100] | Loss: 4.5078 (Cls: 4.5512, TAL: -0.4587, Adv: 0.1460, OT-Reg: 0.001375) | OT inner objective: -0.0424 | Marginal residual row/col/max: 1.05e-04/1.07e-08/1.05e-04 | Train Acc: 0.5469 | Val Acc: 0.6111 | Val P/R/F1 (Macro): 0.5291/0.5759/0.5121 | LR: 0.000001
Epoch [71/100] | SVD update #71: pairs=128, sweeps=3, converged=False, rel_change=8.669e-04, effective_ranks=(127, 28), class_paired=True
Epoch [71/100] | Loss: 4.4060 (Cls: 4.4447, TAL: -0.4238, Adv: 0.1520, OT-Reg: 0.001478) | OT inner objective: 0.0203 | Marginal residual row/col/max: 1.36e-06/1.02e-08/1.36e-06 | Train Acc: 0.6094 | Val Acc: 0.5556 | Val P/R/F1 (Macro): 0.5926/0.6602/0.5498 | LR: 0.000001
Epoch [72/100] | SVD update #72: pairs=128, sweeps=3, converged=False, rel_change=5.266e-04, effective_ranks=(127, 29), class_paired=True
Epoch [72/100] | Loss: 4.4207 (Cls: 4.4523, TAL: -0.3789, Adv: 0.1729, OT-Reg: 0.001315) | OT inner objective: 0.0366 | Marginal residual row/col/max: 4.91e-07/1.58e-08/4.91e-07 | Train Acc: 0.6016 | Val Acc: 0.5278 | Val P/R/F1 (Macro): 0.4611/0.5296/0.4392 | LR: 0.000001
Epoch [73/100] | SVD update #73: pairs=128, sweeps=3, converged=False, rel_change=3.606e-03, effective_ranks=(127, 30), class_paired=True
Epoch [73/100] | Loss: 4.4210 (Cls: 4.4395, TAL: -0.3183, Adv: 0.2465, OT-Reg: 0.001373) | OT inner objective: -0.0083 | Marginal residual row/col/max: 1.61e-04/1.12e-08/1.61e-04 | Train Acc: 0.4766 | Val Acc: 0.6667 | Val P/R/F1 (Macro): 0.6243/0.7102/0.6404 | LR: 0.000001
  >>> New Best Val Acc: 0.6667
Epoch [74/100] | SVD update #74: pairs=128, sweeps=3, converged=False, rel_change=8.628e-04, effective_ranks=(126, 31), class_paired=True
Epoch [74/100] | Loss: 4.8071 (Cls: 4.8395, TAL: -0.4022, Adv: 0.1993, OT-Reg: 0.001527) | OT inner objective: -0.0161 | Marginal residual row/col/max: 2.11e-04/9.78e-09/2.11e-04 | Train Acc: 0.4922 | Val Acc: 0.3611 | Val P/R/F1 (Macro): 0.2778/0.5167/0.3291 | LR: 0.000001
Epoch [75/100] | SVD update #75: pairs=128, sweeps=3, converged=False, rel_change=1.020e-03, effective_ranks=(127, 28), class_paired=True
Epoch [75/100] | Loss: 4.4140 (Cls: 4.4484, TAL: -0.4017, Adv: 0.1735, OT-Reg: 0.001304) | OT inner objective: -0.0519 | Marginal residual row/col/max: 2.89e-04/1.63e-08/2.89e-04 | Train Acc: 0.6250 | Val Acc: 0.6667 | Val P/R/F1 (Macro): 0.6190/0.6685/0.5975 | LR: 0.000001
Epoch [76/100] | SVD update #76: pairs=128, sweeps=3, converged=False, rel_change=1.621e-03, effective_ranks=(127, 28), class_paired=True
Epoch [76/100] | Loss: 4.1928 (Cls: 4.2375, TAL: -0.4699, Adv: 0.1463, OT-Reg: 0.001378) | OT inner objective: -0.0082 | Marginal residual row/col/max: 4.03e-06/1.16e-08/4.03e-06 | Train Acc: 0.6406 | Val Acc: 0.5556 | Val P/R/F1 (Macro): 0.6238/0.6417/0.5488 | LR: 0.000001
Epoch [77/100] | SVD update #77: pairs=128, sweeps=3, converged=False, rel_change=1.495e-03, effective_ranks=(127, 29), class_paired=True
Epoch [77/100] | Loss: 4.5465 (Cls: 4.5838, TAL: -0.4147, Adv: 0.1563, OT-Reg: 0.001445) | OT inner objective: -0.0170 | Marginal residual row/col/max: 6.32e-06/1.44e-08/6.32e-06 | Train Acc: 0.6016 | Val Acc: 0.4722 | Val P/R/F1 (Macro): 0.4260/0.5713/0.4136 | LR: 0.000001
Epoch [78/100] | SVD update #78: pairs=128, sweeps=3, converged=False, rel_change=2.708e-04, effective_ranks=(127, 29), class_paired=True
Epoch [78/100] | Loss: 4.5642 (Cls: 4.5966, TAL: -0.3799, Adv: 0.1649, OT-Reg: 0.001456) | OT inner objective: 0.0063 | Marginal residual row/col/max: 1.34e-04/9.31e-09/1.34e-04 | Train Acc: 0.5391 | Val Acc: 0.5278 | Val P/R/F1 (Macro): 0.5111/0.5944/0.4992 | LR: 0.000001
Epoch [79/100] | SVD update #79: pairs=128, sweeps=3, converged=False, rel_change=8.241e-04, effective_ranks=(127, 29), class_paired=True
Epoch [79/100] | Loss: 4.2404 (Cls: 4.2855, TAL: -0.4965, Adv: 0.1810, OT-Reg: 0.001388) | OT inner objective: -0.0045 | Marginal residual row/col/max: 4.75e-05/1.35e-08/4.75e-05 | Train Acc: 0.5859 | Val Acc: 0.5556 | Val P/R/F1 (Macro): 0.5833/0.6315/0.5310 | LR: 0.000001
Epoch [80/100] | SVD update #80: pairs=128, sweeps=3, converged=False, rel_change=1.674e-03, effective_ranks=(127, 29), class_paired=True
Epoch [80/100] | Loss: 4.1984 (Cls: 4.2319, TAL: -0.3993, Adv: 0.1809, OT-Reg: 0.001509) | OT inner objective: -0.0334 | Marginal residual row/col/max: 1.60e-06/9.31e-09/1.60e-06 | Train Acc: 0.4844 | Val Acc: 0.6389 | Val P/R/F1 (Macro): 0.5807/0.7009/0.6061 | LR: 0.000001
Epoch [81/100] | SVD update #81: pairs=128, sweeps=3, converged=False, rel_change=1.584e-03, effective_ranks=(127, 30), class_paired=True
Epoch [81/100] | Loss: 4.5554 (Cls: 4.5903, TAL: -0.4041, Adv: 0.1698, OT-Reg: 0.001463) | OT inner objective: -0.0204 | Marginal residual row/col/max: 7.80e-05/1.16e-08/7.80e-05 | Train Acc: 0.5703 | Val Acc: 0.6111 | Val P/R/F1 (Macro): 0.5966/0.6546/0.5533 | LR: 0.000001
Epoch [82/100] | SVD update #82: pairs=128, sweeps=3, converged=False, rel_change=8.953e-04, effective_ranks=(127, 29), class_paired=True
Epoch [82/100] | Loss: 4.4785 (Cls: 4.5155, TAL: -0.3852, Adv: 0.1160, OT-Reg: 0.001485) | OT inner objective: -0.0494 | Marginal residual row/col/max: 1.10e-05/9.31e-09/1.10e-05 | Train Acc: 0.5000 | Val Acc: 0.5556 | Val P/R/F1 (Macro): 0.5704/0.5574/0.4920 | LR: 0.000001
Epoch [83/100] | SVD update #83: pairs=128, sweeps=3, converged=False, rel_change=2.049e-03, effective_ranks=(127, 31), class_paired=True
Epoch [83/100] | Loss: 4.3993 (Cls: 4.4368, TAL: -0.4115, Adv: 0.1488, OT-Reg: 0.001465) | OT inner objective: -0.0186 | Marginal residual row/col/max: 1.75e-05/1.30e-08/1.75e-05 | Train Acc: 0.5469 | Val Acc: 0.6111 | Val P/R/F1 (Macro): 0.5306/0.6037/0.5411 | LR: 0.000001
Epoch [84/100] | SVD update #84: pairs=128, sweeps=3, converged=False, rel_change=2.573e-03, effective_ranks=(127, 30), class_paired=True
Epoch [84/100] | Loss: 4.2922 (Cls: 4.3305, TAL: -0.4233, Adv: 0.1560, OT-Reg: 0.001483) | OT inner objective: -0.0489 | Marginal residual row/col/max: 1.55e-05/1.12e-08/1.55e-05 | Train Acc: 0.6094 | Val Acc: 0.5833 | Val P/R/F1 (Macro): 0.5759/0.5481/0.5117 | LR: 0.000001
Epoch [85/100] | SVD update #85: pairs=128, sweeps=3, converged=False, rel_change=1.885e-03, effective_ranks=(127, 30), class_paired=True
Epoch [85/100] | Loss: 4.6826 (Cls: 4.7121, TAL: -0.3671, Adv: 0.1819, OT-Reg: 0.001400) | OT inner objective: 0.0409 | Marginal residual row/col/max: 3.74e-06/1.30e-08/3.74e-06 | Train Acc: 0.5547 | Val Acc: 0.5278 | Val P/R/F1 (Macro): 0.5667/0.6361/0.4926 | LR: 0.000001
Epoch [86/100] | SVD update #86: pairs=128, sweeps=3, converged=False, rel_change=1.697e-04, effective_ranks=(127, 31), class_paired=True
Epoch [86/100] | Loss: 4.5149 (Cls: 4.5579, TAL: -0.4623, Adv: 0.1558, OT-Reg: 0.001453) | OT inner objective: -0.0282 | Marginal residual row/col/max: 2.08e-06/7.92e-09/2.08e-06 | Train Acc: 0.5859 | Val Acc: 0.5833 | Val P/R/F1 (Macro): 0.4667/0.5481/0.4818 | LR: 0.000001
Epoch [87/100] | SVD update #87: pairs=128, sweeps=3, converged=False, rel_change=3.601e-04, effective_ranks=(127, 31), class_paired=True
Epoch [87/100] | Loss: 4.4446 (Cls: 4.4690, TAL: -0.4063, Adv: 0.3039, OT-Reg: 0.001538) | OT inner objective: -0.0607 | Marginal residual row/col/max: 1.18e-05/1.12e-08/1.18e-05 | Train Acc: 0.4922 | Val Acc: 0.6389 | Val P/R/F1 (Macro): 0.6074/0.6130/0.5537 | LR: 0.000001
Epoch [88/100] | SVD update #88: pairs=128, sweeps=3, converged=False, rel_change=6.475e-04, effective_ranks=(127, 32), class_paired=True
Epoch [88/100] | Loss: 4.1889 (Cls: 4.2276, TAL: -0.4456, Adv: 0.1853, OT-Reg: 0.001431) | OT inner objective: 0.0041 | Marginal residual row/col/max: 2.06e-05/1.16e-08/2.06e-05 | Train Acc: 0.6250 | Val Acc: 0.5556 | Val P/R/F1 (Macro): 0.6167/0.6454/0.5398 | LR: 0.000001
Epoch [89/100] | SVD update #89: pairs=128, sweeps=3, converged=False, rel_change=6.006e-04, effective_ranks=(127, 30), class_paired=True
Epoch [89/100] | Loss: 4.1152 (Cls: 4.1403, TAL: -0.4082, Adv: 0.2992, OT-Reg: 0.001490) | OT inner objective: 0.0323 | Marginal residual row/col/max: 2.88e-06/1.07e-08/2.88e-06 | Train Acc: 0.6094 | Val Acc: 0.5833 | Val P/R/F1 (Macro): 0.5778/0.5852/0.5295 | LR: 0.000001
Epoch [90/100] | SVD update #90: pairs=128, sweeps=3, converged=False, rel_change=1.389e-03, effective_ranks=(127, 31), class_paired=True
Epoch [90/100] | Loss: 4.4307 (Cls: 4.4652, TAL: -0.4148, Adv: 0.1916, OT-Reg: 0.001514) | OT inner objective: -0.0133 | Marginal residual row/col/max: 7.97e-06/9.78e-09/7.97e-06 | Train Acc: 0.5234 | Val Acc: 0.6389 | Val P/R/F1 (Macro): 0.5106/0.6130/0.5329 | LR: 0.000001
Epoch [91/100] | SVD update #91: pairs=128, sweeps=3, converged=False, rel_change=1.096e-03, effective_ranks=(127, 31), class_paired=True
Epoch [91/100] | Loss: 4.2691 (Cls: 4.2924, TAL: -0.4300, Adv: 0.3540, OT-Reg: 0.001397) | OT inner objective: 0.0555 | Marginal residual row/col/max: 4.14e-07/9.78e-09/4.14e-07 | Train Acc: 0.6250 | Val Acc: 0.6667 | Val P/R/F1 (Macro): 0.6725/0.7194/0.6224 | LR: 0.000001
Epoch [92/100] | SVD update #92: pairs=128, sweeps=3, converged=False, rel_change=9.916e-04, effective_ranks=(127, 29), class_paired=True
Epoch [92/100] | Loss: 4.3880 (Cls: 4.4160, TAL: -0.3968, Adv: 0.2447, OT-Reg: 0.001434) | OT inner objective: -0.0303 | Marginal residual row/col/max: 9.40e-05/1.07e-08/9.40e-05 | Train Acc: 0.5703 | Val Acc: 0.6667 | Val P/R/F1 (Macro): 0.5762/0.6963/0.6079 | LR: 0.000001
Epoch [93/100] | SVD update #93: pairs=128, sweeps=3, converged=False, rel_change=3.590e-04, effective_ranks=(127, 31), class_paired=True
Epoch [93/100] | Loss: 4.2594 (Cls: 4.2922, TAL: -0.4336, Adv: 0.2396, OT-Reg: 0.001407) | OT inner objective: -0.0115 | Marginal residual row/col/max: 1.84e-05/1.21e-08/1.84e-05 | Train Acc: 0.5781 | Val Acc: 0.6389 | Val P/R/F1 (Macro): 0.5278/0.5806/0.5167 | LR: 0.000001
Epoch [94/100] | SVD update #94: pairs=128, sweeps=3, converged=False, rel_change=3.138e-04, effective_ranks=(127, 34), class_paired=True
Epoch [94/100] | Loss: 4.1216 (Cls: 4.1605, TAL: -0.4686, Adv: 0.2162, OT-Reg: 0.001456) | OT inner objective: -0.0556 | Marginal residual row/col/max: 3.03e-05/1.07e-08/3.03e-05 | Train Acc: 0.6484 | Val Acc: 0.7222 | Val P/R/F1 (Macro): 0.6897/0.7704/0.6970 | LR: 0.000001
  >>> New Best Val Acc: 0.7222
Epoch [95/100] | SVD update #95: pairs=128, sweeps=3, converged=False, rel_change=6.005e-04, effective_ranks=(127, 32), class_paired=True
Epoch [95/100] | Loss: 4.3418 (Cls: 4.3702, TAL: -0.3795, Adv: 0.2145, OT-Reg: 0.001331) | OT inner objective: -0.0360 | Marginal residual row/col/max: 7.10e-05/1.21e-08/7.10e-05 | Train Acc: 0.6016 | Val Acc: 0.6667 | Val P/R/F1 (Macro): 0.5847/0.7148/0.5996 | LR: 0.000001
Epoch [96/100] | SVD update #96: pairs=128, sweeps=3, converged=False, rel_change=1.572e-03, effective_ranks=(127, 31), class_paired=True
Epoch [96/100] | Loss: 4.5420 (Cls: 4.5793, TAL: -0.3991, Adv: 0.1321, OT-Reg: 0.001350) | OT inner objective: 0.0355 | Marginal residual row/col/max: 5.61e-07/1.30e-08/5.62e-07 | Train Acc: 0.5781 | Val Acc: 0.6111 | Val P/R/F1 (Macro): 0.6636/0.7056/0.6123 | LR: 0.000001
Epoch [97/100] | SVD update #97: pairs=128, sweeps=3, converged=False, rel_change=2.481e-03, effective_ranks=(127, 30), class_paired=True
Epoch [97/100] | Loss: 4.4265 (Cls: 4.4444, TAL: -0.3146, Adv: 0.2487, OT-Reg: 0.001421) | OT inner objective: -0.0610 | Marginal residual row/col/max: 1.65e-05/1.58e-08/1.65e-05 | Train Acc: 0.5703 | Val Acc: 0.6389 | Val P/R/F1 (Macro): 0.5870/0.6037/0.5772 | LR: 0.000001
Epoch [98/100] | SVD update #98: pairs=128, sweeps=3, converged=False, rel_change=1.118e-03, effective_ranks=(127, 32), class_paired=True
Epoch [98/100] | Loss: 4.2392 (Cls: 4.2654, TAL: -0.4348, Adv: 0.3242, OT-Reg: 0.001374) | OT inner objective: 0.0576 | Marginal residual row/col/max: 1.15e-06/1.21e-08/1.15e-06 | Train Acc: 0.6484 | Val Acc: 0.6944 | Val P/R/F1 (Macro): 0.6090/0.7565/0.6416 | LR: 0.000001
Epoch [99/100] | SVD update #99: pairs=128, sweeps=3, converged=False, rel_change=1.770e-03, effective_ranks=(127, 31), class_paired=True
Epoch [99/100] | Loss: 4.3084 (Cls: 4.3398, TAL: -0.3991, Adv: 0.2064, OT-Reg: 0.001379) | OT inner objective: 0.0371 | Marginal residual row/col/max: 3.09e-05/1.49e-08/3.09e-05 | Train Acc: 0.5703 | Val Acc: 0.5556 | Val P/R/F1 (Macro): 0.4820/0.5620/0.4341 | LR: 0.000001
Epoch [100/100] | SVD update #100: pairs=128, sweeps=3, converged=False, rel_change=1.982e-03, effective_ranks=(127, 32), class_paired=True
Epoch [100/100] | Loss: 4.4026 (Cls: 4.4289, TAL: -0.3363, Adv: 0.1752, OT-Reg: 0.001512) | OT inner objective: 0.0298 | Marginal residual row/col/max: 1.81e-07/1.07e-08/1.81e-07 | Train Acc: 0.6406 | Val Acc: 0.5556 | Val P/R/F1 (Macro): 0.4290/0.5111/0.4389 | LR: 0.000001
Report strategy: last_window, window=10, reported_acc=0.6417, best_acc=0.7222

迭代 5 报告指标:
  Accuracy: 0.6417
  Precision (Macro): 0.5821
  Recall (Macro): 0.6620
  F1 (Macro): 0.5748
  Precision (Micro): 0.6417
  Recall (Micro): 0.6417
  F1 (Micro): 0.6417
  Val class coverage: 9/14 (0.6429), samples=36

================================================================================
5次迭代统计结果
================================================================================

accuracy:
  各迭代值: ['0.0833', '0.5806', '0.2694', '0.4417', '0.6417']
  均值 (Mean): 0.4033
  标准差 (Std): 0.2049

precision_macro:
  各迭代值: ['0.0571', '0.5781', '0.2257', '0.3718', '0.5821']
  均值 (Mean): 0.3630
  标准差 (Std): 0.2034

recall_macro:
  各迭代值: ['0.1072', '0.6489', '0.3784', '0.4820', '0.6620']
  均值 (Mean): 0.4557
  标准差 (Std): 0.2040

f1_macro:
  各迭代值: ['0.0572', '0.5807', '0.2334', '0.3849', '0.5748']
  均值 (Mean): 0.3662
  标准差 (Std): 0.2015

precision_micro:
  各迭代值: ['0.0833', '0.5806', '0.2694', '0.4417', '0.6417']
  均值 (Mean): 0.4033
  标准差 (Std): 0.2049

recall_micro:
  各迭代值: ['0.0833', '0.5806', '0.2694', '0.4417', '0.6417']
  均值 (Mean): 0.4033
  标准差 (Std): 0.2049

f1_micro:
  各迭代值: ['0.0833', '0.5806', '0.2694', '0.4417', '0.6417']
  均值 (Mean): 0.4033
  标准差 (Std): 0.2049

val_class_coverage:
  各迭代值: ['0.6429', '0.6429', '0.6429', '0.6429', '0.6429']
  均值 (Mean): 0.6429
  标准差 (Std): 0.0000

val_present_classes:
  各迭代值: ['9.0000', '9.0000', '9.0000', '9.0000', '9.0000']
  均值 (Mean): 9.0000
  标准差 (Std): 0.0000

val_total_classes:
  各迭代值: ['14.0000', '14.0000', '14.0000', '14.0000', '14.0000']
  均值 (Mean): 14.0000
  标准差 (Std): 0.0000

val_samples:
  各迭代值: ['36.0000', '36.0000', '36.0000', '36.0000', '36.0000']
  均值 (Mean): 36.0000
  标准差 (Std): 0.0000

训练结束时间: 2026-09-24 13:35:08
================================================================================
