================================================================================
模块消融实验 - with_tensor_with_ot
目标域天气: 黑天
训练开始时间: 2026-09-22 23:34:23
设备: cuda
源域: D:\Code\JMDA-Net\Data\晴天
目标域: D:\Code\JMDA-Net\Data\黑天
批次大小: 8
总轮数: 100
迭代次数: 5
使用Tensor模块: 是
使用OT模块: 是
特征融合方式: Tensor对齐
域对齐方式: 最优传输
目标标签比例/权重: 0.35/0.5
Tensor/Adv损失权重: 0.12/0.08
学习率: feature=5e-06, other=0.0002, weight_decay=0.0005
报告策略: last_window, 窗口: 10
================================================================================

================================================================================
迭代 1/5
随机种子: 42
================================================================================
Training mode: full target-label supervision (class-paired batches).
Feature fusion: Tensor alignment (512+512 -> 128+128); fused_dim=256
Domain adaptation: Neural OT generator with 3-domain discriminator
Loss weights: tensor=0.12, adv=0.08
Transport: mode=sinkhorn, epsilon=0.1, Sinkhorn iterations=50, correction scale=0.1, correction regularization weight=0.001
Tensor projection update: alternating SVD, max_sweeps=3, relative singular-value tolerance=0.0001
Epoch [1/100] | Loss: 8.3409 (Cls: 8.3260, TAL: -0.0317, Adv: 0.2336, OT-Reg: 0.001239) | Marginal residual: 4.50e-05 | Train Acc: 0.1034 | Val Acc: 0.0750 | Val P/R/F1 (Macro): 0.1347/0.0856/0.0290 | LR: 0.000005
  >>> New Best Val Acc: 0.0750
Epoch [2/100] | Loss: 7.5138 (Cls: 7.4893, TAL: 0.0536, Adv: 0.2257, OT-Reg: 0.001211) | Marginal residual: 1.18e-04 | Train Acc: 0.1185 | Val Acc: 0.1167 | Val P/R/F1 (Macro): 0.1552/0.0569/0.0755 | LR: 0.000005
  >>> New Best Val Acc: 0.1167
Epoch [3/100] | Loss: 7.3410 (Cls: 7.3419, TAL: -0.1446, Adv: 0.2054, OT-Reg: 0.001211) | Marginal residual: 1.34e-04 | Train Acc: 0.1466 | Val Acc: 0.2583 | Val P/R/F1 (Macro): 0.1644/0.2490/0.1756 | LR: 0.000005
  >>> New Best Val Acc: 0.2583
Epoch [4/100] | Loss: 7.0840 (Cls: 7.0923, TAL: -0.2225, Adv: 0.2301, OT-Reg: 0.001225) | Marginal residual: 1.64e-04 | Train Acc: 0.1573 | Val Acc: 0.0250 | Val P/R/F1 (Macro): 0.1424/0.0578/0.0328 | LR: 0.000005
Epoch [5/100] | Loss: 6.9350 (Cls: 6.9689, TAL: -0.4367, Adv: 0.2309, OT-Reg: 0.001262) | Marginal residual: 3.69e-04 | Train Acc: 0.1681 | Val Acc: 0.1667 | Val P/R/F1 (Macro): 0.0876/0.1996/0.0896 | LR: 0.000005
Epoch [6/100] | Loss: 6.8245 (Cls: 6.7259, TAL: 0.6020, Adv: 0.3299, OT-Reg: 0.001203) | Marginal residual: 5.92e-08 | Train Acc: 0.2241 | Val Acc: 0.1833 | Val P/R/F1 (Macro): 0.1103/0.2417/0.1274 | LR: 0.000005
Epoch [7/100] | Loss: 6.5961 (Cls: 6.4907, TAL: 0.5399, Adv: 0.5080, OT-Reg: 0.001208) | Marginal residual: 6.51e-08 | Train Acc: 0.2651 | Val Acc: 0.1583 | Val P/R/F1 (Macro): 0.1837/0.2172/0.1088 | LR: 0.000005
Epoch [8/100] | Loss: 6.5443 (Cls: 6.4485, TAL: 0.3475, Adv: 0.6767, OT-Reg: 0.001219) | Marginal residual: 5.28e-05 | Train Acc: 0.1983 | Val Acc: 0.2083 | Val P/R/F1 (Macro): 0.3314/0.2820/0.2123 | LR: 0.000005
Epoch [9/100] | Loss: 6.3487 (Cls: 6.2607, TAL: 0.2732, Adv: 0.6897, OT-Reg: 0.001200) | Marginal residual: 1.44e-04 | Train Acc: 0.2241 | Val Acc: 0.2333 | Val P/R/F1 (Macro): 0.2314/0.3309/0.2489 | LR: 0.000005
Epoch [10/100] | Loss: 6.3190 (Cls: 6.1955, TAL: 0.5374, Adv: 0.7386, OT-Reg: 0.001198) | Marginal residual: 3.47e-07 | Train Acc: 0.2435 | Val Acc: 0.1917 | Val P/R/F1 (Macro): 0.0557/0.2439/0.0863 | LR: 0.000005
Epoch [11/100] | Loss: 6.2822 (Cls: 6.1470, TAL: 0.5701, Adv: 0.8344, OT-Reg: 0.001195) | Marginal residual: 6.85e-08 | Train Acc: 0.2478 | Val Acc: 0.2250 | Val P/R/F1 (Macro): 0.2563/0.3023/0.1664 | LR: 0.000005
Epoch [12/100] | Loss: 6.1830 (Cls: 6.0468, TAL: 0.5445, Adv: 0.8861, OT-Reg: 0.001187) | Marginal residual: 6.38e-08 | Train Acc: 0.2522 | Val Acc: 0.2750 | Val P/R/F1 (Macro): 0.2492/0.3662/0.2099 | LR: 0.000005
  >>> New Best Val Acc: 0.2750
Epoch [13/100] | Loss: 6.1434 (Cls: 6.0043, TAL: 0.5618, Adv: 0.8956, OT-Reg: 0.001228) | Marginal residual: 6.13e-08 | Train Acc: 0.2888 | Val Acc: 0.4250 | Val P/R/F1 (Macro): 0.2677/0.4878/0.3077 | LR: 0.000005
  >>> New Best Val Acc: 0.4250
Epoch [14/100] | Loss: 6.1088 (Cls: 5.9552, TAL: 0.7127, Adv: 0.8517, OT-Reg: 0.001206) | Marginal residual: 1.82e-05 | Train Acc: 0.2629 | Val Acc: 0.2333 | Val P/R/F1 (Macro): 0.2072/0.3476/0.1761 | LR: 0.000005
Epoch [15/100] | Loss: 5.9118 (Cls: 5.7577, TAL: 0.6832, Adv: 0.9021, OT-Reg: 0.001212) | Marginal residual: 7.13e-08 | Train Acc: 0.2823 | Val Acc: 0.1667 | Val P/R/F1 (Macro): 0.1504/0.2851/0.1255 | LR: 0.000005
Epoch [16/100] | Loss: 5.9732 (Cls: 5.8249, TAL: 0.6674, Adv: 0.8537, OT-Reg: 0.001189) | Marginal residual: 4.76e-05 | Train Acc: 0.3556 | Val Acc: 0.3667 | Val P/R/F1 (Macro): 0.2796/0.4212/0.2830 | LR: 0.000005
Epoch [17/100] | Loss: 5.9315 (Cls: 5.8114, TAL: 0.4236, Adv: 0.8654, OT-Reg: 0.001176) | Marginal residual: 3.54e-05 | Train Acc: 0.2737 | Val Acc: 0.3750 | Val P/R/F1 (Macro): 0.2571/0.3000/0.1677 | LR: 0.000005
Epoch [18/100] | Loss: 5.8484 (Cls: 5.7282, TAL: 0.5240, Adv: 0.7176, OT-Reg: 0.001186) | Marginal residual: 3.72e-04 | Train Acc: 0.3147 | Val Acc: 0.2250 | Val P/R/F1 (Macro): 0.4533/0.3926/0.3190 | LR: 0.000005
Epoch [19/100] | Loss: 5.5745 (Cls: 5.4636, TAL: 0.4690, Adv: 0.6831, OT-Reg: 0.001193) | Marginal residual: 2.21e-05 | Train Acc: 0.3685 | Val Acc: 0.2417 | Val P/R/F1 (Macro): 0.2467/0.3138/0.1619 | LR: 0.000005
Epoch [20/100] | Loss: 5.6688 (Cls: 5.5504, TAL: 0.5353, Adv: 0.6764, OT-Reg: 0.001191) | Marginal residual: 4.01e-04 | Train Acc: 0.3664 | Val Acc: 0.2750 | Val P/R/F1 (Macro): 0.3037/0.5036/0.3061 | LR: 0.000005
Epoch [21/100] | Loss: 5.7780 (Cls: 5.6743, TAL: 0.4614, Adv: 0.6040, OT-Reg: 0.001259) | Marginal residual: 5.91e-04 | Train Acc: 0.3427 | Val Acc: 0.2750 | Val P/R/F1 (Macro): 0.1931/0.4336/0.2416 | LR: 0.000005
Epoch [22/100] | Loss: 5.5092 (Cls: 5.4177, TAL: 0.3684, Adv: 0.5908, OT-Reg: 0.001258) | Marginal residual: 3.46e-04 | Train Acc: 0.4009 | Val Acc: 0.1750 | Val P/R/F1 (Macro): 0.1032/0.3184/0.1371 | LR: 0.000005
Epoch [23/100] | Loss: 5.5336 (Cls: 5.4315, TAL: 0.4533, Adv: 0.5967, OT-Reg: 0.001252) | Marginal residual: 3.37e-04 | Train Acc: 0.3858 | Val Acc: 0.3250 | Val P/R/F1 (Macro): 0.3171/0.4707/0.2888 | LR: 0.000005
Epoch [24/100] | Loss: 5.4735 (Cls: 5.3821, TAL: 0.3480, Adv: 0.6208, OT-Reg: 0.001184) | Marginal residual: 5.53e-04 | Train Acc: 0.4203 | Val Acc: 0.1833 | Val P/R/F1 (Macro): 0.2658/0.4047/0.1935 | LR: 0.000003
Epoch [25/100] | Loss: 5.4382 (Cls: 5.3524, TAL: 0.2799, Adv: 0.6518, OT-Reg: 0.001190) | Marginal residual: 3.03e-04 | Train Acc: 0.3728 | Val Acc: 0.4167 | Val P/R/F1 (Macro): 0.2452/0.3796/0.2544 | LR: 0.000003
Epoch [26/100] | Loss: 6.0104 (Cls: 6.0118, TAL: -0.3084, Adv: 0.4447, OT-Reg: 0.001283) | Marginal residual: 6.37e-04 | Train Acc: 0.2392 | Val Acc: 0.1167 | Val P/R/F1 (Macro): 0.1427/0.3675/0.1651 | LR: 0.000003
Epoch [27/100] | Loss: 5.5696 (Cls: 5.4909, TAL: 0.2728, Adv: 0.5741, OT-Reg: 0.001203) | Marginal residual: 4.62e-04 | Train Acc: 0.3147 | Val Acc: 0.2583 | Val P/R/F1 (Macro): 0.2054/0.4286/0.2249 | LR: 0.000003
Epoch [28/100] | Loss: 5.2828 (Cls: 5.1892, TAL: 0.2923, Adv: 0.7320, OT-Reg: 0.001171) | Marginal residual: 4.52e-04 | Train Acc: 0.3966 | Val Acc: 0.3667 | Val P/R/F1 (Macro): 0.3015/0.5189/0.3090 | LR: 0.000003
Epoch [29/100] | Loss: 5.2839 (Cls: 5.1827, TAL: 0.3278, Adv: 0.7732, OT-Reg: 0.001187) | Marginal residual: 5.25e-04 | Train Acc: 0.3944 | Val Acc: 0.3000 | Val P/R/F1 (Macro): 0.2973/0.5238/0.2945 | LR: 0.000003
Epoch [30/100] | Loss: 5.5740 (Cls: 5.5022, TAL: 0.0904, Adv: 0.7610, OT-Reg: 0.001225) | Marginal residual: 6.79e-04 | Train Acc: 0.3125 | Val Acc: 0.1500 | Val P/R/F1 (Macro): 0.1412/0.2444/0.1500 | LR: 0.000003
Epoch [31/100] | Loss: 5.6517 (Cls: 5.6630, TAL: -0.3685, Adv: 0.4115, OT-Reg: 0.001276) | Marginal residual: 1.01e-03 | Train Acc: 0.2349 | Val Acc: 0.2917 | Val P/R/F1 (Macro): 0.2780/0.4195/0.2395 | LR: 0.000003
Epoch [32/100] | Loss: 5.5183 (Cls: 5.5495, TAL: -0.4704, Adv: 0.3148, OT-Reg: 0.001289) | Marginal residual: 6.91e-04 | Train Acc: 0.3060 | Val Acc: 0.1833 | Val P/R/F1 (Macro): 0.1540/0.2590/0.1479 | LR: 0.000003
Epoch [33/100] | Loss: 5.8982 (Cls: 5.8383, TAL: 0.1415, Adv: 0.5365, OT-Reg: 0.001224) | Marginal residual: 4.23e-04 | Train Acc: 0.2866 | Val Acc: 0.1667 | Val P/R/F1 (Macro): 0.2361/0.2313/0.1649 | LR: 0.000003
Epoch [34/100] | Loss: 6.1436 (Cls: 6.0461, TAL: 0.4752, Adv: 0.5059, OT-Reg: 0.001311) | Marginal residual: 1.99e-04 | Train Acc: 0.3103 | Val Acc: 0.1333 | Val P/R/F1 (Macro): 0.1066/0.3423/0.1245 | LR: 0.000003
Epoch [35/100] | Loss: 5.6325 (Cls: 5.6531, TAL: -0.4151, Adv: 0.3649, OT-Reg: 0.001305) | Marginal residual: 7.65e-04 | Train Acc: 0.3427 | Val Acc: 0.1750 | Val P/R/F1 (Macro): 0.0890/0.4087/0.1357 | LR: 0.000001
Epoch [36/100] | Loss: 5.5647 (Cls: 5.5723, TAL: -0.3693, Adv: 0.4595, OT-Reg: 0.001281) | Marginal residual: 8.81e-04 | Train Acc: 0.3664 | Val Acc: 0.2667 | Val P/R/F1 (Macro): 0.1801/0.3846/0.2195 | LR: 0.000001
Epoch [37/100] | Loss: 5.7447 (Cls: 5.6930, TAL: -0.0266, Adv: 0.6852, OT-Reg: 0.001285) | Marginal residual: 7.42e-04 | Train Acc: 0.2953 | Val Acc: 0.1417 | Val P/R/F1 (Macro): 0.1498/0.3601/0.1631 | LR: 0.000001
Epoch [38/100] | Loss: 5.5117 (Cls: 5.5250, TAL: -0.5514, Adv: 0.6614, OT-Reg: 0.001292) | Marginal residual: 1.04e-03 | Train Acc: 0.2974 | Val Acc: 0.1417 | Val P/R/F1 (Macro): 0.1339/0.2314/0.1365 | LR: 0.000001
Epoch [39/100] | Loss: 5.9310 (Cls: 5.8740, TAL: 0.0247, Adv: 0.6760, OT-Reg: 0.001268) | Marginal residual: 9.54e-04 | Train Acc: 0.2866 | Val Acc: 0.1250 | Val P/R/F1 (Macro): 0.1393/0.2317/0.1473 | LR: 0.000001
Epoch [40/100] | Loss: 5.5511 (Cls: 5.5495, TAL: -0.3927, Adv: 0.6086, OT-Reg: 0.001291) | Marginal residual: 8.25e-04 | Train Acc: 0.3147 | Val Acc: 0.2417 | Val P/R/F1 (Macro): 0.1378/0.3128/0.1699 | LR: 0.000001
Epoch [41/100] | Loss: 5.7290 (Cls: 5.7320, TAL: -0.4451, Adv: 0.6302, OT-Reg: 0.001276) | Marginal residual: 9.08e-04 | Train Acc: 0.2694 | Val Acc: 0.1917 | Val P/R/F1 (Macro): 0.2215/0.2864/0.1695 | LR: 0.000001
Epoch [42/100] | Loss: 5.6018 (Cls: 5.5839, TAL: -0.1528, Adv: 0.4528, OT-Reg: 0.001270) | Marginal residual: 7.22e-04 | Train Acc: 0.3384 | Val Acc: 0.1917 | Val P/R/F1 (Macro): 0.2205/0.3372/0.1736 | LR: 0.000001
Epoch [43/100] | Loss: 5.7463 (Cls: 5.6534, TAL: 0.4342, Adv: 0.5105, OT-Reg: 0.001257) | Marginal residual: 5.71e-04 | Train Acc: 0.3448 | Val Acc: 0.1333 | Val P/R/F1 (Macro): 0.3058/0.4395/0.2349 | LR: 0.000001
Epoch [44/100] | Loss: 5.6387 (Cls: 5.6320, TAL: -0.2102, Adv: 0.3999, OT-Reg: 0.001318) | Marginal residual: 5.70e-04 | Train Acc: 0.3470 | Val Acc: 0.1000 | Val P/R/F1 (Macro): 0.1566/0.2554/0.0659 | LR: 0.000001
Epoch [45/100] | Loss: 5.5675 (Cls: 5.5565, TAL: -0.3018, Adv: 0.5893, OT-Reg: 0.001310) | Marginal residual: 6.60e-04 | Train Acc: 0.3750 | Val Acc: 0.1500 | Val P/R/F1 (Macro): 0.2510/0.3736/0.2070 | LR: 0.000001
Epoch [46/100] | Loss: 5.6004 (Cls: 5.5352, TAL: 0.1488, Adv: 0.5915, OT-Reg: 0.001284) | Marginal residual: 7.66e-04 | Train Acc: 0.3233 | Val Acc: 0.1667 | Val P/R/F1 (Macro): 0.2083/0.2682/0.1719 | LR: 0.000001
Epoch [47/100] | Loss: 5.5150 (Cls: 5.4018, TAL: 0.5055, Adv: 0.6568, OT-Reg: 0.001289) | Marginal residual: 6.55e-04 | Train Acc: 0.3621 | Val Acc: 0.1833 | Val P/R/F1 (Macro): 0.1657/0.2620/0.1789 | LR: 0.000001
Epoch [48/100] | Loss: 5.6460 (Cls: 5.6039, TAL: -0.0006, Adv: 0.5281, OT-Reg: 0.001294) | Marginal residual: 7.76e-04 | Train Acc: 0.2866 | Val Acc: 0.1250 | Val P/R/F1 (Macro): 0.0897/0.2070/0.1182 | LR: 0.000001
Epoch [49/100] | Loss: 5.5069 (Cls: 5.4394, TAL: 0.1791, Adv: 0.5761, OT-Reg: 0.001325) | Marginal residual: 7.09e-04 | Train Acc: 0.3491 | Val Acc: 0.1417 | Val P/R/F1 (Macro): 0.1322/0.2608/0.1563 | LR: 0.000001
Epoch [50/100] | Loss: 5.5753 (Cls: 5.5425, TAL: -0.1101, Adv: 0.5753, OT-Reg: 0.001295) | Marginal residual: 7.14e-04 | Train Acc: 0.2953 | Val Acc: 0.1583 | Val P/R/F1 (Macro): 0.2364/0.3034/0.2332 | LR: 0.000001
Epoch [51/100] | Loss: 5.3642 (Cls: 5.3367, TAL: -0.2206, Adv: 0.6750, OT-Reg: 0.001291) | Marginal residual: 8.57e-04 | Train Acc: 0.3534 | Val Acc: 0.1833 | Val P/R/F1 (Macro): 0.1847/0.4251/0.2150 | LR: 0.000001
Epoch [52/100] | Loss: 5.5927 (Cls: 5.5724, TAL: -0.2102, Adv: 0.5686, OT-Reg: 0.001275) | Marginal residual: 1.02e-03 | Train Acc: 0.3513 | Val Acc: 0.1917 | Val P/R/F1 (Macro): 0.1815/0.3426/0.2052 | LR: 0.000001
Epoch [53/100] | Loss: 5.6455 (Cls: 5.5831, TAL: 0.0626, Adv: 0.6863, OT-Reg: 0.001266) | Marginal residual: 1.01e-03 | Train Acc: 0.3815 | Val Acc: 0.2667 | Val P/R/F1 (Macro): 0.2362/0.3915/0.2182 | LR: 0.000001
Epoch [54/100] | Loss: 5.5426 (Cls: 5.4198, TAL: 0.4939, Adv: 0.7943, OT-Reg: 0.001241) | Marginal residual: 1.18e-03 | Train Acc: 0.3750 | Val Acc: 0.3750 | Val P/R/F1 (Macro): 0.2581/0.4422/0.2756 | LR: 0.000001
Epoch [55/100] | Loss: 5.5075 (Cls: 5.4617, TAL: -0.0997, Adv: 0.7219, OT-Reg: 0.001285) | Marginal residual: 8.07e-04 | Train Acc: 0.3341 | Val Acc: 0.0833 | Val P/R/F1 (Macro): 0.0952/0.2131/0.1058 | LR: 0.000001
Epoch [56/100] | Loss: 5.3605 (Cls: 5.2890, TAL: 0.0900, Adv: 0.7583, OT-Reg: 0.001259) | Marginal residual: 9.98e-04 | Train Acc: 0.3707 | Val Acc: 0.1000 | Val P/R/F1 (Macro): 0.1112/0.2874/0.1002 | LR: 0.000001
Epoch [57/100] | Loss: 5.4310 (Cls: 5.3573, TAL: 0.1671, Adv: 0.6705, OT-Reg: 0.001277) | Marginal residual: 1.37e-03 | Train Acc: 0.3836 | Val Acc: 0.3167 | Val P/R/F1 (Macro): 0.2291/0.3135/0.2248 | LR: 0.000001
Epoch [58/100] | Loss: 5.6587 (Cls: 5.5939, TAL: 0.1614, Adv: 0.5688, OT-Reg: 0.001292) | Marginal residual: 5.76e-04 | Train Acc: 0.3211 | Val Acc: 0.1083 | Val P/R/F1 (Macro): 0.1850/0.3191/0.1637 | LR: 0.000001
Epoch [59/100] | Loss: 5.5347 (Cls: 5.5059, TAL: -0.1970, Adv: 0.6559, OT-Reg: 0.001306) | Marginal residual: 9.77e-04 | Train Acc: 0.3685 | Val Acc: 0.2333 | Val P/R/F1 (Macro): 0.2446/0.3952/0.2184 | LR: 0.000001
Epoch [60/100] | Loss: 5.3217 (Cls: 5.3039, TAL: -0.3503, Adv: 0.7476, OT-Reg: 0.001315) | Marginal residual: 8.10e-04 | Train Acc: 0.4052 | Val Acc: 0.2000 | Val P/R/F1 (Macro): 0.2452/0.3727/0.2082 | LR: 0.000001
Epoch [61/100] | Loss: 5.4890 (Cls: 5.4079, TAL: 0.1795, Adv: 0.7445, OT-Reg: 0.001306) | Marginal residual: 8.28e-04 | Train Acc: 0.3707 | Val Acc: 0.2417 | Val P/R/F1 (Macro): 0.1618/0.2880/0.1440 | LR: 0.000001
Epoch [62/100] | Loss: 5.5733 (Cls: 5.5618, TAL: -0.2550, Adv: 0.5273, OT-Reg: 0.001303) | Marginal residual: 9.50e-04 | Train Acc: 0.3427 | Val Acc: 0.1833 | Val P/R/F1 (Macro): 0.1537/0.4354/0.1858 | LR: 0.000001
Epoch [63/100] | Loss: 5.7091 (Cls: 5.6795, TAL: -0.1798, Adv: 0.6395, OT-Reg: 0.001295) | Marginal residual: 9.30e-04 | Train Acc: 0.3125 | Val Acc: 0.2417 | Val P/R/F1 (Macro): 0.2272/0.4591/0.2476 | LR: 0.000001
Epoch [64/100] | Loss: 5.4766 (Cls: 5.4398, TAL: -0.1616, Adv: 0.7016, OT-Reg: 0.001285) | Marginal residual: 9.01e-04 | Train Acc: 0.3858 | Val Acc: 0.1917 | Val P/R/F1 (Macro): 0.2594/0.3817/0.2529 | LR: 0.000001
Epoch [65/100] | Loss: 5.5195 (Cls: 5.4398, TAL: 0.2142, Adv: 0.6758, OT-Reg: 0.001296) | Marginal residual: 1.04e-03 | Train Acc: 0.3341 | Val Acc: 0.2000 | Val P/R/F1 (Macro): 0.1444/0.3910/0.2032 | LR: 0.000001
Epoch [66/100] | Loss: 5.5799 (Cls: 5.4791, TAL: 0.3599, Adv: 0.7200, OT-Reg: 0.001257) | Marginal residual: 1.20e-03 | Train Acc: 0.3642 | Val Acc: 0.3833 | Val P/R/F1 (Macro): 0.4104/0.4719/0.3164 | LR: 0.000001
Epoch [67/100] | Loss: 5.3114 (Cls: 5.3040, TAL: -0.2951, Adv: 0.5352, OT-Reg: 0.001310) | Marginal residual: 8.06e-04 | Train Acc: 0.3642 | Val Acc: 0.3167 | Val P/R/F1 (Macro): 0.2383/0.3963/0.2252 | LR: 0.000001
Epoch [68/100] | Loss: 5.4285 (Cls: 5.3348, TAL: 0.2416, Adv: 0.8085, OT-Reg: 0.001273) | Marginal residual: 1.01e-03 | Train Acc: 0.4159 | Val Acc: 0.3500 | Val P/R/F1 (Macro): 0.3824/0.4474/0.3135 | LR: 0.000001
Epoch [69/100] | Loss: 5.3588 (Cls: 5.3365, TAL: -0.3350, Adv: 0.7814, OT-Reg: 0.001325) | Marginal residual: 8.14e-04 | Train Acc: 0.3966 | Val Acc: 0.1417 | Val P/R/F1 (Macro): 0.1593/0.2728/0.1602 | LR: 0.000001
Epoch [70/100] | Loss: 5.4810 (Cls: 5.3494, TAL: 0.5365, Adv: 0.8403, OT-Reg: 0.001323) | Marginal residual: 5.82e-04 | Train Acc: 0.3879 | Val Acc: 0.2167 | Val P/R/F1 (Macro): 0.3153/0.4347/0.2632 | LR: 0.000001
Epoch [71/100] | Loss: 5.4394 (Cls: 5.3152, TAL: 0.4387, Adv: 0.8937, OT-Reg: 0.001296) | Marginal residual: 5.24e-04 | Train Acc: 0.3772 | Val Acc: 0.1000 | Val P/R/F1 (Macro): 0.2351/0.2980/0.1214 | LR: 0.000001
Epoch [72/100] | Loss: 5.4721 (Cls: 5.3570, TAL: 0.3522, Adv: 0.9098, OT-Reg: 0.001302) | Marginal residual: 7.15e-04 | Train Acc: 0.3470 | Val Acc: 0.1250 | Val P/R/F1 (Macro): 0.1760/0.2791/0.1521 | LR: 0.000001
Epoch [73/100] | Loss: 5.3673 (Cls: 5.3549, TAL: -0.3402, Adv: 0.6642, OT-Reg: 0.001312) | Marginal residual: 7.12e-04 | Train Acc: 0.3534 | Val Acc: 0.3333 | Val P/R/F1 (Macro): 0.2119/0.4227/0.2440 | LR: 0.000001
Epoch [74/100] | Loss: 5.3722 (Cls: 5.3826, TAL: -0.5200, Adv: 0.6497, OT-Reg: 0.001301) | Marginal residual: 7.48e-04 | Train Acc: 0.3728 | Val Acc: 0.3000 | Val P/R/F1 (Macro): 0.2151/0.3406/0.1947 | LR: 0.000001
Epoch [75/100] | Loss: 5.6401 (Cls: 5.5460, TAL: 0.2424, Adv: 0.8131, OT-Reg: 0.001279) | Marginal residual: 1.09e-03 | Train Acc: 0.2845 | Val Acc: 0.2333 | Val P/R/F1 (Macro): 0.2626/0.4168/0.2406 | LR: 0.000001
Epoch [76/100] | Loss: 5.5719 (Cls: 5.5230, TAL: -0.1024, Adv: 0.7656, OT-Reg: 0.001288) | Marginal residual: 9.49e-04 | Train Acc: 0.3621 | Val Acc: 0.2083 | Val P/R/F1 (Macro): 0.1413/0.4001/0.1951 | LR: 0.000001
Epoch [77/100] | Loss: 5.4714 (Cls: 5.4535, TAL: -0.3540, Adv: 0.7550, OT-Reg: 0.001314) | Marginal residual: 8.05e-04 | Train Acc: 0.3664 | Val Acc: 0.1583 | Val P/R/F1 (Macro): 0.1410/0.3234/0.1617 | LR: 0.000001
Epoch [78/100] | Loss: 5.4407 (Cls: 5.3971, TAL: -0.1921, Adv: 0.8326, OT-Reg: 0.001299) | Marginal residual: 5.66e-04 | Train Acc: 0.3793 | Val Acc: 0.2417 | Val P/R/F1 (Macro): 0.2884/0.3922/0.1950 | LR: 0.000001
Epoch [79/100] | Loss: 5.5614 (Cls: 5.4600, TAL: 0.3299, Adv: 0.7721, OT-Reg: 0.001301) | Marginal residual: 6.16e-04 | Train Acc: 0.3793 | Val Acc: 0.2000 | Val P/R/F1 (Macro): 0.2413/0.2427/0.1416 | LR: 0.000001
Epoch [80/100] | Loss: 5.5578 (Cls: 5.5010, TAL: -0.0320, Adv: 0.7588, OT-Reg: 0.001303) | Marginal residual: 8.61e-04 | Train Acc: 0.3470 | Val Acc: 0.2583 | Val P/R/F1 (Macro): 0.3116/0.3528/0.2230 | LR: 0.000001
Epoch [81/100] | Loss: 5.6848 (Cls: 5.6150, TAL: 0.0433, Adv: 0.8084, OT-Reg: 0.001306) | Marginal residual: 7.39e-04 | Train Acc: 0.4246 | Val Acc: 0.2417 | Val P/R/F1 (Macro): 0.3301/0.4056/0.2423 | LR: 0.000001
Epoch [82/100] | Loss: 5.5481 (Cls: 5.4439, TAL: 0.2989, Adv: 0.8541, OT-Reg: 0.001273) | Marginal residual: 1.01e-03 | Train Acc: 0.3642 | Val Acc: 0.1667 | Val P/R/F1 (Macro): 0.1052/0.1167/0.0866 | LR: 0.000001
Epoch [83/100] | Loss: 5.5578 (Cls: 5.5162, TAL: -0.1941, Adv: 0.8107, OT-Reg: 0.001311) | Marginal residual: 6.39e-04 | Train Acc: 0.3578 | Val Acc: 0.1417 | Val P/R/F1 (Macro): 0.2273/0.3106/0.1577 | LR: 0.000001
Epoch [84/100] | Loss: 5.4596 (Cls: 5.3293, TAL: 0.5226, Adv: 0.8452, OT-Reg: 0.001283) | Marginal residual: 9.09e-04 | Train Acc: 0.3901 | Val Acc: 0.1500 | Val P/R/F1 (Macro): 0.1837/0.2476/0.1683 | LR: 0.000001
Epoch [85/100] | Loss: 5.3136 (Cls: 5.2969, TAL: -0.3900, Adv: 0.7938, OT-Reg: 0.001326) | Marginal residual: 7.03e-04 | Train Acc: 0.3750 | Val Acc: 0.0500 | Val P/R/F1 (Macro): 0.0638/0.1053/0.0519 | LR: 0.000001
Epoch [86/100] | Loss: 5.4554 (Cls: 5.3780, TAL: 0.0629, Adv: 0.8733, OT-Reg: 0.001301) | Marginal residual: 7.72e-04 | Train Acc: 0.4095 | Val Acc: 0.3583 | Val P/R/F1 (Macro): 0.4306/0.4729/0.3386 | LR: 0.000001
Epoch [87/100] | Loss: 5.3660 (Cls: 5.3257, TAL: -0.2152, Adv: 0.8273, OT-Reg: 0.001289) | Marginal residual: 8.65e-04 | Train Acc: 0.3815 | Val Acc: 0.1750 | Val P/R/F1 (Macro): 0.1542/0.3618/0.1731 | LR: 0.000001
Epoch [88/100] | Loss: 5.5497 (Cls: 5.4574, TAL: 0.1685, Adv: 0.9000, OT-Reg: 0.001295) | Marginal residual: 6.49e-04 | Train Acc: 0.3728 | Val Acc: 0.1750 | Val P/R/F1 (Macro): 0.2657/0.3973/0.2216 | LR: 0.000001
Epoch [89/100] | Loss: 5.6012 (Cls: 5.4790, TAL: 0.4559, Adv: 0.8432, OT-Reg: 0.001287) | Marginal residual: 7.74e-04 | Train Acc: 0.3642 | Val Acc: 0.1667 | Val P/R/F1 (Macro): 0.2449/0.3739/0.2159 | LR: 0.000001
Epoch [90/100] | Loss: 5.5444 (Cls: 5.4698, TAL: 0.0807, Adv: 0.8105, OT-Reg: 0.001306) | Marginal residual: 7.30e-04 | Train Acc: 0.3793 | Val Acc: 0.2333 | Val P/R/F1 (Macro): 0.3879/0.4770/0.2702 | LR: 0.000001
Epoch [91/100] | Loss: 5.6074 (Cls: 5.5113, TAL: 0.1962, Adv: 0.9076, OT-Reg: 0.001300) | Marginal residual: 1.01e-03 | Train Acc: 0.3879 | Val Acc: 0.3333 | Val P/R/F1 (Macro): 0.3154/0.4679/0.2530 | LR: 0.000001
Epoch [92/100] | Loss: 5.3189 (Cls: 5.2169, TAL: 0.2594, Adv: 0.8851, OT-Reg: 0.001278) | Marginal residual: 1.31e-03 | Train Acc: 0.4052 | Val Acc: 0.1333 | Val P/R/F1 (Macro): 0.1380/0.3632/0.1503 | LR: 0.000001
Epoch [93/100] | Loss: 5.2942 (Cls: 5.2476, TAL: -0.1952, Adv: 0.8764, OT-Reg: 0.001317) | Marginal residual: 8.49e-04 | Train Acc: 0.3858 | Val Acc: 0.3667 | Val P/R/F1 (Macro): 0.3637/0.4660/0.2986 | LR: 0.000001
Epoch [94/100] | Loss: 5.3535 (Cls: 5.2919, TAL: -0.0538, Adv: 0.8508, OT-Reg: 0.001306) | Marginal residual: 1.12e-03 | Train Acc: 0.3664 | Val Acc: 0.1667 | Val P/R/F1 (Macro): 0.1955/0.4352/0.2106 | LR: 0.000001
Epoch [95/100] | Loss: 5.4136 (Cls: 5.3562, TAL: -0.1073, Adv: 0.8793, OT-Reg: 0.001286) | Marginal residual: 9.99e-04 | Train Acc: 0.4009 | Val Acc: 0.2500 | Val P/R/F1 (Macro): 0.3323/0.4092/0.3031 | LR: 0.000001
Epoch [96/100] | Loss: 5.4679 (Cls: 5.3980, TAL: 0.0025, Adv: 0.8698, OT-Reg: 0.001335) | Marginal residual: 7.49e-04 | Train Acc: 0.4052 | Val Acc: 0.3583 | Val P/R/F1 (Macro): 0.3286/0.4344/0.3117 | LR: 0.000001
Epoch [97/100] | Loss: 5.7068 (Cls: 5.6223, TAL: 0.0923, Adv: 0.9185, OT-Reg: 0.001293) | Marginal residual: 1.03e-03 | Train Acc: 0.3772 | Val Acc: 0.2833 | Val P/R/F1 (Macro): 0.3301/0.4523/0.3052 | LR: 0.000001
Epoch [98/100] | Loss: 5.3836 (Cls: 5.3502, TAL: -0.3147, Adv: 0.8898, OT-Reg: 0.001303) | Marginal residual: 9.02e-04 | Train Acc: 0.3642 | Val Acc: 0.3583 | Val P/R/F1 (Macro): 0.2166/0.3784/0.2159 | LR: 0.000001
Epoch [99/100] | Loss: 5.4253 (Cls: 5.3558, TAL: 0.0146, Adv: 0.8467, OT-Reg: 0.001299) | Marginal residual: 7.98e-04 | Train Acc: 0.3922 | Val Acc: 0.1500 | Val P/R/F1 (Macro): 0.2494/0.3732/0.2044 | LR: 0.000001
Epoch [100/100] | Loss: 5.8128 (Cls: 5.7557, TAL: -0.1244, Adv: 0.9000, OT-Reg: 0.001319) | Marginal residual: 7.46e-04 | Train Acc: 0.3147 | Val Acc: 0.2167 | Val P/R/F1 (Macro): 0.3588/0.3692/0.2413 | LR: 0.000001
Report strategy: last_window, window=10, reported_acc=0.2617, best_acc=0.4250

迭代 1 报告指标:
  Accuracy: 0.2617
  Precision (Macro): 0.2828
  Recall (Macro): 0.4149
  F1 (Macro): 0.2494
  Precision (Micro): 0.2617
  Recall (Micro): 0.2617
  F1 (Micro): 0.2617
  Val class coverage: 8/14 (0.5714), samples=120

================================================================================
迭代 2/5
随机种子: 43
================================================================================
Training mode: full target-label supervision (class-paired batches).
Feature fusion: Tensor alignment (512+512 -> 128+128); fused_dim=256
Domain adaptation: Neural OT generator with 3-domain discriminator
Loss weights: tensor=0.12, adv=0.08
Transport: mode=sinkhorn, epsilon=0.1, Sinkhorn iterations=50, correction scale=0.1, correction regularization weight=0.001
Tensor projection update: alternating SVD, max_sweeps=3, relative singular-value tolerance=0.0001
Epoch [1/100] | Loss: 8.1598 (Cls: 8.1515, TAL: -0.0767, Adv: 0.2187, OT-Reg: 0.002811) | Marginal residual: 5.06e-05 | Train Acc: 0.1228 | Val Acc: 0.1083 | Val P/R/F1 (Macro): 0.0537/0.0871/0.0655 | LR: 0.000005
  >>> New Best Val Acc: 0.1083
Epoch [2/100] | Loss: 7.6829 (Cls: 7.6654, TAL: -0.0021, Adv: 0.2210, OT-Reg: 0.002830) | Marginal residual: 8.34e-05 | Train Acc: 0.1142 | Val Acc: 0.1667 | Val P/R/F1 (Macro): 0.1818/0.2131/0.1363 | LR: 0.000005
  >>> New Best Val Acc: 0.1667
Epoch [3/100] | Loss: 7.5162 (Cls: 7.5233, TAL: -0.2064, Adv: 0.2218, OT-Reg: 0.002835) | Marginal residual: 2.08e-04 | Train Acc: 0.1509 | Val Acc: 0.2000 | Val P/R/F1 (Macro): 0.2167/0.1831/0.1460 | LR: 0.000005
  >>> New Best Val Acc: 0.2000
Epoch [4/100] | Loss: 7.3261 (Cls: 7.2999, TAL: 0.0608, Adv: 0.2368, OT-Reg: 0.002831) | Marginal residual: 2.43e-04 | Train Acc: 0.1336 | Val Acc: 0.2167 | Val P/R/F1 (Macro): 0.0271/0.1250/0.0445 | LR: 0.000005
  >>> New Best Val Acc: 0.2167
Epoch [5/100] | Loss: 7.0265 (Cls: 6.9765, TAL: 0.2189, Adv: 0.2967, OT-Reg: 0.002813) | Marginal residual: 1.29e-04 | Train Acc: 0.1767 | Val Acc: 0.0833 | Val P/R/F1 (Macro): 0.0311/0.0612/0.0392 | LR: 0.000005
Epoch [6/100] | Loss: 7.1052 (Cls: 7.0760, TAL: 0.0031, Adv: 0.3609, OT-Reg: 0.002739) | Marginal residual: 4.50e-04 | Train Acc: 0.1724 | Val Acc: 0.1083 | Val P/R/F1 (Macro): 0.0548/0.0611/0.0456 | LR: 0.000005
Epoch [7/100] | Loss: 6.8283 (Cls: 6.8388, TAL: -0.2779, Adv: 0.2859, OT-Reg: 0.002718) | Marginal residual: 5.45e-04 | Train Acc: 0.1746 | Val Acc: 0.0500 | Val P/R/F1 (Macro): 0.0328/0.1472/0.0342 | LR: 0.000005
Epoch [8/100] | Loss: 6.9284 (Cls: 6.8567, TAL: 0.4013, Adv: 0.2940, OT-Reg: 0.002747) | Marginal residual: 1.71e-06 | Train Acc: 0.2004 | Val Acc: 0.1000 | Val P/R/F1 (Macro): 0.0424/0.1120/0.0391 | LR: 0.000005
Epoch [9/100] | Loss: 6.7840 (Cls: 6.7587, TAL: 0.0396, Adv: 0.2575, OT-Reg: 0.002753) | Marginal residual: 5.60e-04 | Train Acc: 0.1875 | Val Acc: 0.2333 | Val P/R/F1 (Macro): 0.1114/0.2178/0.1260 | LR: 0.000005
  >>> New Best Val Acc: 0.2333
Epoch [10/100] | Loss: 6.4484 (Cls: 6.4929, TAL: -0.4782, Adv: 0.1611, OT-Reg: 0.002720) | Marginal residual: 7.08e-04 | Train Acc: 0.2392 | Val Acc: 0.2417 | Val P/R/F1 (Macro): 0.0941/0.2732/0.1376 | LR: 0.000005
  >>> New Best Val Acc: 0.2417
Epoch [11/100] | Loss: 6.6472 (Cls: 6.6144, TAL: 0.1664, Adv: 0.1598, OT-Reg: 0.002726) | Marginal residual: 2.15e-04 | Train Acc: 0.1832 | Val Acc: 0.0750 | Val P/R/F1 (Macro): 0.0491/0.2106/0.0689 | LR: 0.000005
Epoch [12/100] | Loss: 6.6902 (Cls: 6.6179, TAL: 0.4165, Adv: 0.2784, OT-Reg: 0.002685) | Marginal residual: 5.46e-08 | Train Acc: 0.1767 | Val Acc: 0.0667 | Val P/R/F1 (Macro): 0.1353/0.1707/0.0884 | LR: 0.000005
Epoch [13/100] | Loss: 6.4241 (Cls: 6.3457, TAL: 0.3703, Adv: 0.4245, OT-Reg: 0.002709) | Marginal residual: 1.12e-07 | Train Acc: 0.2177 | Val Acc: 0.4167 | Val P/R/F1 (Macro): 0.3016/0.3378/0.2072 | LR: 0.000005
  >>> New Best Val Acc: 0.4167
Epoch [14/100] | Loss: 6.4129 (Cls: 6.3326, TAL: 0.3462, Adv: 0.4853, OT-Reg: 0.002682) | Marginal residual: 4.89e-07 | Train Acc: 0.2522 | Val Acc: 0.1750 | Val P/R/F1 (Macro): 0.0732/0.2181/0.0817 | LR: 0.000005
Epoch [15/100] | Loss: 6.3612 (Cls: 6.2880, TAL: 0.2511, Adv: 0.5383, OT-Reg: 0.002681) | Marginal residual: 9.83e-05 | Train Acc: 0.1918 | Val Acc: 0.1750 | Val P/R/F1 (Macro): 0.1017/0.1343/0.0962 | LR: 0.000005
Epoch [16/100] | Loss: 6.2821 (Cls: 6.1783, TAL: 0.4730, Adv: 0.5879, OT-Reg: 0.002697) | Marginal residual: 1.94e-04 | Train Acc: 0.2069 | Val Acc: 0.1750 | Val P/R/F1 (Macro): 0.0829/0.1269/0.0957 | LR: 0.000005
Epoch [17/100] | Loss: 6.1279 (Cls: 6.1378, TAL: -0.3355, Adv: 0.3798, OT-Reg: 0.002703) | Marginal residual: 8.23e-04 | Train Acc: 0.2091 | Val Acc: 0.1583 | Val P/R/F1 (Macro): 0.0334/0.1236/0.0525 | LR: 0.000005
Epoch [18/100] | Loss: 6.1376 (Cls: 6.0420, TAL: 0.3747, Adv: 0.6326, OT-Reg: 0.002678) | Marginal residual: 9.04e-05 | Train Acc: 0.2155 | Val Acc: 0.0833 | Val P/R/F1 (Macro): 0.1690/0.1106/0.0528 | LR: 0.000005
Epoch [19/100] | Loss: 6.0577 (Cls: 6.0988, TAL: -0.5625, Adv: 0.3291, OT-Reg: 0.002725) | Marginal residual: 7.38e-04 | Train Acc: 0.2629 | Val Acc: 0.0250 | Val P/R/F1 (Macro): 0.0110/0.1250/0.0203 | LR: 0.000005
Epoch [20/100] | Loss: 6.2635 (Cls: 6.1901, TAL: 0.2243, Adv: 0.5810, OT-Reg: 0.002679) | Marginal residual: 1.85e-04 | Train Acc: 0.2091 | Val Acc: 0.1500 | Val P/R/F1 (Macro): 0.0972/0.1161/0.0787 | LR: 0.000005
Epoch [21/100] | Loss: 5.9401 (Cls: 5.9320, TAL: -0.1995, Adv: 0.4006, OT-Reg: 0.002701) | Marginal residual: 7.09e-04 | Train Acc: 0.2392 | Val Acc: 0.1833 | Val P/R/F1 (Macro): 0.1046/0.2911/0.1286 | LR: 0.000005
Epoch [22/100] | Loss: 5.7916 (Cls: 5.8439, TAL: -0.5960, Adv: 0.2400, OT-Reg: 0.002715) | Marginal residual: 8.65e-04 | Train Acc: 0.3017 | Val Acc: 0.1000 | Val P/R/F1 (Macro): 0.0617/0.2332/0.0868 | LR: 0.000005
Epoch [23/100] | Loss: 5.9705 (Cls: 5.9626, TAL: -0.1421, Adv: 0.3119, OT-Reg: 0.002675) | Marginal residual: 3.23e-04 | Train Acc: 0.2845 | Val Acc: 0.1333 | Val P/R/F1 (Macro): 0.1297/0.1753/0.1003 | LR: 0.000005
Epoch [24/100] | Loss: 5.8595 (Cls: 5.8846, TAL: -0.4068, Adv: 0.2962, OT-Reg: 0.002694) | Marginal residual: 6.86e-04 | Train Acc: 0.2909 | Val Acc: 0.0750 | Val P/R/F1 (Macro): 0.0486/0.2294/0.0700 | LR: 0.000003
Epoch [25/100] | Loss: 6.1852 (Cls: 6.0661, TAL: 0.5944, Adv: 0.5970, OT-Reg: 0.002695) | Marginal residual: 2.15e-07 | Train Acc: 0.2608 | Val Acc: 0.1000 | Val P/R/F1 (Macro): 0.1447/0.2958/0.0976 | LR: 0.000003
Epoch [26/100] | Loss: 5.8868 (Cls: 5.8573, TAL: -0.1035, Adv: 0.5239, OT-Reg: 0.002721) | Marginal residual: 3.05e-04 | Train Acc: 0.2845 | Val Acc: 0.1167 | Val P/R/F1 (Macro): 0.1225/0.1774/0.1045 | LR: 0.000003
Epoch [27/100] | Loss: 5.6269 (Cls: 5.6747, TAL: -0.6122, Adv: 0.3196, OT-Reg: 0.002741) | Marginal residual: 7.23e-04 | Train Acc: 0.2931 | Val Acc: 0.1667 | Val P/R/F1 (Macro): 0.1737/0.2951/0.1635 | LR: 0.000003
Epoch [28/100] | Loss: 5.9159 (Cls: 5.8252, TAL: 0.3780, Adv: 0.5666, OT-Reg: 0.002658) | Marginal residual: 2.11e-04 | Train Acc: 0.2522 | Val Acc: 0.1167 | Val P/R/F1 (Macro): 0.0622/0.1327/0.0840 | LR: 0.000003
Epoch [29/100] | Loss: 5.7038 (Cls: 5.7103, TAL: -0.3309, Adv: 0.4150, OT-Reg: 0.002735) | Marginal residual: 7.39e-04 | Train Acc: 0.3060 | Val Acc: 0.2500 | Val P/R/F1 (Macro): 0.2983/0.3187/0.2563 | LR: 0.000003
Epoch [30/100] | Loss: 6.2330 (Cls: 6.2139, TAL: -0.1862, Adv: 0.5173, OT-Reg: 0.002673) | Marginal residual: 5.90e-04 | Train Acc: 0.2716 | Val Acc: 0.1667 | Val P/R/F1 (Macro): 0.2893/0.3438/0.2220 | LR: 0.000003
Epoch [31/100] | Loss: 5.7311 (Cls: 5.7493, TAL: -0.4015, Adv: 0.3745, OT-Reg: 0.002757) | Marginal residual: 1.06e-03 | Train Acc: 0.2931 | Val Acc: 0.2000 | Val P/R/F1 (Macro): 0.0893/0.2347/0.1199 | LR: 0.000003
Epoch [32/100] | Loss: 5.5995 (Cls: 5.5990, TAL: -0.2858, Adv: 0.4353, OT-Reg: 0.002751) | Marginal residual: 7.77e-04 | Train Acc: 0.3297 | Val Acc: 0.1833 | Val P/R/F1 (Macro): 0.1968/0.2054/0.1489 | LR: 0.000003
Epoch [33/100] | Loss: 6.0743 (Cls: 5.9913, TAL: 0.2886, Adv: 0.6050, OT-Reg: 0.002619) | Marginal residual: 2.75e-04 | Train Acc: 0.2112 | Val Acc: 0.1917 | Val P/R/F1 (Macro): 0.2557/0.4185/0.1858 | LR: 0.000003
Epoch [34/100] | Loss: 5.8746 (Cls: 5.8797, TAL: -0.3759, Adv: 0.5003, OT-Reg: 0.002728) | Marginal residual: 8.34e-04 | Train Acc: 0.2888 | Val Acc: 0.2167 | Val P/R/F1 (Macro): 0.3204/0.3792/0.2669 | LR: 0.000003
Epoch [35/100] | Loss: 5.8781 (Cls: 5.7866, TAL: 0.5640, Adv: 0.2974, OT-Reg: 0.002651) | Marginal residual: 2.25e-04 | Train Acc: 0.3039 | Val Acc: 0.1250 | Val P/R/F1 (Macro): 0.2299/0.3192/0.1211 | LR: 0.000001
Epoch [36/100] | Loss: 5.8684 (Cls: 5.7783, TAL: 0.4335, Adv: 0.4757, OT-Reg: 0.002729) | Marginal residual: 2.47e-04 | Train Acc: 0.3362 | Val Acc: 0.1250 | Val P/R/F1 (Macro): 0.2580/0.2284/0.1662 | LR: 0.000001
Epoch [37/100] | Loss: 5.8289 (Cls: 5.7764, TAL: 0.0255, Adv: 0.6191, OT-Reg: 0.002677) | Marginal residual: 7.25e-04 | Train Acc: 0.3147 | Val Acc: 0.3083 | Val P/R/F1 (Macro): 0.4085/0.3776/0.2813 | LR: 0.000001
Epoch [38/100] | Loss: 5.8168 (Cls: 5.7350, TAL: 0.2205, Adv: 0.6924, OT-Reg: 0.002710) | Marginal residual: 5.03e-04 | Train Acc: 0.3362 | Val Acc: 0.1583 | Val P/R/F1 (Macro): 0.1576/0.3444/0.1456 | LR: 0.000001
Epoch [39/100] | Loss: 5.7936 (Cls: 5.7833, TAL: -0.4100, Adv: 0.7436, OT-Reg: 0.002721) | Marginal residual: 7.26e-04 | Train Acc: 0.2759 | Val Acc: 0.2667 | Val P/R/F1 (Macro): 0.2184/0.4329/0.2566 | LR: 0.000001
Epoch [40/100] | Loss: 5.8707 (Cls: 5.7868, TAL: 0.1908, Adv: 0.7625, OT-Reg: 0.002701) | Marginal residual: 6.19e-04 | Train Acc: 0.3405 | Val Acc: 0.1917 | Val P/R/F1 (Macro): 0.2200/0.3094/0.1919 | LR: 0.000001
Epoch [41/100] | Loss: 5.6682 (Cls: 5.6758, TAL: -0.4238, Adv: 0.5408, OT-Reg: 0.002742) | Marginal residual: 6.94e-04 | Train Acc: 0.3254 | Val Acc: 0.2500 | Val P/R/F1 (Macro): 0.1786/0.3915/0.2396 | LR: 0.000001
Epoch [42/100] | Loss: 5.6319 (Cls: 5.6135, TAL: -0.2974, Adv: 0.6763, OT-Reg: 0.002688) | Marginal residual: 6.10e-04 | Train Acc: 0.3405 | Val Acc: 0.1250 | Val P/R/F1 (Macro): 0.1724/0.2524/0.1621 | LR: 0.000001
Epoch [43/100] | Loss: 5.6583 (Cls: 5.6131, TAL: -0.0023, Adv: 0.5678, OT-Reg: 0.002734) | Marginal residual: 7.00e-04 | Train Acc: 0.3017 | Val Acc: 0.2833 | Val P/R/F1 (Macro): 0.4390/0.4483/0.3034 | LR: 0.000001
Epoch [44/100] | Loss: 5.7433 (Cls: 5.7002, TAL: 0.0973, Adv: 0.3933, OT-Reg: 0.002684) | Marginal residual: 7.85e-04 | Train Acc: 0.3147 | Val Acc: 0.2333 | Val P/R/F1 (Macro): 0.2749/0.4454/0.2680 | LR: 0.000001
Epoch [45/100] | Loss: 5.5956 (Cls: 5.5421, TAL: 0.0773, Adv: 0.5529, OT-Reg: 0.002687) | Marginal residual: 4.25e-04 | Train Acc: 0.3922 | Val Acc: 0.3667 | Val P/R/F1 (Macro): 0.4729/0.4753/0.3508 | LR: 0.000001
Epoch [46/100] | Loss: 5.5780 (Cls: 5.5174, TAL: 0.1024, Adv: 0.6034, OT-Reg: 0.002692) | Marginal residual: 7.89e-04 | Train Acc: 0.3685 | Val Acc: 0.3333 | Val P/R/F1 (Macro): 0.3289/0.4892/0.3057 | LR: 0.000001
Epoch [47/100] | Loss: 5.3613 (Cls: 5.3397, TAL: -0.2128, Adv: 0.5896, OT-Reg: 0.002662) | Marginal residual: 7.31e-04 | Train Acc: 0.3556 | Val Acc: 0.3250 | Val P/R/F1 (Macro): 0.4230/0.4702/0.3133 | LR: 0.000001
Epoch [48/100] | Loss: 5.4820 (Cls: 5.4525, TAL: -0.1643, Adv: 0.6144, OT-Reg: 0.002711) | Marginal residual: 6.72e-04 | Train Acc: 0.3491 | Val Acc: 0.2333 | Val P/R/F1 (Macro): 0.3056/0.3706/0.2143 | LR: 0.000001
Epoch [49/100] | Loss: 5.3590 (Cls: 5.3540, TAL: -0.3319, Adv: 0.5602, OT-Reg: 0.002721) | Marginal residual: 8.29e-04 | Train Acc: 0.4052 | Val Acc: 0.2417 | Val P/R/F1 (Macro): 0.2325/0.2889/0.1742 | LR: 0.000001
Epoch [50/100] | Loss: 5.5348 (Cls: 5.5086, TAL: -0.1853, Adv: 0.6062, OT-Reg: 0.002738) | Marginal residual: 7.18e-04 | Train Acc: 0.4073 | Val Acc: 0.2583 | Val P/R/F1 (Macro): 0.3330/0.4001/0.2302 | LR: 0.000001
Epoch [51/100] | Loss: 5.4485 (Cls: 5.4250, TAL: -0.2482, Adv: 0.6665, OT-Reg: 0.002717) | Marginal residual: 7.01e-04 | Train Acc: 0.3966 | Val Acc: 0.2667 | Val P/R/F1 (Macro): 0.2293/0.3925/0.2324 | LR: 0.000001
Epoch [52/100] | Loss: 5.4130 (Cls: 5.3949, TAL: -0.3150, Adv: 0.6991, OT-Reg: 0.002694) | Marginal residual: 6.46e-04 | Train Acc: 0.4009 | Val Acc: 0.2917 | Val P/R/F1 (Macro): 0.2562/0.4361/0.2722 | LR: 0.000001
Epoch [53/100] | Loss: 5.4977 (Cls: 5.4274, TAL: 0.0964, Adv: 0.7339, OT-Reg: 0.002696) | Marginal residual: 5.95e-04 | Train Acc: 0.4030 | Val Acc: 0.2833 | Val P/R/F1 (Macro): 0.4089/0.4247/0.2889 | LR: 0.000001
Epoch [54/100] | Loss: 5.3889 (Cls: 5.3111, TAL: 0.1169, Adv: 0.7965, OT-Reg: 0.002673) | Marginal residual: 5.23e-04 | Train Acc: 0.4030 | Val Acc: 0.3500 | Val P/R/F1 (Macro): 0.3852/0.4098/0.2548 | LR: 0.000001
Epoch [55/100] | Loss: 5.5187 (Cls: 5.4220, TAL: 0.3038, Adv: 0.7522, OT-Reg: 0.002674) | Marginal residual: 8.52e-04 | Train Acc: 0.4052 | Val Acc: 0.4167 | Val P/R/F1 (Macro): 0.3065/0.5342/0.3603 | LR: 0.000001
Epoch [56/100] | Loss: 5.5598 (Cls: 5.5223, TAL: -0.1576, Adv: 0.7052, OT-Reg: 0.002723) | Marginal residual: 8.22e-04 | Train Acc: 0.3728 | Val Acc: 0.3500 | Val P/R/F1 (Macro): 0.3323/0.4782/0.3227 | LR: 0.000001
Epoch [57/100] | Loss: 5.6971 (Cls: 5.5861, TAL: 0.4100, Adv: 0.7723, OT-Reg: 0.002738) | Marginal residual: 5.21e-04 | Train Acc: 0.3944 | Val Acc: 0.2417 | Val P/R/F1 (Macro): 0.2577/0.2483/0.1876 | LR: 0.000001
Epoch [58/100] | Loss: 5.5656 (Cls: 5.5132, TAL: -0.0483, Adv: 0.7282, OT-Reg: 0.002665) | Marginal residual: 6.67e-04 | Train Acc: 0.3772 | Val Acc: 0.3583 | Val P/R/F1 (Macro): 0.4169/0.5140/0.3478 | LR: 0.000001
Epoch [59/100] | Loss: 5.3561 (Cls: 5.2747, TAL: 0.1667, Adv: 0.7665, OT-Reg: 0.002706) | Marginal residual: 7.93e-04 | Train Acc: 0.3944 | Val Acc: 0.1500 | Val P/R/F1 (Macro): 0.0998/0.1789/0.1189 | LR: 0.000001
Epoch [60/100] | Loss: 5.7139 (Cls: 5.6477, TAL: -0.0062, Adv: 0.8364, OT-Reg: 0.002691) | Marginal residual: 7.29e-04 | Train Acc: 0.3987 | Val Acc: 0.3750 | Val P/R/F1 (Macro): 0.3483/0.5318/0.3479 | LR: 0.000001
Epoch [61/100] | Loss: 5.6314 (Cls: 5.5595, TAL: 0.0449, Adv: 0.8315, OT-Reg: 0.002704) | Marginal residual: 6.77e-04 | Train Acc: 0.3987 | Val Acc: 0.2000 | Val P/R/F1 (Macro): 0.1416/0.3182/0.1680 | LR: 0.000001
Epoch [62/100] | Loss: 5.5397 (Cls: 5.4513, TAL: 0.2226, Adv: 0.7714, OT-Reg: 0.002671) | Marginal residual: 6.22e-04 | Train Acc: 0.4030 | Val Acc: 0.4167 | Val P/R/F1 (Macro): 0.2850/0.4038/0.3027 | LR: 0.000001
Epoch [63/100] | Loss: 5.5356 (Cls: 5.4209, TAL: 0.3987, Adv: 0.8366, OT-Reg: 0.002691) | Marginal residual: 6.26e-04 | Train Acc: 0.3858 | Val Acc: 0.3167 | Val P/R/F1 (Macro): 0.3071/0.4683/0.3250 | LR: 0.000001
Epoch [64/100] | Loss: 5.4572 (Cls: 5.4251, TAL: -0.2218, Adv: 0.7343, OT-Reg: 0.002708) | Marginal residual: 7.91e-04 | Train Acc: 0.4073 | Val Acc: 0.3000 | Val P/R/F1 (Macro): 0.2856/0.3944/0.2871 | LR: 0.000001
Epoch [65/100] | Loss: 5.8716 (Cls: 5.8595, TAL: -0.3771, Adv: 0.7176, OT-Reg: 0.002692) | Marginal residual: 7.80e-04 | Train Acc: 0.3491 | Val Acc: 0.4167 | Val P/R/F1 (Macro): 0.4501/0.5032/0.3478 | LR: 0.000001
Epoch [66/100] | Loss: 5.3525 (Cls: 5.3230, TAL: -0.2570, Adv: 0.7551, OT-Reg: 0.002709) | Marginal residual: 7.73e-04 | Train Acc: 0.3879 | Val Acc: 0.4250 | Val P/R/F1 (Macro): 0.3358/0.5176/0.3656 | LR: 0.000001
  >>> New Best Val Acc: 0.4250
Epoch [67/100] | Loss: 5.4103 (Cls: 5.3785, TAL: -0.2418, Adv: 0.7602, OT-Reg: 0.002724) | Marginal residual: 5.45e-04 | Train Acc: 0.3664 | Val Acc: 0.2500 | Val P/R/F1 (Macro): 0.1641/0.3710/0.2111 | LR: 0.000001
Epoch [68/100] | Loss: 5.4946 (Cls: 5.3960, TAL: 0.3092, Adv: 0.7679, OT-Reg: 0.002677) | Marginal residual: 7.20e-04 | Train Acc: 0.3944 | Val Acc: 0.3500 | Val P/R/F1 (Macro): 0.2922/0.4117/0.2733 | LR: 0.000001
Epoch [69/100] | Loss: 5.4584 (Cls: 5.3837, TAL: 0.0835, Adv: 0.8081, OT-Reg: 0.002693) | Marginal residual: 7.33e-04 | Train Acc: 0.3922 | Val Acc: 0.4083 | Val P/R/F1 (Macro): 0.3379/0.4591/0.3495 | LR: 0.000001
Epoch [70/100] | Loss: 5.2566 (Cls: 5.1783, TAL: 0.0691, Adv: 0.8750, OT-Reg: 0.002742) | Marginal residual: 6.40e-04 | Train Acc: 0.4159 | Val Acc: 0.2000 | Val P/R/F1 (Macro): 0.1782/0.3301/0.1644 | LR: 0.000001
Epoch [71/100] | Loss: 5.4640 (Cls: 5.4256, TAL: -0.1551, Adv: 0.7130, OT-Reg: 0.002705) | Marginal residual: 8.19e-04 | Train Acc: 0.3599 | Val Acc: 0.3000 | Val P/R/F1 (Macro): 0.2288/0.3479/0.2512 | LR: 0.000001
Epoch [72/100] | Loss: 5.3964 (Cls: 5.3575, TAL: -0.1835, Adv: 0.7617, OT-Reg: 0.002705) | Marginal residual: 9.17e-04 | Train Acc: 0.3599 | Val Acc: 0.2583 | Val P/R/F1 (Macro): 0.2172/0.4310/0.2598 | LR: 0.000001
Epoch [73/100] | Loss: 5.8214 (Cls: 5.7960, TAL: -0.3054, Adv: 0.7755, OT-Reg: 0.002721) | Marginal residual: 7.55e-04 | Train Acc: 0.3513 | Val Acc: 0.3250 | Val P/R/F1 (Macro): 0.2825/0.3343/0.2610 | LR: 0.000001
Epoch [74/100] | Loss: 5.1996 (Cls: 5.1690, TAL: -0.2193, Adv: 0.7121, OT-Reg: 0.002713) | Marginal residual: 7.24e-04 | Train Acc: 0.4289 | Val Acc: 0.2167 | Val P/R/F1 (Macro): 0.1707/0.3849/0.1966 | LR: 0.000001
Epoch [75/100] | Loss: 5.5107 (Cls: 5.4499, TAL: 0.0039, Adv: 0.7534, OT-Reg: 0.002710) | Marginal residual: 7.18e-04 | Train Acc: 0.4181 | Val Acc: 0.2167 | Val P/R/F1 (Macro): 0.1391/0.3004/0.1763 | LR: 0.000001
Epoch [76/100] | Loss: 5.4354 (Cls: 5.3651, TAL: 0.1347, Adv: 0.6773, OT-Reg: 0.002748) | Marginal residual: 9.17e-04 | Train Acc: 0.3599 | Val Acc: 0.1750 | Val P/R/F1 (Macro): 0.1146/0.1231/0.1006 | LR: 0.000001
Epoch [77/100] | Loss: 5.5288 (Cls: 5.5408, TAL: -0.5667, Adv: 0.6998, OT-Reg: 0.002737) | Marginal residual: 7.49e-04 | Train Acc: 0.3685 | Val Acc: 0.3333 | Val P/R/F1 (Macro): 0.3844/0.4597/0.3109 | LR: 0.000001
Epoch [78/100] | Loss: 5.3157 (Cls: 5.2005, TAL: 0.4788, Adv: 0.7222, OT-Reg: 0.002672) | Marginal residual: 4.50e-04 | Train Acc: 0.4483 | Val Acc: 0.1917 | Val P/R/F1 (Macro): 0.2842/0.4187/0.2315 | LR: 0.000001
Epoch [79/100] | Loss: 5.2409 (Cls: 5.2021, TAL: -0.1389, Adv: 0.6936, OT-Reg: 0.002749) | Marginal residual: 7.34e-04 | Train Acc: 0.4073 | Val Acc: 0.3333 | Val P/R/F1 (Macro): 0.2819/0.4668/0.2859 | LR: 0.000001
Epoch [80/100] | Loss: 5.4178 (Cls: 5.3929, TAL: -0.2957, Adv: 0.7545, OT-Reg: 0.002697) | Marginal residual: 8.81e-04 | Train Acc: 0.3470 | Val Acc: 0.2500 | Val P/R/F1 (Macro): 0.2768/0.4594/0.2726 | LR: 0.000001
Epoch [81/100] | Loss: 5.2163 (Cls: 5.1657, TAL: -0.0650, Adv: 0.7300, OT-Reg: 0.002712) | Marginal residual: 8.04e-04 | Train Acc: 0.4418 | Val Acc: 0.2833 | Val P/R/F1 (Macro): 0.2972/0.4818/0.2748 | LR: 0.000001
Epoch [82/100] | Loss: 5.4369 (Cls: 5.3832, TAL: -0.0415, Adv: 0.7328, OT-Reg: 0.002723) | Marginal residual: 7.97e-04 | Train Acc: 0.3642 | Val Acc: 0.4417 | Val P/R/F1 (Macro): 0.3953/0.4600/0.3587 | LR: 0.000001
  >>> New Best Val Acc: 0.4417
Epoch [83/100] | Loss: 5.2946 (Cls: 5.2165, TAL: 0.1620, Adv: 0.7325, OT-Reg: 0.002703) | Marginal residual: 7.07e-04 | Train Acc: 0.4569 | Val Acc: 0.3583 | Val P/R/F1 (Macro): 0.3686/0.4485/0.3318 | LR: 0.000001
Epoch [84/100] | Loss: 5.5503 (Cls: 5.4937, TAL: -0.0261, Adv: 0.7458, OT-Reg: 0.002734) | Marginal residual: 4.76e-04 | Train Acc: 0.4009 | Val Acc: 0.4750 | Val P/R/F1 (Macro): 0.4389/0.5517/0.4162 | LR: 0.000001
  >>> New Best Val Acc: 0.4750
Epoch [85/100] | Loss: 5.6906 (Cls: 5.5960, TAL: 0.2726, Adv: 0.7731, OT-Reg: 0.002715) | Marginal residual: 6.60e-04 | Train Acc: 0.3448 | Val Acc: 0.1917 | Val P/R/F1 (Macro): 0.2409/0.3465/0.2020 | LR: 0.000001
Epoch [86/100] | Loss: 5.4303 (Cls: 5.3980, TAL: -0.2446, Adv: 0.7698, OT-Reg: 0.002737) | Marginal residual: 6.06e-04 | Train Acc: 0.4095 | Val Acc: 0.2333 | Val P/R/F1 (Macro): 0.3325/0.3659/0.2444 | LR: 0.000001
Epoch [87/100] | Loss: 5.2738 (Cls: 5.1903, TAL: 0.1676, Adv: 0.7934, OT-Reg: 0.002779) | Marginal residual: 7.13e-04 | Train Acc: 0.4461 | Val Acc: 0.4667 | Val P/R/F1 (Macro): 0.4560/0.4881/0.3976 | LR: 0.000001
Epoch [88/100] | Loss: 5.5746 (Cls: 5.4313, TAL: 0.6054, Adv: 0.8822, OT-Reg: 0.002680) | Marginal residual: 5.88e-04 | Train Acc: 0.3772 | Val Acc: 0.3250 | Val P/R/F1 (Macro): 0.3970/0.4590/0.3077 | LR: 0.000001
Epoch [89/100] | Loss: 5.5011 (Cls: 5.4001, TAL: 0.2803, Adv: 0.8417, OT-Reg: 0.002712) | Marginal residual: 6.69e-04 | Train Acc: 0.4332 | Val Acc: 0.2917 | Val P/R/F1 (Macro): 0.3606/0.4296/0.2766 | LR: 0.000001
Epoch [90/100] | Loss: 5.2770 (Cls: 5.1975, TAL: 0.1314, Adv: 0.7965, OT-Reg: 0.002701) | Marginal residual: 6.02e-04 | Train Acc: 0.4310 | Val Acc: 0.2583 | Val P/R/F1 (Macro): 0.1593/0.4020/0.2175 | LR: 0.000001
Epoch [91/100] | Loss: 5.5491 (Cls: 5.5071, TAL: -0.1936, Adv: 0.8143, OT-Reg: 0.002720) | Marginal residual: 6.21e-04 | Train Acc: 0.3987 | Val Acc: 0.2083 | Val P/R/F1 (Macro): 0.2096/0.1297/0.1377 | LR: 0.000001
Epoch [92/100] | Loss: 5.2981 (Cls: 5.2590, TAL: -0.2242, Adv: 0.8253, OT-Reg: 0.002732) | Marginal residual: 8.49e-04 | Train Acc: 0.4224 | Val Acc: 0.3500 | Val P/R/F1 (Macro): 0.3103/0.4763/0.2983 | LR: 0.000001
Epoch [93/100] | Loss: 5.3480 (Cls: 5.2724, TAL: 0.0668, Adv: 0.8441, OT-Reg: 0.002708) | Marginal residual: 6.32e-04 | Train Acc: 0.3513 | Val Acc: 0.3167 | Val P/R/F1 (Macro): 0.2590/0.4714/0.2785 | LR: 0.000001
Epoch [94/100] | Loss: 5.6354 (Cls: 5.5640, TAL: 0.0477, Adv: 0.8206, OT-Reg: 0.002682) | Marginal residual: 6.74e-04 | Train Acc: 0.4009 | Val Acc: 0.4083 | Val P/R/F1 (Macro): 0.2605/0.2343/0.1626 | LR: 0.000001
Epoch [95/100] | Loss: 5.6794 (Cls: 5.5919, TAL: 0.1589, Adv: 0.8557, OT-Reg: 0.002716) | Marginal residual: 9.58e-04 | Train Acc: 0.3750 | Val Acc: 0.2333 | Val P/R/F1 (Macro): 0.2359/0.4208/0.2696 | LR: 0.000001
Epoch [96/100] | Loss: 5.0998 (Cls: 5.0487, TAL: -0.1411, Adv: 0.8502, OT-Reg: 0.002721) | Marginal residual: 7.16e-04 | Train Acc: 0.4246 | Val Acc: 0.3333 | Val P/R/F1 (Macro): 0.1829/0.3103/0.2075 | LR: 0.000001
Epoch [97/100] | Loss: 5.4989 (Cls: 5.4224, TAL: 0.0505, Adv: 0.8798, OT-Reg: 0.002739) | Marginal residual: 4.75e-04 | Train Acc: 0.4009 | Val Acc: 0.3167 | Val P/R/F1 (Macro): 0.4449/0.5355/0.3574 | LR: 0.000001
Epoch [98/100] | Loss: 5.5523 (Cls: 5.4360, TAL: 0.3536, Adv: 0.9231, OT-Reg: 0.002735) | Marginal residual: 6.63e-04 | Train Acc: 0.3966 | Val Acc: 0.2667 | Val P/R/F1 (Macro): 0.3304/0.4459/0.3086 | LR: 0.000001
Epoch [99/100] | Loss: 5.5401 (Cls: 5.4834, TAL: -0.1021, Adv: 0.8619, OT-Reg: 0.002728) | Marginal residual: 5.83e-04 | Train Acc: 0.3966 | Val Acc: 0.3500 | Val P/R/F1 (Macro): 0.3167/0.3719/0.3154 | LR: 0.000001
Epoch [100/100] | Loss: 5.4671 (Cls: 5.3715, TAL: 0.2018, Adv: 0.8927, OT-Reg: 0.002711) | Marginal residual: 7.13e-04 | Train Acc: 0.4289 | Val Acc: 0.5083 | Val P/R/F1 (Macro): 0.3404/0.5339/0.3778 | LR: 0.000001
  >>> New Best Val Acc: 0.5083
Report strategy: last_window, window=10, reported_acc=0.3292, best_acc=0.5083

迭代 2 报告指标:
  Accuracy: 0.3292
  Precision (Macro): 0.2891
  Recall (Macro): 0.3930
  F1 (Macro): 0.2713
  Precision (Micro): 0.3292
  Recall (Micro): 0.3292
  F1 (Micro): 0.3292
  Val class coverage: 8/14 (0.5714), samples=120

================================================================================
迭代 3/5
随机种子: 44
================================================================================
Training mode: full target-label supervision (class-paired batches).
Feature fusion: Tensor alignment (512+512 -> 128+128); fused_dim=256
Domain adaptation: Neural OT generator with 3-domain discriminator
Loss weights: tensor=0.12, adv=0.08
Transport: mode=sinkhorn, epsilon=0.1, Sinkhorn iterations=50, correction scale=0.1, correction regularization weight=0.001
Tensor projection update: alternating SVD, max_sweeps=3, relative singular-value tolerance=0.0001
Epoch [1/100] | Loss: 8.0924 (Cls: 8.0776, TAL: -0.0163, Adv: 0.2091, OT-Reg: 0.001172) | Marginal residual: 6.61e-05 | Train Acc: 0.1272 | Val Acc: 0.0417 | Val P/R/F1 (Macro): 0.0053/0.1250/0.0101 | LR: 0.000005
  >>> New Best Val Acc: 0.0417
Epoch [2/100] | Loss: 7.5623 (Cls: 7.5384, TAL: 0.0830, Adv: 0.1740, OT-Reg: 0.001142) | Marginal residual: 5.49e-05 | Train Acc: 0.1401 | Val Acc: 0.0917 | Val P/R/F1 (Macro): 0.0735/0.1184/0.0289 | LR: 0.000005
  >>> New Best Val Acc: 0.0917
Epoch [3/100] | Loss: 7.3666 (Cls: 7.3297, TAL: 0.2022, Adv: 0.1584, OT-Reg: 0.001122) | Marginal residual: 4.98e-05 | Train Acc: 0.1207 | Val Acc: 0.0917 | Val P/R/F1 (Macro): 0.0218/0.2500/0.0400 | LR: 0.000005
Epoch [4/100] | Loss: 7.1838 (Cls: 7.1620, TAL: 0.0493, Adv: 0.1983, OT-Reg: 0.001145) | Marginal residual: 1.89e-04 | Train Acc: 0.1595 | Val Acc: 0.2750 | Val P/R/F1 (Macro): 0.1160/0.1674/0.1366 | LR: 0.000005
  >>> New Best Val Acc: 0.2750
Epoch [5/100] | Loss: 7.0381 (Cls: 7.0034, TAL: 0.1281, Adv: 0.2412, OT-Reg: 0.001149) | Marginal residual: 4.40e-04 | Train Acc: 0.1832 | Val Acc: 0.2833 | Val P/R/F1 (Macro): 0.0667/0.1695/0.0900 | LR: 0.000005
  >>> New Best Val Acc: 0.2833
Epoch [6/100] | Loss: 6.6597 (Cls: 6.6889, TAL: -0.4031, Adv: 0.2390, OT-Reg: 0.001043) | Marginal residual: 6.50e-04 | Train Acc: 0.2155 | Val Acc: 0.1000 | Val P/R/F1 (Macro): 0.0573/0.1674/0.0797 | LR: 0.000005
Epoch [7/100] | Loss: 6.8699 (Cls: 6.8200, TAL: 0.1784, Adv: 0.3558, OT-Reg: 0.001038) | Marginal residual: 3.91e-04 | Train Acc: 0.2112 | Val Acc: 0.1167 | Val P/R/F1 (Macro): 0.2044/0.2383/0.1022 | LR: 0.000005
Epoch [8/100] | Loss: 6.2781 (Cls: 6.3292, TAL: -0.5907, Adv: 0.2467, OT-Reg: 0.001022) | Marginal residual: 6.53e-04 | Train Acc: 0.2651 | Val Acc: 0.1000 | Val P/R/F1 (Macro): 0.1044/0.2179/0.0555 | LR: 0.000005
Epoch [9/100] | Loss: 6.2585 (Cls: 6.2988, TAL: -0.4759, Adv: 0.2100, OT-Reg: 0.001017) | Marginal residual: 1.07e-03 | Train Acc: 0.2500 | Val Acc: 0.2917 | Val P/R/F1 (Macro): 0.0788/0.2226/0.0991 | LR: 0.000005
  >>> New Best Val Acc: 0.2917
Epoch [10/100] | Loss: 6.4083 (Cls: 6.4157, TAL: -0.1833, Adv: 0.1820, OT-Reg: 0.001003) | Marginal residual: 9.00e-04 | Train Acc: 0.2047 | Val Acc: 0.0667 | Val P/R/F1 (Macro): 0.1019/0.1780/0.0448 | LR: 0.000005
Epoch [11/100] | Loss: 6.3517 (Cls: 6.2983, TAL: 0.2682, Adv: 0.2657, OT-Reg: 0.000957) | Marginal residual: 3.42e-04 | Train Acc: 0.2414 | Val Acc: 0.2083 | Val P/R/F1 (Macro): 0.1228/0.2016/0.1081 | LR: 0.000005
Epoch [12/100] | Loss: 6.1723 (Cls: 6.2368, TAL: -0.6565, Adv: 0.1793, OT-Reg: 0.001062) | Marginal residual: 1.40e-03 | Train Acc: 0.2780 | Val Acc: 0.0917 | Val P/R/F1 (Macro): 0.1960/0.3069/0.1059 | LR: 0.000005
Epoch [13/100] | Loss: 6.0269 (Cls: 6.0973, TAL: -0.6943, Adv: 0.1612, OT-Reg: 0.001072) | Marginal residual: 1.31e-03 | Train Acc: 0.2845 | Val Acc: 0.1500 | Val P/R/F1 (Macro): 0.1554/0.2933/0.1526 | LR: 0.000005
Epoch [14/100] | Loss: 5.9601 (Cls: 6.0160, TAL: -0.5723, Adv: 0.1596, OT-Reg: 0.001046) | Marginal residual: 1.27e-03 | Train Acc: 0.2371 | Val Acc: 0.3250 | Val P/R/F1 (Macro): 0.2142/0.3073/0.2191 | LR: 0.000005
  >>> New Best Val Acc: 0.3250
Epoch [15/100] | Loss: 5.9172 (Cls: 5.8985, TAL: 0.0137, Adv: 0.2135, OT-Reg: 0.000979) | Marginal residual: 3.05e-04 | Train Acc: 0.2392 | Val Acc: 0.2333 | Val P/R/F1 (Macro): 0.2571/0.3399/0.1814 | LR: 0.000005
Epoch [16/100] | Loss: 6.0552 (Cls: 5.9498, TAL: 0.6628, Adv: 0.3236, OT-Reg: 0.000918) | Marginal residual: 5.82e-04 | Train Acc: 0.2478 | Val Acc: 0.0750 | Val P/R/F1 (Macro): 0.0429/0.2188/0.0689 | LR: 0.000005
Epoch [17/100] | Loss: 5.7562 (Cls: 5.7819, TAL: -0.4270, Adv: 0.3197, OT-Reg: 0.001047) | Marginal residual: 9.21e-04 | Train Acc: 0.2866 | Val Acc: 0.1250 | Val P/R/F1 (Macro): 0.1958/0.2898/0.0945 | LR: 0.000005
Epoch [18/100] | Loss: 5.7406 (Cls: 5.8004, TAL: -0.6347, Adv: 0.2047, OT-Reg: 0.001050) | Marginal residual: 8.07e-04 | Train Acc: 0.2500 | Val Acc: 0.0750 | Val P/R/F1 (Macro): 0.0818/0.1950/0.0814 | LR: 0.000005
Epoch [19/100] | Loss: 5.9817 (Cls: 5.8977, TAL: 0.5107, Adv: 0.2836, OT-Reg: 0.000932) | Marginal residual: 5.49e-04 | Train Acc: 0.2759 | Val Acc: 0.0583 | Val P/R/F1 (Macro): 0.0816/0.2530/0.0405 | LR: 0.000005
Epoch [20/100] | Loss: 5.7528 (Cls: 5.6447, TAL: 0.6556, Adv: 0.3680, OT-Reg: 0.000918) | Marginal residual: 7.32e-04 | Train Acc: 0.2565 | Val Acc: 0.2167 | Val P/R/F1 (Macro): 0.1704/0.3194/0.1525 | LR: 0.000005
Epoch [21/100] | Loss: 5.8127 (Cls: 5.7047, TAL: 0.5660, Adv: 0.5005, OT-Reg: 0.000914) | Marginal residual: 4.90e-04 | Train Acc: 0.2845 | Val Acc: 0.1333 | Val P/R/F1 (Macro): 0.1236/0.2841/0.1080 | LR: 0.000005
Epoch [22/100] | Loss: 5.7607 (Cls: 5.6394, TAL: 0.6256, Adv: 0.5779, OT-Reg: 0.000925) | Marginal residual: 7.86e-04 | Train Acc: 0.3103 | Val Acc: 0.2500 | Val P/R/F1 (Macro): 0.3583/0.3074/0.2123 | LR: 0.000005
Epoch [23/100] | Loss: 5.7173 (Cls: 5.5934, TAL: 0.5738, Adv: 0.6885, OT-Reg: 0.000949) | Marginal residual: 9.46e-04 | Train Acc: 0.3082 | Val Acc: 0.1667 | Val P/R/F1 (Macro): 0.1314/0.3072/0.1518 | LR: 0.000005
Epoch [24/100] | Loss: 5.7824 (Cls: 5.7305, TAL: 0.0061, Adv: 0.6394, OT-Reg: 0.001006) | Marginal residual: 1.04e-03 | Train Acc: 0.3082 | Val Acc: 0.3083 | Val P/R/F1 (Macro): 0.1285/0.3293/0.1579 | LR: 0.000005
Epoch [25/100] | Loss: 5.7243 (Cls: 5.6120, TAL: 0.5491, Adv: 0.5803, OT-Reg: 0.000957) | Marginal residual: 8.37e-04 | Train Acc: 0.2888 | Val Acc: 0.1917 | Val P/R/F1 (Macro): 0.1458/0.3279/0.1538 | LR: 0.000003
Epoch [26/100] | Loss: 5.5578 (Cls: 5.4500, TAL: 0.4854, Adv: 0.6196, OT-Reg: 0.000980) | Marginal residual: 9.54e-04 | Train Acc: 0.3362 | Val Acc: 0.1250 | Val P/R/F1 (Macro): 0.1677/0.1182/0.1300 | LR: 0.000003
Epoch [27/100] | Loss: 5.4046 (Cls: 5.2897, TAL: 0.4730, Adv: 0.7260, OT-Reg: 0.000989) | Marginal residual: 1.09e-03 | Train Acc: 0.3772 | Val Acc: 0.1417 | Val P/R/F1 (Macro): 0.1036/0.3235/0.1147 | LR: 0.000003
Epoch [28/100] | Loss: 5.6947 (Cls: 5.5698, TAL: 0.5080, Adv: 0.7989, OT-Reg: 0.000970) | Marginal residual: 9.70e-04 | Train Acc: 0.3578 | Val Acc: 0.2750 | Val P/R/F1 (Macro): 0.2456/0.3646/0.2153 | LR: 0.000003
Epoch [29/100] | Loss: 5.5626 (Cls: 5.4884, TAL: 0.1011, Adv: 0.7764, OT-Reg: 0.001025) | Marginal residual: 8.75e-04 | Train Acc: 0.3147 | Val Acc: 0.2000 | Val P/R/F1 (Macro): 0.1155/0.2424/0.1336 | LR: 0.000003
Epoch [30/100] | Loss: 5.6727 (Cls: 5.6863, TAL: -0.5267, Adv: 0.6200, OT-Reg: 0.001091) | Marginal residual: 1.10e-03 | Train Acc: 0.2328 | Val Acc: 0.0917 | Val P/R/F1 (Macro): 0.0758/0.1653/0.0671 | LR: 0.000003
Epoch [31/100] | Loss: 5.4832 (Cls: 5.5081, TAL: -0.5681, Adv: 0.5415, OT-Reg: 0.001099) | Marginal residual: 9.67e-04 | Train Acc: 0.2866 | Val Acc: 0.1750 | Val P/R/F1 (Macro): 0.1032/0.2149/0.1037 | LR: 0.000003
Epoch [32/100] | Loss: 5.8060 (Cls: 5.7510, TAL: 0.0076, Adv: 0.6766, OT-Reg: 0.001021) | Marginal residual: 9.28e-04 | Train Acc: 0.2931 | Val Acc: 0.1750 | Val P/R/F1 (Macro): 0.1985/0.3466/0.1767 | LR: 0.000003
Epoch [33/100] | Loss: 5.7259 (Cls: 5.7540, TAL: -0.4767, Adv: 0.3642, OT-Reg: 0.001083) | Marginal residual: 8.64e-04 | Train Acc: 0.3707 | Val Acc: 0.2583 | Val P/R/F1 (Macro): 0.3711/0.3128/0.1877 | LR: 0.000003
Epoch [34/100] | Loss: 5.5501 (Cls: 5.5827, TAL: -0.4760, Adv: 0.3070, OT-Reg: 0.001068) | Marginal residual: 8.05e-04 | Train Acc: 0.3513 | Val Acc: 0.2583 | Val P/R/F1 (Macro): 0.1663/0.2427/0.1518 | LR: 0.000003
Epoch [35/100] | Loss: 5.3199 (Cls: 5.3615, TAL: -0.5296, Adv: 0.2754, OT-Reg: 0.001063) | Marginal residual: 7.87e-04 | Train Acc: 0.3017 | Val Acc: 0.1667 | Val P/R/F1 (Macro): 0.1454/0.2901/0.1579 | LR: 0.000003
Epoch [36/100] | Loss: 5.4227 (Cls: 5.3395, TAL: 0.3514, Adv: 0.5133, OT-Reg: 0.000967) | Marginal residual: 9.21e-04 | Train Acc: 0.2931 | Val Acc: 0.2500 | Val P/R/F1 (Macro): 0.2347/0.2691/0.1746 | LR: 0.000001
Epoch [37/100] | Loss: 5.3336 (Cls: 5.2563, TAL: 0.2446, Adv: 0.6002, OT-Reg: 0.000980) | Marginal residual: 8.55e-04 | Train Acc: 0.3190 | Val Acc: 0.1167 | Val P/R/F1 (Macro): 0.3427/0.2633/0.0793 | LR: 0.000001
Epoch [38/100] | Loss: 5.4339 (Cls: 5.4007, TAL: -0.1051, Adv: 0.5722, OT-Reg: 0.001012) | Marginal residual: 6.88e-04 | Train Acc: 0.3168 | Val Acc: 0.3917 | Val P/R/F1 (Macro): 0.2388/0.3915/0.2742 | LR: 0.000001
  >>> New Best Val Acc: 0.3917
Epoch [39/100] | Loss: 5.2604 (Cls: 5.2404, TAL: -0.2129, Adv: 0.5693, OT-Reg: 0.001022) | Marginal residual: 6.61e-04 | Train Acc: 0.2888 | Val Acc: 0.2167 | Val P/R/F1 (Macro): 0.1782/0.3777/0.1825 | LR: 0.000001
Epoch [40/100] | Loss: 5.5800 (Cls: 5.6085, TAL: -0.5462, Adv: 0.4626, OT-Reg: 0.001049) | Marginal residual: 6.56e-04 | Train Acc: 0.2716 | Val Acc: 0.2667 | Val P/R/F1 (Macro): 0.1981/0.3025/0.2123 | LR: 0.000001
Epoch [41/100] | Loss: 5.2902 (Cls: 5.3260, TAL: -0.6337, Adv: 0.5026, OT-Reg: 0.001060) | Marginal residual: 7.77e-04 | Train Acc: 0.3147 | Val Acc: 0.1917 | Val P/R/F1 (Macro): 0.2232/0.1254/0.1145 | LR: 0.000001
Epoch [42/100] | Loss: 5.2919 (Cls: 5.3265, TAL: -0.5796, Adv: 0.4369, OT-Reg: 0.001091) | Marginal residual: 1.16e-03 | Train Acc: 0.2866 | Val Acc: 0.2083 | Val P/R/F1 (Macro): 0.2953/0.3189/0.1939 | LR: 0.000001
Epoch [43/100] | Loss: 5.2316 (Cls: 5.2633, TAL: -0.5764, Adv: 0.4685, OT-Reg: 0.001065) | Marginal residual: 7.82e-04 | Train Acc: 0.3233 | Val Acc: 0.1250 | Val P/R/F1 (Macro): 0.2234/0.2617/0.1185 | LR: 0.000001
Epoch [44/100] | Loss: 5.3623 (Cls: 5.3362, TAL: -0.1360, Adv: 0.5304, OT-Reg: 0.001041) | Marginal residual: 1.14e-03 | Train Acc: 0.2435 | Val Acc: 0.1583 | Val P/R/F1 (Macro): 0.2266/0.2636/0.1775 | LR: 0.000001
Epoch [45/100] | Loss: 5.2614 (Cls: 5.1964, TAL: 0.1532, Adv: 0.5826, OT-Reg: 0.000969) | Marginal residual: 9.35e-04 | Train Acc: 0.3405 | Val Acc: 0.2750 | Val P/R/F1 (Macro): 0.1934/0.2230/0.1195 | LR: 0.000001
Epoch [46/100] | Loss: 5.7254 (Cls: 5.6063, TAL: 0.5139, Adv: 0.7179, OT-Reg: 0.001012) | Marginal residual: 9.56e-04 | Train Acc: 0.3147 | Val Acc: 0.1833 | Val P/R/F1 (Macro): 0.2228/0.2630/0.1710 | LR: 0.000001
Epoch [47/100] | Loss: 5.4961 (Cls: 5.4606, TAL: -0.0627, Adv: 0.5376, OT-Reg: 0.001029) | Marginal residual: 8.92e-04 | Train Acc: 0.3793 | Val Acc: 0.3917 | Val P/R/F1 (Macro): 0.2039/0.3531/0.2343 | LR: 0.000001
Epoch [48/100] | Loss: 5.6603 (Cls: 5.6141, TAL: 0.0613, Adv: 0.4860, OT-Reg: 0.001115) | Marginal residual: 1.42e-03 | Train Acc: 0.3448 | Val Acc: 0.2000 | Val P/R/F1 (Macro): 0.2633/0.3260/0.1508 | LR: 0.000001
Epoch [49/100] | Loss: 5.4520 (Cls: 5.3744, TAL: 0.2768, Adv: 0.5552, OT-Reg: 0.001085) | Marginal residual: 1.13e-03 | Train Acc: 0.3470 | Val Acc: 0.2250 | Val P/R/F1 (Macro): 0.2615/0.2557/0.2045 | LR: 0.000001
Epoch [50/100] | Loss: 5.3309 (Cls: 5.3270, TAL: -0.2918, Adv: 0.4862, OT-Reg: 0.001098) | Marginal residual: 1.22e-03 | Train Acc: 0.3233 | Val Acc: 0.1583 | Val P/R/F1 (Macro): 0.2682/0.2719/0.1564 | LR: 0.000001
Epoch [51/100] | Loss: 5.2327 (Cls: 5.2394, TAL: -0.3999, Adv: 0.5158, OT-Reg: 0.001053) | Marginal residual: 8.59e-04 | Train Acc: 0.3578 | Val Acc: 0.3167 | Val P/R/F1 (Macro): 0.2304/0.3053/0.2235 | LR: 0.000001
Epoch [52/100] | Loss: 5.4299 (Cls: 5.3039, TAL: 0.5591, Adv: 0.7366, OT-Reg: 0.000942) | Marginal residual: 1.09e-03 | Train Acc: 0.2974 | Val Acc: 0.4333 | Val P/R/F1 (Macro): 0.4419/0.4413/0.3362 | LR: 0.000001
  >>> New Best Val Acc: 0.4333
Epoch [53/100] | Loss: 5.2461 (Cls: 5.1055, TAL: 0.5984, Adv: 0.8595, OT-Reg: 0.000938) | Marginal residual: 8.84e-04 | Train Acc: 0.3556 | Val Acc: 0.3250 | Val P/R/F1 (Macro): 0.3708/0.3949/0.2905 | LR: 0.000001
Epoch [54/100] | Loss: 5.4880 (Cls: 5.4284, TAL: -0.0308, Adv: 0.7913, OT-Reg: 0.001051) | Marginal residual: 7.40e-04 | Train Acc: 0.3470 | Val Acc: 0.1333 | Val P/R/F1 (Macro): 0.1774/0.2503/0.1435 | LR: 0.000001
Epoch [55/100] | Loss: 5.4836 (Cls: 5.4033, TAL: 0.1428, Adv: 0.7894, OT-Reg: 0.001098) | Marginal residual: 1.39e-03 | Train Acc: 0.3491 | Val Acc: 0.2917 | Val P/R/F1 (Macro): 0.1626/0.3068/0.1627 | LR: 0.000001
Epoch [56/100] | Loss: 5.2656 (Cls: 5.2794, TAL: -0.6010, Adv: 0.7288, OT-Reg: 0.001078) | Marginal residual: 9.17e-04 | Train Acc: 0.3728 | Val Acc: 0.3833 | Val P/R/F1 (Macro): 0.2332/0.3561/0.2314 | LR: 0.000001
Epoch [57/100] | Loss: 5.3944 (Cls: 5.3393, TAL: -0.0056, Adv: 0.6961, OT-Reg: 0.001046) | Marginal residual: 6.47e-04 | Train Acc: 0.3341 | Val Acc: 0.1833 | Val P/R/F1 (Macro): 0.2558/0.2971/0.1340 | LR: 0.000001
Epoch [58/100] | Loss: 5.2377 (Cls: 5.1427, TAL: 0.3110, Adv: 0.7213, OT-Reg: 0.000988) | Marginal residual: 8.73e-04 | Train Acc: 0.3103 | Val Acc: 0.1917 | Val P/R/F1 (Macro): 0.2808/0.3436/0.1963 | LR: 0.000001
Epoch [59/100] | Loss: 5.4775 (Cls: 5.4137, TAL: 0.0600, Adv: 0.7076, OT-Reg: 0.001097) | Marginal residual: 1.53e-03 | Train Acc: 0.3427 | Val Acc: 0.2250 | Val P/R/F1 (Macro): 0.2998/0.3582/0.2269 | LR: 0.000001
Epoch [60/100] | Loss: 5.2667 (Cls: 5.1437, TAL: 0.4795, Adv: 0.8182, OT-Reg: 0.000967) | Marginal residual: 8.24e-04 | Train Acc: 0.3556 | Val Acc: 0.3333 | Val P/R/F1 (Macro): 0.4542/0.4066/0.2707 | LR: 0.000001
Epoch [61/100] | Loss: 5.3325 (Cls: 5.2103, TAL: 0.4426, Adv: 0.8644, OT-Reg: 0.000956) | Marginal residual: 7.43e-04 | Train Acc: 0.3578 | Val Acc: 0.0833 | Val P/R/F1 (Macro): 0.0789/0.1172/0.0782 | LR: 0.000001
Epoch [62/100] | Loss: 5.4291 (Cls: 5.3214, TAL: 0.3585, Adv: 0.8092, OT-Reg: 0.001106) | Marginal residual: 1.55e-03 | Train Acc: 0.3211 | Val Acc: 0.3000 | Val P/R/F1 (Macro): 0.3748/0.3825/0.2478 | LR: 0.000001
Epoch [63/100] | Loss: 5.2425 (Cls: 5.2616, TAL: -0.6125, Adv: 0.6800, OT-Reg: 0.001050) | Marginal residual: 6.88e-04 | Train Acc: 0.3513 | Val Acc: 0.1917 | Val P/R/F1 (Macro): 0.2606/0.3274/0.1834 | LR: 0.000001
Epoch [64/100] | Loss: 5.3594 (Cls: 5.3188, TAL: -0.1657, Adv: 0.7571, OT-Reg: 0.001067) | Marginal residual: 1.22e-03 | Train Acc: 0.3448 | Val Acc: 0.1167 | Val P/R/F1 (Macro): 0.1886/0.1975/0.1301 | LR: 0.000001
Epoch [65/100] | Loss: 5.3666 (Cls: 5.2624, TAL: 0.3374, Adv: 0.7967, OT-Reg: 0.001087) | Marginal residual: 1.37e-03 | Train Acc: 0.3556 | Val Acc: 0.1417 | Val P/R/F1 (Macro): 0.2527/0.2385/0.1256 | LR: 0.000001
Epoch [66/100] | Loss: 5.3088 (Cls: 5.1835, TAL: 0.4825, Adv: 0.8433, OT-Reg: 0.001033) | Marginal residual: 1.12e-03 | Train Acc: 0.4052 | Val Acc: 0.2833 | Val P/R/F1 (Macro): 0.2822/0.2337/0.1641 | LR: 0.000001
Epoch [67/100] | Loss: 5.2494 (Cls: 5.2504, TAL: -0.5158, Adv: 0.7618, OT-Reg: 0.001042) | Marginal residual: 5.10e-04 | Train Acc: 0.3707 | Val Acc: 0.3333 | Val P/R/F1 (Macro): 0.2383/0.3923/0.2466 | LR: 0.000001
Epoch [68/100] | Loss: 5.1867 (Cls: 5.1570, TAL: -0.2713, Adv: 0.7789, OT-Reg: 0.001070) | Marginal residual: 1.00e-03 | Train Acc: 0.3728 | Val Acc: 0.2500 | Val P/R/F1 (Macro): 0.2354/0.3007/0.1857 | LR: 0.000001
Epoch [69/100] | Loss: 5.3337 (Cls: 5.1975, TAL: 0.5591, Adv: 0.8645, OT-Reg: 0.001105) | Marginal residual: 1.96e-03 | Train Acc: 0.3664 | Val Acc: 0.1667 | Val P/R/F1 (Macro): 0.2421/0.2601/0.1450 | LR: 0.000001
Epoch [70/100] | Loss: 5.3052 (Cls: 5.1727, TAL: 0.5167, Adv: 0.8809, OT-Reg: 0.001036) | Marginal residual: 1.51e-03 | Train Acc: 0.3858 | Val Acc: 0.3167 | Val P/R/F1 (Macro): 0.4085/0.3571/0.2089 | LR: 0.000001
Epoch [71/100] | Loss: 5.4038 (Cls: 5.3026, TAL: 0.2845, Adv: 0.8385, OT-Reg: 0.001027) | Marginal residual: 9.50e-04 | Train Acc: 0.3901 | Val Acc: 0.3667 | Val P/R/F1 (Macro): 0.3484/0.4117/0.2656 | LR: 0.000001
Epoch [72/100] | Loss: 5.2726 (Cls: 5.2122, TAL: -0.0304, Adv: 0.8006, OT-Reg: 0.001090) | Marginal residual: 1.17e-03 | Train Acc: 0.3642 | Val Acc: 0.1583 | Val P/R/F1 (Macro): 0.1701/0.2369/0.1357 | LR: 0.000001
Epoch [73/100] | Loss: 5.2725 (Cls: 5.2045, TAL: -0.0246, Adv: 0.8865, OT-Reg: 0.001023) | Marginal residual: 8.94e-04 | Train Acc: 0.3750 | Val Acc: 0.3667 | Val P/R/F1 (Macro): 0.3384/0.3795/0.2589 | LR: 0.000001
Epoch [74/100] | Loss: 5.2332 (Cls: 5.0847, TAL: 0.6256, Adv: 0.9176, OT-Reg: 0.000956) | Marginal residual: 7.36e-04 | Train Acc: 0.3750 | Val Acc: 0.3667 | Val P/R/F1 (Macro): 0.3485/0.4443/0.3156 | LR: 0.000001
Epoch [75/100] | Loss: 5.4059 (Cls: 5.2764, TAL: 0.4966, Adv: 0.8746, OT-Reg: 0.001012) | Marginal residual: 1.03e-03 | Train Acc: 0.3966 | Val Acc: 0.1000 | Val P/R/F1 (Macro): 0.0810/0.1137/0.0807 | LR: 0.000001
Epoch [76/100] | Loss: 5.1758 (Cls: 5.0843, TAL: 0.2024, Adv: 0.8399, OT-Reg: 0.001086) | Marginal residual: 1.56e-03 | Train Acc: 0.4181 | Val Acc: 0.3417 | Val P/R/F1 (Macro): 0.2959/0.3562/0.2062 | LR: 0.000001
Epoch [77/100] | Loss: 5.1819 (Cls: 5.1380, TAL: -0.1834, Adv: 0.8244, OT-Reg: 0.001041) | Marginal residual: 1.13e-03 | Train Acc: 0.3642 | Val Acc: 0.4000 | Val P/R/F1 (Macro): 0.3530/0.4156/0.3000 | LR: 0.000001
Epoch [78/100] | Loss: 5.1938 (Cls: 5.1028, TAL: 0.1633, Adv: 0.8914, OT-Reg: 0.001011) | Marginal residual: 7.61e-04 | Train Acc: 0.4030 | Val Acc: 0.3083 | Val P/R/F1 (Macro): 0.3169/0.3233/0.2085 | LR: 0.000001
Epoch [79/100] | Loss: 5.1479 (Cls: 5.0744, TAL: 0.0059, Adv: 0.9094, OT-Reg: 0.000985) | Marginal residual: 7.24e-04 | Train Acc: 0.3966 | Val Acc: 0.1667 | Val P/R/F1 (Macro): 0.2645/0.2614/0.1346 | LR: 0.000001
Epoch [80/100] | Loss: 5.2049 (Cls: 5.1876, TAL: -0.4530, Adv: 0.8953, OT-Reg: 0.001038) | Marginal residual: 9.02e-04 | Train Acc: 0.4181 | Val Acc: 0.2083 | Val P/R/F1 (Macro): 0.1166/0.3085/0.1391 | LR: 0.000001
Epoch [81/100] | Loss: 5.1282 (Cls: 5.1065, TAL: -0.3686, Adv: 0.8244, OT-Reg: 0.001043) | Marginal residual: 7.22e-04 | Train Acc: 0.3922 | Val Acc: 0.1500 | Val P/R/F1 (Macro): 0.2360/0.2683/0.1361 | LR: 0.000001
Epoch [82/100] | Loss: 5.4347 (Cls: 5.3440, TAL: 0.1358, Adv: 0.9297, OT-Reg: 0.001021) | Marginal residual: 8.84e-04 | Train Acc: 0.3297 | Val Acc: 0.1500 | Val P/R/F1 (Macro): 0.2361/0.2761/0.1427 | LR: 0.000001
Epoch [83/100] | Loss: 5.1426 (Cls: 5.0468, TAL: 0.2134, Adv: 0.8766, OT-Reg: 0.001001) | Marginal residual: 7.65e-04 | Train Acc: 0.3944 | Val Acc: 0.2000 | Val P/R/F1 (Macro): 0.1397/0.3458/0.1597 | LR: 0.000001
Epoch [84/100] | Loss: 5.1992 (Cls: 5.0879, TAL: 0.3252, Adv: 0.9034, OT-Reg: 0.001004) | Marginal residual: 1.05e-03 | Train Acc: 0.3879 | Val Acc: 0.2000 | Val P/R/F1 (Macro): 0.2480/0.3543/0.1960 | LR: 0.000001
Epoch [85/100] | Loss: 5.2557 (Cls: 5.1894, TAL: -0.0340, Adv: 0.8792, OT-Reg: 0.001049) | Marginal residual: 1.14e-03 | Train Acc: 0.3728 | Val Acc: 0.1750 | Val P/R/F1 (Macro): 0.1380/0.2779/0.1381 | LR: 0.000001
Epoch [86/100] | Loss: 5.2927 (Cls: 5.2809, TAL: -0.4594, Adv: 0.8366, OT-Reg: 0.001043) | Marginal residual: 6.37e-04 | Train Acc: 0.3578 | Val Acc: 0.1667 | Val P/R/F1 (Macro): 0.2420/0.3183/0.1815 | LR: 0.000001
Epoch [87/100] | Loss: 5.1594 (Cls: 5.1110, TAL: -0.1447, Adv: 0.8230, OT-Reg: 0.001060) | Marginal residual: 8.39e-04 | Train Acc: 0.3750 | Val Acc: 0.1750 | Val P/R/F1 (Macro): 0.2423/0.3475/0.1743 | LR: 0.000001
Epoch [88/100] | Loss: 5.1696 (Cls: 5.1751, TAL: -0.5996, Adv: 0.8307, OT-Reg: 0.001064) | Marginal residual: 8.50e-04 | Train Acc: 0.3599 | Val Acc: 0.4583 | Val P/R/F1 (Macro): 0.3300/0.4667/0.3464 | LR: 0.000001
  >>> New Best Val Acc: 0.4583
Epoch [89/100] | Loss: 5.1482 (Cls: 5.0876, TAL: -0.1088, Adv: 0.9205, OT-Reg: 0.001055) | Marginal residual: 1.23e-03 | Train Acc: 0.3836 | Val Acc: 0.1667 | Val P/R/F1 (Macro): 0.3397/0.3427/0.1717 | LR: 0.000001
Epoch [90/100] | Loss: 5.3072 (Cls: 5.1660, TAL: 0.5485, Adv: 0.9420, OT-Reg: 0.001106) | Marginal residual: 1.67e-03 | Train Acc: 0.3728 | Val Acc: 0.1667 | Val P/R/F1 (Macro): 0.2034/0.3036/0.1518 | LR: 0.000001
Epoch [91/100] | Loss: 5.3419 (Cls: 5.2573, TAL: 0.0800, Adv: 0.9371, OT-Reg: 0.001067) | Marginal residual: 1.10e-03 | Train Acc: 0.3621 | Val Acc: 0.1750 | Val P/R/F1 (Macro): 0.1244/0.2928/0.1346 | LR: 0.000001
Epoch [92/100] | Loss: 5.2145 (Cls: 5.1011, TAL: 0.3175, Adv: 0.9418, OT-Reg: 0.000977) | Marginal residual: 5.92e-04 | Train Acc: 0.3297 | Val Acc: 0.3417 | Val P/R/F1 (Macro): 0.3075/0.3632/0.2314 | LR: 0.000001
Epoch [93/100] | Loss: 5.0428 (Cls: 5.0435, TAL: -0.5814, Adv: 0.8634, OT-Reg: 0.001069) | Marginal residual: 7.53e-04 | Train Acc: 0.3836 | Val Acc: 0.3083 | Val P/R/F1 (Macro): 0.3041/0.3898/0.2302 | LR: 0.000001
Epoch [94/100] | Loss: 5.2947 (Cls: 5.1839, TAL: 0.2796, Adv: 0.9662, OT-Reg: 0.001027) | Marginal residual: 8.95e-04 | Train Acc: 0.3901 | Val Acc: 0.2583 | Val P/R/F1 (Macro): 0.1801/0.3672/0.1902 | LR: 0.000001
Epoch [95/100] | Loss: 5.1420 (Cls: 5.0609, TAL: 0.0797, Adv: 0.8941, OT-Reg: 0.001081) | Marginal residual: 1.48e-03 | Train Acc: 0.3556 | Val Acc: 0.1917 | Val P/R/F1 (Macro): 0.2671/0.2758/0.1780 | LR: 0.000001
Epoch [96/100] | Loss: 4.9977 (Cls: 4.9563, TAL: -0.2369, Adv: 0.8733, OT-Reg: 0.001044) | Marginal residual: 1.11e-03 | Train Acc: 0.3858 | Val Acc: 0.1833 | Val P/R/F1 (Macro): 0.3051/0.2650/0.1761 | LR: 0.000001
Epoch [97/100] | Loss: 5.3839 (Cls: 5.3294, TAL: -0.1679, Adv: 0.9333, OT-Reg: 0.001055) | Marginal residual: 1.14e-03 | Train Acc: 0.3922 | Val Acc: 0.3083 | Val P/R/F1 (Macro): 0.3641/0.3238/0.2538 | LR: 0.000001
Epoch [98/100] | Loss: 5.3189 (Cls: 5.2675, TAL: -0.1966, Adv: 0.9369, OT-Reg: 0.001095) | Marginal residual: 8.50e-04 | Train Acc: 0.3125 | Val Acc: 0.2500 | Val P/R/F1 (Macro): 0.2828/0.3311/0.1987 | LR: 0.000001
Epoch [99/100] | Loss: 5.0676 (Cls: 5.0557, TAL: -0.4462, Adv: 0.8180, OT-Reg: 0.001020) | Marginal residual: 7.84e-04 | Train Acc: 0.3578 | Val Acc: 0.2167 | Val P/R/F1 (Macro): 0.1833/0.3681/0.1920 | LR: 0.000001
Epoch [100/100] | Loss: 5.3140 (Cls: 5.2398, TAL: -0.0294, Adv: 0.9729, OT-Reg: 0.001037) | Marginal residual: 8.48e-04 | Train Acc: 0.3707 | Val Acc: 0.1333 | Val P/R/F1 (Macro): 0.2655/0.2272/0.1379 | LR: 0.000001
Report strategy: last_window, window=10, reported_acc=0.2367, best_acc=0.4583

迭代 3 报告指标:
  Accuracy: 0.2367
  Precision (Macro): 0.2584
  Recall (Macro): 0.3204
  F1 (Macro): 0.1923
  Precision (Micro): 0.2367
  Recall (Micro): 0.2367
  F1 (Micro): 0.2367
  Val class coverage: 8/14 (0.5714), samples=120

================================================================================
迭代 4/5
随机种子: 45
================================================================================
Training mode: full target-label supervision (class-paired batches).
Feature fusion: Tensor alignment (512+512 -> 128+128); fused_dim=256
Domain adaptation: Neural OT generator with 3-domain discriminator
Loss weights: tensor=0.12, adv=0.08
Transport: mode=sinkhorn, epsilon=0.1, Sinkhorn iterations=50, correction scale=0.1, correction regularization weight=0.001
Tensor projection update: alternating SVD, max_sweeps=3, relative singular-value tolerance=0.0001
Epoch [1/100] | Loss: 8.0794 (Cls: 8.0621, TAL: -0.0106, Adv: 0.2323, OT-Reg: 0.000559) | Marginal residual: 2.58e-05 | Train Acc: 0.1358 | Val Acc: 0.1750 | Val P/R/F1 (Macro): 0.0453/0.1260/0.0598 | LR: 0.000005
  >>> New Best Val Acc: 0.1750
Epoch [2/100] | Loss: 7.6627 (Cls: 7.6294, TAL: 0.1476, Adv: 0.1951, OT-Reg: 0.000516) | Marginal residual: 1.51e-05 | Train Acc: 0.1336 | Val Acc: 0.1000 | Val P/R/F1 (Macro): 0.0954/0.0581/0.0722 | LR: 0.000005
Epoch [3/100] | Loss: 7.4768 (Cls: 7.4734, TAL: -0.0927, Adv: 0.1816, OT-Reg: 0.000540) | Marginal residual: 4.02e-05 | Train Acc: 0.1422 | Val Acc: 0.1000 | Val P/R/F1 (Macro): 0.1566/0.0675/0.0471 | LR: 0.000005
Epoch [4/100] | Loss: 7.3562 (Cls: 7.3413, TAL: -0.0198, Adv: 0.2158, OT-Reg: 0.000640) | Marginal residual: 3.07e-05 | Train Acc: 0.1530 | Val Acc: 0.1583 | Val P/R/F1 (Macro): 0.0669/0.1677/0.0800 | LR: 0.000005
Epoch [5/100] | Loss: 7.2350 (Cls: 7.2323, TAL: -0.1158, Adv: 0.2064, OT-Reg: 0.000676) | Marginal residual: 1.58e-05 | Train Acc: 0.1034 | Val Acc: 0.2000 | Val P/R/F1 (Macro): 0.0448/0.1160/0.0561 | LR: 0.000005
  >>> New Best Val Acc: 0.2000
Epoch [6/100] | Loss: 7.1424 (Cls: 7.0981, TAL: 0.1822, Adv: 0.2799, OT-Reg: 0.000692) | Marginal residual: 1.06e-04 | Train Acc: 0.1121 | Val Acc: 0.2917 | Val P/R/F1 (Macro): 0.1103/0.2108/0.1184 | LR: 0.000005
  >>> New Best Val Acc: 0.2917
Epoch [7/100] | Loss: 7.0333 (Cls: 7.0527, TAL: -0.3301, Adv: 0.2525, OT-Reg: 0.000652) | Marginal residual: 3.59e-05 | Train Acc: 0.1185 | Val Acc: 0.1833 | Val P/R/F1 (Macro): 0.1529/0.2246/0.0971 | LR: 0.000005
Epoch [8/100] | Loss: 6.9766 (Cls: 6.9651, TAL: -0.0557, Adv: 0.2273, OT-Reg: 0.000701) | Marginal residual: 7.28e-05 | Train Acc: 0.1056 | Val Acc: 0.1833 | Val P/R/F1 (Macro): 0.0327/0.1040/0.0464 | LR: 0.000005
Epoch [9/100] | Loss: 7.0180 (Cls: 6.9992, TAL: -0.0181, Adv: 0.2621, OT-Reg: 0.000776) | Marginal residual: 1.70e-04 | Train Acc: 0.1272 | Val Acc: 0.1083 | Val P/R/F1 (Macro): 0.1395/0.1311/0.0376 | LR: 0.000005
Epoch [10/100] | Loss: 6.9265 (Cls: 6.9190, TAL: -0.0843, Adv: 0.2201, OT-Reg: 0.000811) | Marginal residual: 2.82e-04 | Train Acc: 0.1185 | Val Acc: 0.1083 | Val P/R/F1 (Macro): 0.0332/0.0625/0.0433 | LR: 0.000005
Epoch [11/100] | Loss: 6.8804 (Cls: 6.8635, TAL: 0.0352, Adv: 0.1588, OT-Reg: 0.000835) | Marginal residual: 1.66e-04 | Train Acc: 0.1207 | Val Acc: 0.0667 | Val P/R/F1 (Macro): 0.0235/0.1122/0.0269 | LR: 0.000005
Epoch [12/100] | Loss: 6.8720 (Cls: 6.9091, TAL: -0.4012, Adv: 0.1378, OT-Reg: 0.000850) | Marginal residual: 4.86e-04 | Train Acc: 0.1379 | Val Acc: 0.1583 | Val P/R/F1 (Macro): 0.0718/0.1989/0.0838 | LR: 0.000005
Epoch [13/100] | Loss: 6.7728 (Cls: 6.8322, TAL: -0.5743, Adv: 0.1198, OT-Reg: 0.000846) | Marginal residual: 4.38e-04 | Train Acc: 0.1250 | Val Acc: 0.0500 | Val P/R/F1 (Macro): 0.0264/0.1298/0.0184 | LR: 0.000005
Epoch [14/100] | Loss: 6.5948 (Cls: 6.6542, TAL: -0.5878, Adv: 0.1397, OT-Reg: 0.000878) | Marginal residual: 5.22e-04 | Train Acc: 0.1703 | Val Acc: 0.0917 | Val P/R/F1 (Macro): 0.1832/0.1457/0.0456 | LR: 0.000005
Epoch [15/100] | Loss: 6.6271 (Cls: 6.5926, TAL: 0.1885, Adv: 0.1482, OT-Reg: 0.000880) | Marginal residual: 2.77e-04 | Train Acc: 0.1681 | Val Acc: 0.2333 | Val P/R/F1 (Macro): 0.0974/0.2039/0.1061 | LR: 0.000005
Epoch [16/100] | Loss: 6.6299 (Cls: 6.5336, TAL: 0.5815, Adv: 0.3325, OT-Reg: 0.000893) | Marginal residual: 4.74e-08 | Train Acc: 0.1466 | Val Acc: 0.0833 | Val P/R/F1 (Macro): 0.0732/0.1503/0.0548 | LR: 0.000005
Epoch [17/100] | Loss: 6.4700 (Cls: 6.3667, TAL: 0.5199, Adv: 0.5120, OT-Reg: 0.000916) | Marginal residual: 5.48e-07 | Train Acc: 0.1940 | Val Acc: 0.0667 | Val P/R/F1 (Macro): 0.0244/0.2500/0.0439 | LR: 0.000003
Epoch [18/100] | Loss: 6.4624 (Cls: 6.3535, TAL: 0.4712, Adv: 0.6545, OT-Reg: 0.000896) | Marginal residual: 2.60e-07 | Train Acc: 0.2004 | Val Acc: 0.1750 | Val P/R/F1 (Macro): 0.1641/0.0664/0.0580 | LR: 0.000003
Epoch [19/100] | Loss: 6.3669 (Cls: 6.2541, TAL: 0.4634, Adv: 0.7150, OT-Reg: 0.000897) | Marginal residual: 2.52e-06 | Train Acc: 0.2134 | Val Acc: 0.2333 | Val P/R/F1 (Macro): 0.2272/0.2557/0.1666 | LR: 0.000003
Epoch [20/100] | Loss: 6.3315 (Cls: 6.2052, TAL: 0.5261, Adv: 0.7893, OT-Reg: 0.000901) | Marginal residual: 5.78e-08 | Train Acc: 0.2371 | Val Acc: 0.2000 | Val P/R/F1 (Macro): 0.0721/0.2276/0.0887 | LR: 0.000003
Epoch [21/100] | Loss: 6.2754 (Cls: 6.1454, TAL: 0.5454, Adv: 0.8064, OT-Reg: 0.000892) | Marginal residual: 6.20e-08 | Train Acc: 0.2069 | Val Acc: 0.1750 | Val P/R/F1 (Macro): 0.0632/0.1847/0.0700 | LR: 0.000003
Epoch [22/100] | Loss: 6.2779 (Cls: 6.2619, TAL: -0.2819, Adv: 0.6225, OT-Reg: 0.000896) | Marginal residual: 7.36e-04 | Train Acc: 0.2004 | Val Acc: 0.1417 | Val P/R/F1 (Macro): 0.2427/0.2896/0.1456 | LR: 0.000003
Epoch [23/100] | Loss: 6.2609 (Cls: 6.3035, TAL: -0.5906, Adv: 0.3532, OT-Reg: 0.000940) | Marginal residual: 9.63e-04 | Train Acc: 0.1961 | Val Acc: 0.1917 | Val P/R/F1 (Macro): 0.0936/0.1923/0.0972 | LR: 0.000003
Epoch [24/100] | Loss: 6.0493 (Cls: 6.1077, TAL: -0.6341, Adv: 0.2207, OT-Reg: 0.000916) | Marginal residual: 6.83e-04 | Train Acc: 0.2241 | Val Acc: 0.1750 | Val P/R/F1 (Macro): 0.2179/0.3147/0.1793 | LR: 0.000003
Epoch [25/100] | Loss: 6.1429 (Cls: 6.0160, TAL: 0.5833, Adv: 0.7120, OT-Reg: 0.000902) | Marginal residual: 3.72e-05 | Train Acc: 0.2478 | Val Acc: 0.0833 | Val P/R/F1 (Macro): 0.0600/0.2540/0.0961 | LR: 0.000003
Epoch [26/100] | Loss: 6.1516 (Cls: 6.0325, TAL: 0.4720, Adv: 0.7812, OT-Reg: 0.000879) | Marginal residual: 5.46e-08 | Train Acc: 0.2694 | Val Acc: 0.1750 | Val P/R/F1 (Macro): 0.1360/0.3522/0.1325 | LR: 0.000003
Epoch [27/100] | Loss: 6.2664 (Cls: 6.1496, TAL: 0.4225, Adv: 0.8261, OT-Reg: 0.000950) | Marginal residual: 5.60e-08 | Train Acc: 0.2155 | Val Acc: 0.3250 | Val P/R/F1 (Macro): 0.1053/0.1786/0.1249 | LR: 0.000003
  >>> New Best Val Acc: 0.3250
Epoch [28/100] | Loss: 6.1758 (Cls: 6.0600, TAL: 0.4206, Adv: 0.8160, OT-Reg: 0.000949) | Marginal residual: 6.82e-08 | Train Acc: 0.2500 | Val Acc: 0.2667 | Val P/R/F1 (Macro): 0.1978/0.4223/0.1879 | LR: 0.000003
Epoch [29/100] | Loss: 6.0617 (Cls: 5.9390, TAL: 0.4418, Adv: 0.8715, OT-Reg: 0.000919) | Marginal residual: 8.47e-08 | Train Acc: 0.2608 | Val Acc: 0.1500 | Val P/R/F1 (Macro): 0.0557/0.1307/0.0731 | LR: 0.000003
Epoch [30/100] | Loss: 6.1985 (Cls: 6.1888, TAL: -0.2956, Adv: 0.5647, OT-Reg: 0.000895) | Marginal residual: 5.38e-04 | Train Acc: 0.2069 | Val Acc: 0.3083 | Val P/R/F1 (Macro): 0.1246/0.1577/0.1245 | LR: 0.000003
Epoch [31/100] | Loss: 5.9094 (Cls: 5.9568, TAL: -0.5579, Adv: 0.2436, OT-Reg: 0.000902) | Marginal residual: 7.00e-04 | Train Acc: 0.2716 | Val Acc: 0.0500 | Val P/R/F1 (Macro): 0.0160/0.1298/0.0197 | LR: 0.000003
Epoch [32/100] | Loss: 5.9658 (Cls: 6.0286, TAL: -0.6268, Adv: 0.1555, OT-Reg: 0.000897) | Marginal residual: 7.68e-04 | Train Acc: 0.2672 | Val Acc: 0.0417 | Val P/R/F1 (Macro): 0.0166/0.2083/0.0296 | LR: 0.000003
Epoch [33/100] | Loss: 5.9564 (Cls: 6.0128, TAL: -0.6471, Adv: 0.2660, OT-Reg: 0.000910) | Marginal residual: 7.51e-04 | Train Acc: 0.2586 | Val Acc: 0.2083 | Val P/R/F1 (Macro): 0.2158/0.3336/0.1929 | LR: 0.000003
Epoch [34/100] | Loss: 6.0402 (Cls: 6.0527, TAL: -0.3502, Adv: 0.3691, OT-Reg: 0.000920) | Marginal residual: 7.08e-04 | Train Acc: 0.2263 | Val Acc: 0.0833 | Val P/R/F1 (Macro): 0.0715/0.2353/0.0925 | LR: 0.000003
Epoch [35/100] | Loss: 6.0685 (Cls: 5.9800, TAL: 0.3551, Adv: 0.5744, OT-Reg: 0.000871) | Marginal residual: 1.09e-04 | Train Acc: 0.2371 | Val Acc: 0.3167 | Val P/R/F1 (Macro): 0.0850/0.2069/0.1168 | LR: 0.000003
Epoch [36/100] | Loss: 6.4316 (Cls: 6.3567, TAL: 0.2762, Adv: 0.5218, OT-Reg: 0.000874) | Marginal residual: 2.84e-04 | Train Acc: 0.2478 | Val Acc: 0.2250 | Val P/R/F1 (Macro): 0.2702/0.3956/0.2095 | LR: 0.000003
Epoch [37/100] | Loss: 6.1464 (Cls: 6.0954, TAL: 0.0782, Adv: 0.5200, OT-Reg: 0.000882) | Marginal residual: 3.72e-04 | Train Acc: 0.2284 | Val Acc: 0.1250 | Val P/R/F1 (Macro): 0.2096/0.3661/0.1875 | LR: 0.000003
Epoch [38/100] | Loss: 6.1327 (Cls: 6.0641, TAL: 0.2351, Adv: 0.5047, OT-Reg: 0.000896) | Marginal residual: 1.89e-04 | Train Acc: 0.2586 | Val Acc: 0.0917 | Val P/R/F1 (Macro): 0.0441/0.1564/0.0529 | LR: 0.000001
Epoch [39/100] | Loss: 5.9816 (Cls: 5.9644, TAL: -0.2372, Adv: 0.5711, OT-Reg: 0.000828) | Marginal residual: 6.38e-04 | Train Acc: 0.2155 | Val Acc: 0.2333 | Val P/R/F1 (Macro): 0.1285/0.2229/0.1378 | LR: 0.000001
Epoch [40/100] | Loss: 6.1709 (Cls: 6.0891, TAL: 0.1989, Adv: 0.7239, OT-Reg: 0.000900) | Marginal residual: 1.43e-04 | Train Acc: 0.2500 | Val Acc: 0.2083 | Val P/R/F1 (Macro): 0.1696/0.2243/0.1154 | LR: 0.000001
Epoch [41/100] | Loss: 6.0352 (Cls: 5.9727, TAL: 0.1851, Adv: 0.5038, OT-Reg: 0.000863) | Marginal residual: 1.59e-04 | Train Acc: 0.2672 | Val Acc: 0.3583 | Val P/R/F1 (Macro): 0.2820/0.2912/0.2316 | LR: 0.000001
  >>> New Best Val Acc: 0.3583
Epoch [42/100] | Loss: 5.8783 (Cls: 5.8754, TAL: -0.2826, Adv: 0.4608, OT-Reg: 0.000852) | Marginal residual: 5.86e-04 | Train Acc: 0.2629 | Val Acc: 0.1917 | Val P/R/F1 (Macro): 0.1493/0.2051/0.1392 | LR: 0.000001
Epoch [43/100] | Loss: 5.7537 (Cls: 5.8057, TAL: -0.6847, Adv: 0.3773, OT-Reg: 0.000858) | Marginal residual: 6.89e-04 | Train Acc: 0.2759 | Val Acc: 0.2417 | Val P/R/F1 (Macro): 0.0964/0.1813/0.1244 | LR: 0.000001
Epoch [44/100] | Loss: 5.7864 (Cls: 5.7271, TAL: 0.1610, Adv: 0.4994, OT-Reg: 0.000864) | Marginal residual: 2.92e-04 | Train Acc: 0.2974 | Val Acc: 0.3667 | Val P/R/F1 (Macro): 0.0956/0.2500/0.1379 | LR: 0.000001
  >>> New Best Val Acc: 0.3667
Epoch [45/100] | Loss: 5.7762 (Cls: 5.7299, TAL: -0.0223, Adv: 0.6118, OT-Reg: 0.000865) | Marginal residual: 3.24e-04 | Train Acc: 0.2996 | Val Acc: 0.1417 | Val P/R/F1 (Macro): 0.1414/0.2202/0.1239 | LR: 0.000001
Epoch [46/100] | Loss: 5.7382 (Cls: 5.7794, TAL: -0.6693, Adv: 0.4895, OT-Reg: 0.000872) | Marginal residual: 6.58e-04 | Train Acc: 0.2953 | Val Acc: 0.1000 | Val P/R/F1 (Macro): 0.0875/0.3329/0.0855 | LR: 0.000001
Epoch [47/100] | Loss: 6.0298 (Cls: 6.0537, TAL: -0.5076, Adv: 0.4629, OT-Reg: 0.000830) | Marginal residual: 4.10e-04 | Train Acc: 0.2263 | Val Acc: 0.3500 | Val P/R/F1 (Macro): 0.1724/0.2837/0.1919 | LR: 0.000001
Epoch [48/100] | Loss: 5.7439 (Cls: 5.7763, TAL: -0.6805, Adv: 0.6158, OT-Reg: 0.000823) | Marginal residual: 6.62e-04 | Train Acc: 0.2996 | Val Acc: 0.3500 | Val P/R/F1 (Macro): 0.2353/0.2399/0.1599 | LR: 0.000001
Epoch [49/100] | Loss: 5.7660 (Cls: 5.7994, TAL: -0.6234, Adv: 0.5177, OT-Reg: 0.000811) | Marginal residual: 7.38e-04 | Train Acc: 0.2608 | Val Acc: 0.2917 | Val P/R/F1 (Macro): 0.1279/0.2240/0.1532 | LR: 0.000001
Epoch [50/100] | Loss: 6.1095 (Cls: 6.0781, TAL: -0.0809, Adv: 0.5134, OT-Reg: 0.000819) | Marginal residual: 4.06e-04 | Train Acc: 0.2091 | Val Acc: 0.1333 | Val P/R/F1 (Macro): 0.1595/0.1468/0.0905 | LR: 0.000001
Epoch [51/100] | Loss: 5.9162 (Cls: 5.8491, TAL: 0.2686, Adv: 0.4352, OT-Reg: 0.000828) | Marginal residual: 1.98e-04 | Train Acc: 0.2651 | Val Acc: 0.3083 | Val P/R/F1 (Macro): 0.3160/0.3946/0.2991 | LR: 0.000001
Epoch [52/100] | Loss: 5.9135 (Cls: 5.8742, TAL: -0.0112, Adv: 0.5081, OT-Reg: 0.000854) | Marginal residual: 4.35e-04 | Train Acc: 0.2716 | Val Acc: 0.1917 | Val P/R/F1 (Macro): 0.2823/0.2656/0.2009 | LR: 0.000001
Epoch [53/100] | Loss: 5.8951 (Cls: 5.7823, TAL: 0.4662, Adv: 0.7111, OT-Reg: 0.000796) | Marginal residual: 1.73e-04 | Train Acc: 0.2759 | Val Acc: 0.3750 | Val P/R/F1 (Macro): 0.2760/0.3619/0.3062 | LR: 0.000001
  >>> New Best Val Acc: 0.3750
Epoch [54/100] | Loss: 5.8427 (Cls: 5.7722, TAL: 0.1508, Adv: 0.6560, OT-Reg: 0.000801) | Marginal residual: 3.75e-04 | Train Acc: 0.2759 | Val Acc: 0.1250 | Val P/R/F1 (Macro): 0.0956/0.2611/0.1113 | LR: 0.000001
Epoch [55/100] | Loss: 5.8027 (Cls: 5.7187, TAL: 0.2670, Adv: 0.6492, OT-Reg: 0.000781) | Marginal residual: 4.20e-04 | Train Acc: 0.2629 | Val Acc: 0.2250 | Val P/R/F1 (Macro): 0.1127/0.2279/0.1270 | LR: 0.000001
Epoch [56/100] | Loss: 5.7836 (Cls: 5.8011, TAL: -0.4424, Adv: 0.4449, OT-Reg: 0.000805) | Marginal residual: 4.77e-04 | Train Acc: 0.2909 | Val Acc: 0.1083 | Val P/R/F1 (Macro): 0.1467/0.1942/0.0981 | LR: 0.000001
Epoch [57/100] | Loss: 5.9035 (Cls: 5.7825, TAL: 0.6050, Adv: 0.6047, OT-Reg: 0.000783) | Marginal residual: 4.45e-04 | Train Acc: 0.2802 | Val Acc: 0.3750 | Val P/R/F1 (Macro): 0.2396/0.3644/0.2700 | LR: 0.000001
Epoch [58/100] | Loss: 5.8280 (Cls: 5.7715, TAL: 0.1753, Adv: 0.4429, OT-Reg: 0.000795) | Marginal residual: 2.34e-04 | Train Acc: 0.2737 | Val Acc: 0.3250 | Val P/R/F1 (Macro): 0.1516/0.2936/0.1929 | LR: 0.000001
Epoch [59/100] | Loss: 5.8231 (Cls: 5.8018, TAL: -0.1191, Adv: 0.4447, OT-Reg: 0.000821) | Marginal residual: 5.63e-04 | Train Acc: 0.2651 | Val Acc: 0.4000 | Val P/R/F1 (Macro): 0.2224/0.2744/0.2294 | LR: 0.000001
  >>> New Best Val Acc: 0.4000
Epoch [60/100] | Loss: 5.8266 (Cls: 5.7590, TAL: 0.2212, Adv: 0.5135, OT-Reg: 0.000798) | Marginal residual: 4.99e-04 | Train Acc: 0.2823 | Val Acc: 0.3917 | Val P/R/F1 (Macro): 0.2843/0.3187/0.2261 | LR: 0.000001
Epoch [61/100] | Loss: 5.7950 (Cls: 5.7407, TAL: 0.0835, Adv: 0.5540, OT-Reg: 0.000798) | Marginal residual: 6.21e-04 | Train Acc: 0.2543 | Val Acc: 0.2083 | Val P/R/F1 (Macro): 0.1853/0.2510/0.1706 | LR: 0.000001
Epoch [62/100] | Loss: 5.7342 (Cls: 5.7374, TAL: -0.3778, Adv: 0.5259, OT-Reg: 0.000846) | Marginal residual: 5.25e-04 | Train Acc: 0.2522 | Val Acc: 0.2417 | Val P/R/F1 (Macro): 0.1995/0.3020/0.2167 | LR: 0.000001
Epoch [63/100] | Loss: 5.7018 (Cls: 5.6696, TAL: -0.1232, Adv: 0.5874, OT-Reg: 0.000836) | Marginal residual: 4.77e-04 | Train Acc: 0.2780 | Val Acc: 0.1750 | Val P/R/F1 (Macro): 0.1378/0.2515/0.1263 | LR: 0.000001
Epoch [64/100] | Loss: 5.6767 (Cls: 5.6125, TAL: 0.2094, Adv: 0.4887, OT-Reg: 0.000816) | Marginal residual: 6.07e-04 | Train Acc: 0.2392 | Val Acc: 0.1333 | Val P/R/F1 (Macro): 0.2207/0.1366/0.1389 | LR: 0.000001
Epoch [65/100] | Loss: 5.6380 (Cls: 5.5688, TAL: 0.2787, Adv: 0.4471, OT-Reg: 0.000788) | Marginal residual: 4.34e-04 | Train Acc: 0.3017 | Val Acc: 0.2000 | Val P/R/F1 (Macro): 0.2052/0.2796/0.1940 | LR: 0.000001
Epoch [66/100] | Loss: 5.7191 (Cls: 5.6514, TAL: 0.2418, Adv: 0.4830, OT-Reg: 0.000810) | Marginal residual: 5.06e-04 | Train Acc: 0.2909 | Val Acc: 0.3083 | Val P/R/F1 (Macro): 0.2016/0.3061/0.1894 | LR: 0.000001
Epoch [67/100] | Loss: 5.7830 (Cls: 5.7159, TAL: 0.2520, Adv: 0.4608, OT-Reg: 0.000779) | Marginal residual: 5.60e-04 | Train Acc: 0.2629 | Val Acc: 0.2417 | Val P/R/F1 (Macro): 0.1349/0.3147/0.1687 | LR: 0.000001
Epoch [68/100] | Loss: 5.6865 (Cls: 5.6598, TAL: -0.0371, Adv: 0.3886, OT-Reg: 0.000835) | Marginal residual: 6.65e-04 | Train Acc: 0.2608 | Val Acc: 0.4083 | Val P/R/F1 (Macro): 0.2664/0.3530/0.2648 | LR: 0.000001
  >>> New Best Val Acc: 0.4083
Epoch [69/100] | Loss: 5.7493 (Cls: 5.7330, TAL: -0.1284, Adv: 0.3961, OT-Reg: 0.000804) | Marginal residual: 7.41e-04 | Train Acc: 0.2500 | Val Acc: 0.4083 | Val P/R/F1 (Macro): 0.2620/0.3062/0.2484 | LR: 0.000001
Epoch [70/100] | Loss: 5.6775 (Cls: 5.6327, TAL: 0.0176, Adv: 0.5328, OT-Reg: 0.000780) | Marginal residual: 5.24e-04 | Train Acc: 0.2672 | Val Acc: 0.2750 | Val P/R/F1 (Macro): 0.3108/0.3592/0.2896 | LR: 0.000001
Epoch [71/100] | Loss: 5.6898 (Cls: 5.6308, TAL: 0.0839, Adv: 0.6116, OT-Reg: 0.000778) | Marginal residual: 4.53e-04 | Train Acc: 0.2802 | Val Acc: 0.3750 | Val P/R/F1 (Macro): 0.2487/0.3063/0.1934 | LR: 0.000001
Epoch [72/100] | Loss: 5.6952 (Cls: 5.6695, TAL: -0.1511, Adv: 0.5481, OT-Reg: 0.000807) | Marginal residual: 9.04e-04 | Train Acc: 0.2802 | Val Acc: 0.3583 | Val P/R/F1 (Macro): 0.2399/0.3285/0.2222 | LR: 0.000001
Epoch [73/100] | Loss: 5.6782 (Cls: 5.6086, TAL: 0.1438, Adv: 0.6544, OT-Reg: 0.000814) | Marginal residual: 5.72e-04 | Train Acc: 0.2931 | Val Acc: 0.2417 | Val P/R/F1 (Macro): 0.1878/0.2679/0.1855 | LR: 0.000001
Epoch [74/100] | Loss: 5.7044 (Cls: 5.6227, TAL: 0.2432, Adv: 0.6567, OT-Reg: 0.000771) | Marginal residual: 3.38e-04 | Train Acc: 0.2543 | Val Acc: 0.1917 | Val P/R/F1 (Macro): 0.1684/0.2251/0.1438 | LR: 0.000001
Epoch [75/100] | Loss: 5.6446 (Cls: 5.5720, TAL: 0.1786, Adv: 0.6393, OT-Reg: 0.000745) | Marginal residual: 4.74e-04 | Train Acc: 0.2392 | Val Acc: 0.1917 | Val P/R/F1 (Macro): 0.1746/0.2787/0.2022 | LR: 0.000001
Epoch [76/100] | Loss: 5.7724 (Cls: 5.7377, TAL: -0.0785, Adv: 0.5512, OT-Reg: 0.000790) | Marginal residual: 6.71e-04 | Train Acc: 0.2823 | Val Acc: 0.2167 | Val P/R/F1 (Macro): 0.1211/0.3256/0.1614 | LR: 0.000001
Epoch [77/100] | Loss: 5.6738 (Cls: 5.6143, TAL: 0.0773, Adv: 0.6279, OT-Reg: 0.000801) | Marginal residual: 3.88e-04 | Train Acc: 0.2522 | Val Acc: 0.2083 | Val P/R/F1 (Macro): 0.3157/0.2543/0.2155 | LR: 0.000001
Epoch [78/100] | Loss: 5.6249 (Cls: 5.6227, TAL: -0.2635, Adv: 0.4222, OT-Reg: 0.000784) | Marginal residual: 8.12e-04 | Train Acc: 0.2996 | Val Acc: 0.0917 | Val P/R/F1 (Macro): 0.0796/0.2142/0.1040 | LR: 0.000001
Epoch [79/100] | Loss: 5.5382 (Cls: 5.5166, TAL: -0.1393, Adv: 0.4789, OT-Reg: 0.000792) | Marginal residual: 8.02e-04 | Train Acc: 0.2522 | Val Acc: 0.3083 | Val P/R/F1 (Macro): 0.1492/0.2579/0.1867 | LR: 0.000001
Epoch [80/100] | Loss: 5.4606 (Cls: 5.4479, TAL: -0.2367, Adv: 0.5146, OT-Reg: 0.000841) | Marginal residual: 6.40e-04 | Train Acc: 0.3082 | Val Acc: 0.2583 | Val P/R/F1 (Macro): 0.2853/0.2704/0.2100 | LR: 0.000001
Epoch [81/100] | Loss: 5.5034 (Cls: 5.4688, TAL: -0.1077, Adv: 0.5930, OT-Reg: 0.000794) | Marginal residual: 5.75e-04 | Train Acc: 0.2823 | Val Acc: 0.2083 | Val P/R/F1 (Macro): 0.1362/0.2154/0.1319 | LR: 0.000001
Epoch [82/100] | Loss: 5.5002 (Cls: 5.4873, TAL: -0.2523, Adv: 0.5394, OT-Reg: 0.000784) | Marginal residual: 5.44e-04 | Train Acc: 0.3082 | Val Acc: 0.3917 | Val P/R/F1 (Macro): 0.2013/0.2984/0.2229 | LR: 0.000001
Epoch [83/100] | Loss: 5.4788 (Cls: 5.4339, TAL: -0.0690, Adv: 0.6649, OT-Reg: 0.000795) | Marginal residual: 5.57e-04 | Train Acc: 0.2888 | Val Acc: 0.2167 | Val P/R/F1 (Macro): 0.2456/0.3201/0.2431 | LR: 0.000001
Epoch [84/100] | Loss: 5.3534 (Cls: 5.2984, TAL: 0.0089, Adv: 0.6732, OT-Reg: 0.000796) | Marginal residual: 8.50e-04 | Train Acc: 0.2780 | Val Acc: 0.3083 | Val P/R/F1 (Macro): 0.3096/0.3357/0.2444 | LR: 0.000001
Epoch [85/100] | Loss: 5.4917 (Cls: 5.4280, TAL: 0.0781, Adv: 0.6791, OT-Reg: 0.000774) | Marginal residual: 5.30e-04 | Train Acc: 0.2823 | Val Acc: 0.1583 | Val P/R/F1 (Macro): 0.1481/0.1986/0.1568 | LR: 0.000001
Epoch [86/100] | Loss: 5.6506 (Cls: 5.5939, TAL: 0.0409, Adv: 0.6468, OT-Reg: 0.000805) | Marginal residual: 5.27e-04 | Train Acc: 0.2435 | Val Acc: 0.2417 | Val P/R/F1 (Macro): 0.1367/0.2480/0.1534 | LR: 0.000001
Epoch [87/100] | Loss: 5.5372 (Cls: 5.5070, TAL: -0.1903, Adv: 0.6628, OT-Reg: 0.000802) | Marginal residual: 7.32e-04 | Train Acc: 0.2802 | Val Acc: 0.1750 | Val P/R/F1 (Macro): 0.2118/0.2499/0.1837 | LR: 0.000001
Epoch [88/100] | Loss: 5.4744 (Cls: 5.4872, TAL: -0.5356, Adv: 0.6436, OT-Reg: 0.000785) | Marginal residual: 6.42e-04 | Train Acc: 0.2802 | Val Acc: 0.1750 | Val P/R/F1 (Macro): 0.1676/0.2162/0.1489 | LR: 0.000001
Epoch [89/100] | Loss: 5.6393 (Cls: 5.5851, TAL: -0.0349, Adv: 0.7292, OT-Reg: 0.000798) | Marginal residual: 5.39e-04 | Train Acc: 0.2651 | Val Acc: 0.1500 | Val P/R/F1 (Macro): 0.1354/0.2501/0.1523 | LR: 0.000001
Epoch [90/100] | Loss: 5.5542 (Cls: 5.4413, TAL: 0.3812, Adv: 0.8395, OT-Reg: 0.000824) | Marginal residual: 3.58e-04 | Train Acc: 0.2651 | Val Acc: 0.3833 | Val P/R/F1 (Macro): 0.1462/0.3030/0.1957 | LR: 0.000001
Epoch [91/100] | Loss: 5.4159 (Cls: 5.3680, TAL: -0.0803, Adv: 0.7196, OT-Reg: 0.000805) | Marginal residual: 5.26e-04 | Train Acc: 0.3211 | Val Acc: 0.1500 | Val P/R/F1 (Macro): 0.2276/0.2106/0.1346 | LR: 0.000001
Epoch [92/100] | Loss: 5.4179 (Cls: 5.3752, TAL: -0.1044, Adv: 0.6904, OT-Reg: 0.000791) | Marginal residual: 5.40e-04 | Train Acc: 0.2953 | Val Acc: 0.1750 | Val P/R/F1 (Macro): 0.2090/0.2846/0.1741 | LR: 0.000001
Epoch [93/100] | Loss: 5.5215 (Cls: 5.4492, TAL: 0.0798, Adv: 0.7839, OT-Reg: 0.000779) | Marginal residual: 4.93e-04 | Train Acc: 0.3190 | Val Acc: 0.1083 | Val P/R/F1 (Macro): 0.1063/0.2263/0.1169 | LR: 0.000001
Epoch [94/100] | Loss: 5.4055 (Cls: 5.3805, TAL: -0.2795, Adv: 0.7323, OT-Reg: 0.000790) | Marginal residual: 8.85e-04 | Train Acc: 0.3190 | Val Acc: 0.3167 | Val P/R/F1 (Macro): 0.1646/0.2280/0.1854 | LR: 0.000001
Epoch [95/100] | Loss: 5.4974 (Cls: 5.4113, TAL: 0.2022, Adv: 0.7732, OT-Reg: 0.000781) | Marginal residual: 6.08e-04 | Train Acc: 0.2888 | Val Acc: 0.1167 | Val P/R/F1 (Macro): 0.0894/0.0754/0.0748 | LR: 0.000001
Epoch [96/100] | Loss: 5.4410 (Cls: 5.3950, TAL: -0.1177, Adv: 0.7519, OT-Reg: 0.000811) | Marginal residual: 4.97e-04 | Train Acc: 0.2823 | Val Acc: 0.3333 | Val P/R/F1 (Macro): 0.1508/0.1487/0.1384 | LR: 0.000001
Epoch [97/100] | Loss: 5.3678 (Cls: 5.3636, TAL: -0.3934, Adv: 0.6416, OT-Reg: 0.000792) | Marginal residual: 6.32e-04 | Train Acc: 0.2543 | Val Acc: 0.1750 | Val P/R/F1 (Macro): 0.1296/0.2159/0.1422 | LR: 0.000001
Epoch [98/100] | Loss: 5.6267 (Cls: 5.5841, TAL: -0.1856, Adv: 0.8110, OT-Reg: 0.000768) | Marginal residual: 5.84e-04 | Train Acc: 0.3017 | Val Acc: 0.0917 | Val P/R/F1 (Macro): 0.1278/0.0891/0.0939 | LR: 0.000001
Epoch [99/100] | Loss: 5.4482 (Cls: 5.3782, TAL: 0.1012, Adv: 0.7227, OT-Reg: 0.000809) | Marginal residual: 5.70e-04 | Train Acc: 0.2909 | Val Acc: 0.1750 | Val P/R/F1 (Macro): 0.1548/0.1870/0.1600 | LR: 0.000001
Epoch [100/100] | Loss: 5.3882 (Cls: 5.3197, TAL: 0.0691, Adv: 0.7534, OT-Reg: 0.000770) | Marginal residual: 6.13e-04 | Train Acc: 0.2953 | Val Acc: 0.2417 | Val P/R/F1 (Macro): 0.2375/0.2619/0.2061 | LR: 0.000001
Report strategy: last_window, window=10, reported_acc=0.1883, best_acc=0.4083

迭代 4 报告指标:
  Accuracy: 0.1883
  Precision (Macro): 0.1598
  Recall (Macro): 0.1927
  F1 (Macro): 0.1427
  Precision (Micro): 0.1883
  Recall (Micro): 0.1883
  F1 (Micro): 0.1883
  Val class coverage: 8/14 (0.5714), samples=120

================================================================================
迭代 5/5
随机种子: 46
================================================================================
Training mode: full target-label supervision (class-paired batches).
Feature fusion: Tensor alignment (512+512 -> 128+128); fused_dim=256
Domain adaptation: Neural OT generator with 3-domain discriminator
Loss weights: tensor=0.12, adv=0.08
Transport: mode=sinkhorn, epsilon=0.1, Sinkhorn iterations=50, correction scale=0.1, correction regularization weight=0.001
Tensor projection update: alternating SVD, max_sweeps=3, relative singular-value tolerance=0.0001
Epoch [1/100] | Loss: 8.0680 (Cls: 8.0507, TAL: 0.0138, Adv: 0.1954, OT-Reg: 0.001393) | Marginal residual: 2.10e-05 | Train Acc: 0.1487 | Val Acc: 0.1667 | Val P/R/F1 (Macro): 0.0904/0.1750/0.0915 | LR: 0.000005
  >>> New Best Val Acc: 0.1667
Epoch [2/100] | Loss: 7.7343 (Cls: 7.7242, TAL: -0.0214, Adv: 0.1580, OT-Reg: 0.001383) | Marginal residual: 3.11e-05 | Train Acc: 0.1121 | Val Acc: 0.1667 | Val P/R/F1 (Macro): 0.0548/0.0859/0.0633 | LR: 0.000005
Epoch [3/100] | Loss: 7.5219 (Cls: 7.4738, TAL: 0.2824, Adv: 0.1775, OT-Reg: 0.001338) | Marginal residual: 5.61e-06 | Train Acc: 0.1078 | Val Acc: 0.3333 | Val P/R/F1 (Macro): 0.0833/0.1303/0.0796 | LR: 0.000005
  >>> New Best Val Acc: 0.3333
Epoch [4/100] | Loss: 7.3771 (Cls: 7.3222, TAL: 0.3103, Adv: 0.2203, OT-Reg: 0.001338) | Marginal residual: 5.16e-08 | Train Acc: 0.1315 | Val Acc: 0.1333 | Val P/R/F1 (Macro): 0.0481/0.1261/0.0652 | LR: 0.000005
Epoch [5/100] | Loss: 7.1710 (Cls: 7.1469, TAL: 0.0317, Adv: 0.2542, OT-Reg: 0.001413) | Marginal residual: 3.20e-05 | Train Acc: 0.1207 | Val Acc: 0.0833 | Val P/R/F1 (Macro): 0.0111/0.1136/0.0202 | LR: 0.000005
Epoch [6/100] | Loss: 7.1509 (Cls: 7.1190, TAL: 0.0618, Adv: 0.3055, OT-Reg: 0.001378) | Marginal residual: 3.37e-04 | Train Acc: 0.1444 | Val Acc: 0.1083 | Val P/R/F1 (Macro): 0.0412/0.2689/0.0686 | LR: 0.000005
Epoch [7/100] | Loss: 6.9639 (Cls: 6.9256, TAL: 0.1039, Adv: 0.3227, OT-Reg: 0.001279) | Marginal residual: 7.23e-05 | Train Acc: 0.1552 | Val Acc: 0.1250 | Val P/R/F1 (Macro): 0.0753/0.2775/0.0907 | LR: 0.000005
Epoch [8/100] | Loss: 6.8076 (Cls: 6.7527, TAL: 0.2435, Adv: 0.3204, OT-Reg: 0.001164) | Marginal residual: 1.31e-04 | Train Acc: 0.1767 | Val Acc: 0.1333 | Val P/R/F1 (Macro): 0.0571/0.3750/0.0957 | LR: 0.000005
Epoch [9/100] | Loss: 6.9895 (Cls: 6.9423, TAL: 0.2165, Adv: 0.2647, OT-Reg: 0.001417) | Marginal residual: 2.87e-04 | Train Acc: 0.1466 | Val Acc: 0.0667 | Val P/R/F1 (Macro): 0.0092/0.1250/0.0171 | LR: 0.000005
Epoch [10/100] | Loss: 6.6286 (Cls: 6.6898, TAL: -0.6003, Adv: 0.1353, OT-Reg: 0.001356) | Marginal residual: 4.99e-04 | Train Acc: 0.1983 | Val Acc: 0.2167 | Val P/R/F1 (Macro): 0.1416/0.2320/0.0908 | LR: 0.000005
Epoch [11/100] | Loss: 6.4156 (Cls: 6.4821, TAL: -0.6355, Adv: 0.1218, OT-Reg: 0.001276) | Marginal residual: 6.72e-04 | Train Acc: 0.2371 | Val Acc: 0.1167 | Val P/R/F1 (Macro): 0.0948/0.1976/0.0956 | LR: 0.000005
Epoch [12/100] | Loss: 6.2846 (Cls: 6.3630, TAL: -0.7221, Adv: 0.1033, OT-Reg: 0.001305) | Marginal residual: 5.70e-04 | Train Acc: 0.2091 | Val Acc: 0.1917 | Val P/R/F1 (Macro): 0.2280/0.2579/0.1519 | LR: 0.000005
Epoch [13/100] | Loss: 6.0286 (Cls: 6.0932, TAL: -0.6367, Adv: 0.1478, OT-Reg: 0.001286) | Marginal residual: 8.54e-04 | Train Acc: 0.2414 | Val Acc: 0.0583 | Val P/R/F1 (Macro): 0.0457/0.1747/0.0539 | LR: 0.000005
Epoch [14/100] | Loss: 5.7811 (Cls: 5.8575, TAL: -0.7386, Adv: 0.1535, OT-Reg: 0.001291) | Marginal residual: 5.80e-04 | Train Acc: 0.2802 | Val Acc: 0.1750 | Val P/R/F1 (Macro): 0.3013/0.2899/0.1607 | LR: 0.000003
Epoch [15/100] | Loss: 5.8052 (Cls: 5.8791, TAL: -0.7726, Adv: 0.2349, OT-Reg: 0.001283) | Marginal residual: 8.39e-04 | Train Acc: 0.3168 | Val Acc: 0.1583 | Val P/R/F1 (Macro): 0.1032/0.2790/0.1128 | LR: 0.000003
Epoch [16/100] | Loss: 5.7107 (Cls: 5.7762, TAL: -0.7699, Adv: 0.3355, OT-Reg: 0.001311) | Marginal residual: 7.73e-04 | Train Acc: 0.2845 | Val Acc: 0.2000 | Val P/R/F1 (Macro): 0.2769/0.3345/0.1827 | LR: 0.000003
Epoch [17/100] | Loss: 5.7628 (Cls: 5.8362, TAL: -0.8051, Adv: 0.2905, OT-Reg: 0.001320) | Marginal residual: 7.56e-04 | Train Acc: 0.2565 | Val Acc: 0.1667 | Val P/R/F1 (Macro): 0.1392/0.1871/0.1025 | LR: 0.000003
Epoch [18/100] | Loss: 5.9300 (Cls: 5.9959, TAL: -0.7672, Adv: 0.3261, OT-Reg: 0.001359) | Marginal residual: 7.69e-04 | Train Acc: 0.2737 | Val Acc: 0.2333 | Val P/R/F1 (Macro): 0.1437/0.2976/0.1809 | LR: 0.000003
Epoch [19/100] | Loss: 5.8375 (Cls: 5.9114, TAL: -0.7675, Adv: 0.2276, OT-Reg: 0.001365) | Marginal residual: 7.47e-04 | Train Acc: 0.2457 | Val Acc: 0.1833 | Val P/R/F1 (Macro): 0.2566/0.3536/0.1823 | LR: 0.000003
Epoch [20/100] | Loss: 5.8951 (Cls: 5.9658, TAL: -0.7251, Adv: 0.2037, OT-Reg: 0.001401) | Marginal residual: 8.19e-04 | Train Acc: 0.2392 | Val Acc: 0.2667 | Val P/R/F1 (Macro): 0.1934/0.3481/0.2062 | LR: 0.000003
Epoch [21/100] | Loss: 5.7385 (Cls: 5.8193, TAL: -0.8047, Adv: 0.1961, OT-Reg: 0.001464) | Marginal residual: 6.97e-04 | Train Acc: 0.2823 | Val Acc: 0.1667 | Val P/R/F1 (Macro): 0.0715/0.2464/0.1026 | LR: 0.000003
Epoch [22/100] | Loss: 5.5451 (Cls: 5.6206, TAL: -0.7947, Adv: 0.2480, OT-Reg: 0.001419) | Marginal residual: 8.64e-04 | Train Acc: 0.3190 | Val Acc: 0.1417 | Val P/R/F1 (Macro): 0.1615/0.2121/0.1060 | LR: 0.000003
Epoch [23/100] | Loss: 5.5525 (Cls: 5.6296, TAL: -0.8000, Adv: 0.2369, OT-Reg: 0.001456) | Marginal residual: 5.52e-04 | Train Acc: 0.2780 | Val Acc: 0.0917 | Val P/R/F1 (Macro): 0.1353/0.2172/0.1120 | LR: 0.000003
Epoch [24/100] | Loss: 5.6026 (Cls: 5.6753, TAL: -0.8021, Adv: 0.2948, OT-Reg: 0.001532) | Marginal residual: 6.10e-04 | Train Acc: 0.3017 | Val Acc: 0.2417 | Val P/R/F1 (Macro): 0.2614/0.3017/0.1867 | LR: 0.000003
Epoch [25/100] | Loss: 5.4430 (Cls: 5.5210, TAL: -0.8022, Adv: 0.2281, OT-Reg: 0.001457) | Marginal residual: 1.05e-03 | Train Acc: 0.3233 | Val Acc: 0.1083 | Val P/R/F1 (Macro): 0.1415/0.2697/0.0997 | LR: 0.000001
Epoch [26/100] | Loss: 5.5486 (Cls: 5.6289, TAL: -0.7930, Adv: 0.1855, OT-Reg: 0.001547) | Marginal residual: 1.10e-03 | Train Acc: 0.2780 | Val Acc: 0.2083 | Val P/R/F1 (Macro): 0.3145/0.3364/0.2067 | LR: 0.000001
Epoch [27/100] | Loss: 5.4441 (Cls: 5.5222, TAL: -0.7795, Adv: 0.1930, OT-Reg: 0.001583) | Marginal residual: 1.09e-03 | Train Acc: 0.3103 | Val Acc: 0.1500 | Val P/R/F1 (Macro): 0.1341/0.2354/0.1363 | LR: 0.000001
Epoch [28/100] | Loss: 5.2867 (Cls: 5.3700, TAL: -0.8269, Adv: 0.1992, OT-Reg: 0.001547) | Marginal residual: 1.09e-03 | Train Acc: 0.3190 | Val Acc: 0.1833 | Val P/R/F1 (Macro): 0.3151/0.3759/0.1881 | LR: 0.000001
Epoch [29/100] | Loss: 5.3724 (Cls: 5.4512, TAL: -0.8073, Adv: 0.2268, OT-Reg: 0.001552) | Marginal residual: 1.22e-03 | Train Acc: 0.2931 | Val Acc: 0.2250 | Val P/R/F1 (Macro): 0.2406/0.3092/0.1711 | LR: 0.000001
Epoch [30/100] | Loss: 5.2877 (Cls: 5.3662, TAL: -0.8188, Adv: 0.2475, OT-Reg: 0.001614) | Marginal residual: 1.27e-03 | Train Acc: 0.3297 | Val Acc: 0.1417 | Val P/R/F1 (Macro): 0.1192/0.2280/0.1028 | LR: 0.000001
Epoch [31/100] | Loss: 5.4205 (Cls: 5.4948, TAL: -0.8091, Adv: 0.2856, OT-Reg: 0.001532) | Marginal residual: 1.11e-03 | Train Acc: 0.2974 | Val Acc: 0.1333 | Val P/R/F1 (Macro): 0.2356/0.2763/0.1323 | LR: 0.000001
Epoch [32/100] | Loss: 5.3890 (Cls: 5.4583, TAL: -0.7921, Adv: 0.3219, OT-Reg: 0.001549) | Marginal residual: 1.33e-03 | Train Acc: 0.3297 | Val Acc: 0.1833 | Val P/R/F1 (Macro): 0.2656/0.3053/0.1910 | LR: 0.000001
Epoch [33/100] | Loss: 5.2319 (Cls: 5.3095, TAL: -0.8058, Adv: 0.2386, OT-Reg: 0.001627) | Marginal residual: 1.32e-03 | Train Acc: 0.3103 | Val Acc: 0.1667 | Val P/R/F1 (Macro): 0.1825/0.2554/0.1297 | LR: 0.000001
Epoch [34/100] | Loss: 5.2924 (Cls: 5.3709, TAL: -0.7954, Adv: 0.2117, OT-Reg: 0.001550) | Marginal residual: 1.59e-03 | Train Acc: 0.3297 | Val Acc: 0.2667 | Val P/R/F1 (Macro): 0.2978/0.4435/0.2543 | LR: 0.000001
Epoch [35/100] | Loss: 5.3955 (Cls: 5.4670, TAL: -0.7789, Adv: 0.2736, OT-Reg: 0.001609) | Marginal residual: 1.19e-03 | Train Acc: 0.3254 | Val Acc: 0.2667 | Val P/R/F1 (Macro): 0.2823/0.3537/0.2021 | LR: 0.000001
Epoch [36/100] | Loss: 5.2653 (Cls: 5.3365, TAL: -0.7998, Adv: 0.3095, OT-Reg: 0.001571) | Marginal residual: 1.50e-03 | Train Acc: 0.3297 | Val Acc: 0.1500 | Val P/R/F1 (Macro): 0.0918/0.3140/0.1204 | LR: 0.000001
Epoch [37/100] | Loss: 5.3037 (Cls: 5.3707, TAL: -0.7732, Adv: 0.3231, OT-Reg: 0.001608) | Marginal residual: 1.60e-03 | Train Acc: 0.3901 | Val Acc: 0.2000 | Val P/R/F1 (Macro): 0.2716/0.2971/0.1677 | LR: 0.000001
Epoch [38/100] | Loss: 5.3769 (Cls: 5.4428, TAL: -0.8000, Adv: 0.3762, OT-Reg: 0.001646) | Marginal residual: 1.50e-03 | Train Acc: 0.3233 | Val Acc: 0.1750 | Val P/R/F1 (Macro): 0.1490/0.2757/0.1482 | LR: 0.000001
Epoch [39/100] | Loss: 5.2138 (Cls: 5.2776, TAL: -0.8022, Adv: 0.4059, OT-Reg: 0.001594) | Marginal residual: 1.34e-03 | Train Acc: 0.3190 | Val Acc: 0.1750 | Val P/R/F1 (Macro): 0.1270/0.3111/0.1393 | LR: 0.000001
Epoch [40/100] | Loss: 5.2839 (Cls: 5.3390, TAL: -0.7446, Adv: 0.4290, OT-Reg: 0.001615) | Marginal residual: 1.13e-03 | Train Acc: 0.3147 | Val Acc: 0.1167 | Val P/R/F1 (Macro): 0.0734/0.2204/0.0784 | LR: 0.000001
Epoch [41/100] | Loss: 5.1490 (Cls: 5.2115, TAL: -0.7784, Adv: 0.3867, OT-Reg: 0.001637) | Marginal residual: 1.39e-03 | Train Acc: 0.3168 | Val Acc: 0.1250 | Val P/R/F1 (Macro): 0.1192/0.2595/0.1059 | LR: 0.000001
Epoch [42/100] | Loss: 5.2660 (Cls: 5.3287, TAL: -0.7614, Adv: 0.3573, OT-Reg: 0.001582) | Marginal residual: 1.52e-03 | Train Acc: 0.3341 | Val Acc: 0.1167 | Val P/R/F1 (Macro): 0.1626/0.1473/0.0784 | LR: 0.000001
Epoch [43/100] | Loss: 5.1319 (Cls: 5.1961, TAL: -0.7782, Adv: 0.3639, OT-Reg: 0.001664) | Marginal residual: 1.34e-03 | Train Acc: 0.3987 | Val Acc: 0.1833 | Val P/R/F1 (Macro): 0.1989/0.3178/0.1715 | LR: 0.000001
Epoch [44/100] | Loss: 5.1577 (Cls: 5.2261, TAL: -0.7938, Adv: 0.3363, OT-Reg: 0.001617) | Marginal residual: 1.37e-03 | Train Acc: 0.3556 | Val Acc: 0.2083 | Val P/R/F1 (Macro): 0.1902/0.3283/0.1891 | LR: 0.000001
Epoch [45/100] | Loss: 5.3417 (Cls: 5.4077, TAL: -0.7945, Adv: 0.3659, OT-Reg: 0.001637) | Marginal residual: 1.37e-03 | Train Acc: 0.3405 | Val Acc: 0.1917 | Val P/R/F1 (Macro): 0.1661/0.2952/0.1665 | LR: 0.000001
Epoch [46/100] | Loss: 5.1862 (Cls: 5.2482, TAL: -0.7926, Adv: 0.4141, OT-Reg: 0.001636) | Marginal residual: 1.36e-03 | Train Acc: 0.3276 | Val Acc: 0.2583 | Val P/R/F1 (Macro): 0.1821/0.3583/0.2196 | LR: 0.000001
Epoch [47/100] | Loss: 5.1175 (Cls: 5.1803, TAL: -0.8094, Adv: 0.4289, OT-Reg: 0.001623) | Marginal residual: 1.34e-03 | Train Acc: 0.3341 | Val Acc: 0.1917 | Val P/R/F1 (Macro): 0.1795/0.2738/0.1531 | LR: 0.000001
Epoch [48/100] | Loss: 5.0580 (Cls: 5.1215, TAL: -0.8033, Adv: 0.4112, OT-Reg: 0.001644) | Marginal residual: 1.31e-03 | Train Acc: 0.3470 | Val Acc: 0.2500 | Val P/R/F1 (Macro): 0.2440/0.4177/0.2250 | LR: 0.000001
Epoch [49/100] | Loss: 5.1358 (Cls: 5.1948, TAL: -0.8127, Adv: 0.4815, OT-Reg: 0.001686) | Marginal residual: 1.38e-03 | Train Acc: 0.3405 | Val Acc: 0.2417 | Val P/R/F1 (Macro): 0.2508/0.3423/0.2339 | LR: 0.000001
Epoch [50/100] | Loss: 5.0246 (Cls: 5.0854, TAL: -0.8261, Adv: 0.4790, OT-Reg: 0.001665) | Marginal residual: 1.40e-03 | Train Acc: 0.3621 | Val Acc: 0.2167 | Val P/R/F1 (Macro): 0.2279/0.3117/0.1983 | LR: 0.000001
Epoch [51/100] | Loss: 5.0372 (Cls: 5.0916, TAL: -0.7934, Adv: 0.5108, OT-Reg: 0.001680) | Marginal residual: 1.28e-03 | Train Acc: 0.3621 | Val Acc: 0.2750 | Val P/R/F1 (Macro): 0.3790/0.4475/0.2765 | LR: 0.000001
Epoch [52/100] | Loss: 5.0807 (Cls: 5.1292, TAL: -0.8148, Adv: 0.6161, OT-Reg: 0.001670) | Marginal residual: 1.46e-03 | Train Acc: 0.3319 | Val Acc: 0.1583 | Val P/R/F1 (Macro): 0.1181/0.2237/0.1195 | LR: 0.000001
Epoch [53/100] | Loss: 5.0769 (Cls: 5.1180, TAL: -0.7783, Adv: 0.6527, OT-Reg: 0.001629) | Marginal residual: 1.47e-03 | Train Acc: 0.3599 | Val Acc: 0.2750 | Val P/R/F1 (Macro): 0.2357/0.5154/0.2880 | LR: 0.000001
Epoch [54/100] | Loss: 5.1864 (Cls: 5.2335, TAL: -0.8158, Adv: 0.6351, OT-Reg: 0.001688) | Marginal residual: 1.47e-03 | Train Acc: 0.3599 | Val Acc: 0.2750 | Val P/R/F1 (Macro): 0.3100/0.3628/0.2213 | LR: 0.000001
Epoch [55/100] | Loss: 5.1804 (Cls: 5.2220, TAL: -0.7869, Adv: 0.6605, OT-Reg: 0.001679) | Marginal residual: 1.31e-03 | Train Acc: 0.3534 | Val Acc: 0.1000 | Val P/R/F1 (Macro): 0.0679/0.1702/0.0635 | LR: 0.000001
Epoch [56/100] | Loss: 5.0533 (Cls: 5.0966, TAL: -0.8196, Adv: 0.6880, OT-Reg: 0.001689) | Marginal residual: 1.39e-03 | Train Acc: 0.3685 | Val Acc: 0.2583 | Val P/R/F1 (Macro): 0.2260/0.4004/0.2234 | LR: 0.000001
Epoch [57/100] | Loss: 5.0525 (Cls: 5.0970, TAL: -0.8089, Adv: 0.6564, OT-Reg: 0.001709) | Marginal residual: 1.35e-03 | Train Acc: 0.3190 | Val Acc: 0.2417 | Val P/R/F1 (Macro): 0.3062/0.2781/0.1941 | LR: 0.000001
Epoch [58/100] | Loss: 5.0531 (Cls: 5.0989, TAL: -0.8375, Adv: 0.6828, OT-Reg: 0.001676) | Marginal residual: 1.30e-03 | Train Acc: 0.4289 | Val Acc: 0.2083 | Val P/R/F1 (Macro): 0.1683/0.3265/0.1949 | LR: 0.000001
Epoch [59/100] | Loss: 5.0627 (Cls: 5.1119, TAL: -0.8309, Adv: 0.6311, OT-Reg: 0.001715) | Marginal residual: 1.25e-03 | Train Acc: 0.3405 | Val Acc: 0.2500 | Val P/R/F1 (Macro): 0.1877/0.3791/0.2252 | LR: 0.000001
Epoch [60/100] | Loss: 4.9780 (Cls: 5.0143, TAL: -0.7764, Adv: 0.7104, OT-Reg: 0.001709) | Marginal residual: 1.43e-03 | Train Acc: 0.3815 | Val Acc: 0.2250 | Val P/R/F1 (Macro): 0.2072/0.2844/0.1895 | LR: 0.000001
Epoch [61/100] | Loss: 4.9921 (Cls: 5.0324, TAL: -0.8230, Adv: 0.7304, OT-Reg: 0.001733) | Marginal residual: 1.34e-03 | Train Acc: 0.4159 | Val Acc: 0.1917 | Val P/R/F1 (Macro): 0.1812/0.3184/0.1961 | LR: 0.000001
Epoch [62/100] | Loss: 5.1338 (Cls: 5.1725, TAL: -0.8007, Adv: 0.7173, OT-Reg: 0.001742) | Marginal residual: 1.54e-03 | Train Acc: 0.3405 | Val Acc: 0.2583 | Val P/R/F1 (Macro): 0.1956/0.3589/0.2298 | LR: 0.000001
Epoch [63/100] | Loss: 5.1180 (Cls: 5.1585, TAL: -0.8323, Adv: 0.7430, OT-Reg: 0.001671) | Marginal residual: 1.30e-03 | Train Acc: 0.3427 | Val Acc: 0.2333 | Val P/R/F1 (Macro): 0.2560/0.3727/0.2534 | LR: 0.000001
Epoch [64/100] | Loss: 4.9869 (Cls: 5.0233, TAL: -0.7999, Adv: 0.7441, OT-Reg: 0.001726) | Marginal residual: 1.38e-03 | Train Acc: 0.3858 | Val Acc: 0.1083 | Val P/R/F1 (Macro): 0.0614/0.1776/0.0752 | LR: 0.000001
Epoch [65/100] | Loss: 5.0633 (Cls: 5.1111, TAL: -0.8443, Adv: 0.6695, OT-Reg: 0.001697) | Marginal residual: 1.57e-03 | Train Acc: 0.3578 | Val Acc: 0.2417 | Val P/R/F1 (Macro): 0.3448/0.3214/0.2196 | LR: 0.000001
Epoch [66/100] | Loss: 5.0038 (Cls: 5.0376, TAL: -0.7957, Adv: 0.7701, OT-Reg: 0.001734) | Marginal residual: 1.33e-03 | Train Acc: 0.3599 | Val Acc: 0.1417 | Val P/R/F1 (Macro): 0.1412/0.2567/0.1402 | LR: 0.000001
Epoch [67/100] | Loss: 4.9331 (Cls: 4.9712, TAL: -0.7934, Adv: 0.7141, OT-Reg: 0.001758) | Marginal residual: 1.50e-03 | Train Acc: 0.3793 | Val Acc: 0.2333 | Val P/R/F1 (Macro): 0.1867/0.3314/0.2037 | LR: 0.000001
Epoch [68/100] | Loss: 5.0670 (Cls: 5.1061, TAL: -0.8324, Adv: 0.7602, OT-Reg: 0.001754) | Marginal residual: 1.52e-03 | Train Acc: 0.3922 | Val Acc: 0.2583 | Val P/R/F1 (Macro): 0.1759/0.3246/0.2028 | LR: 0.000001
Epoch [69/100] | Loss: 5.0341 (Cls: 5.0697, TAL: -0.8190, Adv: 0.7834, OT-Reg: 0.001720) | Marginal residual: 1.43e-03 | Train Acc: 0.3707 | Val Acc: 0.2083 | Val P/R/F1 (Macro): 0.2176/0.3191/0.2213 | LR: 0.000001
Epoch [70/100] | Loss: 4.9342 (Cls: 4.9698, TAL: -0.8129, Adv: 0.7737, OT-Reg: 0.001743) | Marginal residual: 1.41e-03 | Train Acc: 0.3642 | Val Acc: 0.2750 | Val P/R/F1 (Macro): 0.3309/0.3253/0.2192 | LR: 0.000001
Epoch [71/100] | Loss: 4.9011 (Cls: 4.9331, TAL: -0.8230, Adv: 0.8337, OT-Reg: 0.001689) | Marginal residual: 1.45e-03 | Train Acc: 0.3879 | Val Acc: 0.2667 | Val P/R/F1 (Macro): 0.2937/0.3777/0.2747 | LR: 0.000001
Epoch [72/100] | Loss: 4.9304 (Cls: 4.9675, TAL: -0.8411, Adv: 0.7970, OT-Reg: 0.001762) | Marginal residual: 1.41e-03 | Train Acc: 0.3599 | Val Acc: 0.3000 | Val P/R/F1 (Macro): 0.3369/0.4114/0.2563 | LR: 0.000001
Epoch [73/100] | Loss: 5.0045 (Cls: 5.0349, TAL: -0.8058, Adv: 0.8278, OT-Reg: 0.001752) | Marginal residual: 1.36e-03 | Train Acc: 0.3901 | Val Acc: 0.1667 | Val P/R/F1 (Macro): 0.1743/0.2493/0.1585 | LR: 0.000001
Epoch [74/100] | Loss: 4.9495 (Cls: 4.9854, TAL: -0.8426, Adv: 0.8159, OT-Reg: 0.001704) | Marginal residual: 1.53e-03 | Train Acc: 0.3793 | Val Acc: 0.2083 | Val P/R/F1 (Macro): 0.2643/0.2313/0.1749 | LR: 0.000001
Epoch [75/100] | Loss: 5.1024 (Cls: 5.1324, TAL: -0.8061, Adv: 0.8329, OT-Reg: 0.001707) | Marginal residual: 1.48e-03 | Train Acc: 0.3707 | Val Acc: 0.1833 | Val P/R/F1 (Macro): 0.1159/0.2358/0.1222 | LR: 0.000001
Epoch [76/100] | Loss: 4.9464 (Cls: 4.9786, TAL: -0.8088, Adv: 0.8098, OT-Reg: 0.001743) | Marginal residual: 1.61e-03 | Train Acc: 0.3987 | Val Acc: 0.2083 | Val P/R/F1 (Macro): 0.2503/0.3528/0.1917 | LR: 0.000001
Epoch [77/100] | Loss: 4.8485 (Cls: 4.8869, TAL: -0.8506, Adv: 0.7954, OT-Reg: 0.001699) | Marginal residual: 1.55e-03 | Train Acc: 0.4116 | Val Acc: 0.1583 | Val P/R/F1 (Macro): 0.1121/0.2144/0.1063 | LR: 0.000001
Epoch [78/100] | Loss: 5.0653 (Cls: 5.0935, TAL: -0.7992, Adv: 0.8461, OT-Reg: 0.001769) | Marginal residual: 1.35e-03 | Train Acc: 0.3664 | Val Acc: 0.2417 | Val P/R/F1 (Macro): 0.2046/0.3694/0.2263 | LR: 0.000001
Epoch [79/100] | Loss: 4.9859 (Cls: 5.0168, TAL: -0.8223, Adv: 0.8465, OT-Reg: 0.001756) | Marginal residual: 1.66e-03 | Train Acc: 0.3858 | Val Acc: 0.2250 | Val P/R/F1 (Macro): 0.2502/0.2860/0.1878 | LR: 0.000001
Epoch [80/100] | Loss: 4.8626 (Cls: 4.8910, TAL: -0.8107, Adv: 0.8603, OT-Reg: 0.001758) | Marginal residual: 1.55e-03 | Train Acc: 0.3621 | Val Acc: 0.2167 | Val P/R/F1 (Macro): 0.1540/0.3418/0.1692 | LR: 0.000001
Epoch [81/100] | Loss: 5.0099 (Cls: 5.0342, TAL: -0.7812, Adv: 0.8669, OT-Reg: 0.001677) | Marginal residual: 1.50e-03 | Train Acc: 0.3836 | Val Acc: 0.2417 | Val P/R/F1 (Macro): 0.3402/0.3147/0.2264 | LR: 0.000001
Epoch [82/100] | Loss: 4.8818 (Cls: 4.9116, TAL: -0.8270, Adv: 0.8686, OT-Reg: 0.001720) | Marginal residual: 1.33e-03 | Train Acc: 0.4009 | Val Acc: 0.1583 | Val P/R/F1 (Macro): 0.2320/0.2917/0.1667 | LR: 0.000001
Epoch [83/100] | Loss: 5.0002 (Cls: 5.0244, TAL: -0.7992, Adv: 0.8968, OT-Reg: 0.001736) | Marginal residual: 1.35e-03 | Train Acc: 0.3578 | Val Acc: 0.2583 | Val P/R/F1 (Macro): 0.2614/0.4429/0.2688 | LR: 0.000001
Epoch [84/100] | Loss: 4.9299 (Cls: 4.9616, TAL: -0.8366, Adv: 0.8590, OT-Reg: 0.001786) | Marginal residual: 1.53e-03 | Train Acc: 0.4052 | Val Acc: 0.1917 | Val P/R/F1 (Macro): 0.1701/0.2492/0.1748 | LR: 0.000001
Epoch [85/100] | Loss: 5.0434 (Cls: 5.0687, TAL: -0.7957, Adv: 0.8774, OT-Reg: 0.001718) | Marginal residual: 1.38e-03 | Train Acc: 0.3858 | Val Acc: 0.2917 | Val P/R/F1 (Macro): 0.2839/0.4841/0.3081 | LR: 0.000001
Epoch [86/100] | Loss: 4.9454 (Cls: 4.9700, TAL: -0.7937, Adv: 0.8837, OT-Reg: 0.001733) | Marginal residual: 1.50e-03 | Train Acc: 0.4009 | Val Acc: 0.2167 | Val P/R/F1 (Macro): 0.2285/0.3649/0.2218 | LR: 0.000001
Epoch [87/100] | Loss: 4.9963 (Cls: 5.0240, TAL: -0.8203, Adv: 0.8839, OT-Reg: 0.001726) | Marginal residual: 1.39e-03 | Train Acc: 0.3728 | Val Acc: 0.1917 | Val P/R/F1 (Macro): 0.2204/0.3974/0.2330 | LR: 0.000001
Epoch [88/100] | Loss: 4.9933 (Cls: 5.0200, TAL: -0.8088, Adv: 0.8800, OT-Reg: 0.001730) | Marginal residual: 1.37e-03 | Train Acc: 0.3750 | Val Acc: 0.2083 | Val P/R/F1 (Macro): 0.2965/0.3266/0.2185 | LR: 0.000001
Epoch [89/100] | Loss: 4.8933 (Cls: 4.9175, TAL: -0.8131, Adv: 0.9169, OT-Reg: 0.001691) | Marginal residual: 1.43e-03 | Train Acc: 0.4289 | Val Acc: 0.1167 | Val P/R/F1 (Macro): 0.1142/0.2564/0.1040 | LR: 0.000001
Epoch [90/100] | Loss: 4.9677 (Cls: 4.9988, TAL: -0.8087, Adv: 0.8243, OT-Reg: 0.001713) | Marginal residual: 1.55e-03 | Train Acc: 0.3599 | Val Acc: 0.2000 | Val P/R/F1 (Macro): 0.1843/0.3126/0.1417 | LR: 0.000001
Epoch [91/100] | Loss: 4.9488 (Cls: 4.9770, TAL: -0.8247, Adv: 0.8840, OT-Reg: 0.001689) | Marginal residual: 1.33e-03 | Train Acc: 0.3879 | Val Acc: 0.1917 | Val P/R/F1 (Macro): 0.2446/0.3622/0.1893 | LR: 0.000001
Epoch [92/100] | Loss: 4.9610 (Cls: 4.9893, TAL: -0.8415, Adv: 0.9077, OT-Reg: 0.001689) | Marginal residual: 1.66e-03 | Train Acc: 0.3427 | Val Acc: 0.2000 | Val P/R/F1 (Macro): 0.2681/0.3103/0.1969 | LR: 0.000001
Epoch [93/100] | Loss: 4.9580 (Cls: 4.9870, TAL: -0.8311, Adv: 0.8847, OT-Reg: 0.001706) | Marginal residual: 1.48e-03 | Train Acc: 0.3642 | Val Acc: 0.2333 | Val P/R/F1 (Macro): 0.2614/0.3641/0.1955 | LR: 0.000001
Epoch [94/100] | Loss: 4.9697 (Cls: 4.9984, TAL: -0.8371, Adv: 0.8966, OT-Reg: 0.001698) | Marginal residual: 1.61e-03 | Train Acc: 0.3470 | Val Acc: 0.2500 | Val P/R/F1 (Macro): 0.1867/0.3838/0.2257 | LR: 0.000001
Epoch [95/100] | Loss: 4.9159 (Cls: 4.9416, TAL: -0.8221, Adv: 0.9118, OT-Reg: 0.001722) | Marginal residual: 1.51e-03 | Train Acc: 0.4095 | Val Acc: 0.2167 | Val P/R/F1 (Macro): 0.1600/0.3109/0.1700 | LR: 0.000001
Epoch [96/100] | Loss: 4.9086 (Cls: 4.9308, TAL: -0.7934, Adv: 0.9124, OT-Reg: 0.001744) | Marginal residual: 1.24e-03 | Train Acc: 0.3922 | Val Acc: 0.2000 | Val P/R/F1 (Macro): 0.1667/0.3130/0.1832 | LR: 0.000001
Epoch [97/100] | Loss: 4.8935 (Cls: 4.9197, TAL: -0.8325, Adv: 0.9215, OT-Reg: 0.001810) | Marginal residual: 1.40e-03 | Train Acc: 0.3685 | Val Acc: 0.2000 | Val P/R/F1 (Macro): 0.1394/0.2516/0.1574 | LR: 0.000001
Epoch [98/100] | Loss: 5.0056 (Cls: 5.0307, TAL: -0.8287, Adv: 0.9292, OT-Reg: 0.001761) | Marginal residual: 1.32e-03 | Train Acc: 0.3534 | Val Acc: 0.1083 | Val P/R/F1 (Macro): 0.0675/0.1768/0.0689 | LR: 0.000001
Epoch [99/100] | Loss: 5.0711 (Cls: 5.0937, TAL: -0.8193, Adv: 0.9458, OT-Reg: 0.001726) | Marginal residual: 1.71e-03 | Train Acc: 0.3772 | Val Acc: 0.1250 | Val P/R/F1 (Macro): 0.2280/0.2205/0.1204 | LR: 0.000001
Epoch [100/100] | Loss: 4.9808 (Cls: 5.0026, TAL: -0.8165, Adv: 0.9520, OT-Reg: 0.001735) | Marginal residual: 1.52e-03 | Train Acc: 0.3772 | Val Acc: 0.2250 | Val P/R/F1 (Macro): 0.1762/0.2869/0.1546 | LR: 0.000001
Report strategy: last_window, window=10, reported_acc=0.1950, best_acc=0.3333

迭代 5 报告指标:
  Accuracy: 0.1950
  Precision (Macro): 0.1898
  Recall (Macro): 0.2980
  F1 (Macro): 0.1662
  Precision (Micro): 0.1950
  Recall (Micro): 0.1950
  F1 (Micro): 0.1950
  Val class coverage: 8/14 (0.5714), samples=120

================================================================================
5次迭代统计结果
================================================================================

accuracy:
  各迭代值: ['0.2617', '0.3292', '0.2367', '0.1883', '0.1950']
  均值 (Mean): 0.2422
  标准差 (Std): 0.0512

precision_macro:
  各迭代值: ['0.2828', '0.2891', '0.2584', '0.1598', '0.1898']
  均值 (Mean): 0.2360
  标准差 (Std): 0.0519

recall_macro:
  各迭代值: ['0.4149', '0.3930', '0.3204', '0.1927', '0.2980']
  均值 (Mean): 0.3238
  标准差 (Std): 0.0787

f1_macro:
  各迭代值: ['0.2494', '0.2713', '0.1923', '0.1427', '0.1662']
  均值 (Mean): 0.2044
  标准差 (Std): 0.0488

precision_micro:
  各迭代值: ['0.2617', '0.3292', '0.2367', '0.1883', '0.1950']
  均值 (Mean): 0.2422
  标准差 (Std): 0.0512

recall_micro:
  各迭代值: ['0.2617', '0.3292', '0.2367', '0.1883', '0.1950']
  均值 (Mean): 0.2422
  标准差 (Std): 0.0512

f1_micro:
  各迭代值: ['0.2617', '0.3292', '0.2367', '0.1883', '0.1950']
  均值 (Mean): 0.2422
  标准差 (Std): 0.0512

val_class_coverage:
  各迭代值: ['0.5714', '0.5714', '0.5714', '0.5714', '0.5714']
  均值 (Mean): 0.5714
  标准差 (Std): 0.0000

val_present_classes:
  各迭代值: ['8.0000', '8.0000', '8.0000', '8.0000', '8.0000']
  均值 (Mean): 8.0000
  标准差 (Std): 0.0000

val_total_classes:
  各迭代值: ['14.0000', '14.0000', '14.0000', '14.0000', '14.0000']
  均值 (Mean): 14.0000
  标准差 (Std): 0.0000

val_samples:
  各迭代值: ['120.0000', '120.0000', '120.0000', '120.0000', '120.0000']
  均值 (Mean): 120.0000
  标准差 (Std): 0.0000

训练结束时间: 2026-09-23 04:29:49
================================================================================
