================================================================================
模块消融实验 - with_tensor_with_ot
目标域天气: 雾天
训练开始时间: 2026-09-24 14:20:10
设备: cuda
源域: /mnt/data/lixiang/data/Data/晴天
目标域: /mnt/data/lixiang/data/Data/雾天
批次大小: 32
总轮数: 100
迭代次数: 5
使用Tensor模块: 是
使用OT模块: 是
特征融合方式: Tensor对齐
域对齐方式: 最优传输
目标标签比例/权重: 1.0/1.0
Tensor/Adv损失权重: 0.12/0.08
Tensor投影维度/更新: 64/每epoch一次; SVD统计批次=32
学习率: feature=5e-06, other=0.0002, weight_decay=0.0005
报告策略: last_window, 窗口: 10
================================================================================

================================================================================
迭代 1/5
随机种子: 42
================================================================================
Training mode: full target-label supervision (class-paired batches).
Feature fusion: Tensor alignment (512+512 -> 64+64); fused_dim=128
Domain adaptation: Neural OT generator with 3-domain discriminator
Loss weights: tensor=0.12, adv=0.08
Transport: mode=sinkhorn, epsilon=0.1, Sinkhorn iterations=50, correction scale=0.1, correction regularization weight=0.001
Tensor projection update: once per epoch from the complete target-training pairing bank; projection_dim=64, max_sweeps=3, relative singular-value tolerance=0.0001
Epoch [1/100] | SVD update #1: pairs=440, sweeps=3, converged=True, rel_change=2.096e-05, effective_ranks=(327, 128), class_paired=True
Epoch [1/100] | Loss: 7.0217 (Cls: 7.0238, TAL: -0.1719, Adv: 0.2307, OT-Reg: 0.000651) | OT inner objective: 0.2479 | Marginal residual row/col/max: 1.03e-08/1.36e-08/1.36e-08 | Train Acc: 0.2163 | Val Acc: 0.2261 | Val P/R/F1 (Macro): 0.2586/0.2485/0.1663 | LR: 0.000005
  >>> New Best Val Acc: 0.2261
Epoch [2/100] | SVD update #2: pairs=440, sweeps=3, converged=False, rel_change=3.246e-01, effective_ranks=(326, 72), class_paired=True
Epoch [2/100] | Loss: 7.3213 (Cls: 7.2959, TAL: 0.0744, Adv: 0.2064, OT-Reg: 0.000673) | OT inner objective: 0.2695 | Marginal residual row/col/max: 1.02e-08/1.28e-08/1.30e-08 | Train Acc: 0.1466 | Val Acc: 0.2174 | Val P/R/F1 (Macro): 0.1422/0.1735/0.1517 | LR: 0.000005
Epoch [3/100] | SVD update #3: pairs=440, sweeps=3, converged=False, rel_change=1.192e-01, effective_ranks=(326, 34), class_paired=True
Epoch [3/100] | Loss: 6.9963 (Cls: 6.9915, TAL: -0.0876, Adv: 0.1920, OT-Reg: 0.000717) | OT inner objective: 0.1976 | Marginal residual row/col/max: 1.16e-08/1.50e-08/1.53e-08 | Train Acc: 0.1803 | Val Acc: 0.2174 | Val P/R/F1 (Macro): 0.1204/0.3022/0.1546 | LR: 0.000005
Epoch [4/100] | SVD update #4: pairs=440, sweeps=3, converged=False, rel_change=4.526e-01, effective_ranks=(325, 42), class_paired=True
Epoch [4/100] | Loss: 7.1998 (Cls: 7.1899, TAL: -0.0242, Adv: 0.1600, OT-Reg: 0.000730) | OT inner objective: 0.1928 | Marginal residual row/col/max: 8.88e-09/1.43e-08/1.45e-08 | Train Acc: 0.1635 | Val Acc: 0.2174 | Val P/R/F1 (Macro): 0.2087/0.3310/0.2071 | LR: 0.000005
Epoch [5/100] | SVD update #5: pairs=440, sweeps=3, converged=False, rel_change=1.323e-01, effective_ranks=(324, 28), class_paired=True
Epoch [5/100] | Loss: 6.9602 (Cls: 6.9419, TAL: 0.0477, Adv: 0.1564, OT-Reg: 0.000740) | OT inner objective: 0.1137 | Marginal residual row/col/max: 4.27e-05/1.55e-08/4.27e-05 | Train Acc: 0.1635 | Val Acc: 0.2348 | Val P/R/F1 (Macro): 0.1829/0.2914/0.1704 | LR: 0.000005
  >>> New Best Val Acc: 0.2348
Epoch [6/100] | SVD update #6: pairs=440, sweeps=3, converged=False, rel_change=1.116e-02, effective_ranks=(325, 29), class_paired=True
Epoch [6/100] | Loss: 6.6610 (Cls: 6.6382, TAL: 0.0949, Adv: 0.1423, OT-Reg: 0.000721) | OT inner objective: 0.1304 | Marginal residual row/col/max: 2.06e-05/2.03e-08/2.06e-05 | Train Acc: 0.2115 | Val Acc: 0.1217 | Val P/R/F1 (Macro): 0.2702/0.2028/0.1438 | LR: 0.000005
Epoch [7/100] | SVD update #7: pairs=440, sweeps=3, converged=False, rel_change=7.062e-02, effective_ranks=(325, 18), class_paired=True
Epoch [7/100] | Loss: 6.5770 (Cls: 6.5735, TAL: -0.0857, Adv: 0.1718, OT-Reg: 0.000618) | OT inner objective: 0.0865 | Marginal residual row/col/max: 1.36e-04/1.17e-08/1.36e-04 | Train Acc: 0.2115 | Val Acc: 0.2261 | Val P/R/F1 (Macro): 0.2104/0.3064/0.1719 | LR: 0.000005
Epoch [8/100] | SVD update #8: pairs=440, sweeps=3, converged=False, rel_change=2.052e-01, effective_ranks=(326, 21), class_paired=True
Epoch [8/100] | Loss: 6.3983 (Cls: 6.3868, TAL: 0.0072, Adv: 0.1337, OT-Reg: 0.000713) | OT inner objective: 0.0801 | Marginal residual row/col/max: 1.88e-05/1.32e-08/1.88e-05 | Train Acc: 0.2236 | Val Acc: 0.3652 | Val P/R/F1 (Macro): 0.4155/0.3697/0.3258 | LR: 0.000005
  >>> New Best Val Acc: 0.3652
Epoch [9/100] | SVD update #9: pairs=440, sweeps=3, converged=False, rel_change=3.411e-01, effective_ranks=(326, 30), class_paired=True
Epoch [9/100] | Loss: 5.9021 (Cls: 5.9051, TAL: -0.1276, Adv: 0.1532, OT-Reg: 0.000639) | OT inner objective: 0.0459 | Marginal residual row/col/max: 5.43e-05/1.15e-08/5.43e-05 | Train Acc: 0.2596 | Val Acc: 0.2522 | Val P/R/F1 (Macro): 0.3507/0.2968/0.2193 | LR: 0.000005
Epoch [10/100] | SVD update #10: pairs=440, sweeps=3, converged=False, rel_change=1.557e-02, effective_ranks=(326, 25), class_paired=True
Epoch [10/100] | Loss: 5.9113 (Cls: 5.9201, TAL: -0.1580, Adv: 0.1267, OT-Reg: 0.000657) | OT inner objective: 0.0882 | Marginal residual row/col/max: 3.37e-05/1.12e-08/3.37e-05 | Train Acc: 0.2524 | Val Acc: 0.1130 | Val P/R/F1 (Macro): 0.1753/0.1869/0.1107 | LR: 0.000005
Epoch [11/100] | SVD update #11: pairs=440, sweeps=3, converged=False, rel_change=1.769e-01, effective_ranks=(323, 21), class_paired=True
Epoch [11/100] | Loss: 5.9952 (Cls: 5.9934, TAL: -0.0796, Adv: 0.1425, OT-Reg: 0.000772) | OT inner objective: 0.1165 | Marginal residual row/col/max: 4.70e-05/1.58e-08/4.70e-05 | Train Acc: 0.2957 | Val Acc: 0.3130 | Val P/R/F1 (Macro): 0.4174/0.3716/0.2947 | LR: 0.000005
Epoch [12/100] | SVD update #12: pairs=440, sweeps=3, converged=False, rel_change=3.870e-02, effective_ranks=(319, 21), class_paired=True
Epoch [12/100] | Loss: 5.8242 (Cls: 5.8207, TAL: -0.0523, Adv: 0.1216, OT-Reg: 0.000693) | OT inner objective: 0.1027 | Marginal residual row/col/max: 9.81e-05/1.81e-08/9.81e-05 | Train Acc: 0.2885 | Val Acc: 0.2696 | Val P/R/F1 (Macro): 0.2259/0.3749/0.2421 | LR: 0.000005
Epoch [13/100] | SVD update #13: pairs=440, sweeps=3, converged=False, rel_change=3.139e-02, effective_ranks=(323, 21), class_paired=True
Epoch [13/100] | Loss: 5.6030 (Cls: 5.6195, TAL: -0.2241, Adv: 0.1299, OT-Reg: 0.000699) | OT inner objective: 0.0362 | Marginal residual row/col/max: 7.18e-05/1.39e-08/7.18e-05 | Train Acc: 0.3678 | Val Acc: 0.3391 | Val P/R/F1 (Macro): 0.1791/0.3000/0.2165 | LR: 0.000005
Epoch [14/100] | SVD update #14: pairs=440, sweeps=3, converged=False, rel_change=8.904e-02, effective_ranks=(327, 22), class_paired=True
Epoch [14/100] | Loss: 6.4782 (Cls: 6.4821, TAL: -0.1327, Adv: 0.1502, OT-Reg: 0.000624) | OT inner objective: 0.1299 | Marginal residual row/col/max: 4.35e-06/1.09e-08/4.35e-06 | Train Acc: 0.1755 | Val Acc: 0.3391 | Val P/R/F1 (Macro): 0.2210/0.2675/0.1666 | LR: 0.000005
Epoch [15/100] | SVD update #15: pairs=440, sweeps=3, converged=False, rel_change=6.026e-02, effective_ranks=(323, 20), class_paired=True
Epoch [15/100] | Loss: 6.3369 (Cls: 6.3306, TAL: -0.0429, Adv: 0.1432, OT-Reg: 0.000603) | OT inner objective: 0.1227 | Marginal residual row/col/max: 1.85e-07/1.17e-08/1.87e-07 | Train Acc: 0.2019 | Val Acc: 0.1652 | Val P/R/F1 (Macro): 0.1922/0.2038/0.1309 | LR: 0.000005
Epoch [16/100] | SVD update #16: pairs=440, sweeps=3, converged=False, rel_change=2.796e-02, effective_ranks=(324, 23), class_paired=True
Epoch [16/100] | Loss: 5.9941 (Cls: 5.9974, TAL: -0.1256, Adv: 0.1469, OT-Reg: 0.000634) | OT inner objective: 0.0596 | Marginal residual row/col/max: 4.49e-05/1.13e-08/4.49e-05 | Train Acc: 0.2067 | Val Acc: 0.2261 | Val P/R/F1 (Macro): 0.3341/0.2538/0.2209 | LR: 0.000005
Epoch [17/100] | SVD update #17: pairs=440, sweeps=3, converged=False, rel_change=1.313e-01, effective_ranks=(324, 16), class_paired=True
Epoch [17/100] | Loss: 5.5041 (Cls: 5.5221, TAL: -0.2596, Adv: 0.1644, OT-Reg: 0.000626) | OT inner objective: -0.0154 | Marginal residual row/col/max: 7.57e-05/1.26e-08/7.57e-05 | Train Acc: 0.2957 | Val Acc: 0.2261 | Val P/R/F1 (Macro): 0.2304/0.2485/0.1548 | LR: 0.000005
Epoch [18/100] | SVD update #18: pairs=440, sweeps=3, converged=False, rel_change=2.309e-01, effective_ranks=(326, 22), class_paired=True
Epoch [18/100] | Loss: 5.6719 (Cls: 5.6735, TAL: -0.0994, Adv: 0.1294, OT-Reg: 0.000679) | OT inner objective: 0.0091 | Marginal residual row/col/max: 4.91e-06/1.09e-08/4.91e-06 | Train Acc: 0.2548 | Val Acc: 0.2522 | Val P/R/F1 (Macro): 0.3571/0.2986/0.2461 | LR: 0.000005
Epoch [19/100] | SVD update #19: pairs=440, sweeps=3, converged=False, rel_change=3.670e-02, effective_ranks=(326, 18), class_paired=True
Epoch [19/100] | Loss: 5.4211 (Cls: 5.4342, TAL: -0.2071, Adv: 0.1460, OT-Reg: 0.000669) | OT inner objective: 0.0248 | Marginal residual row/col/max: 3.21e-05/1.35e-08/3.21e-05 | Train Acc: 0.3293 | Val Acc: 0.2783 | Val P/R/F1 (Macro): 0.4746/0.3960/0.3247 | LR: 0.000003
Epoch [20/100] | SVD update #20: pairs=440, sweeps=3, converged=False, rel_change=2.382e-02, effective_ranks=(325, 18), class_paired=True
Epoch [20/100] | Loss: 5.7275 (Cls: 5.7394, TAL: -0.2209, Adv: 0.1833, OT-Reg: 0.000653) | OT inner objective: 0.0598 | Marginal residual row/col/max: 4.94e-05/1.35e-08/4.94e-05 | Train Acc: 0.2957 | Val Acc: 0.2609 | Val P/R/F1 (Macro): 0.3339/0.3113/0.2528 | LR: 0.000003
Epoch [21/100] | SVD update #21: pairs=440, sweeps=3, converged=False, rel_change=1.071e-02, effective_ranks=(327, 18), class_paired=True
Epoch [21/100] | Loss: 5.2930 (Cls: 5.3090, TAL: -0.2344, Adv: 0.1522, OT-Reg: 0.000665) | OT inner objective: -0.0107 | Marginal residual row/col/max: 5.05e-06/1.36e-08/5.05e-06 | Train Acc: 0.3798 | Val Acc: 0.2696 | Val P/R/F1 (Macro): 0.3966/0.3586/0.2818 | LR: 0.000003
Epoch [22/100] | SVD update #22: pairs=440, sweeps=3, converged=False, rel_change=2.914e-02, effective_ranks=(326, 19), class_paired=True
Epoch [22/100] | Loss: 5.2741 (Cls: 5.2867, TAL: -0.2050, Adv: 0.1498, OT-Reg: 0.000665) | OT inner objective: 0.0367 | Marginal residual row/col/max: 3.90e-07/1.33e-08/3.91e-07 | Train Acc: 0.3462 | Val Acc: 0.3478 | Val P/R/F1 (Macro): 0.3611/0.2931/0.2604 | LR: 0.000003
Epoch [23/100] | SVD update #23: pairs=440, sweeps=3, converged=False, rel_change=5.557e-02, effective_ranks=(327, 18), class_paired=True
Epoch [23/100] | Loss: 6.2141 (Cls: 6.2243, TAL: -0.1738, Adv: 0.1325, OT-Reg: 0.000662) | OT inner objective: 0.0643 | Marginal residual row/col/max: 6.68e-05/1.46e-08/6.68e-05 | Train Acc: 0.2139 | Val Acc: 0.3043 | Val P/R/F1 (Macro): 0.2867/0.2665/0.2091 | LR: 0.000003
Epoch [24/100] | SVD update #24: pairs=440, sweeps=3, converged=False, rel_change=1.061e+00, effective_ranks=(325, 16), class_paired=True
Epoch [24/100] | Loss: 8.1807 (Cls: 8.1603, TAL: 0.0309, Adv: 0.2081, OT-Reg: 0.000636) | OT inner objective: 0.0078 | Marginal residual row/col/max: 8.29e-05/1.85e-08/8.29e-05 | Train Acc: 0.0673 | Val Acc: 0.2087 | Val P/R/F1 (Macro): 0.1671/0.1878/0.1555 | LR: 0.000003
Epoch [25/100] | SVD update #25: pairs=440, sweeps=3, converged=False, rel_change=4.066e-02, effective_ranks=(311, 11), class_paired=True
Epoch [25/100] | Loss: 7.1105 (Cls: 7.0882, TAL: 0.0764, Adv: 0.1637, OT-Reg: 0.000652) | OT inner objective: 0.0675 | Marginal residual row/col/max: 2.95e-06/2.71e-08/2.96e-06 | Train Acc: 0.1154 | Val Acc: 0.3478 | Val P/R/F1 (Macro): 0.2576/0.2518/0.2219 | LR: 0.000003
Epoch [26/100] | SVD update #26: pairs=440, sweeps=3, converged=False, rel_change=1.529e-02, effective_ranks=(321, 13), class_paired=True
Epoch [26/100] | Loss: 6.5357 (Cls: 6.5142, TAL: 0.0635, Adv: 0.1734, OT-Reg: 0.000692) | OT inner objective: 0.0423 | Marginal residual row/col/max: 7.32e-05/2.67e-08/7.32e-05 | Train Acc: 0.0721 | Val Acc: 0.1913 | Val P/R/F1 (Macro): 0.1187/0.1368/0.1040 | LR: 0.000003
Epoch [27/100] | SVD update #27: pairs=440, sweeps=3, converged=False, rel_change=1.334e-02, effective_ranks=(319, 14), class_paired=True
Epoch [27/100] | Loss: 6.4270 (Cls: 6.4111, TAL: 0.0604, Adv: 0.1082, OT-Reg: 0.000691) | OT inner objective: 0.0588 | Marginal residual row/col/max: 4.71e-05/2.48e-08/4.71e-05 | Train Acc: 0.0841 | Val Acc: 0.1826 | Val P/R/F1 (Macro): 0.1168/0.1318/0.1213 | LR: 0.000003
Epoch [28/100] | SVD update #28: pairs=440, sweeps=3, converged=False, rel_change=1.845e-02, effective_ranks=(320, 13), class_paired=True
Epoch [28/100] | Loss: 6.3947 (Cls: 6.3813, TAL: -0.0247, Adv: 0.2040, OT-Reg: 0.000717) | OT inner objective: 0.0734 | Marginal residual row/col/max: 5.85e-05/3.51e-08/5.85e-05 | Train Acc: 0.1779 | Val Acc: 0.3652 | Val P/R/F1 (Macro): 0.1915/0.2331/0.2007 | LR: 0.000003
Epoch [29/100] | SVD update #29: pairs=440, sweeps=3, converged=False, rel_change=2.626e-02, effective_ranks=(322, 13), class_paired=True
Epoch [29/100] | Loss: 6.1932 (Cls: 6.1757, TAL: 0.0692, Adv: 0.1154, OT-Reg: 0.000736) | OT inner objective: 0.1214 | Marginal residual row/col/max: 5.39e-06/2.89e-08/5.40e-06 | Train Acc: 0.1803 | Val Acc: 0.3739 | Val P/R/F1 (Macro): 0.2977/0.2226/0.1941 | LR: 0.000003
  >>> New Best Val Acc: 0.3739
Epoch [30/100] | SVD update #30: pairs=440, sweeps=3, converged=False, rel_change=8.364e-02, effective_ranks=(327, 15), class_paired=True
Epoch [30/100] | Loss: 6.4303 (Cls: 6.4196, TAL: 0.0192, Adv: 0.1047, OT-Reg: 0.000710) | OT inner objective: 0.0873 | Marginal residual row/col/max: 2.37e-06/2.71e-08/2.37e-06 | Train Acc: 0.1178 | Val Acc: 0.1565 | Val P/R/F1 (Macro): 0.1189/0.1555/0.0877 | LR: 0.000003
Epoch [31/100] | SVD update #31: pairs=440, sweeps=3, converged=False, rel_change=1.177e-01, effective_ranks=(321, 22), class_paired=True
Epoch [31/100] | Loss: 6.4170 (Cls: 6.3953, TAL: 0.0901, Adv: 0.1362, OT-Reg: 0.000711) | OT inner objective: 0.1288 | Marginal residual row/col/max: 8.45e-08/1.89e-08/9.06e-08 | Train Acc: 0.1250 | Val Acc: 0.2087 | Val P/R/F1 (Macro): 0.2406/0.2180/0.1962 | LR: 0.000003
Epoch [32/100] | SVD update #32: pairs=440, sweeps=3, converged=False, rel_change=1.191e-01, effective_ranks=(323, 19), class_paired=True
Epoch [32/100] | Loss: 6.8656 (Cls: 6.8627, TAL: -0.0612, Adv: 0.1276, OT-Reg: 0.000688) | OT inner objective: 0.0821 | Marginal residual row/col/max: 2.23e-07/1.92e-08/2.29e-07 | Train Acc: 0.1370 | Val Acc: 0.2087 | Val P/R/F1 (Macro): 0.0843/0.1452/0.0979 | LR: 0.000003
Epoch [33/100] | SVD update #33: pairs=440, sweeps=3, converged=False, rel_change=2.870e-02, effective_ranks=(327, 17), class_paired=True
Epoch [33/100] | Loss: 6.5556 (Cls: 6.5510, TAL: -0.0387, Adv: 0.1161, OT-Reg: 0.000655) | OT inner objective: 0.1079 | Marginal residual row/col/max: 6.23e-08/1.56e-08/6.53e-08 | Train Acc: 0.1514 | Val Acc: 0.2957 | Val P/R/F1 (Macro): 0.1888/0.1876/0.1759 | LR: 0.000003
Epoch [34/100] | SVD update #34: pairs=440, sweeps=3, converged=False, rel_change=3.528e-01, effective_ranks=(321, 17), class_paired=True
Epoch [34/100] | Loss: 6.3886 (Cls: 6.3756, TAL: -0.0009, Adv: 0.1632, OT-Reg: 0.000606) | OT inner objective: 0.0800 | Marginal residual row/col/max: 6.07e-05/1.07e-08/6.07e-05 | Train Acc: 0.1370 | Val Acc: 0.1304 | Val P/R/F1 (Macro): 0.0998/0.1509/0.0767 | LR: 0.000003
Epoch [35/100] | SVD update #35: pairs=440, sweeps=3, converged=False, rel_change=4.388e-02, effective_ranks=(325, 19), class_paired=True
Epoch [35/100] | Loss: 7.2969 (Cls: 7.2983, TAL: -0.0865, Adv: 0.1123, OT-Reg: 0.000638) | OT inner objective: 0.0845 | Marginal residual row/col/max: 4.43e-05/1.32e-08/4.43e-05 | Train Acc: 0.1034 | Val Acc: 0.0783 | Val P/R/F1 (Macro): 0.1567/0.1210/0.0800 | LR: 0.000003
Epoch [36/100] | SVD update #36: pairs=440, sweeps=3, converged=False, rel_change=6.405e-02, effective_ranks=(327, 21), class_paired=True
Epoch [36/100] | Loss: 6.3413 (Cls: 6.3412, TAL: -0.0823, Adv: 0.1247, OT-Reg: 0.000650) | OT inner objective: 0.0982 | Marginal residual row/col/max: 1.60e-08/1.66e-08/2.11e-08 | Train Acc: 0.2692 | Val Acc: 0.3304 | Val P/R/F1 (Macro): 0.2963/0.3318/0.2373 | LR: 0.000003
Epoch [37/100] | SVD update #37: pairs=440, sweeps=3, converged=False, rel_change=4.538e-02, effective_ranks=(322, 17), class_paired=True
Epoch [37/100] | Loss: 5.6871 (Cls: 5.6795, TAL: -0.0394, Adv: 0.1535, OT-Reg: 0.000630) | OT inner objective: 0.0883 | Marginal residual row/col/max: 1.39e-05/1.33e-08/1.39e-05 | Train Acc: 0.2548 | Val Acc: 0.1217 | Val P/R/F1 (Macro): 0.0844/0.1880/0.0910 | LR: 0.000003
Epoch [38/100] | SVD update #38: pairs=440, sweeps=3, converged=False, rel_change=2.382e-02, effective_ranks=(325, 19), class_paired=True
Epoch [38/100] | Loss: 5.8564 (Cls: 5.8603, TAL: -0.1668, Adv: 0.2016, OT-Reg: 0.000665) | OT inner objective: 0.1163 | Marginal residual row/col/max: 1.15e-07/1.48e-08/1.18e-07 | Train Acc: 0.2668 | Val Acc: 0.3043 | Val P/R/F1 (Macro): 0.3177/0.3437/0.2312 | LR: 0.000003
Epoch [39/100] | SVD update #39: pairs=440, sweeps=3, converged=False, rel_change=1.012e-02, effective_ranks=(321, 17), class_paired=True
Epoch [39/100] | Loss: 5.4802 (Cls: 5.4887, TAL: -0.1391, Adv: 0.1025, OT-Reg: 0.000657) | OT inner objective: 0.0410 | Marginal residual row/col/max: 4.65e-06/1.30e-08/4.65e-06 | Train Acc: 0.2668 | Val Acc: 0.2435 | Val P/R/F1 (Macro): 0.2615/0.2672/0.1941 | LR: 0.000003
Epoch [40/100] | SVD update #40: pairs=440, sweeps=3, converged=False, rel_change=2.839e-02, effective_ranks=(324, 14), class_paired=True
Epoch [40/100] | Loss: 6.8173 (Cls: 6.8229, TAL: -0.1211, Adv: 0.1123, OT-Reg: 0.000665) | OT inner objective: 0.0101 | Marginal residual row/col/max: 6.26e-05/1.39e-08/6.26e-05 | Train Acc: 0.0938 | Val Acc: 0.2000 | Val P/R/F1 (Macro): 0.0803/0.2489/0.1126 | LR: 0.000001
Epoch [41/100] | SVD update #41: pairs=440, sweeps=3, converged=False, rel_change=6.044e-02, effective_ranks=(320, 14), class_paired=True
Epoch [41/100] | Loss: 5.8473 (Cls: 5.8455, TAL: -0.0880, Adv: 0.1551, OT-Reg: 0.000701) | OT inner objective: 0.0428 | Marginal residual row/col/max: 6.00e-05/1.66e-08/6.00e-05 | Train Acc: 0.1827 | Val Acc: 0.1478 | Val P/R/F1 (Macro): 0.1828/0.2093/0.1127 | LR: 0.000001
Epoch [42/100] | SVD update #42: pairs=440, sweeps=3, converged=False, rel_change=2.309e-01, effective_ranks=(321, 13), class_paired=True
Epoch [42/100] | Loss: 5.9770 (Cls: 5.9832, TAL: -0.1550, Adv: 0.1555, OT-Reg: 0.000735) | OT inner objective: 0.0002 | Marginal residual row/col/max: 1.35e-06/1.39e-08/1.35e-06 | Train Acc: 0.2043 | Val Acc: 0.1304 | Val P/R/F1 (Macro): 0.1466/0.1907/0.1134 | LR: 0.000001
Epoch [43/100] | SVD update #43: pairs=440, sweeps=3, converged=False, rel_change=2.361e-01, effective_ranks=(323, 15), class_paired=True
Epoch [43/100] | Loss: 6.7027 (Cls: 6.6779, TAL: 0.0894, Adv: 0.1758, OT-Reg: 0.000723) | OT inner objective: 0.0810 | Marginal residual row/col/max: 7.30e-06/1.86e-08/7.30e-06 | Train Acc: 0.1058 | Val Acc: 0.1304 | Val P/R/F1 (Macro): 0.0722/0.0931/0.0534 | LR: 0.000001
Epoch [44/100] | SVD update #44: pairs=440, sweeps=3, converged=False, rel_change=3.482e-02, effective_ranks=(323, 12), class_paired=True
Epoch [44/100] | Loss: 6.1813 (Cls: 6.1747, TAL: -0.0416, Adv: 0.1453, OT-Reg: 0.000686) | OT inner objective: 0.0482 | Marginal residual row/col/max: 9.33e-08/1.63e-08/9.66e-08 | Train Acc: 0.1803 | Val Acc: 0.2522 | Val P/R/F1 (Macro): 0.2672/0.2581/0.2361 | LR: 0.000001
Epoch [45/100] | SVD update #45: pairs=440, sweeps=3, converged=False, rel_change=7.737e-02, effective_ranks=(315, 18), class_paired=True
Epoch [45/100] | Loss: 5.8560 (Cls: 5.8592, TAL: -0.1096, Adv: 0.1235, OT-Reg: 0.000699) | OT inner objective: 0.0561 | Marginal residual row/col/max: 6.21e-07/1.66e-08/6.23e-07 | Train Acc: 0.2620 | Val Acc: 0.3217 | Val P/R/F1 (Macro): 0.2725/0.2824/0.2685 | LR: 0.000001
Epoch [46/100] | SVD update #46: pairs=440, sweeps=3, converged=False, rel_change=1.090e-01, effective_ranks=(323, 25), class_paired=True
Epoch [46/100] | Loss: 5.3414 (Cls: 5.3403, TAL: -0.1748, Adv: 0.2756, OT-Reg: 0.000703) | OT inner objective: 0.0055 | Marginal residual row/col/max: 4.35e-05/1.99e-08/4.35e-05 | Train Acc: 0.2572 | Val Acc: 0.2174 | Val P/R/F1 (Macro): 0.1085/0.1651/0.1035 | LR: 0.000001
Epoch [47/100] | SVD update #47: pairs=440, sweeps=3, converged=False, rel_change=1.628e-01, effective_ranks=(327, 22), class_paired=True
Epoch [47/100] | Loss: 6.4634 (Cls: 6.4650, TAL: -0.1348, Adv: 0.1814, OT-Reg: 0.000684) | OT inner objective: 0.1046 | Marginal residual row/col/max: 9.20e-06/1.52e-08/9.20e-06 | Train Acc: 0.0938 | Val Acc: 0.1391 | Val P/R/F1 (Macro): 0.1413/0.1513/0.0950 | LR: 0.000001
Epoch [48/100] | SVD update #48: pairs=440, sweeps=3, converged=False, rel_change=1.567e-01, effective_ranks=(326, 22), class_paired=True
Epoch [48/100] | Loss: 6.3441 (Cls: 6.3446, TAL: -0.1245, Adv: 0.1799, OT-Reg: 0.000736) | OT inner objective: 0.0642 | Marginal residual row/col/max: 1.01e-05/2.16e-08/1.01e-05 | Train Acc: 0.1875 | Val Acc: 0.1739 | Val P/R/F1 (Macro): 0.2286/0.2244/0.1925 | LR: 0.000001
Epoch [49/100] | SVD update #49: pairs=440, sweeps=3, converged=False, rel_change=1.274e-01, effective_ranks=(323, 23), class_paired=True
Epoch [49/100] | Loss: 5.8688 (Cls: 5.8586, TAL: -0.0329, Adv: 0.1764, OT-Reg: 0.000707) | OT inner objective: 0.0972 | Marginal residual row/col/max: 1.08e-05/2.31e-08/1.08e-05 | Train Acc: 0.1538 | Val Acc: 0.1913 | Val P/R/F1 (Macro): 0.1794/0.2183/0.1524 | LR: 0.000001
Epoch [50/100] | SVD update #50: pairs=440, sweeps=3, converged=False, rel_change=6.637e-02, effective_ranks=(321, 17), class_paired=True
Epoch [50/100] | Loss: 6.1297 (Cls: 6.0972, TAL: 0.0651, Adv: 0.3084, OT-Reg: 0.000692) | OT inner objective: 0.0167 | Marginal residual row/col/max: 5.25e-06/2.28e-08/5.25e-06 | Train Acc: 0.1130 | Val Acc: 0.1130 | Val P/R/F1 (Macro): 0.0483/0.0691/0.0559 | LR: 0.000001
Epoch [51/100] | SVD update #51: pairs=440, sweeps=3, converged=False, rel_change=6.298e-03, effective_ranks=(321, 19), class_paired=True
Epoch [51/100] | Loss: 5.9289 (Cls: 5.8946, TAL: 0.0562, Adv: 0.3437, OT-Reg: 0.000713) | OT inner objective: -0.0001 | Marginal residual row/col/max: 1.84e-05/1.66e-08/1.84e-05 | Train Acc: 0.1274 | Val Acc: 0.1043 | Val P/R/F1 (Macro): 0.1072/0.0872/0.0888 | LR: 0.000001
Epoch [52/100] | SVD update #52: pairs=440, sweeps=3, converged=False, rel_change=1.004e-02, effective_ranks=(324, 20), class_paired=True
Epoch [52/100] | Loss: 5.7683 (Cls: 5.7654, TAL: -0.1031, Adv: 0.1898, OT-Reg: 0.000658) | OT inner objective: 0.0374 | Marginal residual row/col/max: 1.05e-05/1.65e-08/1.05e-05 | Train Acc: 0.1346 | Val Acc: 0.1304 | Val P/R/F1 (Macro): 0.1177/0.1201/0.0958 | LR: 0.000001
Epoch [53/100] | SVD update #53: pairs=440, sweeps=3, converged=False, rel_change=5.987e-02, effective_ranks=(322, 19), class_paired=True
Epoch [53/100] | Loss: 5.9628 (Cls: 5.9443, TAL: 0.0222, Adv: 0.1974, OT-Reg: 0.000681) | OT inner objective: 0.1082 | Marginal residual row/col/max: 9.96e-08/2.03e-08/1.05e-07 | Train Acc: 0.1130 | Val Acc: 0.1304 | Val P/R/F1 (Macro): 0.1162/0.1165/0.0983 | LR: 0.000001
Epoch [54/100] | SVD update #54: pairs=440, sweeps=3, converged=False, rel_change=3.286e-02, effective_ranks=(319, 18), class_paired=True
Epoch [54/100] | Loss: 5.9643 (Cls: 5.9411, TAL: 0.0574, Adv: 0.2042, OT-Reg: 0.000668) | OT inner objective: 0.0855 | Marginal residual row/col/max: 5.59e-07/1.50e-08/5.61e-07 | Train Acc: 0.1394 | Val Acc: 0.1217 | Val P/R/F1 (Macro): 0.1131/0.1864/0.0908 | LR: 0.000001
Epoch [55/100] | SVD update #55: pairs=440, sweeps=3, converged=False, rel_change=3.951e-02, effective_ranks=(323, 16), class_paired=True
Epoch [55/100] | Loss: 5.9400 (Cls: 5.9201, TAL: -0.0135, Adv: 0.2690, OT-Reg: 0.000698) | OT inner objective: 0.1066 | Marginal residual row/col/max: 5.44e-05/2.35e-08/5.44e-05 | Train Acc: 0.1923 | Val Acc: 0.2435 | Val P/R/F1 (Macro): 0.2328/0.2201/0.1511 | LR: 0.000001
Epoch [56/100] | SVD update #56: pairs=440, sweeps=3, converged=False, rel_change=1.017e-01, effective_ranks=(314, 15), class_paired=True
Epoch [56/100] | Loss: 6.2282 (Cls: 6.1923, TAL: 0.1247, Adv: 0.2618, OT-Reg: 0.000700) | OT inner objective: 0.0766 | Marginal residual row/col/max: 5.39e-07/2.06e-08/5.41e-07 | Train Acc: 0.1034 | Val Acc: 0.1391 | Val P/R/F1 (Macro): 0.0543/0.1098/0.0667 | LR: 0.000001
Epoch [57/100] | SVD update #57: pairs=440, sweeps=3, converged=False, rel_change=7.222e-03, effective_ranks=(321, 17), class_paired=True
Epoch [57/100] | Loss: 5.9590 (Cls: 5.9280, TAL: 0.0538, Adv: 0.3068, OT-Reg: 0.000699) | OT inner objective: 0.0625 | Marginal residual row/col/max: 2.75e-06/1.66e-08/2.75e-06 | Train Acc: 0.1490 | Val Acc: 0.1130 | Val P/R/F1 (Macro): 0.0787/0.1117/0.0889 | LR: 0.000001
Epoch [58/100] | SVD update #58: pairs=440, sweeps=3, converged=False, rel_change=2.083e-02, effective_ranks=(324, 17), class_paired=True
Epoch [58/100] | Loss: 6.9032 (Cls: 6.8838, TAL: -0.0333, Adv: 0.2926, OT-Reg: 0.000725) | OT inner objective: 0.0686 | Marginal residual row/col/max: 4.65e-06/2.32e-08/4.66e-06 | Train Acc: 0.1611 | Val Acc: 0.1913 | Val P/R/F1 (Macro): 0.1994/0.1860/0.1831 | LR: 0.000001
Epoch [59/100] | SVD update #59: pairs=440, sweeps=3, converged=False, rel_change=1.224e-01, effective_ranks=(319, 13), class_paired=True
Epoch [59/100] | Loss: 6.5768 (Cls: 6.5495, TAL: 0.0302, Adv: 0.2967, OT-Reg: 0.000784) | OT inner objective: -0.0060 | Marginal residual row/col/max: 2.18e-05/2.11e-08/2.18e-05 | Train Acc: 0.1130 | Val Acc: 0.2087 | Val P/R/F1 (Macro): 0.2622/0.1555/0.1788 | LR: 0.000001
Epoch [60/100] | SVD update #60: pairs=440, sweeps=3, converged=False, rel_change=1.454e-02, effective_ranks=(323, 10), class_paired=True
Epoch [60/100] | Loss: 6.3070 (Cls: 6.2899, TAL: -0.0917, Adv: 0.3514, OT-Reg: 0.000766) | OT inner objective: 0.0410 | Marginal residual row/col/max: 1.09e-06/2.42e-08/1.09e-06 | Train Acc: 0.0962 | Val Acc: 0.1304 | Val P/R/F1 (Macro): 0.1831/0.0992/0.1091 | LR: 0.000001
Epoch [61/100] | SVD update #61: pairs=440, sweeps=3, converged=False, rel_change=2.845e-03, effective_ranks=(323, 11), class_paired=True
Epoch [61/100] | Loss: 6.3937 (Cls: 6.3892, TAL: -0.0692, Adv: 0.1605, OT-Reg: 0.000730) | OT inner objective: -0.0691 | Marginal residual row/col/max: 9.17e-05/1.58e-08/9.17e-05 | Train Acc: 0.1803 | Val Acc: 0.1739 | Val P/R/F1 (Macro): 0.1833/0.1523/0.1438 | LR: 0.000001
Epoch [62/100] | SVD update #62: pairs=440, sweeps=3, converged=False, rel_change=1.129e-03, effective_ranks=(324, 11), class_paired=True
Epoch [62/100] | Loss: 5.8528 (Cls: 5.8384, TAL: 0.0010, Adv: 0.1780, OT-Reg: 0.000696) | OT inner objective: -0.0246 | Marginal residual row/col/max: 4.95e-06/1.40e-08/4.95e-06 | Train Acc: 0.1971 | Val Acc: 0.1478 | Val P/R/F1 (Macro): 0.1280/0.1956/0.1132 | LR: 0.000001
Epoch [63/100] | SVD update #63: pairs=440, sweeps=3, converged=False, rel_change=9.453e-03, effective_ranks=(325, 12), class_paired=True
Epoch [63/100] | Loss: 6.2433 (Cls: 6.2334, TAL: -0.0830, Adv: 0.2485, OT-Reg: 0.000695) | OT inner objective: -0.0479 | Marginal residual row/col/max: 2.82e-05/1.83e-08/2.82e-05 | Train Acc: 0.1394 | Val Acc: 0.1739 | Val P/R/F1 (Macro): 0.2027/0.1803/0.1436 | LR: 0.000001
Epoch [64/100] | SVD update #64: pairs=440, sweeps=3, converged=False, rel_change=7.526e-03, effective_ranks=(323, 14), class_paired=True
Epoch [64/100] | Loss: 6.0248 (Cls: 5.9953, TAL: 0.0034, Adv: 0.3635, OT-Reg: 0.000736) | OT inner objective: 0.0506 | Marginal residual row/col/max: 6.56e-07/2.46e-08/6.59e-07 | Train Acc: 0.1683 | Val Acc: 0.1043 | Val P/R/F1 (Macro): 0.1005/0.0848/0.0758 | LR: 0.000001
Epoch [65/100] | SVD update #65: pairs=440, sweeps=3, converged=False, rel_change=3.250e-03, effective_ranks=(325, 14), class_paired=True
Epoch [65/100] | Loss: 6.0004 (Cls: 5.9768, TAL: -0.0436, Adv: 0.3595, OT-Reg: 0.000768) | OT inner objective: -0.0018 | Marginal residual row/col/max: 3.89e-07/2.79e-08/3.93e-07 | Train Acc: 0.1010 | Val Acc: 0.2174 | Val P/R/F1 (Macro): 0.3157/0.1739/0.1842 | LR: 0.000001
Epoch [66/100] | SVD update #66: pairs=440, sweeps=3, converged=False, rel_change=1.818e-03, effective_ranks=(317, 14), class_paired=True
Epoch [66/100] | Loss: 5.9608 (Cls: 5.9378, TAL: -0.0408, Adv: 0.3493, OT-Reg: 0.000758) | OT inner objective: -0.0483 | Marginal residual row/col/max: 1.81e-05/1.86e-08/1.81e-05 | Train Acc: 0.1611 | Val Acc: 0.2087 | Val P/R/F1 (Macro): 0.1963/0.1584/0.1688 | LR: 0.000001
Epoch [67/100] | SVD update #67: pairs=440, sweeps=3, converged=False, rel_change=1.462e-03, effective_ranks=(319, 15), class_paired=True
Epoch [67/100] | Loss: 5.8769 (Cls: 5.8485, TAL: -0.0349, Adv: 0.4071, OT-Reg: 0.000722) | OT inner objective: 0.0387 | Marginal residual row/col/max: 5.48e-05/1.69e-08/5.48e-05 | Train Acc: 0.1587 | Val Acc: 0.2261 | Val P/R/F1 (Macro): 0.3257/0.2019/0.2051 | LR: 0.000001
Epoch [68/100] | SVD update #68: pairs=440, sweeps=3, converged=False, rel_change=1.478e-03, effective_ranks=(317, 15), class_paired=True
Epoch [68/100] | Loss: 6.0180 (Cls: 6.0016, TAL: -0.0326, Adv: 0.2531, OT-Reg: 0.000777) | OT inner objective: 0.0237 | Marginal residual row/col/max: 6.28e-05/2.62e-08/6.28e-05 | Train Acc: 0.1202 | Val Acc: 0.1565 | Val P/R/F1 (Macro): 0.1738/0.1523/0.1215 | LR: 0.000001
Epoch [69/100] | SVD update #69: pairs=440, sweeps=3, converged=False, rel_change=3.457e-03, effective_ranks=(324, 17), class_paired=True
Epoch [69/100] | Loss: 5.9481 (Cls: 5.9313, TAL: -0.0589, Adv: 0.2991, OT-Reg: 0.000751) | OT inner objective: 0.0136 | Marginal residual row/col/max: 8.76e-06/1.79e-08/8.76e-06 | Train Acc: 0.1226 | Val Acc: 0.1565 | Val P/R/F1 (Macro): 0.1770/0.1294/0.0962 | LR: 0.000001
Epoch [70/100] | SVD update #70: pairs=440, sweeps=3, converged=False, rel_change=1.114e-02, effective_ranks=(322, 14), class_paired=True
Epoch [70/100] | Loss: 6.0351 (Cls: 6.0191, TAL: -0.1101, Adv: 0.3653, OT-Reg: 0.000694) | OT inner objective: -0.0188 | Marginal residual row/col/max: 2.22e-06/1.43e-08/2.22e-06 | Train Acc: 0.1683 | Val Acc: 0.2000 | Val P/R/F1 (Macro): 0.2622/0.2345/0.1651 | LR: 0.000001
Epoch [71/100] | SVD update #71: pairs=440, sweeps=3, converged=False, rel_change=4.817e-03, effective_ranks=(315, 13), class_paired=True
Epoch [71/100] | Loss: 6.2762 (Cls: 6.2422, TAL: -0.0061, Adv: 0.4338, OT-Reg: 0.000737) | OT inner objective: 0.0643 | Marginal residual row/col/max: 1.69e-06/2.03e-08/1.70e-06 | Train Acc: 0.1731 | Val Acc: 0.1304 | Val P/R/F1 (Macro): 0.1098/0.1729/0.1131 | LR: 0.000001
Epoch [72/100] | SVD update #72: pairs=440, sweeps=3, converged=False, rel_change=2.239e-03, effective_ranks=(300, 12), class_paired=True
Epoch [72/100] | Loss: 5.9572 (Cls: 5.9378, TAL: -0.0636, Adv: 0.3387, OT-Reg: 0.000713) | OT inner objective: -0.0088 | Marginal residual row/col/max: 4.72e-05/1.89e-08/4.72e-05 | Train Acc: 0.1971 | Val Acc: 0.1739 | Val P/R/F1 (Macro): 0.1968/0.2194/0.1813 | LR: 0.000001
Epoch [73/100] | SVD update #73: pairs=440, sweeps=3, converged=False, rel_change=3.739e-03, effective_ranks=(304, 14), class_paired=True
Epoch [73/100] | Loss: 6.1595 (Cls: 6.1401, TAL: -0.0319, Adv: 0.2913, OT-Reg: 0.000678) | OT inner objective: 0.0736 | Marginal residual row/col/max: 4.81e-06/1.49e-08/4.81e-06 | Train Acc: 0.2163 | Val Acc: 0.1304 | Val P/R/F1 (Macro): 0.1764/0.1794/0.1193 | LR: 0.000001
Epoch [74/100] | SVD update #74: pairs=440, sweeps=3, converged=False, rel_change=4.013e-03, effective_ranks=(303, 15), class_paired=True
Epoch [74/100] | Loss: 6.2623 (Cls: 6.2400, TAL: -0.0605, Adv: 0.3698, OT-Reg: 0.000640) | OT inner objective: 0.0427 | Marginal residual row/col/max: 1.61e-04/1.48e-08/1.61e-04 | Train Acc: 0.1226 | Val Acc: 0.1913 | Val P/R/F1 (Macro): 0.2560/0.1907/0.1866 | LR: 0.000001
Epoch [75/100] | SVD update #75: pairs=440, sweeps=3, converged=False, rel_change=8.122e-03, effective_ranks=(301, 14), class_paired=True
Epoch [75/100] | Loss: 6.1299 (Cls: 6.1027, TAL: -0.0468, Adv: 0.4105, OT-Reg: 0.000658) | OT inner objective: 0.0877 | Marginal residual row/col/max: 4.22e-05/2.71e-08/4.22e-05 | Train Acc: 0.1947 | Val Acc: 0.1478 | Val P/R/F1 (Macro): 0.1368/0.1462/0.1165 | LR: 0.000001
Epoch [76/100] | SVD update #76: pairs=440, sweeps=3, converged=False, rel_change=2.677e-03, effective_ranks=(293, 15), class_paired=True
Epoch [76/100] | Loss: 6.0453 (Cls: 6.0265, TAL: -0.0792, Adv: 0.3536, OT-Reg: 0.000674) | OT inner objective: 0.0255 | Marginal residual row/col/max: 9.37e-06/2.32e-08/9.37e-06 | Train Acc: 0.1923 | Val Acc: 0.1130 | Val P/R/F1 (Macro): 0.1946/0.1232/0.1043 | LR: 0.000001
Epoch [77/100] | SVD update #77: pairs=440, sweeps=3, converged=False, rel_change=1.456e-02, effective_ranks=(301, 16), class_paired=True
Epoch [77/100] | Loss: 5.8791 (Cls: 5.8571, TAL: -0.0276, Adv: 0.3162, OT-Reg: 0.000642) | OT inner objective: 0.0716 | Marginal residual row/col/max: 6.39e-07/1.92e-08/6.42e-07 | Train Acc: 0.1418 | Val Acc: 0.1913 | Val P/R/F1 (Macro): 0.2193/0.1751/0.1647 | LR: 0.000001
Epoch [78/100] | SVD update #78: pairs=440, sweeps=3, converged=False, rel_change=8.889e-03, effective_ranks=(312, 14), class_paired=True
Epoch [78/100] | Loss: 5.8079 (Cls: 5.7883, TAL: -0.0503, Adv: 0.3209, OT-Reg: 0.000643) | OT inner objective: 0.0166 | Marginal residual row/col/max: 4.78e-05/1.45e-08/4.78e-05 | Train Acc: 0.1490 | Val Acc: 0.1478 | Val P/R/F1 (Macro): 0.2833/0.1631/0.1444 | LR: 0.000001
Epoch [79/100] | SVD update #79: pairs=440, sweeps=3, converged=False, rel_change=1.045e-02, effective_ranks=(307, 15), class_paired=True
Epoch [79/100] | Loss: 5.7924 (Cls: 5.7753, TAL: -0.1077, Adv: 0.3748, OT-Reg: 0.000662) | OT inner objective: 0.0436 | Marginal residual row/col/max: 3.04e-06/1.36e-08/3.04e-06 | Train Acc: 0.1707 | Val Acc: 0.1304 | Val P/R/F1 (Macro): 0.2147/0.1713/0.1263 | LR: 0.000001
Epoch [80/100] | SVD update #80: pairs=440, sweeps=3, converged=False, rel_change=8.251e-03, effective_ranks=(312, 16), class_paired=True
Epoch [80/100] | Loss: 5.7788 (Cls: 5.7549, TAL: -0.1628, Adv: 0.5436, OT-Reg: 0.000641) | OT inner objective: 0.0076 | Marginal residual row/col/max: 4.33e-05/1.86e-08/4.33e-05 | Train Acc: 0.2043 | Val Acc: 0.1304 | Val P/R/F1 (Macro): 0.1449/0.2053/0.1180 | LR: 0.000001
Epoch [81/100] | SVD update #81: pairs=440, sweeps=3, converged=False, rel_change=1.265e-03, effective_ranks=(320, 17), class_paired=True
Epoch [81/100] | Loss: 5.8119 (Cls: 5.7967, TAL: -0.0925, Adv: 0.3280, OT-Reg: 0.000630) | OT inner objective: 0.0466 | Marginal residual row/col/max: 3.96e-05/1.38e-08/3.96e-05 | Train Acc: 0.2284 | Val Acc: 0.1565 | Val P/R/F1 (Macro): 0.1432/0.2056/0.1220 | LR: 0.000001
Epoch [82/100] | SVD update #82: pairs=440, sweeps=3, converged=False, rel_change=8.432e-03, effective_ranks=(320, 19), class_paired=True
Epoch [82/100] | Loss: 5.7381 (Cls: 5.7161, TAL: -0.0466, Adv: 0.3449, OT-Reg: 0.000646) | OT inner objective: 0.0242 | Marginal residual row/col/max: 1.02e-04/1.35e-08/1.02e-04 | Train Acc: 0.2043 | Val Acc: 0.1652 | Val P/R/F1 (Macro): 0.2321/0.2104/0.1565 | LR: 0.000001
Epoch [83/100] | SVD update #83: pairs=440, sweeps=3, converged=False, rel_change=7.154e-03, effective_ranks=(315, 19), class_paired=True
Epoch [83/100] | Loss: 5.7612 (Cls: 5.7356, TAL: -0.0715, Adv: 0.4263, OT-Reg: 0.000638) | OT inner objective: 0.0690 | Marginal residual row/col/max: 1.01e-06/1.76e-08/1.01e-06 | Train Acc: 0.1755 | Val Acc: 0.0957 | Val P/R/F1 (Macro): 0.1020/0.1624/0.0794 | LR: 0.000001
Epoch [84/100] | SVD update #84: pairs=440, sweeps=3, converged=False, rel_change=7.802e-03, effective_ranks=(321, 19), class_paired=True
Epoch [84/100] | Loss: 5.6081 (Cls: 5.5773, TAL: -0.0179, Adv: 0.4123, OT-Reg: 0.000645) | OT inner objective: 0.0332 | Marginal residual row/col/max: 2.19e-05/1.17e-08/2.19e-05 | Train Acc: 0.1851 | Val Acc: 0.1043 | Val P/R/F1 (Macro): 0.1501/0.1379/0.0980 | LR: 0.000001
Epoch [85/100] | SVD update #85: pairs=440, sweeps=3, converged=False, rel_change=4.679e-03, effective_ranks=(320, 19), class_paired=True
Epoch [85/100] | Loss: 5.5289 (Cls: 5.4929, TAL: -0.0181, Adv: 0.4771, OT-Reg: 0.000683) | OT inner objective: 0.0542 | Marginal residual row/col/max: 1.94e-05/1.25e-08/1.94e-05 | Train Acc: 0.1947 | Val Acc: 0.1478 | Val P/R/F1 (Macro): 0.1806/0.1998/0.1320 | LR: 0.000001
Epoch [86/100] | SVD update #86: pairs=440, sweeps=3, converged=False, rel_change=2.437e-03, effective_ranks=(317, 19), class_paired=True
Epoch [86/100] | Loss: 5.7029 (Cls: 5.6666, TAL: -0.0067, Adv: 0.4635, OT-Reg: 0.000679) | OT inner objective: 0.0291 | Marginal residual row/col/max: 5.93e-05/1.71e-08/5.93e-05 | Train Acc: 0.2284 | Val Acc: 0.1478 | Val P/R/F1 (Macro): 0.1316/0.1773/0.1228 | LR: 0.000001
Epoch [87/100] | SVD update #87: pairs=440, sweeps=3, converged=False, rel_change=1.343e-02, effective_ranks=(319, 18), class_paired=True
Epoch [87/100] | Loss: 5.7597 (Cls: 5.7317, TAL: -0.0569, Adv: 0.4360, OT-Reg: 0.000658) | OT inner objective: -0.0213 | Marginal residual row/col/max: 8.22e-05/1.19e-08/8.22e-05 | Train Acc: 0.1683 | Val Acc: 0.1043 | Val P/R/F1 (Macro): 0.1589/0.1403/0.1041 | LR: 0.000001
Epoch [88/100] | SVD update #88: pairs=440, sweeps=3, converged=False, rel_change=2.475e-03, effective_ranks=(324, 18), class_paired=True
Epoch [88/100] | Loss: 5.6084 (Cls: 5.5926, TAL: -0.0366, Adv: 0.2525, OT-Reg: 0.000692) | OT inner objective: 0.0086 | Marginal residual row/col/max: 2.85e-05/1.56e-08/2.85e-05 | Train Acc: 0.1947 | Val Acc: 0.1391 | Val P/R/F1 (Macro): 0.1543/0.1735/0.1313 | LR: 0.000001
Epoch [89/100] | SVD update #89: pairs=440, sweeps=3, converged=False, rel_change=1.806e-03, effective_ranks=(317, 18), class_paired=True
Epoch [89/100] | Loss: 5.7033 (Cls: 5.6795, TAL: -0.0690, Adv: 0.4003, OT-Reg: 0.000692) | OT inner objective: 0.0397 | Marginal residual row/col/max: 6.76e-05/1.72e-08/6.76e-05 | Train Acc: 0.1731 | Val Acc: 0.1391 | Val P/R/F1 (Macro): 0.1886/0.1606/0.1300 | LR: 0.000001
Epoch [90/100] | SVD update #90: pairs=440, sweeps=3, converged=False, rel_change=1.368e-02, effective_ranks=(323, 18), class_paired=True
Epoch [90/100] | Loss: 5.6562 (Cls: 5.6426, TAL: -0.1712, Adv: 0.4273, OT-Reg: 0.000650) | OT inner objective: -0.0300 | Marginal residual row/col/max: 1.03e-04/1.50e-08/1.03e-04 | Train Acc: 0.2284 | Val Acc: 0.1478 | Val P/R/F1 (Macro): 0.1612/0.1994/0.1250 | LR: 0.000001
Epoch [91/100] | SVD update #91: pairs=440, sweeps=3, converged=False, rel_change=4.025e-03, effective_ranks=(322, 17), class_paired=True
Epoch [91/100] | Loss: 5.4932 (Cls: 5.4837, TAL: -0.1380, Adv: 0.3257, OT-Reg: 0.000617) | OT inner objective: -0.0258 | Marginal residual row/col/max: 5.00e-05/1.36e-08/5.00e-05 | Train Acc: 0.2644 | Val Acc: 0.1304 | Val P/R/F1 (Macro): 0.3036/0.1842/0.1186 | LR: 0.000001
Epoch [92/100] | SVD update #92: pairs=440, sweeps=3, converged=False, rel_change=2.274e-02, effective_ranks=(319, 18), class_paired=True
Epoch [92/100] | Loss: 5.4546 (Cls: 5.4104, TAL: -0.0517, Adv: 0.6298, OT-Reg: 0.000637) | OT inner objective: 0.0214 | Marginal residual row/col/max: 6.18e-05/1.03e-08/6.18e-05 | Train Acc: 0.1899 | Val Acc: 0.1478 | Val P/R/F1 (Macro): 0.1603/0.1775/0.1256 | LR: 0.000001
Epoch [93/100] | SVD update #93: pairs=440, sweeps=3, converged=False, rel_change=4.699e-03, effective_ranks=(319, 18), class_paired=True
Epoch [93/100] | Loss: 5.5199 (Cls: 5.4921, TAL: -0.0546, Adv: 0.4295, OT-Reg: 0.000648) | OT inner objective: 0.0429 | Marginal residual row/col/max: 5.82e-06/1.63e-08/5.82e-06 | Train Acc: 0.2404 | Val Acc: 0.2261 | Val P/R/F1 (Macro): 0.2720/0.2693/0.2135 | LR: 0.000001
Epoch [94/100] | SVD update #94: pairs=440, sweeps=3, converged=False, rel_change=2.910e-03, effective_ranks=(318, 18), class_paired=True
Epoch [94/100] | Loss: 5.4347 (Cls: 5.4005, TAL: -0.0673, Adv: 0.5284, OT-Reg: 0.000654) | OT inner objective: 0.0149 | Marginal residual row/col/max: 4.88e-05/1.30e-08/4.88e-05 | Train Acc: 0.2380 | Val Acc: 0.1043 | Val P/R/F1 (Macro): 0.1260/0.1466/0.0992 | LR: 0.000001
Epoch [95/100] | SVD update #95: pairs=440, sweeps=3, converged=False, rel_change=8.294e-03, effective_ranks=(318, 16), class_paired=True
Epoch [95/100] | Loss: 5.2898 (Cls: 5.2793, TAL: -0.1034, Adv: 0.2869, OT-Reg: 0.000649) | OT inner objective: 0.0247 | Marginal residual row/col/max: 6.51e-05/1.16e-08/6.51e-05 | Train Acc: 0.2452 | Val Acc: 0.1565 | Val P/R/F1 (Macro): 0.2195/0.2143/0.1452 | LR: 0.000001
Epoch [96/100] | SVD update #96: pairs=440, sweeps=3, converged=False, rel_change=7.648e-03, effective_ranks=(316, 16), class_paired=True
Epoch [96/100] | Loss: 5.5211 (Cls: 5.5021, TAL: -0.1469, Adv: 0.4578, OT-Reg: 0.000651) | OT inner objective: 0.0308 | Marginal residual row/col/max: 1.21e-04/1.32e-08/1.21e-04 | Train Acc: 0.2332 | Val Acc: 0.1652 | Val P/R/F1 (Macro): 0.2456/0.2098/0.1533 | LR: 0.000001
Epoch [97/100] | SVD update #97: pairs=440, sweeps=3, converged=False, rel_change=1.613e-02, effective_ranks=(320, 18), class_paired=True
Epoch [97/100] | Loss: 5.5874 (Cls: 5.5531, TAL: -0.0774, Adv: 0.5444, OT-Reg: 0.000673) | OT inner objective: -0.0186 | Marginal residual row/col/max: 1.27e-06/1.88e-08/1.27e-06 | Train Acc: 0.2788 | Val Acc: 0.1739 | Val P/R/F1 (Macro): 0.2610/0.2120/0.1652 | LR: 0.000001
Epoch [98/100] | SVD update #98: pairs=440, sweeps=3, converged=False, rel_change=2.683e-02, effective_ranks=(322, 18), class_paired=True
Epoch [98/100] | Loss: 5.2801 (Cls: 5.2700, TAL: -0.1278, Adv: 0.3183, OT-Reg: 0.000665) | OT inner objective: 0.0072 | Marginal residual row/col/max: 9.29e-07/1.53e-08/9.31e-07 | Train Acc: 0.2740 | Val Acc: 0.2609 | Val P/R/F1 (Macro): 0.2537/0.2846/0.2018 | LR: 0.000001
Epoch [99/100] | SVD update #99: pairs=440, sweeps=3, converged=False, rel_change=7.256e-03, effective_ranks=(322, 18), class_paired=True
Epoch [99/100] | Loss: 5.3853 (Cls: 5.3522, TAL: -0.1151, Adv: 0.5868, OT-Reg: 0.000679) | OT inner objective: 0.0022 | Marginal residual row/col/max: 4.11e-06/1.16e-08/4.11e-06 | Train Acc: 0.2356 | Val Acc: 0.1652 | Val P/R/F1 (Macro): 0.2210/0.1849/0.1500 | LR: 0.000001
Epoch [100/100] | SVD update #100: pairs=440, sweeps=3, converged=False, rel_change=4.216e-03, effective_ranks=(319, 17), class_paired=True
Epoch [100/100] | Loss: 5.2946 (Cls: 5.2796, TAL: -0.1234, Adv: 0.3731, OT-Reg: 0.000654) | OT inner objective: 0.0514 | Marginal residual row/col/max: 2.61e-05/1.39e-08/2.61e-05 | Train Acc: 0.3341 | Val Acc: 0.1826 | Val P/R/F1 (Macro): 0.2874/0.2261/0.1735 | LR: 0.000001
Report strategy: last_window, window=10, reported_acc=0.1713, best_acc=0.3739

迭代 1 报告指标:
  Accuracy: 0.1713
  Precision (Macro): 0.2350
  Recall (Macro): 0.2109
  F1 (Macro): 0.1546
  Precision (Micro): 0.1713
  Recall (Micro): 0.1713
  F1 (Micro): 0.1713
  Val class coverage: 9/14 (0.6429), samples=115

================================================================================
迭代 2/5
随机种子: 43
================================================================================
Training mode: full target-label supervision (class-paired batches).
Feature fusion: Tensor alignment (512+512 -> 64+64); fused_dim=128
Domain adaptation: Neural OT generator with 3-domain discriminator
Loss weights: tensor=0.12, adv=0.08
Transport: mode=sinkhorn, epsilon=0.1, Sinkhorn iterations=50, correction scale=0.1, correction regularization weight=0.001
Tensor projection update: once per epoch from the complete target-training pairing bank; projection_dim=64, max_sweeps=3, relative singular-value tolerance=0.0001
Epoch [1/100] | SVD update #1: pairs=440, sweeps=3, converged=False, rel_change=2.211e-04, effective_ranks=(326, 140), class_paired=True
Epoch [1/100] | Loss: 7.6342 (Cls: 7.6235, TAL: -0.0609, Adv: 0.2251, OT-Reg: 0.001167) | OT inner objective: 0.2994 | Marginal residual row/col/max: 9.89e-09/1.72e-08/1.75e-08 | Train Acc: 0.1707 | Val Acc: 0.2435 | Val P/R/F1 (Macro): 0.0881/0.2840/0.1276 | LR: 0.000005
  >>> New Best Val Acc: 0.2435
Epoch [2/100] | SVD update #2: pairs=440, sweeps=3, converged=False, rel_change=9.736e-03, effective_ranks=(327, 41), class_paired=True
Epoch [2/100] | Loss: 7.4719 (Cls: 7.4612, TAL: -0.0593, Adv: 0.2229, OT-Reg: 0.001178) | OT inner objective: 0.2800 | Marginal residual row/col/max: 1.09e-08/1.93e-08/1.99e-08 | Train Acc: 0.1346 | Val Acc: 0.3130 | Val P/R/F1 (Macro): 0.2702/0.2881/0.2270 | LR: 0.000005
  >>> New Best Val Acc: 0.3130
Epoch [3/100] | SVD update #3: pairs=440, sweeps=3, converged=False, rel_change=1.077e-01, effective_ranks=(327, 48), class_paired=True
Epoch [3/100] | Loss: 7.1633 (Cls: 7.1584, TAL: -0.1056, Adv: 0.2185, OT-Reg: 0.001225) | OT inner objective: 0.2967 | Marginal residual row/col/max: 9.89e-09/1.38e-08/1.40e-08 | Train Acc: 0.1923 | Val Acc: 0.3130 | Val P/R/F1 (Macro): 0.1384/0.2699/0.1749 | LR: 0.000005
Epoch [4/100] | SVD update #4: pairs=440, sweeps=3, converged=False, rel_change=5.301e-02, effective_ranks=(325, 30), class_paired=True
Epoch [4/100] | Loss: 7.1948 (Cls: 7.1862, TAL: -0.0918, Adv: 0.2453, OT-Reg: 0.001153) | OT inner objective: 0.2428 | Marginal residual row/col/max: 1.73e-08/1.78e-08/2.34e-08 | Train Acc: 0.1418 | Val Acc: 0.2435 | Val P/R/F1 (Macro): 0.3009/0.2666/0.2155 | LR: 0.000005
Epoch [5/100] | SVD update #5: pairs=440, sweeps=3, converged=False, rel_change=3.335e-02, effective_ranks=(321, 29), class_paired=True
Epoch [5/100] | Loss: 6.7433 (Cls: 6.7308, TAL: -0.0479, Adv: 0.2290, OT-Reg: 0.001086) | OT inner objective: 0.1769 | Marginal residual row/col/max: 2.12e-05/1.95e-08/2.12e-05 | Train Acc: 0.1755 | Val Acc: 0.1652 | Val P/R/F1 (Macro): 0.2253/0.1805/0.1247 | LR: 0.000005
Epoch [6/100] | SVD update #6: pairs=440, sweeps=3, converged=False, rel_change=2.237e-01, effective_ranks=(325, 34), class_paired=True
Epoch [6/100] | Loss: 7.1550 (Cls: 7.1349, TAL: 0.0234, Adv: 0.2158, OT-Reg: 0.001148) | OT inner objective: 0.2278 | Marginal residual row/col/max: 9.31e-09/1.22e-08/1.29e-08 | Train Acc: 0.1442 | Val Acc: 0.3478 | Val P/R/F1 (Macro): 0.2626/0.2336/0.1988 | LR: 0.000005
  >>> New Best Val Acc: 0.3478
Epoch [7/100] | SVD update #7: pairs=440, sweeps=3, converged=False, rel_change=7.502e-02, effective_ranks=(326, 33), class_paired=True
Epoch [7/100] | Loss: 6.4452 (Cls: 6.4249, TAL: -0.0377, Adv: 0.3110, OT-Reg: 0.001160) | OT inner objective: 0.2199 | Marginal residual row/col/max: 9.31e-09/1.06e-08/1.13e-08 | Train Acc: 0.2091 | Val Acc: 0.2261 | Val P/R/F1 (Macro): 0.2693/0.2681/0.1950 | LR: 0.000005
Epoch [8/100] | SVD update #8: pairs=440, sweeps=3, converged=False, rel_change=2.330e-01, effective_ranks=(323, 24), class_paired=True
Epoch [8/100] | Loss: 6.6820 (Cls: 6.6629, TAL: 0.0044, Adv: 0.2323, OT-Reg: 0.001118) | OT inner objective: 0.1839 | Marginal residual row/col/max: 5.54e-06/1.45e-08/5.54e-06 | Train Acc: 0.1827 | Val Acc: 0.2696 | Val P/R/F1 (Macro): 0.1959/0.2647/0.2059 | LR: 0.000005
Epoch [9/100] | SVD update #9: pairs=440, sweeps=3, converged=False, rel_change=1.338e-02, effective_ranks=(315, 23), class_paired=True
Epoch [9/100] | Loss: 6.2630 (Cls: 6.2626, TAL: -0.1739, Adv: 0.2655, OT-Reg: 0.001063) | OT inner objective: 0.0888 | Marginal residual row/col/max: 6.41e-06/2.48e-08/6.41e-06 | Train Acc: 0.2644 | Val Acc: 0.1565 | Val P/R/F1 (Macro): 0.1831/0.1993/0.1258 | LR: 0.000005
Epoch [10/100] | SVD update #10: pairs=440, sweeps=3, converged=False, rel_change=4.506e-01, effective_ranks=(324, 26), class_paired=True
Epoch [10/100] | Loss: 6.6090 (Cls: 6.5825, TAL: 0.0310, Adv: 0.2841, OT-Reg: 0.001059) | OT inner objective: 0.2342 | Marginal residual row/col/max: 1.06e-08/2.31e-08/2.31e-08 | Train Acc: 0.1707 | Val Acc: 0.2696 | Val P/R/F1 (Macro): 0.2212/0.2908/0.2264 | LR: 0.000005
Epoch [11/100] | SVD update #11: pairs=440, sweeps=3, converged=False, rel_change=2.035e-02, effective_ranks=(322, 18), class_paired=True
Epoch [11/100] | Loss: 6.1560 (Cls: 6.1560, TAL: -0.1145, Adv: 0.1711, OT-Reg: 0.001023) | OT inner objective: 0.1319 | Marginal residual row/col/max: 1.58e-06/2.16e-08/1.58e-06 | Train Acc: 0.1827 | Val Acc: 0.2174 | Val P/R/F1 (Macro): 0.1287/0.2708/0.1524 | LR: 0.000005
Epoch [12/100] | SVD update #12: pairs=440, sweeps=3, converged=False, rel_change=9.467e-02, effective_ranks=(323, 22), class_paired=True
Epoch [12/100] | Loss: 6.0600 (Cls: 6.0600, TAL: -0.1233, Adv: 0.1857, OT-Reg: 0.001045) | OT inner objective: 0.1326 | Marginal residual row/col/max: 1.66e-08/2.78e-08/3.18e-08 | Train Acc: 0.2260 | Val Acc: 0.2522 | Val P/R/F1 (Macro): 0.2084/0.2433/0.1877 | LR: 0.000005
Epoch [13/100] | SVD update #13: pairs=440, sweeps=3, converged=False, rel_change=5.627e-02, effective_ranks=(327, 23), class_paired=True
Epoch [13/100] | Loss: 5.6025 (Cls: 5.5918, TAL: -0.0311, Adv: 0.1811, OT-Reg: 0.001117) | OT inner objective: 0.1491 | Marginal residual row/col/max: 5.50e-08/1.63e-08/5.77e-08 | Train Acc: 0.2692 | Val Acc: 0.2348 | Val P/R/F1 (Macro): 0.2854/0.3256/0.2036 | LR: 0.000005
Epoch [14/100] | SVD update #14: pairs=440, sweeps=3, converged=False, rel_change=2.144e-02, effective_ranks=(323, 22), class_paired=True
Epoch [14/100] | Loss: 5.5529 (Cls: 5.5574, TAL: -0.1404, Adv: 0.1544, OT-Reg: 0.001066) | OT inner objective: 0.0704 | Marginal residual row/col/max: 2.53e-05/1.72e-08/2.53e-05 | Train Acc: 0.2837 | Val Acc: 0.3565 | Val P/R/F1 (Macro): 0.4850/0.4164/0.3772 | LR: 0.000005
  >>> New Best Val Acc: 0.3565
Epoch [15/100] | SVD update #15: pairs=440, sweeps=3, converged=False, rel_change=2.887e-02, effective_ranks=(324, 21), class_paired=True
Epoch [15/100] | Loss: 5.7206 (Cls: 5.7254, TAL: -0.1572, Adv: 0.1758, OT-Reg: 0.001037) | OT inner objective: 0.0917 | Marginal residual row/col/max: 2.19e-07/1.13e-08/2.20e-07 | Train Acc: 0.2764 | Val Acc: 0.2783 | Val P/R/F1 (Macro): 0.3459/0.3024/0.2331 | LR: 0.000005
Epoch [16/100] | SVD update #16: pairs=440, sweeps=3, converged=False, rel_change=3.308e-02, effective_ranks=(324, 25), class_paired=True
Epoch [16/100] | Loss: 5.7063 (Cls: 5.7130, TAL: -0.1463, Adv: 0.1355, OT-Reg: 0.001112) | OT inner objective: 0.1600 | Marginal residual row/col/max: 1.42e-06/1.13e-08/1.42e-06 | Train Acc: 0.2981 | Val Acc: 0.1652 | Val P/R/F1 (Macro): 0.2535/0.2261/0.1473 | LR: 0.000005
Epoch [17/100] | SVD update #17: pairs=440, sweeps=3, converged=False, rel_change=7.343e-03, effective_ranks=(326, 23), class_paired=True
Epoch [17/100] | Loss: 5.2547 (Cls: 5.2658, TAL: -0.2066, Adv: 0.1712, OT-Reg: 0.001089) | OT inner objective: 0.0415 | Marginal residual row/col/max: 8.77e-06/1.25e-08/8.77e-06 | Train Acc: 0.3966 | Val Acc: 0.3391 | Val P/R/F1 (Macro): 0.4878/0.4119/0.3996 | LR: 0.000005
Epoch [18/100] | SVD update #18: pairs=440, sweeps=3, converged=False, rel_change=8.184e-03, effective_ranks=(325, 22), class_paired=True
Epoch [18/100] | Loss: 5.8321 (Cls: 5.8378, TAL: -0.1661, Adv: 0.1783, OT-Reg: 0.001064) | OT inner objective: 0.1054 | Marginal residual row/col/max: 8.00e-08/1.22e-08/8.14e-08 | Train Acc: 0.2332 | Val Acc: 0.2696 | Val P/R/F1 (Macro): 0.3082/0.2124/0.2003 | LR: 0.000005
Epoch [19/100] | SVD update #19: pairs=440, sweeps=3, converged=False, rel_change=4.054e-02, effective_ranks=(326, 21), class_paired=True
Epoch [19/100] | Loss: 6.4593 (Cls: 6.4562, TAL: -0.0867, Adv: 0.1700, OT-Reg: 0.001108) | OT inner objective: 0.0958 | Marginal residual row/col/max: 6.66e-08/1.36e-08/6.81e-08 | Train Acc: 0.2596 | Val Acc: 0.1652 | Val P/R/F1 (Macro): 0.1941/0.2118/0.1512 | LR: 0.000005
Epoch [20/100] | SVD update #20: pairs=440, sweeps=3, converged=False, rel_change=5.709e-02, effective_ranks=(326, 16), class_paired=True
Epoch [20/100] | Loss: 6.0475 (Cls: 6.0524, TAL: -0.1496, Adv: 0.1636, OT-Reg: 0.001058) | OT inner objective: 0.0666 | Marginal residual row/col/max: 2.67e-07/1.16e-08/2.68e-07 | Train Acc: 0.2452 | Val Acc: 0.2435 | Val P/R/F1 (Macro): 0.2350/0.1943/0.1872 | LR: 0.000005
Epoch [21/100] | SVD update #21: pairs=440, sweeps=3, converged=False, rel_change=4.606e-02, effective_ranks=(325, 23), class_paired=True
Epoch [21/100] | Loss: 5.4042 (Cls: 5.4201, TAL: -0.2452, Adv: 0.1692, OT-Reg: 0.001087) | OT inner objective: 0.1088 | Marginal residual row/col/max: 2.08e-08/1.16e-08/2.18e-08 | Train Acc: 0.2764 | Val Acc: 0.3130 | Val P/R/F1 (Macro): 0.3578/0.2956/0.2819 | LR: 0.000005
Epoch [22/100] | SVD update #22: pairs=440, sweeps=3, converged=False, rel_change=1.505e-02, effective_ranks=(324, 22), class_paired=True
Epoch [22/100] | Loss: 5.2243 (Cls: 5.2318, TAL: -0.1800, Adv: 0.1753, OT-Reg: 0.001079) | OT inner objective: 0.0807 | Marginal residual row/col/max: 2.49e-06/1.09e-08/2.49e-06 | Train Acc: 0.3510 | Val Acc: 0.3304 | Val P/R/F1 (Macro): 0.4650/0.3688/0.3737 | LR: 0.000005
Epoch [23/100] | SVD update #23: pairs=440, sweeps=3, converged=False, rel_change=2.216e-02, effective_ranks=(325, 23), class_paired=True
Epoch [23/100] | Loss: 5.1308 (Cls: 5.1469, TAL: -0.2295, Adv: 0.1428, OT-Reg: 0.001057) | OT inner objective: 0.0208 | Marginal residual row/col/max: 3.22e-05/1.25e-08/3.22e-05 | Train Acc: 0.3654 | Val Acc: 0.2522 | Val P/R/F1 (Macro): 0.3396/0.2810/0.1965 | LR: 0.000005
Epoch [24/100] | SVD update #24: pairs=440, sweeps=3, converged=False, rel_change=6.627e-02, effective_ranks=(323, 15), class_paired=True
Epoch [24/100] | Loss: 5.6702 (Cls: 5.6704, TAL: -0.1237, Adv: 0.1827, OT-Reg: 0.001025) | OT inner objective: 0.1491 | Marginal residual row/col/max: 1.30e-08/1.50e-08/1.63e-08 | Train Acc: 0.2236 | Val Acc: 0.3391 | Val P/R/F1 (Macro): 0.2581/0.2496/0.2364 | LR: 0.000005
Epoch [25/100] | SVD update #25: pairs=440, sweeps=3, converged=False, rel_change=9.091e-02, effective_ranks=(327, 21), class_paired=True
Epoch [25/100] | Loss: 6.8141 (Cls: 6.8103, TAL: -0.0730, Adv: 0.1569, OT-Reg: 0.001048) | OT inner objective: 0.1358 | Marginal residual row/col/max: 2.64e-07/1.20e-08/2.64e-07 | Train Acc: 0.1875 | Val Acc: 0.2087 | Val P/R/F1 (Macro): 0.2221/0.2463/0.1590 | LR: 0.000003
Epoch [26/100] | SVD update #26: pairs=440, sweeps=3, converged=False, rel_change=1.133e-02, effective_ranks=(324, 21), class_paired=True
Epoch [26/100] | Loss: 6.1785 (Cls: 6.1678, TAL: -0.1896, Adv: 0.4182, OT-Reg: 0.001067) | OT inner objective: 0.0746 | Marginal residual row/col/max: 1.46e-06/1.63e-08/1.46e-06 | Train Acc: 0.2019 | Val Acc: 0.2870 | Val P/R/F1 (Macro): 0.2242/0.2850/0.1867 | LR: 0.000003
Epoch [27/100] | SVD update #27: pairs=440, sweeps=3, converged=False, rel_change=1.031e-01, effective_ranks=(325, 15), class_paired=True
Epoch [27/100] | Loss: 7.3318 (Cls: 7.3235, TAL: -0.0318, Adv: 0.1526, OT-Reg: 0.001084) | OT inner objective: 0.1015 | Marginal residual row/col/max: 4.89e-07/1.13e-08/4.90e-07 | Train Acc: 0.2043 | Val Acc: 0.2000 | Val P/R/F1 (Macro): 0.2130/0.1888/0.1345 | LR: 0.000003
Epoch [28/100] | SVD update #28: pairs=440, sweeps=3, converged=False, rel_change=5.800e-02, effective_ranks=(321, 17), class_paired=True
Epoch [28/100] | Loss: 6.1790 (Cls: 6.1761, TAL: -0.0605, Adv: 0.1277, OT-Reg: 0.001069) | OT inner objective: 0.1076 | Marginal residual row/col/max: 1.51e-06/1.68e-08/1.51e-06 | Train Acc: 0.2043 | Val Acc: 0.1217 | Val P/R/F1 (Macro): 0.0867/0.1272/0.0843 | LR: 0.000003
Epoch [29/100] | SVD update #29: pairs=440, sweeps=3, converged=False, rel_change=1.485e-01, effective_ranks=(324, 15), class_paired=True
Epoch [29/100] | Loss: 6.8406 (Cls: 6.8390, TAL: -0.0763, Adv: 0.1338, OT-Reg: 0.000978) | OT inner objective: 0.0793 | Marginal residual row/col/max: 3.53e-06/1.23e-08/3.53e-06 | Train Acc: 0.1683 | Val Acc: 0.0522 | Val P/R/F1 (Macro): 0.1255/0.0990/0.0273 | LR: 0.000003
Epoch [30/100] | SVD update #30: pairs=440, sweeps=3, converged=False, rel_change=4.214e-02, effective_ranks=(322, 15), class_paired=True
Epoch [30/100] | Loss: 5.9370 (Cls: 5.9397, TAL: -0.0933, Adv: 0.1060, OT-Reg: 0.001027) | OT inner objective: 0.1278 | Marginal residual row/col/max: 3.06e-05/1.25e-08/3.06e-05 | Train Acc: 0.2452 | Val Acc: 0.0957 | Val P/R/F1 (Macro): 0.2070/0.1785/0.1024 | LR: 0.000003
Epoch [31/100] | SVD update #31: pairs=440, sweeps=3, converged=False, rel_change=5.776e-02, effective_ranks=(324, 15), class_paired=True
Epoch [31/100] | Loss: 5.4273 (Cls: 5.4422, TAL: -0.1831, Adv: 0.0887, OT-Reg: 0.000980) | OT inner objective: 0.0945 | Marginal residual row/col/max: 6.44e-05/1.83e-08/6.44e-05 | Train Acc: 0.2356 | Val Acc: 0.2696 | Val P/R/F1 (Macro): 0.2205/0.2578/0.1776 | LR: 0.000003
Epoch [32/100] | SVD update #32: pairs=440, sweeps=3, converged=False, rel_change=1.897e-01, effective_ranks=(324, 11), class_paired=True
Epoch [32/100] | Loss: 6.5539 (Cls: 6.5604, TAL: -0.1244, Adv: 0.1053, OT-Reg: 0.001021) | OT inner objective: 0.0098 | Marginal residual row/col/max: 1.91e-05/1.50e-08/1.91e-05 | Train Acc: 0.1058 | Val Acc: 0.1739 | Val P/R/F1 (Macro): 0.2509/0.2342/0.1462 | LR: 0.000003
Epoch [33/100] | SVD update #33: pairs=440, sweeps=3, converged=False, rel_change=8.526e-02, effective_ranks=(324, 14), class_paired=True
Epoch [33/100] | Loss: 7.0775 (Cls: 7.0714, TAL: -0.0111, Adv: 0.0930, OT-Reg: 0.001081) | OT inner objective: 0.0447 | Marginal residual row/col/max: 7.79e-07/1.12e-08/7.79e-07 | Train Acc: 0.1178 | Val Acc: 0.0609 | Val P/R/F1 (Macro): 0.1368/0.1193/0.0509 | LR: 0.000003
Epoch [34/100] | SVD update #34: pairs=440, sweeps=3, converged=False, rel_change=1.878e-02, effective_ranks=(324, 18), class_paired=True
Epoch [34/100] | Loss: 7.2924 (Cls: 7.2888, TAL: -0.0515, Adv: 0.1224, OT-Reg: 0.001041) | OT inner objective: 0.0483 | Marginal residual row/col/max: 2.99e-06/1.35e-08/2.99e-06 | Train Acc: 0.2043 | Val Acc: 0.1043 | Val P/R/F1 (Macro): 0.1354/0.0989/0.0950 | LR: 0.000003
Epoch [35/100] | SVD update #35: pairs=440, sweeps=3, converged=False, rel_change=7.229e-02, effective_ranks=(325, 16), class_paired=True
Epoch [35/100] | Loss: 6.2711 (Cls: 6.2755, TAL: -0.1016, Adv: 0.0965, OT-Reg: 0.001072) | OT inner objective: 0.1438 | Marginal residual row/col/max: 1.12e-07/1.52e-08/1.15e-07 | Train Acc: 0.1659 | Val Acc: 0.2348 | Val P/R/F1 (Macro): 0.2637/0.2419/0.2037 | LR: 0.000003
Epoch [36/100] | SVD update #36: pairs=440, sweeps=3, converged=False, rel_change=1.625e-02, effective_ranks=(324, 15), class_paired=True
Epoch [36/100] | Loss: 6.1262 (Cls: 6.1237, TAL: -0.0802, Adv: 0.1514, OT-Reg: 0.001060) | OT inner objective: 0.0408 | Marginal residual row/col/max: 7.02e-07/1.20e-08/7.02e-07 | Train Acc: 0.1298 | Val Acc: 0.2174 | Val P/R/F1 (Macro): 0.2028/0.2469/0.1676 | LR: 0.000001
Epoch [37/100] | SVD update #37: pairs=440, sweeps=3, converged=False, rel_change=1.769e-01, effective_ranks=(324, 14), class_paired=True
Epoch [37/100] | Loss: 6.0560 (Cls: 6.0556, TAL: -0.0569, Adv: 0.0897, OT-Reg: 0.001051) | OT inner objective: 0.0918 | Marginal residual row/col/max: 5.68e-05/1.66e-08/5.68e-05 | Train Acc: 0.1370 | Val Acc: 0.2261 | Val P/R/F1 (Macro): 0.1354/0.2037/0.1522 | LR: 0.000001
Epoch [38/100] | SVD update #38: pairs=440, sweeps=3, converged=False, rel_change=3.257e-02, effective_ranks=(327, 18), class_paired=True
Epoch [38/100] | Loss: 5.9077 (Cls: 5.8977, TAL: -0.0036, Adv: 0.1302, OT-Reg: 0.001065) | OT inner objective: 0.1393 | Marginal residual row/col/max: 4.54e-08/1.52e-08/4.94e-08 | Train Acc: 0.1346 | Val Acc: 0.3217 | Val P/R/F1 (Macro): 0.1301/0.1877/0.1478 | LR: 0.000001
Epoch [39/100] | SVD update #39: pairs=440, sweeps=3, converged=False, rel_change=7.035e-02, effective_ranks=(324, 20), class_paired=True
Epoch [39/100] | Loss: 7.4372 (Cls: 7.4129, TAL: 0.0899, Adv: 0.1688, OT-Reg: 0.001049) | OT inner objective: 0.1327 | Marginal residual row/col/max: 1.83e-08/1.58e-08/2.24e-08 | Train Acc: 0.1995 | Val Acc: 0.1913 | Val P/R/F1 (Macro): 0.1362/0.1669/0.1396 | LR: 0.000001
Epoch [40/100] | SVD update #40: pairs=440, sweeps=3, converged=False, rel_change=4.561e-02, effective_ranks=(326, 15), class_paired=True
Epoch [40/100] | Loss: 5.9676 (Cls: 5.9669, TAL: -0.0769, Adv: 0.1242, OT-Reg: 0.001048) | OT inner objective: 0.0591 | Marginal residual row/col/max: 8.57e-08/1.92e-08/8.96e-08 | Train Acc: 0.1683 | Val Acc: 0.2609 | Val P/R/F1 (Macro): 0.2424/0.2348/0.2279 | LR: 0.000001
Epoch [41/100] | SVD update #41: pairs=440, sweeps=3, converged=False, rel_change=5.685e-03, effective_ranks=(321, 17), class_paired=True
Epoch [41/100] | Loss: 5.9660 (Cls: 5.9518, TAL: -0.0440, Adv: 0.2433, OT-Reg: 0.001023) | OT inner objective: 0.0545 | Marginal residual row/col/max: 6.49e-06/1.42e-08/6.49e-06 | Train Acc: 0.1274 | Val Acc: 0.3652 | Val P/R/F1 (Macro): 0.1859/0.2323/0.1986 | LR: 0.000001
  >>> New Best Val Acc: 0.3652
Epoch [42/100] | SVD update #42: pairs=440, sweeps=3, converged=False, rel_change=3.517e-02, effective_ranks=(325, 16), class_paired=True
Epoch [42/100] | Loss: 6.9780 (Cls: 6.9621, TAL: 0.0150, Adv: 0.1760, OT-Reg: 0.001020) | OT inner objective: 0.1122 | Marginal residual row/col/max: 1.59e-07/2.22e-08/1.67e-07 | Train Acc: 0.0889 | Val Acc: 0.1043 | Val P/R/F1 (Macro): 0.0314/0.0966/0.0464 | LR: 0.000001
Epoch [43/100] | SVD update #43: pairs=440, sweeps=3, converged=False, rel_change=5.675e-02, effective_ranks=(322, 18), class_paired=True
Epoch [43/100] | Loss: 6.4489 (Cls: 6.4211, TAL: 0.0686, Adv: 0.2442, OT-Reg: 0.001025) | OT inner objective: 0.1199 | Marginal residual row/col/max: 4.51e-06/1.48e-08/4.51e-06 | Train Acc: 0.1538 | Val Acc: 0.1391 | Val P/R/F1 (Macro): 0.1485/0.1471/0.1180 | LR: 0.000001
Epoch [44/100] | SVD update #44: pairs=440, sweeps=3, converged=False, rel_change=1.979e-02, effective_ranks=(322, 18), class_paired=True
Epoch [44/100] | Loss: 6.0066 (Cls: 5.9876, TAL: 0.0111, Adv: 0.2216, OT-Reg: 0.001048) | OT inner objective: 0.1612 | Marginal residual row/col/max: 2.41e-08/1.30e-08/2.55e-08 | Train Acc: 0.2067 | Val Acc: 0.1739 | Val P/R/F1 (Macro): 0.1794/0.1512/0.0943 | LR: 0.000001
Epoch [45/100] | SVD update #45: pairs=440, sweeps=3, converged=False, rel_change=1.397e-02, effective_ranks=(320, 21), class_paired=True
Epoch [45/100] | Loss: 7.0886 (Cls: 7.0616, TAL: 0.0443, Adv: 0.2705, OT-Reg: 0.001015) | OT inner objective: 0.1444 | Marginal residual row/col/max: 8.42e-08/1.75e-08/8.98e-08 | Train Acc: 0.1611 | Val Acc: 0.1652 | Val P/R/F1 (Macro): 0.1063/0.1866/0.1054 | LR: 0.000001
Epoch [46/100] | SVD update #46: pairs=440, sweeps=3, converged=False, rel_change=3.443e-02, effective_ranks=(322, 19), class_paired=True
Epoch [46/100] | Loss: 6.8016 (Cls: 6.7940, TAL: -0.0803, Adv: 0.2149, OT-Reg: 0.001014) | OT inner objective: 0.0413 | Marginal residual row/col/max: 2.22e-06/1.09e-08/2.22e-06 | Train Acc: 0.1683 | Val Acc: 0.0957 | Val P/R/F1 (Macro): 0.0795/0.1265/0.0627 | LR: 0.000001
Epoch [47/100] | SVD update #47: pairs=440, sweeps=3, converged=False, rel_change=5.382e-02, effective_ranks=(323, 15), class_paired=True
Epoch [47/100] | Loss: 6.2288 (Cls: 6.2227, TAL: -0.0725, Adv: 0.1846, OT-Reg: 0.001040) | OT inner objective: 0.0515 | Marginal residual row/col/max: 3.97e-05/1.40e-08/3.97e-05 | Train Acc: 0.2043 | Val Acc: 0.1913 | Val P/R/F1 (Macro): 0.0671/0.1478/0.0792 | LR: 0.000001
Epoch [48/100] | SVD update #48: pairs=440, sweeps=3, converged=False, rel_change=1.983e-02, effective_ranks=(321, 12), class_paired=True
Epoch [48/100] | Loss: 6.0784 (Cls: 6.0625, TAL: -0.0784, Adv: 0.3160, OT-Reg: 0.001000) | OT inner objective: 0.0343 | Marginal residual row/col/max: 1.57e-05/1.26e-08/1.57e-05 | Train Acc: 0.1803 | Val Acc: 0.1478 | Val P/R/F1 (Macro): 0.2311/0.1302/0.1257 | LR: 0.000001
Epoch [49/100] | SVD update #49: pairs=440, sweeps=3, converged=False, rel_change=5.819e-03, effective_ranks=(321, 14), class_paired=True
Epoch [49/100] | Loss: 5.8064 (Cls: 5.7995, TAL: -0.0950, Adv: 0.2281, OT-Reg: 0.001010) | OT inner objective: 0.0794 | Marginal residual row/col/max: 6.89e-05/1.85e-08/6.89e-05 | Train Acc: 0.2308 | Val Acc: 0.2609 | Val P/R/F1 (Macro): 0.2844/0.3001/0.2224 | LR: 0.000001
Epoch [50/100] | SVD update #50: pairs=440, sweeps=3, converged=False, rel_change=4.175e-02, effective_ranks=(320, 15), class_paired=True
Epoch [50/100] | Loss: 5.7083 (Cls: 5.6913, TAL: -0.0926, Adv: 0.3511, OT-Reg: 0.001032) | OT inner objective: 0.0478 | Marginal residual row/col/max: 2.38e-05/1.46e-08/2.38e-05 | Train Acc: 0.1947 | Val Acc: 0.2783 | Val P/R/F1 (Macro): 0.3566/0.2752/0.2385 | LR: 0.000001
Epoch [51/100] | SVD update #51: pairs=440, sweeps=3, converged=False, rel_change=9.435e-03, effective_ranks=(323, 17), class_paired=True
Epoch [51/100] | Loss: 5.6472 (Cls: 5.6478, TAL: -0.1369, Adv: 0.1976, OT-Reg: 0.000991) | OT inner objective: 0.0563 | Marginal residual row/col/max: 1.30e-05/1.53e-08/1.30e-05 | Train Acc: 0.2115 | Val Acc: 0.2261 | Val P/R/F1 (Macro): 0.2865/0.2350/0.1948 | LR: 0.000001
Epoch [52/100] | SVD update #52: pairs=440, sweeps=3, converged=False, rel_change=3.540e-02, effective_ranks=(318, 15), class_paired=True
Epoch [52/100] | Loss: 6.3259 (Cls: 6.3103, TAL: -0.0098, Adv: 0.2089, OT-Reg: 0.001016) | OT inner objective: 0.0638 | Marginal residual row/col/max: 4.52e-05/1.46e-08/4.52e-05 | Train Acc: 0.2067 | Val Acc: 0.2522 | Val P/R/F1 (Macro): 0.3615/0.2454/0.2171 | LR: 0.000001
Epoch [53/100] | SVD update #53: pairs=440, sweeps=3, converged=False, rel_change=5.966e-02, effective_ranks=(323, 16), class_paired=True
Epoch [53/100] | Loss: 6.3898 (Cls: 6.3631, TAL: -0.0352, Adv: 0.3872, OT-Reg: 0.001031) | OT inner objective: 0.1587 | Marginal residual row/col/max: 3.45e-08/1.82e-08/4.24e-08 | Train Acc: 0.2764 | Val Acc: 0.1217 | Val P/R/F1 (Macro): 0.1567/0.1609/0.1131 | LR: 0.000001
Epoch [54/100] | SVD update #54: pairs=440, sweeps=3, converged=False, rel_change=1.107e-01, effective_ranks=(324, 17), class_paired=True
Epoch [54/100] | Loss: 6.9899 (Cls: 6.9738, TAL: -0.0546, Adv: 0.2832, OT-Reg: 0.001035) | OT inner objective: 0.1001 | Marginal residual row/col/max: 4.28e-06/1.16e-08/4.28e-06 | Train Acc: 0.1562 | Val Acc: 0.1826 | Val P/R/F1 (Macro): 0.1386/0.1653/0.1123 | LR: 0.000001
Epoch [55/100] | SVD update #55: pairs=440, sweeps=3, converged=False, rel_change=8.471e-02, effective_ranks=(323, 15), class_paired=True
Epoch [55/100] | Loss: 6.2521 (Cls: 6.2498, TAL: -0.0955, Adv: 0.1717, OT-Reg: 0.000995) | OT inner objective: 0.0643 | Marginal residual row/col/max: 7.61e-08/1.43e-08/7.79e-08 | Train Acc: 0.2139 | Val Acc: 0.2609 | Val P/R/F1 (Macro): 0.1606/0.1665/0.1452 | LR: 0.000001
Epoch [56/100] | SVD update #56: pairs=440, sweeps=3, converged=False, rel_change=6.739e-02, effective_ranks=(324, 17), class_paired=True
Epoch [56/100] | Loss: 5.9865 (Cls: 5.9804, TAL: -0.0828, Adv: 0.1999, OT-Reg: 0.001016) | OT inner objective: 0.0713 | Marginal residual row/col/max: 6.59e-08/1.68e-08/7.11e-08 | Train Acc: 0.1562 | Val Acc: 0.1130 | Val P/R/F1 (Macro): 0.1177/0.0911/0.0787 | LR: 0.000001
Epoch [57/100] | SVD update #57: pairs=440, sweeps=3, converged=False, rel_change=9.340e-02, effective_ranks=(325, 20), class_paired=True
Epoch [57/100] | Loss: 7.6423 (Cls: 7.6214, TAL: -0.0747, Adv: 0.3727, OT-Reg: 0.000988) | OT inner objective: -0.0276 | Marginal residual row/col/max: 1.41e-05/1.13e-08/1.41e-05 | Train Acc: 0.2428 | Val Acc: 0.1217 | Val P/R/F1 (Macro): 0.1303/0.1368/0.0800 | LR: 0.000001
Epoch [58/100] | SVD update #58: pairs=440, sweeps=3, converged=False, rel_change=1.092e-02, effective_ranks=(326, 18), class_paired=True
Epoch [58/100] | Loss: 5.9647 (Cls: 5.9628, TAL: -0.1509, Adv: 0.2503, OT-Reg: 0.001019) | OT inner objective: 0.0952 | Marginal residual row/col/max: 2.72e-06/1.62e-08/2.73e-06 | Train Acc: 0.1538 | Val Acc: 0.3130 | Val P/R/F1 (Macro): 0.2924/0.2081/0.1956 | LR: 0.000001
Epoch [59/100] | SVD update #59: pairs=440, sweeps=3, converged=False, rel_change=9.066e-02, effective_ranks=(324, 22), class_paired=True
Epoch [59/100] | Loss: 6.4268 (Cls: 6.4132, TAL: -0.0797, Adv: 0.2905, OT-Reg: 0.001037) | OT inner objective: 0.0512 | Marginal residual row/col/max: 1.76e-07/1.09e-08/1.76e-07 | Train Acc: 0.1683 | Val Acc: 0.2000 | Val P/R/F1 (Macro): 0.0972/0.1699/0.1089 | LR: 0.000001
Epoch [60/100] | SVD update #60: pairs=440, sweeps=3, converged=False, rel_change=5.732e-02, effective_ranks=(326, 23), class_paired=True
Epoch [60/100] | Loss: 6.3230 (Cls: 6.3036, TAL: -0.1164, Adv: 0.4174, OT-Reg: 0.001044) | OT inner objective: 0.0731 | Marginal residual row/col/max: 2.15e-07/1.78e-08/2.19e-07 | Train Acc: 0.1683 | Val Acc: 0.1565 | Val P/R/F1 (Macro): 0.0819/0.1901/0.1086 | LR: 0.000001
Epoch [61/100] | SVD update #61: pairs=440, sweeps=3, converged=False, rel_change=6.807e-02, effective_ranks=(326, 21), class_paired=True
Epoch [61/100] | Loss: 8.1672 (Cls: 8.1520, TAL: -0.0075, Adv: 0.2012, OT-Reg: 0.001015) | OT inner objective: 0.0218 | Marginal residual row/col/max: 9.63e-06/1.25e-08/9.63e-06 | Train Acc: 0.2548 | Val Acc: 0.1826 | Val P/R/F1 (Macro): 0.1205/0.2265/0.1382 | LR: 0.000001
Epoch [62/100] | SVD update #62: pairs=440, sweeps=3, converged=False, rel_change=5.781e-02, effective_ranks=(324, 20), class_paired=True
Epoch [62/100] | Loss: 7.2069 (Cls: 7.2017, TAL: -0.0883, Adv: 0.1973, OT-Reg: 0.001085) | OT inner objective: 0.0937 | Marginal residual row/col/max: 4.94e-08/1.17e-08/4.97e-08 | Train Acc: 0.1659 | Val Acc: 0.2435 | Val P/R/F1 (Macro): 0.2239/0.2025/0.1712 | LR: 0.000001
Epoch [63/100] | SVD update #63: pairs=440, sweeps=3, converged=False, rel_change=1.693e-02, effective_ranks=(326, 19), class_paired=True
Epoch [63/100] | Loss: 6.7310 (Cls: 6.7003, TAL: -0.0479, Adv: 0.4548, OT-Reg: 0.001044) | OT inner objective: 0.0500 | Marginal residual row/col/max: 3.18e-06/1.56e-08/3.18e-06 | Train Acc: 0.2188 | Val Acc: 0.2783 | Val P/R/F1 (Macro): 0.2260/0.2209/0.1844 | LR: 0.000001
Epoch [64/100] | SVD update #64: pairs=440, sweeps=3, converged=False, rel_change=1.564e-02, effective_ranks=(327, 19), class_paired=True
Epoch [64/100] | Loss: 6.9037 (Cls: 6.8791, TAL: -0.0957, Adv: 0.4508, OT-Reg: 0.001006) | OT inner objective: 0.0246 | Marginal residual row/col/max: 2.85e-06/1.92e-08/2.85e-06 | Train Acc: 0.2260 | Val Acc: 0.2348 | Val P/R/F1 (Macro): 0.2084/0.2595/0.1790 | LR: 0.000001
Epoch [65/100] | SVD update #65: pairs=440, sweeps=3, converged=False, rel_change=1.148e-02, effective_ranks=(327, 17), class_paired=True
Epoch [65/100] | Loss: 6.5956 (Cls: 6.5712, TAL: -0.0220, Adv: 0.3385, OT-Reg: 0.001021) | OT inner objective: 0.0822 | Marginal residual row/col/max: 1.55e-05/1.23e-08/1.55e-05 | Train Acc: 0.2019 | Val Acc: 0.2783 | Val P/R/F1 (Macro): 0.2982/0.2944/0.2371 | LR: 0.000001
Epoch [66/100] | SVD update #66: pairs=440, sweeps=3, converged=False, rel_change=2.370e-02, effective_ranks=(326, 17), class_paired=True
Epoch [66/100] | Loss: 6.1278 (Cls: 6.1090, TAL: -0.0672, Adv: 0.3350, OT-Reg: 0.000997) | OT inner objective: 0.0486 | Marginal residual row/col/max: 3.36e-05/2.19e-08/3.36e-05 | Train Acc: 0.1875 | Val Acc: 0.2348 | Val P/R/F1 (Macro): 0.2306/0.2711/0.1946 | LR: 0.000001
Epoch [67/100] | SVD update #67: pairs=440, sweeps=3, converged=False, rel_change=2.103e-02, effective_ranks=(322, 14), class_paired=True
Epoch [67/100] | Loss: 6.1496 (Cls: 6.1430, TAL: -0.1311, Adv: 0.2797, OT-Reg: 0.001034) | OT inner objective: 0.0137 | Marginal residual row/col/max: 4.51e-05/1.16e-08/4.51e-05 | Train Acc: 0.1731 | Val Acc: 0.3130 | Val P/R/F1 (Macro): 0.2958/0.2483/0.2407 | LR: 0.000001
Epoch [68/100] | SVD update #68: pairs=440, sweeps=3, converged=False, rel_change=2.131e-02, effective_ranks=(326, 14), class_paired=True
Epoch [68/100] | Loss: 6.0655 (Cls: 6.0532, TAL: -0.1296, Adv: 0.3481, OT-Reg: 0.001009) | OT inner objective: 0.0788 | Marginal residual row/col/max: 1.49e-07/2.12e-08/1.54e-07 | Train Acc: 0.1995 | Val Acc: 0.2870 | Val P/R/F1 (Macro): 0.2548/0.2717/0.2018 | LR: 0.000001
Epoch [69/100] | SVD update #69: pairs=440, sweeps=3, converged=False, rel_change=2.641e-03, effective_ranks=(323, 13), class_paired=True
Epoch [69/100] | Loss: 6.0998 (Cls: 6.0733, TAL: -0.0750, Adv: 0.4438, OT-Reg: 0.001007) | OT inner objective: -0.0075 | Marginal residual row/col/max: 2.41e-05/1.46e-08/2.41e-05 | Train Acc: 0.1947 | Val Acc: 0.2609 | Val P/R/F1 (Macro): 0.3067/0.2577/0.2206 | LR: 0.000001
Epoch [70/100] | SVD update #70: pairs=440, sweeps=3, converged=False, rel_change=3.377e-03, effective_ranks=(323, 15), class_paired=True
Epoch [70/100] | Loss: 5.8319 (Cls: 5.8094, TAL: -0.1103, Adv: 0.4468, OT-Reg: 0.001038) | OT inner objective: 0.0686 | Marginal residual row/col/max: 1.93e-07/1.40e-08/1.94e-07 | Train Acc: 0.2115 | Val Acc: 0.2870 | Val P/R/F1 (Macro): 0.3206/0.2518/0.2234 | LR: 0.000001
Epoch [71/100] | SVD update #71: pairs=440, sweeps=3, converged=False, rel_change=3.897e-03, effective_ranks=(325, 16), class_paired=True
Epoch [71/100] | Loss: 5.8778 (Cls: 5.8615, TAL: -0.1481, Adv: 0.4260, OT-Reg: 0.001009) | OT inner objective: -0.0053 | Marginal residual row/col/max: 8.21e-06/1.26e-08/8.21e-06 | Train Acc: 0.1779 | Val Acc: 0.3043 | Val P/R/F1 (Macro): 0.2768/0.3026/0.2333 | LR: 0.000001
Epoch [72/100] | SVD update #72: pairs=440, sweeps=3, converged=False, rel_change=4.522e-03, effective_ranks=(326, 16), class_paired=True
Epoch [72/100] | Loss: 5.9319 (Cls: 5.9136, TAL: -0.1224, Adv: 0.4127, OT-Reg: 0.001019) | OT inner objective: 0.0619 | Marginal residual row/col/max: 4.75e-05/1.56e-08/4.75e-05 | Train Acc: 0.2139 | Val Acc: 0.3043 | Val P/R/F1 (Macro): 0.2792/0.3185/0.2192 | LR: 0.000001
Epoch [73/100] | SVD update #73: pairs=440, sweeps=3, converged=False, rel_change=9.986e-03, effective_ranks=(326, 16), class_paired=True
Epoch [73/100] | Loss: 5.8692 (Cls: 5.8566, TAL: -0.1203, Adv: 0.3384, OT-Reg: 0.001008) | OT inner objective: 0.0617 | Marginal residual row/col/max: 4.86e-05/2.32e-08/4.86e-05 | Train Acc: 0.1611 | Val Acc: 0.2087 | Val P/R/F1 (Macro): 0.1379/0.2072/0.1276 | LR: 0.000001
Epoch [74/100] | SVD update #74: pairs=440, sweeps=3, converged=False, rel_change=4.045e-02, effective_ranks=(325, 15), class_paired=True
Epoch [74/100] | Loss: 6.1469 (Cls: 6.1244, TAL: -0.0519, Adv: 0.3590, OT-Reg: 0.001017) | OT inner objective: -0.0131 | Marginal residual row/col/max: 4.23e-07/1.53e-08/4.23e-07 | Train Acc: 0.1418 | Val Acc: 0.2261 | Val P/R/F1 (Macro): 0.2584/0.1807/0.1748 | LR: 0.000001
Epoch [75/100] | SVD update #75: pairs=440, sweeps=3, converged=False, rel_change=1.172e-03, effective_ranks=(322, 16), class_paired=True
Epoch [75/100] | Loss: 5.9203 (Cls: 5.9062, TAL: -0.1420, Adv: 0.3889, OT-Reg: 0.001020) | OT inner objective: -0.0116 | Marginal residual row/col/max: 1.79e-06/1.38e-08/1.79e-06 | Train Acc: 0.1851 | Val Acc: 0.2957 | Val P/R/F1 (Macro): 0.2518/0.2305/0.2250 | LR: 0.000001
Epoch [76/100] | SVD update #76: pairs=440, sweeps=3, converged=False, rel_change=1.566e-02, effective_ranks=(324, 17), class_paired=True
Epoch [76/100] | Loss: 6.3504 (Cls: 6.3098, TAL: -0.0384, Adv: 0.5652, OT-Reg: 0.000985) | OT inner objective: 0.0520 | Marginal residual row/col/max: 7.39e-07/1.91e-08/7.39e-07 | Train Acc: 0.1250 | Val Acc: 0.2261 | Val P/R/F1 (Macro): 0.1659/0.1302/0.1262 | LR: 0.000001
Epoch [77/100] | SVD update #77: pairs=440, sweeps=3, converged=False, rel_change=1.023e-02, effective_ranks=(321, 17), class_paired=True
Epoch [77/100] | Loss: 6.1612 (Cls: 6.1183, TAL: 0.0202, Adv: 0.5069, OT-Reg: 0.001025) | OT inner objective: 0.0593 | Marginal residual row/col/max: 9.53e-08/1.62e-08/9.71e-08 | Train Acc: 0.1322 | Val Acc: 0.1913 | Val P/R/F1 (Macro): 0.1838/0.1164/0.1292 | LR: 0.000001
Epoch [78/100] | SVD update #78: pairs=440, sweeps=3, converged=False, rel_change=6.165e-02, effective_ranks=(323, 17), class_paired=True
Epoch [78/100] | Loss: 6.0957 (Cls: 6.0530, TAL: 0.0278, Adv: 0.4922, OT-Reg: 0.000992) | OT inner objective: 0.0075 | Marginal residual row/col/max: 1.48e-06/1.85e-08/1.48e-06 | Train Acc: 0.1274 | Val Acc: 0.2522 | Val P/R/F1 (Macro): 0.1101/0.1682/0.1315 | LR: 0.000001
Epoch [79/100] | SVD update #79: pairs=440, sweeps=3, converged=False, rel_change=1.165e-02, effective_ranks=(318, 16), class_paired=True
Epoch [79/100] | Loss: 6.1130 (Cls: 6.0798, TAL: -0.0071, Adv: 0.4259, OT-Reg: 0.000991) | OT inner objective: 0.0309 | Marginal residual row/col/max: 4.87e-05/2.48e-08/4.87e-05 | Train Acc: 0.1418 | Val Acc: 0.2174 | Val P/R/F1 (Macro): 0.1596/0.1908/0.1305 | LR: 0.000001
Epoch [80/100] | SVD update #80: pairs=440, sweeps=3, converged=False, rel_change=1.815e-03, effective_ranks=(326, 16), class_paired=True
Epoch [80/100] | Loss: 6.2116 (Cls: 6.1880, TAL: -0.0136, Adv: 0.3151, OT-Reg: 0.000990) | OT inner objective: 0.0451 | Marginal residual row/col/max: 4.11e-07/2.31e-08/4.14e-07 | Train Acc: 0.1178 | Val Acc: 0.1565 | Val P/R/F1 (Macro): 0.1034/0.1445/0.0854 | LR: 0.000001
Epoch [81/100] | SVD update #81: pairs=440, sweeps=3, converged=False, rel_change=9.815e-02, effective_ranks=(322, 20), class_paired=True
Epoch [81/100] | Loss: 6.2263 (Cls: 6.1859, TAL: 0.0733, Adv: 0.3943, OT-Reg: 0.001023) | OT inner objective: 0.0529 | Marginal residual row/col/max: 2.99e-05/1.95e-08/2.99e-05 | Train Acc: 0.1562 | Val Acc: 0.1739 | Val P/R/F1 (Macro): 0.2062/0.1713/0.1092 | LR: 0.000001
Epoch [82/100] | SVD update #82: pairs=440, sweeps=3, converged=False, rel_change=1.886e-02, effective_ranks=(325, 20), class_paired=True
Epoch [82/100] | Loss: 6.1819 (Cls: 6.1423, TAL: -0.0149, Adv: 0.5172, OT-Reg: 0.000995) | OT inner objective: 0.0954 | Marginal residual row/col/max: 1.01e-07/1.82e-08/1.06e-07 | Train Acc: 0.1562 | Val Acc: 0.2000 | Val P/R/F1 (Macro): 0.2161/0.1678/0.1344 | LR: 0.000001
Epoch [83/100] | SVD update #83: pairs=440, sweeps=3, converged=False, rel_change=7.449e-02, effective_ranks=(320, 22), class_paired=True
Epoch [83/100] | Loss: 6.5617 (Cls: 6.5216, TAL: 0.0948, Adv: 0.3590, OT-Reg: 0.000989) | OT inner objective: 0.1764 | Marginal residual row/col/max: 2.97e-05/2.13e-08/2.97e-05 | Train Acc: 0.1082 | Val Acc: 0.0870 | Val P/R/F1 (Macro): 0.0537/0.0747/0.0508 | LR: 0.000001
Epoch [84/100] | SVD update #84: pairs=440, sweeps=3, converged=False, rel_change=3.119e-02, effective_ranks=(318, 26), class_paired=True
Epoch [84/100] | Loss: 6.8983 (Cls: 6.8610, TAL: 0.0934, Adv: 0.3266, OT-Reg: 0.000922) | OT inner objective: 0.0985 | Marginal residual row/col/max: 1.80e-04/1.78e-08/1.80e-04 | Train Acc: 0.1130 | Val Acc: 0.0783 | Val P/R/F1 (Macro): 0.0376/0.1027/0.0486 | LR: 0.000001
Epoch [85/100] | SVD update #85: pairs=440, sweeps=3, converged=False, rel_change=5.775e-02, effective_ranks=(322, 24), class_paired=True
Epoch [85/100] | Loss: 6.6116 (Cls: 6.5561, TAL: 0.0465, Adv: 0.6238, OT-Reg: 0.000945) | OT inner objective: 0.1099 | Marginal residual row/col/max: 1.35e-05/2.03e-08/1.35e-05 | Train Acc: 0.0962 | Val Acc: 0.1130 | Val P/R/F1 (Macro): 0.0798/0.1178/0.0828 | LR: 0.000001
Epoch [86/100] | SVD update #86: pairs=440, sweeps=3, converged=False, rel_change=8.098e-03, effective_ranks=(326, 22), class_paired=True
Epoch [86/100] | Loss: 6.4432 (Cls: 6.4197, TAL: -0.0194, Adv: 0.3235, OT-Reg: 0.000950) | OT inner objective: 0.0920 | Marginal residual row/col/max: 7.16e-07/2.22e-08/7.20e-07 | Train Acc: 0.1394 | Val Acc: 0.1391 | Val P/R/F1 (Macro): 0.1498/0.1535/0.1040 | LR: 0.000001
Epoch [87/100] | SVD update #87: pairs=440, sweeps=3, converged=False, rel_change=5.709e-03, effective_ranks=(325, 23), class_paired=True
Epoch [87/100] | Loss: 6.3865 (Cls: 6.3492, TAL: -0.0446, Adv: 0.5330, OT-Reg: 0.000962) | OT inner objective: 0.0601 | Marginal residual row/col/max: 3.43e-05/2.02e-08/3.43e-05 | Train Acc: 0.1202 | Val Acc: 0.1130 | Val P/R/F1 (Macro): 0.1077/0.1460/0.0951 | LR: 0.000001
Epoch [88/100] | SVD update #88: pairs=440, sweeps=3, converged=False, rel_change=2.083e-03, effective_ranks=(326, 24), class_paired=True
Epoch [88/100] | Loss: 6.2662 (Cls: 6.2408, TAL: 0.0283, Adv: 0.2754, OT-Reg: 0.000985) | OT inner objective: 0.0963 | Marginal residual row/col/max: 7.35e-08/1.49e-08/7.59e-08 | Train Acc: 0.1707 | Val Acc: 0.0783 | Val P/R/F1 (Macro): 0.1117/0.1148/0.0611 | LR: 0.000001
Epoch [89/100] | SVD update #89: pairs=440, sweeps=3, converged=False, rel_change=1.311e-02, effective_ranks=(326, 24), class_paired=True
Epoch [89/100] | Loss: 6.3327 (Cls: 6.3152, TAL: 0.0099, Adv: 0.2037, OT-Reg: 0.000956) | OT inner objective: 0.0525 | Marginal residual row/col/max: 1.10e-05/2.12e-08/1.10e-05 | Train Acc: 0.1587 | Val Acc: 0.0783 | Val P/R/F1 (Macro): 0.1159/0.1126/0.0736 | LR: 0.000001
Epoch [90/100] | SVD update #90: pairs=440, sweeps=3, converged=False, rel_change=4.963e-02, effective_ranks=(326, 22), class_paired=True
Epoch [90/100] | Loss: 6.3584 (Cls: 6.3384, TAL: -0.0604, Adv: 0.3401, OT-Reg: 0.001007) | OT inner objective: 0.0301 | Marginal residual row/col/max: 2.09e-05/2.39e-08/2.09e-05 | Train Acc: 0.1803 | Val Acc: 0.1130 | Val P/R/F1 (Macro): 0.1540/0.1309/0.0818 | LR: 0.000001
Epoch [91/100] | SVD update #91: pairs=440, sweeps=3, converged=False, rel_change=8.111e-02, effective_ranks=(323, 21), class_paired=True
Epoch [91/100] | Loss: 6.4510 (Cls: 6.4177, TAL: -0.0309, Adv: 0.4630, OT-Reg: 0.001018) | OT inner objective: 0.1317 | Marginal residual row/col/max: 1.42e-08/1.56e-08/1.81e-08 | Train Acc: 0.1274 | Val Acc: 0.1739 | Val P/R/F1 (Macro): 0.1354/0.1321/0.1118 | LR: 0.000001
Epoch [92/100] | SVD update #92: pairs=440, sweeps=3, converged=False, rel_change=1.061e-02, effective_ranks=(320, 21), class_paired=True
Epoch [92/100] | Loss: 6.2681 (Cls: 6.2510, TAL: -0.0852, Adv: 0.3420, OT-Reg: 0.001009) | OT inner objective: 0.0841 | Marginal residual row/col/max: 2.94e-05/1.71e-08/2.94e-05 | Train Acc: 0.1442 | Val Acc: 0.2261 | Val P/R/F1 (Macro): 0.3185/0.1570/0.1541 | LR: 0.000001
Epoch [93/100] | SVD update #93: pairs=440, sweeps=3, converged=False, rel_change=1.457e-02, effective_ranks=(325, 22), class_paired=True
Epoch [93/100] | Loss: 7.0260 (Cls: 7.0044, TAL: -0.0396, Adv: 0.3304, OT-Reg: 0.000981) | OT inner objective: 0.0959 | Marginal residual row/col/max: 3.30e-05/1.75e-08/3.30e-05 | Train Acc: 0.1779 | Val Acc: 0.1652 | Val P/R/F1 (Macro): 0.2454/0.1808/0.1488 | LR: 0.000001
Epoch [94/100] | SVD update #94: pairs=440, sweeps=3, converged=False, rel_change=2.227e-02, effective_ranks=(324, 22), class_paired=True
Epoch [94/100] | Loss: 7.1616 (Cls: 7.1335, TAL: -0.0439, Adv: 0.4172, OT-Reg: 0.000986) | OT inner objective: 0.0687 | Marginal residual row/col/max: 1.94e-05/1.96e-08/1.94e-05 | Train Acc: 0.1611 | Val Acc: 0.2435 | Val P/R/F1 (Macro): 0.2355/0.1880/0.1772 | LR: 0.000001
Epoch [95/100] | SVD update #95: pairs=440, sweeps=3, converged=False, rel_change=1.513e-02, effective_ranks=(326, 20), class_paired=True
Epoch [95/100] | Loss: 7.0370 (Cls: 6.9903, TAL: 0.0169, Adv: 0.5591, OT-Reg: 0.000997) | OT inner objective: 0.1218 | Marginal residual row/col/max: 6.73e-05/2.29e-08/6.73e-05 | Train Acc: 0.1226 | Val Acc: 0.1913 | Val P/R/F1 (Macro): 0.1896/0.1553/0.1118 | LR: 0.000001
Epoch [96/100] | SVD update #96: pairs=440, sweeps=3, converged=False, rel_change=5.672e-03, effective_ranks=(322, 20), class_paired=True
Epoch [96/100] | Loss: 6.6581 (Cls: 6.6194, TAL: -0.0073, Adv: 0.4941, OT-Reg: 0.000961) | OT inner objective: 0.0705 | Marginal residual row/col/max: 5.47e-05/2.88e-08/5.47e-05 | Train Acc: 0.1947 | Val Acc: 0.2000 | Val P/R/F1 (Macro): 0.2160/0.1686/0.1372 | LR: 0.000001
Epoch [97/100] | SVD update #97: pairs=440, sweeps=3, converged=False, rel_change=8.246e-03, effective_ranks=(320, 19), class_paired=True
Epoch [97/100] | Loss: 6.6242 (Cls: 6.5925, TAL: -0.0604, Adv: 0.4871, OT-Reg: 0.001007) | OT inner objective: 0.1055 | Marginal residual row/col/max: 1.68e-05/1.49e-08/1.68e-05 | Train Acc: 0.2043 | Val Acc: 0.1739 | Val P/R/F1 (Macro): 0.1309/0.1269/0.0978 | LR: 0.000001
Epoch [98/100] | SVD update #98: pairs=440, sweeps=3, converged=False, rel_change=3.503e-02, effective_ranks=(324, 21), class_paired=True
Epoch [98/100] | Loss: 6.7438 (Cls: 6.7085, TAL: 0.0112, Adv: 0.4240, OT-Reg: 0.001003) | OT inner objective: 0.1115 | Marginal residual row/col/max: 9.83e-05/1.96e-08/9.83e-05 | Train Acc: 0.1659 | Val Acc: 0.2174 | Val P/R/F1 (Macro): 0.2356/0.1793/0.1529 | LR: 0.000001
Epoch [99/100] | SVD update #99: pairs=440, sweeps=3, converged=False, rel_change=1.221e-02, effective_ranks=(326, 19), class_paired=True
Epoch [99/100] | Loss: 6.2772 (Cls: 6.2643, TAL: -0.1015, Adv: 0.3136, OT-Reg: 0.001001) | OT inner objective: 0.1298 | Marginal residual row/col/max: 9.91e-05/1.60e-08/9.91e-05 | Train Acc: 0.2356 | Val Acc: 0.2522 | Val P/R/F1 (Macro): 0.2645/0.2004/0.1879 | LR: 0.000001
Epoch [100/100] | SVD update #100: pairs=440, sweeps=3, converged=False, rel_change=5.890e-03, effective_ranks=(321, 18), class_paired=True
Epoch [100/100] | Loss: 6.3586 (Cls: 6.3327, TAL: -0.0865, Adv: 0.4540, OT-Reg: 0.000989) | OT inner objective: 0.1400 | Marginal residual row/col/max: 1.10e-04/1.22e-08/1.10e-04 | Train Acc: 0.2043 | Val Acc: 0.2609 | Val P/R/F1 (Macro): 0.2389/0.2474/0.1929 | LR: 0.000001
Report strategy: last_window, window=10, reported_acc=0.2104, best_acc=0.3652

迭代 2 报告指标:
  Accuracy: 0.2104
  Precision (Macro): 0.2210
  Recall (Macro): 0.1736
  F1 (Macro): 0.1472
  Precision (Micro): 0.2104
  Recall (Micro): 0.2104
  F1 (Micro): 0.2104
  Val class coverage: 9/14 (0.6429), samples=115

================================================================================
迭代 3/5
随机种子: 44
================================================================================
Training mode: full target-label supervision (class-paired batches).
Feature fusion: Tensor alignment (512+512 -> 64+64); fused_dim=128
Domain adaptation: Neural OT generator with 3-domain discriminator
Loss weights: tensor=0.12, adv=0.08
Transport: mode=sinkhorn, epsilon=0.1, Sinkhorn iterations=50, correction scale=0.1, correction regularization weight=0.001
Tensor projection update: once per epoch from the complete target-training pairing bank; projection_dim=64, max_sweeps=3, relative singular-value tolerance=0.0001
Epoch [1/100] | SVD update #1: pairs=440, sweeps=3, converged=False, rel_change=1.161e-04, effective_ranks=(327, 125), class_paired=True
Epoch [1/100] | Loss: 7.4841 (Cls: 7.4875, TAL: -0.1624, Adv: 0.2016, OT-Reg: 0.000940) | OT inner objective: 0.2978 | Marginal residual row/col/max: 1.13e-08/1.12e-08/1.17e-08 | Train Acc: 0.1971 | Val Acc: 0.1391 | Val P/R/F1 (Macro): 0.1058/0.2024/0.0862 | LR: 0.000005
  >>> New Best Val Acc: 0.1391
Epoch [2/100] | SVD update #2: pairs=440, sweeps=3, converged=False, rel_change=1.856e-02, effective_ranks=(327, 64), class_paired=True
Epoch [2/100] | Loss: 7.0833 (Cls: 7.0754, TAL: -0.0713, Adv: 0.2061, OT-Reg: 0.000987) | OT inner objective: 0.2675 | Marginal residual row/col/max: 9.74e-09/1.02e-08/1.15e-08 | Train Acc: 0.1875 | Val Acc: 0.2783 | Val P/R/F1 (Macro): 0.2411/0.2602/0.2101 | LR: 0.000005
  >>> New Best Val Acc: 0.2783
Epoch [3/100] | SVD update #3: pairs=440, sweeps=3, converged=False, rel_change=8.210e-02, effective_ranks=(322, 29), class_paired=True
Epoch [3/100] | Loss: 6.7417 (Cls: 6.7418, TAL: -0.1213, Adv: 0.1810, OT-Reg: 0.001102) | OT inner objective: 0.2030 | Marginal residual row/col/max: 1.19e-08/1.25e-08/1.49e-08 | Train Acc: 0.1683 | Val Acc: 0.2435 | Val P/R/F1 (Macro): 0.2849/0.2340/0.1915 | LR: 0.000005
Epoch [4/100] | SVD update #4: pairs=440, sweeps=3, converged=False, rel_change=1.134e-02, effective_ranks=(324, 26), class_paired=True
Epoch [4/100] | Loss: 6.9020 (Cls: 6.8988, TAL: -0.1082, Adv: 0.2017, OT-Reg: 0.001071) | OT inner objective: 0.1921 | Marginal residual row/col/max: 1.23e-07/1.09e-08/1.24e-07 | Train Acc: 0.1899 | Val Acc: 0.2522 | Val P/R/F1 (Macro): 0.2236/0.2712/0.1772 | LR: 0.000005
Epoch [5/100] | SVD update #5: pairs=440, sweeps=3, converged=False, rel_change=3.166e-02, effective_ranks=(323, 25), class_paired=True
Epoch [5/100] | Loss: 6.2578 (Cls: 6.2620, TAL: -0.1576, Adv: 0.1835, OT-Reg: 0.001082) | OT inner objective: 0.1470 | Marginal residual row/col/max: 1.87e-06/1.12e-08/1.87e-06 | Train Acc: 0.2284 | Val Acc: 0.2261 | Val P/R/F1 (Macro): 0.2228/0.2530/0.1750 | LR: 0.000005
Epoch [6/100] | SVD update #6: pairs=440, sweeps=3, converged=False, rel_change=2.200e-02, effective_ranks=(326, 32), class_paired=True
Epoch [6/100] | Loss: 6.2285 (Cls: 6.2401, TAL: -0.2322, Adv: 0.2028, OT-Reg: 0.001153) | OT inner objective: 0.1242 | Marginal residual row/col/max: 1.85e-07/1.20e-08/1.87e-07 | Train Acc: 0.2644 | Val Acc: 0.3304 | Val P/R/F1 (Macro): 0.3638/0.3452/0.2907 | LR: 0.000005
  >>> New Best Val Acc: 0.3304
Epoch [7/100] | SVD update #7: pairs=440, sweeps=3, converged=False, rel_change=8.426e-02, effective_ranks=(326, 22), class_paired=True
Epoch [7/100] | Loss: 6.1533 (Cls: 6.1512, TAL: -0.1224, Adv: 0.2086, OT-Reg: 0.001019) | OT inner objective: 0.2072 | Marginal residual row/col/max: 1.51e-07/1.72e-08/1.56e-07 | Train Acc: 0.1947 | Val Acc: 0.3217 | Val P/R/F1 (Macro): 0.3772/0.3199/0.2805 | LR: 0.000005
Epoch [8/100] | SVD update #8: pairs=440, sweeps=3, converged=False, rel_change=1.109e-01, effective_ranks=(325, 22), class_paired=True
Epoch [8/100] | Loss: 6.7660 (Cls: 6.7404, TAL: 0.0732, Adv: 0.2097, OT-Reg: 0.001068) | OT inner objective: 0.0946 | Marginal residual row/col/max: 2.75e-05/1.55e-08/2.75e-05 | Train Acc: 0.1995 | Val Acc: 0.3826 | Val P/R/F1 (Macro): 0.2914/0.3601/0.2789 | LR: 0.000005
  >>> New Best Val Acc: 0.3826
Epoch [9/100] | SVD update #9: pairs=440, sweeps=3, converged=False, rel_change=1.943e-01, effective_ranks=(325, 26), class_paired=True
Epoch [9/100] | Loss: 7.1586 (Cls: 7.1664, TAL: -0.1910, Adv: 0.1889, OT-Reg: 0.001136) | OT inner objective: 0.0333 | Marginal residual row/col/max: 1.71e-04/1.71e-08/1.71e-04 | Train Acc: 0.2548 | Val Acc: 0.2870 | Val P/R/F1 (Macro): 0.2669/0.3955/0.2588 | LR: 0.000005
Epoch [10/100] | SVD update #10: pairs=440, sweeps=3, converged=False, rel_change=4.142e-02, effective_ranks=(307, 12), class_paired=True
Epoch [10/100] | Loss: 6.8750 (Cls: 6.8840, TAL: -0.2049, Adv: 0.1950, OT-Reg: 0.001147) | OT inner objective: -0.0956 | Marginal residual row/col/max: 2.27e-04/1.15e-08/2.27e-04 | Train Acc: 0.1995 | Val Acc: 0.2348 | Val P/R/F1 (Macro): 0.1471/0.2340/0.1596 | LR: 0.000005
Epoch [11/100] | SVD update #11: pairs=440, sweeps=3, converged=False, rel_change=4.608e-03, effective_ranks=(326, 13), class_paired=True
Epoch [11/100] | Loss: 6.7673 (Cls: 6.7711, TAL: -0.1570, Adv: 0.1874, OT-Reg: 0.001178) | OT inner objective: -0.1154 | Marginal residual row/col/max: 9.76e-05/1.07e-08/9.76e-05 | Train Acc: 0.1875 | Val Acc: 0.2435 | Val P/R/F1 (Macro): 0.1859/0.1822/0.1633 | LR: 0.000005
Epoch [12/100] | SVD update #12: pairs=440, sweeps=3, converged=False, rel_change=3.868e-02, effective_ranks=(321, 13), class_paired=True
Epoch [12/100] | Loss: 6.3416 (Cls: 6.3401, TAL: -0.1098, Adv: 0.1841, OT-Reg: 0.001089) | OT inner objective: -0.1051 | Marginal residual row/col/max: 6.02e-04/1.36e-08/6.02e-04 | Train Acc: 0.1851 | Val Acc: 0.3043 | Val P/R/F1 (Macro): 0.4179/0.3125/0.2763 | LR: 0.000005
Epoch [13/100] | SVD update #13: pairs=440, sweeps=3, converged=False, rel_change=8.761e-01, effective_ranks=(309, 14), class_paired=True
Epoch [13/100] | Loss: 6.1829 (Cls: 6.1655, TAL: -0.0710, Adv: 0.3240, OT-Reg: 0.001168) | OT inner objective: -0.1452 | Marginal residual row/col/max: 2.46e-04/1.13e-08/2.46e-04 | Train Acc: 0.2091 | Val Acc: 0.0957 | Val P/R/F1 (Macro): 0.1236/0.1723/0.1034 | LR: 0.000005
Epoch [14/100] | SVD update #14: pairs=440, sweeps=3, converged=False, rel_change=9.241e-02, effective_ranks=(322, 12), class_paired=True
Epoch [14/100] | Loss: 6.1096 (Cls: 6.1054, TAL: -0.0968, Adv: 0.1974, OT-Reg: 0.001032) | OT inner objective: 0.1549 | Marginal residual row/col/max: 5.36e-05/1.95e-08/5.36e-05 | Train Acc: 0.1899 | Val Acc: 0.2696 | Val P/R/F1 (Macro): 0.2023/0.2292/0.1582 | LR: 0.000005
Epoch [15/100] | SVD update #15: pairs=440, sweeps=3, converged=False, rel_change=6.059e-02, effective_ranks=(320, 14), class_paired=True
Epoch [15/100] | Loss: 6.1522 (Cls: 6.1368, TAL: -0.0033, Adv: 0.1968, OT-Reg: 0.001059) | OT inner objective: 0.0212 | Marginal residual row/col/max: 6.96e-05/1.42e-08/6.96e-05 | Train Acc: 0.2115 | Val Acc: 0.3043 | Val P/R/F1 (Macro): 0.3640/0.3906/0.3007 | LR: 0.000005
Epoch [16/100] | SVD update #16: pairs=440, sweeps=3, converged=False, rel_change=2.108e-02, effective_ranks=(317, 14), class_paired=True
Epoch [16/100] | Loss: 6.0612 (Cls: 6.0536, TAL: -0.1300, Adv: 0.2901, OT-Reg: 0.001080) | OT inner objective: 0.0353 | Marginal residual row/col/max: 4.78e-05/1.26e-08/4.78e-05 | Train Acc: 0.1995 | Val Acc: 0.1913 | Val P/R/F1 (Macro): 0.3798/0.2473/0.1985 | LR: 0.000005
Epoch [17/100] | SVD update #17: pairs=440, sweeps=3, converged=False, rel_change=2.256e-03, effective_ranks=(321, 11), class_paired=True
Epoch [17/100] | Loss: 6.2020 (Cls: 6.2007, TAL: -0.1194, Adv: 0.1957, OT-Reg: 0.001033) | OT inner objective: 0.0456 | Marginal residual row/col/max: 1.88e-04/2.28e-08/1.88e-04 | Train Acc: 0.2716 | Val Acc: 0.1826 | Val P/R/F1 (Macro): 0.3184/0.2396/0.1927 | LR: 0.000005
Epoch [18/100] | SVD update #18: pairs=440, sweeps=3, converged=False, rel_change=5.866e-02, effective_ranks=(320, 15), class_paired=True
Epoch [18/100] | Loss: 6.0041 (Cls: 5.9840, TAL: -0.0294, Adv: 0.2950, OT-Reg: 0.001029) | OT inner objective: 0.0457 | Marginal residual row/col/max: 2.59e-05/1.73e-08/2.59e-05 | Train Acc: 0.2981 | Val Acc: 0.2522 | Val P/R/F1 (Macro): 0.2480/0.3297/0.2456 | LR: 0.000005
Epoch [19/100] | SVD update #19: pairs=440, sweeps=3, converged=False, rel_change=1.823e-02, effective_ranks=(319, 18), class_paired=True
Epoch [19/100] | Loss: 5.8547 (Cls: 5.8589, TAL: -0.1379, Adv: 0.1544, OT-Reg: 0.001048) | OT inner objective: 0.0050 | Marginal residual row/col/max: 8.42e-05/1.32e-08/8.42e-05 | Train Acc: 0.3125 | Val Acc: 0.3217 | Val P/R/F1 (Macro): 0.3259/0.3180/0.2340 | LR: 0.000003
Epoch [20/100] | SVD update #20: pairs=440, sweeps=3, converged=False, rel_change=1.113e-01, effective_ranks=(318, 12), class_paired=True
Epoch [20/100] | Loss: 5.7168 (Cls: 5.7147, TAL: -0.1237, Adv: 0.2121, OT-Reg: 0.001015) | OT inner objective: -0.0193 | Marginal residual row/col/max: 1.80e-04/1.35e-08/1.80e-04 | Train Acc: 0.3365 | Val Acc: 0.1739 | Val P/R/F1 (Macro): 0.3121/0.3011/0.2156 | LR: 0.000003
Epoch [21/100] | SVD update #21: pairs=440, sweeps=3, converged=False, rel_change=9.974e-02, effective_ranks=(322, 15), class_paired=True
Epoch [21/100] | Loss: 6.2553 (Cls: 6.2451, TAL: -0.0234, Adv: 0.1622, OT-Reg: 0.001121) | OT inner objective: -0.0534 | Marginal residual row/col/max: 1.52e-04/1.88e-08/1.52e-04 | Train Acc: 0.2236 | Val Acc: 0.1391 | Val P/R/F1 (Macro): 0.0842/0.2419/0.0999 | LR: 0.000003
Epoch [22/100] | SVD update #22: pairs=440, sweeps=3, converged=False, rel_change=2.503e-02, effective_ranks=(313, 13), class_paired=True
Epoch [22/100] | Loss: 5.5299 (Cls: 5.5425, TAL: -0.2093, Adv: 0.1566, OT-Reg: 0.001019) | OT inner objective: -0.0131 | Marginal residual row/col/max: 2.04e-04/2.01e-08/2.04e-04 | Train Acc: 0.2861 | Val Acc: 0.1739 | Val P/R/F1 (Macro): 0.3229/0.3056/0.2406 | LR: 0.000003
Epoch [23/100] | SVD update #23: pairs=440, sweeps=3, converged=False, rel_change=3.372e-02, effective_ranks=(321, 14), class_paired=True
Epoch [23/100] | Loss: 5.3941 (Cls: 5.3914, TAL: -0.1662, Adv: 0.2832, OT-Reg: 0.001076) | OT inner objective: -0.0532 | Marginal residual row/col/max: 6.78e-05/1.63e-08/6.78e-05 | Train Acc: 0.2933 | Val Acc: 0.1913 | Val P/R/F1 (Macro): 0.3915/0.2988/0.2453 | LR: 0.000003
Epoch [24/100] | SVD update #24: pairs=440, sweeps=3, converged=False, rel_change=4.720e-03, effective_ranks=(317, 13), class_paired=True
Epoch [24/100] | Loss: 5.2540 (Cls: 5.2597, TAL: -0.1701, Adv: 0.1840, OT-Reg: 0.001071) | OT inner objective: 0.0309 | Marginal residual row/col/max: 9.36e-05/1.25e-08/9.36e-05 | Train Acc: 0.3365 | Val Acc: 0.3826 | Val P/R/F1 (Macro): 0.4855/0.4813/0.4133 | LR: 0.000003
Epoch [25/100] | SVD update #25: pairs=440, sweeps=3, converged=False, rel_change=9.924e-04, effective_ranks=(324, 17), class_paired=True
Epoch [25/100] | Loss: 5.3647 (Cls: 5.3755, TAL: -0.2068, Adv: 0.1748, OT-Reg: 0.001058) | OT inner objective: 0.0099 | Marginal residual row/col/max: 1.12e-04/1.63e-08/1.12e-04 | Train Acc: 0.3317 | Val Acc: 0.1913 | Val P/R/F1 (Macro): 0.3424/0.3502/0.2470 | LR: 0.000003
Epoch [26/100] | SVD update #26: pairs=440, sweeps=3, converged=False, rel_change=7.230e-03, effective_ranks=(318, 14), class_paired=True
Epoch [26/100] | Loss: 5.0174 (Cls: 5.0296, TAL: -0.2107, Adv: 0.1636, OT-Reg: 0.001044) | OT inner objective: 0.0094 | Marginal residual row/col/max: 1.09e-04/2.24e-08/1.09e-04 | Train Acc: 0.3894 | Val Acc: 0.2000 | Val P/R/F1 (Macro): 0.3856/0.3522/0.2802 | LR: 0.000003
Epoch [27/100] | SVD update #27: pairs=440, sweeps=3, converged=False, rel_change=1.291e-02, effective_ranks=(320, 17), class_paired=True
Epoch [27/100] | Loss: 4.9100 (Cls: 4.9161, TAL: -0.1681, Adv: 0.1763, OT-Reg: 0.001041) | OT inner objective: 0.0985 | Marginal residual row/col/max: 6.12e-05/1.12e-08/6.12e-05 | Train Acc: 0.3558 | Val Acc: 0.2609 | Val P/R/F1 (Macro): 0.4156/0.3461/0.3043 | LR: 0.000003
Epoch [28/100] | SVD update #28: pairs=440, sweeps=3, converged=False, rel_change=1.739e-02, effective_ranks=(321, 16), class_paired=True
Epoch [28/100] | Loss: 5.0308 (Cls: 5.0336, TAL: -0.2021, Adv: 0.2678, OT-Reg: 0.001109) | OT inner objective: 0.0118 | Marginal residual row/col/max: 6.33e-05/1.46e-08/6.33e-05 | Train Acc: 0.3702 | Val Acc: 0.2261 | Val P/R/F1 (Macro): 0.4448/0.3175/0.2906 | LR: 0.000003
Epoch [29/100] | SVD update #29: pairs=440, sweeps=3, converged=False, rel_change=9.729e-02, effective_ranks=(323, 13), class_paired=True
Epoch [29/100] | Loss: 5.3417 (Cls: 5.3414, TAL: -0.1358, Adv: 0.2074, OT-Reg: 0.001050) | OT inner objective: 0.0346 | Marginal residual row/col/max: 5.32e-05/1.69e-08/5.32e-05 | Train Acc: 0.2981 | Val Acc: 0.2000 | Val P/R/F1 (Macro): 0.1972/0.3667/0.2189 | LR: 0.000003
Epoch [30/100] | SVD update #30: pairs=440, sweeps=3, converged=False, rel_change=1.545e-02, effective_ranks=(322, 15), class_paired=True
Epoch [30/100] | Loss: 4.9367 (Cls: 4.9420, TAL: -0.1457, Adv: 0.1520, OT-Reg: 0.001092) | OT inner objective: 0.0195 | Marginal residual row/col/max: 1.82e-06/1.56e-08/1.82e-06 | Train Acc: 0.3846 | Val Acc: 0.2087 | Val P/R/F1 (Macro): 0.4776/0.3835/0.2821 | LR: 0.000001
Epoch [31/100] | SVD update #31: pairs=440, sweeps=3, converged=False, rel_change=4.322e-01, effective_ranks=(326, 18), class_paired=True
Epoch [31/100] | Loss: 5.7226 (Cls: 5.7155, TAL: -0.0663, Adv: 0.1887, OT-Reg: 0.001050) | OT inner objective: 0.0580 | Marginal residual row/col/max: 5.27e-05/2.61e-08/5.27e-05 | Train Acc: 0.2620 | Val Acc: 0.2000 | Val P/R/F1 (Macro): 0.2268/0.2541/0.1997 | LR: 0.000001
Epoch [32/100] | SVD update #32: pairs=440, sweeps=3, converged=False, rel_change=1.861e-03, effective_ranks=(319, 17), class_paired=True
Epoch [32/100] | Loss: 5.8105 (Cls: 5.7965, TAL: -0.0307, Adv: 0.2209, OT-Reg: 0.001040) | OT inner objective: 0.0775 | Marginal residual row/col/max: 2.92e-05/2.05e-08/2.92e-05 | Train Acc: 0.2067 | Val Acc: 0.2174 | Val P/R/F1 (Macro): 0.2059/0.2929/0.2127 | LR: 0.000001
Epoch [33/100] | SVD update #33: pairs=440, sweeps=3, converged=False, rel_change=3.825e-02, effective_ranks=(323, 23), class_paired=True
Epoch [33/100] | Loss: 5.5334 (Cls: 5.5065, TAL: 0.0279, Adv: 0.2939, OT-Reg: 0.001014) | OT inner objective: 0.1597 | Marginal residual row/col/max: 4.94e-05/1.99e-08/4.94e-05 | Train Acc: 0.2764 | Val Acc: 0.2174 | Val P/R/F1 (Macro): 0.2549/0.3536/0.2506 | LR: 0.000001
Epoch [34/100] | SVD update #34: pairs=440, sweeps=3, converged=False, rel_change=6.023e-03, effective_ranks=(326, 22), class_paired=True
Epoch [34/100] | Loss: 5.4566 (Cls: 5.4473, TAL: -0.1170, Adv: 0.2910, OT-Reg: 0.001023) | OT inner objective: 0.1160 | Marginal residual row/col/max: 8.51e-08/1.73e-08/8.90e-08 | Train Acc: 0.2500 | Val Acc: 0.2087 | Val P/R/F1 (Macro): 0.2345/0.3677/0.2475 | LR: 0.000001
Epoch [35/100] | SVD update #35: pairs=440, sweeps=3, converged=False, rel_change=5.589e-03, effective_ranks=(326, 20), class_paired=True
Epoch [35/100] | Loss: 5.3654 (Cls: 5.3717, TAL: -0.2098, Adv: 0.2358, OT-Reg: 0.001068) | OT inner objective: 0.0658 | Marginal residual row/col/max: 1.73e-06/1.68e-08/1.73e-06 | Train Acc: 0.2404 | Val Acc: 0.2783 | Val P/R/F1 (Macro): 0.3100/0.3500/0.2723 | LR: 0.000001
Epoch [36/100] | SVD update #36: pairs=440, sweeps=3, converged=False, rel_change=6.592e-03, effective_ranks=(322, 21), class_paired=True
Epoch [36/100] | Loss: 5.2124 (Cls: 5.2059, TAL: -0.1158, Adv: 0.2548, OT-Reg: 0.001030) | OT inner objective: 0.1205 | Marginal residual row/col/max: 8.19e-07/1.53e-08/8.23e-07 | Train Acc: 0.3221 | Val Acc: 0.2000 | Val P/R/F1 (Macro): 0.2799/0.2727/0.1886 | LR: 0.000001
Epoch [37/100] | SVD update #37: pairs=440, sweeps=3, converged=False, rel_change=1.478e-02, effective_ranks=(326, 23), class_paired=True
Epoch [37/100] | Loss: 5.4028 (Cls: 5.3907, TAL: -0.1210, Adv: 0.3323, OT-Reg: 0.001046) | OT inner objective: 0.1469 | Marginal residual row/col/max: 2.64e-05/1.73e-08/2.64e-05 | Train Acc: 0.2837 | Val Acc: 0.1739 | Val P/R/F1 (Macro): 0.2013/0.2856/0.1909 | LR: 0.000001
Epoch [38/100] | SVD update #38: pairs=440, sweeps=3, converged=False, rel_change=5.043e-03, effective_ranks=(323, 22), class_paired=True
Epoch [38/100] | Loss: 4.9320 (Cls: 4.9300, TAL: -0.1974, Adv: 0.3211, OT-Reg: 0.001004) | OT inner objective: 0.1369 | Marginal residual row/col/max: 4.71e-06/1.71e-08/4.72e-06 | Train Acc: 0.3918 | Val Acc: 0.2870 | Val P/R/F1 (Macro): 0.3705/0.3564/0.3264 | LR: 0.000001
Epoch [39/100] | SVD update #39: pairs=440, sweeps=3, converged=False, rel_change=8.302e-02, effective_ranks=(324, 27), class_paired=True
Epoch [39/100] | Loss: 4.8713 (Cls: 4.8640, TAL: -0.1679, Adv: 0.3431, OT-Reg: 0.001098) | OT inner objective: 0.0774 | Marginal residual row/col/max: 2.84e-05/9.46e-09/2.84e-05 | Train Acc: 0.3702 | Val Acc: 0.2000 | Val P/R/F1 (Macro): 0.3578/0.3418/0.2627 | LR: 0.000001
Epoch [40/100] | SVD update #40: pairs=440, sweeps=3, converged=False, rel_change=2.325e-02, effective_ranks=(323, 22), class_paired=True
Epoch [40/100] | Loss: 4.8493 (Cls: 4.8404, TAL: -0.2197, Adv: 0.4409, OT-Reg: 0.001125) | OT inner objective: 0.0301 | Marginal residual row/col/max: 1.29e-06/1.25e-08/1.29e-06 | Train Acc: 0.3654 | Val Acc: 0.2348 | Val P/R/F1 (Macro): 0.3225/0.3470/0.2556 | LR: 0.000001
Epoch [41/100] | SVD update #41: pairs=440, sweeps=3, converged=False, rel_change=1.954e-02, effective_ranks=(326, 23), class_paired=True
Epoch [41/100] | Loss: 5.0616 (Cls: 5.0586, TAL: -0.1832, Adv: 0.3123, OT-Reg: 0.001128) | OT inner objective: 0.0153 | Marginal residual row/col/max: 1.61e-05/9.74e-09/1.61e-05 | Train Acc: 0.2380 | Val Acc: 0.1913 | Val P/R/F1 (Macro): 0.2224/0.2468/0.1803 | LR: 0.000001
Epoch [42/100] | SVD update #42: pairs=440, sweeps=3, converged=False, rel_change=2.200e-02, effective_ranks=(321, 23), class_paired=True
Epoch [42/100] | Loss: 7.8530 (Cls: 7.8546, TAL: -0.2053, Adv: 0.2886, OT-Reg: 0.001136) | OT inner objective: 0.0445 | Marginal residual row/col/max: 6.02e-06/1.32e-08/6.02e-06 | Train Acc: 0.2091 | Val Acc: 0.1217 | Val P/R/F1 (Macro): 0.1630/0.1747/0.1162 | LR: 0.000001
Epoch [43/100] | SVD update #43: pairs=440, sweeps=3, converged=False, rel_change=1.729e-02, effective_ranks=(325, 23), class_paired=True
Epoch [43/100] | Loss: 5.7098 (Cls: 5.7050, TAL: -0.2068, Adv: 0.3698, OT-Reg: 0.001116) | OT inner objective: 0.0247 | Marginal residual row/col/max: 5.58e-06/1.15e-08/5.58e-06 | Train Acc: 0.3149 | Val Acc: 0.1739 | Val P/R/F1 (Macro): 0.2595/0.2658/0.1933 | LR: 0.000001
Epoch [44/100] | SVD update #44: pairs=440, sweeps=3, converged=False, rel_change=2.384e-03, effective_ranks=(324, 22), class_paired=True
Epoch [44/100] | Loss: 5.4970 (Cls: 5.5055, TAL: -0.2798, Adv: 0.3126, OT-Reg: 0.001142) | OT inner objective: -0.0182 | Marginal residual row/col/max: 4.62e-05/1.25e-08/4.62e-05 | Train Acc: 0.3534 | Val Acc: 0.2522 | Val P/R/F1 (Macro): 0.2648/0.2548/0.2315 | LR: 0.000001
Epoch [45/100] | SVD update #45: pairs=440, sweeps=3, converged=False, rel_change=7.576e-03, effective_ranks=(326, 28), class_paired=True
Epoch [45/100] | Loss: 5.6017 (Cls: 5.5937, TAL: -0.2114, Adv: 0.4167, OT-Reg: 0.001105) | OT inner objective: 0.0499 | Marginal residual row/col/max: 7.04e-07/1.32e-08/7.05e-07 | Train Acc: 0.2909 | Val Acc: 0.1826 | Val P/R/F1 (Macro): 0.1481/0.1903/0.1311 | LR: 0.000001
Epoch [46/100] | SVD update #46: pairs=440, sweeps=3, converged=False, rel_change=1.917e-02, effective_ranks=(322, 26), class_paired=True
Epoch [46/100] | Loss: 5.3773 (Cls: 5.3704, TAL: -0.2140, Adv: 0.4062, OT-Reg: 0.001108) | OT inner objective: 0.0729 | Marginal residual row/col/max: 1.28e-06/1.42e-08/1.28e-06 | Train Acc: 0.2837 | Val Acc: 0.2174 | Val P/R/F1 (Macro): 0.2244/0.1944/0.1824 | LR: 0.000001
Epoch [47/100] | SVD update #47: pairs=440, sweeps=3, converged=False, rel_change=3.635e-03, effective_ranks=(325, 28), class_paired=True
Epoch [47/100] | Loss: 5.5544 (Cls: 5.5573, TAL: -0.2013, Adv: 0.2651, OT-Reg: 0.001077) | OT inner objective: 0.0793 | Marginal residual row/col/max: 2.48e-05/1.15e-08/2.48e-05 | Train Acc: 0.3125 | Val Acc: 0.2522 | Val P/R/F1 (Macro): 0.3346/0.2563/0.2291 | LR: 0.000001
Epoch [48/100] | SVD update #48: pairs=440, sweeps=3, converged=False, rel_change=4.389e-03, effective_ranks=(324, 29), class_paired=True
Epoch [48/100] | Loss: 5.3891 (Cls: 5.3868, TAL: -0.2231, Adv: 0.3633, OT-Reg: 0.001138) | OT inner objective: 0.0258 | Marginal residual row/col/max: 2.81e-06/1.28e-08/2.81e-06 | Train Acc: 0.2933 | Val Acc: 0.2087 | Val P/R/F1 (Macro): 0.2028/0.2591/0.1958 | LR: 0.000001
Epoch [49/100] | SVD update #49: pairs=440, sweeps=3, converged=False, rel_change=2.500e-02, effective_ranks=(327, 34), class_paired=True
Epoch [49/100] | Loss: 5.8184 (Cls: 5.8126, TAL: -0.1393, Adv: 0.2807, OT-Reg: 0.001090) | OT inner objective: 0.0791 | Marginal residual row/col/max: 8.74e-05/1.20e-08/8.74e-05 | Train Acc: 0.2476 | Val Acc: 0.2000 | Val P/R/F1 (Macro): 0.3007/0.1506/0.1467 | LR: 0.000001
Epoch [50/100] | SVD update #50: pairs=440, sweeps=3, converged=False, rel_change=5.610e-03, effective_ranks=(325, 26), class_paired=True
Epoch [50/100] | Loss: 5.5113 (Cls: 5.5148, TAL: -0.2696, Adv: 0.3607, OT-Reg: 0.001112) | OT inner objective: 0.0529 | Marginal residual row/col/max: 2.99e-05/1.69e-08/2.99e-05 | Train Acc: 0.2380 | Val Acc: 0.2957 | Val P/R/F1 (Macro): 0.2781/0.3341/0.2641 | LR: 0.000001
Epoch [51/100] | SVD update #51: pairs=440, sweeps=3, converged=False, rel_change=3.790e-03, effective_ranks=(322, 28), class_paired=True
Epoch [51/100] | Loss: 8.3727 (Cls: 8.3672, TAL: -0.2333, Adv: 0.4181, OT-Reg: 0.001185) | OT inner objective: -0.0273 | Marginal residual row/col/max: 7.12e-06/1.09e-08/7.12e-06 | Train Acc: 0.0913 | Val Acc: 0.0957 | Val P/R/F1 (Macro): 0.0544/0.0812/0.0620 | LR: 0.000001
Epoch [52/100] | SVD update #52: pairs=440, sweeps=3, converged=False, rel_change=7.429e-03, effective_ranks=(326, 28), class_paired=True
Epoch [52/100] | Loss: 6.0056 (Cls: 6.0002, TAL: -0.1902, Adv: 0.3534, OT-Reg: 0.001129) | OT inner objective: 0.0706 | Marginal residual row/col/max: 2.51e-07/1.29e-08/2.51e-07 | Train Acc: 0.2380 | Val Acc: 0.1565 | Val P/R/F1 (Macro): 0.1873/0.2107/0.1526 | LR: 0.000001
Epoch [53/100] | SVD update #53: pairs=440, sweeps=3, converged=False, rel_change=8.774e-03, effective_ranks=(327, 34), class_paired=True
Epoch [53/100] | Loss: 5.7425 (Cls: 5.7423, TAL: -0.2411, Adv: 0.3641, OT-Reg: 0.001136) | OT inner objective: 0.0576 | Marginal residual row/col/max: 4.55e-07/1.36e-08/4.55e-07 | Train Acc: 0.2476 | Val Acc: 0.2087 | Val P/R/F1 (Macro): 0.1979/0.2485/0.1778 | LR: 0.000001
Epoch [54/100] | SVD update #54: pairs=440, sweeps=3, converged=False, rel_change=2.753e-03, effective_ranks=(325, 33), class_paired=True
Epoch [54/100] | Loss: 8.9552 (Cls: 8.9502, TAL: -0.1661, Adv: 0.3114, OT-Reg: 0.001139) | OT inner objective: 0.0410 | Marginal residual row/col/max: 6.92e-07/1.19e-08/6.92e-07 | Train Acc: 0.0938 | Val Acc: 0.1652 | Val P/R/F1 (Macro): 0.1445/0.1504/0.1338 | LR: 0.000001
Epoch [55/100] | SVD update #55: pairs=440, sweeps=3, converged=False, rel_change=1.807e-02, effective_ranks=(325, 29), class_paired=True
Epoch [55/100] | Loss: 8.7789 (Cls: 8.7827, TAL: -0.2325, Adv: 0.3008, OT-Reg: 0.001122) | OT inner objective: 0.0559 | Marginal residual row/col/max: 4.17e-08/1.29e-08/4.27e-08 | Train Acc: 0.0793 | Val Acc: 0.1652 | Val P/R/F1 (Macro): 0.0992/0.1201/0.0906 | LR: 0.000001
Epoch [56/100] | SVD update #56: pairs=440, sweeps=3, converged=False, rel_change=9.019e-02, effective_ranks=(324, 27), class_paired=True
Epoch [56/100] | Loss: 7.6441 (Cls: 7.6159, TAL: -0.0057, Adv: 0.3605, OT-Reg: 0.001117) | OT inner objective: 0.0906 | Marginal residual row/col/max: 2.30e-05/1.73e-08/2.31e-05 | Train Acc: 0.1010 | Val Acc: 0.1304 | Val P/R/F1 (Macro): 0.1611/0.1411/0.1109 | LR: 0.000001
Epoch [57/100] | SVD update #57: pairs=440, sweeps=3, converged=False, rel_change=9.926e-02, effective_ranks=(327, 23), class_paired=True
Epoch [57/100] | Loss: 6.8936 (Cls: 6.8755, TAL: -0.0928, Adv: 0.3658, OT-Reg: 0.000969) | OT inner objective: 0.1621 | Marginal residual row/col/max: 2.20e-07/1.93e-08/2.27e-07 | Train Acc: 0.1587 | Val Acc: 0.1565 | Val P/R/F1 (Macro): 0.1870/0.1494/0.1376 | LR: 0.000001
Epoch [58/100] | SVD update #58: pairs=440, sweeps=3, converged=False, rel_change=1.590e-02, effective_ranks=(323, 21), class_paired=True
Epoch [58/100] | Loss: 6.7749 (Cls: 6.7483, TAL: -0.0475, Adv: 0.4042, OT-Reg: 0.000935) | OT inner objective: 0.1878 | Marginal residual row/col/max: 1.73e-08/2.75e-08/2.92e-08 | Train Acc: 0.2212 | Val Acc: 0.2522 | Val P/R/F1 (Macro): 0.1953/0.2375/0.1893 | LR: 0.000001
Epoch [59/100] | SVD update #59: pairs=440, sweeps=3, converged=False, rel_change=2.117e-02, effective_ranks=(324, 21), class_paired=True
Epoch [59/100] | Loss: 7.2586 (Cls: 7.2503, TAL: -0.0854, Adv: 0.2317, OT-Reg: 0.000922) | OT inner objective: 0.1840 | Marginal residual row/col/max: 2.20e-07/2.49e-08/2.27e-07 | Train Acc: 0.1322 | Val Acc: 0.2087 | Val P/R/F1 (Macro): 0.1021/0.2337/0.1235 | LR: 0.000001
Epoch [60/100] | SVD update #60: pairs=440, sweeps=3, converged=False, rel_change=1.506e-02, effective_ranks=(326, 23), class_paired=True
Epoch [60/100] | Loss: 7.0339 (Cls: 7.0218, TAL: -0.0210, Adv: 0.1825, OT-Reg: 0.000930) | OT inner objective: 0.1699 | Marginal residual row/col/max: 4.69e-07/2.62e-08/4.76e-07 | Train Acc: 0.1346 | Val Acc: 0.1826 | Val P/R/F1 (Macro): 0.1076/0.1935/0.0921 | LR: 0.000001
Epoch [61/100] | SVD update #61: pairs=440, sweeps=3, converged=False, rel_change=1.290e-01, effective_ranks=(324, 25), class_paired=True
Epoch [61/100] | Loss: 6.9592 (Cls: 6.9249, TAL: 0.1020, Adv: 0.2756, OT-Reg: 0.000972) | OT inner objective: 0.1934 | Marginal residual row/col/max: 1.03e-08/2.61e-08/2.64e-08 | Train Acc: 0.1034 | Val Acc: 0.1739 | Val P/R/F1 (Macro): 0.0786/0.1319/0.0847 | LR: 0.000001
Epoch [62/100] | SVD update #62: pairs=440, sweeps=3, converged=False, rel_change=6.262e-02, effective_ranks=(321, 22), class_paired=True
Epoch [62/100] | Loss: 6.4363 (Cls: 6.4296, TAL: -0.1447, Adv: 0.3004, OT-Reg: 0.000895) | OT inner objective: 0.1590 | Marginal residual row/col/max: 1.35e-05/2.06e-08/1.35e-05 | Train Acc: 0.1803 | Val Acc: 0.1739 | Val P/R/F1 (Macro): 0.1681/0.1436/0.0899 | LR: 0.000001
Epoch [63/100] | SVD update #63: pairs=440, sweeps=3, converged=False, rel_change=1.830e-02, effective_ranks=(323, 23), class_paired=True
Epoch [63/100] | Loss: 6.4096 (Cls: 6.4028, TAL: -0.0850, Adv: 0.2125, OT-Reg: 0.000965) | OT inner objective: 0.1108 | Marginal residual row/col/max: 9.33e-08/2.77e-08/1.01e-07 | Train Acc: 0.1418 | Val Acc: 0.1130 | Val P/R/F1 (Macro): 0.0801/0.1347/0.0753 | LR: 0.000001
Epoch [64/100] | SVD update #64: pairs=440, sweeps=3, converged=False, rel_change=3.130e-02, effective_ranks=(325, 24), class_paired=True
Epoch [64/100] | Loss: 6.3310 (Cls: 6.3131, TAL: -0.0763, Adv: 0.3387, OT-Reg: 0.000943) | OT inner objective: 0.1358 | Marginal residual row/col/max: 2.83e-05/1.82e-08/2.83e-05 | Train Acc: 0.1202 | Val Acc: 0.1478 | Val P/R/F1 (Macro): 0.0767/0.1663/0.0834 | LR: 0.000001
Epoch [65/100] | SVD update #65: pairs=440, sweeps=3, converged=False, rel_change=1.215e-02, effective_ranks=(326, 23), class_paired=True
Epoch [65/100] | Loss: 6.1478 (Cls: 6.1342, TAL: -0.0790, Adv: 0.2883, OT-Reg: 0.001034) | OT inner objective: 0.1107 | Marginal residual row/col/max: 8.34e-08/2.09e-08/8.87e-08 | Train Acc: 0.1442 | Val Acc: 0.1478 | Val P/R/F1 (Macro): 0.0862/0.1591/0.0946 | LR: 0.000001
Epoch [66/100] | SVD update #66: pairs=440, sweeps=3, converged=False, rel_change=2.455e-02, effective_ranks=(325, 22), class_paired=True
Epoch [66/100] | Loss: 6.1074 (Cls: 6.1099, TAL: -0.1752, Adv: 0.2314, OT-Reg: 0.001056) | OT inner objective: 0.1183 | Marginal residual row/col/max: 2.81e-08/1.66e-08/3.20e-08 | Train Acc: 0.1803 | Val Acc: 0.1826 | Val P/R/F1 (Macro): 0.1411/0.1918/0.1203 | LR: 0.000001
Epoch [67/100] | SVD update #67: pairs=440, sweeps=3, converged=False, rel_change=5.064e-02, effective_ranks=(325, 26), class_paired=True
Epoch [67/100] | Loss: 5.9532 (Cls: 5.9531, TAL: -0.1069, Adv: 0.1615, OT-Reg: 0.001010) | OT inner objective: 0.0939 | Marginal residual row/col/max: 5.15e-06/1.91e-08/5.15e-06 | Train Acc: 0.1923 | Val Acc: 0.0957 | Val P/R/F1 (Macro): 0.0526/0.1437/0.0533 | LR: 0.000001
Epoch [68/100] | SVD update #68: pairs=440, sweeps=3, converged=False, rel_change=1.751e-01, effective_ranks=(325, 28), class_paired=True
Epoch [68/100] | Loss: 6.5613 (Cls: 6.5183, TAL: 0.0577, Adv: 0.4504, OT-Reg: 0.001008) | OT inner objective: 0.1783 | Marginal residual row/col/max: 1.06e-08/1.30e-08/1.38e-08 | Train Acc: 0.1755 | Val Acc: 0.1217 | Val P/R/F1 (Macro): 0.0672/0.1404/0.0594 | LR: 0.000001
Epoch [69/100] | SVD update #69: pairs=440, sweeps=3, converged=False, rel_change=3.032e-01, effective_ranks=(324, 24), class_paired=True
Epoch [69/100] | Loss: 6.6317 (Cls: 6.5877, TAL: 0.0716, Adv: 0.4434, OT-Reg: 0.000966) | OT inner objective: 0.2109 | Marginal residual row/col/max: 1.13e-08/2.35e-08/2.36e-08 | Train Acc: 0.1250 | Val Acc: 0.0783 | Val P/R/F1 (Macro): 0.1228/0.0916/0.0505 | LR: 0.000001
Epoch [70/100] | SVD update #70: pairs=440, sweeps=3, converged=False, rel_change=4.948e-02, effective_ranks=(323, 24), class_paired=True
Epoch [70/100] | Loss: 6.4005 (Cls: 6.3800, TAL: 0.0309, Adv: 0.2099, OT-Reg: 0.000964) | OT inner objective: 0.1500 | Marginal residual row/col/max: 1.66e-08/2.81e-08/2.85e-08 | Train Acc: 0.1034 | Val Acc: 0.0348 | Val P/R/F1 (Macro): 0.1257/0.0353/0.0286 | LR: 0.000001
Epoch [71/100] | SVD update #71: pairs=440, sweeps=3, converged=False, rel_change=5.207e-02, effective_ranks=(326, 28), class_paired=True
Epoch [71/100] | Loss: 6.4614 (Cls: 6.4276, TAL: 0.0173, Adv: 0.3969, OT-Reg: 0.000977) | OT inner objective: 0.1210 | Marginal residual row/col/max: 3.32e-08/2.18e-08/4.36e-08 | Train Acc: 0.1418 | Val Acc: 0.0609 | Val P/R/F1 (Macro): 0.1211/0.0528/0.0526 | LR: 0.000001
Epoch [72/100] | SVD update #72: pairs=440, sweeps=3, converged=False, rel_change=7.529e-02, effective_ranks=(324, 26), class_paired=True
Epoch [72/100] | Loss: 6.3691 (Cls: 6.3426, TAL: -0.0047, Adv: 0.3388, OT-Reg: 0.001019) | OT inner objective: 0.1095 | Marginal residual row/col/max: 1.27e-06/1.71e-08/1.27e-06 | Train Acc: 0.1587 | Val Acc: 0.0609 | Val P/R/F1 (Macro): 0.0123/0.0864/0.0216 | LR: 0.000001
Epoch [73/100] | SVD update #73: pairs=440, sweeps=3, converged=False, rel_change=3.405e-02, effective_ranks=(325, 27), class_paired=True
Epoch [73/100] | Loss: 6.2020 (Cls: 6.1642, TAL: 0.0550, Adv: 0.3900, OT-Reg: 0.001036) | OT inner objective: 0.1543 | Marginal residual row/col/max: 1.66e-08/1.52e-08/2.11e-08 | Train Acc: 0.1490 | Val Acc: 0.1043 | Val P/R/F1 (Macro): 0.1495/0.1300/0.0977 | LR: 0.000001
Epoch [74/100] | SVD update #74: pairs=440, sweeps=3, converged=False, rel_change=5.235e-02, effective_ranks=(325, 28), class_paired=True
Epoch [74/100] | Loss: 6.3289 (Cls: 6.2941, TAL: -0.0783, Adv: 0.5528, OT-Reg: 0.001003) | OT inner objective: 0.1724 | Marginal residual row/col/max: 1.60e-08/1.76e-08/2.16e-08 | Train Acc: 0.1394 | Val Acc: 0.1565 | Val P/R/F1 (Macro): 0.0984/0.1811/0.1038 | LR: 0.000001
Epoch [75/100] | SVD update #75: pairs=440, sweeps=3, converged=False, rel_change=1.070e-02, effective_ranks=(326, 30), class_paired=True
Epoch [75/100] | Loss: 6.1861 (Cls: 6.1472, TAL: -0.0239, Adv: 0.5224, OT-Reg: 0.001044) | OT inner objective: 0.0976 | Marginal residual row/col/max: 1.39e-05/2.31e-08/1.39e-05 | Train Acc: 0.1346 | Val Acc: 0.1565 | Val P/R/F1 (Macro): 0.1213/0.1447/0.1019 | LR: 0.000001
Epoch [76/100] | SVD update #76: pairs=440, sweeps=3, converged=False, rel_change=5.765e-02, effective_ranks=(325, 30), class_paired=True
Epoch [76/100] | Loss: 6.2670 (Cls: 6.2343, TAL: -0.0560, Adv: 0.4919, OT-Reg: 0.001038) | OT inner objective: 0.1728 | Marginal residual row/col/max: 1.42e-08/2.22e-08/2.46e-08 | Train Acc: 0.1394 | Val Acc: 0.1739 | Val P/R/F1 (Macro): 0.1138/0.1650/0.1022 | LR: 0.000001
Epoch [77/100] | SVD update #77: pairs=440, sweeps=3, converged=False, rel_change=1.586e-02, effective_ranks=(326, 30), class_paired=True
Epoch [77/100] | Loss: 6.0168 (Cls: 6.0050, TAL: -0.0506, Adv: 0.2240, OT-Reg: 0.001052) | OT inner objective: 0.1383 | Marginal residual row/col/max: 1.39e-08/1.35e-08/1.81e-08 | Train Acc: 0.1827 | Val Acc: 0.1565 | Val P/R/F1 (Macro): 0.1343/0.1499/0.1125 | LR: 0.000001
Epoch [78/100] | SVD update #78: pairs=440, sweeps=3, converged=False, rel_change=2.364e-02, effective_ranks=(326, 30), class_paired=True
Epoch [78/100] | Loss: 6.1092 (Cls: 6.0841, TAL: -0.1220, Adv: 0.4968, OT-Reg: 0.000984) | OT inner objective: 0.1293 | Marginal residual row/col/max: 1.98e-08/2.32e-08/3.01e-08 | Train Acc: 0.2115 | Val Acc: 0.0957 | Val P/R/F1 (Macro): 0.1188/0.1477/0.0677 | LR: 0.000001
Epoch [79/100] | SVD update #79: pairs=440, sweeps=3, converged=False, rel_change=5.172e-02, effective_ranks=(325, 30), class_paired=True
Epoch [79/100] | Loss: 6.0502 (Cls: 6.0261, TAL: -0.0805, Adv: 0.4218, OT-Reg: 0.001063) | OT inner objective: 0.1205 | Marginal residual row/col/max: 1.70e-07/1.78e-08/1.76e-07 | Train Acc: 0.1562 | Val Acc: 0.1826 | Val P/R/F1 (Macro): 0.1396/0.1968/0.1253 | LR: 0.000001
Epoch [80/100] | SVD update #80: pairs=440, sweeps=3, converged=False, rel_change=2.549e-02, effective_ranks=(323, 30), class_paired=True
Epoch [80/100] | Loss: 5.9963 (Cls: 5.9741, TAL: -0.0507, Adv: 0.3526, OT-Reg: 0.001037) | OT inner objective: 0.1595 | Marginal residual row/col/max: 3.38e-05/1.58e-08/3.38e-05 | Train Acc: 0.1490 | Val Acc: 0.1304 | Val P/R/F1 (Macro): 0.0937/0.1356/0.0930 | LR: 0.000001
Epoch [81/100] | SVD update #81: pairs=440, sweeps=3, converged=False, rel_change=2.752e-02, effective_ranks=(327, 29), class_paired=True
Epoch [81/100] | Loss: 5.6325 (Cls: 5.6241, TAL: -0.1421, Adv: 0.3186, OT-Reg: 0.001047) | OT inner objective: 0.0712 | Marginal residual row/col/max: 5.35e-06/1.48e-08/5.35e-06 | Train Acc: 0.2452 | Val Acc: 0.1130 | Val P/R/F1 (Macro): 0.2452/0.1441/0.0909 | LR: 0.000001
Epoch [82/100] | SVD update #82: pairs=440, sweeps=3, converged=False, rel_change=2.975e-02, effective_ranks=(325, 29), class_paired=True
Epoch [82/100] | Loss: 5.8359 (Cls: 5.8031, TAL: -0.1175, Adv: 0.5868, OT-Reg: 0.001104) | OT inner objective: 0.0573 | Marginal residual row/col/max: 5.62e-08/1.33e-08/5.69e-08 | Train Acc: 0.1851 | Val Acc: 0.1391 | Val P/R/F1 (Macro): 0.2668/0.1510/0.1124 | LR: 0.000001
Epoch [83/100] | SVD update #83: pairs=440, sweeps=3, converged=False, rel_change=2.993e-02, effective_ranks=(325, 29), class_paired=True
Epoch [83/100] | Loss: 5.7674 (Cls: 5.7562, TAL: -0.1641, Adv: 0.3862, OT-Reg: 0.001113) | OT inner objective: 0.0688 | Marginal residual row/col/max: 9.41e-08/1.95e-08/1.00e-07 | Train Acc: 0.2428 | Val Acc: 0.1826 | Val P/R/F1 (Macro): 0.1118/0.1960/0.1124 | LR: 0.000001
Epoch [84/100] | SVD update #84: pairs=440, sweeps=3, converged=False, rel_change=9.350e-03, effective_ranks=(323, 26), class_paired=True
Epoch [84/100] | Loss: 5.7131 (Cls: 5.7162, TAL: -0.2064, Adv: 0.2707, OT-Reg: 0.001035) | OT inner objective: 0.0754 | Marginal residual row/col/max: 7.12e-07/2.72e-08/7.14e-07 | Train Acc: 0.1899 | Val Acc: 0.2087 | Val P/R/F1 (Macro): 0.1830/0.1974/0.1502 | LR: 0.000001
Epoch [85/100] | SVD update #85: pairs=440, sweeps=3, converged=False, rel_change=1.873e-02, effective_ranks=(324, 28), class_paired=True
Epoch [85/100] | Loss: 5.9147 (Cls: 5.8951, TAL: -0.1318, Adv: 0.4428, OT-Reg: 0.001079) | OT inner objective: 0.0490 | Marginal residual row/col/max: 5.84e-06/1.23e-08/5.85e-06 | Train Acc: 0.1755 | Val Acc: 0.0957 | Val P/R/F1 (Macro): 0.1483/0.1472/0.0699 | LR: 0.000001
Epoch [86/100] | SVD update #86: pairs=440, sweeps=3, converged=False, rel_change=7.440e-02, effective_ranks=(324, 29), class_paired=True
Epoch [86/100] | Loss: 5.8490 (Cls: 5.8062, TAL: -0.0950, Adv: 0.6781, OT-Reg: 0.001066) | OT inner objective: 0.0964 | Marginal residual row/col/max: 9.46e-05/1.98e-08/9.46e-05 | Train Acc: 0.1731 | Val Acc: 0.1826 | Val P/R/F1 (Macro): 0.2010/0.2265/0.1514 | LR: 0.000001
Epoch [87/100] | SVD update #87: pairs=440, sweeps=3, converged=False, rel_change=8.968e-02, effective_ranks=(321, 31), class_paired=True
Epoch [87/100] | Loss: 5.7264 (Cls: 5.7092, TAL: -0.0832, Adv: 0.3402, OT-Reg: 0.001089) | OT inner objective: 0.0533 | Marginal residual row/col/max: 7.34e-07/1.58e-08/7.36e-07 | Train Acc: 0.1587 | Val Acc: 0.1043 | Val P/R/F1 (Macro): 0.1425/0.1216/0.0651 | LR: 0.000001
Epoch [88/100] | SVD update #88: pairs=440, sweeps=3, converged=False, rel_change=6.018e-02, effective_ranks=(322, 26), class_paired=True
Epoch [88/100] | Loss: 5.5648 (Cls: 5.5416, TAL: -0.0753, Adv: 0.4032, OT-Reg: 0.000988) | OT inner objective: 0.1487 | Marginal residual row/col/max: 1.55e-08/1.68e-08/2.05e-08 | Train Acc: 0.1923 | Val Acc: 0.1565 | Val P/R/F1 (Macro): 0.1888/0.1503/0.1317 | LR: 0.000001
Epoch [89/100] | SVD update #89: pairs=440, sweeps=3, converged=False, rel_change=1.435e-02, effective_ranks=(323, 26), class_paired=True
Epoch [89/100] | Loss: 5.6224 (Cls: 5.6076, TAL: -0.2045, Adv: 0.4919, OT-Reg: 0.001100) | OT inner objective: 0.1154 | Marginal residual row/col/max: 8.74e-09/1.26e-08/1.29e-08 | Train Acc: 0.2212 | Val Acc: 0.2435 | Val P/R/F1 (Macro): 0.3799/0.1978/0.1793 | LR: 0.000001
Epoch [90/100] | SVD update #90: pairs=440, sweeps=3, converged=False, rel_change=6.609e-02, effective_ranks=(321, 32), class_paired=True
Epoch [90/100] | Loss: 6.7481 (Cls: 6.7117, TAL: -0.0149, Adv: 0.4771, OT-Reg: 0.001089) | OT inner objective: 0.0973 | Marginal residual row/col/max: 9.00e-08/1.12e-08/9.10e-08 | Train Acc: 0.1827 | Val Acc: 0.2348 | Val P/R/F1 (Macro): 0.2664/0.1682/0.1657 | LR: 0.000001
Epoch [91/100] | SVD update #91: pairs=440, sweeps=3, converged=False, rel_change=2.959e-02, effective_ranks=(322, 25), class_paired=True
Epoch [91/100] | Loss: 6.7968 (Cls: 6.7773, TAL: -0.1932, Adv: 0.5336, OT-Reg: 0.001047) | OT inner objective: 0.0574 | Marginal residual row/col/max: 2.05e-06/1.16e-08/2.05e-06 | Train Acc: 0.1731 | Val Acc: 0.2261 | Val P/R/F1 (Macro): 0.2267/0.1955/0.1823 | LR: 0.000001
Epoch [92/100] | SVD update #92: pairs=440, sweeps=3, converged=False, rel_change=5.496e-02, effective_ranks=(323, 25), class_paired=True
Epoch [92/100] | Loss: 6.5631 (Cls: 6.5306, TAL: -0.1062, Adv: 0.5646, OT-Reg: 0.001088) | OT inner objective: 0.0505 | Marginal residual row/col/max: 4.23e-05/1.60e-08/4.23e-05 | Train Acc: 0.2524 | Val Acc: 0.2000 | Val P/R/F1 (Macro): 0.2490/0.2442/0.1630 | LR: 0.000001
Epoch [93/100] | SVD update #93: pairs=440, sweeps=3, converged=False, rel_change=3.097e-02, effective_ranks=(324, 28), class_paired=True
Epoch [93/100] | Loss: 6.8245 (Cls: 6.8046, TAL: -0.0765, Adv: 0.3631, OT-Reg: 0.001037) | OT inner objective: 0.1477 | Marginal residual row/col/max: 2.72e-08/1.50e-08/3.12e-08 | Train Acc: 0.1562 | Val Acc: 0.1130 | Val P/R/F1 (Macro): 0.1266/0.0903/0.0742 | LR: 0.000001
Epoch [94/100] | SVD update #94: pairs=440, sweeps=3, converged=False, rel_change=1.042e-02, effective_ranks=(322, 24), class_paired=True
Epoch [94/100] | Loss: 6.4517 (Cls: 6.4259, TAL: -0.2065, Adv: 0.6332, OT-Reg: 0.001032) | OT inner objective: 0.1243 | Marginal residual row/col/max: 2.98e-05/1.73e-08/2.98e-05 | Train Acc: 0.2284 | Val Acc: 0.2000 | Val P/R/F1 (Macro): 0.1815/0.1505/0.1363 | LR: 0.000001
Epoch [95/100] | SVD update #95: pairs=440, sweeps=3, converged=False, rel_change=3.001e-02, effective_ranks=(320, 25), class_paired=True
Epoch [95/100] | Loss: 5.9962 (Cls: 5.9722, TAL: -0.2117, Adv: 0.6169, OT-Reg: 0.001089) | OT inner objective: 0.0639 | Marginal residual row/col/max: 6.55e-06/1.78e-08/6.56e-06 | Train Acc: 0.2788 | Val Acc: 0.1913 | Val P/R/F1 (Macro): 0.2138/0.2133/0.1591 | LR: 0.000001
Epoch [96/100] | SVD update #96: pairs=440, sweeps=3, converged=False, rel_change=2.722e-02, effective_ranks=(320, 25), class_paired=True
Epoch [96/100] | Loss: 6.2265 (Cls: 6.2099, TAL: -0.1650, Adv: 0.4550, OT-Reg: 0.001056) | OT inner objective: 0.0930 | Marginal residual row/col/max: 1.06e-06/1.15e-08/1.06e-06 | Train Acc: 0.2428 | Val Acc: 0.2870 | Val P/R/F1 (Macro): 0.2643/0.2458/0.2245 | LR: 0.000001
Epoch [97/100] | SVD update #97: pairs=440, sweeps=3, converged=False, rel_change=1.506e-02, effective_ranks=(319, 23), class_paired=True
Epoch [97/100] | Loss: 6.3564 (Cls: 6.3275, TAL: -0.1477, Adv: 0.5832, OT-Reg: 0.001060) | OT inner objective: 0.0690 | Marginal residual row/col/max: 6.98e-06/1.49e-08/6.98e-06 | Train Acc: 0.2428 | Val Acc: 0.1739 | Val P/R/F1 (Macro): 0.2809/0.1895/0.1443 | LR: 0.000001
Epoch [98/100] | SVD update #98: pairs=440, sweeps=3, converged=False, rel_change=4.021e-03, effective_ranks=(323, 23), class_paired=True
Epoch [98/100] | Loss: 6.1094 (Cls: 6.1121, TAL: -0.2458, Adv: 0.3360, OT-Reg: 0.001057) | OT inner objective: 0.0945 | Marginal residual row/col/max: 9.42e-06/1.58e-08/9.42e-06 | Train Acc: 0.2716 | Val Acc: 0.0957 | Val P/R/F1 (Macro): 0.1444/0.1489/0.0975 | LR: 0.000001
Epoch [99/100] | SVD update #99: pairs=440, sweeps=3, converged=False, rel_change=9.570e-03, effective_ranks=(323, 24), class_paired=True
Epoch [99/100] | Loss: 5.6756 (Cls: 5.6531, TAL: -0.1490, Adv: 0.5045, OT-Reg: 0.001103) | OT inner objective: 0.0615 | Marginal residual row/col/max: 3.73e-07/1.38e-08/3.75e-07 | Train Acc: 0.2644 | Val Acc: 0.2087 | Val P/R/F1 (Macro): 0.2452/0.2158/0.1558 | LR: 0.000001
Epoch [100/100] | SVD update #100: pairs=440, sweeps=3, converged=False, rel_change=1.356e-02, effective_ranks=(322, 23), class_paired=True
Epoch [100/100] | Loss: 5.5199 (Cls: 5.4925, TAL: -0.1490, Adv: 0.5657, OT-Reg: 0.001091) | OT inner objective: 0.0708 | Marginal residual row/col/max: 1.66e-07/1.22e-08/1.67e-07 | Train Acc: 0.2548 | Val Acc: 0.1304 | Val P/R/F1 (Macro): 0.3312/0.1343/0.1380 | LR: 0.000001
Report strategy: last_window, window=10, reported_acc=0.1826, best_acc=0.3826

迭代 3 报告指标:
  Accuracy: 0.1826
  Precision (Macro): 0.2264
  Recall (Macro): 0.1828
  F1 (Macro): 0.1475
  Precision (Micro): 0.1826
  Recall (Micro): 0.1826
  F1 (Micro): 0.1826
  Val class coverage: 9/14 (0.6429), samples=115

================================================================================
迭代 4/5
随机种子: 45
================================================================================
Training mode: full target-label supervision (class-paired batches).
Feature fusion: Tensor alignment (512+512 -> 64+64); fused_dim=128
Domain adaptation: Neural OT generator with 3-domain discriminator
Loss weights: tensor=0.12, adv=0.08
Transport: mode=sinkhorn, epsilon=0.1, Sinkhorn iterations=50, correction scale=0.1, correction regularization weight=0.001
Tensor projection update: once per epoch from the complete target-training pairing bank; projection_dim=64, max_sweeps=3, relative singular-value tolerance=0.0001
Epoch [1/100] | SVD update #1: pairs=440, sweeps=3, converged=False, rel_change=5.076e-04, effective_ranks=(327, 104), class_paired=True
Epoch [1/100] | Loss: 7.4615 (Cls: 7.4462, TAL: -0.0411, Adv: 0.2530, OT-Reg: 0.001070) | OT inner objective: 0.2775 | Marginal residual row/col/max: 9.74e-09/1.48e-08/1.48e-08 | Train Acc: 0.1683 | Val Acc: 0.2957 | Val P/R/F1 (Macro): 0.4587/0.4192/0.3010 | LR: 0.000005
  >>> New Best Val Acc: 0.2957
Epoch [2/100] | SVD update #2: pairs=440, sweeps=3, converged=False, rel_change=4.525e-01, effective_ranks=(327, 61), class_paired=True
Epoch [2/100] | Loss: 7.4966 (Cls: 7.4752, TAL: 0.0187, Adv: 0.2400, OT-Reg: 0.001109) | OT inner objective: 0.2585 | Marginal residual row/col/max: 9.46e-09/1.58e-08/1.63e-08 | Train Acc: 0.1418 | Val Acc: 0.2696 | Val P/R/F1 (Macro): 0.1618/0.2927/0.1895 | LR: 0.000005
Epoch [3/100] | SVD update #3: pairs=440, sweeps=3, converged=False, rel_change=1.081e-01, effective_ranks=(327, 38), class_paired=True
Epoch [3/100] | Loss: 7.4375 (Cls: 7.4209, TAL: 0.0022, Adv: 0.2034, OT-Reg: 0.001119) | OT inner objective: 0.2496 | Marginal residual row/col/max: 1.05e-08/1.19e-08/1.25e-08 | Train Acc: 0.1611 | Val Acc: 0.2000 | Val P/R/F1 (Macro): 0.1817/0.2375/0.1705 | LR: 0.000005
Epoch [4/100] | SVD update #4: pairs=440, sweeps=3, converged=False, rel_change=4.411e-02, effective_ranks=(325, 36), class_paired=True
Epoch [4/100] | Loss: 7.2344 (Cls: 7.2072, TAL: 0.0479, Adv: 0.2683, OT-Reg: 0.001150) | OT inner objective: 0.2330 | Marginal residual row/col/max: 1.03e-08/1.12e-08/1.19e-08 | Train Acc: 0.1442 | Val Acc: 0.1217 | Val P/R/F1 (Macro): 0.0699/0.2072/0.0844 | LR: 0.000005
Epoch [5/100] | SVD update #5: pairs=440, sweeps=3, converged=False, rel_change=2.702e-02, effective_ranks=(324, 31), class_paired=True
Epoch [5/100] | Loss: 7.0011 (Cls: 7.0015, TAL: -0.1294, Adv: 0.1893, OT-Reg: 0.001136) | OT inner objective: 0.2196 | Marginal residual row/col/max: 1.17e-08/1.25e-08/1.33e-08 | Train Acc: 0.1875 | Val Acc: 0.2783 | Val P/R/F1 (Macro): 0.2129/0.3139/0.2387 | LR: 0.000005
Epoch [6/100] | SVD update #6: pairs=440, sweeps=3, converged=False, rel_change=1.264e-02, effective_ranks=(326, 33), class_paired=True
Epoch [6/100] | Loss: 7.0496 (Cls: 7.0523, TAL: -0.1595, Adv: 0.2048, OT-Reg: 0.001045) | OT inner objective: 0.1544 | Marginal residual row/col/max: 9.93e-08/1.36e-08/1.02e-07 | Train Acc: 0.1683 | Val Acc: 0.2435 | Val P/R/F1 (Macro): 0.3310/0.2922/0.2528 | LR: 0.000005
Epoch [7/100] | SVD update #7: pairs=440, sweeps=3, converged=False, rel_change=4.382e-03, effective_ranks=(324, 20), class_paired=True
Epoch [7/100] | Loss: 6.9572 (Cls: 6.9407, TAL: -0.0022, Adv: 0.2089, OT-Reg: 0.000997) | OT inner objective: 0.1773 | Marginal residual row/col/max: 2.24e-05/1.55e-08/2.24e-05 | Train Acc: 0.1611 | Val Acc: 0.2261 | Val P/R/F1 (Macro): 0.1107/0.2273/0.1379 | LR: 0.000005
Epoch [8/100] | SVD update #8: pairs=440, sweeps=3, converged=False, rel_change=2.325e-02, effective_ranks=(325, 23), class_paired=True
Epoch [8/100] | Loss: 6.4948 (Cls: 6.4937, TAL: -0.1291, Adv: 0.2072, OT-Reg: 0.000954) | OT inner objective: 0.1728 | Marginal residual row/col/max: 5.60e-08/1.32e-08/5.90e-08 | Train Acc: 0.1875 | Val Acc: 0.1478 | Val P/R/F1 (Macro): 0.2460/0.2136/0.1322 | LR: 0.000005
Epoch [9/100] | SVD update #9: pairs=440, sweeps=3, converged=False, rel_change=3.677e-02, effective_ranks=(326, 17), class_paired=True
Epoch [9/100] | Loss: 6.5174 (Cls: 6.5203, TAL: -0.1499, Adv: 0.1884, OT-Reg: 0.001034) | OT inner objective: 0.1607 | Marginal residual row/col/max: 1.05e-08/1.25e-08/1.35e-08 | Train Acc: 0.1418 | Val Acc: 0.2957 | Val P/R/F1 (Macro): 0.1711/0.2834/0.1924 | LR: 0.000005
Epoch [10/100] | SVD update #10: pairs=440, sweeps=3, converged=False, rel_change=1.042e-02, effective_ranks=(325, 16), class_paired=True
Epoch [10/100] | Loss: 6.2136 (Cls: 6.2141, TAL: -0.1267, Adv: 0.1840, OT-Reg: 0.000950) | OT inner objective: 0.1126 | Marginal residual row/col/max: 4.13e-07/1.63e-08/4.17e-07 | Train Acc: 0.2115 | Val Acc: 0.1826 | Val P/R/F1 (Macro): 0.2669/0.2357/0.1589 | LR: 0.000005
Epoch [11/100] | SVD update #11: pairs=440, sweeps=3, converged=False, rel_change=4.638e-02, effective_ranks=(324, 17), class_paired=True
Epoch [11/100] | Loss: 5.9748 (Cls: 5.9681, TAL: -0.0659, Adv: 0.1827, OT-Reg: 0.000945) | OT inner objective: 0.1360 | Marginal residual row/col/max: 1.14e-07/1.29e-08/1.16e-07 | Train Acc: 0.2380 | Val Acc: 0.2087 | Val P/R/F1 (Macro): 0.3165/0.2269/0.1675 | LR: 0.000005
Epoch [12/100] | SVD update #12: pairs=440, sweeps=3, converged=False, rel_change=5.589e-02, effective_ranks=(326, 16), class_paired=True
Epoch [12/100] | Loss: 6.7549 (Cls: 6.7457, TAL: -0.0649, Adv: 0.2125, OT-Reg: 0.001037) | OT inner objective: 0.0898 | Marginal residual row/col/max: 8.67e-06/1.30e-08/8.67e-06 | Train Acc: 0.1514 | Val Acc: 0.3391 | Val P/R/F1 (Macro): 0.1655/0.2290/0.1915 | LR: 0.000005
  >>> New Best Val Acc: 0.3391
Epoch [13/100] | SVD update #13: pairs=440, sweeps=3, converged=False, rel_change=2.602e-02, effective_ranks=(324, 15), class_paired=True
Epoch [13/100] | Loss: 6.0476 (Cls: 6.0434, TAL: -0.0988, Adv: 0.1996, OT-Reg: 0.001007) | OT inner objective: 0.1578 | Marginal residual row/col/max: 1.49e-08/1.22e-08/1.66e-08 | Train Acc: 0.2476 | Val Acc: 0.2087 | Val P/R/F1 (Macro): 0.2978/0.2314/0.2024 | LR: 0.000005
Epoch [14/100] | SVD update #14: pairs=440, sweeps=3, converged=False, rel_change=2.408e-02, effective_ranks=(327, 20), class_paired=True
Epoch [14/100] | Loss: 6.0882 (Cls: 6.1049, TAL: -0.2435, Adv: 0.1560, OT-Reg: 0.001093) | OT inner objective: 0.0254 | Marginal residual row/col/max: 4.33e-05/1.38e-08/4.33e-05 | Train Acc: 0.2139 | Val Acc: 0.2000 | Val P/R/F1 (Macro): 0.1603/0.1960/0.1115 | LR: 0.000005
Epoch [15/100] | SVD update #15: pairs=440, sweeps=3, converged=False, rel_change=4.069e-03, effective_ranks=(327, 18), class_paired=True
Epoch [15/100] | Loss: 6.8950 (Cls: 6.9078, TAL: -0.2158, Adv: 0.1638, OT-Reg: 0.001074) | OT inner objective: 0.0691 | Marginal residual row/col/max: 3.42e-05/1.09e-08/3.42e-05 | Train Acc: 0.1082 | Val Acc: 0.2522 | Val P/R/F1 (Macro): 0.2342/0.2936/0.1821 | LR: 0.000005
Epoch [16/100] | SVD update #16: pairs=440, sweeps=3, converged=False, rel_change=3.217e-02, effective_ranks=(327, 13), class_paired=True
Epoch [16/100] | Loss: 6.1112 (Cls: 6.1248, TAL: -0.2161, Adv: 0.1540, OT-Reg: 0.001040) | OT inner objective: 0.0866 | Marginal residual row/col/max: 3.97e-05/1.36e-08/3.97e-05 | Train Acc: 0.2692 | Val Acc: 0.1130 | Val P/R/F1 (Macro): 0.3513/0.1307/0.1067 | LR: 0.000005
Epoch [17/100] | SVD update #17: pairs=440, sweeps=3, converged=False, rel_change=2.549e-02, effective_ranks=(325, 17), class_paired=True
Epoch [17/100] | Loss: 6.2002 (Cls: 6.2009, TAL: -0.0997, Adv: 0.1412, OT-Reg: 0.001038) | OT inner objective: 0.0237 | Marginal residual row/col/max: 5.93e-05/1.29e-08/5.93e-05 | Train Acc: 0.2212 | Val Acc: 0.3565 | Val P/R/F1 (Macro): 0.4593/0.3257/0.3040 | LR: 0.000005
  >>> New Best Val Acc: 0.3565
Epoch [18/100] | SVD update #18: pairs=440, sweeps=3, converged=False, rel_change=1.732e-02, effective_ranks=(324, 16), class_paired=True
Epoch [18/100] | Loss: 6.8126 (Cls: 6.8227, TAL: -0.2001, Adv: 0.1751, OT-Reg: 0.000981) | OT inner objective: 0.0014 | Marginal residual row/col/max: 8.93e-05/1.30e-08/8.93e-05 | Train Acc: 0.1635 | Val Acc: 0.2435 | Val P/R/F1 (Macro): 0.1674/0.3120/0.1789 | LR: 0.000005
Epoch [19/100] | SVD update #19: pairs=440, sweeps=3, converged=False, rel_change=1.640e-01, effective_ranks=(325, 16), class_paired=True
Epoch [19/100] | Loss: 6.2201 (Cls: 6.2024, TAL: 0.0289, Adv: 0.1777, OT-Reg: 0.000841) | OT inner objective: 0.0982 | Marginal residual row/col/max: 8.09e-06/2.29e-08/8.09e-06 | Train Acc: 0.1923 | Val Acc: 0.2870 | Val P/R/F1 (Macro): 0.1234/0.1619/0.1317 | LR: 0.000005
Epoch [20/100] | SVD update #20: pairs=440, sweeps=3, converged=False, rel_change=3.900e-02, effective_ranks=(325, 12), class_paired=True
Epoch [20/100] | Loss: 6.1847 (Cls: 6.1890, TAL: -0.1405, Adv: 0.1570, OT-Reg: 0.000869) | OT inner objective: 0.0856 | Marginal residual row/col/max: 5.68e-05/1.43e-08/5.68e-05 | Train Acc: 0.2380 | Val Acc: 0.1478 | Val P/R/F1 (Macro): 0.1514/0.1764/0.1114 | LR: 0.000005
Epoch [21/100] | SVD update #21: pairs=440, sweeps=3, converged=False, rel_change=1.774e-02, effective_ranks=(324, 9), class_paired=True
Epoch [21/100] | Loss: 6.4887 (Cls: 6.4774, TAL: -0.0801, Adv: 0.2617, OT-Reg: 0.000947) | OT inner objective: 0.0891 | Marginal residual row/col/max: 1.87e-05/1.82e-08/1.87e-05 | Train Acc: 0.2404 | Val Acc: 0.3217 | Val P/R/F1 (Macro): 0.2522/0.2371/0.2297 | LR: 0.000005
Epoch [22/100] | SVD update #22: pairs=440, sweeps=3, converged=False, rel_change=3.795e-02, effective_ranks=(324, 13), class_paired=True
Epoch [22/100] | Loss: 7.3594 (Cls: 7.3687, TAL: -0.2026, Adv: 0.1878, OT-Reg: 0.001015) | OT inner objective: 0.0801 | Marginal residual row/col/max: 4.01e-05/1.69e-08/4.01e-05 | Train Acc: 0.1562 | Val Acc: 0.1043 | Val P/R/F1 (Macro): 0.1976/0.1293/0.0962 | LR: 0.000005
Epoch [23/100] | SVD update #23: pairs=440, sweeps=3, converged=False, rel_change=6.636e-02, effective_ranks=(325, 11), class_paired=True
Epoch [23/100] | Loss: 6.5832 (Cls: 6.5741, TAL: -0.0267, Adv: 0.1532, OT-Reg: 0.001088) | OT inner objective: 0.0603 | Marginal residual row/col/max: 1.73e-06/1.17e-08/1.73e-06 | Train Acc: 0.1947 | Val Acc: 0.1913 | Val P/R/F1 (Macro): 0.3120/0.2062/0.1917 | LR: 0.000005
Epoch [24/100] | SVD update #24: pairs=440, sweeps=3, converged=False, rel_change=5.847e-02, effective_ranks=(324, 10), class_paired=True
Epoch [24/100] | Loss: 6.7027 (Cls: 6.6955, TAL: -0.0332, Adv: 0.1398, OT-Reg: 0.001065) | OT inner objective: 0.0955 | Marginal residual row/col/max: 2.84e-05/1.28e-08/2.84e-05 | Train Acc: 0.0938 | Val Acc: 0.3130 | Val P/R/F1 (Macro): 0.2904/0.2438/0.1950 | LR: 0.000005
Epoch [25/100] | SVD update #25: pairs=440, sweeps=3, converged=False, rel_change=7.075e-02, effective_ranks=(325, 10), class_paired=True
Epoch [25/100] | Loss: 6.2904 (Cls: 6.2735, TAL: 0.0246, Adv: 0.1736, OT-Reg: 0.000906) | OT inner objective: 0.0990 | Marginal residual row/col/max: 1.24e-05/2.21e-08/1.24e-05 | Train Acc: 0.1611 | Val Acc: 0.1130 | Val P/R/F1 (Macro): 0.1842/0.1351/0.0955 | LR: 0.000005
Epoch [26/100] | SVD update #26: pairs=440, sweeps=3, converged=False, rel_change=1.323e-01, effective_ranks=(325, 14), class_paired=True
Epoch [26/100] | Loss: 6.1243 (Cls: 6.1191, TAL: -0.0410, Adv: 0.1260, OT-Reg: 0.001009) | OT inner objective: 0.1379 | Marginal residual row/col/max: 4.98e-05/1.65e-08/4.98e-05 | Train Acc: 0.2284 | Val Acc: 0.2957 | Val P/R/F1 (Macro): 0.2078/0.2616/0.2135 | LR: 0.000005
Epoch [27/100] | SVD update #27: pairs=440, sweeps=3, converged=False, rel_change=2.948e-02, effective_ranks=(324, 13), class_paired=True
Epoch [27/100] | Loss: 6.0524 (Cls: 6.0561, TAL: -0.1176, Adv: 0.1295, OT-Reg: 0.000944) | OT inner objective: 0.0389 | Marginal residual row/col/max: 7.65e-06/1.48e-08/7.65e-06 | Train Acc: 0.1875 | Val Acc: 0.1565 | Val P/R/F1 (Macro): 0.2154/0.1939/0.1437 | LR: 0.000005
Epoch [28/100] | SVD update #28: pairs=440, sweeps=3, converged=False, rel_change=1.678e-01, effective_ranks=(325, 13), class_paired=True
Epoch [28/100] | Loss: 6.3746 (Cls: 6.3649, TAL: -0.0416, Adv: 0.1839, OT-Reg: 0.001061) | OT inner objective: 0.0549 | Marginal residual row/col/max: 2.47e-06/1.17e-08/2.47e-06 | Train Acc: 0.2139 | Val Acc: 0.1652 | Val P/R/F1 (Macro): 0.0968/0.1531/0.1020 | LR: 0.000003
Epoch [29/100] | SVD update #29: pairs=440, sweeps=3, converged=False, rel_change=3.944e-02, effective_ranks=(317, 11), class_paired=True
Epoch [29/100] | Loss: 5.9606 (Cls: 5.9509, TAL: -0.0160, Adv: 0.1449, OT-Reg: 0.001096) | OT inner objective: 0.0812 | Marginal residual row/col/max: 9.63e-07/1.17e-08/9.65e-07 | Train Acc: 0.1827 | Val Acc: 0.0783 | Val P/R/F1 (Macro): 0.1520/0.1130/0.0641 | LR: 0.000003
Epoch [30/100] | SVD update #30: pairs=440, sweeps=3, converged=False, rel_change=3.902e-02, effective_ranks=(324, 8), class_paired=True
Epoch [30/100] | Loss: 6.0581 (Cls: 6.0622, TAL: -0.1395, Adv: 0.1576, OT-Reg: 0.001005) | OT inner objective: -0.0038 | Marginal residual row/col/max: 6.93e-06/1.09e-08/6.93e-06 | Train Acc: 0.1683 | Val Acc: 0.1739 | Val P/R/F1 (Macro): 0.2854/0.2137/0.1674 | LR: 0.000003
Epoch [31/100] | SVD update #31: pairs=440, sweeps=3, converged=False, rel_change=1.445e-02, effective_ranks=(317, 10), class_paired=True
Epoch [31/100] | Loss: 5.8644 (Cls: 5.8654, TAL: -0.0996, Adv: 0.1363, OT-Reg: 0.001005) | OT inner objective: 0.0430 | Marginal residual row/col/max: 3.91e-06/1.25e-08/3.91e-06 | Train Acc: 0.2188 | Val Acc: 0.1304 | Val P/R/F1 (Macro): 0.1629/0.1826/0.1387 | LR: 0.000003
Epoch [32/100] | SVD update #32: pairs=440, sweeps=3, converged=False, rel_change=4.757e-02, effective_ranks=(325, 13), class_paired=True
Epoch [32/100] | Loss: 5.6639 (Cls: 5.6634, TAL: -0.1051, Adv: 0.1641, OT-Reg: 0.001045) | OT inner objective: 0.0231 | Marginal residual row/col/max: 2.60e-07/1.19e-08/2.61e-07 | Train Acc: 0.2188 | Val Acc: 0.1478 | Val P/R/F1 (Macro): 0.1767/0.2009/0.1177 | LR: 0.000003
Epoch [33/100] | SVD update #33: pairs=440, sweeps=3, converged=False, rel_change=5.963e-02, effective_ranks=(325, 16), class_paired=True
Epoch [33/100] | Loss: 5.6231 (Cls: 5.6075, TAL: -0.0076, Adv: 0.2065, OT-Reg: 0.001067) | OT inner objective: 0.0466 | Marginal residual row/col/max: 7.91e-08/1.28e-08/8.07e-08 | Train Acc: 0.2284 | Val Acc: 0.2435 | Val P/R/F1 (Macro): 0.2436/0.2398/0.1925 | LR: 0.000003
Epoch [34/100] | SVD update #34: pairs=440, sweeps=3, converged=False, rel_change=3.658e-03, effective_ranks=(320, 12), class_paired=True
Epoch [34/100] | Loss: 5.5580 (Cls: 5.5612, TAL: -0.1249, Adv: 0.1473, OT-Reg: 0.001006) | OT inner objective: 0.0640 | Marginal residual row/col/max: 7.44e-08/1.71e-08/7.49e-08 | Train Acc: 0.2019 | Val Acc: 0.1391 | Val P/R/F1 (Macro): 0.2147/0.1827/0.1250 | LR: 0.000003
Epoch [35/100] | SVD update #35: pairs=440, sweeps=3, converged=False, rel_change=6.199e-03, effective_ranks=(322, 13), class_paired=True
Epoch [35/100] | Loss: 5.6625 (Cls: 5.6583, TAL: -0.0944, Adv: 0.1943, OT-Reg: 0.001104) | OT inner objective: 0.0509 | Marginal residual row/col/max: 4.31e-08/9.89e-09/4.38e-08 | Train Acc: 0.2236 | Val Acc: 0.1565 | Val P/R/F1 (Macro): 0.2000/0.1996/0.1258 | LR: 0.000003
Epoch [36/100] | SVD update #36: pairs=440, sweeps=3, converged=False, rel_change=2.917e-02, effective_ranks=(327, 20), class_paired=True
Epoch [36/100] | Loss: 5.5177 (Cls: 5.5368, TAL: -0.2422, Adv: 0.1234, OT-Reg: 0.000978) | OT inner objective: 0.0699 | Marginal residual row/col/max: 1.50e-05/1.96e-08/1.50e-05 | Train Acc: 0.2356 | Val Acc: 0.2087 | Val P/R/F1 (Macro): 0.2840/0.2085/0.1653 | LR: 0.000003
Epoch [37/100] | SVD update #37: pairs=440, sweeps=3, converged=False, rel_change=1.044e-02, effective_ranks=(326, 13), class_paired=True
Epoch [37/100] | Loss: 5.6066 (Cls: 5.6113, TAL: -0.1364, Adv: 0.1451, OT-Reg: 0.001016) | OT inner objective: 0.0799 | Marginal residual row/col/max: 3.23e-05/1.15e-08/3.23e-05 | Train Acc: 0.2428 | Val Acc: 0.0957 | Val P/R/F1 (Macro): 0.2304/0.1460/0.0721 | LR: 0.000003
Epoch [38/100] | SVD update #38: pairs=440, sweeps=3, converged=False, rel_change=8.068e-02, effective_ranks=(323, 15), class_paired=True
Epoch [38/100] | Loss: 5.7517 (Cls: 5.7531, TAL: -0.1059, Adv: 0.1419, OT-Reg: 0.000961) | OT inner objective: 0.0796 | Marginal residual row/col/max: 3.04e-08/1.62e-08/3.34e-08 | Train Acc: 0.2740 | Val Acc: 0.1652 | Val P/R/F1 (Macro): 0.0967/0.1912/0.1143 | LR: 0.000003
Epoch [39/100] | SVD update #39: pairs=440, sweeps=3, converged=False, rel_change=6.925e-02, effective_ranks=(324, 13), class_paired=True
Epoch [39/100] | Loss: 5.5396 (Cls: 5.5513, TAL: -0.1980, Adv: 0.1505, OT-Reg: 0.001041) | OT inner objective: 0.0284 | Marginal residual row/col/max: 1.31e-06/1.12e-08/1.31e-06 | Train Acc: 0.2452 | Val Acc: 0.1652 | Val P/R/F1 (Macro): 0.2581/0.2092/0.1372 | LR: 0.000001
Epoch [40/100] | SVD update #40: pairs=440, sweeps=3, converged=False, rel_change=3.085e-02, effective_ranks=(323, 17), class_paired=True
Epoch [40/100] | Loss: 5.5408 (Cls: 5.5447, TAL: -0.1436, Adv: 0.1657, OT-Reg: 0.001068) | OT inner objective: 0.0548 | Marginal residual row/col/max: 2.51e-08/1.09e-08/2.54e-08 | Train Acc: 0.2692 | Val Acc: 0.2174 | Val P/R/F1 (Macro): 0.2635/0.2781/0.2014 | LR: 0.000001
Epoch [41/100] | SVD update #41: pairs=440, sweeps=3, converged=False, rel_change=4.916e-03, effective_ranks=(325, 17), class_paired=True
Epoch [41/100] | Loss: 5.4279 (Cls: 5.4345, TAL: -0.1941, Adv: 0.2077, OT-Reg: 0.001044) | OT inner objective: 0.0803 | Marginal residual row/col/max: 6.71e-06/1.48e-08/6.71e-06 | Train Acc: 0.2981 | Val Acc: 0.2000 | Val P/R/F1 (Macro): 0.2002/0.1995/0.1471 | LR: 0.000001
Epoch [42/100] | SVD update #42: pairs=440, sweeps=3, converged=False, rel_change=2.251e-02, effective_ranks=(325, 16), class_paired=True
Epoch [42/100] | Loss: 5.3931 (Cls: 5.3938, TAL: -0.1506, Adv: 0.2175, OT-Reg: 0.001058) | OT inner objective: 0.0370 | Marginal residual row/col/max: 7.02e-08/1.20e-08/7.25e-08 | Train Acc: 0.3029 | Val Acc: 0.1826 | Val P/R/F1 (Macro): 0.1935/0.2309/0.1535 | LR: 0.000001
Epoch [43/100] | SVD update #43: pairs=440, sweeps=3, converged=False, rel_change=1.891e-02, effective_ranks=(324, 17), class_paired=True
Epoch [43/100] | Loss: 5.2110 (Cls: 5.2184, TAL: -0.1851, Adv: 0.1848, OT-Reg: 0.001114) | OT inner objective: 0.0932 | Marginal residual row/col/max: 1.16e-08/1.07e-08/1.23e-08 | Train Acc: 0.3029 | Val Acc: 0.1652 | Val P/R/F1 (Macro): 0.1734/0.2102/0.1514 | LR: 0.000001
Epoch [44/100] | SVD update #44: pairs=440, sweeps=3, converged=False, rel_change=3.841e-03, effective_ranks=(324, 16), class_paired=True
Epoch [44/100] | Loss: 5.2629 (Cls: 5.2749, TAL: -0.2117, Adv: 0.1673, OT-Reg: 0.001029) | OT inner objective: 0.0008 | Marginal residual row/col/max: 8.83e-06/1.13e-08/8.83e-06 | Train Acc: 0.2957 | Val Acc: 0.1391 | Val P/R/F1 (Macro): 0.2051/0.1898/0.1187 | LR: 0.000001
Epoch [45/100] | SVD update #45: pairs=440, sweeps=3, converged=False, rel_change=8.970e-03, effective_ranks=(318, 17), class_paired=True
Epoch [45/100] | Loss: 5.1659 (Cls: 5.1770, TAL: -0.2115, Adv: 0.1784, OT-Reg: 0.001158) | OT inner objective: 0.0110 | Marginal residual row/col/max: 1.01e-06/1.06e-08/1.01e-06 | Train Acc: 0.3029 | Val Acc: 0.1913 | Val P/R/F1 (Macro): 0.2198/0.2438/0.1736 | LR: 0.000001
Epoch [46/100] | SVD update #46: pairs=440, sweeps=3, converged=False, rel_change=4.000e-02, effective_ranks=(325, 14), class_paired=True
Epoch [46/100] | Loss: 5.0781 (Cls: 5.0921, TAL: -0.2430, Adv: 0.1890, OT-Reg: 0.001097) | OT inner objective: -0.0010 | Marginal residual row/col/max: 4.35e-07/1.17e-08/4.35e-07 | Train Acc: 0.3654 | Val Acc: 0.1652 | Val P/R/F1 (Macro): 0.2798/0.1957/0.1715 | LR: 0.000001
Epoch [47/100] | SVD update #47: pairs=440, sweeps=3, converged=False, rel_change=5.658e-02, effective_ranks=(322, 16), class_paired=True
Epoch [47/100] | Loss: 5.5329 (Cls: 5.5220, TAL: -0.1950, Adv: 0.4288, OT-Reg: 0.001028) | OT inner objective: 0.0899 | Marginal residual row/col/max: 5.68e-05/1.59e-08/5.68e-05 | Train Acc: 0.2909 | Val Acc: 0.2609 | Val P/R/F1 (Macro): 0.3190/0.2991/0.2252 | LR: 0.000001
Epoch [48/100] | SVD update #48: pairs=440, sweeps=3, converged=False, rel_change=2.108e-03, effective_ranks=(324, 16), class_paired=True
Epoch [48/100] | Loss: 5.1821 (Cls: 5.1963, TAL: -0.2460, Adv: 0.1907, OT-Reg: 0.001052) | OT inner objective: 0.0155 | Marginal residual row/col/max: 5.18e-05/1.88e-08/5.18e-05 | Train Acc: 0.3173 | Val Acc: 0.1130 | Val P/R/F1 (Macro): 0.1748/0.1384/0.0978 | LR: 0.000001
Epoch [49/100] | SVD update #49: pairs=440, sweeps=3, converged=False, rel_change=6.705e-03, effective_ranks=(323, 15), class_paired=True
Epoch [49/100] | Loss: 5.3270 (Cls: 5.3274, TAL: -0.1870, Adv: 0.2757, OT-Reg: 0.001035) | OT inner objective: 0.0238 | Marginal residual row/col/max: 9.20e-05/1.88e-08/9.20e-05 | Train Acc: 0.3101 | Val Acc: 0.1391 | Val P/R/F1 (Macro): 0.1864/0.1881/0.1492 | LR: 0.000001
Epoch [50/100] | SVD update #50: pairs=440, sweeps=3, converged=False, rel_change=2.199e-02, effective_ranks=(326, 17), class_paired=True
Epoch [50/100] | Loss: 5.2181 (Cls: 5.2288, TAL: -0.2490, Adv: 0.2405, OT-Reg: 0.001081) | OT inner objective: 0.0840 | Marginal residual row/col/max: 5.54e-08/1.26e-08/5.60e-08 | Train Acc: 0.3005 | Val Acc: 0.2609 | Val P/R/F1 (Macro): 0.2651/0.2478/0.1885 | LR: 0.000001
Epoch [51/100] | SVD update #51: pairs=440, sweeps=3, converged=False, rel_change=1.576e-02, effective_ranks=(326, 16), class_paired=True
Epoch [51/100] | Loss: 5.5452 (Cls: 5.5416, TAL: -0.1444, Adv: 0.2616, OT-Reg: 0.001082) | OT inner objective: 0.0441 | Marginal residual row/col/max: 1.95e-05/1.25e-08/1.95e-05 | Train Acc: 0.2740 | Val Acc: 0.1652 | Val P/R/F1 (Macro): 0.1157/0.2217/0.1311 | LR: 0.000001
Epoch [52/100] | SVD update #52: pairs=440, sweeps=3, converged=False, rel_change=1.908e-02, effective_ranks=(326, 17), class_paired=True
Epoch [52/100] | Loss: 5.4667 (Cls: 5.4659, TAL: -0.2043, Adv: 0.3168, OT-Reg: 0.001001) | OT inner objective: -0.0078 | Marginal residual row/col/max: 7.21e-05/1.23e-08/7.21e-05 | Train Acc: 0.3173 | Val Acc: 0.2000 | Val P/R/F1 (Macro): 0.1998/0.1929/0.1680 | LR: 0.000001
Epoch [53/100] | SVD update #53: pairs=440, sweeps=3, converged=False, rel_change=2.889e-02, effective_ranks=(324, 16), class_paired=True
Epoch [53/100] | Loss: 5.5882 (Cls: 5.5780, TAL: -0.1407, Adv: 0.3378, OT-Reg: 0.001021) | OT inner objective: 0.0959 | Marginal residual row/col/max: 7.41e-08/1.58e-08/7.64e-08 | Train Acc: 0.2260 | Val Acc: 0.2087 | Val P/R/F1 (Macro): 0.1608/0.2177/0.1635 | LR: 0.000001
Epoch [54/100] | SVD update #54: pairs=440, sweeps=3, converged=False, rel_change=7.747e-03, effective_ranks=(325, 15), class_paired=True
Epoch [54/100] | Loss: 5.2607 (Cls: 5.2575, TAL: -0.1919, Adv: 0.3279, OT-Reg: 0.001072) | OT inner objective: 0.0919 | Marginal residual row/col/max: 5.79e-07/1.42e-08/5.81e-07 | Train Acc: 0.3558 | Val Acc: 0.2435 | Val P/R/F1 (Macro): 0.3232/0.2757/0.2418 | LR: 0.000001
Epoch [55/100] | SVD update #55: pairs=440, sweeps=3, converged=False, rel_change=1.288e-02, effective_ranks=(324, 18), class_paired=True
Epoch [55/100] | Loss: 5.1540 (Cls: 5.1554, TAL: -0.3016, Adv: 0.4343, OT-Reg: 0.001013) | OT inner objective: 0.0650 | Marginal residual row/col/max: 3.82e-05/1.59e-08/3.82e-05 | Train Acc: 0.3173 | Val Acc: 0.1478 | Val P/R/F1 (Macro): 0.1976/0.1756/0.1393 | LR: 0.000001
Epoch [56/100] | SVD update #56: pairs=440, sweeps=3, converged=False, rel_change=1.964e-02, effective_ranks=(325, 18), class_paired=True
Epoch [56/100] | Loss: 5.4317 (Cls: 5.4381, TAL: -0.2196, Adv: 0.2497, OT-Reg: 0.001064) | OT inner objective: 0.0510 | Marginal residual row/col/max: 9.19e-07/1.26e-08/9.20e-07 | Train Acc: 0.3221 | Val Acc: 0.2435 | Val P/R/F1 (Macro): 0.2688/0.2896/0.2224 | LR: 0.000001
Epoch [57/100] | SVD update #57: pairs=440, sweeps=3, converged=False, rel_change=1.557e-02, effective_ranks=(322, 18), class_paired=True
Epoch [57/100] | Loss: 5.3239 (Cls: 5.3278, TAL: -0.2030, Adv: 0.2555, OT-Reg: 0.001022) | OT inner objective: 0.1374 | Marginal residual row/col/max: 2.04e-07/1.79e-08/2.09e-07 | Train Acc: 0.2716 | Val Acc: 0.2000 | Val P/R/F1 (Macro): 0.3140/0.2687/0.1827 | LR: 0.000001
Epoch [58/100] | SVD update #58: pairs=440, sweeps=3, converged=False, rel_change=1.945e-02, effective_ranks=(324, 18), class_paired=True
Epoch [58/100] | Loss: 5.1853 (Cls: 5.1904, TAL: -0.2978, Adv: 0.3829, OT-Reg: 0.001018) | OT inner objective: 0.0810 | Marginal residual row/col/max: 6.31e-05/1.43e-08/6.31e-05 | Train Acc: 0.3438 | Val Acc: 0.2783 | Val P/R/F1 (Macro): 0.2716/0.2940/0.2404 | LR: 0.000001
Epoch [59/100] | SVD update #59: pairs=440, sweeps=3, converged=False, rel_change=6.563e-03, effective_ranks=(326, 19), class_paired=True
Epoch [59/100] | Loss: 5.1234 (Cls: 5.1118, TAL: -0.2162, Adv: 0.4692, OT-Reg: 0.001090) | OT inner objective: 0.0873 | Marginal residual row/col/max: 6.61e-06/1.12e-08/6.61e-06 | Train Acc: 0.3438 | Val Acc: 0.1478 | Val P/R/F1 (Macro): 0.2965/0.2174/0.1558 | LR: 0.000001
Epoch [60/100] | SVD update #60: pairs=440, sweeps=3, converged=False, rel_change=1.408e-02, effective_ranks=(325, 15), class_paired=True
Epoch [60/100] | Loss: 5.0513 (Cls: 5.0522, TAL: -0.1997, Adv: 0.2882, OT-Reg: 0.001010) | OT inner objective: -0.0343 | Marginal residual row/col/max: 3.93e-05/1.78e-08/3.93e-05 | Train Acc: 0.3462 | Val Acc: 0.1739 | Val P/R/F1 (Macro): 0.3857/0.2360/0.1813 | LR: 0.000001
Epoch [61/100] | SVD update #61: pairs=440, sweeps=3, converged=False, rel_change=7.782e-03, effective_ranks=(325, 16), class_paired=True
Epoch [61/100] | Loss: 4.9131 (Cls: 4.9147, TAL: -0.2533, Adv: 0.3596, OT-Reg: 0.001079) | OT inner objective: 0.0753 | Marginal residual row/col/max: 3.06e-06/1.23e-08/3.06e-06 | Train Acc: 0.3942 | Val Acc: 0.3130 | Val P/R/F1 (Macro): 0.3181/0.3225/0.2773 | LR: 0.000001
Epoch [62/100] | SVD update #62: pairs=440, sweeps=3, converged=False, rel_change=1.607e-03, effective_ranks=(324, 19), class_paired=True
Epoch [62/100] | Loss: 4.9850 (Cls: 4.9928, TAL: -0.3018, Adv: 0.3552, OT-Reg: 0.001010) | OT inner objective: 0.0440 | Marginal residual row/col/max: 2.03e-06/1.38e-08/2.03e-06 | Train Acc: 0.3774 | Val Acc: 0.2000 | Val P/R/F1 (Macro): 0.3457/0.2524/0.1934 | LR: 0.000001
Epoch [63/100] | SVD update #63: pairs=440, sweeps=3, converged=False, rel_change=3.033e-03, effective_ranks=(326, 15), class_paired=True
Epoch [63/100] | Loss: 5.1049 (Cls: 5.0794, TAL: -0.2131, Adv: 0.6384, OT-Reg: 0.001030) | OT inner objective: 0.0359 | Marginal residual row/col/max: 3.12e-05/1.16e-08/3.12e-05 | Train Acc: 0.3510 | Val Acc: 0.1478 | Val P/R/F1 (Macro): 0.1935/0.2050/0.1399 | LR: 0.000001
Epoch [64/100] | SVD update #64: pairs=440, sweeps=3, converged=False, rel_change=1.274e-02, effective_ranks=(327, 17), class_paired=True
Epoch [64/100] | Loss: 4.9770 (Cls: 4.9717, TAL: -0.2145, Adv: 0.3877, OT-Reg: 0.000992) | OT inner objective: 0.0731 | Marginal residual row/col/max: 9.35e-06/1.93e-08/9.35e-06 | Train Acc: 0.3341 | Val Acc: 0.1652 | Val P/R/F1 (Macro): 0.3217/0.2111/0.1817 | LR: 0.000001
Epoch [65/100] | SVD update #65: pairs=440, sweeps=3, converged=False, rel_change=7.856e-03, effective_ranks=(324, 18), class_paired=True
Epoch [65/100] | Loss: 5.1221 (Cls: 5.1214, TAL: -0.2269, Adv: 0.3502, OT-Reg: 0.001073) | OT inner objective: 0.0595 | Marginal residual row/col/max: 2.05e-07/1.30e-08/2.07e-07 | Train Acc: 0.3221 | Val Acc: 0.1913 | Val P/R/F1 (Macro): 0.3425/0.2783/0.1911 | LR: 0.000001
Epoch [66/100] | SVD update #66: pairs=440, sweeps=3, converged=False, rel_change=8.406e-03, effective_ranks=(326, 16), class_paired=True
Epoch [66/100] | Loss: 5.0422 (Cls: 5.0354, TAL: -0.1969, Adv: 0.3803, OT-Reg: 0.001051) | OT inner objective: -0.0022 | Marginal residual row/col/max: 5.92e-05/1.39e-08/5.92e-05 | Train Acc: 0.3558 | Val Acc: 0.2000 | Val P/R/F1 (Macro): 0.2864/0.2677/0.2136 | LR: 0.000001
Epoch [67/100] | SVD update #67: pairs=440, sweeps=3, converged=False, rel_change=3.843e-04, effective_ranks=(322, 17), class_paired=True
Epoch [67/100] | Loss: 4.8258 (Cls: 4.8154, TAL: -0.2537, Adv: 0.5101, OT-Reg: 0.000954) | OT inner objective: 0.0326 | Marginal residual row/col/max: 4.05e-05/1.93e-08/4.05e-05 | Train Acc: 0.4255 | Val Acc: 0.1478 | Val P/R/F1 (Macro): 0.2554/0.1805/0.1663 | LR: 0.000001
Epoch [68/100] | SVD update #68: pairs=440, sweeps=3, converged=False, rel_change=1.231e-02, effective_ranks=(325, 16), class_paired=True
Epoch [68/100] | Loss: 4.9342 (Cls: 4.9343, TAL: -0.2677, Adv: 0.4003, OT-Reg: 0.000960) | OT inner objective: -0.0130 | Marginal residual row/col/max: 1.25e-04/1.58e-08/1.25e-04 | Train Acc: 0.3678 | Val Acc: 0.1739 | Val P/R/F1 (Macro): 0.2549/0.2313/0.1707 | LR: 0.000001
Epoch [69/100] | SVD update #69: pairs=440, sweeps=3, converged=False, rel_change=7.190e-03, effective_ranks=(327, 17), class_paired=True
Epoch [69/100] | Loss: 5.1124 (Cls: 5.1033, TAL: -0.1702, Adv: 0.3695, OT-Reg: 0.001143) | OT inner objective: 0.1044 | Marginal residual row/col/max: 5.27e-08/1.06e-08/5.43e-08 | Train Acc: 0.3630 | Val Acc: 0.2261 | Val P/R/F1 (Macro): 0.2808/0.2846/0.2157 | LR: 0.000001
Epoch [70/100] | SVD update #70: pairs=440, sweeps=3, converged=False, rel_change=3.006e-03, effective_ranks=(324, 17), class_paired=True
Epoch [70/100] | Loss: 5.1005 (Cls: 5.1011, TAL: -0.2347, Adv: 0.3452, OT-Reg: 0.001094) | OT inner objective: 0.0277 | Marginal residual row/col/max: 2.00e-04/1.73e-08/2.00e-04 | Train Acc: 0.3365 | Val Acc: 0.2087 | Val P/R/F1 (Macro): 0.2789/0.2620/0.1875 | LR: 0.000001
Epoch [71/100] | SVD update #71: pairs=440, sweeps=3, converged=False, rel_change=4.330e-04, effective_ranks=(322, 18), class_paired=True
Epoch [71/100] | Loss: 5.1338 (Cls: 5.1304, TAL: -0.2373, Adv: 0.3979, OT-Reg: 0.001050) | OT inner objective: 0.0383 | Marginal residual row/col/max: 4.73e-05/1.15e-08/4.73e-05 | Train Acc: 0.3293 | Val Acc: 0.2348 | Val P/R/F1 (Macro): 0.3458/0.2683/0.2168 | LR: 0.000001
Epoch [72/100] | SVD update #72: pairs=440, sweeps=3, converged=False, rel_change=3.716e-03, effective_ranks=(323, 17), class_paired=True
Epoch [72/100] | Loss: 4.8918 (Cls: 4.8934, TAL: -0.2864, Adv: 0.4100, OT-Reg: 0.001093) | OT inner objective: -0.0014 | Marginal residual row/col/max: 1.02e-04/1.20e-08/1.02e-04 | Train Acc: 0.4087 | Val Acc: 0.2435 | Val P/R/F1 (Macro): 0.3221/0.3095/0.2453 | LR: 0.000001
Epoch [73/100] | SVD update #73: pairs=440, sweeps=3, converged=False, rel_change=1.664e-03, effective_ranks=(327, 17), class_paired=True
Epoch [73/100] | Loss: 4.8342 (Cls: 4.8353, TAL: -0.2674, Adv: 0.3881, OT-Reg: 0.001039) | OT inner objective: 0.0546 | Marginal residual row/col/max: 1.44e-06/1.40e-08/1.44e-06 | Train Acc: 0.3582 | Val Acc: 0.2174 | Val P/R/F1 (Macro): 0.3267/0.2516/0.2236 | LR: 0.000001
Epoch [74/100] | SVD update #74: pairs=440, sweeps=3, converged=False, rel_change=8.275e-03, effective_ranks=(325, 17), class_paired=True
Epoch [74/100] | Loss: 4.7908 (Cls: 4.7877, TAL: -0.2696, Adv: 0.4439, OT-Reg: 0.001049) | OT inner objective: 0.0476 | Marginal residual row/col/max: 4.77e-06/1.39e-08/4.77e-06 | Train Acc: 0.4111 | Val Acc: 0.2870 | Val P/R/F1 (Macro): 0.3054/0.2764/0.2432 | LR: 0.000001
Epoch [75/100] | SVD update #75: pairs=440, sweeps=3, converged=False, rel_change=1.299e-04, effective_ranks=(324, 16), class_paired=True
Epoch [75/100] | Loss: 5.0044 (Cls: 4.9995, TAL: -0.2669, Adv: 0.4609, OT-Reg: 0.001033) | OT inner objective: 0.0301 | Marginal residual row/col/max: 2.75e-05/2.12e-08/2.75e-05 | Train Acc: 0.3389 | Val Acc: 0.2261 | Val P/R/F1 (Macro): 0.3317/0.2898/0.2519 | LR: 0.000001
Epoch [76/100] | SVD update #76: pairs=440, sweeps=3, converged=False, rel_change=3.810e-03, effective_ranks=(323, 17), class_paired=True
Epoch [76/100] | Loss: 4.8091 (Cls: 4.8066, TAL: -0.2703, Adv: 0.4360, OT-Reg: 0.001099) | OT inner objective: 0.0195 | Marginal residual row/col/max: 1.45e-06/1.13e-08/1.45e-06 | Train Acc: 0.4207 | Val Acc: 0.2087 | Val P/R/F1 (Macro): 0.3286/0.2798/0.2183 | LR: 0.000001
Epoch [77/100] | SVD update #77: pairs=440, sweeps=3, converged=False, rel_change=3.296e-03, effective_ranks=(325, 18), class_paired=True
Epoch [77/100] | Loss: 4.8010 (Cls: 4.8019, TAL: -0.2715, Adv: 0.3957, OT-Reg: 0.001039) | OT inner objective: -0.0447 | Marginal residual row/col/max: 1.61e-05/1.62e-08/1.61e-05 | Train Acc: 0.3918 | Val Acc: 0.2000 | Val P/R/F1 (Macro): 0.3668/0.2511/0.2330 | LR: 0.000001
Epoch [78/100] | SVD update #78: pairs=440, sweeps=3, converged=False, rel_change=2.581e-03, effective_ranks=(325, 17), class_paired=True
Epoch [78/100] | Loss: 5.1228 (Cls: 5.0923, TAL: -0.1346, Adv: 0.5827, OT-Reg: 0.001093) | OT inner objective: 0.1043 | Marginal residual row/col/max: 4.31e-08/1.60e-08/4.76e-08 | Train Acc: 0.3750 | Val Acc: 0.1130 | Val P/R/F1 (Macro): 0.2148/0.1618/0.1170 | LR: 0.000001
Epoch [79/100] | SVD update #79: pairs=440, sweeps=3, converged=False, rel_change=3.339e-03, effective_ranks=(327, 16), class_paired=True
Epoch [79/100] | Loss: 5.1836 (Cls: 5.1819, TAL: -0.3192, Adv: 0.5004, OT-Reg: 0.001024) | OT inner objective: 0.0206 | Marginal residual row/col/max: 4.72e-05/1.85e-08/4.72e-05 | Train Acc: 0.3317 | Val Acc: 0.1913 | Val P/R/F1 (Macro): 0.2545/0.2565/0.1816 | LR: 0.000001
Epoch [80/100] | SVD update #80: pairs=440, sweeps=3, converged=False, rel_change=1.673e-02, effective_ranks=(325, 18), class_paired=True
Epoch [80/100] | Loss: 4.8272 (Cls: 4.8405, TAL: -0.3074, Adv: 0.2949, OT-Reg: 0.001013) | OT inner objective: -0.0004 | Marginal residual row/col/max: 1.33e-06/1.46e-08/1.33e-06 | Train Acc: 0.4495 | Val Acc: 0.2087 | Val P/R/F1 (Macro): 0.2827/0.2342/0.2119 | LR: 0.000001
Epoch [81/100] | SVD update #81: pairs=440, sweeps=3, converged=False, rel_change=9.657e-04, effective_ranks=(326, 18), class_paired=True
Epoch [81/100] | Loss: 4.8427 (Cls: 4.8370, TAL: -0.3046, Adv: 0.5291, OT-Reg: 0.001148) | OT inner objective: -0.0452 | Marginal residual row/col/max: 2.94e-06/1.00e-08/2.94e-06 | Train Acc: 0.3726 | Val Acc: 0.2000 | Val P/R/F1 (Macro): 0.2312/0.2491/0.1811 | LR: 0.000001
Epoch [82/100] | SVD update #82: pairs=440, sweeps=3, converged=False, rel_change=3.231e-03, effective_ranks=(325, 18), class_paired=True
Epoch [82/100] | Loss: 4.9959 (Cls: 4.9883, TAL: -0.2578, Adv: 0.4815, OT-Reg: 0.001058) | OT inner objective: 0.0500 | Marginal residual row/col/max: 1.55e-06/1.19e-08/1.55e-06 | Train Acc: 0.3462 | Val Acc: 0.1478 | Val P/R/F1 (Macro): 0.1994/0.2100/0.1416 | LR: 0.000001
Epoch [83/100] | SVD update #83: pairs=440, sweeps=3, converged=False, rel_change=8.345e-03, effective_ranks=(325, 16), class_paired=True
Epoch [83/100] | Loss: 5.1260 (Cls: 5.1055, TAL: -0.2135, Adv: 0.5767, OT-Reg: 0.001015) | OT inner objective: 0.0828 | Marginal residual row/col/max: 1.24e-07/1.56e-08/1.28e-07 | Train Acc: 0.3413 | Val Acc: 0.2000 | Val P/R/F1 (Macro): 0.2264/0.2235/0.1826 | LR: 0.000001
Epoch [84/100] | SVD update #84: pairs=440, sweeps=3, converged=False, rel_change=1.772e-02, effective_ranks=(323, 16), class_paired=True
Epoch [84/100] | Loss: 4.9316 (Cls: 4.9189, TAL: -0.2119, Adv: 0.4764, OT-Reg: 0.001008) | OT inner objective: 0.0029 | Marginal residual row/col/max: 1.46e-07/1.79e-08/1.51e-07 | Train Acc: 0.4135 | Val Acc: 0.2000 | Val P/R/F1 (Macro): 0.2803/0.2504/0.2097 | LR: 0.000001
Epoch [85/100] | SVD update #85: pairs=440, sweeps=3, converged=False, rel_change=4.244e-03, effective_ranks=(324, 17), class_paired=True
Epoch [85/100] | Loss: 4.7757 (Cls: 4.7832, TAL: -0.3090, Adv: 0.3689, OT-Reg: 0.001001) | OT inner objective: -0.0089 | Marginal residual row/col/max: 3.85e-06/1.55e-08/3.85e-06 | Train Acc: 0.3846 | Val Acc: 0.1826 | Val P/R/F1 (Macro): 0.2342/0.2350/0.1683 | LR: 0.000001
Epoch [86/100] | SVD update #86: pairs=440, sweeps=3, converged=False, rel_change=1.057e-03, effective_ranks=(326, 17), class_paired=True
Epoch [86/100] | Loss: 5.0141 (Cls: 5.0048, TAL: -0.2633, Adv: 0.5110, OT-Reg: 0.001044) | OT inner objective: 0.0023 | Marginal residual row/col/max: 9.32e-06/1.40e-08/9.32e-06 | Train Acc: 0.3798 | Val Acc: 0.2000 | Val P/R/F1 (Macro): 0.1929/0.2374/0.1617 | LR: 0.000001
Epoch [87/100] | SVD update #87: pairs=440, sweeps=3, converged=False, rel_change=9.595e-03, effective_ranks=(324, 17), class_paired=True
Epoch [87/100] | Loss: 5.0321 (Cls: 5.0024, TAL: -0.2461, Adv: 0.7405, OT-Reg: 0.001032) | OT inner objective: -0.0281 | Marginal residual row/col/max: 2.42e-06/1.23e-08/2.42e-06 | Train Acc: 0.4062 | Val Acc: 0.2174 | Val P/R/F1 (Macro): 0.2283/0.2466/0.2002 | LR: 0.000001
Epoch [88/100] | SVD update #88: pairs=440, sweeps=3, converged=False, rel_change=2.410e-04, effective_ranks=(325, 16), class_paired=True
Epoch [88/100] | Loss: 4.8368 (Cls: 4.8206, TAL: -0.2516, Adv: 0.5795, OT-Reg: 0.001009) | OT inner objective: 0.0476 | Marginal residual row/col/max: 1.62e-07/1.39e-08/1.64e-07 | Train Acc: 0.3702 | Val Acc: 0.1913 | Val P/R/F1 (Macro): 0.2221/0.2515/0.1848 | LR: 0.000001
Epoch [89/100] | SVD update #89: pairs=440, sweeps=3, converged=False, rel_change=1.140e-02, effective_ranks=(325, 17), class_paired=True
Epoch [89/100] | Loss: 4.9534 (Cls: 4.9565, TAL: -0.3168, Adv: 0.4371, OT-Reg: 0.001028) | OT inner objective: 0.0056 | Marginal residual row/col/max: 1.05e-04/1.53e-08/1.05e-04 | Train Acc: 0.3894 | Val Acc: 0.1913 | Val P/R/F1 (Macro): 0.2411/0.1939/0.1726 | LR: 0.000001
Epoch [90/100] | SVD update #90: pairs=440, sweeps=3, converged=False, rel_change=8.490e-03, effective_ranks=(325, 16), class_paired=True
Epoch [90/100] | Loss: 5.2534 (Cls: 5.2508, TAL: -0.2276, Adv: 0.3739, OT-Reg: 0.001023) | OT inner objective: -0.0060 | Marginal residual row/col/max: 1.18e-05/1.32e-08/1.19e-05 | Train Acc: 0.3413 | Val Acc: 0.1739 | Val P/R/F1 (Macro): 0.2958/0.2209/0.1832 | LR: 0.000001
Epoch [91/100] | SVD update #91: pairs=440, sweeps=3, converged=False, rel_change=9.965e-04, effective_ranks=(323, 18), class_paired=True
Epoch [91/100] | Loss: 4.8803 (Cls: 4.8665, TAL: -0.2418, Adv: 0.5355, OT-Reg: 0.001041) | OT inner objective: 0.0245 | Marginal residual row/col/max: 7.55e-07/1.58e-08/7.55e-07 | Train Acc: 0.4062 | Val Acc: 0.2348 | Val P/R/F1 (Macro): 0.3404/0.2900/0.2317 | LR: 0.000001
Epoch [92/100] | SVD update #92: pairs=440, sweeps=3, converged=False, rel_change=6.383e-03, effective_ranks=(324, 18), class_paired=True
Epoch [92/100] | Loss: 4.9029 (Cls: 4.8768, TAL: -0.2532, Adv: 0.7066, OT-Reg: 0.001039) | OT inner objective: 0.0143 | Marginal residual row/col/max: 1.70e-06/1.10e-08/1.70e-06 | Train Acc: 0.3846 | Val Acc: 0.2348 | Val P/R/F1 (Macro): 0.2455/0.2743/0.2013 | LR: 0.000001
Epoch [93/100] | SVD update #93: pairs=440, sweeps=3, converged=False, rel_change=9.382e-03, effective_ranks=(323, 18), class_paired=True
Epoch [93/100] | Loss: 4.9393 (Cls: 4.9271, TAL: -0.2671, Adv: 0.5529, OT-Reg: 0.001004) | OT inner objective: -0.0201 | Marginal residual row/col/max: 1.83e-05/1.45e-08/1.83e-05 | Train Acc: 0.3870 | Val Acc: 0.2609 | Val P/R/F1 (Macro): 0.4124/0.3316/0.2871 | LR: 0.000001
Epoch [94/100] | SVD update #94: pairs=440, sweeps=3, converged=False, rel_change=6.911e-04, effective_ranks=(324, 18), class_paired=True
Epoch [94/100] | Loss: 4.8958 (Cls: 4.8898, TAL: -0.2814, Adv: 0.4974, OT-Reg: 0.001031) | OT inner objective: -0.0396 | Marginal residual row/col/max: 1.72e-05/1.33e-08/1.72e-05 | Train Acc: 0.3654 | Val Acc: 0.2000 | Val P/R/F1 (Macro): 0.2453/0.2699/0.1958 | LR: 0.000001
Epoch [95/100] | SVD update #95: pairs=440, sweeps=3, converged=False, rel_change=9.329e-04, effective_ranks=(325, 18), class_paired=True
Epoch [95/100] | Loss: 4.7045 (Cls: 4.7003, TAL: -0.2990, Adv: 0.5001, OT-Reg: 0.001094) | OT inner objective: 0.0611 | Marginal residual row/col/max: 2.72e-07/1.00e-08/2.73e-07 | Train Acc: 0.4327 | Val Acc: 0.2000 | Val P/R/F1 (Macro): 0.3830/0.2555/0.2415 | LR: 0.000001
Epoch [96/100] | SVD update #96: pairs=440, sweeps=3, converged=False, rel_change=2.109e-03, effective_ranks=(327, 17), class_paired=True
Epoch [96/100] | Loss: 4.9001 (Cls: 4.8792, TAL: -0.2831, Adv: 0.6869, OT-Reg: 0.001033) | OT inner objective: -0.0193 | Marginal residual row/col/max: 5.61e-05/1.46e-08/5.61e-05 | Train Acc: 0.3990 | Val Acc: 0.2435 | Val P/R/F1 (Macro): 0.3679/0.2841/0.2465 | LR: 0.000001
Epoch [97/100] | SVD update #97: pairs=440, sweeps=3, converged=False, rel_change=4.862e-03, effective_ranks=(325, 17), class_paired=True
Epoch [97/100] | Loss: 4.7509 (Cls: 4.7577, TAL: -0.3467, Adv: 0.4344, OT-Reg: 0.001068) | OT inner objective: -0.0007 | Marginal residual row/col/max: 1.96e-05/1.30e-08/1.96e-05 | Train Acc: 0.4351 | Val Acc: 0.2435 | Val P/R/F1 (Macro): 0.3787/0.3044/0.2513 | LR: 0.000001
Epoch [98/100] | SVD update #98: pairs=440, sweeps=3, converged=False, rel_change=1.253e-03, effective_ranks=(325, 18), class_paired=True
Epoch [98/100] | Loss: 4.7557 (Cls: 4.7455, TAL: -0.2863, Adv: 0.5563, OT-Reg: 0.001051) | OT inner objective: 0.0177 | Marginal residual row/col/max: 4.99e-07/1.65e-08/4.99e-07 | Train Acc: 0.3942 | Val Acc: 0.1913 | Val P/R/F1 (Macro): 0.2878/0.2629/0.2080 | LR: 0.000001
Epoch [99/100] | SVD update #99: pairs=440, sweeps=3, converged=False, rel_change=2.328e-03, effective_ranks=(324, 18), class_paired=True
Epoch [99/100] | Loss: 4.7892 (Cls: 4.7780, TAL: -0.3153, Adv: 0.6139, OT-Reg: 0.001037) | OT inner objective: -0.0474 | Marginal residual row/col/max: 1.15e-05/1.09e-08/1.15e-05 | Train Acc: 0.4231 | Val Acc: 0.1913 | Val P/R/F1 (Macro): 0.2991/0.2630/0.2067 | LR: 0.000001
Epoch [100/100] | SVD update #100: pairs=440, sweeps=3, converged=False, rel_change=1.586e-03, effective_ranks=(326, 17), class_paired=True
Epoch [100/100] | Loss: 4.9754 (Cls: 4.9536, TAL: -0.3046, Adv: 0.7294, OT-Reg: 0.001066) | OT inner objective: 0.0507 | Marginal residual row/col/max: 5.38e-07/1.46e-08/5.39e-07 | Train Acc: 0.4038 | Val Acc: 0.2087 | Val P/R/F1 (Macro): 0.2485/0.2851/0.2117 | LR: 0.000001
Report strategy: last_window, window=10, reported_acc=0.2209, best_acc=0.3565

迭代 4 报告指标:
  Accuracy: 0.2209
  Precision (Macro): 0.3209
  Recall (Macro): 0.2821
  F1 (Macro): 0.2281
  Precision (Micro): 0.2209
  Recall (Micro): 0.2209
  F1 (Micro): 0.2209
  Val class coverage: 9/14 (0.6429), samples=115

================================================================================
迭代 5/5
随机种子: 46
================================================================================
Training mode: full target-label supervision (class-paired batches).
Feature fusion: Tensor alignment (512+512 -> 64+64); fused_dim=128
Domain adaptation: Neural OT generator with 3-domain discriminator
Loss weights: tensor=0.12, adv=0.08
Transport: mode=sinkhorn, epsilon=0.1, Sinkhorn iterations=50, correction scale=0.1, correction regularization weight=0.001
Tensor projection update: once per epoch from the complete target-training pairing bank; projection_dim=64, max_sweeps=3, relative singular-value tolerance=0.0001
Epoch [1/100] | SVD update #1: pairs=440, sweeps=3, converged=False, rel_change=6.843e-04, effective_ranks=(327, 112), class_paired=True
Epoch [1/100] | Loss: 7.4536 (Cls: 7.4477, TAL: -0.0747, Adv: 0.1857, OT-Reg: 0.001299) | OT inner objective: 0.2794 | Marginal residual row/col/max: 1.03e-08/1.05e-08/1.09e-08 | Train Acc: 0.1851 | Val Acc: 0.1043 | Val P/R/F1 (Macro): 0.1049/0.1551/0.0728 | LR: 0.000005
  >>> New Best Val Acc: 0.1043
Epoch [2/100] | SVD update #2: pairs=440, sweeps=3, converged=False, rel_change=2.257e-01, effective_ranks=(327, 58), class_paired=True
Epoch [2/100] | Loss: 7.5663 (Cls: 7.5475, TAL: 0.0213, Adv: 0.2039, OT-Reg: 0.001279) | OT inner objective: 0.2754 | Marginal residual row/col/max: 9.74e-09/1.23e-08/1.23e-08 | Train Acc: 0.1322 | Val Acc: 0.2000 | Val P/R/F1 (Macro): 0.1785/0.2263/0.1503 | LR: 0.000005
  >>> New Best Val Acc: 0.2000
Epoch [3/100] | SVD update #3: pairs=440, sweeps=3, converged=False, rel_change=4.046e-01, effective_ranks=(326, 53), class_paired=True
Epoch [3/100] | Loss: 7.9952 (Cls: 7.9781, TAL: 0.0064, Adv: 0.2039, OT-Reg: 0.001351) | OT inner objective: 0.2332 | Marginal residual row/col/max: 1.03e-08/1.55e-08/1.59e-08 | Train Acc: 0.1346 | Val Acc: 0.2087 | Val P/R/F1 (Macro): 0.3624/0.2899/0.2238 | LR: 0.000005
  >>> New Best Val Acc: 0.2087
Epoch [4/100] | SVD update #4: pairs=440, sweeps=3, converged=False, rel_change=8.938e-02, effective_ranks=(323, 31), class_paired=True
Epoch [4/100] | Loss: 7.5647 (Cls: 7.5566, TAL: -0.0682, Adv: 0.2035, OT-Reg: 0.001324) | OT inner objective: 0.2165 | Marginal residual row/col/max: 1.13e-08/1.10e-08/1.30e-08 | Train Acc: 0.1322 | Val Acc: 0.2261 | Val P/R/F1 (Macro): 0.3921/0.2594/0.1812 | LR: 0.000005
  >>> New Best Val Acc: 0.2261
Epoch [5/100] | SVD update #5: pairs=440, sweeps=3, converged=False, rel_change=2.965e-01, effective_ranks=(313, 30), class_paired=True
Epoch [5/100] | Loss: 7.1236 (Cls: 7.1067, TAL: 0.0111, Adv: 0.1946, OT-Reg: 0.001265) | OT inner objective: 0.2232 | Marginal residual row/col/max: 1.26e-08/1.82e-08/2.02e-08 | Train Acc: 0.1635 | Val Acc: 0.2348 | Val P/R/F1 (Macro): 0.2692/0.3271/0.2339 | LR: 0.000005
  >>> New Best Val Acc: 0.2348
Epoch [6/100] | SVD update #6: pairs=440, sweeps=3, converged=False, rel_change=1.895e-01, effective_ranks=(326, 31), class_paired=True
Epoch [6/100] | Loss: 7.0174 (Cls: 7.0135, TAL: -0.1004, Adv: 0.1996, OT-Reg: 0.001232) | OT inner objective: 0.2109 | Marginal residual row/col/max: 1.16e-08/2.01e-08/2.02e-08 | Train Acc: 0.1370 | Val Acc: 0.2261 | Val P/R/F1 (Macro): 0.3513/0.2387/0.2228 | LR: 0.000005
Epoch [7/100] | SVD update #7: pairs=440, sweeps=3, converged=False, rel_change=1.119e-01, effective_ranks=(324, 28), class_paired=True
Epoch [7/100] | Loss: 6.9076 (Cls: 6.8929, TAL: 0.0086, Adv: 0.1714, OT-Reg: 0.001371) | OT inner objective: 0.1370 | Marginal residual row/col/max: 6.01e-07/1.29e-08/6.03e-07 | Train Acc: 0.2019 | Val Acc: 0.2522 | Val P/R/F1 (Macro): 0.3441/0.1837/0.1790 | LR: 0.000005
  >>> New Best Val Acc: 0.2522
Epoch [8/100] | SVD update #8: pairs=440, sweeps=3, converged=False, rel_change=1.502e-01, effective_ranks=(320, 16), class_paired=True
Epoch [8/100] | Loss: 6.7213 (Cls: 6.7010, TAL: 0.0599, Adv: 0.1638, OT-Reg: 0.001349) | OT inner objective: 0.0773 | Marginal residual row/col/max: 2.39e-05/1.82e-08/2.39e-05 | Train Acc: 0.1995 | Val Acc: 0.2435 | Val P/R/F1 (Macro): 0.2947/0.2193/0.2098 | LR: 0.000005
Epoch [9/100] | SVD update #9: pairs=440, sweeps=3, converged=False, rel_change=1.190e-01, effective_ranks=(315, 19), class_paired=True
Epoch [9/100] | Loss: 6.8909 (Cls: 6.8734, TAL: 0.0142, Adv: 0.1971, OT-Reg: 0.001169) | OT inner objective: 0.0481 | Marginal residual row/col/max: 2.96e-05/1.42e-08/2.96e-05 | Train Acc: 0.1851 | Val Acc: 0.2261 | Val P/R/F1 (Macro): 0.1674/0.2232/0.1557 | LR: 0.000005
Epoch [10/100] | SVD update #10: pairs=440, sweeps=3, converged=False, rel_change=1.893e-01, effective_ranks=(317, 16), class_paired=True
Epoch [10/100] | Loss: 6.2995 (Cls: 6.2956, TAL: -0.1028, Adv: 0.2038, OT-Reg: 0.001270) | OT inner objective: 0.0035 | Marginal residual row/col/max: 5.29e-05/1.75e-08/5.29e-05 | Train Acc: 0.1875 | Val Acc: 0.3217 | Val P/R/F1 (Macro): 0.2780/0.3412/0.2633 | LR: 0.000005
  >>> New Best Val Acc: 0.3217
Epoch [11/100] | SVD update #11: pairs=440, sweeps=3, converged=False, rel_change=1.661e-02, effective_ranks=(325, 18), class_paired=True
Epoch [11/100] | Loss: 6.5598 (Cls: 6.5561, TAL: -0.1001, Adv: 0.1964, OT-Reg: 0.001310) | OT inner objective: 0.0573 | Marginal residual row/col/max: 1.18e-05/2.13e-08/1.18e-05 | Train Acc: 0.2019 | Val Acc: 0.4174 | Val P/R/F1 (Macro): 0.3701/0.3569/0.3049 | LR: 0.000005
  >>> New Best Val Acc: 0.4174
Epoch [12/100] | SVD update #12: pairs=440, sweeps=3, converged=False, rel_change=5.978e-02, effective_ranks=(323, 16), class_paired=True
Epoch [12/100] | Loss: 6.4502 (Cls: 6.4518, TAL: -0.1570, Adv: 0.2159, OT-Reg: 0.001330) | OT inner objective: -0.0179 | Marginal residual row/col/max: 1.67e-05/1.42e-08/1.67e-05 | Train Acc: 0.2668 | Val Acc: 0.3217 | Val P/R/F1 (Macro): 0.3269/0.3170/0.2346 | LR: 0.000005
Epoch [13/100] | SVD update #13: pairs=440, sweeps=3, converged=False, rel_change=3.368e-02, effective_ranks=(323, 15), class_paired=True
Epoch [13/100] | Loss: 6.1621 (Cls: 6.1447, TAL: 0.0040, Adv: 0.2109, OT-Reg: 0.001249) | OT inner objective: 0.0352 | Marginal residual row/col/max: 1.73e-05/1.83e-08/1.73e-05 | Train Acc: 0.2620 | Val Acc: 0.4435 | Val P/R/F1 (Macro): 0.5494/0.4439/0.4172 | LR: 0.000005
  >>> New Best Val Acc: 0.4435
Epoch [14/100] | SVD update #14: pairs=440, sweeps=3, converged=False, rel_change=9.102e-02, effective_ranks=(325, 20), class_paired=True
Epoch [14/100] | Loss: 6.0989 (Cls: 6.0878, TAL: -0.0701, Adv: 0.2436, OT-Reg: 0.001364) | OT inner objective: 0.0679 | Marginal residual row/col/max: 9.91e-07/1.86e-08/9.95e-07 | Train Acc: 0.2260 | Val Acc: 0.4087 | Val P/R/F1 (Macro): 0.3706/0.4461/0.3657 | LR: 0.000005
Epoch [15/100] | SVD update #15: pairs=440, sweeps=3, converged=False, rel_change=3.457e-01, effective_ranks=(327, 18), class_paired=True
Epoch [15/100] | Loss: 7.0076 (Cls: 7.0067, TAL: -0.1261, Adv: 0.2006, OT-Reg: 0.001281) | OT inner objective: 0.1060 | Marginal residual row/col/max: 1.15e-06/1.92e-08/1.15e-06 | Train Acc: 0.1947 | Val Acc: 0.1652 | Val P/R/F1 (Macro): 0.1334/0.3247/0.1635 | LR: 0.000005
Epoch [16/100] | SVD update #16: pairs=440, sweeps=3, converged=False, rel_change=2.414e-01, effective_ranks=(321, 18), class_paired=True
Epoch [16/100] | Loss: 6.5157 (Cls: 6.4948, TAL: 0.0543, Adv: 0.1793, OT-Reg: 0.001236) | OT inner objective: 0.1030 | Marginal residual row/col/max: 4.38e-05/1.43e-08/4.38e-05 | Train Acc: 0.1250 | Val Acc: 0.1565 | Val P/R/F1 (Macro): 0.1102/0.2063/0.1073 | LR: 0.000005
Epoch [17/100] | SVD update #17: pairs=440, sweeps=3, converged=False, rel_change=8.318e-02, effective_ranks=(313, 17), class_paired=True
Epoch [17/100] | Loss: 6.2796 (Cls: 6.2731, TAL: -0.0805, Adv: 0.2029, OT-Reg: 0.001250) | OT inner objective: -0.0019 | Marginal residual row/col/max: 5.88e-05/1.17e-08/5.88e-05 | Train Acc: 0.2308 | Val Acc: 0.2087 | Val P/R/F1 (Macro): 0.3924/0.2521/0.1895 | LR: 0.000005
Epoch [18/100] | SVD update #18: pairs=440, sweeps=3, converged=False, rel_change=3.184e-02, effective_ranks=(326, 20), class_paired=True
Epoch [18/100] | Loss: 6.2115 (Cls: 6.2069, TAL: -0.0801, Adv: 0.1775, OT-Reg: 0.001281) | OT inner objective: 0.1400 | Marginal residual row/col/max: 8.28e-06/1.59e-08/8.28e-06 | Train Acc: 0.1611 | Val Acc: 0.0870 | Val P/R/F1 (Macro): 0.1123/0.1416/0.0963 | LR: 0.000005
Epoch [19/100] | SVD update #19: pairs=440, sweeps=3, converged=False, rel_change=3.410e-01, effective_ranks=(321, 18), class_paired=True
Epoch [19/100] | Loss: 6.1563 (Cls: 6.1488, TAL: -0.0725, Adv: 0.2021, OT-Reg: 0.001225) | OT inner objective: 0.0284 | Marginal residual row/col/max: 9.14e-05/1.69e-08/9.14e-05 | Train Acc: 0.2043 | Val Acc: 0.1478 | Val P/R/F1 (Macro): 0.1545/0.1971/0.1107 | LR: 0.000005
Epoch [20/100] | SVD update #20: pairs=440, sweeps=3, converged=False, rel_change=1.152e-01, effective_ranks=(323, 16), class_paired=True
Epoch [20/100] | Loss: 5.8595 (Cls: 5.8587, TAL: -0.1156, Adv: 0.1826, OT-Reg: 0.001202) | OT inner objective: 0.0182 | Marginal residual row/col/max: 1.25e-04/1.48e-08/1.25e-04 | Train Acc: 0.2163 | Val Acc: 0.2870 | Val P/R/F1 (Macro): 0.2878/0.3068/0.2284 | LR: 0.000005
Epoch [21/100] | SVD update #21: pairs=440, sweeps=3, converged=False, rel_change=1.259e-02, effective_ranks=(326, 15), class_paired=True
Epoch [21/100] | Loss: 5.7497 (Cls: 5.7572, TAL: -0.1776, Adv: 0.1725, OT-Reg: 0.001254) | OT inner objective: 0.0034 | Marginal residual row/col/max: 4.65e-05/1.23e-08/4.65e-05 | Train Acc: 0.2236 | Val Acc: 0.1130 | Val P/R/F1 (Macro): 0.1973/0.2056/0.1318 | LR: 0.000005
Epoch [22/100] | SVD update #22: pairs=440, sweeps=3, converged=False, rel_change=2.138e-02, effective_ranks=(325, 22), class_paired=True
Epoch [22/100] | Loss: 6.1622 (Cls: 6.1679, TAL: -0.1742, Adv: 0.1907, OT-Reg: 0.001239) | OT inner objective: 0.0729 | Marginal residual row/col/max: 9.14e-06/1.86e-08/9.14e-06 | Train Acc: 0.1923 | Val Acc: 0.3043 | Val P/R/F1 (Macro): 0.3403/0.3393/0.2574 | LR: 0.000005
Epoch [23/100] | SVD update #23: pairs=440, sweeps=3, converged=False, rel_change=4.181e-02, effective_ranks=(319, 15), class_paired=True
Epoch [23/100] | Loss: 6.4995 (Cls: 6.4934, TAL: -0.1229, Adv: 0.2608, OT-Reg: 0.001160) | OT inner objective: -0.0118 | Marginal residual row/col/max: 2.55e-05/1.30e-08/2.55e-05 | Train Acc: 0.1611 | Val Acc: 0.1913 | Val P/R/F1 (Macro): 0.1679/0.1653/0.1285 | LR: 0.000005
Epoch [24/100] | SVD update #24: pairs=440, sweeps=3, converged=False, rel_change=4.626e-02, effective_ranks=(326, 20), class_paired=True
Epoch [24/100] | Loss: 6.1224 (Cls: 6.1117, TAL: -0.0191, Adv: 0.1617, OT-Reg: 0.001191) | OT inner objective: 0.0451 | Marginal residual row/col/max: 1.09e-05/1.09e-08/1.09e-05 | Train Acc: 0.1562 | Val Acc: 0.1826 | Val P/R/F1 (Macro): 0.2787/0.2619/0.1754 | LR: 0.000003
Epoch [25/100] | SVD update #25: pairs=440, sweeps=3, converged=False, rel_change=9.125e-02, effective_ranks=(324, 17), class_paired=True
Epoch [25/100] | Loss: 5.7743 (Cls: 5.7787, TAL: -0.1590, Adv: 0.1834, OT-Reg: 0.001146) | OT inner objective: -0.0224 | Marginal residual row/col/max: 4.61e-05/1.38e-08/4.61e-05 | Train Acc: 0.2356 | Val Acc: 0.2261 | Val P/R/F1 (Macro): 0.3407/0.3240/0.2114 | LR: 0.000003
Epoch [26/100] | SVD update #26: pairs=440, sweeps=3, converged=False, rel_change=4.729e-02, effective_ranks=(324, 17), class_paired=True
Epoch [26/100] | Loss: 5.9308 (Cls: 5.9320, TAL: -0.1491, Adv: 0.2082, OT-Reg: 0.001228) | OT inner objective: 0.0114 | Marginal residual row/col/max: 2.06e-05/1.17e-08/2.06e-05 | Train Acc: 0.2356 | Val Acc: 0.2348 | Val P/R/F1 (Macro): 0.2392/0.2144/0.1513 | LR: 0.000003
Epoch [27/100] | SVD update #27: pairs=440, sweeps=3, converged=False, rel_change=1.035e-01, effective_ranks=(319, 13), class_paired=True
Epoch [27/100] | Loss: 6.8006 (Cls: 6.7880, TAL: -0.0684, Adv: 0.2605, OT-Reg: 0.001218) | OT inner objective: 0.0409 | Marginal residual row/col/max: 5.61e-05/1.40e-08/5.61e-05 | Train Acc: 0.2764 | Val Acc: 0.1826 | Val P/R/F1 (Macro): 0.2944/0.3050/0.2006 | LR: 0.000003
Epoch [28/100] | SVD update #28: pairs=440, sweeps=3, converged=False, rel_change=5.880e-02, effective_ranks=(314, 14), class_paired=True
Epoch [28/100] | Loss: 6.3065 (Cls: 6.2927, TAL: -0.0070, Adv: 0.1821, OT-Reg: 0.001268) | OT inner objective: 0.0242 | Marginal residual row/col/max: 1.72e-05/1.07e-08/1.72e-05 | Train Acc: 0.2067 | Val Acc: 0.1826 | Val P/R/F1 (Macro): 0.2377/0.1720/0.1336 | LR: 0.000003
Epoch [29/100] | SVD update #29: pairs=440, sweeps=3, converged=False, rel_change=1.008e-01, effective_ranks=(320, 18), class_paired=True
Epoch [29/100] | Loss: 5.8759 (Cls: 5.8676, TAL: -0.0920, Adv: 0.2418, OT-Reg: 0.001286) | OT inner objective: 0.0387 | Marginal residual row/col/max: 4.66e-06/1.00e-08/4.66e-06 | Train Acc: 0.2067 | Val Acc: 0.1826 | Val P/R/F1 (Macro): 0.1320/0.2692/0.1594 | LR: 0.000003
Epoch [30/100] | SVD update #30: pairs=440, sweeps=3, converged=False, rel_change=1.962e-02, effective_ranks=(326, 20), class_paired=True
Epoch [30/100] | Loss: 5.6259 (Cls: 5.6298, TAL: -0.2010, Adv: 0.2529, OT-Reg: 0.001194) | OT inner objective: 0.0310 | Marginal residual row/col/max: 3.40e-06/1.68e-08/3.40e-06 | Train Acc: 0.2572 | Val Acc: 0.1565 | Val P/R/F1 (Macro): 0.2523/0.2163/0.1583 | LR: 0.000003
Epoch [31/100] | SVD update #31: pairs=440, sweeps=3, converged=False, rel_change=1.021e-01, effective_ranks=(321, 21), class_paired=True
Epoch [31/100] | Loss: 5.8750 (Cls: 5.8578, TAL: -0.0293, Adv: 0.2598, OT-Reg: 0.001271) | OT inner objective: 0.0543 | Marginal residual row/col/max: 4.02e-06/1.19e-08/4.02e-06 | Train Acc: 0.2019 | Val Acc: 0.1826 | Val P/R/F1 (Macro): 0.2670/0.2403/0.1607 | LR: 0.000003
Epoch [32/100] | SVD update #32: pairs=440, sweeps=3, converged=False, rel_change=1.581e-01, effective_ranks=(324, 23), class_paired=True
Epoch [32/100] | Loss: 5.6410 (Cls: 5.6077, TAL: 0.0310, Adv: 0.3695, OT-Reg: 0.001316) | OT inner objective: 0.0172 | Marginal residual row/col/max: 1.03e-05/1.26e-08/1.03e-05 | Train Acc: 0.2260 | Val Acc: 0.1217 | Val P/R/F1 (Macro): 0.1341/0.1811/0.1009 | LR: 0.000003
Epoch [33/100] | SVD update #33: pairs=440, sweeps=3, converged=False, rel_change=4.710e-02, effective_ranks=(324, 17), class_paired=True
Epoch [33/100] | Loss: 5.6701 (Cls: 5.6465, TAL: -0.0368, Adv: 0.3505, OT-Reg: 0.001091) | OT inner objective: 0.0614 | Marginal residual row/col/max: 1.02e-04/2.42e-08/1.02e-04 | Train Acc: 0.2236 | Val Acc: 0.3130 | Val P/R/F1 (Macro): 0.2321/0.2696/0.2280 | LR: 0.000003
Epoch [34/100] | SVD update #34: pairs=440, sweeps=3, converged=False, rel_change=5.666e-02, effective_ranks=(321, 18), class_paired=True
Epoch [34/100] | Loss: 5.5624 (Cls: 5.5607, TAL: -0.1538, Adv: 0.2515, OT-Reg: 0.001272) | OT inner objective: -0.0151 | Marginal residual row/col/max: 1.05e-05/1.49e-08/1.05e-05 | Train Acc: 0.2596 | Val Acc: 0.2435 | Val P/R/F1 (Macro): 0.4231/0.2206/0.2262 | LR: 0.000003
Epoch [35/100] | SVD update #35: pairs=440, sweeps=3, converged=False, rel_change=6.665e-02, effective_ranks=(324, 18), class_paired=True
Epoch [35/100] | Loss: 5.7103 (Cls: 5.7089, TAL: -0.1235, Adv: 0.2029, OT-Reg: 0.001225) | OT inner objective: 0.0116 | Marginal residual row/col/max: 2.25e-05/1.49e-08/2.25e-05 | Train Acc: 0.2548 | Val Acc: 0.2261 | Val P/R/F1 (Macro): 0.2741/0.3091/0.2231 | LR: 0.000001
Epoch [36/100] | SVD update #36: pairs=440, sweeps=3, converged=False, rel_change=5.254e-02, effective_ranks=(323, 19), class_paired=True
Epoch [36/100] | Loss: 6.0925 (Cls: 6.0811, TAL: -0.1560, Adv: 0.3770, OT-Reg: 0.001135) | OT inner objective: -0.0373 | Marginal residual row/col/max: 1.55e-04/1.82e-08/1.55e-04 | Train Acc: 0.1947 | Val Acc: 0.2174 | Val P/R/F1 (Macro): 0.2829/0.2807/0.2186 | LR: 0.000001
Epoch [37/100] | SVD update #37: pairs=440, sweeps=3, converged=False, rel_change=6.638e-03, effective_ranks=(323, 19), class_paired=True
Epoch [37/100] | Loss: 5.4592 (Cls: 5.4453, TAL: -0.1378, Adv: 0.3805, OT-Reg: 0.001221) | OT inner objective: -0.0415 | Marginal residual row/col/max: 6.26e-05/1.03e-08/6.26e-05 | Train Acc: 0.2380 | Val Acc: 0.2435 | Val P/R/F1 (Macro): 0.2037/0.2303/0.1728 | LR: 0.000001
Epoch [38/100] | SVD update #38: pairs=440, sweeps=3, converged=False, rel_change=3.480e-02, effective_ranks=(324, 23), class_paired=True
Epoch [38/100] | Loss: 5.6122 (Cls: 5.5907, TAL: -0.0248, Adv: 0.3058, OT-Reg: 0.001187) | OT inner objective: -0.0177 | Marginal residual row/col/max: 4.07e-05/1.19e-08/4.07e-05 | Train Acc: 0.1947 | Val Acc: 0.2522 | Val P/R/F1 (Macro): 0.1804/0.2280/0.1589 | LR: 0.000001
Epoch [39/100] | SVD update #39: pairs=440, sweeps=3, converged=False, rel_change=1.836e-02, effective_ranks=(325, 19), class_paired=True
Epoch [39/100] | Loss: 5.4526 (Cls: 5.4393, TAL: -0.1547, Adv: 0.3990, OT-Reg: 0.001201) | OT inner objective: 0.0327 | Marginal residual row/col/max: 7.11e-05/1.55e-08/7.11e-05 | Train Acc: 0.2620 | Val Acc: 0.3217 | Val P/R/F1 (Macro): 0.2131/0.2785/0.1869 | LR: 0.000001
Epoch [40/100] | SVD update #40: pairs=440, sweeps=3, converged=False, rel_change=2.755e-02, effective_ranks=(327, 20), class_paired=True
Epoch [40/100] | Loss: 5.4852 (Cls: 5.4771, TAL: -0.1624, Adv: 0.3458, OT-Reg: 0.001278) | OT inner objective: 0.0722 | Marginal residual row/col/max: 2.80e-06/1.20e-08/2.80e-06 | Train Acc: 0.2668 | Val Acc: 0.3217 | Val P/R/F1 (Macro): 0.1906/0.2812/0.2202 | LR: 0.000001
Epoch [41/100] | SVD update #41: pairs=440, sweeps=3, converged=False, rel_change=5.460e-02, effective_ranks=(325, 24), class_paired=True
Epoch [41/100] | Loss: 5.2831 (Cls: 5.2678, TAL: -0.1411, Adv: 0.4023, OT-Reg: 0.001254) | OT inner objective: 0.0463 | Marginal residual row/col/max: 8.44e-06/1.33e-08/8.44e-06 | Train Acc: 0.2885 | Val Acc: 0.2957 | Val P/R/F1 (Macro): 0.2843/0.3583/0.2582 | LR: 0.000001
Epoch [42/100] | SVD update #42: pairs=440, sweeps=3, converged=False, rel_change=1.779e-02, effective_ranks=(325, 24), class_paired=True
Epoch [42/100] | Loss: 5.5265 (Cls: 5.5045, TAL: -0.0692, Adv: 0.3790, OT-Reg: 0.001193) | OT inner objective: 0.0346 | Marginal residual row/col/max: 1.40e-05/1.35e-08/1.40e-05 | Train Acc: 0.2716 | Val Acc: 0.2000 | Val P/R/F1 (Macro): 0.3596/0.2805/0.2239 | LR: 0.000001
Epoch [43/100] | SVD update #43: pairs=440, sweeps=3, converged=False, rel_change=2.632e-02, effective_ranks=(324, 24), class_paired=True
Epoch [43/100] | Loss: 5.8111 (Cls: 5.7850, TAL: -0.1421, Adv: 0.5397, OT-Reg: 0.001117) | OT inner objective: 0.0413 | Marginal residual row/col/max: 4.08e-05/2.75e-08/4.08e-05 | Train Acc: 0.2524 | Val Acc: 0.2957 | Val P/R/F1 (Macro): 0.4011/0.2966/0.2610 | LR: 0.000001
Epoch [44/100] | SVD update #44: pairs=440, sweeps=3, converged=False, rel_change=5.386e-02, effective_ranks=(326, 24), class_paired=True
Epoch [44/100] | Loss: 5.3013 (Cls: 5.2882, TAL: -0.2185, Adv: 0.4910, OT-Reg: 0.001272) | OT inner objective: 0.0731 | Marginal residual row/col/max: 6.32e-07/1.85e-08/6.34e-07 | Train Acc: 0.3582 | Val Acc: 0.2696 | Val P/R/F1 (Macro): 0.3061/0.2918/0.2155 | LR: 0.000001
Epoch [45/100] | SVD update #45: pairs=440, sweeps=3, converged=False, rel_change=1.524e-02, effective_ranks=(326, 25), class_paired=True
Epoch [45/100] | Loss: 5.8628 (Cls: 5.8504, TAL: -0.1718, Adv: 0.4130, OT-Reg: 0.001259) | OT inner objective: 0.0672 | Marginal residual row/col/max: 4.55e-07/1.58e-08/4.57e-07 | Train Acc: 0.2620 | Val Acc: 0.1565 | Val P/R/F1 (Macro): 0.0959/0.1811/0.1051 | LR: 0.000001
Epoch [46/100] | SVD update #46: pairs=440, sweeps=3, converged=False, rel_change=2.516e-02, effective_ranks=(325, 23), class_paired=True
Epoch [46/100] | Loss: 5.3692 (Cls: 5.3358, TAL: -0.1352, Adv: 0.6197, OT-Reg: 0.001196) | OT inner objective: 0.1255 | Marginal residual row/col/max: 2.54e-08/1.92e-08/2.85e-08 | Train Acc: 0.3125 | Val Acc: 0.2696 | Val P/R/F1 (Macro): 0.3598/0.3881/0.2912 | LR: 0.000001
Epoch [47/100] | SVD update #47: pairs=440, sweeps=3, converged=False, rel_change=3.482e-02, effective_ranks=(326, 26), class_paired=True
Epoch [47/100] | Loss: 5.3379 (Cls: 5.3198, TAL: -0.1285, Adv: 0.4195, OT-Reg: 0.001240) | OT inner objective: 0.0951 | Marginal residual row/col/max: 1.51e-05/1.42e-08/1.51e-05 | Train Acc: 0.3197 | Val Acc: 0.2609 | Val P/R/F1 (Macro): 0.3936/0.2827/0.2670 | LR: 0.000001
Epoch [48/100] | SVD update #48: pairs=440, sweeps=3, converged=False, rel_change=4.223e-02, effective_ranks=(325, 29), class_paired=True
Epoch [48/100] | Loss: 5.4564 (Cls: 5.4370, TAL: -0.1284, Adv: 0.4346, OT-Reg: 0.001285) | OT inner objective: 0.0678 | Marginal residual row/col/max: 1.54e-07/1.10e-08/1.55e-07 | Train Acc: 0.3101 | Val Acc: 0.2435 | Val P/R/F1 (Macro): 0.2238/0.2854/0.2121 | LR: 0.000001
Epoch [49/100] | SVD update #49: pairs=440, sweeps=3, converged=False, rel_change=3.899e-02, effective_ranks=(324, 26), class_paired=True
Epoch [49/100] | Loss: 5.8156 (Cls: 5.7936, TAL: -0.0945, Adv: 0.4164, OT-Reg: 0.001203) | OT inner objective: 0.1062 | Marginal residual row/col/max: 2.64e-06/1.38e-08/2.64e-06 | Train Acc: 0.3125 | Val Acc: 0.3304 | Val P/R/F1 (Macro): 0.4094/0.2931/0.2842 | LR: 0.000001
Epoch [50/100] | SVD update #50: pairs=440, sweeps=3, converged=False, rel_change=2.971e-02, effective_ranks=(326, 26), class_paired=True
Epoch [50/100] | Loss: 8.2736 (Cls: 8.2473, TAL: -0.1174, Adv: 0.5043, OT-Reg: 0.001209) | OT inner objective: 0.0839 | Marginal residual row/col/max: 1.20e-05/1.20e-08/1.20e-05 | Train Acc: 0.1154 | Val Acc: 0.1913 | Val P/R/F1 (Macro): 0.1511/0.1547/0.1344 | LR: 0.000001
Epoch [51/100] | SVD update #51: pairs=440, sweeps=3, converged=False, rel_change=5.328e-02, effective_ranks=(325, 25), class_paired=True
Epoch [51/100] | Loss: 6.6722 (Cls: 6.6304, TAL: -0.0308, Adv: 0.5679, OT-Reg: 0.001111) | OT inner objective: 0.1085 | Marginal residual row/col/max: 1.30e-05/1.42e-08/1.30e-05 | Train Acc: 0.1298 | Val Acc: 0.1826 | Val P/R/F1 (Macro): 0.1296/0.1745/0.1409 | LR: 0.000001
Epoch [52/100] | SVD update #52: pairs=440, sweeps=3, converged=False, rel_change=7.408e-02, effective_ranks=(326, 23), class_paired=True
Epoch [52/100] | Loss: 6.2273 (Cls: 6.2053, TAL: -0.1048, Adv: 0.4319, OT-Reg: 0.001212) | OT inner objective: 0.0192 | Marginal residual row/col/max: 9.98e-06/1.40e-08/9.98e-06 | Train Acc: 0.1995 | Val Acc: 0.1565 | Val P/R/F1 (Macro): 0.1304/0.1977/0.1215 | LR: 0.000001
Epoch [53/100] | SVD update #53: pairs=440, sweeps=3, converged=False, rel_change=1.827e-02, effective_ranks=(326, 23), class_paired=True
Epoch [53/100] | Loss: 6.0702 (Cls: 6.0449, TAL: -0.0698, Adv: 0.4208, OT-Reg: 0.001236) | OT inner objective: 0.0109 | Marginal residual row/col/max: 3.88e-05/1.07e-08/3.88e-05 | Train Acc: 0.2091 | Val Acc: 0.1391 | Val P/R/F1 (Macro): 0.1457/0.1802/0.1241 | LR: 0.000001
Epoch [54/100] | SVD update #54: pairs=440, sweeps=3, converged=False, rel_change=3.480e-02, effective_ranks=(324, 23), class_paired=True
Epoch [54/100] | Loss: 5.5651 (Cls: 5.5587, TAL: -0.2321, Adv: 0.4287, OT-Reg: 0.001268) | OT inner objective: 0.0034 | Marginal residual row/col/max: 1.24e-05/1.03e-08/1.24e-05 | Train Acc: 0.2188 | Val Acc: 0.1391 | Val P/R/F1 (Macro): 0.1709/0.1869/0.1174 | LR: 0.000001
Epoch [55/100] | SVD update #55: pairs=440, sweeps=3, converged=False, rel_change=2.795e-02, effective_ranks=(322, 24), class_paired=True
Epoch [55/100] | Loss: 5.5349 (Cls: 5.5111, TAL: -0.1141, Adv: 0.4687, OT-Reg: 0.001288) | OT inner objective: 0.1028 | Marginal residual row/col/max: 1.22e-06/1.22e-08/1.23e-06 | Train Acc: 0.1923 | Val Acc: 0.2522 | Val P/R/F1 (Macro): 0.2215/0.2730/0.2002 | LR: 0.000001
Epoch [56/100] | SVD update #56: pairs=440, sweeps=3, converged=False, rel_change=3.089e-02, effective_ranks=(326, 31), class_paired=True
Epoch [56/100] | Loss: 5.5918 (Cls: 5.5730, TAL: -0.1377, Adv: 0.4418, OT-Reg: 0.001326) | OT inner objective: 0.0876 | Marginal residual row/col/max: 9.38e-08/1.16e-08/9.51e-08 | Train Acc: 0.1923 | Val Acc: 0.0696 | Val P/R/F1 (Macro): 0.1741/0.1341/0.0541 | LR: 0.000001
Epoch [57/100] | SVD update #57: pairs=440, sweeps=3, converged=False, rel_change=7.195e-02, effective_ranks=(327, 34), class_paired=True
Epoch [57/100] | Loss: 6.0510 (Cls: 6.0294, TAL: -0.1735, Adv: 0.5298, OT-Reg: 0.001260) | OT inner objective: 0.0458 | Marginal residual row/col/max: 4.98e-07/2.13e-08/5.00e-07 | Train Acc: 0.1851 | Val Acc: 0.2087 | Val P/R/F1 (Macro): 0.2035/0.1652/0.1474 | LR: 0.000001
Epoch [58/100] | SVD update #58: pairs=440, sweeps=3, converged=False, rel_change=3.045e-02, effective_ranks=(325, 27), class_paired=True
Epoch [58/100] | Loss: 5.5599 (Cls: 5.5298, TAL: -0.1590, Adv: 0.6157, OT-Reg: 0.001211) | OT inner objective: 0.0450 | Marginal residual row/col/max: 9.85e-06/1.12e-08/9.85e-06 | Train Acc: 0.2188 | Val Acc: 0.0609 | Val P/R/F1 (Macro): 0.1183/0.1282/0.0432 | LR: 0.000001
Epoch [59/100] | SVD update #59: pairs=440, sweeps=3, converged=False, rel_change=4.290e-02, effective_ranks=(327, 26), class_paired=True
Epoch [59/100] | Loss: 6.0073 (Cls: 6.0022, TAL: -0.2375, Adv: 0.4199, OT-Reg: 0.001258) | OT inner objective: 0.0540 | Marginal residual row/col/max: 1.65e-05/1.65e-08/1.65e-05 | Train Acc: 0.2260 | Val Acc: 0.1043 | Val P/R/F1 (Macro): 0.2160/0.1971/0.1108 | LR: 0.000001
Epoch [60/100] | SVD update #60: pairs=440, sweeps=3, converged=False, rel_change=9.473e-03, effective_ranks=(326, 27), class_paired=True
Epoch [60/100] | Loss: 5.9728 (Cls: 5.9623, TAL: -0.1985, Adv: 0.4291, OT-Reg: 0.001300) | OT inner objective: 0.0455 | Marginal residual row/col/max: 3.43e-06/1.25e-08/3.43e-06 | Train Acc: 0.2885 | Val Acc: 0.1304 | Val P/R/F1 (Macro): 0.2048/0.2555/0.1578 | LR: 0.000001
Epoch [61/100] | SVD update #61: pairs=440, sweeps=3, converged=False, rel_change=1.177e-02, effective_ranks=(327, 27), class_paired=True
Epoch [61/100] | Loss: 6.0872 (Cls: 6.0637, TAL: -0.1363, Adv: 0.4973, OT-Reg: 0.001162) | OT inner objective: 0.0925 | Marginal residual row/col/max: 7.90e-06/1.73e-08/7.91e-06 | Train Acc: 0.2572 | Val Acc: 0.1913 | Val P/R/F1 (Macro): 0.2603/0.2744/0.2096 | LR: 0.000001
Epoch [62/100] | SVD update #62: pairs=440, sweeps=3, converged=False, rel_change=1.001e-01, effective_ranks=(323, 29), class_paired=True
Epoch [62/100] | Loss: 5.4804 (Cls: 5.4422, TAL: -0.0369, Adv: 0.5327, OT-Reg: 0.001274) | OT inner objective: 0.0701 | Marginal residual row/col/max: 2.55e-05/1.19e-08/2.55e-05 | Train Acc: 0.2404 | Val Acc: 0.2261 | Val P/R/F1 (Macro): 0.1792/0.2460/0.1950 | LR: 0.000001
Epoch [63/100] | SVD update #63: pairs=440, sweeps=3, converged=False, rel_change=1.104e-02, effective_ranks=(321, 27), class_paired=True
Epoch [63/100] | Loss: 5.4948 (Cls: 5.4666, TAL: -0.0609, Adv: 0.4434, OT-Reg: 0.001231) | OT inner objective: 0.0543 | Marginal residual row/col/max: 5.16e-05/1.22e-08/5.16e-05 | Train Acc: 0.2356 | Val Acc: 0.1826 | Val P/R/F1 (Macro): 0.2163/0.2544/0.1907 | LR: 0.000001
Epoch [64/100] | SVD update #64: pairs=440, sweeps=3, converged=False, rel_change=6.607e-02, effective_ranks=(323, 29), class_paired=True
Epoch [64/100] | Loss: 5.3501 (Cls: 5.3221, TAL: -0.2314, Adv: 0.6975, OT-Reg: 0.001288) | OT inner objective: 0.0637 | Marginal residual row/col/max: 1.58e-06/1.22e-08/1.58e-06 | Train Acc: 0.2957 | Val Acc: 0.2000 | Val P/R/F1 (Macro): 0.2396/0.2929/0.2026 | LR: 0.000001
Epoch [65/100] | SVD update #65: pairs=440, sweeps=3, converged=False, rel_change=1.539e-02, effective_ranks=(324, 29), class_paired=True
Epoch [65/100] | Loss: 5.6959 (Cls: 5.6734, TAL: -0.1396, Adv: 0.4909, OT-Reg: 0.001272) | OT inner objective: 0.1083 | Marginal residual row/col/max: 2.83e-06/1.13e-08/2.83e-06 | Train Acc: 0.3365 | Val Acc: 0.2348 | Val P/R/F1 (Macro): 0.2862/0.2973/0.2472 | LR: 0.000001
Epoch [66/100] | SVD update #66: pairs=440, sweeps=3, converged=False, rel_change=5.314e-02, effective_ranks=(326, 33), class_paired=True
Epoch [66/100] | Loss: 5.6521 (Cls: 5.6374, TAL: -0.1504, Adv: 0.4099, OT-Reg: 0.001311) | OT inner objective: 0.0172 | Marginal residual row/col/max: 1.58e-05/1.02e-08/1.58e-05 | Train Acc: 0.3341 | Val Acc: 0.1304 | Val P/R/F1 (Macro): 0.1895/0.2113/0.1431 | LR: 0.000001
Epoch [67/100] | SVD update #67: pairs=440, sweeps=3, converged=False, rel_change=4.746e-02, effective_ranks=(324, 31), class_paired=True
Epoch [67/100] | Loss: 5.6793 (Cls: 5.6660, TAL: -0.1893, Adv: 0.4495, OT-Reg: 0.001307) | OT inner objective: 0.0402 | Marginal residual row/col/max: 7.12e-07/1.13e-08/7.12e-07 | Train Acc: 0.2764 | Val Acc: 0.2000 | Val P/R/F1 (Macro): 0.2231/0.2945/0.2127 | LR: 0.000001
Epoch [68/100] | SVD update #68: pairs=440, sweeps=3, converged=False, rel_change=3.460e-02, effective_ranks=(323, 29), class_paired=True
Epoch [68/100] | Loss: 5.6415 (Cls: 5.6221, TAL: -0.1265, Adv: 0.4325, OT-Reg: 0.001299) | OT inner objective: 0.1007 | Marginal residual row/col/max: 6.38e-08/1.15e-08/6.46e-08 | Train Acc: 0.2596 | Val Acc: 0.2696 | Val P/R/F1 (Macro): 0.2373/0.3538/0.2483 | LR: 0.000001
Epoch [69/100] | SVD update #69: pairs=440, sweeps=3, converged=False, rel_change=1.823e-02, effective_ranks=(323, 32), class_paired=True
Epoch [69/100] | Loss: 5.5327 (Cls: 5.5064, TAL: -0.1631, Adv: 0.5734, OT-Reg: 0.001247) | OT inner objective: 0.0432 | Marginal residual row/col/max: 1.25e-05/1.40e-08/1.25e-05 | Train Acc: 0.3173 | Val Acc: 0.1652 | Val P/R/F1 (Macro): 0.2267/0.2915/0.1975 | LR: 0.000001
Epoch [70/100] | SVD update #70: pairs=440, sweeps=3, converged=False, rel_change=4.807e-02, effective_ranks=(325, 32), class_paired=True
Epoch [70/100] | Loss: 5.6317 (Cls: 5.6064, TAL: -0.1654, Adv: 0.5642, OT-Reg: 0.001268) | OT inner objective: 0.0625 | Marginal residual row/col/max: 5.30e-07/1.53e-08/5.31e-07 | Train Acc: 0.2909 | Val Acc: 0.1739 | Val P/R/F1 (Macro): 0.2924/0.2813/0.2144 | LR: 0.000001
Epoch [71/100] | SVD update #71: pairs=440, sweeps=3, converged=False, rel_change=1.400e-02, effective_ranks=(322, 27), class_paired=True
Epoch [71/100] | Loss: 5.6950 (Cls: 5.6799, TAL: -0.1723, Adv: 0.4460, OT-Reg: 0.001243) | OT inner objective: 0.0864 | Marginal residual row/col/max: 3.03e-06/1.39e-08/3.03e-06 | Train Acc: 0.2909 | Val Acc: 0.1478 | Val P/R/F1 (Macro): 0.2619/0.2268/0.1651 | LR: 0.000001
Epoch [72/100] | SVD update #72: pairs=440, sweeps=3, converged=False, rel_change=1.456e-02, effective_ranks=(320, 28), class_paired=True
Epoch [72/100] | Loss: 5.5270 (Cls: 5.4978, TAL: -0.1349, Adv: 0.5672, OT-Reg: 0.001273) | OT inner objective: 0.0712 | Marginal residual row/col/max: 5.42e-05/1.26e-08/5.42e-05 | Train Acc: 0.2716 | Val Acc: 0.1478 | Val P/R/F1 (Macro): 0.2415/0.2084/0.1429 | LR: 0.000001
Epoch [73/100] | SVD update #73: pairs=440, sweeps=3, converged=False, rel_change=1.022e-02, effective_ranks=(324, 27), class_paired=True
Epoch [73/100] | Loss: 5.6153 (Cls: 5.5921, TAL: -0.1432, Adv: 0.5049, OT-Reg: 0.001344) | OT inner objective: 0.0817 | Marginal residual row/col/max: 3.13e-07/1.16e-08/3.15e-07 | Train Acc: 0.3005 | Val Acc: 0.1304 | Val P/R/F1 (Macro): 0.1709/0.1924/0.1150 | LR: 0.000001
Epoch [74/100] | SVD update #74: pairs=440, sweeps=3, converged=False, rel_change=2.756e-02, effective_ranks=(324, 27), class_paired=True
Epoch [74/100] | Loss: 5.5485 (Cls: 5.5195, TAL: -0.1054, Adv: 0.5214, OT-Reg: 0.001250) | OT inner objective: 0.0493 | Marginal residual row/col/max: 1.46e-06/1.12e-08/1.47e-06 | Train Acc: 0.2788 | Val Acc: 0.1391 | Val P/R/F1 (Macro): 0.2470/0.2136/0.1439 | LR: 0.000001
Epoch [75/100] | SVD update #75: pairs=440, sweeps=3, converged=False, rel_change=2.420e-02, effective_ranks=(322, 28), class_paired=True
Epoch [75/100] | Loss: 5.7578 (Cls: 5.7363, TAL: -0.1116, Adv: 0.4363, OT-Reg: 0.001268) | OT inner objective: 0.0946 | Marginal residual row/col/max: 5.00e-07/1.48e-08/5.02e-07 | Train Acc: 0.2236 | Val Acc: 0.1478 | Val P/R/F1 (Macro): 0.1480/0.2238/0.1248 | LR: 0.000001
Epoch [76/100] | SVD update #76: pairs=440, sweeps=3, converged=False, rel_change=1.119e-02, effective_ranks=(320, 29), class_paired=True
Epoch [76/100] | Loss: 5.5232 (Cls: 5.4943, TAL: -0.0995, Adv: 0.5108, OT-Reg: 0.001297) | OT inner objective: 0.0898 | Marginal residual row/col/max: 2.11e-06/1.35e-08/2.11e-06 | Train Acc: 0.2716 | Val Acc: 0.1652 | Val P/R/F1 (Macro): 0.1817/0.2089/0.1374 | LR: 0.000001
Epoch [77/100] | SVD update #77: pairs=440, sweeps=3, converged=False, rel_change=2.582e-02, effective_ranks=(321, 25), class_paired=True
Epoch [77/100] | Loss: 5.6285 (Cls: 5.6088, TAL: -0.1523, Adv: 0.4752, OT-Reg: 0.001317) | OT inner objective: 0.0694 | Marginal residual row/col/max: 2.10e-07/1.07e-08/2.10e-07 | Train Acc: 0.2404 | Val Acc: 0.1304 | Val P/R/F1 (Macro): 0.2692/0.2159/0.1614 | LR: 0.000001
Epoch [78/100] | SVD update #78: pairs=440, sweeps=3, converged=False, rel_change=5.600e-03, effective_ranks=(324, 29), class_paired=True
Epoch [78/100] | Loss: 5.5817 (Cls: 5.5465, TAL: -0.1208, Adv: 0.6209, OT-Reg: 0.001266) | OT inner objective: 0.0954 | Marginal residual row/col/max: 2.51e-07/1.48e-08/2.54e-07 | Train Acc: 0.2837 | Val Acc: 0.1130 | Val P/R/F1 (Macro): 0.1580/0.1525/0.1154 | LR: 0.000001
Epoch [79/100] | SVD update #79: pairs=440, sweeps=3, converged=False, rel_change=5.943e-03, effective_ranks=(322, 31), class_paired=True
Epoch [79/100] | Loss: 5.7091 (Cls: 5.6752, TAL: -0.0556, Adv: 0.5067, OT-Reg: 0.001262) | OT inner objective: 0.0866 | Marginal residual row/col/max: 1.02e-07/1.10e-08/1.03e-07 | Train Acc: 0.2452 | Val Acc: 0.1391 | Val P/R/F1 (Macro): 0.1892/0.2012/0.1194 | LR: 0.000001
Epoch [80/100] | SVD update #80: pairs=440, sweeps=3, converged=False, rel_change=8.907e-03, effective_ranks=(324, 30), class_paired=True
Epoch [80/100] | Loss: 5.7431 (Cls: 5.7202, TAL: -0.1525, Adv: 0.5138, OT-Reg: 0.001324) | OT inner objective: 0.0356 | Marginal residual row/col/max: 4.09e-06/1.12e-08/4.09e-06 | Train Acc: 0.2981 | Val Acc: 0.1217 | Val P/R/F1 (Macro): 0.2049/0.1552/0.1212 | LR: 0.000001
Epoch [81/100] | SVD update #81: pairs=440, sweeps=3, converged=False, rel_change=1.114e-02, effective_ranks=(325, 32), class_paired=True
Epoch [81/100] | Loss: 5.5560 (Cls: 5.5149, TAL: -0.0586, Adv: 0.6011, OT-Reg: 0.001339) | OT inner objective: 0.1447 | Marginal residual row/col/max: 1.06e-08/1.06e-08/1.19e-08 | Train Acc: 0.3053 | Val Acc: 0.1217 | Val P/R/F1 (Macro): 0.1652/0.1846/0.1052 | LR: 0.000001
Epoch [82/100] | SVD update #82: pairs=440, sweeps=3, converged=False, rel_change=2.320e-02, effective_ranks=(324, 30), class_paired=True
Epoch [82/100] | Loss: 5.5475 (Cls: 5.5342, TAL: -0.1954, Adv: 0.4594, OT-Reg: 0.001285) | OT inner objective: 0.1095 | Marginal residual row/col/max: 4.64e-07/1.25e-08/4.65e-07 | Train Acc: 0.2885 | Val Acc: 0.2435 | Val P/R/F1 (Macro): 0.2784/0.3463/0.2536 | LR: 0.000001
Epoch [83/100] | SVD update #83: pairs=440, sweeps=3, converged=False, rel_change=5.572e-02, effective_ranks=(324, 33), class_paired=True
Epoch [83/100] | Loss: 5.5897 (Cls: 5.5575, TAL: -0.0488, Adv: 0.4750, OT-Reg: 0.001224) | OT inner objective: 0.0782 | Marginal residual row/col/max: 1.09e-06/1.59e-08/1.10e-06 | Train Acc: 0.2644 | Val Acc: 0.0957 | Val P/R/F1 (Macro): 0.1352/0.1166/0.0966 | LR: 0.000001
Epoch [84/100] | SVD update #84: pairs=440, sweeps=3, converged=False, rel_change=1.690e-02, effective_ranks=(323, 31), class_paired=True
Epoch [84/100] | Loss: 5.3900 (Cls: 5.3477, TAL: -0.1424, Adv: 0.7429, OT-Reg: 0.001255) | OT inner objective: 0.0694 | Marginal residual row/col/max: 2.94e-05/1.32e-08/2.94e-05 | Train Acc: 0.2812 | Val Acc: 0.2000 | Val P/R/F1 (Macro): 0.1849/0.2501/0.1689 | LR: 0.000001
Epoch [85/100] | SVD update #85: pairs=440, sweeps=3, converged=False, rel_change=1.027e-02, effective_ranks=(321, 28), class_paired=True
Epoch [85/100] | Loss: 5.4845 (Cls: 5.4488, TAL: -0.0853, Adv: 0.5746, OT-Reg: 0.001291) | OT inner objective: 0.0147 | Marginal residual row/col/max: 1.40e-06/1.35e-08/1.40e-06 | Train Acc: 0.3293 | Val Acc: 0.1652 | Val P/R/F1 (Macro): 0.1891/0.1833/0.1380 | LR: 0.000001
Epoch [86/100] | SVD update #86: pairs=440, sweeps=3, converged=False, rel_change=5.307e-03, effective_ranks=(323, 28), class_paired=True
Epoch [86/100] | Loss: 5.2952 (Cls: 5.2851, TAL: -0.1802, Adv: 0.3971, OT-Reg: 0.001306) | OT inner objective: 0.0430 | Marginal residual row/col/max: 1.86e-05/1.17e-08/1.86e-05 | Train Acc: 0.3365 | Val Acc: 0.1652 | Val P/R/F1 (Macro): 0.3174/0.2410/0.1724 | LR: 0.000001
Epoch [87/100] | SVD update #87: pairs=440, sweeps=3, converged=False, rel_change=2.823e-02, effective_ranks=(322, 30), class_paired=True
Epoch [87/100] | Loss: 5.4322 (Cls: 5.4221, TAL: -0.2076, Adv: 0.4372, OT-Reg: 0.001187) | OT inner objective: 0.0674 | Marginal residual row/col/max: 1.01e-06/1.48e-08/1.01e-06 | Train Acc: 0.2572 | Val Acc: 0.1826 | Val P/R/F1 (Macro): 0.2812/0.2328/0.1976 | LR: 0.000001
Epoch [88/100] | SVD update #88: pairs=440, sweeps=3, converged=False, rel_change=4.667e-02, effective_ranks=(323, 33), class_paired=True
Epoch [88/100] | Loss: 5.5769 (Cls: 5.5356, TAL: -0.0873, Adv: 0.6468, OT-Reg: 0.001361) | OT inner objective: 0.0887 | Marginal residual row/col/max: 6.86e-08/1.20e-08/6.99e-08 | Train Acc: 0.2861 | Val Acc: 0.1913 | Val P/R/F1 (Macro): 0.3781/0.2556/0.2339 | LR: 0.000001
Epoch [89/100] | SVD update #89: pairs=440, sweeps=3, converged=False, rel_change=1.338e-02, effective_ranks=(327, 30), class_paired=True
Epoch [89/100] | Loss: 5.3388 (Cls: 5.2955, TAL: -0.1153, Adv: 0.7149, OT-Reg: 0.001305) | OT inner objective: 0.0694 | Marginal residual row/col/max: 9.37e-07/1.09e-08/9.38e-07 | Train Acc: 0.3245 | Val Acc: 0.1565 | Val P/R/F1 (Macro): 0.2975/0.2457/0.1909 | LR: 0.000001
Epoch [90/100] | SVD update #90: pairs=440, sweeps=3, converged=False, rel_change=1.804e-02, effective_ranks=(325, 29), class_paired=True
Epoch [90/100] | Loss: 5.1770 (Cls: 5.1594, TAL: -0.1999, Adv: 0.5194, OT-Reg: 0.001296) | OT inner objective: -0.0403 | Marginal residual row/col/max: 1.23e-06/1.12e-08/1.23e-06 | Train Acc: 0.3101 | Val Acc: 0.1217 | Val P/R/F1 (Macro): 0.1829/0.1919/0.1168 | LR: 0.000001
Epoch [91/100] | SVD update #91: pairs=440, sweeps=3, converged=False, rel_change=3.998e-02, effective_ranks=(324, 33), class_paired=True
Epoch [91/100] | Loss: 5.3858 (Cls: 5.3682, TAL: -0.1425, Adv: 0.4340, OT-Reg: 0.001309) | OT inner objective: 0.0993 | Marginal residual row/col/max: 8.27e-08/1.02e-08/8.28e-08 | Train Acc: 0.3221 | Val Acc: 0.1478 | Val P/R/F1 (Macro): 0.2235/0.2009/0.1326 | LR: 0.000001
Epoch [92/100] | SVD update #92: pairs=440, sweeps=3, converged=False, rel_change=1.562e-02, effective_ranks=(324, 28), class_paired=True
Epoch [92/100] | Loss: 5.2871 (Cls: 5.2589, TAL: -0.1426, Adv: 0.5666, OT-Reg: 0.001252) | OT inner objective: 0.0462 | Marginal residual row/col/max: 5.64e-06/1.22e-08/5.65e-06 | Train Acc: 0.2981 | Val Acc: 0.2174 | Val P/R/F1 (Macro): 0.2065/0.2182/0.1747 | LR: 0.000001
Epoch [93/100] | SVD update #93: pairs=440, sweeps=3, converged=False, rel_change=1.861e-02, effective_ranks=(325, 34), class_paired=True
Epoch [93/100] | Loss: 5.3074 (Cls: 5.2822, TAL: -0.1564, Adv: 0.5491, OT-Reg: 0.001311) | OT inner objective: -0.0096 | Marginal residual row/col/max: 3.27e-06/1.30e-08/3.27e-06 | Train Acc: 0.2596 | Val Acc: 0.1130 | Val P/R/F1 (Macro): 0.1036/0.1360/0.0902 | LR: 0.000001
Epoch [94/100] | SVD update #94: pairs=440, sweeps=3, converged=False, rel_change=4.171e-02, effective_ranks=(326, 32), class_paired=True
Epoch [94/100] | Loss: 5.6456 (Cls: 5.6101, TAL: -0.1393, Adv: 0.6525, OT-Reg: 0.001241) | OT inner objective: 0.0125 | Marginal residual row/col/max: 2.80e-07/1.29e-08/2.81e-07 | Train Acc: 0.3053 | Val Acc: 0.1217 | Val P/R/F1 (Macro): 0.1418/0.1862/0.1098 | LR: 0.000001
Epoch [95/100] | SVD update #95: pairs=440, sweeps=3, converged=False, rel_change=2.784e-02, effective_ranks=(326, 37), class_paired=True
Epoch [95/100] | Loss: 5.4882 (Cls: 5.4772, TAL: -0.1717, Adv: 0.3958, OT-Reg: 0.001227) | OT inner objective: 0.0533 | Marginal residual row/col/max: 1.08e-07/1.71e-08/1.13e-07 | Train Acc: 0.2668 | Val Acc: 0.2087 | Val P/R/F1 (Macro): 0.2350/0.2042/0.1788 | LR: 0.000001
Epoch [96/100] | SVD update #96: pairs=440, sweeps=3, converged=False, rel_change=4.252e-02, effective_ranks=(324, 34), class_paired=True
Epoch [96/100] | Loss: 5.4477 (Cls: 5.4092, TAL: -0.1178, Adv: 0.6583, OT-Reg: 0.001310) | OT inner objective: 0.0707 | Marginal residual row/col/max: 2.79e-08/1.29e-08/2.99e-08 | Train Acc: 0.3077 | Val Acc: 0.1043 | Val P/R/F1 (Macro): 0.1406/0.1457/0.0921 | LR: 0.000001
Epoch [97/100] | SVD update #97: pairs=440, sweeps=3, converged=False, rel_change=1.492e-01, effective_ranks=(322, 35), class_paired=True
Epoch [97/100] | Loss: 7.9807 (Cls: 7.9482, TAL: 0.0241, Adv: 0.3696, OT-Reg: 0.001255) | OT inner objective: 0.0449 | Marginal residual row/col/max: 4.04e-07/1.23e-08/4.05e-07 | Train Acc: 0.3005 | Val Acc: 0.2000 | Val P/R/F1 (Macro): 0.2348/0.2360/0.1741 | LR: 0.000001
Epoch [98/100] | SVD update #98: pairs=440, sweeps=3, converged=False, rel_change=1.980e-02, effective_ranks=(325, 36), class_paired=True
Epoch [98/100] | Loss: 7.9110 (Cls: 7.8684, TAL: 0.0238, Adv: 0.4976, OT-Reg: 0.001253) | OT inner objective: 0.0413 | Marginal residual row/col/max: 1.30e-05/2.05e-08/1.30e-05 | Train Acc: 0.3630 | Val Acc: 0.1565 | Val P/R/F1 (Macro): 0.2687/0.2324/0.1784 | LR: 0.000001
Epoch [99/100] | SVD update #99: pairs=440, sweeps=3, converged=False, rel_change=8.838e-02, effective_ranks=(323, 40), class_paired=True
Epoch [99/100] | Loss: 8.1488 (Cls: 8.0867, TAL: 0.0735, Adv: 0.6653, OT-Reg: 0.001127) | OT inner objective: 0.1206 | Marginal residual row/col/max: 1.81e-06/1.56e-08/1.81e-06 | Train Acc: 0.2572 | Val Acc: 0.1565 | Val P/R/F1 (Macro): 0.1699/0.1638/0.1317 | LR: 0.000001
Epoch [100/100] | SVD update #100: pairs=440, sweeps=3, converged=False, rel_change=3.489e-02, effective_ranks=(324, 43), class_paired=True
Epoch [100/100] | Loss: 8.0083 (Cls: 7.9456, TAL: 0.1504, Adv: 0.5582, OT-Reg: 0.001230) | OT inner objective: 0.1247 | Marginal residual row/col/max: 1.13e-08/1.38e-08/1.52e-08 | Train Acc: 0.2067 | Val Acc: 0.0870 | Val P/R/F1 (Macro): 0.2400/0.0738/0.0698 | LR: 0.000001
Report strategy: last_window, window=10, reported_acc=0.1513, best_acc=0.4435

迭代 5 报告指标:
  Accuracy: 0.1513
  Precision (Macro): 0.1964
  Recall (Macro): 0.1797
  F1 (Macro): 0.1332
  Precision (Micro): 0.1513
  Recall (Micro): 0.1513
  F1 (Micro): 0.1513
  Val class coverage: 9/14 (0.6429), samples=115

================================================================================
5次迭代统计结果
================================================================================

accuracy:
  各迭代值: ['0.1713', '0.2104', '0.1826', '0.2209', '0.1513']
  均值 (Mean): 0.1873
  标准差 (Std): 0.0254

precision_macro:
  各迭代值: ['0.2350', '0.2210', '0.2264', '0.3209', '0.1964']
  均值 (Mean): 0.2399
  标准差 (Std): 0.0424

recall_macro:
  各迭代值: ['0.2109', '0.1736', '0.1828', '0.2821', '0.1797']
  均值 (Mean): 0.2058
  标准差 (Std): 0.0402

f1_macro:
  各迭代值: ['0.1546', '0.1472', '0.1475', '0.2281', '0.1332']
  均值 (Mean): 0.1621
  标准差 (Std): 0.0337

precision_micro:
  各迭代值: ['0.1713', '0.2104', '0.1826', '0.2209', '0.1513']
  均值 (Mean): 0.1873
  标准差 (Std): 0.0254

recall_micro:
  各迭代值: ['0.1713', '0.2104', '0.1826', '0.2209', '0.1513']
  均值 (Mean): 0.1873
  标准差 (Std): 0.0254

f1_micro:
  各迭代值: ['0.1713', '0.2104', '0.1826', '0.2209', '0.1513']
  均值 (Mean): 0.1873
  标准差 (Std): 0.0254

val_class_coverage:
  各迭代值: ['0.6429', '0.6429', '0.6429', '0.6429', '0.6429']
  均值 (Mean): 0.6429
  标准差 (Std): 0.0000

val_present_classes:
  各迭代值: ['9.0000', '9.0000', '9.0000', '9.0000', '9.0000']
  均值 (Mean): 9.0000
  标准差 (Std): 0.0000

val_total_classes:
  各迭代值: ['14.0000', '14.0000', '14.0000', '14.0000', '14.0000']
  均值 (Mean): 14.0000
  标准差 (Std): 0.0000

val_samples:
  各迭代值: ['115.0000', '115.0000', '115.0000', '115.0000', '115.0000']
  均值 (Mean): 115.0000
  标准差 (Std): 0.0000

训练结束时间: 2026-09-25 09:37:47
================================================================================
