================================================================================
模块消融实验 - with_tensor_with_ot
目标域天气: 逆光
训练开始时间: 2026-09-30 15:39:47
设备: cuda
源域: /mnt/data/lixiang/data/Data/晴天
目标域: /mnt/data/lixiang/data/Data/逆光
批次大小: 32
总轮数: 100
迭代次数: 5
使用Tensor模块: 是
使用OT模块: 是
特征融合方式: Tensor对齐
域对齐方式: 最优传输
目标标签比例/权重: 1.0/1.0
Tensor/Adv损失权重: 0.12/0.08
Tensor投影维度/更新: 16/每epoch一次; SVD统计批次=32
学习率: feature=5e-06, other=0.0002, weight_decay=0.0005
报告策略: best, 窗口: 10
================================================================================

================================================================================
迭代 1/5
随机种子: 42
================================================================================
Training mode: full target-label supervision (class-paired batches).
Feature fusion: Tensor alignment (512+512 -> 16+16); fused_dim=32
Domain adaptation: Neural OT generator with 3-domain discriminator
Loss weights: tensor=0.12, adv=0.08
Transport: mode=sinkhorn, epsilon=0.1, Sinkhorn iterations=50, correction scale=0.1, correction regularization weight=0.001
Tensor projection update: once per epoch from the complete target-training pairing bank; projection_dim=16, max_sweeps=10, relative singular-value tolerance=0.001
Epoch [1/100] | SVD update #1: pairs=128, sweeps=3, converged=True, rel_change=1.134e-05, effective_ranks=(127, 119), class_paired=True
Epoch [1/100] | Loss: 8.8078 (Cls: 8.8208, TAL: -0.3244, Adv: 0.3250, OT-Reg: 0.001825) | OT inner objective: 0.1991 | Marginal residual row/col/max: 1.12e-08/1.30e-08/1.44e-08 | Train Acc: 0.1016 | Val Acc: 0.1944 | Val P/R/F1 (Macro): 0.1004/0.1343/0.1056 | LR: 0.000005
  >>> New Best Val Acc: 0.1944
Epoch [2/100] | SVD update #2: pairs=128, sweeps=3, converged=True, rel_change=3.009e-05, effective_ranks=(127, 115), class_paired=True
Epoch [2/100] | Loss: 8.1571 (Cls: 8.1627, TAL: -0.2696, Adv: 0.3352, OT-Reg: 0.001880) | OT inner objective: 0.2619 | Marginal residual row/col/max: 1.12e-08/1.12e-08/1.12e-08 | Train Acc: 0.1797 | Val Acc: 0.3056 | Val P/R/F1 (Macro): 0.0873/0.1778/0.1159 | LR: 0.000005
  >>> New Best Val Acc: 0.3056
Epoch [3/100] | SVD update #3: pairs=128, sweeps=3, converged=True, rel_change=4.213e-04, effective_ranks=(127, 91), class_paired=True
Epoch [3/100] | Loss: 7.8592 (Cls: 7.8703, TAL: -0.2562, Adv: 0.2445, OT-Reg: 0.001760) | OT inner objective: 0.1470 | Marginal residual row/col/max: 1.44e-08/1.44e-08/1.63e-08 | Train Acc: 0.1562 | Val Acc: 0.1667 | Val P/R/F1 (Macro): 0.0689/0.1741/0.0965 | LR: 0.000005
Epoch [4/100] | SVD update #4: pairs=128, sweeps=10, converged=False, rel_change=7.825e-01, effective_ranks=(127, 62), class_paired=True
Epoch [4/100] | Loss: 8.4823 (Cls: 8.4619, TAL: 0.0093, Adv: 0.2414, OT-Reg: 0.001568) | OT inner objective: 0.1867 | Marginal residual row/col/max: 3.54e-08/3.26e-08/4.24e-08 | Train Acc: 0.1172 | Val Acc: 0.1667 | Val P/R/F1 (Macro): 0.0864/0.1991/0.0741 | LR: 0.000005
Epoch [5/100] | SVD update #5: pairs=128, sweeps=10, converged=True, rel_change=7.094e-04, effective_ranks=(127, 79), class_paired=True
Epoch [5/100] | Loss: 8.0655 (Cls: 8.0572, TAL: -0.0850, Adv: 0.2313, OT-Reg: 0.001603) | OT inner objective: 0.1959 | Marginal residual row/col/max: 7.07e-06/1.49e-08/7.08e-06 | Train Acc: 0.0781 | Val Acc: 0.1389 | Val P/R/F1 (Macro): 0.1136/0.2037/0.1116 | LR: 0.000005
Epoch [6/100] | SVD update #6: pairs=128, sweeps=7, converged=True, rel_change=5.645e-04, effective_ranks=(127, 43), class_paired=True
Epoch [6/100] | Loss: 7.9939 (Cls: 7.9910, TAL: -0.1139, Adv: 0.2080, OT-Reg: 0.001574) | OT inner objective: 0.2225 | Marginal residual row/col/max: 1.30e-08/1.02e-08/1.30e-08 | Train Acc: 0.1406 | Val Acc: 0.1389 | Val P/R/F1 (Macro): 0.0614/0.2222/0.0852 | LR: 0.000005
Epoch [7/100] | SVD update #7: pairs=128, sweeps=5, converged=True, rel_change=9.914e-04, effective_ranks=(127, 50), class_paired=True
Epoch [7/100] | Loss: 8.3218 (Cls: 8.3490, TAL: -0.3762, Adv: 0.2241, OT-Reg: 0.001442) | OT inner objective: 0.1110 | Marginal residual row/col/max: 1.87e-06/1.96e-08/1.88e-06 | Train Acc: 0.1328 | Val Acc: 0.1667 | Val P/R/F1 (Macro): 0.0622/0.3333/0.1047 | LR: 0.000005
Epoch [8/100] | SVD update #8: pairs=128, sweeps=10, converged=True, rel_change=5.224e-04, effective_ranks=(127, 29), class_paired=True
Epoch [8/100] | Loss: 7.6588 (Cls: 7.6717, TAL: -0.2465, Adv: 0.2082, OT-Reg: 0.001730) | OT inner objective: 0.1087 | Marginal residual row/col/max: 1.80e-06/9.78e-09/1.80e-06 | Train Acc: 0.2188 | Val Acc: 0.1111 | Val P/R/F1 (Macro): 0.0430/0.2130/0.0688 | LR: 0.000005
Epoch [9/100] | SVD update #9: pairs=128, sweeps=4, converged=True, rel_change=7.083e-04, effective_ranks=(127, 27), class_paired=True
Epoch [9/100] | Loss: 7.8215 (Cls: 7.8640, TAL: -0.5091, Adv: 0.2325, OT-Reg: 0.001566) | OT inner objective: 0.0006 | Marginal residual row/col/max: 1.63e-04/1.12e-08/1.63e-04 | Train Acc: 0.1094 | Val Acc: 0.0833 | Val P/R/F1 (Macro): 0.0620/0.0685/0.0577 | LR: 0.000005
Epoch [10/100] | SVD update #10: pairs=128, sweeps=10, converged=False, rel_change=2.772e-01, effective_ranks=(127, 30), class_paired=True
Epoch [10/100] | Loss: 7.8128 (Cls: 7.8090, TAL: -0.1312, Adv: 0.2443, OT-Reg: 0.001576) | OT inner objective: 0.0228 | Marginal residual row/col/max: 6.59e-05/1.16e-08/6.59e-05 | Train Acc: 0.1328 | Val Acc: 0.1389 | Val P/R/F1 (Macro): 0.0614/0.2500/0.0916 | LR: 0.000005
Epoch [11/100] | SVD update #11: pairs=128, sweeps=4, converged=True, rel_change=3.934e-04, effective_ranks=(127, 24), class_paired=True
Epoch [11/100] | Loss: 7.3564 (Cls: 7.3901, TAL: -0.4094, Adv: 0.1926, OT-Reg: 0.001611) | OT inner objective: -0.0241 | Marginal residual row/col/max: 3.49e-05/1.58e-08/3.49e-05 | Train Acc: 0.1562 | Val Acc: 0.0833 | Val P/R/F1 (Macro): 0.1397/0.1435/0.0661 | LR: 0.000005
Epoch [12/100] | SVD update #12: pairs=128, sweeps=4, converged=True, rel_change=6.372e-05, effective_ranks=(127, 22), class_paired=True
Epoch [12/100] | Loss: 6.9343 (Cls: 6.9629, TAL: -0.3728, Adv: 0.2025, OT-Reg: 0.001703) | OT inner objective: -0.0978 | Marginal residual row/col/max: 4.08e-05/1.02e-08/4.08e-05 | Train Acc: 0.2031 | Val Acc: 0.1667 | Val P/R/F1 (Macro): 0.1011/0.2222/0.1159 | LR: 0.000005
Epoch [13/100] | SVD update #13: pairs=128, sweeps=5, converged=True, rel_change=8.699e-04, effective_ranks=(127, 16), class_paired=True
Epoch [13/100] | Loss: 7.0239 (Cls: 7.0342, TAL: -0.2398, Adv: 0.2316, OT-Reg: 0.001549) | OT inner objective: -0.0321 | Marginal residual row/col/max: 6.25e-04/1.30e-08/6.25e-04 | Train Acc: 0.2812 | Val Acc: 0.3056 | Val P/R/F1 (Macro): 0.1822/0.3139/0.2037 | LR: 0.000003
Epoch [14/100] | SVD update #14: pairs=128, sweeps=5, converged=True, rel_change=6.828e-04, effective_ranks=(127, 17), class_paired=True
Epoch [14/100] | Loss: 7.1002 (Cls: 7.1124, TAL: -0.2219, Adv: 0.1810, OT-Reg: 0.001439) | OT inner objective: 0.1343 | Marginal residual row/col/max: 3.57e-06/2.24e-08/3.57e-06 | Train Acc: 0.2109 | Val Acc: 0.1389 | Val P/R/F1 (Macro): 0.0988/0.1111/0.0974 | LR: 0.000003
Epoch [15/100] | SVD update #15: pairs=128, sweeps=5, converged=True, rel_change=2.795e-04, effective_ranks=(127, 19), class_paired=True
Epoch [15/100] | Loss: 6.7257 (Cls: 6.7709, TAL: -0.4971, Adv: 0.1803, OT-Reg: 0.001464) | OT inner objective: -0.1363 | Marginal residual row/col/max: 2.74e-04/2.14e-08/2.74e-04 | Train Acc: 0.2734 | Val Acc: 0.2500 | Val P/R/F1 (Macro): 0.1944/0.2250/0.1984 | LR: 0.000003
Epoch [16/100] | SVD update #16: pairs=128, sweeps=6, converged=True, rel_change=2.872e-04, effective_ranks=(127, 19), class_paired=True
Epoch [16/100] | Loss: 6.8775 (Cls: 6.9065, TAL: -0.3479, Adv: 0.1587, OT-Reg: 0.001568) | OT inner objective: -0.0434 | Marginal residual row/col/max: 9.63e-05/1.35e-08/9.63e-05 | Train Acc: 0.1641 | Val Acc: 0.1389 | Val P/R/F1 (Macro): 0.2011/0.2111/0.1574 | LR: 0.000003
Epoch [17/100] | SVD update #17: pairs=128, sweeps=10, converged=False, rel_change=4.221e-03, effective_ranks=(127, 14), class_paired=True
Epoch [17/100] | Loss: 6.8349 (Cls: 6.8396, TAL: -0.1591, Adv: 0.1798, OT-Reg: 0.001612) | OT inner objective: 0.0906 | Marginal residual row/col/max: 2.24e-06/2.33e-08/2.24e-06 | Train Acc: 0.2500 | Val Acc: 0.2500 | Val P/R/F1 (Macro): 0.2628/0.3009/0.1744 | LR: 0.000003
Epoch [18/100] | SVD update #18: pairs=128, sweeps=5, converged=True, rel_change=2.504e-04, effective_ranks=(127, 17), class_paired=True
Epoch [18/100] | Loss: 6.6338 (Cls: 6.6624, TAL: -0.3628, Adv: 0.1864, OT-Reg: 0.001492) | OT inner objective: -0.1260 | Marginal residual row/col/max: 2.77e-04/2.00e-08/2.77e-04 | Train Acc: 0.2734 | Val Acc: 0.3889 | Val P/R/F1 (Macro): 0.2810/0.4630/0.3219 | LR: 0.000003
  >>> New Best Val Acc: 0.3889
Epoch [19/100] | SVD update #19: pairs=128, sweeps=4, converged=True, rel_change=1.530e-04, effective_ranks=(127, 18), class_paired=True
Epoch [19/100] | Loss: 6.3047 (Cls: 6.3476, TAL: -0.4769, Adv: 0.1799, OT-Reg: 0.001571) | OT inner objective: -0.1898 | Marginal residual row/col/max: 1.90e-04/1.12e-08/1.90e-04 | Train Acc: 0.2812 | Val Acc: 0.3056 | Val P/R/F1 (Macro): 0.2065/0.3537/0.2421 | LR: 0.000003
Epoch [20/100] | SVD update #20: pairs=128, sweeps=4, converged=True, rel_change=2.442e-05, effective_ranks=(127, 15), class_paired=True
Epoch [20/100] | Loss: 6.8141 (Cls: 6.8689, TAL: -0.5537, Adv: 0.1448, OT-Reg: 0.001505) | OT inner objective: -0.2000 | Marginal residual row/col/max: 7.99e-04/1.54e-08/7.99e-04 | Train Acc: 0.2578 | Val Acc: 0.4722 | Val P/R/F1 (Macro): 0.3775/0.4278/0.3693 | LR: 0.000003
  >>> New Best Val Acc: 0.4722
Epoch [21/100] | SVD update #21: pairs=128, sweeps=4, converged=True, rel_change=2.025e-04, effective_ranks=(127, 15), class_paired=True
Epoch [21/100] | Loss: 6.1853 (Cls: 6.2328, TAL: -0.4999, Adv: 0.1560, OT-Reg: 0.001628) | OT inner objective: -0.1342 | Marginal residual row/col/max: 2.00e-04/9.31e-09/2.00e-04 | Train Acc: 0.2812 | Val Acc: 0.4167 | Val P/R/F1 (Macro): 0.2259/0.3083/0.2574 | LR: 0.000003
Epoch [22/100] | SVD update #22: pairs=128, sweeps=3, converged=True, rel_change=6.379e-04, effective_ranks=(127, 16), class_paired=True
Epoch [22/100] | Loss: 6.9342 (Cls: 6.9641, TAL: -0.3803, Adv: 0.1967, OT-Reg: 0.001490) | OT inner objective: -0.0479 | Marginal residual row/col/max: 2.43e-04/1.16e-08/2.43e-04 | Train Acc: 0.2188 | Val Acc: 0.3611 | Val P/R/F1 (Macro): 0.2698/0.4139/0.2726 | LR: 0.000003
Epoch [23/100] | SVD update #23: pairs=128, sweeps=3, converged=True, rel_change=2.646e-04, effective_ranks=(127, 18), class_paired=True
Epoch [23/100] | Loss: 5.9806 (Cls: 6.0339, TAL: -0.5392, Adv: 0.1427, OT-Reg: 0.001515) | OT inner objective: -0.2252 | Marginal residual row/col/max: 1.91e-04/9.78e-09/1.91e-04 | Train Acc: 0.2969 | Val Acc: 0.4167 | Val P/R/F1 (Macro): 0.3019/0.4102/0.3202 | LR: 0.000003
Epoch [24/100] | SVD update #24: pairs=128, sweeps=4, converged=True, rel_change=8.190e-05, effective_ranks=(127, 19), class_paired=True
Epoch [24/100] | Loss: 6.0496 (Cls: 6.0932, TAL: -0.4499, Adv: 0.1290, OT-Reg: 0.001645) | OT inner objective: -0.1643 | Marginal residual row/col/max: 4.03e-05/1.35e-08/4.03e-05 | Train Acc: 0.3203 | Val Acc: 0.3611 | Val P/R/F1 (Macro): 0.3330/0.4037/0.2993 | LR: 0.000003
Epoch [25/100] | SVD update #25: pairs=128, sweeps=4, converged=True, rel_change=1.782e-04, effective_ranks=(127, 18), class_paired=True
Epoch [25/100] | Loss: 5.8795 (Cls: 5.9016, TAL: -0.2798, Adv: 0.1435, OT-Reg: 0.001705) | OT inner objective: -0.0757 | Marginal residual row/col/max: 2.87e-05/1.02e-08/2.87e-05 | Train Acc: 0.3203 | Val Acc: 0.5000 | Val P/R/F1 (Macro): 0.4552/0.4454/0.3920 | LR: 0.000003
  >>> New Best Val Acc: 0.5000
Epoch [26/100] | SVD update #26: pairs=128, sweeps=4, converged=True, rel_change=3.586e-04, effective_ranks=(127, 16), class_paired=True
Epoch [26/100] | Loss: 5.7111 (Cls: 5.7492, TAL: -0.3985, Adv: 0.1209, OT-Reg: 0.001636) | OT inner objective: -0.1234 | Marginal residual row/col/max: 1.63e-05/1.12e-08/1.63e-05 | Train Acc: 0.3203 | Val Acc: 0.3889 | Val P/R/F1 (Macro): 0.3845/0.3241/0.2939 | LR: 0.000003
Epoch [27/100] | SVD update #27: pairs=128, sweeps=4, converged=True, rel_change=4.069e-04, effective_ranks=(127, 19), class_paired=True
Epoch [27/100] | Loss: 5.9400 (Cls: 5.9831, TAL: -0.4520, Adv: 0.1394, OT-Reg: 0.001699) | OT inner objective: -0.1445 | Marginal residual row/col/max: 6.91e-05/1.07e-08/6.91e-05 | Train Acc: 0.2812 | Val Acc: 0.4444 | Val P/R/F1 (Macro): 0.4481/0.5000/0.4467 | LR: 0.000003
Epoch [28/100] | SVD update #28: pairs=128, sweeps=4, converged=True, rel_change=2.671e-04, effective_ranks=(127, 17), class_paired=True
Epoch [28/100] | Loss: 5.7690 (Cls: 5.8002, TAL: -0.3417, Adv: 0.1221, OT-Reg: 0.001658) | OT inner objective: -0.0998 | Marginal residual row/col/max: 9.97e-05/1.02e-08/9.97e-05 | Train Acc: 0.3203 | Val Acc: 0.3611 | Val P/R/F1 (Macro): 0.4538/0.4787/0.3035 | LR: 0.000003
Epoch [29/100] | SVD update #29: pairs=128, sweeps=4, converged=True, rel_change=2.369e-04, effective_ranks=(127, 18), class_paired=True
Epoch [29/100] | Loss: 5.4478 (Cls: 5.5022, TAL: -0.5577, Adv: 0.1565, OT-Reg: 0.001636) | OT inner objective: -0.2391 | Marginal residual row/col/max: 7.40e-05/1.30e-08/7.40e-05 | Train Acc: 0.3594 | Val Acc: 0.5833 | Val P/R/F1 (Macro): 0.4935/0.6130/0.5043 | LR: 0.000003
  >>> New Best Val Acc: 0.5833
Epoch [30/100] | SVD update #30: pairs=128, sweeps=3, converged=True, rel_change=3.206e-04, effective_ranks=(127, 20), class_paired=True
Epoch [30/100] | Loss: 5.5546 (Cls: 5.6043, TAL: -0.5089, Adv: 0.1430, OT-Reg: 0.001627) | OT inner objective: -0.2119 | Marginal residual row/col/max: 1.16e-04/1.07e-08/1.16e-04 | Train Acc: 0.3906 | Val Acc: 0.5556 | Val P/R/F1 (Macro): 0.5757/0.6667/0.5671 | LR: 0.000003
Epoch [31/100] | SVD update #31: pairs=128, sweeps=3, converged=True, rel_change=8.864e-04, effective_ranks=(126, 18), class_paired=True
Epoch [31/100] | Loss: 5.2629 (Cls: 5.3056, TAL: -0.4404, Adv: 0.1258, OT-Reg: 0.001698) | OT inner objective: -0.1429 | Marginal residual row/col/max: 1.07e-04/1.12e-08/1.07e-04 | Train Acc: 0.4219 | Val Acc: 0.6944 | Val P/R/F1 (Macro): 0.7463/0.7611/0.7178 | LR: 0.000003
  >>> New Best Val Acc: 0.6944
Epoch [32/100] | SVD update #32: pairs=128, sweeps=3, converged=True, rel_change=2.787e-04, effective_ranks=(127, 19), class_paired=True
Epoch [32/100] | Loss: 5.5334 (Cls: 5.5600, TAL: -0.3232, Adv: 0.1514, OT-Reg: 0.001653) | OT inner objective: -0.0844 | Marginal residual row/col/max: 2.83e-05/1.49e-08/2.83e-05 | Train Acc: 0.4141 | Val Acc: 0.5000 | Val P/R/F1 (Macro): 0.4405/0.5963/0.4845 | LR: 0.000003
Epoch [33/100] | SVD update #33: pairs=128, sweeps=3, converged=True, rel_change=8.352e-04, effective_ranks=(127, 20), class_paired=True
Epoch [33/100] | Loss: 5.3865 (Cls: 5.4254, TAL: -0.4209, Adv: 0.1440, OT-Reg: 0.001676) | OT inner objective: -0.1342 | Marginal residual row/col/max: 1.35e-04/1.07e-08/1.35e-04 | Train Acc: 0.4609 | Val Acc: 0.5556 | Val P/R/F1 (Macro): 0.5370/0.6204/0.5617 | LR: 0.000003
Epoch [34/100] | SVD update #34: pairs=128, sweeps=3, converged=True, rel_change=7.718e-04, effective_ranks=(127, 20), class_paired=True
Epoch [34/100] | Loss: 5.2360 (Cls: 5.2815, TAL: -0.4718, Adv: 0.1384, OT-Reg: 0.001647) | OT inner objective: -0.1957 | Marginal residual row/col/max: 6.52e-05/1.35e-08/6.52e-05 | Train Acc: 0.4609 | Val Acc: 0.4722 | Val P/R/F1 (Macro): 0.4741/0.5463/0.4720 | LR: 0.000003
Epoch [35/100] | SVD update #35: pairs=128, sweeps=4, converged=True, rel_change=3.635e-04, effective_ranks=(127, 22), class_paired=True
Epoch [35/100] | Loss: 5.7292 (Cls: 5.7780, TAL: -0.4989, Adv: 0.1389, OT-Reg: 0.001664) | OT inner objective: -0.2763 | Marginal residual row/col/max: 6.69e-05/9.78e-09/6.69e-05 | Train Acc: 0.3828 | Val Acc: 0.6111 | Val P/R/F1 (Macro): 0.4217/0.6250/0.4938 | LR: 0.000003
Epoch [36/100] | SVD update #36: pairs=128, sweeps=4, converged=True, rel_change=1.283e-04, effective_ranks=(127, 21), class_paired=True
Epoch [36/100] | Loss: 5.3871 (Cls: 5.4327, TAL: -0.4570, Adv: 0.1156, OT-Reg: 0.001592) | OT inner objective: -0.1960 | Marginal residual row/col/max: 1.27e-04/1.07e-08/1.27e-04 | Train Acc: 0.3906 | Val Acc: 0.4444 | Val P/R/F1 (Macro): 0.5265/0.5454/0.4543 | LR: 0.000003
Epoch [37/100] | SVD update #37: pairs=128, sweeps=3, converged=True, rel_change=8.218e-04, effective_ranks=(127, 23), class_paired=True
Epoch [37/100] | Loss: 5.8503 (Cls: 5.8871, TAL: -0.3935, Adv: 0.1314, OT-Reg: 0.001686) | OT inner objective: -0.2196 | Marginal residual row/col/max: 6.81e-05/9.31e-09/6.81e-05 | Train Acc: 0.4062 | Val Acc: 0.3889 | Val P/R/F1 (Macro): 0.3796/0.4213/0.3433 | LR: 0.000003
Epoch [38/100] | SVD update #38: pairs=128, sweeps=3, converged=True, rel_change=3.910e-04, effective_ranks=(127, 23), class_paired=True
Epoch [38/100] | Loss: 5.1469 (Cls: 5.1928, TAL: -0.4561, Adv: 0.1104, OT-Reg: 0.001734) | OT inner objective: -0.1520 | Marginal residual row/col/max: 2.66e-05/1.16e-08/2.66e-05 | Train Acc: 0.4766 | Val Acc: 0.6111 | Val P/R/F1 (Macro): 0.5776/0.6796/0.6032 | LR: 0.000003
Epoch [39/100] | SVD update #39: pairs=128, sweeps=4, converged=True, rel_change=4.308e-04, effective_ranks=(127, 24), class_paired=True
Epoch [39/100] | Loss: 5.3393 (Cls: 5.3841, TAL: -0.4683, Adv: 0.1415, OT-Reg: 0.001724) | OT inner objective: -0.1325 | Marginal residual row/col/max: 8.24e-05/9.31e-09/8.24e-05 | Train Acc: 0.4688 | Val Acc: 0.6389 | Val P/R/F1 (Macro): 0.5778/0.6093/0.5710 | LR: 0.000003
Epoch [40/100] | SVD update #40: pairs=128, sweeps=4, converged=True, rel_change=3.890e-04, effective_ranks=(127, 21), class_paired=True
Epoch [40/100] | Loss: 5.2725 (Cls: 5.3151, TAL: -0.4339, Adv: 0.1191, OT-Reg: 0.001643) | OT inner objective: -0.2482 | Marginal residual row/col/max: 6.30e-05/1.02e-08/6.30e-05 | Train Acc: 0.3047 | Val Acc: 0.4722 | Val P/R/F1 (Macro): 0.4651/0.4843/0.4169 | LR: 0.000003
Epoch [41/100] | SVD update #41: pairs=128, sweeps=3, converged=True, rel_change=4.727e-04, effective_ranks=(127, 22), class_paired=True
Epoch [41/100] | Loss: 4.6744 (Cls: 4.7362, TAL: -0.5845, Adv: 0.1048, OT-Reg: 0.001746) | OT inner objective: -0.2065 | Marginal residual row/col/max: 9.85e-05/1.21e-08/9.85e-05 | Train Acc: 0.4141 | Val Acc: 0.5556 | Val P/R/F1 (Macro): 0.5582/0.6454/0.5841 | LR: 0.000003
Epoch [42/100] | SVD update #42: pairs=128, sweeps=3, converged=True, rel_change=7.937e-04, effective_ranks=(127, 18), class_paired=True
Epoch [42/100] | Loss: 4.9324 (Cls: 4.9837, TAL: -0.5163, Adv: 0.1333, OT-Reg: 0.001686) | OT inner objective: -0.1518 | Marginal residual row/col/max: 1.04e-04/1.02e-08/1.04e-04 | Train Acc: 0.5156 | Val Acc: 0.5278 | Val P/R/F1 (Macro): 0.5809/0.6565/0.5309 | LR: 0.000001
Epoch [43/100] | SVD update #43: pairs=128, sweeps=3, converged=True, rel_change=5.968e-04, effective_ranks=(127, 21), class_paired=True
Epoch [43/100] | Loss: 5.4390 (Cls: 5.4894, TAL: -0.5062, Adv: 0.1293, OT-Reg: 0.001573) | OT inner objective: -0.2350 | Marginal residual row/col/max: 1.62e-04/9.78e-09/1.62e-04 | Train Acc: 0.3984 | Val Acc: 0.5833 | Val P/R/F1 (Macro): 0.5370/0.6602/0.5429 | LR: 0.000001
Epoch [44/100] | SVD update #44: pairs=128, sweeps=6, converged=True, rel_change=4.279e-04, effective_ranks=(127, 22), class_paired=True
Epoch [44/100] | Loss: 5.2110 (Cls: 5.2549, TAL: -0.4317, Adv: 0.0985, OT-Reg: 0.001583) | OT inner objective: -0.1429 | Marginal residual row/col/max: 1.58e-04/1.77e-08/1.58e-04 | Train Acc: 0.4766 | Val Acc: 0.5278 | Val P/R/F1 (Macro): 0.4431/0.6019/0.4753 | LR: 0.000001
Epoch [45/100] | SVD update #45: pairs=128, sweeps=4, converged=True, rel_change=2.995e-04, effective_ranks=(127, 25), class_paired=True
Epoch [45/100] | Loss: 5.0414 (Cls: 5.0994, TAL: -0.5528, Adv: 0.1041, OT-Reg: 0.001757) | OT inner objective: -0.1804 | Marginal residual row/col/max: 2.11e-05/1.07e-08/2.11e-05 | Train Acc: 0.4688 | Val Acc: 0.6111 | Val P/R/F1 (Macro): 0.5241/0.5926/0.5239 | LR: 0.000001
Epoch [46/100] | SVD update #46: pairs=128, sweeps=4, converged=True, rel_change=1.817e-04, effective_ranks=(127, 26), class_paired=True
Epoch [46/100] | Loss: 4.9748 (Cls: 5.0295, TAL: -0.5150, Adv: 0.0887, OT-Reg: 0.001627) | OT inner objective: -0.2253 | Marginal residual row/col/max: 2.51e-04/1.07e-08/2.51e-04 | Train Acc: 0.5234 | Val Acc: 0.6389 | Val P/R/F1 (Macro): 0.6061/0.6426/0.5640 | LR: 0.000001
Epoch [47/100] | SVD update #47: pairs=128, sweeps=4, converged=True, rel_change=1.621e-04, effective_ranks=(127, 26), class_paired=True
Epoch [47/100] | Loss: 4.9270 (Cls: 4.9831, TAL: -0.5243, Adv: 0.0860, OT-Reg: 0.001637) | OT inner objective: -0.1747 | Marginal residual row/col/max: 3.98e-05/1.16e-08/3.98e-05 | Train Acc: 0.5078 | Val Acc: 0.6667 | Val P/R/F1 (Macro): 0.5837/0.6324/0.5880 | LR: 0.000001
Epoch [48/100] | SVD update #48: pairs=128, sweeps=6, converged=True, rel_change=5.014e-04, effective_ranks=(127, 24), class_paired=True
Epoch [48/100] | Loss: 4.8823 (Cls: 4.9360, TAL: -0.5236, Adv: 0.1137, OT-Reg: 0.001708) | OT inner objective: -0.2415 | Marginal residual row/col/max: 1.38e-04/1.21e-08/1.38e-04 | Train Acc: 0.4766 | Val Acc: 0.6389 | Val P/R/F1 (Macro): 0.6672/0.7157/0.6852 | LR: 0.000001
Epoch [49/100] | SVD update #49: pairs=128, sweeps=3, converged=True, rel_change=4.994e-04, effective_ranks=(126, 22), class_paired=True
Epoch [49/100] | Loss: 4.9767 (Cls: 5.0262, TAL: -0.4710, Adv: 0.0871, OT-Reg: 0.001651) | OT inner objective: -0.2025 | Marginal residual row/col/max: 1.10e-04/9.78e-09/1.10e-04 | Train Acc: 0.4375 | Val Acc: 0.6667 | Val P/R/F1 (Macro): 0.6017/0.7037/0.6093 | LR: 0.000001
Epoch [50/100] | SVD update #50: pairs=128, sweeps=4, converged=True, rel_change=3.398e-04, effective_ranks=(127, 22), class_paired=True
Epoch [50/100] | Loss: 4.7326 (Cls: 4.7726, TAL: -0.4008, Adv: 0.1011, OT-Reg: 0.001671) | OT inner objective: -0.2651 | Marginal residual row/col/max: 2.51e-05/8.38e-09/2.51e-05 | Train Acc: 0.4844 | Val Acc: 0.6944 | Val P/R/F1 (Macro): 0.6266/0.7194/0.6489 | LR: 0.000001
Epoch [51/100] | SVD update #51: pairs=128, sweeps=3, converged=True, rel_change=1.605e-04, effective_ranks=(127, 26), class_paired=True
Epoch [51/100] | Loss: 4.6785 (Cls: 4.7415, TAL: -0.5817, Adv: 0.0851, OT-Reg: 0.001528) | OT inner objective: -0.1596 | Marginal residual row/col/max: 5.31e-05/1.26e-08/5.31e-05 | Train Acc: 0.5547 | Val Acc: 0.5278 | Val P/R/F1 (Macro): 0.3384/0.5056/0.3965 | LR: 0.000001
Epoch [52/100] | SVD update #52: pairs=128, sweeps=4, converged=True, rel_change=1.755e-04, effective_ranks=(127, 25), class_paired=True
Epoch [52/100] | Loss: 5.0658 (Cls: 5.0996, TAL: -0.3614, Adv: 0.1197, OT-Reg: 0.001566) | OT inner objective: -0.0876 | Marginal residual row/col/max: 1.04e-05/1.16e-08/1.04e-05 | Train Acc: 0.4688 | Val Acc: 0.6111 | Val P/R/F1 (Macro): 0.7130/0.6731/0.6432 | LR: 0.000001
Epoch [53/100] | SVD update #53: pairs=128, sweeps=3, converged=True, rel_change=2.549e-04, effective_ranks=(127, 25), class_paired=True
Epoch [53/100] | Loss: 4.6356 (Cls: 4.6866, TAL: -0.4803, Adv: 0.0836, OT-Reg: 0.001603) | OT inner objective: -0.1776 | Marginal residual row/col/max: 2.20e-04/1.21e-08/2.20e-04 | Train Acc: 0.5000 | Val Acc: 0.6389 | Val P/R/F1 (Macro): 0.7152/0.6917/0.6552 | LR: 0.000001
Epoch [54/100] | SVD update #54: pairs=128, sweeps=3, converged=True, rel_change=5.751e-04, effective_ranks=(127, 26), class_paired=True
Epoch [54/100] | Loss: 4.5827 (Cls: 4.6400, TAL: -0.5415, Adv: 0.0959, OT-Reg: 0.001711) | OT inner objective: -0.1240 | Marginal residual row/col/max: 1.01e-04/1.02e-08/1.01e-04 | Train Acc: 0.6016 | Val Acc: 0.5833 | Val P/R/F1 (Macro): 0.6402/0.6963/0.6117 | LR: 0.000001
Epoch [55/100] | SVD update #55: pairs=128, sweeps=4, converged=True, rel_change=2.378e-04, effective_ranks=(127, 27), class_paired=True
Epoch [55/100] | Loss: 4.8329 (Cls: 4.8811, TAL: -0.4614, Adv: 0.0891, OT-Reg: 0.001782) | OT inner objective: -0.1333 | Marginal residual row/col/max: 1.30e-05/1.02e-08/1.30e-05 | Train Acc: 0.4453 | Val Acc: 0.5556 | Val P/R/F1 (Macro): 0.6587/0.6778/0.5990 | LR: 0.000001
Epoch [56/100] | SVD update #56: pairs=128, sweeps=4, converged=True, rel_change=8.810e-04, effective_ranks=(127, 28), class_paired=True
Epoch [56/100] | Loss: 4.4336 (Cls: 4.4866, TAL: -0.5021, Adv: 0.0901, OT-Reg: 0.001802) | OT inner objective: -0.0998 | Marginal residual row/col/max: 3.25e-05/9.78e-09/3.25e-05 | Train Acc: 0.5469 | Val Acc: 0.5000 | Val P/R/F1 (Macro): 0.3926/0.5130/0.4217 | LR: 0.000001
Epoch [57/100] | SVD update #57: pairs=128, sweeps=4, converged=True, rel_change=5.695e-04, effective_ranks=(127, 29), class_paired=True
Epoch [57/100] | Loss: 4.7980 (Cls: 4.8437, TAL: -0.4450, Adv: 0.0969, OT-Reg: 0.001713) | OT inner objective: -0.1972 | Marginal residual row/col/max: 2.45e-04/1.02e-08/2.45e-04 | Train Acc: 0.5547 | Val Acc: 0.5833 | Val P/R/F1 (Macro): 0.6183/0.6269/0.5387 | LR: 0.000001
Epoch [58/100] | SVD update #58: pairs=128, sweeps=4, converged=True, rel_change=1.661e-04, effective_ranks=(127, 29), class_paired=True
Epoch [58/100] | Loss: 4.9249 (Cls: 4.9770, TAL: -0.4996, Adv: 0.0972, OT-Reg: 0.001661) | OT inner objective: -0.2442 | Marginal residual row/col/max: 6.41e-05/1.02e-08/6.41e-05 | Train Acc: 0.4766 | Val Acc: 0.5278 | Val P/R/F1 (Macro): 0.5841/0.5815/0.5350 | LR: 0.000001
Epoch [59/100] | SVD update #59: pairs=128, sweeps=3, converged=True, rel_change=7.833e-05, effective_ranks=(127, 26), class_paired=True
Epoch [59/100] | Loss: 5.0031 (Cls: 5.0596, TAL: -0.5273, Adv: 0.0847, OT-Reg: 0.001712) | OT inner objective: -0.1649 | Marginal residual row/col/max: 2.32e-04/1.26e-08/2.32e-04 | Train Acc: 0.4062 | Val Acc: 0.5278 | Val P/R/F1 (Macro): 0.5625/0.6000/0.5453 | LR: 0.000001
Epoch [60/100] | SVD update #60: pairs=128, sweeps=4, converged=True, rel_change=1.855e-04, effective_ranks=(127, 25), class_paired=True
Epoch [60/100] | Loss: 4.7856 (Cls: 4.8278, TAL: -0.4040, Adv: 0.0794, OT-Reg: 0.001622) | OT inner objective: -0.0973 | Marginal residual row/col/max: 4.72e-06/1.44e-08/4.72e-06 | Train Acc: 0.5234 | Val Acc: 0.5556 | Val P/R/F1 (Macro): 0.5728/0.6148/0.5808 | LR: 0.000001
Epoch [61/100] | SVD update #61: pairs=128, sweeps=4, converged=True, rel_change=1.466e-04, effective_ranks=(127, 22), class_paired=True
Epoch [61/100] | Loss: 4.7389 (Cls: 4.7859, TAL: -0.4531, Adv: 0.0910, OT-Reg: 0.001655) | OT inner objective: -0.1757 | Marginal residual row/col/max: 1.86e-05/1.12e-08/1.86e-05 | Train Acc: 0.5234 | Val Acc: 0.5833 | Val P/R/F1 (Macro): 0.6550/0.6315/0.6341 | LR: 0.000001
Epoch [62/100] | SVD update #62: pairs=128, sweeps=3, converged=True, rel_change=9.308e-04, effective_ranks=(127, 26), class_paired=True
Epoch [62/100] | Loss: 4.8979 (Cls: 4.9602, TAL: -0.5748, Adv: 0.0840, OT-Reg: 0.001541) | OT inner objective: -0.1763 | Marginal residual row/col/max: 1.78e-04/1.16e-08/1.78e-04 | Train Acc: 0.5156 | Val Acc: 0.5556 | Val P/R/F1 (Macro): 0.4241/0.5009/0.4222 | LR: 0.000001
Epoch [63/100] | SVD update #63: pairs=128, sweeps=3, converged=True, rel_change=1.714e-04, effective_ranks=(127, 31), class_paired=True
Epoch [63/100] | Loss: 4.5513 (Cls: 4.6061, TAL: -0.5179, Adv: 0.0925, OT-Reg: 0.001703) | OT inner objective: -0.1968 | Marginal residual row/col/max: 2.80e-05/1.35e-08/2.80e-05 | Train Acc: 0.5859 | Val Acc: 0.6111 | Val P/R/F1 (Macro): 0.5519/0.5991/0.5557 | LR: 0.000001
Epoch [64/100] | SVD update #64: pairs=128, sweeps=4, converged=True, rel_change=2.449e-04, effective_ranks=(127, 32), class_paired=True
Epoch [64/100] | Loss: 4.5636 (Cls: 4.6165, TAL: -0.5078, Adv: 0.0998, OT-Reg: 0.001598) | OT inner objective: -0.1735 | Marginal residual row/col/max: 1.39e-04/1.21e-08/1.39e-04 | Train Acc: 0.4766 | Val Acc: 0.6667 | Val P/R/F1 (Macro): 0.5969/0.6398/0.5797 | LR: 0.000001
Epoch [65/100] | SVD update #65: pairs=128, sweeps=4, converged=True, rel_change=1.642e-04, effective_ranks=(127, 32), class_paired=True
Epoch [65/100] | Loss: 5.7165 (Cls: 5.7703, TAL: -0.5067, Adv: 0.0874, OT-Reg: 0.001619) | OT inner objective: -0.1448 | Marginal residual row/col/max: 2.56e-04/1.77e-08/2.56e-04 | Train Acc: 0.2109 | Val Acc: 0.4167 | Val P/R/F1 (Macro): 0.2463/0.3370/0.2693 | LR: 0.000001
Epoch [66/100] | SVD update #66: pairs=128, sweeps=4, converged=True, rel_change=3.266e-04, effective_ranks=(127, 35), class_paired=True
Epoch [66/100] | Loss: 4.3777 (Cls: 4.4362, TAL: -0.5397, Adv: 0.0787, OT-Reg: 0.001551) | OT inner objective: -0.2285 | Marginal residual row/col/max: 1.83e-04/1.26e-08/1.83e-04 | Train Acc: 0.6172 | Val Acc: 0.6389 | Val P/R/F1 (Macro): 0.6815/0.7204/0.6416 | LR: 0.000001
Epoch [67/100] | SVD update #67: pairs=128, sweeps=3, converged=True, rel_change=5.519e-04, effective_ranks=(127, 30), class_paired=True
Epoch [67/100] | Loss: 4.2919 (Cls: 4.3492, TAL: -0.5271, Adv: 0.0749, OT-Reg: 0.001671) | OT inner objective: -0.1538 | Marginal residual row/col/max: 1.16e-04/1.07e-08/1.16e-04 | Train Acc: 0.5625 | Val Acc: 0.6389 | Val P/R/F1 (Macro): 0.6410/0.7083/0.6202 | LR: 0.000001
Epoch [68/100] | SVD update #68: pairs=128, sweeps=4, converged=True, rel_change=5.136e-04, effective_ranks=(127, 34), class_paired=True
Epoch [68/100] | Loss: 4.6996 (Cls: 4.7594, TAL: -0.5533, Adv: 0.0827, OT-Reg: 0.001715) | OT inner objective: -0.1539 | Marginal residual row/col/max: 1.61e-04/1.07e-08/1.61e-04 | Train Acc: 0.5156 | Val Acc: 0.5000 | Val P/R/F1 (Macro): 0.3944/0.4602/0.3744 | LR: 0.000001
Epoch [69/100] | SVD update #69: pairs=128, sweeps=4, converged=True, rel_change=3.692e-04, effective_ranks=(127, 31), class_paired=True
Epoch [69/100] | Loss: 4.6914 (Cls: 4.7480, TAL: -0.5259, Adv: 0.0814, OT-Reg: 0.001646) | OT inner objective: -0.1022 | Marginal residual row/col/max: 3.27e-05/9.31e-09/3.27e-05 | Train Acc: 0.4922 | Val Acc: 0.5556 | Val P/R/F1 (Macro): 0.5997/0.6176/0.6033 | LR: 0.000001
Epoch [70/100] | SVD update #70: pairs=128, sweeps=3, converged=True, rel_change=5.079e-04, effective_ranks=(127, 33), class_paired=True
Epoch [70/100] | Loss: 4.4802 (Cls: 4.5345, TAL: -0.5175, Adv: 0.0975, OT-Reg: 0.001718) | OT inner objective: -0.1711 | Marginal residual row/col/max: 9.76e-05/9.78e-09/9.76e-05 | Train Acc: 0.5156 | Val Acc: 0.5000 | Val P/R/F1 (Macro): 0.4278/0.4778/0.4102 | LR: 0.000001
Epoch [71/100] | SVD update #71: pairs=128, sweeps=4, converged=True, rel_change=2.825e-04, effective_ranks=(127, 30), class_paired=True
Epoch [71/100] | Loss: 4.6084 (Cls: 4.6688, TAL: -0.5515, Adv: 0.0715, OT-Reg: 0.001706) | OT inner objective: -0.2202 | Marginal residual row/col/max: 1.61e-04/1.12e-08/1.61e-04 | Train Acc: 0.5469 | Val Acc: 0.5833 | Val P/R/F1 (Macro): 0.6040/0.6231/0.6090 | LR: 0.000001
Epoch [72/100] | SVD update #72: pairs=128, sweeps=4, converged=True, rel_change=3.912e-04, effective_ranks=(127, 32), class_paired=True
Epoch [72/100] | Loss: 5.0367 (Cls: 5.0828, TAL: -0.4357, Adv: 0.0777, OT-Reg: 0.001672) | OT inner objective: -0.1561 | Marginal residual row/col/max: 1.64e-05/1.16e-08/1.64e-05 | Train Acc: 0.4219 | Val Acc: 0.4444 | Val P/R/F1 (Macro): 0.4021/0.4269/0.3625 | LR: 0.000001
Epoch [73/100] | SVD update #73: pairs=128, sweeps=3, converged=True, rel_change=6.302e-04, effective_ranks=(127, 34), class_paired=True
Epoch [73/100] | Loss: 5.0471 (Cls: 5.1038, TAL: -0.5291, Adv: 0.0858, OT-Reg: 0.001695) | OT inner objective: -0.1668 | Marginal residual row/col/max: 6.74e-05/1.49e-08/6.74e-05 | Train Acc: 0.4062 | Val Acc: 0.4722 | Val P/R/F1 (Macro): 0.4228/0.4639/0.4018 | LR: 0.000001
Epoch [74/100] | SVD update #74: pairs=128, sweeps=5, converged=True, rel_change=5.166e-04, effective_ranks=(127, 34), class_paired=True
Epoch [74/100] | Loss: 4.9453 (Cls: 4.9996, TAL: -0.4958, Adv: 0.0647, OT-Reg: 0.001649) | OT inner objective: -0.2527 | Marginal residual row/col/max: 1.30e-05/1.21e-08/1.30e-05 | Train Acc: 0.3984 | Val Acc: 0.5000 | Val P/R/F1 (Macro): 0.5902/0.6037/0.5058 | LR: 0.000001
Epoch [75/100] | SVD update #75: pairs=128, sweeps=4, converged=True, rel_change=3.949e-04, effective_ranks=(127, 34), class_paired=True
Epoch [75/100] | Loss: 4.7194 (Cls: 4.7664, TAL: -0.4473, Adv: 0.0828, OT-Reg: 0.001626) | OT inner objective: -0.1042 | Marginal residual row/col/max: 3.89e-06/8.38e-09/3.89e-06 | Train Acc: 0.4844 | Val Acc: 0.5556 | Val P/R/F1 (Macro): 0.5791/0.5333/0.4687 | LR: 0.000001
Epoch [76/100] | SVD update #76: pairs=128, sweeps=3, converged=True, rel_change=9.099e-04, effective_ranks=(127, 34), class_paired=True
Epoch [76/100] | Loss: 4.4503 (Cls: 4.5084, TAL: -0.5426, Adv: 0.0881, OT-Reg: 0.001695) | OT inner objective: -0.2146 | Marginal residual row/col/max: 4.45e-05/1.12e-08/4.45e-05 | Train Acc: 0.5234 | Val Acc: 0.5833 | Val P/R/F1 (Macro): 0.5161/0.5528/0.5054 | LR: 0.000001
Epoch [77/100] | SVD update #77: pairs=128, sweeps=3, converged=True, rel_change=2.218e-04, effective_ranks=(127, 36), class_paired=True
Epoch [77/100] | Loss: 4.4055 (Cls: 4.4588, TAL: -0.4919, Adv: 0.0708, OT-Reg: 0.001600) | OT inner objective: -0.1290 | Marginal residual row/col/max: 4.02e-05/1.40e-08/4.02e-05 | Train Acc: 0.4922 | Val Acc: 0.5278 | Val P/R/F1 (Macro): 0.5311/0.5065/0.4797 | LR: 0.000001
Epoch [78/100] | SVD update #78: pairs=128, sweeps=3, converged=True, rel_change=9.542e-04, effective_ranks=(127, 33), class_paired=True
Epoch [78/100] | Loss: 4.7201 (Cls: 4.7757, TAL: -0.5191, Adv: 0.0826, OT-Reg: 0.001594) | OT inner objective: -0.2109 | Marginal residual row/col/max: 1.33e-05/1.02e-08/1.33e-05 | Train Acc: 0.5000 | Val Acc: 0.6389 | Val P/R/F1 (Macro): 0.5914/0.5852/0.5269 | LR: 0.000001
Epoch [79/100] | SVD update #79: pairs=128, sweeps=3, converged=True, rel_change=5.485e-04, effective_ranks=(127, 34), class_paired=True
Epoch [79/100] | Loss: 5.4347 (Cls: 5.4812, TAL: -0.4356, Adv: 0.0718, OT-Reg: 0.001564) | OT inner objective: -0.1231 | Marginal residual row/col/max: 4.54e-06/1.02e-08/4.54e-06 | Train Acc: 0.3516 | Val Acc: 0.4722 | Val P/R/F1 (Macro): 0.3825/0.3843/0.3354 | LR: 0.000001
Epoch [80/100] | SVD update #80: pairs=128, sweeps=4, converged=True, rel_change=3.835e-04, effective_ranks=(127, 37), class_paired=True
Epoch [80/100] | Loss: 4.1552 (Cls: 4.2015, TAL: -0.4275, Adv: 0.0625, OT-Reg: 0.001542) | OT inner objective: -0.1468 | Marginal residual row/col/max: 8.91e-06/1.12e-08/8.91e-06 | Train Acc: 0.6484 | Val Acc: 0.7222 | Val P/R/F1 (Macro): 0.6420/0.6676/0.6279 | LR: 0.000001
  >>> New Best Val Acc: 0.7222
Epoch [81/100] | SVD update #81: pairs=128, sweeps=3, converged=True, rel_change=7.089e-04, effective_ranks=(127, 36), class_paired=True
Epoch [81/100] | Loss: 4.5372 (Cls: 4.5824, TAL: -0.4186, Adv: 0.0629, OT-Reg: 0.001758) | OT inner objective: -0.0826 | Marginal residual row/col/max: 1.55e-04/1.12e-08/1.55e-04 | Train Acc: 0.5234 | Val Acc: 0.6389 | Val P/R/F1 (Macro): 0.6417/0.5880/0.5472 | LR: 0.000001
Epoch [82/100] | SVD update #82: pairs=128, sweeps=4, converged=True, rel_change=1.738e-04, effective_ranks=(127, 34), class_paired=True
Epoch [82/100] | Loss: 4.9911 (Cls: 5.0370, TAL: -0.4372, Adv: 0.0830, OT-Reg: 0.001672) | OT inner objective: -0.1479 | Marginal residual row/col/max: 2.24e-05/1.35e-08/2.24e-05 | Train Acc: 0.3359 | Val Acc: 0.6111 | Val P/R/F1 (Macro): 0.4238/0.4824/0.4423 | LR: 0.000001
Epoch [83/100] | SVD update #83: pairs=128, sweeps=3, converged=True, rel_change=7.258e-04, effective_ranks=(127, 37), class_paired=True
Epoch [83/100] | Loss: 4.3602 (Cls: 4.4148, TAL: -0.5034, Adv: 0.0734, OT-Reg: 0.001526) | OT inner objective: -0.2240 | Marginal residual row/col/max: 1.80e-04/1.02e-08/1.80e-04 | Train Acc: 0.5391 | Val Acc: 0.5278 | Val P/R/F1 (Macro): 0.5828/0.6269/0.5972 | LR: 0.000001
Epoch [84/100] | SVD update #84: pairs=128, sweeps=3, converged=True, rel_change=2.425e-04, effective_ranks=(127, 37), class_paired=True
Epoch [84/100] | Loss: 4.4335 (Cls: 4.4797, TAL: -0.4428, Adv: 0.0868, OT-Reg: 0.001621) | OT inner objective: -0.1844 | Marginal residual row/col/max: 1.78e-04/9.78e-09/1.78e-04 | Train Acc: 0.4844 | Val Acc: 0.6389 | Val P/R/F1 (Macro): 0.6329/0.7102/0.6279 | LR: 0.000001
Epoch [85/100] | SVD update #85: pairs=128, sweeps=4, converged=True, rel_change=3.115e-04, effective_ranks=(127, 36), class_paired=True
Epoch [85/100] | Loss: 4.3101 (Cls: 4.3658, TAL: -0.5130, Adv: 0.0730, OT-Reg: 0.001727) | OT inner objective: -0.1660 | Marginal residual row/col/max: 7.65e-05/2.33e-08/7.65e-05 | Train Acc: 0.5859 | Val Acc: 0.6389 | Val P/R/F1 (Macro): 0.6951/0.7194/0.6592 | LR: 0.000001
Epoch [86/100] | SVD update #86: pairs=128, sweeps=3, converged=True, rel_change=9.606e-04, effective_ranks=(127, 35), class_paired=True
Epoch [86/100] | Loss: 4.7934 (Cls: 4.8376, TAL: -0.4231, Adv: 0.0820, OT-Reg: 0.001720) | OT inner objective: -0.1545 | Marginal residual row/col/max: 8.64e-05/1.30e-08/8.64e-05 | Train Acc: 0.5547 | Val Acc: 0.6389 | Val P/R/F1 (Macro): 0.6894/0.7343/0.6424 | LR: 0.000001
Epoch [87/100] | SVD update #87: pairs=128, sweeps=4, converged=True, rel_change=3.351e-04, effective_ranks=(127, 37), class_paired=True
Epoch [87/100] | Loss: 4.6566 (Cls: 4.7005, TAL: -0.4159, Adv: 0.0742, OT-Reg: 0.001528) | OT inner objective: -0.1291 | Marginal residual row/col/max: 1.98e-04/1.07e-08/1.98e-04 | Train Acc: 0.4609 | Val Acc: 0.5556 | Val P/R/F1 (Macro): 0.6815/0.6306/0.5863 | LR: 0.000001
Epoch [88/100] | SVD update #88: pairs=128, sweeps=4, converged=True, rel_change=1.798e-04, effective_ranks=(127, 37), class_paired=True
Epoch [88/100] | Loss: 4.4937 (Cls: 4.5621, TAL: -0.6140, Adv: 0.0665, OT-Reg: 0.001648) | OT inner objective: -0.1672 | Marginal residual row/col/max: 4.48e-05/1.07e-08/4.48e-05 | Train Acc: 0.4844 | Val Acc: 0.5278 | Val P/R/F1 (Macro): 0.4877/0.5046/0.4259 | LR: 0.000001
Epoch [89/100] | SVD update #89: pairs=128, sweeps=3, converged=True, rel_change=2.546e-04, effective_ranks=(127, 36), class_paired=True
Epoch [89/100] | Loss: 4.9545 (Cls: 4.9983, TAL: -0.4212, Adv: 0.0841, OT-Reg: 0.001591) | OT inner objective: -0.0935 | Marginal residual row/col/max: 4.78e-05/1.40e-08/4.78e-05 | Train Acc: 0.5078 | Val Acc: 0.4444 | Val P/R/F1 (Macro): 0.3519/0.5296/0.3931 | LR: 0.000001
Epoch [90/100] | SVD update #90: pairs=128, sweeps=4, converged=True, rel_change=4.072e-04, effective_ranks=(127, 37), class_paired=True
Epoch [90/100] | Loss: 4.4872 (Cls: 4.5418, TAL: -0.5125, Adv: 0.0856, OT-Reg: 0.001681) | OT inner objective: -0.1452 | Marginal residual row/col/max: 1.48e-05/9.31e-09/1.48e-05 | Train Acc: 0.6094 | Val Acc: 0.6944 | Val P/R/F1 (Macro): 0.7858/0.7241/0.6825 | LR: 0.000001
Epoch [91/100] | SVD update #91: pairs=128, sweeps=3, converged=True, rel_change=3.845e-04, effective_ranks=(126, 37), class_paired=True
Epoch [91/100] | Loss: 4.6923 (Cls: 4.7436, TAL: -0.5240, Adv: 0.1450, OT-Reg: 0.001676) | OT inner objective: -0.2266 | Marginal residual row/col/max: 1.07e-04/1.07e-08/1.07e-04 | Train Acc: 0.5547 | Val Acc: 0.5000 | Val P/R/F1 (Macro): 0.4722/0.5593/0.4932 | LR: 0.000001
Epoch [92/100] | SVD update #92: pairs=128, sweeps=3, converged=True, rel_change=8.287e-04, effective_ranks=(127, 34), class_paired=True
Epoch [92/100] | Loss: 4.8017 (Cls: 4.8479, TAL: -0.4586, Adv: 0.1113, OT-Reg: 0.001739) | OT inner objective: -0.1614 | Marginal residual row/col/max: 8.24e-05/1.02e-08/8.24e-05 | Train Acc: 0.4766 | Val Acc: 0.5556 | Val P/R/F1 (Macro): 0.6152/0.6102/0.5559 | LR: 0.000001
Epoch [93/100] | SVD update #93: pairs=128, sweeps=4, converged=True, rel_change=4.245e-04, effective_ranks=(127, 32), class_paired=True
Epoch [93/100] | Loss: 4.4712 (Cls: 4.5197, TAL: -0.4633, Adv: 0.0886, OT-Reg: 0.001675) | OT inner objective: -0.1603 | Marginal residual row/col/max: 3.78e-05/9.31e-09/3.78e-05 | Train Acc: 0.4766 | Val Acc: 0.4722 | Val P/R/F1 (Macro): 0.4833/0.5824/0.4824 | LR: 0.000001
Epoch [94/100] | SVD update #94: pairs=128, sweeps=4, converged=True, rel_change=3.723e-04, effective_ranks=(127, 37), class_paired=True
Epoch [94/100] | Loss: 4.6257 (Cls: 4.6886, TAL: -0.5777, Adv: 0.0801, OT-Reg: 0.001740) | OT inner objective: -0.2085 | Marginal residual row/col/max: 3.57e-05/9.31e-09/3.57e-05 | Train Acc: 0.5469 | Val Acc: 0.5556 | Val P/R/F1 (Macro): 0.5421/0.6315/0.5345 | LR: 0.000001
Epoch [95/100] | SVD update #95: pairs=128, sweeps=3, converged=True, rel_change=7.332e-04, effective_ranks=(127, 37), class_paired=True
Epoch [95/100] | Loss: 4.7952 (Cls: 4.8552, TAL: -0.5642, Adv: 0.0972, OT-Reg: 0.001713) | OT inner objective: -0.2073 | Marginal residual row/col/max: 2.03e-04/1.02e-08/2.03e-04 | Train Acc: 0.4375 | Val Acc: 0.4722 | Val P/R/F1 (Macro): 0.5180/0.5731/0.4970 | LR: 0.000001
Epoch [96/100] | SVD update #96: pairs=128, sweeps=5, converged=True, rel_change=5.986e-04, effective_ranks=(127, 36), class_paired=True
Epoch [96/100] | Loss: 4.8641 (Cls: 4.9112, TAL: -0.4484, Adv: 0.0839, OT-Reg: 0.001564) | OT inner objective: -0.1534 | Marginal residual row/col/max: 1.01e-04/1.58e-08/1.01e-04 | Train Acc: 0.4531 | Val Acc: 0.5278 | Val P/R/F1 (Macro): 0.5163/0.5657/0.5191 | LR: 0.000001
Epoch [97/100] | SVD update #97: pairs=128, sweeps=4, converged=True, rel_change=2.454e-04, effective_ranks=(127, 37), class_paired=True
Epoch [97/100] | Loss: 4.4874 (Cls: 4.5391, TAL: -0.4799, Adv: 0.0737, OT-Reg: 0.001641) | OT inner objective: -0.1773 | Marginal residual row/col/max: 2.50e-04/1.54e-08/2.50e-04 | Train Acc: 0.5156 | Val Acc: 0.4444 | Val P/R/F1 (Macro): 0.3793/0.4426/0.3804 | LR: 0.000001
Epoch [98/100] | SVD update #98: pairs=128, sweeps=4, converged=True, rel_change=1.640e-04, effective_ranks=(127, 35), class_paired=True
Epoch [98/100] | Loss: 4.7733 (Cls: 4.8318, TAL: -0.5310, Adv: 0.0645, OT-Reg: 0.001660) | OT inner objective: -0.1559 | Marginal residual row/col/max: 2.11e-04/1.12e-08/2.11e-04 | Train Acc: 0.4375 | Val Acc: 0.5556 | Val P/R/F1 (Macro): 0.4413/0.5796/0.4795 | LR: 0.000001
Epoch [99/100] | SVD update #99: pairs=128, sweeps=3, converged=True, rel_change=6.279e-04, effective_ranks=(127, 33), class_paired=True
Epoch [99/100] | Loss: 4.8854 (Cls: 4.9394, TAL: -0.5095, Adv: 0.0902, OT-Reg: 0.001703) | OT inner objective: -0.1848 | Marginal residual row/col/max: 4.21e-05/1.02e-08/4.21e-05 | Train Acc: 0.4531 | Val Acc: 0.5000 | Val P/R/F1 (Macro): 0.4327/0.5417/0.4520 | LR: 0.000001
Epoch [100/100] | SVD update #100: pairs=128, sweeps=3, converged=True, rel_change=9.086e-04, effective_ranks=(127, 32), class_paired=True
Epoch [100/100] | Loss: 4.4506 (Cls: 4.5112, TAL: -0.5550, Adv: 0.0760, OT-Reg: 0.001694) | OT inner objective: -0.1799 | Marginal residual row/col/max: 3.88e-05/9.31e-09/3.88e-05 | Train Acc: 0.5312 | Val Acc: 0.5278 | Val P/R/F1 (Macro): 0.6462/0.5778/0.5165 | LR: 0.000001
Report strategy: best, window=10, reported_acc=0.7222, best_acc=0.7222, selected_epoch=80

迭代 1 报告指标:
  Accuracy: 0.7222
  Precision (Macro): 0.6420
  Recall (Macro): 0.6676
  F1 (Macro): 0.6279
  Precision (Micro): 0.7222
  Recall (Micro): 0.7222
  F1 (Micro): 0.7222
  Val class coverage: 9/14 (0.6429), samples=36

================================================================================
迭代 2/5
随机种子: 43
================================================================================
Training mode: full target-label supervision (class-paired batches).
Feature fusion: Tensor alignment (512+512 -> 16+16); fused_dim=32
Domain adaptation: Neural OT generator with 3-domain discriminator
Loss weights: tensor=0.12, adv=0.08
Transport: mode=sinkhorn, epsilon=0.1, Sinkhorn iterations=50, correction scale=0.1, correction regularization weight=0.001
Tensor projection update: once per epoch from the complete target-training pairing bank; projection_dim=16, max_sweeps=10, relative singular-value tolerance=0.001
Epoch [1/100] | SVD update #1: pairs=128, sweeps=4, converged=True, rel_change=1.543e-04, effective_ranks=(127, 125), class_paired=True
Epoch [1/100] | Loss: 8.5700 (Cls: 8.5169, TAL: 0.2131, Adv: 0.3435, OT-Reg: 0.001631) | OT inner objective: 0.2497 | Marginal residual row/col/max: 1.12e-08/1.63e-08/1.72e-08 | Train Acc: 0.0703 | Val Acc: 0.0000 | Val P/R/F1 (Macro): 0.0000/0.0000/0.0000 | LR: 0.000005
  >>> New Best Val Acc: 0.0000
Epoch [2/100] | SVD update #2: pairs=128, sweeps=3, converged=True, rel_change=4.857e-05, effective_ranks=(127, 98), class_paired=True
Epoch [2/100] | Loss: 8.5770 (Cls: 8.5918, TAL: -0.2996, Adv: 0.2641, OT-Reg: 0.001648) | OT inner objective: 0.2189 | Marginal residual row/col/max: 1.07e-08/1.54e-08/1.54e-08 | Train Acc: 0.1172 | Val Acc: 0.1667 | Val P/R/F1 (Macro): 0.1476/0.2222/0.1250 | LR: 0.000005
  >>> New Best Val Acc: 0.1667
Epoch [3/100] | SVD update #3: pairs=128, sweeps=3, converged=True, rel_change=6.200e-05, effective_ranks=(127, 52), class_paired=True
Epoch [3/100] | Loss: 8.5295 (Cls: 8.5302, TAL: -0.1416, Adv: 0.2034, OT-Reg: 0.001608) | OT inner objective: 0.1482 | Marginal residual row/col/max: 1.21e-08/1.16e-08/1.35e-08 | Train Acc: 0.1250 | Val Acc: 0.2222 | Val P/R/F1 (Macro): 0.1008/0.1667/0.1225 | LR: 0.000005
  >>> New Best Val Acc: 0.2222
Epoch [4/100] | SVD update #4: pairs=128, sweeps=10, converged=False, rel_change=4.741e-01, effective_ranks=(127, 86), class_paired=True
Epoch [4/100] | Loss: 7.8432 (Cls: 7.8232, TAL: 0.0280, Adv: 0.2083, OT-Reg: 0.001665) | OT inner objective: 0.2196 | Marginal residual row/col/max: 1.07e-08/1.72e-08/1.77e-08 | Train Acc: 0.0312 | Val Acc: 0.0556 | Val P/R/F1 (Macro): 0.0407/0.0324/0.0361 | LR: 0.000005
Epoch [5/100] | SVD update #5: pairs=128, sweeps=4, converged=True, rel_change=4.358e-05, effective_ranks=(127, 39), class_paired=True
Epoch [5/100] | Loss: 8.0274 (Cls: 8.0422, TAL: -0.2773, Adv: 0.2309, OT-Reg: 0.001573) | OT inner objective: 0.1930 | Marginal residual row/col/max: 1.58e-08/1.30e-08/1.68e-08 | Train Acc: 0.1094 | Val Acc: 0.2222 | Val P/R/F1 (Macro): 0.1025/0.1944/0.1160 | LR: 0.000005
Epoch [6/100] | SVD update #6: pairs=128, sweeps=3, converged=True, rel_change=8.753e-04, effective_ranks=(127, 56), class_paired=True
Epoch [6/100] | Loss: 7.4843 (Cls: 7.5031, TAL: -0.2863, Adv: 0.1936, OT-Reg: 0.001489) | OT inner objective: 0.0007 | Marginal residual row/col/max: 1.17e-05/2.10e-08/1.17e-05 | Train Acc: 0.2344 | Val Acc: 0.1389 | Val P/R/F1 (Macro): 0.0159/0.1111/0.0278 | LR: 0.000005
Epoch [7/100] | SVD update #7: pairs=128, sweeps=4, converged=True, rel_change=2.171e-04, effective_ranks=(127, 40), class_paired=True
Epoch [7/100] | Loss: 7.4678 (Cls: 7.4762, TAL: -0.2146, Adv: 0.2161, OT-Reg: 0.001503) | OT inner objective: 0.1891 | Marginal residual row/col/max: 1.12e-08/1.54e-08/1.63e-08 | Train Acc: 0.2344 | Val Acc: 0.2500 | Val P/R/F1 (Macro): 0.1934/0.2185/0.1485 | LR: 0.000005
  >>> New Best Val Acc: 0.2500
Epoch [8/100] | SVD update #8: pairs=128, sweeps=5, converged=True, rel_change=5.308e-04, effective_ranks=(127, 24), class_paired=True
Epoch [8/100] | Loss: 7.1561 (Cls: 7.1771, TAL: -0.2960, Adv: 0.1815, OT-Reg: 0.001525) | OT inner objective: -0.1286 | Marginal residual row/col/max: 3.75e-04/1.21e-08/3.75e-04 | Train Acc: 0.2031 | Val Acc: 0.2778 | Val P/R/F1 (Macro): 0.2381/0.3407/0.2449 | LR: 0.000005
  >>> New Best Val Acc: 0.2778
Epoch [9/100] | SVD update #9: pairs=128, sweeps=4, converged=True, rel_change=6.983e-04, effective_ranks=(127, 24), class_paired=True
Epoch [9/100] | Loss: 7.2099 (Cls: 7.2272, TAL: -0.2643, Adv: 0.1802, OT-Reg: 0.001401) | OT inner objective: -0.0572 | Marginal residual row/col/max: 1.95e-04/1.49e-08/1.95e-04 | Train Acc: 0.1953 | Val Acc: 0.2222 | Val P/R/F1 (Macro): 0.1191/0.3056/0.1557 | LR: 0.000005
Epoch [10/100] | SVD update #10: pairs=128, sweeps=4, converged=True, rel_change=6.077e-04, effective_ranks=(127, 26), class_paired=True
Epoch [10/100] | Loss: 6.5117 (Cls: 6.5645, TAL: -0.5462, Adv: 0.1591, OT-Reg: 0.001437) | OT inner objective: -0.1730 | Marginal residual row/col/max: 2.01e-04/1.49e-08/2.01e-04 | Train Acc: 0.3125 | Val Acc: 0.4167 | Val P/R/F1 (Macro): 0.3231/0.4630/0.3365 | LR: 0.000005
  >>> New Best Val Acc: 0.4167
Epoch [11/100] | SVD update #11: pairs=128, sweeps=5, converged=True, rel_change=5.055e-04, effective_ranks=(127, 21), class_paired=True
Epoch [11/100] | Loss: 6.9287 (Cls: 6.9612, TAL: -0.4130, Adv: 0.2130, OT-Reg: 0.001479) | OT inner objective: 0.0773 | Marginal residual row/col/max: 2.13e-05/1.86e-08/2.13e-05 | Train Acc: 0.1797 | Val Acc: 0.1111 | Val P/R/F1 (Macro): 0.0622/0.2130/0.0867 | LR: 0.000005
Epoch [12/100] | SVD update #12: pairs=128, sweeps=5, converged=True, rel_change=3.472e-04, effective_ranks=(127, 15), class_paired=True
Epoch [12/100] | Loss: 6.7568 (Cls: 6.7901, TAL: -0.3909, Adv: 0.1699, OT-Reg: 0.001439) | OT inner objective: 0.0479 | Marginal residual row/col/max: 4.03e-04/2.37e-08/4.03e-04 | Train Acc: 0.2812 | Val Acc: 0.2222 | Val P/R/F1 (Macro): 0.3293/0.3657/0.2589 | LR: 0.000005
Epoch [13/100] | SVD update #13: pairs=128, sweeps=4, converged=True, rel_change=4.744e-05, effective_ranks=(127, 15), class_paired=True
Epoch [13/100] | Loss: 6.6254 (Cls: 6.6576, TAL: -0.3934, Adv: 0.1875, OT-Reg: 0.001311) | OT inner objective: -0.0764 | Marginal residual row/col/max: 6.74e-04/1.02e-08/6.74e-04 | Train Acc: 0.2734 | Val Acc: 0.3056 | Val P/R/F1 (Macro): 0.2176/0.4556/0.2626 | LR: 0.000005
Epoch [14/100] | SVD update #14: pairs=128, sweeps=3, converged=True, rel_change=7.700e-04, effective_ranks=(126, 15), class_paired=True
Epoch [14/100] | Loss: 6.6030 (Cls: 6.6465, TAL: -0.5009, Adv: 0.2076, OT-Reg: 0.001469) | OT inner objective: -0.0754 | Marginal residual row/col/max: 5.25e-05/1.63e-08/5.25e-05 | Train Acc: 0.3047 | Val Acc: 0.1667 | Val P/R/F1 (Macro): 0.2946/0.2361/0.1631 | LR: 0.000005
Epoch [15/100] | SVD update #15: pairs=128, sweeps=4, converged=True, rel_change=9.679e-04, effective_ranks=(127, 18), class_paired=True
Epoch [15/100] | Loss: 6.0947 (Cls: 6.1237, TAL: -0.3685, Adv: 0.1911, OT-Reg: 0.001452) | OT inner objective: -0.1199 | Marginal residual row/col/max: 4.75e-04/1.44e-08/4.75e-04 | Train Acc: 0.3047 | Val Acc: 0.2778 | Val P/R/F1 (Macro): 0.1684/0.3926/0.2219 | LR: 0.000005
Epoch [16/100] | SVD update #16: pairs=128, sweeps=3, converged=True, rel_change=3.503e-04, effective_ranks=(127, 13), class_paired=True
Epoch [16/100] | Loss: 6.7550 (Cls: 6.7743, TAL: -0.2859, Adv: 0.1882, OT-Reg: 0.001127) | OT inner objective: -0.0077 | Marginal residual row/col/max: 6.24e-04/2.10e-08/6.24e-04 | Train Acc: 0.2031 | Val Acc: 0.1389 | Val P/R/F1 (Macro): 0.1287/0.2019/0.1223 | LR: 0.000005
Epoch [17/100] | SVD update #17: pairs=128, sweeps=4, converged=True, rel_change=3.456e-04, effective_ranks=(126, 13), class_paired=True
Epoch [17/100] | Loss: 5.9782 (Cls: 6.0171, TAL: -0.4359, Adv: 0.1682, OT-Reg: 0.001437) | OT inner objective: -0.1720 | Marginal residual row/col/max: 2.92e-04/1.21e-08/2.92e-04 | Train Acc: 0.3281 | Val Acc: 0.3056 | Val P/R/F1 (Macro): 0.2390/0.4889/0.2894 | LR: 0.000005
Epoch [18/100] | SVD update #18: pairs=128, sweeps=4, converged=True, rel_change=3.134e-04, effective_ranks=(126, 16), class_paired=True
Epoch [18/100] | Loss: 6.4290 (Cls: 6.4632, TAL: -0.3989, Adv: 0.1702, OT-Reg: 0.001459) | OT inner objective: -0.2209 | Marginal residual row/col/max: 1.98e-04/1.02e-08/1.98e-04 | Train Acc: 0.2891 | Val Acc: 0.2222 | Val P/R/F1 (Macro): 0.1558/0.3852/0.2023 | LR: 0.000005
Epoch [19/100] | SVD update #19: pairs=128, sweeps=4, converged=True, rel_change=3.035e-04, effective_ranks=(127, 14), class_paired=True
Epoch [19/100] | Loss: 5.8590 (Cls: 5.8998, TAL: -0.4435, Adv: 0.1555, OT-Reg: 0.001473) | OT inner objective: -0.1623 | Marginal residual row/col/max: 1.21e-04/1.30e-08/1.21e-04 | Train Acc: 0.4062 | Val Acc: 0.3889 | Val P/R/F1 (Macro): 0.3069/0.5074/0.3470 | LR: 0.000005
Epoch [20/100] | SVD update #20: pairs=128, sweeps=4, converged=True, rel_change=3.943e-04, effective_ranks=(127, 13), class_paired=True
Epoch [20/100] | Loss: 5.9424 (Cls: 5.9671, TAL: -0.3262, Adv: 0.1800, OT-Reg: 0.001416) | OT inner objective: -0.0910 | Marginal residual row/col/max: 2.47e-04/1.77e-08/2.47e-04 | Train Acc: 0.3203 | Val Acc: 0.4444 | Val P/R/F1 (Macro): 0.4176/0.5787/0.3992 | LR: 0.000005
  >>> New Best Val Acc: 0.4444
Epoch [21/100] | SVD update #21: pairs=128, sweeps=4, converged=True, rel_change=8.672e-04, effective_ranks=(127, 15), class_paired=True
Epoch [21/100] | Loss: 5.9288 (Cls: 5.9709, TAL: -0.4658, Adv: 0.1727, OT-Reg: 0.001415) | OT inner objective: -0.0793 | Marginal residual row/col/max: 4.91e-05/1.02e-08/4.91e-05 | Train Acc: 0.3906 | Val Acc: 0.2778 | Val P/R/F1 (Macro): 0.4395/0.3407/0.2823 | LR: 0.000005
Epoch [22/100] | SVD update #22: pairs=128, sweeps=4, converged=True, rel_change=3.538e-04, effective_ranks=(127, 14), class_paired=True
Epoch [22/100] | Loss: 6.1855 (Cls: 6.2133, TAL: -0.3330, Adv: 0.1531, OT-Reg: 0.001427) | OT inner objective: -0.0872 | Marginal residual row/col/max: 5.82e-06/1.16e-08/5.82e-06 | Train Acc: 0.3828 | Val Acc: 0.2500 | Val P/R/F1 (Macro): 0.1222/0.3889/0.1845 | LR: 0.000005
Epoch [23/100] | SVD update #23: pairs=128, sweeps=4, converged=True, rel_change=5.956e-04, effective_ranks=(127, 15), class_paired=True
Epoch [23/100] | Loss: 5.5282 (Cls: 5.5488, TAL: -0.2860, Adv: 0.1714, OT-Reg: 0.001330) | OT inner objective: -0.0875 | Marginal residual row/col/max: 2.03e-04/1.68e-08/2.03e-04 | Train Acc: 0.3516 | Val Acc: 0.3889 | Val P/R/F1 (Macro): 0.3194/0.4074/0.3294 | LR: 0.000005
Epoch [24/100] | SVD update #24: pairs=128, sweeps=4, converged=True, rel_change=4.331e-04, effective_ranks=(127, 18), class_paired=True
Epoch [24/100] | Loss: 6.9132 (Cls: 6.9331, TAL: -0.2866, Adv: 0.1812, OT-Reg: 0.001418) | OT inner objective: -0.2049 | Marginal residual row/col/max: 1.88e-05/1.02e-08/1.88e-05 | Train Acc: 0.2109 | Val Acc: 0.2500 | Val P/R/F1 (Macro): 0.1847/0.3657/0.1969 | LR: 0.000005
Epoch [25/100] | SVD update #25: pairs=128, sweeps=3, converged=True, rel_change=9.909e-04, effective_ranks=(127, 11), class_paired=True
Epoch [25/100] | Loss: 6.2212 (Cls: 6.2651, TAL: -0.4580, Adv: 0.1383, OT-Reg: 0.001280) | OT inner objective: -0.1990 | Marginal residual row/col/max: 3.21e-04/1.63e-08/3.21e-04 | Train Acc: 0.3594 | Val Acc: 0.1389 | Val P/R/F1 (Macro): 0.2012/0.2963/0.2080 | LR: 0.000005
Epoch [26/100] | SVD update #26: pairs=128, sweeps=4, converged=True, rel_change=3.941e-04, effective_ranks=(127, 14), class_paired=True
Epoch [26/100] | Loss: 5.9413 (Cls: 5.9835, TAL: -0.4622, Adv: 0.1660, OT-Reg: 0.001373) | OT inner objective: -0.2052 | Marginal residual row/col/max: 1.26e-04/1.12e-08/1.26e-04 | Train Acc: 0.4141 | Val Acc: 0.3889 | Val P/R/F1 (Macro): 0.4247/0.4861/0.3931 | LR: 0.000005
Epoch [27/100] | SVD update #27: pairs=128, sweeps=4, converged=True, rel_change=4.044e-04, effective_ranks=(127, 16), class_paired=True
Epoch [27/100] | Loss: 5.6578 (Cls: 5.6806, TAL: -0.3034, Adv: 0.1710, OT-Reg: 0.001439) | OT inner objective: -0.0399 | Marginal residual row/col/max: 6.88e-05/1.07e-08/6.88e-05 | Train Acc: 0.3672 | Val Acc: 0.3611 | Val P/R/F1 (Macro): 0.2778/0.3796/0.2435 | LR: 0.000005
Epoch [28/100] | SVD update #28: pairs=128, sweeps=4, converged=True, rel_change=1.011e-04, effective_ranks=(127, 17), class_paired=True
Epoch [28/100] | Loss: 6.2543 (Cls: 6.2903, TAL: -0.3970, Adv: 0.1450, OT-Reg: 0.001491) | OT inner objective: -0.0584 | Marginal residual row/col/max: 2.75e-04/2.65e-08/2.75e-04 | Train Acc: 0.2344 | Val Acc: 0.1944 | Val P/R/F1 (Macro): 0.1222/0.1694/0.1254 | LR: 0.000005
Epoch [29/100] | SVD update #29: pairs=128, sweeps=3, converged=True, rel_change=4.917e-04, effective_ranks=(127, 19), class_paired=True
Epoch [29/100] | Loss: 5.3961 (Cls: 5.4417, TAL: -0.4600, Adv: 0.1192, OT-Reg: 0.001476) | OT inner objective: -0.1116 | Marginal residual row/col/max: 8.12e-05/1.12e-08/8.12e-05 | Train Acc: 0.3516 | Val Acc: 0.3333 | Val P/R/F1 (Macro): 0.2456/0.2954/0.2480 | LR: 0.000005
Epoch [30/100] | SVD update #30: pairs=128, sweeps=5, converged=True, rel_change=2.119e-04, effective_ranks=(127, 15), class_paired=True
Epoch [30/100] | Loss: 5.6632 (Cls: 5.6948, TAL: -0.3507, Adv: 0.1304, OT-Reg: 0.001425) | OT inner objective: -0.1636 | Marginal residual row/col/max: 6.07e-05/1.21e-08/6.07e-05 | Train Acc: 0.3359 | Val Acc: 0.3333 | Val P/R/F1 (Macro): 0.3935/0.3741/0.3328 | LR: 0.000005
Epoch [31/100] | SVD update #31: pairs=128, sweeps=3, converged=True, rel_change=7.528e-04, effective_ranks=(127, 16), class_paired=True
Epoch [31/100] | Loss: 5.3237 (Cls: 5.3593, TAL: -0.3823, Adv: 0.1281, OT-Reg: 0.001492) | OT inner objective: -0.1042 | Marginal residual row/col/max: 2.31e-04/1.16e-08/2.31e-04 | Train Acc: 0.3828 | Val Acc: 0.2778 | Val P/R/F1 (Macro): 0.2352/0.4407/0.2703 | LR: 0.000003
Epoch [32/100] | SVD update #32: pairs=128, sweeps=3, converged=True, rel_change=8.554e-04, effective_ranks=(127, 15), class_paired=True
Epoch [32/100] | Loss: 5.4543 (Cls: 5.4963, TAL: -0.4356, Adv: 0.1292, OT-Reg: 0.001387) | OT inner objective: -0.0921 | Marginal residual row/col/max: 1.26e-04/1.26e-08/1.26e-04 | Train Acc: 0.3906 | Val Acc: 0.3889 | Val P/R/F1 (Macro): 0.2635/0.4352/0.3208 | LR: 0.000003
Epoch [33/100] | SVD update #33: pairs=128, sweeps=6, converged=True, rel_change=5.541e-04, effective_ranks=(127, 14), class_paired=True
Epoch [33/100] | Loss: 5.6317 (Cls: 5.6679, TAL: -0.3910, Adv: 0.1340, OT-Reg: 0.001459) | OT inner objective: -0.1164 | Marginal residual row/col/max: 1.81e-04/1.12e-08/1.81e-04 | Train Acc: 0.2578 | Val Acc: 0.2778 | Val P/R/F1 (Macro): 0.3204/0.2630/0.2533 | LR: 0.000003
Epoch [34/100] | SVD update #34: pairs=128, sweeps=4, converged=True, rel_change=7.521e-04, effective_ranks=(127, 14), class_paired=True
Epoch [34/100] | Loss: 5.2864 (Cls: 5.3258, TAL: -0.4125, Adv: 0.1271, OT-Reg: 0.001476) | OT inner objective: -0.0608 | Marginal residual row/col/max: 1.88e-05/1.26e-08/1.88e-05 | Train Acc: 0.3281 | Val Acc: 0.3611 | Val P/R/F1 (Macro): 0.3213/0.5111/0.3571 | LR: 0.000003
Epoch [35/100] | SVD update #35: pairs=128, sweeps=3, converged=True, rel_change=3.580e-04, effective_ranks=(127, 12), class_paired=True
Epoch [35/100] | Loss: 5.1410 (Cls: 5.1814, TAL: -0.4210, Adv: 0.1267, OT-Reg: 0.001447) | OT inner objective: -0.0780 | Marginal residual row/col/max: 1.21e-04/1.16e-08/1.21e-04 | Train Acc: 0.4688 | Val Acc: 0.3889 | Val P/R/F1 (Macro): 0.4352/0.4926/0.3614 | LR: 0.000003
Epoch [36/100] | SVD update #36: pairs=128, sweeps=3, converged=True, rel_change=7.766e-04, effective_ranks=(127, 14), class_paired=True
Epoch [36/100] | Loss: 5.0625 (Cls: 5.1125, TAL: -0.4970, Adv: 0.1204, OT-Reg: 0.001272) | OT inner objective: -0.1261 | Marginal residual row/col/max: 2.19e-04/1.82e-08/2.19e-04 | Train Acc: 0.4297 | Val Acc: 0.4722 | Val P/R/F1 (Macro): 0.4815/0.5796/0.4834 | LR: 0.000003
  >>> New Best Val Acc: 0.4722
Epoch [37/100] | SVD update #37: pairs=128, sweeps=3, converged=True, rel_change=3.919e-04, effective_ranks=(127, 13), class_paired=True
Epoch [37/100] | Loss: 4.5478 (Cls: 4.6099, TAL: -0.5849, Adv: 0.1019, OT-Reg: 0.001394) | OT inner objective: -0.2068 | Marginal residual row/col/max: 9.21e-05/1.12e-08/9.21e-05 | Train Acc: 0.4453 | Val Acc: 0.3056 | Val P/R/F1 (Macro): 0.3333/0.4278/0.3037 | LR: 0.000003
Epoch [38/100] | SVD update #38: pairs=128, sweeps=4, converged=True, rel_change=6.463e-05, effective_ranks=(126, 13), class_paired=True
Epoch [38/100] | Loss: 6.3011 (Cls: 6.3451, TAL: -0.4455, Adv: 0.1188, OT-Reg: 0.001369) | OT inner objective: -0.1481 | Marginal residual row/col/max: 4.76e-04/1.91e-08/4.76e-04 | Train Acc: 0.2578 | Val Acc: 0.3056 | Val P/R/F1 (Macro): 0.3667/0.2954/0.2735 | LR: 0.000003
Epoch [39/100] | SVD update #39: pairs=128, sweeps=3, converged=True, rel_change=4.678e-04, effective_ranks=(127, 12), class_paired=True
Epoch [39/100] | Loss: 5.9738 (Cls: 6.0082, TAL: -0.3578, Adv: 0.1076, OT-Reg: 0.001481) | OT inner objective: -0.0574 | Marginal residual row/col/max: 1.27e-04/1.16e-08/1.27e-04 | Train Acc: 0.3438 | Val Acc: 0.3333 | Val P/R/F1 (Macro): 0.3862/0.4611/0.3326 | LR: 0.000003
Epoch [40/100] | SVD update #40: pairs=128, sweeps=5, converged=True, rel_change=2.444e-04, effective_ranks=(127, 13), class_paired=True
Epoch [40/100] | Loss: 7.3042 (Cls: 7.3376, TAL: -0.3468, Adv: 0.1034, OT-Reg: 0.001468) | OT inner objective: -0.0595 | Marginal residual row/col/max: 3.90e-04/1.12e-08/3.90e-04 | Train Acc: 0.2891 | Val Acc: 0.1944 | Val P/R/F1 (Macro): 0.2072/0.2454/0.1479 | LR: 0.000003
Epoch [41/100] | SVD update #41: pairs=128, sweeps=4, converged=True, rel_change=5.614e-04, effective_ranks=(127, 15), class_paired=True
Epoch [41/100] | Loss: 7.4830 (Cls: 7.5225, TAL: -0.4105, Adv: 0.1211, OT-Reg: 0.001468) | OT inner objective: -0.1989 | Marginal residual row/col/max: 1.61e-04/1.21e-08/1.61e-04 | Train Acc: 0.1797 | Val Acc: 0.1667 | Val P/R/F1 (Macro): 0.1674/0.1306/0.1148 | LR: 0.000003
Epoch [42/100] | SVD update #42: pairs=128, sweeps=3, converged=True, rel_change=5.293e-04, effective_ranks=(127, 12), class_paired=True
Epoch [42/100] | Loss: 6.8609 (Cls: 6.8990, TAL: -0.3980, Adv: 0.1217, OT-Reg: 0.001410) | OT inner objective: -0.1860 | Marginal residual row/col/max: 2.60e-04/1.26e-08/2.60e-04 | Train Acc: 0.2500 | Val Acc: 0.2778 | Val P/R/F1 (Macro): 0.1819/0.2333/0.1915 | LR: 0.000003
Epoch [43/100] | SVD update #43: pairs=128, sweeps=3, converged=True, rel_change=5.599e-04, effective_ranks=(126, 13), class_paired=True
Epoch [43/100] | Loss: 6.4187 (Cls: 6.4640, TAL: -0.4791, Adv: 0.1526, OT-Reg: 0.001277) | OT inner objective: -0.1743 | Marginal residual row/col/max: 4.70e-04/1.40e-08/4.70e-04 | Train Acc: 0.2344 | Val Acc: 0.1389 | Val P/R/F1 (Macro): 0.0850/0.0954/0.0797 | LR: 0.000003
Epoch [44/100] | SVD update #44: pairs=128, sweeps=10, converged=False, rel_change=2.599e-03, effective_ranks=(127, 12), class_paired=True
Epoch [44/100] | Loss: 6.0069 (Cls: 6.0366, TAL: -0.3195, Adv: 0.1087, OT-Reg: 0.001183) | OT inner objective: 0.0200 | Marginal residual row/col/max: 8.79e-05/9.78e-09/8.79e-05 | Train Acc: 0.2266 | Val Acc: 0.3056 | Val P/R/F1 (Macro): 0.2083/0.2546/0.2160 | LR: 0.000003
Epoch [45/100] | SVD update #45: pairs=128, sweeps=5, converged=True, rel_change=5.894e-04, effective_ranks=(127, 13), class_paired=True
Epoch [45/100] | Loss: 5.8595 (Cls: 5.8920, TAL: -0.3460, Adv: 0.1119, OT-Reg: 0.001323) | OT inner objective: -0.1989 | Marginal residual row/col/max: 9.50e-04/1.58e-08/9.50e-04 | Train Acc: 0.3359 | Val Acc: 0.3056 | Val P/R/F1 (Macro): 0.1572/0.2269/0.1608 | LR: 0.000003
Epoch [46/100] | SVD update #46: pairs=128, sweeps=4, converged=True, rel_change=2.347e-04, effective_ranks=(127, 18), class_paired=True
Epoch [46/100] | Loss: 5.3495 (Cls: 5.3909, TAL: -0.4315, Adv: 0.1304, OT-Reg: 0.001364) | OT inner objective: -0.1329 | Marginal residual row/col/max: 2.80e-04/1.35e-08/2.80e-04 | Train Acc: 0.3594 | Val Acc: 0.2222 | Val P/R/F1 (Macro): 0.1753/0.2111/0.1852 | LR: 0.000003
Epoch [47/100] | SVD update #47: pairs=128, sweeps=5, converged=True, rel_change=5.404e-04, effective_ranks=(127, 23), class_paired=True
Epoch [47/100] | Loss: 5.5347 (Cls: 5.5840, TAL: -0.4968, Adv: 0.1288, OT-Reg: 0.001280) | OT inner objective: -0.1519 | Marginal residual row/col/max: 3.58e-04/9.78e-09/3.58e-04 | Train Acc: 0.3281 | Val Acc: 0.3889 | Val P/R/F1 (Macro): 0.2978/0.3250/0.2908 | LR: 0.000001
Epoch [48/100] | SVD update #48: pairs=128, sweeps=4, converged=True, rel_change=1.344e-04, effective_ranks=(127, 17), class_paired=True
Epoch [48/100] | Loss: 5.6587 (Cls: 5.6837, TAL: -0.2929, Adv: 0.1267, OT-Reg: 0.001026) | OT inner objective: -0.0608 | Marginal residual row/col/max: 4.07e-04/1.16e-08/4.07e-04 | Train Acc: 0.2656 | Val Acc: 0.3333 | Val P/R/F1 (Macro): 0.2901/0.3278/0.2443 | LR: 0.000001
Epoch [49/100] | SVD update #49: pairs=128, sweeps=3, converged=True, rel_change=2.601e-04, effective_ranks=(127, 18), class_paired=True
Epoch [49/100] | Loss: 5.4512 (Cls: 5.5024, TAL: -0.4942, Adv: 0.1021, OT-Reg: 0.001159) | OT inner objective: -0.1840 | Marginal residual row/col/max: 8.40e-04/1.44e-08/8.40e-04 | Train Acc: 0.4062 | Val Acc: 0.4167 | Val P/R/F1 (Macro): 0.4233/0.4139/0.3424 | LR: 0.000001
Epoch [50/100] | SVD update #50: pairs=128, sweeps=4, converged=True, rel_change=1.079e-04, effective_ranks=(127, 13), class_paired=True
Epoch [50/100] | Loss: 5.4129 (Cls: 5.4488, TAL: -0.3707, Adv: 0.1077, OT-Reg: 0.001398) | OT inner objective: -0.1575 | Marginal residual row/col/max: 3.99e-04/1.44e-08/3.99e-04 | Train Acc: 0.4531 | Val Acc: 0.4167 | Val P/R/F1 (Macro): 0.3668/0.5500/0.4000 | LR: 0.000001
Epoch [51/100] | SVD update #51: pairs=128, sweeps=3, converged=True, rel_change=7.761e-04, effective_ranks=(127, 13), class_paired=True
Epoch [51/100] | Loss: 5.3043 (Cls: 5.3477, TAL: -0.4293, Adv: 0.1023, OT-Reg: 0.001274) | OT inner objective: -0.1248 | Marginal residual row/col/max: 4.49e-04/1.54e-08/4.49e-04 | Train Acc: 0.3750 | Val Acc: 0.3611 | Val P/R/F1 (Macro): 0.4111/0.4667/0.3669 | LR: 0.000001
Epoch [52/100] | SVD update #52: pairs=128, sweeps=3, converged=True, rel_change=2.361e-04, effective_ranks=(127, 13), class_paired=True
Epoch [52/100] | Loss: 4.9336 (Cls: 4.9841, TAL: -0.4798, Adv: 0.0884, OT-Reg: 0.001300) | OT inner objective: -0.0995 | Marginal residual row/col/max: 2.61e-04/1.02e-08/2.61e-04 | Train Acc: 0.5547 | Val Acc: 0.3611 | Val P/R/F1 (Macro): 0.3976/0.4722/0.3606 | LR: 0.000001
Epoch [53/100] | SVD update #53: pairs=128, sweeps=4, converged=True, rel_change=5.335e-04, effective_ranks=(127, 17), class_paired=True
Epoch [53/100] | Loss: 5.1503 (Cls: 5.1870, TAL: -0.3684, Adv: 0.0932, OT-Reg: 0.001341) | OT inner objective: -0.0071 | Marginal residual row/col/max: 1.04e-04/1.12e-08/1.04e-04 | Train Acc: 0.4531 | Val Acc: 0.3611 | Val P/R/F1 (Macro): 0.2939/0.4926/0.3354 | LR: 0.000001
Epoch [54/100] | SVD update #54: pairs=128, sweeps=4, converged=True, rel_change=3.913e-04, effective_ranks=(127, 18), class_paired=True
Epoch [54/100] | Loss: 5.6612 (Cls: 5.6986, TAL: -0.3906, Adv: 0.1179, OT-Reg: 0.001320) | OT inner objective: -0.0979 | Marginal residual row/col/max: 4.74e-05/9.31e-09/4.74e-05 | Train Acc: 0.3906 | Val Acc: 0.2500 | Val P/R/F1 (Macro): 0.2068/0.2963/0.1858 | LR: 0.000001
Epoch [55/100] | SVD update #55: pairs=128, sweeps=3, converged=True, rel_change=5.857e-04, effective_ranks=(127, 19), class_paired=True
Epoch [55/100] | Loss: 5.2051 (Cls: 5.2417, TAL: -0.3594, Adv: 0.0812, OT-Reg: 0.001482) | OT inner objective: -0.0934 | Marginal residual row/col/max: 7.67e-05/1.30e-08/7.67e-05 | Train Acc: 0.4297 | Val Acc: 0.2778 | Val P/R/F1 (Macro): 0.2796/0.3278/0.2582 | LR: 0.000001
Epoch [56/100] | SVD update #56: pairs=128, sweeps=5, converged=True, rel_change=3.792e-04, effective_ranks=(127, 22), class_paired=True
Epoch [56/100] | Loss: 5.9853 (Cls: 6.0364, TAL: -0.4909, Adv: 0.0983, OT-Reg: 0.001431) | OT inner objective: -0.1493 | Marginal residual row/col/max: 3.81e-05/1.02e-08/3.81e-05 | Train Acc: 0.3750 | Val Acc: 0.3889 | Val P/R/F1 (Macro): 0.3007/0.3417/0.2845 | LR: 0.000001
Epoch [57/100] | SVD update #57: pairs=128, sweeps=4, converged=True, rel_change=6.099e-04, effective_ranks=(127, 21), class_paired=True
Epoch [57/100] | Loss: 6.2745 (Cls: 6.3153, TAL: -0.3951, Adv: 0.0827, OT-Reg: 0.001327) | OT inner objective: -0.0322 | Marginal residual row/col/max: 2.85e-04/1.12e-08/2.85e-04 | Train Acc: 0.2500 | Val Acc: 0.2778 | Val P/R/F1 (Macro): 0.2454/0.2426/0.2407 | LR: 0.000001
Epoch [58/100] | SVD update #58: pairs=128, sweeps=10, converged=False, rel_change=6.637e-03, effective_ranks=(127, 22), class_paired=True
Epoch [58/100] | Loss: 6.0584 (Cls: 6.0819, TAL: -0.2773, Adv: 0.1230, OT-Reg: 0.001429) | OT inner objective: -0.0622 | Marginal residual row/col/max: 3.63e-05/1.07e-08/3.63e-05 | Train Acc: 0.2188 | Val Acc: 0.4444 | Val P/R/F1 (Macro): 0.4346/0.5102/0.3872 | LR: 0.000001
Epoch [59/100] | SVD update #59: pairs=128, sweeps=5, converged=True, rel_change=1.535e-04, effective_ranks=(127, 18), class_paired=True
Epoch [59/100] | Loss: 6.5920 (Cls: 6.6311, TAL: -0.3925, Adv: 0.1006, OT-Reg: 0.001529) | OT inner objective: -0.1349 | Marginal residual row/col/max: 3.64e-06/1.21e-08/3.64e-06 | Train Acc: 0.2344 | Val Acc: 0.2222 | Val P/R/F1 (Macro): 0.1677/0.3046/0.2072 | LR: 0.000001
Epoch [60/100] | SVD update #60: pairs=128, sweeps=4, converged=True, rel_change=2.961e-04, effective_ranks=(127, 19), class_paired=True
Epoch [60/100] | Loss: 5.8430 (Cls: 5.8981, TAL: -0.5259, Adv: 0.0990, OT-Reg: 0.001563) | OT inner objective: -0.1835 | Marginal residual row/col/max: 2.44e-04/1.26e-08/2.44e-04 | Train Acc: 0.2891 | Val Acc: 0.3333 | Val P/R/F1 (Macro): 0.2296/0.3602/0.2630 | LR: 0.000001
Epoch [61/100] | SVD update #61: pairs=128, sweeps=6, converged=True, rel_change=6.317e-04, effective_ranks=(127, 20), class_paired=True
Epoch [61/100] | Loss: 5.8202 (Cls: 5.8482, TAL: -0.2929, Adv: 0.0901, OT-Reg: 0.001506) | OT inner objective: -0.1167 | Marginal residual row/col/max: 2.45e-06/1.07e-08/2.45e-06 | Train Acc: 0.3203 | Val Acc: 0.4167 | Val P/R/F1 (Macro): 0.3083/0.3852/0.2980 | LR: 0.000001
Epoch [62/100] | SVD update #62: pairs=128, sweeps=5, converged=True, rel_change=8.957e-04, effective_ranks=(127, 18), class_paired=True
Epoch [62/100] | Loss: 5.9171 (Cls: 5.9391, TAL: -0.2437, Adv: 0.0913, OT-Reg: 0.001517) | OT inner objective: -0.1439 | Marginal residual row/col/max: 1.41e-04/9.78e-09/1.41e-04 | Train Acc: 0.3438 | Val Acc: 0.3056 | Val P/R/F1 (Macro): 0.2315/0.2648/0.2444 | LR: 0.000001
Epoch [63/100] | SVD update #63: pairs=128, sweeps=3, converged=True, rel_change=4.849e-04, effective_ranks=(127, 20), class_paired=True
Epoch [63/100] | Loss: 5.4656 (Cls: 5.4932, TAL: -0.2901, Adv: 0.0898, OT-Reg: 0.001491) | OT inner objective: -0.1016 | Marginal residual row/col/max: 9.97e-06/1.02e-08/9.97e-06 | Train Acc: 0.3984 | Val Acc: 0.3611 | Val P/R/F1 (Macro): 0.2863/0.3444/0.2638 | LR: 0.000001
Epoch [64/100] | SVD update #64: pairs=128, sweeps=3, converged=True, rel_change=5.295e-04, effective_ranks=(127, 20), class_paired=True
Epoch [64/100] | Loss: 5.8730 (Cls: 5.9074, TAL: -0.3464, Adv: 0.0898, OT-Reg: 0.001523) | OT inner objective: -0.0548 | Marginal residual row/col/max: 5.32e-05/1.07e-08/5.32e-05 | Train Acc: 0.2422 | Val Acc: 0.3611 | Val P/R/F1 (Macro): 0.2189/0.2972/0.2469 | LR: 0.000001
Epoch [65/100] | SVD update #65: pairs=128, sweeps=3, converged=True, rel_change=5.177e-04, effective_ranks=(126, 21), class_paired=True
Epoch [65/100] | Loss: 5.4522 (Cls: 5.4875, TAL: -0.3484, Adv: 0.0823, OT-Reg: 0.001487) | OT inner objective: -0.1089 | Marginal residual row/col/max: 2.52e-04/1.07e-08/2.52e-04 | Train Acc: 0.3828 | Val Acc: 0.3889 | Val P/R/F1 (Macro): 0.2870/0.3481/0.2907 | LR: 0.000001
Epoch [66/100] | SVD update #66: pairs=128, sweeps=3, converged=True, rel_change=7.611e-04, effective_ranks=(127, 21), class_paired=True
Epoch [66/100] | Loss: 4.9782 (Cls: 5.0201, TAL: -0.4146, Adv: 0.0989, OT-Reg: 0.001534) | OT inner objective: -0.1378 | Marginal residual row/col/max: 1.96e-05/9.78e-09/1.96e-05 | Train Acc: 0.4531 | Val Acc: 0.4722 | Val P/R/F1 (Macro): 0.4136/0.4620/0.4028 | LR: 0.000001
Epoch [67/100] | SVD update #67: pairs=128, sweeps=3, converged=True, rel_change=4.157e-04, effective_ranks=(127, 21), class_paired=True
Epoch [67/100] | Loss: 5.5247 (Cls: 5.5690, TAL: -0.4170, Adv: 0.0720, OT-Reg: 0.001415) | OT inner objective: -0.1317 | Marginal residual row/col/max: 1.19e-04/1.12e-08/1.19e-04 | Train Acc: 0.4062 | Val Acc: 0.4444 | Val P/R/F1 (Macro): 0.3648/0.4222/0.3518 | LR: 0.000001
Epoch [68/100] | SVD update #68: pairs=128, sweeps=4, converged=True, rel_change=5.359e-04, effective_ranks=(127, 23), class_paired=True
Epoch [68/100] | Loss: 5.1632 (Cls: 5.2144, TAL: -0.4910, Adv: 0.0971, OT-Reg: 0.001526) | OT inner objective: -0.0712 | Marginal residual row/col/max: 5.20e-05/8.38e-09/5.20e-05 | Train Acc: 0.4688 | Val Acc: 0.3889 | Val P/R/F1 (Macro): 0.5550/0.5519/0.4406 | LR: 0.000001
Epoch [69/100] | SVD update #69: pairs=128, sweeps=5, converged=True, rel_change=4.441e-04, effective_ranks=(127, 21), class_paired=True
Epoch [69/100] | Loss: 5.0484 (Cls: 5.0853, TAL: -0.3690, Adv: 0.0928, OT-Reg: 0.001466) | OT inner objective: -0.0959 | Marginal residual row/col/max: 5.37e-05/9.31e-09/5.37e-05 | Train Acc: 0.4453 | Val Acc: 0.5000 | Val P/R/F1 (Macro): 0.4120/0.5065/0.4336 | LR: 0.000001
  >>> New Best Val Acc: 0.5000
Epoch [70/100] | SVD update #70: pairs=128, sweeps=3, converged=True, rel_change=5.353e-04, effective_ranks=(126, 22), class_paired=True
Epoch [70/100] | Loss: 5.0439 (Cls: 5.0946, TAL: -0.4838, Adv: 0.0930, OT-Reg: 0.001477) | OT inner objective: -0.1830 | Marginal residual row/col/max: 1.02e-04/1.12e-08/1.02e-04 | Train Acc: 0.3750 | Val Acc: 0.5000 | Val P/R/F1 (Macro): 0.4504/0.4120/0.3807 | LR: 0.000001
Epoch [71/100] | SVD update #71: pairs=128, sweeps=3, converged=True, rel_change=2.003e-04, effective_ranks=(127, 21), class_paired=True
Epoch [71/100] | Loss: 5.0901 (Cls: 5.1412, TAL: -0.4877, Adv: 0.0927, OT-Reg: 0.001562) | OT inner objective: -0.0693 | Marginal residual row/col/max: 3.22e-05/1.54e-08/3.22e-05 | Train Acc: 0.4531 | Val Acc: 0.5278 | Val P/R/F1 (Macro): 0.5796/0.6454/0.5712 | LR: 0.000001
  >>> New Best Val Acc: 0.5278
Epoch [72/100] | SVD update #72: pairs=128, sweeps=3, converged=True, rel_change=5.989e-04, effective_ranks=(127, 21), class_paired=True
Epoch [72/100] | Loss: 5.3251 (Cls: 5.3748, TAL: -0.4733, Adv: 0.0880, OT-Reg: 0.001452) | OT inner objective: -0.0323 | Marginal residual row/col/max: 1.66e-04/1.16e-08/1.66e-04 | Train Acc: 0.3984 | Val Acc: 0.5556 | Val P/R/F1 (Macro): 0.4913/0.5278/0.4516 | LR: 0.000001
  >>> New Best Val Acc: 0.5556
Epoch [73/100] | SVD update #73: pairs=128, sweeps=3, converged=True, rel_change=9.659e-04, effective_ranks=(127, 21), class_paired=True
Epoch [73/100] | Loss: 4.9201 (Cls: 4.9708, TAL: -0.4914, Adv: 0.1022, OT-Reg: 0.001503) | OT inner objective: -0.0822 | Marginal residual row/col/max: 6.81e-05/1.21e-08/6.81e-05 | Train Acc: 0.3672 | Val Acc: 0.4444 | Val P/R/F1 (Macro): 0.4599/0.5944/0.4681 | LR: 0.000001
Epoch [74/100] | SVD update #74: pairs=128, sweeps=3, converged=True, rel_change=2.162e-04, effective_ranks=(127, 23), class_paired=True
Epoch [74/100] | Loss: 4.8964 (Cls: 4.9595, TAL: -0.5761, Adv: 0.0750, OT-Reg: 0.001493) | OT inner objective: -0.1982 | Marginal residual row/col/max: 7.64e-05/1.16e-08/7.64e-05 | Train Acc: 0.4297 | Val Acc: 0.5000 | Val P/R/F1 (Macro): 0.4815/0.5037/0.4302 | LR: 0.000001
Epoch [75/100] | SVD update #75: pairs=128, sweeps=3, converged=True, rel_change=2.194e-04, effective_ranks=(127, 23), class_paired=True
Epoch [75/100] | Loss: 4.8829 (Cls: 4.9403, TAL: -0.5388, Adv: 0.0904, OT-Reg: 0.001519) | OT inner objective: -0.2267 | Marginal residual row/col/max: 7.05e-05/1.02e-08/7.05e-05 | Train Acc: 0.4922 | Val Acc: 0.6111 | Val P/R/F1 (Macro): 0.6942/0.6880/0.6351 | LR: 0.000001
  >>> New Best Val Acc: 0.6111
Epoch [76/100] | SVD update #76: pairs=128, sweeps=4, converged=True, rel_change=3.117e-04, effective_ranks=(127, 20), class_paired=True
Epoch [76/100] | Loss: 4.9624 (Cls: 4.9991, TAL: -0.3796, Adv: 0.1104, OT-Reg: 0.001541) | OT inner objective: -0.0936 | Marginal residual row/col/max: 4.46e-05/1.12e-08/4.46e-05 | Train Acc: 0.5312 | Val Acc: 0.6667 | Val P/R/F1 (Macro): 0.6625/0.6583/0.5934 | LR: 0.000001
  >>> New Best Val Acc: 0.6667
Epoch [77/100] | SVD update #77: pairs=128, sweeps=3, converged=True, rel_change=4.491e-04, effective_ranks=(127, 20), class_paired=True
Epoch [77/100] | Loss: 4.6689 (Cls: 4.7145, TAL: -0.4470, Adv: 0.1014, OT-Reg: 0.001491) | OT inner objective: -0.0886 | Marginal residual row/col/max: 5.46e-05/1.30e-08/5.46e-05 | Train Acc: 0.4531 | Val Acc: 0.5278 | Val P/R/F1 (Macro): 0.4431/0.6556/0.4686 | LR: 0.000001
Epoch [78/100] | SVD update #78: pairs=128, sweeps=3, converged=True, rel_change=6.479e-04, effective_ranks=(127, 20), class_paired=True
Epoch [78/100] | Loss: 5.0023 (Cls: 5.0491, TAL: -0.4484, Adv: 0.0867, OT-Reg: 0.001499) | OT inner objective: -0.0522 | Marginal residual row/col/max: 5.64e-05/9.31e-09/5.64e-05 | Train Acc: 0.4141 | Val Acc: 0.5278 | Val P/R/F1 (Macro): 0.6000/0.5241/0.5074 | LR: 0.000001
Epoch [79/100] | SVD update #79: pairs=128, sweeps=3, converged=True, rel_change=1.803e-04, effective_ranks=(127, 21), class_paired=True
Epoch [79/100] | Loss: 4.6640 (Cls: 4.7085, TAL: -0.4287, Adv: 0.0865, OT-Reg: 0.001508) | OT inner objective: -0.1115 | Marginal residual row/col/max: 1.61e-04/1.40e-08/1.61e-04 | Train Acc: 0.4219 | Val Acc: 0.6389 | Val P/R/F1 (Macro): 0.7352/0.6556/0.6301 | LR: 0.000001
Epoch [80/100] | SVD update #80: pairs=128, sweeps=4, converged=True, rel_change=3.454e-04, effective_ranks=(127, 22), class_paired=True
Epoch [80/100] | Loss: 4.7283 (Cls: 4.7699, TAL: -0.4237, Adv: 0.1158, OT-Reg: 0.001488) | OT inner objective: 0.0029 | Marginal residual row/col/max: 2.28e-04/1.30e-08/2.28e-04 | Train Acc: 0.4922 | Val Acc: 0.6389 | Val P/R/F1 (Macro): 0.6299/0.7157/0.6055 | LR: 0.000001
Epoch [81/100] | SVD update #81: pairs=128, sweeps=4, converged=True, rel_change=1.319e-04, effective_ranks=(127, 21), class_paired=True
Epoch [81/100] | Loss: 4.7876 (Cls: 4.8351, TAL: -0.4641, Adv: 0.1017, OT-Reg: 0.001554) | OT inner objective: -0.0869 | Marginal residual row/col/max: 1.70e-06/1.02e-08/1.70e-06 | Train Acc: 0.4766 | Val Acc: 0.4444 | Val P/R/F1 (Macro): 0.6130/0.6148/0.4982 | LR: 0.000001
Epoch [82/100] | SVD update #82: pairs=128, sweeps=4, converged=True, rel_change=2.644e-04, effective_ranks=(127, 21), class_paired=True
Epoch [82/100] | Loss: 5.0709 (Cls: 5.1220, TAL: -0.4891, Adv: 0.0947, OT-Reg: 0.001546) | OT inner objective: -0.0702 | Marginal residual row/col/max: 1.42e-04/1.16e-08/1.42e-04 | Train Acc: 0.4922 | Val Acc: 0.6667 | Val P/R/F1 (Macro): 0.6092/0.7065/0.5888 | LR: 0.000001
Epoch [83/100] | SVD update #83: pairs=128, sweeps=3, converged=True, rel_change=1.228e-04, effective_ranks=(127, 23), class_paired=True
Epoch [83/100] | Loss: 4.9692 (Cls: 5.0130, TAL: -0.4184, Adv: 0.0791, OT-Reg: 0.001507) | OT inner objective: -0.0830 | Marginal residual row/col/max: 8.53e-06/9.78e-09/8.53e-06 | Train Acc: 0.5000 | Val Acc: 0.5556 | Val P/R/F1 (Macro): 0.5709/0.6148/0.5123 | LR: 0.000001
Epoch [84/100] | SVD update #84: pairs=128, sweeps=3, converged=True, rel_change=6.367e-04, effective_ranks=(127, 23), class_paired=True
Epoch [84/100] | Loss: 5.0775 (Cls: 5.1201, TAL: -0.4233, Adv: 0.1015, OT-Reg: 0.001461) | OT inner objective: -0.1091 | Marginal residual row/col/max: 4.51e-05/1.96e-08/4.51e-05 | Train Acc: 0.4766 | Val Acc: 0.5833 | Val P/R/F1 (Macro): 0.5344/0.6454/0.5317 | LR: 0.000001
Epoch [85/100] | SVD update #85: pairs=128, sweeps=3, converged=True, rel_change=7.674e-04, effective_ranks=(127, 24), class_paired=True
Epoch [85/100] | Loss: 4.6871 (Cls: 4.7390, TAL: -0.4911, Adv: 0.0874, OT-Reg: 0.001476) | OT inner objective: -0.1544 | Marginal residual row/col/max: 2.59e-05/1.82e-08/2.59e-05 | Train Acc: 0.4922 | Val Acc: 0.4167 | Val P/R/F1 (Macro): 0.4648/0.4713/0.4585 | LR: 0.000001
Epoch [86/100] | SVD update #86: pairs=128, sweeps=3, converged=True, rel_change=6.689e-04, effective_ranks=(127, 22), class_paired=True
Epoch [86/100] | Loss: 5.0643 (Cls: 5.1110, TAL: -0.4543, Adv: 0.0972, OT-Reg: 0.001512) | OT inner objective: -0.1328 | Marginal residual row/col/max: 8.88e-05/1.16e-08/8.88e-05 | Train Acc: 0.5156 | Val Acc: 0.6111 | Val P/R/F1 (Macro): 0.6698/0.6185/0.5917 | LR: 0.000001
Epoch [87/100] | SVD update #87: pairs=128, sweeps=3, converged=True, rel_change=2.401e-04, effective_ranks=(127, 22), class_paired=True
Epoch [87/100] | Loss: 4.8114 (Cls: 4.8619, TAL: -0.4833, Adv: 0.0935, OT-Reg: 0.001542) | OT inner objective: -0.1662 | Marginal residual row/col/max: 8.54e-06/9.31e-09/8.54e-06 | Train Acc: 0.4453 | Val Acc: 0.6111 | Val P/R/F1 (Macro): 0.5991/0.5861/0.5838 | LR: 0.000001
Epoch [88/100] | SVD update #88: pairs=128, sweeps=3, converged=True, rel_change=1.600e-04, effective_ranks=(127, 21), class_paired=True
Epoch [88/100] | Loss: 4.8972 (Cls: 4.9322, TAL: -0.3865, Adv: 0.1425, OT-Reg: 0.001491) | OT inner objective: -0.1337 | Marginal residual row/col/max: 4.74e-06/9.31e-09/4.74e-06 | Train Acc: 0.4609 | Val Acc: 0.5833 | Val P/R/F1 (Macro): 0.6116/0.5685/0.5394 | LR: 0.000001
Epoch [89/100] | SVD update #89: pairs=128, sweeps=4, converged=True, rel_change=3.184e-04, effective_ranks=(127, 21), class_paired=True
Epoch [89/100] | Loss: 4.7156 (Cls: 4.7590, TAL: -0.4184, Adv: 0.0860, OT-Reg: 0.001527) | OT inner objective: -0.0791 | Marginal residual row/col/max: 7.63e-06/1.21e-08/7.63e-06 | Train Acc: 0.5078 | Val Acc: 0.6111 | Val P/R/F1 (Macro): 0.6676/0.6787/0.5910 | LR: 0.000001
Epoch [90/100] | SVD update #90: pairs=128, sweeps=3, converged=True, rel_change=4.872e-04, effective_ranks=(127, 21), class_paired=True
Epoch [90/100] | Loss: 4.5954 (Cls: 4.6503, TAL: -0.5067, Adv: 0.0747, OT-Reg: 0.001537) | OT inner objective: -0.1109 | Marginal residual row/col/max: 2.80e-06/1.44e-08/2.80e-06 | Train Acc: 0.5781 | Val Acc: 0.5278 | Val P/R/F1 (Macro): 0.4894/0.6389/0.4836 | LR: 0.000001
Epoch [91/100] | SVD update #91: pairs=128, sweeps=3, converged=True, rel_change=2.153e-04, effective_ranks=(127, 23), class_paired=True
Epoch [91/100] | Loss: 4.7288 (Cls: 4.7825, TAL: -0.5273, Adv: 0.1186, OT-Reg: 0.001459) | OT inner objective: -0.0914 | Marginal residual row/col/max: 1.58e-05/1.21e-08/1.58e-05 | Train Acc: 0.4844 | Val Acc: 0.4722 | Val P/R/F1 (Macro): 0.4907/0.5444/0.5015 | LR: 0.000001
Epoch [92/100] | SVD update #92: pairs=128, sweeps=3, converged=True, rel_change=5.108e-04, effective_ranks=(127, 20), class_paired=True
Epoch [92/100] | Loss: 4.4772 (Cls: 4.5293, TAL: -0.4958, Adv: 0.0923, OT-Reg: 0.001481) | OT inner objective: -0.1666 | Marginal residual row/col/max: 8.63e-06/1.02e-08/8.63e-06 | Train Acc: 0.5156 | Val Acc: 0.5278 | Val P/R/F1 (Macro): 0.5253/0.6259/0.5079 | LR: 0.000001
Epoch [93/100] | SVD update #93: pairs=128, sweeps=3, converged=True, rel_change=8.461e-04, effective_ranks=(127, 22), class_paired=True
Epoch [93/100] | Loss: 4.8465 (Cls: 4.8948, TAL: -0.4527, Adv: 0.0754, OT-Reg: 0.001439) | OT inner objective: -0.1412 | Marginal residual row/col/max: 3.34e-05/1.44e-08/3.34e-05 | Train Acc: 0.4297 | Val Acc: 0.5278 | Val P/R/F1 (Macro): 0.4968/0.6074/0.4968 | LR: 0.000001
Epoch [94/100] | SVD update #94: pairs=128, sweeps=3, converged=True, rel_change=7.894e-04, effective_ranks=(127, 22), class_paired=True
Epoch [94/100] | Loss: 4.8143 (Cls: 4.8730, TAL: -0.5525, Adv: 0.0941, OT-Reg: 0.001502) | OT inner objective: -0.1481 | Marginal residual row/col/max: 1.84e-05/1.07e-08/1.84e-05 | Train Acc: 0.5234 | Val Acc: 0.6111 | Val P/R/F1 (Macro): 0.5988/0.6083/0.5815 | LR: 0.000001
Epoch [95/100] | SVD update #95: pairs=128, sweeps=4, converged=True, rel_change=2.852e-04, effective_ranks=(127, 24), class_paired=True
Epoch [95/100] | Loss: 4.6466 (Cls: 4.7033, TAL: -0.5367, Adv: 0.0967, OT-Reg: 0.001502) | OT inner objective: -0.2191 | Marginal residual row/col/max: 8.54e-05/9.78e-09/8.54e-05 | Train Acc: 0.6094 | Val Acc: 0.6944 | Val P/R/F1 (Macro): 0.6991/0.7037/0.6486 | LR: 0.000001
  >>> New Best Val Acc: 0.6944
Epoch [96/100] | SVD update #96: pairs=128, sweeps=3, converged=True, rel_change=8.292e-04, effective_ranks=(127, 23), class_paired=True
Epoch [96/100] | Loss: 4.6220 (Cls: 4.6709, TAL: -0.4853, Adv: 0.1165, OT-Reg: 0.001472) | OT inner objective: -0.1197 | Marginal residual row/col/max: 2.61e-04/1.40e-08/2.61e-04 | Train Acc: 0.5156 | Val Acc: 0.6111 | Val P/R/F1 (Macro): 0.5894/0.7426/0.6106 | LR: 0.000001
Epoch [97/100] | SVD update #97: pairs=128, sweeps=4, converged=True, rel_change=1.798e-04, effective_ranks=(127, 22), class_paired=True
Epoch [97/100] | Loss: 4.4499 (Cls: 4.5074, TAL: -0.5559, Adv: 0.1143, OT-Reg: 0.001514) | OT inner objective: -0.1357 | Marginal residual row/col/max: 3.18e-05/1.49e-08/3.18e-05 | Train Acc: 0.5547 | Val Acc: 0.4444 | Val P/R/F1 (Macro): 0.4880/0.5611/0.4348 | LR: 0.000001
Epoch [98/100] | SVD update #98: pairs=128, sweeps=4, converged=True, rel_change=4.040e-04, effective_ranks=(127, 23), class_paired=True
Epoch [98/100] | Loss: 4.8598 (Cls: 4.9050, TAL: -0.4828, Adv: 0.1600, OT-Reg: 0.001518) | OT inner objective: -0.0335 | Marginal residual row/col/max: 3.92e-06/1.21e-08/3.92e-06 | Train Acc: 0.4453 | Val Acc: 0.5000 | Val P/R/F1 (Macro): 0.5509/0.6361/0.5204 | LR: 0.000001
Epoch [99/100] | SVD update #99: pairs=128, sweeps=3, converged=True, rel_change=9.151e-05, effective_ranks=(126, 24), class_paired=True
Epoch [99/100] | Loss: 4.8485 (Cls: 4.9056, TAL: -0.5448, Adv: 0.1036, OT-Reg: 0.001520) | OT inner objective: -0.1314 | Marginal residual row/col/max: 8.12e-06/1.12e-08/8.12e-06 | Train Acc: 0.4531 | Val Acc: 0.4722 | Val P/R/F1 (Macro): 0.5428/0.6370/0.4943 | LR: 0.000001
Epoch [100/100] | SVD update #100: pairs=128, sweeps=4, converged=True, rel_change=2.319e-04, effective_ranks=(127, 22), class_paired=True
Epoch [100/100] | Loss: 4.9687 (Cls: 5.0127, TAL: -0.4603, Adv: 0.1400, OT-Reg: 0.001488) | OT inner objective: -0.1773 | Marginal residual row/col/max: 1.60e-05/9.78e-09/1.60e-05 | Train Acc: 0.4922 | Val Acc: 0.5278 | Val P/R/F1 (Macro): 0.6296/0.6491/0.5932 | LR: 0.000001
Report strategy: best, window=10, reported_acc=0.6944, best_acc=0.6944, selected_epoch=95

迭代 2 报告指标:
  Accuracy: 0.6944
  Precision (Macro): 0.6991
  Recall (Macro): 0.7037
  F1 (Macro): 0.6486
  Precision (Micro): 0.6944
  Recall (Micro): 0.6944
  F1 (Micro): 0.6944
  Val class coverage: 9/14 (0.6429), samples=36

================================================================================
迭代 3/5
随机种子: 44
================================================================================
Training mode: full target-label supervision (class-paired batches).
Feature fusion: Tensor alignment (512+512 -> 16+16); fused_dim=32
Domain adaptation: Neural OT generator with 3-domain discriminator
Loss weights: tensor=0.12, adv=0.08
Transport: mode=sinkhorn, epsilon=0.1, Sinkhorn iterations=50, correction scale=0.1, correction regularization weight=0.001
Tensor projection update: once per epoch from the complete target-training pairing bank; projection_dim=16, max_sweeps=10, relative singular-value tolerance=0.001
Epoch [1/100] | SVD update #1: pairs=128, sweeps=3, converged=True, rel_change=2.611e-05, effective_ranks=(127, 119), class_paired=True
Epoch [1/100] | Loss: 8.5684 (Cls: 8.5919, TAL: -0.3548, Adv: 0.2376, OT-Reg: 0.001572) | OT inner objective: 0.0264 | Marginal residual row/col/max: 1.75e-07/1.30e-08/1.75e-07 | Train Acc: 0.1562 | Val Acc: 0.2500 | Val P/R/F1 (Macro): 0.1034/0.1907/0.1338 | LR: 0.000005
  >>> New Best Val Acc: 0.2500
Epoch [2/100] | SVD update #2: pairs=128, sweeps=3, converged=True, rel_change=4.435e-05, effective_ranks=(127, 113), class_paired=True
Epoch [2/100] | Loss: 8.4793 (Cls: 8.4921, TAL: -0.2970, Adv: 0.2852, OT-Reg: 0.001758) | OT inner objective: 0.1700 | Marginal residual row/col/max: 1.21e-08/2.05e-08/2.05e-08 | Train Acc: 0.1406 | Val Acc: 0.2500 | Val P/R/F1 (Macro): 0.1317/0.2389/0.1623 | LR: 0.000005
Epoch [3/100] | SVD update #3: pairs=128, sweeps=3, converged=True, rel_change=3.463e-05, effective_ranks=(127, 82), class_paired=True
Epoch [3/100] | Loss: 8.6261 (Cls: 8.6472, TAL: -0.3509, Adv: 0.2618, OT-Reg: 0.001522) | OT inner objective: 0.0747 | Marginal residual row/col/max: 1.07e-08/1.30e-08/1.30e-08 | Train Acc: 0.0703 | Val Acc: 0.1389 | Val P/R/F1 (Macro): 0.0481/0.1130/0.0674 | LR: 0.000005
Epoch [4/100] | SVD update #4: pairs=128, sweeps=7, converged=True, rel_change=4.603e-04, effective_ranks=(127, 88), class_paired=True
Epoch [4/100] | Loss: 8.3167 (Cls: 8.3214, TAL: -0.1880, Adv: 0.2235, OT-Reg: 0.001677) | OT inner objective: 0.1970 | Marginal residual row/col/max: 9.78e-09/1.35e-08/1.35e-08 | Train Acc: 0.1328 | Val Acc: 0.0833 | Val P/R/F1 (Macro): 0.0583/0.0593/0.0575 | LR: 0.000005
Epoch [5/100] | SVD update #5: pairs=128, sweeps=10, converged=True, rel_change=3.406e-04, effective_ranks=(127, 72), class_paired=True
Epoch [5/100] | Loss: 7.8831 (Cls: 7.8905, TAL: -0.2295, Adv: 0.2525, OT-Reg: 0.001651) | OT inner objective: 0.1505 | Marginal residual row/col/max: 1.16e-08/1.21e-08/1.30e-08 | Train Acc: 0.2031 | Val Acc: 0.2778 | Val P/R/F1 (Macro): 0.2176/0.2981/0.1940 | LR: 0.000005
  >>> New Best Val Acc: 0.2778
Epoch [6/100] | SVD update #6: pairs=128, sweeps=9, converged=True, rel_change=7.348e-04, effective_ranks=(127, 72), class_paired=True
Epoch [6/100] | Loss: 8.1443 (Cls: 8.1520, TAL: -0.2264, Adv: 0.2429, OT-Reg: 0.001547) | OT inner objective: 0.0763 | Marginal residual row/col/max: 1.21e-08/1.02e-08/1.21e-08 | Train Acc: 0.1406 | Val Acc: 0.1667 | Val P/R/F1 (Macro): 0.0531/0.1296/0.0741 | LR: 0.000005
Epoch [7/100] | SVD update #7: pairs=128, sweeps=10, converged=False, rel_change=5.609e-02, effective_ranks=(127, 55), class_paired=True
Epoch [7/100] | Loss: 7.8240 (Cls: 7.8175, TAL: -0.1291, Adv: 0.2752, OT-Reg: 0.001611) | OT inner objective: 0.1756 | Marginal residual row/col/max: 1.16e-08/1.35e-08/1.35e-08 | Train Acc: 0.1172 | Val Acc: 0.0556 | Val P/R/F1 (Macro): 0.0302/0.1389/0.0494 | LR: 0.000005
Epoch [8/100] | SVD update #8: pairs=128, sweeps=10, converged=False, rel_change=1.177e-01, effective_ranks=(126, 61), class_paired=True
Epoch [8/100] | Loss: 7.9951 (Cls: 8.0039, TAL: -0.2285, Adv: 0.2317, OT-Reg: 0.001836) | OT inner objective: 0.1695 | Marginal residual row/col/max: 1.07e-08/1.44e-08/1.54e-08 | Train Acc: 0.0938 | Val Acc: 0.2222 | Val P/R/F1 (Macro): 0.2130/0.2889/0.2399 | LR: 0.000005
Epoch [9/100] | SVD update #9: pairs=128, sweeps=10, converged=False, rel_change=2.293e-02, effective_ranks=(127, 76), class_paired=True
Epoch [9/100] | Loss: 7.6812 (Cls: 7.6883, TAL: -0.2407, Adv: 0.2717, OT-Reg: 0.001294) | OT inner objective: 0.1126 | Marginal residual row/col/max: 4.38e-08/1.21e-08/4.47e-08 | Train Acc: 0.0938 | Val Acc: 0.0556 | Val P/R/F1 (Macro): 0.0648/0.1481/0.0615 | LR: 0.000005
Epoch [10/100] | SVD update #10: pairs=128, sweeps=10, converged=False, rel_change=4.879e-02, effective_ranks=(127, 70), class_paired=True
Epoch [10/100] | Loss: 7.3225 (Cls: 7.3440, TAL: -0.3442, Adv: 0.2474, OT-Reg: 0.001656) | OT inner objective: 0.1296 | Marginal residual row/col/max: 1.21e-08/1.44e-08/1.44e-08 | Train Acc: 0.1484 | Val Acc: 0.3333 | Val P/R/F1 (Macro): 0.2954/0.4769/0.3204 | LR: 0.000005
  >>> New Best Val Acc: 0.3333
Epoch [11/100] | SVD update #11: pairs=128, sweeps=10, converged=False, rel_change=1.773e-01, effective_ranks=(127, 44), class_paired=True
Epoch [11/100] | Loss: 8.1354 (Cls: 8.1242, TAL: -0.1848, Adv: 0.4170, OT-Reg: 0.001490) | OT inner objective: 0.2347 | Marginal residual row/col/max: 1.16e-08/1.26e-08/1.30e-08 | Train Acc: 0.0859 | Val Acc: 0.2222 | Val P/R/F1 (Macro): 0.1662/0.1704/0.1484 | LR: 0.000005
Epoch [12/100] | SVD update #12: pairs=128, sweeps=8, converged=True, rel_change=9.030e-04, effective_ranks=(127, 37), class_paired=True
Epoch [12/100] | Loss: 8.1992 (Cls: 8.2282, TAL: -0.3903, Adv: 0.2228, OT-Reg: 0.001593) | OT inner objective: 0.0338 | Marginal residual row/col/max: 6.48e-07/2.42e-08/6.49e-07 | Train Acc: 0.0547 | Val Acc: 0.1944 | Val P/R/F1 (Macro): 0.2130/0.1852/0.1397 | LR: 0.000005
Epoch [13/100] | SVD update #13: pairs=128, sweeps=10, converged=False, rel_change=1.818e-03, effective_ranks=(127, 35), class_paired=True
Epoch [13/100] | Loss: 8.2045 (Cls: 8.2150, TAL: -0.2686, Adv: 0.2710, OT-Reg: 0.001488) | OT inner objective: 0.0356 | Marginal residual row/col/max: 1.11e-06/1.58e-08/1.11e-06 | Train Acc: 0.1016 | Val Acc: 0.1667 | Val P/R/F1 (Macro): 0.1692/0.2407/0.1907 | LR: 0.000005
Epoch [14/100] | SVD update #14: pairs=128, sweeps=10, converged=False, rel_change=5.260e-02, effective_ranks=(127, 24), class_paired=True
Epoch [14/100] | Loss: 7.2714 (Cls: 7.2597, TAL: -0.0423, Adv: 0.2100, OT-Reg: 0.001593) | OT inner objective: 0.0750 | Marginal residual row/col/max: 2.98e-08/2.00e-08/3.73e-08 | Train Acc: 0.1406 | Val Acc: 0.1389 | Val P/R/F1 (Macro): 0.1130/0.2037/0.1424 | LR: 0.000005
Epoch [15/100] | SVD update #15: pairs=128, sweeps=6, converged=True, rel_change=5.763e-04, effective_ranks=(127, 24), class_paired=True
Epoch [15/100] | Loss: 7.3428 (Cls: 7.3512, TAL: -0.2209, Adv: 0.2259, OT-Reg: 0.001474) | OT inner objective: -0.0012 | Marginal residual row/col/max: 4.93e-06/1.02e-08/4.93e-06 | Train Acc: 0.1562 | Val Acc: 0.1667 | Val P/R/F1 (Macro): 0.1958/0.2315/0.2078 | LR: 0.000005
Epoch [16/100] | SVD update #16: pairs=128, sweeps=10, converged=False, rel_change=1.737e-03, effective_ranks=(127, 27), class_paired=True
Epoch [16/100] | Loss: 8.0370 (Cls: 7.9898, TAL: 0.2699, Adv: 0.1854, OT-Reg: 0.001552) | OT inner objective: 0.0097 | Marginal residual row/col/max: 7.72e-07/1.40e-08/7.72e-07 | Train Acc: 0.1328 | Val Acc: 0.1944 | Val P/R/F1 (Macro): 0.1315/0.2315/0.1534 | LR: 0.000005
Epoch [17/100] | SVD update #17: pairs=128, sweeps=8, converged=True, rel_change=1.177e-04, effective_ranks=(127, 16), class_paired=True
Epoch [17/100] | Loss: 7.2771 (Cls: 7.2516, TAL: 0.0755, Adv: 0.2055, OT-Reg: 0.001464) | OT inner objective: -0.0197 | Marginal residual row/col/max: 1.65e-04/1.63e-08/1.65e-04 | Train Acc: 0.2422 | Val Acc: 0.2222 | Val P/R/F1 (Macro): 0.2279/0.2639/0.1833 | LR: 0.000005
Epoch [18/100] | SVD update #18: pairs=128, sweeps=10, converged=False, rel_change=1.916e-03, effective_ranks=(127, 25), class_paired=True
Epoch [18/100] | Loss: 8.0485 (Cls: 7.9947, TAL: 0.3189, Adv: 0.1946, OT-Reg: 0.001504) | OT inner objective: 0.0400 | Marginal residual row/col/max: 5.21e-07/1.86e-08/5.23e-07 | Train Acc: 0.1953 | Val Acc: 0.2222 | Val P/R/F1 (Macro): 0.1146/0.3185/0.1659 | LR: 0.000005
Epoch [19/100] | SVD update #19: pairs=128, sweeps=9, converged=True, rel_change=5.180e-04, effective_ranks=(127, 21), class_paired=True
Epoch [19/100] | Loss: 7.2801 (Cls: 7.2566, TAL: 0.0596, Adv: 0.2037, OT-Reg: 0.001473) | OT inner objective: 0.0126 | Marginal residual row/col/max: 1.04e-07/3.07e-08/1.04e-07 | Train Acc: 0.1797 | Val Acc: 0.2222 | Val P/R/F1 (Macro): 0.2063/0.3667/0.2326 | LR: 0.000005
Epoch [20/100] | SVD update #20: pairs=128, sweeps=5, converged=True, rel_change=4.250e-04, effective_ranks=(127, 19), class_paired=True
Epoch [20/100] | Loss: 6.9467 (Cls: 6.9314, TAL: -0.0103, Adv: 0.2068, OT-Reg: 0.001524) | OT inner objective: -0.0367 | Marginal residual row/col/max: 4.17e-07/2.84e-08/4.19e-07 | Train Acc: 0.2344 | Val Acc: 0.1944 | Val P/R/F1 (Macro): 0.3620/0.3602/0.2849 | LR: 0.000005
Epoch [21/100] | SVD update #21: pairs=128, sweeps=5, converged=True, rel_change=7.731e-04, effective_ranks=(127, 17), class_paired=True
Epoch [21/100] | Loss: 7.1571 (Cls: 7.1242, TAL: 0.1557, Adv: 0.1771, OT-Reg: 0.001374) | OT inner objective: -0.0849 | Marginal residual row/col/max: 8.29e-08/3.07e-08/8.94e-08 | Train Acc: 0.1328 | Val Acc: 0.2222 | Val P/R/F1 (Macro): 0.1393/0.3722/0.2000 | LR: 0.000003
Epoch [22/100] | SVD update #22: pairs=128, sweeps=10, converged=False, rel_change=9.448e-03, effective_ranks=(127, 26), class_paired=True
Epoch [22/100] | Loss: 7.3441 (Cls: 7.3023, TAL: 0.2174, Adv: 0.1961, OT-Reg: 0.001525) | OT inner objective: 0.0360 | Marginal residual row/col/max: 5.78e-06/1.77e-08/5.79e-06 | Train Acc: 0.1172 | Val Acc: 0.0556 | Val P/R/F1 (Macro): 0.0180/0.0500/0.0265 | LR: 0.000003
Epoch [23/100] | SVD update #23: pairs=128, sweeps=10, converged=False, rel_change=5.127e-02, effective_ranks=(127, 17), class_paired=True
Epoch [23/100] | Loss: 8.5973 (Cls: 8.5675, TAL: 0.1439, Adv: 0.1571, OT-Reg: 0.001513) | OT inner objective: 0.0055 | Marginal residual row/col/max: 4.03e-07/1.16e-08/4.05e-07 | Train Acc: 0.1562 | Val Acc: 0.1111 | Val P/R/F1 (Macro): 0.0626/0.2500/0.0836 | LR: 0.000003
Epoch [24/100] | SVD update #24: pairs=128, sweeps=9, converged=True, rel_change=7.494e-04, effective_ranks=(127, 17), class_paired=True
Epoch [24/100] | Loss: 7.9155 (Cls: 7.8785, TAL: 0.1804, Adv: 0.1910, OT-Reg: 0.001684) | OT inner objective: 0.0329 | Marginal residual row/col/max: 8.48e-08/1.44e-08/8.48e-08 | Train Acc: 0.2734 | Val Acc: 0.0833 | Val P/R/F1 (Macro): 0.1759/0.2361/0.1159 | LR: 0.000003
Epoch [25/100] | SVD update #25: pairs=128, sweeps=7, converged=True, rel_change=2.634e-04, effective_ranks=(127, 16), class_paired=True
Epoch [25/100] | Loss: 8.1944 (Cls: 8.1477, TAL: 0.2605, Adv: 0.1925, OT-Reg: 0.001564) | OT inner objective: 0.1134 | Marginal residual row/col/max: 1.42e-05/2.19e-08/1.42e-05 | Train Acc: 0.1328 | Val Acc: 0.1111 | Val P/R/F1 (Macro): 0.0944/0.2815/0.1259 | LR: 0.000003
Epoch [26/100] | SVD update #26: pairs=128, sweeps=10, converged=False, rel_change=5.283e-03, effective_ranks=(127, 21), class_paired=True
Epoch [26/100] | Loss: 7.9499 (Cls: 7.9072, TAL: 0.2483, Adv: 0.1612, OT-Reg: 0.001347) | OT inner objective: -0.1090 | Marginal residual row/col/max: 1.29e-05/2.47e-08/1.29e-05 | Train Acc: 0.2266 | Val Acc: 0.0833 | Val P/R/F1 (Macro): 0.0437/0.1472/0.0515 | LR: 0.000003
Epoch [27/100] | SVD update #27: pairs=128, sweeps=9, converged=True, rel_change=8.768e-04, effective_ranks=(127, 22), class_paired=True
Epoch [27/100] | Loss: 8.1962 (Cls: 8.1888, TAL: -0.0474, Adv: 0.1629, OT-Reg: 0.001393) | OT inner objective: -0.0434 | Marginal residual row/col/max: 3.29e-04/1.68e-08/3.29e-04 | Train Acc: 0.1953 | Val Acc: 0.1944 | Val P/R/F1 (Macro): 0.1685/0.3148/0.1445 | LR: 0.000003
Epoch [28/100] | SVD update #28: pairs=128, sweeps=10, converged=False, rel_change=4.178e-02, effective_ranks=(127, 22), class_paired=True
Epoch [28/100] | Loss: 8.2409 (Cls: 8.2540, TAL: -0.2334, Adv: 0.1854, OT-Reg: 0.001612) | OT inner objective: -0.0459 | Marginal residual row/col/max: 8.63e-07/2.05e-08/8.63e-07 | Train Acc: 0.0938 | Val Acc: 0.1944 | Val P/R/F1 (Macro): 0.0801/0.1991/0.0926 | LR: 0.000003
Epoch [29/100] | SVD update #29: pairs=128, sweeps=10, converged=False, rel_change=2.527e-03, effective_ranks=(127, 27), class_paired=True
Epoch [29/100] | Loss: 7.8058 (Cls: 7.8137, TAL: -0.1982, Adv: 0.1980, OT-Reg: 0.001522) | OT inner objective: -0.0045 | Marginal residual row/col/max: 4.94e-05/1.49e-08/4.94e-05 | Train Acc: 0.1562 | Val Acc: 0.1111 | Val P/R/F1 (Macro): 0.0234/0.1111/0.0386 | LR: 0.000003
Epoch [30/100] | SVD update #30: pairs=128, sweeps=10, converged=True, rel_change=4.346e-04, effective_ranks=(127, 18), class_paired=True
Epoch [30/100] | Loss: 7.8766 (Cls: 7.8525, TAL: 0.1002, Adv: 0.1512, OT-Reg: 0.001375) | OT inner objective: 0.0328 | Marginal residual row/col/max: 1.91e-04/2.47e-08/1.91e-04 | Train Acc: 0.1172 | Val Acc: 0.1944 | Val P/R/F1 (Macro): 0.0894/0.1343/0.1034 | LR: 0.000003
Epoch [31/100] | SVD update #31: pairs=128, sweeps=8, converged=True, rel_change=7.105e-04, effective_ranks=(127, 24), class_paired=True
Epoch [31/100] | Loss: 8.1865 (Cls: 8.2015, TAL: -0.2433, Adv: 0.1770, OT-Reg: 0.001447) | OT inner objective: -0.1545 | Marginal residual row/col/max: 1.20e-04/1.54e-08/1.20e-04 | Train Acc: 0.0625 | Val Acc: 0.0278 | Val P/R/F1 (Macro): 0.0556/0.0278/0.0370 | LR: 0.000003
Epoch [32/100] | SVD update #32: pairs=128, sweeps=10, converged=False, rel_change=9.245e-02, effective_ranks=(127, 18), class_paired=True
Epoch [32/100] | Loss: 8.1762 (Cls: 8.1887, TAL: -0.2068, Adv: 0.1532, OT-Reg: 0.001554) | OT inner objective: -0.0084 | Marginal residual row/col/max: 6.26e-06/1.86e-08/6.26e-06 | Train Acc: 0.1016 | Val Acc: 0.0833 | Val P/R/F1 (Macro): 0.0340/0.0722/0.0456 | LR: 0.000001
Epoch [33/100] | SVD update #33: pairs=128, sweeps=10, converged=False, rel_change=1.751e-02, effective_ranks=(127, 19), class_paired=True
Epoch [33/100] | Loss: 7.9351 (Cls: 7.9412, TAL: -0.2073, Adv: 0.2347, OT-Reg: 0.001428) | OT inner objective: 0.1279 | Marginal residual row/col/max: 1.91e-08/2.70e-08/2.70e-08 | Train Acc: 0.1172 | Val Acc: 0.0278 | Val P/R/F1 (Macro): 0.0053/0.0278/0.0089 | LR: 0.000001
Epoch [34/100] | SVD update #34: pairs=128, sweeps=10, converged=False, rel_change=5.176e-03, effective_ranks=(127, 18), class_paired=True
Epoch [34/100] | Loss: 7.7896 (Cls: 7.8184, TAL: -0.3274, Adv: 0.1303, OT-Reg: 0.001538) | OT inner objective: 0.0768 | Marginal residual row/col/max: 2.15e-07/2.56e-08/2.17e-07 | Train Acc: 0.1484 | Val Acc: 0.2500 | Val P/R/F1 (Macro): 0.2286/0.2250/0.1743 | LR: 0.000001
Epoch [35/100] | SVD update #35: pairs=128, sweeps=10, converged=False, rel_change=2.215e-02, effective_ranks=(127, 21), class_paired=True
Epoch [35/100] | Loss: 7.5934 (Cls: 7.5368, TAL: 0.3715, Adv: 0.1503, OT-Reg: 0.001573) | OT inner objective: 0.0751 | Marginal residual row/col/max: 1.26e-06/2.33e-08/1.27e-06 | Train Acc: 0.0625 | Val Acc: 0.0000 | Val P/R/F1 (Macro): 0.0000/0.0000/0.0000 | LR: 0.000001
Epoch [36/100] | SVD update #36: pairs=128, sweeps=10, converged=False, rel_change=2.761e-02, effective_ranks=(127, 17), class_paired=True
Epoch [36/100] | Loss: 7.6088 (Cls: 7.6077, TAL: -0.1642, Adv: 0.2607, OT-Reg: 0.001465) | OT inner objective: 0.0651 | Marginal residual row/col/max: 4.18e-06/2.98e-08/4.18e-06 | Train Acc: 0.1172 | Val Acc: 0.1111 | Val P/R/F1 (Macro): 0.0707/0.2222/0.1007 | LR: 0.000001
Epoch [37/100] | SVD update #37: pairs=128, sweeps=10, converged=False, rel_change=2.360e-03, effective_ranks=(126, 20), class_paired=True
Epoch [37/100] | Loss: 7.4143 (Cls: 7.4388, TAL: -0.3052, Adv: 0.1518, OT-Reg: 0.001424) | OT inner objective: -0.0139 | Marginal residual row/col/max: 6.52e-08/1.54e-08/6.61e-08 | Train Acc: 0.1172 | Val Acc: 0.0833 | Val P/R/F1 (Macro): 0.0537/0.1528/0.0680 | LR: 0.000001
Epoch [38/100] | SVD update #38: pairs=128, sweeps=10, converged=False, rel_change=2.118e-02, effective_ranks=(127, 19), class_paired=True
Epoch [38/100] | Loss: 7.4525 (Cls: 7.4517, TAL: -0.1168, Adv: 0.1852, OT-Reg: 0.001519) | OT inner objective: 0.0454 | Marginal residual row/col/max: 3.62e-07/1.16e-08/3.63e-07 | Train Acc: 0.1719 | Val Acc: 0.1389 | Val P/R/F1 (Macro): 0.0880/0.1481/0.0741 | LR: 0.000001
Epoch [39/100] | SVD update #39: pairs=128, sweeps=10, converged=False, rel_change=8.202e-01, effective_ranks=(127, 16), class_paired=True
Epoch [39/100] | Loss: 7.3932 (Cls: 7.3538, TAL: 0.2099, Adv: 0.1775, OT-Reg: 0.001404) | OT inner objective: 0.0538 | Marginal residual row/col/max: 1.58e-08/3.63e-08/3.63e-08 | Train Acc: 0.1250 | Val Acc: 0.0833 | Val P/R/F1 (Macro): 0.0802/0.1574/0.0671 | LR: 0.000001
Epoch [40/100] | SVD update #40: pairs=128, sweeps=7, converged=True, rel_change=4.595e-04, effective_ranks=(127, 15), class_paired=True
Epoch [40/100] | Loss: 7.9020 (Cls: 7.8341, TAL: 0.4001, Adv: 0.2476, OT-Reg: 0.001564) | OT inner objective: 0.0671 | Marginal residual row/col/max: 1.59e-07/1.21e-08/1.59e-07 | Train Acc: 0.1875 | Val Acc: 0.1667 | Val P/R/F1 (Macro): 0.2438/0.3139/0.1760 | LR: 0.000001
Epoch [41/100] | SVD update #41: pairs=128, sweeps=8, converged=True, rel_change=8.576e-04, effective_ranks=(127, 18), class_paired=True
Epoch [41/100] | Loss: 7.9738 (Cls: 7.9332, TAL: 0.2224, Adv: 0.1743, OT-Reg: 0.001427) | OT inner objective: -0.0254 | Marginal residual row/col/max: 5.71e-07/1.30e-08/5.71e-07 | Train Acc: 0.1875 | Val Acc: 0.1389 | Val P/R/F1 (Macro): 0.0710/0.2315/0.1078 | LR: 0.000001
Epoch [42/100] | SVD update #42: pairs=128, sweeps=7, converged=True, rel_change=6.749e-04, effective_ranks=(127, 15), class_paired=True
Epoch [42/100] | Loss: 7.6816 (Cls: 7.6278, TAL: 0.3149, Adv: 0.1997, OT-Reg: 0.001702) | OT inner objective: 0.1412 | Marginal residual row/col/max: 3.73e-08/2.19e-08/4.42e-08 | Train Acc: 0.2109 | Val Acc: 0.2222 | Val P/R/F1 (Macro): 0.2017/0.3769/0.1616 | LR: 0.000001
Epoch [43/100] | SVD update #43: pairs=128, sweeps=4, converged=True, rel_change=5.583e-04, effective_ranks=(127, 15), class_paired=True
Epoch [43/100] | Loss: 7.7867 (Cls: 7.7170, TAL: 0.4740, Adv: 0.1603, OT-Reg: 0.001567) | OT inner objective: 0.0814 | Marginal residual row/col/max: 1.21e-08/2.89e-08/2.89e-08 | Train Acc: 0.1719 | Val Acc: 0.3333 | Val P/R/F1 (Macro): 0.2984/0.4611/0.3326 | LR: 0.000001
Epoch [44/100] | SVD update #44: pairs=128, sweeps=7, converged=True, rel_change=5.309e-04, effective_ranks=(127, 17), class_paired=True
Epoch [44/100] | Loss: 7.6985 (Cls: 7.6442, TAL: 0.3596, Adv: 0.1402, OT-Reg: 0.001659) | OT inner objective: 0.1495 | Marginal residual row/col/max: 1.30e-08/1.72e-08/1.82e-08 | Train Acc: 0.1641 | Val Acc: 0.3333 | Val P/R/F1 (Macro): 0.2500/0.3519/0.2760 | LR: 0.000001
Epoch [45/100] | SVD update #45: pairs=128, sweeps=7, converged=True, rel_change=6.848e-04, effective_ranks=(127, 15), class_paired=True
Epoch [45/100] | Loss: 7.8244 (Cls: 7.7933, TAL: 0.1428, Adv: 0.1746, OT-Reg: 0.001391) | OT inner objective: -0.0970 | Marginal residual row/col/max: 5.94e-07/1.07e-08/5.94e-07 | Train Acc: 0.1953 | Val Acc: 0.2500 | Val P/R/F1 (Macro): 0.1926/0.3426/0.2085 | LR: 0.000001
Epoch [46/100] | SVD update #46: pairs=128, sweeps=8, converged=True, rel_change=5.970e-04, effective_ranks=(127, 16), class_paired=True
Epoch [46/100] | Loss: 7.6645 (Cls: 7.6114, TAL: 0.3508, Adv: 0.1381, OT-Reg: 0.001576) | OT inner objective: 0.0950 | Marginal residual row/col/max: 1.69e-07/2.75e-08/1.79e-07 | Train Acc: 0.2266 | Val Acc: 0.2778 | Val P/R/F1 (Macro): 0.1552/0.3963/0.2112 | LR: 0.000001
Epoch [47/100] | SVD update #47: pairs=128, sweeps=7, converged=True, rel_change=8.254e-04, effective_ranks=(127, 17), class_paired=True
Epoch [47/100] | Loss: 7.6706 (Cls: 7.6250, TAL: 0.2657, Adv: 0.1712, OT-Reg: 0.001506) | OT inner objective: -0.0086 | Marginal residual row/col/max: 6.71e-07/2.65e-08/6.71e-07 | Train Acc: 0.2188 | Val Acc: 0.1944 | Val P/R/F1 (Macro): 0.2045/0.3333/0.2083 | LR: 0.000001
Epoch [48/100] | SVD update #48: pairs=128, sweeps=5, converged=True, rel_change=5.017e-04, effective_ranks=(127, 16), class_paired=True
Epoch [48/100] | Loss: 7.6611 (Cls: 7.5905, TAL: 0.4892, Adv: 0.1491, OT-Reg: 0.001504) | OT inner objective: 0.0825 | Marginal residual row/col/max: 1.30e-08/1.82e-08/1.82e-08 | Train Acc: 0.1328 | Val Acc: 0.1389 | Val P/R/F1 (Macro): 0.2023/0.2870/0.1737 | LR: 0.000001
Epoch [49/100] | SVD update #49: pairs=128, sweeps=4, converged=True, rel_change=3.326e-04, effective_ranks=(127, 16), class_paired=True
Epoch [49/100] | Loss: 7.6237 (Cls: 7.5560, TAL: 0.4502, Adv: 0.1710, OT-Reg: 0.001695) | OT inner objective: 0.1390 | Marginal residual row/col/max: 1.72e-08/2.33e-08/2.33e-08 | Train Acc: 0.2031 | Val Acc: 0.1944 | Val P/R/F1 (Macro): 0.2429/0.3315/0.2410 | LR: 0.000001
Epoch [50/100] | SVD update #50: pairs=128, sweeps=10, converged=False, rel_change=2.113e-03, effective_ranks=(127, 16), class_paired=True
Epoch [50/100] | Loss: 7.7984 (Cls: 7.7545, TAL: 0.2476, Adv: 0.1772, OT-Reg: 0.001283) | OT inner objective: -0.1356 | Marginal residual row/col/max: 4.07e-05/2.75e-08/4.07e-05 | Train Acc: 0.1953 | Val Acc: 0.1944 | Val P/R/F1 (Macro): 0.1643/0.3565/0.1634 | LR: 0.000001
Epoch [51/100] | SVD update #51: pairs=128, sweeps=9, converged=True, rel_change=5.095e-04, effective_ranks=(127, 15), class_paired=True
Epoch [51/100] | Loss: 7.5678 (Cls: 7.5206, TAL: 0.2945, Adv: 0.1484, OT-Reg: 0.001702) | OT inner objective: 0.1345 | Marginal residual row/col/max: 1.72e-08/2.28e-08/2.28e-08 | Train Acc: 0.1719 | Val Acc: 0.2778 | Val P/R/F1 (Macro): 0.2991/0.3796/0.2558 | LR: 0.000001
Epoch [52/100] | SVD update #52: pairs=128, sweeps=4, converged=True, rel_change=7.808e-04, effective_ranks=(127, 16), class_paired=True
Epoch [52/100] | Loss: 7.6081 (Cls: 7.5489, TAL: 0.3680, Adv: 0.1870, OT-Reg: 0.001372) | OT inner objective: 0.0535 | Marginal residual row/col/max: 1.30e-08/1.72e-08/1.82e-08 | Train Acc: 0.1328 | Val Acc: 0.1944 | Val P/R/F1 (Macro): 0.2315/0.3463/0.1874 | LR: 0.000001
Epoch [53/100] | SVD update #53: pairs=128, sweeps=10, converged=False, rel_change=6.864e-01, effective_ranks=(127, 21), class_paired=True
Epoch [53/100] | Loss: 7.5441 (Cls: 7.5228, TAL: 0.0859, Adv: 0.1377, OT-Reg: 0.001685) | OT inner objective: 0.1222 | Marginal residual row/col/max: 7.31e-08/2.14e-08/7.96e-08 | Train Acc: 0.0781 | Val Acc: 0.1111 | Val P/R/F1 (Macro): 0.0500/0.0833/0.0595 | LR: 0.000001
Epoch [54/100] | SVD update #54: pairs=128, sweeps=10, converged=False, rel_change=1.629e-02, effective_ranks=(127, 15), class_paired=True
Epoch [54/100] | Loss: 7.4489 (Cls: 7.3893, TAL: 0.3675, Adv: 0.1939, OT-Reg: 0.001555) | OT inner objective: 0.0268 | Marginal residual row/col/max: 3.95e-05/2.24e-08/3.95e-05 | Train Acc: 0.2031 | Val Acc: 0.2222 | Val P/R/F1 (Macro): 0.3393/0.3491/0.2789 | LR: 0.000001
Epoch [55/100] | SVD update #55: pairs=128, sweeps=10, converged=False, rel_change=6.040e-03, effective_ranks=(127, 20), class_paired=True
Epoch [55/100] | Loss: 7.5617 (Cls: 7.5626, TAL: -0.1215, Adv: 0.1708, OT-Reg: 0.001589) | OT inner objective: -0.0274 | Marginal residual row/col/max: 4.70e-06/2.65e-08/4.70e-06 | Train Acc: 0.1875 | Val Acc: 0.0556 | Val P/R/F1 (Macro): 0.0278/0.1389/0.0353 | LR: 0.000001
Epoch [56/100] | SVD update #56: pairs=128, sweeps=8, converged=True, rel_change=6.205e-04, effective_ranks=(127, 16), class_paired=True
Epoch [56/100] | Loss: 7.4694 (Cls: 7.4198, TAL: 0.3151, Adv: 0.1484, OT-Reg: 0.001434) | OT inner objective: -0.0151 | Marginal residual row/col/max: 2.93e-06/1.68e-08/2.93e-06 | Train Acc: 0.2266 | Val Acc: 0.2222 | Val P/R/F1 (Macro): 0.1865/0.3565/0.2019 | LR: 0.000001
Epoch [57/100] | SVD update #57: pairs=128, sweeps=4, converged=True, rel_change=9.535e-04, effective_ranks=(127, 16), class_paired=True
Epoch [57/100] | Loss: 7.8958 (Cls: 7.8307, TAL: 0.4225, Adv: 0.1799, OT-Reg: 0.001166) | OT inner objective: 0.0488 | Marginal residual row/col/max: 1.26e-08/3.82e-08/3.82e-08 | Train Acc: 0.1719 | Val Acc: 0.2222 | Val P/R/F1 (Macro): 0.1657/0.3565/0.1777 | LR: 0.000001
Epoch [58/100] | SVD update #58: pairs=128, sweeps=10, converged=False, rel_change=4.902e-01, effective_ranks=(127, 13), class_paired=True
Epoch [58/100] | Loss: 7.5981 (Cls: 7.5523, TAL: 0.2873, Adv: 0.1413, OT-Reg: 0.001379) | OT inner objective: 0.1017 | Marginal residual row/col/max: 4.10e-08/2.24e-08/4.56e-08 | Train Acc: 0.1250 | Val Acc: 0.1667 | Val P/R/F1 (Macro): 0.1069/0.2083/0.1231 | LR: 0.000001
Epoch [59/100] | SVD update #59: pairs=128, sweeps=10, converged=False, rel_change=1.767e-02, effective_ranks=(127, 15), class_paired=True
Epoch [59/100] | Loss: 7.5842 (Cls: 7.5686, TAL: 0.0425, Adv: 0.1307, OT-Reg: 0.001624) | OT inner objective: -0.0375 | Marginal residual row/col/max: 4.27e-06/3.07e-08/4.27e-06 | Train Acc: 0.1562 | Val Acc: 0.2500 | Val P/R/F1 (Macro): 0.2461/0.3519/0.2500 | LR: 0.000001
Epoch [60/100] | SVD update #60: pairs=128, sweeps=7, converged=True, rel_change=3.292e-04, effective_ranks=(127, 15), class_paired=True
Epoch [60/100] | Loss: 7.3590 (Cls: 7.3198, TAL: 0.2492, Adv: 0.1162, OT-Reg: 0.001323) | OT inner objective: 0.0319 | Marginal residual row/col/max: 9.55e-08/3.07e-08/1.06e-07 | Train Acc: 0.1484 | Val Acc: 0.1667 | Val P/R/F1 (Macro): 0.2346/0.3185/0.1628 | LR: 0.000001
Epoch [61/100] | SVD update #61: pairs=128, sweeps=10, converged=False, rel_change=2.140e-03, effective_ranks=(127, 16), class_paired=True
Epoch [61/100] | Loss: 7.7312 (Cls: 7.7360, TAL: -0.1148, Adv: 0.1131, OT-Reg: 0.001430) | OT inner objective: -0.0978 | Marginal residual row/col/max: 2.27e-06/2.00e-08/2.27e-06 | Train Acc: 0.1250 | Val Acc: 0.1667 | Val P/R/F1 (Macro): 0.0753/0.2778/0.1034 | LR: 0.000001
Epoch [62/100] | SVD update #62: pairs=128, sweeps=7, converged=True, rel_change=7.429e-04, effective_ranks=(127, 18), class_paired=True
Epoch [62/100] | Loss: 7.3609 (Cls: 7.3076, TAL: 0.3443, Adv: 0.1495, OT-Reg: 0.001539) | OT inner objective: -0.0057 | Marginal residual row/col/max: 1.49e-05/2.05e-08/1.49e-05 | Train Acc: 0.1172 | Val Acc: 0.2778 | Val P/R/F1 (Macro): 0.2410/0.2759/0.2260 | LR: 0.000001
Epoch [63/100] | SVD update #63: pairs=128, sweeps=6, converged=True, rel_change=5.129e-04, effective_ranks=(127, 16), class_paired=True
Epoch [63/100] | Loss: 7.2602 (Cls: 7.2096, TAL: 0.3168, Adv: 0.1581, OT-Reg: 0.001766) | OT inner objective: 0.1596 | Marginal residual row/col/max: 1.32e-07/2.19e-08/1.36e-07 | Train Acc: 0.2109 | Val Acc: 0.2500 | Val P/R/F1 (Macro): 0.2586/0.3833/0.2265 | LR: 0.000001
Epoch [64/100] | SVD update #64: pairs=128, sweeps=10, converged=False, rel_change=3.523e-02, effective_ranks=(127, 13), class_paired=True
Epoch [64/100] | Loss: 7.5083 (Cls: 7.4686, TAL: 0.2331, Adv: 0.1462, OT-Reg: 0.001509) | OT inner objective: 0.1096 | Marginal residual row/col/max: 1.58e-08/1.49e-08/1.72e-08 | Train Acc: 0.1562 | Val Acc: 0.1944 | Val P/R/F1 (Macro): 0.2167/0.3000/0.1741 | LR: 0.000001
Epoch [65/100] | SVD update #65: pairs=128, sweeps=7, converged=True, rel_change=9.313e-04, effective_ranks=(127, 16), class_paired=True
Epoch [65/100] | Loss: 7.4630 (Cls: 7.4139, TAL: 0.3303, Adv: 0.1175, OT-Reg: 0.001666) | OT inner objective: 0.0377 | Marginal residual row/col/max: 3.73e-08/1.86e-08/4.05e-08 | Train Acc: 0.1641 | Val Acc: 0.3056 | Val P/R/F1 (Macro): 0.3296/0.4009/0.3034 | LR: 0.000001
Epoch [66/100] | SVD update #66: pairs=128, sweeps=8, converged=True, rel_change=6.687e-04, effective_ranks=(127, 15), class_paired=True
Epoch [66/100] | Loss: 7.3180 (Cls: 7.2849, TAL: 0.1888, Adv: 0.1309, OT-Reg: 0.001412) | OT inner objective: 0.0645 | Marginal residual row/col/max: 1.16e-04/2.56e-08/1.16e-04 | Train Acc: 0.1875 | Val Acc: 0.2222 | Val P/R/F1 (Macro): 0.2361/0.3333/0.2453 | LR: 0.000001
Epoch [67/100] | SVD update #67: pairs=128, sweeps=5, converged=True, rel_change=3.266e-04, effective_ranks=(127, 14), class_paired=True
Epoch [67/100] | Loss: 7.3359 (Cls: 7.2870, TAL: 0.3107, Adv: 0.1456, OT-Reg: 0.001621) | OT inner objective: 0.0546 | Marginal residual row/col/max: 2.32e-06/1.96e-08/2.32e-06 | Train Acc: 0.1875 | Val Acc: 0.3056 | Val P/R/F1 (Macro): 0.2824/0.3694/0.2790 | LR: 0.000001
Epoch [68/100] | SVD update #68: pairs=128, sweeps=9, converged=True, rel_change=7.192e-04, effective_ranks=(127, 17), class_paired=True
Epoch [68/100] | Loss: 7.4915 (Cls: 7.4269, TAL: 0.4374, Adv: 0.1522, OT-Reg: 0.001573) | OT inner objective: 0.0744 | Marginal residual row/col/max: 1.30e-08/1.30e-08/1.40e-08 | Train Acc: 0.1484 | Val Acc: 0.1389 | Val P/R/F1 (Macro): 0.1464/0.3148/0.1611 | LR: 0.000001
Epoch [69/100] | SVD update #69: pairs=128, sweeps=4, converged=True, rel_change=7.433e-04, effective_ranks=(127, 15), class_paired=True
Epoch [69/100] | Loss: 7.2638 (Cls: 7.2009, TAL: 0.4304, Adv: 0.1417, OT-Reg: 0.001623) | OT inner objective: 0.0850 | Marginal residual row/col/max: 9.22e-08/2.42e-08/9.45e-08 | Train Acc: 0.1641 | Val Acc: 0.2222 | Val P/R/F1 (Macro): 0.1741/0.3611/0.2026 | LR: 0.000001
Epoch [70/100] | SVD update #70: pairs=128, sweeps=4, converged=True, rel_change=3.472e-04, effective_ranks=(127, 16), class_paired=True
Epoch [70/100] | Loss: 7.4737 (Cls: 7.4122, TAL: 0.3947, Adv: 0.1770, OT-Reg: 0.001609) | OT inner objective: 0.0962 | Marginal residual row/col/max: 2.33e-08/2.10e-08/2.56e-08 | Train Acc: 0.1641 | Val Acc: 0.1667 | Val P/R/F1 (Macro): 0.2074/0.3611/0.2482 | LR: 0.000001
Epoch [71/100] | SVD update #71: pairs=128, sweeps=8, converged=True, rel_change=7.215e-04, effective_ranks=(127, 16), class_paired=True
Epoch [71/100] | Loss: 7.5046 (Cls: 7.4459, TAL: 0.3827, Adv: 0.1597, OT-Reg: 0.001572) | OT inner objective: -0.0644 | Marginal residual row/col/max: 1.94e-05/2.24e-08/1.94e-05 | Train Acc: 0.1719 | Val Acc: 0.0556 | Val P/R/F1 (Macro): 0.1481/0.2222/0.1667 | LR: 0.000001
Epoch [72/100] | SVD update #72: pairs=128, sweeps=6, converged=True, rel_change=7.907e-04, effective_ranks=(127, 16), class_paired=True
Epoch [72/100] | Loss: 7.2504 (Cls: 7.1903, TAL: 0.3674, Adv: 0.2006, OT-Reg: 0.001543) | OT inner objective: 0.0646 | Marginal residual row/col/max: 3.54e-08/1.82e-08/3.54e-08 | Train Acc: 0.2031 | Val Acc: 0.2222 | Val P/R/F1 (Macro): 0.2772/0.3472/0.2148 | LR: 0.000001
Epoch [73/100] | SVD update #73: pairs=128, sweeps=5, converged=True, rel_change=2.740e-04, effective_ranks=(127, 17), class_paired=True
Epoch [73/100] | Loss: 7.4179 (Cls: 7.3668, TAL: 0.2842, Adv: 0.2125, OT-Reg: 0.001599) | OT inner objective: 0.0662 | Marginal residual row/col/max: 1.72e-08/2.98e-08/2.98e-08 | Train Acc: 0.2188 | Val Acc: 0.2222 | Val P/R/F1 (Macro): 0.3216/0.3546/0.2482 | LR: 0.000001
Epoch [74/100] | SVD update #74: pairs=128, sweeps=10, converged=False, rel_change=1.310e-01, effective_ranks=(127, 13), class_paired=True
Epoch [74/100] | Loss: 7.3964 (Cls: 7.3746, TAL: 0.0625, Adv: 0.1781, OT-Reg: 0.001510) | OT inner objective: 0.0381 | Marginal residual row/col/max: 2.00e-06/1.49e-08/2.00e-06 | Train Acc: 0.1094 | Val Acc: 0.2778 | Val P/R/F1 (Macro): 0.3233/0.2861/0.2146 | LR: 0.000001
Epoch [75/100] | SVD update #75: pairs=128, sweeps=5, converged=True, rel_change=6.865e-04, effective_ranks=(127, 17), class_paired=True
Epoch [75/100] | Loss: 7.4034 (Cls: 7.3375, TAL: 0.4345, Adv: 0.1725, OT-Reg: 0.001653) | OT inner objective: 0.1851 | Marginal residual row/col/max: 1.72e-08/3.26e-08/3.31e-08 | Train Acc: 0.1719 | Val Acc: 0.1944 | Val P/R/F1 (Macro): 0.2832/0.3472/0.2258 | LR: 0.000001
Epoch [76/100] | SVD update #76: pairs=128, sweeps=5, converged=True, rel_change=3.414e-05, effective_ranks=(127, 17), class_paired=True
Epoch [76/100] | Loss: 7.1798 (Cls: 7.1120, TAL: 0.4328, Adv: 0.1979, OT-Reg: 0.001820) | OT inner objective: 0.1442 | Marginal residual row/col/max: 1.49e-08/2.00e-08/2.00e-08 | Train Acc: 0.2500 | Val Acc: 0.5000 | Val P/R/F1 (Macro): 0.4722/0.5954/0.4991 | LR: 0.000001
  >>> New Best Val Acc: 0.5000
Epoch [77/100] | SVD update #77: pairs=128, sweeps=10, converged=True, rel_change=9.242e-04, effective_ranks=(127, 14), class_paired=True
Epoch [77/100] | Loss: 7.3321 (Cls: 7.2986, TAL: 0.1675, Adv: 0.1676, OT-Reg: 0.001386) | OT inner objective: -0.0005 | Marginal residual row/col/max: 6.77e-05/1.68e-08/6.77e-05 | Train Acc: 0.2188 | Val Acc: 0.1944 | Val P/R/F1 (Macro): 0.2074/0.3519/0.2259 | LR: 0.000001
Epoch [78/100] | SVD update #78: pairs=128, sweeps=6, converged=True, rel_change=4.883e-04, effective_ranks=(127, 17), class_paired=True
Epoch [78/100] | Loss: 7.4726 (Cls: 7.4009, TAL: 0.4683, Adv: 0.1940, OT-Reg: 0.001415) | OT inner objective: 0.0216 | Marginal residual row/col/max: 1.68e-08/1.21e-08/1.96e-08 | Train Acc: 0.2266 | Val Acc: 0.2222 | Val P/R/F1 (Macro): 0.1435/0.3380/0.1910 | LR: 0.000001
Epoch [79/100] | SVD update #79: pairs=128, sweeps=10, converged=False, rel_change=9.109e-03, effective_ranks=(127, 15), class_paired=True
Epoch [79/100] | Loss: 7.3789 (Cls: 7.3421, TAL: 0.1823, Adv: 0.1869, OT-Reg: 0.001387) | OT inner objective: -0.2269 | Marginal residual row/col/max: 6.94e-05/1.12e-08/6.94e-05 | Train Acc: 0.2344 | Val Acc: 0.1944 | Val P/R/F1 (Macro): 0.3184/0.3796/0.2177 | LR: 0.000001
Epoch [80/100] | SVD update #80: pairs=128, sweeps=10, converged=False, rel_change=6.109e-03, effective_ranks=(127, 14), class_paired=True
Epoch [80/100] | Loss: 7.2340 (Cls: 7.1972, TAL: 0.2160, Adv: 0.1354, OT-Reg: 0.001294) | OT inner objective: -0.1554 | Marginal residual row/col/max: 2.43e-06/1.07e-08/2.43e-06 | Train Acc: 0.2266 | Val Acc: 0.2222 | Val P/R/F1 (Macro): 0.1361/0.3102/0.1706 | LR: 0.000001
Epoch [81/100] | SVD update #81: pairs=128, sweeps=6, converged=True, rel_change=5.166e-04, effective_ranks=(127, 16), class_paired=True
Epoch [81/100] | Loss: 7.3781 (Cls: 7.3229, TAL: 0.3597, Adv: 0.1502, OT-Reg: 0.001565) | OT inner objective: 0.0327 | Marginal residual row/col/max: 1.12e-08/2.14e-08/2.14e-08 | Train Acc: 0.2109 | Val Acc: 0.1389 | Val P/R/F1 (Macro): 0.0844/0.1917/0.1044 | LR: 0.000001
Epoch [82/100] | SVD update #82: pairs=128, sweeps=10, converged=False, rel_change=1.725e-01, effective_ranks=(127, 15), class_paired=True
Epoch [82/100] | Loss: 7.3739 (Cls: 7.3402, TAL: 0.1944, Adv: 0.1301, OT-Reg: 0.001379) | OT inner objective: 0.0723 | Marginal residual row/col/max: 3.59e-07/2.28e-08/3.67e-07 | Train Acc: 0.1641 | Val Acc: 0.0833 | Val P/R/F1 (Macro): 0.1490/0.2361/0.0877 | LR: 0.000001
Epoch [83/100] | SVD update #83: pairs=128, sweeps=5, converged=True, rel_change=6.141e-04, effective_ranks=(127, 15), class_paired=True
Epoch [83/100] | Loss: 7.3194 (Cls: 7.2661, TAL: 0.3301, Adv: 0.1718, OT-Reg: 0.001472) | OT inner objective: -0.0243 | Marginal residual row/col/max: 1.13e-05/2.51e-08/1.13e-05 | Train Acc: 0.1875 | Val Acc: 0.2222 | Val P/R/F1 (Macro): 0.1316/0.3611/0.1822 | LR: 0.000001
Epoch [84/100] | SVD update #84: pairs=128, sweeps=10, converged=False, rel_change=1.280e-01, effective_ranks=(127, 15), class_paired=True
Epoch [84/100] | Loss: 7.4127 (Cls: 7.4132, TAL: -0.1176, Adv: 0.1703, OT-Reg: 0.001486) | OT inner objective: -0.1097 | Marginal residual row/col/max: 5.84e-05/1.02e-08/5.84e-05 | Train Acc: 0.1953 | Val Acc: 0.1111 | Val P/R/F1 (Macro): 0.0639/0.2870/0.0981 | LR: 0.000001
Epoch [85/100] | SVD update #85: pairs=128, sweeps=7, converged=True, rel_change=8.268e-04, effective_ranks=(127, 16), class_paired=True
Epoch [85/100] | Loss: 7.3239 (Cls: 7.2667, TAL: 0.3737, Adv: 0.1543, OT-Reg: 0.001739) | OT inner objective: 0.1537 | Marginal residual row/col/max: 1.77e-08/2.37e-08/2.47e-08 | Train Acc: 0.1641 | Val Acc: 0.1667 | Val P/R/F1 (Macro): 0.1790/0.3241/0.1993 | LR: 0.000001
Epoch [86/100] | SVD update #86: pairs=128, sweeps=5, converged=True, rel_change=2.164e-04, effective_ranks=(127, 15), class_paired=True
Epoch [86/100] | Loss: 7.1045 (Cls: 7.0561, TAL: 0.2980, Adv: 0.1581, OT-Reg: 0.001704) | OT inner objective: 0.0319 | Marginal residual row/col/max: 1.68e-08/2.28e-08/2.33e-08 | Train Acc: 0.2109 | Val Acc: 0.3056 | Val P/R/F1 (Macro): 0.2015/0.4630/0.2528 | LR: 0.000001
Epoch [87/100] | SVD update #87: pairs=128, sweeps=10, converged=False, rel_change=6.765e-03, effective_ranks=(127, 14), class_paired=True
Epoch [87/100] | Loss: 7.3538 (Cls: 7.3345, TAL: 0.0382, Adv: 0.1831, OT-Reg: 0.001523) | OT inner objective: -0.0896 | Marginal residual row/col/max: 1.61e-04/2.14e-08/1.61e-04 | Train Acc: 0.2266 | Val Acc: 0.3056 | Val P/R/F1 (Macro): 0.3256/0.4278/0.3259 | LR: 0.000001
Epoch [88/100] | SVD update #88: pairs=128, sweeps=6, converged=True, rel_change=2.108e-04, effective_ranks=(127, 16), class_paired=True
Epoch [88/100] | Loss: 7.3464 (Cls: 7.3258, TAL: 0.0820, Adv: 0.1339, OT-Reg: 0.001458) | OT inner objective: -0.1040 | Marginal residual row/col/max: 8.82e-05/1.44e-08/8.82e-05 | Train Acc: 0.2031 | Val Acc: 0.1944 | Val P/R/F1 (Macro): 0.1071/0.2167/0.1222 | LR: 0.000001
Epoch [89/100] | SVD update #89: pairs=128, sweeps=6, converged=True, rel_change=8.195e-04, effective_ranks=(127, 15), class_paired=True
Epoch [89/100] | Loss: 7.4713 (Cls: 7.4332, TAL: 0.2224, Adv: 0.1425, OT-Reg: 0.001708) | OT inner objective: 0.0186 | Marginal residual row/col/max: 3.94e-06/3.03e-08/3.94e-06 | Train Acc: 0.1953 | Val Acc: 0.1667 | Val P/R/F1 (Macro): 0.1240/0.3148/0.1725 | LR: 0.000001
Epoch [90/100] | SVD update #90: pairs=128, sweeps=10, converged=False, rel_change=1.892e-03, effective_ranks=(127, 16), class_paired=True
Epoch [90/100] | Loss: 7.1669 (Cls: 7.1731, TAL: -0.1493, Adv: 0.1458, OT-Reg: 0.001452) | OT inner objective: -0.1939 | Marginal residual row/col/max: 5.82e-06/9.78e-09/5.82e-06 | Train Acc: 0.1797 | Val Acc: 0.3056 | Val P/R/F1 (Macro): 0.2573/0.4028/0.2507 | LR: 0.000001
Epoch [91/100] | SVD update #91: pairs=128, sweeps=5, converged=True, rel_change=8.252e-04, effective_ranks=(127, 16), class_paired=True
Epoch [91/100] | Loss: 7.2445 (Cls: 7.2034, TAL: 0.2508, Adv: 0.1367, OT-Reg: 0.001413) | OT inner objective: -0.0116 | Marginal residual row/col/max: 4.04e-06/1.26e-08/4.04e-06 | Train Acc: 0.2031 | Val Acc: 0.2500 | Val P/R/F1 (Macro): 0.0880/0.2269/0.1153 | LR: 0.000001
Epoch [92/100] | SVD update #92: pairs=128, sweeps=5, converged=True, rel_change=3.102e-04, effective_ranks=(127, 15), class_paired=True
Epoch [92/100] | Loss: 7.5740 (Cls: 7.5184, TAL: 0.3718, Adv: 0.1370, OT-Reg: 0.001524) | OT inner objective: 0.0745 | Marginal residual row/col/max: 1.40e-08/1.82e-08/1.82e-08 | Train Acc: 0.1797 | Val Acc: 0.1389 | Val P/R/F1 (Macro): 0.2222/0.1991/0.1302 | LR: 0.000001
Epoch [93/100] | SVD update #93: pairs=128, sweeps=10, converged=False, rel_change=1.108e-02, effective_ranks=(127, 16), class_paired=True
Epoch [93/100] | Loss: 7.3759 (Cls: 7.3871, TAL: -0.1705, Adv: 0.1156, OT-Reg: 0.001571) | OT inner objective: -0.1479 | Marginal residual row/col/max: 1.61e-06/1.68e-08/1.61e-06 | Train Acc: 0.2188 | Val Acc: 0.1944 | Val P/R/F1 (Macro): 0.1704/0.1574/0.1379 | LR: 0.000001
Epoch [94/100] | SVD update #94: pairs=128, sweeps=10, converged=False, rel_change=2.795e-01, effective_ranks=(127, 16), class_paired=True
Epoch [94/100] | Loss: 7.4302 (Cls: 7.4028, TAL: 0.1413, Adv: 0.1304, OT-Reg: 0.001375) | OT inner objective: -0.1891 | Marginal residual row/col/max: 3.30e-05/1.02e-08/3.30e-05 | Train Acc: 0.1719 | Val Acc: 0.1667 | Val P/R/F1 (Macro): 0.1322/0.3056/0.1513 | LR: 0.000001
Epoch [95/100] | SVD update #95: pairs=128, sweeps=7, converged=True, rel_change=4.297e-04, effective_ranks=(127, 17), class_paired=True
Epoch [95/100] | Loss: 7.3965 (Cls: 7.3536, TAL: 0.2515, Adv: 0.1586, OT-Reg: 0.001501) | OT inner objective: -0.2378 | Marginal residual row/col/max: 1.49e-04/1.82e-08/1.49e-04 | Train Acc: 0.1641 | Val Acc: 0.2222 | Val P/R/F1 (Macro): 0.2562/0.3472/0.2408 | LR: 0.000001
Epoch [96/100] | SVD update #96: pairs=128, sweeps=5, converged=True, rel_change=8.834e-04, effective_ranks=(127, 15), class_paired=True
Epoch [96/100] | Loss: 7.1979 (Cls: 7.1532, TAL: 0.2890, Adv: 0.1254, OT-Reg: 0.001735) | OT inner objective: 0.1207 | Marginal residual row/col/max: 1.86e-08/2.47e-08/2.47e-08 | Train Acc: 0.1406 | Val Acc: 0.2222 | Val P/R/F1 (Macro): 0.1898/0.3472/0.2092 | LR: 0.000001
Epoch [97/100] | SVD update #97: pairs=128, sweeps=10, converged=True, rel_change=7.120e-04, effective_ranks=(127, 15), class_paired=True
Epoch [97/100] | Loss: 7.3446 (Cls: 7.3351, TAL: 0.0070, Adv: 0.1084, OT-Reg: 0.001520) | OT inner objective: -0.1059 | Marginal residual row/col/max: 3.08e-05/1.26e-08/3.08e-05 | Train Acc: 0.1562 | Val Acc: 0.1111 | Val P/R/F1 (Macro): 0.1407/0.1759/0.1393 | LR: 0.000001
Epoch [98/100] | SVD update #98: pairs=128, sweeps=10, converged=False, rel_change=5.111e-02, effective_ranks=(127, 15), class_paired=True
Epoch [98/100] | Loss: 7.1267 (Cls: 7.1111, TAL: 0.0524, Adv: 0.1172, OT-Reg: 0.001590) | OT inner objective: 0.0130 | Marginal residual row/col/max: 7.18e-07/2.28e-08/7.18e-07 | Train Acc: 0.2344 | Val Acc: 0.1667 | Val P/R/F1 (Macro): 0.1393/0.2259/0.1437 | LR: 0.000001
Epoch [99/100] | SVD update #99: pairs=128, sweeps=9, converged=True, rel_change=8.224e-04, effective_ranks=(127, 16), class_paired=True
Epoch [99/100] | Loss: 7.2957 (Cls: 7.2566, TAL: 0.2288, Adv: 0.1451, OT-Reg: 0.001612) | OT inner objective: 0.0299 | Marginal residual row/col/max: 1.64e-07/2.05e-08/1.64e-07 | Train Acc: 0.1953 | Val Acc: 0.1111 | Val P/R/F1 (Macro): 0.1975/0.2630/0.1395 | LR: 0.000001
Epoch [100/100] | SVD update #100: pairs=128, sweeps=4, converged=True, rel_change=8.533e-04, effective_ranks=(127, 17), class_paired=True
Epoch [100/100] | Loss: 7.1827 (Cls: 7.1197, TAL: 0.4566, Adv: 0.1026, OT-Reg: 0.001369) | OT inner objective: 0.0387 | Marginal residual row/col/max: 2.42e-08/1.49e-08/2.89e-08 | Train Acc: 0.2500 | Val Acc: 0.2222 | Val P/R/F1 (Macro): 0.1981/0.3565/0.2137 | LR: 0.000001
Report strategy: best, window=10, reported_acc=0.5000, best_acc=0.5000, selected_epoch=76

迭代 3 报告指标:
  Accuracy: 0.5000
  Precision (Macro): 0.4722
  Recall (Macro): 0.5954
  F1 (Macro): 0.4991
  Precision (Micro): 0.5000
  Recall (Micro): 0.5000
  F1 (Micro): 0.5000
  Val class coverage: 9/14 (0.6429), samples=36

================================================================================
迭代 4/5
随机种子: 45
================================================================================
Training mode: full target-label supervision (class-paired batches).
Feature fusion: Tensor alignment (512+512 -> 16+16); fused_dim=32
Domain adaptation: Neural OT generator with 3-domain discriminator
Loss weights: tensor=0.12, adv=0.08
Transport: mode=sinkhorn, epsilon=0.1, Sinkhorn iterations=50, correction scale=0.1, correction regularization weight=0.001
Tensor projection update: once per epoch from the complete target-training pairing bank; projection_dim=16, max_sweeps=10, relative singular-value tolerance=0.001
Epoch [1/100] | SVD update #1: pairs=128, sweeps=4, converged=True, rel_change=3.333e-04, effective_ranks=(127, 112), class_paired=True
Epoch [1/100] | Loss: 8.5242 (Cls: 8.4994, TAL: 0.0646, Adv: 0.2134, OT-Reg: 0.000703) | OT inner objective: 0.2265 | Marginal residual row/col/max: 9.78e-09/1.07e-08/1.16e-08 | Train Acc: 0.0703 | Val Acc: 0.0278 | Val P/R/F1 (Macro): 0.0069/0.0278/0.0111 | LR: 0.000005
  >>> New Best Val Acc: 0.0278
Epoch [2/100] | SVD update #2: pairs=128, sweeps=4, converged=True, rel_change=1.848e-04, effective_ranks=(127, 105), class_paired=True
Epoch [2/100] | Loss: 8.7179 (Cls: 8.7166, TAL: -0.1703, Adv: 0.2726, OT-Reg: 0.000843) | OT inner objective: 0.2540 | Marginal residual row/col/max: 1.12e-08/2.65e-08/2.65e-08 | Train Acc: 0.1250 | Val Acc: 0.1667 | Val P/R/F1 (Macro): 0.0817/0.1435/0.0881 | LR: 0.000005
  >>> New Best Val Acc: 0.1667
Epoch [3/100] | SVD update #3: pairs=128, sweeps=4, converged=True, rel_change=1.309e-04, effective_ranks=(127, 68), class_paired=True
Epoch [3/100] | Loss: 8.2386 (Cls: 8.2479, TAL: -0.2213, Adv: 0.2155, OT-Reg: 0.000804) | OT inner objective: 0.1577 | Marginal residual row/col/max: 1.21e-08/1.44e-08/1.68e-08 | Train Acc: 0.0781 | Val Acc: 0.2778 | Val P/R/F1 (Macro): 0.1327/0.2278/0.1477 | LR: 0.000005
  >>> New Best Val Acc: 0.2778
Epoch [4/100] | SVD update #4: pairs=128, sweeps=3, converged=True, rel_change=2.517e-04, effective_ranks=(127, 44), class_paired=True
Epoch [4/100] | Loss: 7.6649 (Cls: 7.6826, TAL: -0.3080, Adv: 0.2412, OT-Reg: 0.000842) | OT inner objective: 0.1176 | Marginal residual row/col/max: 1.26e-08/1.40e-08/1.49e-08 | Train Acc: 0.1875 | Val Acc: 0.3056 | Val P/R/F1 (Macro): 0.2117/0.2157/0.2044 | LR: 0.000005
  >>> New Best Val Acc: 0.3056
Epoch [5/100] | SVD update #5: pairs=128, sweeps=4, converged=True, rel_change=4.722e-04, effective_ranks=(127, 46), class_paired=True
Epoch [5/100] | Loss: 7.3927 (Cls: 7.4240, TAL: -0.4008, Adv: 0.2101, OT-Reg: 0.000875) | OT inner objective: 0.0806 | Marginal residual row/col/max: 2.72e-06/1.21e-08/2.72e-06 | Train Acc: 0.2109 | Val Acc: 0.3333 | Val P/R/F1 (Macro): 0.2963/0.3120/0.2392 | LR: 0.000005
  >>> New Best Val Acc: 0.3333
Epoch [6/100] | SVD update #6: pairs=128, sweeps=10, converged=True, rel_change=9.713e-04, effective_ranks=(127, 31), class_paired=True
Epoch [6/100] | Loss: 7.2625 (Cls: 7.2723, TAL: -0.2213, Adv: 0.2103, OT-Reg: 0.000846) | OT inner objective: 0.0206 | Marginal residual row/col/max: 1.32e-07/1.91e-08/1.32e-07 | Train Acc: 0.2031 | Val Acc: 0.2500 | Val P/R/F1 (Macro): 0.1796/0.2722/0.1379 | LR: 0.000005
Epoch [7/100] | SVD update #7: pairs=128, sweeps=7, converged=True, rel_change=9.979e-04, effective_ranks=(127, 31), class_paired=True
Epoch [7/100] | Loss: 7.0807 (Cls: 7.0986, TAL: -0.2855, Adv: 0.2038, OT-Reg: 0.000814) | OT inner objective: 0.0586 | Marginal residual row/col/max: 3.19e-05/1.40e-08/3.19e-05 | Train Acc: 0.2266 | Val Acc: 0.2778 | Val P/R/F1 (Macro): 0.2056/0.3241/0.2221 | LR: 0.000005
Epoch [8/100] | SVD update #8: pairs=128, sweeps=4, converged=True, rel_change=7.858e-04, effective_ranks=(127, 31), class_paired=True
Epoch [8/100] | Loss: 7.1915 (Cls: 7.2193, TAL: -0.3778, Adv: 0.2198, OT-Reg: 0.000850) | OT inner objective: 0.0130 | Marginal residual row/col/max: 2.46e-05/1.16e-08/2.46e-05 | Train Acc: 0.1953 | Val Acc: 0.2222 | Val P/R/F1 (Macro): 0.1139/0.2519/0.1309 | LR: 0.000005
Epoch [9/100] | SVD update #9: pairs=128, sweeps=10, converged=False, rel_change=1.043e-03, effective_ranks=(127, 20), class_paired=True
Epoch [9/100] | Loss: 7.5575 (Cls: 7.5610, TAL: -0.1732, Adv: 0.2162, OT-Reg: 0.000902) | OT inner objective: -0.0064 | Marginal residual row/col/max: 9.76e-07/1.07e-08/9.76e-07 | Train Acc: 0.1484 | Val Acc: 0.1389 | Val P/R/F1 (Macro): 0.0519/0.1852/0.0794 | LR: 0.000005
Epoch [10/100] | SVD update #10: pairs=128, sweeps=5, converged=True, rel_change=7.782e-04, effective_ranks=(127, 22), class_paired=True
Epoch [10/100] | Loss: 6.9330 (Cls: 6.9481, TAL: -0.2603, Adv: 0.2014, OT-Reg: 0.000894) | OT inner objective: 0.0267 | Marginal residual row/col/max: 1.11e-05/1.49e-08/1.11e-05 | Train Acc: 0.2656 | Val Acc: 0.1111 | Val P/R/F1 (Macro): 0.1489/0.1889/0.0956 | LR: 0.000005
Epoch [11/100] | SVD update #11: pairs=128, sweeps=7, converged=True, rel_change=4.985e-04, effective_ranks=(127, 25), class_paired=True
Epoch [11/100] | Loss: 6.7751 (Cls: 6.7929, TAL: -0.2792, Adv: 0.1958, OT-Reg: 0.000839) | OT inner objective: -0.0278 | Marginal residual row/col/max: 1.93e-05/1.54e-08/1.93e-05 | Train Acc: 0.2578 | Val Acc: 0.2222 | Val P/R/F1 (Macro): 0.2308/0.3963/0.2612 | LR: 0.000005
Epoch [12/100] | SVD update #12: pairs=128, sweeps=6, converged=True, rel_change=6.565e-04, effective_ranks=(126, 24), class_paired=True
Epoch [12/100] | Loss: 7.1527 (Cls: 7.1695, TAL: -0.2705, Adv: 0.1952, OT-Reg: 0.000849) | OT inner objective: 0.0371 | Marginal residual row/col/max: 6.80e-08/2.33e-08/7.08e-08 | Train Acc: 0.2109 | Val Acc: 0.3889 | Val P/R/F1 (Macro): 0.3136/0.4407/0.2922 | LR: 0.000005
  >>> New Best Val Acc: 0.3889
Epoch [13/100] | SVD update #13: pairs=128, sweeps=6, converged=True, rel_change=4.573e-04, effective_ranks=(127, 27), class_paired=True
Epoch [13/100] | Loss: 8.2359 (Cls: 8.2759, TAL: -0.4619, Adv: 0.1924, OT-Reg: 0.000925) | OT inner objective: 0.0526 | Marginal residual row/col/max: 1.17e-06/1.44e-08/1.17e-06 | Train Acc: 0.1016 | Val Acc: 0.1389 | Val P/R/F1 (Macro): 0.1314/0.2315/0.1305 | LR: 0.000005
Epoch [14/100] | SVD update #14: pairs=128, sweeps=4, converged=True, rel_change=9.301e-05, effective_ranks=(127, 21), class_paired=True
Epoch [14/100] | Loss: 6.8289 (Cls: 6.8556, TAL: -0.3492, Adv: 0.1905, OT-Reg: 0.000839) | OT inner objective: 0.0545 | Marginal residual row/col/max: 2.97e-06/1.91e-08/2.97e-06 | Train Acc: 0.1953 | Val Acc: 0.2222 | Val P/R/F1 (Macro): 0.2630/0.2296/0.1672 | LR: 0.000005
Epoch [15/100] | SVD update #15: pairs=128, sweeps=6, converged=True, rel_change=9.654e-04, effective_ranks=(127, 21), class_paired=True
Epoch [15/100] | Loss: 6.5580 (Cls: 6.5715, TAL: -0.2453, Adv: 0.2000, OT-Reg: 0.000943) | OT inner objective: 0.0689 | Marginal residual row/col/max: 1.93e-07/1.68e-08/1.94e-07 | Train Acc: 0.2188 | Val Acc: 0.1944 | Val P/R/F1 (Macro): 0.1398/0.2685/0.1577 | LR: 0.000005
Epoch [16/100] | SVD update #16: pairs=128, sweeps=5, converged=True, rel_change=5.840e-04, effective_ranks=(127, 23), class_paired=True
Epoch [16/100] | Loss: 6.2001 (Cls: 6.2096, TAL: -0.1964, Adv: 0.1752, OT-Reg: 0.000770) | OT inner objective: 0.2030 | Marginal residual row/col/max: 8.85e-09/1.30e-08/1.30e-08 | Train Acc: 0.3516 | Val Acc: 0.2500 | Val P/R/F1 (Macro): 0.3233/0.3037/0.2310 | LR: 0.000005
Epoch [17/100] | SVD update #17: pairs=128, sweeps=4, converged=True, rel_change=1.438e-04, effective_ranks=(127, 17), class_paired=True
Epoch [17/100] | Loss: 7.2050 (Cls: 7.2323, TAL: -0.3467, Adv: 0.1788, OT-Reg: 0.000916) | OT inner objective: 0.1004 | Marginal residual row/col/max: 5.27e-06/2.51e-08/5.27e-06 | Train Acc: 0.2109 | Val Acc: 0.0556 | Val P/R/F1 (Macro): 0.1156/0.1296/0.0403 | LR: 0.000005
Epoch [18/100] | SVD update #18: pairs=128, sweeps=3, converged=True, rel_change=9.254e-04, effective_ranks=(127, 11), class_paired=True
Epoch [18/100] | Loss: 6.8279 (Cls: 6.8467, TAL: -0.2974, Adv: 0.2112, OT-Reg: 0.000803) | OT inner objective: 0.0545 | Marginal residual row/col/max: 1.43e-06/1.44e-08/1.43e-06 | Train Acc: 0.2969 | Val Acc: 0.0833 | Val P/R/F1 (Macro): 0.0780/0.1481/0.0570 | LR: 0.000005
Epoch [19/100] | SVD update #19: pairs=128, sweeps=4, converged=True, rel_change=6.070e-05, effective_ranks=(127, 8), class_paired=True
Epoch [19/100] | Loss: 6.2819 (Cls: 6.2941, TAL: -0.2382, Adv: 0.2048, OT-Reg: 0.000813) | OT inner objective: 0.2210 | Marginal residual row/col/max: 2.19e-08/1.30e-08/2.42e-08 | Train Acc: 0.3047 | Val Acc: 0.0278 | Val P/R/F1 (Macro): 0.0051/0.1111/0.0097 | LR: 0.000005
Epoch [20/100] | SVD update #20: pairs=128, sweeps=4, converged=True, rel_change=4.734e-04, effective_ranks=(127, 14), class_paired=True
Epoch [20/100] | Loss: 6.0348 (Cls: 6.0664, TAL: -0.3724, Adv: 0.1642, OT-Reg: 0.000931) | OT inner objective: -0.1329 | Marginal residual row/col/max: 3.92e-06/1.12e-08/3.92e-06 | Train Acc: 0.2891 | Val Acc: 0.1111 | Val P/R/F1 (Macro): 0.0357/0.1944/0.0577 | LR: 0.000005
Epoch [21/100] | SVD update #21: pairs=128, sweeps=7, converged=True, rel_change=3.178e-04, effective_ranks=(127, 12), class_paired=True
Epoch [21/100] | Loss: 5.4571 (Cls: 5.4865, TAL: -0.3573, Adv: 0.1690, OT-Reg: 0.000815) | OT inner objective: 0.0539 | Marginal residual row/col/max: 1.61e-07/1.02e-08/1.61e-07 | Train Acc: 0.3281 | Val Acc: 0.2222 | Val P/R/F1 (Macro): 0.2107/0.3185/0.2108 | LR: 0.000005
Epoch [22/100] | SVD update #22: pairs=128, sweeps=3, converged=True, rel_change=8.293e-04, effective_ranks=(127, 12), class_paired=True
Epoch [22/100] | Loss: 5.8221 (Cls: 5.8532, TAL: -0.3430, Adv: 0.1258, OT-Reg: 0.000939) | OT inner objective: -0.1446 | Marginal residual row/col/max: 1.30e-04/1.21e-08/1.30e-04 | Train Acc: 0.4688 | Val Acc: 0.2500 | Val P/R/F1 (Macro): 0.3074/0.3315/0.2685 | LR: 0.000005
Epoch [23/100] | SVD update #23: pairs=128, sweeps=3, converged=True, rel_change=5.548e-04, effective_ranks=(126, 12), class_paired=True
Epoch [23/100] | Loss: 5.7769 (Cls: 5.7956, TAL: -0.2620, Adv: 0.1591, OT-Reg: 0.000870) | OT inner objective: -0.1564 | Marginal residual row/col/max: 2.91e-04/1.44e-08/2.91e-04 | Train Acc: 0.3516 | Val Acc: 0.1944 | Val P/R/F1 (Macro): 0.1258/0.3519/0.1342 | LR: 0.000003
Epoch [24/100] | SVD update #24: pairs=128, sweeps=6, converged=True, rel_change=4.400e-04, effective_ranks=(127, 15), class_paired=True
Epoch [24/100] | Loss: 5.9567 (Cls: 5.9891, TAL: -0.3631, Adv: 0.1405, OT-Reg: 0.000853) | OT inner objective: -0.1209 | Marginal residual row/col/max: 5.75e-06/1.21e-08/5.75e-06 | Train Acc: 0.3672 | Val Acc: 0.1667 | Val P/R/F1 (Macro): 0.1148/0.2259/0.1159 | LR: 0.000003
Epoch [25/100] | SVD update #25: pairs=128, sweeps=5, converged=True, rel_change=2.621e-04, effective_ranks=(127, 16), class_paired=True
Epoch [25/100] | Loss: 6.3137 (Cls: 6.3220, TAL: -0.1725, Adv: 0.1539, OT-Reg: 0.000816) | OT inner objective: 0.0627 | Marginal residual row/col/max: 1.36e-07/9.78e-09/1.36e-07 | Train Acc: 0.3438 | Val Acc: 0.1667 | Val P/R/F1 (Macro): 0.0863/0.3241/0.1282 | LR: 0.000003
Epoch [26/100] | SVD update #26: pairs=128, sweeps=3, converged=True, rel_change=7.952e-04, effective_ranks=(126, 13), class_paired=True
Epoch [26/100] | Loss: 5.7810 (Cls: 5.7979, TAL: -0.2768, Adv: 0.2033, OT-Reg: 0.000799) | OT inner objective: 0.0226 | Marginal residual row/col/max: 6.10e-07/1.16e-08/6.10e-07 | Train Acc: 0.3516 | Val Acc: 0.1111 | Val P/R/F1 (Macro): 0.1065/0.1852/0.0895 | LR: 0.000003
Epoch [27/100] | SVD update #27: pairs=128, sweeps=3, converged=True, rel_change=1.652e-04, effective_ranks=(127, 12), class_paired=True
Epoch [27/100] | Loss: 5.5676 (Cls: 5.6086, TAL: -0.4450, Adv: 0.1544, OT-Reg: 0.000963) | OT inner objective: -0.1659 | Marginal residual row/col/max: 3.70e-05/1.21e-08/3.70e-05 | Train Acc: 0.3594 | Val Acc: 0.1111 | Val P/R/F1 (Macro): 0.0466/0.1852/0.0608 | LR: 0.000003
Epoch [28/100] | SVD update #28: pairs=128, sweeps=3, converged=True, rel_change=3.519e-05, effective_ranks=(127, 11), class_paired=True
Epoch [28/100] | Loss: 5.5830 (Cls: 5.6145, TAL: -0.3513, Adv: 0.1341, OT-Reg: 0.000813) | OT inner objective: -0.0695 | Marginal residual row/col/max: 1.37e-05/9.31e-09/1.37e-05 | Train Acc: 0.3359 | Val Acc: 0.0833 | Val P/R/F1 (Macro): 0.0315/0.1667/0.0488 | LR: 0.000003
Epoch [29/100] | SVD update #29: pairs=128, sweeps=3, converged=True, rel_change=4.841e-04, effective_ranks=(127, 11), class_paired=True
Epoch [29/100] | Loss: 5.7162 (Cls: 5.7504, TAL: -0.3700, Adv: 0.1276, OT-Reg: 0.000941) | OT inner objective: -0.1596 | Marginal residual row/col/max: 8.49e-06/1.12e-08/8.49e-06 | Train Acc: 0.4297 | Val Acc: 0.1111 | Val P/R/F1 (Macro): 0.0767/0.1852/0.0799 | LR: 0.000003
Epoch [30/100] | SVD update #30: pairs=128, sweeps=3, converged=True, rel_change=1.001e-04, effective_ranks=(127, 13), class_paired=True
Epoch [30/100] | Loss: 5.8590 (Cls: 5.8982, TAL: -0.4191, Adv: 0.1386, OT-Reg: 0.000778) | OT inner objective: -0.0436 | Marginal residual row/col/max: 5.43e-05/1.35e-08/5.43e-05 | Train Acc: 0.3906 | Val Acc: 0.2222 | Val P/R/F1 (Macro): 0.1561/0.2454/0.1550 | LR: 0.000003
Epoch [31/100] | SVD update #31: pairs=128, sweeps=4, converged=True, rel_change=1.709e-04, effective_ranks=(127, 13), class_paired=True
Epoch [31/100] | Loss: 5.4105 (Cls: 5.4186, TAL: -0.1688, Adv: 0.1513, OT-Reg: 0.000844) | OT inner objective: 0.0736 | Marginal residual row/col/max: 4.84e-07/1.12e-08/4.84e-07 | Train Acc: 0.3672 | Val Acc: 0.2500 | Val P/R/F1 (Macro): 0.2066/0.2769/0.2028 | LR: 0.000003
Epoch [32/100] | SVD update #32: pairs=128, sweeps=3, converged=True, rel_change=2.580e-04, effective_ranks=(127, 13), class_paired=True
Epoch [32/100] | Loss: 5.4476 (Cls: 5.4873, TAL: -0.4247, Adv: 0.1408, OT-Reg: 0.000841) | OT inner objective: -0.0170 | Marginal residual row/col/max: 9.92e-06/9.31e-09/9.92e-06 | Train Acc: 0.4297 | Val Acc: 0.3056 | Val P/R/F1 (Macro): 0.2963/0.3741/0.2903 | LR: 0.000003
Epoch [33/100] | SVD update #33: pairs=128, sweeps=5, converged=True, rel_change=6.702e-04, effective_ranks=(127, 12), class_paired=True
Epoch [33/100] | Loss: 5.4230 (Cls: 5.4374, TAL: -0.2066, Adv: 0.1301, OT-Reg: 0.000791) | OT inner objective: 0.0335 | Marginal residual row/col/max: 1.94e-05/1.30e-08/1.94e-05 | Train Acc: 0.4375 | Val Acc: 0.3056 | Val P/R/F1 (Macro): 0.3447/0.3593/0.2926 | LR: 0.000003
Epoch [34/100] | SVD update #34: pairs=128, sweeps=3, converged=True, rel_change=7.229e-04, effective_ranks=(127, 14), class_paired=True
Epoch [34/100] | Loss: 5.0638 (Cls: 5.1060, TAL: -0.4397, Adv: 0.1322, OT-Reg: 0.000878) | OT inner objective: -0.1461 | Marginal residual row/col/max: 3.79e-05/1.12e-08/3.79e-05 | Train Acc: 0.5000 | Val Acc: 0.2500 | Val P/R/F1 (Macro): 0.2088/0.3370/0.2193 | LR: 0.000001
Epoch [35/100] | SVD update #35: pairs=128, sweeps=4, converged=True, rel_change=5.153e-04, effective_ranks=(127, 12), class_paired=True
Epoch [35/100] | Loss: 5.6369 (Cls: 5.6614, TAL: -0.2996, Adv: 0.1428, OT-Reg: 0.000930) | OT inner objective: -0.0510 | Marginal residual row/col/max: 1.25e-05/1.35e-08/1.25e-05 | Train Acc: 0.3438 | Val Acc: 0.3056 | Val P/R/F1 (Macro): 0.3481/0.3787/0.2812 | LR: 0.000001
Epoch [36/100] | SVD update #36: pairs=128, sweeps=3, converged=True, rel_change=1.161e-04, effective_ranks=(127, 13), class_paired=True
Epoch [36/100] | Loss: 5.5990 (Cls: 5.6235, TAL: -0.2965, Adv: 0.1379, OT-Reg: 0.000939) | OT inner objective: -0.1760 | Marginal residual row/col/max: 8.15e-05/9.31e-09/8.15e-05 | Train Acc: 0.3828 | Val Acc: 0.3889 | Val P/R/F1 (Macro): 0.4280/0.5083/0.3955 | LR: 0.000001
Epoch [37/100] | SVD update #37: pairs=128, sweeps=3, converged=True, rel_change=3.326e-04, effective_ranks=(127, 13), class_paired=True
Epoch [37/100] | Loss: 5.2337 (Cls: 5.2590, TAL: -0.3137, Adv: 0.1541, OT-Reg: 0.000889) | OT inner objective: -0.0069 | Marginal residual row/col/max: 9.29e-06/1.30e-08/9.29e-06 | Train Acc: 0.3750 | Val Acc: 0.3889 | Val P/R/F1 (Macro): 0.4048/0.5222/0.4011 | LR: 0.000001
Epoch [38/100] | SVD update #38: pairs=128, sweeps=4, converged=True, rel_change=3.472e-04, effective_ranks=(127, 15), class_paired=True
Epoch [38/100] | Loss: 5.5002 (Cls: 5.5328, TAL: -0.3529, Adv: 0.1225, OT-Reg: 0.000924) | OT inner objective: -0.1432 | Marginal residual row/col/max: 5.21e-06/1.63e-08/5.21e-06 | Train Acc: 0.4453 | Val Acc: 0.3333 | Val P/R/F1 (Macro): 0.3447/0.3833/0.3466 | LR: 0.000001
Epoch [39/100] | SVD update #39: pairs=128, sweeps=3, converged=True, rel_change=7.218e-04, effective_ranks=(127, 14), class_paired=True
Epoch [39/100] | Loss: 6.1053 (Cls: 6.1392, TAL: -0.3560, Adv: 0.1104, OT-Reg: 0.000860) | OT inner objective: -0.1556 | Marginal residual row/col/max: 9.43e-05/1.30e-08/9.43e-05 | Train Acc: 0.3281 | Val Acc: 0.3056 | Val P/R/F1 (Macro): 0.4306/0.3694/0.2879 | LR: 0.000001
Epoch [40/100] | SVD update #40: pairs=128, sweeps=4, converged=True, rel_change=2.854e-04, effective_ranks=(127, 12), class_paired=True
Epoch [40/100] | Loss: 6.7406 (Cls: 6.7773, TAL: -0.3999, Adv: 0.1404, OT-Reg: 0.000876) | OT inner objective: -0.1307 | Marginal residual row/col/max: 9.38e-05/1.16e-08/9.38e-05 | Train Acc: 0.3125 | Val Acc: 0.2500 | Val P/R/F1 (Macro): 0.3955/0.3972/0.2675 | LR: 0.000001
Epoch [41/100] | SVD update #41: pairs=128, sweeps=4, converged=True, rel_change=3.547e-04, effective_ranks=(127, 12), class_paired=True
Epoch [41/100] | Loss: 6.5968 (Cls: 6.6278, TAL: -0.3377, Adv: 0.1179, OT-Reg: 0.000895) | OT inner objective: -0.1932 | Marginal residual row/col/max: 1.91e-04/1.96e-08/1.91e-04 | Train Acc: 0.3281 | Val Acc: 0.2222 | Val P/R/F1 (Macro): 0.3016/0.3778/0.2340 | LR: 0.000001
Epoch [42/100] | SVD update #42: pairs=128, sweeps=4, converged=True, rel_change=9.254e-05, effective_ranks=(126, 8), class_paired=True
Epoch [42/100] | Loss: 6.3881 (Cls: 6.4245, TAL: -0.3637, Adv: 0.0910, OT-Reg: 0.000866) | OT inner objective: -0.2437 | Marginal residual row/col/max: 1.71e-04/1.35e-08/1.71e-04 | Train Acc: 0.3125 | Val Acc: 0.2500 | Val P/R/F1 (Macro): 0.3084/0.4000/0.2573 | LR: 0.000001
Epoch [43/100] | SVD update #43: pairs=128, sweeps=3, converged=True, rel_change=1.318e-04, effective_ranks=(127, 9), class_paired=True
Epoch [43/100] | Loss: 6.1849 (Cls: 6.2040, TAL: -0.2365, Adv: 0.1167, OT-Reg: 0.000869) | OT inner objective: -0.1808 | Marginal residual row/col/max: 2.79e-04/1.07e-08/2.79e-04 | Train Acc: 0.3359 | Val Acc: 0.1389 | Val P/R/F1 (Macro): 0.1542/0.2917/0.1293 | LR: 0.000001
Epoch [44/100] | SVD update #44: pairs=128, sweeps=4, converged=True, rel_change=8.741e-05, effective_ranks=(127, 12), class_paired=True
Epoch [44/100] | Loss: 5.5780 (Cls: 5.6200, TAL: -0.4187, Adv: 0.1028, OT-Reg: 0.000854) | OT inner objective: -0.2074 | Marginal residual row/col/max: 1.60e-04/1.26e-08/1.60e-04 | Train Acc: 0.4375 | Val Acc: 0.2778 | Val P/R/F1 (Macro): 0.2855/0.4065/0.2129 | LR: 0.000001
Epoch [45/100] | SVD update #45: pairs=128, sweeps=3, converged=True, rel_change=3.823e-04, effective_ranks=(127, 11), class_paired=True
Epoch [45/100] | Loss: 5.1482 (Cls: 5.1916, TAL: -0.4355, Adv: 0.1109, OT-Reg: 0.000881) | OT inner objective: -0.2138 | Marginal residual row/col/max: 8.47e-05/1.02e-08/8.47e-05 | Train Acc: 0.4766 | Val Acc: 0.3889 | Val P/R/F1 (Macro): 0.3725/0.4713/0.3201 | LR: 0.000001
Epoch [46/100] | SVD update #46: pairs=128, sweeps=3, converged=True, rel_change=5.218e-04, effective_ranks=(126, 11), class_paired=True
Epoch [46/100] | Loss: 5.4399 (Cls: 5.4789, TAL: -0.4031, Adv: 0.1179, OT-Reg: 0.000811) | OT inner objective: -0.1305 | Marginal residual row/col/max: 1.54e-04/1.21e-08/1.54e-04 | Train Acc: 0.4219 | Val Acc: 0.3611 | Val P/R/F1 (Macro): 0.3116/0.4944/0.3423 | LR: 0.000001
Epoch [47/100] | SVD update #47: pairs=128, sweeps=4, converged=True, rel_change=1.514e-04, effective_ranks=(127, 12), class_paired=True
Epoch [47/100] | Loss: 5.6438 (Cls: 5.6598, TAL: -0.2187, Adv: 0.1278, OT-Reg: 0.000867) | OT inner objective: -0.0860 | Marginal residual row/col/max: 1.49e-05/1.21e-08/1.49e-05 | Train Acc: 0.4688 | Val Acc: 0.3611 | Val P/R/F1 (Macro): 0.2855/0.4296/0.3268 | LR: 0.000001
Epoch [48/100] | SVD update #48: pairs=128, sweeps=4, converged=True, rel_change=3.274e-04, effective_ranks=(127, 15), class_paired=True
Epoch [48/100] | Loss: 5.5159 (Cls: 5.5423, TAL: -0.3006, Adv: 0.1209, OT-Reg: 0.000930) | OT inner objective: -0.1416 | Marginal residual row/col/max: 8.54e-06/1.30e-08/8.54e-06 | Train Acc: 0.3828 | Val Acc: 0.4167 | Val P/R/F1 (Macro): 0.4253/0.4704/0.3944 | LR: 0.000001
  >>> New Best Val Acc: 0.4167
Epoch [49/100] | SVD update #49: pairs=128, sweeps=5, converged=True, rel_change=9.706e-04, effective_ranks=(127, 14), class_paired=True
Epoch [49/100] | Loss: 5.2618 (Cls: 5.2835, TAL: -0.2611, Adv: 0.1201, OT-Reg: 0.000865) | OT inner objective: -0.0705 | Marginal residual row/col/max: 3.43e-05/1.58e-08/3.43e-05 | Train Acc: 0.4062 | Val Acc: 0.4444 | Val P/R/F1 (Macro): 0.5487/0.5685/0.4977 | LR: 0.000001
  >>> New Best Val Acc: 0.4444
Epoch [50/100] | SVD update #50: pairs=128, sweeps=4, converged=True, rel_change=3.555e-04, effective_ranks=(126, 16), class_paired=True
Epoch [50/100] | Loss: 5.2150 (Cls: 5.2556, TAL: -0.4207, Adv: 0.1235, OT-Reg: 0.000833) | OT inner objective: -0.0740 | Marginal residual row/col/max: 7.76e-05/1.16e-08/7.76e-05 | Train Acc: 0.4141 | Val Acc: 0.3056 | Val P/R/F1 (Macro): 0.2315/0.3833/0.2778 | LR: 0.000001
Epoch [51/100] | SVD update #51: pairs=128, sweeps=5, converged=True, rel_change=8.758e-04, effective_ranks=(127, 17), class_paired=True
Epoch [51/100] | Loss: 5.5261 (Cls: 5.5413, TAL: -0.1989, Adv: 0.1074, OT-Reg: 0.000808) | OT inner objective: 0.0033 | Marginal residual row/col/max: 1.44e-04/1.12e-08/1.44e-04 | Train Acc: 0.3750 | Val Acc: 0.3333 | Val P/R/F1 (Macro): 0.3741/0.4111/0.3839 | LR: 0.000001
Epoch [52/100] | SVD update #52: pairs=128, sweeps=4, converged=True, rel_change=8.013e-04, effective_ranks=(127, 15), class_paired=True
Epoch [52/100] | Loss: 5.2771 (Cls: 5.3175, TAL: -0.4000, Adv: 0.0955, OT-Reg: 0.000794) | OT inner objective: -0.0417 | Marginal residual row/col/max: 1.42e-04/1.12e-08/1.42e-04 | Train Acc: 0.3984 | Val Acc: 0.2778 | Val P/R/F1 (Macro): 0.2021/0.3556/0.2554 | LR: 0.000001
Epoch [53/100] | SVD update #53: pairs=128, sweeps=4, converged=True, rel_change=6.100e-04, effective_ranks=(127, 15), class_paired=True
Epoch [53/100] | Loss: 4.9902 (Cls: 5.0319, TAL: -0.4278, Adv: 0.1205, OT-Reg: 0.000902) | OT inner objective: -0.1766 | Marginal residual row/col/max: 1.02e-04/8.38e-09/1.02e-04 | Train Acc: 0.4688 | Val Acc: 0.3889 | Val P/R/F1 (Macro): 0.3922/0.5407/0.4327 | LR: 0.000001
Epoch [54/100] | SVD update #54: pairs=128, sweeps=4, converged=True, rel_change=5.778e-04, effective_ranks=(127, 15), class_paired=True
Epoch [54/100] | Loss: 5.6334 (Cls: 5.6713, TAL: -0.3804, Adv: 0.0976, OT-Reg: 0.000781) | OT inner objective: 0.0203 | Marginal residual row/col/max: 1.40e-06/1.02e-08/1.40e-06 | Train Acc: 0.4609 | Val Acc: 0.3889 | Val P/R/F1 (Macro): 0.3935/0.5407/0.4287 | LR: 0.000001
Epoch [55/100] | SVD update #55: pairs=128, sweeps=4, converged=True, rel_change=5.331e-04, effective_ranks=(127, 13), class_paired=True
Epoch [55/100] | Loss: 5.2896 (Cls: 5.3069, TAL: -0.2302, Adv: 0.1282, OT-Reg: 0.000773) | OT inner objective: 0.1586 | Marginal residual row/col/max: 1.40e-08/1.26e-08/1.49e-08 | Train Acc: 0.4141 | Val Acc: 0.3056 | Val P/R/F1 (Macro): 0.3262/0.4796/0.3399 | LR: 0.000001
Epoch [56/100] | SVD update #56: pairs=128, sweeps=4, converged=True, rel_change=2.913e-04, effective_ranks=(127, 14), class_paired=True
Epoch [56/100] | Loss: 5.4636 (Cls: 5.5092, TAL: -0.4422, Adv: 0.0932, OT-Reg: 0.000810) | OT inner objective: -0.1774 | Marginal residual row/col/max: 2.09e-04/9.31e-09/2.09e-04 | Train Acc: 0.3672 | Val Acc: 0.3611 | Val P/R/F1 (Macro): 0.4426/0.5120/0.4095 | LR: 0.000001
Epoch [57/100] | SVD update #57: pairs=128, sweeps=4, converged=True, rel_change=8.181e-04, effective_ranks=(127, 15), class_paired=True
Epoch [57/100] | Loss: 5.3925 (Cls: 5.4362, TAL: -0.4451, Adv: 0.1217, OT-Reg: 0.000832) | OT inner objective: -0.0702 | Marginal residual row/col/max: 2.84e-05/9.31e-09/2.84e-05 | Train Acc: 0.3281 | Val Acc: 0.2778 | Val P/R/F1 (Macro): 0.3000/0.3500/0.2790 | LR: 0.000001
Epoch [58/100] | SVD update #58: pairs=128, sweeps=4, converged=True, rel_change=1.812e-04, effective_ranks=(127, 14), class_paired=True
Epoch [58/100] | Loss: 5.0790 (Cls: 5.1141, TAL: -0.3567, Adv: 0.0961, OT-Reg: 0.000906) | OT inner objective: -0.0825 | Marginal residual row/col/max: 1.85e-06/1.12e-08/1.85e-06 | Train Acc: 0.4609 | Val Acc: 0.3611 | Val P/R/F1 (Macro): 0.3500/0.4852/0.3735 | LR: 0.000001
Epoch [59/100] | SVD update #59: pairs=128, sweeps=6, converged=True, rel_change=7.062e-04, effective_ranks=(127, 14), class_paired=True
Epoch [59/100] | Loss: 5.0938 (Cls: 5.1236, TAL: -0.3221, Adv: 0.1106, OT-Reg: 0.000915) | OT inner objective: -0.1264 | Marginal residual row/col/max: 4.41e-05/1.30e-08/4.41e-05 | Train Acc: 0.4531 | Val Acc: 0.3611 | Val P/R/F1 (Macro): 0.3778/0.4704/0.3409 | LR: 0.000001
Epoch [60/100] | SVD update #60: pairs=128, sweeps=5, converged=True, rel_change=3.937e-04, effective_ranks=(127, 13), class_paired=True
Epoch [60/100] | Loss: 5.3449 (Cls: 5.3860, TAL: -0.4119, Adv: 0.1045, OT-Reg: 0.000853) | OT inner objective: -0.0556 | Marginal residual row/col/max: 2.36e-06/1.12e-08/2.36e-06 | Train Acc: 0.4453 | Val Acc: 0.2222 | Val P/R/F1 (Macro): 0.2111/0.3778/0.2176 | LR: 0.000001
Epoch [61/100] | SVD update #61: pairs=128, sweeps=4, converged=True, rel_change=6.048e-04, effective_ranks=(127, 13), class_paired=True
Epoch [61/100] | Loss: 5.5999 (Cls: 5.6357, TAL: -0.3903, Adv: 0.1388, OT-Reg: 0.000931) | OT inner objective: -0.1466 | Marginal residual row/col/max: 2.78e-05/1.30e-08/2.78e-05 | Train Acc: 0.3516 | Val Acc: 0.2778 | Val P/R/F1 (Macro): 0.2966/0.2491/0.2148 | LR: 0.000001
Epoch [62/100] | SVD update #62: pairs=128, sweeps=3, converged=True, rel_change=6.107e-04, effective_ranks=(127, 15), class_paired=True
Epoch [62/100] | Loss: 5.8156 (Cls: 5.8696, TAL: -0.5288, Adv: 0.1186, OT-Reg: 0.000897) | OT inner objective: -0.1263 | Marginal residual row/col/max: 3.62e-05/1.07e-08/3.62e-05 | Train Acc: 0.2734 | Val Acc: 0.3056 | Val P/R/F1 (Macro): 0.1552/0.2815/0.1900 | LR: 0.000001
Epoch [63/100] | SVD update #63: pairs=128, sweeps=3, converged=True, rel_change=3.652e-04, effective_ranks=(127, 15), class_paired=True
Epoch [63/100] | Loss: 5.9696 (Cls: 6.0021, TAL: -0.3496, Adv: 0.1170, OT-Reg: 0.000851) | OT inner objective: -0.0384 | Marginal residual row/col/max: 1.68e-05/1.16e-08/1.68e-05 | Train Acc: 0.2578 | Val Acc: 0.3056 | Val P/R/F1 (Macro): 0.1823/0.2815/0.2020 | LR: 0.000001
Epoch [64/100] | SVD update #64: pairs=128, sweeps=4, converged=True, rel_change=8.041e-04, effective_ranks=(127, 15), class_paired=True
Epoch [64/100] | Loss: 5.3845 (Cls: 5.4205, TAL: -0.3694, Adv: 0.1038, OT-Reg: 0.000854) | OT inner objective: -0.0998 | Marginal residual row/col/max: 1.66e-05/1.02e-08/1.66e-05 | Train Acc: 0.3359 | Val Acc: 0.4167 | Val P/R/F1 (Macro): 0.3593/0.4574/0.3474 | LR: 0.000001
Epoch [65/100] | SVD update #65: pairs=128, sweeps=4, converged=True, rel_change=6.305e-04, effective_ranks=(127, 15), class_paired=True
Epoch [65/100] | Loss: 5.9480 (Cls: 5.9741, TAL: -0.2834, Adv: 0.0992, OT-Reg: 0.000874) | OT inner objective: -0.0161 | Marginal residual row/col/max: 3.75e-06/1.63e-08/3.75e-06 | Train Acc: 0.3125 | Val Acc: 0.3611 | Val P/R/F1 (Macro): 0.2206/0.4074/0.2808 | LR: 0.000001
Epoch [66/100] | SVD update #66: pairs=128, sweeps=5, converged=True, rel_change=2.201e-04, effective_ranks=(127, 16), class_paired=True
Epoch [66/100] | Loss: 5.8163 (Cls: 5.8489, TAL: -0.3326, Adv: 0.0901, OT-Reg: 0.000902) | OT inner objective: -0.0434 | Marginal residual row/col/max: 1.49e-05/1.21e-08/1.49e-05 | Train Acc: 0.3047 | Val Acc: 0.3333 | Val P/R/F1 (Macro): 0.2426/0.3222/0.2549 | LR: 0.000001
Epoch [67/100] | SVD update #67: pairs=128, sweeps=4, converged=True, rel_change=5.451e-04, effective_ranks=(127, 15), class_paired=True
Epoch [67/100] | Loss: 5.8865 (Cls: 5.9276, TAL: -0.4122, Adv: 0.1045, OT-Reg: 0.000955) | OT inner objective: -0.1597 | Marginal residual row/col/max: 8.54e-05/1.16e-08/8.54e-05 | Train Acc: 0.3672 | Val Acc: 0.3056 | Val P/R/F1 (Macro): 0.3759/0.3685/0.3330 | LR: 0.000001
Epoch [68/100] | SVD update #68: pairs=128, sweeps=4, converged=True, rel_change=1.517e-04, effective_ranks=(127, 14), class_paired=True
Epoch [68/100] | Loss: 5.5991 (Cls: 5.6474, TAL: -0.4650, Adv: 0.0934, OT-Reg: 0.000912) | OT inner objective: -0.0387 | Marginal residual row/col/max: 1.41e-04/2.05e-08/1.41e-04 | Train Acc: 0.3203 | Val Acc: 0.3611 | Val P/R/F1 (Macro): 0.2215/0.3315/0.2475 | LR: 0.000001
Epoch [69/100] | SVD update #69: pairs=128, sweeps=4, converged=True, rel_change=7.879e-04, effective_ranks=(127, 16), class_paired=True
Epoch [69/100] | Loss: 5.1347 (Cls: 5.1844, TAL: -0.4748, Adv: 0.0916, OT-Reg: 0.000914) | OT inner objective: -0.0732 | Marginal residual row/col/max: 3.83e-06/1.07e-08/3.83e-06 | Train Acc: 0.5000 | Val Acc: 0.2778 | Val P/R/F1 (Macro): 0.1938/0.3444/0.2047 | LR: 0.000001
Epoch [70/100] | SVD update #70: pairs=128, sweeps=3, converged=True, rel_change=5.073e-04, effective_ranks=(127, 14), class_paired=True
Epoch [70/100] | Loss: 5.2468 (Cls: 5.2862, TAL: -0.3806, Adv: 0.0786, OT-Reg: 0.000882) | OT inner objective: -0.0898 | Marginal residual row/col/max: 3.07e-05/1.12e-08/3.07e-05 | Train Acc: 0.3906 | Val Acc: 0.2500 | Val P/R/F1 (Macro): 0.1503/0.2481/0.1746 | LR: 0.000001
Epoch [71/100] | SVD update #71: pairs=128, sweeps=4, converged=True, rel_change=3.298e-04, effective_ranks=(127, 15), class_paired=True
Epoch [71/100] | Loss: 5.6368 (Cls: 5.6713, TAL: -0.3452, Adv: 0.0854, OT-Reg: 0.000912) | OT inner objective: -0.0961 | Marginal residual row/col/max: 1.04e-04/1.30e-08/1.04e-04 | Train Acc: 0.2969 | Val Acc: 0.2778 | Val P/R/F1 (Macro): 0.1728/0.2611/0.2031 | LR: 0.000001
Epoch [72/100] | SVD update #72: pairs=128, sweeps=4, converged=True, rel_change=8.860e-04, effective_ranks=(127, 17), class_paired=True
Epoch [72/100] | Loss: 5.1976 (Cls: 5.2545, TAL: -0.5257, Adv: 0.0779, OT-Reg: 0.000906) | OT inner objective: -0.1586 | Marginal residual row/col/max: 2.73e-06/9.78e-09/2.73e-06 | Train Acc: 0.3672 | Val Acc: 0.3611 | Val P/R/F1 (Macro): 0.1741/0.3333/0.2240 | LR: 0.000001
Epoch [73/100] | SVD update #73: pairs=128, sweeps=3, converged=True, rel_change=2.021e-04, effective_ranks=(127, 15), class_paired=True
Epoch [73/100] | Loss: 5.1567 (Cls: 5.1925, TAL: -0.3542, Adv: 0.0833, OT-Reg: 0.000921) | OT inner objective: -0.0227 | Marginal residual row/col/max: 1.01e-06/1.72e-08/1.01e-06 | Train Acc: 0.4062 | Val Acc: 0.3056 | Val P/R/F1 (Macro): 0.1512/0.3852/0.2145 | LR: 0.000001
Epoch [74/100] | SVD update #74: pairs=128, sweeps=6, converged=True, rel_change=9.821e-04, effective_ranks=(127, 17), class_paired=True
Epoch [74/100] | Loss: 5.2652 (Cls: 5.3075, TAL: -0.4085, Adv: 0.0847, OT-Reg: 0.000908) | OT inner objective: -0.0694 | Marginal residual row/col/max: 8.58e-06/1.49e-08/8.58e-06 | Train Acc: 0.3750 | Val Acc: 0.3889 | Val P/R/F1 (Macro): 0.4111/0.5120/0.4328 | LR: 0.000001
Epoch [75/100] | SVD update #75: pairs=128, sweeps=3, converged=True, rel_change=9.961e-05, effective_ranks=(127, 16), class_paired=True
Epoch [75/100] | Loss: 5.4201 (Cls: 5.4587, TAL: -0.3781, Adv: 0.0848, OT-Reg: 0.000813) | OT inner objective: 0.0105 | Marginal residual row/col/max: 2.34e-05/1.49e-08/2.34e-05 | Train Acc: 0.3359 | Val Acc: 0.3611 | Val P/R/F1 (Macro): 0.3667/0.4241/0.3296 | LR: 0.000001
Epoch [76/100] | SVD update #76: pairs=128, sweeps=4, converged=True, rel_change=9.238e-04, effective_ranks=(127, 15), class_paired=True
Epoch [76/100] | Loss: 5.1633 (Cls: 5.2032, TAL: -0.3907, Adv: 0.0873, OT-Reg: 0.000862) | OT inner objective: -0.1232 | Marginal residual row/col/max: 1.48e-04/1.44e-08/1.48e-04 | Train Acc: 0.4844 | Val Acc: 0.3611 | Val P/R/F1 (Macro): 0.2963/0.5130/0.3648 | LR: 0.000001
Epoch [77/100] | SVD update #77: pairs=128, sweeps=3, converged=True, rel_change=3.142e-04, effective_ranks=(127, 18), class_paired=True
Epoch [77/100] | Loss: 5.6704 (Cls: 5.7124, TAL: -0.4073, Adv: 0.0871, OT-Reg: 0.000859) | OT inner objective: -0.1056 | Marginal residual row/col/max: 1.84e-04/1.40e-08/1.84e-04 | Train Acc: 0.3438 | Val Acc: 0.3333 | Val P/R/F1 (Macro): 0.2352/0.4019/0.2920 | LR: 0.000001
Epoch [78/100] | SVD update #78: pairs=128, sweeps=3, converged=True, rel_change=1.143e-04, effective_ranks=(127, 17), class_paired=True
Epoch [78/100] | Loss: 5.7515 (Cls: 5.7997, TAL: -0.4525, Adv: 0.0762, OT-Reg: 0.000918) | OT inner objective: -0.1350 | Marginal residual row/col/max: 9.41e-06/9.78e-09/9.41e-06 | Train Acc: 0.3359 | Val Acc: 0.2222 | Val P/R/F1 (Macro): 0.1204/0.2241/0.1562 | LR: 0.000001
Epoch [79/100] | SVD update #79: pairs=128, sweeps=3, converged=True, rel_change=4.077e-04, effective_ranks=(127, 14), class_paired=True
Epoch [79/100] | Loss: 5.3311 (Cls: 5.3616, TAL: -0.3044, Adv: 0.0752, OT-Reg: 0.000877) | OT inner objective: -0.0706 | Marginal residual row/col/max: 1.46e-06/1.30e-08/1.46e-06 | Train Acc: 0.3203 | Val Acc: 0.2778 | Val P/R/F1 (Macro): 0.1855/0.2722/0.2119 | LR: 0.000001
Epoch [80/100] | SVD update #80: pairs=128, sweeps=3, converged=True, rel_change=5.407e-04, effective_ranks=(126, 17), class_paired=True
Epoch [80/100] | Loss: 5.6085 (Cls: 5.6562, TAL: -0.4452, Adv: 0.0716, OT-Reg: 0.000875) | OT inner objective: -0.1437 | Marginal residual row/col/max: 2.33e-06/1.02e-08/2.33e-06 | Train Acc: 0.3750 | Val Acc: 0.3611 | Val P/R/F1 (Macro): 0.3042/0.3315/0.2989 | LR: 0.000001
Epoch [81/100] | SVD update #81: pairs=128, sweeps=3, converged=True, rel_change=2.016e-04, effective_ranks=(127, 17), class_paired=True
Epoch [81/100] | Loss: 5.1796 (Cls: 5.2282, TAL: -0.4662, Adv: 0.0915, OT-Reg: 0.000836) | OT inner objective: -0.1283 | Marginal residual row/col/max: 1.41e-05/1.02e-08/1.41e-05 | Train Acc: 0.3906 | Val Acc: 0.2500 | Val P/R/F1 (Macro): 0.1389/0.2500/0.1774 | LR: 0.000001
Epoch [82/100] | SVD update #82: pairs=128, sweeps=3, converged=True, rel_change=2.414e-04, effective_ranks=(127, 16), class_paired=True
Epoch [82/100] | Loss: 5.4285 (Cls: 5.4635, TAL: -0.3450, Adv: 0.0797, OT-Reg: 0.000920) | OT inner objective: -0.0327 | Marginal residual row/col/max: 1.39e-04/1.72e-08/1.39e-04 | Train Acc: 0.3984 | Val Acc: 0.3333 | Val P/R/F1 (Macro): 0.2698/0.4889/0.3179 | LR: 0.000001
Epoch [83/100] | SVD update #83: pairs=128, sweeps=3, converged=True, rel_change=3.927e-04, effective_ranks=(127, 17), class_paired=True
Epoch [83/100] | Loss: 5.3721 (Cls: 5.4301, TAL: -0.5326, Adv: 0.0733, OT-Reg: 0.000879) | OT inner objective: -0.1449 | Marginal residual row/col/max: 1.77e-05/1.12e-08/1.77e-05 | Train Acc: 0.4297 | Val Acc: 0.3056 | Val P/R/F1 (Macro): 0.4343/0.4528/0.3426 | LR: 0.000001
Epoch [84/100] | SVD update #84: pairs=128, sweeps=3, converged=True, rel_change=6.154e-04, effective_ranks=(127, 19), class_paired=True
Epoch [84/100] | Loss: 5.4358 (Cls: 5.4789, TAL: -0.4137, Adv: 0.0816, OT-Reg: 0.000788) | OT inner objective: -0.0888 | Marginal residual row/col/max: 7.97e-05/9.78e-09/7.97e-05 | Train Acc: 0.5078 | Val Acc: 0.3333 | Val P/R/F1 (Macro): 0.4093/0.3833/0.3248 | LR: 0.000001
Epoch [85/100] | SVD update #85: pairs=128, sweeps=5, converged=True, rel_change=3.651e-04, effective_ranks=(127, 18), class_paired=True
Epoch [85/100] | Loss: 5.6786 (Cls: 5.7244, TAL: -0.4287, Adv: 0.0709, OT-Reg: 0.000951) | OT inner objective: -0.0493 | Marginal residual row/col/max: 3.46e-06/2.19e-08/3.46e-06 | Train Acc: 0.3125 | Val Acc: 0.2500 | Val P/R/F1 (Macro): 0.2157/0.4204/0.2770 | LR: 0.000001
Epoch [86/100] | SVD update #86: pairs=128, sweeps=6, converged=True, rel_change=6.561e-04, effective_ranks=(126, 16), class_paired=True
Epoch [86/100] | Loss: 5.4095 (Cls: 5.4420, TAL: -0.3188, Adv: 0.0709, OT-Reg: 0.000874) | OT inner objective: -0.0050 | Marginal residual row/col/max: 6.71e-07/2.79e-08/6.71e-07 | Train Acc: 0.3359 | Val Acc: 0.3889 | Val P/R/F1 (Macro): 0.4653/0.5481/0.4444 | LR: 0.000001
Epoch [87/100] | SVD update #87: pairs=128, sweeps=4, converged=True, rel_change=4.513e-04, effective_ranks=(127, 18), class_paired=True
Epoch [87/100] | Loss: 5.5988 (Cls: 5.6351, TAL: -0.3509, Adv: 0.0725, OT-Reg: 0.000832) | OT inner objective: -0.0345 | Marginal residual row/col/max: 6.82e-05/1.21e-08/6.82e-05 | Train Acc: 0.3750 | Val Acc: 0.3056 | Val P/R/F1 (Macro): 0.3009/0.4648/0.2867 | LR: 0.000001
Epoch [88/100] | SVD update #88: pairs=128, sweeps=4, converged=True, rel_change=3.527e-04, effective_ranks=(127, 17), class_paired=True
Epoch [88/100] | Loss: 5.5341 (Cls: 5.5727, TAL: -0.3723, Adv: 0.0765, OT-Reg: 0.000811) | OT inner objective: -0.0421 | Marginal residual row/col/max: 1.94e-05/8.38e-09/1.94e-05 | Train Acc: 0.3359 | Val Acc: 0.2778 | Val P/R/F1 (Macro): 0.3554/0.4389/0.2976 | LR: 0.000001
Epoch [89/100] | SVD update #89: pairs=128, sweeps=4, converged=True, rel_change=2.378e-04, effective_ranks=(127, 16), class_paired=True
Epoch [89/100] | Loss: 5.5048 (Cls: 5.5437, TAL: -0.3702, Adv: 0.0690, OT-Reg: 0.000842) | OT inner objective: 0.0003 | Marginal residual row/col/max: 1.33e-06/1.07e-08/1.33e-06 | Train Acc: 0.3359 | Val Acc: 0.2222 | Val P/R/F1 (Macro): 0.2259/0.3130/0.2274 | LR: 0.000001
Epoch [90/100] | SVD update #90: pairs=128, sweeps=4, converged=True, rel_change=3.469e-04, effective_ranks=(127, 16), class_paired=True
Epoch [90/100] | Loss: 5.2635 (Cls: 5.3098, TAL: -0.4249, Adv: 0.0585, OT-Reg: 0.000809) | OT inner objective: -0.1089 | Marginal residual row/col/max: 8.09e-07/1.35e-08/8.09e-07 | Train Acc: 0.3438 | Val Acc: 0.3611 | Val P/R/F1 (Macro): 0.3810/0.4194/0.3504 | LR: 0.000001
Epoch [91/100] | SVD update #91: pairs=128, sweeps=3, converged=True, rel_change=1.618e-04, effective_ranks=(127, 16), class_paired=True
Epoch [91/100] | Loss: 5.5116 (Cls: 5.5610, TAL: -0.4578, Adv: 0.0687, OT-Reg: 0.000825) | OT inner objective: 0.0571 | Marginal residual row/col/max: 1.56e-05/1.12e-08/1.56e-05 | Train Acc: 0.3750 | Val Acc: 0.3889 | Val P/R/F1 (Macro): 0.3542/0.4491/0.3421 | LR: 0.000001
Epoch [92/100] | SVD update #92: pairs=128, sweeps=5, converged=True, rel_change=6.897e-04, effective_ranks=(127, 15), class_paired=True
Epoch [92/100] | Loss: 5.4507 (Cls: 5.4953, TAL: -0.4195, Adv: 0.0711, OT-Reg: 0.000884) | OT inner objective: -0.1461 | Marginal residual row/col/max: 7.27e-05/1.44e-08/7.27e-05 | Train Acc: 0.3906 | Val Acc: 0.2778 | Val P/R/F1 (Macro): 0.1684/0.3593/0.2074 | LR: 0.000001
Epoch [93/100] | SVD update #93: pairs=128, sweeps=6, converged=True, rel_change=5.226e-04, effective_ranks=(127, 16), class_paired=True
Epoch [93/100] | Loss: 5.6260 (Cls: 5.6657, TAL: -0.3672, Adv: 0.0544, OT-Reg: 0.000875) | OT inner objective: -0.0686 | Marginal residual row/col/max: 8.93e-06/2.61e-08/8.93e-06 | Train Acc: 0.3906 | Val Acc: 0.3333 | Val P/R/F1 (Macro): 0.4058/0.4759/0.3647 | LR: 0.000001
Epoch [94/100] | SVD update #94: pairs=128, sweeps=4, converged=True, rel_change=8.236e-04, effective_ranks=(127, 17), class_paired=True
Epoch [94/100] | Loss: 5.5858 (Cls: 5.6395, TAL: -0.4910, Adv: 0.0656, OT-Reg: 0.000880) | OT inner objective: -0.0566 | Marginal residual row/col/max: 5.11e-05/1.12e-08/5.11e-05 | Train Acc: 0.3359 | Val Acc: 0.1944 | Val P/R/F1 (Macro): 0.1054/0.2852/0.1455 | LR: 0.000001
Epoch [95/100] | SVD update #95: pairs=128, sweeps=3, converged=True, rel_change=1.595e-04, effective_ranks=(127, 15), class_paired=True
Epoch [95/100] | Loss: 5.4826 (Cls: 5.5365, TAL: -0.4958, Adv: 0.0695, OT-Reg: 0.000899) | OT inner objective: -0.1606 | Marginal residual row/col/max: 5.54e-05/1.21e-08/5.54e-05 | Train Acc: 0.3672 | Val Acc: 0.3333 | Val P/R/F1 (Macro): 0.1995/0.3981/0.2407 | LR: 0.000001
Epoch [96/100] | SVD update #96: pairs=128, sweeps=4, converged=True, rel_change=2.204e-04, effective_ranks=(127, 17), class_paired=True
Epoch [96/100] | Loss: 5.7506 (Cls: 5.8052, TAL: -0.5024, Adv: 0.0719, OT-Reg: 0.000819) | OT inner objective: -0.1225 | Marginal residual row/col/max: 1.02e-05/1.12e-08/1.02e-05 | Train Acc: 0.2578 | Val Acc: 0.2222 | Val P/R/F1 (Macro): 0.1796/0.3130/0.2049 | LR: 0.000001
Epoch [97/100] | SVD update #97: pairs=128, sweeps=4, converged=True, rel_change=4.059e-04, effective_ranks=(127, 16), class_paired=True
Epoch [97/100] | Loss: 5.2714 (Cls: 5.3135, TAL: -0.3979, Adv: 0.0702, OT-Reg: 0.000813) | OT inner objective: 0.0090 | Marginal residual row/col/max: 4.90e-06/1.02e-08/4.90e-06 | Train Acc: 0.3828 | Val Acc: 0.3611 | Val P/R/F1 (Macro): 0.3447/0.4056/0.3193 | LR: 0.000001
Epoch [98/100] | SVD update #98: pairs=128, sweeps=3, converged=True, rel_change=4.360e-04, effective_ranks=(127, 16), class_paired=True
Epoch [98/100] | Loss: 5.6773 (Cls: 5.7106, TAL: -0.3187, Adv: 0.0625, OT-Reg: 0.000815) | OT inner objective: -0.0709 | Marginal residual row/col/max: 2.08e-05/1.40e-08/2.08e-05 | Train Acc: 0.2812 | Val Acc: 0.1944 | Val P/R/F1 (Macro): 0.1356/0.3796/0.1902 | LR: 0.000001
Epoch [99/100] | SVD update #99: pairs=128, sweeps=3, converged=True, rel_change=4.641e-04, effective_ranks=(127, 15), class_paired=True
Epoch [99/100] | Loss: 5.6185 (Cls: 5.6458, TAL: -0.2728, Adv: 0.0672, OT-Reg: 0.000857) | OT inner objective: -0.0791 | Marginal residual row/col/max: 7.90e-06/1.12e-08/7.90e-06 | Train Acc: 0.3594 | Val Acc: 0.2500 | Val P/R/F1 (Macro): 0.2963/0.4019/0.2443 | LR: 0.000001
Epoch [100/100] | SVD update #100: pairs=128, sweeps=5, converged=True, rel_change=2.915e-04, effective_ranks=(127, 17), class_paired=True
Epoch [100/100] | Loss: 5.7778 (Cls: 5.8205, TAL: -0.4075, Adv: 0.0770, OT-Reg: 0.000835) | OT inner objective: -0.0695 | Marginal residual row/col/max: 4.25e-05/1.16e-08/4.25e-05 | Train Acc: 0.3281 | Val Acc: 0.2500 | Val P/R/F1 (Macro): 0.2660/0.4009/0.2521 | LR: 0.000001
Report strategy: best, window=10, reported_acc=0.4444, best_acc=0.4444, selected_epoch=49

迭代 4 报告指标:
  Accuracy: 0.4444
  Precision (Macro): 0.5487
  Recall (Macro): 0.5685
  F1 (Macro): 0.4977
  Precision (Micro): 0.4444
  Recall (Micro): 0.4444
  F1 (Micro): 0.4444
  Val class coverage: 9/14 (0.6429), samples=36

================================================================================
迭代 5/5
随机种子: 46
================================================================================
Training mode: full target-label supervision (class-paired batches).
Feature fusion: Tensor alignment (512+512 -> 16+16); fused_dim=32
Domain adaptation: Neural OT generator with 3-domain discriminator
Loss weights: tensor=0.12, adv=0.08
Transport: mode=sinkhorn, epsilon=0.1, Sinkhorn iterations=50, correction scale=0.1, correction regularization weight=0.001
Tensor projection update: once per epoch from the complete target-training pairing bank; projection_dim=16, max_sweeps=10, relative singular-value tolerance=0.001
Epoch [1/100] | SVD update #1: pairs=128, sweeps=4, converged=True, rel_change=7.580e-05, effective_ranks=(127, 107), class_paired=True
Epoch [1/100] | Loss: 8.6182 (Cls: 8.5956, TAL: 0.0224, Adv: 0.2486, OT-Reg: 0.001033) | OT inner objective: 0.2325 | Marginal residual row/col/max: 1.07e-08/1.63e-08/1.63e-08 | Train Acc: 0.1016 | Val Acc: 0.1667 | Val P/R/F1 (Macro): 0.0378/0.1806/0.0570 | LR: 0.000005
  >>> New Best Val Acc: 0.1667
Epoch [2/100] | SVD update #2: pairs=128, sweeps=3, converged=True, rel_change=8.128e-05, effective_ranks=(127, 119), class_paired=True
Epoch [2/100] | Loss: 8.6175 (Cls: 8.6392, TAL: -0.3008, Adv: 0.1808, OT-Reg: 0.001052) | OT inner objective: 0.0376 | Marginal residual row/col/max: 8.67e-07/1.44e-08/8.69e-07 | Train Acc: 0.1094 | Val Acc: 0.2222 | Val P/R/F1 (Macro): 0.0977/0.1296/0.1060 | LR: 0.000005
  >>> New Best Val Acc: 0.2222
Epoch [3/100] | SVD update #3: pairs=128, sweeps=3, converged=True, rel_change=3.621e-05, effective_ranks=(127, 86), class_paired=True
Epoch [3/100] | Loss: 7.9433 (Cls: 7.9742, TAL: -0.3825, Adv: 0.1874, OT-Reg: 0.001021) | OT inner objective: 0.1559 | Marginal residual row/col/max: 4.03e-05/2.51e-08/4.03e-05 | Train Acc: 0.0859 | Val Acc: 0.1667 | Val P/R/F1 (Macro): 0.0370/0.0833/0.0513 | LR: 0.000005
Epoch [4/100] | SVD update #4: pairs=128, sweeps=4, converged=True, rel_change=4.639e-05, effective_ranks=(127, 76), class_paired=True
Epoch [4/100] | Loss: 8.3813 (Cls: 8.4213, TAL: -0.4402, Adv: 0.1604, OT-Reg: 0.000944) | OT inner objective: 0.0039 | Marginal residual row/col/max: 1.09e-05/1.58e-08/1.09e-05 | Train Acc: 0.1406 | Val Acc: 0.1111 | Val P/R/F1 (Macro): 0.0139/0.1111/0.0247 | LR: 0.000005
Epoch [5/100] | SVD update #5: pairs=128, sweeps=8, converged=True, rel_change=8.198e-04, effective_ranks=(127, 80), class_paired=True
Epoch [5/100] | Loss: 7.6990 (Cls: 7.7200, TAL: -0.3054, Adv: 0.1960, OT-Reg: 0.001151) | OT inner objective: 0.1021 | Marginal residual row/col/max: 1.21e-08/1.49e-08/1.68e-08 | Train Acc: 0.1016 | Val Acc: 0.3333 | Val P/R/F1 (Macro): 0.2174/0.2722/0.1744 | LR: 0.000005
  >>> New Best Val Acc: 0.3333
Epoch [6/100] | SVD update #6: pairs=128, sweeps=5, converged=True, rel_change=1.196e-04, effective_ranks=(127, 38), class_paired=True
Epoch [6/100] | Loss: 7.4237 (Cls: 7.4507, TAL: -0.3440, Adv: 0.1786, OT-Reg: 0.000917) | OT inner objective: -0.0459 | Marginal residual row/col/max: 5.34e-06/1.35e-08/5.34e-06 | Train Acc: 0.2031 | Val Acc: 0.2778 | Val P/R/F1 (Macro): 0.0817/0.2222/0.1164 | LR: 0.000005
Epoch [7/100] | SVD update #7: pairs=128, sweeps=5, converged=True, rel_change=5.784e-04, effective_ranks=(127, 42), class_paired=True
Epoch [7/100] | Loss: 7.3578 (Cls: 7.3593, TAL: -0.1589, Adv: 0.2192, OT-Reg: 0.001045) | OT inner objective: 0.0386 | Marginal residual row/col/max: 8.38e-05/1.96e-08/8.38e-05 | Train Acc: 0.2188 | Val Acc: 0.4444 | Val P/R/F1 (Macro): 0.4479/0.4769/0.4227 | LR: 0.000005
  >>> New Best Val Acc: 0.4444
Epoch [8/100] | SVD update #8: pairs=128, sweeps=10, converged=False, rel_change=3.128e-01, effective_ranks=(127, 34), class_paired=True
Epoch [8/100] | Loss: 7.2228 (Cls: 7.2306, TAL: -0.1901, Adv: 0.1870, OT-Reg: 0.001065) | OT inner objective: 0.0500 | Marginal residual row/col/max: 1.69e-06/1.72e-08/1.69e-06 | Train Acc: 0.2422 | Val Acc: 0.3611 | Val P/R/F1 (Macro): 0.3219/0.4074/0.3345 | LR: 0.000005
Epoch [9/100] | SVD update #9: pairs=128, sweeps=5, converged=True, rel_change=1.917e-04, effective_ranks=(127, 29), class_paired=True
Epoch [9/100] | Loss: 6.7879 (Cls: 6.8103, TAL: -0.3228, Adv: 0.2034, OT-Reg: 0.001013) | OT inner objective: -0.1141 | Marginal residual row/col/max: 3.17e-04/1.91e-08/3.17e-04 | Train Acc: 0.2500 | Val Acc: 0.4722 | Val P/R/F1 (Macro): 0.5294/0.6065/0.4531 | LR: 0.000005
  >>> New Best Val Acc: 0.4722
Epoch [10/100] | SVD update #10: pairs=128, sweeps=4, converged=True, rel_change=3.091e-04, effective_ranks=(127, 20), class_paired=True
Epoch [10/100] | Loss: 6.5396 (Cls: 6.5516, TAL: -0.2335, Adv: 0.2001, OT-Reg: 0.000987) | OT inner objective: -0.0933 | Marginal residual row/col/max: 1.02e-05/1.16e-08/1.02e-05 | Train Acc: 0.2578 | Val Acc: 0.3333 | Val P/R/F1 (Macro): 0.2923/0.3657/0.2400 | LR: 0.000005
Epoch [11/100] | SVD update #11: pairs=128, sweeps=4, converged=True, rel_change=1.312e-04, effective_ranks=(127, 23), class_paired=True
Epoch [11/100] | Loss: 6.6386 (Cls: 6.6708, TAL: -0.4028, Adv: 0.2021, OT-Reg: 0.000978) | OT inner objective: -0.1349 | Marginal residual row/col/max: 3.35e-04/1.21e-08/3.35e-04 | Train Acc: 0.2422 | Val Acc: 0.3333 | Val P/R/F1 (Macro): 0.3896/0.2398/0.2643 | LR: 0.000005
Epoch [12/100] | SVD update #12: pairs=128, sweeps=8, converged=True, rel_change=8.150e-04, effective_ranks=(126, 19), class_paired=True
Epoch [12/100] | Loss: 7.2965 (Cls: 7.3170, TAL: -0.2931, Adv: 0.1836, OT-Reg: 0.001015) | OT inner objective: -0.0445 | Marginal residual row/col/max: 1.16e-04/1.21e-08/1.16e-04 | Train Acc: 0.2344 | Val Acc: 0.0278 | Val P/R/F1 (Macro): 0.0065/0.1111/0.0123 | LR: 0.000005
Epoch [13/100] | SVD update #13: pairs=128, sweeps=5, converged=True, rel_change=5.539e-04, effective_ranks=(127, 22), class_paired=True
Epoch [13/100] | Loss: 6.7386 (Cls: 6.7369, TAL: -0.1044, Adv: 0.1769, OT-Reg: 0.000960) | OT inner objective: 0.0127 | Marginal residual row/col/max: 1.46e-04/1.44e-08/1.46e-04 | Train Acc: 0.2812 | Val Acc: 0.1389 | Val P/R/F1 (Macro): 0.3512/0.2963/0.2254 | LR: 0.000005
Epoch [14/100] | SVD update #14: pairs=128, sweeps=10, converged=False, rel_change=3.803e-03, effective_ranks=(127, 18), class_paired=True
Epoch [14/100] | Loss: 6.5966 (Cls: 6.6242, TAL: -0.3467, Adv: 0.1744, OT-Reg: 0.001008) | OT inner objective: -0.2047 | Marginal residual row/col/max: 1.54e-04/1.16e-08/1.54e-04 | Train Acc: 0.2266 | Val Acc: 0.1111 | Val P/R/F1 (Macro): 0.1567/0.1620/0.0836 | LR: 0.000005
Epoch [15/100] | SVD update #15: pairs=128, sweeps=4, converged=True, rel_change=3.988e-04, effective_ranks=(127, 14), class_paired=True
Epoch [15/100] | Loss: 6.3596 (Cls: 6.3856, TAL: -0.3529, Adv: 0.2039, OT-Reg: 0.001025) | OT inner objective: -0.1462 | Marginal residual row/col/max: 2.47e-04/1.12e-08/2.47e-04 | Train Acc: 0.3047 | Val Acc: 0.1667 | Val P/R/F1 (Macro): 0.2045/0.2204/0.1416 | LR: 0.000005
Epoch [16/100] | SVD update #16: pairs=128, sweeps=6, converged=True, rel_change=3.337e-04, effective_ranks=(127, 18), class_paired=True
Epoch [16/100] | Loss: 6.1013 (Cls: 6.1035, TAL: -0.1213, Adv: 0.1545, OT-Reg: 0.001127) | OT inner objective: 0.0423 | Marginal residual row/col/max: 1.35e-04/1.12e-08/1.35e-04 | Train Acc: 0.2734 | Val Acc: 0.2500 | Val P/R/F1 (Macro): 0.1574/0.2870/0.1845 | LR: 0.000005
Epoch [17/100] | SVD update #17: pairs=128, sweeps=10, converged=False, rel_change=1.165e-03, effective_ranks=(127, 22), class_paired=True
Epoch [17/100] | Loss: 8.5999 (Cls: 8.5420, TAL: 0.3834, Adv: 0.1495, OT-Reg: 0.000909) | OT inner objective: 0.1558 | Marginal residual row/col/max: 4.10e-08/2.28e-08/4.70e-08 | Train Acc: 0.1797 | Val Acc: 0.1389 | Val P/R/F1 (Macro): 0.0381/0.1222/0.0581 | LR: 0.000005
Epoch [18/100] | SVD update #18: pairs=128, sweeps=5, converged=True, rel_change=6.540e-04, effective_ranks=(127, 22), class_paired=True
Epoch [18/100] | Loss: 8.2327 (Cls: 8.1811, TAL: 0.3097, Adv: 0.1813, OT-Reg: 0.000947) | OT inner objective: 0.0659 | Marginal residual row/col/max: 4.30e-06/4.10e-08/4.30e-06 | Train Acc: 0.0234 | Val Acc: 0.0000 | Val P/R/F1 (Macro): 0.0000/0.0000/0.0000 | LR: 0.000005
Epoch [19/100] | SVD update #19: pairs=128, sweeps=4, converged=True, rel_change=5.956e-04, effective_ranks=(127, 24), class_paired=True
Epoch [19/100] | Loss: 8.4515 (Cls: 8.3894, TAL: 0.4001, Adv: 0.1765, OT-Reg: 0.001028) | OT inner objective: 0.1787 | Marginal residual row/col/max: 1.26e-08/4.14e-08/4.14e-08 | Train Acc: 0.0469 | Val Acc: 0.0833 | Val P/R/F1 (Macro): 0.0159/0.0556/0.0247 | LR: 0.000005
Epoch [20/100] | SVD update #20: pairs=128, sweeps=4, converged=True, rel_change=4.124e-04, effective_ranks=(127, 25), class_paired=True
Epoch [20/100] | Loss: 7.7651 (Cls: 7.7209, TAL: 0.2371, Adv: 0.1960, OT-Reg: 0.001046) | OT inner objective: 0.2603 | Marginal residual row/col/max: 1.30e-08/2.61e-08/2.61e-08 | Train Acc: 0.0781 | Val Acc: 0.0833 | Val P/R/F1 (Macro): 0.0196/0.0556/0.0290 | LR: 0.000003
Epoch [21/100] | SVD update #21: pairs=128, sweeps=4, converged=True, rel_change=3.707e-04, effective_ranks=(127, 24), class_paired=True
Epoch [21/100] | Loss: 7.5328 (Cls: 7.4756, TAL: 0.3638, Adv: 0.1686, OT-Reg: 0.001151) | OT inner objective: 0.1138 | Marginal residual row/col/max: 1.12e-08/3.07e-08/3.07e-08 | Train Acc: 0.0781 | Val Acc: 0.1111 | Val P/R/F1 (Macro): 0.0486/0.0694/0.0488 | LR: 0.000003
Epoch [22/100] | SVD update #22: pairs=128, sweeps=6, converged=True, rel_change=4.168e-04, effective_ranks=(127, 27), class_paired=True
Epoch [22/100] | Loss: 7.5864 (Cls: 7.5486, TAL: 0.1846, Adv: 0.1953, OT-Reg: 0.001105) | OT inner objective: 0.1622 | Marginal residual row/col/max: 1.07e-08/1.96e-08/1.96e-08 | Train Acc: 0.0781 | Val Acc: 0.0556 | Val P/R/F1 (Macro): 0.0216/0.0556/0.0309 | LR: 0.000003
Epoch [23/100] | SVD update #23: pairs=128, sweeps=5, converged=True, rel_change=4.881e-04, effective_ranks=(127, 31), class_paired=True
Epoch [23/100] | Loss: 7.3494 (Cls: 7.2824, TAL: 0.4605, Adv: 0.1472, OT-Reg: 0.001094) | OT inner objective: 0.1350 | Marginal residual row/col/max: 2.42e-08/3.17e-08/3.26e-08 | Train Acc: 0.0625 | Val Acc: 0.1667 | Val P/R/F1 (Macro): 0.0586/0.1806/0.0778 | LR: 0.000003
Epoch [24/100] | SVD update #24: pairs=128, sweeps=4, converged=True, rel_change=4.698e-04, effective_ranks=(127, 31), class_paired=True
Epoch [24/100] | Loss: 7.4268 (Cls: 7.3695, TAL: 0.3859, Adv: 0.1362, OT-Reg: 0.001184) | OT inner objective: 0.2309 | Marginal residual row/col/max: 9.78e-09/1.72e-08/1.72e-08 | Train Acc: 0.0781 | Val Acc: 0.0278 | Val P/R/F1 (Macro): 0.0101/0.1111/0.0185 | LR: 0.000003
Epoch [25/100] | SVD update #25: pairs=128, sweeps=5, converged=True, rel_change=3.262e-04, effective_ranks=(127, 27), class_paired=True
Epoch [25/100] | Loss: 7.2919 (Cls: 7.2414, TAL: 0.3205, Adv: 0.1505, OT-Reg: 0.001224) | OT inner objective: 0.1161 | Marginal residual row/col/max: 1.21e-08/1.40e-08/1.54e-08 | Train Acc: 0.0859 | Val Acc: 0.0278 | Val P/R/F1 (Macro): 0.0069/0.1111/0.0131 | LR: 0.000003
Epoch [26/100] | SVD update #26: pairs=128, sweeps=9, converged=True, rel_change=9.115e-04, effective_ranks=(127, 24), class_paired=True
Epoch [26/100] | Loss: 7.4153 (Cls: 7.3734, TAL: 0.2287, Adv: 0.1797, OT-Reg: 0.001113) | OT inner objective: 0.0070 | Marginal residual row/col/max: 4.52e-08/1.49e-08/4.52e-08 | Train Acc: 0.0859 | Val Acc: 0.0556 | Val P/R/F1 (Macro): 0.0185/0.0444/0.0261 | LR: 0.000003
Epoch [27/100] | SVD update #27: pairs=128, sweeps=10, converged=True, rel_change=9.343e-04, effective_ranks=(127, 26), class_paired=True
Epoch [27/100] | Loss: 7.5019 (Cls: 7.4552, TAL: 0.2856, Adv: 0.1562, OT-Reg: 0.001156) | OT inner objective: -0.0518 | Marginal residual row/col/max: 3.27e-05/1.30e-08/3.27e-05 | Train Acc: 0.1328 | Val Acc: 0.0278 | Val P/R/F1 (Macro): 0.0222/0.1111/0.0370 | LR: 0.000003
Epoch [28/100] | SVD update #28: pairs=128, sweeps=7, converged=True, rel_change=8.155e-04, effective_ranks=(127, 30), class_paired=True
Epoch [28/100] | Loss: 7.3405 (Cls: 7.2889, TAL: 0.3228, Adv: 0.1613, OT-Reg: 0.001084) | OT inner objective: 0.1259 | Marginal residual row/col/max: 6.98e-08/1.26e-08/7.08e-08 | Train Acc: 0.1172 | Val Acc: 0.0833 | Val P/R/F1 (Macro): 0.1944/0.1667/0.1278 | LR: 0.000003
Epoch [29/100] | SVD update #29: pairs=128, sweeps=10, converged=False, rel_change=1.629e-03, effective_ranks=(127, 30), class_paired=True
Epoch [29/100] | Loss: 7.8486 (Cls: 7.8284, TAL: 0.0763, Adv: 0.1382, OT-Reg: 0.001106) | OT inner objective: 0.2233 | Marginal residual row/col/max: 1.35e-08/2.33e-08/2.33e-08 | Train Acc: 0.0234 | Val Acc: 0.0000 | Val P/R/F1 (Macro): 0.0000/0.0000/0.0000 | LR: 0.000003
Epoch [30/100] | SVD update #30: pairs=128, sweeps=10, converged=False, rel_change=9.126e-03, effective_ranks=(127, 33), class_paired=True
Epoch [30/100] | Loss: 7.9493 (Cls: 7.9105, TAL: 0.2320, Adv: 0.1360, OT-Reg: 0.001085) | OT inner objective: 0.0379 | Marginal residual row/col/max: 1.18e-04/1.21e-08/1.18e-04 | Train Acc: 0.0469 | Val Acc: 0.0278 | Val P/R/F1 (Macro): 0.0058/0.0278/0.0097 | LR: 0.000003
Epoch [31/100] | SVD update #31: pairs=128, sweeps=8, converged=True, rel_change=4.548e-04, effective_ranks=(127, 32), class_paired=True
Epoch [31/100] | Loss: 7.5079 (Cls: 7.4868, TAL: 0.0699, Adv: 0.1591, OT-Reg: 0.000997) | OT inner objective: 0.0924 | Marginal residual row/col/max: 2.44e-07/1.49e-08/2.48e-07 | Train Acc: 0.1250 | Val Acc: 0.1111 | Val P/R/F1 (Macro): 0.0895/0.1093/0.0966 | LR: 0.000001
Epoch [32/100] | SVD update #32: pairs=128, sweeps=10, converged=False, rel_change=1.347e-01, effective_ranks=(127, 49), class_paired=True
Epoch [32/100] | Loss: 9.6260 (Cls: 9.6339, TAL: -0.1466, Adv: 0.1221, OT-Reg: 0.000994) | OT inner objective: -0.0877 | Marginal residual row/col/max: 2.99e-04/2.00e-08/2.99e-04 | Train Acc: 0.1172 | Val Acc: 0.0556 | Val P/R/F1 (Macro): 0.0164/0.0556/0.0248 | LR: 0.000001
Epoch [33/100] | SVD update #33: pairs=128, sweeps=10, converged=False, rel_change=2.001e-02, effective_ranks=(127, 42), class_paired=True
Epoch [33/100] | Loss: 8.5895 (Cls: 8.5667, TAL: 0.0995, Adv: 0.1354, OT-Reg: 0.001135) | OT inner objective: 0.0296 | Marginal residual row/col/max: 1.26e-08/1.54e-08/1.54e-08 | Train Acc: 0.1953 | Val Acc: 0.2222 | Val P/R/F1 (Macro): 0.0827/0.2889/0.1233 | LR: 0.000001
Epoch [34/100] | SVD update #34: pairs=128, sweeps=10, converged=True, rel_change=7.756e-04, effective_ranks=(127, 34), class_paired=True
Epoch [34/100] | Loss: 8.4663 (Cls: 8.4573, TAL: -0.0194, Adv: 0.1416, OT-Reg: 0.001144) | OT inner objective: 0.0048 | Marginal residual row/col/max: 7.72e-05/1.72e-08/7.72e-05 | Train Acc: 0.0859 | Val Acc: 0.0833 | Val P/R/F1 (Macro): 0.0568/0.1556/0.0667 | LR: 0.000001
Epoch [35/100] | SVD update #35: pairs=128, sweeps=10, converged=False, rel_change=2.746e-03, effective_ranks=(127, 39), class_paired=True
Epoch [35/100] | Loss: 7.9240 (Cls: 7.9541, TAL: -0.3632, Adv: 0.1696, OT-Reg: 0.001010) | OT inner objective: -0.0010 | Marginal residual row/col/max: 5.24e-07/3.96e-08/5.33e-07 | Train Acc: 0.1250 | Val Acc: 0.1389 | Val P/R/F1 (Macro): 0.0565/0.2056/0.0815 | LR: 0.000001
Epoch [36/100] | SVD update #36: pairs=128, sweeps=8, converged=True, rel_change=5.207e-04, effective_ranks=(127, 36), class_paired=True
Epoch [36/100] | Loss: 8.0304 (Cls: 8.0422, TAL: -0.2017, Adv: 0.1546, OT-Reg: 0.001064) | OT inner objective: 0.0331 | Marginal residual row/col/max: 6.93e-05/2.00e-08/6.93e-05 | Train Acc: 0.1094 | Val Acc: 0.1111 | Val P/R/F1 (Macro): 0.0722/0.1833/0.0877 | LR: 0.000001
Epoch [37/100] | SVD update #37: pairs=128, sweeps=7, converged=True, rel_change=4.201e-04, effective_ranks=(127, 29), class_paired=True
Epoch [37/100] | Loss: 7.4513 (Cls: 7.4746, TAL: -0.2688, Adv: 0.1119, OT-Reg: 0.001131) | OT inner objective: -0.0297 | Marginal residual row/col/max: 1.68e-07/9.78e-09/1.68e-07 | Train Acc: 0.1562 | Val Acc: 0.0833 | Val P/R/F1 (Macro): 0.0714/0.1667/0.0817 | LR: 0.000001
Epoch [38/100] | SVD update #38: pairs=128, sweeps=7, converged=True, rel_change=7.027e-04, effective_ranks=(127, 27), class_paired=True
Epoch [38/100] | Loss: 7.2191 (Cls: 7.2317, TAL: -0.1896, Adv: 0.1266, OT-Reg: 0.001128) | OT inner objective: -0.0783 | Marginal residual row/col/max: 7.62e-07/1.16e-08/7.62e-07 | Train Acc: 0.2500 | Val Acc: 0.1389 | Val P/R/F1 (Macro): 0.0946/0.1963/0.1038 | LR: 0.000001
Epoch [39/100] | SVD update #39: pairs=128, sweeps=4, converged=True, rel_change=9.329e-04, effective_ranks=(126, 24), class_paired=True
Epoch [39/100] | Loss: 7.1787 (Cls: 7.1952, TAL: -0.2344, Adv: 0.1454, OT-Reg: 0.001146) | OT inner objective: 0.0172 | Marginal residual row/col/max: 4.75e-06/1.30e-08/4.75e-06 | Train Acc: 0.2344 | Val Acc: 0.2222 | Val P/R/F1 (Macro): 0.1772/0.2056/0.1847 | LR: 0.000001
Epoch [40/100] | SVD update #40: pairs=128, sweeps=10, converged=False, rel_change=6.340e-03, effective_ranks=(127, 20), class_paired=True
Epoch [40/100] | Loss: 7.1882 (Cls: 7.1877, TAL: -0.1015, Adv: 0.1584, OT-Reg: 0.001101) | OT inner objective: 0.0962 | Marginal residual row/col/max: 8.99e-08/1.82e-08/9.03e-08 | Train Acc: 0.2422 | Val Acc: 0.2778 | Val P/R/F1 (Macro): 0.1458/0.2778/0.1760 | LR: 0.000001
Epoch [41/100] | SVD update #41: pairs=128, sweeps=5, converged=True, rel_change=3.857e-04, effective_ranks=(127, 18), class_paired=True
Epoch [41/100] | Loss: 6.9013 (Cls: 6.9329, TAL: -0.3269, Adv: 0.0957, OT-Reg: 0.001085) | OT inner objective: 0.1083 | Marginal residual row/col/max: 2.88e-06/2.75e-08/2.89e-06 | Train Acc: 0.2969 | Val Acc: 0.3333 | Val P/R/F1 (Macro): 0.2931/0.4657/0.3160 | LR: 0.000001
Epoch [42/100] | SVD update #42: pairs=128, sweeps=5, converged=True, rel_change=4.290e-04, effective_ranks=(127, 19), class_paired=True
Epoch [42/100] | Loss: 6.7258 (Cls: 6.7615, TAL: -0.3708, Adv: 0.1094, OT-Reg: 0.001199) | OT inner objective: 0.0218 | Marginal residual row/col/max: 1.75e-06/1.30e-08/1.75e-06 | Train Acc: 0.2734 | Val Acc: 0.3056 | Val P/R/F1 (Macro): 0.2660/0.4463/0.2805 | LR: 0.000001
Epoch [43/100] | SVD update #43: pairs=128, sweeps=6, converged=True, rel_change=4.711e-04, effective_ranks=(127, 20), class_paired=True
Epoch [43/100] | Loss: 6.7023 (Cls: 6.7310, TAL: -0.3249, Adv: 0.1288, OT-Reg: 0.001051) | OT inner objective: -0.0572 | Marginal residual row/col/max: 3.47e-05/1.72e-08/3.47e-05 | Train Acc: 0.2344 | Val Acc: 0.3333 | Val P/R/F1 (Macro): 0.2710/0.4120/0.2714 | LR: 0.000001
Epoch [44/100] | SVD update #44: pairs=128, sweeps=5, converged=True, rel_change=3.553e-04, effective_ranks=(127, 20), class_paired=True
Epoch [44/100] | Loss: 6.6805 (Cls: 6.7133, TAL: -0.3561, Adv: 0.1247, OT-Reg: 0.001116) | OT inner objective: -0.0711 | Marginal residual row/col/max: 1.03e-04/1.07e-08/1.03e-04 | Train Acc: 0.3516 | Val Acc: 0.2778 | Val P/R/F1 (Macro): 0.2996/0.3222/0.2563 | LR: 0.000001
Epoch [45/100] | SVD update #45: pairs=128, sweeps=4, converged=True, rel_change=6.278e-04, effective_ranks=(126, 19), class_paired=True
Epoch [45/100] | Loss: 6.5321 (Cls: 6.5413, TAL: -0.1486, Adv: 0.1079, OT-Reg: 0.001196) | OT inner objective: 0.1237 | Marginal residual row/col/max: 5.13e-05/1.30e-08/5.13e-05 | Train Acc: 0.2969 | Val Acc: 0.1667 | Val P/R/F1 (Macro): 0.1448/0.2963/0.1472 | LR: 0.000001
Epoch [46/100] | SVD update #46: pairs=128, sweeps=5, converged=True, rel_change=2.431e-04, effective_ranks=(127, 18), class_paired=True
Epoch [46/100] | Loss: 6.6380 (Cls: 6.6586, TAL: -0.2467, Adv: 0.1121, OT-Reg: 0.001194) | OT inner objective: -0.0009 | Marginal residual row/col/max: 8.79e-05/1.12e-08/8.79e-05 | Train Acc: 0.2266 | Val Acc: 0.2222 | Val P/R/F1 (Macro): 0.1224/0.3704/0.1720 | LR: 0.000001
Epoch [47/100] | SVD update #47: pairs=128, sweeps=5, converged=True, rel_change=6.927e-04, effective_ranks=(127, 22), class_paired=True
Epoch [47/100] | Loss: 6.6603 (Cls: 6.6972, TAL: -0.3977, Adv: 0.1351, OT-Reg: 0.001036) | OT inner objective: 0.0292 | Marginal residual row/col/max: 1.48e-04/2.00e-08/1.48e-04 | Train Acc: 0.2422 | Val Acc: 0.1389 | Val P/R/F1 (Macro): 0.1370/0.1880/0.1146 | LR: 0.000001
Epoch [48/100] | SVD update #48: pairs=128, sweeps=4, converged=True, rel_change=5.201e-04, effective_ranks=(127, 20), class_paired=True
Epoch [48/100] | Loss: 6.7596 (Cls: 6.7950, TAL: -0.3784, Adv: 0.1249, OT-Reg: 0.001125) | OT inner objective: -0.1673 | Marginal residual row/col/max: 1.82e-05/1.07e-08/1.82e-05 | Train Acc: 0.2266 | Val Acc: 0.1944 | Val P/R/F1 (Macro): 0.1492/0.2250/0.1352 | LR: 0.000001
Epoch [49/100] | SVD update #49: pairs=128, sweeps=4, converged=True, rel_change=4.375e-04, effective_ranks=(127, 21), class_paired=True
Epoch [49/100] | Loss: 6.6440 (Cls: 6.6738, TAL: -0.3234, Adv: 0.1135, OT-Reg: 0.001118) | OT inner objective: -0.0453 | Marginal residual row/col/max: 1.47e-04/1.96e-08/1.47e-04 | Train Acc: 0.2812 | Val Acc: 0.1944 | Val P/R/F1 (Macro): 0.1566/0.2593/0.1634 | LR: 0.000001
Epoch [50/100] | SVD update #50: pairs=128, sweeps=5, converged=True, rel_change=8.197e-04, effective_ranks=(127, 20), class_paired=True
Epoch [50/100] | Loss: 6.6001 (Cls: 6.6302, TAL: -0.3110, Adv: 0.0894, OT-Reg: 0.001156) | OT inner objective: -0.1075 | Marginal residual row/col/max: 2.80e-06/1.07e-08/2.80e-06 | Train Acc: 0.2656 | Val Acc: 0.2222 | Val P/R/F1 (Macro): 0.1378/0.2778/0.1651 | LR: 0.000001
Epoch [51/100] | SVD update #51: pairs=128, sweeps=8, converged=True, rel_change=4.906e-04, effective_ranks=(127, 20), class_paired=True
Epoch [51/100] | Loss: 6.5376 (Cls: 6.5597, TAL: -0.2515, Adv: 0.1010, OT-Reg: 0.001086) | OT inner objective: -0.0734 | Marginal residual row/col/max: 1.65e-05/1.54e-08/1.65e-05 | Train Acc: 0.2031 | Val Acc: 0.3333 | Val P/R/F1 (Macro): 0.2120/0.2639/0.2274 | LR: 0.000001
Epoch [52/100] | SVD update #52: pairs=128, sweeps=10, converged=False, rel_change=1.829e-03, effective_ranks=(127, 25), class_paired=True
Epoch [52/100] | Loss: 7.3973 (Cls: 7.3921, TAL: -0.0216, Adv: 0.0979, OT-Reg: 0.001061) | OT inner objective: -0.0869 | Marginal residual row/col/max: 1.27e-04/9.31e-09/1.27e-04 | Train Acc: 0.1953 | Val Acc: 0.2778 | Val P/R/F1 (Macro): 0.2474/0.3426/0.2173 | LR: 0.000001
Epoch [53/100] | SVD update #53: pairs=128, sweeps=5, converged=True, rel_change=3.833e-04, effective_ranks=(127, 21), class_paired=True
Epoch [53/100] | Loss: 7.6245 (Cls: 7.6708, TAL: -0.4527, Adv: 0.1008, OT-Reg: 0.001038) | OT inner objective: -0.2116 | Marginal residual row/col/max: 1.91e-04/1.35e-08/1.91e-04 | Train Acc: 0.1562 | Val Acc: 0.1111 | Val P/R/F1 (Macro): 0.0787/0.1204/0.0926 | LR: 0.000001
Epoch [54/100] | SVD update #54: pairs=128, sweeps=5, converged=True, rel_change=4.374e-04, effective_ranks=(127, 19), class_paired=True
Epoch [54/100] | Loss: 7.6234 (Cls: 7.6528, TAL: -0.3190, Adv: 0.1109, OT-Reg: 0.001058) | OT inner objective: -0.0714 | Marginal residual row/col/max: 7.18e-04/1.86e-08/7.18e-04 | Train Acc: 0.1328 | Val Acc: 0.0833 | Val P/R/F1 (Macro): 0.0370/0.0833/0.0513 | LR: 0.000001
Epoch [55/100] | SVD update #55: pairs=128, sweeps=4, converged=True, rel_change=1.478e-04, effective_ranks=(127, 19), class_paired=True
Epoch [55/100] | Loss: 7.3359 (Cls: 7.3753, TAL: -0.3897, Adv: 0.0916, OT-Reg: 0.001104) | OT inner objective: -0.1319 | Marginal residual row/col/max: 3.93e-05/1.21e-08/3.93e-05 | Train Acc: 0.1953 | Val Acc: 0.0833 | Val P/R/F1 (Macro): 0.0185/0.0833/0.0303 | LR: 0.000001
Epoch [56/100] | SVD update #56: pairs=128, sweeps=4, converged=True, rel_change=2.886e-04, effective_ranks=(127, 19), class_paired=True
Epoch [56/100] | Loss: 7.3731 (Cls: 7.4251, TAL: -0.4892, Adv: 0.0837, OT-Reg: 0.001138) | OT inner objective: -0.1538 | Marginal residual row/col/max: 2.38e-04/1.12e-08/2.38e-04 | Train Acc: 0.1250 | Val Acc: 0.1111 | Val P/R/F1 (Macro): 0.0492/0.0852/0.0615 | LR: 0.000001
Epoch [57/100] | SVD update #57: pairs=128, sweeps=4, converged=True, rel_change=2.244e-04, effective_ranks=(127, 19), class_paired=True
Epoch [57/100] | Loss: 7.2645 (Cls: 7.3019, TAL: -0.3775, Adv: 0.0990, OT-Reg: 0.001075) | OT inner objective: -0.1406 | Marginal residual row/col/max: 4.50e-04/1.12e-08/4.50e-04 | Train Acc: 0.1641 | Val Acc: 0.1389 | Val P/R/F1 (Macro): 0.0847/0.1222/0.1000 | LR: 0.000001
Epoch [58/100] | SVD update #58: pairs=128, sweeps=4, converged=True, rel_change=2.479e-04, effective_ranks=(127, 18), class_paired=True
Epoch [58/100] | Loss: 7.0164 (Cls: 7.0671, TAL: -0.4836, Adv: 0.0916, OT-Reg: 0.001129) | OT inner objective: -0.1420 | Marginal residual row/col/max: 1.04e-04/1.77e-08/1.04e-04 | Train Acc: 0.1953 | Val Acc: 0.1667 | Val P/R/F1 (Macro): 0.1531/0.3333/0.1812 | LR: 0.000001
Epoch [59/100] | SVD update #59: pairs=128, sweeps=6, converged=True, rel_change=4.870e-04, effective_ranks=(127, 16), class_paired=True
Epoch [59/100] | Loss: 7.1989 (Cls: 7.2272, TAL: -0.2929, Adv: 0.0866, OT-Reg: 0.001033) | OT inner objective: -0.0388 | Marginal residual row/col/max: 8.62e-06/2.89e-08/8.62e-06 | Train Acc: 0.2266 | Val Acc: 0.1667 | Val P/R/F1 (Macro): 0.1455/0.3333/0.1706 | LR: 0.000001
Epoch [60/100] | SVD update #60: pairs=128, sweeps=4, converged=True, rel_change=1.510e-04, effective_ranks=(127, 18), class_paired=True
Epoch [60/100] | Loss: 7.0221 (Cls: 7.0770, TAL: -0.5226, Adv: 0.0968, OT-Reg: 0.001075) | OT inner objective: -0.2479 | Marginal residual row/col/max: 1.08e-04/1.16e-08/1.08e-04 | Train Acc: 0.1484 | Val Acc: 0.1944 | Val P/R/F1 (Macro): 0.2206/0.3463/0.2312 | LR: 0.000001
Epoch [61/100] | SVD update #61: pairs=128, sweeps=4, converged=True, rel_change=8.984e-04, effective_ranks=(126, 17), class_paired=True
Epoch [61/100] | Loss: 6.6785 (Cls: 6.7119, TAL: -0.3388, Adv: 0.0900, OT-Reg: 0.001045) | OT inner objective: -0.1590 | Marginal residual row/col/max: 8.59e-05/1.16e-08/8.59e-05 | Train Acc: 0.1797 | Val Acc: 0.2222 | Val P/R/F1 (Macro): 0.2240/0.3000/0.1833 | LR: 0.000001
Epoch [62/100] | SVD update #62: pairs=128, sweeps=10, converged=False, rel_change=1.233e-03, effective_ranks=(127, 15), class_paired=True
Epoch [62/100] | Loss: 6.6872 (Cls: 6.7155, TAL: -0.2889, Adv: 0.0791, OT-Reg: 0.001033) | OT inner objective: -0.1144 | Marginal residual row/col/max: 2.51e-04/1.72e-08/2.51e-04 | Train Acc: 0.1250 | Val Acc: 0.1944 | Val P/R/F1 (Macro): 0.0722/0.1833/0.1030 | LR: 0.000001
Epoch [63/100] | SVD update #63: pairs=128, sweeps=4, converged=True, rel_change=8.601e-04, effective_ranks=(127, 15), class_paired=True
Epoch [63/100] | Loss: 6.4959 (Cls: 6.5400, TAL: -0.4179, Adv: 0.0753, OT-Reg: 0.001055) | OT inner objective: -0.2715 | Marginal residual row/col/max: 2.00e-04/1.07e-08/2.00e-04 | Train Acc: 0.2422 | Val Acc: 0.0833 | Val P/R/F1 (Macro): 0.0603/0.2407/0.0850 | LR: 0.000001
Epoch [64/100] | SVD update #64: pairs=128, sweeps=7, converged=True, rel_change=2.432e-04, effective_ranks=(127, 14), class_paired=True
Epoch [64/100] | Loss: 6.5604 (Cls: 6.5833, TAL: -0.2560, Adv: 0.0979, OT-Reg: 0.001124) | OT inner objective: -0.1604 | Marginal residual row/col/max: 1.32e-04/1.07e-08/1.32e-04 | Train Acc: 0.2031 | Val Acc: 0.1667 | Val P/R/F1 (Macro): 0.1035/0.2407/0.1231 | LR: 0.000001
Epoch [65/100] | SVD update #65: pairs=128, sweeps=5, converged=True, rel_change=4.248e-04, effective_ranks=(127, 14), class_paired=True
Epoch [65/100] | Loss: 6.5895 (Cls: 6.6169, TAL: -0.2881, Adv: 0.0897, OT-Reg: 0.001060) | OT inner objective: -0.1243 | Marginal residual row/col/max: 2.49e-04/1.26e-08/2.49e-04 | Train Acc: 0.2031 | Val Acc: 0.2222 | Val P/R/F1 (Macro): 0.2056/0.2907/0.2184 | LR: 0.000001
Epoch [66/100] | SVD update #66: pairs=128, sweeps=9, converged=True, rel_change=9.789e-04, effective_ranks=(127, 14), class_paired=True
Epoch [66/100] | Loss: 6.8480 (Cls: 6.8666, TAL: -0.2156, Adv: 0.0907, OT-Reg: 0.001172) | OT inner objective: 0.0345 | Marginal residual row/col/max: 1.77e-04/1.30e-08/1.77e-04 | Train Acc: 0.1797 | Val Acc: 0.1667 | Val P/R/F1 (Macro): 0.1529/0.3222/0.1821 | LR: 0.000001
Epoch [67/100] | SVD update #67: pairs=128, sweeps=5, converged=True, rel_change=1.859e-04, effective_ranks=(127, 15), class_paired=True
Epoch [67/100] | Loss: 6.5232 (Cls: 6.5356, TAL: -0.1567, Adv: 0.0805, OT-Reg: 0.001126) | OT inner objective: -0.0209 | Marginal residual row/col/max: 7.67e-06/1.21e-08/7.67e-06 | Train Acc: 0.2188 | Val Acc: 0.1389 | Val P/R/F1 (Macro): 0.0978/0.2111/0.1129 | LR: 0.000001
Epoch [68/100] | SVD update #68: pairs=128, sweeps=4, converged=True, rel_change=8.432e-04, effective_ranks=(127, 15), class_paired=True
Epoch [68/100] | Loss: 6.4921 (Cls: 6.5032, TAL: -0.1409, Adv: 0.0719, OT-Reg: 0.001020) | OT inner objective: -0.0854 | Marginal residual row/col/max: 1.50e-04/1.54e-08/1.50e-04 | Train Acc: 0.1875 | Val Acc: 0.1111 | Val P/R/F1 (Macro): 0.0994/0.2778/0.1375 | LR: 0.000001
Epoch [69/100] | SVD update #69: pairs=128, sweeps=5, converged=True, rel_change=6.117e-04, effective_ranks=(127, 15), class_paired=True
Epoch [69/100] | Loss: 6.6224 (Cls: 6.6601, TAL: -0.3780, Adv: 0.0960, OT-Reg: 0.001000) | OT inner objective: 0.0189 | Marginal residual row/col/max: 2.80e-04/1.49e-08/2.80e-04 | Train Acc: 0.2500 | Val Acc: 0.1944 | Val P/R/F1 (Macro): 0.1289/0.2537/0.1552 | LR: 0.000001
Epoch [70/100] | SVD update #70: pairs=128, sweeps=4, converged=True, rel_change=4.104e-04, effective_ranks=(127, 14), class_paired=True
Epoch [70/100] | Loss: 6.6857 (Cls: 6.7213, TAL: -0.3603, Adv: 0.0959, OT-Reg: 0.000979) | OT inner objective: -0.1571 | Marginal residual row/col/max: 1.58e-04/1.12e-08/1.58e-04 | Train Acc: 0.2188 | Val Acc: 0.2222 | Val P/R/F1 (Macro): 0.1044/0.2889/0.1475 | LR: 0.000001
Epoch [71/100] | SVD update #71: pairs=128, sweeps=4, converged=True, rel_change=2.703e-04, effective_ranks=(127, 15), class_paired=True
Epoch [71/100] | Loss: 6.5220 (Cls: 6.5680, TAL: -0.4485, Adv: 0.0971, OT-Reg: 0.000902) | OT inner objective: -0.1489 | Marginal residual row/col/max: 2.76e-04/1.44e-08/2.76e-04 | Train Acc: 0.2422 | Val Acc: 0.2778 | Val P/R/F1 (Macro): 0.2778/0.3500/0.2818 | LR: 0.000001
Epoch [72/100] | SVD update #72: pairs=128, sweeps=7, converged=True, rel_change=8.176e-04, effective_ranks=(126, 14), class_paired=True
Epoch [72/100] | Loss: 6.6352 (Cls: 6.6491, TAL: -0.1846, Adv: 0.1031, OT-Reg: 0.001171) | OT inner objective: -0.0280 | Marginal residual row/col/max: 1.04e-05/2.10e-08/1.04e-05 | Train Acc: 0.2656 | Val Acc: 0.1944 | Val P/R/F1 (Macro): 0.0754/0.2370/0.1063 | LR: 0.000001
Epoch [73/100] | SVD update #73: pairs=128, sweeps=7, converged=True, rel_change=8.823e-04, effective_ranks=(127, 14), class_paired=True
Epoch [73/100] | Loss: 6.5264 (Cls: 6.5508, TAL: -0.2629, Adv: 0.0897, OT-Reg: 0.000934) | OT inner objective: 0.0768 | Marginal residual row/col/max: 1.51e-06/1.44e-08/1.51e-06 | Train Acc: 0.2109 | Val Acc: 0.1667 | Val P/R/F1 (Macro): 0.1880/0.2176/0.1499 | LR: 0.000001
Epoch [74/100] | SVD update #74: pairs=128, sweeps=4, converged=True, rel_change=5.497e-05, effective_ranks=(127, 15), class_paired=True
Epoch [74/100] | Loss: 6.4353 (Cls: 6.4817, TAL: -0.4665, Adv: 0.1198, OT-Reg: 0.001020) | OT inner objective: -0.1181 | Marginal residual row/col/max: 3.14e-04/1.86e-08/3.14e-04 | Train Acc: 0.2578 | Val Acc: 0.1389 | Val P/R/F1 (Macro): 0.1011/0.2167/0.1243 | LR: 0.000001
Epoch [75/100] | SVD update #75: pairs=128, sweeps=7, converged=True, rel_change=4.604e-04, effective_ranks=(127, 14), class_paired=True
Epoch [75/100] | Loss: 6.1678 (Cls: 6.2085, TAL: -0.4096, Adv: 0.1065, OT-Reg: 0.001087) | OT inner objective: -0.0329 | Marginal residual row/col/max: 7.20e-06/1.63e-08/7.20e-06 | Train Acc: 0.2500 | Val Acc: 0.2778 | Val P/R/F1 (Macro): 0.1677/0.1991/0.1701 | LR: 0.000001
Epoch [76/100] | SVD update #76: pairs=128, sweeps=10, converged=True, rel_change=8.374e-04, effective_ranks=(127, 15), class_paired=True
Epoch [76/100] | Loss: 6.8624 (Cls: 6.8951, TAL: -0.3320, Adv: 0.0890, OT-Reg: 0.001093) | OT inner objective: -0.1157 | Marginal residual row/col/max: 3.99e-05/2.89e-08/3.99e-05 | Train Acc: 0.1797 | Val Acc: 0.0833 | Val P/R/F1 (Macro): 0.0381/0.1611/0.0585 | LR: 0.000001
Epoch [77/100] | SVD update #77: pairs=128, sweeps=5, converged=True, rel_change=2.367e-04, effective_ranks=(127, 14), class_paired=True
Epoch [77/100] | Loss: 6.2747 (Cls: 6.3103, TAL: -0.3441, Adv: 0.0711, OT-Reg: 0.001066) | OT inner objective: -0.2060 | Marginal residual row/col/max: 1.22e-05/9.31e-09/1.22e-05 | Train Acc: 0.2500 | Val Acc: 0.1944 | Val P/R/F1 (Macro): 0.1938/0.1667/0.1476 | LR: 0.000001
Epoch [78/100] | SVD update #78: pairs=128, sweeps=5, converged=True, rel_change=1.168e-04, effective_ranks=(127, 14), class_paired=True
Epoch [78/100] | Loss: 6.6045 (Cls: 6.6409, TAL: -0.3502, Adv: 0.0702, OT-Reg: 0.000970) | OT inner objective: -0.1302 | Marginal residual row/col/max: 1.99e-04/1.86e-08/1.99e-04 | Train Acc: 0.1953 | Val Acc: 0.1389 | Val P/R/F1 (Macro): 0.1176/0.3056/0.1451 | LR: 0.000001
Epoch [79/100] | SVD update #79: pairs=128, sweeps=4, converged=True, rel_change=3.949e-04, effective_ranks=(127, 16), class_paired=True
Epoch [79/100] | Loss: 6.1373 (Cls: 6.1873, TAL: -0.4664, Adv: 0.0752, OT-Reg: 0.000993) | OT inner objective: -0.1826 | Marginal residual row/col/max: 7.17e-05/1.21e-08/7.17e-05 | Train Acc: 0.2344 | Val Acc: 0.1944 | Val P/R/F1 (Macro): 0.1846/0.2500/0.1496 | LR: 0.000001
Epoch [80/100] | SVD update #80: pairs=128, sweeps=6, converged=True, rel_change=5.233e-04, effective_ranks=(127, 14), class_paired=True
Epoch [80/100] | Loss: 6.5429 (Cls: 6.5619, TAL: -0.2042, Adv: 0.0692, OT-Reg: 0.001046) | OT inner objective: -0.0582 | Marginal residual row/col/max: 2.53e-04/1.40e-08/2.53e-04 | Train Acc: 0.1797 | Val Acc: 0.1667 | Val P/R/F1 (Macro): 0.1455/0.2315/0.1500 | LR: 0.000001
Epoch [81/100] | SVD update #81: pairs=128, sweeps=5, converged=True, rel_change=7.276e-04, effective_ranks=(127, 15), class_paired=True
Epoch [81/100] | Loss: 6.2889 (Cls: 6.3254, TAL: -0.3573, Adv: 0.0793, OT-Reg: 0.001018) | OT inner objective: -0.1428 | Marginal residual row/col/max: 2.69e-04/1.35e-08/2.69e-04 | Train Acc: 0.2656 | Val Acc: 0.2222 | Val P/R/F1 (Macro): 0.1528/0.2889/0.1720 | LR: 0.000001
Epoch [82/100] | SVD update #82: pairs=128, sweeps=5, converged=True, rel_change=5.531e-04, effective_ranks=(127, 12), class_paired=True
Epoch [82/100] | Loss: 6.1723 (Cls: 6.1997, TAL: -0.2736, Adv: 0.0687, OT-Reg: 0.001016) | OT inner objective: -0.1361 | Marginal residual row/col/max: 7.44e-04/1.63e-08/7.44e-04 | Train Acc: 0.2109 | Val Acc: 0.2778 | Val P/R/F1 (Macro): 0.1531/0.3259/0.1965 | LR: 0.000001
Epoch [83/100] | SVD update #83: pairs=128, sweeps=6, converged=True, rel_change=4.474e-04, effective_ranks=(127, 15), class_paired=True
Epoch [83/100] | Loss: 6.6664 (Cls: 6.6935, TAL: -0.2799, Adv: 0.0819, OT-Reg: 0.001047) | OT inner objective: -0.1203 | Marginal residual row/col/max: 1.35e-05/1.02e-08/1.35e-05 | Train Acc: 0.1562 | Val Acc: 0.1389 | Val P/R/F1 (Macro): 0.0857/0.2167/0.1106 | LR: 0.000001
Epoch [84/100] | SVD update #84: pairs=128, sweeps=7, converged=True, rel_change=3.504e-04, effective_ranks=(127, 15), class_paired=True
Epoch [84/100] | Loss: 6.1878 (Cls: 6.2315, TAL: -0.4098, Adv: 0.0683, OT-Reg: 0.001006) | OT inner objective: -0.0196 | Marginal residual row/col/max: 4.48e-06/2.00e-08/4.48e-06 | Train Acc: 0.2500 | Val Acc: 0.1111 | Val P/R/F1 (Macro): 0.1000/0.1796/0.1092 | LR: 0.000001
Epoch [85/100] | SVD update #85: pairs=128, sweeps=5, converged=True, rel_change=1.711e-04, effective_ranks=(127, 15), class_paired=True
Epoch [85/100] | Loss: 6.4940 (Cls: 6.5018, TAL: -0.1291, Adv: 0.0959, OT-Reg: 0.000936) | OT inner objective: -0.1380 | Marginal residual row/col/max: 2.20e-04/1.91e-08/2.20e-04 | Train Acc: 0.1953 | Val Acc: 0.1667 | Val P/R/F1 (Macro): 0.1503/0.2352/0.1610 | LR: 0.000001
Epoch [86/100] | SVD update #86: pairs=128, sweeps=7, converged=True, rel_change=1.962e-04, effective_ranks=(126, 15), class_paired=True
Epoch [86/100] | Loss: 7.0968 (Cls: 7.1480, TAL: -0.4750, Adv: 0.0729, OT-Reg: 0.000968) | OT inner objective: -0.2015 | Marginal residual row/col/max: 1.53e-04/1.07e-08/1.53e-04 | Train Acc: 0.1484 | Val Acc: 0.2778 | Val P/R/F1 (Macro): 0.2283/0.4028/0.2319 | LR: 0.000001
Epoch [87/100] | SVD update #87: pairs=128, sweeps=8, converged=True, rel_change=5.743e-04, effective_ranks=(127, 15), class_paired=True
Epoch [87/100] | Loss: 6.4634 (Cls: 6.4859, TAL: -0.2355, Adv: 0.0715, OT-Reg: 0.001008) | OT inner objective: -0.1158 | Marginal residual row/col/max: 6.02e-04/1.40e-08/6.02e-04 | Train Acc: 0.1875 | Val Acc: 0.1111 | Val P/R/F1 (Macro): 0.0686/0.1111/0.0751 | LR: 0.000001
Epoch [88/100] | SVD update #88: pairs=128, sweeps=10, converged=True, rel_change=7.767e-04, effective_ranks=(127, 14), class_paired=True
Epoch [88/100] | Loss: 6.5778 (Cls: 6.6144, TAL: -0.3633, Adv: 0.0870, OT-Reg: 0.000934) | OT inner objective: -0.1853 | Marginal residual row/col/max: 1.22e-04/1.12e-08/1.22e-04 | Train Acc: 0.2109 | Val Acc: 0.2222 | Val P/R/F1 (Macro): 0.2574/0.2731/0.1929 | LR: 0.000001
Epoch [89/100] | SVD update #89: pairs=128, sweeps=5, converged=True, rel_change=2.568e-04, effective_ranks=(127, 15), class_paired=True
Epoch [89/100] | Loss: 6.1901 (Cls: 6.2353, TAL: -0.4321, Adv: 0.0833, OT-Reg: 0.001070) | OT inner objective: -0.0470 | Marginal residual row/col/max: 5.45e-04/2.42e-08/5.45e-04 | Train Acc: 0.2422 | Val Acc: 0.1667 | Val P/R/F1 (Macro): 0.1301/0.2481/0.1498 | LR: 0.000001
Epoch [90/100] | SVD update #90: pairs=128, sweeps=5, converged=True, rel_change=7.351e-04, effective_ranks=(127, 14), class_paired=True
Epoch [90/100] | Loss: 6.3126 (Cls: 6.3418, TAL: -0.2935, Adv: 0.0752, OT-Reg: 0.000859) | OT inner objective: -0.1800 | Marginal residual row/col/max: 3.12e-04/1.26e-08/3.12e-04 | Train Acc: 0.2500 | Val Acc: 0.1944 | Val P/R/F1 (Macro): 0.2037/0.2574/0.2241 | LR: 0.000001
Epoch [91/100] | SVD update #91: pairs=128, sweeps=4, converged=True, rel_change=4.884e-04, effective_ranks=(127, 15), class_paired=True
Epoch [91/100] | Loss: 6.5360 (Cls: 6.5670, TAL: -0.3401, Adv: 0.1236, OT-Reg: 0.000945) | OT inner objective: -0.0938 | Marginal residual row/col/max: 2.95e-04/1.21e-08/2.95e-04 | Train Acc: 0.1953 | Val Acc: 0.0833 | Val P/R/F1 (Macro): 0.0503/0.2444/0.0758 | LR: 0.000001
Epoch [92/100] | SVD update #92: pairs=128, sweeps=9, converged=True, rel_change=1.791e-04, effective_ranks=(127, 13), class_paired=True
Epoch [92/100] | Loss: 6.7254 (Cls: 6.7454, TAL: -0.2257, Adv: 0.0876, OT-Reg: 0.001062) | OT inner objective: -0.0387 | Marginal residual row/col/max: 5.23e-06/1.49e-08/5.23e-06 | Train Acc: 0.2266 | Val Acc: 0.1944 | Val P/R/F1 (Macro): 0.0979/0.2667/0.1347 | LR: 0.000001
Epoch [93/100] | SVD update #93: pairs=128, sweeps=7, converged=True, rel_change=6.702e-04, effective_ranks=(127, 17), class_paired=True
Epoch [93/100] | Loss: 6.8479 (Cls: 6.8582, TAL: -0.1488, Adv: 0.0953, OT-Reg: 0.001026) | OT inner objective: -0.0393 | Marginal residual row/col/max: 6.66e-06/9.31e-09/6.66e-06 | Train Acc: 0.2656 | Val Acc: 0.1111 | Val P/R/F1 (Macro): 0.0370/0.0741/0.0494 | LR: 0.000001
Epoch [94/100] | SVD update #94: pairs=128, sweeps=9, converged=True, rel_change=1.855e-04, effective_ranks=(127, 16), class_paired=True
Epoch [94/100] | Loss: 7.1684 (Cls: 7.2094, TAL: -0.4108, Adv: 0.1034, OT-Reg: 0.001057) | OT inner objective: -0.1688 | Marginal residual row/col/max: 3.94e-05/9.78e-09/3.94e-05 | Train Acc: 0.1719 | Val Acc: 0.1389 | Val P/R/F1 (Macro): 0.1492/0.3056/0.1740 | LR: 0.000001
Epoch [95/100] | SVD update #95: pairs=128, sweeps=5, converged=True, rel_change=1.355e-04, effective_ranks=(127, 14), class_paired=True
Epoch [95/100] | Loss: 7.0038 (Cls: 7.0314, TAL: -0.3006, Adv: 0.1059, OT-Reg: 0.001068) | OT inner objective: -0.1538 | Marginal residual row/col/max: 4.71e-05/9.78e-09/4.71e-05 | Train Acc: 0.1562 | Val Acc: 0.0833 | Val P/R/F1 (Macro): 0.1313/0.1556/0.1389 | LR: 0.000001
Epoch [96/100] | SVD update #96: pairs=128, sweeps=4, converged=True, rel_change=8.836e-04, effective_ranks=(126, 16), class_paired=True
Epoch [96/100] | Loss: 7.3466 (Cls: 7.3886, TAL: -0.4126, Adv: 0.0949, OT-Reg: 0.001022) | OT inner objective: -0.0919 | Marginal residual row/col/max: 3.47e-05/1.96e-08/3.47e-05 | Train Acc: 0.2109 | Val Acc: 0.1111 | Val P/R/F1 (Macro): 0.0488/0.1944/0.0762 | LR: 0.000001
Epoch [97/100] | SVD update #97: pairs=128, sweeps=4, converged=True, rel_change=2.154e-04, effective_ranks=(127, 14), class_paired=True
Epoch [97/100] | Loss: 6.8700 (Cls: 6.8991, TAL: -0.2969, Adv: 0.0819, OT-Reg: 0.001119) | OT inner objective: -0.0095 | Marginal residual row/col/max: 3.80e-05/2.79e-08/3.80e-05 | Train Acc: 0.2109 | Val Acc: 0.0556 | Val P/R/F1 (Macro): 0.0509/0.2222/0.0802 | LR: 0.000001
Epoch [98/100] | SVD update #98: pairs=128, sweeps=7, converged=True, rel_change=6.574e-04, effective_ranks=(127, 16), class_paired=True
Epoch [98/100] | Loss: 6.8530 (Cls: 6.8876, TAL: -0.3401, Adv: 0.0771, OT-Reg: 0.001033) | OT inner objective: -0.1546 | Marginal residual row/col/max: 1.97e-04/1.30e-08/1.97e-04 | Train Acc: 0.1719 | Val Acc: 0.0000 | Val P/R/F1 (Macro): 0.0000/0.0000/0.0000 | LR: 0.000001
Epoch [99/100] | SVD update #99: pairs=128, sweeps=9, converged=True, rel_change=8.956e-04, effective_ranks=(127, 16), class_paired=True
Epoch [99/100] | Loss: 7.2033 (Cls: 7.2340, TAL: -0.3114, Adv: 0.0824, OT-Reg: 0.001051) | OT inner objective: -0.1738 | Marginal residual row/col/max: 4.25e-04/2.42e-08/4.25e-04 | Train Acc: 0.1953 | Val Acc: 0.0556 | Val P/R/F1 (Macro): 0.1235/0.0417/0.0418 | LR: 0.000001
Epoch [100/100] | SVD update #100: pairs=128, sweeps=7, converged=True, rel_change=3.546e-04, effective_ranks=(127, 16), class_paired=True
Epoch [100/100] | Loss: 7.0580 (Cls: 7.0941, TAL: -0.3620, Adv: 0.0910, OT-Reg: 0.001118) | OT inner objective: -0.1781 | Marginal residual row/col/max: 1.66e-04/1.07e-08/1.66e-04 | Train Acc: 0.2109 | Val Acc: 0.1111 | Val P/R/F1 (Macro): 0.0492/0.1944/0.0754 | LR: 0.000001
Report strategy: best, window=10, reported_acc=0.4722, best_acc=0.4722, selected_epoch=9

迭代 5 报告指标:
  Accuracy: 0.4722
  Precision (Macro): 0.5294
  Recall (Macro): 0.6065
  F1 (Macro): 0.4531
  Precision (Micro): 0.4722
  Recall (Micro): 0.4722
  F1 (Micro): 0.4722
  Val class coverage: 9/14 (0.6429), samples=36

================================================================================
5次迭代统计结果
================================================================================

accuracy:
  各迭代值: ['0.7222', '0.6944', '0.5000', '0.4444', '0.4722']
  均值 (Mean): 0.5667
  标准差 (Std): 0.1173

precision_macro:
  各迭代值: ['0.6420', '0.6991', '0.4722', '0.5487', '0.5294']
  均值 (Mean): 0.5783
  标准差 (Std): 0.0814

recall_macro:
  各迭代值: ['0.6676', '0.7037', '0.5954', '0.5685', '0.6065']
  均值 (Mean): 0.6283
  标准差 (Std): 0.0497

f1_macro:
  各迭代值: ['0.6279', '0.6486', '0.4991', '0.4977', '0.4531']
  均值 (Mean): 0.5453
  标准差 (Std): 0.0780

precision_micro:
  各迭代值: ['0.7222', '0.6944', '0.5000', '0.4444', '0.4722']
  均值 (Mean): 0.5667
  标准差 (Std): 0.1173

recall_micro:
  各迭代值: ['0.7222', '0.6944', '0.5000', '0.4444', '0.4722']
  均值 (Mean): 0.5667
  标准差 (Std): 0.1173

f1_micro:
  各迭代值: ['0.7222', '0.6944', '0.5000', '0.4444', '0.4722']
  均值 (Mean): 0.5667
  标准差 (Std): 0.1173

val_class_coverage:
  各迭代值: ['0.6429', '0.6429', '0.6429', '0.6429', '0.6429']
  均值 (Mean): 0.6429
  标准差 (Std): 0.0000

val_present_classes:
  各迭代值: ['9.0000', '9.0000', '9.0000', '9.0000', '9.0000']
  均值 (Mean): 9.0000
  标准差 (Std): 0.0000

val_total_classes:
  各迭代值: ['14.0000', '14.0000', '14.0000', '14.0000', '14.0000']
  均值 (Mean): 14.0000
  标准差 (Std): 0.0000

val_samples:
  各迭代值: ['36.0000', '36.0000', '36.0000', '36.0000', '36.0000']
  均值 (Mean): 36.0000
  标准差 (Std): 0.0000

训练结束时间: 2026-09-30 17:18:31
================================================================================
