================================================================================
模块消融实验 - with_tensor_with_ot
目标域天气: 逆光
训练开始时间: 2026-09-22 16:35:38
设备: cuda
源域: D:\Code\JMDA-Net\Data\晴天
目标域: D:\Code\JMDA-Net\Data\逆光
批次大小: 8
总轮数: 100
迭代次数: 5
使用Tensor模块: 是
使用OT模块: 是
特征融合方式: Tensor对齐
域对齐方式: 最优传输
目标标签比例/权重: 0.35/0.5
Tensor/Adv损失权重: 0.12/0.08
学习率: feature=5e-06, other=0.0002, weight_decay=0.0005
报告策略: last_window, 窗口: 10
================================================================================

================================================================================
迭代 1/5
随机种子: 42
================================================================================
Training mode: full target-label supervision (class-paired batches).
Feature fusion: Tensor alignment (512+512 -> 128+128); fused_dim=256
Domain adaptation: Neural OT generator with 3-domain discriminator
Loss weights: tensor=0.12, adv=0.08
Transport: mode=sinkhorn, epsilon=0.1, Sinkhorn iterations=50, correction scale=0.1, correction regularization weight=0.001
Tensor projection update: alternating SVD, max_sweeps=3, relative singular-value tolerance=0.0001
Epoch [1/100] | Loss: 9.5375 (Cls: 9.4858, TAL: 0.2757, Adv: 0.2326, OT-Reg: 0.001247) | Marginal residual: 7.36e-05 | Train Acc: 0.0781 | Val Acc: 0.0000 | Val P/R/F1 (Macro): 0.0000/0.0000/0.0000 | LR: 0.000005
Epoch [2/100] | Loss: 8.4423 (Cls: 8.4061, TAL: 0.1533, Adv: 0.2224, OT-Reg: 0.001254) | Marginal residual: 2.08e-04 | Train Acc: 0.1016 | Val Acc: 0.1944 | Val P/R/F1 (Macro): 0.1629/0.1694/0.1347 | LR: 0.000005
  >>> New Best Val Acc: 0.1944
Epoch [3/100] | Loss: 7.8723 (Cls: 7.8662, TAL: -0.0888, Adv: 0.2101, OT-Reg: 0.001275) | Marginal residual: 2.19e-04 | Train Acc: 0.0859 | Val Acc: 0.0278 | Val P/R/F1 (Macro): 0.0041/0.1111/0.0079 | LR: 0.000005
Epoch [4/100] | Loss: 7.9273 (Cls: 7.9083, TAL: 0.0301, Adv: 0.1912, OT-Reg: 0.001294) | Marginal residual: 4.70e-05 | Train Acc: 0.1484 | Val Acc: 0.0833 | Val P/R/F1 (Macro): 0.0469/0.0741/0.0544 | LR: 0.000005
Epoch [5/100] | Loss: 7.9028 (Cls: 7.8767, TAL: 0.0711, Adv: 0.2203, OT-Reg: 0.001300) | Marginal residual: 1.37e-04 | Train Acc: 0.1719 | Val Acc: 0.1389 | Val P/R/F1 (Macro): 0.0716/0.1944/0.0908 | LR: 0.000005
Epoch [6/100] | Loss: 7.7748 (Cls: 7.7240, TAL: 0.2696, Adv: 0.2302, OT-Reg: 0.001267) | Marginal residual: 1.99e-05 | Train Acc: 0.1953 | Val Acc: 0.0833 | Val P/R/F1 (Macro): 0.0780/0.1759/0.0801 | LR: 0.000005
Epoch [7/100] | Loss: 7.4367 (Cls: 7.4171, TAL: 0.0435, Adv: 0.1799, OT-Reg: 0.001296) | Marginal residual: 2.63e-04 | Train Acc: 0.1484 | Val Acc: 0.1389 | Val P/R/F1 (Macro): 0.0648/0.2037/0.0859 | LR: 0.000005
Epoch [8/100] | Loss: 7.6485 (Cls: 7.6107, TAL: 0.1888, Adv: 0.1893, OT-Reg: 0.001251) | Marginal residual: 8.90e-06 | Train Acc: 0.1484 | Val Acc: 0.0000 | Val P/R/F1 (Macro): 0.0000/0.0000/0.0000 | LR: 0.000005
Epoch [9/100] | Loss: 7.4538 (Cls: 7.4304, TAL: 0.0162, Adv: 0.2690, OT-Reg: 0.001219) | Marginal residual: 1.85e-04 | Train Acc: 0.1641 | Val Acc: 0.1667 | Val P/R/F1 (Macro): 0.0361/0.1806/0.0584 | LR: 0.000005
Epoch [10/100] | Loss: 7.4412 (Cls: 7.4276, TAL: -0.0366, Adv: 0.2251, OT-Reg: 0.001263) | Marginal residual: 2.11e-04 | Train Acc: 0.1719 | Val Acc: 0.1667 | Val P/R/F1 (Macro): 0.0954/0.2546/0.1216 | LR: 0.000005
Epoch [11/100] | Loss: 7.2145 (Cls: 7.2242, TAL: -0.2373, Adv: 0.2341, OT-Reg: 0.001233) | Marginal residual: 6.39e-04 | Train Acc: 0.2188 | Val Acc: 0.1944 | Val P/R/F1 (Macro): 0.1966/0.3704/0.2206 | LR: 0.000005
Epoch [12/100] | Loss: 7.4009 (Cls: 7.2896, TAL: 0.7689, Adv: 0.2382, OT-Reg: 0.001225) | Marginal residual: 6.15e-08 | Train Acc: 0.0938 | Val Acc: 0.1111 | Val P/R/F1 (Macro): 0.0661/0.2870/0.0944 | LR: 0.000005
Epoch [13/100] | Loss: 7.2980 (Cls: 7.2383, TAL: 0.3218, Adv: 0.2629, OT-Reg: 0.001220) | Marginal residual: 1.04e-04 | Train Acc: 0.1641 | Val Acc: 0.1667 | Val P/R/F1 (Macro): 0.0417/0.1444/0.0646 | LR: 0.000003
Epoch [14/100] | Loss: 7.2484 (Cls: 7.3264, TAL: -0.8394, Adv: 0.2838, OT-Reg: 0.001224) | Marginal residual: 8.40e-04 | Train Acc: 0.1562 | Val Acc: 0.3056 | Val P/R/F1 (Macro): 0.2340/0.2111/0.1861 | LR: 0.000003
  >>> New Best Val Acc: 0.3056
Epoch [15/100] | Loss: 6.8401 (Cls: 6.9225, TAL: -0.8226, Adv: 0.2041, OT-Reg: 0.001255) | Marginal residual: 6.32e-04 | Train Acc: 0.1797 | Val Acc: 0.1667 | Val P/R/F1 (Macro): 0.1156/0.1222/0.0976 | LR: 0.000003
Epoch [16/100] | Loss: 6.7117 (Cls: 6.7983, TAL: -0.8754, Adv: 0.2307, OT-Reg: 0.001248) | Marginal residual: 6.77e-04 | Train Acc: 0.1641 | Val Acc: 0.3333 | Val P/R/F1 (Macro): 0.2000/0.3435/0.2112 | LR: 0.000003
  >>> New Best Val Acc: 0.3333
Epoch [17/100] | Loss: 6.9712 (Cls: 7.0234, TAL: -0.5699, Adv: 0.2016, OT-Reg: 0.001293) | Marginal residual: 5.79e-04 | Train Acc: 0.1094 | Val Acc: 0.1667 | Val P/R/F1 (Macro): 0.0795/0.1991/0.0890 | LR: 0.000003
Epoch [18/100] | Loss: 6.7685 (Cls: 6.7563, TAL: -0.0900, Adv: 0.2881, OT-Reg: 0.001290) | Marginal residual: 4.30e-04 | Train Acc: 0.1875 | Val Acc: 0.2222 | Val P/R/F1 (Macro): 0.1215/0.2870/0.1508 | LR: 0.000003
Epoch [19/100] | Loss: 6.9387 (Cls: 6.8243, TAL: 0.7013, Adv: 0.3778, OT-Reg: 0.001251) | Marginal residual: 5.96e-08 | Train Acc: 0.2031 | Val Acc: 0.1944 | Val P/R/F1 (Macro): 0.1029/0.2593/0.1330 | LR: 0.000003
Epoch [20/100] | Loss: 6.9546 (Cls: 6.8224, TAL: 0.8732, Adv: 0.3436, OT-Reg: 0.001207) | Marginal residual: 7.12e-08 | Train Acc: 0.1875 | Val Acc: 0.1111 | Val P/R/F1 (Macro): 0.0988/0.1852/0.0901 | LR: 0.000003
Epoch [21/100] | Loss: 7.0411 (Cls: 6.9159, TAL: 0.7793, Adv: 0.3956, OT-Reg: 0.001204) | Marginal residual: 4.52e-08 | Train Acc: 0.1797 | Val Acc: 0.1944 | Val P/R/F1 (Macro): 0.1044/0.1694/0.1135 | LR: 0.000003
Epoch [22/100] | Loss: 7.0267 (Cls: 6.9108, TAL: 0.6537, Adv: 0.4687, OT-Reg: 0.001167) | Marginal residual: 5.49e-08 | Train Acc: 0.1406 | Val Acc: 0.2778 | Val P/R/F1 (Macro): 0.2341/0.2963/0.1590 | LR: 0.000003
Epoch [23/100] | Loss: 6.7181 (Cls: 6.6419, TAL: 0.3576, Adv: 0.4168, OT-Reg: 0.001206) | Marginal residual: 2.89e-04 | Train Acc: 0.1953 | Val Acc: 0.1389 | Val P/R/F1 (Macro): 0.0972/0.2130/0.1049 | LR: 0.000003
Epoch [24/100] | Loss: 6.8442 (Cls: 6.7174, TAL: 0.7515, Adv: 0.4572, OT-Reg: 0.001248) | Marginal residual: 5.31e-08 | Train Acc: 0.1562 | Val Acc: 0.1667 | Val P/R/F1 (Macro): 0.0750/0.2222/0.1004 | LR: 0.000003
Epoch [25/100] | Loss: 6.9867 (Cls: 6.9027, TAL: 0.3576, Adv: 0.5134, OT-Reg: 0.001264) | Marginal residual: 1.54e-04 | Train Acc: 0.1875 | Val Acc: 0.1667 | Val P/R/F1 (Macro): 0.1796/0.2250/0.1503 | LR: 0.000003
Epoch [26/100] | Loss: 6.6626 (Cls: 6.6783, TAL: -0.4207, Adv: 0.4337, OT-Reg: 0.001253) | Marginal residual: 2.65e-04 | Train Acc: 0.2188 | Val Acc: 0.1111 | Val P/R/F1 (Macro): 0.0244/0.1667/0.0406 | LR: 0.000003
Epoch [27/100] | Loss: 6.7750 (Cls: 6.7058, TAL: 0.1920, Adv: 0.5768, OT-Reg: 0.001253) | Marginal residual: 1.45e-04 | Train Acc: 0.2500 | Val Acc: 0.1944 | Val P/R/F1 (Macro): 0.0663/0.2315/0.0893 | LR: 0.000001
Epoch [28/100] | Loss: 6.8114 (Cls: 6.6862, TAL: 0.5613, Adv: 0.7234, OT-Reg: 0.001229) | Marginal residual: 4.52e-08 | Train Acc: 0.2422 | Val Acc: 0.1944 | Val P/R/F1 (Macro): 0.1667/0.2435/0.1529 | LR: 0.000001
Epoch [29/100] | Loss: 6.6997 (Cls: 6.6398, TAL: 0.1325, Adv: 0.5495, OT-Reg: 0.001237) | Marginal residual: 4.20e-04 | Train Acc: 0.2266 | Val Acc: 0.2500 | Val P/R/F1 (Macro): 0.4034/0.3000/0.2797 | LR: 0.000001
Epoch [30/100] | Loss: 6.6695 (Cls: 6.6645, TAL: -0.3072, Adv: 0.5228, OT-Reg: 0.001296) | Marginal residual: 2.79e-04 | Train Acc: 0.2188 | Val Acc: 0.1667 | Val P/R/F1 (Macro): 0.0622/0.2593/0.0949 | LR: 0.000001
Epoch [31/100] | Loss: 6.5779 (Cls: 6.4672, TAL: 0.4652, Adv: 0.6861, OT-Reg: 0.001225) | Marginal residual: 1.47e-04 | Train Acc: 0.2266 | Val Acc: 0.3611 | Val P/R/F1 (Macro): 0.1724/0.4028/0.2271 | LR: 0.000001
  >>> New Best Val Acc: 0.3611
Epoch [32/100] | Loss: 6.4403 (Cls: 6.4568, TAL: -0.5101, Adv: 0.5584, OT-Reg: 0.001279) | Marginal residual: 3.97e-04 | Train Acc: 0.2734 | Val Acc: 0.1944 | Val P/R/F1 (Macro): 0.1038/0.2667/0.1337 | LR: 0.000001
Epoch [33/100] | Loss: 6.6217 (Cls: 6.6506, TAL: -0.5463, Adv: 0.4580, OT-Reg: 0.001292) | Marginal residual: 4.57e-04 | Train Acc: 0.2656 | Val Acc: 0.3889 | Val P/R/F1 (Macro): 0.2147/0.4352/0.2691 | LR: 0.000001
  >>> New Best Val Acc: 0.3889
Epoch [34/100] | Loss: 6.4292 (Cls: 6.4219, TAL: -0.2880, Adv: 0.5238, OT-Reg: 0.001197) | Marginal residual: 4.93e-04 | Train Acc: 0.2344 | Val Acc: 0.3889 | Val P/R/F1 (Macro): 0.3287/0.3926/0.2914 | LR: 0.000001
Epoch [35/100] | Loss: 6.2147 (Cls: 6.2606, TAL: -0.6571, Adv: 0.4111, OT-Reg: 0.001256) | Marginal residual: 5.29e-04 | Train Acc: 0.3125 | Val Acc: 0.3056 | Val P/R/F1 (Macro): 0.3868/0.3889/0.2822 | LR: 0.000001
Epoch [36/100] | Loss: 6.3242 (Cls: 6.3579, TAL: -0.6107, Adv: 0.4944, OT-Reg: 0.001310) | Marginal residual: 4.09e-04 | Train Acc: 0.2656 | Val Acc: 0.1944 | Val P/R/F1 (Macro): 0.1399/0.2722/0.1660 | LR: 0.000001
Epoch [37/100] | Loss: 6.5780 (Cls: 6.5547, TAL: -0.1826, Adv: 0.5658, OT-Reg: 0.001245) | Marginal residual: 2.71e-04 | Train Acc: 0.2734 | Val Acc: 0.2222 | Val P/R/F1 (Macro): 0.1097/0.3056/0.1470 | LR: 0.000001
Epoch [38/100] | Loss: 6.8517 (Cls: 6.7669, TAL: 0.3126, Adv: 0.5908, OT-Reg: 0.001280) | Marginal residual: 1.10e-04 | Train Acc: 0.2266 | Val Acc: 0.1389 | Val P/R/F1 (Macro): 0.0593/0.2222/0.0926 | LR: 0.000001
Epoch [39/100] | Loss: 6.5514 (Cls: 6.4360, TAL: 0.4698, Adv: 0.7385, OT-Reg: 0.001227) | Marginal residual: 1.39e-04 | Train Acc: 0.2188 | Val Acc: 0.3611 | Val P/R/F1 (Macro): 0.3651/0.3963/0.2848 | LR: 0.000001
Epoch [40/100] | Loss: 6.7062 (Cls: 6.6130, TAL: 0.3537, Adv: 0.6340, OT-Reg: 0.001250) | Marginal residual: 1.69e-04 | Train Acc: 0.1797 | Val Acc: 0.1111 | Val P/R/F1 (Macro): 0.1450/0.1889/0.0925 | LR: 0.000001
Epoch [41/100] | Loss: 6.6731 (Cls: 6.5407, TAL: 0.6093, Adv: 0.7410, OT-Reg: 0.001256) | Marginal residual: 1.22e-05 | Train Acc: 0.2656 | Val Acc: 0.1944 | Val P/R/F1 (Macro): 0.0838/0.2722/0.1207 | LR: 0.000001
Epoch [42/100] | Loss: 6.3475 (Cls: 6.2039, TAL: 0.6565, Adv: 0.8107, OT-Reg: 0.001253) | Marginal residual: 9.36e-08 | Train Acc: 0.2344 | Val Acc: 0.2778 | Val P/R/F1 (Macro): 0.2778/0.4630/0.2893 | LR: 0.000001
Epoch [43/100] | Loss: 6.5977 (Cls: 6.4541, TAL: 0.7034, Adv: 0.7404, OT-Reg: 0.001273) | Marginal residual: 6.38e-08 | Train Acc: 0.2578 | Val Acc: 0.1667 | Val P/R/F1 (Macro): 0.1725/0.3259/0.1429 | LR: 0.000001
Epoch [44/100] | Loss: 6.6458 (Cls: 6.5919, TAL: 0.0464, Adv: 0.6046, OT-Reg: 0.001260) | Marginal residual: 2.20e-04 | Train Acc: 0.2656 | Val Acc: 0.2778 | Val P/R/F1 (Macro): 0.2357/0.3389/0.2328 | LR: 0.000001
Epoch [45/100] | Loss: 6.7979 (Cls: 6.6619, TAL: 0.5479, Adv: 0.8780, OT-Reg: 0.001220) | Marginal residual: 1.28e-05 | Train Acc: 0.2500 | Val Acc: 0.2222 | Val P/R/F1 (Macro): 0.1917/0.2806/0.1401 | LR: 0.000001
Epoch [46/100] | Loss: 6.3951 (Cls: 6.3225, TAL: 0.1361, Adv: 0.7039, OT-Reg: 0.001287) | Marginal residual: 2.20e-04 | Train Acc: 0.2500 | Val Acc: 0.1944 | Val P/R/F1 (Macro): 0.1261/0.3556/0.1636 | LR: 0.000001
Epoch [47/100] | Loss: 6.9219 (Cls: 6.8357, TAL: 0.3569, Adv: 0.5423, OT-Reg: 0.001196) | Marginal residual: 9.93e-05 | Train Acc: 0.2422 | Val Acc: 0.3333 | Val P/R/F1 (Macro): 0.2370/0.3778/0.2416 | LR: 0.000001
Epoch [48/100] | Loss: 6.5216 (Cls: 6.3954, TAL: 0.5135, Adv: 0.8072, OT-Reg: 0.001260) | Marginal residual: 1.58e-04 | Train Acc: 0.2656 | Val Acc: 0.2778 | Val P/R/F1 (Macro): 0.2312/0.4093/0.2517 | LR: 0.000001
Epoch [49/100] | Loss: 6.7477 (Cls: 6.7042, TAL: -0.0801, Adv: 0.6641, OT-Reg: 0.001289) | Marginal residual: 2.97e-04 | Train Acc: 0.2109 | Val Acc: 0.3056 | Val P/R/F1 (Macro): 0.2049/0.3796/0.2327 | LR: 0.000001
Epoch [50/100] | Loss: 6.4621 (Cls: 6.4772, TAL: -0.5573, Adv: 0.6475, OT-Reg: 0.001289) | Marginal residual: 5.50e-04 | Train Acc: 0.2969 | Val Acc: 0.0278 | Val P/R/F1 (Macro): 0.0278/0.0278/0.0278 | LR: 0.000001
Epoch [51/100] | Loss: 7.0360 (Cls: 6.9378, TAL: 0.2875, Adv: 0.7958, OT-Reg: 0.001216) | Marginal residual: 2.02e-05 | Train Acc: 0.1875 | Val Acc: 0.2778 | Val P/R/F1 (Macro): 0.2519/0.4185/0.2168 | LR: 0.000001
Epoch [52/100] | Loss: 6.5577 (Cls: 6.5406, TAL: -0.2986, Adv: 0.6617, OT-Reg: 0.001260) | Marginal residual: 5.44e-04 | Train Acc: 0.2109 | Val Acc: 0.2778 | Val P/R/F1 (Macro): 0.1808/0.3556/0.1983 | LR: 0.000001
Epoch [53/100] | Loss: 6.4510 (Cls: 6.3797, TAL: 0.0760, Adv: 0.7783, OT-Reg: 0.001265) | Marginal residual: 1.84e-04 | Train Acc: 0.2734 | Val Acc: 0.2222 | Val P/R/F1 (Macro): 0.1735/0.2861/0.1807 | LR: 0.000001
Epoch [54/100] | Loss: 6.7197 (Cls: 6.6387, TAL: 0.2431, Adv: 0.6482, OT-Reg: 0.001277) | Marginal residual: 2.93e-04 | Train Acc: 0.3125 | Val Acc: 0.4722 | Val P/R/F1 (Macro): 0.5168/0.5759/0.4809 | LR: 0.000001
  >>> New Best Val Acc: 0.4722
Epoch [55/100] | Loss: 6.8165 (Cls: 6.6904, TAL: 0.6627, Adv: 0.5825, OT-Reg: 0.001251) | Marginal residual: 5.45e-08 | Train Acc: 0.2031 | Val Acc: 0.2778 | Val P/R/F1 (Macro): 0.1944/0.3444/0.2221 | LR: 0.000001
Epoch [56/100] | Loss: 6.7805 (Cls: 6.6492, TAL: 0.5210, Adv: 0.8601, OT-Reg: 0.001280) | Marginal residual: 1.31e-05 | Train Acc: 0.3281 | Val Acc: 0.3056 | Val P/R/F1 (Macro): 0.3234/0.4583/0.2850 | LR: 0.000001
Epoch [57/100] | Loss: 6.4915 (Cls: 6.3344, TAL: 0.6844, Adv: 0.9368, OT-Reg: 0.001247) | Marginal residual: 1.60e-06 | Train Acc: 0.2500 | Val Acc: 0.4722 | Val P/R/F1 (Macro): 0.4366/0.5815/0.4358 | LR: 0.000001
Epoch [58/100] | Loss: 6.2339 (Cls: 6.2188, TAL: -0.3360, Adv: 0.6927, OT-Reg: 0.001279) | Marginal residual: 6.27e-04 | Train Acc: 0.2578 | Val Acc: 0.2778 | Val P/R/F1 (Macro): 0.1873/0.2981/0.2016 | LR: 0.000001
Epoch [59/100] | Loss: 6.1500 (Cls: 6.1560, TAL: -0.4762, Adv: 0.6393, OT-Reg: 0.001301) | Marginal residual: 4.53e-04 | Train Acc: 0.2969 | Val Acc: 0.3333 | Val P/R/F1 (Macro): 0.2901/0.3981/0.2620 | LR: 0.000001
Epoch [60/100] | Loss: 6.1841 (Cls: 6.2078, TAL: -0.6614, Adv: 0.6955, OT-Reg: 0.001330) | Marginal residual: 5.05e-04 | Train Acc: 0.2266 | Val Acc: 0.2222 | Val P/R/F1 (Macro): 0.1258/0.2917/0.1583 | LR: 0.000001
Epoch [61/100] | Loss: 6.1857 (Cls: 6.1826, TAL: -0.3402, Adv: 0.5488, OT-Reg: 0.001289) | Marginal residual: 3.23e-04 | Train Acc: 0.3281 | Val Acc: 0.3056 | Val P/R/F1 (Macro): 0.2420/0.3778/0.2381 | LR: 0.000001
Epoch [62/100] | Loss: 6.5889 (Cls: 6.5385, TAL: -0.0634, Adv: 0.7249, OT-Reg: 0.001280) | Marginal residual: 2.16e-04 | Train Acc: 0.2500 | Val Acc: 0.3333 | Val P/R/F1 (Macro): 0.3111/0.3657/0.2554 | LR: 0.000001
Epoch [63/100] | Loss: 6.6609 (Cls: 6.6199, TAL: -0.0917, Adv: 0.6498, OT-Reg: 0.001279) | Marginal residual: 4.10e-04 | Train Acc: 0.2812 | Val Acc: 0.1389 | Val P/R/F1 (Macro): 0.0842/0.2222/0.1074 | LR: 0.000001
Epoch [64/100] | Loss: 6.3381 (Cls: 6.3308, TAL: -0.3726, Adv: 0.6512, OT-Reg: 0.001269) | Marginal residual: 1.88e-04 | Train Acc: 0.2656 | Val Acc: 0.3333 | Val P/R/F1 (Macro): 0.2704/0.4074/0.2770 | LR: 0.000001
Epoch [65/100] | Loss: 6.4646 (Cls: 6.3464, TAL: 0.4962, Adv: 0.7341, OT-Reg: 0.001251) | Marginal residual: 1.01e-04 | Train Acc: 0.2500 | Val Acc: 0.2500 | Val P/R/F1 (Macro): 0.1241/0.2444/0.1597 | LR: 0.000001
Epoch [66/100] | Loss: 6.0128 (Cls: 6.0401, TAL: -0.6322, Adv: 0.6074, OT-Reg: 0.001294) | Marginal residual: 5.61e-04 | Train Acc: 0.3203 | Val Acc: 0.3333 | Val P/R/F1 (Macro): 0.3019/0.4111/0.2708 | LR: 0.000001
Epoch [67/100] | Loss: 6.5804 (Cls: 6.6011, TAL: -0.5613, Adv: 0.5833, OT-Reg: 0.001296) | Marginal residual: 3.78e-04 | Train Acc: 0.2500 | Val Acc: 0.3611 | Val P/R/F1 (Macro): 0.3522/0.4111/0.2807 | LR: 0.000001
Epoch [68/100] | Loss: 6.5429 (Cls: 6.5527, TAL: -0.5528, Adv: 0.7061, OT-Reg: 0.001343) | Marginal residual: 6.97e-04 | Train Acc: 0.3438 | Val Acc: 0.3889 | Val P/R/F1 (Macro): 0.4439/0.3444/0.3411 | LR: 0.000001
Epoch [69/100] | Loss: 6.6482 (Cls: 6.6813, TAL: -0.6693, Adv: 0.5895, OT-Reg: 0.001313) | Marginal residual: 4.22e-04 | Train Acc: 0.2578 | Val Acc: 0.3611 | Val P/R/F1 (Macro): 0.2836/0.3685/0.2498 | LR: 0.000001
Epoch [70/100] | Loss: 5.8726 (Cls: 5.9132, TAL: -0.6856, Adv: 0.5208, OT-Reg: 0.001322) | Marginal residual: 4.23e-04 | Train Acc: 0.3125 | Val Acc: 0.3333 | Val P/R/F1 (Macro): 0.2950/0.3731/0.2691 | LR: 0.000001
Epoch [71/100] | Loss: 6.5547 (Cls: 6.4276, TAL: 0.5759, Adv: 0.7249, OT-Reg: 0.001268) | Marginal residual: 2.22e-05 | Train Acc: 0.2578 | Val Acc: 0.4167 | Val P/R/F1 (Macro): 0.2825/0.3741/0.2535 | LR: 0.000001
Epoch [72/100] | Loss: 6.5446 (Cls: 6.4705, TAL: 0.1819, Adv: 0.6530, OT-Reg: 0.001233) | Marginal residual: 5.43e-05 | Train Acc: 0.2266 | Val Acc: 0.2222 | Val P/R/F1 (Macro): 0.2296/0.2852/0.1749 | LR: 0.000001
Epoch [73/100] | Loss: 6.2990 (Cls: 6.2901, TAL: -0.3792, Adv: 0.6802, OT-Reg: 0.001268) | Marginal residual: 3.66e-04 | Train Acc: 0.2578 | Val Acc: 0.1111 | Val P/R/F1 (Macro): 0.0569/0.1056/0.0737 | LR: 0.000001
Epoch [74/100] | Loss: 6.7669 (Cls: 6.6437, TAL: 0.5502, Adv: 0.7145, OT-Reg: 0.001233) | Marginal residual: 1.43e-04 | Train Acc: 0.2344 | Val Acc: 0.2778 | Val P/R/F1 (Macro): 0.2296/0.2519/0.2343 | LR: 0.000001
Epoch [75/100] | Loss: 6.7573 (Cls: 6.6800, TAL: 0.2199, Adv: 0.6365, OT-Reg: 0.001250) | Marginal residual: 2.35e-05 | Train Acc: 0.2344 | Val Acc: 0.3056 | Val P/R/F1 (Macro): 0.1995/0.3444/0.2253 | LR: 0.000001
Epoch [76/100] | Loss: 6.3982 (Cls: 6.2585, TAL: 0.7504, Adv: 0.6205, OT-Reg: 0.001248) | Marginal residual: 4.38e-08 | Train Acc: 0.3125 | Val Acc: 0.3611 | Val P/R/F1 (Macro): 0.2512/0.3806/0.2602 | LR: 0.000001
Epoch [77/100] | Loss: 6.5562 (Cls: 6.4477, TAL: 0.4352, Adv: 0.7037, OT-Reg: 0.001255) | Marginal residual: 5.16e-05 | Train Acc: 0.1953 | Val Acc: 0.3056 | Val P/R/F1 (Macro): 0.3074/0.3741/0.2467 | LR: 0.000001
Epoch [78/100] | Loss: 6.3281 (Cls: 6.3111, TAL: -0.2989, Adv: 0.6612, OT-Reg: 0.001309) | Marginal residual: 3.49e-04 | Train Acc: 0.2969 | Val Acc: 0.3333 | Val P/R/F1 (Macro): 0.2755/0.3722/0.2663 | LR: 0.000001
Epoch [79/100] | Loss: 5.9882 (Cls: 6.0170, TAL: -0.6071, Adv: 0.5511, OT-Reg: 0.001320) | Marginal residual: 3.52e-04 | Train Acc: 0.3125 | Val Acc: 0.2778 | Val P/R/F1 (Macro): 0.1907/0.3222/0.2054 | LR: 0.000001
Epoch [80/100] | Loss: 6.3723 (Cls: 6.2849, TAL: 0.2103, Adv: 0.7761, OT-Reg: 0.001263) | Marginal residual: 3.91e-04 | Train Acc: 0.2891 | Val Acc: 0.2500 | Val P/R/F1 (Macro): 0.2392/0.3278/0.2037 | LR: 0.000001
Epoch [81/100] | Loss: 6.2199 (Cls: 6.1621, TAL: 0.0105, Adv: 0.7064, OT-Reg: 0.001288) | Marginal residual: 2.61e-04 | Train Acc: 0.2578 | Val Acc: 0.2222 | Val P/R/F1 (Macro): 0.1706/0.2852/0.1708 | LR: 0.000001
Epoch [82/100] | Loss: 6.4502 (Cls: 6.3019, TAL: 0.6727, Adv: 0.8450, OT-Reg: 0.001237) | Marginal residual: 3.13e-07 | Train Acc: 0.2891 | Val Acc: 0.1667 | Val P/R/F1 (Macro): 0.1074/0.2500/0.1338 | LR: 0.000001
Epoch [83/100] | Loss: 6.2785 (Cls: 6.1336, TAL: 0.6893, Adv: 0.7773, OT-Reg: 0.001223) | Marginal residual: 3.66e-05 | Train Acc: 0.2969 | Val Acc: 0.3333 | Val P/R/F1 (Macro): 0.3519/0.4019/0.2991 | LR: 0.000001
Epoch [84/100] | Loss: 6.3211 (Cls: 6.2846, TAL: -0.1231, Adv: 0.6411, OT-Reg: 0.001304) | Marginal residual: 2.83e-04 | Train Acc: 0.3516 | Val Acc: 0.4444 | Val P/R/F1 (Macro): 0.3234/0.4704/0.3440 | LR: 0.000001
Epoch [85/100] | Loss: 6.0687 (Cls: 6.0423, TAL: -0.2039, Adv: 0.6361, OT-Reg: 0.001283) | Marginal residual: 3.85e-04 | Train Acc: 0.2812 | Val Acc: 0.2778 | Val P/R/F1 (Macro): 0.2790/0.3370/0.2231 | LR: 0.000001
Epoch [86/100] | Loss: 6.6783 (Cls: 6.5373, TAL: 0.6268, Adv: 0.8230, OT-Reg: 0.001273) | Marginal residual: 6.75e-07 | Train Acc: 0.2891 | Val Acc: 0.3611 | Val P/R/F1 (Macro): 0.2876/0.4333/0.2937 | LR: 0.000001
Epoch [87/100] | Loss: 6.2703 (Cls: 6.2722, TAL: -0.4581, Adv: 0.6635, OT-Reg: 0.001326) | Marginal residual: 6.07e-04 | Train Acc: 0.2891 | Val Acc: 0.1111 | Val P/R/F1 (Macro): 0.0404/0.1111/0.0593 | LR: 0.000001
Epoch [88/100] | Loss: 6.7220 (Cls: 6.6365, TAL: 0.1729, Adv: 0.8100, OT-Reg: 0.001244) | Marginal residual: 3.68e-04 | Train Acc: 0.2891 | Val Acc: 0.2222 | Val P/R/F1 (Macro): 0.2064/0.2741/0.1630 | LR: 0.000001
Epoch [89/100] | Loss: 6.1670 (Cls: 6.1683, TAL: -0.4857, Adv: 0.7125, OT-Reg: 0.001293) | Marginal residual: 4.77e-04 | Train Acc: 0.2812 | Val Acc: 0.2778 | Val P/R/F1 (Macro): 0.2478/0.3130/0.1987 | LR: 0.000001
Epoch [90/100] | Loss: 5.9357 (Cls: 5.8791, TAL: -0.0094, Adv: 0.7226, OT-Reg: 0.001266) | Marginal residual: 2.78e-04 | Train Acc: 0.3438 | Val Acc: 0.2778 | Val P/R/F1 (Macro): 0.2685/0.3519/0.2458 | LR: 0.000001
Epoch [91/100] | Loss: 6.4925 (Cls: 6.4236, TAL: 0.0576, Adv: 0.7754, OT-Reg: 0.001292) | Marginal residual: 7.66e-04 | Train Acc: 0.2422 | Val Acc: 0.3056 | Val P/R/F1 (Macro): 0.2320/0.3648/0.2370 | LR: 0.000001
Epoch [92/100] | Loss: 6.3675 (Cls: 6.3398, TAL: -0.2609, Adv: 0.7376, OT-Reg: 0.001278) | Marginal residual: 6.76e-04 | Train Acc: 0.3125 | Val Acc: 0.2500 | Val P/R/F1 (Macro): 0.2024/0.3139/0.1907 | LR: 0.000001
Epoch [93/100] | Loss: 6.4398 (Cls: 6.2887, TAL: 0.6983, Adv: 0.8423, OT-Reg: 0.001252) | Marginal residual: 2.27e-05 | Train Acc: 0.2656 | Val Acc: 0.2778 | Val P/R/F1 (Macro): 0.3873/0.3500/0.2629 | LR: 0.000001
Epoch [94/100] | Loss: 5.9899 (Cls: 5.9526, TAL: -0.2078, Adv: 0.7784, OT-Reg: 0.001315) | Marginal residual: 8.63e-04 | Train Acc: 0.3047 | Val Acc: 0.2222 | Val P/R/F1 (Macro): 0.1551/0.3241/0.1831 | LR: 0.000001
Epoch [95/100] | Loss: 6.3062 (Cls: 6.3310, TAL: -0.6689, Adv: 0.6934, OT-Reg: 0.001280) | Marginal residual: 7.61e-04 | Train Acc: 0.2578 | Val Acc: 0.2778 | Val P/R/F1 (Macro): 0.1787/0.3500/0.2077 | LR: 0.000001
Epoch [96/100] | Loss: 6.3979 (Cls: 6.2534, TAL: 0.6654, Adv: 0.8076, OT-Reg: 0.001288) | Marginal residual: 1.36e-04 | Train Acc: 0.2578 | Val Acc: 0.2778 | Val P/R/F1 (Macro): 0.1578/0.4444/0.2130 | LR: 0.000001
Epoch [97/100] | Loss: 6.5485 (Cls: 6.4256, TAL: 0.4994, Adv: 0.7877, OT-Reg: 0.001294) | Marginal residual: 1.23e-04 | Train Acc: 0.2656 | Val Acc: 0.3056 | Val P/R/F1 (Macro): 0.3538/0.3648/0.2648 | LR: 0.000001
Epoch [98/100] | Loss: 6.5607 (Cls: 6.5635, TAL: -0.5382, Adv: 0.7716, OT-Reg: 0.001282) | Marginal residual: 5.65e-04 | Train Acc: 0.3047 | Val Acc: 0.4167 | Val P/R/F1 (Macro): 0.3584/0.4556/0.3470 | LR: 0.000001
Epoch [99/100] | Loss: 6.1794 (Cls: 6.1624, TAL: -0.4165, Adv: 0.8367, OT-Reg: 0.001285) | Marginal residual: 4.99e-04 | Train Acc: 0.2734 | Val Acc: 0.3889 | Val P/R/F1 (Macro): 0.2987/0.4278/0.3125 | LR: 0.000001
Epoch [100/100] | Loss: 6.5187 (Cls: 6.4675, TAL: -0.1517, Adv: 0.8685, OT-Reg: 0.001285) | Marginal residual: 5.23e-04 | Train Acc: 0.2969 | Val Acc: 0.2500 | Val P/R/F1 (Macro): 0.2047/0.3241/0.2071 | LR: 0.000001
Report strategy: last_window, window=10, reported_acc=0.2972, best_acc=0.4722

迭代 1 报告指标:
  Accuracy: 0.2972
  Precision (Macro): 0.2529
  Recall (Macro): 0.3719
  F1 (Macro): 0.2426
  Precision (Micro): 0.2972
  Recall (Micro): 0.2972
  F1 (Micro): 0.2972
  Val class coverage: 9/14 (0.6429), samples=36

================================================================================
迭代 2/5
随机种子: 43
================================================================================
Training mode: full target-label supervision (class-paired batches).
Feature fusion: Tensor alignment (512+512 -> 128+128); fused_dim=256
Domain adaptation: Neural OT generator with 3-domain discriminator
Loss weights: tensor=0.12, adv=0.08
Transport: mode=sinkhorn, epsilon=0.1, Sinkhorn iterations=50, correction scale=0.1, correction regularization weight=0.001
Tensor projection update: alternating SVD, max_sweeps=3, relative singular-value tolerance=0.0001
Epoch [1/100] | Loss: 8.8617 (Cls: 8.8500, TAL: -0.0598, Adv: 0.2365, OT-Reg: 0.002787) | Marginal residual: 3.45e-04 | Train Acc: 0.1016 | Val Acc: 0.1944 | Val P/R/F1 (Macro): 0.0434/0.1528/0.0645 | LR: 0.000005
  >>> New Best Val Acc: 0.1944
Epoch [2/100] | Loss: 8.0777 (Cls: 8.0570, TAL: 0.0333, Adv: 0.2093, OT-Reg: 0.002850) | Marginal residual: 1.69e-04 | Train Acc: 0.1250 | Val Acc: 0.0278 | Val P/R/F1 (Macro): 0.0038/0.1111/0.0074 | LR: 0.000005
Epoch [3/100] | Loss: 8.0289 (Cls: 7.9848, TAL: 0.2160, Adv: 0.2265, OT-Reg: 0.002798) | Marginal residual: 1.69e-05 | Train Acc: 0.1328 | Val Acc: 0.1389 | Val P/R/F1 (Macro): 0.0424/0.1333/0.0564 | LR: 0.000005
Epoch [4/100] | Loss: 7.7859 (Cls: 7.8215, TAL: -0.4474, Adv: 0.2259, OT-Reg: 0.002750) | Marginal residual: 3.66e-04 | Train Acc: 0.1562 | Val Acc: 0.1389 | Val P/R/F1 (Macro): 0.0432/0.1389/0.0579 | LR: 0.000005
Epoch [5/100] | Loss: 7.9185 (Cls: 7.9399, TAL: -0.3345, Adv: 0.2344, OT-Reg: 0.002741) | Marginal residual: 1.17e-04 | Train Acc: 0.0859 | Val Acc: 0.0833 | Val P/R/F1 (Macro): 0.0123/0.0667/0.0208 | LR: 0.000005
Epoch [6/100] | Loss: 7.6000 (Cls: 7.6227, TAL: -0.3316, Adv: 0.2126, OT-Reg: 0.002753) | Marginal residual: 2.56e-04 | Train Acc: 0.1875 | Val Acc: 0.0556 | Val P/R/F1 (Macro): 0.0146/0.2222/0.0272 | LR: 0.000005
Epoch [7/100] | Loss: 7.8443 (Cls: 7.7933, TAL: 0.2897, Adv: 0.2021, OT-Reg: 0.002771) | Marginal residual: 2.97e-04 | Train Acc: 0.1562 | Val Acc: 0.0556 | Val P/R/F1 (Macro): 0.0241/0.2222/0.0423 | LR: 0.000005
Epoch [8/100] | Loss: 7.5873 (Cls: 7.4806, TAL: 0.7260, Adv: 0.2441, OT-Reg: 0.002763) | Marginal residual: 3.86e-08 | Train Acc: 0.1641 | Val Acc: 0.0833 | Val P/R/F1 (Macro): 0.1296/0.0694/0.0525 | LR: 0.000005
Epoch [9/100] | Loss: 7.5973 (Cls: 7.5052, TAL: 0.6246, Adv: 0.2144, OT-Reg: 0.002748) | Marginal residual: 4.58e-05 | Train Acc: 0.1562 | Val Acc: 0.0278 | Val P/R/F1 (Macro): 0.0046/0.1111/0.0089 | LR: 0.000005
Epoch [10/100] | Loss: 7.6506 (Cls: 7.5573, TAL: 0.6217, Adv: 0.2343, OT-Reg: 0.002781) | Marginal residual: 4.75e-08 | Train Acc: 0.1562 | Val Acc: 0.1111 | Val P/R/F1 (Macro): 0.0527/0.1111/0.0692 | LR: 0.000005
Epoch [11/100] | Loss: 7.5814 (Cls: 7.4835, TAL: 0.6488, Adv: 0.2492, OT-Reg: 0.002780) | Marginal residual: 4.42e-08 | Train Acc: 0.1406 | Val Acc: 0.3333 | Val P/R/F1 (Macro): 0.0960/0.2222/0.1333 | LR: 0.000005
  >>> New Best Val Acc: 0.3333
Epoch [12/100] | Loss: 7.3907 (Cls: 7.2878, TAL: 0.6918, Adv: 0.2477, OT-Reg: 0.002717) | Marginal residual: 5.08e-08 | Train Acc: 0.1719 | Val Acc: 0.2778 | Val P/R/F1 (Macro): 0.1000/0.3056/0.1469 | LR: 0.000005
Epoch [13/100] | Loss: 7.1230 (Cls: 7.1325, TAL: -0.2674, Adv: 0.2823, OT-Reg: 0.002632) | Marginal residual: 2.40e-04 | Train Acc: 0.1953 | Val Acc: 0.0833 | Val P/R/F1 (Macro): 0.0208/0.1111/0.0351 | LR: 0.000005
Epoch [14/100] | Loss: 7.0757 (Cls: 6.9637, TAL: 0.6907, Adv: 0.3632, OT-Reg: 0.002738) | Marginal residual: 4.52e-08 | Train Acc: 0.1719 | Val Acc: 0.1111 | Val P/R/F1 (Macro): 0.0862/0.2583/0.1152 | LR: 0.000005
Epoch [15/100] | Loss: 7.1714 (Cls: 7.1565, TAL: -0.1262, Adv: 0.3747, OT-Reg: 0.002679) | Marginal residual: 3.92e-04 | Train Acc: 0.1250 | Val Acc: 0.1667 | Val P/R/F1 (Macro): 0.0417/0.0833/0.0556 | LR: 0.000005
Epoch [16/100] | Loss: 6.9697 (Cls: 6.9392, TAL: 0.0427, Adv: 0.3170, OT-Reg: 0.002655) | Marginal residual: 2.23e-04 | Train Acc: 0.1797 | Val Acc: 0.1389 | Val P/R/F1 (Macro): 0.1818/0.1083/0.0914 | LR: 0.000005
Epoch [17/100] | Loss: 7.1424 (Cls: 7.0568, TAL: 0.5007, Adv: 0.3190, OT-Reg: 0.002717) | Marginal residual: 4.38e-08 | Train Acc: 0.2188 | Val Acc: 0.2222 | Val P/R/F1 (Macro): 0.1270/0.2833/0.1515 | LR: 0.000005
Epoch [18/100] | Loss: 6.9904 (Cls: 6.9952, TAL: -0.2508, Adv: 0.3170, OT-Reg: 0.002699) | Marginal residual: 2.27e-04 | Train Acc: 0.2422 | Val Acc: 0.1944 | Val P/R/F1 (Macro): 0.1517/0.2500/0.1463 | LR: 0.000005
Epoch [19/100] | Loss: 6.7585 (Cls: 6.8298, TAL: -0.7650, Adv: 0.2572, OT-Reg: 0.002620) | Marginal residual: 6.39e-04 | Train Acc: 0.2188 | Val Acc: 0.1111 | Val P/R/F1 (Macro): 0.0251/0.1667/0.0418 | LR: 0.000005
Epoch [20/100] | Loss: 7.1146 (Cls: 7.0883, TAL: -0.0149, Adv: 0.3511, OT-Reg: 0.002655) | Marginal residual: 2.02e-04 | Train Acc: 0.1562 | Val Acc: 0.2222 | Val P/R/F1 (Macro): 0.1230/0.1667/0.1251 | LR: 0.000005
Epoch [21/100] | Loss: 6.7343 (Cls: 6.7432, TAL: -0.2833, Adv: 0.3132, OT-Reg: 0.002643) | Marginal residual: 5.12e-04 | Train Acc: 0.2422 | Val Acc: 0.1389 | Val P/R/F1 (Macro): 0.0516/0.3056/0.0864 | LR: 0.000005
Epoch [22/100] | Loss: 6.4728 (Cls: 6.5369, TAL: -0.6943, Adv: 0.2403, OT-Reg: 0.002687) | Marginal residual: 5.00e-04 | Train Acc: 0.2734 | Val Acc: 0.2778 | Val P/R/F1 (Macro): 0.1163/0.4074/0.1737 | LR: 0.000003
Epoch [23/100] | Loss: 6.7762 (Cls: 6.8066, TAL: -0.4229, Adv: 0.2543, OT-Reg: 0.002709) | Marginal residual: 7.58e-04 | Train Acc: 0.2422 | Val Acc: 0.2222 | Val P/R/F1 (Macro): 0.0638/0.2222/0.0991 | LR: 0.000003
Epoch [24/100] | Loss: 6.5765 (Cls: 6.6261, TAL: -0.6091, Adv: 0.2932, OT-Reg: 0.002734) | Marginal residual: 5.13e-04 | Train Acc: 0.2344 | Val Acc: 0.2500 | Val P/R/F1 (Macro): 0.2009/0.2630/0.1560 | LR: 0.000003
Epoch [25/100] | Loss: 6.9211 (Cls: 6.8496, TAL: 0.3521, Adv: 0.3661, OT-Reg: 0.002701) | Marginal residual: 3.05e-04 | Train Acc: 0.1641 | Val Acc: 0.2222 | Val P/R/F1 (Macro): 0.1185/0.2315/0.1425 | LR: 0.000003
Epoch [26/100] | Loss: 6.5307 (Cls: 6.4965, TAL: 0.0992, Adv: 0.2789, OT-Reg: 0.002694) | Marginal residual: 1.98e-04 | Train Acc: 0.2188 | Val Acc: 0.3611 | Val P/R/F1 (Macro): 0.2148/0.3426/0.2446 | LR: 0.000003
  >>> New Best Val Acc: 0.3611
Epoch [27/100] | Loss: 6.5784 (Cls: 6.6327, TAL: -0.6494, Adv: 0.2948, OT-Reg: 0.002692) | Marginal residual: 5.72e-04 | Train Acc: 0.2031 | Val Acc: 0.0833 | Val P/R/F1 (Macro): 0.0152/0.1111/0.0267 | LR: 0.000003
Epoch [28/100] | Loss: 6.8070 (Cls: 6.8018, TAL: -0.1491, Adv: 0.2883, OT-Reg: 0.002667) | Marginal residual: 3.94e-04 | Train Acc: 0.1797 | Val Acc: 0.2222 | Val P/R/F1 (Macro): 0.2051/0.2917/0.1508 | LR: 0.000003
Epoch [29/100] | Loss: 6.7822 (Cls: 6.8184, TAL: -0.4992, Adv: 0.2964, OT-Reg: 0.002702) | Marginal residual: 2.25e-04 | Train Acc: 0.2109 | Val Acc: 0.2778 | Val P/R/F1 (Macro): 0.1710/0.3926/0.2089 | LR: 0.000003
Epoch [30/100] | Loss: 7.1393 (Cls: 7.0392, TAL: 0.5959, Adv: 0.3575, OT-Reg: 0.002761) | Marginal residual: 8.03e-05 | Train Acc: 0.2031 | Val Acc: 0.0833 | Val P/R/F1 (Macro): 0.0574/0.0833/0.0593 | LR: 0.000003
Epoch [31/100] | Loss: 6.9672 (Cls: 6.8545, TAL: 0.7430, Adv: 0.2939, OT-Reg: 0.002736) | Marginal residual: 4.47e-08 | Train Acc: 0.2031 | Val Acc: 0.2778 | Val P/R/F1 (Macro): 0.1215/0.2824/0.1614 | LR: 0.000003
Epoch [32/100] | Loss: 6.9593 (Cls: 6.8655, TAL: 0.5170, Adv: 0.3975, OT-Reg: 0.002704) | Marginal residual: 1.15e-04 | Train Acc: 0.1953 | Val Acc: 0.1389 | Val P/R/F1 (Macro): 0.1695/0.2028/0.1134 | LR: 0.000003
Epoch [33/100] | Loss: 6.6842 (Cls: 6.7126, TAL: -0.4012, Adv: 0.2468, OT-Reg: 0.002737) | Marginal residual: 6.36e-04 | Train Acc: 0.2109 | Val Acc: 0.1389 | Val P/R/F1 (Macro): 0.0608/0.2889/0.0902 | LR: 0.000003
Epoch [34/100] | Loss: 6.8045 (Cls: 6.8281, TAL: -0.3897, Adv: 0.2889, OT-Reg: 0.002781) | Marginal residual: 2.70e-04 | Train Acc: 0.1562 | Val Acc: 0.2778 | Val P/R/F1 (Macro): 0.2786/0.3981/0.2330 | LR: 0.000003
Epoch [35/100] | Loss: 6.2248 (Cls: 6.2537, TAL: -0.4138, Adv: 0.2596, OT-Reg: 0.002731) | Marginal residual: 3.65e-04 | Train Acc: 0.2500 | Val Acc: 0.1389 | Val P/R/F1 (Macro): 0.0879/0.2065/0.0990 | LR: 0.000003
Epoch [36/100] | Loss: 6.7466 (Cls: 6.7429, TAL: -0.1043, Adv: 0.2031, OT-Reg: 0.002650) | Marginal residual: 2.48e-04 | Train Acc: 0.2109 | Val Acc: 0.2778 | Val P/R/F1 (Macro): 0.1442/0.2778/0.1806 | LR: 0.000003
Epoch [37/100] | Loss: 6.7364 (Cls: 6.6202, TAL: 0.7174, Adv: 0.3762, OT-Reg: 0.002791) | Marginal residual: 7.90e-05 | Train Acc: 0.2188 | Val Acc: 0.1944 | Val P/R/F1 (Macro): 0.1677/0.2731/0.1376 | LR: 0.000001
Epoch [38/100] | Loss: 6.7986 (Cls: 6.8002, TAL: -0.1427, Adv: 0.1939, OT-Reg: 0.002710) | Marginal residual: 4.54e-04 | Train Acc: 0.1875 | Val Acc: 0.2500 | Val P/R/F1 (Macro): 0.1119/0.2500/0.1387 | LR: 0.000001
Epoch [39/100] | Loss: 6.9234 (Cls: 6.9309, TAL: -0.2071, Adv: 0.2163, OT-Reg: 0.002775) | Marginal residual: 3.79e-04 | Train Acc: 0.2656 | Val Acc: 0.1667 | Val P/R/F1 (Macro): 0.0459/0.2222/0.0702 | LR: 0.000001
Epoch [40/100] | Loss: 6.5733 (Cls: 6.5294, TAL: 0.1948, Adv: 0.2571, OT-Reg: 0.002748) | Marginal residual: 2.65e-04 | Train Acc: 0.2578 | Val Acc: 0.3611 | Val P/R/F1 (Macro): 0.3778/0.4981/0.3434 | LR: 0.000001
Epoch [41/100] | Loss: 6.5392 (Cls: 6.4692, TAL: 0.3692, Adv: 0.3220, OT-Reg: 0.002724) | Marginal residual: 1.83e-04 | Train Acc: 0.2734 | Val Acc: 0.2500 | Val P/R/F1 (Macro): 0.1950/0.2991/0.1803 | LR: 0.000001
Epoch [42/100] | Loss: 6.4575 (Cls: 6.3869, TAL: 0.3728, Adv: 0.3226, OT-Reg: 0.002726) | Marginal residual: 1.07e-04 | Train Acc: 0.2578 | Val Acc: 0.0833 | Val P/R/F1 (Macro): 0.0722/0.1472/0.0588 | LR: 0.000001
Epoch [43/100] | Loss: 6.5045 (Cls: 6.4804, TAL: -0.0027, Adv: 0.3054, OT-Reg: 0.002695) | Marginal residual: 5.55e-04 | Train Acc: 0.2344 | Val Acc: 0.1389 | Val P/R/F1 (Macro): 0.0960/0.1963/0.0880 | LR: 0.000001
Epoch [44/100] | Loss: 6.3889 (Cls: 6.3971, TAL: -0.3101, Adv: 0.3623, OT-Reg: 0.002760) | Marginal residual: 4.88e-04 | Train Acc: 0.2109 | Val Acc: 0.4167 | Val P/R/F1 (Macro): 0.2704/0.4278/0.3004 | LR: 0.000001
  >>> New Best Val Acc: 0.4167
Epoch [45/100] | Loss: 5.9520 (Cls: 6.0116, TAL: -0.6942, Adv: 0.2967, OT-Reg: 0.002650) | Marginal residual: 3.18e-04 | Train Acc: 0.3359 | Val Acc: 0.1667 | Val P/R/F1 (Macro): 0.1454/0.2778/0.1309 | LR: 0.000001
Epoch [46/100] | Loss: 6.3787 (Cls: 6.3432, TAL: 0.0663, Adv: 0.3441, OT-Reg: 0.002660) | Marginal residual: 2.08e-04 | Train Acc: 0.1953 | Val Acc: 0.1667 | Val P/R/F1 (Macro): 0.1035/0.2315/0.1084 | LR: 0.000001
Epoch [47/100] | Loss: 6.1962 (Cls: 6.2471, TAL: -0.6332, Adv: 0.3140, OT-Reg: 0.002663) | Marginal residual: 7.07e-04 | Train Acc: 0.2812 | Val Acc: 0.3056 | Val P/R/F1 (Macro): 0.2427/0.3120/0.2257 | LR: 0.000001
Epoch [48/100] | Loss: 6.5251 (Cls: 6.5534, TAL: -0.4319, Adv: 0.2936, OT-Reg: 0.002681) | Marginal residual: 5.14e-04 | Train Acc: 0.1328 | Val Acc: 0.0278 | Val P/R/F1 (Macro): 0.0556/0.0278/0.0370 | LR: 0.000001
Epoch [49/100] | Loss: 6.5160 (Cls: 6.4374, TAL: 0.4462, Adv: 0.3124, OT-Reg: 0.002762) | Marginal residual: 2.70e-04 | Train Acc: 0.2500 | Val Acc: 0.2778 | Val P/R/F1 (Macro): 0.2081/0.4019/0.2142 | LR: 0.000001
Epoch [50/100] | Loss: 6.3129 (Cls: 6.3249, TAL: -0.2890, Adv: 0.2827, OT-Reg: 0.002694) | Marginal residual: 4.28e-04 | Train Acc: 0.2109 | Val Acc: 0.1944 | Val P/R/F1 (Macro): 0.0657/0.2667/0.1002 | LR: 0.000001
Epoch [51/100] | Loss: 6.2346 (Cls: 6.2361, TAL: -0.1894, Adv: 0.2652, OT-Reg: 0.002735) | Marginal residual: 2.42e-04 | Train Acc: 0.2656 | Val Acc: 0.1944 | Val P/R/F1 (Macro): 0.2019/0.2630/0.1473 | LR: 0.000001
Epoch [52/100] | Loss: 6.7730 (Cls: 6.7659, TAL: -0.0766, Adv: 0.2040, OT-Reg: 0.002761) | Marginal residual: 5.78e-04 | Train Acc: 0.1641 | Val Acc: 0.0000 | Val P/R/F1 (Macro): 0.0000/0.0000/0.0000 | LR: 0.000001
Epoch [53/100] | Loss: 6.5309 (Cls: 6.5036, TAL: 0.1098, Adv: 0.1764, OT-Reg: 0.002725) | Marginal residual: 4.24e-04 | Train Acc: 0.2422 | Val Acc: 0.2778 | Val P/R/F1 (Macro): 0.1587/0.1843/0.1467 | LR: 0.000001
Epoch [54/100] | Loss: 6.4814 (Cls: 6.4512, TAL: 0.0420, Adv: 0.3148, OT-Reg: 0.002769) | Marginal residual: 7.36e-05 | Train Acc: 0.2500 | Val Acc: 0.0000 | Val P/R/F1 (Macro): 0.0000/0.0000/0.0000 | LR: 0.000001
Epoch [55/100] | Loss: 6.3416 (Cls: 6.3691, TAL: -0.3608, Adv: 0.1976, OT-Reg: 0.002757) | Marginal residual: 3.09e-04 | Train Acc: 0.2344 | Val Acc: 0.5833 | Val P/R/F1 (Macro): 0.4405/0.5556/0.4417 | LR: 0.000001
  >>> New Best Val Acc: 0.5833
Epoch [56/100] | Loss: 6.0759 (Cls: 6.1064, TAL: -0.3756, Adv: 0.1819, OT-Reg: 0.002717) | Marginal residual: 6.90e-04 | Train Acc: 0.2031 | Val Acc: 0.2500 | Val P/R/F1 (Macro): 0.1505/0.2574/0.1571 | LR: 0.000001
Epoch [57/100] | Loss: 6.2791 (Cls: 6.2429, TAL: 0.1354, Adv: 0.2494, OT-Reg: 0.002714) | Marginal residual: 2.66e-04 | Train Acc: 0.2656 | Val Acc: 0.3889 | Val P/R/F1 (Macro): 0.2393/0.3750/0.2673 | LR: 0.000001
Epoch [58/100] | Loss: 6.2435 (Cls: 6.3192, TAL: -0.7278, Adv: 0.1444, OT-Reg: 0.002676) | Marginal residual: 7.83e-04 | Train Acc: 0.2344 | Val Acc: 0.3889 | Val P/R/F1 (Macro): 0.4284/0.4352/0.3304 | LR: 0.000001
Epoch [59/100] | Loss: 6.0634 (Cls: 6.1248, TAL: -0.6520, Adv: 0.2110, OT-Reg: 0.002717) | Marginal residual: 8.38e-04 | Train Acc: 0.2266 | Val Acc: 0.2500 | Val P/R/F1 (Macro): 0.2519/0.3000/0.1953 | LR: 0.000001
Epoch [60/100] | Loss: 6.3598 (Cls: 6.2987, TAL: 0.3944, Adv: 0.1725, OT-Reg: 0.002730) | Marginal residual: 5.55e-04 | Train Acc: 0.2578 | Val Acc: 0.1944 | Val P/R/F1 (Macro): 0.1374/0.3648/0.1686 | LR: 0.000001
Epoch [61/100] | Loss: 6.5040 (Cls: 6.5239, TAL: -0.2820, Adv: 0.1745, OT-Reg: 0.002663) | Marginal residual: 5.90e-04 | Train Acc: 0.1875 | Val Acc: 0.2778 | Val P/R/F1 (Macro): 0.2387/0.4259/0.2264 | LR: 0.000001
Epoch [62/100] | Loss: 6.2789 (Cls: 6.3380, TAL: -0.6232, Adv: 0.1955, OT-Reg: 0.002672) | Marginal residual: 4.37e-04 | Train Acc: 0.2578 | Val Acc: 0.1667 | Val P/R/F1 (Macro): 0.0984/0.2500/0.1066 | LR: 0.000001
Epoch [63/100] | Loss: 5.9941 (Cls: 6.0549, TAL: -0.6679, Adv: 0.2422, OT-Reg: 0.002652) | Marginal residual: 6.48e-04 | Train Acc: 0.2266 | Val Acc: 0.3611 | Val P/R/F1 (Macro): 0.3198/0.4852/0.2870 | LR: 0.000001
Epoch [64/100] | Loss: 6.4291 (Cls: 6.3820, TAL: 0.2596, Adv: 0.1994, OT-Reg: 0.002747) | Marginal residual: 6.07e-04 | Train Acc: 0.2734 | Val Acc: 0.3056 | Val P/R/F1 (Macro): 0.1563/0.4259/0.2114 | LR: 0.000001
Epoch [65/100] | Loss: 5.8932 (Cls: 5.9243, TAL: -0.3658, Adv: 0.1596, OT-Reg: 0.002709) | Marginal residual: 4.31e-04 | Train Acc: 0.2969 | Val Acc: 0.3333 | Val P/R/F1 (Macro): 0.2921/0.3657/0.2259 | LR: 0.000001
Epoch [66/100] | Loss: 6.1704 (Cls: 6.1930, TAL: -0.3247, Adv: 0.2047, OT-Reg: 0.002722) | Marginal residual: 7.20e-04 | Train Acc: 0.2266 | Val Acc: 0.1111 | Val P/R/F1 (Macro): 0.0615/0.2685/0.0863 | LR: 0.000001
Epoch [67/100] | Loss: 6.3784 (Cls: 6.3424, TAL: 0.1780, Adv: 0.1820, OT-Reg: 0.002784) | Marginal residual: 2.71e-04 | Train Acc: 0.1953 | Val Acc: 0.2778 | Val P/R/F1 (Macro): 0.2123/0.3185/0.2044 | LR: 0.000001
Epoch [68/100] | Loss: 6.2241 (Cls: 6.2177, TAL: -0.0697, Adv: 0.1841, OT-Reg: 0.002706) | Marginal residual: 5.89e-04 | Train Acc: 0.1953 | Val Acc: 0.0833 | Val P/R/F1 (Macro): 0.0370/0.0833/0.0513 | LR: 0.000001
Epoch [69/100] | Loss: 6.1289 (Cls: 6.0678, TAL: 0.3178, Adv: 0.2874, OT-Reg: 0.002723) | Marginal residual: 4.94e-04 | Train Acc: 0.2344 | Val Acc: 0.2778 | Val P/R/F1 (Macro): 0.3049/0.3648/0.2384 | LR: 0.000001
Epoch [70/100] | Loss: 6.2387 (Cls: 6.1316, TAL: 0.7081, Adv: 0.2759, OT-Reg: 0.002739) | Marginal residual: 1.19e-04 | Train Acc: 0.3438 | Val Acc: 0.2778 | Val P/R/F1 (Macro): 0.1052/0.3148/0.1435 | LR: 0.000001
Epoch [71/100] | Loss: 6.4144 (Cls: 6.3483, TAL: 0.3380, Adv: 0.3188, OT-Reg: 0.002653) | Marginal residual: 6.06e-04 | Train Acc: 0.2812 | Val Acc: 0.1667 | Val P/R/F1 (Macro): 0.0972/0.2407/0.0940 | LR: 0.000001
Epoch [72/100] | Loss: 6.1590 (Cls: 6.1499, TAL: -0.1018, Adv: 0.2674, OT-Reg: 0.002726) | Marginal residual: 9.31e-04 | Train Acc: 0.3359 | Val Acc: 0.1944 | Val P/R/F1 (Macro): 0.1296/0.2593/0.1331 | LR: 0.000001
Epoch [73/100] | Loss: 6.6838 (Cls: 6.6321, TAL: 0.1824, Adv: 0.3723, OT-Reg: 0.002671) | Marginal residual: 4.12e-04 | Train Acc: 0.1719 | Val Acc: 0.2500 | Val P/R/F1 (Macro): 0.1326/0.3056/0.1609 | LR: 0.000001
Epoch [74/100] | Loss: 6.4300 (Cls: 6.4138, TAL: -0.0787, Adv: 0.3201, OT-Reg: 0.002777) | Marginal residual: 5.74e-04 | Train Acc: 0.2891 | Val Acc: 0.3333 | Val P/R/F1 (Macro): 0.2083/0.3796/0.2359 | LR: 0.000001
Epoch [75/100] | Loss: 6.3446 (Cls: 6.3022, TAL: 0.0847, Adv: 0.4029, OT-Reg: 0.002786) | Marginal residual: 3.14e-04 | Train Acc: 0.2656 | Val Acc: 0.0556 | Val P/R/F1 (Macro): 0.0202/0.0556/0.0296 | LR: 0.000001
Epoch [76/100] | Loss: 6.3252 (Cls: 6.2108, TAL: 0.6678, Adv: 0.4274, OT-Reg: 0.002783) | Marginal residual: 3.87e-04 | Train Acc: 0.2422 | Val Acc: 0.3056 | Val P/R/F1 (Macro): 0.3168/0.3463/0.2578 | LR: 0.000001
Epoch [77/100] | Loss: 6.1157 (Cls: 6.0561, TAL: 0.2783, Adv: 0.3282, OT-Reg: 0.002779) | Marginal residual: 4.52e-04 | Train Acc: 0.3594 | Val Acc: 0.3056 | Val P/R/F1 (Macro): 0.2917/0.3370/0.2375 | LR: 0.000001
Epoch [78/100] | Loss: 6.1505 (Cls: 6.1668, TAL: -0.3324, Adv: 0.2956, OT-Reg: 0.002638) | Marginal residual: 6.27e-04 | Train Acc: 0.2656 | Val Acc: 0.2222 | Val P/R/F1 (Macro): 0.1641/0.2630/0.1671 | LR: 0.000001
Epoch [79/100] | Loss: 5.9770 (Cls: 5.9419, TAL: 0.0158, Adv: 0.4158, OT-Reg: 0.002677) | Marginal residual: 9.17e-04 | Train Acc: 0.2344 | Val Acc: 0.2778 | Val P/R/F1 (Macro): 0.2207/0.3343/0.2318 | LR: 0.000001
Epoch [80/100] | Loss: 6.5459 (Cls: 6.4664, TAL: 0.3725, Adv: 0.4352, OT-Reg: 0.002703) | Marginal residual: 5.94e-04 | Train Acc: 0.2344 | Val Acc: 0.0556 | Val P/R/F1 (Macro): 0.0185/0.0556/0.0278 | LR: 0.000001
Epoch [81/100] | Loss: 6.6436 (Cls: 6.6072, TAL: 0.0585, Adv: 0.3682, OT-Reg: 0.002704) | Marginal residual: 6.21e-04 | Train Acc: 0.2266 | Val Acc: 0.3611 | Val P/R/F1 (Macro): 0.1929/0.3889/0.2375 | LR: 0.000001
Epoch [82/100] | Loss: 5.7294 (Cls: 5.7500, TAL: -0.4047, Adv: 0.3495, OT-Reg: 0.002691) | Marginal residual: 1.06e-03 | Train Acc: 0.2422 | Val Acc: 0.1111 | Val P/R/F1 (Macro): 0.0676/0.2037/0.0867 | LR: 0.000001
Epoch [83/100] | Loss: 6.3823 (Cls: 6.3664, TAL: -0.1144, Adv: 0.3709, OT-Reg: 0.002742) | Marginal residual: 2.46e-04 | Train Acc: 0.2734 | Val Acc: 0.2222 | Val P/R/F1 (Macro): 0.1323/0.2778/0.1418 | LR: 0.000001
Epoch [84/100] | Loss: 6.3469 (Cls: 6.3739, TAL: -0.4177, Adv: 0.2887, OT-Reg: 0.002718) | Marginal residual: 5.74e-04 | Train Acc: 0.1641 | Val Acc: 0.2778 | Val P/R/F1 (Macro): 0.2346/0.3148/0.2012 | LR: 0.000001
Epoch [85/100] | Loss: 6.3506 (Cls: 6.4028, TAL: -0.6579, Adv: 0.3340, OT-Reg: 0.002708) | Marginal residual: 5.90e-04 | Train Acc: 0.2812 | Val Acc: 0.0556 | Val P/R/F1 (Macro): 0.1111/0.0556/0.0741 | LR: 0.000001
Epoch [86/100] | Loss: 6.2080 (Cls: 6.1648, TAL: 0.1089, Adv: 0.3766, OT-Reg: 0.002781) | Marginal residual: 4.89e-04 | Train Acc: 0.2578 | Val Acc: 0.3333 | Val P/R/F1 (Macro): 0.3593/0.3926/0.3095 | LR: 0.000001
Epoch [87/100] | Loss: 6.0417 (Cls: 5.9553, TAL: 0.4325, Adv: 0.4318, OT-Reg: 0.002729) | Marginal residual: 6.14e-04 | Train Acc: 0.3125 | Val Acc: 0.3333 | Val P/R/F1 (Macro): 0.2023/0.3704/0.2381 | LR: 0.000001
Epoch [88/100] | Loss: 6.0468 (Cls: 5.9278, TAL: 0.6298, Adv: 0.5426, OT-Reg: 0.002772) | Marginal residual: 5.06e-04 | Train Acc: 0.3281 | Val Acc: 0.3889 | Val P/R/F1 (Macro): 0.1898/0.4167/0.2556 | LR: 0.000001
Epoch [89/100] | Loss: 6.2129 (Cls: 6.1145, TAL: 0.5000, Adv: 0.4800, OT-Reg: 0.002733) | Marginal residual: 5.08e-04 | Train Acc: 0.2969 | Val Acc: 0.2778 | Val P/R/F1 (Macro): 0.1268/0.2593/0.1523 | LR: 0.000001
Epoch [90/100] | Loss: 6.3604 (Cls: 6.2346, TAL: 0.6487, Adv: 0.6002, OT-Reg: 0.002670) | Marginal residual: 1.94e-04 | Train Acc: 0.2422 | Val Acc: 0.4167 | Val P/R/F1 (Macro): 0.3638/0.3509/0.2869 | LR: 0.000001
Epoch [91/100] | Loss: 6.5472 (Cls: 6.4009, TAL: 0.7159, Adv: 0.7546, OT-Reg: 0.002730) | Marginal residual: 5.60e-04 | Train Acc: 0.2656 | Val Acc: 0.3333 | Val P/R/F1 (Macro): 0.2082/0.3611/0.2264 | LR: 0.000001
Epoch [92/100] | Loss: 6.3856 (Cls: 6.2771, TAL: 0.5330, Adv: 0.5569, OT-Reg: 0.002702) | Marginal residual: 4.29e-04 | Train Acc: 0.2500 | Val Acc: 0.2778 | Val P/R/F1 (Macro): 0.4268/0.3472/0.2688 | LR: 0.000001
Epoch [93/100] | Loss: 6.1720 (Cls: 6.1508, TAL: -0.1522, Adv: 0.4931, OT-Reg: 0.002637) | Marginal residual: 5.75e-04 | Train Acc: 0.3516 | Val Acc: 0.2778 | Val P/R/F1 (Macro): 0.3022/0.3565/0.2334 | LR: 0.000001
Epoch [94/100] | Loss: 6.1433 (Cls: 6.0740, TAL: 0.1717, Adv: 0.6079, OT-Reg: 0.002729) | Marginal residual: 6.43e-04 | Train Acc: 0.2422 | Val Acc: 0.3889 | Val P/R/F1 (Macro): 0.3857/0.4278/0.3358 | LR: 0.000001
Epoch [95/100] | Loss: 6.2005 (Cls: 6.1008, TAL: 0.3507, Adv: 0.7197, OT-Reg: 0.002706) | Marginal residual: 2.66e-04 | Train Acc: 0.1797 | Val Acc: 0.3333 | Val P/R/F1 (Macro): 0.2824/0.3889/0.2605 | LR: 0.000001
Epoch [96/100] | Loss: 6.5704 (Cls: 6.4949, TAL: 0.2204, Adv: 0.6126, OT-Reg: 0.002701) | Marginal residual: 2.77e-04 | Train Acc: 0.2656 | Val Acc: 0.3611 | Val P/R/F1 (Macro): 0.3151/0.3926/0.2638 | LR: 0.000001
Epoch [97/100] | Loss: 6.3766 (Cls: 6.3271, TAL: 0.0001, Adv: 0.6191, OT-Reg: 0.002687) | Marginal residual: 3.98e-04 | Train Acc: 0.2188 | Val Acc: 0.3056 | Val P/R/F1 (Macro): 0.2894/0.3611/0.2406 | LR: 0.000001
Epoch [98/100] | Loss: 6.2421 (Cls: 6.1856, TAL: 0.0890, Adv: 0.5722, OT-Reg: 0.002743) | Marginal residual: 6.27e-04 | Train Acc: 0.2500 | Val Acc: 0.1944 | Val P/R/F1 (Macro): 0.1852/0.1389/0.1278 | LR: 0.000001
Epoch [99/100] | Loss: 6.6718 (Cls: 6.6205, TAL: 0.0416, Adv: 0.5781, OT-Reg: 0.002688) | Marginal residual: 1.63e-04 | Train Acc: 0.2656 | Val Acc: 0.4167 | Val P/R/F1 (Macro): 0.3873/0.4630/0.3896 | LR: 0.000001
Epoch [100/100] | Loss: 6.0298 (Cls: 6.0191, TAL: -0.2946, Adv: 0.5756, OT-Reg: 0.002704) | Marginal residual: 3.76e-04 | Train Acc: 0.2812 | Val Acc: 0.3056 | Val P/R/F1 (Macro): 0.2142/0.3463/0.2215 | LR: 0.000001
Report strategy: last_window, window=10, reported_acc=0.3194, best_acc=0.5833

迭代 2 报告指标:
  Accuracy: 0.3194
  Precision (Macro): 0.2996
  Recall (Macro): 0.3583
  F1 (Macro): 0.2568
  Precision (Micro): 0.3194
  Recall (Micro): 0.3194
  F1 (Micro): 0.3194
  Val class coverage: 9/14 (0.6429), samples=36

================================================================================
迭代 3/5
随机种子: 44
================================================================================
Training mode: full target-label supervision (class-paired batches).
Feature fusion: Tensor alignment (512+512 -> 128+128); fused_dim=256
Domain adaptation: Neural OT generator with 3-domain discriminator
Loss weights: tensor=0.12, adv=0.08
Transport: mode=sinkhorn, epsilon=0.1, Sinkhorn iterations=50, correction scale=0.1, correction regularization weight=0.001
Tensor projection update: alternating SVD, max_sweeps=3, relative singular-value tolerance=0.0001
Epoch [1/100] | Loss: 8.4666 (Cls: 8.4507, TAL: -0.0319, Adv: 0.2468, OT-Reg: 0.001179) | Marginal residual: 1.92e-04 | Train Acc: 0.1172 | Val Acc: 0.0833 | Val P/R/F1 (Macro): 0.0123/0.0667/0.0208 | LR: 0.000005
  >>> New Best Val Acc: 0.0833
Epoch [2/100] | Loss: 8.4240 (Cls: 8.3986, TAL: 0.0801, Adv: 0.1983, OT-Reg: 0.001189) | Marginal residual: 1.27e-04 | Train Acc: 0.0938 | Val Acc: 0.1667 | Val P/R/F1 (Macro): 0.0397/0.1667/0.0639 | LR: 0.000005
  >>> New Best Val Acc: 0.1667
Epoch [3/100] | Loss: 7.8870 (Cls: 7.8632, TAL: 0.0515, Adv: 0.2202, OT-Reg: 0.001217) | Marginal residual: 2.06e-05 | Train Acc: 0.0938 | Val Acc: 0.0278 | Val P/R/F1 (Macro): 0.0053/0.1111/0.0101 | LR: 0.000005
Epoch [4/100] | Loss: 7.6707 (Cls: 7.6378, TAL: 0.1596, Adv: 0.1715, OT-Reg: 0.001213) | Marginal residual: 6.67e-05 | Train Acc: 0.1562 | Val Acc: 0.0556 | Val P/R/F1 (Macro): 0.0694/0.0556/0.0480 | LR: 0.000005
Epoch [5/100] | Loss: 7.8918 (Cls: 7.8866, TAL: -0.0740, Adv: 0.1762, OT-Reg: 0.001224) | Marginal residual: 2.10e-04 | Train Acc: 0.1328 | Val Acc: 0.0833 | Val P/R/F1 (Macro): 0.1358/0.0963/0.0741 | LR: 0.000005
Epoch [6/100] | Loss: 7.6258 (Cls: 7.6489, TAL: -0.3118, Adv: 0.1778, OT-Reg: 0.001177) | Marginal residual: 4.15e-05 | Train Acc: 0.1172 | Val Acc: 0.1389 | Val P/R/F1 (Macro): 0.0356/0.1296/0.0557 | LR: 0.000005
Epoch [7/100] | Loss: 7.7476 (Cls: 7.7282, TAL: 0.0513, Adv: 0.1661, OT-Reg: 0.001191) | Marginal residual: 1.49e-06 | Train Acc: 0.1094 | Val Acc: 0.0833 | Val P/R/F1 (Macro): 0.0524/0.0880/0.0657 | LR: 0.000005
Epoch [8/100] | Loss: 7.6945 (Cls: 7.6917, TAL: -0.0936, Adv: 0.1752, OT-Reg: 0.001143) | Marginal residual: 2.84e-04 | Train Acc: 0.1328 | Val Acc: 0.1944 | Val P/R/F1 (Macro): 0.0531/0.1667/0.0792 | LR: 0.000005
  >>> New Best Val Acc: 0.1944
Epoch [9/100] | Loss: 7.5683 (Cls: 7.6286, TAL: -0.6118, Adv: 0.1638, OT-Reg: 0.001150) | Marginal residual: 6.64e-04 | Train Acc: 0.1406 | Val Acc: 0.1389 | Val P/R/F1 (Macro): 0.0855/0.1056/0.0752 | LR: 0.000005
Epoch [10/100] | Loss: 7.2734 (Cls: 7.3311, TAL: -0.5879, Adv: 0.1602, OT-Reg: 0.001129) | Marginal residual: 7.63e-04 | Train Acc: 0.1719 | Val Acc: 0.1667 | Val P/R/F1 (Macro): 0.1940/0.2500/0.1290 | LR: 0.000005
Epoch [11/100] | Loss: 7.4979 (Cls: 7.5346, TAL: -0.4218, Adv: 0.1740, OT-Reg: 0.001126) | Marginal residual: 7.55e-04 | Train Acc: 0.1406 | Val Acc: 0.2500 | Val P/R/F1 (Macro): 0.0785/0.2222/0.1122 | LR: 0.000005
  >>> New Best Val Acc: 0.2500
Epoch [12/100] | Loss: 7.0242 (Cls: 7.0520, TAL: -0.3552, Adv: 0.1855, OT-Reg: 0.001130) | Marginal residual: 1.09e-04 | Train Acc: 0.2109 | Val Acc: 0.1389 | Val P/R/F1 (Macro): 0.0327/0.1481/0.0527 | LR: 0.000005
Epoch [13/100] | Loss: 7.5848 (Cls: 7.5349, TAL: 0.2863, Adv: 0.1942, OT-Reg: 0.001081) | Marginal residual: 3.28e-04 | Train Acc: 0.1641 | Val Acc: 0.1667 | Val P/R/F1 (Macro): 0.0375/0.1667/0.0593 | LR: 0.000005
Epoch [14/100] | Loss: 7.1389 (Cls: 7.1996, TAL: -0.6305, Adv: 0.1865, OT-Reg: 0.001084) | Marginal residual: 6.16e-04 | Train Acc: 0.2109 | Val Acc: 0.1944 | Val P/R/F1 (Macro): 0.1323/0.1944/0.1534 | LR: 0.000005
Epoch [15/100] | Loss: 6.8990 (Cls: 6.9478, TAL: -0.5405, Adv: 0.2014, OT-Reg: 0.001127) | Marginal residual: 7.21e-04 | Train Acc: 0.1719 | Val Acc: 0.2500 | Val P/R/F1 (Macro): 0.0743/0.1500/0.0960 | LR: 0.000005
Epoch [16/100] | Loss: 7.1625 (Cls: 7.2246, TAL: -0.6531, Adv: 0.2032, OT-Reg: 0.001077) | Marginal residual: 6.20e-04 | Train Acc: 0.1328 | Val Acc: 0.2778 | Val P/R/F1 (Macro): 0.1259/0.2407/0.1623 | LR: 0.000005
  >>> New Best Val Acc: 0.2778
Epoch [17/100] | Loss: 6.8522 (Cls: 6.8425, TAL: -0.0673, Adv: 0.2220, OT-Reg: 0.001097) | Marginal residual: 4.34e-04 | Train Acc: 0.2188 | Val Acc: 0.0278 | Val P/R/F1 (Macro): 0.0079/0.0185/0.0111 | LR: 0.000005
Epoch [18/100] | Loss: 6.5051 (Cls: 6.5022, TAL: -0.1124, Adv: 0.2057, OT-Reg: 0.001133) | Marginal residual: 4.00e-04 | Train Acc: 0.2031 | Val Acc: 0.1667 | Val P/R/F1 (Macro): 0.1343/0.2269/0.1651 | LR: 0.000005
Epoch [19/100] | Loss: 6.5399 (Cls: 6.5918, TAL: -0.5612, Adv: 0.1934, OT-Reg: 0.001081) | Marginal residual: 1.13e-03 | Train Acc: 0.2266 | Val Acc: 0.1111 | Val P/R/F1 (Macro): 0.0384/0.2222/0.0609 | LR: 0.000005
Epoch [20/100] | Loss: 6.4702 (Cls: 6.5276, TAL: -0.6726, Adv: 0.2919, OT-Reg: 0.001086) | Marginal residual: 9.78e-04 | Train Acc: 0.2109 | Val Acc: 0.0833 | Val P/R/F1 (Macro): 0.0556/0.1111/0.0741 | LR: 0.000005
Epoch [21/100] | Loss: 6.5973 (Cls: 6.6351, TAL: -0.4798, Adv: 0.2477, OT-Reg: 0.001142) | Marginal residual: 4.27e-04 | Train Acc: 0.1797 | Val Acc: 0.1667 | Val P/R/F1 (Macro): 0.0503/0.1296/0.0722 | LR: 0.000005
Epoch [22/100] | Loss: 7.0848 (Cls: 7.0172, TAL: 0.3426, Adv: 0.3312, OT-Reg: 0.001081) | Marginal residual: 1.99e-05 | Train Acc: 0.1719 | Val Acc: 0.1667 | Val P/R/F1 (Macro): 0.0762/0.1296/0.0960 | LR: 0.000005
Epoch [23/100] | Loss: 6.9199 (Cls: 6.8094, TAL: 0.6449, Adv: 0.4136, OT-Reg: 0.001132) | Marginal residual: 5.77e-08 | Train Acc: 0.1328 | Val Acc: 0.1111 | Val P/R/F1 (Macro): 0.0267/0.2222/0.0462 | LR: 0.000005
Epoch [24/100] | Loss: 6.6445 (Cls: 6.5309, TAL: 0.7025, Adv: 0.3665, OT-Reg: 0.001117) | Marginal residual: 6.15e-08 | Train Acc: 0.2578 | Val Acc: 0.1111 | Val P/R/F1 (Macro): 0.0392/0.2222/0.0624 | LR: 0.000005
Epoch [25/100] | Loss: 6.6650 (Cls: 6.6454, TAL: -0.0680, Adv: 0.3469, OT-Reg: 0.001130) | Marginal residual: 1.39e-04 | Train Acc: 0.1875 | Val Acc: 0.1944 | Val P/R/F1 (Macro): 0.1432/0.2870/0.1546 | LR: 0.000005
Epoch [26/100] | Loss: 6.3752 (Cls: 6.4246, TAL: -0.5904, Adv: 0.2690, OT-Reg: 0.001098) | Marginal residual: 6.75e-04 | Train Acc: 0.1641 | Val Acc: 0.3056 | Val P/R/F1 (Macro): 0.1935/0.3102/0.2128 | LR: 0.000005
  >>> New Best Val Acc: 0.3056
Epoch [27/100] | Loss: 7.1125 (Cls: 7.0735, TAL: 0.0959, Adv: 0.3428, OT-Reg: 0.001137) | Marginal residual: 4.53e-04 | Train Acc: 0.1250 | Val Acc: 0.1667 | Val P/R/F1 (Macro): 0.0982/0.1667/0.1018 | LR: 0.000005
Epoch [28/100] | Loss: 6.7065 (Cls: 6.7596, TAL: -0.6738, Adv: 0.3462, OT-Reg: 0.001092) | Marginal residual: 5.50e-04 | Train Acc: 0.2266 | Val Acc: 0.2778 | Val P/R/F1 (Macro): 0.1790/0.2157/0.1730 | LR: 0.000005
Epoch [29/100] | Loss: 6.3657 (Cls: 6.4050, TAL: -0.4992, Adv: 0.2576, OT-Reg: 0.001067) | Marginal residual: 5.04e-04 | Train Acc: 0.2969 | Val Acc: 0.1111 | Val P/R/F1 (Macro): 0.0326/0.2222/0.0537 | LR: 0.000005
Epoch [30/100] | Loss: 6.6620 (Cls: 6.7179, TAL: -0.6327, Adv: 0.2503, OT-Reg: 0.001105) | Marginal residual: 2.37e-04 | Train Acc: 0.1562 | Val Acc: 0.1111 | Val P/R/F1 (Macro): 0.0336/0.2222/0.0556 | LR: 0.000005
Epoch [31/100] | Loss: 6.4115 (Cls: 6.4456, TAL: -0.4510, Adv: 0.2508, OT-Reg: 0.001067) | Marginal residual: 7.30e-04 | Train Acc: 0.1953 | Val Acc: 0.1667 | Val P/R/F1 (Macro): 0.2431/0.2593/0.2018 | LR: 0.000005
Epoch [32/100] | Loss: 6.1983 (Cls: 6.2460, TAL: -0.5267, Adv: 0.1940, OT-Reg: 0.001093) | Marginal residual: 1.08e-03 | Train Acc: 0.2812 | Val Acc: 0.2778 | Val P/R/F1 (Macro): 0.1080/0.1667/0.1132 | LR: 0.000005
Epoch [33/100] | Loss: 6.1667 (Cls: 6.2287, TAL: -0.6394, Adv: 0.1838, OT-Reg: 0.001103) | Marginal residual: 6.21e-04 | Train Acc: 0.2422 | Val Acc: 0.1944 | Val P/R/F1 (Macro): 0.2205/0.3611/0.2352 | LR: 0.000005
Epoch [34/100] | Loss: 6.5443 (Cls: 6.5226, TAL: -0.0098, Adv: 0.2858, OT-Reg: 0.001091) | Marginal residual: 3.99e-04 | Train Acc: 0.2422 | Val Acc: 0.3056 | Val P/R/F1 (Macro): 0.0995/0.3148/0.1464 | LR: 0.000005
Epoch [35/100] | Loss: 6.7066 (Cls: 6.6353, TAL: 0.4342, Adv: 0.2406, OT-Reg: 0.001075) | Marginal residual: 6.92e-06 | Train Acc: 0.2500 | Val Acc: 0.1111 | Val P/R/F1 (Macro): 0.0794/0.2037/0.0888 | LR: 0.000005
Epoch [36/100] | Loss: 6.5885 (Cls: 6.4808, TAL: 0.6688, Adv: 0.3428, OT-Reg: 0.001056) | Marginal residual: 6.43e-05 | Train Acc: 0.2578 | Val Acc: 0.2778 | Val P/R/F1 (Macro): 0.2444/0.4722/0.2615 | LR: 0.000005
Epoch [37/100] | Loss: 6.6741 (Cls: 6.6343, TAL: 0.2106, Adv: 0.1812, OT-Reg: 0.001079) | Marginal residual: 1.56e-04 | Train Acc: 0.2422 | Val Acc: 0.1667 | Val P/R/F1 (Macro): 0.1400/0.2361/0.0755 | LR: 0.000003
Epoch [38/100] | Loss: 6.6242 (Cls: 6.5392, TAL: 0.5772, Adv: 0.1972, OT-Reg: 0.001085) | Marginal residual: 1.36e-07 | Train Acc: 0.2578 | Val Acc: 0.1667 | Val P/R/F1 (Macro): 0.0556/0.3333/0.0924 | LR: 0.000003
Epoch [39/100] | Loss: 6.4098 (Cls: 6.4021, TAL: -0.1587, Adv: 0.3336, OT-Reg: 0.001076) | Marginal residual: 5.61e-04 | Train Acc: 0.1719 | Val Acc: 0.3056 | Val P/R/F1 (Macro): 0.2626/0.4861/0.2749 | LR: 0.000003
Epoch [40/100] | Loss: 6.0561 (Cls: 6.1113, TAL: -0.6391, Adv: 0.2689, OT-Reg: 0.001064) | Marginal residual: 5.08e-04 | Train Acc: 0.2578 | Val Acc: 0.0833 | Val P/R/F1 (Macro): 0.0471/0.1667/0.0602 | LR: 0.000003
Epoch [41/100] | Loss: 6.3104 (Cls: 6.3551, TAL: -0.5079, Adv: 0.2037, OT-Reg: 0.001098) | Marginal residual: 8.88e-04 | Train Acc: 0.2500 | Val Acc: 0.2222 | Val P/R/F1 (Macro): 0.1434/0.2963/0.1593 | LR: 0.000003
Epoch [42/100] | Loss: 5.9459 (Cls: 6.0038, TAL: -0.5884, Adv: 0.1592, OT-Reg: 0.001053) | Marginal residual: 4.31e-04 | Train Acc: 0.2969 | Val Acc: 0.2778 | Val P/R/F1 (Macro): 0.2556/0.3519/0.2164 | LR: 0.000003
Epoch [43/100] | Loss: 6.2661 (Cls: 6.2090, TAL: 0.2838, Adv: 0.2875, OT-Reg: 0.001078) | Marginal residual: 1.51e-04 | Train Acc: 0.2109 | Val Acc: 0.2222 | Val P/R/F1 (Macro): 0.1333/0.2685/0.1370 | LR: 0.000003
Epoch [44/100] | Loss: 6.3909 (Cls: 6.2714, TAL: 0.7203, Adv: 0.4126, OT-Reg: 0.001080) | Marginal residual: 1.00e-06 | Train Acc: 0.2188 | Val Acc: 0.3333 | Val P/R/F1 (Macro): 0.3259/0.3565/0.2721 | LR: 0.000003
  >>> New Best Val Acc: 0.3333
Epoch [45/100] | Loss: 6.3893 (Cls: 6.2914, TAL: 0.4424, Adv: 0.5592, OT-Reg: 0.001045) | Marginal residual: 6.19e-08 | Train Acc: 0.2188 | Val Acc: 0.2222 | Val P/R/F1 (Macro): 0.1639/0.2917/0.1608 | LR: 0.000003
Epoch [46/100] | Loss: 6.2091 (Cls: 6.1746, TAL: -0.0277, Adv: 0.4730, OT-Reg: 0.001016) | Marginal residual: 5.66e-04 | Train Acc: 0.3203 | Val Acc: 0.3889 | Val P/R/F1 (Macro): 0.3286/0.4028/0.2657 | LR: 0.000003
  >>> New Best Val Acc: 0.3889
Epoch [47/100] | Loss: 5.8563 (Cls: 5.9221, TAL: -0.7507, Adv: 0.3028, OT-Reg: 0.001038) | Marginal residual: 6.33e-04 | Train Acc: 0.2891 | Val Acc: 0.2222 | Val P/R/F1 (Macro): 0.3556/0.3657/0.2590 | LR: 0.000003
Epoch [48/100] | Loss: 6.4524 (Cls: 6.4189, TAL: -0.0665, Adv: 0.5183, OT-Reg: 0.001071) | Marginal residual: 3.79e-04 | Train Acc: 0.2344 | Val Acc: 0.3611 | Val P/R/F1 (Macro): 0.1259/0.3333/0.1727 | LR: 0.000003
Epoch [49/100] | Loss: 6.1139 (Cls: 6.1523, TAL: -0.5787, Adv: 0.3873, OT-Reg: 0.001032) | Marginal residual: 5.36e-04 | Train Acc: 0.2266 | Val Acc: 0.2500 | Val P/R/F1 (Macro): 0.2963/0.3944/0.2600 | LR: 0.000003
Epoch [50/100] | Loss: 5.9434 (Cls: 5.9680, TAL: -0.4899, Adv: 0.4268, OT-Reg: 0.001022) | Marginal residual: 6.95e-04 | Train Acc: 0.3125 | Val Acc: 0.2222 | Val P/R/F1 (Macro): 0.3120/0.2787/0.2346 | LR: 0.000003
Epoch [51/100] | Loss: 6.0266 (Cls: 5.9757, TAL: 0.1965, Adv: 0.3405, OT-Reg: 0.001085) | Marginal residual: 1.19e-04 | Train Acc: 0.2500 | Val Acc: 0.1944 | Val P/R/F1 (Macro): 0.2392/0.3000/0.1834 | LR: 0.000003
Epoch [52/100] | Loss: 6.1759 (Cls: 6.1516, TAL: -0.0373, Adv: 0.3603, OT-Reg: 0.001033) | Marginal residual: 4.45e-04 | Train Acc: 0.2344 | Val Acc: 0.2222 | Val P/R/F1 (Macro): 0.3130/0.3241/0.1901 | LR: 0.000003
Epoch [53/100] | Loss: 5.7504 (Cls: 5.7967, TAL: -0.5834, Adv: 0.2964, OT-Reg: 0.001061) | Marginal residual: 8.46e-04 | Train Acc: 0.3281 | Val Acc: 0.2222 | Val P/R/F1 (Macro): 0.1694/0.3583/0.2116 | LR: 0.000003
Epoch [54/100] | Loss: 6.2693 (Cls: 6.2357, TAL: 0.1114, Adv: 0.2531, OT-Reg: 0.001078) | Marginal residual: 2.24e-04 | Train Acc: 0.2500 | Val Acc: 0.2222 | Val P/R/F1 (Macro): 0.0817/0.1759/0.1019 | LR: 0.000003
Epoch [55/100] | Loss: 5.8776 (Cls: 5.9274, TAL: -0.6185, Adv: 0.3053, OT-Reg: 0.001067) | Marginal residual: 4.11e-04 | Train Acc: 0.2812 | Val Acc: 0.2500 | Val P/R/F1 (Macro): 0.1558/0.2917/0.1463 | LR: 0.000003
Epoch [56/100] | Loss: 5.7951 (Cls: 5.8328, TAL: -0.5235, Adv: 0.3143, OT-Reg: 0.001021) | Marginal residual: 4.20e-04 | Train Acc: 0.2969 | Val Acc: 0.2222 | Val P/R/F1 (Macro): 0.1347/0.3611/0.1726 | LR: 0.000003
Epoch [57/100] | Loss: 6.0964 (Cls: 6.0498, TAL: 0.1476, Adv: 0.3612, OT-Reg: 0.001093) | Marginal residual: 1.46e-04 | Train Acc: 0.2812 | Val Acc: 0.3611 | Val P/R/F1 (Macro): 0.1624/0.3611/0.2190 | LR: 0.000001
Epoch [58/100] | Loss: 6.4100 (Cls: 6.2788, TAL: 0.8276, Adv: 0.3977, OT-Reg: 0.001072) | Marginal residual: 7.68e-08 | Train Acc: 0.3203 | Val Acc: 0.1667 | Val P/R/F1 (Macro): 0.1738/0.2639/0.1697 | LR: 0.000001
Epoch [59/100] | Loss: 6.2738 (Cls: 6.1527, TAL: 0.6460, Adv: 0.5453, OT-Reg: 0.001042) | Marginal residual: 8.15e-08 | Train Acc: 0.2578 | Val Acc: 0.2500 | Val P/R/F1 (Macro): 0.1787/0.3333/0.2182 | LR: 0.000001
Epoch [60/100] | Loss: 6.0381 (Cls: 5.9115, TAL: 0.5937, Adv: 0.6912, OT-Reg: 0.001035) | Marginal residual: 2.67e-07 | Train Acc: 0.2344 | Val Acc: 0.3056 | Val P/R/F1 (Macro): 0.2923/0.4028/0.2755 | LR: 0.000001
Epoch [61/100] | Loss: 6.1542 (Cls: 6.0753, TAL: 0.2370, Adv: 0.6311, OT-Reg: 0.001043) | Marginal residual: 1.86e-04 | Train Acc: 0.3203 | Val Acc: 0.2222 | Val P/R/F1 (Macro): 0.2651/0.3611/0.2222 | LR: 0.000001
Epoch [62/100] | Loss: 6.0835 (Cls: 6.0396, TAL: -0.0339, Adv: 0.6005, OT-Reg: 0.001045) | Marginal residual: 2.60e-04 | Train Acc: 0.2891 | Val Acc: 0.2222 | Val P/R/F1 (Macro): 0.1074/0.2593/0.1504 | LR: 0.000001
Epoch [63/100] | Loss: 6.1642 (Cls: 6.0550, TAL: 0.6085, Adv: 0.4522, OT-Reg: 0.001026) | Marginal residual: 1.17e-07 | Train Acc: 0.3047 | Val Acc: 0.1944 | Val P/R/F1 (Macro): 0.1914/0.3481/0.2121 | LR: 0.000001
Epoch [64/100] | Loss: 6.0527 (Cls: 5.9620, TAL: 0.5182, Adv: 0.3568, OT-Reg: 0.001029) | Marginal residual: 9.83e-06 | Train Acc: 0.3125 | Val Acc: 0.2222 | Val P/R/F1 (Macro): 0.2167/0.3333/0.2277 | LR: 0.000001
Epoch [65/100] | Loss: 6.0232 (Cls: 6.0738, TAL: -0.6665, Adv: 0.3681, OT-Reg: 0.001055) | Marginal residual: 6.98e-04 | Train Acc: 0.3047 | Val Acc: 0.1111 | Val P/R/F1 (Macro): 0.1651/0.1926/0.1759 | LR: 0.000001
Epoch [66/100] | Loss: 5.7738 (Cls: 5.7816, TAL: -0.3121, Adv: 0.3706, OT-Reg: 0.001048) | Marginal residual: 3.92e-04 | Train Acc: 0.3438 | Val Acc: 0.1667 | Val P/R/F1 (Macro): 0.2467/0.3333/0.2252 | LR: 0.000001
Epoch [67/100] | Loss: 6.4046 (Cls: 6.3611, TAL: 0.0850, Adv: 0.4156, OT-Reg: 0.001069) | Marginal residual: 1.19e-04 | Train Acc: 0.2578 | Val Acc: 0.3333 | Val P/R/F1 (Macro): 0.2550/0.5185/0.3144 | LR: 0.000001
Epoch [68/100] | Loss: 6.0145 (Cls: 5.9110, TAL: 0.5830, Adv: 0.4196, OT-Reg: 0.001049) | Marginal residual: 4.30e-05 | Train Acc: 0.3516 | Val Acc: 0.1389 | Val P/R/F1 (Macro): 0.1378/0.3333/0.1573 | LR: 0.000001
Epoch [69/100] | Loss: 6.3778 (Cls: 6.2796, TAL: 0.5074, Adv: 0.4671, OT-Reg: 0.001047) | Marginal residual: 6.24e-08 | Train Acc: 0.2812 | Val Acc: 0.2222 | Val P/R/F1 (Macro): 0.1513/0.4000/0.2054 | LR: 0.000001
Epoch [70/100] | Loss: 6.0464 (Cls: 5.9454, TAL: 0.5180, Adv: 0.4855, OT-Reg: 0.001087) | Marginal residual: 7.50e-08 | Train Acc: 0.3516 | Val Acc: 0.1944 | Val P/R/F1 (Macro): 0.2011/0.3630/0.2302 | LR: 0.000001
Epoch [71/100] | Loss: 6.1426 (Cls: 6.0346, TAL: 0.5280, Adv: 0.5580, OT-Reg: 0.001062) | Marginal residual: 1.47e-07 | Train Acc: 0.2969 | Val Acc: 0.3056 | Val P/R/F1 (Macro): 0.3181/0.4444/0.3060 | LR: 0.000001
Epoch [72/100] | Loss: 6.1972 (Cls: 6.0861, TAL: 0.5132, Adv: 0.6181, OT-Reg: 0.001035) | Marginal residual: 3.43e-06 | Train Acc: 0.3047 | Val Acc: 0.1667 | Val P/R/F1 (Macro): 0.2516/0.3611/0.2054 | LR: 0.000001
Epoch [73/100] | Loss: 6.2365 (Cls: 6.2457, TAL: -0.3082, Adv: 0.3461, OT-Reg: 0.001058) | Marginal residual: 3.32e-04 | Train Acc: 0.2812 | Val Acc: 0.1111 | Val P/R/F1 (Macro): 0.1684/0.2130/0.1746 | LR: 0.000001
Epoch [74/100] | Loss: 6.3500 (Cls: 6.3950, TAL: -0.5594, Adv: 0.2763, OT-Reg: 0.001062) | Marginal residual: 3.98e-04 | Train Acc: 0.3203 | Val Acc: 0.2500 | Val P/R/F1 (Macro): 0.2087/0.3194/0.2296 | LR: 0.000001
Epoch [75/100] | Loss: 5.7154 (Cls: 5.6952, TAL: -0.0820, Adv: 0.3766, OT-Reg: 0.001054) | Marginal residual: 5.56e-04 | Train Acc: 0.3438 | Val Acc: 0.1667 | Val P/R/F1 (Macro): 0.2949/0.2546/0.2352 | LR: 0.000001
Epoch [76/100] | Loss: 5.9841 (Cls: 5.8609, TAL: 0.5425, Adv: 0.7258, OT-Reg: 0.001014) | Marginal residual: 4.68e-07 | Train Acc: 0.2891 | Val Acc: 0.4167 | Val P/R/F1 (Macro): 0.3213/0.3935/0.2982 | LR: 0.000001
  >>> New Best Val Acc: 0.4167
Epoch [77/100] | Loss: 5.8662 (Cls: 5.7317, TAL: 0.7570, Adv: 0.5452, OT-Reg: 0.001062) | Marginal residual: 7.17e-08 | Train Acc: 0.3438 | Val Acc: 0.2778 | Val P/R/F1 (Macro): 0.2657/0.3148/0.2396 | LR: 0.000001
Epoch [78/100] | Loss: 6.1177 (Cls: 6.0030, TAL: 0.5241, Adv: 0.6473, OT-Reg: 0.001045) | Marginal residual: 8.61e-08 | Train Acc: 0.2031 | Val Acc: 0.1389 | Val P/R/F1 (Macro): 0.2103/0.2213/0.1923 | LR: 0.000001
Epoch [79/100] | Loss: 5.8500 (Cls: 5.7175, TAL: 0.6278, Adv: 0.7136, OT-Reg: 0.001117) | Marginal residual: 6.15e-08 | Train Acc: 0.3359 | Val Acc: 0.2778 | Val P/R/F1 (Macro): 0.3250/0.2750/0.2694 | LR: 0.000001
Epoch [80/100] | Loss: 6.4121 (Cls: 6.2914, TAL: 0.6056, Adv: 0.5998, OT-Reg: 0.001064) | Marginal residual: 7.08e-08 | Train Acc: 0.3672 | Val Acc: 0.1389 | Val P/R/F1 (Macro): 0.0648/0.1019/0.0722 | LR: 0.000001
Epoch [81/100] | Loss: 5.9987 (Cls: 5.8643, TAL: 0.6658, Adv: 0.6815, OT-Reg: 0.001068) | Marginal residual: 6.15e-06 | Train Acc: 0.3516 | Val Acc: 0.2500 | Val P/R/F1 (Macro): 0.3333/0.3324/0.2731 | LR: 0.000001
Epoch [82/100] | Loss: 6.1418 (Cls: 6.0962, TAL: 0.0041, Adv: 0.5645, OT-Reg: 0.001048) | Marginal residual: 6.22e-04 | Train Acc: 0.2500 | Val Acc: 0.2222 | Val P/R/F1 (Macro): 0.4246/0.3407/0.2437 | LR: 0.000001
Epoch [83/100] | Loss: 6.0172 (Cls: 6.0640, TAL: -0.6422, Adv: 0.3774, OT-Reg: 0.001027) | Marginal residual: 6.33e-04 | Train Acc: 0.3672 | Val Acc: 0.2500 | Val P/R/F1 (Macro): 0.2643/0.3981/0.2800 | LR: 0.000001
Epoch [84/100] | Loss: 6.1468 (Cls: 6.1136, TAL: -0.0592, Adv: 0.5030, OT-Reg: 0.001059) | Marginal residual: 3.84e-04 | Train Acc: 0.3281 | Val Acc: 0.1389 | Val P/R/F1 (Macro): 0.1905/0.2222/0.1852 | LR: 0.000001
Epoch [85/100] | Loss: 6.3829 (Cls: 6.2373, TAL: 0.6882, Adv: 0.7876, OT-Reg: 0.001039) | Marginal residual: 4.80e-08 | Train Acc: 0.2969 | Val Acc: 0.3889 | Val P/R/F1 (Macro): 0.2926/0.3611/0.3111 | LR: 0.000001
Epoch [86/100] | Loss: 6.0878 (Cls: 5.9460, TAL: 0.6945, Adv: 0.7297, OT-Reg: 0.001054) | Marginal residual: 1.71e-05 | Train Acc: 0.3203 | Val Acc: 0.2500 | Val P/R/F1 (Macro): 0.2292/0.4167/0.2153 | LR: 0.000001
Epoch [87/100] | Loss: 5.5428 (Cls: 5.5724, TAL: -0.5483, Adv: 0.4521, OT-Reg: 0.001050) | Marginal residual: 5.56e-04 | Train Acc: 0.3438 | Val Acc: 0.2778 | Val P/R/F1 (Macro): 0.3148/0.3333/0.3080 | LR: 0.000001
Epoch [88/100] | Loss: 5.9151 (Cls: 5.9031, TAL: -0.3247, Adv: 0.6361, OT-Reg: 0.001070) | Marginal residual: 8.13e-04 | Train Acc: 0.3281 | Val Acc: 0.2778 | Val P/R/F1 (Macro): 0.3500/0.3935/0.2786 | LR: 0.000001
Epoch [89/100] | Loss: 6.2050 (Cls: 6.1565, TAL: -0.0516, Adv: 0.6830, OT-Reg: 0.001068) | Marginal residual: 4.02e-04 | Train Acc: 0.2891 | Val Acc: 0.2222 | Val P/R/F1 (Macro): 0.1569/0.2083/0.1733 | LR: 0.000001
Epoch [90/100] | Loss: 5.6787 (Cls: 5.7030, TAL: -0.4428, Adv: 0.3592, OT-Reg: 0.001071) | Marginal residual: 2.82e-04 | Train Acc: 0.3438 | Val Acc: 0.2778 | Val P/R/F1 (Macro): 0.3254/0.3796/0.3262 | LR: 0.000001
Epoch [91/100] | Loss: 6.7212 (Cls: 6.6969, TAL: -0.1578, Adv: 0.5412, OT-Reg: 0.001032) | Marginal residual: 3.59e-04 | Train Acc: 0.2969 | Val Acc: 0.0278 | Val P/R/F1 (Macro): 0.0079/0.1111/0.0148 | LR: 0.000001
Epoch [92/100] | Loss: 6.1228 (Cls: 6.1419, TAL: -0.5910, Adv: 0.6476, OT-Reg: 0.001073) | Marginal residual: 2.09e-04 | Train Acc: 0.2812 | Val Acc: 0.3333 | Val P/R/F1 (Macro): 0.2638/0.4213/0.2820 | LR: 0.000001
Epoch [93/100] | Loss: 5.7189 (Cls: 5.6540, TAL: 0.0325, Adv: 0.7619, OT-Reg: 0.001058) | Marginal residual: 1.32e-04 | Train Acc: 0.3047 | Val Acc: 0.2222 | Val P/R/F1 (Macro): 0.2593/0.2917/0.2528 | LR: 0.000001
Epoch [94/100] | Loss: 6.0917 (Cls: 5.9722, TAL: 0.5339, Adv: 0.6918, OT-Reg: 0.001026) | Marginal residual: 5.31e-08 | Train Acc: 0.3516 | Val Acc: 0.2500 | Val P/R/F1 (Macro): 0.1591/0.3333/0.2147 | LR: 0.000001
Epoch [95/100] | Loss: 6.2285 (Cls: 6.0973, TAL: 0.5925, Adv: 0.7510, OT-Reg: 0.001043) | Marginal residual: 5.04e-05 | Train Acc: 0.3359 | Val Acc: 0.2500 | Val P/R/F1 (Macro): 0.2584/0.3333/0.2676 | LR: 0.000001
Epoch [96/100] | Loss: 6.0955 (Cls: 5.9612, TAL: 0.5893, Adv: 0.7951, OT-Reg: 0.001032) | Marginal residual: 4.80e-08 | Train Acc: 0.3594 | Val Acc: 0.2778 | Val P/R/F1 (Macro): 0.3423/0.4444/0.2953 | LR: 0.000001
Epoch [97/100] | Loss: 6.0720 (Cls: 5.9476, TAL: 0.5459, Adv: 0.7368, OT-Reg: 0.001022) | Marginal residual: 9.37e-05 | Train Acc: 0.2969 | Val Acc: 0.1944 | Val P/R/F1 (Macro): 0.3148/0.2639/0.2531 | LR: 0.000001
Epoch [98/100] | Loss: 6.0583 (Cls: 5.9241, TAL: 0.5852, Adv: 0.7997, OT-Reg: 0.001071) | Marginal residual: 6.66e-08 | Train Acc: 0.2500 | Val Acc: 0.1111 | Val P/R/F1 (Macro): 0.1498/0.2778/0.1646 | LR: 0.000001
Epoch [99/100] | Loss: 5.8726 (Cls: 5.7232, TAL: 0.6945, Adv: 0.8256, OT-Reg: 0.001032) | Marginal residual: 5.31e-08 | Train Acc: 0.3594 | Val Acc: 0.1389 | Val P/R/F1 (Macro): 0.1259/0.2500/0.1571 | LR: 0.000001
Epoch [100/100] | Loss: 5.6838 (Cls: 5.5470, TAL: 0.5514, Adv: 0.8830, OT-Reg: 0.000999) | Marginal residual: 6.29e-08 | Train Acc: 0.3672 | Val Acc: 0.2500 | Val P/R/F1 (Macro): 0.2449/0.3241/0.2483 | LR: 0.000001
Report strategy: last_window, window=10, reported_acc=0.2056, best_acc=0.4167

迭代 3 报告指标:
  Accuracy: 0.2056
  Precision (Macro): 0.2126
  Recall (Macro): 0.3051
  F1 (Macro): 0.2150
  Precision (Micro): 0.2056
  Recall (Micro): 0.2056
  F1 (Micro): 0.2056
  Val class coverage: 9/14 (0.6429), samples=36

================================================================================
迭代 4/5
随机种子: 45
================================================================================
Training mode: full target-label supervision (class-paired batches).
Feature fusion: Tensor alignment (512+512 -> 128+128); fused_dim=256
Domain adaptation: Neural OT generator with 3-domain discriminator
Loss weights: tensor=0.12, adv=0.08
Transport: mode=sinkhorn, epsilon=0.1, Sinkhorn iterations=50, correction scale=0.1, correction regularization weight=0.001
Tensor projection update: alternating SVD, max_sweeps=3, relative singular-value tolerance=0.0001
Epoch [1/100] | Loss: 9.1240 (Cls: 9.1020, TAL: 0.0299, Adv: 0.2311, OT-Reg: 0.000517) | Marginal residual: 1.14e-04 | Train Acc: 0.0547 | Val Acc: 0.0556 | Val P/R/F1 (Macro): 0.0278/0.0741/0.0404 | LR: 0.000005
  >>> New Best Val Acc: 0.0556
Epoch [2/100] | Loss: 8.4635 (Cls: 8.4456, TAL: 0.0000, Adv: 0.2233, OT-Reg: 0.000596) | Marginal residual: 5.46e-06 | Train Acc: 0.0938 | Val Acc: 0.1111 | Val P/R/F1 (Macro): 0.0127/0.1111/0.0228 | LR: 0.000005
  >>> New Best Val Acc: 0.1111
Epoch [3/100] | Loss: 7.7569 (Cls: 7.7156, TAL: 0.1820, Adv: 0.2443, OT-Reg: 0.000570) | Marginal residual: 1.27e-04 | Train Acc: 0.1797 | Val Acc: 0.1111 | Val P/R/F1 (Macro): 0.0635/0.2130/0.0866 | LR: 0.000005
Epoch [4/100] | Loss: 8.0325 (Cls: 8.0669, TAL: -0.4220, Adv: 0.2034, OT-Reg: 0.000616) | Marginal residual: 1.14e-04 | Train Acc: 0.0703 | Val Acc: 0.0556 | Val P/R/F1 (Macro): 0.0614/0.0648/0.0471 | LR: 0.000005
Epoch [5/100] | Loss: 8.0105 (Cls: 8.0142, TAL: -0.1815, Adv: 0.2261, OT-Reg: 0.000558) | Marginal residual: 1.44e-04 | Train Acc: 0.1250 | Val Acc: 0.1667 | Val P/R/F1 (Macro): 0.1667/0.1352/0.1176 | LR: 0.000005
  >>> New Best Val Acc: 0.1667
Epoch [6/100] | Loss: 7.8162 (Cls: 7.7735, TAL: 0.2154, Adv: 0.2109, OT-Reg: 0.000639) | Marginal residual: 1.91e-05 | Train Acc: 0.1797 | Val Acc: 0.1389 | Val P/R/F1 (Macro): 0.0451/0.1574/0.0691 | LR: 0.000005
Epoch [7/100] | Loss: 7.8851 (Cls: 7.8587, TAL: 0.0879, Adv: 0.1982, OT-Reg: 0.000727) | Marginal residual: 5.14e-05 | Train Acc: 0.1328 | Val Acc: 0.0278 | Val P/R/F1 (Macro): 0.0048/0.1111/0.0093 | LR: 0.000005
Epoch [8/100] | Loss: 7.8481 (Cls: 7.8254, TAL: 0.0319, Adv: 0.2360, OT-Reg: 0.000718) | Marginal residual: 4.71e-05 | Train Acc: 0.1484 | Val Acc: 0.1389 | Val P/R/F1 (Macro): 0.2315/0.2222/0.1833 | LR: 0.000005
Epoch [9/100] | Loss: 7.2975 (Cls: 7.3457, TAL: -0.5208, Adv: 0.1787, OT-Reg: 0.000838) | Marginal residual: 2.34e-04 | Train Acc: 0.1875 | Val Acc: 0.1111 | Val P/R/F1 (Macro): 0.1212/0.1111/0.0625 | LR: 0.000005
Epoch [10/100] | Loss: 7.4938 (Cls: 7.3950, TAL: 0.6901, Adv: 0.1996, OT-Reg: 0.000890) | Marginal residual: 4.98e-08 | Train Acc: 0.1250 | Val Acc: 0.2778 | Val P/R/F1 (Macro): 0.1319/0.2222/0.1444 | LR: 0.000005
  >>> New Best Val Acc: 0.2778
Epoch [11/100] | Loss: 7.5058 (Cls: 7.5377, TAL: -0.3820, Adv: 0.1743, OT-Reg: 0.000923) | Marginal residual: 5.82e-04 | Train Acc: 0.1016 | Val Acc: 0.1667 | Val P/R/F1 (Macro): 0.1197/0.1944/0.1085 | LR: 0.000005
Epoch [12/100] | Loss: 7.2550 (Cls: 7.3025, TAL: -0.5073, Adv: 0.1673, OT-Reg: 0.000831) | Marginal residual: 3.80e-04 | Train Acc: 0.1719 | Val Acc: 0.2222 | Val P/R/F1 (Macro): 0.0722/0.2167/0.1009 | LR: 0.000005
Epoch [13/100] | Loss: 7.3864 (Cls: 7.3172, TAL: 0.4101, Adv: 0.2496, OT-Reg: 0.000838) | Marginal residual: 6.15e-05 | Train Acc: 0.1641 | Val Acc: 0.2222 | Val P/R/F1 (Macro): 0.0803/0.2000/0.1078 | LR: 0.000005
Epoch [14/100] | Loss: 7.3884 (Cls: 7.2997, TAL: 0.5786, Adv: 0.2411, OT-Reg: 0.000817) | Marginal residual: 4.75e-08 | Train Acc: 0.1484 | Val Acc: 0.1111 | Val P/R/F1 (Macro): 0.0974/0.0917/0.0765 | LR: 0.000005
Epoch [15/100] | Loss: 7.2113 (Cls: 7.0993, TAL: 0.7485, Adv: 0.2775, OT-Reg: 0.000936) | Marginal residual: 5.12e-08 | Train Acc: 0.1484 | Val Acc: 0.0556 | Val P/R/F1 (Macro): 0.0317/0.1481/0.0500 | LR: 0.000005
Epoch [16/100] | Loss: 6.9387 (Cls: 6.9425, TAL: -0.1976, Adv: 0.2486, OT-Reg: 0.000916) | Marginal residual: 5.73e-04 | Train Acc: 0.2109 | Val Acc: 0.1667 | Val P/R/F1 (Macro): 0.0883/0.2269/0.0895 | LR: 0.000005
Epoch [17/100] | Loss: 6.6126 (Cls: 6.6624, TAL: -0.5799, Adv: 0.2474, OT-Reg: 0.000910) | Marginal residual: 1.91e-04 | Train Acc: 0.2266 | Val Acc: 0.1667 | Val P/R/F1 (Macro): 0.1095/0.2259/0.1172 | LR: 0.000005
Epoch [18/100] | Loss: 6.7079 (Cls: 6.7487, TAL: -0.4725, Adv: 0.1995, OT-Reg: 0.000932) | Marginal residual: 8.61e-04 | Train Acc: 0.1953 | Val Acc: 0.1389 | Val P/R/F1 (Macro): 0.0752/0.1963/0.0867 | LR: 0.000005
Epoch [19/100] | Loss: 6.8060 (Cls: 6.7334, TAL: 0.3925, Adv: 0.3195, OT-Reg: 0.000902) | Marginal residual: 4.52e-05 | Train Acc: 0.2031 | Val Acc: 0.1667 | Val P/R/F1 (Macro): 0.0346/0.2222/0.0593 | LR: 0.000005
Epoch [20/100] | Loss: 7.1726 (Cls: 7.0772, TAL: 0.5920, Adv: 0.3038, OT-Reg: 0.000868) | Marginal residual: 5.69e-07 | Train Acc: 0.2734 | Val Acc: 0.2778 | Val P/R/F1 (Macro): 0.1521/0.2389/0.1618 | LR: 0.000005
Epoch [21/100] | Loss: 6.9324 (Cls: 6.8795, TAL: 0.2776, Adv: 0.2451, OT-Reg: 0.000966) | Marginal residual: 4.80e-08 | Train Acc: 0.2344 | Val Acc: 0.1667 | Val P/R/F1 (Macro): 0.0881/0.1481/0.1058 | LR: 0.000003
Epoch [22/100] | Loss: 6.7950 (Cls: 6.7523, TAL: 0.1762, Adv: 0.2690, OT-Reg: 0.000904) | Marginal residual: 1.64e-04 | Train Acc: 0.2188 | Val Acc: 0.1944 | Val P/R/F1 (Macro): 0.0791/0.2407/0.1137 | LR: 0.000003
Epoch [23/100] | Loss: 6.9059 (Cls: 6.8849, TAL: -0.0219, Adv: 0.2958, OT-Reg: 0.000923) | Marginal residual: 3.85e-04 | Train Acc: 0.2812 | Val Acc: 0.1111 | Val P/R/F1 (Macro): 0.0397/0.1944/0.0648 | LR: 0.000003
Epoch [24/100] | Loss: 6.7538 (Cls: 6.7397, TAL: -0.0437, Adv: 0.2418, OT-Reg: 0.000887) | Marginal residual: 2.81e-04 | Train Acc: 0.1484 | Val Acc: 0.1667 | Val P/R/F1 (Macro): 0.0390/0.2037/0.0648 | LR: 0.000003
Epoch [25/100] | Loss: 7.1276 (Cls: 7.0502, TAL: 0.3972, Adv: 0.3714, OT-Reg: 0.000895) | Marginal residual: 2.50e-04 | Train Acc: 0.2969 | Val Acc: 0.2222 | Val P/R/F1 (Macro): 0.3122/0.2907/0.1973 | LR: 0.000003
Epoch [26/100] | Loss: 6.8771 (Cls: 6.8302, TAL: 0.1557, Adv: 0.3534, OT-Reg: 0.000923) | Marginal residual: 1.11e-04 | Train Acc: 0.2344 | Val Acc: 0.1944 | Val P/R/F1 (Macro): 0.2338/0.2361/0.1516 | LR: 0.000003
Epoch [27/100] | Loss: 7.0099 (Cls: 6.9381, TAL: 0.3733, Adv: 0.3369, OT-Reg: 0.000858) | Marginal residual: 8.04e-05 | Train Acc: 0.1875 | Val Acc: 0.3333 | Val P/R/F1 (Macro): 0.2175/0.3417/0.2548 | LR: 0.000003
  >>> New Best Val Acc: 0.3333
Epoch [28/100] | Loss: 6.7414 (Cls: 6.7540, TAL: -0.3105, Adv: 0.3079, OT-Reg: 0.000888) | Marginal residual: 4.57e-04 | Train Acc: 0.2188 | Val Acc: 0.1111 | Val P/R/F1 (Macro): 0.0583/0.1741/0.0784 | LR: 0.000003
Epoch [29/100] | Loss: 6.6097 (Cls: 6.6063, TAL: -0.1648, Adv: 0.2905, OT-Reg: 0.000804) | Marginal residual: 4.83e-04 | Train Acc: 0.1719 | Val Acc: 0.2778 | Val P/R/F1 (Macro): 0.2813/0.3037/0.2338 | LR: 0.000003
Epoch [30/100] | Loss: 6.5905 (Cls: 6.6219, TAL: -0.4653, Adv: 0.3057, OT-Reg: 0.000909) | Marginal residual: 8.20e-04 | Train Acc: 0.1406 | Val Acc: 0.1944 | Val P/R/F1 (Macro): 0.2857/0.2852/0.2595 | LR: 0.000003
Epoch [31/100] | Loss: 6.2452 (Cls: 6.2575, TAL: -0.3821, Adv: 0.4193, OT-Reg: 0.000928) | Marginal residual: 3.75e-04 | Train Acc: 0.2891 | Val Acc: 0.3611 | Val P/R/F1 (Macro): 0.2428/0.3750/0.2768 | LR: 0.000003
  >>> New Best Val Acc: 0.3611
Epoch [32/100] | Loss: 6.6622 (Cls: 6.6495, TAL: -0.1738, Adv: 0.4202, OT-Reg: 0.000869) | Marginal residual: 2.57e-04 | Train Acc: 0.2266 | Val Acc: 0.1389 | Val P/R/F1 (Macro): 0.1219/0.1796/0.1033 | LR: 0.000003
Epoch [33/100] | Loss: 6.8511 (Cls: 6.8161, TAL: 0.0213, Adv: 0.4051, OT-Reg: 0.000877) | Marginal residual: 2.75e-04 | Train Acc: 0.1953 | Val Acc: 0.1944 | Val P/R/F1 (Macro): 0.1107/0.2722/0.1428 | LR: 0.000003
Epoch [34/100] | Loss: 6.9579 (Cls: 6.9228, TAL: 0.0428, Adv: 0.3748, OT-Reg: 0.000851) | Marginal residual: 8.48e-05 | Train Acc: 0.1562 | Val Acc: 0.3889 | Val P/R/F1 (Macro): 0.1431/0.2917/0.1881 | LR: 0.000003
  >>> New Best Val Acc: 0.3889
Epoch [35/100] | Loss: 6.8226 (Cls: 6.7655, TAL: 0.1831, Adv: 0.4399, OT-Reg: 0.000829) | Marginal residual: 1.99e-04 | Train Acc: 0.1562 | Val Acc: 0.3889 | Val P/R/F1 (Macro): 0.1693/0.2917/0.1976 | LR: 0.000003
Epoch [36/100] | Loss: 6.5447 (Cls: 6.5237, TAL: -0.0816, Adv: 0.3847, OT-Reg: 0.000824) | Marginal residual: 5.48e-04 | Train Acc: 0.1953 | Val Acc: 0.1667 | Val P/R/F1 (Macro): 0.0542/0.2130/0.0801 | LR: 0.000003
Epoch [37/100] | Loss: 6.9781 (Cls: 6.9287, TAL: 0.1554, Adv: 0.3838, OT-Reg: 0.000895) | Marginal residual: 1.18e-04 | Train Acc: 0.1953 | Val Acc: 0.2778 | Val P/R/F1 (Macro): 0.2307/0.3194/0.1856 | LR: 0.000003
Epoch [38/100] | Loss: 6.3725 (Cls: 6.4316, TAL: -0.6633, Adv: 0.2564, OT-Reg: 0.000823) | Marginal residual: 4.22e-04 | Train Acc: 0.2266 | Val Acc: 0.2500 | Val P/R/F1 (Macro): 0.1908/0.3565/0.1981 | LR: 0.000003
Epoch [39/100] | Loss: 6.8315 (Cls: 6.7561, TAL: 0.4115, Adv: 0.3245, OT-Reg: 0.000828) | Marginal residual: 5.51e-05 | Train Acc: 0.1797 | Val Acc: 0.2222 | Val P/R/F1 (Macro): 0.1108/0.2889/0.1497 | LR: 0.000003
Epoch [40/100] | Loss: 6.6476 (Cls: 6.6174, TAL: 0.0577, Adv: 0.2901, OT-Reg: 0.000794) | Marginal residual: 1.90e-04 | Train Acc: 0.2266 | Val Acc: 0.2778 | Val P/R/F1 (Macro): 0.1363/0.2361/0.1615 | LR: 0.000003
Epoch [41/100] | Loss: 6.5148 (Cls: 6.5237, TAL: -0.2342, Adv: 0.2398, OT-Reg: 0.000829) | Marginal residual: 3.76e-04 | Train Acc: 0.2109 | Val Acc: 0.2778 | Val P/R/F1 (Macro): 0.1297/0.2667/0.1571 | LR: 0.000003
Epoch [42/100] | Loss: 6.7735 (Cls: 6.7657, TAL: -0.1072, Adv: 0.2585, OT-Reg: 0.000868) | Marginal residual: 2.11e-04 | Train Acc: 0.2031 | Val Acc: 0.3333 | Val P/R/F1 (Macro): 0.1307/0.2639/0.1675 | LR: 0.000003
Epoch [43/100] | Loss: 6.5149 (Cls: 6.4949, TAL: 0.0219, Adv: 0.2171, OT-Reg: 0.000866) | Marginal residual: 2.06e-04 | Train Acc: 0.2188 | Val Acc: 0.1111 | Val P/R/F1 (Macro): 0.0444/0.0741/0.0556 | LR: 0.000003
Epoch [44/100] | Loss: 6.7399 (Cls: 6.7130, TAL: 0.0604, Adv: 0.2462, OT-Reg: 0.000860) | Marginal residual: 1.99e-04 | Train Acc: 0.1641 | Val Acc: 0.2500 | Val P/R/F1 (Macro): 0.1333/0.2148/0.1579 | LR: 0.000003
Epoch [45/100] | Loss: 6.2283 (Cls: 6.2289, TAL: -0.1247, Adv: 0.1807, OT-Reg: 0.000825) | Marginal residual: 2.48e-04 | Train Acc: 0.2734 | Val Acc: 0.1944 | Val P/R/F1 (Macro): 0.2418/0.3463/0.2005 | LR: 0.000001
Epoch [46/100] | Loss: 6.4746 (Cls: 6.4447, TAL: 0.0756, Adv: 0.2605, OT-Reg: 0.000835) | Marginal residual: 1.16e-04 | Train Acc: 0.2422 | Val Acc: 0.3333 | Val P/R/F1 (Macro): 0.2919/0.2685/0.2375 | LR: 0.000001
Epoch [47/100] | Loss: 6.2801 (Cls: 6.2803, TAL: -0.1583, Adv: 0.2341, OT-Reg: 0.000814) | Marginal residual: 4.00e-04 | Train Acc: 0.2109 | Val Acc: 0.1667 | Val P/R/F1 (Macro): 0.2673/0.2213/0.1265 | LR: 0.000001
Epoch [48/100] | Loss: 6.7223 (Cls: 6.7278, TAL: -0.1986, Adv: 0.2293, OT-Reg: 0.000880) | Marginal residual: 7.08e-04 | Train Acc: 0.2109 | Val Acc: 0.2778 | Val P/R/F1 (Macro): 0.2654/0.3870/0.2370 | LR: 0.000001
Epoch [49/100] | Loss: 6.8775 (Cls: 6.8187, TAL: 0.3380, Adv: 0.2282, OT-Reg: 0.000915) | Marginal residual: 2.04e-04 | Train Acc: 0.1484 | Val Acc: 0.3611 | Val P/R/F1 (Macro): 0.1681/0.3759/0.2164 | LR: 0.000001
Epoch [50/100] | Loss: 6.5042 (Cls: 6.4696, TAL: 0.1698, Adv: 0.1787, OT-Reg: 0.000874) | Marginal residual: 9.09e-05 | Train Acc: 0.1797 | Val Acc: 0.2778 | Val P/R/F1 (Macro): 0.1006/0.3148/0.1446 | LR: 0.000001
Epoch [51/100] | Loss: 6.8005 (Cls: 6.7269, TAL: 0.4969, Adv: 0.1746, OT-Reg: 0.000870) | Marginal residual: 1.27e-05 | Train Acc: 0.2656 | Val Acc: 0.3333 | Val P/R/F1 (Macro): 0.2090/0.3981/0.2726 | LR: 0.000001
Epoch [52/100] | Loss: 6.8128 (Cls: 6.7466, TAL: 0.4300, Adv: 0.1815, OT-Reg: 0.000872) | Marginal residual: 6.24e-05 | Train Acc: 0.1641 | Val Acc: 0.3889 | Val P/R/F1 (Macro): 0.3344/0.4074/0.3221 | LR: 0.000001
Epoch [53/100] | Loss: 6.2469 (Cls: 6.2767, TAL: -0.3418, Adv: 0.1402, OT-Reg: 0.000812) | Marginal residual: 5.51e-04 | Train Acc: 0.2578 | Val Acc: 0.3333 | Val P/R/F1 (Macro): 0.3075/0.3500/0.2775 | LR: 0.000001
Epoch [54/100] | Loss: 6.3020 (Cls: 6.2513, TAL: 0.2624, Adv: 0.2395, OT-Reg: 0.000908) | Marginal residual: 9.43e-05 | Train Acc: 0.2266 | Val Acc: 0.2500 | Val P/R/F1 (Macro): 0.1799/0.3222/0.1789 | LR: 0.000001
Epoch [55/100] | Loss: 6.7430 (Cls: 6.7083, TAL: 0.1562, Adv: 0.1995, OT-Reg: 0.000859) | Marginal residual: 2.60e-04 | Train Acc: 0.1953 | Val Acc: 0.2778 | Val P/R/F1 (Macro): 0.2222/0.3130/0.2218 | LR: 0.000001
Epoch [56/100] | Loss: 6.6293 (Cls: 6.5830, TAL: 0.2446, Adv: 0.2126, OT-Reg: 0.000894) | Marginal residual: 1.71e-04 | Train Acc: 0.1484 | Val Acc: 0.2500 | Val P/R/F1 (Macro): 0.1984/0.2574/0.1809 | LR: 0.000001
Epoch [57/100] | Loss: 6.6020 (Cls: 6.5651, TAL: 0.1743, Adv: 0.2000, OT-Reg: 0.000830) | Marginal residual: 3.01e-04 | Train Acc: 0.2422 | Val Acc: 0.1667 | Val P/R/F1 (Macro): 0.1991/0.2269/0.1384 | LR: 0.000001
Epoch [58/100] | Loss: 6.7329 (Cls: 6.6980, TAL: 0.1326, Adv: 0.2374, OT-Reg: 0.000877) | Marginal residual: 4.94e-05 | Train Acc: 0.1875 | Val Acc: 0.1667 | Val P/R/F1 (Macro): 0.1651/0.2407/0.1256 | LR: 0.000001
Epoch [59/100] | Loss: 6.4895 (Cls: 6.4716, TAL: 0.0134, Adv: 0.2035, OT-Reg: 0.000829) | Marginal residual: 6.33e-04 | Train Acc: 0.2266 | Val Acc: 0.4444 | Val P/R/F1 (Macro): 0.4270/0.4574/0.4051 | LR: 0.000001
  >>> New Best Val Acc: 0.4444
Epoch [60/100] | Loss: 6.9001 (Cls: 6.8963, TAL: -0.1082, Adv: 0.2104, OT-Reg: 0.000811) | Marginal residual: 4.16e-04 | Train Acc: 0.1953 | Val Acc: 0.1389 | Val P/R/F1 (Macro): 0.1642/0.1889/0.1155 | LR: 0.000001
Epoch [61/100] | Loss: 6.4062 (Cls: 6.3526, TAL: 0.3106, Adv: 0.2041, OT-Reg: 0.000849) | Marginal residual: 1.26e-04 | Train Acc: 0.2812 | Val Acc: 0.1667 | Val P/R/F1 (Macro): 0.2056/0.2352/0.2079 | LR: 0.000001
Epoch [62/100] | Loss: 6.6204 (Cls: 6.5916, TAL: 0.0756, Adv: 0.2472, OT-Reg: 0.000841) | Marginal residual: 8.29e-06 | Train Acc: 0.2266 | Val Acc: 0.1944 | Val P/R/F1 (Macro): 0.1903/0.2306/0.1313 | LR: 0.000001
Epoch [63/100] | Loss: 6.6721 (Cls: 6.6219, TAL: 0.2019, Adv: 0.3247, OT-Reg: 0.000854) | Marginal residual: 2.70e-04 | Train Acc: 0.2031 | Val Acc: 0.1389 | Val P/R/F1 (Macro): 0.1548/0.2269/0.0944 | LR: 0.000001
Epoch [64/100] | Loss: 6.6305 (Cls: 6.6112, TAL: -0.0034, Adv: 0.2473, OT-Reg: 0.000859) | Marginal residual: 4.21e-04 | Train Acc: 0.1797 | Val Acc: 0.1944 | Val P/R/F1 (Macro): 0.1825/0.1611/0.1369 | LR: 0.000001
Epoch [65/100] | Loss: 6.5632 (Cls: 6.5200, TAL: 0.1644, Adv: 0.2940, OT-Reg: 0.000926) | Marginal residual: 2.64e-04 | Train Acc: 0.2031 | Val Acc: 0.2500 | Val P/R/F1 (Macro): 0.2221/0.3037/0.2325 | LR: 0.000001
Epoch [66/100] | Loss: 6.3433 (Cls: 6.3644, TAL: -0.3063, Adv: 0.1955, OT-Reg: 0.000866) | Marginal residual: 7.11e-04 | Train Acc: 0.2031 | Val Acc: 0.3056 | Val P/R/F1 (Macro): 0.2238/0.3074/0.2226 | LR: 0.000001
Epoch [67/100] | Loss: 6.2877 (Cls: 6.2991, TAL: -0.2906, Adv: 0.2927, OT-Reg: 0.000823) | Marginal residual: 4.80e-04 | Train Acc: 0.1953 | Val Acc: 0.2778 | Val P/R/F1 (Macro): 0.1834/0.2278/0.1714 | LR: 0.000001
Epoch [68/100] | Loss: 6.6360 (Cls: 6.6186, TAL: -0.0278, Adv: 0.2587, OT-Reg: 0.000826) | Marginal residual: 2.23e-04 | Train Acc: 0.2188 | Val Acc: 0.3056 | Val P/R/F1 (Macro): 0.2418/0.3324/0.2526 | LR: 0.000001
Epoch [69/100] | Loss: 6.2215 (Cls: 6.2253, TAL: -0.2008, Adv: 0.2527, OT-Reg: 0.000871) | Marginal residual: 1.69e-04 | Train Acc: 0.2266 | Val Acc: 0.1389 | Val P/R/F1 (Macro): 0.1009/0.2037/0.1190 | LR: 0.000001
Epoch [70/100] | Loss: 6.5571 (Cls: 6.4969, TAL: 0.3264, Adv: 0.2630, OT-Reg: 0.000831) | Marginal residual: 8.00e-05 | Train Acc: 0.1953 | Val Acc: 0.1111 | Val P/R/F1 (Macro): 0.1521/0.1898/0.0888 | LR: 0.000001
Epoch [71/100] | Loss: 6.5275 (Cls: 6.4244, TAL: 0.6263, Adv: 0.3491, OT-Reg: 0.000846) | Marginal residual: 5.40e-08 | Train Acc: 0.2812 | Val Acc: 0.1944 | Val P/R/F1 (Macro): 0.1405/0.2361/0.1467 | LR: 0.000001
Epoch [72/100] | Loss: 6.5631 (Cls: 6.5202, TAL: 0.1353, Adv: 0.3330, OT-Reg: 0.000864) | Marginal residual: 3.76e-04 | Train Acc: 0.1484 | Val Acc: 0.1944 | Val P/R/F1 (Macro): 0.2960/0.2917/0.1636 | LR: 0.000001
Epoch [73/100] | Loss: 6.2131 (Cls: 6.2546, TAL: -0.5561, Adv: 0.3158, OT-Reg: 0.000857) | Marginal residual: 9.51e-04 | Train Acc: 0.2891 | Val Acc: 0.2222 | Val P/R/F1 (Macro): 0.1380/0.1713/0.1442 | LR: 0.000001
Epoch [74/100] | Loss: 6.4577 (Cls: 6.4528, TAL: -0.1639, Adv: 0.3068, OT-Reg: 0.000885) | Marginal residual: 6.53e-04 | Train Acc: 0.2500 | Val Acc: 0.3611 | Val P/R/F1 (Macro): 0.2861/0.2676/0.2485 | LR: 0.000001
Epoch [75/100] | Loss: 6.4261 (Cls: 6.3860, TAL: 0.0422, Adv: 0.4379, OT-Reg: 0.000845) | Marginal residual: 2.02e-04 | Train Acc: 0.2266 | Val Acc: 0.3889 | Val P/R/F1 (Macro): 0.2824/0.4120/0.2544 | LR: 0.000001
Epoch [76/100] | Loss: 6.4939 (Cls: 6.4473, TAL: 0.1398, Adv: 0.3729, OT-Reg: 0.000745) | Marginal residual: 2.93e-04 | Train Acc: 0.2500 | Val Acc: 0.4167 | Val P/R/F1 (Macro): 0.2290/0.3241/0.2490 | LR: 0.000001
Epoch [77/100] | Loss: 6.4859 (Cls: 6.4023, TAL: 0.4718, Adv: 0.3370, OT-Reg: 0.000794) | Marginal residual: 9.97e-06 | Train Acc: 0.2344 | Val Acc: 0.3889 | Val P/R/F1 (Macro): 0.3038/0.4028/0.3031 | LR: 0.000001
Epoch [78/100] | Loss: 6.4558 (Cls: 6.4199, TAL: 0.0217, Adv: 0.4167, OT-Reg: 0.000846) | Marginal residual: 9.04e-05 | Train Acc: 0.2812 | Val Acc: 0.3056 | Val P/R/F1 (Macro): 0.2790/0.4815/0.3200 | LR: 0.000001
Epoch [79/100] | Loss: 6.5876 (Cls: 6.5779, TAL: -0.1761, Adv: 0.3863, OT-Reg: 0.000886) | Marginal residual: 2.02e-04 | Train Acc: 0.2344 | Val Acc: 0.2778 | Val P/R/F1 (Macro): 0.3792/0.3324/0.2599 | LR: 0.000001
Epoch [80/100] | Loss: 6.7929 (Cls: 6.7476, TAL: 0.0921, Adv: 0.4278, OT-Reg: 0.000851) | Marginal residual: 1.22e-04 | Train Acc: 0.1953 | Val Acc: 0.1389 | Val P/R/F1 (Macro): 0.0420/0.1667/0.0609 | LR: 0.000001
Epoch [81/100] | Loss: 6.6655 (Cls: 6.6432, TAL: -0.0773, Adv: 0.3940, OT-Reg: 0.000812) | Marginal residual: 2.85e-04 | Train Acc: 0.2500 | Val Acc: 0.0556 | Val P/R/F1 (Macro): 0.0247/0.0370/0.0296 | LR: 0.000001
Epoch [82/100] | Loss: 6.6462 (Cls: 6.5906, TAL: 0.1861, Adv: 0.4167, OT-Reg: 0.000867) | Marginal residual: 3.44e-04 | Train Acc: 0.1953 | Val Acc: 0.2778 | Val P/R/F1 (Macro): 0.1465/0.3380/0.1727 | LR: 0.000001
Epoch [83/100] | Loss: 6.3999 (Cls: 6.3577, TAL: 0.0317, Adv: 0.4806, OT-Reg: 0.000874) | Marginal residual: 2.99e-04 | Train Acc: 0.2422 | Val Acc: 0.1389 | Val P/R/F1 (Macro): 0.1210/0.1889/0.1032 | LR: 0.000001
Epoch [84/100] | Loss: 6.5527 (Cls: 6.4921, TAL: 0.1906, Adv: 0.4723, OT-Reg: 0.000897) | Marginal residual: 3.04e-05 | Train Acc: 0.1953 | Val Acc: 0.2222 | Val P/R/F1 (Macro): 0.0920/0.2500/0.1190 | LR: 0.000001
Epoch [85/100] | Loss: 6.5564 (Cls: 6.5295, TAL: -0.0768, Adv: 0.4516, OT-Reg: 0.000876) | Marginal residual: 2.57e-04 | Train Acc: 0.1953 | Val Acc: 0.3056 | Val P/R/F1 (Macro): 0.1764/0.3519/0.2097 | LR: 0.000001
Epoch [86/100] | Loss: 6.2626 (Cls: 6.2777, TAL: -0.4482, Adv: 0.4841, OT-Reg: 0.000885) | Marginal residual: 3.59e-04 | Train Acc: 0.3125 | Val Acc: 0.2500 | Val P/R/F1 (Macro): 0.1591/0.3241/0.1850 | LR: 0.000001
Epoch [87/100] | Loss: 6.4952 (Cls: 6.4863, TAL: -0.2644, Adv: 0.5084, OT-Reg: 0.000829) | Marginal residual: 4.72e-04 | Train Acc: 0.2266 | Val Acc: 0.3333 | Val P/R/F1 (Macro): 0.1755/0.3361/0.2066 | LR: 0.000001
Epoch [88/100] | Loss: 6.1710 (Cls: 6.0874, TAL: 0.3255, Adv: 0.5573, OT-Reg: 0.000797) | Marginal residual: 9.56e-05 | Train Acc: 0.2578 | Val Acc: 0.2778 | Val P/R/F1 (Macro): 0.1014/0.3148/0.1456 | LR: 0.000001
Epoch [89/100] | Loss: 6.5079 (Cls: 6.4552, TAL: 0.1034, Adv: 0.5034, OT-Reg: 0.000866) | Marginal residual: 4.01e-04 | Train Acc: 0.2812 | Val Acc: 0.2778 | Val P/R/F1 (Macro): 0.2716/0.3306/0.2150 | LR: 0.000001
Epoch [90/100] | Loss: 6.5508 (Cls: 6.4338, TAL: 0.5801, Adv: 0.5925, OT-Reg: 0.000833) | Marginal residual: 8.61e-05 | Train Acc: 0.2344 | Val Acc: 0.0556 | Val P/R/F1 (Macro): 0.1222/0.1481/0.1282 | LR: 0.000001
Epoch [91/100] | Loss: 6.4800 (Cls: 6.3491, TAL: 0.6653, Adv: 0.6388, OT-Reg: 0.000704) | Marginal residual: 4.66e-08 | Train Acc: 0.2031 | Val Acc: 0.2778 | Val P/R/F1 (Macro): 0.1759/0.3741/0.2165 | LR: 0.000001
Epoch [92/100] | Loss: 6.5296 (Cls: 6.4795, TAL: 0.0239, Adv: 0.5904, OT-Reg: 0.000846) | Marginal residual: 2.38e-04 | Train Acc: 0.2266 | Val Acc: 0.2778 | Val P/R/F1 (Macro): 0.2626/0.3935/0.2744 | LR: 0.000001
Epoch [93/100] | Loss: 6.5298 (Cls: 6.5066, TAL: -0.1561, Adv: 0.5247, OT-Reg: 0.000879) | Marginal residual: 6.24e-04 | Train Acc: 0.2812 | Val Acc: 0.2778 | Val P/R/F1 (Macro): 0.1777/0.3250/0.1852 | LR: 0.000001
Epoch [94/100] | Loss: 6.8647 (Cls: 6.7898, TAL: 0.2414, Adv: 0.5735, OT-Reg: 0.000847) | Marginal residual: 1.72e-04 | Train Acc: 0.2188 | Val Acc: 0.2778 | Val P/R/F1 (Macro): 0.1991/0.3148/0.2094 | LR: 0.000001
Epoch [95/100] | Loss: 6.6507 (Cls: 6.5735, TAL: 0.2365, Adv: 0.6105, OT-Reg: 0.000796) | Marginal residual: 6.52e-05 | Train Acc: 0.1875 | Val Acc: 0.3333 | Val P/R/F1 (Macro): 0.3990/0.4611/0.3446 | LR: 0.000001
Epoch [96/100] | Loss: 6.3824 (Cls: 6.2731, TAL: 0.4986, Adv: 0.6183, OT-Reg: 0.000821) | Marginal residual: 1.62e-04 | Train Acc: 0.3047 | Val Acc: 0.3056 | Val P/R/F1 (Macro): 0.1838/0.3324/0.1930 | LR: 0.000001
Epoch [97/100] | Loss: 6.4742 (Cls: 6.4602, TAL: -0.2709, Adv: 0.5810, OT-Reg: 0.000828) | Marginal residual: 7.23e-04 | Train Acc: 0.2266 | Val Acc: 0.0000 | Val P/R/F1 (Macro): 0.0000/0.0000/0.0000 | LR: 0.000001
Epoch [98/100] | Loss: 6.6090 (Cls: 6.5529, TAL: 0.0548, Adv: 0.6185, OT-Reg: 0.000811) | Marginal residual: 2.58e-04 | Train Acc: 0.2500 | Val Acc: 0.1111 | Val P/R/F1 (Macro): 0.0718/0.1065/0.0703 | LR: 0.000001
Epoch [99/100] | Loss: 6.6144 (Cls: 6.4976, TAL: 0.4626, Adv: 0.7670, OT-Reg: 0.000843) | Marginal residual: 5.04e-06 | Train Acc: 0.2656 | Val Acc: 0.1389 | Val P/R/F1 (Macro): 0.1917/0.2259/0.1414 | LR: 0.000001
Epoch [100/100] | Loss: 6.4871 (Cls: 6.4116, TAL: 0.2060, Adv: 0.6340, OT-Reg: 0.000836) | Marginal residual: 3.20e-04 | Train Acc: 0.2266 | Val Acc: 0.2222 | Val P/R/F1 (Macro): 0.2136/0.2917/0.1822 | LR: 0.000001
Report strategy: last_window, window=10, reported_acc=0.2222, best_acc=0.4444

迭代 4 报告指标:
  Accuracy: 0.2222
  Precision (Macro): 0.1875
  Recall (Macro): 0.2825
  F1 (Macro): 0.1817
  Precision (Micro): 0.2222
  Recall (Micro): 0.2222
  F1 (Micro): 0.2222
  Val class coverage: 9/14 (0.6429), samples=36

================================================================================
迭代 5/5
随机种子: 46
================================================================================
Training mode: full target-label supervision (class-paired batches).
Feature fusion: Tensor alignment (512+512 -> 128+128); fused_dim=256
Domain adaptation: Neural OT generator with 3-domain discriminator
Loss weights: tensor=0.12, adv=0.08
Transport: mode=sinkhorn, epsilon=0.1, Sinkhorn iterations=50, correction scale=0.1, correction regularization weight=0.001
Tensor projection update: alternating SVD, max_sweeps=3, relative singular-value tolerance=0.0001
Epoch [1/100] | Loss: 8.7966 (Cls: 8.7869, TAL: -0.0569, Adv: 0.2073, OT-Reg: 0.001396) | Marginal residual: 1.97e-04 | Train Acc: 0.0859 | Val Acc: 0.1389 | Val P/R/F1 (Macro): 0.1481/0.1194/0.1186 | LR: 0.000005
  >>> New Best Val Acc: 0.1389
Epoch [2/100] | Loss: 8.2687 (Cls: 8.2326, TAL: 0.1800, Adv: 0.1821, OT-Reg: 0.001448) | Marginal residual: 8.20e-08 | Train Acc: 0.0859 | Val Acc: 0.1667 | Val P/R/F1 (Macro): 0.1065/0.1574/0.1039 | LR: 0.000005
  >>> New Best Val Acc: 0.1667
Epoch [3/100] | Loss: 8.0805 (Cls: 8.0823, TAL: -0.1410, Adv: 0.1885, OT-Reg: 0.001332) | Marginal residual: 1.68e-04 | Train Acc: 0.1328 | Val Acc: 0.1667 | Val P/R/F1 (Macro): 0.0926/0.1296/0.1019 | LR: 0.000005
Epoch [4/100] | Loss: 7.9520 (Cls: 7.9214, TAL: 0.1105, Adv: 0.2166, OT-Reg: 0.001346) | Marginal residual: 3.31e-05 | Train Acc: 0.0781 | Val Acc: 0.0833 | Val P/R/F1 (Macro): 0.0347/0.0583/0.0434 | LR: 0.000005
Epoch [5/100] | Loss: 8.0321 (Cls: 7.9896, TAL: 0.2285, Adv: 0.1893, OT-Reg: 0.001320) | Marginal residual: 1.01e-04 | Train Acc: 0.1094 | Val Acc: 0.1667 | Val P/R/F1 (Macro): 0.1296/0.1361/0.1250 | LR: 0.000005
Epoch [6/100] | Loss: 7.5988 (Cls: 7.6043, TAL: -0.1605, Adv: 0.1721, OT-Reg: 0.001433) | Marginal residual: 1.39e-04 | Train Acc: 0.1328 | Val Acc: 0.1389 | Val P/R/F1 (Macro): 0.0308/0.1852/0.0501 | LR: 0.000005
Epoch [7/100] | Loss: 7.9905 (Cls: 7.9866, TAL: -0.0868, Adv: 0.1792, OT-Reg: 0.001397) | Marginal residual: 2.57e-05 | Train Acc: 0.1484 | Val Acc: 0.0833 | Val P/R/F1 (Macro): 0.0238/0.0556/0.0333 | LR: 0.000005
Epoch [8/100] | Loss: 7.6057 (Cls: 7.5865, TAL: 0.0463, Adv: 0.1706, OT-Reg: 0.001379) | Marginal residual: 2.70e-05 | Train Acc: 0.1172 | Val Acc: 0.1111 | Val P/R/F1 (Macro): 0.0924/0.2130/0.0911 | LR: 0.000005
Epoch [9/100] | Loss: 7.7492 (Cls: 7.7372, TAL: -0.0164, Adv: 0.1752, OT-Reg: 0.001375) | Marginal residual: 3.70e-06 | Train Acc: 0.0938 | Val Acc: 0.0833 | Val P/R/F1 (Macro): 0.0167/0.1111/0.0290 | LR: 0.000005
Epoch [10/100] | Loss: 7.7488 (Cls: 7.7110, TAL: 0.2023, Adv: 0.1694, OT-Reg: 0.001324) | Marginal residual: 4.85e-06 | Train Acc: 0.1016 | Val Acc: 0.0556 | Val P/R/F1 (Macro): 0.0741/0.0370/0.0494 | LR: 0.000005
Epoch [11/100] | Loss: 7.4827 (Cls: 7.4884, TAL: -0.1524, Adv: 0.1563, OT-Reg: 0.001419) | Marginal residual: 2.73e-04 | Train Acc: 0.1250 | Val Acc: 0.1389 | Val P/R/F1 (Macro): 0.0387/0.1296/0.0573 | LR: 0.000005
Epoch [12/100] | Loss: 7.4332 (Cls: 7.4129, TAL: 0.0542, Adv: 0.1726, OT-Reg: 0.001367) | Marginal residual: 7.09e-06 | Train Acc: 0.1719 | Val Acc: 0.1389 | Val P/R/F1 (Macro): 0.0451/0.0861/0.0573 | LR: 0.000005
Epoch [13/100] | Loss: 7.8522 (Cls: 7.8010, TAL: 0.2914, Adv: 0.2023, OT-Reg: 0.001415) | Marginal residual: 3.63e-08 | Train Acc: 0.0625 | Val Acc: 0.1111 | Val P/R/F1 (Macro): 0.0549/0.1157/0.0614 | LR: 0.000003
Epoch [14/100] | Loss: 7.4963 (Cls: 7.4896, TAL: -0.0785, Adv: 0.2019, OT-Reg: 0.001241) | Marginal residual: 1.26e-04 | Train Acc: 0.1484 | Val Acc: 0.0556 | Val P/R/F1 (Macro): 0.0222/0.0278/0.0247 | LR: 0.000003
Epoch [15/100] | Loss: 7.4194 (Cls: 7.4194, TAL: -0.1306, Adv: 0.1958, OT-Reg: 0.001389) | Marginal residual: 1.18e-04 | Train Acc: 0.1719 | Val Acc: 0.1389 | Val P/R/F1 (Macro): 0.1033/0.1435/0.0665 | LR: 0.000003
Epoch [16/100] | Loss: 7.5843 (Cls: 7.5681, TAL: -0.0244, Adv: 0.2381, OT-Reg: 0.001354) | Marginal residual: 3.94e-05 | Train Acc: 0.1250 | Val Acc: 0.0278 | Val P/R/F1 (Macro): 0.0069/0.0370/0.0117 | LR: 0.000003
Epoch [17/100] | Loss: 7.3380 (Cls: 7.3329, TAL: -0.1003, Adv: 0.2137, OT-Reg: 0.001333) | Marginal residual: 1.06e-04 | Train Acc: 0.0781 | Val Acc: 0.1944 | Val P/R/F1 (Macro): 0.1461/0.2130/0.1398 | LR: 0.000003
  >>> New Best Val Acc: 0.1944
Epoch [18/100] | Loss: 7.2416 (Cls: 7.2206, TAL: -0.0059, Adv: 0.2716, OT-Reg: 0.001437) | Marginal residual: 3.11e-05 | Train Acc: 0.1094 | Val Acc: 0.1111 | Val P/R/F1 (Macro): 0.1093/0.1667/0.1175 | LR: 0.000003
Epoch [19/100] | Loss: 7.3150 (Cls: 7.3111, TAL: -0.1469, Adv: 0.2682, OT-Reg: 0.001374) | Marginal residual: 1.59e-04 | Train Acc: 0.1172 | Val Acc: 0.1111 | Val P/R/F1 (Macro): 0.0153/0.1111/0.0269 | LR: 0.000003
Epoch [20/100] | Loss: 7.2094 (Cls: 7.2130, TAL: -0.2446, Adv: 0.3223, OT-Reg: 0.001433) | Marginal residual: 2.71e-05 | Train Acc: 0.1328 | Val Acc: 0.0833 | Val P/R/F1 (Macro): 0.0366/0.1704/0.0509 | LR: 0.000003
Epoch [21/100] | Loss: 7.2337 (Cls: 7.2643, TAL: -0.4664, Adv: 0.3169, OT-Reg: 0.001391) | Marginal residual: 2.29e-04 | Train Acc: 0.1250 | Val Acc: 0.1111 | Val P/R/F1 (Macro): 0.0589/0.1991/0.0793 | LR: 0.000003
Epoch [22/100] | Loss: 7.5153 (Cls: 7.4134, TAL: 0.6139, Adv: 0.3538, OT-Reg: 0.001372) | Marginal residual: 5.54e-08 | Train Acc: 0.0938 | Val Acc: 0.0556 | Val P/R/F1 (Macro): 0.0593/0.1481/0.0516 | LR: 0.000003
Epoch [23/100] | Loss: 7.3806 (Cls: 7.2763, TAL: 0.5881, Adv: 0.4220, OT-Reg: 0.001453) | Marginal residual: 4.05e-08 | Train Acc: 0.1641 | Val Acc: 0.2500 | Val P/R/F1 (Macro): 0.2000/0.2083/0.1938 | LR: 0.000003
  >>> New Best Val Acc: 0.2500
Epoch [24/100] | Loss: 7.2023 (Cls: 7.1389, TAL: 0.2807, Adv: 0.3718, OT-Reg: 0.001488) | Marginal residual: 1.00e-06 | Train Acc: 0.1953 | Val Acc: 0.1944 | Val P/R/F1 (Macro): 0.1486/0.2074/0.1680 | LR: 0.000003
Epoch [25/100] | Loss: 7.1503 (Cls: 7.0984, TAL: 0.1289, Adv: 0.4554, OT-Reg: 0.001453) | Marginal residual: 1.27e-04 | Train Acc: 0.1719 | Val Acc: 0.1389 | Val P/R/F1 (Macro): 0.0286/0.1852/0.0477 | LR: 0.000003
Epoch [26/100] | Loss: 7.0650 (Cls: 6.9988, TAL: 0.2221, Adv: 0.4936, OT-Reg: 0.001426) | Marginal residual: 1.01e-04 | Train Acc: 0.2109 | Val Acc: 0.0833 | Val P/R/F1 (Macro): 0.0469/0.0880/0.0541 | LR: 0.000003
Epoch [27/100] | Loss: 7.0413 (Cls: 7.0802, TAL: -0.6008, Adv: 0.4150, OT-Reg: 0.001363) | Marginal residual: 4.23e-04 | Train Acc: 0.1562 | Val Acc: 0.1389 | Val P/R/F1 (Macro): 0.0857/0.2407/0.1051 | LR: 0.000003
Epoch [28/100] | Loss: 7.1569 (Cls: 7.0917, TAL: 0.2287, Adv: 0.4713, OT-Reg: 0.001275) | Marginal residual: 2.73e-04 | Train Acc: 0.1328 | Val Acc: 0.1667 | Val P/R/F1 (Macro): 0.1056/0.1667/0.1037 | LR: 0.000003
Epoch [29/100] | Loss: 6.9958 (Cls: 6.9818, TAL: -0.1758, Adv: 0.4379, OT-Reg: 0.001467) | Marginal residual: 8.85e-05 | Train Acc: 0.1328 | Val Acc: 0.1944 | Val P/R/F1 (Macro): 0.1911/0.3426/0.1472 | LR: 0.000003
Epoch [30/100] | Loss: 7.2010 (Cls: 7.1122, TAL: 0.3973, Adv: 0.5150, OT-Reg: 0.001548) | Marginal residual: 1.16e-05 | Train Acc: 0.0859 | Val Acc: 0.0556 | Val P/R/F1 (Macro): 0.0419/0.1333/0.0370 | LR: 0.000003
Epoch [31/100] | Loss: 7.2150 (Cls: 7.0923, TAL: 0.6527, Adv: 0.5548, OT-Reg: 0.001356) | Marginal residual: 4.98e-08 | Train Acc: 0.1641 | Val Acc: 0.1667 | Val P/R/F1 (Macro): 0.0442/0.0972/0.0595 | LR: 0.000003
Epoch [32/100] | Loss: 7.1783 (Cls: 7.1142, TAL: 0.2310, Adv: 0.4555, OT-Reg: 0.001301) | Marginal residual: 1.53e-04 | Train Acc: 0.1562 | Val Acc: 0.1389 | Val P/R/F1 (Macro): 0.1474/0.2130/0.1007 | LR: 0.000003
Epoch [33/100] | Loss: 6.8124 (Cls: 6.8405, TAL: -0.5133, Adv: 0.4181, OT-Reg: 0.001353) | Marginal residual: 3.57e-04 | Train Acc: 0.2344 | Val Acc: 0.1111 | Val P/R/F1 (Macro): 0.0488/0.2130/0.0741 | LR: 0.000003
Epoch [34/100] | Loss: 7.0932 (Cls: 7.0113, TAL: 0.2935, Adv: 0.5838, OT-Reg: 0.001397) | Marginal residual: 1.68e-04 | Train Acc: 0.1953 | Val Acc: 0.1944 | Val P/R/F1 (Macro): 0.0861/0.3056/0.1250 | LR: 0.000001
Epoch [35/100] | Loss: 6.8073 (Cls: 6.8384, TAL: -0.5331, Adv: 0.4117, OT-Reg: 0.001386) | Marginal residual: 5.89e-04 | Train Acc: 0.1797 | Val Acc: 0.2222 | Val P/R/F1 (Macro): 0.1129/0.3241/0.1476 | LR: 0.000001
Epoch [36/100] | Loss: 7.1347 (Cls: 7.0886, TAL: 0.0830, Adv: 0.4517, OT-Reg: 0.001372) | Marginal residual: 1.45e-04 | Train Acc: 0.1484 | Val Acc: 0.2500 | Val P/R/F1 (Macro): 0.1715/0.2000/0.1434 | LR: 0.000001
Epoch [37/100] | Loss: 7.1308 (Cls: 7.0429, TAL: 0.4024, Adv: 0.4952, OT-Reg: 0.001442) | Marginal residual: 6.07e-06 | Train Acc: 0.1719 | Val Acc: 0.1111 | Val P/R/F1 (Macro): 0.0131/0.0889/0.0228 | LR: 0.000001
Epoch [38/100] | Loss: 7.0301 (Cls: 6.9183, TAL: 0.5436, Adv: 0.5817, OT-Reg: 0.001535) | Marginal residual: 3.40e-08 | Train Acc: 0.1719 | Val Acc: 0.1389 | Val P/R/F1 (Macro): 0.0861/0.1833/0.0969 | LR: 0.000001
Epoch [39/100] | Loss: 6.8915 (Cls: 6.8729, TAL: -0.1316, Adv: 0.4299, OT-Reg: 0.001390) | Marginal residual: 2.81e-04 | Train Acc: 0.1953 | Val Acc: 0.2222 | Val P/R/F1 (Macro): 0.0919/0.1667/0.1018 | LR: 0.000001
Epoch [40/100] | Loss: 7.3173 (Cls: 7.1877, TAL: 0.6301, Adv: 0.6738, OT-Reg: 0.001477) | Marginal residual: 4.19e-08 | Train Acc: 0.1094 | Val Acc: 0.2500 | Val P/R/F1 (Macro): 0.1435/0.2167/0.1677 | LR: 0.000001
Epoch [41/100] | Loss: 6.8898 (Cls: 6.8622, TAL: -0.1233, Adv: 0.5306, OT-Reg: 0.001439) | Marginal residual: 2.80e-04 | Train Acc: 0.2031 | Val Acc: 0.0833 | Val P/R/F1 (Macro): 0.0264/0.1852/0.0434 | LR: 0.000001
Epoch [42/100] | Loss: 6.9115 (Cls: 6.9533, TAL: -0.5944, Adv: 0.3690, OT-Reg: 0.001368) | Marginal residual: 5.16e-04 | Train Acc: 0.1875 | Val Acc: 0.1667 | Val P/R/F1 (Macro): 0.1415/0.2500/0.0960 | LR: 0.000001
Epoch [43/100] | Loss: 7.0267 (Cls: 6.9340, TAL: 0.3927, Adv: 0.5703, OT-Reg: 0.001575) | Marginal residual: 5.24e-05 | Train Acc: 0.1406 | Val Acc: 0.1944 | Val P/R/F1 (Macro): 0.1111/0.2667/0.1289 | LR: 0.000001
Epoch [44/100] | Loss: 6.9600 (Cls: 6.9517, TAL: -0.3104, Adv: 0.5693, OT-Reg: 0.001379) | Marginal residual: 2.93e-04 | Train Acc: 0.1328 | Val Acc: 0.1389 | Val P/R/F1 (Macro): 0.0947/0.2444/0.0941 | LR: 0.000001
Epoch [45/100] | Loss: 7.1497 (Cls: 7.1071, TAL: 0.0843, Adv: 0.4061, OT-Reg: 0.001342) | Marginal residual: 1.87e-04 | Train Acc: 0.1797 | Val Acc: 0.1111 | Val P/R/F1 (Macro): 0.0278/0.2222/0.0482 | LR: 0.000001
Epoch [46/100] | Loss: 7.1552 (Cls: 7.0590, TAL: 0.5317, Adv: 0.4045, OT-Reg: 0.001191) | Marginal residual: 5.91e-08 | Train Acc: 0.2500 | Val Acc: 0.1667 | Val P/R/F1 (Macro): 0.0738/0.2222/0.0834 | LR: 0.000001
Epoch [47/100] | Loss: 7.2911 (Cls: 7.1916, TAL: 0.5773, Adv: 0.3778, OT-Reg: 0.001200) | Marginal residual: 6.89e-08 | Train Acc: 0.1719 | Val Acc: 0.0833 | Val P/R/F1 (Macro): 0.0196/0.1111/0.0333 | LR: 0.000001
Epoch [48/100] | Loss: 7.1647 (Cls: 7.0579, TAL: 0.6636, Adv: 0.3393, OT-Reg: 0.001283) | Marginal residual: 6.94e-08 | Train Acc: 0.1797 | Val Acc: 0.1944 | Val P/R/F1 (Macro): 0.1389/0.2722/0.1306 | LR: 0.000001
Epoch [49/100] | Loss: 7.0381 (Cls: 6.9493, TAL: 0.4861, Adv: 0.3805, OT-Reg: 0.001190) | Marginal residual: 8.57e-08 | Train Acc: 0.2109 | Val Acc: 0.0556 | Val P/R/F1 (Macro): 0.0159/0.0741/0.0261 | LR: 0.000001
Epoch [50/100] | Loss: 7.1360 (Cls: 7.0357, TAL: 0.5134, Adv: 0.4833, OT-Reg: 0.001144) | Marginal residual: 7.59e-08 | Train Acc: 0.2344 | Val Acc: 0.2778 | Val P/R/F1 (Macro): 0.2099/0.3472/0.2165 | LR: 0.000001
  >>> New Best Val Acc: 0.2778
Epoch [51/100] | Loss: 7.1661 (Cls: 7.0694, TAL: 0.5126, Adv: 0.4391, OT-Reg: 0.001179) | Marginal residual: 1.03e-07 | Train Acc: 0.1797 | Val Acc: 0.2778 | Val P/R/F1 (Macro): 0.1647/0.2639/0.1934 | LR: 0.000001
Epoch [52/100] | Loss: 6.9594 (Cls: 6.8870, TAL: 0.2949, Adv: 0.4634, OT-Reg: 0.001275) | Marginal residual: 1.49e-04 | Train Acc: 0.1797 | Val Acc: 0.1389 | Val P/R/F1 (Macro): 0.1877/0.2269/0.1037 | LR: 0.000001
Epoch [53/100] | Loss: 7.0647 (Cls: 6.9667, TAL: 0.4633, Adv: 0.5300, OT-Reg: 0.001188) | Marginal residual: 2.80e-05 | Train Acc: 0.2109 | Val Acc: 0.1389 | Val P/R/F1 (Macro): 0.0901/0.2315/0.0981 | LR: 0.000001
Epoch [54/100] | Loss: 7.0326 (Cls: 6.9688, TAL: 0.1856, Adv: 0.5187, OT-Reg: 0.001251) | Marginal residual: 3.85e-04 | Train Acc: 0.1562 | Val Acc: 0.0833 | Val P/R/F1 (Macro): 0.0392/0.1852/0.0583 | LR: 0.000001
Epoch [55/100] | Loss: 6.8076 (Cls: 6.8523, TAL: -0.5770, Adv: 0.3069, OT-Reg: 0.001327) | Marginal residual: 5.52e-04 | Train Acc: 0.1641 | Val Acc: 0.1389 | Val P/R/F1 (Macro): 0.0842/0.2130/0.0852 | LR: 0.000001
Epoch [56/100] | Loss: 6.7815 (Cls: 6.8108, TAL: -0.5231, Adv: 0.4190, OT-Reg: 0.001330) | Marginal residual: 8.18e-04 | Train Acc: 0.2266 | Val Acc: 0.1667 | Val P/R/F1 (Macro): 0.1667/0.0917/0.0988 | LR: 0.000001
Epoch [57/100] | Loss: 6.7541 (Cls: 6.7896, TAL: -0.5401, Adv: 0.3664, OT-Reg: 0.001409) | Marginal residual: 6.74e-04 | Train Acc: 0.2266 | Val Acc: 0.1111 | Val P/R/F1 (Macro): 0.0444/0.2074/0.0651 | LR: 0.000001
Epoch [58/100] | Loss: 6.7873 (Cls: 6.8322, TAL: -0.5633, Adv: 0.2830, OT-Reg: 0.001292) | Marginal residual: 7.12e-04 | Train Acc: 0.1719 | Val Acc: 0.1111 | Val P/R/F1 (Macro): 0.0383/0.2074/0.0611 | LR: 0.000001
Epoch [59/100] | Loss: 6.6757 (Cls: 6.7227, TAL: -0.5920, Adv: 0.3004, OT-Reg: 0.001220) | Marginal residual: 6.37e-04 | Train Acc: 0.2266 | Val Acc: 0.2778 | Val P/R/F1 (Macro): 0.2101/0.2574/0.1810 | LR: 0.000001
Epoch [60/100] | Loss: 6.8141 (Cls: 6.8435, TAL: -0.4960, Adv: 0.3768, OT-Reg: 0.001405) | Marginal residual: 7.14e-04 | Train Acc: 0.1875 | Val Acc: 0.1111 | Val P/R/F1 (Macro): 0.1944/0.1157/0.1265 | LR: 0.000001
Epoch [61/100] | Loss: 6.6792 (Cls: 6.6856, TAL: -0.2956, Adv: 0.3638, OT-Reg: 0.001293) | Marginal residual: 4.36e-04 | Train Acc: 0.1641 | Val Acc: 0.2500 | Val P/R/F1 (Macro): 0.0513/0.1713/0.0789 | LR: 0.000001
Epoch [62/100] | Loss: 7.1727 (Cls: 7.0766, TAL: 0.5744, Adv: 0.3396, OT-Reg: 0.001447) | Marginal residual: 4.75e-08 | Train Acc: 0.2109 | Val Acc: 0.1944 | Val P/R/F1 (Macro): 0.0984/0.2778/0.1146 | LR: 0.000001
Epoch [63/100] | Loss: 6.8354 (Cls: 6.8563, TAL: -0.5253, Adv: 0.5261, OT-Reg: 0.001341) | Marginal residual: 3.42e-04 | Train Acc: 0.2031 | Val Acc: 0.1667 | Val P/R/F1 (Macro): 0.1370/0.2500/0.0901 | LR: 0.000001
Epoch [64/100] | Loss: 7.0794 (Cls: 6.9792, TAL: 0.4474, Adv: 0.5813, OT-Reg: 0.001188) | Marginal residual: 3.66e-05 | Train Acc: 0.1875 | Val Acc: 0.1667 | Val P/R/F1 (Macro): 0.1130/0.2222/0.1242 | LR: 0.000001
Epoch [65/100] | Loss: 6.9700 (Cls: 6.9052, TAL: 0.2348, Adv: 0.4587, OT-Reg: 0.001189) | Marginal residual: 6.24e-05 | Train Acc: 0.1484 | Val Acc: 0.1944 | Val P/R/F1 (Macro): 0.1766/0.2852/0.1472 | LR: 0.000001
Epoch [66/100] | Loss: 6.6984 (Cls: 6.7364, TAL: -0.5382, Adv: 0.3325, OT-Reg: 0.001357) | Marginal residual: 6.20e-04 | Train Acc: 0.1797 | Val Acc: 0.1667 | Val P/R/F1 (Macro): 0.0815/0.2444/0.1038 | LR: 0.000001
Epoch [67/100] | Loss: 6.7541 (Cls: 6.7932, TAL: -0.5370, Adv: 0.3165, OT-Reg: 0.001346) | Marginal residual: 5.41e-04 | Train Acc: 0.1797 | Val Acc: 0.1389 | Val P/R/F1 (Macro): 0.0560/0.1519/0.0778 | LR: 0.000001
Epoch [68/100] | Loss: 6.6887 (Cls: 6.7296, TAL: -0.5608, Adv: 0.3299, OT-Reg: 0.001299) | Marginal residual: 5.51e-04 | Train Acc: 0.1875 | Val Acc: 0.3056 | Val P/R/F1 (Macro): 0.3194/0.3093/0.2889 | LR: 0.000001
  >>> New Best Val Acc: 0.3056
Epoch [69/100] | Loss: 6.9186 (Cls: 6.9533, TAL: -0.4572, Adv: 0.2520, OT-Reg: 0.001393) | Marginal residual: 2.38e-04 | Train Acc: 0.1641 | Val Acc: 0.2500 | Val P/R/F1 (Macro): 0.2287/0.3287/0.2068 | LR: 0.000001
Epoch [70/100] | Loss: 6.5704 (Cls: 6.6236, TAL: -0.6057, Adv: 0.2432, OT-Reg: 0.001281) | Marginal residual: 3.31e-04 | Train Acc: 0.1562 | Val Acc: 0.2222 | Val P/R/F1 (Macro): 0.2431/0.3278/0.1940 | LR: 0.000001
Epoch [71/100] | Loss: 6.5626 (Cls: 6.6135, TAL: -0.6250, Adv: 0.3017, OT-Reg: 0.001327) | Marginal residual: 4.80e-04 | Train Acc: 0.2031 | Val Acc: 0.1667 | Val P/R/F1 (Macro): 0.1704/0.2444/0.1241 | LR: 0.000001
Epoch [72/100] | Loss: 6.8139 (Cls: 6.7947, TAL: -0.0408, Adv: 0.3009, OT-Reg: 0.001385) | Marginal residual: 3.93e-04 | Train Acc: 0.2188 | Val Acc: 0.1111 | Val P/R/F1 (Macro): 0.0284/0.2222/0.0487 | LR: 0.000001
Epoch [73/100] | Loss: 6.8330 (Cls: 6.7346, TAL: 0.6006, Adv: 0.3289, OT-Reg: 0.001444) | Marginal residual: 4.89e-08 | Train Acc: 0.1406 | Val Acc: 0.0833 | Val P/R/F1 (Macro): 0.0222/0.1111/0.0370 | LR: 0.000001
Epoch [74/100] | Loss: 6.6539 (Cls: 6.6855, TAL: -0.5737, Adv: 0.4658, OT-Reg: 0.001284) | Marginal residual: 1.28e-04 | Train Acc: 0.2891 | Val Acc: 0.0833 | Val P/R/F1 (Macro): 0.0255/0.1852/0.0418 | LR: 0.000001
Epoch [75/100] | Loss: 6.7361 (Cls: 6.7841, TAL: -0.6367, Adv: 0.3548, OT-Reg: 0.001282) | Marginal residual: 5.46e-04 | Train Acc: 0.2188 | Val Acc: 0.2500 | Val P/R/F1 (Macro): 0.1875/0.3333/0.1823 | LR: 0.000001
Epoch [76/100] | Loss: 6.7325 (Cls: 6.7870, TAL: -0.6272, Adv: 0.2586, OT-Reg: 0.001351) | Marginal residual: 5.17e-04 | Train Acc: 0.2031 | Val Acc: 0.1389 | Val P/R/F1 (Macro): 0.0859/0.2361/0.0738 | LR: 0.000001
Epoch [77/100] | Loss: 6.8571 (Cls: 6.8946, TAL: -0.5557, Adv: 0.3656, OT-Reg: 0.001352) | Marginal residual: 4.37e-04 | Train Acc: 0.1797 | Val Acc: 0.1389 | Val P/R/F1 (Macro): 0.0707/0.2407/0.0802 | LR: 0.000001
Epoch [78/100] | Loss: 6.8734 (Cls: 6.9026, TAL: -0.5895, Adv: 0.5193, OT-Reg: 0.001415) | Marginal residual: 3.24e-04 | Train Acc: 0.1641 | Val Acc: 0.2222 | Val P/R/F1 (Macro): 0.0593/0.2037/0.0889 | LR: 0.000001
Epoch [79/100] | Loss: 6.9748 (Cls: 7.0014, TAL: -0.5653, Adv: 0.5144, OT-Reg: 0.001317) | Marginal residual: 7.71e-04 | Train Acc: 0.1562 | Val Acc: 0.2222 | Val P/R/F1 (Macro): 0.1332/0.3148/0.1533 | LR: 0.000001
Epoch [80/100] | Loss: 6.8529 (Cls: 6.7702, TAL: 0.2444, Adv: 0.6664, OT-Reg: 0.001269) | Marginal residual: 4.03e-05 | Train Acc: 0.1719 | Val Acc: 0.1944 | Val P/R/F1 (Macro): 0.0864/0.1759/0.1111 | LR: 0.000001
Epoch [81/100] | Loss: 6.9660 (Cls: 6.8374, TAL: 0.6239, Adv: 0.6718, OT-Reg: 0.001144) | Marginal residual: 6.85e-08 | Train Acc: 0.2422 | Val Acc: 0.1944 | Val P/R/F1 (Macro): 0.1254/0.1713/0.1279 | LR: 0.000001
Epoch [82/100] | Loss: 7.0892 (Cls: 6.9699, TAL: 0.5810, Adv: 0.6196, OT-Reg: 0.001137) | Marginal residual: 6.61e-08 | Train Acc: 0.1406 | Val Acc: 0.2778 | Val P/R/F1 (Macro): 0.1802/0.3519/0.1965 | LR: 0.000001
Epoch [83/100] | Loss: 7.0703 (Cls: 6.9716, TAL: 0.4103, Adv: 0.6180, OT-Reg: 0.001264) | Marginal residual: 1.10e-07 | Train Acc: 0.1406 | Val Acc: 0.1389 | Val P/R/F1 (Macro): 0.0569/0.2500/0.0822 | LR: 0.000001
Epoch [84/100] | Loss: 6.5206 (Cls: 6.5453, TAL: -0.5373, Adv: 0.4963, OT-Reg: 0.001283) | Marginal residual: 5.95e-04 | Train Acc: 0.2812 | Val Acc: 0.3333 | Val P/R/F1 (Macro): 0.1119/0.2593/0.1494 | LR: 0.000001
  >>> New Best Val Acc: 0.3333
Epoch [85/100] | Loss: 6.6832 (Cls: 6.7117, TAL: -0.6296, Adv: 0.5886, OT-Reg: 0.001336) | Marginal residual: 3.02e-04 | Train Acc: 0.1875 | Val Acc: 0.1667 | Val P/R/F1 (Macro): 0.0648/0.2593/0.0905 | LR: 0.000001
Epoch [86/100] | Loss: 6.6579 (Cls: 6.6652, TAL: -0.4619, Adv: 0.6016, OT-Reg: 0.001378) | Marginal residual: 6.65e-04 | Train Acc: 0.2188 | Val Acc: 0.1667 | Val P/R/F1 (Macro): 0.0635/0.2500/0.0896 | LR: 0.000001
Epoch [87/100] | Loss: 6.8516 (Cls: 6.7907, TAL: 0.0758, Adv: 0.6477, OT-Reg: 0.001271) | Marginal residual: 2.39e-04 | Train Acc: 0.1641 | Val Acc: 0.2222 | Val P/R/F1 (Macro): 0.0992/0.2963/0.1357 | LR: 0.000001
Epoch [88/100] | Loss: 7.0479 (Cls: 6.9131, TAL: 0.6080, Adv: 0.7729, OT-Reg: 0.001160) | Marginal residual: 7.92e-08 | Train Acc: 0.2188 | Val Acc: 0.1667 | Val P/R/F1 (Macro): 0.1121/0.2546/0.1046 | LR: 0.000001
Epoch [89/100] | Loss: 6.9567 (Cls: 6.8253, TAL: 0.5505, Adv: 0.8160, OT-Reg: 0.001185) | Marginal residual: 6.57e-08 | Train Acc: 0.2109 | Val Acc: 0.1944 | Val P/R/F1 (Macro): 0.1554/0.2593/0.1403 | LR: 0.000001
Epoch [90/100] | Loss: 6.8729 (Cls: 6.7199, TAL: 0.7157, Adv: 0.8382, OT-Reg: 0.001195) | Marginal residual: 6.15e-08 | Train Acc: 0.1797 | Val Acc: 0.0833 | Val P/R/F1 (Macro): 0.0281/0.1852/0.0453 | LR: 0.000001
Epoch [91/100] | Loss: 6.9670 (Cls: 6.8397, TAL: 0.5127, Adv: 0.8224, OT-Reg: 0.001213) | Marginal residual: 7.78e-08 | Train Acc: 0.2031 | Val Acc: 0.1944 | Val P/R/F1 (Macro): 0.2011/0.1898/0.1613 | LR: 0.000001
Epoch [92/100] | Loss: 7.0008 (Cls: 6.8517, TAL: 0.6537, Adv: 0.8833, OT-Reg: 0.001240) | Marginal residual: 6.85e-08 | Train Acc: 0.1875 | Val Acc: 0.1111 | Val P/R/F1 (Macro): 0.0991/0.2037/0.0958 | LR: 0.000001
Epoch [93/100] | Loss: 7.0613 (Cls: 6.9276, TAL: 0.5356, Adv: 0.8676, OT-Reg: 0.001226) | Marginal residual: 6.57e-08 | Train Acc: 0.2266 | Val Acc: 0.1667 | Val P/R/F1 (Macro): 0.1249/0.3611/0.1477 | LR: 0.000001
Epoch [94/100] | Loss: 7.0032 (Cls: 6.8777, TAL: 0.4710, Adv: 0.8625, OT-Reg: 0.001226) | Marginal residual: 7.17e-08 | Train Acc: 0.1562 | Val Acc: 0.1944 | Val P/R/F1 (Macro): 0.1138/0.1944/0.1402 | LR: 0.000001
Epoch [95/100] | Loss: 6.7729 (Cls: 6.7837, TAL: -0.5306, Adv: 0.6604, OT-Reg: 0.001325) | Marginal residual: 4.02e-04 | Train Acc: 0.1719 | Val Acc: 0.1667 | Val P/R/F1 (Macro): 0.1574/0.1574/0.1126 | LR: 0.000001
Epoch [96/100] | Loss: 6.8318 (Cls: 6.8351, TAL: -0.5274, Adv: 0.7502, OT-Reg: 0.001377) | Marginal residual: 4.43e-04 | Train Acc: 0.1719 | Val Acc: 0.1667 | Val P/R/F1 (Macro): 0.0780/0.1574/0.0920 | LR: 0.000001
Epoch [97/100] | Loss: 6.6719 (Cls: 6.6764, TAL: -0.5505, Adv: 0.7688, OT-Reg: 0.001367) | Marginal residual: 6.37e-04 | Train Acc: 0.2500 | Val Acc: 0.2222 | Val P/R/F1 (Macro): 0.1750/0.2870/0.1379 | LR: 0.000001
Epoch [98/100] | Loss: 6.9066 (Cls: 6.8200, TAL: 0.1833, Adv: 0.8069, OT-Reg: 0.001246) | Marginal residual: 4.78e-05 | Train Acc: 0.2031 | Val Acc: 0.1667 | Val P/R/F1 (Macro): 0.0803/0.1704/0.1001 | LR: 0.000001
Epoch [99/100] | Loss: 6.8876 (Cls: 6.8815, TAL: -0.3515, Adv: 0.6029, OT-Reg: 0.001296) | Marginal residual: 3.35e-04 | Train Acc: 0.1953 | Val Acc: 0.1389 | Val P/R/F1 (Macro): 0.1362/0.2361/0.0688 | LR: 0.000001
Epoch [100/100] | Loss: 6.8033 (Cls: 6.7878, TAL: -0.3405, Adv: 0.7049, OT-Reg: 0.001218) | Marginal residual: 6.86e-04 | Train Acc: 0.2578 | Val Acc: 0.2222 | Val P/R/F1 (Macro): 0.1673/0.3148/0.2081 | LR: 0.000001
Report strategy: last_window, window=10, reported_acc=0.1750, best_acc=0.3333

迭代 5 报告指标:
  Accuracy: 0.1750
  Precision (Macro): 0.1333
  Recall (Macro): 0.2272
  F1 (Macro): 0.1265
  Precision (Micro): 0.1750
  Recall (Micro): 0.1750
  F1 (Micro): 0.1750
  Val class coverage: 9/14 (0.6429), samples=36

================================================================================
5次迭代统计结果
================================================================================

accuracy:
  各迭代值: ['0.2972', '0.3194', '0.2056', '0.2222', '0.1750']
  均值 (Mean): 0.2439
  标准差 (Std): 0.0552

precision_macro:
  各迭代值: ['0.2529', '0.2996', '0.2126', '0.1875', '0.1333']
  均值 (Mean): 0.2172
  标准差 (Std): 0.0566

recall_macro:
  各迭代值: ['0.3719', '0.3583', '0.3051', '0.2825', '0.2272']
  均值 (Mean): 0.3090
  标准差 (Std): 0.0525

f1_macro:
  各迭代值: ['0.2426', '0.2568', '0.2150', '0.1817', '0.1265']
  均值 (Mean): 0.2045
  标准差 (Std): 0.0467

precision_micro:
  各迭代值: ['0.2972', '0.3194', '0.2056', '0.2222', '0.1750']
  均值 (Mean): 0.2439
  标准差 (Std): 0.0552

recall_micro:
  各迭代值: ['0.2972', '0.3194', '0.2056', '0.2222', '0.1750']
  均值 (Mean): 0.2439
  标准差 (Std): 0.0552

f1_micro:
  各迭代值: ['0.2972', '0.3194', '0.2056', '0.2222', '0.1750']
  均值 (Mean): 0.2439
  标准差 (Std): 0.0552

val_class_coverage:
  各迭代值: ['0.6429', '0.6429', '0.6429', '0.6429', '0.6429']
  均值 (Mean): 0.6429
  标准差 (Std): 0.0000

val_present_classes:
  各迭代值: ['9.0000', '9.0000', '9.0000', '9.0000', '9.0000']
  均值 (Mean): 9.0000
  标准差 (Std): 0.0000

val_total_classes:
  各迭代值: ['14.0000', '14.0000', '14.0000', '14.0000', '14.0000']
  均值 (Mean): 14.0000
  标准差 (Std): 0.0000

val_samples:
  各迭代值: ['36.0000', '36.0000', '36.0000', '36.0000', '36.0000']
  均值 (Mean): 36.0000
  标准差 (Std): 0.0000

训练结束时间: 2026-09-22 18:13:26
================================================================================
