================================================================================
模块消融实验 - with_tensor_with_ot
目标域天气: 黑天
训练开始时间: 2026-09-25 09:37:47
设备: cuda
源域: /mnt/data/lixiang/data/Data/晴天
目标域: /mnt/data/lixiang/data/Data/黑天
批次大小: 32
总轮数: 100
迭代次数: 5
使用Tensor模块: 是
使用OT模块: 是
特征融合方式: Tensor对齐
域对齐方式: 最优传输
目标标签比例/权重: 1.0/1.0
Tensor/Adv损失权重: 0.12/0.08
Tensor投影维度/更新: 64/每epoch一次; SVD统计批次=32
学习率: feature=5e-06, other=0.0002, weight_decay=0.0005
报告策略: last_window, 窗口: 10
================================================================================

================================================================================
迭代 1/5
随机种子: 42
================================================================================
Training mode: full target-label supervision (class-paired batches).
Feature fusion: Tensor alignment (512+512 -> 64+64); fused_dim=128
Domain adaptation: Neural OT generator with 3-domain discriminator
Loss weights: tensor=0.12, adv=0.08
Transport: mode=sinkhorn, epsilon=0.1, Sinkhorn iterations=50, correction scale=0.1, correction regularization weight=0.001
Tensor projection update: once per epoch from the complete target-training pairing bank; projection_dim=64, max_sweeps=3, relative singular-value tolerance=0.0001
Epoch [1/100] | SVD update #1: pairs=465, sweeps=3, converged=True, rel_change=1.101e-05, effective_ranks=(317, 215), class_paired=True
Epoch [1/100] | Loss: 7.2834 (Cls: 7.2878, TAL: -0.1698, Adv: 0.1989, OT-Reg: 0.000669) | OT inner objective: 0.2548 | Marginal residual row/col/max: 1.06e-08/1.69e-08/1.72e-08 | Train Acc: 0.2857 | Val Acc: 0.1333 | Val P/R/F1 (Macro): 0.0979/0.2425/0.0901 | LR: 0.000005
  >>> New Best Val Acc: 0.1333
Epoch [2/100] | SVD update #2: pairs=465, sweeps=3, converged=False, rel_change=2.510e-01, effective_ranks=(316, 79), class_paired=True
Epoch [2/100] | Loss: 6.7322 (Cls: 6.7200, TAL: -0.0109, Adv: 0.1685, OT-Reg: 0.000618) | OT inner objective: 0.2441 | Marginal residual row/col/max: 9.58e-09/1.04e-08/1.12e-08 | Train Acc: 0.2433 | Val Acc: 0.1250 | Val P/R/F1 (Macro): 0.3372/0.2567/0.1597 | LR: 0.000005
Epoch [3/100] | SVD update #3: pairs=465, sweeps=3, converged=False, rel_change=1.323e-01, effective_ranks=(317, 87), class_paired=True
Epoch [3/100] | Loss: 6.7714 (Cls: 6.7579, TAL: -0.0237, Adv: 0.2047, OT-Reg: 0.000637) | OT inner objective: 0.2563 | Marginal residual row/col/max: 1.04e-08/1.46e-08/1.50e-08 | Train Acc: 0.2165 | Val Acc: 0.1083 | Val P/R/F1 (Macro): 0.1064/0.2258/0.1196 | LR: 0.000005
Epoch [4/100] | SVD update #4: pairs=465, sweeps=3, converged=False, rel_change=1.952e-01, effective_ranks=(317, 74), class_paired=True
Epoch [4/100] | Loss: 6.3169 (Cls: 6.3017, TAL: 0.0136, Adv: 0.1701, OT-Reg: 0.000636) | OT inner objective: 0.2161 | Marginal residual row/col/max: 1.16e-08/1.25e-08/1.42e-08 | Train Acc: 0.2634 | Val Acc: 0.3000 | Val P/R/F1 (Macro): 0.5106/0.4897/0.3669 | LR: 0.000005
  >>> New Best Val Acc: 0.3000
Epoch [5/100] | SVD update #5: pairs=465, sweeps=3, converged=False, rel_change=9.217e-02, effective_ranks=(314, 60), class_paired=True
Epoch [5/100] | Loss: 5.8880 (Cls: 5.8966, TAL: -0.1907, Adv: 0.1787, OT-Reg: 0.000670) | OT inner objective: 0.1705 | Marginal residual row/col/max: 9.71e-09/1.18e-08/1.22e-08 | Train Acc: 0.3661 | Val Acc: 0.2167 | Val P/R/F1 (Macro): 0.5122/0.5339/0.3581 | LR: 0.000005
Epoch [6/100] | SVD update #6: pairs=465, sweeps=3, converged=False, rel_change=9.454e-02, effective_ranks=(316, 55), class_paired=True
Epoch [6/100] | Loss: 6.9683 (Cls: 6.9649, TAL: -0.1603, Adv: 0.2818, OT-Reg: 0.000623) | OT inner objective: 0.1440 | Marginal residual row/col/max: 4.04e-05/1.09e-08/4.04e-05 | Train Acc: 0.2567 | Val Acc: 0.1917 | Val P/R/F1 (Macro): 0.4995/0.3347/0.2605 | LR: 0.000005
Epoch [7/100] | SVD update #7: pairs=465, sweeps=3, converged=False, rel_change=4.029e-02, effective_ranks=(317, 47), class_paired=True
Epoch [7/100] | Loss: 6.8629 (Cls: 6.8444, TAL: 0.0245, Adv: 0.1948, OT-Reg: 0.000611) | OT inner objective: 0.1975 | Marginal residual row/col/max: 1.01e-08/1.33e-08/1.38e-08 | Train Acc: 0.1964 | Val Acc: 0.3333 | Val P/R/F1 (Macro): 0.4114/0.4988/0.3823 | LR: 0.000005
  >>> New Best Val Acc: 0.3333
Epoch [8/100] | SVD update #8: pairs=465, sweeps=3, converged=False, rel_change=3.503e-01, effective_ranks=(317, 40), class_paired=True
Epoch [8/100] | Loss: 6.0415 (Cls: 6.0261, TAL: 0.0252, Adv: 0.1541, OT-Reg: 0.000656) | OT inner objective: 0.1962 | Marginal residual row/col/max: 1.01e-08/1.36e-08/1.42e-08 | Train Acc: 0.2902 | Val Acc: 0.4917 | Val P/R/F1 (Macro): 0.4554/0.3761/0.3770 | LR: 0.000005
  >>> New Best Val Acc: 0.4917
Epoch [9/100] | SVD update #9: pairs=465, sweeps=3, converged=False, rel_change=9.773e-02, effective_ranks=(317, 39), class_paired=True
Epoch [9/100] | Loss: 7.1290 (Cls: 7.1252, TAL: -0.1202, Adv: 0.2285, OT-Reg: 0.000677) | OT inner objective: 0.1931 | Marginal residual row/col/max: 9.16e-07/2.12e-08/9.22e-07 | Train Acc: 0.1830 | Val Acc: 0.2167 | Val P/R/F1 (Macro): 0.2150/0.2333/0.1337 | LR: 0.000005
Epoch [10/100] | SVD update #10: pairs=465, sweeps=3, converged=False, rel_change=7.882e-02, effective_ranks=(317, 44), class_paired=True
Epoch [10/100] | Loss: 5.9194 (Cls: 5.9050, TAL: 0.0180, Adv: 0.1525, OT-Reg: 0.000640) | OT inner objective: 0.2236 | Marginal residual row/col/max: 1.13e-08/1.72e-08/1.73e-08 | Train Acc: 0.2857 | Val Acc: 0.1250 | Val P/R/F1 (Macro): 0.3158/0.3208/0.1961 | LR: 0.000005
Epoch [11/100] | SVD update #11: pairs=465, sweeps=3, converged=False, rel_change=1.898e-01, effective_ranks=(316, 47), class_paired=True
Epoch [11/100] | Loss: 6.7607 (Cls: 6.7434, TAL: 0.0524, Adv: 0.1386, OT-Reg: 0.000642) | OT inner objective: 0.1360 | Marginal residual row/col/max: 5.75e-07/1.48e-08/5.78e-07 | Train Acc: 0.2344 | Val Acc: 0.1750 | Val P/R/F1 (Macro): 0.0986/0.1944/0.0893 | LR: 0.000005
Epoch [12/100] | SVD update #12: pairs=465, sweeps=3, converged=False, rel_change=4.375e-01, effective_ranks=(316, 45), class_paired=True
Epoch [12/100] | Loss: 6.6840 (Cls: 6.6830, TAL: -0.0825, Adv: 0.1362, OT-Reg: 0.000604) | OT inner objective: 0.1584 | Marginal residual row/col/max: 1.22e-08/1.37e-08/1.56e-08 | Train Acc: 0.2701 | Val Acc: 0.1250 | Val P/R/F1 (Macro): 0.3138/0.3584/0.2468 | LR: 0.000005
Epoch [13/100] | SVD update #13: pairs=465, sweeps=3, converged=False, rel_change=7.180e-02, effective_ranks=(317, 30), class_paired=True
Epoch [13/100] | Loss: 6.3006 (Cls: 6.2964, TAL: -0.0840, Adv: 0.1788, OT-Reg: 0.000659) | OT inner objective: 0.1440 | Marginal residual row/col/max: 1.56e-08/1.25e-08/1.82e-08 | Train Acc: 0.1808 | Val Acc: 0.2167 | Val P/R/F1 (Macro): 0.2366/0.3178/0.2301 | LR: 0.000005
Epoch [14/100] | SVD update #14: pairs=465, sweeps=3, converged=False, rel_change=2.402e-01, effective_ranks=(316, 27), class_paired=True
Epoch [14/100] | Loss: 6.4266 (Cls: 6.4142, TAL: -0.0402, Adv: 0.2155, OT-Reg: 0.000675) | OT inner objective: 0.1503 | Marginal residual row/col/max: 1.81e-05/2.28e-08/1.81e-05 | Train Acc: 0.2723 | Val Acc: 0.1000 | Val P/R/F1 (Macro): 0.2852/0.2624/0.1580 | LR: 0.000005
Epoch [15/100] | SVD update #15: pairs=465, sweeps=3, converged=False, rel_change=1.300e-01, effective_ranks=(317, 23), class_paired=True
Epoch [15/100] | Loss: 6.5048 (Cls: 6.4734, TAL: 0.1568, Adv: 0.1578, OT-Reg: 0.000616) | OT inner objective: 0.1827 | Marginal residual row/col/max: 1.23e-04/1.98e-08/1.23e-04 | Train Acc: 0.2612 | Val Acc: 0.1083 | Val P/R/F1 (Macro): 0.2099/0.3146/0.1663 | LR: 0.000005
Epoch [16/100] | SVD update #16: pairs=465, sweeps=3, converged=False, rel_change=2.669e-01, effective_ranks=(317, 26), class_paired=True
Epoch [16/100] | Loss: 6.9804 (Cls: 6.9642, TAL: 0.0259, Adv: 0.1640, OT-Reg: 0.000741) | OT inner objective: 0.1631 | Marginal residual row/col/max: 1.02e-08/1.85e-08/1.85e-08 | Train Acc: 0.2433 | Val Acc: 0.2000 | Val P/R/F1 (Macro): 0.2471/0.3056/0.2355 | LR: 0.000005
Epoch [17/100] | SVD update #17: pairs=465, sweeps=3, converged=False, rel_change=3.487e-01, effective_ranks=(317, 41), class_paired=True
Epoch [17/100] | Loss: 6.8485 (Cls: 6.8239, TAL: 0.0691, Adv: 0.2043, OT-Reg: 0.000666) | OT inner objective: 0.1324 | Marginal residual row/col/max: 4.32e-08/1.96e-08/4.87e-08 | Train Acc: 0.1652 | Val Acc: 0.1667 | Val P/R/F1 (Macro): 0.1656/0.3514/0.2012 | LR: 0.000005
Epoch [18/100] | SVD update #18: pairs=465, sweeps=3, converged=False, rel_change=2.698e-01, effective_ranks=(317, 23), class_paired=True
Epoch [18/100] | Loss: 6.9692 (Cls: 6.9571, TAL: 0.0011, Adv: 0.1499, OT-Reg: 0.000606) | OT inner objective: 0.1342 | Marginal residual row/col/max: 3.16e-05/1.22e-08/3.16e-05 | Train Acc: 0.2277 | Val Acc: 0.0750 | Val P/R/F1 (Macro): 0.1568/0.2675/0.0654 | LR: 0.000005
Epoch [19/100] | SVD update #19: pairs=465, sweeps=3, converged=False, rel_change=2.109e-01, effective_ranks=(317, 24), class_paired=True
Epoch [19/100] | Loss: 6.3610 (Cls: 6.3427, TAL: -0.0148, Adv: 0.2498, OT-Reg: 0.000691) | OT inner objective: 0.1580 | Marginal residual row/col/max: 1.33e-08/2.22e-08/2.30e-08 | Train Acc: 0.2879 | Val Acc: 0.0583 | Val P/R/F1 (Macro): 0.1909/0.2614/0.1508 | LR: 0.000003
Epoch [20/100] | SVD update #20: pairs=465, sweeps=3, converged=False, rel_change=4.072e-01, effective_ranks=(315, 25), class_paired=True
Epoch [20/100] | Loss: 6.2512 (Cls: 6.2397, TAL: -0.0304, Adv: 0.1885, OT-Reg: 0.000618) | OT inner objective: 0.1842 | Marginal residual row/col/max: 1.08e-08/1.08e-08/1.20e-08 | Train Acc: 0.2478 | Val Acc: 0.1167 | Val P/R/F1 (Macro): 0.2172/0.2810/0.1886 | LR: 0.000003
Epoch [21/100] | SVD update #21: pairs=465, sweeps=3, converged=False, rel_change=9.887e-02, effective_ranks=(316, 27), class_paired=True
Epoch [21/100] | Loss: 6.9142 (Cls: 6.9042, TAL: -0.1321, Adv: 0.3230, OT-Reg: 0.000751) | OT inner objective: 0.1376 | Marginal residual row/col/max: 3.11e-06/1.57e-08/3.11e-06 | Train Acc: 0.2009 | Val Acc: 0.0333 | Val P/R/F1 (Macro): 0.0755/0.1044/0.0370 | LR: 0.000003
Epoch [22/100] | SVD update #22: pairs=465, sweeps=3, converged=False, rel_change=1.752e-02, effective_ranks=(317, 26), class_paired=True
Epoch [22/100] | Loss: 6.6602 (Cls: 6.6516, TAL: -0.0625, Adv: 0.2013, OT-Reg: 0.000634) | OT inner objective: 0.1599 | Marginal residual row/col/max: 1.37e-08/1.84e-08/2.08e-08 | Train Acc: 0.2299 | Val Acc: 0.0667 | Val P/R/F1 (Macro): 0.0558/0.1522/0.0429 | LR: 0.000003
Epoch [23/100] | SVD update #23: pairs=465, sweeps=3, converged=False, rel_change=1.180e-01, effective_ranks=(316, 26), class_paired=True
Epoch [23/100] | Loss: 7.2943 (Cls: 7.2828, TAL: -0.0277, Adv: 0.1843, OT-Reg: 0.000657) | OT inner objective: 0.0006 | Marginal residual row/col/max: 6.91e-05/1.45e-08/6.91e-05 | Train Acc: 0.1205 | Val Acc: 0.1167 | Val P/R/F1 (Macro): 0.0933/0.1114/0.0984 | LR: 0.000003
Epoch [24/100] | SVD update #24: pairs=465, sweeps=3, converged=False, rel_change=2.612e-02, effective_ranks=(312, 17), class_paired=True
Epoch [24/100] | Loss: 6.1962 (Cls: 6.2071, TAL: -0.1822, Adv: 0.1376, OT-Reg: 0.000616) | OT inner objective: 0.0184 | Marginal residual row/col/max: 2.82e-06/1.37e-08/2.82e-06 | Train Acc: 0.2746 | Val Acc: 0.1417 | Val P/R/F1 (Macro): 0.4867/0.3306/0.2232 | LR: 0.000003
Epoch [25/100] | SVD update #25: pairs=465, sweeps=3, converged=False, rel_change=1.860e-02, effective_ranks=(316, 18), class_paired=True
Epoch [25/100] | Loss: 6.0041 (Cls: 5.9967, TAL: -0.0813, Adv: 0.2150, OT-Reg: 0.000707) | OT inner objective: 0.0284 | Marginal residual row/col/max: 7.79e-06/1.90e-08/7.79e-06 | Train Acc: 0.2254 | Val Acc: 0.2917 | Val P/R/F1 (Macro): 0.3314/0.2785/0.2798 | LR: 0.000003
Epoch [26/100] | SVD update #26: pairs=465, sweeps=3, converged=False, rel_change=4.798e-02, effective_ranks=(317, 20), class_paired=True
Epoch [26/100] | Loss: 5.8793 (Cls: 5.8796, TAL: -0.1381, Adv: 0.2045, OT-Reg: 0.000726) | OT inner objective: 0.0460 | Marginal residual row/col/max: 1.37e-04/2.04e-08/1.37e-04 | Train Acc: 0.2701 | Val Acc: 0.1333 | Val P/R/F1 (Macro): 0.2104/0.2146/0.1956 | LR: 0.000003
Epoch [27/100] | SVD update #27: pairs=465, sweeps=3, converged=False, rel_change=4.606e-02, effective_ranks=(314, 19), class_paired=True
Epoch [27/100] | Loss: 5.9125 (Cls: 5.8885, TAL: 0.0019, Adv: 0.2964, OT-Reg: 0.000663) | OT inner objective: 0.0146 | Marginal residual row/col/max: 7.72e-05/1.18e-08/7.72e-05 | Train Acc: 0.3214 | Val Acc: 0.2417 | Val P/R/F1 (Macro): 0.2491/0.3201/0.2487 | LR: 0.000003
Epoch [28/100] | SVD update #28: pairs=465, sweeps=3, converged=False, rel_change=8.831e-02, effective_ranks=(316, 23), class_paired=True
Epoch [28/100] | Loss: 5.6478 (Cls: 5.6259, TAL: 0.0266, Adv: 0.2340, OT-Reg: 0.000652) | OT inner objective: 0.0512 | Marginal residual row/col/max: 5.62e-06/1.09e-08/5.62e-06 | Train Acc: 0.2902 | Val Acc: 0.2167 | Val P/R/F1 (Macro): 0.2269/0.3144/0.2011 | LR: 0.000003
Epoch [29/100] | SVD update #29: pairs=465, sweeps=3, converged=False, rel_change=7.454e-02, effective_ranks=(311, 20), class_paired=True
Epoch [29/100] | Loss: 5.4721 (Cls: 5.4730, TAL: -0.1515, Adv: 0.2164, OT-Reg: 0.000719) | OT inner objective: 0.0225 | Marginal residual row/col/max: 3.34e-05/1.96e-08/3.34e-05 | Train Acc: 0.3147 | Val Acc: 0.1333 | Val P/R/F1 (Macro): 0.1767/0.1690/0.1382 | LR: 0.000003
Epoch [30/100] | SVD update #30: pairs=465, sweeps=3, converged=False, rel_change=8.797e-02, effective_ranks=(317, 21), class_paired=True
Epoch [30/100] | Loss: 5.4625 (Cls: 5.4614, TAL: -0.1197, Adv: 0.1933, OT-Reg: 0.000644) | OT inner objective: 0.0412 | Marginal residual row/col/max: 7.64e-06/1.10e-08/7.65e-06 | Train Acc: 0.3214 | Val Acc: 0.2917 | Val P/R/F1 (Macro): 0.2977/0.3680/0.2816 | LR: 0.000001
Epoch [31/100] | SVD update #31: pairs=465, sweeps=3, converged=False, rel_change=7.273e-02, effective_ranks=(316, 19), class_paired=True
Epoch [31/100] | Loss: 5.1899 (Cls: 5.1876, TAL: -0.1694, Adv: 0.2832, OT-Reg: 0.000689) | OT inner objective: -0.0239 | Marginal residual row/col/max: 3.64e-05/1.06e-08/3.64e-05 | Train Acc: 0.3862 | Val Acc: 0.4250 | Val P/R/F1 (Macro): 0.3487/0.4763/0.3683 | LR: 0.000001
Epoch [32/100] | SVD update #32: pairs=465, sweeps=3, converged=False, rel_change=4.194e-02, effective_ranks=(317, 21), class_paired=True
Epoch [32/100] | Loss: 5.0259 (Cls: 5.0289, TAL: -0.1959, Adv: 0.2567, OT-Reg: 0.000691) | OT inner objective: -0.1469 | Marginal residual row/col/max: 6.16e-05/1.02e-08/6.16e-05 | Train Acc: 0.4018 | Val Acc: 0.2333 | Val P/R/F1 (Macro): 0.2278/0.3687/0.2456 | LR: 0.000001
Epoch [33/100] | SVD update #33: pairs=465, sweeps=3, converged=False, rel_change=1.667e-02, effective_ranks=(313, 21), class_paired=True
Epoch [33/100] | Loss: 5.0187 (Cls: 5.0239, TAL: -0.1630, Adv: 0.1794, OT-Reg: 0.000684) | OT inner objective: -0.1144 | Marginal residual row/col/max: 3.57e-05/1.13e-08/3.57e-05 | Train Acc: 0.3549 | Val Acc: 0.1417 | Val P/R/F1 (Macro): 0.4264/0.3275/0.2552 | LR: 0.000001
Epoch [34/100] | SVD update #34: pairs=465, sweeps=3, converged=False, rel_change=5.339e-02, effective_ranks=(317, 23), class_paired=True
Epoch [34/100] | Loss: 5.3698 (Cls: 5.3635, TAL: -0.0441, Adv: 0.1440, OT-Reg: 0.000666) | OT inner objective: 0.0575 | Marginal residual row/col/max: 3.02e-05/1.17e-08/3.02e-05 | Train Acc: 0.3594 | Val Acc: 0.2750 | Val P/R/F1 (Macro): 0.3027/0.4042/0.2994 | LR: 0.000001
Epoch [35/100] | SVD update #35: pairs=465, sweeps=3, converged=False, rel_change=5.561e-01, effective_ranks=(316, 21), class_paired=True
Epoch [35/100] | Loss: 5.1453 (Cls: 5.1542, TAL: -0.1980, Adv: 0.1859, OT-Reg: 0.000673) | OT inner objective: -0.0607 | Marginal residual row/col/max: 2.75e-05/1.06e-08/2.75e-05 | Train Acc: 0.3683 | Val Acc: 0.4000 | Val P/R/F1 (Macro): 0.4141/0.4198/0.3822 | LR: 0.000001
Epoch [36/100] | SVD update #36: pairs=465, sweeps=3, converged=False, rel_change=9.440e-02, effective_ranks=(316, 23), class_paired=True
Epoch [36/100] | Loss: 5.2834 (Cls: 5.2774, TAL: -0.0987, Adv: 0.2228, OT-Reg: 0.000696) | OT inner objective: -0.0007 | Marginal residual row/col/max: 7.95e-05/1.24e-08/7.95e-05 | Train Acc: 0.3393 | Val Acc: 0.2500 | Val P/R/F1 (Macro): 0.2148/0.3046/0.2488 | LR: 0.000001
Epoch [37/100] | SVD update #37: pairs=465, sweeps=3, converged=False, rel_change=6.421e-02, effective_ranks=(316, 22), class_paired=True
Epoch [37/100] | Loss: 5.1987 (Cls: 5.1907, TAL: -0.0864, Adv: 0.2290, OT-Reg: 0.000676) | OT inner objective: -0.0036 | Marginal residual row/col/max: 9.00e-05/1.05e-08/9.00e-05 | Train Acc: 0.3304 | Val Acc: 0.1500 | Val P/R/F1 (Macro): 0.3559/0.2158/0.2494 | LR: 0.000001
Epoch [38/100] | SVD update #38: pairs=465, sweeps=3, converged=False, rel_change=6.886e-02, effective_ranks=(317, 23), class_paired=True
Epoch [38/100] | Loss: 5.4426 (Cls: 5.4436, TAL: -0.0831, Adv: 0.1116, OT-Reg: 0.000649) | OT inner objective: 0.0880 | Marginal residual row/col/max: 2.49e-07/1.17e-08/2.50e-07 | Train Acc: 0.3661 | Val Acc: 0.4167 | Val P/R/F1 (Macro): 0.3938/0.4190/0.3660 | LR: 0.000001
Epoch [39/100] | SVD update #39: pairs=465, sweeps=3, converged=False, rel_change=3.011e-02, effective_ranks=(316, 23), class_paired=True
Epoch [39/100] | Loss: 6.8995 (Cls: 6.8799, TAL: -0.0493, Adv: 0.3193, OT-Reg: 0.000701) | OT inner objective: 0.1036 | Marginal residual row/col/max: 2.44e-05/1.53e-08/2.44e-05 | Train Acc: 0.3460 | Val Acc: 0.1000 | Val P/R/F1 (Macro): 0.0986/0.2094/0.1204 | LR: 0.000001
Epoch [40/100] | SVD update #40: pairs=465, sweeps=3, converged=False, rel_change=3.321e-01, effective_ranks=(316, 23), class_paired=True
Epoch [40/100] | Loss: 7.1297 (Cls: 7.1159, TAL: -0.0536, Adv: 0.2526, OT-Reg: 0.000631) | OT inner objective: 0.0873 | Marginal residual row/col/max: 5.04e-07/1.20e-08/5.05e-07 | Train Acc: 0.2768 | Val Acc: 0.2917 | Val P/R/F1 (Macro): 0.3441/0.3109/0.2653 | LR: 0.000001
Epoch [41/100] | SVD update #41: pairs=465, sweeps=3, converged=False, rel_change=2.256e-01, effective_ranks=(317, 23), class_paired=True
Epoch [41/100] | Loss: 7.2971 (Cls: 7.2841, TAL: 0.0326, Adv: 0.1135, OT-Reg: 0.000689) | OT inner objective: 0.0518 | Marginal residual row/col/max: 9.32e-06/1.88e-08/9.33e-06 | Train Acc: 0.3527 | Val Acc: 0.1333 | Val P/R/F1 (Macro): 0.4263/0.3357/0.2298 | LR: 0.000001
Epoch [42/100] | SVD update #42: pairs=465, sweeps=3, converged=False, rel_change=6.874e-02, effective_ranks=(315, 19), class_paired=True
Epoch [42/100] | Loss: 8.8605 (Cls: 8.8250, TAL: 0.2025, Adv: 0.1403, OT-Reg: 0.000717) | OT inner objective: 0.0563 | Marginal residual row/col/max: 1.80e-07/1.38e-08/1.82e-07 | Train Acc: 0.3549 | Val Acc: 0.2000 | Val P/R/F1 (Macro): 0.3581/0.3102/0.2270 | LR: 0.000001
Epoch [43/100] | SVD update #43: pairs=465, sweeps=3, converged=False, rel_change=3.351e-02, effective_ranks=(317, 17), class_paired=True
Epoch [43/100] | Loss: 8.1404 (Cls: 8.0983, TAL: 0.1426, Adv: 0.3121, OT-Reg: 0.000695) | OT inner objective: 0.0166 | Marginal residual row/col/max: 5.94e-05/1.20e-08/5.94e-05 | Train Acc: 0.2299 | Val Acc: 0.0417 | Val P/R/F1 (Macro): 0.0861/0.0722/0.0521 | LR: 0.000001
Epoch [44/100] | SVD update #44: pairs=465, sweeps=3, converged=False, rel_change=3.321e-02, effective_ranks=(317, 21), class_paired=True
Epoch [44/100] | Loss: 7.4607 (Cls: 7.4583, TAL: -0.0509, Adv: 0.1068, OT-Reg: 0.000679) | OT inner objective: 0.0242 | Marginal residual row/col/max: 1.71e-05/1.66e-08/1.71e-05 | Train Acc: 0.2254 | Val Acc: 0.1083 | Val P/R/F1 (Macro): 0.0877/0.1816/0.0795 | LR: 0.000001
Epoch [45/100] | SVD update #45: pairs=465, sweeps=3, converged=False, rel_change=5.038e-02, effective_ranks=(317, 20), class_paired=True
Epoch [45/100] | Loss: 7.6686 (Cls: 7.6562, TAL: -0.0056, Adv: 0.1627, OT-Reg: 0.000726) | OT inner objective: 0.0911 | Marginal residual row/col/max: 1.19e-06/2.10e-08/1.19e-06 | Train Acc: 0.2857 | Val Acc: 0.3167 | Val P/R/F1 (Macro): 0.1875/0.1491/0.1464 | LR: 0.000001
Epoch [46/100] | SVD update #46: pairs=465, sweeps=3, converged=False, rel_change=3.048e-03, effective_ranks=(316, 17), class_paired=True
Epoch [46/100] | Loss: 7.5099 (Cls: 7.4927, TAL: -0.0096, Adv: 0.2296, OT-Reg: 0.000642) | OT inner objective: 0.1058 | Marginal residual row/col/max: 1.15e-07/1.05e-08/1.16e-07 | Train Acc: 0.2388 | Val Acc: 0.2167 | Val P/R/F1 (Macro): 0.1662/0.1059/0.1293 | LR: 0.000001
Epoch [47/100] | SVD update #47: pairs=465, sweeps=3, converged=False, rel_change=4.844e-02, effective_ranks=(317, 20), class_paired=True
Epoch [47/100] | Loss: 7.4514 (Cls: 7.4464, TAL: -0.0932, Adv: 0.2027, OT-Reg: 0.000706) | OT inner objective: 0.1072 | Marginal residual row/col/max: 1.51e-04/2.33e-08/1.51e-04 | Train Acc: 0.1004 | Val Acc: 0.1083 | Val P/R/F1 (Macro): 0.1012/0.1216/0.0932 | LR: 0.000001
Epoch [48/100] | SVD update #48: pairs=465, sweeps=3, converged=False, rel_change=9.075e-02, effective_ranks=(317, 18), class_paired=True
Epoch [48/100] | Loss: 6.4659 (Cls: 6.4481, TAL: -0.0011, Adv: 0.2235, OT-Reg: 0.000563) | OT inner objective: 0.1066 | Marginal residual row/col/max: 7.22e-05/1.20e-08/7.22e-05 | Train Acc: 0.1674 | Val Acc: 0.1333 | Val P/R/F1 (Macro): 0.1500/0.0679/0.0904 | LR: 0.000001
Epoch [49/100] | SVD update #49: pairs=465, sweeps=3, converged=False, rel_change=3.369e-02, effective_ranks=(317, 19), class_paired=True
Epoch [49/100] | Loss: 6.7642 (Cls: 6.7425, TAL: 0.0435, Adv: 0.2063, OT-Reg: 0.000680) | OT inner objective: 0.0592 | Marginal residual row/col/max: 3.07e-05/1.88e-08/3.07e-05 | Train Acc: 0.2545 | Val Acc: 0.1667 | Val P/R/F1 (Macro): 0.1341/0.2368/0.1125 | LR: 0.000001
Epoch [50/100] | SVD update #50: pairs=465, sweeps=3, converged=False, rel_change=1.072e-02, effective_ranks=(315, 17), class_paired=True
Epoch [50/100] | Loss: 7.2003 (Cls: 7.1801, TAL: 0.0379, Adv: 0.1956, OT-Reg: 0.000572) | OT inner objective: 0.0657 | Marginal residual row/col/max: 9.77e-05/1.69e-08/9.77e-05 | Train Acc: 0.1429 | Val Acc: 0.1250 | Val P/R/F1 (Macro): 0.1973/0.1900/0.0996 | LR: 0.000001
Epoch [51/100] | SVD update #51: pairs=465, sweeps=3, converged=False, rel_change=5.163e-02, effective_ranks=(314, 21), class_paired=True
Epoch [51/100] | Loss: 6.8532 (Cls: 6.8056, TAL: 0.0065, Adv: 0.5854, OT-Reg: 0.000544) | OT inner objective: 0.1119 | Marginal residual row/col/max: 3.01e-06/1.45e-08/3.01e-06 | Train Acc: 0.1451 | Val Acc: 0.1417 | Val P/R/F1 (Macro): 0.2460/0.2073/0.1428 | LR: 0.000001
Epoch [52/100] | SVD update #52: pairs=465, sweeps=3, converged=False, rel_change=2.916e-02, effective_ranks=(317, 25), class_paired=True
Epoch [52/100] | Loss: 6.6666 (Cls: 6.6395, TAL: 0.0075, Adv: 0.3282, OT-Reg: 0.000644) | OT inner objective: 0.1541 | Marginal residual row/col/max: 1.05e-05/2.01e-08/1.05e-05 | Train Acc: 0.1362 | Val Acc: 0.3750 | Val P/R/F1 (Macro): 0.2471/0.2542/0.2337 | LR: 0.000001
Epoch [53/100] | SVD update #53: pairs=465, sweeps=3, converged=False, rel_change=5.658e-02, effective_ranks=(313, 22), class_paired=True
Epoch [53/100] | Loss: 6.9212 (Cls: 6.8989, TAL: -0.0538, Adv: 0.3595, OT-Reg: 0.000669) | OT inner objective: 0.0973 | Marginal residual row/col/max: 8.44e-07/2.22e-08/8.51e-07 | Train Acc: 0.1228 | Val Acc: 0.0750 | Val P/R/F1 (Macro): 0.0785/0.1604/0.0557 | LR: 0.000001
Epoch [54/100] | SVD update #54: pairs=465, sweeps=3, converged=False, rel_change=4.415e-02, effective_ranks=(317, 26), class_paired=True
Epoch [54/100] | Loss: 6.8694 (Cls: 6.8470, TAL: 0.0305, Adv: 0.2336, OT-Reg: 0.000626) | OT inner objective: 0.1531 | Marginal residual row/col/max: 6.05e-05/2.04e-08/6.05e-05 | Train Acc: 0.1451 | Val Acc: 0.0500 | Val P/R/F1 (Macro): 0.1667/0.0260/0.0376 | LR: 0.000001
Epoch [55/100] | SVD update #55: pairs=465, sweeps=3, converged=False, rel_change=5.001e-02, effective_ranks=(316, 23), class_paired=True
Epoch [55/100] | Loss: 6.3619 (Cls: 6.3367, TAL: -0.0863, Adv: 0.4444, OT-Reg: 0.000720) | OT inner objective: 0.0457 | Marginal residual row/col/max: 5.76e-06/1.81e-08/5.76e-06 | Train Acc: 0.1496 | Val Acc: 0.0583 | Val P/R/F1 (Macro): 0.2283/0.0474/0.0657 | LR: 0.000001
Epoch [56/100] | SVD update #56: pairs=465, sweeps=3, converged=False, rel_change=4.839e-02, effective_ranks=(313, 26), class_paired=True
Epoch [56/100] | Loss: 6.2518 (Cls: 6.2257, TAL: 0.0340, Adv: 0.2743, OT-Reg: 0.000689) | OT inner objective: -0.0040 | Marginal residual row/col/max: 6.89e-06/1.24e-08/6.89e-06 | Train Acc: 0.1674 | Val Acc: 0.0583 | Val P/R/F1 (Macro): 0.0312/0.0337/0.0324 | LR: 0.000001
Epoch [57/100] | SVD update #57: pairs=465, sweeps=3, converged=False, rel_change=1.876e-02, effective_ranks=(315, 26), class_paired=True
Epoch [57/100] | Loss: 6.1239 (Cls: 6.1086, TAL: -0.0601, Adv: 0.2803, OT-Reg: 0.000651) | OT inner objective: 0.0403 | Marginal residual row/col/max: 1.92e-05/1.21e-08/1.92e-05 | Train Acc: 0.1987 | Val Acc: 0.0083 | Val P/R/F1 (Macro): 0.0024/0.0156/0.0042 | LR: 0.000001
Epoch [58/100] | SVD update #58: pairs=465, sweeps=3, converged=False, rel_change=6.557e-02, effective_ranks=(314, 27), class_paired=True
Epoch [58/100] | Loss: 5.9817 (Cls: 5.9571, TAL: -0.0514, Adv: 0.3849, OT-Reg: 0.000647) | OT inner objective: 0.0327 | Marginal residual row/col/max: 2.00e-05/1.14e-08/2.00e-05 | Train Acc: 0.2924 | Val Acc: 0.0833 | Val P/R/F1 (Macro): 0.0746/0.0918/0.0576 | LR: 0.000001
Epoch [59/100] | SVD update #59: pairs=465, sweeps=3, converged=False, rel_change=1.701e-02, effective_ranks=(316, 29), class_paired=True
Epoch [59/100] | Loss: 6.1524 (Cls: 6.1263, TAL: -0.0819, Adv: 0.4495, OT-Reg: 0.000660) | OT inner objective: 0.0921 | Marginal residual row/col/max: 2.46e-07/1.38e-08/2.46e-07 | Train Acc: 0.2076 | Val Acc: 0.0417 | Val P/R/F1 (Macro): 0.0500/0.0223/0.0272 | LR: 0.000001
Epoch [60/100] | SVD update #60: pairs=465, sweeps=3, converged=False, rel_change=6.727e-02, effective_ranks=(317, 25), class_paired=True
Epoch [60/100] | Loss: 6.5218 (Cls: 6.4910, TAL: -0.0514, Adv: 0.4622, OT-Reg: 0.000639) | OT inner objective: 0.0536 | Marginal residual row/col/max: 7.37e-06/1.20e-08/7.37e-06 | Train Acc: 0.3304 | Val Acc: 0.1250 | Val P/R/F1 (Macro): 0.1056/0.1900/0.1093 | LR: 0.000001
Epoch [61/100] | SVD update #61: pairs=465, sweeps=3, converged=False, rel_change=3.335e-01, effective_ranks=(317, 30), class_paired=True
Epoch [61/100] | Loss: 7.4163 (Cls: 7.3763, TAL: 0.0272, Adv: 0.4591, OT-Reg: 0.000614) | OT inner objective: 0.0804 | Marginal residual row/col/max: 2.05e-08/1.49e-08/2.45e-08 | Train Acc: 0.3996 | Val Acc: 0.1250 | Val P/R/F1 (Macro): 0.2583/0.0974/0.0914 | LR: 0.000001
Epoch [62/100] | SVD update #62: pairs=465, sweeps=3, converged=False, rel_change=2.403e-02, effective_ranks=(317, 23), class_paired=True
Epoch [62/100] | Loss: 6.9592 (Cls: 6.9146, TAL: 0.1056, Adv: 0.3997, OT-Reg: 0.000602) | OT inner objective: 0.1409 | Marginal residual row/col/max: 2.51e-05/1.41e-08/2.51e-05 | Train Acc: 0.3594 | Val Acc: 0.1833 | Val P/R/F1 (Macro): 0.2249/0.2989/0.1619 | LR: 0.000001
Epoch [63/100] | SVD update #63: pairs=465, sweeps=3, converged=False, rel_change=2.537e-02, effective_ranks=(316, 27), class_paired=True
Epoch [63/100] | Loss: 6.6703 (Cls: 6.6083, TAL: 0.0075, Adv: 0.7626, OT-Reg: 0.000633) | OT inner objective: 0.1064 | Marginal residual row/col/max: 1.58e-08/9.18e-09/1.61e-08 | Train Acc: 0.3103 | Val Acc: 0.2250 | Val P/R/F1 (Macro): 0.2557/0.3094/0.2345 | LR: 0.000001
Epoch [64/100] | SVD update #64: pairs=465, sweeps=3, converged=False, rel_change=1.736e-01, effective_ranks=(315, 26), class_paired=True
Epoch [64/100] | Loss: 6.6873 (Cls: 6.6521, TAL: -0.0211, Adv: 0.4721, OT-Reg: 0.000585) | OT inner objective: 0.1071 | Marginal residual row/col/max: 1.95e-05/1.13e-08/1.95e-05 | Train Acc: 0.2344 | Val Acc: 0.2083 | Val P/R/F1 (Macro): 0.4069/0.2512/0.2504 | LR: 0.000001
Epoch [65/100] | SVD update #65: pairs=465, sweeps=3, converged=False, rel_change=1.969e-01, effective_ranks=(316, 27), class_paired=True
Epoch [65/100] | Loss: 6.4159 (Cls: 6.3963, TAL: -0.0624, Adv: 0.3391, OT-Reg: 0.000614) | OT inner objective: 0.1786 | Marginal residual row/col/max: 9.45e-09/1.25e-08/1.29e-08 | Train Acc: 0.2924 | Val Acc: 0.3333 | Val P/R/F1 (Macro): 0.3244/0.3444/0.2947 | LR: 0.000001
Epoch [66/100] | SVD update #66: pairs=465, sweeps=3, converged=False, rel_change=2.284e-01, effective_ranks=(315, 24), class_paired=True
Epoch [66/100] | Loss: 6.3905 (Cls: 6.3575, TAL: -0.0456, Adv: 0.4810, OT-Reg: 0.000632) | OT inner objective: 0.1361 | Marginal residual row/col/max: 1.53e-08/1.62e-08/1.84e-08 | Train Acc: 0.2835 | Val Acc: 0.2250 | Val P/R/F1 (Macro): 0.1884/0.2148/0.1467 | LR: 0.000001
Epoch [67/100] | SVD update #67: pairs=465, sweeps=3, converged=False, rel_change=7.923e-02, effective_ranks=(317, 23), class_paired=True
Epoch [67/100] | Loss: 6.4769 (Cls: 6.4258, TAL: 0.0272, Adv: 0.5980, OT-Reg: 0.000599) | OT inner objective: 0.1712 | Marginal residual row/col/max: 1.62e-08/1.46e-08/2.08e-08 | Train Acc: 0.2299 | Val Acc: 0.1583 | Val P/R/F1 (Macro): 0.1950/0.1648/0.0949 | LR: 0.000001
Epoch [68/100] | SVD update #68: pairs=465, sweeps=3, converged=False, rel_change=2.175e-02, effective_ranks=(317, 22), class_paired=True
Epoch [68/100] | Loss: 6.3459 (Cls: 6.3039, TAL: 0.0266, Adv: 0.4842, OT-Reg: 0.000553) | OT inner objective: 0.2050 | Marginal residual row/col/max: 4.94e-06/1.60e-08/4.95e-06 | Train Acc: 0.2121 | Val Acc: 0.2750 | Val P/R/F1 (Macro): 0.1007/0.1147/0.1066 | LR: 0.000001
Epoch [69/100] | SVD update #69: pairs=465, sweeps=3, converged=False, rel_change=8.090e-02, effective_ranks=(315, 24), class_paired=True
Epoch [69/100] | Loss: 6.1833 (Cls: 6.1377, TAL: -0.0705, Adv: 0.6758, OT-Reg: 0.000609) | OT inner objective: 0.1649 | Marginal residual row/col/max: 1.37e-05/1.45e-08/1.37e-05 | Train Acc: 0.1942 | Val Acc: 0.1667 | Val P/R/F1 (Macro): 0.1615/0.1335/0.1219 | LR: 0.000001
Epoch [70/100] | SVD update #70: pairs=465, sweeps=3, converged=False, rel_change=8.118e-02, effective_ranks=(315, 26), class_paired=True
Epoch [70/100] | Loss: 6.5032 (Cls: 6.4603, TAL: 0.0272, Adv: 0.4961, OT-Reg: 0.000573) | OT inner objective: 0.1273 | Marginal residual row/col/max: 6.24e-06/1.18e-08/6.25e-06 | Train Acc: 0.2946 | Val Acc: 0.1667 | Val P/R/F1 (Macro): 0.1059/0.1548/0.0954 | LR: 0.000001
Epoch [71/100] | SVD update #71: pairs=465, sweeps=3, converged=False, rel_change=5.482e-02, effective_ranks=(316, 28), class_paired=True
Epoch [71/100] | Loss: 7.2942 (Cls: 7.2408, TAL: 0.0337, Adv: 0.6169, OT-Reg: 0.000589) | OT inner objective: 0.1130 | Marginal residual row/col/max: 1.53e-05/1.41e-08/1.53e-05 | Train Acc: 0.1094 | Val Acc: 0.0250 | Val P/R/F1 (Macro): 0.0528/0.0222/0.0223 | LR: 0.000001
Epoch [72/100] | SVD update #72: pairs=465, sweeps=3, converged=False, rel_change=2.372e-02, effective_ranks=(316, 23), class_paired=True
Epoch [72/100] | Loss: 7.0416 (Cls: 7.0082, TAL: -0.0583, Adv: 0.5048, OT-Reg: 0.000624) | OT inner objective: 0.0375 | Marginal residual row/col/max: 1.48e-04/1.25e-08/1.48e-04 | Train Acc: 0.0960 | Val Acc: 0.1667 | Val P/R/F1 (Macro): 0.1688/0.0937/0.1049 | LR: 0.000001
Epoch [73/100] | SVD update #73: pairs=465, sweeps=3, converged=False, rel_change=2.746e-03, effective_ranks=(316, 21), class_paired=True
Epoch [73/100] | Loss: 6.8451 (Cls: 6.8004, TAL: -0.0547, Adv: 0.6405, OT-Reg: 0.000658) | OT inner objective: -0.0010 | Marginal residual row/col/max: 1.33e-04/2.22e-08/1.33e-04 | Train Acc: 0.1518 | Val Acc: 0.1333 | Val P/R/F1 (Macro): 0.1446/0.1598/0.1014 | LR: 0.000001
Epoch [74/100] | SVD update #74: pairs=465, sweeps=3, converged=False, rel_change=3.337e-03, effective_ranks=(316, 21), class_paired=True
Epoch [74/100] | Loss: 6.8582 (Cls: 6.8239, TAL: -0.0835, Adv: 0.5549, OT-Reg: 0.000586) | OT inner objective: -0.0388 | Marginal residual row/col/max: 1.06e-04/1.06e-08/1.06e-04 | Train Acc: 0.1451 | Val Acc: 0.0750 | Val P/R/F1 (Macro): 0.0477/0.1266/0.0512 | LR: 0.000001
Epoch [75/100] | SVD update #75: pairs=465, sweeps=3, converged=False, rel_change=4.079e-02, effective_ranks=(311, 19), class_paired=True
Epoch [75/100] | Loss: 6.8948 (Cls: 6.8475, TAL: -0.0078, Adv: 0.6020, OT-Reg: 0.000584) | OT inner objective: 0.0064 | Marginal residual row/col/max: 1.63e-04/1.08e-08/1.63e-04 | Train Acc: 0.1808 | Val Acc: 0.1250 | Val P/R/F1 (Macro): 0.1055/0.1189/0.0799 | LR: 0.000001
Epoch [76/100] | SVD update #76: pairs=465, sweeps=3, converged=False, rel_change=4.918e-03, effective_ranks=(311, 20), class_paired=True
Epoch [76/100] | Loss: 6.7920 (Cls: 6.7571, TAL: -0.0091, Adv: 0.4498, OT-Reg: 0.000606) | OT inner objective: -0.0418 | Marginal residual row/col/max: 1.00e-04/1.14e-08/1.00e-04 | Train Acc: 0.1830 | Val Acc: 0.1000 | Val P/R/F1 (Macro): 0.1562/0.1428/0.0768 | LR: 0.000001
Epoch [77/100] | SVD update #77: pairs=465, sweeps=3, converged=False, rel_change=1.308e-02, effective_ranks=(316, 19), class_paired=True
Epoch [77/100] | Loss: 6.5739 (Cls: 6.5342, TAL: -0.1102, Adv: 0.6623, OT-Reg: 0.000571) | OT inner objective: -0.0257 | Marginal residual row/col/max: 3.42e-05/1.21e-08/3.42e-05 | Train Acc: 0.1853 | Val Acc: 0.1583 | Val P/R/F1 (Macro): 0.1380/0.1392/0.1093 | LR: 0.000001
Epoch [78/100] | SVD update #78: pairs=465, sweeps=3, converged=False, rel_change=1.321e-03, effective_ranks=(315, 19), class_paired=True
Epoch [78/100] | Loss: 6.7894 (Cls: 6.7346, TAL: -0.0512, Adv: 0.7621, OT-Reg: 0.000565) | OT inner objective: 0.0310 | Marginal residual row/col/max: 3.97e-05/1.08e-08/3.97e-05 | Train Acc: 0.1562 | Val Acc: 0.1000 | Val P/R/F1 (Macro): 0.0672/0.1244/0.0546 | LR: 0.000001
Epoch [79/100] | SVD update #79: pairs=465, sweeps=3, converged=False, rel_change=6.928e-03, effective_ranks=(316, 20), class_paired=True
Epoch [79/100] | Loss: 6.6481 (Cls: 6.6121, TAL: -0.0281, Adv: 0.4921, OT-Reg: 0.000630) | OT inner objective: -0.0360 | Marginal residual row/col/max: 1.71e-04/1.26e-08/1.71e-04 | Train Acc: 0.1719 | Val Acc: 0.0583 | Val P/R/F1 (Macro): 0.0588/0.1122/0.0434 | LR: 0.000001
Epoch [80/100] | SVD update #80: pairs=465, sweeps=3, converged=False, rel_change=1.051e-02, effective_ranks=(315, 21), class_paired=True
Epoch [80/100] | Loss: 6.7275 (Cls: 6.6921, TAL: -0.0731, Adv: 0.5530, OT-Reg: 0.000575) | OT inner objective: 0.0146 | Marginal residual row/col/max: 4.02e-06/1.96e-08/4.02e-06 | Train Acc: 0.1473 | Val Acc: 0.0833 | Val P/R/F1 (Macro): 0.1368/0.1256/0.0659 | LR: 0.000001
Epoch [81/100] | SVD update #81: pairs=465, sweeps=3, converged=False, rel_change=5.267e-02, effective_ranks=(316, 18), class_paired=True
Epoch [81/100] | Loss: 6.7007 (Cls: 6.6592, TAL: -0.0057, Adv: 0.5276, OT-Reg: 0.000623) | OT inner objective: 0.0294 | Marginal residual row/col/max: 1.55e-04/1.45e-08/1.55e-04 | Train Acc: 0.1250 | Val Acc: 0.0833 | Val P/R/F1 (Macro): 0.0875/0.1220/0.0606 | LR: 0.000001
Epoch [82/100] | SVD update #82: pairs=465, sweeps=3, converged=False, rel_change=6.244e-02, effective_ranks=(316, 21), class_paired=True
Epoch [82/100] | Loss: 6.8456 (Cls: 6.8108, TAL: -0.1177, Adv: 0.6112, OT-Reg: 0.000640) | OT inner objective: 0.0231 | Marginal residual row/col/max: 6.77e-05/1.29e-08/6.77e-05 | Train Acc: 0.1562 | Val Acc: 0.1167 | Val P/R/F1 (Macro): 0.0987/0.1247/0.0650 | LR: 0.000001
Epoch [83/100] | SVD update #83: pairs=465, sweeps=3, converged=False, rel_change=6.665e-03, effective_ranks=(310, 21), class_paired=True
Epoch [83/100] | Loss: 6.6134 (Cls: 6.5622, TAL: 0.0905, Adv: 0.5052, OT-Reg: 0.000533) | OT inner objective: 0.0217 | Marginal residual row/col/max: 9.85e-05/1.13e-08/9.85e-05 | Train Acc: 0.2188 | Val Acc: 0.1000 | Val P/R/F1 (Macro): 0.0909/0.1322/0.0650 | LR: 0.000001
Epoch [84/100] | SVD update #84: pairs=465, sweeps=3, converged=False, rel_change=1.339e-02, effective_ranks=(315, 20), class_paired=True
Epoch [84/100] | Loss: 6.5337 (Cls: 6.4760, TAL: 0.0005, Adv: 0.7204, OT-Reg: 0.000614) | OT inner objective: -0.0369 | Marginal residual row/col/max: 1.66e-04/2.01e-08/1.66e-04 | Train Acc: 0.2143 | Val Acc: 0.2333 | Val P/R/F1 (Macro): 0.1697/0.2100/0.1438 | LR: 0.000001
Epoch [85/100] | SVD update #85: pairs=465, sweeps=3, converged=False, rel_change=1.702e-02, effective_ranks=(314, 20), class_paired=True
Epoch [85/100] | Loss: 6.6841 (Cls: 6.6280, TAL: -0.0087, Adv: 0.7144, OT-Reg: 0.000594) | OT inner objective: -0.0173 | Marginal residual row/col/max: 2.30e-05/1.26e-08/2.30e-05 | Train Acc: 0.1786 | Val Acc: 0.1917 | Val P/R/F1 (Macro): 0.0917/0.1640/0.0941 | LR: 0.000001
Epoch [86/100] | SVD update #86: pairs=465, sweeps=3, converged=False, rel_change=6.648e-02, effective_ranks=(316, 21), class_paired=True
Epoch [86/100] | Loss: 6.3731 (Cls: 6.3317, TAL: -0.1083, Adv: 0.6801, OT-Reg: 0.000545) | OT inner objective: 0.0644 | Marginal residual row/col/max: 8.00e-05/1.25e-08/8.00e-05 | Train Acc: 0.1875 | Val Acc: 0.2000 | Val P/R/F1 (Macro): 0.1135/0.1617/0.1013 | LR: 0.000001
Epoch [87/100] | SVD update #87: pairs=465, sweeps=3, converged=False, rel_change=2.154e-03, effective_ranks=(314, 21), class_paired=True
Epoch [87/100] | Loss: 6.4779 (Cls: 6.4298, TAL: 0.0282, Adv: 0.5587, OT-Reg: 0.000605) | OT inner objective: 0.0604 | Marginal residual row/col/max: 5.82e-05/1.20e-08/5.82e-05 | Train Acc: 0.1853 | Val Acc: 0.2000 | Val P/R/F1 (Macro): 0.1881/0.2168/0.1271 | LR: 0.000001
Epoch [88/100] | SVD update #88: pairs=465, sweeps=3, converged=False, rel_change=2.890e-02, effective_ranks=(311, 20), class_paired=True
Epoch [88/100] | Loss: 6.3654 (Cls: 6.3053, TAL: 0.0342, Adv: 0.6999, OT-Reg: 0.000576) | OT inner objective: 0.1042 | Marginal residual row/col/max: 9.59e-05/1.09e-08/9.59e-05 | Train Acc: 0.1853 | Val Acc: 0.1417 | Val P/R/F1 (Macro): 0.1320/0.1605/0.0923 | LR: 0.000001
Epoch [89/100] | SVD update #89: pairs=465, sweeps=3, converged=False, rel_change=1.301e-02, effective_ranks=(313, 21), class_paired=True
Epoch [89/100] | Loss: 6.7334 (Cls: 6.6751, TAL: 0.0581, Adv: 0.6421, OT-Reg: 0.000624) | OT inner objective: 0.0154 | Marginal residual row/col/max: 1.96e-04/1.85e-08/1.96e-04 | Train Acc: 0.1562 | Val Acc: 0.1917 | Val P/R/F1 (Macro): 0.2151/0.2019/0.1193 | LR: 0.000001
Epoch [90/100] | SVD update #90: pairs=465, sweeps=3, converged=False, rel_change=4.490e-03, effective_ranks=(316, 20), class_paired=True
Epoch [90/100] | Loss: 6.6217 (Cls: 6.5575, TAL: -0.0061, Adv: 0.8108, OT-Reg: 0.000684) | OT inner objective: 0.0553 | Marginal residual row/col/max: 1.01e-04/2.18e-08/1.01e-04 | Train Acc: 0.1429 | Val Acc: 0.0750 | Val P/R/F1 (Macro): 0.0736/0.0737/0.0497 | LR: 0.000001
Epoch [91/100] | SVD update #91: pairs=465, sweeps=3, converged=False, rel_change=2.106e-02, effective_ranks=(314, 21), class_paired=True
Epoch [91/100] | Loss: 6.4498 (Cls: 6.3969, TAL: 0.0101, Adv: 0.6468, OT-Reg: 0.000620) | OT inner objective: 0.0525 | Marginal residual row/col/max: 2.10e-05/1.32e-08/2.10e-05 | Train Acc: 0.1830 | Val Acc: 0.1833 | Val P/R/F1 (Macro): 0.1126/0.1632/0.1016 | LR: 0.000001
Epoch [92/100] | SVD update #92: pairs=465, sweeps=3, converged=False, rel_change=8.002e-03, effective_ranks=(315, 18), class_paired=True
Epoch [92/100] | Loss: 6.5050 (Cls: 6.4508, TAL: -0.0771, Adv: 0.7933, OT-Reg: 0.000580) | OT inner objective: 0.1333 | Marginal residual row/col/max: 4.78e-08/1.81e-08/5.36e-08 | Train Acc: 0.1607 | Val Acc: 0.0833 | Val P/R/F1 (Macro): 0.0788/0.1207/0.0559 | LR: 0.000001
Epoch [93/100] | SVD update #93: pairs=465, sweeps=3, converged=False, rel_change=2.535e-03, effective_ranks=(316, 19), class_paired=True
Epoch [93/100] | Loss: 6.3722 (Cls: 6.3308, TAL: -0.0570, Adv: 0.6033, OT-Reg: 0.000571) | OT inner objective: 0.0777 | Marginal residual row/col/max: 7.18e-05/1.36e-08/7.18e-05 | Train Acc: 0.1920 | Val Acc: 0.1167 | Val P/R/F1 (Macro): 0.1145/0.1357/0.0634 | LR: 0.000001
Epoch [94/100] | SVD update #94: pairs=465, sweeps=3, converged=False, rel_change=8.927e-04, effective_ranks=(314, 20), class_paired=True
Epoch [94/100] | Loss: 6.2893 (Cls: 6.2316, TAL: -0.0215, Adv: 0.7529, OT-Reg: 0.000646) | OT inner objective: 0.1088 | Marginal residual row/col/max: 2.08e-06/1.96e-08/2.08e-06 | Train Acc: 0.1987 | Val Acc: 0.1500 | Val P/R/F1 (Macro): 0.1361/0.1167/0.0973 | LR: 0.000001
Epoch [95/100] | SVD update #95: pairs=465, sweeps=3, converged=False, rel_change=2.147e-03, effective_ranks=(312, 19), class_paired=True
Epoch [95/100] | Loss: 6.3170 (Cls: 6.2596, TAL: -0.0125, Adv: 0.7361, OT-Reg: 0.000593) | OT inner objective: 0.0655 | Marginal residual row/col/max: 3.53e-05/1.22e-08/3.53e-05 | Train Acc: 0.1607 | Val Acc: 0.1833 | Val P/R/F1 (Macro): 0.1391/0.1078/0.1150 | LR: 0.000001
Epoch [96/100] | SVD update #96: pairs=465, sweeps=3, converged=False, rel_change=1.043e-02, effective_ranks=(317, 23), class_paired=True
Epoch [96/100] | Loss: 6.5055 (Cls: 6.4326, TAL: 0.0966, Adv: 0.7655, OT-Reg: 0.000548) | OT inner objective: 0.0955 | Marginal residual row/col/max: 1.55e-05/1.24e-08/1.55e-05 | Train Acc: 0.1562 | Val Acc: 0.1833 | Val P/R/F1 (Macro): 0.1663/0.1073/0.1264 | LR: 0.000001
Epoch [97/100] | SVD update #97: pairs=465, sweeps=3, converged=False, rel_change=1.125e-02, effective_ranks=(315, 19), class_paired=True
Epoch [97/100] | Loss: 6.3280 (Cls: 6.2726, TAL: 0.0435, Adv: 0.6263, OT-Reg: 0.000617) | OT inner objective: 0.0623 | Marginal residual row/col/max: 1.06e-04/1.17e-08/1.06e-04 | Train Acc: 0.1763 | Val Acc: 0.0917 | Val P/R/F1 (Macro): 0.1401/0.1507/0.0713 | LR: 0.000001
Epoch [98/100] | SVD update #98: pairs=465, sweeps=3, converged=False, rel_change=1.827e-02, effective_ranks=(314, 19), class_paired=True
Epoch [98/100] | Loss: 6.3188 (Cls: 6.2624, TAL: -0.0223, Adv: 0.7382, OT-Reg: 0.000592) | OT inner objective: 0.0230 | Marginal residual row/col/max: 1.29e-05/1.08e-08/1.29e-05 | Train Acc: 0.1473 | Val Acc: 0.1333 | Val P/R/F1 (Macro): 0.1132/0.0588/0.0754 | LR: 0.000001
Epoch [99/100] | SVD update #99: pairs=465, sweeps=3, converged=False, rel_change=2.867e-02, effective_ranks=(312, 22), class_paired=True
Epoch [99/100] | Loss: 6.3146 (Cls: 6.2696, TAL: -0.1173, Adv: 0.7393, OT-Reg: 0.000577) | OT inner objective: 0.1027 | Marginal residual row/col/max: 8.03e-05/1.21e-08/8.03e-05 | Train Acc: 0.1897 | Val Acc: 0.1083 | Val P/R/F1 (Macro): 0.0766/0.0651/0.0603 | LR: 0.000001
Epoch [100/100] | SVD update #100: pairs=465, sweeps=3, converged=False, rel_change=2.239e-03, effective_ranks=(313, 19), class_paired=True
Epoch [100/100] | Loss: 6.3557 (Cls: 6.2999, TAL: -0.0706, Adv: 0.8040, OT-Reg: 0.000546) | OT inner objective: -0.0086 | Marginal residual row/col/max: 2.78e-05/1.18e-08/2.78e-05 | Train Acc: 0.1741 | Val Acc: 0.1250 | Val P/R/F1 (Macro): 0.1343/0.1990/0.0898 | LR: 0.000001
Report strategy: last_window, window=10, reported_acc=0.1358, best_acc=0.4917

迭代 1 报告指标:
  Accuracy: 0.1358
  Precision (Macro): 0.1212
  Recall (Macro): 0.1225
  F1 (Macro): 0.0856
  Precision (Micro): 0.1358
  Recall (Micro): 0.1358
  F1 (Micro): 0.1358
  Val class coverage: 8/14 (0.5714), samples=120

================================================================================
迭代 2/5
随机种子: 43
================================================================================
Training mode: full target-label supervision (class-paired batches).
Feature fusion: Tensor alignment (512+512 -> 64+64); fused_dim=128
Domain adaptation: Neural OT generator with 3-domain discriminator
Loss weights: tensor=0.12, adv=0.08
Transport: mode=sinkhorn, epsilon=0.1, Sinkhorn iterations=50, correction scale=0.1, correction regularization weight=0.001
Tensor projection update: once per epoch from the complete target-training pairing bank; projection_dim=64, max_sweeps=3, relative singular-value tolerance=0.0001
Epoch [1/100] | SVD update #1: pairs=465, sweeps=3, converged=True, rel_change=9.613e-06, effective_ranks=(317, 204), class_paired=True
Epoch [1/100] | Loss: 7.1057 (Cls: 7.1040, TAL: -0.1470, Adv: 0.2410, OT-Reg: 0.001182) | OT inner objective: 0.3099 | Marginal residual row/col/max: 1.01e-08/1.84e-08/1.84e-08 | Train Acc: 0.2812 | Val Acc: 0.2750 | Val P/R/F1 (Macro): 0.0993/0.2785/0.1213 | LR: 0.000005
  >>> New Best Val Acc: 0.2750
Epoch [2/100] | SVD update #2: pairs=465, sweeps=3, converged=False, rel_change=2.486e-02, effective_ranks=(317, 113), class_paired=True
Epoch [2/100] | Loss: 6.8971 (Cls: 6.8954, TAL: -0.1456, Adv: 0.2402, OT-Reg: 0.001242) | OT inner objective: 0.3024 | Marginal residual row/col/max: 1.05e-08/1.28e-08/1.36e-08 | Train Acc: 0.2366 | Val Acc: 0.4500 | Val P/R/F1 (Macro): 0.5557/0.6197/0.4729 | LR: 0.000005
  >>> New Best Val Acc: 0.4500
Epoch [3/100] | SVD update #3: pairs=465, sweeps=3, converged=False, rel_change=5.759e-01, effective_ranks=(316, 92), class_paired=True
Epoch [3/100] | Loss: 6.6889 (Cls: 6.6696, TAL: -0.0124, Adv: 0.2592, OT-Reg: 0.000997) | OT inner objective: 0.2257 | Marginal residual row/col/max: 1.01e-08/1.05e-08/1.17e-08 | Train Acc: 0.2723 | Val Acc: 0.2167 | Val P/R/F1 (Macro): 0.2386/0.5226/0.2812 | LR: 0.000005
Epoch [4/100] | SVD update #4: pairs=465, sweeps=3, converged=False, rel_change=1.846e-01, effective_ranks=(316, 68), class_paired=True
Epoch [4/100] | Loss: 6.7615 (Cls: 6.7311, TAL: 0.0865, Adv: 0.2508, OT-Reg: 0.001111) | OT inner objective: 0.2891 | Marginal residual row/col/max: 1.36e-08/2.28e-08/2.42e-08 | Train Acc: 0.2277 | Val Acc: 0.1417 | Val P/R/F1 (Macro): 0.2957/0.3226/0.1649 | LR: 0.000005
Epoch [5/100] | SVD update #5: pairs=465, sweeps=3, converged=False, rel_change=1.644e-01, effective_ranks=(316, 46), class_paired=True
Epoch [5/100] | Loss: 6.6629 (Cls: 6.6215, TAL: 0.1437, Adv: 0.3019, OT-Reg: 0.001050) | OT inner objective: 0.2148 | Marginal residual row/col/max: 4.22e-05/2.85e-08/4.22e-05 | Train Acc: 0.1853 | Val Acc: 0.1750 | Val P/R/F1 (Macro): 0.1193/0.3920/0.1683 | LR: 0.000005
Epoch [6/100] | SVD update #6: pairs=465, sweeps=3, converged=False, rel_change=9.270e-02, effective_ranks=(316, 40), class_paired=True
Epoch [6/100] | Loss: 6.1952 (Cls: 6.1774, TAL: -0.0190, Adv: 0.2507, OT-Reg: 0.000995) | OT inner objective: 0.1499 | Marginal residual row/col/max: 9.53e-08/2.71e-08/1.02e-07 | Train Acc: 0.2679 | Val Acc: 0.2000 | Val P/R/F1 (Macro): 0.2614/0.2937/0.1790 | LR: 0.000005
Epoch [7/100] | SVD update #7: pairs=465, sweeps=3, converged=False, rel_change=2.072e-01, effective_ranks=(316, 37), class_paired=True
Epoch [7/100] | Loss: 6.0282 (Cls: 6.0034, TAL: 0.0724, Adv: 0.2019, OT-Reg: 0.001096) | OT inner objective: 0.1991 | Marginal residual row/col/max: 1.16e-08/1.17e-08/1.32e-08 | Train Acc: 0.3036 | Val Acc: 0.2000 | Val P/R/F1 (Macro): 0.2458/0.2522/0.2173 | LR: 0.000005
Epoch [8/100] | SVD update #8: pairs=465, sweeps=3, converged=False, rel_change=9.463e-02, effective_ranks=(316, 33), class_paired=True
Epoch [8/100] | Loss: 6.1642 (Cls: 6.1488, TAL: 0.0124, Adv: 0.1741, OT-Reg: 0.001096) | OT inner objective: 0.1418 | Marginal residual row/col/max: 1.18e-08/1.14e-08/1.34e-08 | Train Acc: 0.2812 | Val Acc: 0.2583 | Val P/R/F1 (Macro): 0.3224/0.3356/0.1971 | LR: 0.000005
Epoch [9/100] | SVD update #9: pairs=465, sweeps=3, converged=False, rel_change=5.031e-02, effective_ranks=(317, 37), class_paired=True
Epoch [9/100] | Loss: 5.5976 (Cls: 5.5845, TAL: -0.0201, Adv: 0.1949, OT-Reg: 0.001079) | OT inner objective: 0.1914 | Marginal residual row/col/max: 1.36e-08/1.37e-08/1.65e-08 | Train Acc: 0.3125 | Val Acc: 0.4083 | Val P/R/F1 (Macro): 0.5340/0.5150/0.4155 | LR: 0.000005
Epoch [10/100] | SVD update #10: pairs=465, sweeps=3, converged=False, rel_change=9.362e-02, effective_ranks=(317, 51), class_paired=True
Epoch [10/100] | Loss: 5.4264 (Cls: 5.4261, TAL: -0.1239, Adv: 0.1885, OT-Reg: 0.001109) | OT inner objective: 0.1278 | Marginal residual row/col/max: 2.69e-07/1.28e-08/2.70e-07 | Train Acc: 0.3750 | Val Acc: 0.3083 | Val P/R/F1 (Macro): 0.2172/0.3352/0.2214 | LR: 0.000005
Epoch [11/100] | SVD update #11: pairs=465, sweeps=3, converged=False, rel_change=8.184e-02, effective_ranks=(317, 50), class_paired=True
Epoch [11/100] | Loss: 5.6998 (Cls: 5.6933, TAL: -0.0735, Adv: 0.1919, OT-Reg: 0.001140) | OT inner objective: 0.1371 | Marginal residual row/col/max: 2.62e-08/1.08e-08/2.77e-08 | Train Acc: 0.3326 | Val Acc: 0.1333 | Val P/R/F1 (Macro): 0.2262/0.2970/0.1811 | LR: 0.000005
Epoch [12/100] | SVD update #12: pairs=465, sweeps=3, converged=False, rel_change=3.443e-01, effective_ranks=(317, 40), class_paired=True
Epoch [12/100] | Loss: 5.6067 (Cls: 5.6034, TAL: -0.0971, Adv: 0.1877, OT-Reg: 0.001187) | OT inner objective: 0.1515 | Marginal residual row/col/max: 4.55e-08/1.04e-08/4.62e-08 | Train Acc: 0.3750 | Val Acc: 0.2083 | Val P/R/F1 (Macro): 0.3283/0.4800/0.2354 | LR: 0.000005
Epoch [13/100] | SVD update #13: pairs=465, sweeps=3, converged=False, rel_change=7.979e-02, effective_ranks=(317, 35), class_paired=True
Epoch [13/100] | Loss: 5.4978 (Cls: 5.5053, TAL: -0.1966, Adv: 0.2019, OT-Reg: 0.001097) | OT inner objective: 0.0767 | Marginal residual row/col/max: 1.79e-05/1.25e-08/1.79e-05 | Train Acc: 0.4375 | Val Acc: 0.3833 | Val P/R/F1 (Macro): 0.3901/0.5036/0.3479 | LR: 0.000003
Epoch [14/100] | SVD update #14: pairs=465, sweeps=3, converged=False, rel_change=6.220e-02, effective_ranks=(317, 41), class_paired=True
Epoch [14/100] | Loss: 6.3363 (Cls: 6.3412, TAL: -0.1456, Adv: 0.1567, OT-Reg: 0.001190) | OT inner objective: 0.1382 | Marginal residual row/col/max: 2.39e-07/1.28e-08/2.41e-07 | Train Acc: 0.2969 | Val Acc: 0.2083 | Val P/R/F1 (Macro): 0.2703/0.4325/0.2366 | LR: 0.000003
Epoch [15/100] | SVD update #15: pairs=465, sweeps=3, converged=False, rel_change=3.417e-01, effective_ranks=(315, 32), class_paired=True
Epoch [15/100] | Loss: 10.6187 (Cls: 10.6063, TAL: 0.0186, Adv: 0.1282, OT-Reg: 0.001185) | OT inner objective: 0.1278 | Marginal residual row/col/max: 8.79e-08/1.73e-08/9.06e-08 | Train Acc: 0.1451 | Val Acc: 0.2333 | Val P/R/F1 (Macro): 0.1590/0.1578/0.1303 | LR: 0.000003
Epoch [16/100] | SVD update #16: pairs=465, sweeps=3, converged=False, rel_change=7.346e-02, effective_ranks=(317, 36), class_paired=True
Epoch [16/100] | Loss: 8.0874 (Cls: 8.0739, TAL: 0.0173, Adv: 0.1430, OT-Reg: 0.001199) | OT inner objective: 0.1590 | Marginal residual row/col/max: 4.28e-08/1.28e-08/4.43e-08 | Train Acc: 0.2121 | Val Acc: 0.0750 | Val P/R/F1 (Macro): 0.2396/0.0601/0.0929 | LR: 0.000003
Epoch [17/100] | SVD update #17: pairs=465, sweeps=3, converged=False, rel_change=2.313e-02, effective_ranks=(317, 37), class_paired=True
Epoch [17/100] | Loss: 6.0025 (Cls: 6.0221, TAL: -0.2515, Adv: 0.1322, OT-Reg: 0.001100) | OT inner objective: -0.0043 | Marginal residual row/col/max: 6.23e-06/1.30e-08/6.23e-06 | Train Acc: 0.3527 | Val Acc: 0.2417 | Val P/R/F1 (Macro): 0.5026/0.3423/0.3029 | LR: 0.000003
Epoch [18/100] | SVD update #18: pairs=465, sweeps=3, converged=False, rel_change=9.239e-02, effective_ranks=(317, 27), class_paired=True
Epoch [18/100] | Loss: 5.6883 (Cls: 5.6962, TAL: -0.1495, Adv: 0.1254, OT-Reg: 0.001044) | OT inner objective: 0.0920 | Marginal residual row/col/max: 1.34e-06/1.85e-08/1.34e-06 | Train Acc: 0.3482 | Val Acc: 0.3083 | Val P/R/F1 (Macro): 0.5660/0.5530/0.4186 | LR: 0.000003
Epoch [19/100] | SVD update #19: pairs=465, sweeps=3, converged=False, rel_change=5.283e-02, effective_ranks=(317, 30), class_paired=True
Epoch [19/100] | Loss: 5.7128 (Cls: 5.7154, TAL: -0.1039, Adv: 0.1229, OT-Reg: 0.001096) | OT inner objective: 0.0925 | Marginal residual row/col/max: 2.28e-07/1.10e-08/2.28e-07 | Train Acc: 0.1964 | Val Acc: 0.2417 | Val P/R/F1 (Macro): 0.3132/0.3147/0.2159 | LR: 0.000003
Epoch [20/100] | SVD update #20: pairs=465, sweeps=3, converged=False, rel_change=7.371e-02, effective_ranks=(317, 28), class_paired=True
Epoch [20/100] | Loss: 5.6465 (Cls: 5.6423, TAL: -0.0829, Adv: 0.1770, OT-Reg: 0.001088) | OT inner objective: 0.0830 | Marginal residual row/col/max: 5.30e-05/1.62e-08/5.30e-05 | Train Acc: 0.2746 | Val Acc: 0.2917 | Val P/R/F1 (Macro): 0.3747/0.4738/0.3375 | LR: 0.000003
Epoch [21/100] | SVD update #21: pairs=465, sweeps=3, converged=False, rel_change=1.054e-01, effective_ranks=(317, 29), class_paired=True
Epoch [21/100] | Loss: 5.6997 (Cls: 5.6874, TAL: -0.0463, Adv: 0.2232, OT-Reg: 0.000977) | OT inner objective: 0.0919 | Marginal residual row/col/max: 1.59e-04/1.65e-08/1.59e-04 | Train Acc: 0.3951 | Val Acc: 0.1833 | Val P/R/F1 (Macro): 0.1456/0.4045/0.1780 | LR: 0.000003
Epoch [22/100] | SVD update #22: pairs=465, sweeps=3, converged=False, rel_change=6.488e-02, effective_ranks=(317, 31), class_paired=True
Epoch [22/100] | Loss: 6.2214 (Cls: 6.2338, TAL: -0.1945, Adv: 0.1360, OT-Reg: 0.001015) | OT inner objective: 0.0805 | Marginal residual row/col/max: 1.79e-05/1.22e-08/1.79e-05 | Train Acc: 0.1763 | Val Acc: 0.3417 | Val P/R/F1 (Macro): 0.2837/0.4169/0.3048 | LR: 0.000003
Epoch [23/100] | SVD update #23: pairs=465, sweeps=3, converged=False, rel_change=1.610e-02, effective_ranks=(317, 31), class_paired=True
Epoch [23/100] | Loss: 5.5251 (Cls: 5.5302, TAL: -0.1553, Adv: 0.1683, OT-Reg: 0.001037) | OT inner objective: 0.1188 | Marginal residual row/col/max: 1.19e-05/3.02e-08/1.19e-05 | Train Acc: 0.3661 | Val Acc: 0.2250 | Val P/R/F1 (Macro): 0.3553/0.3029/0.2682 | LR: 0.000003
Epoch [24/100] | SVD update #24: pairs=465, sweeps=3, converged=False, rel_change=2.364e-02, effective_ranks=(315, 33), class_paired=True
Epoch [24/100] | Loss: 5.0065 (Cls: 5.0151, TAL: -0.1583, Adv: 0.1303, OT-Reg: 0.001094) | OT inner objective: 0.0290 | Marginal residual row/col/max: 4.51e-05/2.63e-08/4.51e-05 | Train Acc: 0.4844 | Val Acc: 0.2833 | Val P/R/F1 (Macro): 0.4866/0.5862/0.4492 | LR: 0.000001
Epoch [25/100] | SVD update #25: pairs=465, sweeps=3, converged=False, rel_change=1.235e-02, effective_ranks=(316, 31), class_paired=True
Epoch [25/100] | Loss: 6.6498 (Cls: 6.6713, TAL: -0.2536, Adv: 0.1118, OT-Reg: 0.001146) | OT inner objective: -0.0088 | Marginal residual row/col/max: 4.36e-05/1.57e-08/4.36e-05 | Train Acc: 0.2188 | Val Acc: 0.2500 | Val P/R/F1 (Macro): 0.2009/0.2864/0.2096 | LR: 0.000001
Epoch [26/100] | SVD update #26: pairs=465, sweeps=3, converged=False, rel_change=3.949e-02, effective_ranks=(317, 29), class_paired=True
Epoch [26/100] | Loss: 5.7369 (Cls: 5.7501, TAL: -0.2017, Adv: 0.1379, OT-Reg: 0.001086) | OT inner objective: 0.1283 | Marginal residual row/col/max: 1.51e-05/1.53e-08/1.51e-05 | Train Acc: 0.3237 | Val Acc: 0.2750 | Val P/R/F1 (Macro): 0.2005/0.3708/0.2192 | LR: 0.000001
Epoch [27/100] | SVD update #27: pairs=465, sweeps=3, converged=False, rel_change=4.768e-02, effective_ranks=(316, 33), class_paired=True
Epoch [27/100] | Loss: 6.4226 (Cls: 6.4305, TAL: -0.1507, Adv: 0.1278, OT-Reg: 0.001162) | OT inner objective: 0.0991 | Marginal residual row/col/max: 1.10e-05/1.86e-08/1.10e-05 | Train Acc: 0.2009 | Val Acc: 0.2750 | Val P/R/F1 (Macro): 0.2319/0.2895/0.2142 | LR: 0.000001
Epoch [28/100] | SVD update #28: pairs=465, sweeps=3, converged=False, rel_change=2.152e-01, effective_ranks=(316, 38), class_paired=True
Epoch [28/100] | Loss: 6.0984 (Cls: 6.0996, TAL: -0.0987, Adv: 0.1330, OT-Reg: 0.001212) | OT inner objective: 0.0858 | Marginal residual row/col/max: 3.89e-07/1.22e-08/3.91e-07 | Train Acc: 0.2835 | Val Acc: 0.3500 | Val P/R/F1 (Macro): 0.3321/0.4030/0.3273 | LR: 0.000001
Epoch [29/100] | SVD update #29: pairs=465, sweeps=3, converged=False, rel_change=1.299e-01, effective_ranks=(317, 37), class_paired=True
Epoch [29/100] | Loss: 5.9248 (Cls: 5.9118, TAL: 0.0237, Adv: 0.1264, OT-Reg: 0.001162) | OT inner objective: 0.1111 | Marginal residual row/col/max: 2.60e-07/1.05e-08/2.61e-07 | Train Acc: 0.2879 | Val Acc: 0.3667 | Val P/R/F1 (Macro): 0.3148/0.3610/0.2913 | LR: 0.000001
Epoch [30/100] | SVD update #30: pairs=465, sweeps=3, converged=False, rel_change=1.981e-01, effective_ranks=(315, 42), class_paired=True
Epoch [30/100] | Loss: 5.2093 (Cls: 5.2145, TAL: -0.1350, Adv: 0.1380, OT-Reg: 0.001189) | OT inner objective: 0.0378 | Marginal residual row/col/max: 1.54e-05/1.22e-08/1.54e-05 | Train Acc: 0.4821 | Val Acc: 0.4000 | Val P/R/F1 (Macro): 0.4885/0.5323/0.4376 | LR: 0.000001
Epoch [31/100] | SVD update #31: pairs=465, sweeps=3, converged=False, rel_change=5.590e-02, effective_ranks=(317, 36), class_paired=True
Epoch [31/100] | Loss: 5.1139 (Cls: 5.1186, TAL: -0.1379, Adv: 0.1487, OT-Reg: 0.001169) | OT inner objective: -0.0260 | Marginal residual row/col/max: 1.74e-04/1.13e-08/1.74e-04 | Train Acc: 0.5022 | Val Acc: 0.4333 | Val P/R/F1 (Macro): 0.5234/0.4817/0.4700 | LR: 0.000001
Epoch [32/100] | SVD update #32: pairs=465, sweeps=3, converged=False, rel_change=1.996e-02, effective_ranks=(316, 39), class_paired=True
Epoch [32/100] | Loss: 4.8011 (Cls: 4.8043, TAL: -0.1635, Adv: 0.2056, OT-Reg: 0.001164) | OT inner objective: -0.0987 | Marginal residual row/col/max: 2.12e-05/1.02e-08/2.12e-05 | Train Acc: 0.5134 | Val Acc: 0.3417 | Val P/R/F1 (Macro): 0.2482/0.3536/0.2490 | LR: 0.000001
Epoch [33/100] | SVD update #33: pairs=465, sweeps=3, converged=False, rel_change=1.224e-01, effective_ranks=(317, 30), class_paired=True
Epoch [33/100] | Loss: 5.5559 (Cls: 5.5425, TAL: -0.0352, Adv: 0.2202, OT-Reg: 0.001213) | OT inner objective: 0.0204 | Marginal residual row/col/max: 1.51e-06/1.28e-08/1.51e-06 | Train Acc: 0.2812 | Val Acc: 0.3750 | Val P/R/F1 (Macro): 0.4674/0.4104/0.3841 | LR: 0.000001
Epoch [34/100] | SVD update #34: pairs=465, sweeps=3, converged=False, rel_change=3.657e-02, effective_ranks=(317, 35), class_paired=True
Epoch [34/100] | Loss: 5.3380 (Cls: 5.3394, TAL: -0.1413, Adv: 0.1943, OT-Reg: 0.001229) | OT inner objective: 0.0156 | Marginal residual row/col/max: 2.48e-06/9.45e-09/2.48e-06 | Train Acc: 0.4375 | Val Acc: 0.1583 | Val P/R/F1 (Macro): 0.3094/0.2913/0.1978 | LR: 0.000001
Epoch [35/100] | SVD update #35: pairs=465, sweeps=3, converged=False, rel_change=9.545e-03, effective_ranks=(316, 44), class_paired=True
Epoch [35/100] | Loss: 5.1346 (Cls: 5.1353, TAL: -0.1551, Adv: 0.2234, OT-Reg: 0.001211) | OT inner objective: 0.0457 | Marginal residual row/col/max: 1.73e-05/1.60e-08/1.73e-05 | Train Acc: 0.4866 | Val Acc: 0.2500 | Val P/R/F1 (Macro): 0.2871/0.2674/0.2270 | LR: 0.000001
Epoch [36/100] | SVD update #36: pairs=465, sweeps=3, converged=False, rel_change=3.883e-02, effective_ranks=(317, 45), class_paired=True
Epoch [36/100] | Loss: 4.9775 (Cls: 4.9839, TAL: -0.1700, Adv: 0.1745, OT-Reg: 0.001204) | OT inner objective: -0.0002 | Marginal residual row/col/max: 3.48e-06/1.41e-08/3.48e-06 | Train Acc: 0.4799 | Val Acc: 0.4667 | Val P/R/F1 (Macro): 0.3890/0.4136/0.3809 | LR: 0.000001
  >>> New Best Val Acc: 0.4667
Epoch [37/100] | SVD update #37: pairs=465, sweeps=3, converged=False, rel_change=1.010e-01, effective_ranks=(317, 46), class_paired=True
Epoch [37/100] | Loss: 5.1618 (Cls: 5.1538, TAL: -0.1121, Adv: 0.2674, OT-Reg: 0.001246) | OT inner objective: 0.0532 | Marginal residual row/col/max: 2.71e-07/1.13e-08/2.72e-07 | Train Acc: 0.3906 | Val Acc: 0.0917 | Val P/R/F1 (Macro): 0.1370/0.1430/0.0828 | LR: 0.000001
Epoch [38/100] | SVD update #38: pairs=465, sweeps=3, converged=False, rel_change=4.022e-02, effective_ranks=(317, 42), class_paired=True
Epoch [38/100] | Loss: 4.9273 (Cls: 4.9338, TAL: -0.1956, Adv: 0.2114, OT-Reg: 0.001198) | OT inner objective: -0.0081 | Marginal residual row/col/max: 1.19e-05/1.32e-08/1.19e-05 | Train Acc: 0.4933 | Val Acc: 0.3000 | Val P/R/F1 (Macro): 0.4689/0.4256/0.3611 | LR: 0.000001
Epoch [39/100] | SVD update #39: pairs=465, sweeps=3, converged=False, rel_change=1.197e-02, effective_ranks=(317, 42), class_paired=True
Epoch [39/100] | Loss: 4.5933 (Cls: 4.6080, TAL: -0.2365, Adv: 0.1710, OT-Reg: 0.001207) | OT inner objective: -0.0692 | Marginal residual row/col/max: 9.98e-06/1.06e-08/9.98e-06 | Train Acc: 0.4732 | Val Acc: 0.5167 | Val P/R/F1 (Macro): 0.5836/0.4608/0.4743 | LR: 0.000001
  >>> New Best Val Acc: 0.5167
Epoch [40/100] | SVD update #40: pairs=465, sweeps=3, converged=False, rel_change=5.192e-02, effective_ranks=(317, 46), class_paired=True
Epoch [40/100] | Loss: 4.7483 (Cls: 4.7481, TAL: -0.1674, Adv: 0.2537, OT-Reg: 0.001258) | OT inner objective: 0.0490 | Marginal residual row/col/max: 4.14e-05/1.04e-08/4.14e-05 | Train Acc: 0.4442 | Val Acc: 0.5000 | Val P/R/F1 (Macro): 0.4823/0.5053/0.4738 | LR: 0.000001
Epoch [41/100] | SVD update #41: pairs=465, sweeps=3, converged=False, rel_change=3.314e-02, effective_ranks=(317, 47), class_paired=True
Epoch [41/100] | Loss: 4.6968 (Cls: 4.7031, TAL: -0.2118, Adv: 0.2391, OT-Reg: 0.001162) | OT inner objective: -0.0690 | Marginal residual row/col/max: 1.79e-04/1.22e-08/1.79e-04 | Train Acc: 0.5201 | Val Acc: 0.4167 | Val P/R/F1 (Macro): 0.4441/0.3620/0.3756 | LR: 0.000001
Epoch [42/100] | SVD update #42: pairs=465, sweeps=3, converged=False, rel_change=1.772e-01, effective_ranks=(313, 64), class_paired=True
Epoch [42/100] | Loss: 5.9292 (Cls: 5.9196, TAL: -0.1363, Adv: 0.3241, OT-Reg: 0.001208) | OT inner objective: 0.1189 | Marginal residual row/col/max: 4.79e-07/1.13e-08/4.80e-07 | Train Acc: 0.2165 | Val Acc: 0.1500 | Val P/R/F1 (Macro): 0.0445/0.0872/0.0578 | LR: 0.000001
Epoch [43/100] | SVD update #43: pairs=465, sweeps=3, converged=False, rel_change=2.051e-01, effective_ranks=(317, 49), class_paired=True
Epoch [43/100] | Loss: 6.7374 (Cls: 6.7072, TAL: 0.0391, Adv: 0.3178, OT-Reg: 0.001231) | OT inner objective: 0.0719 | Marginal residual row/col/max: 5.20e-08/1.26e-08/5.24e-08 | Train Acc: 0.2121 | Val Acc: 0.3000 | Val P/R/F1 (Macro): 0.1920/0.1779/0.1625 | LR: 0.000001
Epoch [44/100] | SVD update #44: pairs=465, sweeps=3, converged=False, rel_change=7.988e-02, effective_ranks=(316, 50), class_paired=True
Epoch [44/100] | Loss: 5.4649 (Cls: 5.4518, TAL: -0.0928, Adv: 0.3027, OT-Reg: 0.001201) | OT inner objective: -0.0282 | Marginal residual row/col/max: 4.41e-05/1.33e-08/4.41e-05 | Train Acc: 0.3214 | Val Acc: 0.4000 | Val P/R/F1 (Macro): 0.2879/0.3820/0.2982 | LR: 0.000001
Epoch [45/100] | SVD update #45: pairs=465, sweeps=3, converged=False, rel_change=8.718e-03, effective_ranks=(317, 40), class_paired=True
Epoch [45/100] | Loss: 4.9334 (Cls: 4.9338, TAL: -0.1900, Adv: 0.2810, OT-Reg: 0.001155) | OT inner objective: -0.0470 | Marginal residual row/col/max: 1.72e-04/1.05e-08/1.72e-04 | Train Acc: 0.4286 | Val Acc: 0.2500 | Val P/R/F1 (Macro): 0.3264/0.3463/0.2676 | LR: 0.000001
Epoch [46/100] | SVD update #46: pairs=465, sweeps=3, converged=False, rel_change=5.901e-03, effective_ranks=(316, 42), class_paired=True
Epoch [46/100] | Loss: 4.9062 (Cls: 4.9099, TAL: -0.2689, Adv: 0.3572, OT-Reg: 0.001203) | OT inner objective: -0.0444 | Marginal residual row/col/max: 1.78e-05/1.20e-08/1.78e-05 | Train Acc: 0.3326 | Val Acc: 0.3917 | Val P/R/F1 (Macro): 0.3645/0.4343/0.3296 | LR: 0.000001
Epoch [47/100] | SVD update #47: pairs=465, sweeps=3, converged=False, rel_change=2.774e-02, effective_ranks=(316, 41), class_paired=True
Epoch [47/100] | Loss: 5.1520 (Cls: 5.1407, TAL: -0.1941, Adv: 0.4320, OT-Reg: 0.001201) | OT inner objective: -0.0337 | Marginal residual row/col/max: 1.23e-05/1.24e-08/1.23e-05 | Train Acc: 0.3705 | Val Acc: 0.2083 | Val P/R/F1 (Macro): 0.3148/0.3011/0.2095 | LR: 0.000001
Epoch [48/100] | SVD update #48: pairs=465, sweeps=3, converged=False, rel_change=9.506e-02, effective_ranks=(317, 37), class_paired=True
Epoch [48/100] | Loss: 5.3932 (Cls: 5.3769, TAL: -0.1322, Adv: 0.4026, OT-Reg: 0.001170) | OT inner objective: 0.1249 | Marginal residual row/col/max: 6.23e-08/1.10e-08/6.35e-08 | Train Acc: 0.3237 | Val Acc: 0.3583 | Val P/R/F1 (Macro): 0.3303/0.4112/0.2832 | LR: 0.000001
Epoch [49/100] | SVD update #49: pairs=465, sweeps=3, converged=False, rel_change=1.615e-01, effective_ranks=(316, 26), class_paired=True
Epoch [49/100] | Loss: 6.6764 (Cls: 6.6422, TAL: 0.0069, Adv: 0.4167, OT-Reg: 0.001160) | OT inner objective: -0.0929 | Marginal residual row/col/max: 3.29e-05/1.13e-08/3.29e-05 | Train Acc: 0.1786 | Val Acc: 0.2917 | Val P/R/F1 (Macro): 0.0792/0.1815/0.1087 | LR: 0.000001
Epoch [50/100] | SVD update #50: pairs=465, sweeps=3, converged=False, rel_change=1.726e-01, effective_ranks=(316, 31), class_paired=True
Epoch [50/100] | Loss: 6.0848 (Cls: 6.0820, TAL: -0.1911, Adv: 0.3224, OT-Reg: 0.001158) | OT inner objective: -0.0292 | Marginal residual row/col/max: 6.24e-06/1.06e-08/6.24e-06 | Train Acc: 0.1674 | Val Acc: 0.3500 | Val P/R/F1 (Macro): 0.2205/0.2580/0.2053 | LR: 0.000001
Epoch [51/100] | SVD update #51: pairs=465, sweeps=3, converged=False, rel_change=1.183e-02, effective_ranks=(317, 29), class_paired=True
Epoch [51/100] | Loss: 5.6434 (Cls: 5.6337, TAL: -0.1920, Adv: 0.4102, OT-Reg: 0.001197) | OT inner objective: 0.0654 | Marginal residual row/col/max: 1.31e-06/1.14e-08/1.31e-06 | Train Acc: 0.3125 | Val Acc: 0.2833 | Val P/R/F1 (Macro): 0.1905/0.2430/0.1911 | LR: 0.000001
Epoch [52/100] | SVD update #52: pairs=465, sweeps=3, converged=False, rel_change=1.630e-02, effective_ranks=(316, 27), class_paired=True
Epoch [52/100] | Loss: 5.8304 (Cls: 5.8274, TAL: -0.1421, Adv: 0.2496, OT-Reg: 0.001191) | OT inner objective: 0.0563 | Marginal residual row/col/max: 4.04e-07/1.24e-08/4.04e-07 | Train Acc: 0.2344 | Val Acc: 0.1750 | Val P/R/F1 (Macro): 0.2295/0.1112/0.1002 | LR: 0.000001
Epoch [53/100] | SVD update #53: pairs=465, sweeps=3, converged=False, rel_change=2.582e-02, effective_ranks=(317, 30), class_paired=True
Epoch [53/100] | Loss: 5.6217 (Cls: 5.6110, TAL: -0.1473, Adv: 0.3553, OT-Reg: 0.001201) | OT inner objective: 0.0185 | Marginal residual row/col/max: 2.33e-06/1.08e-08/2.33e-06 | Train Acc: 0.3348 | Val Acc: 0.2417 | Val P/R/F1 (Macro): 0.1691/0.2208/0.1656 | LR: 0.000001
Epoch [54/100] | SVD update #54: pairs=465, sweeps=3, converged=False, rel_change=3.464e-02, effective_ranks=(317, 29), class_paired=True
Epoch [54/100] | Loss: 5.6239 (Cls: 5.6064, TAL: -0.2242, Adv: 0.5546, OT-Reg: 0.001164) | OT inner objective: 0.0329 | Marginal residual row/col/max: 6.70e-06/1.10e-08/6.70e-06 | Train Acc: 0.2946 | Val Acc: 0.1833 | Val P/R/F1 (Macro): 0.1527/0.1373/0.1254 | LR: 0.000001
Epoch [55/100] | SVD update #55: pairs=465, sweeps=3, converged=False, rel_change=4.181e-03, effective_ranks=(317, 27), class_paired=True
Epoch [55/100] | Loss: 5.3713 (Cls: 5.3693, TAL: -0.1728, Adv: 0.2846, OT-Reg: 0.001192) | OT inner objective: 0.0421 | Marginal residual row/col/max: 3.48e-06/1.13e-08/3.48e-06 | Train Acc: 0.3705 | Val Acc: 0.3333 | Val P/R/F1 (Macro): 0.3011/0.3415/0.2879 | LR: 0.000001
Epoch [56/100] | SVD update #56: pairs=465, sweeps=3, converged=False, rel_change=4.569e-03, effective_ranks=(315, 31), class_paired=True
Epoch [56/100] | Loss: 5.3139 (Cls: 5.3060, TAL: -0.1680, Adv: 0.3507, OT-Reg: 0.001220) | OT inner objective: 0.0722 | Marginal residual row/col/max: 5.28e-05/1.12e-08/5.28e-05 | Train Acc: 0.4397 | Val Acc: 0.4833 | Val P/R/F1 (Macro): 0.3079/0.4156/0.3366 | LR: 0.000001
Epoch [57/100] | SVD update #57: pairs=465, sweeps=3, converged=False, rel_change=1.828e-02, effective_ranks=(316, 30), class_paired=True
Epoch [57/100] | Loss: 5.2830 (Cls: 5.2584, TAL: -0.0982, Adv: 0.4547, OT-Reg: 0.001132) | OT inner objective: 0.0700 | Marginal residual row/col/max: 1.60e-06/1.41e-08/1.60e-06 | Train Acc: 0.4263 | Val Acc: 0.3417 | Val P/R/F1 (Macro): 0.3163/0.2753/0.2026 | LR: 0.000001
Epoch [58/100] | SVD update #58: pairs=465, sweeps=3, converged=False, rel_change=2.205e-03, effective_ranks=(316, 33), class_paired=True
Epoch [58/100] | Loss: 5.2037 (Cls: 5.1849, TAL: -0.1382, Adv: 0.4428, OT-Reg: 0.001152) | OT inner objective: 0.0642 | Marginal residual row/col/max: 4.13e-05/1.21e-08/4.13e-05 | Train Acc: 0.4308 | Val Acc: 0.3417 | Val P/R/F1 (Macro): 0.2823/0.2890/0.2356 | LR: 0.000001
Epoch [59/100] | SVD update #59: pairs=465, sweeps=3, converged=False, rel_change=1.062e-02, effective_ranks=(316, 32), class_paired=True
Epoch [59/100] | Loss: 5.1474 (Cls: 5.1450, TAL: -0.2248, Adv: 0.3675, OT-Reg: 0.001154) | OT inner objective: 0.0091 | Marginal residual row/col/max: 3.98e-05/1.32e-08/3.98e-05 | Train Acc: 0.4464 | Val Acc: 0.3000 | Val P/R/F1 (Macro): 0.2931/0.3836/0.2761 | LR: 0.000001
Epoch [60/100] | SVD update #60: pairs=465, sweeps=3, converged=False, rel_change=2.807e-03, effective_ranks=(317, 34), class_paired=True
Epoch [60/100] | Loss: 5.1236 (Cls: 5.1116, TAL: -0.2223, Adv: 0.4836, OT-Reg: 0.001122) | OT inner objective: 0.0202 | Marginal residual row/col/max: 2.92e-05/1.09e-08/2.92e-05 | Train Acc: 0.4353 | Val Acc: 0.3417 | Val P/R/F1 (Macro): 0.2761/0.3275/0.2598 | LR: 0.000001
Epoch [61/100] | SVD update #61: pairs=465, sweeps=3, converged=False, rel_change=4.775e-03, effective_ranks=(316, 34), class_paired=True
Epoch [61/100] | Loss: 4.7311 (Cls: 4.7087, TAL: -0.2354, Adv: 0.6341, OT-Reg: 0.001132) | OT inner objective: 0.0122 | Marginal residual row/col/max: 2.86e-05/1.41e-08/2.86e-05 | Train Acc: 0.5067 | Val Acc: 0.2833 | Val P/R/F1 (Macro): 0.3006/0.3127/0.2671 | LR: 0.000001
Epoch [62/100] | SVD update #62: pairs=465, sweeps=3, converged=False, rel_change=1.428e-02, effective_ranks=(317, 31), class_paired=True
Epoch [62/100] | Loss: 5.2080 (Cls: 5.1979, TAL: -0.2100, Adv: 0.4404, OT-Reg: 0.001173) | OT inner objective: 0.0785 | Marginal residual row/col/max: 2.11e-06/1.17e-08/2.11e-06 | Train Acc: 0.3237 | Val Acc: 0.3833 | Val P/R/F1 (Macro): 0.2366/0.2888/0.2132 | LR: 0.000001
Epoch [63/100] | SVD update #63: pairs=465, sweeps=3, converged=False, rel_change=1.547e-02, effective_ranks=(317, 38), class_paired=True
Epoch [63/100] | Loss: 5.0011 (Cls: 4.9852, TAL: -0.2033, Adv: 0.5032, OT-Reg: 0.001116) | OT inner objective: 0.0003 | Marginal residual row/col/max: 6.92e-05/1.02e-08/6.92e-05 | Train Acc: 0.4487 | Val Acc: 0.4167 | Val P/R/F1 (Macro): 0.3708/0.4095/0.3407 | LR: 0.000001
Epoch [64/100] | SVD update #64: pairs=465, sweeps=3, converged=False, rel_change=1.890e-02, effective_ranks=(317, 39), class_paired=True
Epoch [64/100] | Loss: 5.0379 (Cls: 5.0276, TAL: -0.1950, Adv: 0.4213, OT-Reg: 0.001196) | OT inner objective: 0.0023 | Marginal residual row/col/max: 2.28e-06/1.16e-08/2.28e-06 | Train Acc: 0.4174 | Val Acc: 0.2750 | Val P/R/F1 (Macro): 0.2799/0.2982/0.2457 | LR: 0.000001
Epoch [65/100] | SVD update #65: pairs=465, sweeps=3, converged=False, rel_change=1.722e-02, effective_ranks=(316, 36), class_paired=True
Epoch [65/100] | Loss: 5.1327 (Cls: 5.1132, TAL: -0.2585, Adv: 0.6309, OT-Reg: 0.001129) | OT inner objective: -0.0084 | Marginal residual row/col/max: 1.19e-04/1.24e-08/1.19e-04 | Train Acc: 0.4308 | Val Acc: 0.3083 | Val P/R/F1 (Macro): 0.2803/0.3235/0.2658 | LR: 0.000001
Epoch [66/100] | SVD update #66: pairs=465, sweeps=3, converged=False, rel_change=1.421e-02, effective_ranks=(317, 38), class_paired=True
Epoch [66/100] | Loss: 4.9153 (Cls: 4.9007, TAL: -0.1921, Adv: 0.4697, OT-Reg: 0.001174) | OT inner objective: 0.0639 | Marginal residual row/col/max: 2.31e-07/1.14e-08/2.31e-07 | Train Acc: 0.4732 | Val Acc: 0.3083 | Val P/R/F1 (Macro): 0.3211/0.3652/0.2707 | LR: 0.000001
Epoch [67/100] | SVD update #67: pairs=465, sweeps=3, converged=False, rel_change=6.941e-03, effective_ranks=(317, 38), class_paired=True
Epoch [67/100] | Loss: 5.0474 (Cls: 5.0335, TAL: -0.1940, Adv: 0.4651, OT-Reg: 0.001208) | OT inner objective: 0.0293 | Marginal residual row/col/max: 2.85e-06/1.08e-08/2.85e-06 | Train Acc: 0.4754 | Val Acc: 0.2667 | Val P/R/F1 (Macro): 0.2791/0.3120/0.2378 | LR: 0.000001
Epoch [68/100] | SVD update #68: pairs=465, sweeps=3, converged=False, rel_change=1.214e-02, effective_ranks=(317, 47), class_paired=True
Epoch [68/100] | Loss: 4.8442 (Cls: 4.8454, TAL: -0.2627, Adv: 0.3795, OT-Reg: 0.001165) | OT inner objective: 0.0619 | Marginal residual row/col/max: 2.85e-05/1.16e-08/2.85e-05 | Train Acc: 0.5759 | Val Acc: 0.2833 | Val P/R/F1 (Macro): 0.3045/0.3637/0.2719 | LR: 0.000001
Epoch [69/100] | SVD update #69: pairs=465, sweeps=3, converged=False, rel_change=7.076e-03, effective_ranks=(316, 43), class_paired=True
Epoch [69/100] | Loss: 5.0485 (Cls: 5.0369, TAL: -0.1592, Adv: 0.3839, OT-Reg: 0.001175) | OT inner objective: 0.0335 | Marginal residual row/col/max: 7.41e-06/1.52e-08/7.41e-06 | Train Acc: 0.4375 | Val Acc: 0.2917 | Val P/R/F1 (Macro): 0.3081/0.4032/0.2569 | LR: 0.000001
Epoch [70/100] | SVD update #70: pairs=465, sweeps=3, converged=False, rel_change=1.082e-02, effective_ranks=(316, 49), class_paired=True
Epoch [70/100] | Loss: 5.6535 (Cls: 5.6512, TAL: -0.2241, Adv: 0.3648, OT-Reg: 0.001223) | OT inner objective: 0.0173 | Marginal residual row/col/max: 5.61e-05/1.18e-08/5.61e-05 | Train Acc: 0.3772 | Val Acc: 0.2500 | Val P/R/F1 (Macro): 0.1527/0.2688/0.1940 | LR: 0.000001
Epoch [71/100] | SVD update #71: pairs=465, sweeps=3, converged=False, rel_change=6.902e-03, effective_ranks=(317, 44), class_paired=True
Epoch [71/100] | Loss: 5.3918 (Cls: 5.3744, TAL: -0.1299, Adv: 0.4125, OT-Reg: 0.001189) | OT inner objective: 0.0832 | Marginal residual row/col/max: 7.73e-05/1.57e-08/7.73e-05 | Train Acc: 0.4821 | Val Acc: 0.2417 | Val P/R/F1 (Macro): 0.3021/0.3117/0.2299 | LR: 0.000001
Epoch [72/100] | SVD update #72: pairs=465, sweeps=3, converged=False, rel_change=7.821e-03, effective_ranks=(317, 46), class_paired=True
Epoch [72/100] | Loss: 5.1956 (Cls: 5.1875, TAL: -0.0999, Adv: 0.2505, OT-Reg: 0.001251) | OT inner objective: 0.1333 | Marginal residual row/col/max: 6.61e-08/1.22e-08/6.92e-08 | Train Acc: 0.4129 | Val Acc: 0.2750 | Val P/R/F1 (Macro): 0.2703/0.3453/0.2358 | LR: 0.000001
Epoch [73/100] | SVD update #73: pairs=465, sweeps=3, converged=False, rel_change=6.717e-03, effective_ranks=(317, 46), class_paired=True
Epoch [73/100] | Loss: 5.3922 (Cls: 5.3760, TAL: -0.1390, Adv: 0.4099, OT-Reg: 0.001225) | OT inner objective: 0.0500 | Marginal residual row/col/max: 1.88e-07/1.60e-08/1.88e-07 | Train Acc: 0.3817 | Val Acc: 0.2333 | Val P/R/F1 (Macro): 0.2033/0.2524/0.2014 | LR: 0.000001
Epoch [74/100] | SVD update #74: pairs=465, sweeps=3, converged=False, rel_change=6.365e-03, effective_ranks=(317, 52), class_paired=True
Epoch [74/100] | Loss: 5.2682 (Cls: 5.2643, TAL: -0.2438, Adv: 0.4145, OT-Reg: 0.001223) | OT inner objective: 0.0466 | Marginal residual row/col/max: 6.76e-07/1.24e-08/6.76e-07 | Train Acc: 0.4152 | Val Acc: 0.2917 | Val P/R/F1 (Macro): 0.2340/0.3513/0.2589 | LR: 0.000001
Epoch [75/100] | SVD update #75: pairs=465, sweeps=3, converged=False, rel_change=9.863e-03, effective_ranks=(315, 48), class_paired=True
Epoch [75/100] | Loss: 5.8289 (Cls: 5.8337, TAL: -0.2382, Adv: 0.2973, OT-Reg: 0.001276) | OT inner objective: 0.1084 | Marginal residual row/col/max: 7.97e-06/1.10e-08/7.97e-06 | Train Acc: 0.4085 | Val Acc: 0.2250 | Val P/R/F1 (Macro): 0.1584/0.2359/0.1599 | LR: 0.000001
Epoch [76/100] | SVD update #76: pairs=465, sweeps=3, converged=False, rel_change=2.171e-02, effective_ranks=(316, 47), class_paired=True
Epoch [76/100] | Loss: 5.6104 (Cls: 5.5941, TAL: -0.1629, Adv: 0.4486, OT-Reg: 0.001194) | OT inner objective: 0.1347 | Marginal residual row/col/max: 1.12e-07/1.30e-08/1.13e-07 | Train Acc: 0.4263 | Val Acc: 0.1917 | Val P/R/F1 (Macro): 0.1655/0.2944/0.1917 | LR: 0.000001
Epoch [77/100] | SVD update #77: pairs=465, sweeps=3, converged=False, rel_change=2.529e-02, effective_ranks=(317, 48), class_paired=True
Epoch [77/100] | Loss: 5.6477 (Cls: 5.6262, TAL: -0.1386, Adv: 0.4761, OT-Reg: 0.001178) | OT inner objective: 0.1450 | Marginal residual row/col/max: 1.18e-08/1.24e-08/1.52e-08 | Train Acc: 0.3951 | Val Acc: 0.1833 | Val P/R/F1 (Macro): 0.1580/0.2749/0.1756 | LR: 0.000001
Epoch [78/100] | SVD update #78: pairs=465, sweeps=3, converged=False, rel_change=5.986e-02, effective_ranks=(317, 48), class_paired=True
Epoch [78/100] | Loss: 6.1469 (Cls: 6.1281, TAL: -0.1289, Adv: 0.4283, OT-Reg: 0.001186) | OT inner objective: 0.1331 | Marginal residual row/col/max: 2.98e-05/1.16e-08/2.98e-05 | Train Acc: 0.2879 | Val Acc: 0.1167 | Val P/R/F1 (Macro): 0.0632/0.1414/0.0775 | LR: 0.000001
Epoch [79/100] | SVD update #79: pairs=465, sweeps=3, converged=False, rel_change=1.432e-02, effective_ranks=(317, 52), class_paired=True
Epoch [79/100] | Loss: 6.0732 (Cls: 6.0457, TAL: -0.0751, Adv: 0.4564, OT-Reg: 0.001126) | OT inner objective: 0.1668 | Marginal residual row/col/max: 7.14e-05/1.53e-08/7.14e-05 | Train Acc: 0.3348 | Val Acc: 0.1833 | Val P/R/F1 (Macro): 0.1622/0.2849/0.1644 | LR: 0.000001
Epoch [80/100] | SVD update #80: pairs=465, sweeps=3, converged=False, rel_change=8.180e-02, effective_ranks=(317, 52), class_paired=True
Epoch [80/100] | Loss: 6.0629 (Cls: 6.0267, TAL: -0.0651, Adv: 0.5512, OT-Reg: 0.001089) | OT inner objective: 0.1030 | Marginal residual row/col/max: 1.91e-05/1.77e-08/1.91e-05 | Train Acc: 0.3036 | Val Acc: 0.0917 | Val P/R/F1 (Macro): 0.0647/0.0990/0.0648 | LR: 0.000001
Epoch [81/100] | SVD update #81: pairs=465, sweeps=3, converged=False, rel_change=5.607e-02, effective_ranks=(315, 41), class_paired=True
Epoch [81/100] | Loss: 6.7117 (Cls: 6.6808, TAL: -0.0059, Adv: 0.3951, OT-Reg: 0.001113) | OT inner objective: -0.0147 | Marginal residual row/col/max: 7.76e-05/1.54e-08/7.76e-05 | Train Acc: 0.1406 | Val Acc: 0.1417 | Val P/R/F1 (Macro): 0.2099/0.2379/0.1388 | LR: 0.000001
Epoch [82/100] | SVD update #82: pairs=465, sweeps=3, converged=False, rel_change=2.387e-02, effective_ranks=(316, 42), class_paired=True
Epoch [82/100] | Loss: 6.2933 (Cls: 6.2601, TAL: -0.0842, Adv: 0.5420, OT-Reg: 0.001114) | OT inner objective: -0.0001 | Marginal residual row/col/max: 2.19e-05/9.85e-09/2.19e-05 | Train Acc: 0.1853 | Val Acc: 0.2750 | Val P/R/F1 (Macro): 0.3115/0.3265/0.2695 | LR: 0.000001
Epoch [83/100] | SVD update #83: pairs=465, sweeps=3, converged=False, rel_change=2.524e-02, effective_ranks=(316, 47), class_paired=True
Epoch [83/100] | Loss: 6.3231 (Cls: 6.2682, TAL: 0.0775, Adv: 0.5700, OT-Reg: 0.001096) | OT inner objective: 0.0425 | Marginal residual row/col/max: 6.09e-05/1.29e-08/6.09e-05 | Train Acc: 0.2188 | Val Acc: 0.1417 | Val P/R/F1 (Macro): 0.1659/0.1974/0.1619 | LR: 0.000001
Epoch [84/100] | SVD update #84: pairs=465, sweeps=3, converged=False, rel_change=6.793e-02, effective_ranks=(316, 46), class_paired=True
Epoch [84/100] | Loss: 6.1948 (Cls: 6.1658, TAL: -0.1008, Adv: 0.5128, OT-Reg: 0.001116) | OT inner objective: 0.0038 | Marginal residual row/col/max: 8.17e-05/1.10e-08/8.17e-05 | Train Acc: 0.2656 | Val Acc: 0.3000 | Val P/R/F1 (Macro): 0.2802/0.3220/0.2711 | LR: 0.000001
Epoch [85/100] | SVD update #85: pairs=465, sweeps=3, converged=False, rel_change=3.984e-02, effective_ranks=(317, 46), class_paired=True
Epoch [85/100] | Loss: 5.7131 (Cls: 5.7054, TAL: -0.1898, Adv: 0.3810, OT-Reg: 0.001072) | OT inner objective: 0.0639 | Marginal residual row/col/max: 1.26e-04/1.53e-08/1.26e-04 | Train Acc: 0.2656 | Val Acc: 0.3000 | Val P/R/F1 (Macro): 0.3563/0.3578/0.3016 | LR: 0.000001
Epoch [86/100] | SVD update #86: pairs=465, sweeps=3, converged=False, rel_change=9.926e-03, effective_ranks=(317, 44), class_paired=True
Epoch [86/100] | Loss: 5.8804 (Cls: 5.8562, TAL: -0.1569, Adv: 0.5368, OT-Reg: 0.001097) | OT inner objective: 0.0423 | Marginal residual row/col/max: 1.12e-04/1.13e-08/1.12e-04 | Train Acc: 0.3103 | Val Acc: 0.2917 | Val P/R/F1 (Macro): 0.2903/0.3712/0.2886 | LR: 0.000001
Epoch [87/100] | SVD update #87: pairs=465, sweeps=3, converged=False, rel_change=1.111e-02, effective_ranks=(317, 44), class_paired=True
Epoch [87/100] | Loss: 5.6511 (Cls: 5.6303, TAL: -0.1176, Adv: 0.4365, OT-Reg: 0.001093) | OT inner objective: 0.0680 | Marginal residual row/col/max: 2.69e-05/1.28e-08/2.69e-05 | Train Acc: 0.2723 | Val Acc: 0.3917 | Val P/R/F1 (Macro): 0.3202/0.3849/0.3046 | LR: 0.000001
Epoch [88/100] | SVD update #88: pairs=465, sweeps=3, converged=False, rel_change=1.389e-02, effective_ranks=(316, 52), class_paired=True
Epoch [88/100] | Loss: 5.3415 (Cls: 5.3174, TAL: -0.1396, Adv: 0.5104, OT-Reg: 0.001130) | OT inner objective: 0.1084 | Marginal residual row/col/max: 2.00e-05/8.78e-09/2.00e-05 | Train Acc: 0.2634 | Val Acc: 0.3250 | Val P/R/F1 (Macro): 0.4020/0.4508/0.4113 | LR: 0.000001
Epoch [89/100] | SVD update #89: pairs=465, sweeps=3, converged=False, rel_change=2.488e-02, effective_ranks=(316, 53), class_paired=True
Epoch [89/100] | Loss: 5.7052 (Cls: 5.6896, TAL: -0.1761, Adv: 0.4596, OT-Reg: 0.001110) | OT inner objective: 0.1148 | Marginal residual row/col/max: 2.10e-05/1.16e-08/2.10e-05 | Train Acc: 0.2299 | Val Acc: 0.2250 | Val P/R/F1 (Macro): 0.2161/0.2270/0.2029 | LR: 0.000001
Epoch [90/100] | SVD update #90: pairs=465, sweeps=3, converged=False, rel_change=2.567e-02, effective_ranks=(316, 48), class_paired=True
Epoch [90/100] | Loss: 5.5178 (Cls: 5.4916, TAL: -0.1237, Adv: 0.5132, OT-Reg: 0.001158) | OT inner objective: 0.1098 | Marginal residual row/col/max: 2.41e-07/9.85e-09/2.42e-07 | Train Acc: 0.2656 | Val Acc: 0.1417 | Val P/R/F1 (Macro): 0.2472/0.1951/0.1342 | LR: 0.000001
Epoch [91/100] | SVD update #91: pairs=465, sweeps=3, converged=False, rel_change=2.208e-02, effective_ranks=(316, 47), class_paired=True
Epoch [91/100] | Loss: 5.5389 (Cls: 5.5259, TAL: -0.1327, Adv: 0.3615, OT-Reg: 0.001150) | OT inner objective: 0.1225 | Marginal residual row/col/max: 2.27e-07/1.06e-08/2.28e-07 | Train Acc: 0.2344 | Val Acc: 0.1583 | Val P/R/F1 (Macro): 0.2844/0.2358/0.1789 | LR: 0.000001
Epoch [92/100] | SVD update #92: pairs=465, sweeps=3, converged=False, rel_change=2.874e-02, effective_ranks=(317, 48), class_paired=True
Epoch [92/100] | Loss: 5.7823 (Cls: 5.7484, TAL: -0.1154, Adv: 0.5973, OT-Reg: 0.001156) | OT inner objective: 0.0869 | Marginal residual row/col/max: 9.06e-07/1.42e-08/9.06e-07 | Train Acc: 0.2098 | Val Acc: 0.2250 | Val P/R/F1 (Macro): 0.1756/0.2177/0.1648 | LR: 0.000001
Epoch [93/100] | SVD update #93: pairs=465, sweeps=3, converged=False, rel_change=1.793e-02, effective_ranks=(316, 48), class_paired=True
Epoch [93/100] | Loss: 5.5663 (Cls: 5.5555, TAL: -0.2002, Adv: 0.4348, OT-Reg: 0.001171) | OT inner objective: 0.0931 | Marginal residual row/col/max: 1.91e-07/1.28e-08/1.93e-07 | Train Acc: 0.2545 | Val Acc: 0.2917 | Val P/R/F1 (Macro): 0.1644/0.2593/0.1849 | LR: 0.000001
Epoch [94/100] | SVD update #94: pairs=465, sweeps=3, converged=False, rel_change=2.645e-02, effective_ranks=(316, 46), class_paired=True
Epoch [94/100] | Loss: 5.8575 (Cls: 5.8272, TAL: -0.1904, Adv: 0.6633, OT-Reg: 0.001103) | OT inner objective: 0.0620 | Marginal residual row/col/max: 3.63e-05/1.30e-08/3.63e-05 | Train Acc: 0.1853 | Val Acc: 0.2167 | Val P/R/F1 (Macro): 0.1750/0.2186/0.1656 | LR: 0.000001
Epoch [95/100] | SVD update #95: pairs=465, sweeps=3, converged=False, rel_change=6.387e-02, effective_ranks=(316, 46), class_paired=True
Epoch [95/100] | Loss: 6.6126 (Cls: 6.5648, TAL: -0.0208, Adv: 0.6291, OT-Reg: 0.001173) | OT inner objective: 0.1280 | Marginal residual row/col/max: 2.41e-05/1.18e-08/2.41e-05 | Train Acc: 0.1228 | Val Acc: 0.1250 | Val P/R/F1 (Macro): 0.0912/0.1067/0.0708 | LR: 0.000001
Epoch [96/100] | SVD update #96: pairs=465, sweeps=3, converged=False, rel_change=2.580e-02, effective_ranks=(317, 42), class_paired=True
Epoch [96/100] | Loss: 6.4074 (Cls: 6.3709, TAL: 0.0202, Adv: 0.4263, OT-Reg: 0.001165) | OT inner objective: 0.0709 | Marginal residual row/col/max: 2.29e-06/1.05e-08/2.29e-06 | Train Acc: 0.1161 | Val Acc: 0.2083 | Val P/R/F1 (Macro): 0.1240/0.1337/0.1080 | LR: 0.000001
Epoch [97/100] | SVD update #97: pairs=465, sweeps=3, converged=False, rel_change=4.359e-02, effective_ranks=(317, 44), class_paired=True
Epoch [97/100] | Loss: 6.5163 (Cls: 6.4846, TAL: 0.0667, Adv: 0.2965, OT-Reg: 0.001122) | OT inner objective: 0.0330 | Marginal residual row/col/max: 9.73e-07/1.08e-08/9.73e-07 | Train Acc: 0.1272 | Val Acc: 0.1833 | Val P/R/F1 (Macro): 0.1075/0.1193/0.0974 | LR: 0.000001
Epoch [98/100] | SVD update #98: pairs=465, sweeps=3, converged=False, rel_change=5.403e-03, effective_ranks=(316, 47), class_paired=True
Epoch [98/100] | Loss: 6.4535 (Cls: 6.4240, TAL: 0.0540, Adv: 0.2885, OT-Reg: 0.001082) | OT inner objective: 0.0673 | Marginal residual row/col/max: 2.75e-06/1.08e-08/2.75e-06 | Train Acc: 0.1295 | Val Acc: 0.1583 | Val P/R/F1 (Macro): 0.1440/0.1238/0.1047 | LR: 0.000001
Epoch [99/100] | SVD update #99: pairs=465, sweeps=3, converged=False, rel_change=3.744e-02, effective_ranks=(317, 47), class_paired=True
Epoch [99/100] | Loss: 6.5075 (Cls: 6.4553, TAL: 0.0977, Adv: 0.5054, OT-Reg: 0.001185) | OT inner objective: 0.1303 | Marginal residual row/col/max: 8.48e-07/1.02e-08/8.48e-07 | Train Acc: 0.1406 | Val Acc: 0.1750 | Val P/R/F1 (Macro): 0.1982/0.1229/0.1205 | LR: 0.000001
Epoch [100/100] | SVD update #100: pairs=465, sweeps=3, converged=False, rel_change=8.171e-03, effective_ranks=(315, 48), class_paired=True
Epoch [100/100] | Loss: 6.7690 (Cls: 6.7104, TAL: 0.1111, Adv: 0.5654, OT-Reg: 0.001124) | OT inner objective: 0.0700 | Marginal residual row/col/max: 1.40e-05/1.26e-08/1.40e-05 | Train Acc: 0.1607 | Val Acc: 0.2083 | Val P/R/F1 (Macro): 0.1207/0.1319/0.1172 | LR: 0.000001
Report strategy: last_window, window=10, reported_acc=0.1950, best_acc=0.5167

迭代 2 报告指标:
  Accuracy: 0.1950
  Precision (Macro): 0.1585
  Recall (Macro): 0.1670
  F1 (Macro): 0.1313
  Precision (Micro): 0.1950
  Recall (Micro): 0.1950
  F1 (Micro): 0.1950
  Val class coverage: 8/14 (0.5714), samples=120

================================================================================
迭代 3/5
随机种子: 44
================================================================================
Training mode: full target-label supervision (class-paired batches).
Feature fusion: Tensor alignment (512+512 -> 64+64); fused_dim=128
Domain adaptation: Neural OT generator with 3-domain discriminator
Loss weights: tensor=0.12, adv=0.08
Transport: mode=sinkhorn, epsilon=0.1, Sinkhorn iterations=50, correction scale=0.1, correction regularization weight=0.001
Tensor projection update: once per epoch from the complete target-training pairing bank; projection_dim=64, max_sweeps=3, relative singular-value tolerance=0.0001
Epoch [1/100] | SVD update #1: pairs=465, sweeps=3, converged=True, rel_change=2.213e-05, effective_ranks=(317, 195), class_paired=True
Epoch [1/100] | Loss: 7.1168 (Cls: 7.1114, TAL: -0.1017, Adv: 0.2198, OT-Reg: 0.001046) | OT inner objective: 0.2877 | Marginal residual row/col/max: 1.13e-08/1.62e-08/1.70e-08 | Train Acc: 0.2812 | Val Acc: 0.1083 | Val P/R/F1 (Macro): 0.1127/0.2609/0.0695 | LR: 0.000005
  >>> New Best Val Acc: 0.1083
Epoch [2/100] | SVD update #2: pairs=465, sweeps=3, converged=False, rel_change=1.141e+00, effective_ranks=(316, 57), class_paired=True
Epoch [2/100] | Loss: 6.8459 (Cls: 6.8229, TAL: 0.0359, Adv: 0.2342, OT-Reg: 0.001034) | OT inner objective: 0.2814 | Marginal residual row/col/max: 1.06e-08/1.30e-08/1.36e-08 | Train Acc: 0.2076 | Val Acc: 0.1000 | Val P/R/F1 (Macro): 0.1802/0.2285/0.1211 | LR: 0.000005
Epoch [3/100] | SVD update #3: pairs=465, sweeps=3, converged=False, rel_change=4.482e-01, effective_ranks=(317, 80), class_paired=True
Epoch [3/100] | Loss: 6.6510 (Cls: 6.6293, TAL: 0.0604, Adv: 0.1808, OT-Reg: 0.001098) | OT inner objective: 0.2336 | Marginal residual row/col/max: 1.04e-08/1.12e-08/1.21e-08 | Train Acc: 0.2388 | Val Acc: 0.2333 | Val P/R/F1 (Macro): 0.2631/0.4246/0.1934 | LR: 0.000005
  >>> New Best Val Acc: 0.2333
Epoch [4/100] | SVD update #4: pairs=465, sweeps=3, converged=False, rel_change=5.015e-01, effective_ranks=(317, 55), class_paired=True
Epoch [4/100] | Loss: 6.5726 (Cls: 6.5531, TAL: 0.0237, Adv: 0.2082, OT-Reg: 0.001050) | OT inner objective: 0.2612 | Marginal residual row/col/max: 9.71e-09/1.21e-08/1.24e-08 | Train Acc: 0.3080 | Val Acc: 0.1583 | Val P/R/F1 (Macro): 0.2683/0.3514/0.1925 | LR: 0.000005
Epoch [5/100] | SVD update #5: pairs=465, sweeps=3, converged=False, rel_change=1.132e-01, effective_ranks=(316, 31), class_paired=True
Epoch [5/100] | Loss: 6.9605 (Cls: 6.9574, TAL: -0.0912, Adv: 0.1757, OT-Reg: 0.000990) | OT inner objective: 0.2735 | Marginal residual row/col/max: 1.08e-08/1.38e-08/1.45e-08 | Train Acc: 0.2344 | Val Acc: 0.0917 | Val P/R/F1 (Macro): 0.3399/0.2171/0.1479 | LR: 0.000005
Epoch [6/100] | SVD update #6: pairs=465, sweeps=3, converged=False, rel_change=1.124e-01, effective_ranks=(316, 44), class_paired=True
Epoch [6/100] | Loss: 6.4794 (Cls: 6.4731, TAL: -0.0649, Adv: 0.1770, OT-Reg: 0.001049) | OT inner objective: 0.2619 | Marginal residual row/col/max: 1.06e-08/1.12e-08/1.21e-08 | Train Acc: 0.3013 | Val Acc: 0.3667 | Val P/R/F1 (Macro): 0.4110/0.5676/0.4044 | LR: 0.000005
  >>> New Best Val Acc: 0.3667
Epoch [7/100] | SVD update #7: pairs=465, sweeps=3, converged=False, rel_change=6.659e-02, effective_ranks=(315, 48), class_paired=True
Epoch [7/100] | Loss: 5.6093 (Cls: 5.6121, TAL: -0.1486, Adv: 0.1883, OT-Reg: 0.001138) | OT inner objective: 0.1980 | Marginal residual row/col/max: 9.58e-09/1.38e-08/1.45e-08 | Train Acc: 0.4129 | Val Acc: 0.3500 | Val P/R/F1 (Macro): 0.4186/0.5973/0.3967 | LR: 0.000005
Epoch [8/100] | SVD update #8: pairs=465, sweeps=3, converged=False, rel_change=1.152e-02, effective_ranks=(317, 33), class_paired=True
Epoch [8/100] | Loss: 5.2486 (Cls: 5.2475, TAL: -0.1303, Adv: 0.2090, OT-Reg: 0.001131) | OT inner objective: 0.1668 | Marginal residual row/col/max: 1.47e-05/1.04e-08/1.47e-05 | Train Acc: 0.3951 | Val Acc: 0.3917 | Val P/R/F1 (Macro): 0.5252/0.6388/0.4639 | LR: 0.000005
  >>> New Best Val Acc: 0.3917
Epoch [9/100] | SVD update #9: pairs=465, sweeps=3, converged=False, rel_change=3.172e-02, effective_ranks=(317, 33), class_paired=True
Epoch [9/100] | Loss: 4.8993 (Cls: 4.9009, TAL: -0.1308, Adv: 0.1770, OT-Reg: 0.001159) | OT inner objective: 0.1073 | Marginal residual row/col/max: 3.25e-05/1.04e-08/3.25e-05 | Train Acc: 0.4754 | Val Acc: 0.2250 | Val P/R/F1 (Macro): 0.5497/0.5325/0.4287 | LR: 0.000005
Epoch [10/100] | SVD update #10: pairs=465, sweeps=3, converged=False, rel_change=5.270e-02, effective_ranks=(317, 28), class_paired=True
Epoch [10/100] | Loss: 4.6708 (Cls: 4.6841, TAL: -0.2908, Adv: 0.2696, OT-Reg: 0.001178) | OT inner objective: 0.1055 | Marginal residual row/col/max: 8.33e-08/1.08e-08/8.34e-08 | Train Acc: 0.4754 | Val Acc: 0.4083 | Val P/R/F1 (Macro): 0.5901/0.5854/0.4827 | LR: 0.000005
  >>> New Best Val Acc: 0.4083
Epoch [11/100] | SVD update #11: pairs=465, sweeps=3, converged=False, rel_change=1.315e-01, effective_ranks=(317, 29), class_paired=True
Epoch [11/100] | Loss: 5.5696 (Cls: 5.5665, TAL: -0.1045, Adv: 0.1950, OT-Reg: 0.001136) | OT inner objective: 0.1168 | Marginal residual row/col/max: 9.30e-08/1.16e-08/9.33e-08 | Train Acc: 0.3147 | Val Acc: 0.2417 | Val P/R/F1 (Macro): 0.4826/0.4218/0.3912 | LR: 0.000005
Epoch [12/100] | SVD update #12: pairs=465, sweeps=3, converged=False, rel_change=1.889e-01, effective_ranks=(317, 36), class_paired=True
Epoch [12/100] | Loss: 6.1513 (Cls: 6.1562, TAL: -0.1553, Adv: 0.1727, OT-Reg: 0.001171) | OT inner objective: 0.0744 | Marginal residual row/col/max: 3.24e-07/1.10e-08/3.25e-07 | Train Acc: 0.2299 | Val Acc: 0.1833 | Val P/R/F1 (Macro): 0.2807/0.3829/0.2690 | LR: 0.000005
Epoch [13/100] | SVD update #13: pairs=465, sweeps=3, converged=False, rel_change=1.001e-01, effective_ranks=(315, 29), class_paired=True
Epoch [13/100] | Loss: 6.5829 (Cls: 6.5834, TAL: -0.1353, Adv: 0.1968, OT-Reg: 0.001039) | OT inner objective: 0.1904 | Marginal residual row/col/max: 1.02e-08/1.61e-08/1.62e-08 | Train Acc: 0.2701 | Val Acc: 0.0417 | Val P/R/F1 (Macro): 0.0365/0.1583/0.0515 | LR: 0.000005
Epoch [14/100] | SVD update #14: pairs=465, sweeps=3, converged=False, rel_change=2.573e-01, effective_ranks=(315, 32), class_paired=True
Epoch [14/100] | Loss: 7.1232 (Cls: 7.0985, TAL: 0.1100, Adv: 0.1439, OT-Reg: 0.001080) | OT inner objective: 0.1825 | Marginal residual row/col/max: 1.09e-08/9.98e-09/1.17e-08 | Train Acc: 0.2076 | Val Acc: 0.1083 | Val P/R/F1 (Macro): 0.1099/0.1662/0.0969 | LR: 0.000005
Epoch [15/100] | SVD update #15: pairs=465, sweeps=3, converged=False, rel_change=3.552e-01, effective_ranks=(317, 22), class_paired=True
Epoch [15/100] | Loss: 6.4653 (Cls: 6.4609, TAL: -0.0562, Adv: 0.1386, OT-Reg: 0.001040) | OT inner objective: 0.1972 | Marginal residual row/col/max: 5.73e-05/2.41e-08/5.73e-05 | Train Acc: 0.3192 | Val Acc: 0.2167 | Val P/R/F1 (Macro): 0.2070/0.3679/0.1897 | LR: 0.000005
Epoch [16/100] | SVD update #16: pairs=465, sweeps=3, converged=False, rel_change=4.352e-02, effective_ranks=(315, 24), class_paired=True
Epoch [16/100] | Loss: 5.2919 (Cls: 5.3052, TAL: -0.1997, Adv: 0.1334, OT-Reg: 0.001126) | OT inner objective: 0.1463 | Marginal residual row/col/max: 1.40e-08/1.20e-08/1.53e-08 | Train Acc: 0.4710 | Val Acc: 0.1417 | Val P/R/F1 (Macro): 0.2630/0.3412/0.2433 | LR: 0.000005
Epoch [17/100] | SVD update #17: pairs=465, sweeps=3, converged=False, rel_change=1.660e-01, effective_ranks=(317, 26), class_paired=True
Epoch [17/100] | Loss: 5.0399 (Cls: 5.0569, TAL: -0.2327, Adv: 0.1357, OT-Reg: 0.001223) | OT inner objective: 0.0535 | Marginal residual row/col/max: 1.69e-06/1.14e-08/1.69e-06 | Train Acc: 0.4509 | Val Acc: 0.1583 | Val P/R/F1 (Macro): 0.3992/0.4460/0.2629 | LR: 0.000005
Epoch [18/100] | SVD update #18: pairs=465, sweeps=3, converged=False, rel_change=8.750e-03, effective_ranks=(317, 27), class_paired=True
Epoch [18/100] | Loss: 4.7024 (Cls: 4.7191, TAL: -0.2589, Adv: 0.1798, OT-Reg: 0.001197) | OT inner objective: 0.0015 | Marginal residual row/col/max: 1.09e-05/1.09e-08/1.09e-05 | Train Acc: 0.5692 | Val Acc: 0.2167 | Val P/R/F1 (Macro): 0.4176/0.4258/0.3239 | LR: 0.000005
Epoch [19/100] | SVD update #19: pairs=465, sweeps=3, converged=False, rel_change=5.575e-02, effective_ranks=(317, 22), class_paired=True
Epoch [19/100] | Loss: 4.3752 (Cls: 4.3918, TAL: -0.2211, Adv: 0.1248, OT-Reg: 0.001153) | OT inner objective: 0.0281 | Marginal residual row/col/max: 4.35e-06/1.30e-08/4.35e-06 | Train Acc: 0.5871 | Val Acc: 0.3917 | Val P/R/F1 (Macro): 0.5552/0.5900/0.4511 | LR: 0.000005
Epoch [20/100] | SVD update #20: pairs=465, sweeps=3, converged=False, rel_change=5.093e-03, effective_ranks=(317, 20), class_paired=True
Epoch [20/100] | Loss: 4.2748 (Cls: 4.2865, TAL: -0.1841, Adv: 0.1295, OT-Reg: 0.001149) | OT inner objective: 0.0530 | Marginal residual row/col/max: 2.06e-06/1.24e-08/2.06e-06 | Train Acc: 0.6027 | Val Acc: 0.5250 | Val P/R/F1 (Macro): 0.6636/0.5462/0.4911 | LR: 0.000005
  >>> New Best Val Acc: 0.5250
Epoch [21/100] | SVD update #21: pairs=465, sweeps=3, converged=False, rel_change=1.226e-02, effective_ranks=(316, 21), class_paired=True
Epoch [21/100] | Loss: 4.0065 (Cls: 4.0205, TAL: -0.1849, Adv: 0.1020, OT-Reg: 0.001119) | OT inner objective: 0.0160 | Marginal residual row/col/max: 7.22e-05/1.14e-08/7.22e-05 | Train Acc: 0.6161 | Val Acc: 0.1750 | Val P/R/F1 (Macro): 0.5020/0.3694/0.2740 | LR: 0.000005
Epoch [22/100] | SVD update #22: pairs=465, sweeps=3, converged=False, rel_change=1.066e-02, effective_ranks=(317, 24), class_paired=True
Epoch [22/100] | Loss: 3.9984 (Cls: 4.0159, TAL: -0.2199, Adv: 0.1106, OT-Reg: 0.001141) | OT inner objective: 0.0499 | Marginal residual row/col/max: 1.29e-07/1.62e-08/1.30e-07 | Train Acc: 0.6496 | Val Acc: 0.4917 | Val P/R/F1 (Macro): 0.6708/0.5729/0.4736 | LR: 0.000005
Epoch [23/100] | SVD update #23: pairs=465, sweeps=3, converged=False, rel_change=7.694e-03, effective_ranks=(313, 21), class_paired=True
Epoch [23/100] | Loss: 4.3749 (Cls: 4.4030, TAL: -0.2987, Adv: 0.0962, OT-Reg: 0.001071) | OT inner objective: 0.0633 | Marginal residual row/col/max: 8.05e-06/1.14e-08/8.05e-06 | Train Acc: 0.5179 | Val Acc: 0.2083 | Val P/R/F1 (Macro): 0.4214/0.5100/0.3283 | LR: 0.000005
Epoch [24/100] | SVD update #24: pairs=465, sweeps=3, converged=False, rel_change=5.467e-03, effective_ranks=(315, 22), class_paired=True
Epoch [24/100] | Loss: 3.9780 (Cls: 3.9988, TAL: -0.2411, Adv: 0.1018, OT-Reg: 0.001061) | OT inner objective: 0.1020 | Marginal residual row/col/max: 4.85e-06/1.34e-08/4.85e-06 | Train Acc: 0.5960 | Val Acc: 0.1750 | Val P/R/F1 (Macro): 0.2913/0.3478/0.1949 | LR: 0.000005
Epoch [25/100] | SVD update #25: pairs=465, sweeps=3, converged=False, rel_change=2.149e-02, effective_ranks=(315, 25), class_paired=True
Epoch [25/100] | Loss: 4.2316 (Cls: 4.2491, TAL: -0.2228, Adv: 0.1153, OT-Reg: 0.001180) | OT inner objective: 0.0445 | Marginal residual row/col/max: 1.13e-05/1.16e-08/1.13e-05 | Train Acc: 0.6161 | Val Acc: 0.3500 | Val P/R/F1 (Macro): 0.4176/0.3976/0.3278 | LR: 0.000005
Epoch [26/100] | SVD update #26: pairs=465, sweeps=3, converged=False, rel_change=3.258e-02, effective_ranks=(317, 27), class_paired=True
Epoch [26/100] | Loss: 4.9675 (Cls: 4.9925, TAL: -0.2760, Adv: 0.1016, OT-Reg: 0.001155) | OT inner objective: -0.0181 | Marginal residual row/col/max: 5.44e-05/1.40e-08/5.44e-05 | Train Acc: 0.4464 | Val Acc: 0.2750 | Val P/R/F1 (Macro): 0.3747/0.4144/0.2611 | LR: 0.000005
Epoch [27/100] | SVD update #27: pairs=465, sweeps=3, converged=False, rel_change=6.450e-02, effective_ranks=(317, 30), class_paired=True
Epoch [27/100] | Loss: 5.9638 (Cls: 5.9726, TAL: -0.1272, Adv: 0.0808, OT-Reg: 0.001075) | OT inner objective: 0.0914 | Marginal residual row/col/max: 2.32e-05/1.09e-08/2.32e-05 | Train Acc: 0.3996 | Val Acc: 0.1917 | Val P/R/F1 (Macro): 0.2024/0.2196/0.1612 | LR: 0.000005
Epoch [28/100] | SVD update #28: pairs=465, sweeps=3, converged=False, rel_change=7.716e-02, effective_ranks=(317, 29), class_paired=True
Epoch [28/100] | Loss: 5.1244 (Cls: 5.1389, TAL: -0.1720, Adv: 0.0772, OT-Reg: 0.001067) | OT inner objective: 0.0842 | Marginal residual row/col/max: 3.75e-05/1.29e-08/3.75e-05 | Train Acc: 0.3772 | Val Acc: 0.1833 | Val P/R/F1 (Macro): 0.6149/0.4195/0.3170 | LR: 0.000005
Epoch [29/100] | SVD update #29: pairs=465, sweeps=3, converged=False, rel_change=2.736e-02, effective_ranks=(312, 30), class_paired=True
Epoch [29/100] | Loss: 5.5044 (Cls: 5.5175, TAL: -0.1806, Adv: 0.1075, OT-Reg: 0.001110) | OT inner objective: 0.0825 | Marginal residual row/col/max: 8.25e-05/1.20e-08/8.25e-05 | Train Acc: 0.3281 | Val Acc: 0.1417 | Val P/R/F1 (Macro): 0.1734/0.2889/0.1419 | LR: 0.000005
Epoch [30/100] | SVD update #30: pairs=465, sweeps=3, converged=False, rel_change=7.432e-02, effective_ranks=(317, 26), class_paired=True
Epoch [30/100] | Loss: 6.2372 (Cls: 6.2448, TAL: -0.1482, Adv: 0.1268, OT-Reg: 0.001004) | OT inner objective: 0.1142 | Marginal residual row/col/max: 5.05e-06/1.66e-08/5.06e-06 | Train Acc: 0.2612 | Val Acc: 0.2667 | Val P/R/F1 (Macro): 0.1677/0.3053/0.2034 | LR: 0.000005
Epoch [31/100] | SVD update #31: pairs=465, sweeps=3, converged=False, rel_change=6.300e-02, effective_ranks=(314, 26), class_paired=True
Epoch [31/100] | Loss: 6.1684 (Cls: 6.1602, TAL: -0.0175, Adv: 0.1296, OT-Reg: 0.000915) | OT inner objective: 0.2075 | Marginal residual row/col/max: 2.61e-06/2.00e-08/2.61e-06 | Train Acc: 0.2902 | Val Acc: 0.1500 | Val P/R/F1 (Macro): 0.2965/0.3829/0.1892 | LR: 0.000003
Epoch [32/100] | SVD update #32: pairs=465, sweeps=3, converged=False, rel_change=7.235e-02, effective_ranks=(317, 28), class_paired=True
Epoch [32/100] | Loss: 5.7677 (Cls: 5.7738, TAL: -0.1329, Adv: 0.1236, OT-Reg: 0.000898) | OT inner objective: 0.1503 | Marginal residual row/col/max: 5.76e-06/2.17e-08/5.76e-06 | Train Acc: 0.3728 | Val Acc: 0.3667 | Val P/R/F1 (Macro): 0.3297/0.4577/0.3458 | LR: 0.000003
Epoch [33/100] | SVD update #33: pairs=465, sweeps=3, converged=False, rel_change=1.551e-01, effective_ranks=(316, 30), class_paired=True
Epoch [33/100] | Loss: 5.6933 (Cls: 5.7082, TAL: -0.2217, Adv: 0.1461, OT-Reg: 0.000900) | OT inner objective: 0.1040 | Marginal residual row/col/max: 5.68e-05/1.38e-08/5.68e-05 | Train Acc: 0.3415 | Val Acc: 0.1917 | Val P/R/F1 (Macro): 0.2543/0.3567/0.2380 | LR: 0.000003
Epoch [34/100] | SVD update #34: pairs=465, sweeps=3, converged=False, rel_change=9.301e-02, effective_ranks=(316, 28), class_paired=True
Epoch [34/100] | Loss: 5.4769 (Cls: 5.4911, TAL: -0.2128, Adv: 0.1414, OT-Reg: 0.000941) | OT inner objective: 0.1518 | Marginal residual row/col/max: 2.27e-07/1.40e-08/2.30e-07 | Train Acc: 0.3058 | Val Acc: 0.1083 | Val P/R/F1 (Macro): 0.2355/0.3659/0.2199 | LR: 0.000003
Epoch [35/100] | SVD update #35: pairs=465, sweeps=3, converged=False, rel_change=5.269e-02, effective_ranks=(317, 34), class_paired=True
Epoch [35/100] | Loss: 5.9148 (Cls: 5.9178, TAL: -0.1409, Adv: 0.1741, OT-Reg: 0.000971) | OT inner objective: 0.1862 | Marginal residual row/col/max: 1.83e-05/1.45e-08/1.83e-05 | Train Acc: 0.2835 | Val Acc: 0.1417 | Val P/R/F1 (Macro): 0.1757/0.3934/0.1724 | LR: 0.000003
Epoch [36/100] | SVD update #36: pairs=465, sweeps=3, converged=False, rel_change=6.846e-02, effective_ranks=(316, 27), class_paired=True
Epoch [36/100] | Loss: 5.0639 (Cls: 5.0780, TAL: -0.2497, Adv: 0.1984, OT-Reg: 0.001018) | OT inner objective: 0.0404 | Marginal residual row/col/max: 8.91e-05/1.06e-08/8.91e-05 | Train Acc: 0.5089 | Val Acc: 0.1417 | Val P/R/F1 (Macro): 0.3558/0.4602/0.3093 | LR: 0.000003
Epoch [37/100] | SVD update #37: pairs=465, sweeps=3, converged=False, rel_change=2.171e-02, effective_ranks=(316, 27), class_paired=True
Epoch [37/100] | Loss: 5.3954 (Cls: 5.3978, TAL: -0.1428, Adv: 0.1843, OT-Reg: 0.001076) | OT inner objective: 0.0317 | Marginal residual row/col/max: 1.07e-04/1.04e-08/1.07e-04 | Train Acc: 0.2344 | Val Acc: 0.0917 | Val P/R/F1 (Macro): 0.2569/0.1864/0.1207 | LR: 0.000003
Epoch [38/100] | SVD update #38: pairs=465, sweeps=3, converged=False, rel_change=1.250e-02, effective_ranks=(317, 23), class_paired=True
Epoch [38/100] | Loss: 6.1192 (Cls: 6.1218, TAL: -0.1147, Adv: 0.1398, OT-Reg: 0.001130) | OT inner objective: 0.0713 | Marginal residual row/col/max: 4.15e-07/1.21e-08/4.16e-07 | Train Acc: 0.2746 | Val Acc: 0.5000 | Val P/R/F1 (Macro): 0.3758/0.3414/0.3235 | LR: 0.000003
Epoch [39/100] | SVD update #39: pairs=465, sweeps=3, converged=False, rel_change=5.584e-02, effective_ranks=(316, 22), class_paired=True
Epoch [39/100] | Loss: 5.2159 (Cls: 5.2259, TAL: -0.2155, Adv: 0.1976, OT-Reg: 0.001067) | OT inner objective: -0.0070 | Marginal residual row/col/max: 6.97e-05/1.02e-08/6.97e-05 | Train Acc: 0.4754 | Val Acc: 0.5000 | Val P/R/F1 (Macro): 0.4775/0.6056/0.5072 | LR: 0.000003
Epoch [40/100] | SVD update #40: pairs=465, sweeps=3, converged=False, rel_change=1.376e-02, effective_ranks=(316, 25), class_paired=True
Epoch [40/100] | Loss: 4.7720 (Cls: 4.7890, TAL: -0.2533, Adv: 0.1670, OT-Reg: 0.001114) | OT inner objective: -0.0053 | Marginal residual row/col/max: 7.19e-05/1.10e-08/7.19e-05 | Train Acc: 0.4732 | Val Acc: 0.5250 | Val P/R/F1 (Macro): 0.4539/0.5423/0.4856 | LR: 0.000003
Epoch [41/100] | SVD update #41: pairs=465, sweeps=3, converged=False, rel_change=4.395e-02, effective_ranks=(316, 29), class_paired=True
Epoch [41/100] | Loss: 5.0617 (Cls: 5.0713, TAL: -0.2699, Adv: 0.2848, OT-Reg: 0.001075) | OT inner objective: 0.0524 | Marginal residual row/col/max: 4.99e-06/9.71e-09/4.99e-06 | Train Acc: 0.4263 | Val Acc: 0.1667 | Val P/R/F1 (Macro): 0.4063/0.4383/0.2685 | LR: 0.000003
Epoch [42/100] | SVD update #42: pairs=465, sweeps=3, converged=False, rel_change=1.153e-01, effective_ranks=(316, 31), class_paired=True
Epoch [42/100] | Loss: 5.4257 (Cls: 5.4280, TAL: -0.1636, Adv: 0.2161, OT-Reg: 0.001098) | OT inner objective: 0.0802 | Marginal residual row/col/max: 1.33e-05/1.14e-08/1.33e-05 | Train Acc: 0.3147 | Val Acc: 0.1000 | Val P/R/F1 (Macro): 0.4062/0.2385/0.2380 | LR: 0.000001
Epoch [43/100] | SVD update #43: pairs=465, sweeps=3, converged=False, rel_change=1.759e-02, effective_ranks=(315, 32), class_paired=True
Epoch [43/100] | Loss: 5.1882 (Cls: 5.1982, TAL: -0.2114, Adv: 0.1925, OT-Reg: 0.001157) | OT inner objective: -0.0042 | Marginal residual row/col/max: 1.53e-06/1.34e-08/1.53e-06 | Train Acc: 0.3884 | Val Acc: 0.2417 | Val P/R/F1 (Macro): 0.2692/0.2729/0.2612 | LR: 0.000001
Epoch [44/100] | SVD update #44: pairs=465, sweeps=3, converged=False, rel_change=4.313e-02, effective_ranks=(317, 32), class_paired=True
Epoch [44/100] | Loss: 6.1346 (Cls: 6.1027, TAL: -0.0244, Adv: 0.4359, OT-Reg: 0.001017) | OT inner objective: 0.1013 | Marginal residual row/col/max: 1.93e-06/1.14e-08/1.93e-06 | Train Acc: 0.2991 | Val Acc: 0.1583 | Val P/R/F1 (Macro): 0.2106/0.1867/0.1551 | LR: 0.000001
Epoch [45/100] | SVD update #45: pairs=465, sweeps=3, converged=False, rel_change=2.350e-02, effective_ranks=(312, 31), class_paired=True
Epoch [45/100] | Loss: 5.6218 (Cls: 5.6202, TAL: -0.0987, Adv: 0.1691, OT-Reg: 0.001065) | OT inner objective: 0.1099 | Marginal residual row/col/max: 1.34e-05/1.21e-08/1.34e-05 | Train Acc: 0.2969 | Val Acc: 0.1417 | Val P/R/F1 (Macro): 0.0844/0.1482/0.0806 | LR: 0.000001
Epoch [46/100] | SVD update #46: pairs=465, sweeps=3, converged=False, rel_change=9.686e-01, effective_ranks=(317, 39), class_paired=True
Epoch [46/100] | Loss: 7.0058 (Cls: 6.9783, TAL: 0.1014, Adv: 0.1915, OT-Reg: 0.000865) | OT inner objective: 0.1728 | Marginal residual row/col/max: 2.26e-05/1.26e-08/2.26e-05 | Train Acc: 0.0625 | Val Acc: 0.1500 | Val P/R/F1 (Macro): 0.0747/0.1954/0.0871 | LR: 0.000001
Epoch [47/100] | SVD update #47: pairs=465, sweeps=3, converged=False, rel_change=3.923e-02, effective_ranks=(317, 31), class_paired=True
Epoch [47/100] | Loss: 6.3607 (Cls: 6.3245, TAL: 0.1296, Adv: 0.2578, OT-Reg: 0.000997) | OT inner objective: 0.1886 | Marginal residual row/col/max: 1.02e-08/1.17e-08/1.24e-08 | Train Acc: 0.1272 | Val Acc: 0.1667 | Val P/R/F1 (Macro): 0.2778/0.4123/0.2075 | LR: 0.000001
Epoch [48/100] | SVD update #48: pairs=465, sweeps=3, converged=False, rel_change=3.407e-02, effective_ranks=(317, 28), class_paired=True
Epoch [48/100] | Loss: 5.2001 (Cls: 5.1959, TAL: -0.1665, Adv: 0.3021, OT-Reg: 0.001105) | OT inner objective: -0.0206 | Marginal residual row/col/max: 2.76e-05/1.17e-08/2.76e-05 | Train Acc: 0.3728 | Val Acc: 0.0917 | Val P/R/F1 (Macro): 0.2843/0.2589/0.2016 | LR: 0.000001
Epoch [49/100] | SVD update #49: pairs=465, sweeps=3, converged=False, rel_change=2.541e-02, effective_ranks=(317, 28), class_paired=True
Epoch [49/100] | Loss: 5.0374 (Cls: 5.0241, TAL: -0.1150, Adv: 0.3384, OT-Reg: 0.001117) | OT inner objective: 0.0279 | Marginal residual row/col/max: 3.93e-05/1.06e-08/3.93e-05 | Train Acc: 0.4219 | Val Acc: 0.1333 | Val P/R/F1 (Macro): 0.3302/0.3558/0.1865 | LR: 0.000001
Epoch [50/100] | SVD update #50: pairs=465, sweeps=3, converged=False, rel_change=9.215e-03, effective_ranks=(316, 30), class_paired=True
Epoch [50/100] | Loss: 5.8112 (Cls: 5.8213, TAL: -0.2259, Adv: 0.2116, OT-Reg: 0.001082) | OT inner objective: 0.0237 | Marginal residual row/col/max: 1.81e-05/1.10e-08/1.81e-05 | Train Acc: 0.3527 | Val Acc: 0.2417 | Val P/R/F1 (Macro): 0.2840/0.3522/0.2252 | LR: 0.000001
Epoch [51/100] | SVD update #51: pairs=465, sweeps=3, converged=False, rel_change=3.081e-02, effective_ranks=(317, 27), class_paired=True
Epoch [51/100] | Loss: 6.0595 (Cls: 6.0701, TAL: -0.2395, Adv: 0.2272, OT-Reg: 0.001136) | OT inner objective: 0.0476 | Marginal residual row/col/max: 1.67e-06/1.12e-08/1.68e-06 | Train Acc: 0.2567 | Val Acc: 0.3250 | Val P/R/F1 (Macro): 0.2274/0.2657/0.2161 | LR: 0.000001
Epoch [52/100] | SVD update #52: pairs=465, sweeps=3, converged=False, rel_change=6.115e-02, effective_ranks=(317, 28), class_paired=True
Epoch [52/100] | Loss: 5.4081 (Cls: 5.3893, TAL: -0.2069, Adv: 0.5458, OT-Reg: 0.001132) | OT inner objective: 0.0627 | Marginal residual row/col/max: 2.23e-05/1.09e-08/2.23e-05 | Train Acc: 0.3549 | Val Acc: 0.2417 | Val P/R/F1 (Macro): 0.3017/0.2795/0.2363 | LR: 0.000001
Epoch [53/100] | SVD update #53: pairs=465, sweeps=3, converged=False, rel_change=2.049e-02, effective_ranks=(315, 29), class_paired=True
Epoch [53/100] | Loss: 5.4703 (Cls: 5.4732, TAL: -0.2134, Adv: 0.2846, OT-Reg: 0.001149) | OT inner objective: 0.0033 | Marginal residual row/col/max: 4.69e-05/1.16e-08/4.69e-05 | Train Acc: 0.2679 | Val Acc: 0.1833 | Val P/R/F1 (Macro): 0.1984/0.4011/0.1807 | LR: 0.000001
Epoch [54/100] | SVD update #54: pairs=465, sweeps=3, converged=False, rel_change=2.147e-02, effective_ranks=(315, 26), class_paired=True
Epoch [54/100] | Loss: 5.3633 (Cls: 5.3513, TAL: -0.1559, Adv: 0.3838, OT-Reg: 0.001158) | OT inner objective: 0.0430 | Marginal residual row/col/max: 8.34e-07/1.12e-08/8.34e-07 | Train Acc: 0.3973 | Val Acc: 0.1250 | Val P/R/F1 (Macro): 0.1790/0.2570/0.1725 | LR: 0.000001
Epoch [55/100] | SVD update #55: pairs=465, sweeps=3, converged=False, rel_change=9.426e-03, effective_ranks=(313, 28), class_paired=True
Epoch [55/100] | Loss: 5.2055 (Cls: 5.2057, TAL: -0.1729, Adv: 0.2568, OT-Reg: 0.001119) | OT inner objective: -0.0130 | Marginal residual row/col/max: 3.26e-06/1.02e-08/3.26e-06 | Train Acc: 0.4040 | Val Acc: 0.1750 | Val P/R/F1 (Macro): 0.2760/0.3139/0.2536 | LR: 0.000001
Epoch [56/100] | SVD update #56: pairs=465, sweeps=3, converged=False, rel_change=1.221e-02, effective_ranks=(315, 27), class_paired=True
Epoch [56/100] | Loss: 4.8470 (Cls: 4.8468, TAL: -0.2136, Adv: 0.3229, OT-Reg: 0.001228) | OT inner objective: -0.0281 | Marginal residual row/col/max: 1.61e-05/1.04e-08/1.61e-05 | Train Acc: 0.4978 | Val Acc: 0.1167 | Val P/R/F1 (Macro): 0.4180/0.3345/0.1972 | LR: 0.000001
Epoch [57/100] | SVD update #57: pairs=465, sweeps=3, converged=False, rel_change=9.726e-04, effective_ranks=(315, 28), class_paired=True
Epoch [57/100] | Loss: 4.8278 (Cls: 4.8241, TAL: -0.2192, Adv: 0.3754, OT-Reg: 0.001134) | OT inner objective: 0.0196 | Marginal residual row/col/max: 1.16e-05/1.21e-08/1.16e-05 | Train Acc: 0.4665 | Val Acc: 0.1833 | Val P/R/F1 (Macro): 0.5044/0.4023/0.3227 | LR: 0.000001
Epoch [58/100] | SVD update #58: pairs=465, sweeps=3, converged=False, rel_change=8.682e-03, effective_ranks=(317, 27), class_paired=True
Epoch [58/100] | Loss: 4.5821 (Cls: 4.5700, TAL: -0.2717, Adv: 0.5586, OT-Reg: 0.001131) | OT inner objective: 0.0399 | Marginal residual row/col/max: 1.57e-05/1.04e-08/1.57e-05 | Train Acc: 0.5112 | Val Acc: 0.1250 | Val P/R/F1 (Macro): 0.3054/0.3679/0.2028 | LR: 0.000001
Epoch [59/100] | SVD update #59: pairs=465, sweeps=3, converged=False, rel_change=1.168e-02, effective_ranks=(316, 27), class_paired=True
Epoch [59/100] | Loss: 4.6939 (Cls: 4.6994, TAL: -0.2627, Adv: 0.3246, OT-Reg: 0.001103) | OT inner objective: 0.0254 | Marginal residual row/col/max: 9.04e-07/1.13e-08/9.04e-07 | Train Acc: 0.5022 | Val Acc: 0.0917 | Val P/R/F1 (Macro): 0.3308/0.2919/0.2188 | LR: 0.000001
Epoch [60/100] | SVD update #60: pairs=465, sweeps=3, converged=False, rel_change=5.455e-03, effective_ranks=(315, 28), class_paired=True
Epoch [60/100] | Loss: 4.6377 (Cls: 4.6393, TAL: -0.2431, Adv: 0.3456, OT-Reg: 0.001094) | OT inner objective: -0.0050 | Marginal residual row/col/max: 5.78e-06/1.14e-08/5.78e-06 | Train Acc: 0.4732 | Val Acc: 0.0917 | Val P/R/F1 (Macro): 0.2810/0.2919/0.1590 | LR: 0.000001
Epoch [61/100] | SVD update #61: pairs=465, sweeps=3, converged=False, rel_change=7.640e-03, effective_ranks=(315, 34), class_paired=True
Epoch [61/100] | Loss: 4.6150 (Cls: 4.6112, TAL: -0.2033, Adv: 0.3522, OT-Reg: 0.001128) | OT inner objective: 0.0949 | Marginal residual row/col/max: 1.11e-06/1.29e-08/1.11e-06 | Train Acc: 0.4196 | Val Acc: 0.1000 | Val P/R/F1 (Macro): 0.1743/0.2405/0.1290 | LR: 0.000001
Epoch [62/100] | SVD update #62: pairs=465, sweeps=3, converged=False, rel_change=4.064e-02, effective_ranks=(317, 35), class_paired=True
Epoch [62/100] | Loss: 4.4624 (Cls: 4.4681, TAL: -0.2601, Adv: 0.3186, OT-Reg: 0.001108) | OT inner objective: 0.0459 | Marginal residual row/col/max: 2.33e-06/1.01e-08/2.33e-06 | Train Acc: 0.4844 | Val Acc: 0.0750 | Val P/R/F1 (Macro): 0.3293/0.1960/0.1460 | LR: 0.000001
Epoch [63/100] | SVD update #63: pairs=465, sweeps=3, converged=False, rel_change=1.889e-02, effective_ranks=(317, 35), class_paired=True
Epoch [63/100] | Loss: 4.4093 (Cls: 4.3996, TAL: -0.2603, Adv: 0.5109, OT-Reg: 0.001122) | OT inner objective: 0.0458 | Marginal residual row/col/max: 5.84e-06/1.06e-08/5.84e-06 | Train Acc: 0.5156 | Val Acc: 0.1250 | Val P/R/F1 (Macro): 0.3104/0.3184/0.2191 | LR: 0.000001
Epoch [64/100] | SVD update #64: pairs=465, sweeps=3, converged=False, rel_change=1.575e-02, effective_ranks=(315, 32), class_paired=True
Epoch [64/100] | Loss: 4.9868 (Cls: 4.9875, TAL: -0.2114, Adv: 0.3071, OT-Reg: 0.001118) | OT inner objective: 0.0591 | Marginal residual row/col/max: 2.55e-05/1.12e-08/2.55e-05 | Train Acc: 0.3527 | Val Acc: 0.2333 | Val P/R/F1 (Macro): 0.3304/0.3051/0.2157 | LR: 0.000001
Epoch [65/100] | SVD update #65: pairs=465, sweeps=3, converged=False, rel_change=5.930e-02, effective_ranks=(312, 31), class_paired=True
Epoch [65/100] | Loss: 5.1613 (Cls: 5.1252, TAL: -0.0451, Adv: 0.5187, OT-Reg: 0.000976) | OT inner objective: 0.1755 | Marginal residual row/col/max: 3.85e-07/1.02e-08/3.86e-07 | Train Acc: 0.3281 | Val Acc: 0.0667 | Val P/R/F1 (Macro): 0.1758/0.1827/0.0745 | LR: 0.000001
Epoch [66/100] | SVD update #66: pairs=465, sweeps=3, converged=False, rel_change=4.730e-02, effective_ranks=(315, 31), class_paired=True
Epoch [66/100] | Loss: 4.7889 (Cls: 4.7715, TAL: -0.1133, Adv: 0.3872, OT-Reg: 0.001032) | OT inner objective: 0.0952 | Marginal residual row/col/max: 3.43e-08/1.08e-08/3.59e-08 | Train Acc: 0.4375 | Val Acc: 0.1250 | Val P/R/F1 (Macro): 0.2770/0.3804/0.1828 | LR: 0.000001
Epoch [67/100] | SVD update #67: pairs=465, sweeps=3, converged=False, rel_change=4.385e-02, effective_ranks=(317, 34), class_paired=True
Epoch [67/100] | Loss: 4.9738 (Cls: 4.9658, TAL: -0.2450, Adv: 0.4674, OT-Reg: 0.001098) | OT inner objective: 0.0186 | Marginal residual row/col/max: 2.08e-05/1.06e-08/2.08e-05 | Train Acc: 0.3393 | Val Acc: 0.1000 | Val P/R/F1 (Macro): 0.1139/0.1793/0.0789 | LR: 0.000001
Epoch [68/100] | SVD update #68: pairs=465, sweeps=3, converged=False, rel_change=3.024e-02, effective_ranks=(313, 34), class_paired=True
Epoch [68/100] | Loss: 5.4096 (Cls: 5.3994, TAL: -0.1767, Adv: 0.3931, OT-Reg: 0.001135) | OT inner objective: 0.0446 | Marginal residual row/col/max: 8.54e-07/1.01e-08/8.54e-07 | Train Acc: 0.4688 | Val Acc: 0.0667 | Val P/R/F1 (Macro): 0.2604/0.1986/0.1087 | LR: 0.000001
Epoch [69/100] | SVD update #69: pairs=465, sweeps=3, converged=False, rel_change=1.741e-02, effective_ranks=(317, 37), class_paired=True
Epoch [69/100] | Loss: 5.3135 (Cls: 5.2965, TAL: -0.2146, Adv: 0.5340, OT-Reg: 0.001117) | OT inner objective: 0.0651 | Marginal residual row/col/max: 2.18e-06/9.85e-09/2.18e-06 | Train Acc: 0.3772 | Val Acc: 0.1167 | Val P/R/F1 (Macro): 0.3069/0.2803/0.1849 | LR: 0.000001
Epoch [70/100] | SVD update #70: pairs=465, sweeps=3, converged=False, rel_change=7.757e-03, effective_ranks=(314, 32), class_paired=True
Epoch [70/100] | Loss: 5.1553 (Cls: 5.1382, TAL: -0.2367, Adv: 0.5688, OT-Reg: 0.001085) | OT inner objective: 0.0623 | Marginal residual row/col/max: 3.23e-06/1.01e-08/3.23e-06 | Train Acc: 0.4107 | Val Acc: 0.0917 | Val P/R/F1 (Macro): 0.2286/0.2742/0.1743 | LR: 0.000001
Epoch [71/100] | SVD update #71: pairs=465, sweeps=3, converged=False, rel_change=6.712e-03, effective_ranks=(315, 33), class_paired=True
Epoch [71/100] | Loss: 4.9195 (Cls: 4.9019, TAL: -0.1649, Adv: 0.4670, OT-Reg: 0.001002) | OT inner objective: 0.0980 | Marginal residual row/col/max: 4.99e-07/1.05e-08/4.99e-07 | Train Acc: 0.4978 | Val Acc: 0.2250 | Val P/R/F1 (Macro): 0.3726/0.3808/0.3000 | LR: 0.000001
Epoch [72/100] | SVD update #72: pairs=465, sweeps=3, converged=False, rel_change=2.019e-02, effective_ranks=(315, 30), class_paired=True
Epoch [72/100] | Loss: 4.8959 (Cls: 4.8882, TAL: -0.2528, Adv: 0.4753, OT-Reg: 0.001133) | OT inner objective: 0.0066 | Marginal residual row/col/max: 2.47e-06/1.14e-08/2.47e-06 | Train Acc: 0.4375 | Val Acc: 0.0833 | Val P/R/F1 (Macro): 0.1961/0.2646/0.1591 | LR: 0.000001
Epoch [73/100] | SVD update #73: pairs=465, sweeps=3, converged=False, rel_change=2.236e-03, effective_ranks=(314, 31), class_paired=True
Epoch [73/100] | Loss: 4.8167 (Cls: 4.8153, TAL: -0.2830, Adv: 0.4418, OT-Reg: 0.001178) | OT inner objective: -0.0432 | Marginal residual row/col/max: 6.76e-06/1.05e-08/6.76e-06 | Train Acc: 0.5268 | Val Acc: 0.1250 | Val P/R/F1 (Macro): 0.3349/0.3342/0.2205 | LR: 0.000001
Epoch [74/100] | SVD update #74: pairs=465, sweeps=3, converged=False, rel_change=1.504e-02, effective_ranks=(316, 27), class_paired=True
Epoch [74/100] | Loss: 4.9463 (Cls: 4.9379, TAL: -0.2433, Adv: 0.4697, OT-Reg: 0.001164) | OT inner objective: 0.0159 | Marginal residual row/col/max: 6.24e-06/1.40e-08/6.24e-06 | Train Acc: 0.4286 | Val Acc: 0.0833 | Val P/R/F1 (Macro): 0.2244/0.2307/0.1460 | LR: 0.000001
Epoch [75/100] | SVD update #75: pairs=465, sweeps=3, converged=False, rel_change=1.590e-02, effective_ranks=(315, 30), class_paired=True
Epoch [75/100] | Loss: 4.5109 (Cls: 4.5096, TAL: -0.2987, Adv: 0.4642, OT-Reg: 0.001152) | OT inner objective: 0.0050 | Marginal residual row/col/max: 3.29e-06/1.01e-08/3.29e-06 | Train Acc: 0.5112 | Val Acc: 0.1000 | Val P/R/F1 (Macro): 0.3169/0.2790/0.1806 | LR: 0.000001
Epoch [76/100] | SVD update #76: pairs=465, sweeps=3, converged=False, rel_change=1.533e-02, effective_ranks=(316, 26), class_paired=True
Epoch [76/100] | Loss: 4.8897 (Cls: 4.8894, TAL: -0.2490, Adv: 0.3774, OT-Reg: 0.001191) | OT inner objective: 0.0266 | Marginal residual row/col/max: 1.42e-06/1.05e-08/1.42e-06 | Train Acc: 0.4308 | Val Acc: 0.1000 | Val P/R/F1 (Macro): 0.3795/0.3063/0.2204 | LR: 0.000001
Epoch [77/100] | SVD update #77: pairs=465, sweeps=3, converged=False, rel_change=6.218e-03, effective_ranks=(314, 27), class_paired=True
Epoch [77/100] | Loss: 4.8279 (Cls: 4.8203, TAL: -0.2396, Adv: 0.4539, OT-Reg: 0.001179) | OT inner objective: -0.0141 | Marginal residual row/col/max: 7.06e-06/9.05e-09/7.06e-06 | Train Acc: 0.4933 | Val Acc: 0.1083 | Val P/R/F1 (Macro): 0.3199/0.3023/0.2074 | LR: 0.000001
Epoch [78/100] | SVD update #78: pairs=465, sweeps=3, converged=False, rel_change=1.805e-02, effective_ranks=(315, 25), class_paired=True
Epoch [78/100] | Loss: 4.5610 (Cls: 4.5495, TAL: -0.2918, Adv: 0.5824, OT-Reg: 0.001111) | OT inner objective: 0.0212 | Marginal residual row/col/max: 4.21e-06/1.10e-08/4.21e-06 | Train Acc: 0.4754 | Val Acc: 0.1250 | Val P/R/F1 (Macro): 0.3926/0.3241/0.2188 | LR: 0.000001
Epoch [79/100] | SVD update #79: pairs=465, sweeps=3, converged=False, rel_change=4.412e-03, effective_ranks=(315, 31), class_paired=True
Epoch [79/100] | Loss: 4.5565 (Cls: 4.5736, TAL: -0.3439, Adv: 0.3019, OT-Reg: 0.001200) | OT inner objective: -0.0223 | Marginal residual row/col/max: 2.83e-05/9.98e-09/2.83e-05 | Train Acc: 0.4955 | Val Acc: 0.0917 | Val P/R/F1 (Macro): 0.2190/0.2772/0.1758 | LR: 0.000001
Epoch [80/100] | SVD update #80: pairs=465, sweeps=3, converged=False, rel_change=1.316e-02, effective_ranks=(317, 29), class_paired=True
Epoch [80/100] | Loss: 4.8980 (Cls: 4.9033, TAL: -0.2844, Adv: 0.3607, OT-Reg: 0.001161) | OT inner objective: 0.0346 | Marginal residual row/col/max: 4.38e-05/9.71e-09/4.38e-05 | Train Acc: 0.3973 | Val Acc: 0.1000 | Val P/R/F1 (Macro): 0.4235/0.2855/0.1955 | LR: 0.000001
Epoch [81/100] | SVD update #81: pairs=465, sweeps=3, converged=False, rel_change=7.860e-03, effective_ranks=(317, 26), class_paired=True
Epoch [81/100] | Loss: 4.7909 (Cls: 4.7986, TAL: -0.2677, Adv: 0.3060, OT-Reg: 0.001148) | OT inner objective: 0.0188 | Marginal residual row/col/max: 1.08e-06/1.01e-08/1.08e-06 | Train Acc: 0.5022 | Val Acc: 0.0667 | Val P/R/F1 (Macro): 0.2129/0.2609/0.1531 | LR: 0.000001
Epoch [82/100] | SVD update #82: pairs=465, sweeps=3, converged=False, rel_change=2.542e-02, effective_ranks=(316, 31), class_paired=True
Epoch [82/100] | Loss: 4.8466 (Cls: 4.8360, TAL: -0.2693, Adv: 0.5360, OT-Reg: 0.001177) | OT inner objective: 0.0299 | Marginal residual row/col/max: 9.28e-06/1.25e-08/9.28e-06 | Train Acc: 0.4487 | Val Acc: 0.0667 | Val P/R/F1 (Macro): 0.2684/0.2585/0.1490 | LR: 0.000001
Epoch [83/100] | SVD update #83: pairs=465, sweeps=3, converged=False, rel_change=5.224e-03, effective_ranks=(314, 29), class_paired=True
Epoch [83/100] | Loss: 5.0678 (Cls: 5.0678, TAL: -0.2623, Adv: 0.3931, OT-Reg: 0.001142) | OT inner objective: 0.0466 | Marginal residual row/col/max: 8.95e-06/1.18e-08/8.95e-06 | Train Acc: 0.3393 | Val Acc: 0.0667 | Val P/R/F1 (Macro): 0.2253/0.2561/0.1313 | LR: 0.000001
Epoch [84/100] | SVD update #84: pairs=465, sweeps=3, converged=False, rel_change=3.605e-03, effective_ranks=(316, 27), class_paired=True
Epoch [84/100] | Loss: 4.8153 (Cls: 4.8187, TAL: -0.2697, Adv: 0.3618, OT-Reg: 0.001185) | OT inner objective: -0.0199 | Marginal residual row/col/max: 1.26e-05/9.31e-09/1.26e-05 | Train Acc: 0.4442 | Val Acc: 0.0833 | Val P/R/F1 (Macro): 0.1930/0.2670/0.1616 | LR: 0.000001
Epoch [85/100] | SVD update #85: pairs=465, sweeps=3, converged=False, rel_change=2.683e-03, effective_ranks=(317, 29), class_paired=True
Epoch [85/100] | Loss: 4.6392 (Cls: 4.6543, TAL: -0.2966, Adv: 0.2557, OT-Reg: 0.001210) | OT inner objective: -0.0463 | Marginal residual row/col/max: 1.77e-05/1.04e-08/1.77e-05 | Train Acc: 0.3929 | Val Acc: 0.0583 | Val P/R/F1 (Macro): 0.1457/0.2530/0.1398 | LR: 0.000001
Epoch [86/100] | SVD update #86: pairs=465, sweeps=3, converged=False, rel_change=8.147e-03, effective_ranks=(316, 27), class_paired=True
Epoch [86/100] | Loss: 4.6948 (Cls: 4.6914, TAL: -0.2955, Adv: 0.4853, OT-Reg: 0.001206) | OT inner objective: -0.0524 | Marginal residual row/col/max: 4.46e-05/9.45e-09/4.46e-05 | Train Acc: 0.5022 | Val Acc: 0.1250 | Val P/R/F1 (Macro): 0.3579/0.3030/0.2190 | LR: 0.000001
Epoch [87/100] | SVD update #87: pairs=465, sweeps=3, converged=False, rel_change=7.644e-03, effective_ranks=(317, 28), class_paired=True
Epoch [87/100] | Loss: 4.7059 (Cls: 4.7030, TAL: -0.2858, Adv: 0.4649, OT-Reg: 0.001147) | OT inner objective: 0.0173 | Marginal residual row/col/max: 1.33e-06/1.04e-08/1.33e-06 | Train Acc: 0.4040 | Val Acc: 0.1250 | Val P/R/F1 (Macro): 0.2129/0.2729/0.1813 | LR: 0.000001
Epoch [88/100] | SVD update #88: pairs=465, sweeps=3, converged=False, rel_change=9.162e-04, effective_ranks=(317, 29), class_paired=True
Epoch [88/100] | Loss: 4.6606 (Cls: 4.6706, TAL: -0.2997, Adv: 0.3246, OT-Reg: 0.001204) | OT inner objective: -0.0042 | Marginal residual row/col/max: 2.73e-05/9.45e-09/2.73e-05 | Train Acc: 0.4487 | Val Acc: 0.1083 | Val P/R/F1 (Macro): 0.3554/0.2933/0.2023 | LR: 0.000001
Epoch [89/100] | SVD update #89: pairs=465, sweeps=3, converged=False, rel_change=2.672e-02, effective_ranks=(317, 32), class_paired=True
Epoch [89/100] | Loss: 4.6442 (Cls: 4.6595, TAL: -0.3622, Adv: 0.3521, OT-Reg: 0.001155) | OT inner objective: 0.0481 | Marginal residual row/col/max: 1.86e-06/1.16e-08/1.86e-06 | Train Acc: 0.4799 | Val Acc: 0.0917 | Val P/R/F1 (Macro): 0.2127/0.3047/0.1758 | LR: 0.000001
Epoch [90/100] | SVD update #90: pairs=465, sweeps=3, converged=False, rel_change=4.163e-03, effective_ranks=(316, 29), class_paired=True
Epoch [90/100] | Loss: 4.5945 (Cls: 4.6009, TAL: -0.3047, Adv: 0.3768, OT-Reg: 0.001152) | OT inner objective: 0.0215 | Marginal residual row/col/max: 1.56e-06/1.04e-08/1.56e-06 | Train Acc: 0.4554 | Val Acc: 0.0583 | Val P/R/F1 (Macro): 0.1922/0.2554/0.1440 | LR: 0.000001
Epoch [91/100] | SVD update #91: pairs=465, sweeps=3, converged=False, rel_change=1.347e-02, effective_ranks=(316, 28), class_paired=True
Epoch [91/100] | Loss: 4.5776 (Cls: 4.5753, TAL: -0.2604, Adv: 0.4197, OT-Reg: 0.001142) | OT inner objective: 0.0120 | Marginal residual row/col/max: 5.07e-05/1.40e-08/5.07e-05 | Train Acc: 0.4598 | Val Acc: 0.1083 | Val P/R/F1 (Macro): 0.2609/0.2440/0.1650 | LR: 0.000001
Epoch [92/100] | SVD update #92: pairs=465, sweeps=3, converged=False, rel_change=3.506e-03, effective_ranks=(317, 29), class_paired=True
Epoch [92/100] | Loss: 4.8536 (Cls: 4.8447, TAL: -0.2800, Adv: 0.5309, OT-Reg: 0.001162) | OT inner objective: -0.0632 | Marginal residual row/col/max: 6.62e-06/1.04e-08/6.62e-06 | Train Acc: 0.4531 | Val Acc: 0.0500 | Val P/R/F1 (Macro): 0.1501/0.2114/0.1136 | LR: 0.000001
Epoch [93/100] | SVD update #93: pairs=465, sweeps=3, converged=False, rel_change=7.428e-03, effective_ranks=(317, 30), class_paired=True
Epoch [93/100] | Loss: 4.5893 (Cls: 4.5964, TAL: -0.3581, Adv: 0.4478, OT-Reg: 0.001222) | OT inner objective: -0.0398 | Marginal residual row/col/max: 5.00e-06/9.71e-09/5.00e-06 | Train Acc: 0.4710 | Val Acc: 0.0500 | Val P/R/F1 (Macro): 0.1292/0.2500/0.1332 | LR: 0.000001
Epoch [94/100] | SVD update #94: pairs=465, sweeps=3, converged=False, rel_change=2.002e-02, effective_ranks=(317, 30), class_paired=True
Epoch [94/100] | Loss: 4.6594 (Cls: 4.6663, TAL: -0.2419, Adv: 0.2763, OT-Reg: 0.001156) | OT inner objective: 0.0473 | Marginal residual row/col/max: 2.77e-05/1.08e-08/2.77e-05 | Train Acc: 0.4509 | Val Acc: 0.1333 | Val P/R/F1 (Macro): 0.2898/0.2909/0.1930 | LR: 0.000001
Epoch [95/100] | SVD update #95: pairs=465, sweeps=3, converged=False, rel_change=6.371e-03, effective_ranks=(316, 28), class_paired=True
Epoch [95/100] | Loss: 4.7232 (Cls: 4.7338, TAL: -0.3240, Adv: 0.3546, OT-Reg: 0.001156) | OT inner objective: 0.0045 | Marginal residual row/col/max: 6.69e-06/1.04e-08/6.69e-06 | Train Acc: 0.4710 | Val Acc: 0.0917 | Val P/R/F1 (Macro): 0.3482/0.2890/0.1998 | LR: 0.000001
Epoch [96/100] | SVD update #96: pairs=465, sweeps=3, converged=False, rel_change=7.076e-03, effective_ranks=(317, 28), class_paired=True
Epoch [96/100] | Loss: 4.5988 (Cls: 4.5826, TAL: -0.2806, Adv: 0.6233, OT-Reg: 0.001159) | OT inner objective: 0.0213 | Marginal residual row/col/max: 5.14e-06/1.10e-08/5.14e-06 | Train Acc: 0.5022 | Val Acc: 0.0917 | Val P/R/F1 (Macro): 0.3692/0.2825/0.1902 | LR: 0.000001
Epoch [97/100] | SVD update #97: pairs=465, sweeps=3, converged=False, rel_change=3.053e-03, effective_ranks=(315, 31), class_paired=True
Epoch [97/100] | Loss: 4.7001 (Cls: 4.6847, TAL: -0.2903, Adv: 0.6282, OT-Reg: 0.001164) | OT inner objective: -0.0161 | Marginal residual row/col/max: 4.05e-05/1.08e-08/4.05e-05 | Train Acc: 0.4821 | Val Acc: 0.1083 | Val P/R/F1 (Macro): 0.2675/0.2818/0.1827 | LR: 0.000001
Epoch [98/100] | SVD update #98: pairs=465, sweeps=3, converged=False, rel_change=5.665e-03, effective_ranks=(316, 31), class_paired=True
Epoch [98/100] | Loss: 4.5151 (Cls: 4.5127, TAL: -0.2695, Adv: 0.4347, OT-Reg: 0.001197) | OT inner objective: -0.0169 | Marginal residual row/col/max: 9.38e-06/1.12e-08/9.38e-06 | Train Acc: 0.5201 | Val Acc: 0.0917 | Val P/R/F1 (Macro): 0.1857/0.2748/0.1685 | LR: 0.000001
Epoch [99/100] | SVD update #99: pairs=465, sweeps=3, converged=False, rel_change=5.238e-03, effective_ranks=(315, 30), class_paired=True
Epoch [99/100] | Loss: 4.7648 (Cls: 4.7723, TAL: -0.2696, Adv: 0.3112, OT-Reg: 0.001208) | OT inner objective: -0.0326 | Marginal residual row/col/max: 3.38e-05/1.09e-08/3.38e-05 | Train Acc: 0.3616 | Val Acc: 0.0750 | Val P/R/F1 (Macro): 0.2042/0.2663/0.1599 | LR: 0.000001
Epoch [100/100] | SVD update #100: pairs=465, sweeps=3, converged=False, rel_change=1.030e-02, effective_ranks=(315, 31), class_paired=True
Epoch [100/100] | Loss: 4.4417 (Cls: 4.4407, TAL: -0.2341, Adv: 0.3642, OT-Reg: 0.001151) | OT inner objective: -0.0329 | Marginal residual row/col/max: 3.05e-05/1.01e-08/3.05e-05 | Train Acc: 0.5000 | Val Acc: 0.0667 | Val P/R/F1 (Macro): 0.1917/0.2609/0.1516 | LR: 0.000001
Report strategy: last_window, window=10, reported_acc=0.0867, best_acc=0.5250

迭代 3 报告指标:
  Accuracy: 0.0867
  Precision (Macro): 0.2396
  Recall (Macro): 0.2652
  F1 (Macro): 0.1657
  Precision (Micro): 0.0867
  Recall (Micro): 0.0867
  F1 (Micro): 0.0867
  Val class coverage: 8/14 (0.5714), samples=120

================================================================================
迭代 4/5
随机种子: 45
================================================================================
Training mode: full target-label supervision (class-paired batches).
Feature fusion: Tensor alignment (512+512 -> 64+64); fused_dim=128
Domain adaptation: Neural OT generator with 3-domain discriminator
Loss weights: tensor=0.12, adv=0.08
Transport: mode=sinkhorn, epsilon=0.1, Sinkhorn iterations=50, correction scale=0.1, correction regularization weight=0.001
Tensor projection update: once per epoch from the complete target-training pairing bank; projection_dim=64, max_sweeps=3, relative singular-value tolerance=0.0001
Epoch [1/100] | SVD update #1: pairs=465, sweeps=3, converged=True, rel_change=1.268e-05, effective_ranks=(317, 192), class_paired=True
Epoch [1/100] | Loss: 7.1898 (Cls: 7.1725, TAL: -0.0326, Adv: 0.2644, OT-Reg: 0.000985) | OT inner objective: 0.2538 | Marginal residual row/col/max: 9.98e-09/1.58e-08/1.62e-08 | Train Acc: 0.2612 | Val Acc: 0.0917 | Val P/R/F1 (Macro): 0.1314/0.0817/0.0612 | LR: 0.000005
  >>> New Best Val Acc: 0.0917
Epoch [2/100] | SVD update #2: pairs=465, sweeps=3, converged=False, rel_change=2.293e-02, effective_ranks=(315, 78), class_paired=True
Epoch [2/100] | Loss: 6.7384 (Cls: 6.7369, TAL: -0.1236, Adv: 0.2044, OT-Reg: 0.001095) | OT inner objective: 0.2725 | Marginal residual row/col/max: 9.18e-09/1.33e-08/1.33e-08 | Train Acc: 0.2746 | Val Acc: 0.4500 | Val P/R/F1 (Macro): 0.3209/0.4482/0.3077 | LR: 0.000005
  >>> New Best Val Acc: 0.4500
Epoch [3/100] | SVD update #3: pairs=465, sweeps=3, converged=False, rel_change=4.428e-02, effective_ranks=(316, 59), class_paired=True
Epoch [3/100] | Loss: 6.0561 (Cls: 6.0497, TAL: -0.1052, Adv: 0.2373, OT-Reg: 0.001213) | OT inner objective: 0.2382 | Marginal residual row/col/max: 9.98e-09/1.14e-08/1.20e-08 | Train Acc: 0.3460 | Val Acc: 0.1917 | Val P/R/F1 (Macro): 0.3881/0.3956/0.2694 | LR: 0.000005
Epoch [4/100] | SVD update #4: pairs=465, sweeps=3, converged=False, rel_change=1.208e-01, effective_ranks=(316, 50), class_paired=True
Epoch [4/100] | Loss: 6.3735 (Cls: 6.3529, TAL: 0.0085, Adv: 0.2453, OT-Reg: 0.001080) | OT inner objective: 0.2149 | Marginal residual row/col/max: 9.98e-09/1.44e-08/1.49e-08 | Train Acc: 0.3147 | Val Acc: 0.3750 | Val P/R/F1 (Macro): 0.4312/0.5412/0.4253 | LR: 0.000005
Epoch [5/100] | SVD update #5: pairs=465, sweeps=3, converged=False, rel_change=9.870e-02, effective_ranks=(317, 43), class_paired=True
Epoch [5/100] | Loss: 5.5051 (Cls: 5.5051, TAL: -0.1330, Adv: 0.2001, OT-Reg: 0.001045) | OT inner objective: 0.1720 | Marginal residual row/col/max: 1.25e-08/1.68e-08/1.84e-08 | Train Acc: 0.4241 | Val Acc: 0.1833 | Val P/R/F1 (Macro): 0.6525/0.4785/0.3273 | LR: 0.000005
Epoch [6/100] | SVD update #6: pairs=465, sweeps=3, converged=False, rel_change=1.012e-02, effective_ranks=(316, 35), class_paired=True
Epoch [6/100] | Loss: 5.5174 (Cls: 5.5123, TAL: -0.1365, Adv: 0.2677, OT-Reg: 0.001033) | OT inner objective: 0.1198 | Marginal residual row/col/max: 3.39e-05/1.60e-08/3.39e-05 | Train Acc: 0.4375 | Val Acc: 0.2000 | Val P/R/F1 (Macro): 0.3745/0.4784/0.3217 | LR: 0.000005
Epoch [7/100] | SVD update #7: pairs=465, sweeps=3, converged=False, rel_change=9.172e-02, effective_ranks=(315, 45), class_paired=True
Epoch [7/100] | Loss: 5.2995 (Cls: 5.2971, TAL: -0.1582, Adv: 0.2674, OT-Reg: 0.001071) | OT inner objective: 0.1250 | Marginal residual row/col/max: 5.96e-07/1.45e-08/6.00e-07 | Train Acc: 0.4196 | Val Acc: 0.2083 | Val P/R/F1 (Macro): 0.3119/0.3957/0.2050 | LR: 0.000005
Epoch [8/100] | SVD update #8: pairs=465, sweeps=3, converged=False, rel_change=8.335e-02, effective_ranks=(315, 39), class_paired=True
Epoch [8/100] | Loss: 5.6327 (Cls: 5.6263, TAL: -0.0934, Adv: 0.2203, OT-Reg: 0.000930) | OT inner objective: 0.1829 | Marginal residual row/col/max: 4.65e-05/2.67e-08/4.65e-05 | Train Acc: 0.4174 | Val Acc: 0.3083 | Val P/R/F1 (Macro): 0.2533/0.3612/0.2312 | LR: 0.000005
Epoch [9/100] | SVD update #9: pairs=465, sweeps=3, converged=False, rel_change=3.721e-01, effective_ranks=(316, 35), class_paired=True
Epoch [9/100] | Loss: 5.8803 (Cls: 5.8765, TAL: -0.1725, Adv: 0.3058, OT-Reg: 0.001003) | OT inner objective: 0.1212 | Marginal residual row/col/max: 7.14e-06/1.88e-08/7.14e-06 | Train Acc: 0.2902 | Val Acc: 0.2333 | Val P/R/F1 (Macro): 0.2154/0.2094/0.1523 | LR: 0.000005
Epoch [10/100] | SVD update #10: pairs=465, sweeps=3, converged=False, rel_change=1.475e-01, effective_ranks=(315, 42), class_paired=True
Epoch [10/100] | Loss: 5.9147 (Cls: 5.9017, TAL: -0.0224, Adv: 0.1957, OT-Reg: 0.001070) | OT inner objective: 0.1776 | Marginal residual row/col/max: 1.17e-08/1.61e-08/1.78e-08 | Train Acc: 0.3281 | Val Acc: 0.0917 | Val P/R/F1 (Macro): 0.1837/0.2374/0.1091 | LR: 0.000005
Epoch [11/100] | SVD update #11: pairs=465, sweeps=3, converged=False, rel_change=2.328e-01, effective_ranks=(316, 34), class_paired=True
Epoch [11/100] | Loss: 4.9626 (Cls: 4.9528, TAL: -0.0626, Adv: 0.2174, OT-Reg: 0.000984) | OT inner objective: 0.1731 | Marginal residual row/col/max: 4.31e-08/1.65e-08/4.76e-08 | Train Acc: 0.4442 | Val Acc: 0.0833 | Val P/R/F1 (Macro): 0.0714/0.2812/0.0999 | LR: 0.000005
Epoch [12/100] | SVD update #12: pairs=465, sweeps=3, converged=False, rel_change=7.617e-02, effective_ranks=(317, 29), class_paired=True
Epoch [12/100] | Loss: 5.8188 (Cls: 5.8132, TAL: -0.0965, Adv: 0.2154, OT-Reg: 0.001009) | OT inner objective: 0.0988 | Marginal residual row/col/max: 4.08e-05/2.33e-08/4.08e-05 | Train Acc: 0.4754 | Val Acc: 0.1833 | Val P/R/F1 (Macro): 0.2869/0.4022/0.2475 | LR: 0.000005
Epoch [13/100] | SVD update #13: pairs=465, sweeps=3, converged=False, rel_change=1.102e-01, effective_ranks=(316, 29), class_paired=True
Epoch [13/100] | Loss: 5.4728 (Cls: 5.4827, TAL: -0.2010, Adv: 0.1769, OT-Reg: 0.001102) | OT inner objective: 0.1258 | Marginal residual row/col/max: 2.53e-05/1.16e-08/2.53e-05 | Train Acc: 0.5491 | Val Acc: 0.0917 | Val P/R/F1 (Macro): 0.1042/0.1548/0.1222 | LR: 0.000003
Epoch [14/100] | SVD update #14: pairs=465, sweeps=3, converged=False, rel_change=1.845e-02, effective_ranks=(317, 23), class_paired=True
Epoch [14/100] | Loss: 5.3205 (Cls: 5.3196, TAL: -0.1158, Adv: 0.1854, OT-Reg: 0.001071) | OT inner objective: 0.1425 | Marginal residual row/col/max: 2.37e-08/1.29e-08/2.66e-08 | Train Acc: 0.3750 | Val Acc: 0.1500 | Val P/R/F1 (Macro): 0.2177/0.3221/0.1500 | LR: 0.000003
Epoch [15/100] | SVD update #15: pairs=465, sweeps=3, converged=False, rel_change=1.675e-01, effective_ranks=(315, 30), class_paired=True
Epoch [15/100] | Loss: 5.2533 (Cls: 5.2580, TAL: -0.1670, Adv: 0.1911, OT-Reg: 0.000991) | OT inner objective: 0.0235 | Marginal residual row/col/max: 2.47e-06/1.25e-08/2.47e-06 | Train Acc: 0.4866 | Val Acc: 0.1083 | Val P/R/F1 (Macro): 0.1537/0.2928/0.1167 | LR: 0.000003
Epoch [16/100] | SVD update #16: pairs=465, sweeps=3, converged=False, rel_change=5.095e-02, effective_ranks=(316, 29), class_paired=True
Epoch [16/100] | Loss: 5.1157 (Cls: 5.1218, TAL: -0.1516, Adv: 0.1517, OT-Reg: 0.001103) | OT inner objective: 0.0858 | Marginal residual row/col/max: 1.58e-07/1.26e-08/1.60e-07 | Train Acc: 0.5290 | Val Acc: 0.2917 | Val P/R/F1 (Macro): 0.5035/0.5108/0.3951 | LR: 0.000003
Epoch [17/100] | SVD update #17: pairs=465, sweeps=3, converged=False, rel_change=1.529e-01, effective_ranks=(315, 28), class_paired=True
Epoch [17/100] | Loss: 6.5375 (Cls: 6.5387, TAL: -0.1208, Adv: 0.1663, OT-Reg: 0.000985) | OT inner objective: 0.0809 | Marginal residual row/col/max: 2.19e-05/1.77e-08/2.19e-05 | Train Acc: 0.4732 | Val Acc: 0.3500 | Val P/R/F1 (Macro): 0.5445/0.5576/0.4045 | LR: 0.000003
Epoch [18/100] | SVD update #18: pairs=465, sweeps=3, converged=False, rel_change=5.220e-02, effective_ranks=(314, 23), class_paired=True
Epoch [18/100] | Loss: 4.9570 (Cls: 4.9717, TAL: -0.2213, Adv: 0.1488, OT-Reg: 0.000961) | OT inner objective: 0.0785 | Marginal residual row/col/max: 1.07e-04/2.12e-08/1.07e-04 | Train Acc: 0.5335 | Val Acc: 0.2667 | Val P/R/F1 (Macro): 0.2845/0.3363/0.1781 | LR: 0.000003
Epoch [19/100] | SVD update #19: pairs=465, sweeps=3, converged=False, rel_change=5.997e-02, effective_ranks=(316, 28), class_paired=True
Epoch [19/100] | Loss: 4.7786 (Cls: 4.7954, TAL: -0.2420, Adv: 0.1528, OT-Reg: 0.001084) | OT inner objective: 0.0530 | Marginal residual row/col/max: 1.26e-06/1.14e-08/1.26e-06 | Train Acc: 0.5580 | Val Acc: 0.1417 | Val P/R/F1 (Macro): 0.2934/0.4303/0.2559 | LR: 0.000003
Epoch [20/100] | SVD update #20: pairs=465, sweeps=3, converged=False, rel_change=1.310e-02, effective_ranks=(315, 27), class_paired=True
Epoch [20/100] | Loss: 4.3586 (Cls: 4.3771, TAL: -0.2528, Adv: 0.1483, OT-Reg: 0.001121) | OT inner objective: -0.0279 | Marginal residual row/col/max: 4.63e-06/1.16e-08/4.63e-06 | Train Acc: 0.6496 | Val Acc: 0.2083 | Val P/R/F1 (Macro): 0.4863/0.4644/0.3142 | LR: 0.000003
Epoch [21/100] | SVD update #21: pairs=465, sweeps=3, converged=False, rel_change=7.203e-03, effective_ranks=(317, 25), class_paired=True
Epoch [21/100] | Loss: 4.2184 (Cls: 4.2364, TAL: -0.2825, Adv: 0.1999, OT-Reg: 0.001100) | OT inner objective: 0.0092 | Marginal residual row/col/max: 2.26e-05/1.13e-08/2.26e-05 | Train Acc: 0.6362 | Val Acc: 0.2250 | Val P/R/F1 (Macro): 0.5127/0.4621/0.3134 | LR: 0.000003
Epoch [22/100] | SVD update #22: pairs=465, sweeps=3, converged=False, rel_change=2.659e-02, effective_ranks=(316, 27), class_paired=True
Epoch [22/100] | Loss: 6.4073 (Cls: 6.4146, TAL: -0.1461, Adv: 0.1281, OT-Reg: 0.001039) | OT inner objective: 0.0338 | Marginal residual row/col/max: 3.32e-05/1.33e-08/3.32e-05 | Train Acc: 0.1518 | Val Acc: 0.3417 | Val P/R/F1 (Macro): 0.2706/0.3863/0.2905 | LR: 0.000003
Epoch [23/100] | SVD update #23: pairs=465, sweeps=3, converged=False, rel_change=1.314e-01, effective_ranks=(316, 32), class_paired=True
Epoch [23/100] | Loss: 5.4826 (Cls: 5.4845, TAL: -0.1132, Adv: 0.1469, OT-Reg: 0.000991) | OT inner objective: 0.1061 | Marginal residual row/col/max: 1.36e-05/1.76e-08/1.36e-05 | Train Acc: 0.5179 | Val Acc: 0.1333 | Val P/R/F1 (Macro): 0.2201/0.4280/0.2155 | LR: 0.000003
Epoch [24/100] | SVD update #24: pairs=465, sweeps=3, converged=False, rel_change=3.957e-01, effective_ranks=(316, 25), class_paired=True
Epoch [24/100] | Loss: 5.4865 (Cls: 5.4805, TAL: -0.0421, Adv: 0.1382, OT-Reg: 0.000978) | OT inner objective: 0.1064 | Marginal residual row/col/max: 3.72e-05/1.76e-08/3.72e-05 | Train Acc: 0.2946 | Val Acc: 0.3333 | Val P/R/F1 (Macro): 0.2741/0.3881/0.2964 | LR: 0.000001
Epoch [25/100] | SVD update #25: pairs=465, sweeps=3, converged=False, rel_change=4.348e-02, effective_ranks=(315, 26), class_paired=True
Epoch [25/100] | Loss: 5.1189 (Cls: 5.1324, TAL: -0.2283, Adv: 0.1735, OT-Reg: 0.001042) | OT inner objective: 0.0593 | Marginal residual row/col/max: 8.54e-06/1.29e-08/8.54e-06 | Train Acc: 0.3929 | Val Acc: 0.1333 | Val P/R/F1 (Macro): 0.2395/0.2875/0.1962 | LR: 0.000001
Epoch [26/100] | SVD update #26: pairs=465, sweeps=3, converged=False, rel_change=2.176e-01, effective_ranks=(316, 28), class_paired=True
Epoch [26/100] | Loss: 5.6147 (Cls: 5.6117, TAL: -0.0828, Adv: 0.1615, OT-Reg: 0.001110) | OT inner objective: 0.0525 | Marginal residual row/col/max: 5.52e-05/1.20e-08/5.52e-05 | Train Acc: 0.2545 | Val Acc: 0.2167 | Val P/R/F1 (Macro): 0.2430/0.4201/0.2580 | LR: 0.000001
Epoch [27/100] | SVD update #27: pairs=465, sweeps=3, converged=False, rel_change=3.037e-02, effective_ranks=(316, 24), class_paired=True
Epoch [27/100] | Loss: 5.6830 (Cls: 5.6957, TAL: -0.2122, Adv: 0.1595, OT-Reg: 0.001041) | OT inner objective: -0.0139 | Marginal residual row/col/max: 3.31e-05/1.70e-08/3.31e-05 | Train Acc: 0.3906 | Val Acc: 0.4333 | Val P/R/F1 (Macro): 0.4733/0.5892/0.4759 | LR: 0.000001
Epoch [28/100] | SVD update #28: pairs=465, sweeps=3, converged=False, rel_change=7.749e-02, effective_ranks=(317, 25), class_paired=True
Epoch [28/100] | Loss: 5.3482 (Cls: 5.3503, TAL: -0.1504, Adv: 0.1988, OT-Reg: 0.001044) | OT inner objective: -0.0163 | Marginal residual row/col/max: 1.16e-04/1.24e-08/1.16e-04 | Train Acc: 0.4665 | Val Acc: 0.5250 | Val P/R/F1 (Macro): 0.5082/0.5402/0.4852 | LR: 0.000001
  >>> New Best Val Acc: 0.5250
Epoch [29/100] | SVD update #29: pairs=465, sweeps=3, converged=False, rel_change=4.678e-02, effective_ranks=(317, 28), class_paired=True
Epoch [29/100] | Loss: 6.8462 (Cls: 6.8513, TAL: -0.1514, Adv: 0.1635, OT-Reg: 0.000996) | OT inner objective: 0.0177 | Marginal residual row/col/max: 1.11e-04/1.42e-08/1.11e-04 | Train Acc: 0.2232 | Val Acc: 0.1583 | Val P/R/F1 (Macro): 0.3155/0.2920/0.1728 | LR: 0.000001
Epoch [30/100] | SVD update #30: pairs=465, sweeps=3, converged=False, rel_change=4.174e-02, effective_ranks=(317, 25), class_paired=True
Epoch [30/100] | Loss: 5.4787 (Cls: 5.4757, TAL: -0.1218, Adv: 0.2200, OT-Reg: 0.001129) | OT inner objective: 0.0602 | Marginal residual row/col/max: 4.27e-06/1.09e-08/4.27e-06 | Train Acc: 0.3750 | Val Acc: 0.5167 | Val P/R/F1 (Macro): 0.5265/0.6196/0.4876 | LR: 0.000001
Epoch [31/100] | SVD update #31: pairs=465, sweeps=3, converged=False, rel_change=1.070e-01, effective_ranks=(317, 23), class_paired=True
Epoch [31/100] | Loss: 5.3294 (Cls: 5.3141, TAL: -0.0401, Adv: 0.2511, OT-Reg: 0.001125) | OT inner objective: 0.0147 | Marginal residual row/col/max: 3.25e-05/1.08e-08/3.25e-05 | Train Acc: 0.3973 | Val Acc: 0.1250 | Val P/R/F1 (Macro): 0.3703/0.2922/0.2413 | LR: 0.000001
Epoch [32/100] | SVD update #32: pairs=465, sweeps=3, converged=False, rel_change=3.581e-01, effective_ranks=(317, 30), class_paired=True
Epoch [32/100] | Loss: 5.2882 (Cls: 5.2743, TAL: -0.0620, Adv: 0.2675, OT-Reg: 0.001046) | OT inner objective: 0.1161 | Marginal residual row/col/max: 1.68e-08/1.33e-08/1.94e-08 | Train Acc: 0.4085 | Val Acc: 0.2500 | Val P/R/F1 (Macro): 0.2210/0.3460/0.2405 | LR: 0.000001
Epoch [33/100] | SVD update #33: pairs=465, sweeps=3, converged=False, rel_change=2.184e-02, effective_ranks=(316, 24), class_paired=True
Epoch [33/100] | Loss: 5.0622 (Cls: 5.0721, TAL: -0.2058, Adv: 0.1842, OT-Reg: 0.001116) | OT inner objective: 0.0886 | Marginal residual row/col/max: 5.04e-06/1.13e-08/5.04e-06 | Train Acc: 0.4978 | Val Acc: 0.1750 | Val P/R/F1 (Macro): 0.2567/0.4306/0.2750 | LR: 0.000001
Epoch [34/100] | SVD update #34: pairs=465, sweeps=3, converged=False, rel_change=1.440e-01, effective_ranks=(316, 25), class_paired=True
Epoch [34/100] | Loss: 5.4157 (Cls: 5.3964, TAL: -0.0331, Adv: 0.2915, OT-Reg: 0.001106) | OT inner objective: 0.1222 | Marginal residual row/col/max: 2.72e-05/1.28e-08/2.72e-05 | Train Acc: 0.3393 | Val Acc: 0.2500 | Val P/R/F1 (Macro): 0.2545/0.3890/0.2228 | LR: 0.000001
Epoch [35/100] | SVD update #35: pairs=465, sweeps=3, converged=False, rel_change=1.431e-01, effective_ranks=(313, 23), class_paired=True
Epoch [35/100] | Loss: 5.3309 (Cls: 5.3217, TAL: -0.1052, Adv: 0.2725, OT-Reg: 0.001178) | OT inner objective: 0.0256 | Marginal residual row/col/max: 1.26e-04/1.18e-08/1.26e-04 | Train Acc: 0.4018 | Val Acc: 0.4583 | Val P/R/F1 (Macro): 0.4498/0.4871/0.4434 | LR: 0.000001
Epoch [36/100] | SVD update #36: pairs=465, sweeps=3, converged=False, rel_change=2.810e-02, effective_ranks=(317, 27), class_paired=True
Epoch [36/100] | Loss: 5.4126 (Cls: 5.4070, TAL: -0.1629, Adv: 0.3132, OT-Reg: 0.000950) | OT inner objective: 0.0869 | Marginal residual row/col/max: 2.72e-05/2.18e-08/2.72e-05 | Train Acc: 0.2924 | Val Acc: 0.3000 | Val P/R/F1 (Macro): 0.2444/0.3898/0.2164 | LR: 0.000001
Epoch [37/100] | SVD update #37: pairs=465, sweeps=3, converged=False, rel_change=7.214e-02, effective_ranks=(315, 29), class_paired=True
Epoch [37/100] | Loss: 5.7370 (Cls: 5.7372, TAL: -0.2333, Adv: 0.3474, OT-Reg: 0.000990) | OT inner objective: 0.0761 | Marginal residual row/col/max: 2.53e-04/1.56e-08/2.53e-04 | Train Acc: 0.3839 | Val Acc: 0.2083 | Val P/R/F1 (Macro): 0.3266/0.2971/0.2449 | LR: 0.000001
Epoch [38/100] | SVD update #38: pairs=465, sweeps=3, converged=False, rel_change=1.973e-01, effective_ranks=(315, 23), class_paired=True
Epoch [38/100] | Loss: 5.5370 (Cls: 5.5136, TAL: 0.0219, Adv: 0.2599, OT-Reg: 0.001056) | OT inner objective: 0.0559 | Marginal residual row/col/max: 6.81e-05/1.22e-08/6.81e-05 | Train Acc: 0.3415 | Val Acc: 0.3750 | Val P/R/F1 (Macro): 0.2968/0.4538/0.3411 | LR: 0.000001
Epoch [39/100] | SVD update #39: pairs=465, sweeps=3, converged=False, rel_change=9.083e-03, effective_ranks=(313, 23), class_paired=True
Epoch [39/100] | Loss: 4.8274 (Cls: 4.8315, TAL: -0.1993, Adv: 0.2483, OT-Reg: 0.000976) | OT inner objective: -0.0064 | Marginal residual row/col/max: 6.20e-05/1.21e-08/6.20e-05 | Train Acc: 0.4643 | Val Acc: 0.1917 | Val P/R/F1 (Macro): 0.3240/0.3909/0.2943 | LR: 0.000001
Epoch [40/100] | SVD update #40: pairs=465, sweeps=3, converged=False, rel_change=1.654e-01, effective_ranks=(312, 31), class_paired=True
Epoch [40/100] | Loss: 4.6478 (Cls: 4.6411, TAL: -0.1631, Adv: 0.3287, OT-Reg: 0.001050) | OT inner objective: 0.0428 | Marginal residual row/col/max: 4.54e-05/1.13e-08/4.54e-05 | Train Acc: 0.4330 | Val Acc: 0.3500 | Val P/R/F1 (Macro): 0.3149/0.4176/0.3312 | LR: 0.000001
Epoch [41/100] | SVD update #41: pairs=465, sweeps=3, converged=False, rel_change=2.016e-02, effective_ranks=(313, 28), class_paired=True
Epoch [41/100] | Loss: 4.5772 (Cls: 4.5803, TAL: -0.2316, Adv: 0.3081, OT-Reg: 0.001055) | OT inner objective: -0.0165 | Marginal residual row/col/max: 1.14e-04/1.28e-08/1.14e-04 | Train Acc: 0.4621 | Val Acc: 0.2250 | Val P/R/F1 (Macro): 0.5044/0.5020/0.3590 | LR: 0.000001
Epoch [42/100] | SVD update #42: pairs=465, sweeps=3, converged=False, rel_change=1.045e-01, effective_ranks=(313, 27), class_paired=True
Epoch [42/100] | Loss: 5.4873 (Cls: 5.4738, TAL: -0.1003, Adv: 0.3197, OT-Reg: 0.001009) | OT inner objective: 0.0214 | Marginal residual row/col/max: 9.00e-05/1.42e-08/9.00e-05 | Train Acc: 0.5112 | Val Acc: 0.2000 | Val P/R/F1 (Macro): 0.3964/0.5092/0.2956 | LR: 0.000001
Epoch [43/100] | SVD update #43: pairs=465, sweeps=3, converged=False, rel_change=1.297e-02, effective_ranks=(313, 24), class_paired=True
Epoch [43/100] | Loss: 4.9003 (Cls: 4.9080, TAL: -0.2118, Adv: 0.2224, OT-Reg: 0.000949) | OT inner objective: -0.0398 | Marginal residual row/col/max: 2.08e-04/1.37e-08/2.08e-04 | Train Acc: 0.5759 | Val Acc: 0.2500 | Val P/R/F1 (Macro): 0.4247/0.4583/0.3369 | LR: 0.000001
Epoch [44/100] | SVD update #44: pairs=465, sweeps=3, converged=False, rel_change=4.267e-03, effective_ranks=(313, 24), class_paired=True
Epoch [44/100] | Loss: 4.6349 (Cls: 4.6442, TAL: -0.2538, Adv: 0.2648, OT-Reg: 0.000935) | OT inner objective: -0.0308 | Marginal residual row/col/max: 2.46e-04/2.06e-08/2.46e-04 | Train Acc: 0.5915 | Val Acc: 0.1667 | Val P/R/F1 (Macro): 0.2941/0.4751/0.2702 | LR: 0.000001
Epoch [45/100] | SVD update #45: pairs=465, sweeps=3, converged=False, rel_change=4.688e-02, effective_ranks=(311, 27), class_paired=True
Epoch [45/100] | Loss: 5.0848 (Cls: 5.0695, TAL: -0.1217, Adv: 0.3733, OT-Reg: 0.000993) | OT inner objective: 0.0201 | Marginal residual row/col/max: 1.18e-04/1.14e-08/1.18e-04 | Train Acc: 0.4799 | Val Acc: 0.2083 | Val P/R/F1 (Macro): 0.2763/0.3638/0.2190 | LR: 0.000001
Epoch [46/100] | SVD update #46: pairs=465, sweeps=3, converged=False, rel_change=6.603e-02, effective_ranks=(313, 23), class_paired=True
Epoch [46/100] | Loss: 4.9835 (Cls: 4.9716, TAL: -0.1524, Adv: 0.3770, OT-Reg: 0.000989) | OT inner objective: 0.0147 | Marginal residual row/col/max: 1.66e-04/1.21e-08/1.66e-04 | Train Acc: 0.5871 | Val Acc: 0.1833 | Val P/R/F1 (Macro): 0.3360/0.3935/0.2661 | LR: 0.000001
Epoch [47/100] | SVD update #47: pairs=465, sweeps=3, converged=False, rel_change=2.401e-02, effective_ranks=(310, 25), class_paired=True
Epoch [47/100] | Loss: 4.9179 (Cls: 4.9082, TAL: -0.1868, Adv: 0.4017, OT-Reg: 0.001104) | OT inner objective: 0.0748 | Marginal residual row/col/max: 4.01e-05/1.05e-08/4.01e-05 | Train Acc: 0.5536 | Val Acc: 0.3000 | Val P/R/F1 (Macro): 0.4345/0.5146/0.3664 | LR: 0.000001
Epoch [48/100] | SVD update #48: pairs=465, sweeps=3, converged=False, rel_change=1.532e-03, effective_ranks=(315, 26), class_paired=True
Epoch [48/100] | Loss: 4.3076 (Cls: 4.3042, TAL: -0.2032, Adv: 0.3462, OT-Reg: 0.001068) | OT inner objective: 0.0179 | Marginal residual row/col/max: 5.26e-05/1.04e-08/5.26e-05 | Train Acc: 0.6317 | Val Acc: 0.2000 | Val P/R/F1 (Macro): 0.3287/0.4450/0.2529 | LR: 0.000001
Epoch [49/100] | SVD update #49: pairs=465, sweeps=3, converged=False, rel_change=6.408e-03, effective_ranks=(312, 23), class_paired=True
Epoch [49/100] | Loss: 4.5097 (Cls: 4.5043, TAL: -0.2282, Adv: 0.4089, OT-Reg: 0.001075) | OT inner objective: 0.0077 | Marginal residual row/col/max: 3.16e-05/1.25e-08/3.16e-05 | Train Acc: 0.5893 | Val Acc: 0.1833 | Val P/R/F1 (Macro): 0.3377/0.4833/0.3150 | LR: 0.000001
Epoch [50/100] | SVD update #50: pairs=465, sweeps=3, converged=False, rel_change=1.441e-02, effective_ranks=(316, 25), class_paired=True
Epoch [50/100] | Loss: 4.3388 (Cls: 4.3481, TAL: -0.2318, Adv: 0.2318, OT-Reg: 0.001041) | OT inner objective: -0.0073 | Marginal residual row/col/max: 1.74e-04/1.40e-08/1.74e-04 | Train Acc: 0.5960 | Val Acc: 0.1917 | Val P/R/F1 (Macro): 0.2246/0.3658/0.1762 | LR: 0.000001
Epoch [51/100] | SVD update #51: pairs=465, sweeps=3, converged=False, rel_change=1.974e-01, effective_ranks=(315, 30), class_paired=True
Epoch [51/100] | Loss: 5.4653 (Cls: 5.4503, TAL: -0.0542, Adv: 0.2689, OT-Reg: 0.001086) | OT inner objective: 0.0370 | Marginal residual row/col/max: 6.00e-05/1.41e-08/6.00e-05 | Train Acc: 0.2388 | Val Acc: 0.2583 | Val P/R/F1 (Macro): 0.3628/0.3797/0.2964 | LR: 0.000001
Epoch [52/100] | SVD update #52: pairs=465, sweeps=3, converged=False, rel_change=2.481e-02, effective_ranks=(316, 30), class_paired=True
Epoch [52/100] | Loss: 5.2465 (Cls: 5.2321, TAL: -0.0199, Adv: 0.2102, OT-Reg: 0.001072) | OT inner objective: 0.0449 | Marginal residual row/col/max: 1.82e-04/1.26e-08/1.82e-04 | Train Acc: 0.2522 | Val Acc: 0.2333 | Val P/R/F1 (Macro): 0.3083/0.3129/0.2420 | LR: 0.000001
Epoch [53/100] | SVD update #53: pairs=465, sweeps=3, converged=False, rel_change=2.025e-02, effective_ranks=(316, 29), class_paired=True
Epoch [53/100] | Loss: 5.0109 (Cls: 4.9812, TAL: -0.0069, Adv: 0.3824, OT-Reg: 0.001089) | OT inner objective: -0.0234 | Marginal residual row/col/max: 1.03e-04/9.45e-09/1.03e-04 | Train Acc: 0.3326 | Val Acc: 0.1500 | Val P/R/F1 (Macro): 0.2351/0.2283/0.1740 | LR: 0.000001
Epoch [54/100] | SVD update #54: pairs=465, sweeps=3, converged=False, rel_change=9.713e-02, effective_ranks=(315, 35), class_paired=True
Epoch [54/100] | Loss: 5.0174 (Cls: 4.9973, TAL: -0.0014, Adv: 0.2527, OT-Reg: 0.001045) | OT inner objective: 0.0371 | Marginal residual row/col/max: 5.32e-06/1.14e-08/5.32e-06 | Train Acc: 0.3125 | Val Acc: 0.2667 | Val P/R/F1 (Macro): 0.2315/0.2376/0.1970 | LR: 0.000001
Epoch [55/100] | SVD update #55: pairs=465, sweeps=3, converged=False, rel_change=5.916e-02, effective_ranks=(315, 26), class_paired=True
Epoch [55/100] | Loss: 4.7339 (Cls: 4.7266, TAL: -0.1789, Adv: 0.3596, OT-Reg: 0.001054) | OT inner objective: -0.0331 | Marginal residual row/col/max: 2.07e-04/1.40e-08/2.07e-04 | Train Acc: 0.4397 | Val Acc: 0.4167 | Val P/R/F1 (Macro): 0.4008/0.3653/0.3234 | LR: 0.000001
Epoch [56/100] | SVD update #56: pairs=465, sweeps=3, converged=False, rel_change=9.442e-02, effective_ranks=(311, 29), class_paired=True
Epoch [56/100] | Loss: 4.5853 (Cls: 4.5624, TAL: -0.0823, Adv: 0.4106, OT-Reg: 0.001083) | OT inner objective: 0.0410 | Marginal residual row/col/max: 5.34e-05/1.26e-08/5.34e-05 | Train Acc: 0.4353 | Val Acc: 0.3500 | Val P/R/F1 (Macro): 0.4094/0.3373/0.3149 | LR: 0.000001
Epoch [57/100] | SVD update #57: pairs=465, sweeps=3, converged=False, rel_change=1.196e-02, effective_ranks=(315, 27), class_paired=True
Epoch [57/100] | Loss: 4.3890 (Cls: 4.3844, TAL: -0.1986, Adv: 0.3555, OT-Reg: 0.001040) | OT inner objective: 0.0005 | Marginal residual row/col/max: 2.66e-04/1.41e-08/2.66e-04 | Train Acc: 0.5134 | Val Acc: 0.4667 | Val P/R/F1 (Macro): 0.4213/0.4480/0.4156 | LR: 0.000001
Epoch [58/100] | SVD update #58: pairs=465, sweeps=3, converged=False, rel_change=2.228e-02, effective_ranks=(316, 29), class_paired=True
Epoch [58/100] | Loss: 4.1737 (Cls: 4.1683, TAL: -0.2391, Adv: 0.4261, OT-Reg: 0.001042) | OT inner objective: 0.0180 | Marginal residual row/col/max: 2.74e-04/1.13e-08/2.74e-04 | Train Acc: 0.4888 | Val Acc: 0.4583 | Val P/R/F1 (Macro): 0.4252/0.4419/0.4106 | LR: 0.000001
Epoch [59/100] | SVD update #59: pairs=465, sweeps=3, converged=False, rel_change=4.330e-02, effective_ranks=(313, 25), class_paired=True
Epoch [59/100] | Loss: 4.5032 (Cls: 4.5142, TAL: -0.2230, Adv: 0.1964, OT-Reg: 0.001087) | OT inner objective: -0.0135 | Marginal residual row/col/max: 4.30e-05/1.16e-08/4.30e-05 | Train Acc: 0.5312 | Val Acc: 0.2667 | Val P/R/F1 (Macro): 0.3570/0.3924/0.3059 | LR: 0.000001
Epoch [60/100] | SVD update #60: pairs=465, sweeps=3, converged=False, rel_change=4.694e-02, effective_ranks=(315, 28), class_paired=True
Epoch [60/100] | Loss: 4.2061 (Cls: 4.2150, TAL: -0.2518, Adv: 0.2662, OT-Reg: 0.001112) | OT inner objective: 0.0097 | Marginal residual row/col/max: 2.90e-05/9.98e-09/2.90e-05 | Train Acc: 0.5312 | Val Acc: 0.3917 | Val P/R/F1 (Macro): 0.4042/0.4262/0.3863 | LR: 0.000001
Epoch [61/100] | SVD update #61: pairs=465, sweeps=3, converged=False, rel_change=4.838e-02, effective_ranks=(317, 27), class_paired=True
Epoch [61/100] | Loss: 4.7654 (Cls: 4.7490, TAL: -0.2147, Adv: 0.5273, OT-Reg: 0.001052) | OT inner objective: -0.0119 | Marginal residual row/col/max: 9.41e-05/1.18e-08/9.41e-05 | Train Acc: 0.5045 | Val Acc: 0.2583 | Val P/R/F1 (Macro): 0.3552/0.3942/0.3129 | LR: 0.000001
Epoch [62/100] | SVD update #62: pairs=465, sweeps=3, converged=False, rel_change=4.191e-01, effective_ranks=(311, 38), class_paired=True
Epoch [62/100] | Loss: 5.7846 (Cls: 5.7490, TAL: -0.0454, Adv: 0.5130, OT-Reg: 0.001088) | OT inner objective: 0.0784 | Marginal residual row/col/max: 2.57e-07/1.09e-08/2.58e-07 | Train Acc: 0.3638 | Val Acc: 0.1667 | Val P/R/F1 (Macro): 0.2869/0.3300/0.2460 | LR: 0.000001
Epoch [63/100] | SVD update #63: pairs=465, sweeps=3, converged=False, rel_change=9.270e-03, effective_ranks=(315, 33), class_paired=True
Epoch [63/100] | Loss: 4.7405 (Cls: 4.7538, TAL: -0.2480, Adv: 0.2063, OT-Reg: 0.001093) | OT inner objective: -0.0495 | Marginal residual row/col/max: 1.10e-04/1.14e-08/1.10e-04 | Train Acc: 0.4420 | Val Acc: 0.0917 | Val P/R/F1 (Macro): 0.3306/0.2615/0.1819 | LR: 0.000001
Epoch [64/100] | SVD update #64: pairs=465, sweeps=3, converged=False, rel_change=6.163e-03, effective_ranks=(314, 30), class_paired=True
Epoch [64/100] | Loss: 4.6929 (Cls: 4.6853, TAL: -0.1467, Adv: 0.3141, OT-Reg: 0.001121) | OT inner objective: 0.0650 | Marginal residual row/col/max: 1.20e-05/1.13e-08/1.20e-05 | Train Acc: 0.3795 | Val Acc: 0.1333 | Val P/R/F1 (Macro): 0.2638/0.3950/0.2374 | LR: 0.000001
Epoch [65/100] | SVD update #65: pairs=465, sweeps=3, converged=False, rel_change=1.089e-02, effective_ranks=(315, 27), class_paired=True
Epoch [65/100] | Loss: 4.3907 (Cls: 4.3910, TAL: -0.2383, Adv: 0.3543, OT-Reg: 0.001091) | OT inner objective: 0.0157 | Marginal residual row/col/max: 1.19e-04/1.12e-08/1.19e-04 | Train Acc: 0.5312 | Val Acc: 0.1000 | Val P/R/F1 (Macro): 0.4006/0.2663/0.2327 | LR: 0.000001
Epoch [66/100] | SVD update #66: pairs=465, sweeps=3, converged=False, rel_change=2.266e-02, effective_ranks=(315, 31), class_paired=True
Epoch [66/100] | Loss: 4.6531 (Cls: 4.6408, TAL: -0.1486, Adv: 0.3763, OT-Reg: 0.001017) | OT inner objective: 0.0528 | Marginal residual row/col/max: 5.88e-06/1.37e-08/5.88e-06 | Train Acc: 0.5246 | Val Acc: 0.2083 | Val P/R/F1 (Macro): 0.3554/0.3934/0.2689 | LR: 0.000001
Epoch [67/100] | SVD update #67: pairs=465, sweeps=3, converged=False, rel_change=7.112e-02, effective_ranks=(314, 30), class_paired=True
Epoch [67/100] | Loss: 4.4361 (Cls: 4.4077, TAL: -0.1286, Adv: 0.5468, OT-Reg: 0.001061) | OT inner objective: 0.0488 | Marginal residual row/col/max: 1.63e-04/1.18e-08/1.63e-04 | Train Acc: 0.4665 | Val Acc: 0.1833 | Val P/R/F1 (Macro): 0.3794/0.3224/0.2522 | LR: 0.000001
Epoch [68/100] | SVD update #68: pairs=465, sweeps=3, converged=False, rel_change=6.841e-03, effective_ranks=(315, 29), class_paired=True
Epoch [68/100] | Loss: 4.2208 (Cls: 4.2235, TAL: -0.2025, Adv: 0.2698, OT-Reg: 0.000997) | OT inner objective: 0.0379 | Marginal residual row/col/max: 8.53e-05/1.64e-08/8.53e-05 | Train Acc: 0.5670 | Val Acc: 0.2000 | Val P/R/F1 (Macro): 0.3574/0.5205/0.3020 | LR: 0.000001
Epoch [69/100] | SVD update #69: pairs=465, sweeps=3, converged=False, rel_change=7.161e-03, effective_ranks=(316, 29), class_paired=True
Epoch [69/100] | Loss: 4.2999 (Cls: 4.2984, TAL: -0.2121, Adv: 0.3365, OT-Reg: 0.000993) | OT inner objective: 0.0176 | Marginal residual row/col/max: 1.70e-04/1.29e-08/1.70e-04 | Train Acc: 0.5692 | Val Acc: 0.1667 | Val P/R/F1 (Macro): 0.3975/0.3610/0.2349 | LR: 0.000001
Epoch [70/100] | SVD update #70: pairs=465, sweeps=3, converged=False, rel_change=2.088e-02, effective_ranks=(316, 28), class_paired=True
Epoch [70/100] | Loss: 3.9730 (Cls: 3.9835, TAL: -0.2610, Adv: 0.2610, OT-Reg: 0.000987) | OT inner objective: -0.0017 | Marginal residual row/col/max: 1.74e-05/1.69e-08/1.74e-05 | Train Acc: 0.5871 | Val Acc: 0.1833 | Val P/R/F1 (Macro): 0.4205/0.3285/0.2254 | LR: 0.000001
Epoch [71/100] | SVD update #71: pairs=465, sweeps=3, converged=False, rel_change=4.828e-03, effective_ranks=(313, 28), class_paired=True
Epoch [71/100] | Loss: 4.2351 (Cls: 4.2256, TAL: -0.2043, Adv: 0.4253, OT-Reg: 0.001017) | OT inner objective: -0.0037 | Marginal residual row/col/max: 6.60e-05/1.33e-08/6.60e-05 | Train Acc: 0.5781 | Val Acc: 0.1833 | Val P/R/F1 (Macro): 0.2947/0.3944/0.2547 | LR: 0.000001
Epoch [72/100] | SVD update #72: pairs=465, sweeps=3, converged=False, rel_change=4.428e-01, effective_ranks=(315, 36), class_paired=True
Epoch [72/100] | Loss: 5.0256 (Cls: 4.9885, TAL: -0.1035, Adv: 0.6188, OT-Reg: 0.001059) | OT inner objective: 0.0513 | Marginal residual row/col/max: 1.46e-05/1.34e-08/1.46e-05 | Train Acc: 0.3772 | Val Acc: 0.2917 | Val P/R/F1 (Macro): 0.2608/0.3597/0.2857 | LR: 0.000001
Epoch [73/100] | SVD update #73: pairs=465, sweeps=3, converged=False, rel_change=1.174e-01, effective_ranks=(313, 28), class_paired=True
Epoch [73/100] | Loss: 4.2378 (Cls: 4.2270, TAL: -0.2124, Adv: 0.4538, OT-Reg: 0.001028) | OT inner objective: -0.0568 | Marginal residual row/col/max: 1.81e-04/1.29e-08/1.81e-04 | Train Acc: 0.5536 | Val Acc: 0.2167 | Val P/R/F1 (Macro): 0.4663/0.4214/0.2794 | LR: 0.000001
Epoch [74/100] | SVD update #74: pairs=465, sweeps=3, converged=False, rel_change=1.316e-01, effective_ranks=(312, 29), class_paired=True
Epoch [74/100] | Loss: 4.2387 (Cls: 4.2370, TAL: -0.1987, Adv: 0.3192, OT-Reg: 0.001053) | OT inner objective: 0.0309 | Marginal residual row/col/max: 7.53e-05/1.16e-08/7.53e-05 | Train Acc: 0.5379 | Val Acc: 0.2833 | Val P/R/F1 (Macro): 0.4338/0.4381/0.3131 | LR: 0.000001
Epoch [75/100] | SVD update #75: pairs=465, sweeps=3, converged=False, rel_change=1.739e-01, effective_ranks=(310, 29), class_paired=True
Epoch [75/100] | Loss: 5.0046 (Cls: 4.9905, TAL: -0.1085, Adv: 0.3383, OT-Reg: 0.001018) | OT inner objective: 0.0296 | Marginal residual row/col/max: 9.80e-05/1.65e-08/9.80e-05 | Train Acc: 0.3125 | Val Acc: 0.1917 | Val P/R/F1 (Macro): 0.2552/0.3095/0.2189 | LR: 0.000001
Epoch [76/100] | SVD update #76: pairs=465, sweeps=3, converged=False, rel_change=1.481e-01, effective_ranks=(310, 29), class_paired=True
Epoch [76/100] | Loss: 5.0688 (Cls: 5.0481, TAL: -0.1761, Adv: 0.5222, OT-Reg: 0.001070) | OT inner objective: 0.0488 | Marginal residual row/col/max: 1.28e-04/1.09e-08/1.28e-04 | Train Acc: 0.3527 | Val Acc: 0.1583 | Val P/R/F1 (Macro): 0.2613/0.2901/0.1945 | LR: 0.000001
Epoch [77/100] | SVD update #77: pairs=465, sweeps=3, converged=False, rel_change=1.825e-02, effective_ranks=(309, 29), class_paired=True
Epoch [77/100] | Loss: 4.2802 (Cls: 4.2581, TAL: -0.2215, Adv: 0.6079, OT-Reg: 0.001072) | OT inner objective: -0.0228 | Marginal residual row/col/max: 1.74e-04/1.02e-08/1.74e-04 | Train Acc: 0.4509 | Val Acc: 0.4083 | Val P/R/F1 (Macro): 0.3070/0.3883/0.3069 | LR: 0.000001
Epoch [78/100] | SVD update #78: pairs=465, sweeps=3, converged=False, rel_change=1.678e-01, effective_ranks=(313, 30), class_paired=True
Epoch [78/100] | Loss: 4.3630 (Cls: 4.3677, TAL: -0.2571, Adv: 0.3271, OT-Reg: 0.001048) | OT inner objective: -0.0178 | Marginal residual row/col/max: 5.20e-05/1.10e-08/5.20e-05 | Train Acc: 0.5558 | Val Acc: 0.1583 | Val P/R/F1 (Macro): 0.3743/0.4389/0.2714 | LR: 0.000001
Epoch [79/100] | SVD update #79: pairs=465, sweeps=3, converged=False, rel_change=1.925e-01, effective_ranks=(312, 28), class_paired=True
Epoch [79/100] | Loss: 5.1587 (Cls: 5.1412, TAL: -0.1251, Adv: 0.4065, OT-Reg: 0.001047) | OT inner objective: -0.0175 | Marginal residual row/col/max: 2.00e-04/1.12e-08/2.00e-04 | Train Acc: 0.3906 | Val Acc: 0.1833 | Val P/R/F1 (Macro): 0.3001/0.3582/0.1967 | LR: 0.000001
Epoch [80/100] | SVD update #80: pairs=465, sweeps=3, converged=False, rel_change=1.661e-02, effective_ranks=(314, 31), class_paired=True
Epoch [80/100] | Loss: 4.1906 (Cls: 4.1785, TAL: -0.2832, Adv: 0.5767, OT-Reg: 0.001071) | OT inner objective: -0.0242 | Marginal residual row/col/max: 7.30e-05/1.17e-08/7.30e-05 | Train Acc: 0.4799 | Val Acc: 0.2333 | Val P/R/F1 (Macro): 0.4819/0.4335/0.3407 | LR: 0.000001
Epoch [81/100] | SVD update #81: pairs=465, sweeps=3, converged=False, rel_change=1.231e-02, effective_ranks=(316, 30), class_paired=True
Epoch [81/100] | Loss: 4.1197 (Cls: 4.1170, TAL: -0.2857, Adv: 0.4628, OT-Reg: 0.001039) | OT inner objective: -0.0760 | Marginal residual row/col/max: 1.28e-04/9.58e-09/1.28e-04 | Train Acc: 0.6094 | Val Acc: 0.1750 | Val P/R/F1 (Macro): 0.2846/0.3582/0.1768 | LR: 0.000001
Epoch [82/100] | SVD update #82: pairs=465, sweeps=3, converged=False, rel_change=2.297e-01, effective_ranks=(312, 29), class_paired=True
Epoch [82/100] | Loss: 4.9892 (Cls: 4.9638, TAL: -0.1935, Adv: 0.6083, OT-Reg: 0.001087) | OT inner objective: 0.0223 | Marginal residual row/col/max: 3.23e-05/1.17e-08/3.23e-05 | Train Acc: 0.3192 | Val Acc: 0.2167 | Val P/R/F1 (Macro): 0.2510/0.3453/0.2477 | LR: 0.000001
Epoch [83/100] | SVD update #83: pairs=465, sweeps=3, converged=False, rel_change=5.174e-02, effective_ranks=(314, 28), class_paired=True
Epoch [83/100] | Loss: 4.1669 (Cls: 4.1593, TAL: -0.2585, Adv: 0.4829, OT-Reg: 0.001039) | OT inner objective: -0.0385 | Marginal residual row/col/max: 1.16e-04/1.38e-08/1.16e-04 | Train Acc: 0.5826 | Val Acc: 0.2417 | Val P/R/F1 (Macro): 0.4024/0.5364/0.3623 | LR: 0.000001
Epoch [84/100] | SVD update #84: pairs=465, sweeps=3, converged=False, rel_change=4.422e-03, effective_ranks=(315, 29), class_paired=True
Epoch [84/100] | Loss: 3.8528 (Cls: 3.8552, TAL: -0.3015, Adv: 0.4219, OT-Reg: 0.001036) | OT inner objective: -0.0252 | Marginal residual row/col/max: 1.63e-04/1.70e-08/1.63e-04 | Train Acc: 0.6451 | Val Acc: 0.2250 | Val P/R/F1 (Macro): 0.3949/0.4964/0.3192 | LR: 0.000001
Epoch [85/100] | SVD update #85: pairs=465, sweeps=3, converged=False, rel_change=1.564e-01, effective_ranks=(313, 28), class_paired=True
Epoch [85/100] | Loss: 4.8000 (Cls: 4.7630, TAL: -0.1378, Adv: 0.6698, OT-Reg: 0.001089) | OT inner objective: -0.0147 | Marginal residual row/col/max: 2.67e-05/1.10e-08/2.67e-05 | Train Acc: 0.3772 | Val Acc: 0.2083 | Val P/R/F1 (Macro): 0.2839/0.3589/0.2327 | LR: 0.000001
Epoch [86/100] | SVD update #86: pairs=465, sweeps=3, converged=False, rel_change=2.349e-02, effective_ranks=(317, 31), class_paired=True
Epoch [86/100] | Loss: 5.1416 (Cls: 5.1099, TAL: -0.0835, Adv: 0.5208, OT-Reg: 0.000977) | OT inner objective: 0.0153 | Marginal residual row/col/max: 8.06e-05/1.88e-08/8.06e-05 | Train Acc: 0.2902 | Val Acc: 0.1833 | Val P/R/F1 (Macro): 0.1557/0.3379/0.2103 | LR: 0.000001
Epoch [87/100] | SVD update #87: pairs=465, sweeps=3, converged=False, rel_change=1.637e-01, effective_ranks=(308, 28), class_paired=True
Epoch [87/100] | Loss: 4.4470 (Cls: 4.4461, TAL: -0.2711, Adv: 0.4180, OT-Reg: 0.001042) | OT inner objective: 0.0360 | Marginal residual row/col/max: 9.44e-05/1.41e-08/9.44e-05 | Train Acc: 0.5737 | Val Acc: 0.1750 | Val P/R/F1 (Macro): 0.4014/0.3968/0.2574 | LR: 0.000001
Epoch [88/100] | SVD update #88: pairs=465, sweeps=3, converged=False, rel_change=1.636e-01, effective_ranks=(316, 28), class_paired=True
Epoch [88/100] | Loss: 5.9197 (Cls: 5.8949, TAL: -0.0611, Adv: 0.4014, OT-Reg: 0.000965) | OT inner objective: 0.0138 | Marginal residual row/col/max: 2.89e-06/1.52e-08/2.89e-06 | Train Acc: 0.2835 | Val Acc: 0.1333 | Val P/R/F1 (Macro): 0.2402/0.3006/0.1723 | LR: 0.000001
Epoch [89/100] | SVD update #89: pairs=465, sweeps=3, converged=False, rel_change=6.019e-03, effective_ranks=(315, 27), class_paired=True
Epoch [89/100] | Loss: 5.7426 (Cls: 5.7003, TAL: -0.1268, Adv: 0.7189, OT-Reg: 0.001064) | OT inner objective: 0.0718 | Marginal residual row/col/max: 2.28e-06/1.48e-08/2.28e-06 | Train Acc: 0.2857 | Val Acc: 0.1417 | Val P/R/F1 (Macro): 0.1520/0.3108/0.1948 | LR: 0.000001
Epoch [90/100] | SVD update #90: pairs=465, sweeps=3, converged=False, rel_change=5.799e-02, effective_ranks=(315, 27), class_paired=True
Epoch [90/100] | Loss: 5.3493 (Cls: 5.3400, TAL: -0.1495, Adv: 0.3403, OT-Reg: 0.001037) | OT inner objective: 0.0033 | Marginal residual row/col/max: 1.91e-05/1.30e-08/1.91e-05 | Train Acc: 0.3281 | Val Acc: 0.1750 | Val P/R/F1 (Macro): 0.2217/0.3396/0.1992 | LR: 0.000001
Epoch [91/100] | SVD update #91: pairs=465, sweeps=3, converged=False, rel_change=8.813e-02, effective_ranks=(315, 31), class_paired=True
Epoch [91/100] | Loss: 4.4225 (Cls: 4.4214, TAL: -0.3323, Adv: 0.5115, OT-Reg: 0.001085) | OT inner objective: -0.0025 | Marginal residual row/col/max: 1.89e-05/9.05e-09/1.89e-05 | Train Acc: 0.5312 | Val Acc: 0.1250 | Val P/R/F1 (Macro): 0.2654/0.2187/0.1294 | LR: 0.000001
Epoch [92/100] | SVD update #92: pairs=465, sweeps=3, converged=False, rel_change=3.189e-01, effective_ranks=(314, 32), class_paired=True
Epoch [92/100] | Loss: 4.6819 (Cls: 4.6709, TAL: -0.2099, Adv: 0.4533, OT-Reg: 0.001058) | OT inner objective: -0.0049 | Marginal residual row/col/max: 6.88e-05/1.20e-08/6.88e-05 | Train Acc: 0.3884 | Val Acc: 0.4083 | Val P/R/F1 (Macro): 0.2328/0.3383/0.2663 | LR: 0.000001
Epoch [93/100] | SVD update #93: pairs=465, sweeps=3, converged=False, rel_change=2.097e-01, effective_ranks=(315, 30), class_paired=True
Epoch [93/100] | Loss: 4.9235 (Cls: 4.9334, TAL: -0.2872, Adv: 0.3069, OT-Reg: 0.001080) | OT inner objective: -0.0477 | Marginal residual row/col/max: 1.97e-04/1.18e-08/1.97e-04 | Train Acc: 0.4598 | Val Acc: 0.3917 | Val P/R/F1 (Macro): 0.2960/0.4792/0.3095 | LR: 0.000001
Epoch [94/100] | SVD update #94: pairs=465, sweeps=3, converged=False, rel_change=1.026e-01, effective_ranks=(317, 29), class_paired=True
Epoch [94/100] | Loss: 5.7748 (Cls: 5.7614, TAL: -0.0965, Adv: 0.3123, OT-Reg: 0.001072) | OT inner objective: -0.0189 | Marginal residual row/col/max: 7.97e-05/1.33e-08/7.97e-05 | Train Acc: 0.3638 | Val Acc: 0.1833 | Val P/R/F1 (Macro): 0.2548/0.3279/0.1842 | LR: 0.000001
Epoch [95/100] | SVD update #95: pairs=465, sweeps=3, converged=False, rel_change=3.653e-02, effective_ranks=(317, 31), class_paired=True
Epoch [95/100] | Loss: 4.9142 (Cls: 4.8971, TAL: -0.1646, Adv: 0.4608, OT-Reg: 0.001058) | OT inner objective: -0.0065 | Marginal residual row/col/max: 4.98e-05/1.24e-08/4.98e-05 | Train Acc: 0.3661 | Val Acc: 0.2417 | Val P/R/F1 (Macro): 0.2909/0.3771/0.2396 | LR: 0.000001
Epoch [96/100] | SVD update #96: pairs=465, sweeps=3, converged=False, rel_change=1.158e-02, effective_ranks=(317, 28), class_paired=True
Epoch [96/100] | Loss: 5.0279 (Cls: 5.0098, TAL: -0.1435, Adv: 0.4410, OT-Reg: 0.001039) | OT inner objective: -0.0219 | Marginal residual row/col/max: 7.87e-05/1.16e-08/7.87e-05 | Train Acc: 0.3705 | Val Acc: 0.2417 | Val P/R/F1 (Macro): 0.1736/0.3938/0.2360 | LR: 0.000001
Epoch [97/100] | SVD update #97: pairs=465, sweeps=3, converged=False, rel_change=2.669e-01, effective_ranks=(316, 30), class_paired=True
Epoch [97/100] | Loss: 4.5295 (Cls: 4.5157, TAL: -0.3129, Adv: 0.6420, OT-Reg: 0.001042) | OT inner objective: -0.0329 | Marginal residual row/col/max: 2.09e-04/1.44e-08/2.09e-04 | Train Acc: 0.4777 | Val Acc: 0.1333 | Val P/R/F1 (Macro): 0.2138/0.3329/0.1355 | LR: 0.000001
Epoch [98/100] | SVD update #98: pairs=465, sweeps=3, converged=False, rel_change=2.467e-01, effective_ranks=(315, 33), class_paired=True
Epoch [98/100] | Loss: 4.7186 (Cls: 4.7034, TAL: -0.1510, Adv: 0.4160, OT-Reg: 0.001122) | OT inner objective: 0.0488 | Marginal residual row/col/max: 4.00e-05/1.17e-08/4.00e-05 | Train Acc: 0.3996 | Val Acc: 0.3500 | Val P/R/F1 (Macro): 0.3912/0.4060/0.3650 | LR: 0.000001
Epoch [99/100] | SVD update #99: pairs=465, sweeps=3, converged=False, rel_change=7.012e-02, effective_ranks=(315, 28), class_paired=True
Epoch [99/100] | Loss: 5.4772 (Cls: 5.4689, TAL: -0.1693, Adv: 0.3583, OT-Reg: 0.001032) | OT inner objective: -0.0242 | Marginal residual row/col/max: 1.04e-04/1.93e-08/1.04e-04 | Train Acc: 0.3504 | Val Acc: 0.1833 | Val P/R/F1 (Macro): 0.4007/0.3527/0.2157 | LR: 0.000001
Epoch [100/100] | SVD update #100: pairs=465, sweeps=3, converged=False, rel_change=1.156e-02, effective_ranks=(316, 28), class_paired=True
Epoch [100/100] | Loss: 4.9272 (Cls: 4.9272, TAL: -0.2171, Adv: 0.3252, OT-Reg: 0.001037) | OT inner objective: 0.0386 | Marginal residual row/col/max: 2.26e-05/1.06e-08/2.26e-05 | Train Acc: 0.3393 | Val Acc: 0.2417 | Val P/R/F1 (Macro): 0.2768/0.3795/0.2317 | LR: 0.000001
Report strategy: last_window, window=10, reported_acc=0.2500, best_acc=0.5250

迭代 4 报告指标:
  Accuracy: 0.2500
  Precision (Macro): 0.2796
  Recall (Macro): 0.3606
  F1 (Macro): 0.2313
  Precision (Micro): 0.2500
  Recall (Micro): 0.2500
  F1 (Micro): 0.2500
  Val class coverage: 8/14 (0.5714), samples=120

================================================================================
迭代 5/5
随机种子: 46
================================================================================
Training mode: full target-label supervision (class-paired batches).
Feature fusion: Tensor alignment (512+512 -> 64+64); fused_dim=128
Domain adaptation: Neural OT generator with 3-domain discriminator
Loss weights: tensor=0.12, adv=0.08
Transport: mode=sinkhorn, epsilon=0.1, Sinkhorn iterations=50, correction scale=0.1, correction regularization weight=0.001
Tensor projection update: once per epoch from the complete target-training pairing bank; projection_dim=64, max_sweeps=3, relative singular-value tolerance=0.0001
Epoch [1/100] | SVD update #1: pairs=465, sweeps=3, converged=True, rel_change=1.778e-05, effective_ranks=(317, 177), class_paired=True
Epoch [1/100] | Loss: 6.7708 (Cls: 6.7643, TAL: -0.0912, Adv: 0.2184, OT-Reg: 0.001200) | OT inner objective: 0.2659 | Marginal residual row/col/max: 1.04e-08/2.04e-08/2.04e-08 | Train Acc: 0.3103 | Val Acc: 0.1000 | Val P/R/F1 (Macro): 0.1080/0.2440/0.0603 | LR: 0.000005
  >>> New Best Val Acc: 0.1000
Epoch [2/100] | SVD update #2: pairs=465, sweeps=3, converged=False, rel_change=4.979e-01, effective_ranks=(317, 65), class_paired=True
Epoch [2/100] | Loss: 6.5574 (Cls: 6.5503, TAL: -0.0959, Adv: 0.2328, OT-Reg: 0.001336) | OT inner objective: 0.2616 | Marginal residual row/col/max: 1.04e-08/1.62e-08/1.68e-08 | Train Acc: 0.3080 | Val Acc: 0.0833 | Val P/R/F1 (Macro): 0.2411/0.1814/0.0958 | LR: 0.000005
Epoch [3/100] | SVD update #3: pairs=465, sweeps=3, converged=False, rel_change=3.389e-01, effective_ranks=(317, 75), class_paired=True
Epoch [3/100] | Loss: 6.9885 (Cls: 6.9561, TAL: 0.1399, Adv: 0.1953, OT-Reg: 0.001065) | OT inner objective: 0.2005 | Marginal residual row/col/max: 2.12e-07/1.53e-08/2.13e-07 | Train Acc: 0.2344 | Val Acc: 0.1000 | Val P/R/F1 (Macro): 0.3039/0.2560/0.2092 | LR: 0.000005
Epoch [4/100] | SVD update #4: pairs=465, sweeps=3, converged=False, rel_change=2.691e-01, effective_ranks=(317, 57), class_paired=True
Epoch [4/100] | Loss: 7.1050 (Cls: 7.0907, TAL: -0.0391, Adv: 0.2380, OT-Reg: 0.001143) | OT inner objective: 0.2585 | Marginal residual row/col/max: 1.08e-08/1.92e-08/1.93e-08 | Train Acc: 0.1339 | Val Acc: 0.1167 | Val P/R/F1 (Macro): 0.0470/0.2341/0.0780 | LR: 0.000005
  >>> New Best Val Acc: 0.1167
Epoch [5/100] | SVD update #5: pairs=465, sweeps=3, converged=False, rel_change=5.899e-01, effective_ranks=(316, 29), class_paired=True
Epoch [5/100] | Loss: 6.5883 (Cls: 6.5650, TAL: 0.0353, Adv: 0.2379, OT-Reg: 0.001271) | OT inner objective: 0.2448 | Marginal residual row/col/max: 1.02e-08/1.46e-08/1.46e-08 | Train Acc: 0.2478 | Val Acc: 0.2500 | Val P/R/F1 (Macro): 0.4375/0.3400/0.2712 | LR: 0.000005
  >>> New Best Val Acc: 0.2500
Epoch [6/100] | SVD update #6: pairs=465, sweeps=3, converged=False, rel_change=1.220e+00, effective_ranks=(317, 32), class_paired=True
Epoch [6/100] | Loss: 6.3224 (Cls: 6.2973, TAL: 0.0906, Adv: 0.1779, OT-Reg: 0.001313) | OT inner objective: 0.2096 | Marginal residual row/col/max: 1.16e-08/1.50e-08/1.56e-08 | Train Acc: 0.2188 | Val Acc: 0.2250 | Val P/R/F1 (Macro): 0.2597/0.3770/0.2173 | LR: 0.000005
Epoch [7/100] | SVD update #7: pairs=465, sweeps=3, converged=False, rel_change=1.630e-01, effective_ranks=(317, 29), class_paired=True
Epoch [7/100] | Loss: 5.8681 (Cls: 5.8630, TAL: -0.0846, Adv: 0.1899, OT-Reg: 0.001271) | OT inner objective: 0.2020 | Marginal residual row/col/max: 1.08e-08/1.14e-08/1.24e-08 | Train Acc: 0.3147 | Val Acc: 0.2583 | Val P/R/F1 (Macro): 0.2441/0.3810/0.2415 | LR: 0.000005
  >>> New Best Val Acc: 0.2583
Epoch [8/100] | SVD update #8: pairs=465, sweeps=3, converged=False, rel_change=6.290e-02, effective_ranks=(317, 37), class_paired=True
Epoch [8/100] | Loss: 5.4328 (Cls: 5.4224, TAL: -0.0272, Adv: 0.1711, OT-Reg: 0.001367) | OT inner objective: 0.1926 | Marginal residual row/col/max: 1.02e-08/1.02e-08/1.17e-08 | Train Acc: 0.3661 | Val Acc: 0.4667 | Val P/R/F1 (Macro): 0.5620/0.6199/0.5041 | LR: 0.000005
  >>> New Best Val Acc: 0.4667
Epoch [9/100] | SVD update #9: pairs=465, sweeps=3, converged=False, rel_change=6.659e-01, effective_ranks=(317, 35), class_paired=True
Epoch [9/100] | Loss: 7.4424 (Cls: 7.4266, TAL: 0.0181, Adv: 0.1698, OT-Reg: 0.001311) | OT inner objective: 0.2155 | Marginal residual row/col/max: 1.02e-08/1.13e-08/1.21e-08 | Train Acc: 0.1518 | Val Acc: 0.3000 | Val P/R/F1 (Macro): 0.2231/0.3240/0.2064 | LR: 0.000005
Epoch [10/100] | SVD update #10: pairs=465, sweeps=3, converged=False, rel_change=3.803e-01, effective_ranks=(316, 35), class_paired=True
Epoch [10/100] | Loss: 6.8798 (Cls: 6.8668, TAL: -0.0109, Adv: 0.1786, OT-Reg: 0.001102) | OT inner objective: 0.1684 | Marginal residual row/col/max: 1.71e-05/2.24e-08/1.71e-05 | Train Acc: 0.1875 | Val Acc: 0.3917 | Val P/R/F1 (Macro): 0.3625/0.3661/0.2471 | LR: 0.000005
Epoch [11/100] | SVD update #11: pairs=465, sweeps=3, converged=False, rel_change=3.934e-01, effective_ranks=(316, 19), class_paired=True
Epoch [11/100] | Loss: 6.6938 (Cls: 6.6858, TAL: -0.0581, Adv: 0.1860, OT-Reg: 0.001268) | OT inner objective: 0.0491 | Marginal residual row/col/max: 2.36e-05/1.38e-08/2.36e-05 | Train Acc: 0.1451 | Val Acc: 0.0667 | Val P/R/F1 (Macro): 0.3007/0.1313/0.0728 | LR: 0.000005
Epoch [12/100] | SVD update #12: pairs=465, sweeps=3, converged=False, rel_change=1.023e-01, effective_ranks=(317, 19), class_paired=True
Epoch [12/100] | Loss: 6.7150 (Cls: 6.7385, TAL: -0.2990, Adv: 0.1542, OT-Reg: 0.001250) | OT inner objective: 0.0481 | Marginal residual row/col/max: 3.18e-06/1.30e-08/3.18e-06 | Train Acc: 0.1607 | Val Acc: 0.2417 | Val P/R/F1 (Macro): 0.3162/0.2037/0.1679 | LR: 0.000005
Epoch [13/100] | SVD update #13: pairs=465, sweeps=3, converged=False, rel_change=2.671e-01, effective_ranks=(317, 31), class_paired=True
Epoch [13/100] | Loss: 6.4361 (Cls: 6.4133, TAL: 0.0641, Adv: 0.1892, OT-Reg: 0.001299) | OT inner objective: 0.2104 | Marginal residual row/col/max: 1.22e-08/1.85e-08/2.08e-08 | Train Acc: 0.2589 | Val Acc: 0.2667 | Val P/R/F1 (Macro): 0.3099/0.3687/0.2093 | LR: 0.000005
Epoch [14/100] | SVD update #14: pairs=465, sweeps=3, converged=False, rel_change=3.581e-02, effective_ranks=(315, 21), class_paired=True
Epoch [14/100] | Loss: 6.3635 (Cls: 6.3715, TAL: -0.1804, Adv: 0.1708, OT-Reg: 0.001269) | OT inner objective: -0.0050 | Marginal residual row/col/max: 7.30e-05/1.20e-08/7.30e-05 | Train Acc: 0.2545 | Val Acc: 0.4833 | Val P/R/F1 (Macro): 0.3513/0.4265/0.3206 | LR: 0.000005
  >>> New Best Val Acc: 0.4833
Epoch [15/100] | SVD update #15: pairs=465, sweeps=3, converged=False, rel_change=7.437e-01, effective_ranks=(314, 33), class_paired=True
Epoch [15/100] | Loss: 7.4088 (Cls: 7.3888, TAL: -0.0031, Adv: 0.2546, OT-Reg: 0.001251) | OT inner objective: 0.1471 | Marginal residual row/col/max: 4.04e-05/1.49e-08/4.04e-05 | Train Acc: 0.2656 | Val Acc: 0.2167 | Val P/R/F1 (Macro): 0.1136/0.1192/0.1122 | LR: 0.000005
Epoch [16/100] | SVD update #16: pairs=465, sweeps=3, converged=False, rel_change=4.450e-02, effective_ranks=(316, 17), class_paired=True
Epoch [16/100] | Loss: 7.2323 (Cls: 7.2128, TAL: 0.0199, Adv: 0.2145, OT-Reg: 0.001173) | OT inner objective: -0.0187 | Marginal residual row/col/max: 8.92e-05/1.48e-08/8.92e-05 | Train Acc: 0.1652 | Val Acc: 0.1500 | Val P/R/F1 (Macro): 0.1296/0.1679/0.0910 | LR: 0.000005
Epoch [17/100] | SVD update #17: pairs=465, sweeps=3, converged=False, rel_change=2.255e-02, effective_ranks=(317, 14), class_paired=True
Epoch [17/100] | Loss: 6.4879 (Cls: 6.4596, TAL: 0.1043, Adv: 0.1973, OT-Reg: 0.001288) | OT inner objective: 0.1637 | Marginal residual row/col/max: 2.23e-06/1.18e-08/2.23e-06 | Train Acc: 0.1451 | Val Acc: 0.1250 | Val P/R/F1 (Macro): 0.4160/0.2687/0.1778 | LR: 0.000005
Epoch [18/100] | SVD update #18: pairs=465, sweeps=3, converged=False, rel_change=2.793e-01, effective_ranks=(317, 25), class_paired=True
Epoch [18/100] | Loss: 6.3567 (Cls: 6.3378, TAL: 0.0275, Adv: 0.1956, OT-Reg: 0.001324) | OT inner objective: 0.1000 | Marginal residual row/col/max: 7.56e-08/1.58e-08/7.96e-08 | Train Acc: 0.1674 | Val Acc: 0.1083 | Val P/R/F1 (Macro): 0.1776/0.1815/0.0958 | LR: 0.000005
Epoch [19/100] | SVD update #19: pairs=465, sweeps=3, converged=False, rel_change=1.636e-01, effective_ranks=(315, 17), class_paired=True
Epoch [19/100] | Loss: 6.3311 (Cls: 6.3126, TAL: -0.0028, Adv: 0.2351, OT-Reg: 0.001203) | OT inner objective: 0.0378 | Marginal residual row/col/max: 1.07e-05/1.61e-08/1.07e-05 | Train Acc: 0.2344 | Val Acc: 0.3583 | Val P/R/F1 (Macro): 0.2289/0.3672/0.2684 | LR: 0.000005
Epoch [20/100] | SVD update #20: pairs=465, sweeps=3, converged=False, rel_change=1.652e-01, effective_ranks=(317, 15), class_paired=True
Epoch [20/100] | Loss: 6.8178 (Cls: 6.8146, TAL: -0.1097, Adv: 0.2053, OT-Reg: 0.001153) | OT inner objective: -0.0295 | Marginal residual row/col/max: 5.78e-06/1.21e-08/5.78e-06 | Train Acc: 0.2210 | Val Acc: 0.0833 | Val P/R/F1 (Macro): 0.2038/0.3364/0.1335 | LR: 0.000005
Epoch [21/100] | SVD update #21: pairs=465, sweeps=3, converged=False, rel_change=2.947e-02, effective_ranks=(317, 13), class_paired=True
Epoch [21/100] | Loss: 6.2229 (Cls: 6.2352, TAL: -0.2116, Adv: 0.1642, OT-Reg: 0.001184) | OT inner objective: -0.1532 | Marginal residual row/col/max: 5.36e-05/1.69e-08/5.36e-05 | Train Acc: 0.2902 | Val Acc: 0.3167 | Val P/R/F1 (Macro): 0.1721/0.3257/0.1946 | LR: 0.000005
Epoch [22/100] | SVD update #22: pairs=465, sweeps=3, converged=False, rel_change=7.347e-02, effective_ranks=(316, 17), class_paired=True
Epoch [22/100] | Loss: 5.9061 (Cls: 5.9182, TAL: -0.1931, Adv: 0.1390, OT-Reg: 0.001262) | OT inner objective: -0.0815 | Marginal residual row/col/max: 8.97e-06/1.06e-08/8.97e-06 | Train Acc: 0.2991 | Val Acc: 0.1500 | Val P/R/F1 (Macro): 0.2598/0.4258/0.2452 | LR: 0.000005
Epoch [23/100] | SVD update #23: pairs=465, sweeps=3, converged=False, rel_change=7.973e-03, effective_ranks=(315, 15), class_paired=True
Epoch [23/100] | Loss: 5.6806 (Cls: 5.7117, TAL: -0.3584, Adv: 0.1500, OT-Reg: 0.001202) | OT inner objective: -0.1317 | Marginal residual row/col/max: 5.22e-05/1.08e-08/5.22e-05 | Train Acc: 0.3371 | Val Acc: 0.2167 | Val P/R/F1 (Macro): 0.6006/0.5193/0.3352 | LR: 0.000005
Epoch [24/100] | SVD update #24: pairs=465, sweeps=3, converged=False, rel_change=1.523e-02, effective_ranks=(316, 16), class_paired=True
Epoch [24/100] | Loss: 5.0869 (Cls: 5.1022, TAL: -0.2485, Adv: 0.1821, OT-Reg: 0.001265) | OT inner objective: -0.1415 | Marginal residual row/col/max: 1.03e-04/1.13e-08/1.03e-04 | Train Acc: 0.4621 | Val Acc: 0.2583 | Val P/R/F1 (Macro): 0.5147/0.5959/0.3991 | LR: 0.000005
Epoch [25/100] | SVD update #25: pairs=465, sweeps=3, converged=False, rel_change=5.426e-03, effective_ranks=(317, 20), class_paired=True
Epoch [25/100] | Loss: 5.0785 (Cls: 5.0931, TAL: -0.2208, Adv: 0.1486, OT-Reg: 0.001211) | OT inner objective: -0.1271 | Marginal residual row/col/max: 1.18e-04/1.12e-08/1.18e-04 | Train Acc: 0.4799 | Val Acc: 0.4000 | Val P/R/F1 (Macro): 0.4711/0.6476/0.4631 | LR: 0.000003
Epoch [26/100] | SVD update #26: pairs=465, sweeps=3, converged=False, rel_change=2.998e-02, effective_ranks=(314, 17), class_paired=True
Epoch [26/100] | Loss: 5.1968 (Cls: 5.2000, TAL: -0.1169, Adv: 0.1354, OT-Reg: 0.001245) | OT inner objective: 0.0007 | Marginal residual row/col/max: 5.57e-06/1.52e-08/5.57e-06 | Train Acc: 0.4531 | Val Acc: 0.1333 | Val P/R/F1 (Macro): 0.3945/0.4052/0.2225 | LR: 0.000003
Epoch [27/100] | SVD update #27: pairs=465, sweeps=3, converged=False, rel_change=1.503e-01, effective_ranks=(315, 21), class_paired=True
Epoch [27/100] | Loss: 5.1690 (Cls: 5.1648, TAL: -0.0831, Adv: 0.1772, OT-Reg: 0.001163) | OT inner objective: -0.0026 | Marginal residual row/col/max: 6.52e-05/1.30e-08/6.52e-05 | Train Acc: 0.4375 | Val Acc: 0.3833 | Val P/R/F1 (Macro): 0.4579/0.5494/0.4009 | LR: 0.000003
Epoch [28/100] | SVD update #28: pairs=465, sweeps=3, converged=False, rel_change=8.375e-02, effective_ranks=(314, 21), class_paired=True
Epoch [28/100] | Loss: 4.9820 (Cls: 4.9878, TAL: -0.2099, Adv: 0.2422, OT-Reg: 0.001163) | OT inner objective: -0.0451 | Marginal residual row/col/max: 6.54e-05/1.40e-08/6.54e-05 | Train Acc: 0.4643 | Val Acc: 0.1500 | Val P/R/F1 (Macro): 0.2221/0.4255/0.2347 | LR: 0.000003
Epoch [29/100] | SVD update #29: pairs=465, sweeps=3, converged=False, rel_change=3.471e-03, effective_ranks=(316, 21), class_paired=True
Epoch [29/100] | Loss: 4.8036 (Cls: 4.8134, TAL: -0.2124, Adv: 0.1963, OT-Reg: 0.001222) | OT inner objective: -0.1012 | Marginal residual row/col/max: 7.33e-05/1.26e-08/7.33e-05 | Train Acc: 0.4643 | Val Acc: 0.4250 | Val P/R/F1 (Macro): 0.4840/0.5824/0.4701 | LR: 0.000003
Epoch [30/100] | SVD update #30: pairs=465, sweeps=3, converged=False, rel_change=9.539e-03, effective_ranks=(315, 23), class_paired=True
Epoch [30/100] | Loss: 4.9115 (Cls: 4.9177, TAL: -0.1860, Adv: 0.2017, OT-Reg: 0.001053) | OT inner objective: -0.0087 | Marginal residual row/col/max: 3.19e-04/1.82e-08/3.19e-04 | Train Acc: 0.5156 | Val Acc: 0.2417 | Val P/R/F1 (Macro): 0.3459/0.4687/0.3367 | LR: 0.000003
Epoch [31/100] | SVD update #31: pairs=465, sweeps=3, converged=False, rel_change=1.170e-02, effective_ranks=(314, 23), class_paired=True
Epoch [31/100] | Loss: 4.7119 (Cls: 4.7223, TAL: -0.2042, Adv: 0.1773, OT-Reg: 0.001189) | OT inner objective: -0.0706 | Marginal residual row/col/max: 5.95e-05/1.77e-08/5.95e-05 | Train Acc: 0.5335 | Val Acc: 0.1250 | Val P/R/F1 (Macro): 0.2166/0.3842/0.2220 | LR: 0.000003
Epoch [32/100] | SVD update #32: pairs=465, sweeps=3, converged=False, rel_change=6.585e-03, effective_ranks=(316, 22), class_paired=True
Epoch [32/100] | Loss: 4.5204 (Cls: 4.5295, TAL: -0.2392, Adv: 0.2441, OT-Reg: 0.001259) | OT inner objective: -0.1907 | Marginal residual row/col/max: 2.41e-04/1.06e-08/2.41e-04 | Train Acc: 0.5201 | Val Acc: 0.2333 | Val P/R/F1 (Macro): 0.4289/0.4911/0.3309 | LR: 0.000003
Epoch [33/100] | SVD update #33: pairs=465, sweeps=3, converged=False, rel_change=1.010e-02, effective_ranks=(317, 25), class_paired=True
Epoch [33/100] | Loss: 4.6305 (Cls: 4.6374, TAL: -0.1945, Adv: 0.2055, OT-Reg: 0.001262) | OT inner objective: -0.0790 | Marginal residual row/col/max: 6.75e-05/1.08e-08/6.75e-05 | Train Acc: 0.5045 | Val Acc: 0.1917 | Val P/R/F1 (Macro): 0.3199/0.3026/0.2114 | LR: 0.000003
Epoch [34/100] | SVD update #34: pairs=465, sweeps=3, converged=False, rel_change=1.060e-01, effective_ranks=(315, 24), class_paired=True
Epoch [34/100] | Loss: 6.9110 (Cls: 6.9121, TAL: -0.1654, Adv: 0.2350, OT-Reg: 0.001245) | OT inner objective: -0.0393 | Marginal residual row/col/max: 1.38e-04/1.21e-08/1.38e-04 | Train Acc: 0.2679 | Val Acc: 0.1667 | Val P/R/F1 (Macro): 0.1485/0.1735/0.1071 | LR: 0.000003
Epoch [35/100] | SVD update #35: pairs=465, sweeps=3, converged=False, rel_change=1.119e-01, effective_ranks=(317, 29), class_paired=True
Epoch [35/100] | Loss: 7.8279 (Cls: 7.8120, TAL: 0.0106, Adv: 0.1833, OT-Reg: 0.001208) | OT inner objective: 0.1015 | Marginal residual row/col/max: 1.04e-05/1.21e-08/1.04e-05 | Train Acc: 0.1473 | Val Acc: 0.0500 | Val P/R/F1 (Macro): 0.0443/0.0789/0.0371 | LR: 0.000003
Epoch [36/100] | SVD update #36: pairs=465, sweeps=3, converged=False, rel_change=5.463e-02, effective_ranks=(316, 21), class_paired=True
Epoch [36/100] | Loss: 6.0250 (Cls: 6.0214, TAL: -0.0917, Adv: 0.1825, OT-Reg: 0.001305) | OT inner objective: 0.0159 | Marginal residual row/col/max: 1.58e-05/1.09e-08/1.58e-05 | Train Acc: 0.3438 | Val Acc: 0.2250 | Val P/R/F1 (Macro): 0.2250/0.5272/0.2660 | LR: 0.000001
Epoch [37/100] | SVD update #37: pairs=465, sweeps=3, converged=False, rel_change=5.179e-02, effective_ranks=(315, 23), class_paired=True
Epoch [37/100] | Loss: 9.5623 (Cls: 9.5618, TAL: -0.1891, Adv: 0.2895, OT-Reg: 0.001316) | OT inner objective: 0.0174 | Marginal residual row/col/max: 1.87e-07/9.98e-09/1.87e-07 | Train Acc: 0.0670 | Val Acc: 0.0917 | Val P/R/F1 (Macro): 0.2471/0.1631/0.0728 | LR: 0.000001
Epoch [38/100] | SVD update #38: pairs=465, sweeps=3, converged=False, rel_change=2.846e-01, effective_ranks=(317, 18), class_paired=True
Epoch [38/100] | Loss: 7.4035 (Cls: 7.3971, TAL: -0.1358, Adv: 0.2837, OT-Reg: 0.001086) | OT inner objective: 0.0023 | Marginal residual row/col/max: 4.57e-07/2.33e-08/4.57e-07 | Train Acc: 0.2054 | Val Acc: 0.2250 | Val P/R/F1 (Macro): 0.1611/0.1840/0.1299 | LR: 0.000001
Epoch [39/100] | SVD update #39: pairs=465, sweeps=3, converged=False, rel_change=6.593e-02, effective_ranks=(317, 16), class_paired=True
Epoch [39/100] | Loss: 6.6516 (Cls: 6.6493, TAL: -0.1121, Adv: 0.1970, OT-Reg: 0.001146) | OT inner objective: 0.0395 | Marginal residual row/col/max: 2.14e-07/1.58e-08/2.14e-07 | Train Acc: 0.2411 | Val Acc: 0.1583 | Val P/R/F1 (Macro): 0.0814/0.3012/0.1263 | LR: 0.000001
Epoch [40/100] | SVD update #40: pairs=465, sweeps=3, converged=False, rel_change=4.417e-02, effective_ranks=(314, 18), class_paired=True
Epoch [40/100] | Loss: 6.0714 (Cls: 6.0814, TAL: -0.1878, Adv: 0.1562, OT-Reg: 0.000966) | OT inner objective: 0.0385 | Marginal residual row/col/max: 5.34e-06/2.62e-08/5.34e-06 | Train Acc: 0.2455 | Val Acc: 0.1500 | Val P/R/F1 (Macro): 0.1899/0.2661/0.2080 | LR: 0.000001
Epoch [41/100] | SVD update #41: pairs=465, sweeps=3, converged=False, rel_change=1.685e-01, effective_ranks=(316, 20), class_paired=True
Epoch [41/100] | Loss: 5.8935 (Cls: 5.8798, TAL: -0.0834, Adv: 0.2960, OT-Reg: 0.001118) | OT inner objective: 0.0341 | Marginal residual row/col/max: 8.13e-05/2.69e-08/8.13e-05 | Train Acc: 0.2656 | Val Acc: 0.2417 | Val P/R/F1 (Macro): 0.3202/0.3799/0.3131 | LR: 0.000001
Epoch [42/100] | SVD update #42: pairs=465, sweeps=3, converged=False, rel_change=8.099e-02, effective_ranks=(316, 21), class_paired=True
Epoch [42/100] | Loss: 5.6180 (Cls: 5.6166, TAL: -0.1234, Adv: 0.2030, OT-Reg: 0.001183) | OT inner objective: -0.0275 | Marginal residual row/col/max: 3.73e-05/1.97e-08/3.73e-05 | Train Acc: 0.3683 | Val Acc: 0.1917 | Val P/R/F1 (Macro): 0.2771/0.4766/0.2976 | LR: 0.000001
Epoch [43/100] | SVD update #43: pairs=465, sweeps=3, converged=False, rel_change=9.542e-02, effective_ranks=(316, 21), class_paired=True
Epoch [43/100] | Loss: 5.7197 (Cls: 5.7024, TAL: -0.1014, Adv: 0.3691, OT-Reg: 0.001265) | OT inner objective: 0.0521 | Marginal residual row/col/max: 8.23e-06/1.37e-08/8.23e-06 | Train Acc: 0.3728 | Val Acc: 0.1417 | Val P/R/F1 (Macro): 0.2789/0.4602/0.2652 | LR: 0.000001
Epoch [44/100] | SVD update #44: pairs=465, sweeps=3, converged=False, rel_change=9.811e-02, effective_ranks=(316, 21), class_paired=True
Epoch [44/100] | Loss: 5.7711 (Cls: 5.7605, TAL: -0.1094, Adv: 0.2968, OT-Reg: 0.001289) | OT inner objective: 0.0317 | Marginal residual row/col/max: 1.98e-06/1.24e-08/1.98e-06 | Train Acc: 0.2411 | Val Acc: 0.1667 | Val P/R/F1 (Macro): 0.2598/0.3160/0.2423 | LR: 0.000001
Epoch [45/100] | SVD update #45: pairs=465, sweeps=3, converged=False, rel_change=3.208e-02, effective_ranks=(317, 21), class_paired=True
Epoch [45/100] | Loss: 5.0934 (Cls: 5.1023, TAL: -0.2486, Adv: 0.2622, OT-Reg: 0.001209) | OT inner objective: -0.0377 | Marginal residual row/col/max: 7.14e-05/2.30e-08/7.14e-05 | Train Acc: 0.4688 | Val Acc: 0.2000 | Val P/R/F1 (Macro): 0.3170/0.4983/0.2819 | LR: 0.000001
Epoch [46/100] | SVD update #46: pairs=465, sweeps=3, converged=False, rel_change=1.229e-01, effective_ranks=(317, 19), class_paired=True
Epoch [46/100] | Loss: 5.2673 (Cls: 5.2519, TAL: -0.1111, Adv: 0.3593, OT-Reg: 0.001194) | OT inner objective: 0.0200 | Marginal residual row/col/max: 3.20e-05/1.53e-08/3.20e-05 | Train Acc: 0.3817 | Val Acc: 0.1500 | Val P/R/F1 (Macro): 0.2415/0.3875/0.2554 | LR: 0.000001
Epoch [47/100] | SVD update #47: pairs=465, sweeps=3, converged=False, rel_change=4.691e-01, effective_ranks=(316, 17), class_paired=True
Epoch [47/100] | Loss: 6.1983 (Cls: 6.1658, TAL: 0.0268, Adv: 0.3658, OT-Reg: 0.001242) | OT inner objective: 0.1100 | Marginal residual row/col/max: 5.20e-08/1.29e-08/5.39e-08 | Train Acc: 0.2210 | Val Acc: 0.1750 | Val P/R/F1 (Macro): 0.1427/0.2357/0.1266 | LR: 0.000001
Epoch [48/100] | SVD update #48: pairs=465, sweeps=3, converged=False, rel_change=2.265e-02, effective_ranks=(317, 17), class_paired=True
Epoch [48/100] | Loss: 6.3966 (Cls: 6.3642, TAL: 0.0815, Adv: 0.2829, OT-Reg: 0.001185) | OT inner objective: 0.0042 | Marginal residual row/col/max: 5.37e-07/1.74e-08/5.38e-07 | Train Acc: 0.2031 | Val Acc: 0.0667 | Val P/R/F1 (Macro): 0.0923/0.1499/0.0771 | LR: 0.000001
Epoch [49/100] | SVD update #49: pairs=465, sweeps=3, converged=False, rel_change=1.220e-02, effective_ranks=(317, 18), class_paired=True
Epoch [49/100] | Loss: 5.9346 (Cls: 5.8838, TAL: 0.1110, Adv: 0.4693, OT-Reg: 0.001217) | OT inner objective: 0.0153 | Marginal residual row/col/max: 8.87e-08/1.89e-08/9.13e-08 | Train Acc: 0.2165 | Val Acc: 0.0833 | Val P/R/F1 (Macro): 0.0962/0.1542/0.1029 | LR: 0.000001
Epoch [50/100] | SVD update #50: pairs=465, sweeps=3, converged=False, rel_change=1.210e-02, effective_ranks=(317, 16), class_paired=True
Epoch [50/100] | Loss: 6.1358 (Cls: 6.0811, TAL: 0.1516, Adv: 0.4558, OT-Reg: 0.001228) | OT inner objective: -0.0281 | Marginal residual row/col/max: 2.37e-07/1.94e-08/2.39e-07 | Train Acc: 0.2254 | Val Acc: 0.0833 | Val P/R/F1 (Macro): 0.0967/0.1707/0.0856 | LR: 0.000001
Epoch [51/100] | SVD update #51: pairs=465, sweeps=3, converged=False, rel_change=4.503e-03, effective_ranks=(317, 17), class_paired=True
Epoch [51/100] | Loss: 5.8648 (Cls: 5.8272, TAL: 0.0785, Adv: 0.3531, OT-Reg: 0.001054) | OT inner objective: 0.0130 | Marginal residual row/col/max: 2.58e-06/2.94e-08/2.59e-06 | Train Acc: 0.2411 | Val Acc: 0.1583 | Val P/R/F1 (Macro): 0.1552/0.2069/0.1302 | LR: 0.000001
Epoch [52/100] | SVD update #52: pairs=465, sweeps=3, converged=False, rel_change=1.132e-02, effective_ranks=(317, 18), class_paired=True
Epoch [52/100] | Loss: 5.7858 (Cls: 5.7487, TAL: 0.0414, Adv: 0.4014, OT-Reg: 0.001063) | OT inner objective: -0.0097 | Marginal residual row/col/max: 8.03e-07/2.20e-08/8.05e-07 | Train Acc: 0.2388 | Val Acc: 0.0833 | Val P/R/F1 (Macro): 0.0865/0.1599/0.0864 | LR: 0.000001
Epoch [53/100] | SVD update #53: pairs=465, sweeps=3, converged=False, rel_change=2.911e-02, effective_ranks=(317, 17), class_paired=True
Epoch [53/100] | Loss: 5.9751 (Cls: 5.9419, TAL: 0.0403, Adv: 0.3544, OT-Reg: 0.001036) | OT inner objective: 0.0313 | Marginal residual row/col/max: 9.58e-06/1.90e-08/9.58e-06 | Train Acc: 0.2210 | Val Acc: 0.1000 | Val P/R/F1 (Macro): 0.1583/0.2048/0.1165 | LR: 0.000001
Epoch [54/100] | SVD update #54: pairs=465, sweeps=3, converged=False, rel_change=4.547e-02, effective_ranks=(316, 16), class_paired=True
Epoch [54/100] | Loss: 6.2619 (Cls: 6.2128, TAL: 0.0645, Adv: 0.5179, OT-Reg: 0.001134) | OT inner objective: -0.0384 | Marginal residual row/col/max: 1.01e-04/1.41e-08/1.01e-04 | Train Acc: 0.2411 | Val Acc: 0.1000 | Val P/R/F1 (Macro): 0.1131/0.2175/0.1272 | LR: 0.000001
Epoch [55/100] | SVD update #55: pairs=465, sweeps=3, converged=False, rel_change=4.834e-02, effective_ranks=(317, 18), class_paired=True
Epoch [55/100] | Loss: 5.9128 (Cls: 5.8740, TAL: 0.0794, Adv: 0.3661, OT-Reg: 0.001104) | OT inner objective: 0.0023 | Marginal residual row/col/max: 2.76e-05/1.93e-08/2.76e-05 | Train Acc: 0.1741 | Val Acc: 0.1833 | Val P/R/F1 (Macro): 0.2310/0.2436/0.1608 | LR: 0.000001
Epoch [56/100] | SVD update #56: pairs=465, sweeps=3, converged=False, rel_change=1.121e-02, effective_ranks=(317, 21), class_paired=True
Epoch [56/100] | Loss: 5.9085 (Cls: 5.8752, TAL: 0.0317, Adv: 0.3690, OT-Reg: 0.001195) | OT inner objective: 0.0281 | Marginal residual row/col/max: 8.76e-07/2.26e-08/8.80e-07 | Train Acc: 0.1964 | Val Acc: 0.1333 | Val P/R/F1 (Macro): 0.1574/0.1897/0.1512 | LR: 0.000001
Epoch [57/100] | SVD update #57: pairs=465, sweeps=3, converged=False, rel_change=1.473e-02, effective_ranks=(314, 22), class_paired=True
Epoch [57/100] | Loss: 5.6354 (Cls: 5.6008, TAL: 0.0468, Adv: 0.3632, OT-Reg: 0.001081) | OT inner objective: 0.0382 | Marginal residual row/col/max: 6.38e-05/2.63e-08/6.38e-05 | Train Acc: 0.2277 | Val Acc: 0.2083 | Val P/R/F1 (Macro): 0.2719/0.2187/0.1779 | LR: 0.000001
Epoch [58/100] | SVD update #58: pairs=465, sweeps=3, converged=False, rel_change=1.039e-02, effective_ranks=(317, 19), class_paired=True
Epoch [58/100] | Loss: 5.6545 (Cls: 5.6196, TAL: 0.0754, Adv: 0.3228, OT-Reg: 0.001138) | OT inner objective: 0.0121 | Marginal residual row/col/max: 1.48e-05/2.37e-08/1.48e-05 | Train Acc: 0.2679 | Val Acc: 0.2000 | Val P/R/F1 (Macro): 0.2437/0.2400/0.1970 | LR: 0.000001
Epoch [59/100] | SVD update #59: pairs=465, sweeps=3, converged=False, rel_change=3.064e-03, effective_ranks=(317, 18), class_paired=True
Epoch [59/100] | Loss: 5.6224 (Cls: 5.5903, TAL: 0.0107, Adv: 0.3856, OT-Reg: 0.001093) | OT inner objective: -0.0229 | Marginal residual row/col/max: 1.30e-06/2.63e-08/1.30e-06 | Train Acc: 0.3304 | Val Acc: 0.0917 | Val P/R/F1 (Macro): 0.0990/0.1936/0.0944 | LR: 0.000001
Epoch [60/100] | SVD update #60: pairs=465, sweeps=3, converged=False, rel_change=1.274e-01, effective_ranks=(317, 18), class_paired=True
Epoch [60/100] | Loss: 7.6105 (Cls: 7.5858, TAL: 0.0122, Adv: 0.2896, OT-Reg: 0.001276) | OT inner objective: -0.0883 | Marginal residual row/col/max: 6.24e-05/1.06e-08/6.24e-05 | Train Acc: 0.2634 | Val Acc: 0.0917 | Val P/R/F1 (Macro): 0.1356/0.1486/0.0762 | LR: 0.000001
Epoch [61/100] | SVD update #61: pairs=465, sweeps=3, converged=False, rel_change=8.793e-02, effective_ranks=(315, 18), class_paired=True
Epoch [61/100] | Loss: 5.5863 (Cls: 5.5563, TAL: 0.0241, Adv: 0.3386, OT-Reg: 0.001142) | OT inner objective: -0.0136 | Marginal residual row/col/max: 1.79e-06/1.90e-08/1.79e-06 | Train Acc: 0.2835 | Val Acc: 0.1333 | Val P/R/F1 (Macro): 0.1750/0.1925/0.1125 | LR: 0.000001
Epoch [62/100] | SVD update #62: pairs=465, sweeps=3, converged=False, rel_change=8.465e-03, effective_ranks=(316, 17), class_paired=True
Epoch [62/100] | Loss: 5.3957 (Cls: 5.3560, TAL: 0.0343, Adv: 0.4443, OT-Reg: 0.001159) | OT inner objective: 0.0099 | Marginal residual row/col/max: 8.84e-06/2.17e-08/8.84e-06 | Train Acc: 0.3013 | Val Acc: 0.1500 | Val P/R/F1 (Macro): 0.1282/0.2182/0.1191 | LR: 0.000001
Epoch [63/100] | SVD update #63: pairs=465, sweeps=3, converged=False, rel_change=1.237e-02, effective_ranks=(316, 17), class_paired=True
Epoch [63/100] | Loss: 5.4216 (Cls: 5.3947, TAL: 0.0355, Adv: 0.2830, OT-Reg: 0.000965) | OT inner objective: -0.0074 | Marginal residual row/col/max: 2.64e-05/2.95e-08/2.64e-05 | Train Acc: 0.3080 | Val Acc: 0.1667 | Val P/R/F1 (Macro): 0.1448/0.2173/0.1280 | LR: 0.000001
Epoch [64/100] | SVD update #64: pairs=465, sweeps=3, converged=False, rel_change=5.971e-02, effective_ranks=(317, 16), class_paired=True
Epoch [64/100] | Loss: 6.3224 (Cls: 6.2580, TAL: 0.1346, Adv: 0.6034, OT-Reg: 0.000883) | OT inner objective: -0.0430 | Marginal residual row/col/max: 5.41e-06/3.99e-08/5.41e-06 | Train Acc: 0.2656 | Val Acc: 0.3083 | Val P/R/F1 (Macro): 0.1757/0.2708/0.1978 | LR: 0.000001
Epoch [65/100] | SVD update #65: pairs=465, sweeps=3, converged=False, rel_change=3.220e-02, effective_ranks=(317, 16), class_paired=True
Epoch [65/100] | Loss: 5.4487 (Cls: 5.4205, TAL: -0.0297, Adv: 0.3976, OT-Reg: 0.000938) | OT inner objective: 0.0069 | Marginal residual row/col/max: 1.54e-04/3.54e-08/1.54e-04 | Train Acc: 0.2835 | Val Acc: 0.1333 | Val P/R/F1 (Macro): 0.1409/0.1987/0.1209 | LR: 0.000001
Epoch [66/100] | SVD update #66: pairs=465, sweeps=3, converged=False, rel_change=1.200e-01, effective_ranks=(315, 15), class_paired=True
Epoch [66/100] | Loss: 6.2246 (Cls: 6.1789, TAL: 0.0794, Adv: 0.4526, OT-Reg: 0.001001) | OT inner objective: 0.0285 | Marginal residual row/col/max: 4.53e-06/1.73e-08/4.53e-06 | Train Acc: 0.2634 | Val Acc: 0.0750 | Val P/R/F1 (Macro): 0.0850/0.1455/0.0666 | LR: 0.000001
Epoch [67/100] | SVD update #67: pairs=465, sweeps=3, converged=False, rel_change=6.676e-04, effective_ranks=(316, 15), class_paired=True
Epoch [67/100] | Loss: 5.9660 (Cls: 5.9215, TAL: 0.0491, Adv: 0.4827, OT-Reg: 0.000965) | OT inner objective: -0.0674 | Marginal residual row/col/max: 4.64e-05/1.85e-08/4.64e-05 | Train Acc: 0.2790 | Val Acc: 0.1583 | Val P/R/F1 (Macro): 0.1588/0.2054/0.1319 | LR: 0.000001
Epoch [68/100] | SVD update #68: pairs=465, sweeps=3, converged=False, rel_change=1.285e-02, effective_ranks=(316, 20), class_paired=True
Epoch [68/100] | Loss: 5.7469 (Cls: 5.7116, TAL: 0.0552, Adv: 0.3586, OT-Reg: 0.001153) | OT inner objective: -0.0589 | Marginal residual row/col/max: 1.30e-04/1.53e-08/1.30e-04 | Train Acc: 0.2946 | Val Acc: 0.1250 | Val P/R/F1 (Macro): 0.1975/0.2318/0.1587 | LR: 0.000001
Epoch [69/100] | SVD update #69: pairs=465, sweeps=3, converged=False, rel_change=1.372e-02, effective_ranks=(315, 16), class_paired=True
Epoch [69/100] | Loss: 5.7877 (Cls: 5.7558, TAL: 0.0145, Adv: 0.3771, OT-Reg: 0.000979) | OT inner objective: -0.0430 | Marginal residual row/col/max: 1.56e-04/1.70e-08/1.56e-04 | Train Acc: 0.2835 | Val Acc: 0.1000 | Val P/R/F1 (Macro): 0.1591/0.2090/0.1324 | LR: 0.000001
Epoch [70/100] | SVD update #70: pairs=465, sweeps=3, converged=False, rel_change=1.444e-02, effective_ranks=(316, 19), class_paired=True
Epoch [70/100] | Loss: 5.6079 (Cls: 5.5735, TAL: 0.0082, Adv: 0.4186, OT-Reg: 0.001071) | OT inner objective: -0.0212 | Marginal residual row/col/max: 9.43e-05/1.49e-08/9.43e-05 | Train Acc: 0.2723 | Val Acc: 0.1833 | Val P/R/F1 (Macro): 0.1683/0.2198/0.1564 | LR: 0.000001
Epoch [71/100] | SVD update #71: pairs=465, sweeps=3, converged=False, rel_change=7.442e-04, effective_ranks=(316, 19), class_paired=True
Epoch [71/100] | Loss: 5.6617 (Cls: 5.6236, TAL: 0.0499, Adv: 0.4016, OT-Reg: 0.000985) | OT inner objective: -0.0423 | Marginal residual row/col/max: 1.45e-04/2.95e-08/1.45e-04 | Train Acc: 0.2478 | Val Acc: 0.2667 | Val P/R/F1 (Macro): 0.2682/0.2788/0.2199 | LR: 0.000001
Epoch [72/100] | SVD update #72: pairs=465, sweeps=3, converged=False, rel_change=2.270e-02, effective_ranks=(316, 20), class_paired=True
Epoch [72/100] | Loss: 5.6352 (Cls: 5.6047, TAL: 0.0418, Adv: 0.3193, OT-Reg: 0.001129) | OT inner objective: 0.0203 | Marginal residual row/col/max: 3.80e-05/1.81e-08/3.80e-05 | Train Acc: 0.2656 | Val Acc: 0.1583 | Val P/R/F1 (Macro): 0.1925/0.2051/0.1442 | LR: 0.000001
Epoch [73/100] | SVD update #73: pairs=465, sweeps=3, converged=False, rel_change=1.600e-02, effective_ranks=(317, 19), class_paired=True
Epoch [73/100] | Loss: 5.5275 (Cls: 5.4886, TAL: -0.0048, Adv: 0.4939, OT-Reg: 0.001214) | OT inner objective: -0.0701 | Marginal residual row/col/max: 1.32e-04/2.14e-08/1.32e-04 | Train Acc: 0.2879 | Val Acc: 0.1250 | Val P/R/F1 (Macro): 0.1636/0.1965/0.1201 | LR: 0.000001
Epoch [74/100] | SVD update #74: pairs=465, sweeps=3, converged=False, rel_change=1.007e-01, effective_ranks=(317, 20), class_paired=True
Epoch [74/100] | Loss: 7.5433 (Cls: 7.5225, TAL: -0.0340, Adv: 0.3114, OT-Reg: 0.001159) | OT inner objective: 0.0009 | Marginal residual row/col/max: 5.39e-05/1.49e-08/5.39e-05 | Train Acc: 0.2210 | Val Acc: 0.0667 | Val P/R/F1 (Macro): 0.1842/0.1442/0.0686 | LR: 0.000001
Epoch [75/100] | SVD update #75: pairs=465, sweeps=3, converged=False, rel_change=2.467e-01, effective_ranks=(317, 17), class_paired=True
Epoch [75/100] | Loss: 8.9816 (Cls: 8.9574, TAL: -0.0525, Adv: 0.3807, OT-Reg: 0.001133) | OT inner objective: -0.1055 | Marginal residual row/col/max: 2.82e-04/1.17e-08/2.82e-04 | Train Acc: 0.2054 | Val Acc: 0.0417 | Val P/R/F1 (Macro): 0.0391/0.1250/0.0595 | LR: 0.000001
Epoch [76/100] | SVD update #76: pairs=465, sweeps=3, converged=False, rel_change=3.002e-02, effective_ranks=(315, 17), class_paired=True
Epoch [76/100] | Loss: 8.5430 (Cls: 8.5114, TAL: 0.0019, Adv: 0.3921, OT-Reg: 0.001141) | OT inner objective: -0.1358 | Marginal residual row/col/max: 2.61e-04/1.18e-08/2.61e-04 | Train Acc: 0.2634 | Val Acc: 0.1083 | Val P/R/F1 (Macro): 0.1443/0.1924/0.1305 | LR: 0.000001
Epoch [77/100] | SVD update #77: pairs=465, sweeps=3, converged=False, rel_change=2.861e-01, effective_ranks=(315, 19), class_paired=True
Epoch [77/100] | Loss: 8.1999 (Cls: 8.1430, TAL: 0.1552, Adv: 0.4786, OT-Reg: 0.001082) | OT inner objective: 0.0218 | Marginal residual row/col/max: 1.25e-05/2.28e-08/1.25e-05 | Train Acc: 0.0647 | Val Acc: 0.0750 | Val P/R/F1 (Macro): 0.0730/0.0463/0.0435 | LR: 0.000001
Epoch [78/100] | SVD update #78: pairs=465, sweeps=3, converged=False, rel_change=2.869e-02, effective_ranks=(314, 21), class_paired=True
Epoch [78/100] | Loss: 7.8918 (Cls: 7.8453, TAL: 0.1718, Adv: 0.3236, OT-Reg: 0.001010) | OT inner objective: 0.0334 | Marginal residual row/col/max: 1.07e-04/2.90e-08/1.07e-04 | Train Acc: 0.0804 | Val Acc: 0.0500 | Val P/R/F1 (Macro): 0.1125/0.0236/0.0371 | LR: 0.000001
Epoch [79/100] | SVD update #79: pairs=465, sweeps=3, converged=False, rel_change=1.680e-03, effective_ranks=(315, 21), class_paired=True
Epoch [79/100] | Loss: 7.8549 (Cls: 7.7860, TAL: 0.2306, Adv: 0.5154, OT-Reg: 0.000956) | OT inner objective: 0.0571 | Marginal residual row/col/max: 6.51e-05/2.28e-08/6.51e-05 | Train Acc: 0.0759 | Val Acc: 0.0500 | Val P/R/F1 (Macro): 0.0254/0.0420/0.0299 | LR: 0.000001
Epoch [80/100] | SVD update #80: pairs=465, sweeps=3, converged=False, rel_change=2.236e-02, effective_ranks=(317, 19), class_paired=True
Epoch [80/100] | Loss: 7.5259 (Cls: 7.4808, TAL: 0.1794, Adv: 0.2941, OT-Reg: 0.001043) | OT inner objective: 0.0534 | Marginal residual row/col/max: 8.97e-05/2.25e-08/8.98e-05 | Train Acc: 0.1094 | Val Acc: 0.1000 | Val P/R/F1 (Macro): 0.1057/0.0650/0.0602 | LR: 0.000001
Epoch [81/100] | SVD update #81: pairs=465, sweeps=3, converged=False, rel_change=1.045e-02, effective_ranks=(315, 20), class_paired=True
Epoch [81/100] | Loss: 7.4247 (Cls: 7.3678, TAL: 0.1820, Adv: 0.4387, OT-Reg: 0.000989) | OT inner objective: 0.0512 | Marginal residual row/col/max: 5.34e-05/2.87e-08/5.34e-05 | Train Acc: 0.2812 | Val Acc: 0.1667 | Val P/R/F1 (Macro): 0.1275/0.2108/0.1226 | LR: 0.000001
Epoch [82/100] | SVD update #82: pairs=465, sweeps=3, converged=False, rel_change=3.292e-02, effective_ranks=(317, 20), class_paired=True
Epoch [82/100] | Loss: 7.5357 (Cls: 7.4598, TAL: 0.1470, Adv: 0.7278, OT-Reg: 0.001109) | OT inner objective: 0.0087 | Marginal residual row/col/max: 1.75e-05/3.03e-08/1.75e-05 | Train Acc: 0.3103 | Val Acc: 0.2167 | Val P/R/F1 (Macro): 0.1453/0.2308/0.1477 | LR: 0.000001
Epoch [83/100] | SVD update #83: pairs=465, sweeps=3, converged=False, rel_change=2.314e-02, effective_ranks=(316, 25), class_paired=True
Epoch [83/100] | Loss: 7.8898 (Cls: 7.8339, TAL: 0.1506, Adv: 0.4723, OT-Reg: 0.000917) | OT inner objective: 0.0591 | Marginal residual row/col/max: 1.56e-06/2.97e-08/1.57e-06 | Train Acc: 0.3393 | Val Acc: 0.2250 | Val P/R/F1 (Macro): 0.2721/0.2732/0.1998 | LR: 0.000001
Epoch [84/100] | SVD update #84: pairs=465, sweeps=3, converged=False, rel_change=2.114e-02, effective_ranks=(317, 20), class_paired=True
Epoch [84/100] | Loss: 7.4661 (Cls: 7.4194, TAL: 0.1601, Adv: 0.3433, OT-Reg: 0.001055) | OT inner objective: 0.0380 | Marginal residual row/col/max: 1.54e-05/2.13e-08/1.54e-05 | Train Acc: 0.3170 | Val Acc: 0.1000 | Val P/R/F1 (Macro): 0.0706/0.1846/0.0814 | LR: 0.000001
Epoch [85/100] | SVD update #85: pairs=465, sweeps=3, converged=False, rel_change=3.304e-03, effective_ranks=(317, 19), class_paired=True
Epoch [85/100] | Loss: 7.5635 (Cls: 7.4958, TAL: 0.1998, Adv: 0.5464, OT-Reg: 0.001011) | OT inner objective: 0.0125 | Marginal residual row/col/max: 1.18e-06/3.69e-08/1.18e-06 | Train Acc: 0.3214 | Val Acc: 0.1083 | Val P/R/F1 (Macro): 0.1163/0.1859/0.0872 | LR: 0.000001
Epoch [86/100] | SVD update #86: pairs=465, sweeps=3, converged=False, rel_change=3.260e-02, effective_ranks=(316, 22), class_paired=True
Epoch [86/100] | Loss: 7.3075 (Cls: 7.2382, TAL: 0.1753, Adv: 0.6034, OT-Reg: 0.001003) | OT inner objective: 0.0635 | Marginal residual row/col/max: 9.90e-07/3.62e-08/9.98e-07 | Train Acc: 0.2835 | Val Acc: 0.1250 | Val P/R/F1 (Macro): 0.2025/0.1997/0.1039 | LR: 0.000001
Epoch [87/100] | SVD update #87: pairs=465, sweeps=3, converged=False, rel_change=1.167e-01, effective_ranks=(317, 21), class_paired=True
Epoch [87/100] | Loss: 7.8185 (Cls: 7.7720, TAL: 0.0174, Adv: 0.5559, OT-Reg: 0.001117) | OT inner objective: -0.0560 | Marginal residual row/col/max: 8.98e-05/1.60e-08/8.98e-05 | Train Acc: 0.0804 | Val Acc: 0.0750 | Val P/R/F1 (Macro): 0.0278/0.0541/0.0358 | LR: 0.000001
Epoch [88/100] | SVD update #88: pairs=465, sweeps=3, converged=False, rel_change=3.293e-02, effective_ranks=(317, 20), class_paired=True
Epoch [88/100] | Loss: 8.3879 (Cls: 8.3484, TAL: -0.0178, Adv: 0.5208, OT-Reg: 0.001171) | OT inner objective: -0.0963 | Marginal residual row/col/max: 1.38e-04/9.71e-09/1.38e-04 | Train Acc: 0.1607 | Val Acc: 0.0667 | Val P/R/F1 (Macro): 0.1919/0.1628/0.0584 | LR: 0.000001
Epoch [89/100] | SVD update #89: pairs=465, sweeps=3, converged=False, rel_change=6.974e-02, effective_ranks=(317, 22), class_paired=True
Epoch [89/100] | Loss: 8.0415 (Cls: 7.9802, TAL: 0.1082, Adv: 0.6049, OT-Reg: 0.000992) | OT inner objective: 0.1077 | Marginal residual row/col/max: 2.18e-06/3.88e-08/2.19e-06 | Train Acc: 0.2054 | Val Acc: 0.1000 | Val P/R/F1 (Macro): 0.0810/0.2617/0.0781 | LR: 0.000001
Epoch [90/100] | SVD update #90: pairs=465, sweeps=3, converged=False, rel_change=6.924e-03, effective_ranks=(316, 23), class_paired=True
Epoch [90/100] | Loss: 7.8399 (Cls: 7.7794, TAL: 0.1399, Adv: 0.5453, OT-Reg: 0.000923) | OT inner objective: 0.0763 | Marginal residual row/col/max: 4.82e-05/3.30e-08/4.82e-05 | Train Acc: 0.2344 | Val Acc: 0.1167 | Val P/R/F1 (Macro): 0.0760/0.2975/0.0846 | LR: 0.000001
Epoch [91/100] | SVD update #91: pairs=465, sweeps=3, converged=False, rel_change=1.856e-02, effective_ranks=(317, 22), class_paired=True
Epoch [91/100] | Loss: 7.7311 (Cls: 7.6619, TAL: 0.1239, Adv: 0.6784, OT-Reg: 0.000995) | OT inner objective: 0.0752 | Marginal residual row/col/max: 2.00e-05/2.57e-08/2.00e-05 | Train Acc: 0.1853 | Val Acc: 0.1083 | Val P/R/F1 (Macro): 0.0853/0.2558/0.0976 | LR: 0.000001
Epoch [92/100] | SVD update #92: pairs=465, sweeps=3, converged=False, rel_change=8.951e-03, effective_ranks=(316, 20), class_paired=True
Epoch [92/100] | Loss: 7.5562 (Cls: 7.4914, TAL: 0.1508, Adv: 0.5834, OT-Reg: 0.000982) | OT inner objective: 0.0631 | Marginal residual row/col/max: 1.59e-06/3.09e-08/1.60e-06 | Train Acc: 0.1540 | Val Acc: 0.1500 | Val P/R/F1 (Macro): 0.2360/0.3507/0.1273 | LR: 0.000001
Epoch [93/100] | SVD update #93: pairs=465, sweeps=3, converged=False, rel_change=5.044e-03, effective_ranks=(317, 21), class_paired=True
Epoch [93/100] | Loss: 7.4084 (Cls: 7.3368, TAL: 0.1855, Adv: 0.6166, OT-Reg: 0.001143) | OT inner objective: 0.0312 | Marginal residual row/col/max: 4.05e-07/2.00e-08/4.07e-07 | Train Acc: 0.1853 | Val Acc: 0.1500 | Val P/R/F1 (Macro): 0.1529/0.3549/0.1429 | LR: 0.000001
Epoch [94/100] | SVD update #94: pairs=465, sweeps=3, converged=False, rel_change=1.927e-02, effective_ranks=(316, 20), class_paired=True
Epoch [94/100] | Loss: 7.4065 (Cls: 7.3364, TAL: 0.1231, Adv: 0.6924, OT-Reg: 0.001031) | OT inner objective: 0.0209 | Marginal residual row/col/max: 2.26e-05/2.77e-08/2.27e-05 | Train Acc: 0.2299 | Val Acc: 0.0750 | Val P/R/F1 (Macro): 0.1611/0.2758/0.0680 | LR: 0.000001
Epoch [95/100] | SVD update #95: pairs=465, sweeps=3, converged=False, rel_change=9.046e-03, effective_ranks=(317, 20), class_paired=True
Epoch [95/100] | Loss: 7.5132 (Cls: 7.4598, TAL: 0.1406, Adv: 0.4562, OT-Reg: 0.001019) | OT inner objective: 0.0448 | Marginal residual row/col/max: 2.71e-05/2.12e-08/2.71e-05 | Train Acc: 0.2366 | Val Acc: 0.1333 | Val P/R/F1 (Macro): 0.0955/0.3422/0.1074 | LR: 0.000001
Epoch [96/100] | SVD update #96: pairs=465, sweeps=3, converged=False, rel_change=3.594e-02, effective_ranks=(315, 19), class_paired=True
Epoch [96/100] | Loss: 7.4129 (Cls: 7.3436, TAL: 0.1908, Adv: 0.5793, OT-Reg: 0.001213) | OT inner objective: 0.0343 | Marginal residual row/col/max: 3.14e-06/1.17e-08/3.14e-06 | Train Acc: 0.1228 | Val Acc: 0.2083 | Val P/R/F1 (Macro): 0.0955/0.2801/0.1410 | LR: 0.000001
Epoch [97/100] | SVD update #97: pairs=465, sweeps=3, converged=False, rel_change=8.376e-02, effective_ranks=(316, 24), class_paired=True
Epoch [97/100] | Loss: 7.3136 (Cls: 7.2414, TAL: 0.1493, Adv: 0.6776, OT-Reg: 0.001183) | OT inner objective: 0.1042 | Marginal residual row/col/max: 4.05e-07/1.44e-08/4.08e-07 | Train Acc: 0.1920 | Val Acc: 0.1917 | Val P/R/F1 (Macro): 0.1459/0.3344/0.1903 | LR: 0.000001
Epoch [98/100] | SVD update #98: pairs=465, sweeps=3, converged=False, rel_change=1.289e-02, effective_ranks=(315, 22), class_paired=True
Epoch [98/100] | Loss: 7.2734 (Cls: 7.2105, TAL: 0.1610, Adv: 0.5452, OT-Reg: 0.001164) | OT inner objective: 0.0582 | Marginal residual row/col/max: 1.33e-05/1.78e-08/1.33e-05 | Train Acc: 0.2210 | Val Acc: 0.2333 | Val P/R/F1 (Macro): 0.1991/0.3464/0.2231 | LR: 0.000001
Epoch [99/100] | SVD update #99: pairs=465, sweeps=3, converged=False, rel_change=8.070e-03, effective_ranks=(317, 20), class_paired=True
Epoch [99/100] | Loss: 7.2520 (Cls: 7.1857, TAL: 0.1406, Adv: 0.6169, OT-Reg: 0.001115) | OT inner objective: 0.0367 | Marginal residual row/col/max: 1.23e-04/1.61e-08/1.23e-04 | Train Acc: 0.2143 | Val Acc: 0.2083 | Val P/R/F1 (Macro): 0.3024/0.3888/0.2536 | LR: 0.000001
Epoch [100/100] | SVD update #100: pairs=465, sweeps=3, converged=False, rel_change=6.463e-02, effective_ranks=(315, 23), class_paired=True
Epoch [100/100] | Loss: 6.6938 (Cls: 6.6321, TAL: 0.1634, Adv: 0.5254, OT-Reg: 0.001236) | OT inner objective: 0.0727 | Marginal residual row/col/max: 1.77e-05/1.73e-08/1.77e-05 | Train Acc: 0.1518 | Val Acc: 0.1500 | Val P/R/F1 (Macro): 0.1989/0.2761/0.1959 | LR: 0.000001
Report strategy: last_window, window=10, reported_acc=0.1608, best_acc=0.4833

迭代 5 报告指标:
  Accuracy: 0.1608
  Precision (Macro): 0.1672
  Recall (Macro): 0.3205
  F1 (Macro): 0.1547
  Precision (Micro): 0.1608
  Recall (Micro): 0.1608
  F1 (Micro): 0.1608
  Val class coverage: 8/14 (0.5714), samples=120

================================================================================
5次迭代统计结果
================================================================================

accuracy:
  各迭代值: ['0.1358', '0.1950', '0.0867', '0.2500', '0.1608']
  均值 (Mean): 0.1657
  标准差 (Std): 0.0550

precision_macro:
  各迭代值: ['0.1212', '0.1585', '0.2396', '0.2796', '0.1672']
  均值 (Mean): 0.1932
  标准差 (Std): 0.0578

recall_macro:
  各迭代值: ['0.1225', '0.1670', '0.2652', '0.3606', '0.3205']
  均值 (Mean): 0.2472
  标准差 (Std): 0.0900

f1_macro:
  各迭代值: ['0.0856', '0.1313', '0.1657', '0.2313', '0.1547']
  均值 (Mean): 0.1537
  标准差 (Std): 0.0475

precision_micro:
  各迭代值: ['0.1358', '0.1950', '0.0867', '0.2500', '0.1608']
  均值 (Mean): 0.1657
  标准差 (Std): 0.0550

recall_micro:
  各迭代值: ['0.1358', '0.1950', '0.0867', '0.2500', '0.1608']
  均值 (Mean): 0.1657
  标准差 (Std): 0.0550

f1_micro:
  各迭代值: ['0.1358', '0.1950', '0.0867', '0.2500', '0.1608']
  均值 (Mean): 0.1657
  标准差 (Std): 0.0550

val_class_coverage:
  各迭代值: ['0.5714', '0.5714', '0.5714', '0.5714', '0.5714']
  均值 (Mean): 0.5714
  标准差 (Std): 0.0000

val_present_classes:
  各迭代值: ['8.0000', '8.0000', '8.0000', '8.0000', '8.0000']
  均值 (Mean): 8.0000
  标准差 (Std): 0.0000

val_total_classes:
  各迭代值: ['14.0000', '14.0000', '14.0000', '14.0000', '14.0000']
  均值 (Mean): 14.0000
  标准差 (Std): 0.0000

val_samples:
  各迭代值: ['120.0000', '120.0000', '120.0000', '120.0000', '120.0000']
  均值 (Mean): 120.0000
  标准差 (Std): 0.0000

训练结束时间: 2026-09-25 16:23:56
================================================================================
