================================================================================
模块消融实验 - with_tensor_with_ot
目标域天气: 雨天
训练开始时间: 2026-09-24 13:35:08
设备: cuda
源域: /mnt/data/lixiang/data/Data/晴天
目标域: /mnt/data/lixiang/data/Data/雨天
批次大小: 32
总轮数: 100
迭代次数: 5
使用Tensor模块: 是
使用OT模块: 是
特征融合方式: Tensor对齐
域对齐方式: 最优传输
目标标签比例/权重: 1.0/1.0
Tensor/Adv损失权重: 0.12/0.08
Tensor投影维度/更新: 64/每epoch一次; SVD统计批次=32
学习率: feature=5e-06, other=0.0002, weight_decay=0.0005
报告策略: last_window, 窗口: 10
================================================================================

================================================================================
迭代 1/5
随机种子: 42
================================================================================
Training mode: full target-label supervision (class-paired batches).
Feature fusion: Tensor alignment (512+512 -> 64+64); fused_dim=128
Domain adaptation: Neural OT generator with 3-domain discriminator
Loss weights: tensor=0.12, adv=0.08
Transport: mode=sinkhorn, epsilon=0.1, Sinkhorn iterations=50, correction scale=0.1, correction regularization weight=0.001
Tensor projection update: once per epoch from the complete target-training pairing bank; projection_dim=64, max_sweeps=3, relative singular-value tolerance=0.0001
Epoch [1/100] | SVD update #1: pairs=96, sweeps=3, converged=False, rel_change=8.472e-04, effective_ranks=(95, 90), class_paired=True
Epoch [1/100] | Loss: 9.1446 (Cls: 9.1238, TAL: -0.0306, Adv: 0.3053, OT-Reg: 0.000640) | OT inner objective: 0.2683 | Marginal residual row/col/max: 1.37e-08/1.30e-08/1.49e-08 | Train Acc: 0.1458 | Val Acc: 0.0000 | Val P/R/F1 (Macro): 0.0000/0.0000/0.0000 | LR: 0.000005
Epoch [2/100] | SVD update #2: pairs=96, sweeps=3, converged=True, rel_change=7.238e-06, effective_ranks=(95, 86), class_paired=True
Epoch [2/100] | Loss: 9.5623 (Cls: 9.5351, TAL: 0.0815, Adv: 0.2174, OT-Reg: 0.000681) | OT inner objective: 0.2769 | Marginal residual row/col/max: 9.93e-09/9.31e-09/1.12e-08 | Train Acc: 0.0833 | Val Acc: 0.2692 | Val P/R/F1 (Macro): 0.2292/0.1667/0.1500 | LR: 0.000005
  >>> New Best Val Acc: 0.2692
Epoch [3/100] | SVD update #3: pairs=96, sweeps=3, converged=False, rel_change=7.039e-03, effective_ranks=(95, 79), class_paired=True
Epoch [3/100] | Loss: 8.4105 (Cls: 8.3659, TAL: 0.1671, Adv: 0.3078, OT-Reg: 0.000623) | OT inner objective: 0.2638 | Marginal residual row/col/max: 1.06e-08/1.06e-08/1.06e-08 | Train Acc: 0.0729 | Val Acc: 0.1538 | Val P/R/F1 (Macro): 0.0958/0.1208/0.1026 | LR: 0.000005
Epoch [4/100] | SVD update #4: pairs=96, sweeps=3, converged=False, rel_change=1.768e-01, effective_ranks=(95, 78), class_paired=True
Epoch [4/100] | Loss: 8.3294 (Cls: 8.3220, TAL: -0.0500, Adv: 0.1667, OT-Reg: 0.000709) | OT inner objective: 0.2797 | Marginal residual row/col/max: 9.93e-09/1.12e-08/1.12e-08 | Train Acc: 0.0938 | Val Acc: 0.1538 | Val P/R/F1 (Macro): 0.0722/0.1833/0.0992 | LR: 0.000005
Epoch [5/100] | SVD update #5: pairs=96, sweeps=3, converged=False, rel_change=1.742e-01, effective_ranks=(95, 78), class_paired=True
Epoch [5/100] | Loss: 7.8221 (Cls: 7.8115, TAL: -0.0536, Adv: 0.2123, OT-Reg: 0.000636) | OT inner objective: 0.2634 | Marginal residual row/col/max: 1.06e-08/1.12e-08/1.12e-08 | Train Acc: 0.1458 | Val Acc: 0.1923 | Val P/R/F1 (Macro): 0.0417/0.1667/0.0667 | LR: 0.000005
Epoch [6/100] | SVD update #6: pairs=96, sweeps=3, converged=False, rel_change=3.967e-01, effective_ranks=(95, 71), class_paired=True
Epoch [6/100] | Loss: 7.4981 (Cls: 7.4881, TAL: -0.0295, Adv: 0.1697, OT-Reg: 0.000627) | OT inner objective: 0.2508 | Marginal residual row/col/max: 1.12e-08/9.93e-09/1.24e-08 | Train Acc: 0.1458 | Val Acc: 0.1154 | Val P/R/F1 (Macro): 0.0909/0.1500/0.0880 | LR: 0.000005
Epoch [7/100] | SVD update #7: pairs=96, sweeps=3, converged=False, rel_change=1.172e-01, effective_ranks=(95, 61), class_paired=True
Epoch [7/100] | Loss: 7.8525 (Cls: 7.8416, TAL: -0.0398, Adv: 0.1954, OT-Reg: 0.000717) | OT inner objective: 0.2483 | Marginal residual row/col/max: 1.37e-08/1.99e-08/1.99e-08 | Train Acc: 0.1042 | Val Acc: 0.1538 | Val P/R/F1 (Macro): 0.1048/0.0958/0.1000 | LR: 0.000005
Epoch [8/100] | SVD update #8: pairs=96, sweeps=3, converged=False, rel_change=1.510e-01, effective_ranks=(95, 58), class_paired=True
Epoch [8/100] | Loss: 7.2827 (Cls: 7.2551, TAL: 0.1274, Adv: 0.1541, OT-Reg: 0.000754) | OT inner objective: 0.2711 | Marginal residual row/col/max: 8.69e-09/2.36e-08/2.36e-08 | Train Acc: 0.1354 | Val Acc: 0.1923 | Val P/R/F1 (Macro): 0.1417/0.3333/0.1984 | LR: 0.000005
Epoch [9/100] | SVD update #9: pairs=96, sweeps=3, converged=False, rel_change=8.098e-02, effective_ranks=(95, 46), class_paired=True
Epoch [9/100] | Loss: 7.0850 (Cls: 7.0681, TAL: -0.0045, Adv: 0.2186, OT-Reg: 0.000699) | OT inner objective: 0.2585 | Marginal residual row/col/max: 1.12e-08/2.17e-08/2.17e-08 | Train Acc: 0.1875 | Val Acc: 0.1538 | Val P/R/F1 (Macro): 0.1042/0.2333/0.1111 | LR: 0.000005
Epoch [10/100] | SVD update #10: pairs=96, sweeps=3, converged=False, rel_change=6.615e-01, effective_ranks=(95, 47), class_paired=True
Epoch [10/100] | Loss: 7.0700 (Cls: 7.0700, TAL: -0.1246, Adv: 0.1865, OT-Reg: 0.000640) | OT inner objective: 0.2613 | Marginal residual row/col/max: 1.06e-08/1.74e-08/1.80e-08 | Train Acc: 0.1771 | Val Acc: 0.2308 | Val P/R/F1 (Macro): 0.2444/0.3500/0.2218 | LR: 0.000005
Epoch [11/100] | SVD update #11: pairs=96, sweeps=3, converged=False, rel_change=1.652e-01, effective_ranks=(95, 66), class_paired=True
Epoch [11/100] | Loss: 6.7265 (Cls: 6.7098, TAL: 0.0332, Adv: 0.1593, OT-Reg: 0.000607) | OT inner objective: 0.2451 | Marginal residual row/col/max: 8.07e-09/1.24e-08/1.24e-08 | Train Acc: 0.1875 | Val Acc: 0.1923 | Val P/R/F1 (Macro): 0.1923/0.2333/0.2037 | LR: 0.000005
Epoch [12/100] | SVD update #12: pairs=96, sweeps=3, converged=False, rel_change=1.341e-01, effective_ranks=(95, 52), class_paired=True
Epoch [12/100] | Loss: 6.5638 (Cls: 6.5499, TAL: -0.0008, Adv: 0.1744, OT-Reg: 0.000556) | OT inner objective: 0.2048 | Marginal residual row/col/max: 1.24e-08/1.18e-08/1.30e-08 | Train Acc: 0.2708 | Val Acc: 0.1923 | Val P/R/F1 (Macro): 0.1611/0.2333/0.1702 | LR: 0.000005
Epoch [13/100] | SVD update #13: pairs=96, sweeps=3, converged=False, rel_change=1.425e-01, effective_ranks=(95, 46), class_paired=True
Epoch [13/100] | Loss: 6.6828 (Cls: 6.6566, TAL: 0.1147, Adv: 0.1564, OT-Reg: 0.000557) | OT inner objective: 0.2041 | Marginal residual row/col/max: 1.92e-08/1.12e-08/1.99e-08 | Train Acc: 0.1458 | Val Acc: 0.2692 | Val P/R/F1 (Macro): 0.2247/0.3375/0.2325 | LR: 0.000003
Epoch [14/100] | SVD update #14: pairs=96, sweeps=3, converged=False, rel_change=2.023e-01, effective_ranks=(95, 46), class_paired=True
Epoch [14/100] | Loss: 6.7798 (Cls: 6.7548, TAL: 0.0932, Adv: 0.1730, OT-Reg: 0.000621) | OT inner objective: 0.2134 | Marginal residual row/col/max: 9.93e-09/1.18e-08/1.18e-08 | Train Acc: 0.1875 | Val Acc: 0.1923 | Val P/R/F1 (Macro): 0.2000/0.2667/0.2167 | LR: 0.000003
Epoch [15/100] | SVD update #15: pairs=96, sweeps=3, converged=False, rel_change=1.245e-01, effective_ranks=(95, 40), class_paired=True
Epoch [15/100] | Loss: 6.9408 (Cls: 6.9000, TAL: 0.2273, Adv: 0.1691, OT-Reg: 0.000658) | OT inner objective: 0.2140 | Marginal residual row/col/max: 8.69e-09/1.49e-08/1.49e-08 | Train Acc: 0.1458 | Val Acc: 0.5000 | Val P/R/F1 (Macro): 0.4167/0.4083/0.3682 | LR: 0.000003
  >>> New Best Val Acc: 0.5000
Epoch [16/100] | SVD update #16: pairs=96, sweeps=3, converged=False, rel_change=4.105e-02, effective_ranks=(95, 46), class_paired=True
Epoch [16/100] | Loss: 6.4656 (Cls: 6.4354, TAL: 0.1513, Adv: 0.1503, OT-Reg: 0.000687) | OT inner objective: 0.1465 | Marginal residual row/col/max: 1.86e-04/1.43e-08/1.86e-04 | Train Acc: 0.2292 | Val Acc: 0.2308 | Val P/R/F1 (Macro): 0.1984/0.2083/0.1200 | LR: 0.000003
Epoch [17/100] | SVD update #17: pairs=96, sweeps=3, converged=False, rel_change=2.177e-02, effective_ranks=(95, 42), class_paired=True
Epoch [17/100] | Loss: 6.7036 (Cls: 6.6869, TAL: 0.0268, Adv: 0.1684, OT-Reg: 0.000639) | OT inner objective: 0.2128 | Marginal residual row/col/max: 9.93e-09/1.18e-08/1.18e-08 | Train Acc: 0.1562 | Val Acc: 0.3077 | Val P/R/F1 (Macro): 0.2060/0.2667/0.2193 | LR: 0.000003
Epoch [18/100] | SVD update #18: pairs=96, sweeps=3, converged=False, rel_change=2.702e-02, effective_ranks=(95, 31), class_paired=True
Epoch [18/100] | Loss: 6.3016 (Cls: 6.3010, TAL: -0.1066, Adv: 0.1675, OT-Reg: 0.000745) | OT inner objective: 0.2117 | Marginal residual row/col/max: 1.18e-08/1.18e-08/1.30e-08 | Train Acc: 0.1458 | Val Acc: 0.1538 | Val P/R/F1 (Macro): 0.0881/0.1833/0.1111 | LR: 0.000003
Epoch [19/100] | SVD update #19: pairs=96, sweeps=3, converged=False, rel_change=2.298e-01, effective_ranks=(95, 37), class_paired=True
Epoch [19/100] | Loss: 6.7549 (Cls: 6.7583, TAL: -0.1471, Adv: 0.1786, OT-Reg: 0.000602) | OT inner objective: 0.2507 | Marginal residual row/col/max: 1.12e-08/1.12e-08/1.12e-08 | Train Acc: 0.1250 | Val Acc: 0.1154 | Val P/R/F1 (Macro): 0.1111/0.2000/0.0952 | LR: 0.000003
Epoch [20/100] | SVD update #20: pairs=96, sweeps=3, converged=False, rel_change=1.399e-01, effective_ranks=(94, 38), class_paired=True
Epoch [20/100] | Loss: 6.8603 (Cls: 6.8584, TAL: -0.0890, Adv: 0.1572, OT-Reg: 0.000585) | OT inner objective: 0.2248 | Marginal residual row/col/max: 1.43e-08/1.49e-08/2.11e-08 | Train Acc: 0.1042 | Val Acc: 0.1923 | Val P/R/F1 (Macro): 0.0521/0.1042/0.0694 | LR: 0.000003
Epoch [21/100] | SVD update #21: pairs=96, sweeps=3, converged=False, rel_change=3.546e-01, effective_ranks=(94, 35), class_paired=True
Epoch [21/100] | Loss: 6.6376 (Cls: 6.6149, TAL: 0.0949, Adv: 0.1418, OT-Reg: 0.000597) | OT inner objective: 0.2116 | Marginal residual row/col/max: 1.06e-08/1.18e-08/1.30e-08 | Train Acc: 0.2188 | Val Acc: 0.1538 | Val P/R/F1 (Macro): 0.0513/0.1083/0.0688 | LR: 0.000003
Epoch [22/100] | SVD update #22: pairs=96, sweeps=3, converged=False, rel_change=2.811e-02, effective_ranks=(95, 38), class_paired=True
Epoch [22/100] | Loss: 6.4154 (Cls: 6.3819, TAL: 0.1530, Adv: 0.1891, OT-Reg: 0.000650) | OT inner objective: 0.1663 | Marginal residual row/col/max: 1.68e-08/2.30e-08/2.61e-08 | Train Acc: 0.2083 | Val Acc: 0.0769 | Val P/R/F1 (Macro): 0.0519/0.0542/0.0495 | LR: 0.000003
Epoch [23/100] | SVD update #23: pairs=96, sweeps=3, converged=False, rel_change=9.743e-02, effective_ranks=(95, 35), class_paired=True
Epoch [23/100] | Loss: 6.6205 (Cls: 6.5870, TAL: 0.1537, Adv: 0.1877, OT-Reg: 0.000612) | OT inner objective: 0.2491 | Marginal residual row/col/max: 1.30e-08/2.24e-08/2.24e-08 | Train Acc: 0.2188 | Val Acc: 0.2692 | Val P/R/F1 (Macro): 0.0944/0.2083/0.1286 | LR: 0.000003
Epoch [24/100] | SVD update #24: pairs=96, sweeps=3, converged=False, rel_change=5.225e-02, effective_ranks=(95, 31), class_paired=True
Epoch [24/100] | Loss: 6.4896 (Cls: 6.4622, TAL: 0.0782, Adv: 0.2257, OT-Reg: 0.000699) | OT inner objective: 0.1254 | Marginal residual row/col/max: 2.99e-05/3.04e-08/2.99e-05 | Train Acc: 0.2708 | Val Acc: 0.2692 | Val P/R/F1 (Macro): 0.0923/0.2083/0.1242 | LR: 0.000003
Epoch [25/100] | SVD update #25: pairs=96, sweeps=3, converged=False, rel_change=3.732e-02, effective_ranks=(95, 25), class_paired=True
Epoch [25/100] | Loss: 6.5740 (Cls: 6.5744, TAL: -0.1228, Adv: 0.1789, OT-Reg: 0.000574) | OT inner objective: 0.2257 | Marginal residual row/col/max: 1.24e-08/1.18e-08/1.30e-08 | Train Acc: 0.1771 | Val Acc: 0.3077 | Val P/R/F1 (Macro): 0.0667/0.1667/0.0952 | LR: 0.000003
Epoch [26/100] | SVD update #26: pairs=96, sweeps=3, converged=False, rel_change=3.539e-02, effective_ranks=(94, 25), class_paired=True
Epoch [26/100] | Loss: 6.7945 (Cls: 6.7919, TAL: -0.1046, Adv: 0.1902, OT-Reg: 0.000557) | OT inner objective: 0.1462 | Marginal residual row/col/max: 1.43e-08/9.31e-09/1.43e-08 | Train Acc: 0.1458 | Val Acc: 0.3077 | Val P/R/F1 (Macro): 0.0892/0.2292/0.1281 | LR: 0.000001
Epoch [27/100] | SVD update #27: pairs=96, sweeps=3, converged=False, rel_change=3.816e-01, effective_ranks=(94, 39), class_paired=True
Epoch [27/100] | Loss: 6.2831 (Cls: 6.2368, TAL: 0.2569, Adv: 0.1938, OT-Reg: 0.000665) | OT inner objective: 0.1832 | Marginal residual row/col/max: 1.99e-08/1.86e-08/1.99e-08 | Train Acc: 0.2083 | Val Acc: 0.3077 | Val P/R/F1 (Macro): 0.0580/0.1667/0.0860 | LR: 0.000001
Epoch [28/100] | SVD update #28: pairs=96, sweeps=3, converged=False, rel_change=1.203e-01, effective_ranks=(95, 42), class_paired=True
Epoch [28/100] | Loss: 6.4744 (Cls: 6.4346, TAL: 0.2030, Adv: 0.1928, OT-Reg: 0.000670) | OT inner objective: 0.2533 | Marginal residual row/col/max: 1.12e-08/1.37e-08/1.49e-08 | Train Acc: 0.1250 | Val Acc: 0.2308 | Val P/R/F1 (Macro): 0.0417/0.1250/0.0625 | LR: 0.000001
Epoch [29/100] | SVD update #29: pairs=96, sweeps=3, converged=False, rel_change=7.141e-02, effective_ranks=(95, 41), class_paired=True
Epoch [29/100] | Loss: 6.2577 (Cls: 6.2218, TAL: 0.1574, Adv: 0.2123, OT-Reg: 0.000598) | OT inner objective: 0.1818 | Marginal residual row/col/max: 9.93e-09/1.18e-08/1.18e-08 | Train Acc: 0.1875 | Val Acc: 0.3077 | Val P/R/F1 (Macro): 0.1181/0.1917/0.1439 | LR: 0.000001
Epoch [30/100] | SVD update #30: pairs=96, sweeps=3, converged=False, rel_change=7.920e-01, effective_ranks=(94, 23), class_paired=True
Epoch [30/100] | Loss: 6.3410 (Cls: 6.3135, TAL: 0.1058, Adv: 0.1845, OT-Reg: 0.000679) | OT inner objective: 0.2013 | Marginal residual row/col/max: 8.07e-09/1.86e-08/1.86e-08 | Train Acc: 0.1250 | Val Acc: 0.3462 | Val P/R/F1 (Macro): 0.2389/0.3833/0.2747 | LR: 0.000001
Epoch [31/100] | SVD update #31: pairs=96, sweeps=3, converged=False, rel_change=2.895e-01, effective_ranks=(95, 32), class_paired=True
Epoch [31/100] | Loss: 6.3399 (Cls: 6.3447, TAL: -0.1855, Adv: 0.2185, OT-Reg: 0.000663) | OT inner objective: 0.1667 | Marginal residual row/col/max: 1.37e-08/2.61e-08/2.61e-08 | Train Acc: 0.1667 | Val Acc: 0.1154 | Val P/R/F1 (Macro): 0.0978/0.1875/0.0600 | LR: 0.000001
Epoch [32/100] | SVD update #32: pairs=96, sweeps=3, converged=False, rel_change=4.098e-02, effective_ranks=(95, 27), class_paired=True
Epoch [32/100] | Loss: 6.6371 (Cls: 6.6322, TAL: -0.0987, Adv: 0.2095, OT-Reg: 0.000573) | OT inner objective: 0.1177 | Marginal residual row/col/max: 8.69e-09/1.24e-08/1.24e-08 | Train Acc: 0.1875 | Val Acc: 0.3846 | Val P/R/F1 (Macro): 0.1796/0.2708/0.2087 | LR: 0.000001
Epoch [33/100] | SVD update #33: pairs=96, sweeps=3, converged=False, rel_change=1.185e-01, effective_ranks=(95, 33), class_paired=True
Epoch [33/100] | Loss: 6.1198 (Cls: 6.1220, TAL: -0.1445, Adv: 0.1892, OT-Reg: 0.000620) | OT inner objective: 0.2128 | Marginal residual row/col/max: 1.12e-08/1.12e-08/1.24e-08 | Train Acc: 0.2604 | Val Acc: 0.0000 | Val P/R/F1 (Macro): 0.0000/0.0000/0.0000 | LR: 0.000001
Epoch [34/100] | SVD update #34: pairs=96, sweeps=3, converged=False, rel_change=4.597e-02, effective_ranks=(95, 27), class_paired=True
Epoch [34/100] | Loss: 6.2352 (Cls: 6.2430, TAL: -0.1957, Adv: 0.1958, OT-Reg: 0.000641) | OT inner objective: 0.1575 | Marginal residual row/col/max: 1.24e-08/2.73e-08/2.73e-08 | Train Acc: 0.0938 | Val Acc: 0.1154 | Val P/R/F1 (Macro): 0.1800/0.2000/0.0802 | LR: 0.000001
Epoch [35/100] | SVD update #35: pairs=96, sweeps=3, converged=False, rel_change=3.461e-02, effective_ranks=(95, 30), class_paired=True
Epoch [35/100] | Loss: 6.1838 (Cls: 6.1836, TAL: -0.1389, Adv: 0.2100, OT-Reg: 0.000640) | OT inner objective: 0.1525 | Marginal residual row/col/max: 1.37e-08/1.30e-08/1.43e-08 | Train Acc: 0.1458 | Val Acc: 0.1923 | Val P/R/F1 (Macro): 0.2500/0.2833/0.1599 | LR: 0.000001
Epoch [36/100] | SVD update #36: pairs=96, sweeps=3, converged=False, rel_change=2.321e-02, effective_ranks=(95, 24), class_paired=True
Epoch [36/100] | Loss: 6.2830 (Cls: 6.2790, TAL: -0.1066, Adv: 0.2088, OT-Reg: 0.000603) | OT inner objective: 0.1893 | Marginal residual row/col/max: 1.49e-08/1.61e-08/1.68e-08 | Train Acc: 0.2188 | Val Acc: 0.2692 | Val P/R/F1 (Macro): 0.1667/0.2542/0.1955 | LR: 0.000001
Epoch [37/100] | SVD update #37: pairs=96, sweeps=3, converged=False, rel_change=7.118e-02, effective_ranks=(95, 33), class_paired=True
Epoch [37/100] | Loss: 6.3454 (Cls: 6.3481, TAL: -0.1347, Adv: 0.1681, OT-Reg: 0.000706) | OT inner objective: 0.2046 | Marginal residual row/col/max: 9.93e-09/3.35e-08/3.35e-08 | Train Acc: 0.1667 | Val Acc: 0.1923 | Val P/R/F1 (Macro): 0.0979/0.1750/0.1255 | LR: 0.000001
Epoch [38/100] | SVD update #38: pairs=96, sweeps=3, converged=False, rel_change=3.501e-02, effective_ranks=(95, 25), class_paired=True
Epoch [38/100] | Loss: 6.1768 (Cls: 6.1579, TAL: 0.0360, Adv: 0.1821, OT-Reg: 0.000683) | OT inner objective: 0.1462 | Marginal residual row/col/max: 5.15e-08/2.30e-08/6.33e-08 | Train Acc: 0.2188 | Val Acc: 0.1154 | Val P/R/F1 (Macro): 0.0455/0.1250/0.0667 | LR: 0.000001
Epoch [39/100] | SVD update #39: pairs=96, sweeps=3, converged=False, rel_change=1.299e-01, effective_ranks=(95, 32), class_paired=True
Epoch [39/100] | Loss: 6.1972 (Cls: 6.1889, TAL: -0.0626, Adv: 0.1970, OT-Reg: 0.000701) | OT inner objective: 0.1601 | Marginal residual row/col/max: 1.37e-08/2.86e-08/2.86e-08 | Train Acc: 0.1771 | Val Acc: 0.2308 | Val P/R/F1 (Macro): 0.1852/0.3333/0.2000 | LR: 0.000001
Epoch [40/100] | SVD update #40: pairs=96, sweeps=3, converged=False, rel_change=3.411e-02, effective_ranks=(95, 30), class_paired=True
Epoch [40/100] | Loss: 6.2002 (Cls: 6.2045, TAL: -0.1482, Adv: 0.1689, OT-Reg: 0.000657) | OT inner objective: 0.0704 | Marginal residual row/col/max: 1.25e-07/3.60e-08/1.25e-07 | Train Acc: 0.2708 | Val Acc: 0.1538 | Val P/R/F1 (Macro): 0.0556/0.1667/0.0833 | LR: 0.000001
Epoch [41/100] | SVD update #41: pairs=96, sweeps=3, converged=False, rel_change=1.153e-01, effective_ranks=(95, 32), class_paired=True
Epoch [41/100] | Loss: 6.4867 (Cls: 6.5049, TAL: -0.2586, Adv: 0.1604, OT-Reg: 0.000627) | OT inner objective: 0.1515 | Marginal residual row/col/max: 8.69e-09/3.35e-08/3.35e-08 | Train Acc: 0.1354 | Val Acc: 0.1154 | Val P/R/F1 (Macro): 0.1818/0.1875/0.0648 | LR: 0.000001
Epoch [42/100] | SVD update #42: pairs=96, sweeps=3, converged=False, rel_change=2.324e-02, effective_ranks=(95, 32), class_paired=True
Epoch [42/100] | Loss: 6.1593 (Cls: 6.1718, TAL: -0.2135, Adv: 0.1637, OT-Reg: 0.000692) | OT inner objective: 0.2040 | Marginal residual row/col/max: 1.55e-08/3.04e-08/3.04e-08 | Train Acc: 0.1562 | Val Acc: 0.1923 | Val P/R/F1 (Macro): 0.1806/0.3250/0.1761 | LR: 0.000001
Epoch [43/100] | SVD update #43: pairs=96, sweeps=3, converged=False, rel_change=5.229e-02, effective_ranks=(95, 28), class_paired=True
Epoch [43/100] | Loss: 6.2139 (Cls: 6.2241, TAL: -0.2183, Adv: 0.2004, OT-Reg: 0.000625) | OT inner objective: 0.1354 | Marginal residual row/col/max: 1.18e-08/1.49e-08/1.61e-08 | Train Acc: 0.1771 | Val Acc: 0.0000 | Val P/R/F1 (Macro): 0.0000/0.0000/0.0000 | LR: 0.000001
Epoch [44/100] | SVD update #44: pairs=96, sweeps=3, converged=False, rel_change=7.547e-02, effective_ranks=(95, 27), class_paired=True
Epoch [44/100] | Loss: 5.9619 (Cls: 5.9662, TAL: -0.1551, Adv: 0.1786, OT-Reg: 0.000612) | OT inner objective: 0.1163 | Marginal residual row/col/max: 2.11e-08/2.05e-08/3.17e-08 | Train Acc: 0.1875 | Val Acc: 0.1538 | Val P/R/F1 (Macro): 0.0444/0.1667/0.0702 | LR: 0.000001
Epoch [45/100] | SVD update #45: pairs=96, sweeps=3, converged=False, rel_change=6.037e-01, effective_ranks=(95, 33), class_paired=True
Epoch [45/100] | Loss: 6.8647 (Cls: 6.8472, TAL: 0.0450, Adv: 0.1504, OT-Reg: 0.000790) | OT inner objective: -0.0545 | Marginal residual row/col/max: 3.09e-04/1.30e-08/3.09e-04 | Train Acc: 0.1042 | Val Acc: 0.3846 | Val P/R/F1 (Macro): 0.1389/0.2708/0.1759 | LR: 0.000001
Epoch [46/100] | SVD update #46: pairs=96, sweeps=3, converged=False, rel_change=4.261e+00, effective_ranks=(95, 25), class_paired=True
Epoch [46/100] | Loss: 6.5510 (Cls: 6.5536, TAL: -0.1311, Adv: 0.1647, OT-Reg: 0.000571) | OT inner objective: 0.1151 | Marginal residual row/col/max: 3.82e-07/1.18e-08/3.82e-07 | Train Acc: 0.1875 | Val Acc: 0.3077 | Val P/R/F1 (Macro): 0.1481/0.3000/0.1978 | LR: 0.000001
Epoch [47/100] | SVD update #47: pairs=96, sweeps=3, converged=False, rel_change=1.115e+00, effective_ranks=(95, 26), class_paired=True
Epoch [47/100] | Loss: 6.2845 (Cls: 6.2716, TAL: 0.0087, Adv: 0.1490, OT-Reg: 0.000624) | OT inner objective: 0.1185 | Marginal residual row/col/max: 1.99e-07/1.49e-08/2.01e-07 | Train Acc: 0.1875 | Val Acc: 0.1923 | Val P/R/F1 (Macro): 0.0961/0.1667/0.1121 | LR: 0.000001
Epoch [48/100] | SVD update #48: pairs=96, sweeps=3, converged=False, rel_change=4.308e-02, effective_ranks=(95, 23), class_paired=True
Epoch [48/100] | Loss: 6.1115 (Cls: 6.0848, TAL: 0.1013, Adv: 0.1815, OT-Reg: 0.000683) | OT inner objective: 0.1255 | Marginal residual row/col/max: 5.96e-08/1.37e-08/5.96e-08 | Train Acc: 0.2500 | Val Acc: 0.4231 | Val P/R/F1 (Macro): 0.3113/0.3042/0.2330 | LR: 0.000001
Epoch [49/100] | SVD update #49: pairs=96, sweeps=3, converged=False, rel_change=5.846e-02, effective_ranks=(95, 27), class_paired=True
Epoch [49/100] | Loss: 6.1679 (Cls: 6.1757, TAL: -0.1828, Adv: 0.1771, OT-Reg: 0.000711) | OT inner objective: 0.0569 | Marginal residual row/col/max: 2.92e-07/1.61e-08/2.94e-07 | Train Acc: 0.2604 | Val Acc: 0.1538 | Val P/R/F1 (Macro): 0.0878/0.2333/0.1185 | LR: 0.000001
Epoch [50/100] | SVD update #50: pairs=96, sweeps=3, converged=False, rel_change=5.502e-02, effective_ranks=(95, 22), class_paired=True
Epoch [50/100] | Loss: 6.1656 (Cls: 6.1506, TAL: 0.0117, Adv: 0.1704, OT-Reg: 0.000657) | OT inner objective: 0.0360 | Marginal residual row/col/max: 1.24e-06/8.07e-09/1.24e-06 | Train Acc: 0.1771 | Val Acc: 0.3462 | Val P/R/F1 (Macro): 0.1434/0.2375/0.1648 | LR: 0.000001
Epoch [51/100] | SVD update #51: pairs=96, sweeps=3, converged=False, rel_change=1.358e-01, effective_ranks=(95, 27), class_paired=True
Epoch [51/100] | Loss: 6.3057 (Cls: 6.3149, TAL: -0.1752, Adv: 0.1471, OT-Reg: 0.000638) | OT inner objective: 0.1706 | Marginal residual row/col/max: 9.93e-09/1.37e-08/1.49e-08 | Train Acc: 0.1667 | Val Acc: 0.3846 | Val P/R/F1 (Macro): 0.1986/0.2708/0.2269 | LR: 0.000001
Epoch [52/100] | SVD update #52: pairs=96, sweeps=3, converged=False, rel_change=4.210e-02, effective_ranks=(95, 24), class_paired=True
Epoch [52/100] | Loss: 6.0424 (Cls: 6.0283, TAL: 0.0145, Adv: 0.1545, OT-Reg: 0.000661) | OT inner objective: 0.1593 | Marginal residual row/col/max: 1.49e-08/1.12e-08/1.74e-08 | Train Acc: 0.1458 | Val Acc: 0.1923 | Val P/R/F1 (Macro): 0.0906/0.2167/0.1222 | LR: 0.000001
Epoch [53/100] | SVD update #53: pairs=96, sweeps=3, converged=False, rel_change=7.443e-02, effective_ranks=(95, 27), class_paired=True
Epoch [53/100] | Loss: 5.9993 (Cls: 5.9868, TAL: 0.0015, Adv: 0.1546, OT-Reg: 0.000578) | OT inner objective: 0.1809 | Marginal residual row/col/max: 5.67e-07/9.31e-09/5.68e-07 | Train Acc: 0.1979 | Val Acc: 0.1154 | Val P/R/F1 (Macro): 0.0602/0.0875/0.0568 | LR: 0.000001
Epoch [54/100] | SVD update #54: pairs=96, sweeps=3, converged=False, rel_change=9.827e-03, effective_ranks=(95, 23), class_paired=True
Epoch [54/100] | Loss: 6.4735 (Cls: 6.4529, TAL: 0.0590, Adv: 0.1685, OT-Reg: 0.000663) | OT inner objective: 0.1203 | Marginal residual row/col/max: 1.34e-05/1.24e-08/1.34e-05 | Train Acc: 0.1458 | Val Acc: 0.2308 | Val P/R/F1 (Macro): 0.1048/0.1625/0.1268 | LR: 0.000001
Epoch [55/100] | SVD update #55: pairs=96, sweeps=3, converged=False, rel_change=2.613e-02, effective_ranks=(95, 25), class_paired=True
Epoch [55/100] | Loss: 5.9314 (Cls: 5.9100, TAL: 0.0833, Adv: 0.1426, OT-Reg: 0.000559) | OT inner objective: 0.1731 | Marginal residual row/col/max: 1.92e-08/1.68e-08/2.30e-08 | Train Acc: 0.2188 | Val Acc: 0.1923 | Val P/R/F1 (Macro): 0.0417/0.1667/0.0667 | LR: 0.000001
Epoch [56/100] | SVD update #56: pairs=96, sweeps=3, converged=False, rel_change=8.999e-02, effective_ranks=(95, 23), class_paired=True
Epoch [56/100] | Loss: 6.4905 (Cls: 6.4626, TAL: 0.1243, Adv: 0.1623, OT-Reg: 0.000685) | OT inner objective: 0.0543 | Marginal residual row/col/max: 9.38e-08/1.12e-08/9.38e-08 | Train Acc: 0.1250 | Val Acc: 0.1538 | Val P/R/F1 (Macro): 0.0525/0.1083/0.0707 | LR: 0.000001
Epoch [57/100] | SVD update #57: pairs=96, sweeps=3, converged=False, rel_change=6.295e-01, effective_ranks=(95, 25), class_paired=True
Epoch [57/100] | Loss: 6.1505 (Cls: 6.1275, TAL: 0.0866, Adv: 0.1580, OT-Reg: 0.000602) | OT inner objective: 0.2054 | Marginal residual row/col/max: 1.30e-08/2.67e-08/2.92e-08 | Train Acc: 0.2083 | Val Acc: 0.3077 | Val P/R/F1 (Macro): 0.2194/0.3500/0.2480 | LR: 0.000001
Epoch [58/100] | SVD update #58: pairs=96, sweeps=3, converged=False, rel_change=1.835e-01, effective_ranks=(95, 23), class_paired=True
Epoch [58/100] | Loss: 6.1490 (Cls: 6.1279, TAL: 0.0842, Adv: 0.1373, OT-Reg: 0.000657) | OT inner objective: 0.0932 | Marginal residual row/col/max: 8.77e-07/1.49e-08/8.77e-07 | Train Acc: 0.1771 | Val Acc: 0.2692 | Val P/R/F1 (Macro): 0.1706/0.2500/0.1830 | LR: 0.000001
Epoch [59/100] | SVD update #59: pairs=96, sweeps=3, converged=False, rel_change=8.627e-02, effective_ranks=(95, 23), class_paired=True
Epoch [59/100] | Loss: 6.0058 (Cls: 5.9923, TAL: -0.0133, Adv: 0.1888, OT-Reg: 0.000693) | OT inner objective: 0.0816 | Marginal residual row/col/max: 2.68e-07/3.66e-08/2.68e-07 | Train Acc: 0.1667 | Val Acc: 0.1923 | Val P/R/F1 (Macro): 0.2333/0.1667/0.1941 | LR: 0.000001
Epoch [60/100] | SVD update #60: pairs=96, sweeps=3, converged=False, rel_change=9.988e-02, effective_ranks=(95, 23), class_paired=True
Epoch [60/100] | Loss: 6.3482 (Cls: 6.3145, TAL: 0.1735, Adv: 0.1615, OT-Reg: 0.000647) | OT inner objective: 0.1268 | Marginal residual row/col/max: 4.28e-07/1.86e-08/4.28e-07 | Train Acc: 0.1458 | Val Acc: 0.3462 | Val P/R/F1 (Macro): 0.2111/0.3083/0.2418 | LR: 0.000001
Epoch [61/100] | SVD update #61: pairs=96, sweeps=3, converged=False, rel_change=2.207e-01, effective_ranks=(95, 25), class_paired=True
Epoch [61/100] | Loss: 6.0028 (Cls: 6.0022, TAL: -0.1064, Adv: 0.1664, OT-Reg: 0.000646) | OT inner objective: 0.0820 | Marginal residual row/col/max: 1.28e-06/2.86e-08/1.28e-06 | Train Acc: 0.1562 | Val Acc: 0.1923 | Val P/R/F1 (Macro): 0.1239/0.2000/0.1519 | LR: 0.000001
Epoch [62/100] | SVD update #62: pairs=96, sweeps=3, converged=False, rel_change=2.752e-02, effective_ranks=(95, 24), class_paired=True
Epoch [62/100] | Loss: 6.0317 (Cls: 6.0186, TAL: -0.0103, Adv: 0.1781, OT-Reg: 0.000604) | OT inner objective: 0.1169 | Marginal residual row/col/max: 1.74e-07/2.05e-08/1.74e-07 | Train Acc: 0.1771 | Val Acc: 0.2308 | Val P/R/F1 (Macro): 0.1111/0.3333/0.1587 | LR: 0.000001
Epoch [63/100] | SVD update #63: pairs=96, sweeps=3, converged=False, rel_change=4.588e-02, effective_ranks=(95, 24), class_paired=True
Epoch [63/100] | Loss: 6.3885 (Cls: 6.3709, TAL: 0.0025, Adv: 0.2167, OT-Reg: 0.000642) | OT inner objective: 0.1090 | Marginal residual row/col/max: 3.50e-07/2.42e-08/3.56e-07 | Train Acc: 0.2396 | Val Acc: 0.2692 | Val P/R/F1 (Macro): 0.1830/0.3667/0.1946 | LR: 0.000001
Epoch [64/100] | SVD update #64: pairs=96, sweeps=3, converged=False, rel_change=4.263e-01, effective_ranks=(94, 24), class_paired=True
Epoch [64/100] | Loss: 5.9943 (Cls: 6.0093, TAL: -0.2302, Adv: 0.1581, OT-Reg: 0.000609) | OT inner objective: 0.0396 | Marginal residual row/col/max: 5.79e-07/3.10e-08/5.79e-07 | Train Acc: 0.1458 | Val Acc: 0.0769 | Val P/R/F1 (Macro): 0.0278/0.1667/0.0476 | LR: 0.000001
Epoch [65/100] | SVD update #65: pairs=96, sweeps=3, converged=False, rel_change=1.914e-01, effective_ranks=(95, 30), class_paired=True
Epoch [65/100] | Loss: 6.2997 (Cls: 6.2788, TAL: 0.0778, Adv: 0.1448, OT-Reg: 0.000648) | OT inner objective: 0.1296 | Marginal residual row/col/max: 2.42e-08/2.79e-08/3.60e-08 | Train Acc: 0.1667 | Val Acc: 0.1154 | Val P/R/F1 (Macro): 0.2572/0.1375/0.0980 | LR: 0.000001
Epoch [66/100] | SVD update #66: pairs=96, sweeps=3, converged=False, rel_change=8.590e-02, effective_ranks=(95, 25), class_paired=True
Epoch [66/100] | Loss: 6.3038 (Cls: 6.2872, TAL: 0.0525, Adv: 0.1295, OT-Reg: 0.000763) | OT inner objective: 0.1526 | Marginal residual row/col/max: 1.30e-08/3.41e-08/3.41e-08 | Train Acc: 0.1771 | Val Acc: 0.2692 | Val P/R/F1 (Macro): 0.1589/0.3542/0.1981 | LR: 0.000001
Epoch [67/100] | SVD update #67: pairs=96, sweeps=3, converged=False, rel_change=4.259e-01, effective_ranks=(95, 29), class_paired=True
Epoch [67/100] | Loss: 6.3492 (Cls: 6.3507, TAL: -0.1103, Adv: 0.1468, OT-Reg: 0.000792) | OT inner objective: 0.1376 | Marginal residual row/col/max: 1.09e-07/3.54e-08/1.19e-07 | Train Acc: 0.1875 | Val Acc: 0.2308 | Val P/R/F1 (Macro): 0.1540/0.2833/0.1784 | LR: 0.000001
Epoch [68/100] | SVD update #68: pairs=96, sweeps=3, converged=False, rel_change=1.520e-01, effective_ranks=(95, 28), class_paired=True
Epoch [68/100] | Loss: 6.2851 (Cls: 6.2835, TAL: -0.0700, Adv: 0.1250, OT-Reg: 0.000666) | OT inner objective: 0.0649 | Marginal residual row/col/max: 9.44e-08/1.74e-08/9.44e-08 | Train Acc: 0.1562 | Val Acc: 0.1538 | Val P/R/F1 (Macro): 0.0640/0.1417/0.0881 | LR: 0.000001
Epoch [69/100] | SVD update #69: pairs=96, sweeps=3, converged=False, rel_change=2.080e-01, effective_ranks=(95, 28), class_paired=True
Epoch [69/100] | Loss: 6.1232 (Cls: 6.1339, TAL: -0.1815, Adv: 0.1396, OT-Reg: 0.000686) | OT inner objective: 0.1721 | Marginal residual row/col/max: 1.12e-08/1.99e-08/2.05e-08 | Train Acc: 0.1146 | Val Acc: 0.1154 | Val P/R/F1 (Macro): 0.1204/0.2000/0.1082 | LR: 0.000001
Epoch [70/100] | SVD update #70: pairs=96, sweeps=3, converged=False, rel_change=4.824e-03, effective_ranks=(95, 30), class_paired=True
Epoch [70/100] | Loss: 5.9561 (Cls: 5.9719, TAL: -0.2280, Adv: 0.1440, OT-Reg: 0.000624) | OT inner objective: 0.1466 | Marginal residual row/col/max: 1.49e-08/2.30e-08/2.42e-08 | Train Acc: 0.1458 | Val Acc: 0.1154 | Val P/R/F1 (Macro): 0.0985/0.2500/0.1111 | LR: 0.000001
Epoch [71/100] | SVD update #71: pairs=96, sweeps=3, converged=False, rel_change=5.184e-02, effective_ranks=(95, 30), class_paired=True
Epoch [71/100] | Loss: 6.0741 (Cls: 6.0694, TAL: -0.0497, Adv: 0.1332, OT-Reg: 0.000622) | OT inner objective: 0.1487 | Marginal residual row/col/max: 1.06e-08/2.42e-08/2.48e-08 | Train Acc: 0.1875 | Val Acc: 0.1923 | Val P/R/F1 (Macro): 0.1778/0.2417/0.1672 | LR: 0.000001
Epoch [72/100] | SVD update #72: pairs=96, sweeps=3, converged=False, rel_change=2.176e-02, effective_ranks=(94, 27), class_paired=True
Epoch [72/100] | Loss: 6.1219 (Cls: 6.1241, TAL: -0.1011, Adv: 0.1244, OT-Reg: 0.000661) | OT inner objective: 0.1056 | Marginal residual row/col/max: 5.09e-08/4.35e-08/7.20e-08 | Train Acc: 0.1771 | Val Acc: 0.1154 | Val P/R/F1 (Macro): 0.1800/0.2000/0.0802 | LR: 0.000001
Epoch [73/100] | SVD update #73: pairs=96, sweeps=3, converged=False, rel_change=4.328e-02, effective_ranks=(94, 29), class_paired=True
Epoch [73/100] | Loss: 5.7723 (Cls: 5.7869, TAL: -0.1956, Adv: 0.1107, OT-Reg: 0.000644) | OT inner objective: 0.0943 | Marginal residual row/col/max: 3.97e-08/2.67e-08/4.97e-08 | Train Acc: 0.1875 | Val Acc: 0.0385 | Val P/R/F1 (Macro): 0.0238/0.0833/0.0370 | LR: 0.000001
Epoch [74/100] | SVD update #74: pairs=96, sweeps=3, converged=False, rel_change=2.163e-01, effective_ranks=(95, 30), class_paired=True
Epoch [74/100] | Loss: 5.8562 (Cls: 5.8662, TAL: -0.1712, Adv: 0.1308, OT-Reg: 0.000680) | OT inner objective: 0.0485 | Marginal residual row/col/max: 9.04e-07/3.17e-08/9.08e-07 | Train Acc: 0.2917 | Val Acc: 0.2692 | Val P/R/F1 (Macro): 0.2583/0.4000/0.2641 | LR: 0.000001
Epoch [75/100] | SVD update #75: pairs=96, sweeps=3, converged=False, rel_change=1.123e-01, effective_ranks=(95, 26), class_paired=True
Epoch [75/100] | Loss: 6.0292 (Cls: 6.0342, TAL: -0.1399, Adv: 0.1473, OT-Reg: 0.000667) | OT inner objective: 0.0986 | Marginal residual row/col/max: 4.22e-08/2.55e-08/4.41e-08 | Train Acc: 0.1771 | Val Acc: 0.2692 | Val P/R/F1 (Macro): 0.1713/0.3167/0.2004 | LR: 0.000001
Epoch [76/100] | SVD update #76: pairs=96, sweeps=3, converged=False, rel_change=3.608e-02, effective_ranks=(95, 28), class_paired=True
Epoch [76/100] | Loss: 5.9293 (Cls: 5.9556, TAL: -0.3065, Adv: 0.1307, OT-Reg: 0.000689) | OT inner objective: 0.1234 | Marginal residual row/col/max: 1.68e-08/3.17e-08/3.17e-08 | Train Acc: 0.2292 | Val Acc: 0.0769 | Val P/R/F1 (Macro): 0.0145/0.1667/0.0267 | LR: 0.000001
Epoch [77/100] | SVD update #77: pairs=96, sweeps=3, converged=False, rel_change=3.054e-02, effective_ranks=(95, 32), class_paired=True
Epoch [77/100] | Loss: 6.2767 (Cls: 6.2809, TAL: -0.1091, Adv: 0.1107, OT-Reg: 0.000684) | OT inner objective: 0.2046 | Marginal residual row/col/max: 1.12e-08/2.73e-08/2.73e-08 | Train Acc: 0.2083 | Val Acc: 0.1538 | Val P/R/F1 (Macro): 0.1056/0.1458/0.1222 | LR: 0.000001
Epoch [78/100] | SVD update #78: pairs=96, sweeps=3, converged=False, rel_change=3.919e-02, effective_ranks=(95, 27), class_paired=True
Epoch [78/100] | Loss: 6.0531 (Cls: 6.0651, TAL: -0.1960, Adv: 0.1442, OT-Reg: 0.000666) | OT inner objective: 0.1410 | Marginal residual row/col/max: 1.43e-08/3.35e-08/3.35e-08 | Train Acc: 0.2500 | Val Acc: 0.2308 | Val P/R/F1 (Macro): 0.1905/0.2917/0.1689 | LR: 0.000001
Epoch [79/100] | SVD update #79: pairs=96, sweeps=3, converged=False, rel_change=3.776e-02, effective_ranks=(95, 29), class_paired=True
Epoch [79/100] | Loss: 5.7961 (Cls: 5.8145, TAL: -0.2398, Adv: 0.1296, OT-Reg: 0.000693) | OT inner objective: 0.1081 | Marginal residual row/col/max: 1.37e-08/2.61e-08/2.73e-08 | Train Acc: 0.3125 | Val Acc: 0.1923 | Val P/R/F1 (Macro): 0.1239/0.2500/0.1556 | LR: 0.000001
Epoch [80/100] | SVD update #80: pairs=96, sweeps=3, converged=False, rel_change=1.515e-02, effective_ranks=(95, 31), class_paired=True
Epoch [80/100] | Loss: 5.9388 (Cls: 5.9459, TAL: -0.1257, Adv: 0.0998, OT-Reg: 0.000662) | OT inner objective: 0.1297 | Marginal residual row/col/max: 1.43e-08/2.24e-08/2.24e-08 | Train Acc: 0.2083 | Val Acc: 0.1538 | Val P/R/F1 (Macro): 0.1270/0.2333/0.1123 | LR: 0.000001
Epoch [81/100] | SVD update #81: pairs=96, sweeps=3, converged=False, rel_change=1.270e-02, effective_ranks=(95, 30), class_paired=True
Epoch [81/100] | Loss: 5.9126 (Cls: 5.9238, TAL: -0.1587, Adv: 0.0983, OT-Reg: 0.000658) | OT inner objective: 0.1127 | Marginal residual row/col/max: 8.26e-08/3.17e-08/9.13e-08 | Train Acc: 0.1979 | Val Acc: 0.1923 | Val P/R/F1 (Macro): 0.1962/0.2667/0.2056 | LR: 0.000001
Epoch [82/100] | SVD update #82: pairs=96, sweeps=3, converged=False, rel_change=1.353e-02, effective_ranks=(94, 24), class_paired=True
Epoch [82/100] | Loss: 6.0262 (Cls: 6.0404, TAL: -0.1892, Adv: 0.1062, OT-Reg: 0.000682) | OT inner objective: 0.0827 | Marginal residual row/col/max: 7.82e-08/2.24e-08/8.20e-08 | Train Acc: 0.1667 | Val Acc: 0.2692 | Val P/R/F1 (Macro): 0.2528/0.3667/0.1924 | LR: 0.000001
Epoch [83/100] | SVD update #83: pairs=96, sweeps=3, converged=False, rel_change=4.901e-01, effective_ranks=(95, 38), class_paired=True
Epoch [83/100] | Loss: 6.2717 (Cls: 6.2538, TAL: 0.0581, Adv: 0.1368, OT-Reg: 0.000679) | OT inner objective: 0.0250 | Marginal residual row/col/max: 2.54e-06/9.93e-09/2.54e-06 | Train Acc: 0.1354 | Val Acc: 0.0769 | Val P/R/F1 (Macro): 0.0667/0.0667/0.0667 | LR: 0.000001
Epoch [84/100] | SVD update #84: pairs=96, sweeps=3, converged=False, rel_change=2.714e-02, effective_ranks=(95, 30), class_paired=True
Epoch [84/100] | Loss: 6.6086 (Cls: 6.5871, TAL: 0.0984, Adv: 0.1206, OT-Reg: 0.000719) | OT inner objective: 0.0457 | Marginal residual row/col/max: 7.25e-06/2.11e-08/7.26e-06 | Train Acc: 0.0625 | Val Acc: 0.1923 | Val P/R/F1 (Macro): 0.0321/0.1667/0.0538 | LR: 0.000001
Epoch [85/100] | SVD update #85: pairs=96, sweeps=3, converged=False, rel_change=8.983e-02, effective_ranks=(95, 34), class_paired=True
Epoch [85/100] | Loss: 6.2011 (Cls: 6.1685, TAL: 0.1923, Adv: 0.1198, OT-Reg: 0.000688) | OT inner objective: 0.0536 | Marginal residual row/col/max: 3.08e-05/1.12e-08/3.08e-05 | Train Acc: 0.1562 | Val Acc: 0.2308 | Val P/R/F1 (Macro): 0.1000/0.2000/0.1200 | LR: 0.000001
Epoch [86/100] | SVD update #86: pairs=96, sweeps=3, converged=False, rel_change=5.363e-02, effective_ranks=(95, 29), class_paired=True
Epoch [86/100] | Loss: 5.8717 (Cls: 5.8386, TAL: 0.1900, Adv: 0.1277, OT-Reg: 0.000708) | OT inner objective: 0.1032 | Marginal residual row/col/max: 1.39e-07/1.37e-08/1.39e-07 | Train Acc: 0.1979 | Val Acc: 0.1538 | Val P/R/F1 (Macro): 0.0846/0.1208/0.0959 | LR: 0.000001
Epoch [87/100] | SVD update #87: pairs=96, sweeps=3, converged=False, rel_change=5.923e-02, effective_ranks=(95, 30), class_paired=True
Epoch [87/100] | Loss: 6.3334 (Cls: 6.2990, TAL: 0.1964, Adv: 0.1362, OT-Reg: 0.000613) | OT inner objective: 0.0513 | Marginal residual row/col/max: 2.00e-05/1.61e-08/2.00e-05 | Train Acc: 0.1250 | Val Acc: 0.0385 | Val P/R/F1 (Macro): 0.0167/0.0333/0.0222 | LR: 0.000001
Epoch [88/100] | SVD update #88: pairs=96, sweeps=3, converged=False, rel_change=1.947e-02, effective_ranks=(95, 31), class_paired=True
Epoch [88/100] | Loss: 6.1333 (Cls: 6.1062, TAL: 0.1497, Adv: 0.1141, OT-Reg: 0.000654) | OT inner objective: 0.0920 | Marginal residual row/col/max: 9.93e-05/1.43e-08/9.93e-05 | Train Acc: 0.1250 | Val Acc: 0.3846 | Val P/R/F1 (Macro): 0.1320/0.2583/0.1742 | LR: 0.000001
Epoch [89/100] | SVD update #89: pairs=96, sweeps=3, converged=False, rel_change=8.153e-02, effective_ranks=(95, 25), class_paired=True
Epoch [89/100] | Loss: 6.4679 (Cls: 6.4492, TAL: 0.0672, Adv: 0.1324, OT-Reg: 0.000702) | OT inner objective: -0.0343 | Marginal residual row/col/max: 7.92e-06/1.74e-08/7.92e-06 | Train Acc: 0.1146 | Val Acc: 0.3077 | Val P/R/F1 (Macro): 0.1369/0.2167/0.1524 | LR: 0.000001
Epoch [90/100] | SVD update #90: pairs=96, sweeps=3, converged=False, rel_change=2.307e-01, effective_ranks=(95, 30), class_paired=True
Epoch [90/100] | Loss: 6.1716 (Cls: 6.1545, TAL: 0.0642, Adv: 0.1178, OT-Reg: 0.000731) | OT inner objective: -0.0134 | Marginal residual row/col/max: 3.94e-05/1.37e-08/3.94e-05 | Train Acc: 0.1562 | Val Acc: 0.1538 | Val P/R/F1 (Macro): 0.0958/0.1083/0.1006 | LR: 0.000001
Epoch [91/100] | SVD update #91: pairs=96, sweeps=3, converged=False, rel_change=5.035e-01, effective_ranks=(95, 28), class_paired=True
Epoch [91/100] | Loss: 6.2713 (Cls: 6.2741, TAL: -0.1001, Adv: 0.1157, OT-Reg: 0.000576) | OT inner objective: 0.0825 | Marginal residual row/col/max: 1.73e-06/1.92e-08/1.73e-06 | Train Acc: 0.1354 | Val Acc: 0.0769 | Val P/R/F1 (Macro): 0.0476/0.0667/0.0556 | LR: 0.000001
Epoch [92/100] | SVD update #92: pairs=96, sweeps=3, converged=False, rel_change=1.654e-02, effective_ranks=(95, 27), class_paired=True
Epoch [92/100] | Loss: 6.1699 (Cls: 6.1692, TAL: -0.0665, Adv: 0.1075, OT-Reg: 0.000678) | OT inner objective: 0.1250 | Marginal residual row/col/max: 3.74e-07/4.22e-08/3.75e-07 | Train Acc: 0.2500 | Val Acc: 0.2308 | Val P/R/F1 (Macro): 0.1389/0.2833/0.1720 | LR: 0.000001
Epoch [93/100] | SVD update #93: pairs=96, sweeps=3, converged=False, rel_change=3.021e-01, effective_ranks=(95, 35), class_paired=True
Epoch [93/100] | Loss: 5.9582 (Cls: 5.9358, TAL: 0.1064, Adv: 0.1210, OT-Reg: 0.000670) | OT inner objective: 0.1861 | Marginal residual row/col/max: 9.93e-09/2.42e-08/2.42e-08 | Train Acc: 0.1979 | Val Acc: 0.2308 | Val P/R/F1 (Macro): 0.0949/0.3333/0.1396 | LR: 0.000001
Epoch [94/100] | SVD update #94: pairs=96, sweeps=3, converged=False, rel_change=7.084e-02, effective_ranks=(95, 27), class_paired=True
Epoch [94/100] | Loss: 6.2054 (Cls: 6.1954, TAL: 0.0040, Adv: 0.1184, OT-Reg: 0.000720) | OT inner objective: 0.1697 | Marginal residual row/col/max: 9.93e-09/2.55e-08/2.55e-08 | Train Acc: 0.2604 | Val Acc: 0.3846 | Val P/R/F1 (Macro): 0.2810/0.4667/0.3133 | LR: 0.000001
Epoch [95/100] | SVD update #95: pairs=96, sweeps=3, converged=False, rel_change=2.030e-02, effective_ranks=(95, 32), class_paired=True
Epoch [95/100] | Loss: 6.2134 (Cls: 6.2031, TAL: 0.0098, Adv: 0.1141, OT-Reg: 0.000794) | OT inner objective: 0.2048 | Marginal residual row/col/max: 9.93e-09/4.04e-08/4.04e-08 | Train Acc: 0.1771 | Val Acc: 0.1923 | Val P/R/F1 (Macro): 0.1063/0.2500/0.1408 | LR: 0.000001
Epoch [96/100] | SVD update #96: pairs=96, sweeps=3, converged=False, rel_change=1.718e-01, effective_ranks=(95, 28), class_paired=True
Epoch [96/100] | Loss: 6.4041 (Cls: 6.3992, TAL: -0.0427, Adv: 0.1251, OT-Reg: 0.000743) | OT inner objective: 0.1574 | Marginal residual row/col/max: 1.37e-08/2.30e-08/2.36e-08 | Train Acc: 0.2500 | Val Acc: 0.3462 | Val P/R/F1 (Macro): 0.1680/0.3833/0.2335 | LR: 0.000001
Epoch [97/100] | SVD update #97: pairs=96, sweeps=3, converged=False, rel_change=6.360e-02, effective_ranks=(95, 28), class_paired=True
Epoch [97/100] | Loss: 5.9004 (Cls: 5.8957, TAL: -0.0302, Adv: 0.1038, OT-Reg: 0.000621) | OT inner objective: 0.1564 | Marginal residual row/col/max: 1.68e-06/2.48e-08/1.68e-06 | Train Acc: 0.3021 | Val Acc: 0.1923 | Val P/R/F1 (Macro): 0.0810/0.2500/0.1217 | LR: 0.000001
Epoch [98/100] | SVD update #98: pairs=96, sweeps=3, converged=False, rel_change=7.213e-02, effective_ranks=(95, 34), class_paired=True
Epoch [98/100] | Loss: 5.9073 (Cls: 5.8990, TAL: -0.0091, Adv: 0.1183, OT-Reg: 0.000669) | OT inner objective: 0.1369 | Marginal residual row/col/max: 2.64e-07/2.11e-08/2.64e-07 | Train Acc: 0.2396 | Val Acc: 0.3462 | Val P/R/F1 (Macro): 0.3130/0.3583/0.2743 | LR: 0.000001
Epoch [99/100] | SVD update #99: pairs=96, sweeps=3, converged=False, rel_change=1.806e-01, effective_ranks=(95, 26), class_paired=True
Epoch [99/100] | Loss: 5.8765 (Cls: 5.9027, TAL: -0.2954, Adv: 0.1164, OT-Reg: 0.000627) | OT inner objective: 0.0769 | Marginal residual row/col/max: 5.03e-05/1.49e-08/5.03e-05 | Train Acc: 0.2812 | Val Acc: 0.1923 | Val P/R/F1 (Macro): 0.0861/0.2500/0.1257 | LR: 0.000001
Epoch [100/100] | SVD update #100: pairs=96, sweeps=3, converged=False, rel_change=6.227e-02, effective_ranks=(95, 29), class_paired=True
Epoch [100/100] | Loss: 5.8763 (Cls: 5.8854, TAL: -0.1587, Adv: 0.1233, OT-Reg: 0.000660) | OT inner objective: 0.1194 | Marginal residual row/col/max: 2.17e-08/2.86e-08/3.66e-08 | Train Acc: 0.1562 | Val Acc: 0.3077 | Val P/R/F1 (Macro): 0.2127/0.5000/0.2731 | LR: 0.000001
Report strategy: last_window, window=10, reported_acc=0.2500, best_acc=0.5000

迭代 1 报告指标:
  Accuracy: 0.2500
  Precision (Macro): 0.1529
  Recall (Macro): 0.3142
  F1 (Macro): 0.1850
  Precision (Micro): 0.2500
  Recall (Micro): 0.2500
  F1 (Micro): 0.2500
  Val class coverage: 6/14 (0.4286), samples=26

================================================================================
迭代 2/5
随机种子: 43
================================================================================
Training mode: full target-label supervision (class-paired batches).
Feature fusion: Tensor alignment (512+512 -> 64+64); fused_dim=128
Domain adaptation: Neural OT generator with 3-domain discriminator
Loss weights: tensor=0.12, adv=0.08
Transport: mode=sinkhorn, epsilon=0.1, Sinkhorn iterations=50, correction scale=0.1, correction regularization weight=0.001
Tensor projection update: once per epoch from the complete target-training pairing bank; projection_dim=64, max_sweeps=3, relative singular-value tolerance=0.0001
Epoch [1/100] | SVD update #1: pairs=96, sweeps=3, converged=True, rel_change=2.078e-05, effective_ranks=(95, 94), class_paired=True
Epoch [1/100] | Loss: 8.6528 (Cls: 8.6472, TAL: -0.1148, Adv: 0.2433, OT-Reg: 0.001150) | OT inner objective: 0.3144 | Marginal residual row/col/max: 9.31e-09/1.43e-08/1.43e-08 | Train Acc: 0.0833 | Val Acc: 0.0769 | Val P/R/F1 (Macro): 0.0985/0.1250/0.1056 | LR: 0.000005
  >>> New Best Val Acc: 0.0769
Epoch [2/100] | SVD update #2: pairs=96, sweeps=3, converged=True, rel_change=3.382e-05, effective_ranks=(95, 89), class_paired=True
Epoch [2/100] | Loss: 8.5788 (Cls: 8.5692, TAL: -0.0677, Adv: 0.2212, OT-Reg: 0.001284) | OT inner objective: 0.3084 | Marginal residual row/col/max: 1.06e-08/1.18e-08/1.18e-08 | Train Acc: 0.1771 | Val Acc: 0.2308 | Val P/R/F1 (Macro): 0.1414/0.2333/0.1346 | LR: 0.000005
  >>> New Best Val Acc: 0.2308
Epoch [3/100] | SVD update #3: pairs=96, sweeps=3, converged=True, rel_change=9.961e-05, effective_ranks=(95, 81), class_paired=True
Epoch [3/100] | Loss: 7.7319 (Cls: 7.7314, TAL: -0.1535, Adv: 0.2366, OT-Reg: 0.001237) | OT inner objective: 0.3079 | Marginal residual row/col/max: 9.31e-09/1.43e-08/1.43e-08 | Train Acc: 0.1771 | Val Acc: 0.0769 | Val P/R/F1 (Macro): 0.0175/0.0833/0.0290 | LR: 0.000005
Epoch [4/100] | SVD update #4: pairs=96, sweeps=3, converged=False, rel_change=3.079e-03, effective_ranks=(95, 68), class_paired=True
Epoch [4/100] | Loss: 7.6857 (Cls: 7.6679, TAL: -0.0050, Adv: 0.2308, OT-Reg: 0.001316) | OT inner objective: 0.3093 | Marginal residual row/col/max: 9.93e-09/1.18e-08/1.18e-08 | Train Acc: 0.1667 | Val Acc: 0.2308 | Val P/R/F1 (Macro): 0.1529/0.3333/0.1832 | LR: 0.000005
Epoch [5/100] | SVD update #5: pairs=96, sweeps=3, converged=False, rel_change=2.333e-02, effective_ranks=(95, 70), class_paired=True
Epoch [5/100] | Loss: 6.8435 (Cls: 6.8191, TAL: 0.0724, Adv: 0.1966, OT-Reg: 0.001209) | OT inner objective: 0.3056 | Marginal residual row/col/max: 1.37e-08/1.49e-08/1.68e-08 | Train Acc: 0.2396 | Val Acc: 0.1538 | Val P/R/F1 (Macro): 0.0351/0.1333/0.0556 | LR: 0.000005
Epoch [6/100] | SVD update #6: pairs=96, sweeps=3, converged=False, rel_change=4.677e-01, effective_ranks=(95, 73), class_paired=True
Epoch [6/100] | Loss: 7.3405 (Cls: 7.3284, TAL: -0.0173, Adv: 0.1768, OT-Reg: 0.001224) | OT inner objective: 0.3065 | Marginal residual row/col/max: 1.06e-08/1.12e-08/1.18e-08 | Train Acc: 0.1979 | Val Acc: 0.2308 | Val P/R/F1 (Macro): 0.1263/0.2250/0.1528 | LR: 0.000005
Epoch [7/100] | SVD update #7: pairs=96, sweeps=3, converged=False, rel_change=4.669e-01, effective_ranks=(95, 53), class_paired=True
Epoch [7/100] | Loss: 7.2099 (Cls: 7.2029, TAL: -0.0768, Adv: 0.2025, OT-Reg: 0.001195) | OT inner objective: 0.2784 | Marginal residual row/col/max: 1.24e-08/1.30e-08/1.49e-08 | Train Acc: 0.1042 | Val Acc: 0.1538 | Val P/R/F1 (Macro): 0.1171/0.2208/0.1322 | LR: 0.000005
Epoch [8/100] | SVD update #8: pairs=96, sweeps=3, converged=False, rel_change=4.716e-01, effective_ranks=(95, 37), class_paired=True
Epoch [8/100] | Loss: 7.7509 (Cls: 7.7178, TAL: 0.1580, Adv: 0.1766, OT-Reg: 0.001133) | OT inner objective: 0.3062 | Marginal residual row/col/max: 8.69e-09/1.80e-08/1.80e-08 | Train Acc: 0.1146 | Val Acc: 0.1923 | Val P/R/F1 (Macro): 0.0630/0.2167/0.0976 | LR: 0.000005
Epoch [9/100] | SVD update #9: pairs=96, sweeps=3, converged=False, rel_change=6.571e-01, effective_ranks=(95, 46), class_paired=True
Epoch [9/100] | Loss: 6.7864 (Cls: 6.7595, TAL: 0.0791, Adv: 0.2167, OT-Reg: 0.001107) | OT inner objective: 0.2697 | Marginal residual row/col/max: 1.12e-08/1.99e-08/2.05e-08 | Train Acc: 0.2500 | Val Acc: 0.2692 | Val P/R/F1 (Macro): 0.1197/0.2333/0.1532 | LR: 0.000005
  >>> New Best Val Acc: 0.2692
Epoch [10/100] | SVD update #10: pairs=96, sweeps=3, converged=False, rel_change=2.344e-01, effective_ranks=(95, 39), class_paired=True
Epoch [10/100] | Loss: 7.2146 (Cls: 7.1967, TAL: 0.0219, Adv: 0.1907, OT-Reg: 0.001173) | OT inner objective: 0.2661 | Marginal residual row/col/max: 1.06e-08/1.06e-08/1.12e-08 | Train Acc: 0.0938 | Val Acc: 0.1923 | Val P/R/F1 (Macro): 0.0379/0.1667/0.0617 | LR: 0.000005
Epoch [11/100] | SVD update #11: pairs=96, sweeps=3, converged=False, rel_change=5.748e-01, effective_ranks=(95, 40), class_paired=True
Epoch [11/100] | Loss: 6.7175 (Cls: 6.7185, TAL: -0.1655, Adv: 0.2363, OT-Reg: 0.001075) | OT inner objective: 0.1958 | Marginal residual row/col/max: 1.83e-07/1.18e-08/1.85e-07 | Train Acc: 0.2292 | Val Acc: 0.0385 | Val P/R/F1 (Macro): 0.0069/0.0833/0.0128 | LR: 0.000005
Epoch [12/100] | SVD update #12: pairs=96, sweeps=3, converged=False, rel_change=4.972e-01, effective_ranks=(95, 46), class_paired=True
Epoch [12/100] | Loss: 6.6967 (Cls: 6.7049, TAL: -0.1972, Adv: 0.1930, OT-Reg: 0.001148) | OT inner objective: 0.2559 | Marginal residual row/col/max: 1.06e-08/1.86e-08/1.99e-08 | Train Acc: 0.1979 | Val Acc: 0.0769 | Val P/R/F1 (Macro): 0.0660/0.1167/0.0825 | LR: 0.000005
Epoch [13/100] | SVD update #13: pairs=96, sweeps=3, converged=False, rel_change=5.896e-01, effective_ranks=(95, 40), class_paired=True
Epoch [13/100] | Loss: 6.8812 (Cls: 6.8753, TAL: -0.0842, Adv: 0.2003, OT-Reg: 0.001012) | OT inner objective: 0.2699 | Marginal residual row/col/max: 9.93e-09/1.24e-08/1.24e-08 | Train Acc: 0.1354 | Val Acc: 0.2308 | Val P/R/F1 (Macro): 0.1161/0.2333/0.1530 | LR: 0.000005
Epoch [14/100] | SVD update #14: pairs=96, sweeps=3, converged=False, rel_change=9.390e-02, effective_ranks=(95, 31), class_paired=True
Epoch [14/100] | Loss: 6.5570 (Cls: 6.5476, TAL: -0.0664, Adv: 0.2171, OT-Reg: 0.001132) | OT inner objective: 0.2392 | Marginal residual row/col/max: 8.69e-09/1.86e-08/1.86e-08 | Train Acc: 0.1979 | Val Acc: 0.1538 | Val P/R/F1 (Macro): 0.0667/0.1833/0.0956 | LR: 0.000005
Epoch [15/100] | SVD update #15: pairs=96, sweeps=3, converged=False, rel_change=1.745e-01, effective_ranks=(95, 30), class_paired=True
Epoch [15/100] | Loss: 6.4159 (Cls: 6.3905, TAL: 0.0099, Adv: 0.3031, OT-Reg: 0.001188) | OT inner objective: 0.2788 | Marginal residual row/col/max: 1.12e-08/1.18e-08/1.24e-08 | Train Acc: 0.2604 | Val Acc: 0.3462 | Val P/R/F1 (Macro): 0.2556/0.3833/0.2909 | LR: 0.000005
  >>> New Best Val Acc: 0.3462
Epoch [16/100] | SVD update #16: pairs=96, sweeps=3, converged=False, rel_change=2.929e-01, effective_ranks=(95, 30), class_paired=True
Epoch [16/100] | Loss: 6.6436 (Cls: 6.6350, TAL: -0.0996, Adv: 0.2561, OT-Reg: 0.001088) | OT inner objective: 0.2579 | Marginal residual row/col/max: 8.69e-09/9.93e-09/1.06e-08 | Train Acc: 0.1562 | Val Acc: 0.3462 | Val P/R/F1 (Macro): 0.3384/0.3000/0.2897 | LR: 0.000005
Epoch [17/100] | SVD update #17: pairs=96, sweeps=3, converged=False, rel_change=1.937e-02, effective_ranks=(95, 30), class_paired=True
Epoch [17/100] | Loss: 6.5522 (Cls: 6.5340, TAL: 0.0219, Adv: 0.1949, OT-Reg: 0.001120) | OT inner objective: 0.2762 | Marginal residual row/col/max: 9.31e-09/1.49e-08/1.49e-08 | Train Acc: 0.1354 | Val Acc: 0.3462 | Val P/R/F1 (Macro): 0.4429/0.3875/0.3339 | LR: 0.000005
Epoch [18/100] | SVD update #18: pairs=96, sweeps=3, converged=False, rel_change=4.577e-02, effective_ranks=(95, 22), class_paired=True
Epoch [18/100] | Loss: 6.6953 (Cls: 6.6908, TAL: -0.1075, Adv: 0.2170, OT-Reg: 0.001017) | OT inner objective: 0.2070 | Marginal residual row/col/max: 1.06e-08/1.37e-08/1.37e-08 | Train Acc: 0.2188 | Val Acc: 0.2308 | Val P/R/F1 (Macro): 0.1037/0.2333/0.1273 | LR: 0.000005
Epoch [19/100] | SVD update #19: pairs=96, sweeps=3, converged=False, rel_change=1.885e-01, effective_ranks=(95, 27), class_paired=True
Epoch [19/100] | Loss: 6.8735 (Cls: 6.8346, TAL: 0.2036, Adv: 0.1815, OT-Reg: 0.001122) | OT inner objective: 0.2743 | Marginal residual row/col/max: 9.93e-09/1.18e-08/1.24e-08 | Train Acc: 0.1771 | Val Acc: 0.2692 | Val P/R/F1 (Macro): 0.2889/0.2333/0.2458 | LR: 0.000005
Epoch [20/100] | SVD update #20: pairs=96, sweeps=3, converged=False, rel_change=1.369e-01, effective_ranks=(94, 29), class_paired=True
Epoch [20/100] | Loss: 6.5427 (Cls: 6.5155, TAL: 0.0804, Adv: 0.2205, OT-Reg: 0.001123) | OT inner objective: 0.2272 | Marginal residual row/col/max: 7.45e-09/1.06e-08/1.06e-08 | Train Acc: 0.1042 | Val Acc: 0.0769 | Val P/R/F1 (Macro): 0.0352/0.0542/0.0418 | LR: 0.000005
Epoch [21/100] | SVD update #21: pairs=96, sweeps=3, converged=False, rel_change=1.897e-01, effective_ranks=(95, 25), class_paired=True
Epoch [21/100] | Loss: 6.6313 (Cls: 6.6129, TAL: 0.0211, Adv: 0.1984, OT-Reg: 0.001141) | OT inner objective: 0.2360 | Marginal residual row/col/max: 8.07e-09/9.31e-09/9.31e-09 | Train Acc: 0.1354 | Val Acc: 0.1923 | Val P/R/F1 (Macro): 0.0397/0.1667/0.0641 | LR: 0.000005
Epoch [22/100] | SVD update #22: pairs=96, sweeps=3, converged=False, rel_change=2.529e-01, effective_ranks=(95, 31), class_paired=True
Epoch [22/100] | Loss: 6.5567 (Cls: 6.5763, TAL: -0.2883, Adv: 0.1869, OT-Reg: 0.001035) | OT inner objective: 0.0927 | Marginal residual row/col/max: 1.48e-06/1.37e-08/1.48e-06 | Train Acc: 0.1771 | Val Acc: 0.1154 | Val P/R/F1 (Macro): 0.0972/0.1500/0.1162 | LR: 0.000005
Epoch [23/100] | SVD update #23: pairs=96, sweeps=3, converged=False, rel_change=3.441e-01, effective_ranks=(95, 24), class_paired=True
Epoch [23/100] | Loss: 6.6747 (Cls: 6.6437, TAL: 0.1228, Adv: 0.2035, OT-Reg: 0.001064) | OT inner objective: 0.2379 | Marginal residual row/col/max: 1.30e-08/9.93e-09/1.30e-08 | Train Acc: 0.1771 | Val Acc: 0.1154 | Val P/R/F1 (Macro): 0.0542/0.1000/0.0701 | LR: 0.000005
Epoch [24/100] | SVD update #24: pairs=96, sweeps=3, converged=False, rel_change=1.903e-01, effective_ranks=(94, 22), class_paired=True
Epoch [24/100] | Loss: 6.5065 (Cls: 6.5104, TAL: -0.1847, Adv: 0.2287, OT-Reg: 0.001041) | OT inner objective: -0.0279 | Marginal residual row/col/max: 4.24e-06/9.93e-09/4.24e-06 | Train Acc: 0.1667 | Val Acc: 0.0769 | Val P/R/F1 (Macro): 0.0238/0.1667/0.0417 | LR: 0.000005
Epoch [25/100] | SVD update #25: pairs=96, sweeps=3, converged=False, rel_change=2.296e-01, effective_ranks=(94, 26), class_paired=True
Epoch [25/100] | Loss: 6.3043 (Cls: 6.3069, TAL: -0.1526, Adv: 0.1970, OT-Reg: 0.000950) | OT inner objective: 0.2335 | Marginal residual row/col/max: 9.31e-09/1.12e-08/1.12e-08 | Train Acc: 0.1667 | Val Acc: 0.0385 | Val P/R/F1 (Macro): 0.0278/0.0417/0.0333 | LR: 0.000005
Epoch [26/100] | SVD update #26: pairs=96, sweeps=3, converged=False, rel_change=2.478e-01, effective_ranks=(95, 20), class_paired=True
Epoch [26/100] | Loss: 6.0873 (Cls: 6.0690, TAL: 0.0088, Adv: 0.2152, OT-Reg: 0.001005) | OT inner objective: 0.2655 | Marginal residual row/col/max: 1.49e-08/4.04e-08/4.04e-08 | Train Acc: 0.1771 | Val Acc: 0.3077 | Val P/R/F1 (Macro): 0.3065/0.3667/0.3034 | LR: 0.000003
Epoch [27/100] | SVD update #27: pairs=96, sweeps=3, converged=False, rel_change=2.818e+00, effective_ranks=(95, 19), class_paired=True
Epoch [27/100] | Loss: 6.4253 (Cls: 6.4138, TAL: -0.0284, Adv: 0.1868, OT-Reg: 0.000897) | OT inner objective: 0.2095 | Marginal residual row/col/max: 2.61e-08/1.49e-08/2.61e-08 | Train Acc: 0.2083 | Val Acc: 0.2308 | Val P/R/F1 (Macro): 0.1143/0.1750/0.1215 | LR: 0.000003
Epoch [28/100] | SVD update #28: pairs=96, sweeps=3, converged=False, rel_change=1.400e-01, effective_ranks=(95, 20), class_paired=True
Epoch [28/100] | Loss: 6.4402 (Cls: 6.4242, TAL: -0.0019, Adv: 0.2025, OT-Reg: 0.000880) | OT inner objective: 0.1704 | Marginal residual row/col/max: 3.29e-08/3.04e-08/3.85e-08 | Train Acc: 0.2083 | Val Acc: 0.1923 | Val P/R/F1 (Macro): 0.1151/0.2167/0.1346 | LR: 0.000003
Epoch [29/100] | SVD update #29: pairs=96, sweeps=3, converged=False, rel_change=2.769e-02, effective_ranks=(95, 13), class_paired=True
Epoch [29/100] | Loss: 5.9675 (Cls: 5.9603, TAL: -0.0918, Adv: 0.2267, OT-Reg: 0.000938) | OT inner objective: 0.2032 | Marginal residual row/col/max: 1.37e-08/2.05e-08/2.05e-08 | Train Acc: 0.2188 | Val Acc: 0.1154 | Val P/R/F1 (Macro): 0.0723/0.1500/0.0868 | LR: 0.000003
Epoch [30/100] | SVD update #30: pairs=96, sweeps=3, converged=False, rel_change=1.399e-01, effective_ranks=(95, 19), class_paired=True
Epoch [30/100] | Loss: 6.2606 (Cls: 6.2400, TAL: 0.0223, Adv: 0.2237, OT-Reg: 0.000894) | OT inner objective: 0.1837 | Marginal residual row/col/max: 1.12e-08/2.79e-08/2.79e-08 | Train Acc: 0.1875 | Val Acc: 0.1923 | Val P/R/F1 (Macro): 0.0944/0.2500/0.1307 | LR: 0.000003
Epoch [31/100] | SVD update #31: pairs=96, sweeps=3, converged=False, rel_change=5.693e-02, effective_ranks=(95, 19), class_paired=True
Epoch [31/100] | Loss: 5.8227 (Cls: 5.8141, TAL: -0.0584, Adv: 0.1958, OT-Reg: 0.000884) | OT inner objective: 0.1944 | Marginal residual row/col/max: 1.12e-08/1.12e-08/1.18e-08 | Train Acc: 0.2396 | Val Acc: 0.2308 | Val P/R/F1 (Macro): 0.1196/0.2083/0.1151 | LR: 0.000003
Epoch [32/100] | SVD update #32: pairs=96, sweeps=3, converged=False, rel_change=4.151e-02, effective_ranks=(95, 19), class_paired=True
Epoch [32/100] | Loss: 5.9782 (Cls: 5.9677, TAL: -0.0296, Adv: 0.1760, OT-Reg: 0.000830) | OT inner objective: 0.1996 | Marginal residual row/col/max: 1.55e-08/3.29e-08/3.41e-08 | Train Acc: 0.2917 | Val Acc: 0.1923 | Val P/R/F1 (Macro): 0.0939/0.2000/0.1222 | LR: 0.000003
Epoch [33/100] | SVD update #33: pairs=96, sweeps=3, converged=False, rel_change=1.355e-01, effective_ranks=(95, 18), class_paired=True
Epoch [33/100] | Loss: 6.6940 (Cls: 6.6870, TAL: -0.0662, Adv: 0.1871, OT-Reg: 0.000848) | OT inner objective: 0.1853 | Marginal residual row/col/max: 1.00e-04/1.24e-08/1.00e-04 | Train Acc: 0.1146 | Val Acc: 0.2308 | Val P/R/F1 (Macro): 0.3042/0.2583/0.1940 | LR: 0.000003
Epoch [34/100] | SVD update #34: pairs=96, sweeps=3, converged=False, rel_change=3.266e-01, effective_ranks=(95, 19), class_paired=True
Epoch [34/100] | Loss: 6.4037 (Cls: 6.3497, TAL: 0.3096, Adv: 0.2107, OT-Reg: 0.000835) | OT inner objective: 0.2372 | Marginal residual row/col/max: 1.12e-08/1.12e-08/1.12e-08 | Train Acc: 0.0833 | Val Acc: 0.2308 | Val P/R/F1 (Macro): 0.0883/0.2500/0.1241 | LR: 0.000003
Epoch [35/100] | SVD update #35: pairs=96, sweeps=3, converged=False, rel_change=1.923e-01, effective_ranks=(95, 16), class_paired=True
Epoch [35/100] | Loss: 6.4590 (Cls: 6.4379, TAL: 0.0779, Adv: 0.1475, OT-Reg: 0.000879) | OT inner objective: 0.1176 | Marginal residual row/col/max: 3.49e-04/1.12e-08/3.49e-04 | Train Acc: 0.1146 | Val Acc: 0.0769 | Val P/R/F1 (Macro): 0.0185/0.0667/0.0290 | LR: 0.000003
Epoch [36/100] | SVD update #36: pairs=96, sweeps=3, converged=False, rel_change=2.710e-01, effective_ranks=(95, 17), class_paired=True
Epoch [36/100] | Loss: 6.1887 (Cls: 6.1963, TAL: -0.1772, Adv: 0.1714, OT-Reg: 0.000822) | OT inner objective: 0.1928 | Marginal residual row/col/max: 1.86e-08/1.43e-08/2.17e-08 | Train Acc: 0.1458 | Val Acc: 0.1154 | Val P/R/F1 (Macro): 0.0992/0.1500/0.1090 | LR: 0.000003
Epoch [37/100] | SVD update #37: pairs=96, sweeps=3, converged=False, rel_change=3.477e-01, effective_ranks=(95, 24), class_paired=True
Epoch [37/100] | Loss: 6.1895 (Cls: 6.1766, TAL: -0.0156, Adv: 0.1848, OT-Reg: 0.000944) | OT inner objective: 0.1827 | Marginal residual row/col/max: 3.40e-05/1.80e-08/3.40e-05 | Train Acc: 0.1979 | Val Acc: 0.1923 | Val P/R/F1 (Macro): 0.1488/0.2917/0.1667 | LR: 0.000001
Epoch [38/100] | SVD update #38: pairs=96, sweeps=3, converged=False, rel_change=2.176e-01, effective_ranks=(95, 16), class_paired=True
Epoch [38/100] | Loss: 6.2984 (Cls: 6.2938, TAL: -0.0866, Adv: 0.1876, OT-Reg: 0.000941) | OT inner objective: 0.1420 | Marginal residual row/col/max: 5.15e-08/2.67e-08/5.53e-08 | Train Acc: 0.1458 | Val Acc: 0.2692 | Val P/R/F1 (Macro): 0.1869/0.1708/0.1711 | LR: 0.000001
Epoch [39/100] | SVD update #39: pairs=96, sweeps=3, converged=False, rel_change=1.432e-01, effective_ranks=(95, 15), class_paired=True
Epoch [39/100] | Loss: 6.4798 (Cls: 6.4598, TAL: 0.0484, Adv: 0.1768, OT-Reg: 0.000909) | OT inner objective: 0.1625 | Marginal residual row/col/max: 5.61e-05/1.74e-08/5.61e-05 | Train Acc: 0.1146 | Val Acc: 0.1538 | Val P/R/F1 (Macro): 0.1930/0.1333/0.0972 | LR: 0.000001
Epoch [40/100] | SVD update #40: pairs=96, sweeps=3, converged=False, rel_change=6.052e-02, effective_ranks=(95, 13), class_paired=True
Epoch [40/100] | Loss: 6.2850 (Cls: 6.2612, TAL: 0.0712, Adv: 0.1914, OT-Reg: 0.000835) | OT inner objective: 0.1399 | Marginal residual row/col/max: 2.91e-04/1.37e-08/2.91e-04 | Train Acc: 0.1250 | Val Acc: 0.3462 | Val P/R/F1 (Macro): 0.2951/0.2625/0.2500 | LR: 0.000001
Epoch [41/100] | SVD update #41: pairs=96, sweeps=3, converged=False, rel_change=2.020e-01, effective_ranks=(95, 16), class_paired=True
Epoch [41/100] | Loss: 6.1851 (Cls: 6.1602, TAL: 0.0986, Adv: 0.1640, OT-Reg: 0.000881) | OT inner objective: 0.1230 | Marginal residual row/col/max: 1.28e-07/1.18e-08/1.29e-07 | Train Acc: 0.1042 | Val Acc: 0.1154 | Val P/R/F1 (Macro): 0.0385/0.1000/0.0556 | LR: 0.000001
Epoch [42/100] | SVD update #42: pairs=96, sweeps=3, converged=False, rel_change=1.049e+00, effective_ranks=(95, 16), class_paired=True
Epoch [42/100] | Loss: 6.1633 (Cls: 6.1436, TAL: 0.0670, Adv: 0.1461, OT-Reg: 0.000892) | OT inner objective: 0.2481 | Marginal residual row/col/max: 9.93e-09/1.06e-08/1.18e-08 | Train Acc: 0.1562 | Val Acc: 0.1154 | Val P/R/F1 (Macro): 0.0250/0.1000/0.0400 | LR: 0.000001
Epoch [43/100] | SVD update #43: pairs=96, sweeps=3, converged=False, rel_change=2.023e-01, effective_ranks=(95, 16), class_paired=True
Epoch [43/100] | Loss: 6.0625 (Cls: 6.0662, TAL: -0.1644, Adv: 0.2000, OT-Reg: 0.000877) | OT inner objective: 0.1642 | Marginal residual row/col/max: 1.39e-07/1.68e-08/1.45e-07 | Train Acc: 0.2604 | Val Acc: 0.1538 | Val P/R/F1 (Macro): 0.2250/0.2208/0.1259 | LR: 0.000001
Epoch [44/100] | SVD update #44: pairs=96, sweeps=3, converged=False, rel_change=2.002e-01, effective_ranks=(95, 16), class_paired=True
Epoch [44/100] | Loss: 6.0717 (Cls: 6.0638, TAL: -0.0774, Adv: 0.2160, OT-Reg: 0.000969) | OT inner objective: 0.2047 | Marginal residual row/col/max: 1.43e-08/1.12e-08/1.68e-08 | Train Acc: 0.1875 | Val Acc: 0.1538 | Val P/R/F1 (Macro): 0.1167/0.1458/0.1268 | LR: 0.000001
Epoch [45/100] | SVD update #45: pairs=96, sweeps=3, converged=False, rel_change=1.041e-01, effective_ranks=(95, 16), class_paired=True
Epoch [45/100] | Loss: 5.9864 (Cls: 5.9766, TAL: -0.0506, Adv: 0.1993, OT-Reg: 0.000870) | OT inner objective: 0.2163 | Marginal residual row/col/max: 1.18e-08/2.30e-08/2.42e-08 | Train Acc: 0.2188 | Val Acc: 0.3462 | Val P/R/F1 (Macro): 0.1976/0.2542/0.2222 | LR: 0.000001
Epoch [46/100] | SVD update #46: pairs=96, sweeps=3, converged=False, rel_change=1.001e-01, effective_ranks=(95, 17), class_paired=True
Epoch [46/100] | Loss: 5.9562 (Cls: 5.9360, TAL: 0.0538, Adv: 0.1726, OT-Reg: 0.000948) | OT inner objective: 0.2206 | Marginal residual row/col/max: 1.49e-08/1.24e-08/1.99e-08 | Train Acc: 0.1562 | Val Acc: 0.1154 | Val P/R/F1 (Macro): 0.0774/0.1500/0.0916 | LR: 0.000001
Epoch [47/100] | SVD update #47: pairs=96, sweeps=3, converged=False, rel_change=2.653e-01, effective_ranks=(95, 16), class_paired=True
Epoch [47/100] | Loss: 6.1695 (Cls: 6.1707, TAL: -0.1401, Adv: 0.1948, OT-Reg: 0.000903) | OT inner objective: 0.1257 | Marginal residual row/col/max: 3.71e-06/1.12e-08/3.71e-06 | Train Acc: 0.0938 | Val Acc: 0.1923 | Val P/R/F1 (Macro): 0.0926/0.1833/0.1227 | LR: 0.000001
Epoch [48/100] | SVD update #48: pairs=96, sweeps=3, converged=False, rel_change=2.760e-01, effective_ranks=(95, 16), class_paired=True
Epoch [48/100] | Loss: 5.8368 (Cls: 5.8279, TAL: -0.0474, Adv: 0.1827, OT-Reg: 0.000959) | OT inner objective: 0.1259 | Marginal residual row/col/max: 4.72e-08/1.61e-08/5.22e-08 | Train Acc: 0.2396 | Val Acc: 0.1154 | Val P/R/F1 (Macro): 0.0556/0.1250/0.0769 | LR: 0.000001
Epoch [49/100] | SVD update #49: pairs=96, sweeps=3, converged=False, rel_change=8.571e-02, effective_ranks=(95, 19), class_paired=True
Epoch [49/100] | Loss: 5.7290 (Cls: 5.7208, TAL: -0.0507, Adv: 0.1787, OT-Reg: 0.000895) | OT inner objective: 0.1849 | Marginal residual row/col/max: 9.65e-06/1.55e-08/9.65e-06 | Train Acc: 0.2604 | Val Acc: 0.1538 | Val P/R/F1 (Macro): 0.0370/0.1667/0.0606 | LR: 0.000001
Epoch [50/100] | SVD update #50: pairs=96, sweeps=3, converged=False, rel_change=2.232e-02, effective_ranks=(95, 20), class_paired=True
Epoch [50/100] | Loss: 5.9626 (Cls: 5.9693, TAL: -0.2173, Adv: 0.2428, OT-Reg: 0.000836) | OT inner objective: 0.1537 | Marginal residual row/col/max: 4.30e-05/1.43e-08/4.30e-05 | Train Acc: 0.3021 | Val Acc: 0.1538 | Val P/R/F1 (Macro): 0.0278/0.1667/0.0476 | LR: 0.000001
Epoch [51/100] | SVD update #51: pairs=96, sweeps=3, converged=False, rel_change=5.786e-01, effective_ranks=(95, 18), class_paired=True
Epoch [51/100] | Loss: 5.5713 (Cls: 5.5691, TAL: -0.1219, Adv: 0.2098, OT-Reg: 0.000949) | OT inner objective: 0.1952 | Marginal residual row/col/max: 9.93e-09/2.36e-08/2.36e-08 | Train Acc: 0.1875 | Val Acc: 0.1923 | Val P/R/F1 (Macro): 0.1425/0.2917/0.1567 | LR: 0.000001
Epoch [52/100] | SVD update #52: pairs=96, sweeps=3, converged=False, rel_change=3.018e-02, effective_ranks=(95, 17), class_paired=True
Epoch [52/100] | Loss: 6.1717 (Cls: 6.1609, TAL: -0.0255, Adv: 0.1733, OT-Reg: 0.000877) | OT inner objective: 0.1135 | Marginal residual row/col/max: 1.79e-05/1.43e-08/1.79e-05 | Train Acc: 0.2500 | Val Acc: 0.1538 | Val P/R/F1 (Macro): 0.0370/0.1667/0.0606 | LR: 0.000001
Epoch [53/100] | SVD update #53: pairs=96, sweeps=3, converged=False, rel_change=3.433e-02, effective_ranks=(94, 17), class_paired=True
Epoch [53/100] | Loss: 5.6699 (Cls: 5.6669, TAL: -0.0785, Adv: 0.1555, OT-Reg: 0.000915) | OT inner objective: 0.1728 | Marginal residual row/col/max: 1.12e-08/4.10e-08/4.10e-08 | Train Acc: 0.3125 | Val Acc: 0.1538 | Val P/R/F1 (Macro): 0.0256/0.1667/0.0444 | LR: 0.000001
Epoch [54/100] | SVD update #54: pairs=96, sweeps=3, converged=False, rel_change=2.894e-02, effective_ranks=(95, 14), class_paired=True
Epoch [54/100] | Loss: 5.8744 (Cls: 5.8755, TAL: -0.1198, Adv: 0.1657, OT-Reg: 0.000916) | OT inner objective: 0.1602 | Marginal residual row/col/max: 2.36e-08/2.17e-08/3.29e-08 | Train Acc: 0.2396 | Val Acc: 0.1538 | Val P/R/F1 (Macro): 0.0764/0.2083/0.1071 | LR: 0.000001
Epoch [55/100] | SVD update #55: pairs=96, sweeps=3, converged=False, rel_change=1.526e-01, effective_ranks=(95, 19), class_paired=True
Epoch [55/100] | Loss: 5.9687 (Cls: 5.9735, TAL: -0.1687, Adv: 0.1919, OT-Reg: 0.000868) | OT inner objective: 0.1589 | Marginal residual row/col/max: 3.17e-08/3.35e-08/4.47e-08 | Train Acc: 0.2500 | Val Acc: 0.1154 | Val P/R/F1 (Macro): 0.0333/0.1250/0.0526 | LR: 0.000001
Epoch [56/100] | SVD update #56: pairs=96, sweeps=3, converged=False, rel_change=2.617e-01, effective_ranks=(95, 18), class_paired=True
Epoch [56/100] | Loss: 5.9419 (Cls: 5.9553, TAL: -0.2230, Adv: 0.1674, OT-Reg: 0.000891) | OT inner objective: 0.1238 | Marginal residual row/col/max: 1.18e-08/2.05e-08/2.05e-08 | Train Acc: 0.1875 | Val Acc: 0.1538 | Val P/R/F1 (Macro): 0.0333/0.1667/0.0556 | LR: 0.000001
Epoch [57/100] | SVD update #57: pairs=96, sweeps=3, converged=False, rel_change=6.162e-03, effective_ranks=(94, 17), class_paired=True
Epoch [57/100] | Loss: 5.7889 (Cls: 5.8095, TAL: -0.2864, Adv: 0.1728, OT-Reg: 0.000886) | OT inner objective: 0.1300 | Marginal residual row/col/max: 1.49e-08/3.04e-08/3.04e-08 | Train Acc: 0.2708 | Val Acc: 0.1538 | Val P/R/F1 (Macro): 0.0317/0.1667/0.0533 | LR: 0.000001
Epoch [58/100] | SVD update #58: pairs=96, sweeps=3, converged=False, rel_change=4.950e-03, effective_ranks=(95, 14), class_paired=True
Epoch [58/100] | Loss: 5.3593 (Cls: 5.3714, TAL: -0.2173, Adv: 0.1747, OT-Reg: 0.000886) | OT inner objective: 0.1362 | Marginal residual row/col/max: 1.18e-08/1.24e-08/1.24e-08 | Train Acc: 0.3125 | Val Acc: 0.2692 | Val P/R/F1 (Macro): 0.3325/0.4083/0.3248 | LR: 0.000001
Epoch [59/100] | SVD update #59: pairs=96, sweeps=3, converged=False, rel_change=3.114e-01, effective_ranks=(95, 15), class_paired=True
Epoch [59/100] | Loss: 5.7843 (Cls: 5.7778, TAL: -0.0540, Adv: 0.1614, OT-Reg: 0.000937) | OT inner objective: 0.1286 | Marginal residual row/col/max: 1.55e-08/3.23e-08/3.23e-08 | Train Acc: 0.2500 | Val Acc: 0.2692 | Val P/R/F1 (Macro): 0.2222/0.4083/0.2613 | LR: 0.000001
Epoch [60/100] | SVD update #60: pairs=96, sweeps=3, converged=False, rel_change=8.674e-02, effective_ranks=(95, 17), class_paired=True
Epoch [60/100] | Loss: 5.7235 (Cls: 5.7319, TAL: -0.1660, Adv: 0.1436, OT-Reg: 0.000928) | OT inner objective: 0.2058 | Marginal residual row/col/max: 1.37e-08/2.05e-08/2.05e-08 | Train Acc: 0.2812 | Val Acc: 0.2308 | Val P/R/F1 (Macro): 0.1083/0.3333/0.1619 | LR: 0.000001
Epoch [61/100] | SVD update #61: pairs=96, sweeps=3, converged=False, rel_change=9.274e-03, effective_ranks=(95, 16), class_paired=True
Epoch [61/100] | Loss: 5.7554 (Cls: 5.7664, TAL: -0.1967, Adv: 0.1574, OT-Reg: 0.000857) | OT inner objective: 0.1729 | Marginal residual row/col/max: 5.96e-08/1.49e-08/6.15e-08 | Train Acc: 0.2812 | Val Acc: 0.1538 | Val P/R/F1 (Macro): 0.0985/0.2500/0.1111 | LR: 0.000001
Epoch [62/100] | SVD update #62: pairs=96, sweeps=3, converged=False, rel_change=1.739e-02, effective_ranks=(95, 18), class_paired=True
Epoch [62/100] | Loss: 5.6990 (Cls: 5.7221, TAL: -0.3076, Adv: 0.1732, OT-Reg: 0.000928) | OT inner objective: 0.1379 | Marginal residual row/col/max: 9.93e-09/2.11e-08/2.11e-08 | Train Acc: 0.2708 | Val Acc: 0.1923 | Val P/R/F1 (Macro): 0.1818/0.2917/0.1706 | LR: 0.000001
Epoch [63/100] | SVD update #63: pairs=96, sweeps=3, converged=False, rel_change=9.170e-02, effective_ranks=(94, 16), class_paired=True
Epoch [63/100] | Loss: 5.6076 (Cls: 5.6214, TAL: -0.2101, Adv: 0.1429, OT-Reg: 0.000978) | OT inner objective: 0.1203 | Marginal residual row/col/max: 1.18e-08/1.86e-08/1.86e-08 | Train Acc: 0.2812 | Val Acc: 0.1923 | Val P/R/F1 (Macro): 0.0738/0.2917/0.1131 | LR: 0.000001
Epoch [64/100] | SVD update #64: pairs=96, sweeps=3, converged=False, rel_change=1.881e-01, effective_ranks=(95, 18), class_paired=True
Epoch [64/100] | Loss: 5.7861 (Cls: 5.7929, TAL: -0.1529, Adv: 0.1440, OT-Reg: 0.000849) | OT inner objective: 0.1549 | Marginal residual row/col/max: 2.67e-08/1.49e-08/2.73e-08 | Train Acc: 0.3542 | Val Acc: 0.1923 | Val P/R/F1 (Macro): 0.0893/0.2500/0.1296 | LR: 0.000001
Epoch [65/100] | SVD update #65: pairs=96, sweeps=3, converged=False, rel_change=9.754e-03, effective_ranks=(95, 16), class_paired=True
Epoch [65/100] | Loss: 5.4125 (Cls: 5.4272, TAL: -0.2204, Adv: 0.1476, OT-Reg: 0.000971) | OT inner objective: 0.1473 | Marginal residual row/col/max: 1.24e-08/1.61e-08/1.61e-08 | Train Acc: 0.3021 | Val Acc: 0.3077 | Val P/R/F1 (Macro): 0.4630/0.4500/0.3333 | LR: 0.000001
Epoch [66/100] | SVD update #66: pairs=96, sweeps=3, converged=False, rel_change=3.144e-02, effective_ranks=(95, 15), class_paired=True
Epoch [66/100] | Loss: 5.5173 (Cls: 5.5371, TAL: -0.2613, Adv: 0.1451, OT-Reg: 0.000901) | OT inner objective: 0.1609 | Marginal residual row/col/max: 8.07e-09/1.80e-08/1.80e-08 | Train Acc: 0.3125 | Val Acc: 0.2692 | Val P/R/F1 (Macro): 0.2841/0.3667/0.2160 | LR: 0.000001
Epoch [67/100] | SVD update #67: pairs=96, sweeps=3, converged=False, rel_change=1.920e-03, effective_ranks=(94, 15), class_paired=True
Epoch [67/100] | Loss: 5.7769 (Cls: 5.7884, TAL: -0.1936, Adv: 0.1477, OT-Reg: 0.000959) | OT inner objective: 0.1588 | Marginal residual row/col/max: 1.74e-08/1.92e-08/2.30e-08 | Train Acc: 0.2292 | Val Acc: 0.1538 | Val P/R/F1 (Macro): 0.0556/0.1667/0.0833 | LR: 0.000001
Epoch [68/100] | SVD update #68: pairs=96, sweeps=3, converged=False, rel_change=2.473e-03, effective_ranks=(95, 17), class_paired=True
Epoch [68/100] | Loss: 5.8866 (Cls: 5.9054, TAL: -0.2415, Adv: 0.1277, OT-Reg: 0.000868) | OT inner objective: 0.1791 | Marginal residual row/col/max: 9.93e-09/3.10e-08/3.10e-08 | Train Acc: 0.2292 | Val Acc: 0.1538 | Val P/R/F1 (Macro): 0.0333/0.1667/0.0556 | LR: 0.000001
Epoch [69/100] | SVD update #69: pairs=96, sweeps=3, converged=False, rel_change=5.304e-02, effective_ranks=(95, 17), class_paired=True
Epoch [69/100] | Loss: 5.9519 (Cls: 5.9494, TAL: -0.0765, Adv: 0.1454, OT-Reg: 0.000861) | OT inner objective: 0.2008 | Marginal residual row/col/max: 9.93e-09/2.05e-08/2.05e-08 | Train Acc: 0.2083 | Val Acc: 0.2308 | Val P/R/F1 (Macro): 0.1556/0.3333/0.2035 | LR: 0.000001
Epoch [70/100] | SVD update #70: pairs=96, sweeps=3, converged=False, rel_change=1.377e-02, effective_ranks=(95, 15), class_paired=True
Epoch [70/100] | Loss: 5.9002 (Cls: 5.9171, TAL: -0.2363, Adv: 0.1435, OT-Reg: 0.000859) | OT inner objective: 0.1958 | Marginal residual row/col/max: 1.12e-08/2.05e-08/2.05e-08 | Train Acc: 0.2917 | Val Acc: 0.1538 | Val P/R/F1 (Macro): 0.0417/0.1667/0.0667 | LR: 0.000001
Epoch [71/100] | SVD update #71: pairs=96, sweeps=3, converged=False, rel_change=5.728e-03, effective_ranks=(95, 16), class_paired=True
Epoch [71/100] | Loss: 5.7603 (Cls: 5.7671, TAL: -0.1393, Adv: 0.1235, OT-Reg: 0.000963) | OT inner objective: 0.1479 | Marginal residual row/col/max: 9.93e-09/1.37e-08/1.37e-08 | Train Acc: 0.2917 | Val Acc: 0.1923 | Val P/R/F1 (Macro): 0.2179/0.2000/0.1340 | LR: 0.000001
Epoch [72/100] | SVD update #72: pairs=96, sweeps=3, converged=False, rel_change=7.316e-03, effective_ranks=(95, 15), class_paired=True
Epoch [72/100] | Loss: 5.7522 (Cls: 5.7708, TAL: -0.2683, Adv: 0.1703, OT-Reg: 0.000908) | OT inner objective: 0.1783 | Marginal residual row/col/max: 1.49e-08/2.11e-08/2.24e-08 | Train Acc: 0.2812 | Val Acc: 0.1538 | Val P/R/F1 (Macro): 0.1111/0.2083/0.1307 | LR: 0.000001
Epoch [73/100] | SVD update #73: pairs=96, sweeps=3, converged=False, rel_change=1.315e-02, effective_ranks=(95, 19), class_paired=True
Epoch [73/100] | Loss: 5.9770 (Cls: 5.9967, TAL: -0.2547, Adv: 0.1353, OT-Reg: 0.000889) | OT inner objective: 0.1948 | Marginal residual row/col/max: 2.05e-08/4.04e-08/4.04e-08 | Train Acc: 0.2188 | Val Acc: 0.1154 | Val P/R/F1 (Macro): 0.0625/0.1250/0.0833 | LR: 0.000001
Epoch [74/100] | SVD update #74: pairs=96, sweeps=3, converged=False, rel_change=1.119e-02, effective_ranks=(95, 15), class_paired=True
Epoch [74/100] | Loss: 5.7290 (Cls: 5.7479, TAL: -0.2507, Adv: 0.1398, OT-Reg: 0.000912) | OT inner objective: 0.1886 | Marginal residual row/col/max: 1.12e-08/1.74e-08/1.74e-08 | Train Acc: 0.2917 | Val Acc: 0.2308 | Val P/R/F1 (Macro): 0.0816/0.3333/0.1297 | LR: 0.000001
Epoch [75/100] | SVD update #75: pairs=96, sweeps=3, converged=False, rel_change=1.404e+00, effective_ranks=(95, 15), class_paired=True
Epoch [75/100] | Loss: 5.7880 (Cls: 5.7732, TAL: 0.0332, Adv: 0.1358, OT-Reg: 0.000898) | OT inner objective: 0.1588 | Marginal residual row/col/max: 2.73e-08/2.36e-08/3.29e-08 | Train Acc: 0.3125 | Val Acc: 0.1923 | Val P/R/F1 (Macro): 0.1111/0.2000/0.1250 | LR: 0.000001
Epoch [76/100] | SVD update #76: pairs=96, sweeps=3, converged=False, rel_change=1.373e-01, effective_ranks=(95, 15), class_paired=True
Epoch [76/100] | Loss: 5.4707 (Cls: 5.4818, TAL: -0.2066, Adv: 0.1708, OT-Reg: 0.000913) | OT inner objective: 0.1280 | Marginal residual row/col/max: 2.42e-08/2.30e-08/3.41e-08 | Train Acc: 0.3542 | Val Acc: 0.1538 | Val P/R/F1 (Macro): 0.0722/0.2500/0.0970 | LR: 0.000001
Epoch [77/100] | SVD update #77: pairs=96, sweeps=3, converged=False, rel_change=3.624e-03, effective_ranks=(95, 19), class_paired=True
Epoch [77/100] | Loss: 5.5302 (Cls: 5.5393, TAL: -0.1986, Adv: 0.1838, OT-Reg: 0.000987) | OT inner objective: 0.0841 | Marginal residual row/col/max: 4.31e-07/1.99e-08/4.40e-07 | Train Acc: 0.2292 | Val Acc: 0.1538 | Val P/R/F1 (Macro): 0.1889/0.2333/0.1345 | LR: 0.000001
Epoch [78/100] | SVD update #78: pairs=96, sweeps=3, converged=False, rel_change=2.723e-02, effective_ranks=(95, 18), class_paired=True
Epoch [78/100] | Loss: 5.8852 (Cls: 5.9039, TAL: -0.2436, Adv: 0.1315, OT-Reg: 0.000934) | OT inner objective: 0.1219 | Marginal residual row/col/max: 1.43e-08/1.24e-08/1.68e-08 | Train Acc: 0.2396 | Val Acc: 0.1538 | Val P/R/F1 (Macro): 0.0317/0.1667/0.0533 | LR: 0.000001
Epoch [79/100] | SVD update #79: pairs=96, sweeps=3, converged=False, rel_change=2.211e-02, effective_ranks=(95, 16), class_paired=True
Epoch [79/100] | Loss: 5.6791 (Cls: 5.7005, TAL: -0.2854, Adv: 0.1600, OT-Reg: 0.000961) | OT inner objective: 0.1516 | Marginal residual row/col/max: 1.68e-08/2.48e-08/3.04e-08 | Train Acc: 0.2396 | Val Acc: 0.1923 | Val P/R/F1 (Macro): 0.0806/0.2500/0.1190 | LR: 0.000001
Epoch [80/100] | SVD update #80: pairs=96, sweeps=3, converged=False, rel_change=1.546e-03, effective_ranks=(95, 15), class_paired=True
Epoch [80/100] | Loss: 5.7348 (Cls: 5.7510, TAL: -0.2377, Adv: 0.1545, OT-Reg: 0.001025) | OT inner objective: 0.1537 | Marginal residual row/col/max: 9.93e-09/1.30e-08/1.37e-08 | Train Acc: 0.2292 | Val Acc: 0.2692 | Val P/R/F1 (Macro): 0.3238/0.3583/0.2500 | LR: 0.000001
Epoch [81/100] | SVD update #81: pairs=96, sweeps=3, converged=False, rel_change=4.903e-03, effective_ranks=(95, 17), class_paired=True
Epoch [81/100] | Loss: 5.4783 (Cls: 5.4950, TAL: -0.2542, Adv: 0.1718, OT-Reg: 0.000957) | OT inner objective: 0.1883 | Marginal residual row/col/max: 4.28e-08/2.42e-08/5.09e-08 | Train Acc: 0.3021 | Val Acc: 0.2308 | Val P/R/F1 (Macro): 0.0844/0.3333/0.1306 | LR: 0.000001
Epoch [82/100] | SVD update #82: pairs=96, sweeps=3, converged=False, rel_change=1.938e-02, effective_ranks=(95, 16), class_paired=True
Epoch [82/100] | Loss: 5.8564 (Cls: 5.8778, TAL: -0.2861, Adv: 0.1621, OT-Reg: 0.000918) | OT inner objective: 0.0970 | Marginal residual row/col/max: 2.61e-08/1.86e-08/3.10e-08 | Train Acc: 0.2708 | Val Acc: 0.1154 | Val P/R/F1 (Macro): 0.2222/0.1167/0.1222 | LR: 0.000001
Epoch [83/100] | SVD update #83: pairs=96, sweeps=3, converged=False, rel_change=3.960e-03, effective_ranks=(95, 15), class_paired=True
Epoch [83/100] | Loss: 5.6782 (Cls: 5.7004, TAL: -0.2785, Adv: 0.1397, OT-Reg: 0.000969) | OT inner objective: 0.1307 | Marginal residual row/col/max: 1.24e-08/2.05e-08/2.05e-08 | Train Acc: 0.2188 | Val Acc: 0.1923 | Val P/R/F1 (Macro): 0.2199/0.2417/0.1402 | LR: 0.000001
Epoch [84/100] | SVD update #84: pairs=96, sweeps=3, converged=False, rel_change=7.627e-03, effective_ranks=(95, 16), class_paired=True
Epoch [84/100] | Loss: 5.4899 (Cls: 5.5056, TAL: -0.2070, Adv: 0.1140, OT-Reg: 0.000995) | OT inner objective: 0.1328 | Marginal residual row/col/max: 1.37e-08/1.86e-08/1.86e-08 | Train Acc: 0.2917 | Val Acc: 0.1538 | Val P/R/F1 (Macro): 0.0476/0.1667/0.0741 | LR: 0.000001
Epoch [85/100] | SVD update #85: pairs=96, sweeps=3, converged=False, rel_change=1.331e-02, effective_ranks=(95, 16), class_paired=True
Epoch [85/100] | Loss: 5.5753 (Cls: 5.5973, TAL: -0.2839, Adv: 0.1498, OT-Reg: 0.000983) | OT inner objective: 0.0713 | Marginal residual row/col/max: 1.15e-07/1.49e-08/1.15e-07 | Train Acc: 0.3125 | Val Acc: 0.2308 | Val P/R/F1 (Macro): 0.1307/0.3333/0.1684 | LR: 0.000001
Epoch [86/100] | SVD update #86: pairs=96, sweeps=3, converged=False, rel_change=1.315e-02, effective_ranks=(95, 16), class_paired=True
Epoch [86/100] | Loss: 5.7599 (Cls: 5.7770, TAL: -0.2290, Adv: 0.1299, OT-Reg: 0.000856) | OT inner objective: 0.1755 | Marginal residual row/col/max: 1.12e-08/2.73e-08/2.73e-08 | Train Acc: 0.3021 | Val Acc: 0.2692 | Val P/R/F1 (Macro): 0.1407/0.3542/0.1838 | LR: 0.000001
Epoch [87/100] | SVD update #87: pairs=96, sweeps=3, converged=False, rel_change=8.684e-03, effective_ranks=(95, 17), class_paired=True
Epoch [87/100] | Loss: 5.5613 (Cls: 5.5699, TAL: -0.1767, Adv: 0.1581, OT-Reg: 0.000979) | OT inner objective: 0.1421 | Marginal residual row/col/max: 1.88e-07/1.12e-08/1.89e-07 | Train Acc: 0.3021 | Val Acc: 0.1538 | Val P/R/F1 (Macro): 0.0278/0.1667/0.0476 | LR: 0.000001
Epoch [88/100] | SVD update #88: pairs=96, sweeps=3, converged=False, rel_change=2.829e-02, effective_ranks=(95, 18), class_paired=True
Epoch [88/100] | Loss: 5.6323 (Cls: 5.6433, TAL: -0.2114, Adv: 0.1795, OT-Reg: 0.000989) | OT inner objective: 0.1888 | Marginal residual row/col/max: 1.37e-08/2.17e-08/2.17e-08 | Train Acc: 0.2812 | Val Acc: 0.2308 | Val P/R/F1 (Macro): 0.0884/0.3333/0.1365 | LR: 0.000001
Epoch [89/100] | SVD update #89: pairs=96, sweeps=3, converged=False, rel_change=1.552e-02, effective_ranks=(95, 15), class_paired=True
Epoch [89/100] | Loss: 5.5275 (Cls: 5.5404, TAL: -0.2099, Adv: 0.1531, OT-Reg: 0.000880) | OT inner objective: 0.1418 | Marginal residual row/col/max: 1.37e-08/2.61e-08/2.61e-08 | Train Acc: 0.3229 | Val Acc: 0.0769 | Val P/R/F1 (Macro): 0.0370/0.0833/0.0513 | LR: 0.000001
Epoch [90/100] | SVD update #90: pairs=96, sweeps=3, converged=False, rel_change=1.122e-02, effective_ranks=(95, 17), class_paired=True
Epoch [90/100] | Loss: 6.1881 (Cls: 6.1907, TAL: -0.1383, Adv: 0.1744, OT-Reg: 0.000930) | OT inner objective: 0.1944 | Marginal residual row/col/max: 1.92e-08/2.98e-08/2.98e-08 | Train Acc: 0.1458 | Val Acc: 0.1923 | Val P/R/F1 (Macro): 0.2059/0.2000/0.1190 | LR: 0.000001
Epoch [91/100] | SVD update #91: pairs=96, sweeps=3, converged=False, rel_change=1.311e-02, effective_ranks=(94, 17), class_paired=True
Epoch [91/100] | Loss: 5.6708 (Cls: 5.6887, TAL: -0.2403, Adv: 0.1370, OT-Reg: 0.000896) | OT inner objective: 0.1442 | Marginal residual row/col/max: 1.01e-07/1.49e-08/1.02e-07 | Train Acc: 0.3542 | Val Acc: 0.1538 | Val P/R/F1 (Macro): 0.0317/0.1667/0.0533 | LR: 0.000001
Epoch [92/100] | SVD update #92: pairs=96, sweeps=3, converged=False, rel_change=1.189e-02, effective_ranks=(95, 16), class_paired=True
Epoch [92/100] | Loss: 5.4347 (Cls: 5.4518, TAL: -0.2668, Adv: 0.1870, OT-Reg: 0.000887) | OT inner objective: 0.0958 | Marginal residual row/col/max: 8.38e-08/1.18e-08/8.44e-08 | Train Acc: 0.3021 | Val Acc: 0.1154 | Val P/R/F1 (Macro): 0.0580/0.1667/0.0791 | LR: 0.000001
Epoch [93/100] | SVD update #93: pairs=96, sweeps=3, converged=False, rel_change=2.189e-01, effective_ranks=(95, 17), class_paired=True
Epoch [93/100] | Loss: 5.4929 (Cls: 5.4964, TAL: -0.1441, Adv: 0.1725, OT-Reg: 0.000930) | OT inner objective: 0.1811 | Marginal residual row/col/max: 1.30e-08/1.24e-08/1.43e-08 | Train Acc: 0.2812 | Val Acc: 0.1154 | Val P/R/F1 (Macro): 0.0833/0.1250/0.1000 | LR: 0.000001
Epoch [94/100] | SVD update #94: pairs=96, sweeps=3, converged=False, rel_change=2.132e-01, effective_ranks=(95, 17), class_paired=True
Epoch [94/100] | Loss: 5.6514 (Cls: 5.6637, TAL: -0.2341, Adv: 0.1979, OT-Reg: 0.000944) | OT inner objective: 0.1823 | Marginal residual row/col/max: 1.06e-08/1.68e-08/1.68e-08 | Train Acc: 0.2708 | Val Acc: 0.2308 | Val P/R/F1 (Macro): 0.0833/0.3333/0.1333 | LR: 0.000001
Epoch [95/100] | SVD update #95: pairs=96, sweeps=3, converged=False, rel_change=2.746e-03, effective_ranks=(94, 16), class_paired=True
Epoch [95/100] | Loss: 5.6756 (Cls: 5.6982, TAL: -0.2783, Adv: 0.1346, OT-Reg: 0.000942) | OT inner objective: 0.1678 | Marginal residual row/col/max: 1.43e-08/1.37e-08/1.68e-08 | Train Acc: 0.2604 | Val Acc: 0.1538 | Val P/R/F1 (Macro): 0.0722/0.2500/0.0970 | LR: 0.000001
Epoch [96/100] | SVD update #96: pairs=96, sweeps=3, converged=False, rel_change=8.172e-03, effective_ranks=(95, 16), class_paired=True
Epoch [96/100] | Loss: 5.4624 (Cls: 5.4777, TAL: -0.2522, Adv: 0.1866, OT-Reg: 0.000918) | OT inner objective: 0.1437 | Marginal residual row/col/max: 1.06e-08/1.43e-08/1.43e-08 | Train Acc: 0.3229 | Val Acc: 0.2308 | Val P/R/F1 (Macro): 0.1037/0.3333/0.1558 | LR: 0.000001
Epoch [97/100] | SVD update #97: pairs=96, sweeps=3, converged=False, rel_change=8.558e-03, effective_ranks=(95, 18), class_paired=True
Epoch [97/100] | Loss: 5.6537 (Cls: 5.6620, TAL: -0.1870, Adv: 0.1763, OT-Reg: 0.000918) | OT inner objective: 0.1654 | Marginal residual row/col/max: 1.37e-08/2.86e-08/2.92e-08 | Train Acc: 0.2604 | Val Acc: 0.1538 | Val P/R/F1 (Macro): 0.1000/0.2500/0.1136 | LR: 0.000001
Epoch [98/100] | SVD update #98: pairs=96, sweeps=3, converged=False, rel_change=7.868e-03, effective_ranks=(95, 18), class_paired=True
Epoch [98/100] | Loss: 5.5579 (Cls: 5.5836, TAL: -0.3103, Adv: 0.1441, OT-Reg: 0.000810) | OT inner objective: 0.1832 | Marginal residual row/col/max: 2.73e-04/2.30e-08/2.73e-04 | Train Acc: 0.2500 | Val Acc: 0.1538 | Val P/R/F1 (Macro): 0.0731/0.2500/0.0984 | LR: 0.000001
Epoch [99/100] | SVD update #99: pairs=96, sweeps=3, converged=False, rel_change=1.337e-02, effective_ranks=(95, 18), class_paired=True
Epoch [99/100] | Loss: 5.6773 (Cls: 5.6906, TAL: -0.2183, Adv: 0.1611, OT-Reg: 0.000971) | OT inner objective: 0.1895 | Marginal residual row/col/max: 1.74e-08/3.10e-08/3.23e-08 | Train Acc: 0.2604 | Val Acc: 0.1923 | Val P/R/F1 (Macro): 0.0979/0.2917/0.1443 | LR: 0.000001
Epoch [100/100] | SVD update #100: pairs=96, sweeps=3, converged=False, rel_change=1.336e-02, effective_ranks=(95, 16), class_paired=True
Epoch [100/100] | Loss: 5.6565 (Cls: 5.6706, TAL: -0.2175, Adv: 0.1495, OT-Reg: 0.000920) | OT inner objective: 0.0737 | Marginal residual row/col/max: 5.40e-08/1.24e-08/5.46e-08 | Train Acc: 0.1979 | Val Acc: 0.1923 | Val P/R/F1 (Macro): 0.2083/0.2000/0.1222 | LR: 0.000001
Report strategy: last_window, window=10, reported_acc=0.1692, best_acc=0.3462

迭代 2 报告指标:
  Accuracy: 0.1692
  Precision (Macro): 0.0912
  Recall (Macro): 0.2367
  F1 (Macro): 0.1097
  Precision (Micro): 0.1692
  Recall (Micro): 0.1692
  F1 (Micro): 0.1692
  Val class coverage: 6/14 (0.4286), samples=26

================================================================================
迭代 3/5
随机种子: 44
================================================================================
Training mode: full target-label supervision (class-paired batches).
Feature fusion: Tensor alignment (512+512 -> 64+64); fused_dim=128
Domain adaptation: Neural OT generator with 3-domain discriminator
Loss weights: tensor=0.12, adv=0.08
Transport: mode=sinkhorn, epsilon=0.1, Sinkhorn iterations=50, correction scale=0.1, correction regularization weight=0.001
Tensor projection update: once per epoch from the complete target-training pairing bank; projection_dim=64, max_sweeps=3, relative singular-value tolerance=0.0001
Epoch [1/100] | SVD update #1: pairs=96, sweeps=3, converged=False, rel_change=5.811e-04, effective_ranks=(95, 94), class_paired=True
Epoch [1/100] | Loss: 7.9982 (Cls: 7.9857, TAL: -0.0291, Adv: 0.1989, OT-Reg: 0.000953) | OT inner objective: 0.3085 | Marginal residual row/col/max: 1.12e-08/1.86e-08/1.86e-08 | Train Acc: 0.2396 | Val Acc: 0.0385 | Val P/R/F1 (Macro): 0.0278/0.0417/0.0333 | LR: 0.000005
  >>> New Best Val Acc: 0.0385
Epoch [2/100] | SVD update #2: pairs=96, sweeps=3, converged=True, rel_change=1.900e-05, effective_ranks=(95, 85), class_paired=True
Epoch [2/100] | Loss: 8.8559 (Cls: 8.8536, TAL: -0.1188, Adv: 0.2065, OT-Reg: 0.000951) | OT inner objective: 0.3011 | Marginal residual row/col/max: 1.18e-08/1.74e-08/1.74e-08 | Train Acc: 0.1042 | Val Acc: 0.1154 | Val P/R/F1 (Macro): 0.1667/0.0750/0.1032 | LR: 0.000005
  >>> New Best Val Acc: 0.1154
Epoch [3/100] | SVD update #3: pairs=96, sweeps=3, converged=False, rel_change=2.358e-01, effective_ranks=(95, 69), class_paired=True
Epoch [3/100] | Loss: 8.5179 (Cls: 8.4983, TAL: 0.0251, Adv: 0.2070, OT-Reg: 0.000970) | OT inner objective: 0.3012 | Marginal residual row/col/max: 8.07e-09/1.43e-08/1.43e-08 | Train Acc: 0.1354 | Val Acc: 0.0769 | Val P/R/F1 (Macro): 0.0167/0.0667/0.0267 | LR: 0.000005
Epoch [4/100] | SVD update #4: pairs=96, sweeps=3, converged=False, rel_change=1.046e-01, effective_ranks=(95, 49), class_paired=True
Epoch [4/100] | Loss: 7.7653 (Cls: 7.7521, TAL: -0.0571, Adv: 0.2507, OT-Reg: 0.000934) | OT inner objective: 0.3027 | Marginal residual row/col/max: 9.93e-09/1.06e-08/1.06e-08 | Train Acc: 0.1667 | Val Acc: 0.0769 | Val P/R/F1 (Macro): 0.0370/0.0667/0.0476 | LR: 0.000005
Epoch [5/100] | SVD update #5: pairs=96, sweeps=3, converged=False, rel_change=4.031e-01, effective_ranks=(95, 67), class_paired=True
Epoch [5/100] | Loss: 7.3998 (Cls: 7.3662, TAL: 0.1374, Adv: 0.2140, OT-Reg: 0.000862) | OT inner objective: 0.3131 | Marginal residual row/col/max: 8.69e-09/1.55e-08/1.55e-08 | Train Acc: 0.2188 | Val Acc: 0.2308 | Val P/R/F1 (Macro): 0.1287/0.3333/0.1651 | LR: 0.000005
  >>> New Best Val Acc: 0.2308
Epoch [6/100] | SVD update #6: pairs=96, sweeps=3, converged=False, rel_change=6.048e-01, effective_ranks=(95, 67), class_paired=True
Epoch [6/100] | Loss: 7.6750 (Cls: 7.6532, TAL: 0.0396, Adv: 0.2132, OT-Reg: 0.000915) | OT inner objective: 0.3014 | Marginal residual row/col/max: 1.06e-08/1.18e-08/1.30e-08 | Train Acc: 0.1667 | Val Acc: 0.1923 | Val P/R/F1 (Macro): 0.1444/0.3167/0.1754 | LR: 0.000005
Epoch [7/100] | SVD update #7: pairs=96, sweeps=3, converged=False, rel_change=2.500e-01, effective_ranks=(95, 68), class_paired=True
Epoch [7/100] | Loss: 7.4238 (Cls: 7.4120, TAL: -0.0174, Adv: 0.1741, OT-Reg: 0.000897) | OT inner objective: 0.3038 | Marginal residual row/col/max: 9.31e-09/1.12e-08/1.18e-08 | Train Acc: 0.1771 | Val Acc: 0.0385 | Val P/R/F1 (Macro): 0.0093/0.0833/0.0167 | LR: 0.000005
Epoch [8/100] | SVD update #8: pairs=96, sweeps=3, converged=False, rel_change=8.851e-02, effective_ranks=(95, 52), class_paired=True
Epoch [8/100] | Loss: 7.7289 (Cls: 7.7128, TAL: 0.0017, Adv: 0.1992, OT-Reg: 0.001004) | OT inner objective: 0.2649 | Marginal residual row/col/max: 1.12e-08/1.12e-08/1.37e-08 | Train Acc: 0.0729 | Val Acc: 0.1538 | Val P/R/F1 (Macro): 0.0938/0.2083/0.1185 | LR: 0.000005
Epoch [9/100] | SVD update #9: pairs=96, sweeps=3, converged=False, rel_change=1.238e+00, effective_ranks=(95, 36), class_paired=True
Epoch [9/100] | Loss: 7.1354 (Cls: 7.1246, TAL: -0.0414, Adv: 0.1964, OT-Reg: 0.000965) | OT inner objective: 0.2845 | Marginal residual row/col/max: 1.18e-08/1.12e-08/1.18e-08 | Train Acc: 0.1979 | Val Acc: 0.2692 | Val P/R/F1 (Macro): 0.3542/0.4333/0.2910 | LR: 0.000005
  >>> New Best Val Acc: 0.2692
Epoch [10/100] | SVD update #10: pairs=96, sweeps=3, converged=False, rel_change=3.113e-01, effective_ranks=(95, 64), class_paired=True
Epoch [10/100] | Loss: 7.2363 (Cls: 7.2146, TAL: 0.0454, Adv: 0.2032, OT-Reg: 0.000992) | OT inner objective: 0.2788 | Marginal residual row/col/max: 9.93e-09/9.93e-09/1.06e-08 | Train Acc: 0.2188 | Val Acc: 0.1154 | Val P/R/F1 (Macro): 0.0217/0.1250/0.0370 | LR: 0.000005
Epoch [11/100] | SVD update #11: pairs=96, sweeps=3, converged=False, rel_change=2.387e-01, effective_ranks=(95, 46), class_paired=True
Epoch [11/100] | Loss: 7.2836 (Cls: 7.2541, TAL: 0.1197, Adv: 0.1884, OT-Reg: 0.000918) | OT inner objective: 0.2933 | Marginal residual row/col/max: 9.31e-09/1.43e-08/1.43e-08 | Train Acc: 0.2083 | Val Acc: 0.2308 | Val P/R/F1 (Macro): 0.1076/0.2500/0.1460 | LR: 0.000005
Epoch [12/100] | SVD update #12: pairs=96, sweeps=3, converged=False, rel_change=6.564e-01, effective_ranks=(95, 43), class_paired=True
Epoch [12/100] | Loss: 7.2261 (Cls: 7.1914, TAL: 0.1386, Adv: 0.2249, OT-Reg: 0.000953) | OT inner objective: 0.3025 | Marginal residual row/col/max: 8.07e-09/1.37e-08/1.37e-08 | Train Acc: 0.1354 | Val Acc: 0.2308 | Val P/R/F1 (Macro): 0.1931/0.3500/0.2287 | LR: 0.000005
Epoch [13/100] | SVD update #13: pairs=96, sweeps=3, converged=False, rel_change=1.125e+00, effective_ranks=(95, 35), class_paired=True
Epoch [13/100] | Loss: 7.4174 (Cls: 7.3942, TAL: 0.0517, Adv: 0.2125, OT-Reg: 0.000920) | OT inner objective: 0.3075 | Marginal residual row/col/max: 9.93e-09/1.37e-08/1.37e-08 | Train Acc: 0.1667 | Val Acc: 0.2692 | Val P/R/F1 (Macro): 0.1632/0.2333/0.1627 | LR: 0.000005
Epoch [14/100] | SVD update #14: pairs=96, sweeps=3, converged=False, rel_change=2.079e-01, effective_ranks=(95, 50), class_paired=True
Epoch [14/100] | Loss: 7.0485 (Cls: 7.0412, TAL: -0.0737, Adv: 0.2020, OT-Reg: 0.000977) | OT inner objective: 0.2821 | Marginal residual row/col/max: 9.93e-09/1.12e-08/1.24e-08 | Train Acc: 0.2083 | Val Acc: 0.1923 | Val P/R/F1 (Macro): 0.0321/0.1667/0.0538 | LR: 0.000005
Epoch [15/100] | SVD update #15: pairs=96, sweeps=3, converged=False, rel_change=5.061e-01, effective_ranks=(95, 35), class_paired=True
Epoch [15/100] | Loss: 7.2184 (Cls: 7.1824, TAL: 0.1683, Adv: 0.1979, OT-Reg: 0.001012) | OT inner objective: 0.2970 | Marginal residual row/col/max: 1.37e-08/2.61e-08/2.61e-08 | Train Acc: 0.1250 | Val Acc: 0.1538 | Val P/R/F1 (Macro): 0.0794/0.1833/0.1066 | LR: 0.000005
Epoch [16/100] | SVD update #16: pairs=96, sweeps=3, converged=False, rel_change=1.618e-01, effective_ranks=(95, 42), class_paired=True
Epoch [16/100] | Loss: 6.9151 (Cls: 6.9093, TAL: -0.0658, Adv: 0.1716, OT-Reg: 0.000989) | OT inner objective: 0.2481 | Marginal residual row/col/max: 7.45e-09/1.24e-08/1.24e-08 | Train Acc: 0.1667 | Val Acc: 0.1923 | Val P/R/F1 (Macro): 0.0347/0.1667/0.0575 | LR: 0.000005
Epoch [17/100] | SVD update #17: pairs=96, sweeps=3, converged=False, rel_change=6.842e-01, effective_ranks=(95, 46), class_paired=True
Epoch [17/100] | Loss: 7.2283 (Cls: 7.1857, TAL: 0.2427, Adv: 0.1685, OT-Reg: 0.000942) | OT inner objective: 0.3052 | Marginal residual row/col/max: 1.06e-08/1.74e-08/1.80e-08 | Train Acc: 0.1562 | Val Acc: 0.1923 | Val P/R/F1 (Macro): 0.1151/0.2167/0.1346 | LR: 0.000005
Epoch [18/100] | SVD update #18: pairs=96, sweeps=3, converged=False, rel_change=2.974e-02, effective_ranks=(94, 23), class_paired=True
Epoch [18/100] | Loss: 6.8588 (Cls: 6.8642, TAL: -0.1917, Adv: 0.2204, OT-Reg: 0.001033) | OT inner objective: 0.2623 | Marginal residual row/col/max: 9.31e-09/9.93e-09/1.12e-08 | Train Acc: 0.1979 | Val Acc: 0.1154 | Val P/R/F1 (Macro): 0.0529/0.1875/0.0607 | LR: 0.000005
Epoch [19/100] | SVD update #19: pairs=96, sweeps=3, converged=False, rel_change=8.879e-01, effective_ranks=(95, 26), class_paired=True
Epoch [19/100] | Loss: 6.8935 (Cls: 6.8577, TAL: 0.1757, Adv: 0.1843, OT-Reg: 0.000951) | OT inner objective: 0.2790 | Marginal residual row/col/max: 1.12e-08/2.86e-08/2.86e-08 | Train Acc: 0.2083 | Val Acc: 0.2308 | Val P/R/F1 (Macro): 0.2167/0.2292/0.1663 | LR: 0.000005
Epoch [20/100] | SVD update #20: pairs=96, sweeps=3, converged=False, rel_change=4.593e-01, effective_ranks=(95, 22), class_paired=True
Epoch [20/100] | Loss: 6.6567 (Cls: 6.6555, TAL: -0.1142, Adv: 0.1863, OT-Reg: 0.001098) | OT inner objective: 0.2398 | Marginal residual row/col/max: 7.45e-09/9.93e-09/9.93e-09 | Train Acc: 0.1458 | Val Acc: 0.3462 | Val P/R/F1 (Macro): 0.1865/0.4333/0.2483 | LR: 0.000005
  >>> New Best Val Acc: 0.3462
Epoch [21/100] | SVD update #21: pairs=96, sweeps=3, converged=False, rel_change=4.572e-01, effective_ranks=(95, 37), class_paired=True
Epoch [21/100] | Loss: 6.9997 (Cls: 6.9724, TAL: 0.1028, Adv: 0.1878, OT-Reg: 0.000888) | OT inner objective: 0.3015 | Marginal residual row/col/max: 1.24e-08/1.92e-08/2.05e-08 | Train Acc: 0.1667 | Val Acc: 0.1538 | Val P/R/F1 (Macro): 0.2645/0.2208/0.1113 | LR: 0.000005
Epoch [22/100] | SVD update #22: pairs=96, sweeps=3, converged=False, rel_change=1.770e-01, effective_ranks=(95, 23), class_paired=True
Epoch [22/100] | Loss: 7.0030 (Cls: 6.9970, TAL: -0.1087, Adv: 0.2383, OT-Reg: 0.000943) | OT inner objective: 0.2743 | Marginal residual row/col/max: 9.31e-09/1.24e-08/1.30e-08 | Train Acc: 0.2083 | Val Acc: 0.2692 | Val P/R/F1 (Macro): 0.1986/0.2333/0.1890 | LR: 0.000005
Epoch [23/100] | SVD update #23: pairs=96, sweeps=3, converged=False, rel_change=5.977e-01, effective_ranks=(95, 31), class_paired=True
Epoch [23/100] | Loss: 6.9795 (Cls: 6.9278, TAL: 0.2995, Adv: 0.1965, OT-Reg: 0.000889) | OT inner objective: 0.2991 | Marginal residual row/col/max: 9.93e-09/8.69e-09/9.93e-09 | Train Acc: 0.1458 | Val Acc: 0.1923 | Val P/R/F1 (Macro): 0.0347/0.1667/0.0575 | LR: 0.000005
Epoch [24/100] | SVD update #24: pairs=96, sweeps=3, converged=False, rel_change=2.260e-01, effective_ranks=(95, 30), class_paired=True
Epoch [24/100] | Loss: 6.8654 (Cls: 6.8784, TAL: -0.2557, Adv: 0.2212, OT-Reg: 0.001076) | OT inner objective: 0.1936 | Marginal residual row/col/max: 7.82e-08/2.05e-08/8.26e-08 | Train Acc: 0.2083 | Val Acc: 0.1154 | Val P/R/F1 (Macro): 0.0639/0.2083/0.0809 | LR: 0.000005
Epoch [25/100] | SVD update #25: pairs=96, sweeps=3, converged=False, rel_change=3.314e-01, effective_ranks=(95, 29), class_paired=True
Epoch [25/100] | Loss: 6.8269 (Cls: 6.7965, TAL: 0.1125, Adv: 0.2114, OT-Reg: 0.000945) | OT inner objective: 0.3045 | Marginal residual row/col/max: 8.69e-09/2.79e-08/2.79e-08 | Train Acc: 0.1146 | Val Acc: 0.2692 | Val P/R/F1 (Macro): 0.0556/0.1458/0.0805 | LR: 0.000005
Epoch [26/100] | SVD update #26: pairs=96, sweeps=3, converged=False, rel_change=9.959e-02, effective_ranks=(94, 30), class_paired=True
Epoch [26/100] | Loss: 6.7236 (Cls: 6.7074, TAL: -0.0141, Adv: 0.2225, OT-Reg: 0.000976) | OT inner objective: 0.2865 | Marginal residual row/col/max: 1.18e-08/2.67e-08/2.67e-08 | Train Acc: 0.1771 | Val Acc: 0.1923 | Val P/R/F1 (Macro): 0.0417/0.1667/0.0667 | LR: 0.000005
Epoch [27/100] | SVD update #27: pairs=96, sweeps=3, converged=False, rel_change=4.046e-01, effective_ranks=(95, 23), class_paired=True
Epoch [27/100] | Loss: 7.0404 (Cls: 7.0231, TAL: 0.0288, Adv: 0.1730, OT-Reg: 0.001057) | OT inner objective: 0.2661 | Marginal residual row/col/max: 1.37e-08/3.48e-08/3.48e-08 | Train Acc: 0.1667 | Val Acc: 0.0769 | Val P/R/F1 (Macro): 0.1667/0.0542/0.0810 | LR: 0.000005
Epoch [28/100] | SVD update #28: pairs=96, sweeps=3, converged=False, rel_change=3.553e-01, effective_ranks=(95, 24), class_paired=True
Epoch [28/100] | Loss: 6.5977 (Cls: 6.6146, TAL: -0.2501, Adv: 0.1643, OT-Reg: 0.001069) | OT inner objective: 0.1434 | Marginal residual row/col/max: 2.12e-04/2.48e-08/2.12e-04 | Train Acc: 0.1875 | Val Acc: 0.0769 | Val P/R/F1 (Macro): 0.0370/0.0833/0.0513 | LR: 0.000005
Epoch [29/100] | SVD update #29: pairs=96, sweeps=3, converged=False, rel_change=3.462e-01, effective_ranks=(95, 23), class_paired=True
Epoch [29/100] | Loss: 7.0146 (Cls: 6.9853, TAL: 0.1112, Adv: 0.1988, OT-Reg: 0.000977) | OT inner objective: 0.2861 | Marginal residual row/col/max: 1.18e-08/3.41e-08/3.41e-08 | Train Acc: 0.1250 | Val Acc: 0.0385 | Val P/R/F1 (Macro): 0.0111/0.0833/0.0196 | LR: 0.000005
Epoch [30/100] | SVD update #30: pairs=96, sweeps=3, converged=False, rel_change=3.078e-01, effective_ranks=(95, 20), class_paired=True
Epoch [30/100] | Loss: 6.6168 (Cls: 6.5881, TAL: 0.1095, Adv: 0.1950, OT-Reg: 0.001132) | OT inner objective: 0.1512 | Marginal residual row/col/max: 1.07e-04/8.69e-09/1.07e-04 | Train Acc: 0.1250 | Val Acc: 0.3077 | Val P/R/F1 (Macro): 0.1444/0.3667/0.2000 | LR: 0.000005
Epoch [31/100] | SVD update #31: pairs=96, sweeps=3, converged=False, rel_change=5.729e-01, effective_ranks=(95, 22), class_paired=True
Epoch [31/100] | Loss: 6.9561 (Cls: 6.9504, TAL: -0.0560, Adv: 0.1553, OT-Reg: 0.001070) | OT inner objective: 0.0814 | Marginal residual row/col/max: 1.27e-05/1.86e-08/1.27e-05 | Train Acc: 0.1771 | Val Acc: 0.2692 | Val P/R/F1 (Macro): 0.2383/0.2417/0.1583 | LR: 0.000003
Epoch [32/100] | SVD update #32: pairs=96, sweeps=3, converged=False, rel_change=1.292e-01, effective_ranks=(95, 21), class_paired=True
Epoch [32/100] | Loss: 6.6826 (Cls: 6.6633, TAL: 0.0422, Adv: 0.1779, OT-Reg: 0.000991) | OT inner objective: 0.3033 | Marginal residual row/col/max: 9.31e-09/2.30e-08/2.30e-08 | Train Acc: 0.1354 | Val Acc: 0.1154 | Val P/R/F1 (Macro): 0.0431/0.2000/0.0649 | LR: 0.000003
Epoch [33/100] | SVD update #33: pairs=96, sweeps=3, converged=False, rel_change=1.591e-01, effective_ranks=(94, 16), class_paired=True
Epoch [33/100] | Loss: 6.9217 (Cls: 6.8943, TAL: 0.0946, Adv: 0.2016, OT-Reg: 0.001076) | OT inner objective: 0.1116 | Marginal residual row/col/max: 1.81e-04/4.04e-08/1.81e-04 | Train Acc: 0.1250 | Val Acc: 0.0385 | Val P/R/F1 (Macro): 0.0152/0.0833/0.0256 | LR: 0.000003
Epoch [34/100] | SVD update #34: pairs=96, sweeps=3, converged=False, rel_change=1.104e+00, effective_ranks=(95, 20), class_paired=True
Epoch [34/100] | Loss: 6.6875 (Cls: 6.6496, TAL: 0.1987, Adv: 0.1752, OT-Reg: 0.000968) | OT inner objective: 0.2897 | Marginal residual row/col/max: 1.18e-08/2.48e-08/2.48e-08 | Train Acc: 0.1458 | Val Acc: 0.3077 | Val P/R/F1 (Macro): 0.0702/0.1667/0.0988 | LR: 0.000003
Epoch [35/100] | SVD update #35: pairs=96, sweeps=3, converged=False, rel_change=4.474e-01, effective_ranks=(95, 21), class_paired=True
Epoch [35/100] | Loss: 6.4977 (Cls: 6.4901, TAL: -0.0517, Adv: 0.1716, OT-Reg: 0.001107) | OT inner objective: 0.0923 | Marginal residual row/col/max: 2.32e-04/2.30e-08/2.32e-04 | Train Acc: 0.1875 | Val Acc: 0.0385 | Val P/R/F1 (Macro): 0.0104/0.0333/0.0159 | LR: 0.000003
Epoch [36/100] | SVD update #36: pairs=96, sweeps=3, converged=False, rel_change=2.473e-01, effective_ranks=(94, 15), class_paired=True
Epoch [36/100] | Loss: 6.9268 (Cls: 6.9269, TAL: -0.1161, Adv: 0.1725, OT-Reg: 0.001066) | OT inner objective: 0.0205 | Marginal residual row/col/max: 3.74e-04/1.24e-08/3.74e-04 | Train Acc: 0.1562 | Val Acc: 0.2692 | Val P/R/F1 (Macro): 0.1117/0.1708/0.1349 | LR: 0.000003
Epoch [37/100] | SVD update #37: pairs=96, sweeps=3, converged=False, rel_change=1.724e-02, effective_ranks=(95, 14), class_paired=True
Epoch [37/100] | Loss: 6.5830 (Cls: 6.5786, TAL: -0.0813, Adv: 0.1778, OT-Reg: 0.001142) | OT inner objective: 0.0977 | Marginal residual row/col/max: 5.69e-05/2.61e-08/5.69e-05 | Train Acc: 0.1875 | Val Acc: 0.4231 | Val P/R/F1 (Macro): 0.3333/0.4792/0.3592 | LR: 0.000003
  >>> New Best Val Acc: 0.4231
Epoch [38/100] | SVD update #38: pairs=96, sweeps=3, converged=False, rel_change=4.237e-02, effective_ranks=(95, 15), class_paired=True
Epoch [38/100] | Loss: 6.7489 (Cls: 6.7446, TAL: -0.0734, Adv: 0.1637, OT-Reg: 0.001153) | OT inner objective: 0.0812 | Marginal residual row/col/max: 2.55e-04/2.79e-08/2.55e-04 | Train Acc: 0.1979 | Val Acc: 0.1538 | Val P/R/F1 (Macro): 0.0849/0.2208/0.1081 | LR: 0.000003
Epoch [39/100] | SVD update #39: pairs=96, sweeps=3, converged=False, rel_change=1.788e-01, effective_ranks=(95, 22), class_paired=True
Epoch [39/100] | Loss: 6.7007 (Cls: 6.6802, TAL: 0.0719, Adv: 0.1490, OT-Reg: 0.001123) | OT inner objective: 0.0746 | Marginal residual row/col/max: 2.38e-05/1.86e-08/2.38e-05 | Train Acc: 0.2083 | Val Acc: 0.0385 | Val P/R/F1 (Macro): 0.0076/0.0833/0.0139 | LR: 0.000003
Epoch [40/100] | SVD update #40: pairs=96, sweeps=3, converged=False, rel_change=2.048e+00, effective_ranks=(95, 18), class_paired=True
Epoch [40/100] | Loss: 6.8017 (Cls: 6.7888, TAL: -0.0135, Adv: 0.1805, OT-Reg: 0.001110) | OT inner objective: 0.1525 | Marginal residual row/col/max: 1.36e-05/2.24e-08/1.36e-05 | Train Acc: 0.1354 | Val Acc: 0.1923 | Val P/R/F1 (Macro): 0.1270/0.1833/0.1500 | LR: 0.000003
Epoch [41/100] | SVD update #41: pairs=96, sweeps=3, converged=False, rel_change=1.757e-01, effective_ranks=(94, 17), class_paired=True
Epoch [41/100] | Loss: 6.7861 (Cls: 6.7762, TAL: -0.0488, Adv: 0.1967, OT-Reg: 0.001023) | OT inner objective: 0.2428 | Marginal residual row/col/max: 1.73e-06/2.24e-08/1.74e-06 | Train Acc: 0.1667 | Val Acc: 0.3462 | Val P/R/F1 (Macro): 0.1417/0.2250/0.1699 | LR: 0.000003
Epoch [42/100] | SVD update #42: pairs=96, sweeps=3, converged=False, rel_change=1.498e-01, effective_ranks=(95, 19), class_paired=True
Epoch [42/100] | Loss: 7.0643 (Cls: 7.0604, TAL: -0.0790, Adv: 0.1675, OT-Reg: 0.001125) | OT inner objective: 0.1168 | Marginal residual row/col/max: 7.12e-06/1.99e-08/7.12e-06 | Train Acc: 0.1354 | Val Acc: 0.2308 | Val P/R/F1 (Macro): 0.1310/0.2000/0.1442 | LR: 0.000003
Epoch [43/100] | SVD update #43: pairs=96, sweeps=3, converged=False, rel_change=6.874e-01, effective_ranks=(95, 20), class_paired=True
Epoch [43/100] | Loss: 6.6696 (Cls: 6.6909, TAL: -0.2841, Adv: 0.1596, OT-Reg: 0.001171) | OT inner objective: -0.0040 | Marginal residual row/col/max: 2.65e-04/8.69e-09/2.65e-04 | Train Acc: 0.1667 | Val Acc: 0.1923 | Val P/R/F1 (Macro): 0.2250/0.2417/0.1340 | LR: 0.000003
Epoch [44/100] | SVD update #44: pairs=96, sweeps=3, converged=False, rel_change=3.786e-01, effective_ranks=(95, 23), class_paired=True
Epoch [44/100] | Loss: 6.4457 (Cls: 6.4119, TAL: 0.2050, Adv: 0.1139, OT-Reg: 0.001053) | OT inner objective: 0.2556 | Marginal residual row/col/max: 1.24e-08/2.48e-08/2.48e-08 | Train Acc: 0.2604 | Val Acc: 0.1923 | Val P/R/F1 (Macro): 0.0825/0.2292/0.1132 | LR: 0.000003
Epoch [45/100] | SVD update #45: pairs=96, sweeps=3, converged=False, rel_change=4.272e-01, effective_ranks=(95, 21), class_paired=True
Epoch [45/100] | Loss: 6.6351 (Cls: 6.6364, TAL: -0.1082, Adv: 0.1458, OT-Reg: 0.001015) | OT inner objective: 0.2735 | Marginal residual row/col/max: 9.31e-09/2.36e-08/2.36e-08 | Train Acc: 0.1250 | Val Acc: 0.0769 | Val P/R/F1 (Macro): 0.0667/0.1167/0.0613 | LR: 0.000003
Epoch [46/100] | SVD update #46: pairs=96, sweeps=3, converged=False, rel_change=1.788e+00, effective_ranks=(95, 15), class_paired=True
Epoch [46/100] | Loss: 6.7422 (Cls: 6.7120, TAL: 0.1462, Adv: 0.1583, OT-Reg: 0.000994) | OT inner objective: 0.2496 | Marginal residual row/col/max: 1.67e-06/2.11e-08/1.67e-06 | Train Acc: 0.1354 | Val Acc: 0.3462 | Val P/R/F1 (Macro): 0.2244/0.2500/0.2325 | LR: 0.000003
Epoch [47/100] | SVD update #47: pairs=96, sweeps=3, converged=False, rel_change=4.218e-01, effective_ranks=(95, 15), class_paired=True
Epoch [47/100] | Loss: 6.4747 (Cls: 6.4769, TAL: -0.1067, Adv: 0.1321, OT-Reg: 0.000995) | OT inner objective: 0.2781 | Marginal residual row/col/max: 1.92e-08/3.97e-08/3.97e-08 | Train Acc: 0.2292 | Val Acc: 0.1923 | Val P/R/F1 (Macro): 0.0722/0.1667/0.0970 | LR: 0.000003
Epoch [48/100] | SVD update #48: pairs=96, sweeps=3, converged=False, rel_change=2.535e-02, effective_ranks=(95, 13), class_paired=True
Epoch [48/100] | Loss: 6.7307 (Cls: 6.7015, TAL: 0.1389, Adv: 0.1569, OT-Reg: 0.000956) | OT inner objective: 0.2999 | Marginal residual row/col/max: 1.55e-08/2.92e-08/2.92e-08 | Train Acc: 0.1979 | Val Acc: 0.1923 | Val P/R/F1 (Macro): 0.0931/0.1667/0.1181 | LR: 0.000001
Epoch [49/100] | SVD update #49: pairs=96, sweeps=3, converged=False, rel_change=4.579e-01, effective_ranks=(95, 18), class_paired=True
Epoch [49/100] | Loss: 6.6133 (Cls: 6.6084, TAL: -0.0543, Adv: 0.1428, OT-Reg: 0.001072) | OT inner objective: 0.2819 | Marginal residual row/col/max: 2.48e-08/2.36e-08/2.86e-08 | Train Acc: 0.1771 | Val Acc: 0.2308 | Val P/R/F1 (Macro): 0.0918/0.2000/0.1012 | LR: 0.000001
Epoch [50/100] | SVD update #50: pairs=96, sweeps=3, converged=False, rel_change=3.081e-01, effective_ranks=(95, 21), class_paired=True
Epoch [50/100] | Loss: 6.5326 (Cls: 6.5367, TAL: -0.1372, Adv: 0.1540, OT-Reg: 0.001124) | OT inner objective: 0.1406 | Marginal residual row/col/max: 1.40e-06/1.80e-08/1.40e-06 | Train Acc: 0.1875 | Val Acc: 0.1538 | Val P/R/F1 (Macro): 0.0794/0.2083/0.1136 | LR: 0.000001
Epoch [51/100] | SVD update #51: pairs=96, sweeps=3, converged=False, rel_change=2.763e-01, effective_ranks=(94, 21), class_paired=True
Epoch [51/100] | Loss: 6.4932 (Cls: 6.4928, TAL: -0.0777, Adv: 0.1225, OT-Reg: 0.000985) | OT inner objective: 0.2354 | Marginal residual row/col/max: 4.10e-08/2.67e-08/4.41e-08 | Train Acc: 0.1875 | Val Acc: 0.3077 | Val P/R/F1 (Macro): 0.0702/0.1667/0.0988 | LR: 0.000001
Epoch [52/100] | SVD update #52: pairs=96, sweeps=3, converged=False, rel_change=3.834e-01, effective_ranks=(95, 26), class_paired=True
Epoch [52/100] | Loss: 6.5278 (Cls: 6.5279, TAL: -0.0755, Adv: 0.1111, OT-Reg: 0.000969) | OT inner objective: 0.1751 | Marginal residual row/col/max: 2.98e-08/2.61e-08/2.98e-08 | Train Acc: 0.2500 | Val Acc: 0.1923 | Val P/R/F1 (Macro): 0.0850/0.1417/0.0931 | LR: 0.000001
Epoch [53/100] | SVD update #53: pairs=96, sweeps=3, converged=False, rel_change=2.021e-01, effective_ranks=(95, 21), class_paired=True
Epoch [53/100] | Loss: 6.3058 (Cls: 6.2925, TAL: 0.0093, Adv: 0.1515, OT-Reg: 0.001031) | OT inner objective: 0.2717 | Marginal residual row/col/max: 1.12e-08/2.67e-08/2.67e-08 | Train Acc: 0.2188 | Val Acc: 0.3462 | Val P/R/F1 (Macro): 0.2183/0.3625/0.2343 | LR: 0.000001
Epoch [54/100] | SVD update #54: pairs=96, sweeps=3, converged=False, rel_change=1.006e-01, effective_ranks=(95, 21), class_paired=True
Epoch [54/100] | Loss: 6.2591 (Cls: 6.2347, TAL: 0.0851, Adv: 0.1768, OT-Reg: 0.001098) | OT inner objective: 0.1438 | Marginal residual row/col/max: 5.82e-07/1.30e-08/5.84e-07 | Train Acc: 0.1667 | Val Acc: 0.1154 | Val P/R/F1 (Macro): 0.1818/0.1000/0.1161 | LR: 0.000001
Epoch [55/100] | SVD update #55: pairs=96, sweeps=3, converged=False, rel_change=8.654e-02, effective_ranks=(95, 21), class_paired=True
Epoch [55/100] | Loss: 6.4520 (Cls: 6.4391, TAL: 0.0227, Adv: 0.1275, OT-Reg: 0.001103) | OT inner objective: 0.1313 | Marginal residual row/col/max: 3.76e-06/1.86e-08/3.76e-06 | Train Acc: 0.1146 | Val Acc: 0.2308 | Val P/R/F1 (Macro): 0.0926/0.3000/0.1390 | LR: 0.000001
Epoch [56/100] | SVD update #56: pairs=96, sweeps=3, converged=False, rel_change=6.212e-01, effective_ranks=(95, 22), class_paired=True
Epoch [56/100] | Loss: 6.7801 (Cls: 6.7660, TAL: 0.0187, Adv: 0.1488, OT-Reg: 0.001078) | OT inner objective: 0.3019 | Marginal residual row/col/max: 1.12e-08/2.48e-08/2.48e-08 | Train Acc: 0.1354 | Val Acc: 0.1538 | Val P/R/F1 (Macro): 0.1111/0.1833/0.1326 | LR: 0.000001
Epoch [57/100] | SVD update #57: pairs=96, sweeps=3, converged=False, rel_change=2.737e-01, effective_ranks=(95, 25), class_paired=True
Epoch [57/100] | Loss: 6.4497 (Cls: 6.4455, TAL: -0.0588, Adv: 0.1412, OT-Reg: 0.001028) | OT inner objective: 0.2959 | Marginal residual row/col/max: 1.18e-08/3.85e-08/3.85e-08 | Train Acc: 0.1667 | Val Acc: 0.0000 | Val P/R/F1 (Macro): 0.0000/0.0000/0.0000 | LR: 0.000001
Epoch [58/100] | SVD update #58: pairs=96, sweeps=3, converged=False, rel_change=3.503e-01, effective_ranks=(95, 29), class_paired=True
Epoch [58/100] | Loss: 6.5331 (Cls: 6.4991, TAL: 0.2021, Adv: 0.1221, OT-Reg: 0.001011) | OT inner objective: 0.2848 | Marginal residual row/col/max: 1.74e-08/2.24e-08/2.48e-08 | Train Acc: 0.2188 | Val Acc: 0.1923 | Val P/R/F1 (Macro): 0.1438/0.1667/0.1211 | LR: 0.000001
Epoch [59/100] | SVD update #59: pairs=96, sweeps=3, converged=False, rel_change=3.291e-01, effective_ranks=(95, 20), class_paired=True
Epoch [59/100] | Loss: 6.3364 (Cls: 6.3068, TAL: 0.1492, Adv: 0.1453, OT-Reg: 0.001109) | OT inner objective: 0.1105 | Marginal residual row/col/max: 3.01e-07/1.12e-08/3.01e-07 | Train Acc: 0.2708 | Val Acc: 0.2308 | Val P/R/F1 (Macro): 0.1368/0.1500/0.1323 | LR: 0.000001
Epoch [60/100] | SVD update #60: pairs=96, sweeps=3, converged=False, rel_change=2.687e-01, effective_ranks=(95, 20), class_paired=True
Epoch [60/100] | Loss: 7.2027 (Cls: 7.1856, TAL: 0.0380, Adv: 0.1561, OT-Reg: 0.001038) | OT inner objective: 0.2960 | Marginal residual row/col/max: 8.69e-09/2.36e-08/2.36e-08 | Train Acc: 0.1250 | Val Acc: 0.2308 | Val P/R/F1 (Macro): 0.1296/0.2500/0.1558 | LR: 0.000001
Epoch [61/100] | SVD update #61: pairs=96, sweeps=3, converged=False, rel_change=2.521e-01, effective_ranks=(95, 19), class_paired=True
Epoch [61/100] | Loss: 6.7297 (Cls: 6.7258, TAL: -0.0806, Adv: 0.1691, OT-Reg: 0.000998) | OT inner objective: 0.2818 | Marginal residual row/col/max: 9.93e-09/3.29e-08/3.29e-08 | Train Acc: 0.1875 | Val Acc: 0.1923 | Val P/R/F1 (Macro): 0.0926/0.2667/0.1320 | LR: 0.000001
Epoch [62/100] | SVD update #62: pairs=96, sweeps=3, converged=False, rel_change=8.585e-02, effective_ranks=(95, 21), class_paired=True
Epoch [62/100] | Loss: 6.8346 (Cls: 6.8228, TAL: 0.0086, Adv: 0.1342, OT-Reg: 0.001059) | OT inner objective: 0.2685 | Marginal residual row/col/max: 1.49e-08/3.41e-08/3.41e-08 | Train Acc: 0.1771 | Val Acc: 0.1923 | Val P/R/F1 (Macro): 0.1091/0.2167/0.1349 | LR: 0.000001
Epoch [63/100] | SVD update #63: pairs=96, sweeps=3, converged=False, rel_change=8.038e-02, effective_ranks=(95, 17), class_paired=True
Epoch [63/100] | Loss: 6.8026 (Cls: 6.7993, TAL: -0.0770, Adv: 0.1569, OT-Reg: 0.000957) | OT inner objective: 0.2870 | Marginal residual row/col/max: 1.18e-08/2.48e-08/2.48e-08 | Train Acc: 0.1771 | Val Acc: 0.1538 | Val P/R/F1 (Macro): 0.1048/0.0958/0.1000 | LR: 0.000001
Epoch [64/100] | SVD update #64: pairs=96, sweeps=3, converged=False, rel_change=1.215e-01, effective_ranks=(95, 23), class_paired=True
Epoch [64/100] | Loss: 6.6203 (Cls: 6.5965, TAL: 0.1110, Adv: 0.1310, OT-Reg: 0.001067) | OT inner objective: 0.2030 | Marginal residual row/col/max: 3.03e-05/2.42e-08/3.03e-05 | Train Acc: 0.1979 | Val Acc: 0.1923 | Val P/R/F1 (Macro): 0.0439/0.1667/0.0694 | LR: 0.000001
Epoch [65/100] | SVD update #65: pairs=96, sweeps=3, converged=False, rel_change=1.915e-01, effective_ranks=(95, 18), class_paired=True
Epoch [65/100] | Loss: 6.4830 (Cls: 6.4708, TAL: 0.0192, Adv: 0.1246, OT-Reg: 0.000990) | OT inner objective: 0.2384 | Marginal residual row/col/max: 1.37e-08/2.05e-08/2.24e-08 | Train Acc: 0.2188 | Val Acc: 0.2692 | Val P/R/F1 (Macro): 0.1588/0.3958/0.2193 | LR: 0.000001
Epoch [66/100] | SVD update #66: pairs=96, sweeps=3, converged=False, rel_change=8.591e-02, effective_ranks=(95, 19), class_paired=True
Epoch [66/100] | Loss: 6.3142 (Cls: 6.3019, TAL: 0.0166, Adv: 0.1284, OT-Reg: 0.001070) | OT inner objective: 0.2115 | Marginal residual row/col/max: 5.61e-07/4.10e-08/5.80e-07 | Train Acc: 0.2083 | Val Acc: 0.2308 | Val P/R/F1 (Macro): 0.1222/0.2000/0.1476 | LR: 0.000001
Epoch [67/100] | SVD update #67: pairs=96, sweeps=3, converged=False, rel_change=3.213e-01, effective_ranks=(95, 22), class_paired=True
Epoch [67/100] | Loss: 6.6239 (Cls: 6.6075, TAL: 0.0402, Adv: 0.1439, OT-Reg: 0.000947) | OT inner objective: 0.2866 | Marginal residual row/col/max: 1.24e-08/2.36e-08/2.36e-08 | Train Acc: 0.1979 | Val Acc: 0.2308 | Val P/R/F1 (Macro): 0.1722/0.1750/0.1719 | LR: 0.000001
Epoch [68/100] | SVD update #68: pairs=96, sweeps=3, converged=False, rel_change=4.617e-01, effective_ranks=(95, 17), class_paired=True
Epoch [68/100] | Loss: 6.7255 (Cls: 6.6958, TAL: 0.1497, Adv: 0.1467, OT-Reg: 0.000988) | OT inner objective: 0.2684 | Marginal residual row/col/max: 2.79e-08/2.79e-08/3.17e-08 | Train Acc: 0.1250 | Val Acc: 0.1154 | Val P/R/F1 (Macro): 0.0486/0.1500/0.0734 | LR: 0.000001
Epoch [69/100] | SVD update #69: pairs=96, sweeps=3, converged=False, rel_change=3.631e-01, effective_ranks=(95, 18), class_paired=True
Epoch [69/100] | Loss: 6.3763 (Cls: 6.3621, TAL: 0.0239, Adv: 0.1420, OT-Reg: 0.001121) | OT inner objective: 0.1241 | Marginal residual row/col/max: 3.33e-05/1.37e-08/3.33e-05 | Train Acc: 0.2083 | Val Acc: 0.1538 | Val P/R/F1 (Macro): 0.0667/0.1333/0.0889 | LR: 0.000001
Epoch [70/100] | SVD update #70: pairs=96, sweeps=3, converged=False, rel_change=5.833e-01, effective_ranks=(95, 18), class_paired=True
Epoch [70/100] | Loss: 6.3226 (Cls: 6.3341, TAL: -0.1673, Adv: 0.1072, OT-Reg: 0.000993) | OT inner objective: 0.2596 | Marginal residual row/col/max: 1.61e-08/3.29e-08/3.29e-08 | Train Acc: 0.1771 | Val Acc: 0.1538 | Val P/R/F1 (Macro): 0.0718/0.1458/0.0792 | LR: 0.000001
Epoch [71/100] | SVD update #71: pairs=96, sweeps=3, converged=False, rel_change=5.758e-01, effective_ranks=(95, 18), class_paired=True
Epoch [71/100] | Loss: 6.4277 (Cls: 6.3857, TAL: 0.2717, Adv: 0.1172, OT-Reg: 0.001012) | OT inner objective: 0.3078 | Marginal residual row/col/max: 1.06e-08/2.05e-08/2.05e-08 | Train Acc: 0.2083 | Val Acc: 0.3462 | Val P/R/F1 (Macro): 0.2200/0.2500/0.1919 | LR: 0.000001
Epoch [72/100] | SVD update #72: pairs=96, sweeps=3, converged=False, rel_change=9.398e-01, effective_ranks=(95, 19), class_paired=True
Epoch [72/100] | Loss: 6.3035 (Cls: 6.2883, TAL: 0.0425, Adv: 0.1265, OT-Reg: 0.001101) | OT inner objective: 0.1393 | Marginal residual row/col/max: 4.92e-07/9.93e-09/4.92e-07 | Train Acc: 0.1771 | Val Acc: 0.3077 | Val P/R/F1 (Macro): 0.2254/0.2333/0.2249 | LR: 0.000001
Epoch [73/100] | SVD update #73: pairs=96, sweeps=3, converged=False, rel_change=2.161e-01, effective_ranks=(95, 19), class_paired=True
Epoch [73/100] | Loss: 6.4873 (Cls: 6.4815, TAL: -0.0702, Adv: 0.1776, OT-Reg: 0.001152) | OT inner objective: 0.1211 | Marginal residual row/col/max: 3.60e-05/9.93e-09/3.60e-05 | Train Acc: 0.0938 | Val Acc: 0.0385 | Val P/R/F1 (Macro): 0.1667/0.0333/0.0556 | LR: 0.000001
Epoch [74/100] | SVD update #74: pairs=96, sweeps=3, converged=False, rel_change=5.487e-02, effective_ranks=(95, 19), class_paired=True
Epoch [74/100] | Loss: 6.4700 (Cls: 6.4485, TAL: 0.0967, Adv: 0.1233, OT-Reg: 0.001143) | OT inner objective: 0.1068 | Marginal residual row/col/max: 4.93e-04/1.30e-08/4.93e-04 | Train Acc: 0.1250 | Val Acc: 0.1923 | Val P/R/F1 (Macro): 0.0347/0.1667/0.0575 | LR: 0.000001
Epoch [75/100] | SVD update #75: pairs=96, sweeps=3, converged=False, rel_change=1.687e-01, effective_ranks=(95, 22), class_paired=True
Epoch [75/100] | Loss: 6.4669 (Cls: 6.4777, TAL: -0.1776, Adv: 0.1317, OT-Reg: 0.001014) | OT inner objective: 0.1838 | Marginal residual row/col/max: 3.41e-08/1.30e-08/3.73e-08 | Train Acc: 0.1771 | Val Acc: 0.1923 | Val P/R/F1 (Macro): 0.0417/0.1667/0.0667 | LR: 0.000001
Epoch [76/100] | SVD update #76: pairs=96, sweeps=3, converged=False, rel_change=2.425e-01, effective_ranks=(95, 19), class_paired=True
Epoch [76/100] | Loss: 6.5696 (Cls: 6.5679, TAL: -0.0683, Adv: 0.1244, OT-Reg: 0.001004) | OT inner objective: 0.2149 | Marginal residual row/col/max: 7.01e-05/2.30e-08/7.01e-05 | Train Acc: 0.1250 | Val Acc: 0.1923 | Val P/R/F1 (Macro): 0.0694/0.1042/0.0833 | LR: 0.000001
Epoch [77/100] | SVD update #77: pairs=96, sweeps=3, converged=False, rel_change=1.967e-01, effective_ranks=(95, 19), class_paired=True
Epoch [77/100] | Loss: 6.5958 (Cls: 6.5970, TAL: -0.0737, Adv: 0.0955, OT-Reg: 0.001083) | OT inner objective: 0.1394 | Marginal residual row/col/max: 8.11e-06/2.36e-08/8.11e-06 | Train Acc: 0.1250 | Val Acc: 0.1154 | Val P/R/F1 (Macro): 0.1056/0.1875/0.1057 | LR: 0.000001
Epoch [78/100] | SVD update #78: pairs=96, sweeps=3, converged=False, rel_change=5.355e-02, effective_ranks=(95, 20), class_paired=True
Epoch [78/100] | Loss: 6.5223 (Cls: 6.4973, TAL: 0.1385, Adv: 0.1037, OT-Reg: 0.001088) | OT inner objective: 0.2055 | Marginal residual row/col/max: 2.38e-06/1.24e-08/2.38e-06 | Train Acc: 0.1458 | Val Acc: 0.2692 | Val P/R/F1 (Macro): 0.1389/0.1958/0.1614 | LR: 0.000001
Epoch [79/100] | SVD update #79: pairs=96, sweeps=3, converged=False, rel_change=2.617e-01, effective_ranks=(95, 24), class_paired=True
Epoch [79/100] | Loss: 6.3880 (Cls: 6.3984, TAL: -0.1699, Adv: 0.1249, OT-Reg: 0.001128) | OT inner objective: 0.1813 | Marginal residual row/col/max: 3.17e-08/1.74e-08/3.60e-08 | Train Acc: 0.1667 | Val Acc: 0.1154 | Val P/R/F1 (Macro): 0.0460/0.2500/0.0763 | LR: 0.000001
Epoch [80/100] | SVD update #80: pairs=96, sweeps=3, converged=False, rel_change=1.382e-01, effective_ranks=(95, 22), class_paired=True
Epoch [80/100] | Loss: 6.4373 (Cls: 6.4322, TAL: -0.0512, Adv: 0.1411, OT-Reg: 0.001109) | OT inner objective: 0.1326 | Marginal residual row/col/max: 7.39e-07/1.30e-08/7.42e-07 | Train Acc: 0.1146 | Val Acc: 0.1538 | Val P/R/F1 (Macro): 0.0333/0.1333/0.0533 | LR: 0.000001
Epoch [81/100] | SVD update #81: pairs=96, sweeps=3, converged=False, rel_change=4.824e-01, effective_ranks=(95, 19), class_paired=True
Epoch [81/100] | Loss: 6.4135 (Cls: 6.3812, TAL: 0.1937, Adv: 0.1134, OT-Reg: 0.000940) | OT inner objective: 0.3037 | Marginal residual row/col/max: 1.37e-08/2.73e-08/2.98e-08 | Train Acc: 0.1979 | Val Acc: 0.1538 | Val P/R/F1 (Macro): 0.0611/0.1333/0.0833 | LR: 0.000001
Epoch [82/100] | SVD update #82: pairs=96, sweeps=3, converged=False, rel_change=2.575e-01, effective_ranks=(95, 21), class_paired=True
Epoch [82/100] | Loss: 6.6447 (Cls: 6.6424, TAL: -0.0573, Adv: 0.1144, OT-Reg: 0.001107) | OT inner objective: 0.1982 | Marginal residual row/col/max: 2.36e-08/2.24e-08/2.86e-08 | Train Acc: 0.1979 | Val Acc: 0.1923 | Val P/R/F1 (Macro): 0.0362/0.1667/0.0595 | LR: 0.000001
Epoch [83/100] | SVD update #83: pairs=96, sweeps=3, converged=False, rel_change=1.107e-01, effective_ranks=(95, 19), class_paired=True
Epoch [83/100] | Loss: 6.5873 (Cls: 6.5442, TAL: 0.2681, Adv: 0.1363, OT-Reg: 0.001018) | OT inner objective: 0.2705 | Marginal residual row/col/max: 1.49e-08/3.79e-08/3.79e-08 | Train Acc: 0.1354 | Val Acc: 0.1538 | Val P/R/F1 (Macro): 0.0317/0.1333/0.0513 | LR: 0.000001
Epoch [84/100] | SVD update #84: pairs=96, sweeps=3, converged=False, rel_change=3.043e+00, effective_ranks=(95, 19), class_paired=True
Epoch [84/100] | Loss: 6.1794 (Cls: 6.1651, TAL: 0.0291, Adv: 0.1352, OT-Reg: 0.001214) | OT inner objective: 0.1679 | Marginal residual row/col/max: 1.45e-07/9.93e-09/1.45e-07 | Train Acc: 0.2083 | Val Acc: 0.2308 | Val P/R/F1 (Macro): 0.1621/0.2125/0.1804 | LR: 0.000001
Epoch [85/100] | SVD update #85: pairs=96, sweeps=3, converged=False, rel_change=2.614e-01, effective_ranks=(95, 20), class_paired=True
Epoch [85/100] | Loss: 6.5940 (Cls: 6.5846, TAL: -0.0233, Adv: 0.1521, OT-Reg: 0.001135) | OT inner objective: 0.1055 | Marginal residual row/col/max: 2.82e-07/1.86e-08/2.88e-07 | Train Acc: 0.1667 | Val Acc: 0.1538 | Val P/R/F1 (Macro): 0.0541/0.1208/0.0655 | LR: 0.000001
Epoch [86/100] | SVD update #86: pairs=96, sweeps=3, converged=False, rel_change=1.159e-01, effective_ranks=(95, 17), class_paired=True
Epoch [86/100] | Loss: 6.7130 (Cls: 6.6989, TAL: 0.0440, Adv: 0.1103, OT-Reg: 0.001085) | OT inner objective: 0.1370 | Marginal residual row/col/max: 1.35e-07/2.05e-08/1.41e-07 | Train Acc: 0.1562 | Val Acc: 0.3462 | Val P/R/F1 (Macro): 0.2222/0.2000/0.1389 | LR: 0.000001
Epoch [87/100] | SVD update #87: pairs=96, sweeps=3, converged=False, rel_change=1.667e-01, effective_ranks=(95, 23), class_paired=True
Epoch [87/100] | Loss: 6.4998 (Cls: 6.4952, TAL: -0.0543, Adv: 0.1391, OT-Reg: 0.001179) | OT inner objective: 0.1161 | Marginal residual row/col/max: 9.69e-08/2.42e-08/1.02e-07 | Train Acc: 0.1146 | Val Acc: 0.2692 | Val P/R/F1 (Macro): 0.1827/0.2208/0.1474 | LR: 0.000001
Epoch [88/100] | SVD update #88: pairs=96, sweeps=3, converged=False, rel_change=5.345e-01, effective_ranks=(95, 20), class_paired=True
Epoch [88/100] | Loss: 6.6976 (Cls: 6.6992, TAL: -0.0950, Adv: 0.1232, OT-Reg: 0.001140) | OT inner objective: 0.1623 | Marginal residual row/col/max: 8.07e-09/1.55e-08/1.55e-08 | Train Acc: 0.1146 | Val Acc: 0.1154 | Val P/R/F1 (Macro): 0.0590/0.1375/0.0794 | LR: 0.000001
Epoch [89/100] | SVD update #89: pairs=96, sweeps=3, converged=False, rel_change=1.120e-01, effective_ranks=(95, 22), class_paired=True
Epoch [89/100] | Loss: 6.5247 (Cls: 6.5421, TAL: -0.2191, Adv: 0.1105, OT-Reg: 0.001076) | OT inner objective: 0.1604 | Marginal residual row/col/max: 1.30e-08/2.05e-08/2.05e-08 | Train Acc: 0.1771 | Val Acc: 0.1538 | Val P/R/F1 (Macro): 0.1167/0.1083/0.1111 | LR: 0.000001
Epoch [90/100] | SVD update #90: pairs=96, sweeps=3, converged=False, rel_change=1.394e-01, effective_ranks=(95, 21), class_paired=True
Epoch [90/100] | Loss: 6.6426 (Cls: 6.6299, TAL: 0.0052, Adv: 0.1505, OT-Reg: 0.001012) | OT inner objective: 0.2199 | Marginal residual row/col/max: 1.86e-08/2.73e-08/2.73e-08 | Train Acc: 0.1771 | Val Acc: 0.1538 | Val P/R/F1 (Macro): 0.0694/0.1333/0.0905 | LR: 0.000001
Epoch [91/100] | SVD update #91: pairs=96, sweeps=3, converged=False, rel_change=2.816e-01, effective_ranks=(95, 23), class_paired=True
Epoch [91/100] | Loss: 6.7067 (Cls: 6.7071, TAL: -0.0730, Adv: 0.1041, OT-Reg: 0.001116) | OT inner objective: 0.1563 | Marginal residual row/col/max: 3.96e-07/1.55e-08/4.02e-07 | Train Acc: 0.2292 | Val Acc: 0.1154 | Val P/R/F1 (Macro): 0.1124/0.1458/0.1207 | LR: 0.000001
Epoch [92/100] | SVD update #92: pairs=96, sweeps=3, converged=False, rel_change=1.590e-01, effective_ranks=(94, 24), class_paired=True
Epoch [92/100] | Loss: 6.5529 (Cls: 6.5529, TAL: -0.0677, Adv: 0.1018, OT-Reg: 0.000992) | OT inner objective: 0.2091 | Marginal residual row/col/max: 2.52e-06/3.04e-08/2.52e-06 | Train Acc: 0.1562 | Val Acc: 0.1154 | Val P/R/F1 (Macro): 0.0972/0.0958/0.0856 | LR: 0.000001
Epoch [93/100] | SVD update #93: pairs=96, sweeps=3, converged=False, rel_change=2.345e-01, effective_ranks=(95, 23), class_paired=True
Epoch [93/100] | Loss: 6.4155 (Cls: 6.4258, TAL: -0.1642, Adv: 0.1167, OT-Reg: 0.000985) | OT inner objective: 0.2279 | Marginal residual row/col/max: 1.49e-08/2.48e-08/2.48e-08 | Train Acc: 0.2500 | Val Acc: 0.0000 | Val P/R/F1 (Macro): 0.0000/0.0000/0.0000 | LR: 0.000001
Epoch [94/100] | SVD update #94: pairs=96, sweeps=3, converged=False, rel_change=1.860e-01, effective_ranks=(95, 21), class_paired=True
Epoch [94/100] | Loss: 6.4554 (Cls: 6.4655, TAL: -0.1574, Adv: 0.1103, OT-Reg: 0.001024) | OT inner objective: 0.1912 | Marginal residual row/col/max: 1.61e-08/1.49e-08/1.86e-08 | Train Acc: 0.2188 | Val Acc: 0.1923 | Val P/R/F1 (Macro): 0.0651/0.1667/0.0846 | LR: 0.000001
Epoch [95/100] | SVD update #95: pairs=96, sweeps=3, converged=False, rel_change=1.668e-01, effective_ranks=(95, 22), class_paired=True
Epoch [95/100] | Loss: 6.4680 (Cls: 6.4791, TAL: -0.1809, Adv: 0.1321, OT-Reg: 0.001160) | OT inner objective: 0.0740 | Marginal residual row/col/max: 7.70e-08/2.17e-08/8.51e-08 | Train Acc: 0.2083 | Val Acc: 0.3462 | Val P/R/F1 (Macro): 0.2587/0.2958/0.2343 | LR: 0.000001
Epoch [96/100] | SVD update #96: pairs=96, sweeps=3, converged=False, rel_change=1.846e-01, effective_ranks=(95, 24), class_paired=True
Epoch [96/100] | Loss: 6.1833 (Cls: 6.1969, TAL: -0.1758, Adv: 0.0936, OT-Reg: 0.001000) | OT inner objective: 0.1993 | Marginal residual row/col/max: 8.69e-09/1.55e-08/1.55e-08 | Train Acc: 0.2917 | Val Acc: 0.3077 | Val P/R/F1 (Macro): 0.0702/0.1667/0.0988 | LR: 0.000001
Epoch [97/100] | SVD update #97: pairs=96, sweeps=3, converged=False, rel_change=2.089e-01, effective_ranks=(95, 21), class_paired=True
Epoch [97/100] | Loss: 6.5299 (Cls: 6.5350, TAL: -0.1065, Adv: 0.0959, OT-Reg: 0.001103) | OT inner objective: 0.1428 | Marginal residual row/col/max: 2.21e-07/2.48e-08/2.21e-07 | Train Acc: 0.2188 | Val Acc: 0.2692 | Val P/R/F1 (Macro): 0.0897/0.1458/0.1111 | LR: 0.000001
Epoch [98/100] | SVD update #98: pairs=96, sweeps=3, converged=False, rel_change=7.629e-02, effective_ranks=(95, 20), class_paired=True
Epoch [98/100] | Loss: 6.5013 (Cls: 6.4939, TAL: -0.0301, Adv: 0.1378, OT-Reg: 0.001114) | OT inner objective: 0.1562 | Marginal residual row/col/max: 1.74e-08/1.80e-08/2.30e-08 | Train Acc: 0.2188 | Val Acc: 0.1538 | Val P/R/F1 (Macro): 0.2167/0.1583/0.1189 | LR: 0.000001
Epoch [99/100] | SVD update #99: pairs=96, sweeps=3, converged=False, rel_change=4.213e-02, effective_ranks=(95, 24), class_paired=True
Epoch [99/100] | Loss: 6.5920 (Cls: 6.6048, TAL: -0.1968, Adv: 0.1355, OT-Reg: 0.001150) | OT inner objective: 0.1392 | Marginal residual row/col/max: 3.80e-07/1.74e-08/3.87e-07 | Train Acc: 0.1250 | Val Acc: 0.1538 | Val P/R/F1 (Macro): 0.1944/0.1333/0.1574 | LR: 0.000001
Epoch [100/100] | SVD update #100: pairs=96, sweeps=3, converged=False, rel_change=4.684e-02, effective_ranks=(95, 20), class_paired=True
Epoch [100/100] | Loss: 6.4790 (Cls: 6.4831, TAL: -0.1214, Adv: 0.1311, OT-Reg: 0.001070) | OT inner objective: 0.1314 | Marginal residual row/col/max: 4.10e-07/3.29e-08/4.20e-07 | Train Acc: 0.1354 | Val Acc: 0.1154 | Val P/R/F1 (Macro): 0.0278/0.0625/0.0385 | LR: 0.000001
Report strategy: last_window, window=10, reported_acc=0.1769, best_acc=0.4231

迭代 3 报告指标:
  Accuracy: 0.1769
  Precision (Macro): 0.1132
  Recall (Macro): 0.1371
  F1 (Macro): 0.1050
  Precision (Micro): 0.1769
  Recall (Micro): 0.1769
  F1 (Micro): 0.1769
  Val class coverage: 6/14 (0.4286), samples=26

================================================================================
迭代 4/5
随机种子: 45
================================================================================
Training mode: full target-label supervision (class-paired batches).
Feature fusion: Tensor alignment (512+512 -> 64+64); fused_dim=128
Domain adaptation: Neural OT generator with 3-domain discriminator
Loss weights: tensor=0.12, adv=0.08
Transport: mode=sinkhorn, epsilon=0.1, Sinkhorn iterations=50, correction scale=0.1, correction regularization weight=0.001
Tensor projection update: once per epoch from the complete target-training pairing bank; projection_dim=64, max_sweeps=3, relative singular-value tolerance=0.0001
Epoch [1/100] | SVD update #1: pairs=96, sweeps=3, converged=True, rel_change=7.697e-05, effective_ranks=(95, 93), class_paired=True
Epoch [1/100] | Loss: 9.8262 (Cls: 9.8078, TAL: -0.0430, Adv: 0.2938, OT-Reg: 0.001126) | OT inner objective: 0.2623 | Marginal residual row/col/max: 1.12e-08/1.24e-08/1.24e-08 | Train Acc: 0.0625 | Val Acc: 0.1154 | Val P/R/F1 (Macro): 0.0795/0.1083/0.0863 | LR: 0.000005
  >>> New Best Val Acc: 0.1154
Epoch [2/100] | SVD update #2: pairs=96, sweeps=3, converged=False, rel_change=1.515e-01, effective_ranks=(95, 74), class_paired=True
Epoch [2/100] | Loss: 9.1952 (Cls: 9.1688, TAL: 0.0234, Adv: 0.2948, OT-Reg: 0.001117) | OT inner objective: 0.2862 | Marginal residual row/col/max: 9.31e-09/1.06e-08/1.18e-08 | Train Acc: 0.0625 | Val Acc: 0.0000 | Val P/R/F1 (Macro): 0.0000/0.0000/0.0000 | LR: 0.000005
Epoch [3/100] | SVD update #3: pairs=96, sweeps=3, converged=False, rel_change=1.013e-02, effective_ranks=(95, 69), class_paired=True
Epoch [3/100] | Loss: 8.4098 (Cls: 8.4017, TAL: -0.0978, Adv: 0.2488, OT-Reg: 0.001082) | OT inner objective: 0.2718 | Marginal residual row/col/max: 1.18e-08/1.12e-08/1.24e-08 | Train Acc: 0.1354 | Val Acc: 0.0769 | Val P/R/F1 (Macro): 0.0263/0.1167/0.0423 | LR: 0.000005
Epoch [4/100] | SVD update #4: pairs=96, sweeps=3, converged=False, rel_change=4.781e-03, effective_ranks=(95, 63), class_paired=True
Epoch [4/100] | Loss: 7.8109 (Cls: 7.7880, TAL: 0.0438, Adv: 0.2207, OT-Reg: 0.001148) | OT inner objective: 0.2771 | Marginal residual row/col/max: 1.06e-08/1.06e-08/1.18e-08 | Train Acc: 0.1042 | Val Acc: 0.0769 | Val P/R/F1 (Macro): 0.0185/0.0667/0.0290 | LR: 0.000005
Epoch [5/100] | SVD update #5: pairs=96, sweeps=3, converged=False, rel_change=4.976e-01, effective_ranks=(95, 42), class_paired=True
Epoch [5/100] | Loss: 7.5417 (Cls: 7.4989, TAL: 0.1943, Adv: 0.2442, OT-Reg: 0.001326) | OT inner objective: 0.2822 | Marginal residual row/col/max: 1.12e-08/1.18e-08/1.30e-08 | Train Acc: 0.2083 | Val Acc: 0.1923 | Val P/R/F1 (Macro): 0.0321/0.1667/0.0538 | LR: 0.000005
  >>> New Best Val Acc: 0.1923
Epoch [6/100] | SVD update #6: pairs=96, sweeps=3, converged=False, rel_change=3.030e-01, effective_ranks=(94, 56), class_paired=True
Epoch [6/100] | Loss: 7.1852 (Cls: 7.1670, TAL: 0.0179, Adv: 0.1995, OT-Reg: 0.001212) | OT inner objective: 0.2840 | Marginal residual row/col/max: 1.06e-08/1.24e-08/1.24e-08 | Train Acc: 0.1979 | Val Acc: 0.2308 | Val P/R/F1 (Macro): 0.0952/0.1875/0.0944 | LR: 0.000005
  >>> New Best Val Acc: 0.2308
Epoch [7/100] | SVD update #7: pairs=96, sweeps=3, converged=False, rel_change=3.534e-01, effective_ranks=(95, 71), class_paired=True
Epoch [7/100] | Loss: 7.8058 (Cls: 7.7880, TAL: 0.0112, Adv: 0.2061, OT-Reg: 0.000697) | OT inner objective: 0.2673 | Marginal residual row/col/max: 9.93e-09/3.35e-08/3.35e-08 | Train Acc: 0.1458 | Val Acc: 0.0385 | Val P/R/F1 (Macro): 0.0111/0.0833/0.0196 | LR: 0.000005
Epoch [8/100] | SVD update #8: pairs=96, sweeps=3, converged=False, rel_change=5.987e-01, effective_ranks=(95, 38), class_paired=True
Epoch [8/100] | Loss: 7.2290 (Cls: 7.2307, TAL: -0.1735, Adv: 0.2384, OT-Reg: 0.000724) | OT inner objective: 0.2470 | Marginal residual row/col/max: 1.12e-08/2.61e-08/2.61e-08 | Train Acc: 0.1250 | Val Acc: 0.0385 | Val P/R/F1 (Macro): 0.0098/0.0833/0.0175 | LR: 0.000005
Epoch [9/100] | SVD update #9: pairs=96, sweeps=3, converged=False, rel_change=1.109e+00, effective_ranks=(95, 48), class_paired=True
Epoch [9/100] | Loss: 7.4935 (Cls: 7.4686, TAL: 0.0491, Adv: 0.2370, OT-Reg: 0.001051) | OT inner objective: 0.2744 | Marginal residual row/col/max: 1.06e-08/1.24e-08/1.24e-08 | Train Acc: 0.1979 | Val Acc: 0.2308 | Val P/R/F1 (Macro): 0.2029/0.2000/0.1151 | LR: 0.000005
Epoch [10/100] | SVD update #10: pairs=96, sweeps=3, converged=False, rel_change=1.289e+00, effective_ranks=(95, 41), class_paired=True
Epoch [10/100] | Loss: 7.4811 (Cls: 7.4780, TAL: -0.1382, Adv: 0.2454, OT-Reg: 0.001201) | OT inner objective: 0.2342 | Marginal residual row/col/max: 9.31e-09/1.12e-08/1.12e-08 | Train Acc: 0.2292 | Val Acc: 0.2308 | Val P/R/F1 (Macro): 0.2083/0.2500/0.1778 | LR: 0.000005
Epoch [11/100] | SVD update #11: pairs=96, sweeps=3, converged=False, rel_change=1.376e-01, effective_ranks=(95, 53), class_paired=True
Epoch [11/100] | Loss: 7.1733 (Cls: 7.1550, TAL: 0.0059, Adv: 0.2203, OT-Reg: 0.001165) | OT inner objective: 0.2337 | Marginal residual row/col/max: 9.31e-09/9.93e-09/1.06e-08 | Train Acc: 0.2396 | Val Acc: 0.2308 | Val P/R/F1 (Macro): 0.1481/0.3167/0.1786 | LR: 0.000005
Epoch [12/100] | SVD update #12: pairs=96, sweeps=3, converged=False, rel_change=4.486e-01, effective_ranks=(95, 41), class_paired=True
Epoch [12/100] | Loss: 6.9059 (Cls: 6.8909, TAL: -0.0020, Adv: 0.1909, OT-Reg: 0.001122) | OT inner objective: 0.2369 | Marginal residual row/col/max: 9.93e-09/1.43e-08/1.43e-08 | Train Acc: 0.1250 | Val Acc: 0.1923 | Val P/R/F1 (Macro): 0.0758/0.1667/0.1042 | LR: 0.000005
Epoch [13/100] | SVD update #13: pairs=96, sweeps=3, converged=False, rel_change=2.397e-01, effective_ranks=(95, 37), class_paired=True
Epoch [13/100] | Loss: 6.6099 (Cls: 6.5978, TAL: -0.0749, Adv: 0.2641, OT-Reg: 0.001170) | OT inner objective: 0.2582 | Marginal residual row/col/max: 1.24e-08/1.43e-08/1.43e-08 | Train Acc: 0.1146 | Val Acc: 0.1538 | Val P/R/F1 (Macro): 0.1472/0.1917/0.1630 | LR: 0.000005
Epoch [14/100] | SVD update #14: pairs=96, sweeps=3, converged=False, rel_change=3.292e-01, effective_ranks=(95, 30), class_paired=True
Epoch [14/100] | Loss: 6.4080 (Cls: 6.3801, TAL: 0.0851, Adv: 0.2207, OT-Reg: 0.001040) | OT inner objective: 0.2460 | Marginal residual row/col/max: 1.18e-08/1.80e-08/1.80e-08 | Train Acc: 0.2708 | Val Acc: 0.2308 | Val P/R/F1 (Macro): 0.0813/0.2500/0.1197 | LR: 0.000005
Epoch [15/100] | SVD update #15: pairs=96, sweeps=3, converged=False, rel_change=1.802e-01, effective_ranks=(95, 31), class_paired=True
Epoch [15/100] | Loss: 6.6005 (Cls: 6.5730, TAL: 0.0723, Adv: 0.2360, OT-Reg: 0.000978) | OT inner objective: 0.1787 | Marginal residual row/col/max: 9.93e-09/1.55e-08/1.55e-08 | Train Acc: 0.1458 | Val Acc: 0.0769 | Val P/R/F1 (Macro): 0.0536/0.1167/0.0579 | LR: 0.000005
Epoch [16/100] | SVD update #16: pairs=96, sweeps=3, converged=False, rel_change=3.610e-02, effective_ranks=(95, 41), class_paired=True
Epoch [16/100] | Loss: 6.2726 (Cls: 6.2309, TAL: 0.1896, Adv: 0.2367, OT-Reg: 0.001098) | OT inner objective: 0.2375 | Marginal residual row/col/max: 9.93e-09/9.93e-09/1.12e-08 | Train Acc: 0.2708 | Val Acc: 0.0769 | Val P/R/F1 (Macro): 0.0444/0.1167/0.0529 | LR: 0.000005
Epoch [17/100] | SVD update #17: pairs=96, sweeps=3, converged=False, rel_change=1.746e+00, effective_ranks=(94, 31), class_paired=True
Epoch [17/100] | Loss: 7.1772 (Cls: 7.1414, TAL: 0.1730, Adv: 0.1880, OT-Reg: 0.001008) | OT inner objective: 0.2672 | Marginal residual row/col/max: 8.69e-09/3.10e-08/3.10e-08 | Train Acc: 0.0833 | Val Acc: 0.2692 | Val P/R/F1 (Macro): 0.1035/0.1708/0.1269 | LR: 0.000005
  >>> New Best Val Acc: 0.2692
Epoch [18/100] | SVD update #18: pairs=96, sweeps=3, converged=False, rel_change=2.821e-02, effective_ranks=(95, 34), class_paired=True
Epoch [18/100] | Loss: 6.9534 (Cls: 6.9073, TAL: 0.2380, Adv: 0.2190, OT-Reg: 0.001040) | OT inner objective: 0.2658 | Marginal residual row/col/max: 9.31e-09/1.68e-08/1.74e-08 | Train Acc: 0.1146 | Val Acc: 0.0385 | Val P/R/F1 (Macro): 0.0104/0.0833/0.0185 | LR: 0.000005
Epoch [19/100] | SVD update #19: pairs=96, sweeps=3, converged=False, rel_change=4.453e-01, effective_ranks=(95, 34), class_paired=True
Epoch [19/100] | Loss: 6.7594 (Cls: 6.7512, TAL: -0.0801, Adv: 0.2221, OT-Reg: 0.000969) | OT inner objective: 0.1770 | Marginal residual row/col/max: 1.24e-08/3.10e-08/3.10e-08 | Train Acc: 0.1667 | Val Acc: 0.2308 | Val P/R/F1 (Macro): 0.1212/0.1875/0.0951 | LR: 0.000005
Epoch [20/100] | SVD update #20: pairs=96, sweeps=3, converged=False, rel_change=4.808e-01, effective_ranks=(95, 29), class_paired=True
Epoch [20/100] | Loss: 6.9485 (Cls: 6.9141, TAL: 0.1251, Adv: 0.2422, OT-Reg: 0.001017) | OT inner objective: 0.2339 | Marginal residual row/col/max: 1.24e-08/1.92e-08/2.11e-08 | Train Acc: 0.1354 | Val Acc: 0.3462 | Val P/R/F1 (Macro): 0.2806/0.2750/0.2540 | LR: 0.000005
  >>> New Best Val Acc: 0.3462
Epoch [21/100] | SVD update #21: pairs=96, sweeps=3, converged=False, rel_change=5.149e-01, effective_ranks=(95, 24), class_paired=True
Epoch [21/100] | Loss: 7.0184 (Cls: 6.9982, TAL: 0.0366, Adv: 0.1968, OT-Reg: 0.001128) | OT inner objective: 0.2246 | Marginal residual row/col/max: 1.12e-08/2.30e-08/2.30e-08 | Train Acc: 0.1875 | Val Acc: 0.1154 | Val P/R/F1 (Macro): 0.0474/0.1000/0.0606 | LR: 0.000005
Epoch [22/100] | SVD update #22: pairs=96, sweeps=3, converged=False, rel_change=7.025e-01, effective_ranks=(95, 22), class_paired=True
Epoch [22/100] | Loss: 7.2337 (Cls: 7.1952, TAL: 0.1537, Adv: 0.2510, OT-Reg: 0.001024) | OT inner objective: 0.2599 | Marginal residual row/col/max: 1.06e-08/3.17e-08/3.17e-08 | Train Acc: 0.1458 | Val Acc: 0.0769 | Val P/R/F1 (Macro): 0.0556/0.1167/0.0720 | LR: 0.000005
Epoch [23/100] | SVD update #23: pairs=96, sweeps=3, converged=False, rel_change=1.357e-01, effective_ranks=(95, 39), class_paired=True
Epoch [23/100] | Loss: 6.5372 (Cls: 6.5330, TAL: -0.1156, Adv: 0.2255, OT-Reg: 0.000947) | OT inner objective: 0.1310 | Marginal residual row/col/max: 1.80e-06/1.06e-08/1.80e-06 | Train Acc: 0.1667 | Val Acc: 0.1154 | Val P/R/F1 (Macro): 0.2185/0.1375/0.1007 | LR: 0.000005
Epoch [24/100] | SVD update #24: pairs=96, sweeps=3, converged=False, rel_change=3.427e-01, effective_ranks=(95, 28), class_paired=True
Epoch [24/100] | Loss: 7.2320 (Cls: 7.2125, TAL: 0.0302, Adv: 0.1990, OT-Reg: 0.001072) | OT inner objective: 0.2448 | Marginal residual row/col/max: 1.37e-08/1.92e-08/2.05e-08 | Train Acc: 0.1250 | Val Acc: 0.0385 | Val P/R/F1 (Macro): 0.1667/0.0208/0.0370 | LR: 0.000005
Epoch [25/100] | SVD update #25: pairs=96, sweeps=3, converged=False, rel_change=2.487e-01, effective_ranks=(95, 15), class_paired=True
Epoch [25/100] | Loss: 6.7903 (Cls: 6.7655, TAL: 0.0624, Adv: 0.2160, OT-Reg: 0.001038) | OT inner objective: 0.1993 | Marginal residual row/col/max: 1.12e-08/2.55e-08/2.55e-08 | Train Acc: 0.1667 | Val Acc: 0.0385 | Val P/R/F1 (Macro): 0.0139/0.0333/0.0196 | LR: 0.000005
Epoch [26/100] | SVD update #26: pairs=96, sweeps=3, converged=False, rel_change=1.414e+00, effective_ranks=(94, 16), class_paired=True
Epoch [26/100] | Loss: 6.4262 (Cls: 6.4093, TAL: -0.0030, Adv: 0.2159, OT-Reg: 0.000959) | OT inner objective: 0.1428 | Marginal residual row/col/max: 6.58e-08/1.80e-08/7.08e-08 | Train Acc: 0.2188 | Val Acc: 0.2692 | Val P/R/F1 (Macro): 0.1667/0.2833/0.1698 | LR: 0.000005
Epoch [27/100] | SVD update #27: pairs=96, sweeps=3, converged=False, rel_change=4.576e-01, effective_ranks=(95, 15), class_paired=True
Epoch [27/100] | Loss: 6.6847 (Cls: 6.6734, TAL: -0.0558, Adv: 0.2241, OT-Reg: 0.000864) | OT inner objective: 0.0924 | Marginal residual row/col/max: 7.70e-08/2.92e-08/7.70e-08 | Train Acc: 0.1042 | Val Acc: 0.1538 | Val P/R/F1 (Macro): 0.2292/0.1708/0.1243 | LR: 0.000005
Epoch [28/100] | SVD update #28: pairs=96, sweeps=3, converged=False, rel_change=3.055e-01, effective_ranks=(95, 19), class_paired=True
Epoch [28/100] | Loss: 6.6752 (Cls: 6.6503, TAL: 0.0606, Adv: 0.2200, OT-Reg: 0.000810) | OT inner objective: 0.2107 | Marginal residual row/col/max: 1.30e-08/2.55e-08/2.55e-08 | Train Acc: 0.1354 | Val Acc: 0.0769 | Val P/R/F1 (Macro): 0.1944/0.1250/0.1083 | LR: 0.000005
Epoch [29/100] | SVD update #29: pairs=96, sweeps=3, converged=False, rel_change=1.646e+00, effective_ranks=(95, 13), class_paired=True
Epoch [29/100] | Loss: 6.7149 (Cls: 6.7004, TAL: -0.0721, Adv: 0.2894, OT-Reg: 0.000975) | OT inner objective: 0.1594 | Marginal residual row/col/max: 1.92e-08/2.61e-08/3.23e-08 | Train Acc: 0.0625 | Val Acc: 0.0385 | Val P/R/F1 (Macro): 0.0185/0.0333/0.0238 | LR: 0.000005
Epoch [30/100] | SVD update #30: pairs=96, sweeps=3, converged=False, rel_change=2.928e-01, effective_ranks=(95, 18), class_paired=True
Epoch [30/100] | Loss: 6.9984 (Cls: 6.9610, TAL: 0.1733, Adv: 0.2071, OT-Reg: 0.001056) | OT inner objective: 0.1881 | Marginal residual row/col/max: 1.06e-08/1.61e-08/1.74e-08 | Train Acc: 0.0729 | Val Acc: 0.1538 | Val P/R/F1 (Macro): 0.0351/0.1333/0.0556 | LR: 0.000005
Epoch [31/100] | SVD update #31: pairs=96, sweeps=3, converged=False, rel_change=1.132e-01, effective_ranks=(95, 24), class_paired=True
Epoch [31/100] | Loss: 6.6686 (Cls: 6.6367, TAL: 0.1141, Adv: 0.2274, OT-Reg: 0.001105) | OT inner objective: 0.2089 | Marginal residual row/col/max: 1.37e-08/1.86e-08/1.99e-08 | Train Acc: 0.1458 | Val Acc: 0.1538 | Val P/R/F1 (Macro): 0.0290/0.1333/0.0476 | LR: 0.000003
Epoch [32/100] | SVD update #32: pairs=96, sweeps=3, converged=False, rel_change=1.716e-02, effective_ranks=(95, 23), class_paired=True
Epoch [32/100] | Loss: 6.8310 (Cls: 6.7931, TAL: 0.1770, Adv: 0.2081, OT-Reg: 0.001009) | OT inner objective: 0.2396 | Marginal residual row/col/max: 1.12e-08/2.36e-08/2.36e-08 | Train Acc: 0.1458 | Val Acc: 0.1538 | Val P/R/F1 (Macro): 0.1741/0.1292/0.1226 | LR: 0.000003
Epoch [33/100] | SVD update #33: pairs=96, sweeps=3, converged=False, rel_change=7.528e-01, effective_ranks=(94, 29), class_paired=True
Epoch [33/100] | Loss: 7.6705 (Cls: 7.6577, TAL: -0.0149, Adv: 0.1824, OT-Reg: 0.001035) | OT inner objective: 0.1968 | Marginal residual row/col/max: 1.24e-08/2.11e-08/2.11e-08 | Train Acc: 0.1042 | Val Acc: 0.2692 | Val P/R/F1 (Macro): 0.1063/0.3333/0.1593 | LR: 0.000003
Epoch [34/100] | SVD update #34: pairs=96, sweeps=3, converged=False, rel_change=1.233e-01, effective_ranks=(95, 21), class_paired=True
Epoch [34/100] | Loss: 7.2067 (Cls: 7.1674, TAL: 0.1920, Adv: 0.2031, OT-Reg: 0.001168) | OT inner objective: 0.2057 | Marginal residual row/col/max: 9.31e-09/1.30e-08/1.30e-08 | Train Acc: 0.1458 | Val Acc: 0.3846 | Val P/R/F1 (Macro): 0.4019/0.4000/0.3683 | LR: 0.000003
  >>> New Best Val Acc: 0.3846
Epoch [35/100] | SVD update #35: pairs=96, sweeps=3, converged=False, rel_change=5.352e-01, effective_ranks=(95, 32), class_paired=True
Epoch [35/100] | Loss: 6.7620 (Cls: 6.7398, TAL: 0.0535, Adv: 0.1970, OT-Reg: 0.001052) | OT inner objective: 0.2581 | Marginal residual row/col/max: 1.18e-08/1.12e-08/1.24e-08 | Train Acc: 0.2292 | Val Acc: 0.2308 | Val P/R/F1 (Macro): 0.1484/0.2875/0.1585 | LR: 0.000003
Epoch [36/100] | SVD update #36: pairs=96, sweeps=3, converged=False, rel_change=2.231e-01, effective_ranks=(95, 34), class_paired=True
Epoch [36/100] | Loss: 6.6752 (Cls: 6.6467, TAL: 0.0826, Adv: 0.2322, OT-Reg: 0.001108) | OT inner objective: 0.2302 | Marginal residual row/col/max: 8.69e-09/1.12e-08/1.12e-08 | Train Acc: 0.2083 | Val Acc: 0.1538 | Val P/R/F1 (Macro): 0.0694/0.1833/0.0952 | LR: 0.000003
Epoch [37/100] | SVD update #37: pairs=96, sweeps=3, converged=False, rel_change=2.735e-01, effective_ranks=(95, 18), class_paired=True
Epoch [37/100] | Loss: 7.1460 (Cls: 7.1250, TAL: 0.0371, Adv: 0.2067, OT-Reg: 0.000898) | OT inner objective: 0.2092 | Marginal residual row/col/max: 1.30e-08/2.48e-08/2.55e-08 | Train Acc: 0.1771 | Val Acc: 0.0000 | Val P/R/F1 (Macro): 0.0000/0.0000/0.0000 | LR: 0.000003
Epoch [38/100] | SVD update #38: pairs=96, sweeps=3, converged=False, rel_change=1.962e-01, effective_ranks=(95, 18), class_paired=True
Epoch [38/100] | Loss: 6.8072 (Cls: 6.8083, TAL: -0.1616, Adv: 0.2285, OT-Reg: 0.000930) | OT inner objective: 0.0453 | Marginal residual row/col/max: 6.96e-06/1.80e-08/6.96e-06 | Train Acc: 0.0938 | Val Acc: 0.0000 | Val P/R/F1 (Macro): 0.0000/0.0000/0.0000 | LR: 0.000003
Epoch [39/100] | SVD update #39: pairs=96, sweeps=3, converged=False, rel_change=2.845e-02, effective_ranks=(95, 22), class_paired=True
Epoch [39/100] | Loss: 6.4755 (Cls: 6.4622, TAL: -0.0203, Adv: 0.1962, OT-Reg: 0.000966) | OT inner objective: 0.0400 | Marginal residual row/col/max: 5.90e-06/1.30e-08/5.90e-06 | Train Acc: 0.1354 | Val Acc: 0.0385 | Val P/R/F1 (Macro): 0.0067/0.0833/0.0123 | LR: 0.000003
Epoch [40/100] | SVD update #40: pairs=96, sweeps=3, converged=False, rel_change=4.739e-01, effective_ranks=(95, 27), class_paired=True
Epoch [40/100] | Loss: 6.6127 (Cls: 6.5935, TAL: -0.0291, Adv: 0.2835, OT-Reg: 0.000960) | OT inner objective: 0.1188 | Marginal residual row/col/max: 5.88e-05/1.43e-08/5.88e-05 | Train Acc: 0.1562 | Val Acc: 0.0000 | Val P/R/F1 (Macro): 0.0000/0.0000/0.0000 | LR: 0.000003
Epoch [41/100] | SVD update #41: pairs=96, sweeps=3, converged=False, rel_change=2.499e-02, effective_ranks=(95, 29), class_paired=True
Epoch [41/100] | Loss: 6.2682 (Cls: 6.2644, TAL: -0.1034, Adv: 0.2029, OT-Reg: 0.001112) | OT inner objective: 0.0606 | Marginal residual row/col/max: 5.41e-07/1.18e-08/5.41e-07 | Train Acc: 0.2083 | Val Acc: 0.1538 | Val P/R/F1 (Macro): 0.2247/0.1708/0.1204 | LR: 0.000003
Epoch [42/100] | SVD update #42: pairs=96, sweeps=3, converged=False, rel_change=2.701e-02, effective_ranks=(95, 30), class_paired=True
Epoch [42/100] | Loss: 6.1515 (Cls: 6.1545, TAL: -0.1974, Adv: 0.2577, OT-Reg: 0.000859) | OT inner objective: 0.0878 | Marginal residual row/col/max: 1.24e-07/1.99e-08/1.25e-07 | Train Acc: 0.3125 | Val Acc: 0.2308 | Val P/R/F1 (Macro): 0.1071/0.2250/0.1389 | LR: 0.000003
Epoch [43/100] | SVD update #43: pairs=96, sweeps=3, converged=False, rel_change=6.250e-03, effective_ranks=(95, 29), class_paired=True
Epoch [43/100] | Loss: 6.0261 (Cls: 6.0371, TAL: -0.2462, Adv: 0.2329, OT-Reg: 0.001085) | OT inner objective: 0.0829 | Marginal residual row/col/max: 7.08e-07/1.18e-08/7.08e-07 | Train Acc: 0.2292 | Val Acc: 0.3462 | Val P/R/F1 (Macro): 0.1706/0.3000/0.2089 | LR: 0.000003
Epoch [44/100] | SVD update #44: pairs=96, sweeps=3, converged=False, rel_change=3.939e-01, effective_ranks=(95, 21), class_paired=True
Epoch [44/100] | Loss: 6.3988 (Cls: 6.3814, TAL: 0.0173, Adv: 0.1920, OT-Reg: 0.001026) | OT inner objective: 0.1029 | Marginal residual row/col/max: 6.64e-08/1.49e-08/6.64e-08 | Train Acc: 0.2708 | Val Acc: 0.1538 | Val P/R/F1 (Macro): 0.1278/0.1208/0.1238 | LR: 0.000003
Epoch [45/100] | SVD update #45: pairs=96, sweeps=3, converged=False, rel_change=2.587e-01, effective_ranks=(95, 18), class_paired=True
Epoch [45/100] | Loss: 5.9550 (Cls: 5.9551, TAL: -0.1199, Adv: 0.1783, OT-Reg: 0.000959) | OT inner objective: 0.1899 | Marginal residual row/col/max: 1.12e-08/1.06e-08/1.24e-08 | Train Acc: 0.2500 | Val Acc: 0.2308 | Val P/R/F1 (Macro): 0.0833/0.3000/0.1261 | LR: 0.000001
Epoch [46/100] | SVD update #46: pairs=96, sweeps=3, converged=False, rel_change=9.076e-02, effective_ranks=(95, 22), class_paired=True
Epoch [46/100] | Loss: 5.6615 (Cls: 5.6566, TAL: -0.0675, Adv: 0.1629, OT-Reg: 0.001103) | OT inner objective: 0.0899 | Marginal residual row/col/max: 2.11e-08/1.12e-08/2.11e-08 | Train Acc: 0.3229 | Val Acc: 0.3846 | Val P/R/F1 (Macro): 0.2116/0.3333/0.2579 | LR: 0.000001
Epoch [47/100] | SVD update #47: pairs=96, sweeps=3, converged=False, rel_change=4.276e+00, effective_ranks=(95, 22), class_paired=True
Epoch [47/100] | Loss: 6.5714 (Cls: 6.5617, TAL: -0.0433, Adv: 0.1868, OT-Reg: 0.001250) | OT inner objective: 0.0589 | Marginal residual row/col/max: 1.51e-07/1.06e-08/1.51e-07 | Train Acc: 0.0833 | Val Acc: 0.0769 | Val P/R/F1 (Macro): 0.0222/0.0667/0.0333 | LR: 0.000001
Epoch [48/100] | SVD update #48: pairs=96, sweeps=3, converged=False, rel_change=4.716e+00, effective_ranks=(95, 20), class_paired=True
Epoch [48/100] | Loss: 6.8414 (Cls: 6.8228, TAL: 0.0140, Adv: 0.2118, OT-Reg: 0.001024) | OT inner objective: 0.0094 | Marginal residual row/col/max: 6.67e-06/1.61e-08/6.67e-06 | Train Acc: 0.1146 | Val Acc: 0.2308 | Val P/R/F1 (Macro): 0.1852/0.2083/0.1632 | LR: 0.000001
Epoch [49/100] | SVD update #49: pairs=96, sweeps=3, converged=False, rel_change=5.118e-01, effective_ranks=(95, 24), class_paired=True
Epoch [49/100] | Loss: 6.6957 (Cls: 6.6839, TAL: -0.0548, Adv: 0.2292, OT-Reg: 0.001189) | OT inner objective: 0.0769 | Marginal residual row/col/max: 6.33e-08/9.93e-09/6.33e-08 | Train Acc: 0.0104 | Val Acc: 0.0385 | Val P/R/F1 (Macro): 0.0128/0.0333/0.0185 | LR: 0.000001
Epoch [50/100] | SVD update #50: pairs=96, sweeps=3, converged=False, rel_change=5.244e-01, effective_ranks=(95, 25), class_paired=True
Epoch [50/100] | Loss: 6.4230 (Cls: 6.3999, TAL: 0.1001, Adv: 0.1388, OT-Reg: 0.000977) | OT inner objective: 0.0904 | Marginal residual row/col/max: 1.38e-07/1.49e-08/1.39e-07 | Train Acc: 0.1354 | Val Acc: 0.1154 | Val P/R/F1 (Macro): 0.1786/0.1167/0.1287 | LR: 0.000001
Epoch [51/100] | SVD update #51: pairs=96, sweeps=3, converged=False, rel_change=2.433e+00, effective_ranks=(95, 19), class_paired=True
Epoch [51/100] | Loss: 6.3520 (Cls: 6.3474, TAL: -0.0707, Adv: 0.1639, OT-Reg: 0.001127) | OT inner objective: 0.0957 | Marginal residual row/col/max: 2.42e-08/1.24e-08/2.42e-08 | Train Acc: 0.0729 | Val Acc: 0.1923 | Val P/R/F1 (Macro): 0.0972/0.1542/0.0938 | LR: 0.000001
Epoch [52/100] | SVD update #52: pairs=96, sweeps=3, converged=False, rel_change=5.230e-01, effective_ranks=(95, 28), class_paired=True
Epoch [52/100] | Loss: 6.4502 (Cls: 6.4263, TAL: 0.0852, Adv: 0.1713, OT-Reg: 0.001011) | OT inner objective: 0.2128 | Marginal residual row/col/max: 1.74e-08/2.17e-08/2.30e-08 | Train Acc: 0.1667 | Val Acc: 0.1923 | Val P/R/F1 (Macro): 0.2923/0.2125/0.2053 | LR: 0.000001
Epoch [53/100] | SVD update #53: pairs=96, sweeps=3, converged=False, rel_change=8.352e-01, effective_ranks=(94, 31), class_paired=True
Epoch [53/100] | Loss: 6.3907 (Cls: 6.3930, TAL: -0.1252, Adv: 0.1600, OT-Reg: 0.001105) | OT inner objective: 0.1355 | Marginal residual row/col/max: 1.06e-08/1.37e-08/1.49e-08 | Train Acc: 0.1250 | Val Acc: 0.0769 | Val P/R/F1 (Macro): 0.0238/0.0667/0.0351 | LR: 0.000001
Epoch [54/100] | SVD update #54: pairs=96, sweeps=3, converged=False, rel_change=3.385e-01, effective_ranks=(95, 25), class_paired=True
Epoch [54/100] | Loss: 6.2651 (Cls: 6.2473, TAL: -0.0003, Adv: 0.2233, OT-Reg: 0.001214) | OT inner objective: 0.1133 | Marginal residual row/col/max: 1.12e-08/1.06e-08/1.18e-08 | Train Acc: 0.1667 | Val Acc: 0.3462 | Val P/R/F1 (Macro): 0.1853/0.2250/0.1989 | LR: 0.000001
Epoch [55/100] | SVD update #55: pairs=96, sweeps=3, converged=False, rel_change=4.351e-01, effective_ranks=(95, 26), class_paired=True
Epoch [55/100] | Loss: 6.5921 (Cls: 6.5947, TAL: -0.1555, Adv: 0.2004, OT-Reg: 0.001047) | OT inner objective: 0.0983 | Marginal residual row/col/max: 8.13e-08/1.30e-08/8.51e-08 | Train Acc: 0.1562 | Val Acc: 0.0769 | Val P/R/F1 (Macro): 0.1833/0.1167/0.1333 | LR: 0.000001
Epoch [56/100] | SVD update #56: pairs=96, sweeps=3, converged=False, rel_change=2.861e-01, effective_ranks=(95, 21), class_paired=True
Epoch [56/100] | Loss: 6.3919 (Cls: 6.3690, TAL: 0.0431, Adv: 0.2212, OT-Reg: 0.001165) | OT inner objective: 0.1704 | Marginal residual row/col/max: 1.06e-08/1.24e-08/1.24e-08 | Train Acc: 0.2812 | Val Acc: 0.2308 | Val P/R/F1 (Macro): 0.2083/0.1875/0.1037 | LR: 0.000001
Epoch [57/100] | SVD update #57: pairs=96, sweeps=3, converged=False, rel_change=3.678e-01, effective_ranks=(95, 31), class_paired=True
Epoch [57/100] | Loss: 6.7903 (Cls: 6.7872, TAL: -0.0944, Adv: 0.1802, OT-Reg: 0.001212) | OT inner objective: 0.1478 | Marginal residual row/col/max: 1.12e-08/1.30e-08/1.30e-08 | Train Acc: 0.2083 | Val Acc: 0.1538 | Val P/R/F1 (Macro): 0.0417/0.1667/0.0667 | LR: 0.000001
Epoch [58/100] | SVD update #58: pairs=96, sweeps=3, converged=False, rel_change=1.227e+00, effective_ranks=(95, 24), class_paired=True
Epoch [58/100] | Loss: 6.6541 (Cls: 6.6529, TAL: -0.1064, Adv: 0.1740, OT-Reg: 0.001137) | OT inner objective: 0.1478 | Marginal residual row/col/max: 8.16e-06/1.18e-08/8.17e-06 | Train Acc: 0.1250 | Val Acc: 0.1154 | Val P/R/F1 (Macro): 0.1000/0.2000/0.1333 | LR: 0.000001
Epoch [59/100] | SVD update #59: pairs=96, sweeps=3, converged=False, rel_change=1.519e-01, effective_ranks=(95, 26), class_paired=True
Epoch [59/100] | Loss: 6.3532 (Cls: 6.3329, TAL: 0.0460, Adv: 0.1850, OT-Reg: 0.001245) | OT inner objective: 0.1674 | Marginal residual row/col/max: 9.93e-09/9.31e-09/1.12e-08 | Train Acc: 0.1562 | Val Acc: 0.2308 | Val P/R/F1 (Macro): 0.2167/0.2042/0.1922 | LR: 0.000001
Epoch [60/100] | SVD update #60: pairs=96, sweeps=3, converged=False, rel_change=1.175e-01, effective_ranks=(95, 22), class_paired=True
Epoch [60/100] | Loss: 6.4103 (Cls: 6.4048, TAL: -0.0643, Adv: 0.1650, OT-Reg: 0.001193) | OT inner objective: 0.1771 | Marginal residual row/col/max: 9.93e-09/1.43e-08/1.43e-08 | Train Acc: 0.1771 | Val Acc: 0.3846 | Val P/R/F1 (Macro): 0.2042/0.2917/0.2386 | LR: 0.000001
Epoch [61/100] | SVD update #61: pairs=96, sweeps=3, converged=False, rel_change=3.217e-02, effective_ranks=(95, 24), class_paired=True
Epoch [61/100] | Loss: 6.2723 (Cls: 6.2437, TAL: 0.1228, Adv: 0.1728, OT-Reg: 0.000964) | OT inner objective: 0.1993 | Marginal residual row/col/max: 1.12e-08/2.48e-08/2.48e-08 | Train Acc: 0.2083 | Val Acc: 0.3077 | Val P/R/F1 (Macro): 0.1146/0.1875/0.1389 | LR: 0.000001
Epoch [62/100] | SVD update #62: pairs=96, sweeps=3, converged=False, rel_change=1.421e-01, effective_ranks=(95, 24), class_paired=True
Epoch [62/100] | Loss: 6.3046 (Cls: 6.2780, TAL: 0.0880, Adv: 0.2000, OT-Reg: 0.001111) | OT inner objective: 0.1867 | Marginal residual row/col/max: 1.24e-08/1.61e-08/1.68e-08 | Train Acc: 0.2188 | Val Acc: 0.2692 | Val P/R/F1 (Macro): 0.1000/0.1667/0.1240 | LR: 0.000001
Epoch [63/100] | SVD update #63: pairs=96, sweeps=3, converged=False, rel_change=1.780e-01, effective_ranks=(95, 25), class_paired=True
Epoch [63/100] | Loss: 6.2690 (Cls: 6.2605, TAL: -0.0346, Adv: 0.1574, OT-Reg: 0.001067) | OT inner objective: 0.1412 | Marginal residual row/col/max: 1.49e-08/1.43e-08/1.92e-08 | Train Acc: 0.2292 | Val Acc: 0.2308 | Val P/R/F1 (Macro): 0.0893/0.2083/0.1111 | LR: 0.000001
Epoch [64/100] | SVD update #64: pairs=96, sweeps=3, converged=False, rel_change=3.816e-02, effective_ranks=(95, 22), class_paired=True
Epoch [64/100] | Loss: 6.3824 (Cls: 6.3658, TAL: 0.0504, Adv: 0.1322, OT-Reg: 0.001178) | OT inner objective: 0.2030 | Marginal residual row/col/max: 1.49e-08/1.12e-08/1.49e-08 | Train Acc: 0.1562 | Val Acc: 0.1538 | Val P/R/F1 (Macro): 0.0476/0.1667/0.0741 | LR: 0.000001
Epoch [65/100] | SVD update #65: pairs=96, sweeps=3, converged=False, rel_change=8.730e-02, effective_ranks=(95, 21), class_paired=True
Epoch [65/100] | Loss: 6.4301 (Cls: 6.4038, TAL: 0.1213, Adv: 0.1478, OT-Reg: 0.000875) | OT inner objective: 0.1345 | Marginal residual row/col/max: 1.80e-08/3.73e-08/3.79e-08 | Train Acc: 0.1875 | Val Acc: 0.2692 | Val P/R/F1 (Macro): 0.2454/0.2917/0.2170 | LR: 0.000001
Epoch [66/100] | SVD update #66: pairs=96, sweeps=3, converged=False, rel_change=1.348e-02, effective_ranks=(95, 22), class_paired=True
Epoch [66/100] | Loss: 6.4831 (Cls: 6.4360, TAL: 0.2653, Adv: 0.1908, OT-Reg: 0.001081) | OT inner objective: 0.1683 | Marginal residual row/col/max: 1.68e-07/1.37e-08/1.69e-07 | Train Acc: 0.2500 | Val Acc: 0.3846 | Val P/R/F1 (Macro): 0.2421/0.3000/0.2652 | LR: 0.000001
Epoch [67/100] | SVD update #67: pairs=96, sweeps=3, converged=False, rel_change=3.711e-01, effective_ranks=(95, 25), class_paired=True
Epoch [67/100] | Loss: 6.3624 (Cls: 6.3628, TAL: -0.0923, Adv: 0.1330, OT-Reg: 0.000960) | OT inner objective: 0.1297 | Marginal residual row/col/max: 9.93e-09/2.48e-08/2.48e-08 | Train Acc: 0.1979 | Val Acc: 0.1923 | Val P/R/F1 (Macro): 0.2111/0.1667/0.1691 | LR: 0.000001
Epoch [68/100] | SVD update #68: pairs=96, sweeps=3, converged=False, rel_change=1.764e-01, effective_ranks=(95, 26), class_paired=True
Epoch [68/100] | Loss: 6.1827 (Cls: 6.1811, TAL: -0.0860, Adv: 0.1496, OT-Reg: 0.001036) | OT inner objective: 0.1706 | Marginal residual row/col/max: 1.55e-08/2.11e-08/2.11e-08 | Train Acc: 0.1979 | Val Acc: 0.2692 | Val P/R/F1 (Macro): 0.1361/0.2375/0.1583 | LR: 0.000001
Epoch [69/100] | SVD update #69: pairs=96, sweeps=3, converged=False, rel_change=1.529e-01, effective_ranks=(95, 25), class_paired=True
Epoch [69/100] | Loss: 6.2140 (Cls: 6.1874, TAL: 0.0910, Adv: 0.1960, OT-Reg: 0.000991) | OT inner objective: 0.1338 | Marginal residual row/col/max: 1.24e-08/2.36e-08/2.48e-08 | Train Acc: 0.1667 | Val Acc: 0.1538 | Val P/R/F1 (Macro): 0.2407/0.1792/0.1920 | LR: 0.000001
Epoch [70/100] | SVD update #70: pairs=96, sweeps=3, converged=False, rel_change=1.540e-01, effective_ranks=(95, 21), class_paired=True
Epoch [70/100] | Loss: 6.1506 (Cls: 6.1353, TAL: -0.0060, Adv: 0.1999, OT-Reg: 0.001035) | OT inner objective: 0.1037 | Marginal residual row/col/max: 6.08e-08/2.67e-08/6.95e-08 | Train Acc: 0.2188 | Val Acc: 0.1538 | Val P/R/F1 (Macro): 0.0392/0.0833/0.0533 | LR: 0.000001
Epoch [71/100] | SVD update #71: pairs=96, sweeps=3, converged=False, rel_change=1.410e-01, effective_ranks=(94, 22), class_paired=True
Epoch [71/100] | Loss: 6.1347 (Cls: 6.1440, TAL: -0.1866, Adv: 0.1629, OT-Reg: 0.001056) | OT inner objective: 0.1398 | Marginal residual row/col/max: 1.24e-08/1.61e-08/1.61e-08 | Train Acc: 0.2396 | Val Acc: 0.1923 | Val P/R/F1 (Macro): 0.1247/0.2833/0.1557 | LR: 0.000001
Epoch [72/100] | SVD update #72: pairs=96, sweeps=3, converged=False, rel_change=1.501e-02, effective_ranks=(95, 23), class_paired=True
Epoch [72/100] | Loss: 6.1785 (Cls: 6.1821, TAL: -0.1380, Adv: 0.1621, OT-Reg: 0.001006) | OT inner objective: 0.1466 | Marginal residual row/col/max: 1.99e-08/2.86e-08/2.86e-08 | Train Acc: 0.2396 | Val Acc: 0.0769 | Val P/R/F1 (Macro): 0.0278/0.1667/0.0476 | LR: 0.000001
Epoch [73/100] | SVD update #73: pairs=96, sweeps=3, converged=False, rel_change=7.583e-03, effective_ranks=(95, 24), class_paired=True
Epoch [73/100] | Loss: 6.0970 (Cls: 6.1208, TAL: -0.3072, Adv: 0.1638, OT-Reg: 0.000904) | OT inner objective: 0.1272 | Marginal residual row/col/max: 3.97e-08/3.79e-08/6.46e-08 | Train Acc: 0.2292 | Val Acc: 0.3462 | Val P/R/F1 (Macro): 0.3750/0.4583/0.3587 | LR: 0.000001
Epoch [74/100] | SVD update #74: pairs=96, sweeps=3, converged=False, rel_change=4.327e-01, effective_ranks=(95, 22), class_paired=True
Epoch [74/100] | Loss: 6.2900 (Cls: 6.2608, TAL: 0.1106, Adv: 0.1993, OT-Reg: 0.001074) | OT inner objective: 0.1745 | Marginal residual row/col/max: 1.06e-08/9.31e-09/1.06e-08 | Train Acc: 0.1875 | Val Acc: 0.1923 | Val P/R/F1 (Macro): 0.1111/0.1542/0.0793 | LR: 0.000001
Epoch [75/100] | SVD update #75: pairs=96, sweeps=3, converged=False, rel_change=5.196e-02, effective_ranks=(95, 19), class_paired=True
Epoch [75/100] | Loss: 6.0549 (Cls: 6.0556, TAL: -0.1380, Adv: 0.1983, OT-Reg: 0.000873) | OT inner objective: 0.1020 | Marginal residual row/col/max: 1.86e-08/2.36e-08/2.86e-08 | Train Acc: 0.2292 | Val Acc: 0.1923 | Val P/R/F1 (Macro): 0.0720/0.1667/0.0864 | LR: 0.000001
Epoch [76/100] | SVD update #76: pairs=96, sweeps=3, converged=False, rel_change=3.462e-02, effective_ranks=(95, 20), class_paired=True
Epoch [76/100] | Loss: 6.0127 (Cls: 6.0228, TAL: -0.1838, Adv: 0.1504, OT-Reg: 0.001000) | OT inner objective: 0.1548 | Marginal residual row/col/max: 1.80e-08/2.61e-08/2.61e-08 | Train Acc: 0.1771 | Val Acc: 0.2692 | Val P/R/F1 (Macro): 0.1713/0.2667/0.2002 | LR: 0.000001
Epoch [77/100] | SVD update #77: pairs=96, sweeps=3, converged=False, rel_change=5.445e-02, effective_ranks=(95, 21), class_paired=True
Epoch [77/100] | Loss: 5.9722 (Cls: 5.9749, TAL: -0.1315, Adv: 0.1637, OT-Reg: 0.001108) | OT inner objective: 0.1446 | Marginal residual row/col/max: 1.06e-08/1.37e-08/1.37e-08 | Train Acc: 0.2917 | Val Acc: 0.2692 | Val P/R/F1 (Macro): 0.0917/0.2292/0.1222 | LR: 0.000001
Epoch [78/100] | SVD update #78: pairs=96, sweeps=3, converged=False, rel_change=9.987e-02, effective_ranks=(95, 29), class_paired=True
Epoch [78/100] | Loss: 6.0230 (Cls: 6.0467, TAL: -0.2965, Adv: 0.1485, OT-Reg: 0.000897) | OT inner objective: 0.0641 | Marginal residual row/col/max: 9.31e-08/5.53e-08/1.24e-07 | Train Acc: 0.2396 | Val Acc: 0.1538 | Val P/R/F1 (Macro): 0.0718/0.1583/0.0978 | LR: 0.000001
Epoch [79/100] | SVD update #79: pairs=96, sweeps=3, converged=False, rel_change=4.799e-02, effective_ranks=(95, 26), class_paired=True
Epoch [79/100] | Loss: 5.9916 (Cls: 6.0032, TAL: -0.2247, Adv: 0.1917, OT-Reg: 0.001145) | OT inner objective: 0.0854 | Marginal residual row/col/max: 1.06e-08/1.12e-08/1.18e-08 | Train Acc: 0.1771 | Val Acc: 0.1923 | Val P/R/F1 (Macro): 0.0720/0.2500/0.1068 | LR: 0.000001
Epoch [80/100] | SVD update #80: pairs=96, sweeps=3, converged=False, rel_change=2.041e-01, effective_ranks=(95, 24), class_paired=True
Epoch [80/100] | Loss: 6.3235 (Cls: 6.3184, TAL: -0.0490, Adv: 0.1368, OT-Reg: 0.000986) | OT inner objective: 0.1328 | Marginal residual row/col/max: 1.74e-08/2.24e-08/2.55e-08 | Train Acc: 0.2396 | Val Acc: 0.1923 | Val P/R/F1 (Macro): 0.1615/0.2208/0.1687 | LR: 0.000001
Epoch [81/100] | SVD update #81: pairs=96, sweeps=3, converged=False, rel_change=4.821e-02, effective_ranks=(95, 21), class_paired=True
Epoch [81/100] | Loss: 6.1382 (Cls: 6.1419, TAL: -0.1427, Adv: 0.1676, OT-Reg: 0.000793) | OT inner objective: 0.1321 | Marginal residual row/col/max: 9.19e-08/3.17e-08/1.04e-07 | Train Acc: 0.1771 | Val Acc: 0.2308 | Val P/R/F1 (Macro): 0.5093/0.2958/0.3081 | LR: 0.000001
Epoch [82/100] | SVD update #82: pairs=96, sweeps=3, converged=False, rel_change=3.407e-01, effective_ranks=(95, 34), class_paired=True
Epoch [82/100] | Loss: 5.9246 (Cls: 5.9324, TAL: -0.1584, Adv: 0.1395, OT-Reg: 0.000829) | OT inner objective: 0.1608 | Marginal residual row/col/max: 1.49e-08/4.47e-08/4.47e-08 | Train Acc: 0.2292 | Val Acc: 0.1538 | Val P/R/F1 (Macro): 0.2130/0.2917/0.1778 | LR: 0.000001
Epoch [83/100] | SVD update #83: pairs=96, sweeps=3, converged=False, rel_change=9.914e-02, effective_ranks=(95, 29), class_paired=True
Epoch [83/100] | Loss: 6.1239 (Cls: 6.1041, TAL: 0.0489, Adv: 0.1743, OT-Reg: 0.000991) | OT inner objective: 0.1780 | Marginal residual row/col/max: 1.18e-08/2.61e-08/2.61e-08 | Train Acc: 0.2188 | Val Acc: 0.2308 | Val P/R/F1 (Macro): 0.0984/0.2167/0.1254 | LR: 0.000001
Epoch [84/100] | SVD update #84: pairs=96, sweeps=3, converged=False, rel_change=1.672e-01, effective_ranks=(95, 30), class_paired=True
Epoch [84/100] | Loss: 6.2969 (Cls: 6.2905, TAL: -0.0572, Adv: 0.1658, OT-Reg: 0.001040) | OT inner objective: 0.2159 | Marginal residual row/col/max: 8.69e-09/1.86e-08/1.86e-08 | Train Acc: 0.2083 | Val Acc: 0.1538 | Val P/R/F1 (Macro): 0.1042/0.2500/0.1204 | LR: 0.000001
Epoch [85/100] | SVD update #85: pairs=96, sweeps=3, converged=False, rel_change=4.047e-01, effective_ranks=(95, 23), class_paired=True
Epoch [85/100] | Loss: 6.3888 (Cls: 6.3577, TAL: 0.1349, Adv: 0.1872, OT-Reg: 0.001083) | OT inner objective: 0.0662 | Marginal residual row/col/max: 4.86e-07/1.68e-08/4.86e-07 | Train Acc: 0.1042 | Val Acc: 0.2692 | Val P/R/F1 (Macro): 0.1032/0.1833/0.1320 | LR: 0.000001
Epoch [86/100] | SVD update #86: pairs=96, sweeps=3, converged=False, rel_change=8.164e-03, effective_ranks=(95, 20), class_paired=True
Epoch [86/100] | Loss: 6.4801 (Cls: 6.4564, TAL: 0.0987, Adv: 0.1481, OT-Reg: 0.000956) | OT inner objective: 0.1018 | Marginal residual row/col/max: 1.85e-06/9.93e-09/1.85e-06 | Train Acc: 0.0938 | Val Acc: 0.1538 | Val P/R/F1 (Macro): 0.0929/0.1167/0.0963 | LR: 0.000001
Epoch [87/100] | SVD update #87: pairs=96, sweeps=3, converged=False, rel_change=3.555e-01, effective_ranks=(95, 30), class_paired=True
Epoch [87/100] | Loss: 6.5193 (Cls: 6.4866, TAL: 0.1189, Adv: 0.2314, OT-Reg: 0.001061) | OT inner objective: 0.0612 | Marginal residual row/col/max: 2.37e-07/1.30e-08/2.37e-07 | Train Acc: 0.0729 | Val Acc: 0.1923 | Val P/R/F1 (Macro): 0.0362/0.1042/0.0538 | LR: 0.000001
Epoch [88/100] | SVD update #88: pairs=96, sweeps=3, converged=False, rel_change=7.165e-02, effective_ranks=(95, 20), class_paired=True
Epoch [88/100] | Loss: 6.5588 (Cls: 6.5235, TAL: 0.1599, Adv: 0.2019, OT-Reg: 0.001092) | OT inner objective: 0.1024 | Marginal residual row/col/max: 2.48e-07/1.06e-08/2.48e-07 | Train Acc: 0.0729 | Val Acc: 0.1154 | Val P/R/F1 (Macro): 0.0385/0.1000/0.0556 | LR: 0.000001
Epoch [89/100] | SVD update #89: pairs=96, sweeps=3, converged=False, rel_change=3.106e-01, effective_ranks=(95, 37), class_paired=True
Epoch [89/100] | Loss: 6.2946 (Cls: 6.2449, TAL: 0.2817, Adv: 0.1986, OT-Reg: 0.000851) | OT inner objective: 0.1351 | Marginal residual row/col/max: 2.19e-04/2.79e-08/2.19e-04 | Train Acc: 0.1250 | Val Acc: 0.3846 | Val P/R/F1 (Macro): 0.1282/0.2708/0.1720 | LR: 0.000001
Epoch [90/100] | SVD update #90: pairs=96, sweeps=3, converged=False, rel_change=6.337e-01, effective_ranks=(95, 23), class_paired=True
Epoch [90/100] | Loss: 6.5126 (Cls: 6.5136, TAL: -0.1568, Adv: 0.2225, OT-Reg: 0.001046) | OT inner objective: 0.0991 | Marginal residual row/col/max: 3.48e-08/9.93e-09/3.54e-08 | Train Acc: 0.1458 | Val Acc: 0.3077 | Val P/R/F1 (Macro): 0.2735/0.2625/0.1928 | LR: 0.000001
Epoch [91/100] | SVD update #91: pairs=96, sweeps=3, converged=False, rel_change=1.668e-01, effective_ranks=(95, 24), class_paired=True
Epoch [91/100] | Loss: 6.1906 (Cls: 6.1844, TAL: -0.1111, Adv: 0.2444, OT-Reg: 0.000873) | OT inner objective: 0.0781 | Marginal residual row/col/max: 4.68e-07/1.80e-08/4.68e-07 | Train Acc: 0.1771 | Val Acc: 0.2308 | Val P/R/F1 (Macro): 0.1806/0.2708/0.1803 | LR: 0.000001
Epoch [92/100] | SVD update #92: pairs=96, sweeps=3, converged=False, rel_change=5.146e-01, effective_ranks=(95, 24), class_paired=True
Epoch [92/100] | Loss: 6.2715 (Cls: 6.2727, TAL: -0.1509, Adv: 0.2113, OT-Reg: 0.000897) | OT inner objective: 0.1021 | Marginal residual row/col/max: 3.09e-06/2.98e-08/3.10e-06 | Train Acc: 0.1354 | Val Acc: 0.1154 | Val P/R/F1 (Macro): 0.2238/0.1458/0.1293 | LR: 0.000001
Epoch [93/100] | SVD update #93: pairs=96, sweeps=3, converged=False, rel_change=1.190e-01, effective_ranks=(95, 22), class_paired=True
Epoch [93/100] | Loss: 5.9103 (Cls: 5.8954, TAL: -0.0013, Adv: 0.1889, OT-Reg: 0.000950) | OT inner objective: 0.0501 | Marginal residual row/col/max: 3.14e-07/2.86e-08/3.25e-07 | Train Acc: 0.2292 | Val Acc: 0.3462 | Val P/R/F1 (Macro): 0.2963/0.3458/0.3160 | LR: 0.000001
Epoch [94/100] | SVD update #94: pairs=96, sweeps=3, converged=False, rel_change=1.802e-02, effective_ranks=(95, 26), class_paired=True
Epoch [94/100] | Loss: 5.8534 (Cls: 5.8498, TAL: -0.1303, Adv: 0.2408, OT-Reg: 0.000903) | OT inner objective: 0.0187 | Marginal residual row/col/max: 7.33e-07/3.54e-08/7.33e-07 | Train Acc: 0.2500 | Val Acc: 0.1154 | Val P/R/F1 (Macro): 0.0648/0.1250/0.0809 | LR: 0.000001
Epoch [95/100] | SVD update #95: pairs=96, sweeps=3, converged=False, rel_change=2.993e-01, effective_ranks=(95, 31), class_paired=True
Epoch [95/100] | Loss: 6.1361 (Cls: 6.1644, TAL: -0.3410, Adv: 0.1586, OT-Reg: 0.000866) | OT inner objective: -0.0498 | Marginal residual row/col/max: 1.02e-06/2.05e-08/1.02e-06 | Train Acc: 0.3333 | Val Acc: 0.1154 | Val P/R/F1 (Macro): 0.1435/0.1375/0.1057 | LR: 0.000001
Epoch [96/100] | SVD update #96: pairs=96, sweeps=3, converged=False, rel_change=1.979e-01, effective_ranks=(94, 23), class_paired=True
Epoch [96/100] | Loss: 6.0831 (Cls: 6.0949, TAL: -0.2029, Adv: 0.1562, OT-Reg: 0.001046) | OT inner objective: 0.1138 | Marginal residual row/col/max: 6.46e-08/1.55e-08/6.58e-08 | Train Acc: 0.2396 | Val Acc: 0.1538 | Val P/R/F1 (Macro): 0.1500/0.1083/0.1222 | LR: 0.000001
Epoch [97/100] | SVD update #97: pairs=96, sweeps=3, converged=False, rel_change=2.135e-01, effective_ranks=(95, 21), class_paired=True
Epoch [97/100] | Loss: 6.2884 (Cls: 6.2666, TAL: 0.0692, Adv: 0.1686, OT-Reg: 0.001107) | OT inner objective: 0.2074 | Marginal residual row/col/max: 1.24e-08/1.37e-08/1.43e-08 | Train Acc: 0.2396 | Val Acc: 0.1923 | Val P/R/F1 (Macro): 0.2454/0.2208/0.1878 | LR: 0.000001
Epoch [98/100] | SVD update #98: pairs=96, sweeps=3, converged=False, rel_change=1.439e-01, effective_ranks=(95, 23), class_paired=True
Epoch [98/100] | Loss: 6.1047 (Cls: 6.0968, TAL: -0.0550, Adv: 0.1816, OT-Reg: 0.001188) | OT inner objective: 0.1027 | Marginal residual row/col/max: 1.49e-08/1.18e-08/1.55e-08 | Train Acc: 0.2708 | Val Acc: 0.1154 | Val P/R/F1 (Macro): 0.1157/0.1458/0.0828 | LR: 0.000001
Epoch [99/100] | SVD update #99: pairs=96, sweeps=3, converged=False, rel_change=4.203e-01, effective_ranks=(95, 35), class_paired=True
Epoch [99/100] | Loss: 6.5245 (Cls: 6.5067, TAL: 0.0178, Adv: 0.1954, OT-Reg: 0.001100) | OT inner objective: 0.2124 | Marginal residual row/col/max: 1.06e-08/1.49e-08/1.61e-08 | Train Acc: 0.2604 | Val Acc: 0.1538 | Val P/R/F1 (Macro): 0.0267/0.1667/0.0460 | LR: 0.000001
Epoch [100/100] | SVD update #100: pairs=96, sweeps=3, converged=False, rel_change=1.854e-01, effective_ranks=(95, 27), class_paired=True
Epoch [100/100] | Loss: 6.0122 (Cls: 6.0113, TAL: -0.1392, Adv: 0.2205, OT-Reg: 0.001072) | OT inner objective: 0.0942 | Marginal residual row/col/max: 1.99e-08/2.17e-08/2.30e-08 | Train Acc: 0.1875 | Val Acc: 0.1923 | Val P/R/F1 (Macro): 0.0720/0.1875/0.0791 | LR: 0.000001
Report strategy: last_window, window=10, reported_acc=0.1731, best_acc=0.3846

迭代 4 报告指标:
  Accuracy: 0.1731
  Precision (Macro): 0.1519
  Recall (Macro): 0.1854
  F1 (Macro): 0.1330
  Precision (Micro): 0.1731
  Recall (Micro): 0.1731
  F1 (Micro): 0.1731
  Val class coverage: 6/14 (0.4286), samples=26

================================================================================
迭代 5/5
随机种子: 46
================================================================================
Training mode: full target-label supervision (class-paired batches).
Feature fusion: Tensor alignment (512+512 -> 64+64); fused_dim=128
Domain adaptation: Neural OT generator with 3-domain discriminator
Loss weights: tensor=0.12, adv=0.08
Transport: mode=sinkhorn, epsilon=0.1, Sinkhorn iterations=50, correction scale=0.1, correction regularization weight=0.001
Tensor projection update: once per epoch from the complete target-training pairing bank; projection_dim=64, max_sweeps=3, relative singular-value tolerance=0.0001
Epoch [1/100] | SVD update #1: pairs=96, sweeps=3, converged=True, rel_change=8.002e-05, effective_ranks=(95, 85), class_paired=True
Epoch [1/100] | Loss: 8.8825 (Cls: 8.8438, TAL: 0.1820, Adv: 0.2102, OT-Reg: 0.001240) | OT inner objective: 0.2783 | Marginal residual row/col/max: 1.43e-08/1.99e-08/1.99e-08 | Train Acc: 0.1458 | Val Acc: 0.2308 | Val P/R/F1 (Macro): 0.2778/0.3000/0.2685 | LR: 0.000005
  >>> New Best Val Acc: 0.2308
Epoch [2/100] | SVD update #2: pairs=96, sweeps=3, converged=True, rel_change=1.616e-05, effective_ranks=(95, 86), class_paired=True
Epoch [2/100] | Loss: 8.2816 (Cls: 8.2547, TAL: 0.0835, Adv: 0.2110, OT-Reg: 0.001244) | OT inner objective: 0.2907 | Marginal residual row/col/max: 9.31e-09/1.18e-08/1.18e-08 | Train Acc: 0.1250 | Val Acc: 0.1923 | Val P/R/F1 (Macro): 0.2000/0.2167/0.2076 | LR: 0.000005
Epoch [3/100] | SVD update #3: pairs=96, sweeps=3, converged=False, rel_change=3.511e-03, effective_ranks=(95, 76), class_paired=True
Epoch [3/100] | Loss: 8.7787 (Cls: 8.7671, TAL: -0.0535, Adv: 0.2260, OT-Reg: 0.001211) | OT inner objective: 0.2687 | Marginal residual row/col/max: 9.93e-09/1.30e-08/1.30e-08 | Train Acc: 0.1354 | Val Acc: 0.1538 | Val P/R/F1 (Macro): 0.0738/0.1458/0.0926 | LR: 0.000005
Epoch [4/100] | SVD update #4: pairs=96, sweeps=3, converged=False, rel_change=3.383e-02, effective_ranks=(95, 47), class_paired=True
Epoch [4/100] | Loss: 7.5265 (Cls: 7.5178, TAL: -0.0687, Adv: 0.2121, OT-Reg: 0.001284) | OT inner objective: 0.2822 | Marginal residual row/col/max: 1.37e-08/1.24e-08/1.43e-08 | Train Acc: 0.1562 | Val Acc: 0.2692 | Val P/R/F1 (Macro): 0.1673/0.3500/0.2051 | LR: 0.000005
  >>> New Best Val Acc: 0.2692
Epoch [5/100] | SVD update #5: pairs=96, sweeps=3, converged=False, rel_change=2.550e-01, effective_ranks=(95, 51), class_paired=True
Epoch [5/100] | Loss: 7.7621 (Cls: 7.7409, TAL: 0.0279, Adv: 0.2231, OT-Reg: 0.001272) | OT inner objective: 0.2619 | Marginal residual row/col/max: 8.69e-09/1.37e-08/1.37e-08 | Train Acc: 0.2188 | Val Acc: 0.3077 | Val P/R/F1 (Macro): 0.0580/0.1667/0.0860 | LR: 0.000005
  >>> New Best Val Acc: 0.3077
Epoch [6/100] | SVD update #6: pairs=96, sweeps=3, converged=False, rel_change=4.813e-02, effective_ranks=(95, 67), class_paired=True
Epoch [6/100] | Loss: 7.5456 (Cls: 7.5236, TAL: 0.0430, Adv: 0.2104, OT-Reg: 0.001318) | OT inner objective: 0.2581 | Marginal residual row/col/max: 1.12e-08/1.06e-08/1.24e-08 | Train Acc: 0.2292 | Val Acc: 0.2692 | Val P/R/F1 (Macro): 0.3013/0.2583/0.2407 | LR: 0.000005
Epoch [7/100] | SVD update #7: pairs=96, sweeps=3, converged=False, rel_change=1.084e-01, effective_ranks=(95, 47), class_paired=True
Epoch [7/100] | Loss: 6.8866 (Cls: 6.8820, TAL: -0.0909, Adv: 0.1932, OT-Reg: 0.001300) | OT inner objective: 0.2277 | Marginal residual row/col/max: 1.24e-08/1.18e-08/1.30e-08 | Train Acc: 0.2188 | Val Acc: 0.1923 | Val P/R/F1 (Macro): 0.1204/0.1667/0.1056 | LR: 0.000005
Epoch [8/100] | SVD update #8: pairs=96, sweeps=3, converged=False, rel_change=1.596e-01, effective_ranks=(95, 48), class_paired=True
Epoch [8/100] | Loss: 7.2530 (Cls: 7.2461, TAL: -0.0690, Adv: 0.1905, OT-Reg: 0.001236) | OT inner objective: 0.2654 | Marginal residual row/col/max: 1.12e-08/9.93e-09/1.24e-08 | Train Acc: 0.1562 | Val Acc: 0.1923 | Val P/R/F1 (Macro): 0.0979/0.2000/0.1303 | LR: 0.000005
Epoch [9/100] | SVD update #9: pairs=96, sweeps=3, converged=False, rel_change=1.899e-01, effective_ranks=(95, 49), class_paired=True
Epoch [9/100] | Loss: 7.1304 (Cls: 7.1254, TAL: -0.0740, Adv: 0.1745, OT-Reg: 0.001267) | OT inner objective: 0.2483 | Marginal residual row/col/max: 1.06e-08/1.43e-08/1.49e-08 | Train Acc: 0.2500 | Val Acc: 0.1154 | Val P/R/F1 (Macro): 0.0595/0.2500/0.0949 | LR: 0.000005
Epoch [10/100] | SVD update #10: pairs=96, sweeps=3, converged=False, rel_change=2.961e-01, effective_ranks=(95, 63), class_paired=True
Epoch [10/100] | Loss: 6.9025 (Cls: 6.8797, TAL: 0.0834, Adv: 0.1595, OT-Reg: 0.001235) | OT inner objective: 0.2669 | Marginal residual row/col/max: 8.07e-09/1.24e-08/1.24e-08 | Train Acc: 0.1875 | Val Acc: 0.0769 | Val P/R/F1 (Macro): 0.0159/0.1667/0.0290 | LR: 0.000005
Epoch [11/100] | SVD update #11: pairs=96, sweeps=3, converged=False, rel_change=4.563e-01, effective_ranks=(95, 46), class_paired=True
Epoch [11/100] | Loss: 7.1779 (Cls: 7.1648, TAL: -0.0260, Adv: 0.2015, OT-Reg: 0.001336) | OT inner objective: 0.2300 | Marginal residual row/col/max: 1.24e-08/1.12e-08/1.24e-08 | Train Acc: 0.1771 | Val Acc: 0.1538 | Val P/R/F1 (Macro): 0.2444/0.1708/0.1233 | LR: 0.000005
Epoch [12/100] | SVD update #12: pairs=96, sweeps=3, converged=False, rel_change=1.596e-01, effective_ranks=(95, 43), class_paired=True
Epoch [12/100] | Loss: 7.2409 (Cls: 7.2189, TAL: 0.0785, Adv: 0.1570, OT-Reg: 0.001187) | OT inner objective: 0.2641 | Marginal residual row/col/max: 1.12e-08/1.43e-08/1.43e-08 | Train Acc: 0.1875 | Val Acc: 0.2308 | Val P/R/F1 (Macro): 0.2440/0.3125/0.2232 | LR: 0.000005
Epoch [13/100] | SVD update #13: pairs=96, sweeps=3, converged=False, rel_change=7.867e-02, effective_ranks=(95, 38), class_paired=True
Epoch [13/100] | Loss: 7.4203 (Cls: 7.4169, TAL: -0.1148, Adv: 0.2153, OT-Reg: 0.001386) | OT inner objective: 0.2119 | Marginal residual row/col/max: 1.18e-08/1.06e-08/1.24e-08 | Train Acc: 0.1562 | Val Acc: 0.1538 | Val P/R/F1 (Macro): 0.2303/0.1667/0.1494 | LR: 0.000005
Epoch [14/100] | SVD update #14: pairs=96, sweeps=3, converged=False, rel_change=2.852e-01, effective_ranks=(95, 43), class_paired=True
Epoch [14/100] | Loss: 7.1078 (Cls: 7.1079, TAL: -0.1220, Adv: 0.1823, OT-Reg: 0.001291) | OT inner objective: 0.2524 | Marginal residual row/col/max: 8.69e-09/1.24e-08/1.24e-08 | Train Acc: 0.1250 | Val Acc: 0.1538 | Val P/R/F1 (Macro): 0.1167/0.2083/0.1111 | LR: 0.000005
Epoch [15/100] | SVD update #15: pairs=96, sweeps=3, converged=False, rel_change=6.740e-02, effective_ranks=(95, 36), class_paired=True
Epoch [15/100] | Loss: 6.9202 (Cls: 6.9020, TAL: 0.0376, Adv: 0.1715, OT-Reg: 0.001285) | OT inner objective: 0.2514 | Marginal residual row/col/max: 1.06e-08/1.18e-08/1.18e-08 | Train Acc: 0.1771 | Val Acc: 0.0385 | Val P/R/F1 (Macro): 0.0556/0.0833/0.0667 | LR: 0.000005
Epoch [16/100] | SVD update #16: pairs=96, sweeps=3, converged=False, rel_change=6.076e-01, effective_ranks=(95, 32), class_paired=True
Epoch [16/100] | Loss: 6.6368 (Cls: 6.6302, TAL: -0.0767, Adv: 0.1973, OT-Reg: 0.001202) | OT inner objective: 0.2833 | Marginal residual row/col/max: 1.24e-08/1.68e-08/1.68e-08 | Train Acc: 0.1979 | Val Acc: 0.0000 | Val P/R/F1 (Macro): 0.0000/0.0000/0.0000 | LR: 0.000003
Epoch [17/100] | SVD update #17: pairs=96, sweeps=3, converged=False, rel_change=1.491e-01, effective_ranks=(95, 40), class_paired=True
Epoch [17/100] | Loss: 6.9413 (Cls: 6.9421, TAL: -0.1106, Adv: 0.1557, OT-Reg: 0.001295) | OT inner objective: 0.2682 | Marginal residual row/col/max: 1.12e-08/1.24e-08/1.24e-08 | Train Acc: 0.1875 | Val Acc: 0.1154 | Val P/R/F1 (Macro): 0.0722/0.1500/0.0831 | LR: 0.000003
Epoch [18/100] | SVD update #18: pairs=96, sweeps=3, converged=False, rel_change=5.304e-01, effective_ranks=(95, 65), class_paired=True
Epoch [18/100] | Loss: 6.6908 (Cls: 6.6859, TAL: -0.0724, Adv: 0.1693, OT-Reg: 0.001365) | OT inner objective: 0.2850 | Marginal residual row/col/max: 1.24e-08/1.55e-08/1.55e-08 | Train Acc: 0.2396 | Val Acc: 0.3077 | Val P/R/F1 (Macro): 0.3175/0.3833/0.2762 | LR: 0.000003
Epoch [19/100] | SVD update #19: pairs=96, sweeps=3, converged=False, rel_change=6.996e-01, effective_ranks=(95, 40), class_paired=True
Epoch [19/100] | Loss: 7.1793 (Cls: 7.1802, TAL: -0.1283, Adv: 0.1807, OT-Reg: 0.001168) | OT inner objective: 0.2833 | Marginal residual row/col/max: 9.93e-09/1.49e-08/1.49e-08 | Train Acc: 0.1562 | Val Acc: 0.0385 | Val P/R/F1 (Macro): 0.0128/0.0333/0.0185 | LR: 0.000003
Epoch [20/100] | SVD update #20: pairs=96, sweeps=3, converged=False, rel_change=3.509e-01, effective_ranks=(95, 56), class_paired=True
Epoch [20/100] | Loss: 6.8235 (Cls: 6.7917, TAL: 0.1660, Adv: 0.1488, OT-Reg: 0.001260) | OT inner objective: 0.2864 | Marginal residual row/col/max: 8.69e-09/8.69e-09/9.93e-09 | Train Acc: 0.1458 | Val Acc: 0.1923 | Val P/R/F1 (Macro): 0.0379/0.1667/0.0617 | LR: 0.000003
Epoch [21/100] | SVD update #21: pairs=96, sweeps=3, converged=False, rel_change=5.223e-02, effective_ranks=(95, 58), class_paired=True
Epoch [21/100] | Loss: 6.8762 (Cls: 6.8460, TAL: 0.1330, Adv: 0.1775, OT-Reg: 0.001387) | OT inner objective: 0.2903 | Marginal residual row/col/max: 1.06e-08/1.12e-08/1.24e-08 | Train Acc: 0.1146 | Val Acc: 0.1923 | Val P/R/F1 (Macro): 0.0379/0.1667/0.0617 | LR: 0.000003
Epoch [22/100] | SVD update #22: pairs=96, sweeps=3, converged=False, rel_change=2.484e-01, effective_ranks=(95, 55), class_paired=True
Epoch [22/100] | Loss: 6.8090 (Cls: 6.7897, TAL: 0.0166, Adv: 0.2171, OT-Reg: 0.001249) | OT inner objective: 0.2626 | Marginal residual row/col/max: 9.93e-09/1.37e-08/1.37e-08 | Train Acc: 0.1458 | Val Acc: 0.0385 | Val P/R/F1 (Macro): 0.0076/0.0333/0.0123 | LR: 0.000003
Epoch [23/100] | SVD update #23: pairs=96, sweeps=3, converged=False, rel_change=1.262e+00, effective_ranks=(95, 42), class_paired=True
Epoch [23/100] | Loss: 7.0376 (Cls: 6.9982, TAL: 0.2053, Adv: 0.1844, OT-Reg: 0.001172) | OT inner objective: 0.2856 | Marginal residual row/col/max: 9.93e-09/1.86e-08/1.86e-08 | Train Acc: 0.1250 | Val Acc: 0.1538 | Val P/R/F1 (Macro): 0.0750/0.1417/0.0959 | LR: 0.000003
Epoch [24/100] | SVD update #24: pairs=96, sweeps=3, converged=False, rel_change=9.403e-02, effective_ranks=(95, 64), class_paired=True
Epoch [24/100] | Loss: 6.9022 (Cls: 6.8608, TAL: 0.2191, Adv: 0.1888, OT-Reg: 0.001338) | OT inner objective: 0.2792 | Marginal residual row/col/max: 9.93e-09/1.92e-08/1.92e-08 | Train Acc: 0.2188 | Val Acc: 0.2308 | Val P/R/F1 (Macro): 0.2028/0.3083/0.1979 | LR: 0.000003
Epoch [25/100] | SVD update #25: pairs=96, sweeps=3, converged=False, rel_change=4.173e-01, effective_ranks=(95, 46), class_paired=True
Epoch [25/100] | Loss: 6.8410 (Cls: 6.8451, TAL: -0.1487, Adv: 0.1721, OT-Reg: 0.001310) | OT inner objective: 0.2603 | Marginal residual row/col/max: 9.93e-09/1.06e-08/1.12e-08 | Train Acc: 0.2292 | Val Acc: 0.1923 | Val P/R/F1 (Macro): 0.0321/0.1667/0.0538 | LR: 0.000003
Epoch [26/100] | SVD update #26: pairs=96, sweeps=3, converged=False, rel_change=3.092e-01, effective_ranks=(95, 49), class_paired=True
Epoch [26/100] | Loss: 6.8964 (Cls: 6.8558, TAL: 0.2352, Adv: 0.1546, OT-Reg: 0.001239) | OT inner objective: 0.2814 | Marginal residual row/col/max: 8.07e-09/1.74e-08/1.74e-08 | Train Acc: 0.2083 | Val Acc: 0.1538 | Val P/R/F1 (Macro): 0.3485/0.2833/0.1944 | LR: 0.000003
Epoch [27/100] | SVD update #27: pairs=96, sweeps=3, converged=False, rel_change=2.034e-01, effective_ranks=(95, 37), class_paired=True
Epoch [27/100] | Loss: 6.8913 (Cls: 6.8837, TAL: -0.0711, Adv: 0.2020, OT-Reg: 0.001253) | OT inner objective: 0.2389 | Marginal residual row/col/max: 1.06e-08/1.18e-08/1.18e-08 | Train Acc: 0.1562 | Val Acc: 0.2308 | Val P/R/F1 (Macro): 0.3113/0.2375/0.2367 | LR: 0.000001
Epoch [28/100] | SVD update #28: pairs=96, sweeps=3, converged=False, rel_change=4.915e-01, effective_ranks=(95, 42), class_paired=True
Epoch [28/100] | Loss: 6.8803 (Cls: 6.8664, TAL: 0.0081, Adv: 0.1617, OT-Reg: 0.001154) | OT inner objective: 0.2659 | Marginal residual row/col/max: 1.12e-08/1.18e-08/1.18e-08 | Train Acc: 0.1250 | Val Acc: 0.1538 | Val P/R/F1 (Macro): 0.0741/0.1333/0.0952 | LR: 0.000001
Epoch [29/100] | SVD update #29: pairs=96, sweeps=3, converged=False, rel_change=1.051e-01, effective_ranks=(95, 42), class_paired=True
Epoch [29/100] | Loss: 6.9374 (Cls: 6.9148, TAL: 0.0796, Adv: 0.1632, OT-Reg: 0.001176) | OT inner objective: 0.2710 | Marginal residual row/col/max: 1.18e-08/1.18e-08/1.24e-08 | Train Acc: 0.1875 | Val Acc: 0.1538 | Val P/R/F1 (Macro): 0.0750/0.1208/0.0778 | LR: 0.000001
Epoch [30/100] | SVD update #30: pairs=96, sweeps=3, converged=False, rel_change=5.293e-02, effective_ranks=(95, 43), class_paired=True
Epoch [30/100] | Loss: 6.8971 (Cls: 6.8814, TAL: 0.0203, Adv: 0.1661, OT-Reg: 0.001271) | OT inner objective: 0.2557 | Marginal residual row/col/max: 9.31e-09/9.93e-09/9.93e-09 | Train Acc: 0.1458 | Val Acc: 0.0769 | Val P/R/F1 (Macro): 0.0278/0.1667/0.0476 | LR: 0.000001
Epoch [31/100] | SVD update #31: pairs=96, sweeps=3, converged=False, rel_change=5.403e-01, effective_ranks=(95, 42), class_paired=True
Epoch [31/100] | Loss: 6.9262 (Cls: 6.9138, TAL: -0.0095, Adv: 0.1696, OT-Reg: 0.001172) | OT inner objective: 0.2626 | Marginal residual row/col/max: 1.18e-08/2.24e-08/2.24e-08 | Train Acc: 0.1146 | Val Acc: 0.0385 | Val P/R/F1 (Macro): 0.0208/0.0333/0.0256 | LR: 0.000001
Epoch [32/100] | SVD update #32: pairs=96, sweeps=3, converged=False, rel_change=1.368e-01, effective_ranks=(95, 39), class_paired=True
Epoch [32/100] | Loss: 6.8730 (Cls: 6.8704, TAL: -0.0741, Adv: 0.1430, OT-Reg: 0.001187) | OT inner objective: 0.2718 | Marginal residual row/col/max: 9.93e-09/1.92e-08/1.92e-08 | Train Acc: 0.1562 | Val Acc: 0.3077 | Val P/R/F1 (Macro): 0.2060/0.3667/0.2352 | LR: 0.000001
Epoch [33/100] | SVD update #33: pairs=96, sweeps=3, converged=False, rel_change=6.879e-01, effective_ranks=(95, 57), class_paired=True
Epoch [33/100] | Loss: 6.9628 (Cls: 6.9628, TAL: -0.0954, Adv: 0.1437, OT-Reg: 0.001323) | OT inner objective: 0.2236 | Marginal residual row/col/max: 1.12e-08/1.37e-08/1.37e-08 | Train Acc: 0.1458 | Val Acc: 0.2308 | Val P/R/F1 (Macro): 0.0854/0.2500/0.1270 | LR: 0.000001
Epoch [34/100] | SVD update #34: pairs=96, sweeps=3, converged=False, rel_change=5.954e-01, effective_ranks=(95, 31), class_paired=True
Epoch [34/100] | Loss: 6.5502 (Cls: 6.5193, TAL: 0.1268, Adv: 0.1960, OT-Reg: 0.001181) | OT inner objective: 0.2699 | Marginal residual row/col/max: 9.93e-09/2.11e-08/2.11e-08 | Train Acc: 0.2708 | Val Acc: 0.2692 | Val P/R/F1 (Macro): 0.2851/0.2583/0.2056 | LR: 0.000001
Epoch [35/100] | SVD update #35: pairs=96, sweeps=3, converged=False, rel_change=1.335e-01, effective_ranks=(95, 40), class_paired=True
Epoch [35/100] | Loss: 6.9706 (Cls: 6.9703, TAL: -0.0920, Adv: 0.1422, OT-Reg: 0.001430) | OT inner objective: 0.2250 | Marginal residual row/col/max: 8.07e-09/1.12e-08/1.12e-08 | Train Acc: 0.1875 | Val Acc: 0.1538 | Val P/R/F1 (Macro): 0.0303/0.1667/0.0513 | LR: 0.000001
Epoch [36/100] | SVD update #36: pairs=96, sweeps=3, converged=False, rel_change=6.596e-01, effective_ranks=(95, 49), class_paired=True
Epoch [36/100] | Loss: 6.7945 (Cls: 6.8018, TAL: -0.1550, Adv: 0.1410, OT-Reg: 0.001347) | OT inner objective: 0.2630 | Marginal residual row/col/max: 1.06e-08/1.37e-08/1.37e-08 | Train Acc: 0.2188 | Val Acc: 0.3462 | Val P/R/F1 (Macro): 0.2375/0.3250/0.2595 | LR: 0.000001
  >>> New Best Val Acc: 0.3462
Epoch [37/100] | SVD update #37: pairs=96, sweeps=3, converged=False, rel_change=2.850e-01, effective_ranks=(95, 42), class_paired=True
Epoch [37/100] | Loss: 6.6528 (Cls: 6.6379, TAL: 0.0292, Adv: 0.1416, OT-Reg: 0.001219) | OT inner objective: 0.2755 | Marginal residual row/col/max: 1.24e-08/1.24e-08/1.49e-08 | Train Acc: 0.1354 | Val Acc: 0.1538 | Val P/R/F1 (Macro): 0.1875/0.2833/0.1680 | LR: 0.000001
Epoch [38/100] | SVD update #38: pairs=96, sweeps=3, converged=False, rel_change=3.101e-01, effective_ranks=(95, 41), class_paired=True
Epoch [38/100] | Loss: 7.1128 (Cls: 7.0742, TAL: 0.1915, Adv: 0.1945, OT-Reg: 0.001292) | OT inner objective: 0.2817 | Marginal residual row/col/max: 9.93e-09/1.24e-08/1.37e-08 | Train Acc: 0.2083 | Val Acc: 0.1923 | Val P/R/F1 (Macro): 0.1439/0.1667/0.1535 | LR: 0.000001
Epoch [39/100] | SVD update #39: pairs=96, sweeps=3, converged=False, rel_change=1.126e+00, effective_ranks=(95, 41), class_paired=True
Epoch [39/100] | Loss: 7.1016 (Cls: 7.0985, TAL: -0.0617, Adv: 0.1309, OT-Reg: 0.001288) | OT inner objective: 0.2496 | Marginal residual row/col/max: 1.12e-08/1.61e-08/1.68e-08 | Train Acc: 0.1354 | Val Acc: 0.1154 | Val P/R/F1 (Macro): 0.0571/0.2500/0.0893 | LR: 0.000001
Epoch [40/100] | SVD update #40: pairs=96, sweeps=3, converged=False, rel_change=4.133e-01, effective_ranks=(95, 35), class_paired=True
Epoch [40/100] | Loss: 6.9427 (Cls: 6.9321, TAL: -0.0174, Adv: 0.1587, OT-Reg: 0.001218) | OT inner objective: 0.2743 | Marginal residual row/col/max: 1.06e-08/9.93e-09/1.12e-08 | Train Acc: 0.1771 | Val Acc: 0.1538 | Val P/R/F1 (Macro): 0.0819/0.0958/0.0787 | LR: 0.000001
Epoch [41/100] | SVD update #41: pairs=96, sweeps=3, converged=False, rel_change=7.647e-01, effective_ranks=(95, 59), class_paired=True
Epoch [41/100] | Loss: 6.9145 (Cls: 6.8909, TAL: 0.1059, Adv: 0.1365, OT-Reg: 0.001354) | OT inner objective: 0.2766 | Marginal residual row/col/max: 1.12e-08/1.06e-08/1.12e-08 | Train Acc: 0.2083 | Val Acc: 0.3077 | Val P/R/F1 (Macro): 0.0852/0.1792/0.1142 | LR: 0.000001
Epoch [42/100] | SVD update #42: pairs=96, sweeps=3, converged=False, rel_change=1.537e-01, effective_ranks=(95, 38), class_paired=True
Epoch [42/100] | Loss: 7.1377 (Cls: 7.1329, TAL: -0.0649, Adv: 0.1573, OT-Reg: 0.001275) | OT inner objective: 0.2709 | Marginal residual row/col/max: 9.93e-09/1.06e-08/1.12e-08 | Train Acc: 0.1875 | Val Acc: 0.0769 | Val P/R/F1 (Macro): 0.1042/0.1042/0.1042 | LR: 0.000001
Epoch [43/100] | SVD update #43: pairs=96, sweeps=3, converged=False, rel_change=3.317e-01, effective_ranks=(95, 46), class_paired=True
Epoch [43/100] | Loss: 6.9935 (Cls: 6.9979, TAL: -0.1376, Adv: 0.1525, OT-Reg: 0.001336) | OT inner objective: 0.2621 | Marginal residual row/col/max: 1.06e-08/1.18e-08/1.18e-08 | Train Acc: 0.1354 | Val Acc: 0.0769 | Val P/R/F1 (Macro): 0.0238/0.0667/0.0351 | LR: 0.000001
Epoch [44/100] | SVD update #44: pairs=96, sweeps=3, converged=False, rel_change=1.186e-01, effective_ranks=(95, 33), class_paired=True
Epoch [44/100] | Loss: 6.7633 (Cls: 6.7376, TAL: 0.0851, Adv: 0.1932, OT-Reg: 0.001240) | OT inner objective: 0.2882 | Marginal residual row/col/max: 1.06e-08/1.12e-08/1.12e-08 | Train Acc: 0.1875 | Val Acc: 0.1923 | Val P/R/F1 (Macro): 0.0880/0.1542/0.1119 | LR: 0.000001
Epoch [45/100] | SVD update #45: pairs=96, sweeps=3, converged=False, rel_change=8.547e-01, effective_ranks=(95, 34), class_paired=True
Epoch [45/100] | Loss: 6.5824 (Cls: 6.5609, TAL: 0.0590, Adv: 0.1803, OT-Reg: 0.001258) | OT inner objective: 0.2695 | Marginal residual row/col/max: 1.18e-08/2.05e-08/2.05e-08 | Train Acc: 0.2083 | Val Acc: 0.2308 | Val P/R/F1 (Macro): 0.1204/0.1750/0.1135 | LR: 0.000001
Epoch [46/100] | SVD update #46: pairs=96, sweeps=3, converged=False, rel_change=6.257e-01, effective_ranks=(95, 34), class_paired=True
Epoch [46/100] | Loss: 6.6825 (Cls: 6.6790, TAL: -0.1076, Adv: 0.2047, OT-Reg: 0.001215) | OT inner objective: 0.2633 | Marginal residual row/col/max: 1.12e-08/1.12e-08/1.24e-08 | Train Acc: 0.1875 | Val Acc: 0.1538 | Val P/R/F1 (Macro): 0.1585/0.2208/0.1130 | LR: 0.000001
Epoch [47/100] | SVD update #47: pairs=96, sweeps=3, converged=False, rel_change=3.532e-01, effective_ranks=(95, 34), class_paired=True
Epoch [47/100] | Loss: 6.7447 (Cls: 6.7463, TAL: -0.1015, Adv: 0.1316, OT-Reg: 0.001257) | OT inner objective: 0.2487 | Marginal residual row/col/max: 9.93e-09/1.18e-08/1.18e-08 | Train Acc: 0.1146 | Val Acc: 0.3077 | Val P/R/F1 (Macro): 0.2063/0.2292/0.1550 | LR: 0.000001
Epoch [48/100] | SVD update #48: pairs=96, sweeps=3, converged=False, rel_change=6.337e-01, effective_ranks=(95, 54), class_paired=True
Epoch [48/100] | Loss: 6.9556 (Cls: 6.9217, TAL: 0.1623, Adv: 0.1810, OT-Reg: 0.001218) | OT inner objective: 0.2699 | Marginal residual row/col/max: 1.12e-08/1.24e-08/1.24e-08 | Train Acc: 0.1042 | Val Acc: 0.1154 | Val P/R/F1 (Macro): 0.0675/0.1167/0.0842 | LR: 0.000001
Epoch [49/100] | SVD update #49: pairs=96, sweeps=3, converged=False, rel_change=2.016e-01, effective_ranks=(95, 36), class_paired=True
Epoch [49/100] | Loss: 6.9038 (Cls: 6.8797, TAL: 0.0867, Adv: 0.1706, OT-Reg: 0.001297) | OT inner objective: 0.2602 | Marginal residual row/col/max: 9.93e-09/1.18e-08/1.30e-08 | Train Acc: 0.1771 | Val Acc: 0.3077 | Val P/R/F1 (Macro): 0.3000/0.2625/0.1880 | LR: 0.000001
Epoch [50/100] | SVD update #50: pairs=96, sweeps=3, converged=False, rel_change=1.621e+00, effective_ranks=(95, 33), class_paired=True
Epoch [50/100] | Loss: 6.6962 (Cls: 6.6623, TAL: 0.1966, Adv: 0.1286, OT-Reg: 0.001216) | OT inner objective: 0.2597 | Marginal residual row/col/max: 9.93e-09/1.55e-08/1.55e-08 | Train Acc: 0.1354 | Val Acc: 0.1923 | Val P/R/F1 (Macro): 0.0694/0.1042/0.0833 | LR: 0.000001
Epoch [51/100] | SVD update #51: pairs=96, sweeps=3, converged=False, rel_change=4.554e-01, effective_ranks=(95, 39), class_paired=True
Epoch [51/100] | Loss: 7.1390 (Cls: 7.1292, TAL: -0.0053, Adv: 0.1311, OT-Reg: 0.001281) | OT inner objective: 0.2577 | Marginal residual row/col/max: 9.31e-09/1.06e-08/1.06e-08 | Train Acc: 0.1875 | Val Acc: 0.2308 | Val P/R/F1 (Macro): 0.1481/0.2000/0.1504 | LR: 0.000001
Epoch [52/100] | SVD update #52: pairs=96, sweeps=3, converged=False, rel_change=4.726e-01, effective_ranks=(95, 35), class_paired=True
Epoch [52/100] | Loss: 6.7256 (Cls: 6.7228, TAL: -0.0655, Adv: 0.1332, OT-Reg: 0.001205) | OT inner objective: 0.2522 | Marginal residual row/col/max: 8.07e-09/1.43e-08/1.43e-08 | Train Acc: 0.1562 | Val Acc: 0.0769 | Val P/R/F1 (Macro): 0.0694/0.1042/0.0694 | LR: 0.000001
Epoch [53/100] | SVD update #53: pairs=96, sweeps=3, converged=False, rel_change=4.675e-01, effective_ranks=(95, 44), class_paired=True
Epoch [53/100] | Loss: 6.6679 (Cls: 6.6370, TAL: 0.1595, Adv: 0.1477, OT-Reg: 0.001278) | OT inner objective: 0.2876 | Marginal residual row/col/max: 1.24e-08/1.49e-08/1.68e-08 | Train Acc: 0.1875 | Val Acc: 0.2692 | Val P/R/F1 (Macro): 0.1625/0.3417/0.1972 | LR: 0.000001
Epoch [54/100] | SVD update #54: pairs=96, sweeps=3, converged=False, rel_change=4.665e-01, effective_ranks=(95, 43), class_paired=True
Epoch [54/100] | Loss: 7.0779 (Cls: 7.0765, TAL: -0.0883, Adv: 0.1496, OT-Reg: 0.001230) | OT inner objective: 0.2488 | Marginal residual row/col/max: 1.12e-08/1.24e-08/1.24e-08 | Train Acc: 0.1562 | Val Acc: 0.1538 | Val P/R/F1 (Macro): 0.0905/0.2083/0.1209 | LR: 0.000001
Epoch [55/100] | SVD update #55: pairs=96, sweeps=3, converged=False, rel_change=1.847e+00, effective_ranks=(95, 28), class_paired=True
Epoch [55/100] | Loss: 6.6988 (Cls: 6.7120, TAL: -0.1907, Adv: 0.1213, OT-Reg: 0.001306) | OT inner objective: 0.2252 | Marginal residual row/col/max: 9.93e-09/1.43e-08/1.43e-08 | Train Acc: 0.2083 | Val Acc: 0.1538 | Val P/R/F1 (Macro): 0.0370/0.1333/0.0580 | LR: 0.000001
Epoch [56/100] | SVD update #56: pairs=96, sweeps=3, converged=False, rel_change=7.090e-01, effective_ranks=(95, 34), class_paired=True
Epoch [56/100] | Loss: 6.6147 (Cls: 6.6194, TAL: -0.1314, Adv: 0.1371, OT-Reg: 0.001298) | OT inner objective: 0.2520 | Marginal residual row/col/max: 1.18e-08/9.93e-09/1.24e-08 | Train Acc: 0.1562 | Val Acc: 0.3462 | Val P/R/F1 (Macro): 0.2222/0.2000/0.1389 | LR: 0.000001
Epoch [57/100] | SVD update #57: pairs=96, sweeps=3, converged=False, rel_change=6.206e-01, effective_ranks=(95, 31), class_paired=True
Epoch [57/100] | Loss: 6.9271 (Cls: 6.9380, TAL: -0.1904, Adv: 0.1494, OT-Reg: 0.001313) | OT inner objective: 0.2084 | Marginal residual row/col/max: 1.12e-08/1.43e-08/1.43e-08 | Train Acc: 0.1667 | Val Acc: 0.0385 | Val P/R/F1 (Macro): 0.0088/0.0833/0.0159 | LR: 0.000001
Epoch [58/100] | SVD update #58: pairs=96, sweeps=3, converged=False, rel_change=1.422e-01, effective_ranks=(95, 33), class_paired=True
Epoch [58/100] | Loss: 6.9955 (Cls: 6.9686, TAL: 0.0959, Adv: 0.1928, OT-Reg: 0.001211) | OT inner objective: 0.2742 | Marginal residual row/col/max: 1.12e-08/1.24e-08/1.24e-08 | Train Acc: 0.1562 | Val Acc: 0.1923 | Val P/R/F1 (Macro): 0.1204/0.1667/0.1056 | LR: 0.000001
Epoch [59/100] | SVD update #59: pairs=96, sweeps=3, converged=False, rel_change=4.852e-01, effective_ranks=(95, 28), class_paired=True
Epoch [59/100] | Loss: 6.4811 (Cls: 6.4617, TAL: 0.0542, Adv: 0.1614, OT-Reg: 0.001141) | OT inner objective: 0.2878 | Marginal residual row/col/max: 9.31e-09/1.18e-08/1.18e-08 | Train Acc: 0.2708 | Val Acc: 0.2692 | Val P/R/F1 (Macro): 0.0939/0.2500/0.1331 | LR: 0.000001
Epoch [60/100] | SVD update #60: pairs=96, sweeps=3, converged=False, rel_change=1.902e-01, effective_ranks=(95, 38), class_paired=True
Epoch [60/100] | Loss: 6.8380 (Cls: 6.8164, TAL: 0.0905, Adv: 0.1343, OT-Reg: 0.001266) | OT inner objective: 0.2754 | Marginal residual row/col/max: 1.37e-08/1.24e-08/1.37e-08 | Train Acc: 0.1979 | Val Acc: 0.2308 | Val P/R/F1 (Macro): 0.2010/0.2458/0.1761 | LR: 0.000001
Epoch [61/100] | SVD update #61: pairs=96, sweeps=3, converged=False, rel_change=4.625e-01, effective_ranks=(95, 39), class_paired=True
Epoch [61/100] | Loss: 6.6368 (Cls: 6.6476, TAL: -0.1684, Adv: 0.1184, OT-Reg: 0.001210) | OT inner objective: 0.2143 | Marginal residual row/col/max: 9.93e-09/1.43e-08/1.43e-08 | Train Acc: 0.2708 | Val Acc: 0.1154 | Val P/R/F1 (Macro): 0.0720/0.1167/0.0815 | LR: 0.000001
Epoch [62/100] | SVD update #62: pairs=96, sweeps=3, converged=False, rel_change=4.033e-01, effective_ranks=(95, 30), class_paired=True
Epoch [62/100] | Loss: 7.0762 (Cls: 7.0488, TAL: 0.1410, Adv: 0.1316, OT-Reg: 0.001274) | OT inner objective: 0.2854 | Marginal residual row/col/max: 1.06e-08/1.49e-08/1.49e-08 | Train Acc: 0.1250 | Val Acc: 0.1923 | Val P/R/F1 (Macro): 0.1162/0.1542/0.1136 | LR: 0.000001
Epoch [63/100] | SVD update #63: pairs=96, sweeps=3, converged=False, rel_change=7.820e-01, effective_ranks=(95, 34), class_paired=True
Epoch [63/100] | Loss: 6.9931 (Cls: 6.9680, TAL: 0.1179, Adv: 0.1375, OT-Reg: 0.001300) | OT inner objective: 0.2821 | Marginal residual row/col/max: 1.24e-08/9.93e-09/1.37e-08 | Train Acc: 0.0938 | Val Acc: 0.0769 | Val P/R/F1 (Macro): 0.0152/0.1667/0.0278 | LR: 0.000001
Epoch [64/100] | SVD update #64: pairs=96, sweeps=3, converged=False, rel_change=1.842e-01, effective_ranks=(95, 29), class_paired=True
Epoch [64/100] | Loss: 6.9002 (Cls: 6.8679, TAL: 0.1836, Adv: 0.1292, OT-Reg: 0.001137) | OT inner objective: 0.2881 | Marginal residual row/col/max: 1.06e-08/1.12e-08/1.18e-08 | Train Acc: 0.1875 | Val Acc: 0.1538 | Val P/R/F1 (Macro): 0.3472/0.2833/0.1923 | LR: 0.000001
Epoch [65/100] | SVD update #65: pairs=96, sweeps=3, converged=False, rel_change=5.099e-01, effective_ranks=(95, 32), class_paired=True
Epoch [65/100] | Loss: 7.0374 (Cls: 7.0349, TAL: -0.0930, Adv: 0.1702, OT-Reg: 0.001215) | OT inner objective: 0.2767 | Marginal residual row/col/max: 1.06e-08/1.18e-08/1.18e-08 | Train Acc: 0.1042 | Val Acc: 0.1923 | Val P/R/F1 (Macro): 0.0905/0.1750/0.1192 | LR: 0.000001
Epoch [66/100] | SVD update #66: pairs=96, sweeps=3, converged=False, rel_change=2.110e-01, effective_ranks=(95, 32), class_paired=True
Epoch [66/100] | Loss: 6.6451 (Cls: 6.6114, TAL: 0.1906, Adv: 0.1353, OT-Reg: 0.001210) | OT inner objective: 0.2710 | Marginal residual row/col/max: 9.93e-09/1.43e-08/1.43e-08 | Train Acc: 0.2083 | Val Acc: 0.1923 | Val P/R/F1 (Macro): 0.0905/0.1667/0.1111 | LR: 0.000001
Epoch [67/100] | SVD update #67: pairs=96, sweeps=3, converged=False, rel_change=3.822e-01, effective_ranks=(95, 37), class_paired=True
Epoch [67/100] | Loss: 6.8334 (Cls: 6.8449, TAL: -0.2037, Adv: 0.1614, OT-Reg: 0.001329) | OT inner objective: 0.2562 | Marginal residual row/col/max: 1.18e-08/1.37e-08/1.37e-08 | Train Acc: 0.1875 | Val Acc: 0.1538 | Val P/R/F1 (Macro): 0.0655/0.2500/0.0972 | LR: 0.000001
Epoch [68/100] | SVD update #68: pairs=96, sweeps=3, converged=False, rel_change=3.900e-01, effective_ranks=(95, 30), class_paired=True
Epoch [68/100] | Loss: 6.9890 (Cls: 6.9579, TAL: 0.1652, Adv: 0.1406, OT-Reg: 0.001219) | OT inner objective: 0.2743 | Marginal residual row/col/max: 1.06e-08/1.12e-08/1.12e-08 | Train Acc: 0.1875 | Val Acc: 0.1154 | Val P/R/F1 (Macro): 0.0571/0.1875/0.0778 | LR: 0.000001
Epoch [69/100] | SVD update #69: pairs=96, sweeps=3, converged=False, rel_change=2.044e-01, effective_ranks=(95, 32), class_paired=True
Epoch [69/100] | Loss: 6.8192 (Cls: 6.8017, TAL: 0.0585, Adv: 0.1298, OT-Reg: 0.001249) | OT inner objective: 0.2580 | Marginal residual row/col/max: 1.06e-08/1.12e-08/1.24e-08 | Train Acc: 0.1458 | Val Acc: 0.1538 | Val P/R/F1 (Macro): 0.0565/0.1833/0.0860 | LR: 0.000001
Epoch [70/100] | SVD update #70: pairs=96, sweeps=3, converged=False, rel_change=1.260e+00, effective_ranks=(95, 32), class_paired=True
Epoch [70/100] | Loss: 6.6131 (Cls: 6.5846, TAL: 0.1456, Adv: 0.1378, OT-Reg: 0.001303) | OT inner objective: 0.2757 | Marginal residual row/col/max: 1.06e-08/1.18e-08/1.18e-08 | Train Acc: 0.1667 | Val Acc: 0.1923 | Val P/R/F1 (Macro): 0.0439/0.1667/0.0694 | LR: 0.000001
Epoch [71/100] | SVD update #71: pairs=96, sweeps=3, converged=False, rel_change=2.942e-01, effective_ranks=(95, 42), class_paired=True
Epoch [71/100] | Loss: 6.7385 (Cls: 6.7453, TAL: -0.2256, Adv: 0.2533, OT-Reg: 0.001223) | OT inner objective: 0.1889 | Marginal residual row/col/max: 9.31e-09/1.30e-08/1.30e-08 | Train Acc: 0.1875 | Val Acc: 0.3077 | Val P/R/F1 (Macro): 0.2291/0.4250/0.2860 | LR: 0.000001
Epoch [72/100] | SVD update #72: pairs=96, sweeps=3, converged=False, rel_change=1.307e+00, effective_ranks=(95, 31), class_paired=True
Epoch [72/100] | Loss: 6.6267 (Cls: 6.6299, TAL: -0.1148, Adv: 0.1321, OT-Reg: 0.001349) | OT inner objective: 0.2586 | Marginal residual row/col/max: 1.18e-08/1.12e-08/1.24e-08 | Train Acc: 0.1771 | Val Acc: 0.2692 | Val P/R/F1 (Macro): 0.4342/0.4083/0.3135 | LR: 0.000001
Epoch [73/100] | SVD update #73: pairs=96, sweeps=3, converged=False, rel_change=1.164e-01, effective_ranks=(95, 34), class_paired=True
Epoch [73/100] | Loss: 6.7010 (Cls: 6.7089, TAL: -0.1539, Adv: 0.1316, OT-Reg: 0.001343) | OT inner objective: 0.2618 | Marginal residual row/col/max: 9.93e-09/1.06e-08/1.06e-08 | Train Acc: 0.1771 | Val Acc: 0.2692 | Val P/R/F1 (Macro): 0.0486/0.1458/0.0729 | LR: 0.000001
Epoch [74/100] | SVD update #74: pairs=96, sweeps=3, converged=False, rel_change=3.016e-01, effective_ranks=(95, 36), class_paired=True
Epoch [74/100] | Loss: 6.7485 (Cls: 6.7185, TAL: 0.1402, Adv: 0.1640, OT-Reg: 0.001165) | OT inner objective: 0.2631 | Marginal residual row/col/max: 9.93e-09/1.49e-08/1.49e-08 | Train Acc: 0.1250 | Val Acc: 0.4615 | Val P/R/F1 (Macro): 0.4808/0.3667/0.3426 | LR: 0.000001
  >>> New Best Val Acc: 0.4615
Epoch [75/100] | SVD update #75: pairs=96, sweeps=3, converged=False, rel_change=7.178e-01, effective_ranks=(95, 45), class_paired=True
Epoch [75/100] | Loss: 6.8105 (Cls: 6.8271, TAL: -0.1977, Adv: 0.0887, OT-Reg: 0.001289) | OT inner objective: 0.2382 | Marginal residual row/col/max: 1.24e-08/9.93e-09/1.24e-08 | Train Acc: 0.1667 | Val Acc: 0.3077 | Val P/R/F1 (Macro): 0.2463/0.2833/0.2511 | LR: 0.000001
Epoch [76/100] | SVD update #76: pairs=96, sweeps=3, converged=False, rel_change=5.161e-01, effective_ranks=(95, 58), class_paired=True
Epoch [76/100] | Loss: 6.6182 (Cls: 6.5810, TAL: 0.2261, Adv: 0.1263, OT-Reg: 0.001223) | OT inner objective: 0.2782 | Marginal residual row/col/max: 1.12e-08/9.93e-09/1.18e-08 | Train Acc: 0.2708 | Val Acc: 0.2692 | Val P/R/F1 (Macro): 0.2403/0.3083/0.2328 | LR: 0.000001
Epoch [77/100] | SVD update #77: pairs=96, sweeps=3, converged=False, rel_change=1.807e-01, effective_ranks=(95, 31), class_paired=True
Epoch [77/100] | Loss: 6.8189 (Cls: 6.8136, TAL: -0.0314, Adv: 0.1144, OT-Reg: 0.001319) | OT inner objective: 0.2893 | Marginal residual row/col/max: 1.06e-08/1.06e-08/1.12e-08 | Train Acc: 0.1771 | Val Acc: 0.0385 | Val P/R/F1 (Macro): 0.1667/0.0208/0.0370 | LR: 0.000001
Epoch [78/100] | SVD update #78: pairs=96, sweeps=3, converged=False, rel_change=3.902e-01, effective_ranks=(95, 33), class_paired=True
Epoch [78/100] | Loss: 6.6403 (Cls: 6.6472, TAL: -0.1248, Adv: 0.1003, OT-Reg: 0.001279) | OT inner objective: 0.2194 | Marginal residual row/col/max: 9.31e-09/1.12e-08/1.12e-08 | Train Acc: 0.1771 | Val Acc: 0.3846 | Val P/R/F1 (Macro): 0.2333/0.2958/0.2513 | LR: 0.000001
Epoch [79/100] | SVD update #79: pairs=96, sweeps=3, converged=False, rel_change=5.680e-01, effective_ranks=(95, 55), class_paired=True
Epoch [79/100] | Loss: 6.9249 (Cls: 6.9042, TAL: 0.0838, Adv: 0.1326, OT-Reg: 0.001173) | OT inner objective: 0.2511 | Marginal residual row/col/max: 1.18e-08/1.74e-08/1.74e-08 | Train Acc: 0.1354 | Val Acc: 0.3462 | Val P/R/F1 (Macro): 0.1354/0.2375/0.1720 | LR: 0.000001
Epoch [80/100] | SVD update #80: pairs=96, sweeps=3, converged=False, rel_change=3.173e+00, effective_ranks=(95, 30), class_paired=True
Epoch [80/100] | Loss: 6.7680 (Cls: 6.7715, TAL: -0.1198, Adv: 0.1359, OT-Reg: 0.001311) | OT inner objective: 0.2495 | Marginal residual row/col/max: 1.24e-08/1.18e-08/1.24e-08 | Train Acc: 0.1667 | Val Acc: 0.2308 | Val P/R/F1 (Macro): 0.2238/0.2958/0.2259 | LR: 0.000001
Epoch [81/100] | SVD update #81: pairs=96, sweeps=3, converged=False, rel_change=2.989e-01, effective_ranks=(95, 31), class_paired=True
Epoch [81/100] | Loss: 6.5255 (Cls: 6.5080, TAL: 0.0171, Adv: 0.1931, OT-Reg: 0.001268) | OT inner objective: 0.2803 | Marginal residual row/col/max: 1.30e-08/1.30e-08/1.30e-08 | Train Acc: 0.2188 | Val Acc: 0.2308 | Val P/R/F1 (Macro): 0.1000/0.2500/0.1389 | LR: 0.000001
Epoch [82/100] | SVD update #82: pairs=96, sweeps=3, converged=False, rel_change=3.591e-01, effective_ranks=(95, 36), class_paired=True
Epoch [82/100] | Loss: 6.7601 (Cls: 6.7472, TAL: 0.0196, Adv: 0.1318, OT-Reg: 0.001248) | OT inner objective: 0.2598 | Marginal residual row/col/max: 9.93e-09/1.43e-08/1.49e-08 | Train Acc: 0.1458 | Val Acc: 0.2308 | Val P/R/F1 (Macro): 0.1389/0.2250/0.1620 | LR: 0.000001
Epoch [83/100] | SVD update #83: pairs=96, sweeps=3, converged=False, rel_change=4.600e-01, effective_ranks=(95, 37), class_paired=True
Epoch [83/100] | Loss: 6.6359 (Cls: 6.6607, TAL: -0.2862, Adv: 0.1192, OT-Reg: 0.001283) | OT inner objective: 0.2361 | Marginal residual row/col/max: 8.69e-09/1.55e-08/1.55e-08 | Train Acc: 0.2292 | Val Acc: 0.2692 | Val P/R/F1 (Macro): 0.2907/0.3500/0.2747 | LR: 0.000001
Epoch [84/100] | SVD update #84: pairs=96, sweeps=3, converged=False, rel_change=4.188e-01, effective_ranks=(95, 41), class_paired=True
Epoch [84/100] | Loss: 6.6733 (Cls: 6.6441, TAL: 0.1601, Adv: 0.1244, OT-Reg: 0.001339) | OT inner objective: 0.2306 | Marginal residual row/col/max: 1.18e-08/1.18e-08/1.30e-08 | Train Acc: 0.2292 | Val Acc: 0.3077 | Val P/R/F1 (Macro): 0.1299/0.1792/0.1506 | LR: 0.000001
Epoch [85/100] | SVD update #85: pairs=96, sweeps=3, converged=False, rel_change=2.453e-01, effective_ranks=(95, 34), class_paired=True
Epoch [85/100] | Loss: 6.8684 (Cls: 6.8674, TAL: -0.0943, Adv: 0.1533, OT-Reg: 0.001329) | OT inner objective: 0.2059 | Marginal residual row/col/max: 1.18e-08/1.06e-08/1.24e-08 | Train Acc: 0.1250 | Val Acc: 0.2692 | Val P/R/F1 (Macro): 0.1632/0.1708/0.1528 | LR: 0.000001
Epoch [86/100] | SVD update #86: pairs=96, sweeps=3, converged=False, rel_change=1.788e-01, effective_ranks=(95, 30), class_paired=True
Epoch [86/100] | Loss: 6.8870 (Cls: 6.8591, TAL: 0.1356, Adv: 0.1461, OT-Reg: 0.001384) | OT inner objective: 0.2659 | Marginal residual row/col/max: 9.31e-09/1.24e-08/1.24e-08 | Train Acc: 0.2188 | Val Acc: 0.2308 | Val P/R/F1 (Macro): 0.3500/0.2750/0.1922 | LR: 0.000001
Epoch [87/100] | SVD update #87: pairs=96, sweeps=3, converged=False, rel_change=4.508e-01, effective_ranks=(95, 45), class_paired=True
Epoch [87/100] | Loss: 6.6343 (Cls: 6.6425, TAL: -0.1387, Adv: 0.1054, OT-Reg: 0.001325) | OT inner objective: 0.2583 | Marginal residual row/col/max: 1.06e-08/1.18e-08/1.24e-08 | Train Acc: 0.1562 | Val Acc: 0.1154 | Val P/R/F1 (Macro): 0.0414/0.2500/0.0688 | LR: 0.000001
Epoch [88/100] | SVD update #88: pairs=96, sweeps=3, converged=False, rel_change=1.398e-01, effective_ranks=(95, 36), class_paired=True
Epoch [88/100] | Loss: 6.5188 (Cls: 6.5142, TAL: -0.0431, Adv: 0.1220, OT-Reg: 0.001355) | OT inner objective: 0.2362 | Marginal residual row/col/max: 1.12e-08/8.69e-09/1.12e-08 | Train Acc: 0.1354 | Val Acc: 0.3077 | Val P/R/F1 (Macro): 0.1364/0.2292/0.1611 | LR: 0.000001
Epoch [89/100] | SVD update #89: pairs=96, sweeps=3, converged=False, rel_change=6.717e-01, effective_ranks=(95, 46), class_paired=True
Epoch [89/100] | Loss: 6.8528 (Cls: 6.8441, TAL: 0.0015, Adv: 0.1060, OT-Reg: 0.001317) | OT inner objective: 0.2602 | Marginal residual row/col/max: 1.24e-08/1.24e-08/1.24e-08 | Train Acc: 0.1875 | Val Acc: 0.1538 | Val P/R/F1 (Macro): 0.0333/0.1667/0.0556 | LR: 0.000001
Epoch [90/100] | SVD update #90: pairs=96, sweeps=3, converged=False, rel_change=9.377e-01, effective_ranks=(95, 34), class_paired=True
Epoch [90/100] | Loss: 6.8489 (Cls: 6.8413, TAL: 0.0014, Adv: 0.0928, OT-Reg: 0.001254) | OT inner objective: 0.2620 | Marginal residual row/col/max: 1.18e-08/1.12e-08/1.24e-08 | Train Acc: 0.1250 | Val Acc: 0.0000 | Val P/R/F1 (Macro): 0.0000/0.0000/0.0000 | LR: 0.000001
Epoch [91/100] | SVD update #91: pairs=96, sweeps=3, converged=False, rel_change=5.305e-01, effective_ranks=(95, 41), class_paired=True
Epoch [91/100] | Loss: 6.7175 (Cls: 6.6945, TAL: 0.1290, Adv: 0.0944, OT-Reg: 0.001247) | OT inner objective: 0.2695 | Marginal residual row/col/max: 1.12e-08/1.24e-08/1.37e-08 | Train Acc: 0.1667 | Val Acc: 0.3462 | Val P/R/F1 (Macro): 0.1984/0.3833/0.2519 | LR: 0.000001
Epoch [92/100] | SVD update #92: pairs=96, sweeps=3, converged=False, rel_change=2.997e-01, effective_ranks=(95, 37), class_paired=True
Epoch [92/100] | Loss: 6.7243 (Cls: 6.7206, TAL: -0.0413, Adv: 0.1071, OT-Reg: 0.001142) | OT inner objective: 0.2680 | Marginal residual row/col/max: 1.12e-08/1.37e-08/1.37e-08 | Train Acc: 0.1875 | Val Acc: 0.1923 | Val P/R/F1 (Macro): 0.1111/0.1667/0.1333 | LR: 0.000001
Epoch [93/100] | SVD update #93: pairs=96, sweeps=3, converged=False, rel_change=2.929e-01, effective_ranks=(95, 33), class_paired=True
Epoch [93/100] | Loss: 7.0254 (Cls: 6.9926, TAL: 0.1824, Adv: 0.1374, OT-Reg: 0.001262) | OT inner objective: 0.2740 | Marginal residual row/col/max: 9.93e-09/9.93e-09/1.06e-08 | Train Acc: 0.1562 | Val Acc: 0.0769 | Val P/R/F1 (Macro): 0.0128/0.1667/0.0238 | LR: 0.000001
Epoch [94/100] | SVD update #94: pairs=96, sweeps=3, converged=False, rel_change=1.871e-01, effective_ranks=(95, 31), class_paired=True
Epoch [94/100] | Loss: 6.8768 (Cls: 6.8804, TAL: -0.1052, Adv: 0.1128, OT-Reg: 0.001263) | OT inner objective: 0.2307 | Marginal residual row/col/max: 1.06e-08/1.30e-08/1.30e-08 | Train Acc: 0.2292 | Val Acc: 0.1538 | Val P/R/F1 (Macro): 0.2639/0.1708/0.1349 | LR: 0.000001
Epoch [95/100] | SVD update #95: pairs=96, sweeps=3, converged=False, rel_change=2.458e-01, effective_ranks=(95, 37), class_paired=True
Epoch [95/100] | Loss: 6.8066 (Cls: 6.7869, TAL: 0.0702, Adv: 0.1412, OT-Reg: 0.001212) | OT inner objective: 0.2658 | Marginal residual row/col/max: 9.93e-09/1.43e-08/1.43e-08 | Train Acc: 0.1979 | Val Acc: 0.0385 | Val P/R/F1 (Macro): 0.0185/0.0833/0.0303 | LR: 0.000001
Epoch [96/100] | SVD update #96: pairs=96, sweeps=3, converged=False, rel_change=1.544e+00, effective_ranks=(95, 33), class_paired=True
Epoch [96/100] | Loss: 6.8503 (Cls: 6.8449, TAL: -0.0448, Adv: 0.1343, OT-Reg: 0.001273) | OT inner objective: 0.2591 | Marginal residual row/col/max: 1.12e-08/1.30e-08/1.30e-08 | Train Acc: 0.2292 | Val Acc: 0.0769 | Val P/R/F1 (Macro): 0.0185/0.1667/0.0333 | LR: 0.000001
Epoch [97/100] | SVD update #97: pairs=96, sweeps=3, converged=False, rel_change=1.740e-01, effective_ranks=(95, 30), class_paired=True
Epoch [97/100] | Loss: 6.5918 (Cls: 6.5998, TAL: -0.1393, Adv: 0.1087, OT-Reg: 0.001324) | OT inner objective: 0.1945 | Marginal residual row/col/max: 1.18e-08/1.12e-08/1.24e-08 | Train Acc: 0.1146 | Val Acc: 0.1923 | Val P/R/F1 (Macro): 0.4048/0.2042/0.2315 | LR: 0.000001
Epoch [98/100] | SVD update #98: pairs=96, sweeps=3, converged=False, rel_change=7.647e-01, effective_ranks=(95, 57), class_paired=True
Epoch [98/100] | Loss: 6.9582 (Cls: 6.9307, TAL: 0.1624, Adv: 0.1007, OT-Reg: 0.001286) | OT inner objective: 0.2774 | Marginal residual row/col/max: 8.69e-09/1.24e-08/1.24e-08 | Train Acc: 0.0938 | Val Acc: 0.3077 | Val P/R/F1 (Macro): 0.0926/0.2292/0.1314 | LR: 0.000001
Epoch [99/100] | SVD update #99: pairs=96, sweeps=3, converged=False, rel_change=2.747e-01, effective_ranks=(95, 32), class_paired=True
Epoch [99/100] | Loss: 6.6974 (Cls: 6.6811, TAL: 0.0600, Adv: 0.1138, OT-Reg: 0.001278) | OT inner objective: 0.2360 | Marginal residual row/col/max: 1.06e-08/8.69e-09/1.06e-08 | Train Acc: 0.1667 | Val Acc: 0.3462 | Val P/R/F1 (Macro): 0.1508/0.2708/0.1937 | LR: 0.000001
Epoch [100/100] | SVD update #100: pairs=96, sweeps=3, converged=False, rel_change=6.278e-01, effective_ranks=(95, 37), class_paired=True
Epoch [100/100] | Loss: 6.8978 (Cls: 6.9102, TAL: -0.1686, Adv: 0.0986, OT-Reg: 0.001181) | OT inner objective: 0.2459 | Marginal residual row/col/max: 8.69e-09/1.55e-08/1.55e-08 | Train Acc: 0.2396 | Val Acc: 0.2692 | Val P/R/F1 (Macro): 0.4097/0.3708/0.3035 | LR: 0.000001
Report strategy: last_window, window=10, reported_acc=0.2000, best_acc=0.4615

迭代 5 报告指标:
  Accuracy: 0.2000
  Precision (Macro): 0.1681
  Recall (Macro): 0.2213
  F1 (Macro): 0.1468
  Precision (Micro): 0.2000
  Recall (Micro): 0.2000
  F1 (Micro): 0.2000
  Val class coverage: 6/14 (0.4286), samples=26

================================================================================
5次迭代统计结果
================================================================================

accuracy:
  各迭代值: ['0.2500', '0.1692', '0.1769', '0.1731', '0.2000']
  均值 (Mean): 0.1938
  标准差 (Std): 0.0300

precision_macro:
  各迭代值: ['0.1529', '0.0912', '0.1132', '0.1519', '0.1681']
  均值 (Mean): 0.1355
  标准差 (Std): 0.0286

recall_macro:
  各迭代值: ['0.3142', '0.2367', '0.1371', '0.1854', '0.2213']
  均值 (Mean): 0.2189
  标准差 (Std): 0.0587

f1_macro:
  各迭代值: ['0.1850', '0.1097', '0.1050', '0.1330', '0.1468']
  均值 (Mean): 0.1359
  标准差 (Std): 0.0289

precision_micro:
  各迭代值: ['0.2500', '0.1692', '0.1769', '0.1731', '0.2000']
  均值 (Mean): 0.1938
  标准差 (Std): 0.0300

recall_micro:
  各迭代值: ['0.2500', '0.1692', '0.1769', '0.1731', '0.2000']
  均值 (Mean): 0.1938
  标准差 (Std): 0.0300

f1_micro:
  各迭代值: ['0.2500', '0.1692', '0.1769', '0.1731', '0.2000']
  均值 (Mean): 0.1938
  标准差 (Std): 0.0300

val_class_coverage:
  各迭代值: ['0.4286', '0.4286', '0.4286', '0.4286', '0.4286']
  均值 (Mean): 0.4286
  标准差 (Std): 0.0000

val_present_classes:
  各迭代值: ['6.0000', '6.0000', '6.0000', '6.0000', '6.0000']
  均值 (Mean): 6.0000
  标准差 (Std): 0.0000

val_total_classes:
  各迭代值: ['14.0000', '14.0000', '14.0000', '14.0000', '14.0000']
  均值 (Mean): 14.0000
  标准差 (Std): 0.0000

val_samples:
  各迭代值: ['26.0000', '26.0000', '26.0000', '26.0000', '26.0000']
  均值 (Mean): 26.0000
  标准差 (Std): 0.0000

训练结束时间: 2026-09-24 14:20:10
================================================================================
