nohup: 忽略输入

[Batch 1/4] Full: Tensor+OT, target=逆光
================================================================================
模块消融实验 - with_tensor_with_ot
目标域天气: 逆光
训练开始时间: 2026-09-30 15:39:47
设备: cuda
源域: /mnt/data/lixiang/data/Data/晴天
目标域: /mnt/data/lixiang/data/Data/逆光
批次大小: 32
总轮数: 100
迭代次数: 5
使用Tensor模块: 是
使用OT模块: 是
特征融合方式: Tensor对齐
域对齐方式: 最优传输
目标标签比例/权重: 1.0/1.0
Tensor/Adv损失权重: 0.12/0.08
Tensor投影维度/更新: 16/每epoch一次; SVD统计批次=32
学习率: feature=5e-06, other=0.0002, weight_decay=0.0005
报告策略: best, 窗口: 10
================================================================================

================================================================================
迭代 1/5
随机种子: 42
================================================================================
配对采样器已初始化，共 9 个共有类别。
Training mode: full target-label supervision (class-paired batches).
Feature fusion: Tensor alignment (512+512 -> 16+16); fused_dim=32
Domain adaptation: Neural OT generator with 3-domain discriminator
Loss weights: tensor=0.12, adv=0.08
Transport: mode=sinkhorn, epsilon=0.1, Sinkhorn iterations=50, correction scale=0.1, correction regularization weight=0.001
Tensor projection update: once per epoch from the complete target-training pairing bank; projection_dim=16, max_sweeps=10, relative singular-value tolerance=0.001
Epoch [1/100] | SVD update #1: pairs=128, sweeps=3, converged=True, rel_change=1.134e-05, effective_ranks=(127, 119), class_paired=True
Epoch [1/100] | Loss: 8.8078 (Cls: 8.8208, TAL: -0.3244, Adv: 0.3250, OT-Reg: 0.001825) | OT inner objective: 0.1991 | Marginal residual row/col/max: 1.12e-08/1.30e-08/1.44e-08 | Train Acc: 0.1016 | Val Acc: 0.1944 | Val P/R/F1 (Macro): 0.1004/0.1343/0.1056 | LR: 0.000005
  >>> New Best Val Acc: 0.1944
Epoch [2/100] | SVD update #2: pairs=128, sweeps=3, converged=True, rel_change=3.009e-05, effective_ranks=(127, 115), class_paired=True
Epoch [2/100] | Loss: 8.1571 (Cls: 8.1627, TAL: -0.2696, Adv: 0.3352, OT-Reg: 0.001880) | OT inner objective: 0.2619 | Marginal residual row/col/max: 1.12e-08/1.12e-08/1.12e-08 | Train Acc: 0.1797 | Val Acc: 0.3056 | Val P/R/F1 (Macro): 0.0873/0.1778/0.1159 | LR: 0.000005
  >>> New Best Val Acc: 0.3056
Epoch [3/100] | SVD update #3: pairs=128, sweeps=3, converged=True, rel_change=4.213e-04, effective_ranks=(127, 91), class_paired=True
Epoch [3/100] | Loss: 7.8592 (Cls: 7.8703, TAL: -0.2562, Adv: 0.2445, OT-Reg: 0.001760) | OT inner objective: 0.1470 | Marginal residual row/col/max: 1.44e-08/1.44e-08/1.63e-08 | Train Acc: 0.1562 | Val Acc: 0.1667 | Val P/R/F1 (Macro): 0.0689/0.1741/0.0965 | LR: 0.000005
Epoch [4/100] | SVD update #4: pairs=128, sweeps=10, converged=False, rel_change=7.825e-01, effective_ranks=(127, 62), class_paired=True
Epoch [4/100] | Loss: 8.4823 (Cls: 8.4619, TAL: 0.0093, Adv: 0.2414, OT-Reg: 0.001568) | OT inner objective: 0.1867 | Marginal residual row/col/max: 3.54e-08/3.26e-08/4.24e-08 | Train Acc: 0.1172 | Val Acc: 0.1667 | Val P/R/F1 (Macro): 0.0864/0.1991/0.0741 | LR: 0.000005
Epoch [5/100] | SVD update #5: pairs=128, sweeps=10, converged=True, rel_change=7.094e-04, effective_ranks=(127, 79), class_paired=True
Epoch [5/100] | Loss: 8.0655 (Cls: 8.0572, TAL: -0.0850, Adv: 0.2313, OT-Reg: 0.001603) | OT inner objective: 0.1959 | Marginal residual row/col/max: 7.07e-06/1.49e-08/7.08e-06 | Train Acc: 0.0781 | Val Acc: 0.1389 | Val P/R/F1 (Macro): 0.1136/0.2037/0.1116 | LR: 0.000005
Epoch [6/100] | SVD update #6: pairs=128, sweeps=7, converged=True, rel_change=5.645e-04, effective_ranks=(127, 43), class_paired=True
Epoch [6/100] | Loss: 7.9939 (Cls: 7.9910, TAL: -0.1139, Adv: 0.2080, OT-Reg: 0.001574) | OT inner objective: 0.2225 | Marginal residual row/col/max: 1.30e-08/1.02e-08/1.30e-08 | Train Acc: 0.1406 | Val Acc: 0.1389 | Val P/R/F1 (Macro): 0.0614/0.2222/0.0852 | LR: 0.000005
Epoch [7/100] | SVD update #7: pairs=128, sweeps=5, converged=True, rel_change=9.914e-04, effective_ranks=(127, 50), class_paired=True
Epoch [7/100] | Loss: 8.3218 (Cls: 8.3490, TAL: -0.3762, Adv: 0.2241, OT-Reg: 0.001442) | OT inner objective: 0.1110 | Marginal residual row/col/max: 1.87e-06/1.96e-08/1.88e-06 | Train Acc: 0.1328 | Val Acc: 0.1667 | Val P/R/F1 (Macro): 0.0622/0.3333/0.1047 | LR: 0.000005
Epoch [8/100] | SVD update #8: pairs=128, sweeps=10, converged=True, rel_change=5.224e-04, effective_ranks=(127, 29), class_paired=True
Epoch [8/100] | Loss: 7.6588 (Cls: 7.6717, TAL: -0.2465, Adv: 0.2082, OT-Reg: 0.001730) | OT inner objective: 0.1087 | Marginal residual row/col/max: 1.80e-06/9.78e-09/1.80e-06 | Train Acc: 0.2188 | Val Acc: 0.1111 | Val P/R/F1 (Macro): 0.0430/0.2130/0.0688 | LR: 0.000005
Epoch [9/100] | SVD update #9: pairs=128, sweeps=4, converged=True, rel_change=7.083e-04, effective_ranks=(127, 27), class_paired=True
Epoch [9/100] | Loss: 7.8215 (Cls: 7.8640, TAL: -0.5091, Adv: 0.2325, OT-Reg: 0.001566) | OT inner objective: 0.0006 | Marginal residual row/col/max: 1.63e-04/1.12e-08/1.63e-04 | Train Acc: 0.1094 | Val Acc: 0.0833 | Val P/R/F1 (Macro): 0.0620/0.0685/0.0577 | LR: 0.000005
Epoch [10/100] | SVD update #10: pairs=128, sweeps=10, converged=False, rel_change=2.772e-01, effective_ranks=(127, 30), class_paired=True
Epoch [10/100] | Loss: 7.8128 (Cls: 7.8090, TAL: -0.1312, Adv: 0.2443, OT-Reg: 0.001576) | OT inner objective: 0.0228 | Marginal residual row/col/max: 6.59e-05/1.16e-08/6.59e-05 | Train Acc: 0.1328 | Val Acc: 0.1389 | Val P/R/F1 (Macro): 0.0614/0.2500/0.0916 | LR: 0.000005
Epoch [11/100] | SVD update #11: pairs=128, sweeps=4, converged=True, rel_change=3.934e-04, effective_ranks=(127, 24), class_paired=True
Epoch [11/100] | Loss: 7.3564 (Cls: 7.3901, TAL: -0.4094, Adv: 0.1926, OT-Reg: 0.001611) | OT inner objective: -0.0241 | Marginal residual row/col/max: 3.49e-05/1.58e-08/3.49e-05 | Train Acc: 0.1562 | Val Acc: 0.0833 | Val P/R/F1 (Macro): 0.1397/0.1435/0.0661 | LR: 0.000005
Epoch [12/100] | SVD update #12: pairs=128, sweeps=4, converged=True, rel_change=6.372e-05, effective_ranks=(127, 22), class_paired=True
Epoch [12/100] | Loss: 6.9343 (Cls: 6.9629, TAL: -0.3728, Adv: 0.2025, OT-Reg: 0.001703) | OT inner objective: -0.0978 | Marginal residual row/col/max: 4.08e-05/1.02e-08/4.08e-05 | Train Acc: 0.2031 | Val Acc: 0.1667 | Val P/R/F1 (Macro): 0.1011/0.2222/0.1159 | LR: 0.000005
Epoch [13/100] | SVD update #13: pairs=128, sweeps=5, converged=True, rel_change=8.699e-04, effective_ranks=(127, 16), class_paired=True
Epoch [13/100] | Loss: 7.0239 (Cls: 7.0342, TAL: -0.2398, Adv: 0.2316, OT-Reg: 0.001549) | OT inner objective: -0.0321 | Marginal residual row/col/max: 6.25e-04/1.30e-08/6.25e-04 | Train Acc: 0.2812 | Val Acc: 0.3056 | Val P/R/F1 (Macro): 0.1822/0.3139/0.2037 | LR: 0.000003
Epoch [14/100] | SVD update #14: pairs=128, sweeps=5, converged=True, rel_change=6.828e-04, effective_ranks=(127, 17), class_paired=True
Epoch [14/100] | Loss: 7.1002 (Cls: 7.1124, TAL: -0.2219, Adv: 0.1810, OT-Reg: 0.001439) | OT inner objective: 0.1343 | Marginal residual row/col/max: 3.57e-06/2.24e-08/3.57e-06 | Train Acc: 0.2109 | Val Acc: 0.1389 | Val P/R/F1 (Macro): 0.0988/0.1111/0.0974 | LR: 0.000003
Epoch [15/100] | SVD update #15: pairs=128, sweeps=5, converged=True, rel_change=2.795e-04, effective_ranks=(127, 19), class_paired=True
Epoch [15/100] | Loss: 6.7257 (Cls: 6.7709, TAL: -0.4971, Adv: 0.1803, OT-Reg: 0.001464) | OT inner objective: -0.1363 | Marginal residual row/col/max: 2.74e-04/2.14e-08/2.74e-04 | Train Acc: 0.2734 | Val Acc: 0.2500 | Val P/R/F1 (Macro): 0.1944/0.2250/0.1984 | LR: 0.000003
Epoch [16/100] | SVD update #16: pairs=128, sweeps=6, converged=True, rel_change=2.872e-04, effective_ranks=(127, 19), class_paired=True
Epoch [16/100] | Loss: 6.8775 (Cls: 6.9065, TAL: -0.3479, Adv: 0.1587, OT-Reg: 0.001568) | OT inner objective: -0.0434 | Marginal residual row/col/max: 9.63e-05/1.35e-08/9.63e-05 | Train Acc: 0.1641 | Val Acc: 0.1389 | Val P/R/F1 (Macro): 0.2011/0.2111/0.1574 | LR: 0.000003
Epoch [17/100] | SVD update #17: pairs=128, sweeps=10, converged=False, rel_change=4.221e-03, effective_ranks=(127, 14), class_paired=True
Epoch [17/100] | Loss: 6.8349 (Cls: 6.8396, TAL: -0.1591, Adv: 0.1798, OT-Reg: 0.001612) | OT inner objective: 0.0906 | Marginal residual row/col/max: 2.24e-06/2.33e-08/2.24e-06 | Train Acc: 0.2500 | Val Acc: 0.2500 | Val P/R/F1 (Macro): 0.2628/0.3009/0.1744 | LR: 0.000003
Epoch [18/100] | SVD update #18: pairs=128, sweeps=5, converged=True, rel_change=2.504e-04, effective_ranks=(127, 17), class_paired=True
Epoch [18/100] | Loss: 6.6338 (Cls: 6.6624, TAL: -0.3628, Adv: 0.1864, OT-Reg: 0.001492) | OT inner objective: -0.1260 | Marginal residual row/col/max: 2.77e-04/2.00e-08/2.77e-04 | Train Acc: 0.2734 | Val Acc: 0.3889 | Val P/R/F1 (Macro): 0.2810/0.4630/0.3219 | LR: 0.000003
  >>> New Best Val Acc: 0.3889
Epoch [19/100] | SVD update #19: pairs=128, sweeps=4, converged=True, rel_change=1.530e-04, effective_ranks=(127, 18), class_paired=True
Epoch [19/100] | Loss: 6.3047 (Cls: 6.3476, TAL: -0.4769, Adv: 0.1799, OT-Reg: 0.001571) | OT inner objective: -0.1898 | Marginal residual row/col/max: 1.90e-04/1.12e-08/1.90e-04 | Train Acc: 0.2812 | Val Acc: 0.3056 | Val P/R/F1 (Macro): 0.2065/0.3537/0.2421 | LR: 0.000003
Epoch [20/100] | SVD update #20: pairs=128, sweeps=4, converged=True, rel_change=2.442e-05, effective_ranks=(127, 15), class_paired=True
Epoch [20/100] | Loss: 6.8141 (Cls: 6.8689, TAL: -0.5537, Adv: 0.1448, OT-Reg: 0.001505) | OT inner objective: -0.2000 | Marginal residual row/col/max: 7.99e-04/1.54e-08/7.99e-04 | Train Acc: 0.2578 | Val Acc: 0.4722 | Val P/R/F1 (Macro): 0.3775/0.4278/0.3693 | LR: 0.000003
  >>> New Best Val Acc: 0.4722
Epoch [21/100] | SVD update #21: pairs=128, sweeps=4, converged=True, rel_change=2.025e-04, effective_ranks=(127, 15), class_paired=True
Epoch [21/100] | Loss: 6.1853 (Cls: 6.2328, TAL: -0.4999, Adv: 0.1560, OT-Reg: 0.001628) | OT inner objective: -0.1342 | Marginal residual row/col/max: 2.00e-04/9.31e-09/2.00e-04 | Train Acc: 0.2812 | Val Acc: 0.4167 | Val P/R/F1 (Macro): 0.2259/0.3083/0.2574 | LR: 0.000003
Epoch [22/100] | SVD update #22: pairs=128, sweeps=3, converged=True, rel_change=6.379e-04, effective_ranks=(127, 16), class_paired=True
Epoch [22/100] | Loss: 6.9342 (Cls: 6.9641, TAL: -0.3803, Adv: 0.1967, OT-Reg: 0.001490) | OT inner objective: -0.0479 | Marginal residual row/col/max: 2.43e-04/1.16e-08/2.43e-04 | Train Acc: 0.2188 | Val Acc: 0.3611 | Val P/R/F1 (Macro): 0.2698/0.4139/0.2726 | LR: 0.000003
Epoch [23/100] | SVD update #23: pairs=128, sweeps=3, converged=True, rel_change=2.646e-04, effective_ranks=(127, 18), class_paired=True
Epoch [23/100] | Loss: 5.9806 (Cls: 6.0339, TAL: -0.5392, Adv: 0.1427, OT-Reg: 0.001515) | OT inner objective: -0.2252 | Marginal residual row/col/max: 1.91e-04/9.78e-09/1.91e-04 | Train Acc: 0.2969 | Val Acc: 0.4167 | Val P/R/F1 (Macro): 0.3019/0.4102/0.3202 | LR: 0.000003
Epoch [24/100] | SVD update #24: pairs=128, sweeps=4, converged=True, rel_change=8.190e-05, effective_ranks=(127, 19), class_paired=True
Epoch [24/100] | Loss: 6.0496 (Cls: 6.0932, TAL: -0.4499, Adv: 0.1290, OT-Reg: 0.001645) | OT inner objective: -0.1643 | Marginal residual row/col/max: 4.03e-05/1.35e-08/4.03e-05 | Train Acc: 0.3203 | Val Acc: 0.3611 | Val P/R/F1 (Macro): 0.3330/0.4037/0.2993 | LR: 0.000003
Epoch [25/100] | SVD update #25: pairs=128, sweeps=4, converged=True, rel_change=1.782e-04, effective_ranks=(127, 18), class_paired=True
Epoch [25/100] | Loss: 5.8795 (Cls: 5.9016, TAL: -0.2798, Adv: 0.1435, OT-Reg: 0.001705) | OT inner objective: -0.0757 | Marginal residual row/col/max: 2.87e-05/1.02e-08/2.87e-05 | Train Acc: 0.3203 | Val Acc: 0.5000 | Val P/R/F1 (Macro): 0.4552/0.4454/0.3920 | LR: 0.000003
  >>> New Best Val Acc: 0.5000
Epoch [26/100] | SVD update #26: pairs=128, sweeps=4, converged=True, rel_change=3.586e-04, effective_ranks=(127, 16), class_paired=True
Epoch [26/100] | Loss: 5.7111 (Cls: 5.7492, TAL: -0.3985, Adv: 0.1209, OT-Reg: 0.001636) | OT inner objective: -0.1234 | Marginal residual row/col/max: 1.63e-05/1.12e-08/1.63e-05 | Train Acc: 0.3203 | Val Acc: 0.3889 | Val P/R/F1 (Macro): 0.3845/0.3241/0.2939 | LR: 0.000003
Epoch [27/100] | SVD update #27: pairs=128, sweeps=4, converged=True, rel_change=4.069e-04, effective_ranks=(127, 19), class_paired=True
Epoch [27/100] | Loss: 5.9400 (Cls: 5.9831, TAL: -0.4520, Adv: 0.1394, OT-Reg: 0.001699) | OT inner objective: -0.1445 | Marginal residual row/col/max: 6.91e-05/1.07e-08/6.91e-05 | Train Acc: 0.2812 | Val Acc: 0.4444 | Val P/R/F1 (Macro): 0.4481/0.5000/0.4467 | LR: 0.000003
Epoch [28/100] | SVD update #28: pairs=128, sweeps=4, converged=True, rel_change=2.671e-04, effective_ranks=(127, 17), class_paired=True
Epoch [28/100] | Loss: 5.7690 (Cls: 5.8002, TAL: -0.3417, Adv: 0.1221, OT-Reg: 0.001658) | OT inner objective: -0.0998 | Marginal residual row/col/max: 9.97e-05/1.02e-08/9.97e-05 | Train Acc: 0.3203 | Val Acc: 0.3611 | Val P/R/F1 (Macro): 0.4538/0.4787/0.3035 | LR: 0.000003
Epoch [29/100] | SVD update #29: pairs=128, sweeps=4, converged=True, rel_change=2.369e-04, effective_ranks=(127, 18), class_paired=True
Epoch [29/100] | Loss: 5.4478 (Cls: 5.5022, TAL: -0.5577, Adv: 0.1565, OT-Reg: 0.001636) | OT inner objective: -0.2391 | Marginal residual row/col/max: 7.40e-05/1.30e-08/7.40e-05 | Train Acc: 0.3594 | Val Acc: 0.5833 | Val P/R/F1 (Macro): 0.4935/0.6130/0.5043 | LR: 0.000003
  >>> New Best Val Acc: 0.5833
Epoch [30/100] | SVD update #30: pairs=128, sweeps=3, converged=True, rel_change=3.206e-04, effective_ranks=(127, 20), class_paired=True
Epoch [30/100] | Loss: 5.5546 (Cls: 5.6043, TAL: -0.5089, Adv: 0.1430, OT-Reg: 0.001627) | OT inner objective: -0.2119 | Marginal residual row/col/max: 1.16e-04/1.07e-08/1.16e-04 | Train Acc: 0.3906 | Val Acc: 0.5556 | Val P/R/F1 (Macro): 0.5757/0.6667/0.5671 | LR: 0.000003
Epoch [31/100] | SVD update #31: pairs=128, sweeps=3, converged=True, rel_change=8.864e-04, effective_ranks=(126, 18), class_paired=True
Epoch [31/100] | Loss: 5.2629 (Cls: 5.3056, TAL: -0.4404, Adv: 0.1258, OT-Reg: 0.001698) | OT inner objective: -0.1429 | Marginal residual row/col/max: 1.07e-04/1.12e-08/1.07e-04 | Train Acc: 0.4219 | Val Acc: 0.6944 | Val P/R/F1 (Macro): 0.7463/0.7611/0.7178 | LR: 0.000003
  >>> New Best Val Acc: 0.6944
Epoch [32/100] | SVD update #32: pairs=128, sweeps=3, converged=True, rel_change=2.787e-04, effective_ranks=(127, 19), class_paired=True
Epoch [32/100] | Loss: 5.5334 (Cls: 5.5600, TAL: -0.3232, Adv: 0.1514, OT-Reg: 0.001653) | OT inner objective: -0.0844 | Marginal residual row/col/max: 2.83e-05/1.49e-08/2.83e-05 | Train Acc: 0.4141 | Val Acc: 0.5000 | Val P/R/F1 (Macro): 0.4405/0.5963/0.4845 | LR: 0.000003
Epoch [33/100] | SVD update #33: pairs=128, sweeps=3, converged=True, rel_change=8.352e-04, effective_ranks=(127, 20), class_paired=True
Epoch [33/100] | Loss: 5.3865 (Cls: 5.4254, TAL: -0.4209, Adv: 0.1440, OT-Reg: 0.001676) | OT inner objective: -0.1342 | Marginal residual row/col/max: 1.35e-04/1.07e-08/1.35e-04 | Train Acc: 0.4609 | Val Acc: 0.5556 | Val P/R/F1 (Macro): 0.5370/0.6204/0.5617 | LR: 0.000003
Epoch [34/100] | SVD update #34: pairs=128, sweeps=3, converged=True, rel_change=7.718e-04, effective_ranks=(127, 20), class_paired=True
Epoch [34/100] | Loss: 5.2360 (Cls: 5.2815, TAL: -0.4718, Adv: 0.1384, OT-Reg: 0.001647) | OT inner objective: -0.1957 | Marginal residual row/col/max: 6.52e-05/1.35e-08/6.52e-05 | Train Acc: 0.4609 | Val Acc: 0.4722 | Val P/R/F1 (Macro): 0.4741/0.5463/0.4720 | LR: 0.000003
Epoch [35/100] | SVD update #35: pairs=128, sweeps=4, converged=True, rel_change=3.635e-04, effective_ranks=(127, 22), class_paired=True
Epoch [35/100] | Loss: 5.7292 (Cls: 5.7780, TAL: -0.4989, Adv: 0.1389, OT-Reg: 0.001664) | OT inner objective: -0.2763 | Marginal residual row/col/max: 6.69e-05/9.78e-09/6.69e-05 | Train Acc: 0.3828 | Val Acc: 0.6111 | Val P/R/F1 (Macro): 0.4217/0.6250/0.4938 | LR: 0.000003
Epoch [36/100] | SVD update #36: pairs=128, sweeps=4, converged=True, rel_change=1.283e-04, effective_ranks=(127, 21), class_paired=True
Epoch [36/100] | Loss: 5.3871 (Cls: 5.4327, TAL: -0.4570, Adv: 0.1156, OT-Reg: 0.001592) | OT inner objective: -0.1960 | Marginal residual row/col/max: 1.27e-04/1.07e-08/1.27e-04 | Train Acc: 0.3906 | Val Acc: 0.4444 | Val P/R/F1 (Macro): 0.5265/0.5454/0.4543 | LR: 0.000003
Epoch [37/100] | SVD update #37: pairs=128, sweeps=3, converged=True, rel_change=8.218e-04, effective_ranks=(127, 23), class_paired=True
Epoch [37/100] | Loss: 5.8503 (Cls: 5.8871, TAL: -0.3935, Adv: 0.1314, OT-Reg: 0.001686) | OT inner objective: -0.2196 | Marginal residual row/col/max: 6.81e-05/9.31e-09/6.81e-05 | Train Acc: 0.4062 | Val Acc: 0.3889 | Val P/R/F1 (Macro): 0.3796/0.4213/0.3433 | LR: 0.000003
Epoch [38/100] | SVD update #38: pairs=128, sweeps=3, converged=True, rel_change=3.910e-04, effective_ranks=(127, 23), class_paired=True
Epoch [38/100] | Loss: 5.1469 (Cls: 5.1928, TAL: -0.4561, Adv: 0.1104, OT-Reg: 0.001734) | OT inner objective: -0.1520 | Marginal residual row/col/max: 2.66e-05/1.16e-08/2.66e-05 | Train Acc: 0.4766 | Val Acc: 0.6111 | Val P/R/F1 (Macro): 0.5776/0.6796/0.6032 | LR: 0.000003
Epoch [39/100] | SVD update #39: pairs=128, sweeps=4, converged=True, rel_change=4.308e-04, effective_ranks=(127, 24), class_paired=True
Epoch [39/100] | Loss: 5.3393 (Cls: 5.3841, TAL: -0.4683, Adv: 0.1415, OT-Reg: 0.001724) | OT inner objective: -0.1325 | Marginal residual row/col/max: 8.24e-05/9.31e-09/8.24e-05 | Train Acc: 0.4688 | Val Acc: 0.6389 | Val P/R/F1 (Macro): 0.5778/0.6093/0.5710 | LR: 0.000003
Epoch [40/100] | SVD update #40: pairs=128, sweeps=4, converged=True, rel_change=3.890e-04, effective_ranks=(127, 21), class_paired=True
Epoch [40/100] | Loss: 5.2725 (Cls: 5.3151, TAL: -0.4339, Adv: 0.1191, OT-Reg: 0.001643) | OT inner objective: -0.2482 | Marginal residual row/col/max: 6.30e-05/1.02e-08/6.30e-05 | Train Acc: 0.3047 | Val Acc: 0.4722 | Val P/R/F1 (Macro): 0.4651/0.4843/0.4169 | LR: 0.000003
Epoch [41/100] | SVD update #41: pairs=128, sweeps=3, converged=True, rel_change=4.727e-04, effective_ranks=(127, 22), class_paired=True
Epoch [41/100] | Loss: 4.6744 (Cls: 4.7362, TAL: -0.5845, Adv: 0.1048, OT-Reg: 0.001746) | OT inner objective: -0.2065 | Marginal residual row/col/max: 9.85e-05/1.21e-08/9.85e-05 | Train Acc: 0.4141 | Val Acc: 0.5556 | Val P/R/F1 (Macro): 0.5582/0.6454/0.5841 | LR: 0.000003
Epoch [42/100] | SVD update #42: pairs=128, sweeps=3, converged=True, rel_change=7.937e-04, effective_ranks=(127, 18), class_paired=True
Epoch [42/100] | Loss: 4.9324 (Cls: 4.9837, TAL: -0.5163, Adv: 0.1333, OT-Reg: 0.001686) | OT inner objective: -0.1518 | Marginal residual row/col/max: 1.04e-04/1.02e-08/1.04e-04 | Train Acc: 0.5156 | Val Acc: 0.5278 | Val P/R/F1 (Macro): 0.5809/0.6565/0.5309 | LR: 0.000001
Epoch [43/100] | SVD update #43: pairs=128, sweeps=3, converged=True, rel_change=5.968e-04, effective_ranks=(127, 21), class_paired=True
Epoch [43/100] | Loss: 5.4390 (Cls: 5.4894, TAL: -0.5062, Adv: 0.1293, OT-Reg: 0.001573) | OT inner objective: -0.2350 | Marginal residual row/col/max: 1.62e-04/9.78e-09/1.62e-04 | Train Acc: 0.3984 | Val Acc: 0.5833 | Val P/R/F1 (Macro): 0.5370/0.6602/0.5429 | LR: 0.000001
Epoch [44/100] | SVD update #44: pairs=128, sweeps=6, converged=True, rel_change=4.279e-04, effective_ranks=(127, 22), class_paired=True
Epoch [44/100] | Loss: 5.2110 (Cls: 5.2549, TAL: -0.4317, Adv: 0.0985, OT-Reg: 0.001583) | OT inner objective: -0.1429 | Marginal residual row/col/max: 1.58e-04/1.77e-08/1.58e-04 | Train Acc: 0.4766 | Val Acc: 0.5278 | Val P/R/F1 (Macro): 0.4431/0.6019/0.4753 | LR: 0.000001
Epoch [45/100] | SVD update #45: pairs=128, sweeps=4, converged=True, rel_change=2.995e-04, effective_ranks=(127, 25), class_paired=True
Epoch [45/100] | Loss: 5.0414 (Cls: 5.0994, TAL: -0.5528, Adv: 0.1041, OT-Reg: 0.001757) | OT inner objective: -0.1804 | Marginal residual row/col/max: 2.11e-05/1.07e-08/2.11e-05 | Train Acc: 0.4688 | Val Acc: 0.6111 | Val P/R/F1 (Macro): 0.5241/0.5926/0.5239 | LR: 0.000001
Epoch [46/100] | SVD update #46: pairs=128, sweeps=4, converged=True, rel_change=1.817e-04, effective_ranks=(127, 26), class_paired=True
Epoch [46/100] | Loss: 4.9748 (Cls: 5.0295, TAL: -0.5150, Adv: 0.0887, OT-Reg: 0.001627) | OT inner objective: -0.2253 | Marginal residual row/col/max: 2.51e-04/1.07e-08/2.51e-04 | Train Acc: 0.5234 | Val Acc: 0.6389 | Val P/R/F1 (Macro): 0.6061/0.6426/0.5640 | LR: 0.000001
Epoch [47/100] | SVD update #47: pairs=128, sweeps=4, converged=True, rel_change=1.621e-04, effective_ranks=(127, 26), class_paired=True
Epoch [47/100] | Loss: 4.9270 (Cls: 4.9831, TAL: -0.5243, Adv: 0.0860, OT-Reg: 0.001637) | OT inner objective: -0.1747 | Marginal residual row/col/max: 3.98e-05/1.16e-08/3.98e-05 | Train Acc: 0.5078 | Val Acc: 0.6667 | Val P/R/F1 (Macro): 0.5837/0.6324/0.5880 | LR: 0.000001
Epoch [48/100] | SVD update #48: pairs=128, sweeps=6, converged=True, rel_change=5.014e-04, effective_ranks=(127, 24), class_paired=True
Epoch [48/100] | Loss: 4.8823 (Cls: 4.9360, TAL: -0.5236, Adv: 0.1137, OT-Reg: 0.001708) | OT inner objective: -0.2415 | Marginal residual row/col/max: 1.38e-04/1.21e-08/1.38e-04 | Train Acc: 0.4766 | Val Acc: 0.6389 | Val P/R/F1 (Macro): 0.6672/0.7157/0.6852 | LR: 0.000001
Epoch [49/100] | SVD update #49: pairs=128, sweeps=3, converged=True, rel_change=4.994e-04, effective_ranks=(126, 22), class_paired=True
Epoch [49/100] | Loss: 4.9767 (Cls: 5.0262, TAL: -0.4710, Adv: 0.0871, OT-Reg: 0.001651) | OT inner objective: -0.2025 | Marginal residual row/col/max: 1.10e-04/9.78e-09/1.10e-04 | Train Acc: 0.4375 | Val Acc: 0.6667 | Val P/R/F1 (Macro): 0.6017/0.7037/0.6093 | LR: 0.000001
Epoch [50/100] | SVD update #50: pairs=128, sweeps=4, converged=True, rel_change=3.398e-04, effective_ranks=(127, 22), class_paired=True
Epoch [50/100] | Loss: 4.7326 (Cls: 4.7726, TAL: -0.4008, Adv: 0.1011, OT-Reg: 0.001671) | OT inner objective: -0.2651 | Marginal residual row/col/max: 2.51e-05/8.38e-09/2.51e-05 | Train Acc: 0.4844 | Val Acc: 0.6944 | Val P/R/F1 (Macro): 0.6266/0.7194/0.6489 | LR: 0.000001
Epoch [51/100] | SVD update #51: pairs=128, sweeps=3, converged=True, rel_change=1.605e-04, effective_ranks=(127, 26), class_paired=True
Epoch [51/100] | Loss: 4.6785 (Cls: 4.7415, TAL: -0.5817, Adv: 0.0851, OT-Reg: 0.001528) | OT inner objective: -0.1596 | Marginal residual row/col/max: 5.31e-05/1.26e-08/5.31e-05 | Train Acc: 0.5547 | Val Acc: 0.5278 | Val P/R/F1 (Macro): 0.3384/0.5056/0.3965 | LR: 0.000001
Epoch [52/100] | SVD update #52: pairs=128, sweeps=4, converged=True, rel_change=1.755e-04, effective_ranks=(127, 25), class_paired=True
Epoch [52/100] | Loss: 5.0658 (Cls: 5.0996, TAL: -0.3614, Adv: 0.1197, OT-Reg: 0.001566) | OT inner objective: -0.0876 | Marginal residual row/col/max: 1.04e-05/1.16e-08/1.04e-05 | Train Acc: 0.4688 | Val Acc: 0.6111 | Val P/R/F1 (Macro): 0.7130/0.6731/0.6432 | LR: 0.000001
Epoch [53/100] | SVD update #53: pairs=128, sweeps=3, converged=True, rel_change=2.549e-04, effective_ranks=(127, 25), class_paired=True
Epoch [53/100] | Loss: 4.6356 (Cls: 4.6866, TAL: -0.4803, Adv: 0.0836, OT-Reg: 0.001603) | OT inner objective: -0.1776 | Marginal residual row/col/max: 2.20e-04/1.21e-08/2.20e-04 | Train Acc: 0.5000 | Val Acc: 0.6389 | Val P/R/F1 (Macro): 0.7152/0.6917/0.6552 | LR: 0.000001
Epoch [54/100] | SVD update #54: pairs=128, sweeps=3, converged=True, rel_change=5.751e-04, effective_ranks=(127, 26), class_paired=True
Epoch [54/100] | Loss: 4.5827 (Cls: 4.6400, TAL: -0.5415, Adv: 0.0959, OT-Reg: 0.001711) | OT inner objective: -0.1240 | Marginal residual row/col/max: 1.01e-04/1.02e-08/1.01e-04 | Train Acc: 0.6016 | Val Acc: 0.5833 | Val P/R/F1 (Macro): 0.6402/0.6963/0.6117 | LR: 0.000001
Epoch [55/100] | SVD update #55: pairs=128, sweeps=4, converged=True, rel_change=2.378e-04, effective_ranks=(127, 27), class_paired=True
Epoch [55/100] | Loss: 4.8329 (Cls: 4.8811, TAL: -0.4614, Adv: 0.0891, OT-Reg: 0.001782) | OT inner objective: -0.1333 | Marginal residual row/col/max: 1.30e-05/1.02e-08/1.30e-05 | Train Acc: 0.4453 | Val Acc: 0.5556 | Val P/R/F1 (Macro): 0.6587/0.6778/0.5990 | LR: 0.000001
Epoch [56/100] | SVD update #56: pairs=128, sweeps=4, converged=True, rel_change=8.810e-04, effective_ranks=(127, 28), class_paired=True
Epoch [56/100] | Loss: 4.4336 (Cls: 4.4866, TAL: -0.5021, Adv: 0.0901, OT-Reg: 0.001802) | OT inner objective: -0.0998 | Marginal residual row/col/max: 3.25e-05/9.78e-09/3.25e-05 | Train Acc: 0.5469 | Val Acc: 0.5000 | Val P/R/F1 (Macro): 0.3926/0.5130/0.4217 | LR: 0.000001
Epoch [57/100] | SVD update #57: pairs=128, sweeps=4, converged=True, rel_change=5.695e-04, effective_ranks=(127, 29), class_paired=True
Epoch [57/100] | Loss: 4.7980 (Cls: 4.8437, TAL: -0.4450, Adv: 0.0969, OT-Reg: 0.001713) | OT inner objective: -0.1972 | Marginal residual row/col/max: 2.45e-04/1.02e-08/2.45e-04 | Train Acc: 0.5547 | Val Acc: 0.5833 | Val P/R/F1 (Macro): 0.6183/0.6269/0.5387 | LR: 0.000001
Epoch [58/100] | SVD update #58: pairs=128, sweeps=4, converged=True, rel_change=1.661e-04, effective_ranks=(127, 29), class_paired=True
Epoch [58/100] | Loss: 4.9249 (Cls: 4.9770, TAL: -0.4996, Adv: 0.0972, OT-Reg: 0.001661) | OT inner objective: -0.2442 | Marginal residual row/col/max: 6.41e-05/1.02e-08/6.41e-05 | Train Acc: 0.4766 | Val Acc: 0.5278 | Val P/R/F1 (Macro): 0.5841/0.5815/0.5350 | LR: 0.000001
Epoch [59/100] | SVD update #59: pairs=128, sweeps=3, converged=True, rel_change=7.833e-05, effective_ranks=(127, 26), class_paired=True
Epoch [59/100] | Loss: 5.0031 (Cls: 5.0596, TAL: -0.5273, Adv: 0.0847, OT-Reg: 0.001712) | OT inner objective: -0.1649 | Marginal residual row/col/max: 2.32e-04/1.26e-08/2.32e-04 | Train Acc: 0.4062 | Val Acc: 0.5278 | Val P/R/F1 (Macro): 0.5625/0.6000/0.5453 | LR: 0.000001
Epoch [60/100] | SVD update #60: pairs=128, sweeps=4, converged=True, rel_change=1.855e-04, effective_ranks=(127, 25), class_paired=True
Epoch [60/100] | Loss: 4.7856 (Cls: 4.8278, TAL: -0.4040, Adv: 0.0794, OT-Reg: 0.001622) | OT inner objective: -0.0973 | Marginal residual row/col/max: 4.72e-06/1.44e-08/4.72e-06 | Train Acc: 0.5234 | Val Acc: 0.5556 | Val P/R/F1 (Macro): 0.5728/0.6148/0.5808 | LR: 0.000001
Epoch [61/100] | SVD update #61: pairs=128, sweeps=4, converged=True, rel_change=1.466e-04, effective_ranks=(127, 22), class_paired=True
Epoch [61/100] | Loss: 4.7389 (Cls: 4.7859, TAL: -0.4531, Adv: 0.0910, OT-Reg: 0.001655) | OT inner objective: -0.1757 | Marginal residual row/col/max: 1.86e-05/1.12e-08/1.86e-05 | Train Acc: 0.5234 | Val Acc: 0.5833 | Val P/R/F1 (Macro): 0.6550/0.6315/0.6341 | LR: 0.000001
Epoch [62/100] | SVD update #62: pairs=128, sweeps=3, converged=True, rel_change=9.308e-04, effective_ranks=(127, 26), class_paired=True
Epoch [62/100] | Loss: 4.8979 (Cls: 4.9602, TAL: -0.5748, Adv: 0.0840, OT-Reg: 0.001541) | OT inner objective: -0.1763 | Marginal residual row/col/max: 1.78e-04/1.16e-08/1.78e-04 | Train Acc: 0.5156 | Val Acc: 0.5556 | Val P/R/F1 (Macro): 0.4241/0.5009/0.4222 | LR: 0.000001
Epoch [63/100] | SVD update #63: pairs=128, sweeps=3, converged=True, rel_change=1.714e-04, effective_ranks=(127, 31), class_paired=True
Epoch [63/100] | Loss: 4.5513 (Cls: 4.6061, TAL: -0.5179, Adv: 0.0925, OT-Reg: 0.001703) | OT inner objective: -0.1968 | Marginal residual row/col/max: 2.80e-05/1.35e-08/2.80e-05 | Train Acc: 0.5859 | Val Acc: 0.6111 | Val P/R/F1 (Macro): 0.5519/0.5991/0.5557 | LR: 0.000001
Epoch [64/100] | SVD update #64: pairs=128, sweeps=4, converged=True, rel_change=2.449e-04, effective_ranks=(127, 32), class_paired=True
Epoch [64/100] | Loss: 4.5636 (Cls: 4.6165, TAL: -0.5078, Adv: 0.0998, OT-Reg: 0.001598) | OT inner objective: -0.1735 | Marginal residual row/col/max: 1.39e-04/1.21e-08/1.39e-04 | Train Acc: 0.4766 | Val Acc: 0.6667 | Val P/R/F1 (Macro): 0.5969/0.6398/0.5797 | LR: 0.000001
Epoch [65/100] | SVD update #65: pairs=128, sweeps=4, converged=True, rel_change=1.642e-04, effective_ranks=(127, 32), class_paired=True
Epoch [65/100] | Loss: 5.7165 (Cls: 5.7703, TAL: -0.5067, Adv: 0.0874, OT-Reg: 0.001619) | OT inner objective: -0.1448 | Marginal residual row/col/max: 2.56e-04/1.77e-08/2.56e-04 | Train Acc: 0.2109 | Val Acc: 0.4167 | Val P/R/F1 (Macro): 0.2463/0.3370/0.2693 | LR: 0.000001
Epoch [66/100] | SVD update #66: pairs=128, sweeps=4, converged=True, rel_change=3.266e-04, effective_ranks=(127, 35), class_paired=True
Epoch [66/100] | Loss: 4.3777 (Cls: 4.4362, TAL: -0.5397, Adv: 0.0787, OT-Reg: 0.001551) | OT inner objective: -0.2285 | Marginal residual row/col/max: 1.83e-04/1.26e-08/1.83e-04 | Train Acc: 0.6172 | Val Acc: 0.6389 | Val P/R/F1 (Macro): 0.6815/0.7204/0.6416 | LR: 0.000001
Epoch [67/100] | SVD update #67: pairs=128, sweeps=3, converged=True, rel_change=5.519e-04, effective_ranks=(127, 30), class_paired=True
Epoch [67/100] | Loss: 4.2919 (Cls: 4.3492, TAL: -0.5271, Adv: 0.0749, OT-Reg: 0.001671) | OT inner objective: -0.1538 | Marginal residual row/col/max: 1.16e-04/1.07e-08/1.16e-04 | Train Acc: 0.5625 | Val Acc: 0.6389 | Val P/R/F1 (Macro): 0.6410/0.7083/0.6202 | LR: 0.000001
Epoch [68/100] | SVD update #68: pairs=128, sweeps=4, converged=True, rel_change=5.136e-04, effective_ranks=(127, 34), class_paired=True
Epoch [68/100] | Loss: 4.6996 (Cls: 4.7594, TAL: -0.5533, Adv: 0.0827, OT-Reg: 0.001715) | OT inner objective: -0.1539 | Marginal residual row/col/max: 1.61e-04/1.07e-08/1.61e-04 | Train Acc: 0.5156 | Val Acc: 0.5000 | Val P/R/F1 (Macro): 0.3944/0.4602/0.3744 | LR: 0.000001
Epoch [69/100] | SVD update #69: pairs=128, sweeps=4, converged=True, rel_change=3.692e-04, effective_ranks=(127, 31), class_paired=True
Epoch [69/100] | Loss: 4.6914 (Cls: 4.7480, TAL: -0.5259, Adv: 0.0814, OT-Reg: 0.001646) | OT inner objective: -0.1022 | Marginal residual row/col/max: 3.27e-05/9.31e-09/3.27e-05 | Train Acc: 0.4922 | Val Acc: 0.5556 | Val P/R/F1 (Macro): 0.5997/0.6176/0.6033 | LR: 0.000001
Epoch [70/100] | SVD update #70: pairs=128, sweeps=3, converged=True, rel_change=5.079e-04, effective_ranks=(127, 33), class_paired=True
Epoch [70/100] | Loss: 4.4802 (Cls: 4.5345, TAL: -0.5175, Adv: 0.0975, OT-Reg: 0.001718) | OT inner objective: -0.1711 | Marginal residual row/col/max: 9.76e-05/9.78e-09/9.76e-05 | Train Acc: 0.5156 | Val Acc: 0.5000 | Val P/R/F1 (Macro): 0.4278/0.4778/0.4102 | LR: 0.000001
Epoch [71/100] | SVD update #71: pairs=128, sweeps=4, converged=True, rel_change=2.825e-04, effective_ranks=(127, 30), class_paired=True
Epoch [71/100] | Loss: 4.6084 (Cls: 4.6688, TAL: -0.5515, Adv: 0.0715, OT-Reg: 0.001706) | OT inner objective: -0.2202 | Marginal residual row/col/max: 1.61e-04/1.12e-08/1.61e-04 | Train Acc: 0.5469 | Val Acc: 0.5833 | Val P/R/F1 (Macro): 0.6040/0.6231/0.6090 | LR: 0.000001
Epoch [72/100] | SVD update #72: pairs=128, sweeps=4, converged=True, rel_change=3.912e-04, effective_ranks=(127, 32), class_paired=True
Epoch [72/100] | Loss: 5.0367 (Cls: 5.0828, TAL: -0.4357, Adv: 0.0777, OT-Reg: 0.001672) | OT inner objective: -0.1561 | Marginal residual row/col/max: 1.64e-05/1.16e-08/1.64e-05 | Train Acc: 0.4219 | Val Acc: 0.4444 | Val P/R/F1 (Macro): 0.4021/0.4269/0.3625 | LR: 0.000001
Epoch [73/100] | SVD update #73: pairs=128, sweeps=3, converged=True, rel_change=6.302e-04, effective_ranks=(127, 34), class_paired=True
Epoch [73/100] | Loss: 5.0471 (Cls: 5.1038, TAL: -0.5291, Adv: 0.0858, OT-Reg: 0.001695) | OT inner objective: -0.1668 | Marginal residual row/col/max: 6.74e-05/1.49e-08/6.74e-05 | Train Acc: 0.4062 | Val Acc: 0.4722 | Val P/R/F1 (Macro): 0.4228/0.4639/0.4018 | LR: 0.000001
Epoch [74/100] | SVD update #74: pairs=128, sweeps=5, converged=True, rel_change=5.166e-04, effective_ranks=(127, 34), class_paired=True
Epoch [74/100] | Loss: 4.9453 (Cls: 4.9996, TAL: -0.4958, Adv: 0.0647, OT-Reg: 0.001649) | OT inner objective: -0.2527 | Marginal residual row/col/max: 1.30e-05/1.21e-08/1.30e-05 | Train Acc: 0.3984 | Val Acc: 0.5000 | Val P/R/F1 (Macro): 0.5902/0.6037/0.5058 | LR: 0.000001
Epoch [75/100] | SVD update #75: pairs=128, sweeps=4, converged=True, rel_change=3.949e-04, effective_ranks=(127, 34), class_paired=True
Epoch [75/100] | Loss: 4.7194 (Cls: 4.7664, TAL: -0.4473, Adv: 0.0828, OT-Reg: 0.001626) | OT inner objective: -0.1042 | Marginal residual row/col/max: 3.89e-06/8.38e-09/3.89e-06 | Train Acc: 0.4844 | Val Acc: 0.5556 | Val P/R/F1 (Macro): 0.5791/0.5333/0.4687 | LR: 0.000001
Epoch [76/100] | SVD update #76: pairs=128, sweeps=3, converged=True, rel_change=9.099e-04, effective_ranks=(127, 34), class_paired=True
Epoch [76/100] | Loss: 4.4503 (Cls: 4.5084, TAL: -0.5426, Adv: 0.0881, OT-Reg: 0.001695) | OT inner objective: -0.2146 | Marginal residual row/col/max: 4.45e-05/1.12e-08/4.45e-05 | Train Acc: 0.5234 | Val Acc: 0.5833 | Val P/R/F1 (Macro): 0.5161/0.5528/0.5054 | LR: 0.000001
Epoch [77/100] | SVD update #77: pairs=128, sweeps=3, converged=True, rel_change=2.218e-04, effective_ranks=(127, 36), class_paired=True
Epoch [77/100] | Loss: 4.4055 (Cls: 4.4588, TAL: -0.4919, Adv: 0.0708, OT-Reg: 0.001600) | OT inner objective: -0.1290 | Marginal residual row/col/max: 4.02e-05/1.40e-08/4.02e-05 | Train Acc: 0.4922 | Val Acc: 0.5278 | Val P/R/F1 (Macro): 0.5311/0.5065/0.4797 | LR: 0.000001
Epoch [78/100] | SVD update #78: pairs=128, sweeps=3, converged=True, rel_change=9.542e-04, effective_ranks=(127, 33), class_paired=True
Epoch [78/100] | Loss: 4.7201 (Cls: 4.7757, TAL: -0.5191, Adv: 0.0826, OT-Reg: 0.001594) | OT inner objective: -0.2109 | Marginal residual row/col/max: 1.33e-05/1.02e-08/1.33e-05 | Train Acc: 0.5000 | Val Acc: 0.6389 | Val P/R/F1 (Macro): 0.5914/0.5852/0.5269 | LR: 0.000001
Epoch [79/100] | SVD update #79: pairs=128, sweeps=3, converged=True, rel_change=5.485e-04, effective_ranks=(127, 34), class_paired=True
Epoch [79/100] | Loss: 5.4347 (Cls: 5.4812, TAL: -0.4356, Adv: 0.0718, OT-Reg: 0.001564) | OT inner objective: -0.1231 | Marginal residual row/col/max: 4.54e-06/1.02e-08/4.54e-06 | Train Acc: 0.3516 | Val Acc: 0.4722 | Val P/R/F1 (Macro): 0.3825/0.3843/0.3354 | LR: 0.000001
Epoch [80/100] | SVD update #80: pairs=128, sweeps=4, converged=True, rel_change=3.835e-04, effective_ranks=(127, 37), class_paired=True
Epoch [80/100] | Loss: 4.1552 (Cls: 4.2015, TAL: -0.4275, Adv: 0.0625, OT-Reg: 0.001542) | OT inner objective: -0.1468 | Marginal residual row/col/max: 8.91e-06/1.12e-08/8.91e-06 | Train Acc: 0.6484 | Val Acc: 0.7222 | Val P/R/F1 (Macro): 0.6420/0.6676/0.6279 | LR: 0.000001
  >>> New Best Val Acc: 0.7222
Epoch [81/100] | SVD update #81: pairs=128, sweeps=3, converged=True, rel_change=7.089e-04, effective_ranks=(127, 36), class_paired=True
Epoch [81/100] | Loss: 4.5372 (Cls: 4.5824, TAL: -0.4186, Adv: 0.0629, OT-Reg: 0.001758) | OT inner objective: -0.0826 | Marginal residual row/col/max: 1.55e-04/1.12e-08/1.55e-04 | Train Acc: 0.5234 | Val Acc: 0.6389 | Val P/R/F1 (Macro): 0.6417/0.5880/0.5472 | LR: 0.000001
Epoch [82/100] | SVD update #82: pairs=128, sweeps=4, converged=True, rel_change=1.738e-04, effective_ranks=(127, 34), class_paired=True
Epoch [82/100] | Loss: 4.9911 (Cls: 5.0370, TAL: -0.4372, Adv: 0.0830, OT-Reg: 0.001672) | OT inner objective: -0.1479 | Marginal residual row/col/max: 2.24e-05/1.35e-08/2.24e-05 | Train Acc: 0.3359 | Val Acc: 0.6111 | Val P/R/F1 (Macro): 0.4238/0.4824/0.4423 | LR: 0.000001
Epoch [83/100] | SVD update #83: pairs=128, sweeps=3, converged=True, rel_change=7.258e-04, effective_ranks=(127, 37), class_paired=True
Epoch [83/100] | Loss: 4.3602 (Cls: 4.4148, TAL: -0.5034, Adv: 0.0734, OT-Reg: 0.001526) | OT inner objective: -0.2240 | Marginal residual row/col/max: 1.80e-04/1.02e-08/1.80e-04 | Train Acc: 0.5391 | Val Acc: 0.5278 | Val P/R/F1 (Macro): 0.5828/0.6269/0.5972 | LR: 0.000001
Epoch [84/100] | SVD update #84: pairs=128, sweeps=3, converged=True, rel_change=2.425e-04, effective_ranks=(127, 37), class_paired=True
Epoch [84/100] | Loss: 4.4335 (Cls: 4.4797, TAL: -0.4428, Adv: 0.0868, OT-Reg: 0.001621) | OT inner objective: -0.1844 | Marginal residual row/col/max: 1.78e-04/9.78e-09/1.78e-04 | Train Acc: 0.4844 | Val Acc: 0.6389 | Val P/R/F1 (Macro): 0.6329/0.7102/0.6279 | LR: 0.000001
Epoch [85/100] | SVD update #85: pairs=128, sweeps=4, converged=True, rel_change=3.115e-04, effective_ranks=(127, 36), class_paired=True
Epoch [85/100] | Loss: 4.3101 (Cls: 4.3658, TAL: -0.5130, Adv: 0.0730, OT-Reg: 0.001727) | OT inner objective: -0.1660 | Marginal residual row/col/max: 7.65e-05/2.33e-08/7.65e-05 | Train Acc: 0.5859 | Val Acc: 0.6389 | Val P/R/F1 (Macro): 0.6951/0.7194/0.6592 | LR: 0.000001
Epoch [86/100] | SVD update #86: pairs=128, sweeps=3, converged=True, rel_change=9.606e-04, effective_ranks=(127, 35), class_paired=True
Epoch [86/100] | Loss: 4.7934 (Cls: 4.8376, TAL: -0.4231, Adv: 0.0820, OT-Reg: 0.001720) | OT inner objective: -0.1545 | Marginal residual row/col/max: 8.64e-05/1.30e-08/8.64e-05 | Train Acc: 0.5547 | Val Acc: 0.6389 | Val P/R/F1 (Macro): 0.6894/0.7343/0.6424 | LR: 0.000001
Epoch [87/100] | SVD update #87: pairs=128, sweeps=4, converged=True, rel_change=3.351e-04, effective_ranks=(127, 37), class_paired=True
Epoch [87/100] | Loss: 4.6566 (Cls: 4.7005, TAL: -0.4159, Adv: 0.0742, OT-Reg: 0.001528) | OT inner objective: -0.1291 | Marginal residual row/col/max: 1.98e-04/1.07e-08/1.98e-04 | Train Acc: 0.4609 | Val Acc: 0.5556 | Val P/R/F1 (Macro): 0.6815/0.6306/0.5863 | LR: 0.000001
Epoch [88/100] | SVD update #88: pairs=128, sweeps=4, converged=True, rel_change=1.798e-04, effective_ranks=(127, 37), class_paired=True
Epoch [88/100] | Loss: 4.4937 (Cls: 4.5621, TAL: -0.6140, Adv: 0.0665, OT-Reg: 0.001648) | OT inner objective: -0.1672 | Marginal residual row/col/max: 4.48e-05/1.07e-08/4.48e-05 | Train Acc: 0.4844 | Val Acc: 0.5278 | Val P/R/F1 (Macro): 0.4877/0.5046/0.4259 | LR: 0.000001
Epoch [89/100] | SVD update #89: pairs=128, sweeps=3, converged=True, rel_change=2.546e-04, effective_ranks=(127, 36), class_paired=True
Epoch [89/100] | Loss: 4.9545 (Cls: 4.9983, TAL: -0.4212, Adv: 0.0841, OT-Reg: 0.001591) | OT inner objective: -0.0935 | Marginal residual row/col/max: 4.78e-05/1.40e-08/4.78e-05 | Train Acc: 0.5078 | Val Acc: 0.4444 | Val P/R/F1 (Macro): 0.3519/0.5296/0.3931 | LR: 0.000001
Epoch [90/100] | SVD update #90: pairs=128, sweeps=4, converged=True, rel_change=4.072e-04, effective_ranks=(127, 37), class_paired=True
Epoch [90/100] | Loss: 4.4872 (Cls: 4.5418, TAL: -0.5125, Adv: 0.0856, OT-Reg: 0.001681) | OT inner objective: -0.1452 | Marginal residual row/col/max: 1.48e-05/9.31e-09/1.48e-05 | Train Acc: 0.6094 | Val Acc: 0.6944 | Val P/R/F1 (Macro): 0.7858/0.7241/0.6825 | LR: 0.000001
Epoch [91/100] | SVD update #91: pairs=128, sweeps=3, converged=True, rel_change=3.845e-04, effective_ranks=(126, 37), class_paired=True
Epoch [91/100] | Loss: 4.6923 (Cls: 4.7436, TAL: -0.5240, Adv: 0.1450, OT-Reg: 0.001676) | OT inner objective: -0.2266 | Marginal residual row/col/max: 1.07e-04/1.07e-08/1.07e-04 | Train Acc: 0.5547 | Val Acc: 0.5000 | Val P/R/F1 (Macro): 0.4722/0.5593/0.4932 | LR: 0.000001
Epoch [92/100] | SVD update #92: pairs=128, sweeps=3, converged=True, rel_change=8.287e-04, effective_ranks=(127, 34), class_paired=True
Epoch [92/100] | Loss: 4.8017 (Cls: 4.8479, TAL: -0.4586, Adv: 0.1113, OT-Reg: 0.001739) | OT inner objective: -0.1614 | Marginal residual row/col/max: 8.24e-05/1.02e-08/8.24e-05 | Train Acc: 0.4766 | Val Acc: 0.5556 | Val P/R/F1 (Macro): 0.6152/0.6102/0.5559 | LR: 0.000001
Epoch [93/100] | SVD update #93: pairs=128, sweeps=4, converged=True, rel_change=4.245e-04, effective_ranks=(127, 32), class_paired=True
Epoch [93/100] | Loss: 4.4712 (Cls: 4.5197, TAL: -0.4633, Adv: 0.0886, OT-Reg: 0.001675) | OT inner objective: -0.1603 | Marginal residual row/col/max: 3.78e-05/9.31e-09/3.78e-05 | Train Acc: 0.4766 | Val Acc: 0.4722 | Val P/R/F1 (Macro): 0.4833/0.5824/0.4824 | LR: 0.000001
Epoch [94/100] | SVD update #94: pairs=128, sweeps=4, converged=True, rel_change=3.723e-04, effective_ranks=(127, 37), class_paired=True
Epoch [94/100] | Loss: 4.6257 (Cls: 4.6886, TAL: -0.5777, Adv: 0.0801, OT-Reg: 0.001740) | OT inner objective: -0.2085 | Marginal residual row/col/max: 3.57e-05/9.31e-09/3.57e-05 | Train Acc: 0.5469 | Val Acc: 0.5556 | Val P/R/F1 (Macro): 0.5421/0.6315/0.5345 | LR: 0.000001
Epoch [95/100] | SVD update #95: pairs=128, sweeps=3, converged=True, rel_change=7.332e-04, effective_ranks=(127, 37), class_paired=True
Epoch [95/100] | Loss: 4.7952 (Cls: 4.8552, TAL: -0.5642, Adv: 0.0972, OT-Reg: 0.001713) | OT inner objective: -0.2073 | Marginal residual row/col/max: 2.03e-04/1.02e-08/2.03e-04 | Train Acc: 0.4375 | Val Acc: 0.4722 | Val P/R/F1 (Macro): 0.5180/0.5731/0.4970 | LR: 0.000001
Epoch [96/100] | SVD update #96: pairs=128, sweeps=5, converged=True, rel_change=5.986e-04, effective_ranks=(127, 36), class_paired=True
Epoch [96/100] | Loss: 4.8641 (Cls: 4.9112, TAL: -0.4484, Adv: 0.0839, OT-Reg: 0.001564) | OT inner objective: -0.1534 | Marginal residual row/col/max: 1.01e-04/1.58e-08/1.01e-04 | Train Acc: 0.4531 | Val Acc: 0.5278 | Val P/R/F1 (Macro): 0.5163/0.5657/0.5191 | LR: 0.000001
Epoch [97/100] | SVD update #97: pairs=128, sweeps=4, converged=True, rel_change=2.454e-04, effective_ranks=(127, 37), class_paired=True
Epoch [97/100] | Loss: 4.4874 (Cls: 4.5391, TAL: -0.4799, Adv: 0.0737, OT-Reg: 0.001641) | OT inner objective: -0.1773 | Marginal residual row/col/max: 2.50e-04/1.54e-08/2.50e-04 | Train Acc: 0.5156 | Val Acc: 0.4444 | Val P/R/F1 (Macro): 0.3793/0.4426/0.3804 | LR: 0.000001
Epoch [98/100] | SVD update #98: pairs=128, sweeps=4, converged=True, rel_change=1.640e-04, effective_ranks=(127, 35), class_paired=True
Epoch [98/100] | Loss: 4.7733 (Cls: 4.8318, TAL: -0.5310, Adv: 0.0645, OT-Reg: 0.001660) | OT inner objective: -0.1559 | Marginal residual row/col/max: 2.11e-04/1.12e-08/2.11e-04 | Train Acc: 0.4375 | Val Acc: 0.5556 | Val P/R/F1 (Macro): 0.4413/0.5796/0.4795 | LR: 0.000001
Epoch [99/100] | SVD update #99: pairs=128, sweeps=3, converged=True, rel_change=6.279e-04, effective_ranks=(127, 33), class_paired=True
Epoch [99/100] | Loss: 4.8854 (Cls: 4.9394, TAL: -0.5095, Adv: 0.0902, OT-Reg: 0.001703) | OT inner objective: -0.1848 | Marginal residual row/col/max: 4.21e-05/1.02e-08/4.21e-05 | Train Acc: 0.4531 | Val Acc: 0.5000 | Val P/R/F1 (Macro): 0.4327/0.5417/0.4520 | LR: 0.000001
Epoch [100/100] | SVD update #100: pairs=128, sweeps=3, converged=True, rel_change=9.086e-04, effective_ranks=(127, 32), class_paired=True
Epoch [100/100] | Loss: 4.4506 (Cls: 4.5112, TAL: -0.5550, Adv: 0.0760, OT-Reg: 0.001694) | OT inner objective: -0.1799 | Marginal residual row/col/max: 3.88e-05/9.31e-09/3.88e-05 | Train Acc: 0.5312 | Val Acc: 0.5278 | Val P/R/F1 (Macro): 0.6462/0.5778/0.5165 | LR: 0.000001
Report strategy: best, window=10, reported_acc=0.7222, best_acc=0.7222, selected_epoch=80

迭代 1 报告指标:
  Accuracy: 0.7222
  Precision (Macro): 0.6420
  Recall (Macro): 0.6676
  F1 (Macro): 0.6279
  Precision (Micro): 0.7222
  Recall (Micro): 0.7222
  F1 (Micro): 0.7222
  Val class coverage: 9/14 (0.6429), samples=36

================================================================================
迭代 2/5
随机种子: 43
================================================================================
配对采样器已初始化，共 9 个共有类别。
Training mode: full target-label supervision (class-paired batches).
Feature fusion: Tensor alignment (512+512 -> 16+16); fused_dim=32
Domain adaptation: Neural OT generator with 3-domain discriminator
Loss weights: tensor=0.12, adv=0.08
Transport: mode=sinkhorn, epsilon=0.1, Sinkhorn iterations=50, correction scale=0.1, correction regularization weight=0.001
Tensor projection update: once per epoch from the complete target-training pairing bank; projection_dim=16, max_sweeps=10, relative singular-value tolerance=0.001
Epoch [1/100] | SVD update #1: pairs=128, sweeps=4, converged=True, rel_change=1.543e-04, effective_ranks=(127, 125), class_paired=True
Epoch [1/100] | Loss: 8.5700 (Cls: 8.5169, TAL: 0.2131, Adv: 0.3435, OT-Reg: 0.001631) | OT inner objective: 0.2497 | Marginal residual row/col/max: 1.12e-08/1.63e-08/1.72e-08 | Train Acc: 0.0703 | Val Acc: 0.0000 | Val P/R/F1 (Macro): 0.0000/0.0000/0.0000 | LR: 0.000005
  >>> New Best Val Acc: 0.0000
Epoch [2/100] | SVD update #2: pairs=128, sweeps=3, converged=True, rel_change=4.857e-05, effective_ranks=(127, 98), class_paired=True
Epoch [2/100] | Loss: 8.5770 (Cls: 8.5918, TAL: -0.2996, Adv: 0.2641, OT-Reg: 0.001648) | OT inner objective: 0.2189 | Marginal residual row/col/max: 1.07e-08/1.54e-08/1.54e-08 | Train Acc: 0.1172 | Val Acc: 0.1667 | Val P/R/F1 (Macro): 0.1476/0.2222/0.1250 | LR: 0.000005
  >>> New Best Val Acc: 0.1667
Epoch [3/100] | SVD update #3: pairs=128, sweeps=3, converged=True, rel_change=6.200e-05, effective_ranks=(127, 52), class_paired=True
Epoch [3/100] | Loss: 8.5295 (Cls: 8.5302, TAL: -0.1416, Adv: 0.2034, OT-Reg: 0.001608) | OT inner objective: 0.1482 | Marginal residual row/col/max: 1.21e-08/1.16e-08/1.35e-08 | Train Acc: 0.1250 | Val Acc: 0.2222 | Val P/R/F1 (Macro): 0.1008/0.1667/0.1225 | LR: 0.000005
  >>> New Best Val Acc: 0.2222
Epoch [4/100] | SVD update #4: pairs=128, sweeps=10, converged=False, rel_change=4.741e-01, effective_ranks=(127, 86), class_paired=True
Epoch [4/100] | Loss: 7.8432 (Cls: 7.8232, TAL: 0.0280, Adv: 0.2083, OT-Reg: 0.001665) | OT inner objective: 0.2196 | Marginal residual row/col/max: 1.07e-08/1.72e-08/1.77e-08 | Train Acc: 0.0312 | Val Acc: 0.0556 | Val P/R/F1 (Macro): 0.0407/0.0324/0.0361 | LR: 0.000005
Epoch [5/100] | SVD update #5: pairs=128, sweeps=4, converged=True, rel_change=4.358e-05, effective_ranks=(127, 39), class_paired=True
Epoch [5/100] | Loss: 8.0274 (Cls: 8.0422, TAL: -0.2773, Adv: 0.2309, OT-Reg: 0.001573) | OT inner objective: 0.1930 | Marginal residual row/col/max: 1.58e-08/1.30e-08/1.68e-08 | Train Acc: 0.1094 | Val Acc: 0.2222 | Val P/R/F1 (Macro): 0.1025/0.1944/0.1160 | LR: 0.000005
Epoch [6/100] | SVD update #6: pairs=128, sweeps=3, converged=True, rel_change=8.753e-04, effective_ranks=(127, 56), class_paired=True
Epoch [6/100] | Loss: 7.4843 (Cls: 7.5031, TAL: -0.2863, Adv: 0.1936, OT-Reg: 0.001489) | OT inner objective: 0.0007 | Marginal residual row/col/max: 1.17e-05/2.10e-08/1.17e-05 | Train Acc: 0.2344 | Val Acc: 0.1389 | Val P/R/F1 (Macro): 0.0159/0.1111/0.0278 | LR: 0.000005
Epoch [7/100] | SVD update #7: pairs=128, sweeps=4, converged=True, rel_change=2.171e-04, effective_ranks=(127, 40), class_paired=True
Epoch [7/100] | Loss: 7.4678 (Cls: 7.4762, TAL: -0.2146, Adv: 0.2161, OT-Reg: 0.001503) | OT inner objective: 0.1891 | Marginal residual row/col/max: 1.12e-08/1.54e-08/1.63e-08 | Train Acc: 0.2344 | Val Acc: 0.2500 | Val P/R/F1 (Macro): 0.1934/0.2185/0.1485 | LR: 0.000005
  >>> New Best Val Acc: 0.2500
Epoch [8/100] | SVD update #8: pairs=128, sweeps=5, converged=True, rel_change=5.308e-04, effective_ranks=(127, 24), class_paired=True
Epoch [8/100] | Loss: 7.1561 (Cls: 7.1771, TAL: -0.2960, Adv: 0.1815, OT-Reg: 0.001525) | OT inner objective: -0.1286 | Marginal residual row/col/max: 3.75e-04/1.21e-08/3.75e-04 | Train Acc: 0.2031 | Val Acc: 0.2778 | Val P/R/F1 (Macro): 0.2381/0.3407/0.2449 | LR: 0.000005
  >>> New Best Val Acc: 0.2778
Epoch [9/100] | SVD update #9: pairs=128, sweeps=4, converged=True, rel_change=6.983e-04, effective_ranks=(127, 24), class_paired=True
Epoch [9/100] | Loss: 7.2099 (Cls: 7.2272, TAL: -0.2643, Adv: 0.1802, OT-Reg: 0.001401) | OT inner objective: -0.0572 | Marginal residual row/col/max: 1.95e-04/1.49e-08/1.95e-04 | Train Acc: 0.1953 | Val Acc: 0.2222 | Val P/R/F1 (Macro): 0.1191/0.3056/0.1557 | LR: 0.000005
Epoch [10/100] | SVD update #10: pairs=128, sweeps=4, converged=True, rel_change=6.077e-04, effective_ranks=(127, 26), class_paired=True
Epoch [10/100] | Loss: 6.5117 (Cls: 6.5645, TAL: -0.5462, Adv: 0.1591, OT-Reg: 0.001437) | OT inner objective: -0.1730 | Marginal residual row/col/max: 2.01e-04/1.49e-08/2.01e-04 | Train Acc: 0.3125 | Val Acc: 0.4167 | Val P/R/F1 (Macro): 0.3231/0.4630/0.3365 | LR: 0.000005
  >>> New Best Val Acc: 0.4167
Epoch [11/100] | SVD update #11: pairs=128, sweeps=5, converged=True, rel_change=5.055e-04, effective_ranks=(127, 21), class_paired=True
Epoch [11/100] | Loss: 6.9287 (Cls: 6.9612, TAL: -0.4130, Adv: 0.2130, OT-Reg: 0.001479) | OT inner objective: 0.0773 | Marginal residual row/col/max: 2.13e-05/1.86e-08/2.13e-05 | Train Acc: 0.1797 | Val Acc: 0.1111 | Val P/R/F1 (Macro): 0.0622/0.2130/0.0867 | LR: 0.000005
Epoch [12/100] | SVD update #12: pairs=128, sweeps=5, converged=True, rel_change=3.472e-04, effective_ranks=(127, 15), class_paired=True
Epoch [12/100] | Loss: 6.7568 (Cls: 6.7901, TAL: -0.3909, Adv: 0.1699, OT-Reg: 0.001439) | OT inner objective: 0.0479 | Marginal residual row/col/max: 4.03e-04/2.37e-08/4.03e-04 | Train Acc: 0.2812 | Val Acc: 0.2222 | Val P/R/F1 (Macro): 0.3293/0.3657/0.2589 | LR: 0.000005
Epoch [13/100] | SVD update #13: pairs=128, sweeps=4, converged=True, rel_change=4.744e-05, effective_ranks=(127, 15), class_paired=True
Epoch [13/100] | Loss: 6.6254 (Cls: 6.6576, TAL: -0.3934, Adv: 0.1875, OT-Reg: 0.001311) | OT inner objective: -0.0764 | Marginal residual row/col/max: 6.74e-04/1.02e-08/6.74e-04 | Train Acc: 0.2734 | Val Acc: 0.3056 | Val P/R/F1 (Macro): 0.2176/0.4556/0.2626 | LR: 0.000005
Epoch [14/100] | SVD update #14: pairs=128, sweeps=3, converged=True, rel_change=7.700e-04, effective_ranks=(126, 15), class_paired=True
Epoch [14/100] | Loss: 6.6030 (Cls: 6.6465, TAL: -0.5009, Adv: 0.2076, OT-Reg: 0.001469) | OT inner objective: -0.0754 | Marginal residual row/col/max: 5.25e-05/1.63e-08/5.25e-05 | Train Acc: 0.3047 | Val Acc: 0.1667 | Val P/R/F1 (Macro): 0.2946/0.2361/0.1631 | LR: 0.000005
Epoch [15/100] | SVD update #15: pairs=128, sweeps=4, converged=True, rel_change=9.679e-04, effective_ranks=(127, 18), class_paired=True
Epoch [15/100] | Loss: 6.0947 (Cls: 6.1237, TAL: -0.3685, Adv: 0.1911, OT-Reg: 0.001452) | OT inner objective: -0.1199 | Marginal residual row/col/max: 4.75e-04/1.44e-08/4.75e-04 | Train Acc: 0.3047 | Val Acc: 0.2778 | Val P/R/F1 (Macro): 0.1684/0.3926/0.2219 | LR: 0.000005
Epoch [16/100] | SVD update #16: pairs=128, sweeps=3, converged=True, rel_change=3.503e-04, effective_ranks=(127, 13), class_paired=True
Epoch [16/100] | Loss: 6.7550 (Cls: 6.7743, TAL: -0.2859, Adv: 0.1882, OT-Reg: 0.001127) | OT inner objective: -0.0077 | Marginal residual row/col/max: 6.24e-04/2.10e-08/6.24e-04 | Train Acc: 0.2031 | Val Acc: 0.1389 | Val P/R/F1 (Macro): 0.1287/0.2019/0.1223 | LR: 0.000005
Epoch [17/100] | SVD update #17: pairs=128, sweeps=4, converged=True, rel_change=3.456e-04, effective_ranks=(126, 13), class_paired=True
Epoch [17/100] | Loss: 5.9782 (Cls: 6.0171, TAL: -0.4359, Adv: 0.1682, OT-Reg: 0.001437) | OT inner objective: -0.1720 | Marginal residual row/col/max: 2.92e-04/1.21e-08/2.92e-04 | Train Acc: 0.3281 | Val Acc: 0.3056 | Val P/R/F1 (Macro): 0.2390/0.4889/0.2894 | LR: 0.000005
Epoch [18/100] | SVD update #18: pairs=128, sweeps=4, converged=True, rel_change=3.134e-04, effective_ranks=(126, 16), class_paired=True
Epoch [18/100] | Loss: 6.4290 (Cls: 6.4632, TAL: -0.3989, Adv: 0.1702, OT-Reg: 0.001459) | OT inner objective: -0.2209 | Marginal residual row/col/max: 1.98e-04/1.02e-08/1.98e-04 | Train Acc: 0.2891 | Val Acc: 0.2222 | Val P/R/F1 (Macro): 0.1558/0.3852/0.2023 | LR: 0.000005
Epoch [19/100] | SVD update #19: pairs=128, sweeps=4, converged=True, rel_change=3.035e-04, effective_ranks=(127, 14), class_paired=True
Epoch [19/100] | Loss: 5.8590 (Cls: 5.8998, TAL: -0.4435, Adv: 0.1555, OT-Reg: 0.001473) | OT inner objective: -0.1623 | Marginal residual row/col/max: 1.21e-04/1.30e-08/1.21e-04 | Train Acc: 0.4062 | Val Acc: 0.3889 | Val P/R/F1 (Macro): 0.3069/0.5074/0.3470 | LR: 0.000005
Epoch [20/100] | SVD update #20: pairs=128, sweeps=4, converged=True, rel_change=3.943e-04, effective_ranks=(127, 13), class_paired=True
Epoch [20/100] | Loss: 5.9424 (Cls: 5.9671, TAL: -0.3262, Adv: 0.1800, OT-Reg: 0.001416) | OT inner objective: -0.0910 | Marginal residual row/col/max: 2.47e-04/1.77e-08/2.47e-04 | Train Acc: 0.3203 | Val Acc: 0.4444 | Val P/R/F1 (Macro): 0.4176/0.5787/0.3992 | LR: 0.000005
  >>> New Best Val Acc: 0.4444
Epoch [21/100] | SVD update #21: pairs=128, sweeps=4, converged=True, rel_change=8.672e-04, effective_ranks=(127, 15), class_paired=True
Epoch [21/100] | Loss: 5.9288 (Cls: 5.9709, TAL: -0.4658, Adv: 0.1727, OT-Reg: 0.001415) | OT inner objective: -0.0793 | Marginal residual row/col/max: 4.91e-05/1.02e-08/4.91e-05 | Train Acc: 0.3906 | Val Acc: 0.2778 | Val P/R/F1 (Macro): 0.4395/0.3407/0.2823 | LR: 0.000005
Epoch [22/100] | SVD update #22: pairs=128, sweeps=4, converged=True, rel_change=3.538e-04, effective_ranks=(127, 14), class_paired=True
Epoch [22/100] | Loss: 6.1855 (Cls: 6.2133, TAL: -0.3330, Adv: 0.1531, OT-Reg: 0.001427) | OT inner objective: -0.0872 | Marginal residual row/col/max: 5.82e-06/1.16e-08/5.82e-06 | Train Acc: 0.3828 | Val Acc: 0.2500 | Val P/R/F1 (Macro): 0.1222/0.3889/0.1845 | LR: 0.000005
Epoch [23/100] | SVD update #23: pairs=128, sweeps=4, converged=True, rel_change=5.956e-04, effective_ranks=(127, 15), class_paired=True
Epoch [23/100] | Loss: 5.5282 (Cls: 5.5488, TAL: -0.2860, Adv: 0.1714, OT-Reg: 0.001330) | OT inner objective: -0.0875 | Marginal residual row/col/max: 2.03e-04/1.68e-08/2.03e-04 | Train Acc: 0.3516 | Val Acc: 0.3889 | Val P/R/F1 (Macro): 0.3194/0.4074/0.3294 | LR: 0.000005
Epoch [24/100] | SVD update #24: pairs=128, sweeps=4, converged=True, rel_change=4.331e-04, effective_ranks=(127, 18), class_paired=True
Epoch [24/100] | Loss: 6.9132 (Cls: 6.9331, TAL: -0.2866, Adv: 0.1812, OT-Reg: 0.001418) | OT inner objective: -0.2049 | Marginal residual row/col/max: 1.88e-05/1.02e-08/1.88e-05 | Train Acc: 0.2109 | Val Acc: 0.2500 | Val P/R/F1 (Macro): 0.1847/0.3657/0.1969 | LR: 0.000005
Epoch [25/100] | SVD update #25: pairs=128, sweeps=3, converged=True, rel_change=9.909e-04, effective_ranks=(127, 11), class_paired=True
Epoch [25/100] | Loss: 6.2212 (Cls: 6.2651, TAL: -0.4580, Adv: 0.1383, OT-Reg: 0.001280) | OT inner objective: -0.1990 | Marginal residual row/col/max: 3.21e-04/1.63e-08/3.21e-04 | Train Acc: 0.3594 | Val Acc: 0.1389 | Val P/R/F1 (Macro): 0.2012/0.2963/0.2080 | LR: 0.000005
Epoch [26/100] | SVD update #26: pairs=128, sweeps=4, converged=True, rel_change=3.941e-04, effective_ranks=(127, 14), class_paired=True
Epoch [26/100] | Loss: 5.9413 (Cls: 5.9835, TAL: -0.4622, Adv: 0.1660, OT-Reg: 0.001373) | OT inner objective: -0.2052 | Marginal residual row/col/max: 1.26e-04/1.12e-08/1.26e-04 | Train Acc: 0.4141 | Val Acc: 0.3889 | Val P/R/F1 (Macro): 0.4247/0.4861/0.3931 | LR: 0.000005
Epoch [27/100] | SVD update #27: pairs=128, sweeps=4, converged=True, rel_change=4.044e-04, effective_ranks=(127, 16), class_paired=True
Epoch [27/100] | Loss: 5.6578 (Cls: 5.6806, TAL: -0.3034, Adv: 0.1710, OT-Reg: 0.001439) | OT inner objective: -0.0399 | Marginal residual row/col/max: 6.88e-05/1.07e-08/6.88e-05 | Train Acc: 0.3672 | Val Acc: 0.3611 | Val P/R/F1 (Macro): 0.2778/0.3796/0.2435 | LR: 0.000005
Epoch [28/100] | SVD update #28: pairs=128, sweeps=4, converged=True, rel_change=1.011e-04, effective_ranks=(127, 17), class_paired=True
Epoch [28/100] | Loss: 6.2543 (Cls: 6.2903, TAL: -0.3970, Adv: 0.1450, OT-Reg: 0.001491) | OT inner objective: -0.0584 | Marginal residual row/col/max: 2.75e-04/2.65e-08/2.75e-04 | Train Acc: 0.2344 | Val Acc: 0.1944 | Val P/R/F1 (Macro): 0.1222/0.1694/0.1254 | LR: 0.000005
Epoch [29/100] | SVD update #29: pairs=128, sweeps=3, converged=True, rel_change=4.917e-04, effective_ranks=(127, 19), class_paired=True
Epoch [29/100] | Loss: 5.3961 (Cls: 5.4417, TAL: -0.4600, Adv: 0.1192, OT-Reg: 0.001476) | OT inner objective: -0.1116 | Marginal residual row/col/max: 8.12e-05/1.12e-08/8.12e-05 | Train Acc: 0.3516 | Val Acc: 0.3333 | Val P/R/F1 (Macro): 0.2456/0.2954/0.2480 | LR: 0.000005
Epoch [30/100] | SVD update #30: pairs=128, sweeps=5, converged=True, rel_change=2.119e-04, effective_ranks=(127, 15), class_paired=True
Epoch [30/100] | Loss: 5.6632 (Cls: 5.6948, TAL: -0.3507, Adv: 0.1304, OT-Reg: 0.001425) | OT inner objective: -0.1636 | Marginal residual row/col/max: 6.07e-05/1.21e-08/6.07e-05 | Train Acc: 0.3359 | Val Acc: 0.3333 | Val P/R/F1 (Macro): 0.3935/0.3741/0.3328 | LR: 0.000005
Epoch [31/100] | SVD update #31: pairs=128, sweeps=3, converged=True, rel_change=7.528e-04, effective_ranks=(127, 16), class_paired=True
Epoch [31/100] | Loss: 5.3237 (Cls: 5.3593, TAL: -0.3823, Adv: 0.1281, OT-Reg: 0.001492) | OT inner objective: -0.1042 | Marginal residual row/col/max: 2.31e-04/1.16e-08/2.31e-04 | Train Acc: 0.3828 | Val Acc: 0.2778 | Val P/R/F1 (Macro): 0.2352/0.4407/0.2703 | LR: 0.000003
Epoch [32/100] | SVD update #32: pairs=128, sweeps=3, converged=True, rel_change=8.554e-04, effective_ranks=(127, 15), class_paired=True
Epoch [32/100] | Loss: 5.4543 (Cls: 5.4963, TAL: -0.4356, Adv: 0.1292, OT-Reg: 0.001387) | OT inner objective: -0.0921 | Marginal residual row/col/max: 1.26e-04/1.26e-08/1.26e-04 | Train Acc: 0.3906 | Val Acc: 0.3889 | Val P/R/F1 (Macro): 0.2635/0.4352/0.3208 | LR: 0.000003
Epoch [33/100] | SVD update #33: pairs=128, sweeps=6, converged=True, rel_change=5.541e-04, effective_ranks=(127, 14), class_paired=True
Epoch [33/100] | Loss: 5.6317 (Cls: 5.6679, TAL: -0.3910, Adv: 0.1340, OT-Reg: 0.001459) | OT inner objective: -0.1164 | Marginal residual row/col/max: 1.81e-04/1.12e-08/1.81e-04 | Train Acc: 0.2578 | Val Acc: 0.2778 | Val P/R/F1 (Macro): 0.3204/0.2630/0.2533 | LR: 0.000003
Epoch [34/100] | SVD update #34: pairs=128, sweeps=4, converged=True, rel_change=7.521e-04, effective_ranks=(127, 14), class_paired=True
Epoch [34/100] | Loss: 5.2864 (Cls: 5.3258, TAL: -0.4125, Adv: 0.1271, OT-Reg: 0.001476) | OT inner objective: -0.0608 | Marginal residual row/col/max: 1.88e-05/1.26e-08/1.88e-05 | Train Acc: 0.3281 | Val Acc: 0.3611 | Val P/R/F1 (Macro): 0.3213/0.5111/0.3571 | LR: 0.000003
Epoch [35/100] | SVD update #35: pairs=128, sweeps=3, converged=True, rel_change=3.580e-04, effective_ranks=(127, 12), class_paired=True
Epoch [35/100] | Loss: 5.1410 (Cls: 5.1814, TAL: -0.4210, Adv: 0.1267, OT-Reg: 0.001447) | OT inner objective: -0.0780 | Marginal residual row/col/max: 1.21e-04/1.16e-08/1.21e-04 | Train Acc: 0.4688 | Val Acc: 0.3889 | Val P/R/F1 (Macro): 0.4352/0.4926/0.3614 | LR: 0.000003
Epoch [36/100] | SVD update #36: pairs=128, sweeps=3, converged=True, rel_change=7.766e-04, effective_ranks=(127, 14), class_paired=True
Epoch [36/100] | Loss: 5.0625 (Cls: 5.1125, TAL: -0.4970, Adv: 0.1204, OT-Reg: 0.001272) | OT inner objective: -0.1261 | Marginal residual row/col/max: 2.19e-04/1.82e-08/2.19e-04 | Train Acc: 0.4297 | Val Acc: 0.4722 | Val P/R/F1 (Macro): 0.4815/0.5796/0.4834 | LR: 0.000003
  >>> New Best Val Acc: 0.4722
Epoch [37/100] | SVD update #37: pairs=128, sweeps=3, converged=True, rel_change=3.919e-04, effective_ranks=(127, 13), class_paired=True
Epoch [37/100] | Loss: 4.5478 (Cls: 4.6099, TAL: -0.5849, Adv: 0.1019, OT-Reg: 0.001394) | OT inner objective: -0.2068 | Marginal residual row/col/max: 9.21e-05/1.12e-08/9.21e-05 | Train Acc: 0.4453 | Val Acc: 0.3056 | Val P/R/F1 (Macro): 0.3333/0.4278/0.3037 | LR: 0.000003
Epoch [38/100] | SVD update #38: pairs=128, sweeps=4, converged=True, rel_change=6.463e-05, effective_ranks=(126, 13), class_paired=True
Epoch [38/100] | Loss: 6.3011 (Cls: 6.3451, TAL: -0.4455, Adv: 0.1188, OT-Reg: 0.001369) | OT inner objective: -0.1481 | Marginal residual row/col/max: 4.76e-04/1.91e-08/4.76e-04 | Train Acc: 0.2578 | Val Acc: 0.3056 | Val P/R/F1 (Macro): 0.3667/0.2954/0.2735 | LR: 0.000003
Epoch [39/100] | SVD update #39: pairs=128, sweeps=3, converged=True, rel_change=4.678e-04, effective_ranks=(127, 12), class_paired=True
Epoch [39/100] | Loss: 5.9738 (Cls: 6.0082, TAL: -0.3578, Adv: 0.1076, OT-Reg: 0.001481) | OT inner objective: -0.0574 | Marginal residual row/col/max: 1.27e-04/1.16e-08/1.27e-04 | Train Acc: 0.3438 | Val Acc: 0.3333 | Val P/R/F1 (Macro): 0.3862/0.4611/0.3326 | LR: 0.000003
Epoch [40/100] | SVD update #40: pairs=128, sweeps=5, converged=True, rel_change=2.444e-04, effective_ranks=(127, 13), class_paired=True
Epoch [40/100] | Loss: 7.3042 (Cls: 7.3376, TAL: -0.3468, Adv: 0.1034, OT-Reg: 0.001468) | OT inner objective: -0.0595 | Marginal residual row/col/max: 3.90e-04/1.12e-08/3.90e-04 | Train Acc: 0.2891 | Val Acc: 0.1944 | Val P/R/F1 (Macro): 0.2072/0.2454/0.1479 | LR: 0.000003
Epoch [41/100] | SVD update #41: pairs=128, sweeps=4, converged=True, rel_change=5.614e-04, effective_ranks=(127, 15), class_paired=True
Epoch [41/100] | Loss: 7.4830 (Cls: 7.5225, TAL: -0.4105, Adv: 0.1211, OT-Reg: 0.001468) | OT inner objective: -0.1989 | Marginal residual row/col/max: 1.61e-04/1.21e-08/1.61e-04 | Train Acc: 0.1797 | Val Acc: 0.1667 | Val P/R/F1 (Macro): 0.1674/0.1306/0.1148 | LR: 0.000003
Epoch [42/100] | SVD update #42: pairs=128, sweeps=3, converged=True, rel_change=5.293e-04, effective_ranks=(127, 12), class_paired=True
Epoch [42/100] | Loss: 6.8609 (Cls: 6.8990, TAL: -0.3980, Adv: 0.1217, OT-Reg: 0.001410) | OT inner objective: -0.1860 | Marginal residual row/col/max: 2.60e-04/1.26e-08/2.60e-04 | Train Acc: 0.2500 | Val Acc: 0.2778 | Val P/R/F1 (Macro): 0.1819/0.2333/0.1915 | LR: 0.000003
Epoch [43/100] | SVD update #43: pairs=128, sweeps=3, converged=True, rel_change=5.599e-04, effective_ranks=(126, 13), class_paired=True
Epoch [43/100] | Loss: 6.4187 (Cls: 6.4640, TAL: -0.4791, Adv: 0.1526, OT-Reg: 0.001277) | OT inner objective: -0.1743 | Marginal residual row/col/max: 4.70e-04/1.40e-08/4.70e-04 | Train Acc: 0.2344 | Val Acc: 0.1389 | Val P/R/F1 (Macro): 0.0850/0.0954/0.0797 | LR: 0.000003
Epoch [44/100] | SVD update #44: pairs=128, sweeps=10, converged=False, rel_change=2.599e-03, effective_ranks=(127, 12), class_paired=True
Epoch [44/100] | Loss: 6.0069 (Cls: 6.0366, TAL: -0.3195, Adv: 0.1087, OT-Reg: 0.001183) | OT inner objective: 0.0200 | Marginal residual row/col/max: 8.79e-05/9.78e-09/8.79e-05 | Train Acc: 0.2266 | Val Acc: 0.3056 | Val P/R/F1 (Macro): 0.2083/0.2546/0.2160 | LR: 0.000003
Epoch [45/100] | SVD update #45: pairs=128, sweeps=5, converged=True, rel_change=5.894e-04, effective_ranks=(127, 13), class_paired=True
Epoch [45/100] | Loss: 5.8595 (Cls: 5.8920, TAL: -0.3460, Adv: 0.1119, OT-Reg: 0.001323) | OT inner objective: -0.1989 | Marginal residual row/col/max: 9.50e-04/1.58e-08/9.50e-04 | Train Acc: 0.3359 | Val Acc: 0.3056 | Val P/R/F1 (Macro): 0.1572/0.2269/0.1608 | LR: 0.000003
Epoch [46/100] | SVD update #46: pairs=128, sweeps=4, converged=True, rel_change=2.347e-04, effective_ranks=(127, 18), class_paired=True
Epoch [46/100] | Loss: 5.3495 (Cls: 5.3909, TAL: -0.4315, Adv: 0.1304, OT-Reg: 0.001364) | OT inner objective: -0.1329 | Marginal residual row/col/max: 2.80e-04/1.35e-08/2.80e-04 | Train Acc: 0.3594 | Val Acc: 0.2222 | Val P/R/F1 (Macro): 0.1753/0.2111/0.1852 | LR: 0.000003
Epoch [47/100] | SVD update #47: pairs=128, sweeps=5, converged=True, rel_change=5.404e-04, effective_ranks=(127, 23), class_paired=True
Epoch [47/100] | Loss: 5.5347 (Cls: 5.5840, TAL: -0.4968, Adv: 0.1288, OT-Reg: 0.001280) | OT inner objective: -0.1519 | Marginal residual row/col/max: 3.58e-04/9.78e-09/3.58e-04 | Train Acc: 0.3281 | Val Acc: 0.3889 | Val P/R/F1 (Macro): 0.2978/0.3250/0.2908 | LR: 0.000001
Epoch [48/100] | SVD update #48: pairs=128, sweeps=4, converged=True, rel_change=1.344e-04, effective_ranks=(127, 17), class_paired=True
Epoch [48/100] | Loss: 5.6587 (Cls: 5.6837, TAL: -0.2929, Adv: 0.1267, OT-Reg: 0.001026) | OT inner objective: -0.0608 | Marginal residual row/col/max: 4.07e-04/1.16e-08/4.07e-04 | Train Acc: 0.2656 | Val Acc: 0.3333 | Val P/R/F1 (Macro): 0.2901/0.3278/0.2443 | LR: 0.000001
Epoch [49/100] | SVD update #49: pairs=128, sweeps=3, converged=True, rel_change=2.601e-04, effective_ranks=(127, 18), class_paired=True
Epoch [49/100] | Loss: 5.4512 (Cls: 5.5024, TAL: -0.4942, Adv: 0.1021, OT-Reg: 0.001159) | OT inner objective: -0.1840 | Marginal residual row/col/max: 8.40e-04/1.44e-08/8.40e-04 | Train Acc: 0.4062 | Val Acc: 0.4167 | Val P/R/F1 (Macro): 0.4233/0.4139/0.3424 | LR: 0.000001
Epoch [50/100] | SVD update #50: pairs=128, sweeps=4, converged=True, rel_change=1.079e-04, effective_ranks=(127, 13), class_paired=True
Epoch [50/100] | Loss: 5.4129 (Cls: 5.4488, TAL: -0.3707, Adv: 0.1077, OT-Reg: 0.001398) | OT inner objective: -0.1575 | Marginal residual row/col/max: 3.99e-04/1.44e-08/3.99e-04 | Train Acc: 0.4531 | Val Acc: 0.4167 | Val P/R/F1 (Macro): 0.3668/0.5500/0.4000 | LR: 0.000001
Epoch [51/100] | SVD update #51: pairs=128, sweeps=3, converged=True, rel_change=7.761e-04, effective_ranks=(127, 13), class_paired=True
Epoch [51/100] | Loss: 5.3043 (Cls: 5.3477, TAL: -0.4293, Adv: 0.1023, OT-Reg: 0.001274) | OT inner objective: -0.1248 | Marginal residual row/col/max: 4.49e-04/1.54e-08/4.49e-04 | Train Acc: 0.3750 | Val Acc: 0.3611 | Val P/R/F1 (Macro): 0.4111/0.4667/0.3669 | LR: 0.000001
Epoch [52/100] | SVD update #52: pairs=128, sweeps=3, converged=True, rel_change=2.361e-04, effective_ranks=(127, 13), class_paired=True
Epoch [52/100] | Loss: 4.9336 (Cls: 4.9841, TAL: -0.4798, Adv: 0.0884, OT-Reg: 0.001300) | OT inner objective: -0.0995 | Marginal residual row/col/max: 2.61e-04/1.02e-08/2.61e-04 | Train Acc: 0.5547 | Val Acc: 0.3611 | Val P/R/F1 (Macro): 0.3976/0.4722/0.3606 | LR: 0.000001
Epoch [53/100] | SVD update #53: pairs=128, sweeps=4, converged=True, rel_change=5.335e-04, effective_ranks=(127, 17), class_paired=True
Epoch [53/100] | Loss: 5.1503 (Cls: 5.1870, TAL: -0.3684, Adv: 0.0932, OT-Reg: 0.001341) | OT inner objective: -0.0071 | Marginal residual row/col/max: 1.04e-04/1.12e-08/1.04e-04 | Train Acc: 0.4531 | Val Acc: 0.3611 | Val P/R/F1 (Macro): 0.2939/0.4926/0.3354 | LR: 0.000001
Epoch [54/100] | SVD update #54: pairs=128, sweeps=4, converged=True, rel_change=3.913e-04, effective_ranks=(127, 18), class_paired=True
Epoch [54/100] | Loss: 5.6612 (Cls: 5.6986, TAL: -0.3906, Adv: 0.1179, OT-Reg: 0.001320) | OT inner objective: -0.0979 | Marginal residual row/col/max: 4.74e-05/9.31e-09/4.74e-05 | Train Acc: 0.3906 | Val Acc: 0.2500 | Val P/R/F1 (Macro): 0.2068/0.2963/0.1858 | LR: 0.000001
Epoch [55/100] | SVD update #55: pairs=128, sweeps=3, converged=True, rel_change=5.857e-04, effective_ranks=(127, 19), class_paired=True
Epoch [55/100] | Loss: 5.2051 (Cls: 5.2417, TAL: -0.3594, Adv: 0.0812, OT-Reg: 0.001482) | OT inner objective: -0.0934 | Marginal residual row/col/max: 7.67e-05/1.30e-08/7.67e-05 | Train Acc: 0.4297 | Val Acc: 0.2778 | Val P/R/F1 (Macro): 0.2796/0.3278/0.2582 | LR: 0.000001
Epoch [56/100] | SVD update #56: pairs=128, sweeps=5, converged=True, rel_change=3.792e-04, effective_ranks=(127, 22), class_paired=True
Epoch [56/100] | Loss: 5.9853 (Cls: 6.0364, TAL: -0.4909, Adv: 0.0983, OT-Reg: 0.001431) | OT inner objective: -0.1493 | Marginal residual row/col/max: 3.81e-05/1.02e-08/3.81e-05 | Train Acc: 0.3750 | Val Acc: 0.3889 | Val P/R/F1 (Macro): 0.3007/0.3417/0.2845 | LR: 0.000001
Epoch [57/100] | SVD update #57: pairs=128, sweeps=4, converged=True, rel_change=6.099e-04, effective_ranks=(127, 21), class_paired=True
Epoch [57/100] | Loss: 6.2745 (Cls: 6.3153, TAL: -0.3951, Adv: 0.0827, OT-Reg: 0.001327) | OT inner objective: -0.0322 | Marginal residual row/col/max: 2.85e-04/1.12e-08/2.85e-04 | Train Acc: 0.2500 | Val Acc: 0.2778 | Val P/R/F1 (Macro): 0.2454/0.2426/0.2407 | LR: 0.000001
Epoch [58/100] | SVD update #58: pairs=128, sweeps=10, converged=False, rel_change=6.637e-03, effective_ranks=(127, 22), class_paired=True
Epoch [58/100] | Loss: 6.0584 (Cls: 6.0819, TAL: -0.2773, Adv: 0.1230, OT-Reg: 0.001429) | OT inner objective: -0.0622 | Marginal residual row/col/max: 3.63e-05/1.07e-08/3.63e-05 | Train Acc: 0.2188 | Val Acc: 0.4444 | Val P/R/F1 (Macro): 0.4346/0.5102/0.3872 | LR: 0.000001
Epoch [59/100] | SVD update #59: pairs=128, sweeps=5, converged=True, rel_change=1.535e-04, effective_ranks=(127, 18), class_paired=True
Epoch [59/100] | Loss: 6.5920 (Cls: 6.6311, TAL: -0.3925, Adv: 0.1006, OT-Reg: 0.001529) | OT inner objective: -0.1349 | Marginal residual row/col/max: 3.64e-06/1.21e-08/3.64e-06 | Train Acc: 0.2344 | Val Acc: 0.2222 | Val P/R/F1 (Macro): 0.1677/0.3046/0.2072 | LR: 0.000001
Epoch [60/100] | SVD update #60: pairs=128, sweeps=4, converged=True, rel_change=2.961e-04, effective_ranks=(127, 19), class_paired=True
Epoch [60/100] | Loss: 5.8430 (Cls: 5.8981, TAL: -0.5259, Adv: 0.0990, OT-Reg: 0.001563) | OT inner objective: -0.1835 | Marginal residual row/col/max: 2.44e-04/1.26e-08/2.44e-04 | Train Acc: 0.2891 | Val Acc: 0.3333 | Val P/R/F1 (Macro): 0.2296/0.3602/0.2630 | LR: 0.000001
Epoch [61/100] | SVD update #61: pairs=128, sweeps=6, converged=True, rel_change=6.317e-04, effective_ranks=(127, 20), class_paired=True
Epoch [61/100] | Loss: 5.8202 (Cls: 5.8482, TAL: -0.2929, Adv: 0.0901, OT-Reg: 0.001506) | OT inner objective: -0.1167 | Marginal residual row/col/max: 2.45e-06/1.07e-08/2.45e-06 | Train Acc: 0.3203 | Val Acc: 0.4167 | Val P/R/F1 (Macro): 0.3083/0.3852/0.2980 | LR: 0.000001
Epoch [62/100] | SVD update #62: pairs=128, sweeps=5, converged=True, rel_change=8.957e-04, effective_ranks=(127, 18), class_paired=True
Epoch [62/100] | Loss: 5.9171 (Cls: 5.9391, TAL: -0.2437, Adv: 0.0913, OT-Reg: 0.001517) | OT inner objective: -0.1439 | Marginal residual row/col/max: 1.41e-04/9.78e-09/1.41e-04 | Train Acc: 0.3438 | Val Acc: 0.3056 | Val P/R/F1 (Macro): 0.2315/0.2648/0.2444 | LR: 0.000001
Epoch [63/100] | SVD update #63: pairs=128, sweeps=3, converged=True, rel_change=4.849e-04, effective_ranks=(127, 20), class_paired=True
Epoch [63/100] | Loss: 5.4656 (Cls: 5.4932, TAL: -0.2901, Adv: 0.0898, OT-Reg: 0.001491) | OT inner objective: -0.1016 | Marginal residual row/col/max: 9.97e-06/1.02e-08/9.97e-06 | Train Acc: 0.3984 | Val Acc: 0.3611 | Val P/R/F1 (Macro): 0.2863/0.3444/0.2638 | LR: 0.000001
Epoch [64/100] | SVD update #64: pairs=128, sweeps=3, converged=True, rel_change=5.295e-04, effective_ranks=(127, 20), class_paired=True
Epoch [64/100] | Loss: 5.8730 (Cls: 5.9074, TAL: -0.3464, Adv: 0.0898, OT-Reg: 0.001523) | OT inner objective: -0.0548 | Marginal residual row/col/max: 5.32e-05/1.07e-08/5.32e-05 | Train Acc: 0.2422 | Val Acc: 0.3611 | Val P/R/F1 (Macro): 0.2189/0.2972/0.2469 | LR: 0.000001
Epoch [65/100] | SVD update #65: pairs=128, sweeps=3, converged=True, rel_change=5.177e-04, effective_ranks=(126, 21), class_paired=True
Epoch [65/100] | Loss: 5.4522 (Cls: 5.4875, TAL: -0.3484, Adv: 0.0823, OT-Reg: 0.001487) | OT inner objective: -0.1089 | Marginal residual row/col/max: 2.52e-04/1.07e-08/2.52e-04 | Train Acc: 0.3828 | Val Acc: 0.3889 | Val P/R/F1 (Macro): 0.2870/0.3481/0.2907 | LR: 0.000001
Epoch [66/100] | SVD update #66: pairs=128, sweeps=3, converged=True, rel_change=7.611e-04, effective_ranks=(127, 21), class_paired=True
Epoch [66/100] | Loss: 4.9782 (Cls: 5.0201, TAL: -0.4146, Adv: 0.0989, OT-Reg: 0.001534) | OT inner objective: -0.1378 | Marginal residual row/col/max: 1.96e-05/9.78e-09/1.96e-05 | Train Acc: 0.4531 | Val Acc: 0.4722 | Val P/R/F1 (Macro): 0.4136/0.4620/0.4028 | LR: 0.000001
Epoch [67/100] | SVD update #67: pairs=128, sweeps=3, converged=True, rel_change=4.157e-04, effective_ranks=(127, 21), class_paired=True
Epoch [67/100] | Loss: 5.5247 (Cls: 5.5690, TAL: -0.4170, Adv: 0.0720, OT-Reg: 0.001415) | OT inner objective: -0.1317 | Marginal residual row/col/max: 1.19e-04/1.12e-08/1.19e-04 | Train Acc: 0.4062 | Val Acc: 0.4444 | Val P/R/F1 (Macro): 0.3648/0.4222/0.3518 | LR: 0.000001
Epoch [68/100] | SVD update #68: pairs=128, sweeps=4, converged=True, rel_change=5.359e-04, effective_ranks=(127, 23), class_paired=True
Epoch [68/100] | Loss: 5.1632 (Cls: 5.2144, TAL: -0.4910, Adv: 0.0971, OT-Reg: 0.001526) | OT inner objective: -0.0712 | Marginal residual row/col/max: 5.20e-05/8.38e-09/5.20e-05 | Train Acc: 0.4688 | Val Acc: 0.3889 | Val P/R/F1 (Macro): 0.5550/0.5519/0.4406 | LR: 0.000001
Epoch [69/100] | SVD update #69: pairs=128, sweeps=5, converged=True, rel_change=4.441e-04, effective_ranks=(127, 21), class_paired=True
Epoch [69/100] | Loss: 5.0484 (Cls: 5.0853, TAL: -0.3690, Adv: 0.0928, OT-Reg: 0.001466) | OT inner objective: -0.0959 | Marginal residual row/col/max: 5.37e-05/9.31e-09/5.37e-05 | Train Acc: 0.4453 | Val Acc: 0.5000 | Val P/R/F1 (Macro): 0.4120/0.5065/0.4336 | LR: 0.000001
  >>> New Best Val Acc: 0.5000
Epoch [70/100] | SVD update #70: pairs=128, sweeps=3, converged=True, rel_change=5.353e-04, effective_ranks=(126, 22), class_paired=True
Epoch [70/100] | Loss: 5.0439 (Cls: 5.0946, TAL: -0.4838, Adv: 0.0930, OT-Reg: 0.001477) | OT inner objective: -0.1830 | Marginal residual row/col/max: 1.02e-04/1.12e-08/1.02e-04 | Train Acc: 0.3750 | Val Acc: 0.5000 | Val P/R/F1 (Macro): 0.4504/0.4120/0.3807 | LR: 0.000001
Epoch [71/100] | SVD update #71: pairs=128, sweeps=3, converged=True, rel_change=2.003e-04, effective_ranks=(127, 21), class_paired=True
Epoch [71/100] | Loss: 5.0901 (Cls: 5.1412, TAL: -0.4877, Adv: 0.0927, OT-Reg: 0.001562) | OT inner objective: -0.0693 | Marginal residual row/col/max: 3.22e-05/1.54e-08/3.22e-05 | Train Acc: 0.4531 | Val Acc: 0.5278 | Val P/R/F1 (Macro): 0.5796/0.6454/0.5712 | LR: 0.000001
  >>> New Best Val Acc: 0.5278
Epoch [72/100] | SVD update #72: pairs=128, sweeps=3, converged=True, rel_change=5.989e-04, effective_ranks=(127, 21), class_paired=True
Epoch [72/100] | Loss: 5.3251 (Cls: 5.3748, TAL: -0.4733, Adv: 0.0880, OT-Reg: 0.001452) | OT inner objective: -0.0323 | Marginal residual row/col/max: 1.66e-04/1.16e-08/1.66e-04 | Train Acc: 0.3984 | Val Acc: 0.5556 | Val P/R/F1 (Macro): 0.4913/0.5278/0.4516 | LR: 0.000001
  >>> New Best Val Acc: 0.5556
Epoch [73/100] | SVD update #73: pairs=128, sweeps=3, converged=True, rel_change=9.659e-04, effective_ranks=(127, 21), class_paired=True
Epoch [73/100] | Loss: 4.9201 (Cls: 4.9708, TAL: -0.4914, Adv: 0.1022, OT-Reg: 0.001503) | OT inner objective: -0.0822 | Marginal residual row/col/max: 6.81e-05/1.21e-08/6.81e-05 | Train Acc: 0.3672 | Val Acc: 0.4444 | Val P/R/F1 (Macro): 0.4599/0.5944/0.4681 | LR: 0.000001
Epoch [74/100] | SVD update #74: pairs=128, sweeps=3, converged=True, rel_change=2.162e-04, effective_ranks=(127, 23), class_paired=True
Epoch [74/100] | Loss: 4.8964 (Cls: 4.9595, TAL: -0.5761, Adv: 0.0750, OT-Reg: 0.001493) | OT inner objective: -0.1982 | Marginal residual row/col/max: 7.64e-05/1.16e-08/7.64e-05 | Train Acc: 0.4297 | Val Acc: 0.5000 | Val P/R/F1 (Macro): 0.4815/0.5037/0.4302 | LR: 0.000001
Epoch [75/100] | SVD update #75: pairs=128, sweeps=3, converged=True, rel_change=2.194e-04, effective_ranks=(127, 23), class_paired=True
Epoch [75/100] | Loss: 4.8829 (Cls: 4.9403, TAL: -0.5388, Adv: 0.0904, OT-Reg: 0.001519) | OT inner objective: -0.2267 | Marginal residual row/col/max: 7.05e-05/1.02e-08/7.05e-05 | Train Acc: 0.4922 | Val Acc: 0.6111 | Val P/R/F1 (Macro): 0.6942/0.6880/0.6351 | LR: 0.000001
  >>> New Best Val Acc: 0.6111
Epoch [76/100] | SVD update #76: pairs=128, sweeps=4, converged=True, rel_change=3.117e-04, effective_ranks=(127, 20), class_paired=True
Epoch [76/100] | Loss: 4.9624 (Cls: 4.9991, TAL: -0.3796, Adv: 0.1104, OT-Reg: 0.001541) | OT inner objective: -0.0936 | Marginal residual row/col/max: 4.46e-05/1.12e-08/4.46e-05 | Train Acc: 0.5312 | Val Acc: 0.6667 | Val P/R/F1 (Macro): 0.6625/0.6583/0.5934 | LR: 0.000001
  >>> New Best Val Acc: 0.6667
Epoch [77/100] | SVD update #77: pairs=128, sweeps=3, converged=True, rel_change=4.491e-04, effective_ranks=(127, 20), class_paired=True
Epoch [77/100] | Loss: 4.6689 (Cls: 4.7145, TAL: -0.4470, Adv: 0.1014, OT-Reg: 0.001491) | OT inner objective: -0.0886 | Marginal residual row/col/max: 5.46e-05/1.30e-08/5.46e-05 | Train Acc: 0.4531 | Val Acc: 0.5278 | Val P/R/F1 (Macro): 0.4431/0.6556/0.4686 | LR: 0.000001
Epoch [78/100] | SVD update #78: pairs=128, sweeps=3, converged=True, rel_change=6.479e-04, effective_ranks=(127, 20), class_paired=True
Epoch [78/100] | Loss: 5.0023 (Cls: 5.0491, TAL: -0.4484, Adv: 0.0867, OT-Reg: 0.001499) | OT inner objective: -0.0522 | Marginal residual row/col/max: 5.64e-05/9.31e-09/5.64e-05 | Train Acc: 0.4141 | Val Acc: 0.5278 | Val P/R/F1 (Macro): 0.6000/0.5241/0.5074 | LR: 0.000001
Epoch [79/100] | SVD update #79: pairs=128, sweeps=3, converged=True, rel_change=1.803e-04, effective_ranks=(127, 21), class_paired=True
Epoch [79/100] | Loss: 4.6640 (Cls: 4.7085, TAL: -0.4287, Adv: 0.0865, OT-Reg: 0.001508) | OT inner objective: -0.1115 | Marginal residual row/col/max: 1.61e-04/1.40e-08/1.61e-04 | Train Acc: 0.4219 | Val Acc: 0.6389 | Val P/R/F1 (Macro): 0.7352/0.6556/0.6301 | LR: 0.000001
Epoch [80/100] | SVD update #80: pairs=128, sweeps=4, converged=True, rel_change=3.454e-04, effective_ranks=(127, 22), class_paired=True
Epoch [80/100] | Loss: 4.7283 (Cls: 4.7699, TAL: -0.4237, Adv: 0.1158, OT-Reg: 0.001488) | OT inner objective: 0.0029 | Marginal residual row/col/max: 2.28e-04/1.30e-08/2.28e-04 | Train Acc: 0.4922 | Val Acc: 0.6389 | Val P/R/F1 (Macro): 0.6299/0.7157/0.6055 | LR: 0.000001
Epoch [81/100] | SVD update #81: pairs=128, sweeps=4, converged=True, rel_change=1.319e-04, effective_ranks=(127, 21), class_paired=True
Epoch [81/100] | Loss: 4.7876 (Cls: 4.8351, TAL: -0.4641, Adv: 0.1017, OT-Reg: 0.001554) | OT inner objective: -0.0869 | Marginal residual row/col/max: 1.70e-06/1.02e-08/1.70e-06 | Train Acc: 0.4766 | Val Acc: 0.4444 | Val P/R/F1 (Macro): 0.6130/0.6148/0.4982 | LR: 0.000001
Epoch [82/100] | SVD update #82: pairs=128, sweeps=4, converged=True, rel_change=2.644e-04, effective_ranks=(127, 21), class_paired=True
Epoch [82/100] | Loss: 5.0709 (Cls: 5.1220, TAL: -0.4891, Adv: 0.0947, OT-Reg: 0.001546) | OT inner objective: -0.0702 | Marginal residual row/col/max: 1.42e-04/1.16e-08/1.42e-04 | Train Acc: 0.4922 | Val Acc: 0.6667 | Val P/R/F1 (Macro): 0.6092/0.7065/0.5888 | LR: 0.000001
Epoch [83/100] | SVD update #83: pairs=128, sweeps=3, converged=True, rel_change=1.228e-04, effective_ranks=(127, 23), class_paired=True
Epoch [83/100] | Loss: 4.9692 (Cls: 5.0130, TAL: -0.4184, Adv: 0.0791, OT-Reg: 0.001507) | OT inner objective: -0.0830 | Marginal residual row/col/max: 8.53e-06/9.78e-09/8.53e-06 | Train Acc: 0.5000 | Val Acc: 0.5556 | Val P/R/F1 (Macro): 0.5709/0.6148/0.5123 | LR: 0.000001
Epoch [84/100] | SVD update #84: pairs=128, sweeps=3, converged=True, rel_change=6.367e-04, effective_ranks=(127, 23), class_paired=True
Epoch [84/100] | Loss: 5.0775 (Cls: 5.1201, TAL: -0.4233, Adv: 0.1015, OT-Reg: 0.001461) | OT inner objective: -0.1091 | Marginal residual row/col/max: 4.51e-05/1.96e-08/4.51e-05 | Train Acc: 0.4766 | Val Acc: 0.5833 | Val P/R/F1 (Macro): 0.5344/0.6454/0.5317 | LR: 0.000001
Epoch [85/100] | SVD update #85: pairs=128, sweeps=3, converged=True, rel_change=7.674e-04, effective_ranks=(127, 24), class_paired=True
Epoch [85/100] | Loss: 4.6871 (Cls: 4.7390, TAL: -0.4911, Adv: 0.0874, OT-Reg: 0.001476) | OT inner objective: -0.1544 | Marginal residual row/col/max: 2.59e-05/1.82e-08/2.59e-05 | Train Acc: 0.4922 | Val Acc: 0.4167 | Val P/R/F1 (Macro): 0.4648/0.4713/0.4585 | LR: 0.000001
Epoch [86/100] | SVD update #86: pairs=128, sweeps=3, converged=True, rel_change=6.689e-04, effective_ranks=(127, 22), class_paired=True
Epoch [86/100] | Loss: 5.0643 (Cls: 5.1110, TAL: -0.4543, Adv: 0.0972, OT-Reg: 0.001512) | OT inner objective: -0.1328 | Marginal residual row/col/max: 8.88e-05/1.16e-08/8.88e-05 | Train Acc: 0.5156 | Val Acc: 0.6111 | Val P/R/F1 (Macro): 0.6698/0.6185/0.5917 | LR: 0.000001
Epoch [87/100] | SVD update #87: pairs=128, sweeps=3, converged=True, rel_change=2.401e-04, effective_ranks=(127, 22), class_paired=True
Epoch [87/100] | Loss: 4.8114 (Cls: 4.8619, TAL: -0.4833, Adv: 0.0935, OT-Reg: 0.001542) | OT inner objective: -0.1662 | Marginal residual row/col/max: 8.54e-06/9.31e-09/8.54e-06 | Train Acc: 0.4453 | Val Acc: 0.6111 | Val P/R/F1 (Macro): 0.5991/0.5861/0.5838 | LR: 0.000001
Epoch [88/100] | SVD update #88: pairs=128, sweeps=3, converged=True, rel_change=1.600e-04, effective_ranks=(127, 21), class_paired=True
Epoch [88/100] | Loss: 4.8972 (Cls: 4.9322, TAL: -0.3865, Adv: 0.1425, OT-Reg: 0.001491) | OT inner objective: -0.1337 | Marginal residual row/col/max: 4.74e-06/9.31e-09/4.74e-06 | Train Acc: 0.4609 | Val Acc: 0.5833 | Val P/R/F1 (Macro): 0.6116/0.5685/0.5394 | LR: 0.000001
Epoch [89/100] | SVD update #89: pairs=128, sweeps=4, converged=True, rel_change=3.184e-04, effective_ranks=(127, 21), class_paired=True
Epoch [89/100] | Loss: 4.7156 (Cls: 4.7590, TAL: -0.4184, Adv: 0.0860, OT-Reg: 0.001527) | OT inner objective: -0.0791 | Marginal residual row/col/max: 7.63e-06/1.21e-08/7.63e-06 | Train Acc: 0.5078 | Val Acc: 0.6111 | Val P/R/F1 (Macro): 0.6676/0.6787/0.5910 | LR: 0.000001
Epoch [90/100] | SVD update #90: pairs=128, sweeps=3, converged=True, rel_change=4.872e-04, effective_ranks=(127, 21), class_paired=True
Epoch [90/100] | Loss: 4.5954 (Cls: 4.6503, TAL: -0.5067, Adv: 0.0747, OT-Reg: 0.001537) | OT inner objective: -0.1109 | Marginal residual row/col/max: 2.80e-06/1.44e-08/2.80e-06 | Train Acc: 0.5781 | Val Acc: 0.5278 | Val P/R/F1 (Macro): 0.4894/0.6389/0.4836 | LR: 0.000001
Epoch [91/100] | SVD update #91: pairs=128, sweeps=3, converged=True, rel_change=2.153e-04, effective_ranks=(127, 23), class_paired=True
Epoch [91/100] | Loss: 4.7288 (Cls: 4.7825, TAL: -0.5273, Adv: 0.1186, OT-Reg: 0.001459) | OT inner objective: -0.0914 | Marginal residual row/col/max: 1.58e-05/1.21e-08/1.58e-05 | Train Acc: 0.4844 | Val Acc: 0.4722 | Val P/R/F1 (Macro): 0.4907/0.5444/0.5015 | LR: 0.000001
Epoch [92/100] | SVD update #92: pairs=128, sweeps=3, converged=True, rel_change=5.108e-04, effective_ranks=(127, 20), class_paired=True
Epoch [92/100] | Loss: 4.4772 (Cls: 4.5293, TAL: -0.4958, Adv: 0.0923, OT-Reg: 0.001481) | OT inner objective: -0.1666 | Marginal residual row/col/max: 8.63e-06/1.02e-08/8.63e-06 | Train Acc: 0.5156 | Val Acc: 0.5278 | Val P/R/F1 (Macro): 0.5253/0.6259/0.5079 | LR: 0.000001
Epoch [93/100] | SVD update #93: pairs=128, sweeps=3, converged=True, rel_change=8.461e-04, effective_ranks=(127, 22), class_paired=True
Epoch [93/100] | Loss: 4.8465 (Cls: 4.8948, TAL: -0.4527, Adv: 0.0754, OT-Reg: 0.001439) | OT inner objective: -0.1412 | Marginal residual row/col/max: 3.34e-05/1.44e-08/3.34e-05 | Train Acc: 0.4297 | Val Acc: 0.5278 | Val P/R/F1 (Macro): 0.4968/0.6074/0.4968 | LR: 0.000001
Epoch [94/100] | SVD update #94: pairs=128, sweeps=3, converged=True, rel_change=7.894e-04, effective_ranks=(127, 22), class_paired=True
Epoch [94/100] | Loss: 4.8143 (Cls: 4.8730, TAL: -0.5525, Adv: 0.0941, OT-Reg: 0.001502) | OT inner objective: -0.1481 | Marginal residual row/col/max: 1.84e-05/1.07e-08/1.84e-05 | Train Acc: 0.5234 | Val Acc: 0.6111 | Val P/R/F1 (Macro): 0.5988/0.6083/0.5815 | LR: 0.000001
Epoch [95/100] | SVD update #95: pairs=128, sweeps=4, converged=True, rel_change=2.852e-04, effective_ranks=(127, 24), class_paired=True
Epoch [95/100] | Loss: 4.6466 (Cls: 4.7033, TAL: -0.5367, Adv: 0.0967, OT-Reg: 0.001502) | OT inner objective: -0.2191 | Marginal residual row/col/max: 8.54e-05/9.78e-09/8.54e-05 | Train Acc: 0.6094 | Val Acc: 0.6944 | Val P/R/F1 (Macro): 0.6991/0.7037/0.6486 | LR: 0.000001
  >>> New Best Val Acc: 0.6944
Epoch [96/100] | SVD update #96: pairs=128, sweeps=3, converged=True, rel_change=8.292e-04, effective_ranks=(127, 23), class_paired=True
Epoch [96/100] | Loss: 4.6220 (Cls: 4.6709, TAL: -0.4853, Adv: 0.1165, OT-Reg: 0.001472) | OT inner objective: -0.1197 | Marginal residual row/col/max: 2.61e-04/1.40e-08/2.61e-04 | Train Acc: 0.5156 | Val Acc: 0.6111 | Val P/R/F1 (Macro): 0.5894/0.7426/0.6106 | LR: 0.000001
Epoch [97/100] | SVD update #97: pairs=128, sweeps=4, converged=True, rel_change=1.798e-04, effective_ranks=(127, 22), class_paired=True
Epoch [97/100] | Loss: 4.4499 (Cls: 4.5074, TAL: -0.5559, Adv: 0.1143, OT-Reg: 0.001514) | OT inner objective: -0.1357 | Marginal residual row/col/max: 3.18e-05/1.49e-08/3.18e-05 | Train Acc: 0.5547 | Val Acc: 0.4444 | Val P/R/F1 (Macro): 0.4880/0.5611/0.4348 | LR: 0.000001
Epoch [98/100] | SVD update #98: pairs=128, sweeps=4, converged=True, rel_change=4.040e-04, effective_ranks=(127, 23), class_paired=True
Epoch [98/100] | Loss: 4.8598 (Cls: 4.9050, TAL: -0.4828, Adv: 0.1600, OT-Reg: 0.001518) | OT inner objective: -0.0335 | Marginal residual row/col/max: 3.92e-06/1.21e-08/3.92e-06 | Train Acc: 0.4453 | Val Acc: 0.5000 | Val P/R/F1 (Macro): 0.5509/0.6361/0.5204 | LR: 0.000001
Epoch [99/100] | SVD update #99: pairs=128, sweeps=3, converged=True, rel_change=9.151e-05, effective_ranks=(126, 24), class_paired=True
Epoch [99/100] | Loss: 4.8485 (Cls: 4.9056, TAL: -0.5448, Adv: 0.1036, OT-Reg: 0.001520) | OT inner objective: -0.1314 | Marginal residual row/col/max: 8.12e-06/1.12e-08/8.12e-06 | Train Acc: 0.4531 | Val Acc: 0.4722 | Val P/R/F1 (Macro): 0.5428/0.6370/0.4943 | LR: 0.000001
Epoch [100/100] | SVD update #100: pairs=128, sweeps=4, converged=True, rel_change=2.319e-04, effective_ranks=(127, 22), class_paired=True
Epoch [100/100] | Loss: 4.9687 (Cls: 5.0127, TAL: -0.4603, Adv: 0.1400, OT-Reg: 0.001488) | OT inner objective: -0.1773 | Marginal residual row/col/max: 1.60e-05/9.78e-09/1.60e-05 | Train Acc: 0.4922 | Val Acc: 0.5278 | Val P/R/F1 (Macro): 0.6296/0.6491/0.5932 | LR: 0.000001
Report strategy: best, window=10, reported_acc=0.6944, best_acc=0.6944, selected_epoch=95

迭代 2 报告指标:
  Accuracy: 0.6944
  Precision (Macro): 0.6991
  Recall (Macro): 0.7037
  F1 (Macro): 0.6486
  Precision (Micro): 0.6944
  Recall (Micro): 0.6944
  F1 (Micro): 0.6944
  Val class coverage: 9/14 (0.6429), samples=36

================================================================================
迭代 3/5
随机种子: 44
================================================================================
配对采样器已初始化，共 9 个共有类别。
Training mode: full target-label supervision (class-paired batches).
Feature fusion: Tensor alignment (512+512 -> 16+16); fused_dim=32
Domain adaptation: Neural OT generator with 3-domain discriminator
Loss weights: tensor=0.12, adv=0.08
Transport: mode=sinkhorn, epsilon=0.1, Sinkhorn iterations=50, correction scale=0.1, correction regularization weight=0.001
Tensor projection update: once per epoch from the complete target-training pairing bank; projection_dim=16, max_sweeps=10, relative singular-value tolerance=0.001
Epoch [1/100] | SVD update #1: pairs=128, sweeps=3, converged=True, rel_change=2.611e-05, effective_ranks=(127, 119), class_paired=True
Epoch [1/100] | Loss: 8.5684 (Cls: 8.5919, TAL: -0.3548, Adv: 0.2376, OT-Reg: 0.001572) | OT inner objective: 0.0264 | Marginal residual row/col/max: 1.75e-07/1.30e-08/1.75e-07 | Train Acc: 0.1562 | Val Acc: 0.2500 | Val P/R/F1 (Macro): 0.1034/0.1907/0.1338 | LR: 0.000005
  >>> New Best Val Acc: 0.2500
Epoch [2/100] | SVD update #2: pairs=128, sweeps=3, converged=True, rel_change=4.435e-05, effective_ranks=(127, 113), class_paired=True
Epoch [2/100] | Loss: 8.4793 (Cls: 8.4921, TAL: -0.2970, Adv: 0.2852, OT-Reg: 0.001758) | OT inner objective: 0.1700 | Marginal residual row/col/max: 1.21e-08/2.05e-08/2.05e-08 | Train Acc: 0.1406 | Val Acc: 0.2500 | Val P/R/F1 (Macro): 0.1317/0.2389/0.1623 | LR: 0.000005
Epoch [3/100] | SVD update #3: pairs=128, sweeps=3, converged=True, rel_change=3.463e-05, effective_ranks=(127, 82), class_paired=True
Epoch [3/100] | Loss: 8.6261 (Cls: 8.6472, TAL: -0.3509, Adv: 0.2618, OT-Reg: 0.001522) | OT inner objective: 0.0747 | Marginal residual row/col/max: 1.07e-08/1.30e-08/1.30e-08 | Train Acc: 0.0703 | Val Acc: 0.1389 | Val P/R/F1 (Macro): 0.0481/0.1130/0.0674 | LR: 0.000005
Epoch [4/100] | SVD update #4: pairs=128, sweeps=7, converged=True, rel_change=4.603e-04, effective_ranks=(127, 88), class_paired=True
Epoch [4/100] | Loss: 8.3167 (Cls: 8.3214, TAL: -0.1880, Adv: 0.2235, OT-Reg: 0.001677) | OT inner objective: 0.1970 | Marginal residual row/col/max: 9.78e-09/1.35e-08/1.35e-08 | Train Acc: 0.1328 | Val Acc: 0.0833 | Val P/R/F1 (Macro): 0.0583/0.0593/0.0575 | LR: 0.000005
Epoch [5/100] | SVD update #5: pairs=128, sweeps=10, converged=True, rel_change=3.406e-04, effective_ranks=(127, 72), class_paired=True
Epoch [5/100] | Loss: 7.8831 (Cls: 7.8905, TAL: -0.2295, Adv: 0.2525, OT-Reg: 0.001651) | OT inner objective: 0.1505 | Marginal residual row/col/max: 1.16e-08/1.21e-08/1.30e-08 | Train Acc: 0.2031 | Val Acc: 0.2778 | Val P/R/F1 (Macro): 0.2176/0.2981/0.1940 | LR: 0.000005
  >>> New Best Val Acc: 0.2778
Epoch [6/100] | SVD update #6: pairs=128, sweeps=9, converged=True, rel_change=7.348e-04, effective_ranks=(127, 72), class_paired=True
Epoch [6/100] | Loss: 8.1443 (Cls: 8.1520, TAL: -0.2264, Adv: 0.2429, OT-Reg: 0.001547) | OT inner objective: 0.0763 | Marginal residual row/col/max: 1.21e-08/1.02e-08/1.21e-08 | Train Acc: 0.1406 | Val Acc: 0.1667 | Val P/R/F1 (Macro): 0.0531/0.1296/0.0741 | LR: 0.000005
Epoch [7/100] | SVD update #7: pairs=128, sweeps=10, converged=False, rel_change=5.609e-02, effective_ranks=(127, 55), class_paired=True
Epoch [7/100] | Loss: 7.8240 (Cls: 7.8175, TAL: -0.1291, Adv: 0.2752, OT-Reg: 0.001611) | OT inner objective: 0.1756 | Marginal residual row/col/max: 1.16e-08/1.35e-08/1.35e-08 | Train Acc: 0.1172 | Val Acc: 0.0556 | Val P/R/F1 (Macro): 0.0302/0.1389/0.0494 | LR: 0.000005
Epoch [8/100] | SVD update #8: pairs=128, sweeps=10, converged=False, rel_change=1.177e-01, effective_ranks=(126, 61), class_paired=True
Epoch [8/100] | Loss: 7.9951 (Cls: 8.0039, TAL: -0.2285, Adv: 0.2317, OT-Reg: 0.001836) | OT inner objective: 0.1695 | Marginal residual row/col/max: 1.07e-08/1.44e-08/1.54e-08 | Train Acc: 0.0938 | Val Acc: 0.2222 | Val P/R/F1 (Macro): 0.2130/0.2889/0.2399 | LR: 0.000005
Epoch [9/100] | SVD update #9: pairs=128, sweeps=10, converged=False, rel_change=2.293e-02, effective_ranks=(127, 76), class_paired=True
Epoch [9/100] | Loss: 7.6812 (Cls: 7.6883, TAL: -0.2407, Adv: 0.2717, OT-Reg: 0.001294) | OT inner objective: 0.1126 | Marginal residual row/col/max: 4.38e-08/1.21e-08/4.47e-08 | Train Acc: 0.0938 | Val Acc: 0.0556 | Val P/R/F1 (Macro): 0.0648/0.1481/0.0615 | LR: 0.000005
Epoch [10/100] | SVD update #10: pairs=128, sweeps=10, converged=False, rel_change=4.879e-02, effective_ranks=(127, 70), class_paired=True
Epoch [10/100] | Loss: 7.3225 (Cls: 7.3440, TAL: -0.3442, Adv: 0.2474, OT-Reg: 0.001656) | OT inner objective: 0.1296 | Marginal residual row/col/max: 1.21e-08/1.44e-08/1.44e-08 | Train Acc: 0.1484 | Val Acc: 0.3333 | Val P/R/F1 (Macro): 0.2954/0.4769/0.3204 | LR: 0.000005
  >>> New Best Val Acc: 0.3333
Epoch [11/100] | SVD update #11: pairs=128, sweeps=10, converged=False, rel_change=1.773e-01, effective_ranks=(127, 44), class_paired=True
Epoch [11/100] | Loss: 8.1354 (Cls: 8.1242, TAL: -0.1848, Adv: 0.4170, OT-Reg: 0.001490) | OT inner objective: 0.2347 | Marginal residual row/col/max: 1.16e-08/1.26e-08/1.30e-08 | Train Acc: 0.0859 | Val Acc: 0.2222 | Val P/R/F1 (Macro): 0.1662/0.1704/0.1484 | LR: 0.000005
Epoch [12/100] | SVD update #12: pairs=128, sweeps=8, converged=True, rel_change=9.030e-04, effective_ranks=(127, 37), class_paired=True
Epoch [12/100] | Loss: 8.1992 (Cls: 8.2282, TAL: -0.3903, Adv: 0.2228, OT-Reg: 0.001593) | OT inner objective: 0.0338 | Marginal residual row/col/max: 6.48e-07/2.42e-08/6.49e-07 | Train Acc: 0.0547 | Val Acc: 0.1944 | Val P/R/F1 (Macro): 0.2130/0.1852/0.1397 | LR: 0.000005
Epoch [13/100] | SVD update #13: pairs=128, sweeps=10, converged=False, rel_change=1.818e-03, effective_ranks=(127, 35), class_paired=True
Epoch [13/100] | Loss: 8.2045 (Cls: 8.2150, TAL: -0.2686, Adv: 0.2710, OT-Reg: 0.001488) | OT inner objective: 0.0356 | Marginal residual row/col/max: 1.11e-06/1.58e-08/1.11e-06 | Train Acc: 0.1016 | Val Acc: 0.1667 | Val P/R/F1 (Macro): 0.1692/0.2407/0.1907 | LR: 0.000005
Epoch [14/100] | SVD update #14: pairs=128, sweeps=10, converged=False, rel_change=5.260e-02, effective_ranks=(127, 24), class_paired=True
Epoch [14/100] | Loss: 7.2714 (Cls: 7.2597, TAL: -0.0423, Adv: 0.2100, OT-Reg: 0.001593) | OT inner objective: 0.0750 | Marginal residual row/col/max: 2.98e-08/2.00e-08/3.73e-08 | Train Acc: 0.1406 | Val Acc: 0.1389 | Val P/R/F1 (Macro): 0.1130/0.2037/0.1424 | LR: 0.000005
Epoch [15/100] | SVD update #15: pairs=128, sweeps=6, converged=True, rel_change=5.763e-04, effective_ranks=(127, 24), class_paired=True
Epoch [15/100] | Loss: 7.3428 (Cls: 7.3512, TAL: -0.2209, Adv: 0.2259, OT-Reg: 0.001474) | OT inner objective: -0.0012 | Marginal residual row/col/max: 4.93e-06/1.02e-08/4.93e-06 | Train Acc: 0.1562 | Val Acc: 0.1667 | Val P/R/F1 (Macro): 0.1958/0.2315/0.2078 | LR: 0.000005
Epoch [16/100] | SVD update #16: pairs=128, sweeps=10, converged=False, rel_change=1.737e-03, effective_ranks=(127, 27), class_paired=True
Epoch [16/100] | Loss: 8.0370 (Cls: 7.9898, TAL: 0.2699, Adv: 0.1854, OT-Reg: 0.001552) | OT inner objective: 0.0097 | Marginal residual row/col/max: 7.72e-07/1.40e-08/7.72e-07 | Train Acc: 0.1328 | Val Acc: 0.1944 | Val P/R/F1 (Macro): 0.1315/0.2315/0.1534 | LR: 0.000005
Epoch [17/100] | SVD update #17: pairs=128, sweeps=8, converged=True, rel_change=1.177e-04, effective_ranks=(127, 16), class_paired=True
Epoch [17/100] | Loss: 7.2771 (Cls: 7.2516, TAL: 0.0755, Adv: 0.2055, OT-Reg: 0.001464) | OT inner objective: -0.0197 | Marginal residual row/col/max: 1.65e-04/1.63e-08/1.65e-04 | Train Acc: 0.2422 | Val Acc: 0.2222 | Val P/R/F1 (Macro): 0.2279/0.2639/0.1833 | LR: 0.000005
Epoch [18/100] | SVD update #18: pairs=128, sweeps=10, converged=False, rel_change=1.916e-03, effective_ranks=(127, 25), class_paired=True
Epoch [18/100] | Loss: 8.0485 (Cls: 7.9947, TAL: 0.3189, Adv: 0.1946, OT-Reg: 0.001504) | OT inner objective: 0.0400 | Marginal residual row/col/max: 5.21e-07/1.86e-08/5.23e-07 | Train Acc: 0.1953 | Val Acc: 0.2222 | Val P/R/F1 (Macro): 0.1146/0.3185/0.1659 | LR: 0.000005
Epoch [19/100] | SVD update #19: pairs=128, sweeps=9, converged=True, rel_change=5.180e-04, effective_ranks=(127, 21), class_paired=True
Epoch [19/100] | Loss: 7.2801 (Cls: 7.2566, TAL: 0.0596, Adv: 0.2037, OT-Reg: 0.001473) | OT inner objective: 0.0126 | Marginal residual row/col/max: 1.04e-07/3.07e-08/1.04e-07 | Train Acc: 0.1797 | Val Acc: 0.2222 | Val P/R/F1 (Macro): 0.2063/0.3667/0.2326 | LR: 0.000005
Epoch [20/100] | SVD update #20: pairs=128, sweeps=5, converged=True, rel_change=4.250e-04, effective_ranks=(127, 19), class_paired=True
Epoch [20/100] | Loss: 6.9467 (Cls: 6.9314, TAL: -0.0103, Adv: 0.2068, OT-Reg: 0.001524) | OT inner objective: -0.0367 | Marginal residual row/col/max: 4.17e-07/2.84e-08/4.19e-07 | Train Acc: 0.2344 | Val Acc: 0.1944 | Val P/R/F1 (Macro): 0.3620/0.3602/0.2849 | LR: 0.000005
Epoch [21/100] | SVD update #21: pairs=128, sweeps=5, converged=True, rel_change=7.731e-04, effective_ranks=(127, 17), class_paired=True
Epoch [21/100] | Loss: 7.1571 (Cls: 7.1242, TAL: 0.1557, Adv: 0.1771, OT-Reg: 0.001374) | OT inner objective: -0.0849 | Marginal residual row/col/max: 8.29e-08/3.07e-08/8.94e-08 | Train Acc: 0.1328 | Val Acc: 0.2222 | Val P/R/F1 (Macro): 0.1393/0.3722/0.2000 | LR: 0.000003
Epoch [22/100] | SVD update #22: pairs=128, sweeps=10, converged=False, rel_change=9.448e-03, effective_ranks=(127, 26), class_paired=True
Epoch [22/100] | Loss: 7.3441 (Cls: 7.3023, TAL: 0.2174, Adv: 0.1961, OT-Reg: 0.001525) | OT inner objective: 0.0360 | Marginal residual row/col/max: 5.78e-06/1.77e-08/5.79e-06 | Train Acc: 0.1172 | Val Acc: 0.0556 | Val P/R/F1 (Macro): 0.0180/0.0500/0.0265 | LR: 0.000003
Epoch [23/100] | SVD update #23: pairs=128, sweeps=10, converged=False, rel_change=5.127e-02, effective_ranks=(127, 17), class_paired=True
Epoch [23/100] | Loss: 8.5973 (Cls: 8.5675, TAL: 0.1439, Adv: 0.1571, OT-Reg: 0.001513) | OT inner objective: 0.0055 | Marginal residual row/col/max: 4.03e-07/1.16e-08/4.05e-07 | Train Acc: 0.1562 | Val Acc: 0.1111 | Val P/R/F1 (Macro): 0.0626/0.2500/0.0836 | LR: 0.000003
Epoch [24/100] | SVD update #24: pairs=128, sweeps=9, converged=True, rel_change=7.494e-04, effective_ranks=(127, 17), class_paired=True
Epoch [24/100] | Loss: 7.9155 (Cls: 7.8785, TAL: 0.1804, Adv: 0.1910, OT-Reg: 0.001684) | OT inner objective: 0.0329 | Marginal residual row/col/max: 8.48e-08/1.44e-08/8.48e-08 | Train Acc: 0.2734 | Val Acc: 0.0833 | Val P/R/F1 (Macro): 0.1759/0.2361/0.1159 | LR: 0.000003
Epoch [25/100] | SVD update #25: pairs=128, sweeps=7, converged=True, rel_change=2.634e-04, effective_ranks=(127, 16), class_paired=True
Epoch [25/100] | Loss: 8.1944 (Cls: 8.1477, TAL: 0.2605, Adv: 0.1925, OT-Reg: 0.001564) | OT inner objective: 0.1134 | Marginal residual row/col/max: 1.42e-05/2.19e-08/1.42e-05 | Train Acc: 0.1328 | Val Acc: 0.1111 | Val P/R/F1 (Macro): 0.0944/0.2815/0.1259 | LR: 0.000003
Epoch [26/100] | SVD update #26: pairs=128, sweeps=10, converged=False, rel_change=5.283e-03, effective_ranks=(127, 21), class_paired=True
Epoch [26/100] | Loss: 7.9499 (Cls: 7.9072, TAL: 0.2483, Adv: 0.1612, OT-Reg: 0.001347) | OT inner objective: -0.1090 | Marginal residual row/col/max: 1.29e-05/2.47e-08/1.29e-05 | Train Acc: 0.2266 | Val Acc: 0.0833 | Val P/R/F1 (Macro): 0.0437/0.1472/0.0515 | LR: 0.000003
Epoch [27/100] | SVD update #27: pairs=128, sweeps=9, converged=True, rel_change=8.768e-04, effective_ranks=(127, 22), class_paired=True
Epoch [27/100] | Loss: 8.1962 (Cls: 8.1888, TAL: -0.0474, Adv: 0.1629, OT-Reg: 0.001393) | OT inner objective: -0.0434 | Marginal residual row/col/max: 3.29e-04/1.68e-08/3.29e-04 | Train Acc: 0.1953 | Val Acc: 0.1944 | Val P/R/F1 (Macro): 0.1685/0.3148/0.1445 | LR: 0.000003
Epoch [28/100] | SVD update #28: pairs=128, sweeps=10, converged=False, rel_change=4.178e-02, effective_ranks=(127, 22), class_paired=True
Epoch [28/100] | Loss: 8.2409 (Cls: 8.2540, TAL: -0.2334, Adv: 0.1854, OT-Reg: 0.001612) | OT inner objective: -0.0459 | Marginal residual row/col/max: 8.63e-07/2.05e-08/8.63e-07 | Train Acc: 0.0938 | Val Acc: 0.1944 | Val P/R/F1 (Macro): 0.0801/0.1991/0.0926 | LR: 0.000003
Epoch [29/100] | SVD update #29: pairs=128, sweeps=10, converged=False, rel_change=2.527e-03, effective_ranks=(127, 27), class_paired=True
Epoch [29/100] | Loss: 7.8058 (Cls: 7.8137, TAL: -0.1982, Adv: 0.1980, OT-Reg: 0.001522) | OT inner objective: -0.0045 | Marginal residual row/col/max: 4.94e-05/1.49e-08/4.94e-05 | Train Acc: 0.1562 | Val Acc: 0.1111 | Val P/R/F1 (Macro): 0.0234/0.1111/0.0386 | LR: 0.000003
Epoch [30/100] | SVD update #30: pairs=128, sweeps=10, converged=True, rel_change=4.346e-04, effective_ranks=(127, 18), class_paired=True
Epoch [30/100] | Loss: 7.8766 (Cls: 7.8525, TAL: 0.1002, Adv: 0.1512, OT-Reg: 0.001375) | OT inner objective: 0.0328 | Marginal residual row/col/max: 1.91e-04/2.47e-08/1.91e-04 | Train Acc: 0.1172 | Val Acc: 0.1944 | Val P/R/F1 (Macro): 0.0894/0.1343/0.1034 | LR: 0.000003
Epoch [31/100] | SVD update #31: pairs=128, sweeps=8, converged=True, rel_change=7.105e-04, effective_ranks=(127, 24), class_paired=True
Epoch [31/100] | Loss: 8.1865 (Cls: 8.2015, TAL: -0.2433, Adv: 0.1770, OT-Reg: 0.001447) | OT inner objective: -0.1545 | Marginal residual row/col/max: 1.20e-04/1.54e-08/1.20e-04 | Train Acc: 0.0625 | Val Acc: 0.0278 | Val P/R/F1 (Macro): 0.0556/0.0278/0.0370 | LR: 0.000003
Epoch [32/100] | SVD update #32: pairs=128, sweeps=10, converged=False, rel_change=9.245e-02, effective_ranks=(127, 18), class_paired=True
Epoch [32/100] | Loss: 8.1762 (Cls: 8.1887, TAL: -0.2068, Adv: 0.1532, OT-Reg: 0.001554) | OT inner objective: -0.0084 | Marginal residual row/col/max: 6.26e-06/1.86e-08/6.26e-06 | Train Acc: 0.1016 | Val Acc: 0.0833 | Val P/R/F1 (Macro): 0.0340/0.0722/0.0456 | LR: 0.000001
Epoch [33/100] | SVD update #33: pairs=128, sweeps=10, converged=False, rel_change=1.751e-02, effective_ranks=(127, 19), class_paired=True
Epoch [33/100] | Loss: 7.9351 (Cls: 7.9412, TAL: -0.2073, Adv: 0.2347, OT-Reg: 0.001428) | OT inner objective: 0.1279 | Marginal residual row/col/max: 1.91e-08/2.70e-08/2.70e-08 | Train Acc: 0.1172 | Val Acc: 0.0278 | Val P/R/F1 (Macro): 0.0053/0.0278/0.0089 | LR: 0.000001
Epoch [34/100] | SVD update #34: pairs=128, sweeps=10, converged=False, rel_change=5.176e-03, effective_ranks=(127, 18), class_paired=True
Epoch [34/100] | Loss: 7.7896 (Cls: 7.8184, TAL: -0.3274, Adv: 0.1303, OT-Reg: 0.001538) | OT inner objective: 0.0768 | Marginal residual row/col/max: 2.15e-07/2.56e-08/2.17e-07 | Train Acc: 0.1484 | Val Acc: 0.2500 | Val P/R/F1 (Macro): 0.2286/0.2250/0.1743 | LR: 0.000001
Epoch [35/100] | SVD update #35: pairs=128, sweeps=10, converged=False, rel_change=2.215e-02, effective_ranks=(127, 21), class_paired=True
Epoch [35/100] | Loss: 7.5934 (Cls: 7.5368, TAL: 0.3715, Adv: 0.1503, OT-Reg: 0.001573) | OT inner objective: 0.0751 | Marginal residual row/col/max: 1.26e-06/2.33e-08/1.27e-06 | Train Acc: 0.0625 | Val Acc: 0.0000 | Val P/R/F1 (Macro): 0.0000/0.0000/0.0000 | LR: 0.000001
Epoch [36/100] | SVD update #36: pairs=128, sweeps=10, converged=False, rel_change=2.761e-02, effective_ranks=(127, 17), class_paired=True
Epoch [36/100] | Loss: 7.6088 (Cls: 7.6077, TAL: -0.1642, Adv: 0.2607, OT-Reg: 0.001465) | OT inner objective: 0.0651 | Marginal residual row/col/max: 4.18e-06/2.98e-08/4.18e-06 | Train Acc: 0.1172 | Val Acc: 0.1111 | Val P/R/F1 (Macro): 0.0707/0.2222/0.1007 | LR: 0.000001
Epoch [37/100] | SVD update #37: pairs=128, sweeps=10, converged=False, rel_change=2.360e-03, effective_ranks=(126, 20), class_paired=True
Epoch [37/100] | Loss: 7.4143 (Cls: 7.4388, TAL: -0.3052, Adv: 0.1518, OT-Reg: 0.001424) | OT inner objective: -0.0139 | Marginal residual row/col/max: 6.52e-08/1.54e-08/6.61e-08 | Train Acc: 0.1172 | Val Acc: 0.0833 | Val P/R/F1 (Macro): 0.0537/0.1528/0.0680 | LR: 0.000001
Epoch [38/100] | SVD update #38: pairs=128, sweeps=10, converged=False, rel_change=2.118e-02, effective_ranks=(127, 19), class_paired=True
Epoch [38/100] | Loss: 7.4525 (Cls: 7.4517, TAL: -0.1168, Adv: 0.1852, OT-Reg: 0.001519) | OT inner objective: 0.0454 | Marginal residual row/col/max: 3.62e-07/1.16e-08/3.63e-07 | Train Acc: 0.1719 | Val Acc: 0.1389 | Val P/R/F1 (Macro): 0.0880/0.1481/0.0741 | LR: 0.000001
Epoch [39/100] | SVD update #39: pairs=128, sweeps=10, converged=False, rel_change=8.202e-01, effective_ranks=(127, 16), class_paired=True
Epoch [39/100] | Loss: 7.3932 (Cls: 7.3538, TAL: 0.2099, Adv: 0.1775, OT-Reg: 0.001404) | OT inner objective: 0.0538 | Marginal residual row/col/max: 1.58e-08/3.63e-08/3.63e-08 | Train Acc: 0.1250 | Val Acc: 0.0833 | Val P/R/F1 (Macro): 0.0802/0.1574/0.0671 | LR: 0.000001
Epoch [40/100] | SVD update #40: pairs=128, sweeps=7, converged=True, rel_change=4.595e-04, effective_ranks=(127, 15), class_paired=True
Epoch [40/100] | Loss: 7.9020 (Cls: 7.8341, TAL: 0.4001, Adv: 0.2476, OT-Reg: 0.001564) | OT inner objective: 0.0671 | Marginal residual row/col/max: 1.59e-07/1.21e-08/1.59e-07 | Train Acc: 0.1875 | Val Acc: 0.1667 | Val P/R/F1 (Macro): 0.2438/0.3139/0.1760 | LR: 0.000001
Epoch [41/100] | SVD update #41: pairs=128, sweeps=8, converged=True, rel_change=8.576e-04, effective_ranks=(127, 18), class_paired=True
Epoch [41/100] | Loss: 7.9738 (Cls: 7.9332, TAL: 0.2224, Adv: 0.1743, OT-Reg: 0.001427) | OT inner objective: -0.0254 | Marginal residual row/col/max: 5.71e-07/1.30e-08/5.71e-07 | Train Acc: 0.1875 | Val Acc: 0.1389 | Val P/R/F1 (Macro): 0.0710/0.2315/0.1078 | LR: 0.000001
Epoch [42/100] | SVD update #42: pairs=128, sweeps=7, converged=True, rel_change=6.749e-04, effective_ranks=(127, 15), class_paired=True
Epoch [42/100] | Loss: 7.6816 (Cls: 7.6278, TAL: 0.3149, Adv: 0.1997, OT-Reg: 0.001702) | OT inner objective: 0.1412 | Marginal residual row/col/max: 3.73e-08/2.19e-08/4.42e-08 | Train Acc: 0.2109 | Val Acc: 0.2222 | Val P/R/F1 (Macro): 0.2017/0.3769/0.1616 | LR: 0.000001
Epoch [43/100] | SVD update #43: pairs=128, sweeps=4, converged=True, rel_change=5.583e-04, effective_ranks=(127, 15), class_paired=True
Epoch [43/100] | Loss: 7.7867 (Cls: 7.7170, TAL: 0.4740, Adv: 0.1603, OT-Reg: 0.001567) | OT inner objective: 0.0814 | Marginal residual row/col/max: 1.21e-08/2.89e-08/2.89e-08 | Train Acc: 0.1719 | Val Acc: 0.3333 | Val P/R/F1 (Macro): 0.2984/0.4611/0.3326 | LR: 0.000001
Epoch [44/100] | SVD update #44: pairs=128, sweeps=7, converged=True, rel_change=5.309e-04, effective_ranks=(127, 17), class_paired=True
Epoch [44/100] | Loss: 7.6985 (Cls: 7.6442, TAL: 0.3596, Adv: 0.1402, OT-Reg: 0.001659) | OT inner objective: 0.1495 | Marginal residual row/col/max: 1.30e-08/1.72e-08/1.82e-08 | Train Acc: 0.1641 | Val Acc: 0.3333 | Val P/R/F1 (Macro): 0.2500/0.3519/0.2760 | LR: 0.000001
Epoch [45/100] | SVD update #45: pairs=128, sweeps=7, converged=True, rel_change=6.848e-04, effective_ranks=(127, 15), class_paired=True
Epoch [45/100] | Loss: 7.8244 (Cls: 7.7933, TAL: 0.1428, Adv: 0.1746, OT-Reg: 0.001391) | OT inner objective: -0.0970 | Marginal residual row/col/max: 5.94e-07/1.07e-08/5.94e-07 | Train Acc: 0.1953 | Val Acc: 0.2500 | Val P/R/F1 (Macro): 0.1926/0.3426/0.2085 | LR: 0.000001
Epoch [46/100] | SVD update #46: pairs=128, sweeps=8, converged=True, rel_change=5.970e-04, effective_ranks=(127, 16), class_paired=True
Epoch [46/100] | Loss: 7.6645 (Cls: 7.6114, TAL: 0.3508, Adv: 0.1381, OT-Reg: 0.001576) | OT inner objective: 0.0950 | Marginal residual row/col/max: 1.69e-07/2.75e-08/1.79e-07 | Train Acc: 0.2266 | Val Acc: 0.2778 | Val P/R/F1 (Macro): 0.1552/0.3963/0.2112 | LR: 0.000001
Epoch [47/100] | SVD update #47: pairs=128, sweeps=7, converged=True, rel_change=8.254e-04, effective_ranks=(127, 17), class_paired=True
Epoch [47/100] | Loss: 7.6706 (Cls: 7.6250, TAL: 0.2657, Adv: 0.1712, OT-Reg: 0.001506) | OT inner objective: -0.0086 | Marginal residual row/col/max: 6.71e-07/2.65e-08/6.71e-07 | Train Acc: 0.2188 | Val Acc: 0.1944 | Val P/R/F1 (Macro): 0.2045/0.3333/0.2083 | LR: 0.000001
Epoch [48/100] | SVD update #48: pairs=128, sweeps=5, converged=True, rel_change=5.017e-04, effective_ranks=(127, 16), class_paired=True
Epoch [48/100] | Loss: 7.6611 (Cls: 7.5905, TAL: 0.4892, Adv: 0.1491, OT-Reg: 0.001504) | OT inner objective: 0.0825 | Marginal residual row/col/max: 1.30e-08/1.82e-08/1.82e-08 | Train Acc: 0.1328 | Val Acc: 0.1389 | Val P/R/F1 (Macro): 0.2023/0.2870/0.1737 | LR: 0.000001
Epoch [49/100] | SVD update #49: pairs=128, sweeps=4, converged=True, rel_change=3.326e-04, effective_ranks=(127, 16), class_paired=True
Epoch [49/100] | Loss: 7.6237 (Cls: 7.5560, TAL: 0.4502, Adv: 0.1710, OT-Reg: 0.001695) | OT inner objective: 0.1390 | Marginal residual row/col/max: 1.72e-08/2.33e-08/2.33e-08 | Train Acc: 0.2031 | Val Acc: 0.1944 | Val P/R/F1 (Macro): 0.2429/0.3315/0.2410 | LR: 0.000001
Epoch [50/100] | SVD update #50: pairs=128, sweeps=10, converged=False, rel_change=2.113e-03, effective_ranks=(127, 16), class_paired=True
Epoch [50/100] | Loss: 7.7984 (Cls: 7.7545, TAL: 0.2476, Adv: 0.1772, OT-Reg: 0.001283) | OT inner objective: -0.1356 | Marginal residual row/col/max: 4.07e-05/2.75e-08/4.07e-05 | Train Acc: 0.1953 | Val Acc: 0.1944 | Val P/R/F1 (Macro): 0.1643/0.3565/0.1634 | LR: 0.000001
Epoch [51/100] | SVD update #51: pairs=128, sweeps=9, converged=True, rel_change=5.095e-04, effective_ranks=(127, 15), class_paired=True
Epoch [51/100] | Loss: 7.5678 (Cls: 7.5206, TAL: 0.2945, Adv: 0.1484, OT-Reg: 0.001702) | OT inner objective: 0.1345 | Marginal residual row/col/max: 1.72e-08/2.28e-08/2.28e-08 | Train Acc: 0.1719 | Val Acc: 0.2778 | Val P/R/F1 (Macro): 0.2991/0.3796/0.2558 | LR: 0.000001
Epoch [52/100] | SVD update #52: pairs=128, sweeps=4, converged=True, rel_change=7.808e-04, effective_ranks=(127, 16), class_paired=True
Epoch [52/100] | Loss: 7.6081 (Cls: 7.5489, TAL: 0.3680, Adv: 0.1870, OT-Reg: 0.001372) | OT inner objective: 0.0535 | Marginal residual row/col/max: 1.30e-08/1.72e-08/1.82e-08 | Train Acc: 0.1328 | Val Acc: 0.1944 | Val P/R/F1 (Macro): 0.2315/0.3463/0.1874 | LR: 0.000001
Epoch [53/100] | SVD update #53: pairs=128, sweeps=10, converged=False, rel_change=6.864e-01, effective_ranks=(127, 21), class_paired=True
Epoch [53/100] | Loss: 7.5441 (Cls: 7.5228, TAL: 0.0859, Adv: 0.1377, OT-Reg: 0.001685) | OT inner objective: 0.1222 | Marginal residual row/col/max: 7.31e-08/2.14e-08/7.96e-08 | Train Acc: 0.0781 | Val Acc: 0.1111 | Val P/R/F1 (Macro): 0.0500/0.0833/0.0595 | LR: 0.000001
Epoch [54/100] | SVD update #54: pairs=128, sweeps=10, converged=False, rel_change=1.629e-02, effective_ranks=(127, 15), class_paired=True
Epoch [54/100] | Loss: 7.4489 (Cls: 7.3893, TAL: 0.3675, Adv: 0.1939, OT-Reg: 0.001555) | OT inner objective: 0.0268 | Marginal residual row/col/max: 3.95e-05/2.24e-08/3.95e-05 | Train Acc: 0.2031 | Val Acc: 0.2222 | Val P/R/F1 (Macro): 0.3393/0.3491/0.2789 | LR: 0.000001
Epoch [55/100] | SVD update #55: pairs=128, sweeps=10, converged=False, rel_change=6.040e-03, effective_ranks=(127, 20), class_paired=True
Epoch [55/100] | Loss: 7.5617 (Cls: 7.5626, TAL: -0.1215, Adv: 0.1708, OT-Reg: 0.001589) | OT inner objective: -0.0274 | Marginal residual row/col/max: 4.70e-06/2.65e-08/4.70e-06 | Train Acc: 0.1875 | Val Acc: 0.0556 | Val P/R/F1 (Macro): 0.0278/0.1389/0.0353 | LR: 0.000001
Epoch [56/100] | SVD update #56: pairs=128, sweeps=8, converged=True, rel_change=6.205e-04, effective_ranks=(127, 16), class_paired=True
Epoch [56/100] | Loss: 7.4694 (Cls: 7.4198, TAL: 0.3151, Adv: 0.1484, OT-Reg: 0.001434) | OT inner objective: -0.0151 | Marginal residual row/col/max: 2.93e-06/1.68e-08/2.93e-06 | Train Acc: 0.2266 | Val Acc: 0.2222 | Val P/R/F1 (Macro): 0.1865/0.3565/0.2019 | LR: 0.000001
Epoch [57/100] | SVD update #57: pairs=128, sweeps=4, converged=True, rel_change=9.535e-04, effective_ranks=(127, 16), class_paired=True
Epoch [57/100] | Loss: 7.8958 (Cls: 7.8307, TAL: 0.4225, Adv: 0.1799, OT-Reg: 0.001166) | OT inner objective: 0.0488 | Marginal residual row/col/max: 1.26e-08/3.82e-08/3.82e-08 | Train Acc: 0.1719 | Val Acc: 0.2222 | Val P/R/F1 (Macro): 0.1657/0.3565/0.1777 | LR: 0.000001
Epoch [58/100] | SVD update #58: pairs=128, sweeps=10, converged=False, rel_change=4.902e-01, effective_ranks=(127, 13), class_paired=True
Epoch [58/100] | Loss: 7.5981 (Cls: 7.5523, TAL: 0.2873, Adv: 0.1413, OT-Reg: 0.001379) | OT inner objective: 0.1017 | Marginal residual row/col/max: 4.10e-08/2.24e-08/4.56e-08 | Train Acc: 0.1250 | Val Acc: 0.1667 | Val P/R/F1 (Macro): 0.1069/0.2083/0.1231 | LR: 0.000001
Epoch [59/100] | SVD update #59: pairs=128, sweeps=10, converged=False, rel_change=1.767e-02, effective_ranks=(127, 15), class_paired=True
Epoch [59/100] | Loss: 7.5842 (Cls: 7.5686, TAL: 0.0425, Adv: 0.1307, OT-Reg: 0.001624) | OT inner objective: -0.0375 | Marginal residual row/col/max: 4.27e-06/3.07e-08/4.27e-06 | Train Acc: 0.1562 | Val Acc: 0.2500 | Val P/R/F1 (Macro): 0.2461/0.3519/0.2500 | LR: 0.000001
Epoch [60/100] | SVD update #60: pairs=128, sweeps=7, converged=True, rel_change=3.292e-04, effective_ranks=(127, 15), class_paired=True
Epoch [60/100] | Loss: 7.3590 (Cls: 7.3198, TAL: 0.2492, Adv: 0.1162, OT-Reg: 0.001323) | OT inner objective: 0.0319 | Marginal residual row/col/max: 9.55e-08/3.07e-08/1.06e-07 | Train Acc: 0.1484 | Val Acc: 0.1667 | Val P/R/F1 (Macro): 0.2346/0.3185/0.1628 | LR: 0.000001
Epoch [61/100] | SVD update #61: pairs=128, sweeps=10, converged=False, rel_change=2.140e-03, effective_ranks=(127, 16), class_paired=True
Epoch [61/100] | Loss: 7.7312 (Cls: 7.7360, TAL: -0.1148, Adv: 0.1131, OT-Reg: 0.001430) | OT inner objective: -0.0978 | Marginal residual row/col/max: 2.27e-06/2.00e-08/2.27e-06 | Train Acc: 0.1250 | Val Acc: 0.1667 | Val P/R/F1 (Macro): 0.0753/0.2778/0.1034 | LR: 0.000001
Epoch [62/100] | SVD update #62: pairs=128, sweeps=7, converged=True, rel_change=7.429e-04, effective_ranks=(127, 18), class_paired=True
Epoch [62/100] | Loss: 7.3609 (Cls: 7.3076, TAL: 0.3443, Adv: 0.1495, OT-Reg: 0.001539) | OT inner objective: -0.0057 | Marginal residual row/col/max: 1.49e-05/2.05e-08/1.49e-05 | Train Acc: 0.1172 | Val Acc: 0.2778 | Val P/R/F1 (Macro): 0.2410/0.2759/0.2260 | LR: 0.000001
Epoch [63/100] | SVD update #63: pairs=128, sweeps=6, converged=True, rel_change=5.129e-04, effective_ranks=(127, 16), class_paired=True
Epoch [63/100] | Loss: 7.2602 (Cls: 7.2096, TAL: 0.3168, Adv: 0.1581, OT-Reg: 0.001766) | OT inner objective: 0.1596 | Marginal residual row/col/max: 1.32e-07/2.19e-08/1.36e-07 | Train Acc: 0.2109 | Val Acc: 0.2500 | Val P/R/F1 (Macro): 0.2586/0.3833/0.2265 | LR: 0.000001
Epoch [64/100] | SVD update #64: pairs=128, sweeps=10, converged=False, rel_change=3.523e-02, effective_ranks=(127, 13), class_paired=True
Epoch [64/100] | Loss: 7.5083 (Cls: 7.4686, TAL: 0.2331, Adv: 0.1462, OT-Reg: 0.001509) | OT inner objective: 0.1096 | Marginal residual row/col/max: 1.58e-08/1.49e-08/1.72e-08 | Train Acc: 0.1562 | Val Acc: 0.1944 | Val P/R/F1 (Macro): 0.2167/0.3000/0.1741 | LR: 0.000001
Epoch [65/100] | SVD update #65: pairs=128, sweeps=7, converged=True, rel_change=9.313e-04, effective_ranks=(127, 16), class_paired=True
Epoch [65/100] | Loss: 7.4630 (Cls: 7.4139, TAL: 0.3303, Adv: 0.1175, OT-Reg: 0.001666) | OT inner objective: 0.0377 | Marginal residual row/col/max: 3.73e-08/1.86e-08/4.05e-08 | Train Acc: 0.1641 | Val Acc: 0.3056 | Val P/R/F1 (Macro): 0.3296/0.4009/0.3034 | LR: 0.000001
Epoch [66/100] | SVD update #66: pairs=128, sweeps=8, converged=True, rel_change=6.687e-04, effective_ranks=(127, 15), class_paired=True
Epoch [66/100] | Loss: 7.3180 (Cls: 7.2849, TAL: 0.1888, Adv: 0.1309, OT-Reg: 0.001412) | OT inner objective: 0.0645 | Marginal residual row/col/max: 1.16e-04/2.56e-08/1.16e-04 | Train Acc: 0.1875 | Val Acc: 0.2222 | Val P/R/F1 (Macro): 0.2361/0.3333/0.2453 | LR: 0.000001
Epoch [67/100] | SVD update #67: pairs=128, sweeps=5, converged=True, rel_change=3.266e-04, effective_ranks=(127, 14), class_paired=True
Epoch [67/100] | Loss: 7.3359 (Cls: 7.2870, TAL: 0.3107, Adv: 0.1456, OT-Reg: 0.001621) | OT inner objective: 0.0546 | Marginal residual row/col/max: 2.32e-06/1.96e-08/2.32e-06 | Train Acc: 0.1875 | Val Acc: 0.3056 | Val P/R/F1 (Macro): 0.2824/0.3694/0.2790 | LR: 0.000001
Epoch [68/100] | SVD update #68: pairs=128, sweeps=9, converged=True, rel_change=7.192e-04, effective_ranks=(127, 17), class_paired=True
Epoch [68/100] | Loss: 7.4915 (Cls: 7.4269, TAL: 0.4374, Adv: 0.1522, OT-Reg: 0.001573) | OT inner objective: 0.0744 | Marginal residual row/col/max: 1.30e-08/1.30e-08/1.40e-08 | Train Acc: 0.1484 | Val Acc: 0.1389 | Val P/R/F1 (Macro): 0.1464/0.3148/0.1611 | LR: 0.000001
Epoch [69/100] | SVD update #69: pairs=128, sweeps=4, converged=True, rel_change=7.433e-04, effective_ranks=(127, 15), class_paired=True
Epoch [69/100] | Loss: 7.2638 (Cls: 7.2009, TAL: 0.4304, Adv: 0.1417, OT-Reg: 0.001623) | OT inner objective: 0.0850 | Marginal residual row/col/max: 9.22e-08/2.42e-08/9.45e-08 | Train Acc: 0.1641 | Val Acc: 0.2222 | Val P/R/F1 (Macro): 0.1741/0.3611/0.2026 | LR: 0.000001
Epoch [70/100] | SVD update #70: pairs=128, sweeps=4, converged=True, rel_change=3.472e-04, effective_ranks=(127, 16), class_paired=True
Epoch [70/100] | Loss: 7.4737 (Cls: 7.4122, TAL: 0.3947, Adv: 0.1770, OT-Reg: 0.001609) | OT inner objective: 0.0962 | Marginal residual row/col/max: 2.33e-08/2.10e-08/2.56e-08 | Train Acc: 0.1641 | Val Acc: 0.1667 | Val P/R/F1 (Macro): 0.2074/0.3611/0.2482 | LR: 0.000001
Epoch [71/100] | SVD update #71: pairs=128, sweeps=8, converged=True, rel_change=7.215e-04, effective_ranks=(127, 16), class_paired=True
Epoch [71/100] | Loss: 7.5046 (Cls: 7.4459, TAL: 0.3827, Adv: 0.1597, OT-Reg: 0.001572) | OT inner objective: -0.0644 | Marginal residual row/col/max: 1.94e-05/2.24e-08/1.94e-05 | Train Acc: 0.1719 | Val Acc: 0.0556 | Val P/R/F1 (Macro): 0.1481/0.2222/0.1667 | LR: 0.000001
Epoch [72/100] | SVD update #72: pairs=128, sweeps=6, converged=True, rel_change=7.907e-04, effective_ranks=(127, 16), class_paired=True
Epoch [72/100] | Loss: 7.2504 (Cls: 7.1903, TAL: 0.3674, Adv: 0.2006, OT-Reg: 0.001543) | OT inner objective: 0.0646 | Marginal residual row/col/max: 3.54e-08/1.82e-08/3.54e-08 | Train Acc: 0.2031 | Val Acc: 0.2222 | Val P/R/F1 (Macro): 0.2772/0.3472/0.2148 | LR: 0.000001
Epoch [73/100] | SVD update #73: pairs=128, sweeps=5, converged=True, rel_change=2.740e-04, effective_ranks=(127, 17), class_paired=True
Epoch [73/100] | Loss: 7.4179 (Cls: 7.3668, TAL: 0.2842, Adv: 0.2125, OT-Reg: 0.001599) | OT inner objective: 0.0662 | Marginal residual row/col/max: 1.72e-08/2.98e-08/2.98e-08 | Train Acc: 0.2188 | Val Acc: 0.2222 | Val P/R/F1 (Macro): 0.3216/0.3546/0.2482 | LR: 0.000001
Epoch [74/100] | SVD update #74: pairs=128, sweeps=10, converged=False, rel_change=1.310e-01, effective_ranks=(127, 13), class_paired=True
Epoch [74/100] | Loss: 7.3964 (Cls: 7.3746, TAL: 0.0625, Adv: 0.1781, OT-Reg: 0.001510) | OT inner objective: 0.0381 | Marginal residual row/col/max: 2.00e-06/1.49e-08/2.00e-06 | Train Acc: 0.1094 | Val Acc: 0.2778 | Val P/R/F1 (Macro): 0.3233/0.2861/0.2146 | LR: 0.000001
Epoch [75/100] | SVD update #75: pairs=128, sweeps=5, converged=True, rel_change=6.865e-04, effective_ranks=(127, 17), class_paired=True
Epoch [75/100] | Loss: 7.4034 (Cls: 7.3375, TAL: 0.4345, Adv: 0.1725, OT-Reg: 0.001653) | OT inner objective: 0.1851 | Marginal residual row/col/max: 1.72e-08/3.26e-08/3.31e-08 | Train Acc: 0.1719 | Val Acc: 0.1944 | Val P/R/F1 (Macro): 0.2832/0.3472/0.2258 | LR: 0.000001
Epoch [76/100] | SVD update #76: pairs=128, sweeps=5, converged=True, rel_change=3.414e-05, effective_ranks=(127, 17), class_paired=True
Epoch [76/100] | Loss: 7.1798 (Cls: 7.1120, TAL: 0.4328, Adv: 0.1979, OT-Reg: 0.001820) | OT inner objective: 0.1442 | Marginal residual row/col/max: 1.49e-08/2.00e-08/2.00e-08 | Train Acc: 0.2500 | Val Acc: 0.5000 | Val P/R/F1 (Macro): 0.4722/0.5954/0.4991 | LR: 0.000001
  >>> New Best Val Acc: 0.5000
Epoch [77/100] | SVD update #77: pairs=128, sweeps=10, converged=True, rel_change=9.242e-04, effective_ranks=(127, 14), class_paired=True
Epoch [77/100] | Loss: 7.3321 (Cls: 7.2986, TAL: 0.1675, Adv: 0.1676, OT-Reg: 0.001386) | OT inner objective: -0.0005 | Marginal residual row/col/max: 6.77e-05/1.68e-08/6.77e-05 | Train Acc: 0.2188 | Val Acc: 0.1944 | Val P/R/F1 (Macro): 0.2074/0.3519/0.2259 | LR: 0.000001
Epoch [78/100] | SVD update #78: pairs=128, sweeps=6, converged=True, rel_change=4.883e-04, effective_ranks=(127, 17), class_paired=True
Epoch [78/100] | Loss: 7.4726 (Cls: 7.4009, TAL: 0.4683, Adv: 0.1940, OT-Reg: 0.001415) | OT inner objective: 0.0216 | Marginal residual row/col/max: 1.68e-08/1.21e-08/1.96e-08 | Train Acc: 0.2266 | Val Acc: 0.2222 | Val P/R/F1 (Macro): 0.1435/0.3380/0.1910 | LR: 0.000001
Epoch [79/100] | SVD update #79: pairs=128, sweeps=10, converged=False, rel_change=9.109e-03, effective_ranks=(127, 15), class_paired=True
Epoch [79/100] | Loss: 7.3789 (Cls: 7.3421, TAL: 0.1823, Adv: 0.1869, OT-Reg: 0.001387) | OT inner objective: -0.2269 | Marginal residual row/col/max: 6.94e-05/1.12e-08/6.94e-05 | Train Acc: 0.2344 | Val Acc: 0.1944 | Val P/R/F1 (Macro): 0.3184/0.3796/0.2177 | LR: 0.000001
Epoch [80/100] | SVD update #80: pairs=128, sweeps=10, converged=False, rel_change=6.109e-03, effective_ranks=(127, 14), class_paired=True
Epoch [80/100] | Loss: 7.2340 (Cls: 7.1972, TAL: 0.2160, Adv: 0.1354, OT-Reg: 0.001294) | OT inner objective: -0.1554 | Marginal residual row/col/max: 2.43e-06/1.07e-08/2.43e-06 | Train Acc: 0.2266 | Val Acc: 0.2222 | Val P/R/F1 (Macro): 0.1361/0.3102/0.1706 | LR: 0.000001
Epoch [81/100] | SVD update #81: pairs=128, sweeps=6, converged=True, rel_change=5.166e-04, effective_ranks=(127, 16), class_paired=True
Epoch [81/100] | Loss: 7.3781 (Cls: 7.3229, TAL: 0.3597, Adv: 0.1502, OT-Reg: 0.001565) | OT inner objective: 0.0327 | Marginal residual row/col/max: 1.12e-08/2.14e-08/2.14e-08 | Train Acc: 0.2109 | Val Acc: 0.1389 | Val P/R/F1 (Macro): 0.0844/0.1917/0.1044 | LR: 0.000001
Epoch [82/100] | SVD update #82: pairs=128, sweeps=10, converged=False, rel_change=1.725e-01, effective_ranks=(127, 15), class_paired=True
Epoch [82/100] | Loss: 7.3739 (Cls: 7.3402, TAL: 0.1944, Adv: 0.1301, OT-Reg: 0.001379) | OT inner objective: 0.0723 | Marginal residual row/col/max: 3.59e-07/2.28e-08/3.67e-07 | Train Acc: 0.1641 | Val Acc: 0.0833 | Val P/R/F1 (Macro): 0.1490/0.2361/0.0877 | LR: 0.000001
Epoch [83/100] | SVD update #83: pairs=128, sweeps=5, converged=True, rel_change=6.141e-04, effective_ranks=(127, 15), class_paired=True
Epoch [83/100] | Loss: 7.3194 (Cls: 7.2661, TAL: 0.3301, Adv: 0.1718, OT-Reg: 0.001472) | OT inner objective: -0.0243 | Marginal residual row/col/max: 1.13e-05/2.51e-08/1.13e-05 | Train Acc: 0.1875 | Val Acc: 0.2222 | Val P/R/F1 (Macro): 0.1316/0.3611/0.1822 | LR: 0.000001
Epoch [84/100] | SVD update #84: pairs=128, sweeps=10, converged=False, rel_change=1.280e-01, effective_ranks=(127, 15), class_paired=True
Epoch [84/100] | Loss: 7.4127 (Cls: 7.4132, TAL: -0.1176, Adv: 0.1703, OT-Reg: 0.001486) | OT inner objective: -0.1097 | Marginal residual row/col/max: 5.84e-05/1.02e-08/5.84e-05 | Train Acc: 0.1953 | Val Acc: 0.1111 | Val P/R/F1 (Macro): 0.0639/0.2870/0.0981 | LR: 0.000001
Epoch [85/100] | SVD update #85: pairs=128, sweeps=7, converged=True, rel_change=8.268e-04, effective_ranks=(127, 16), class_paired=True
Epoch [85/100] | Loss: 7.3239 (Cls: 7.2667, TAL: 0.3737, Adv: 0.1543, OT-Reg: 0.001739) | OT inner objective: 0.1537 | Marginal residual row/col/max: 1.77e-08/2.37e-08/2.47e-08 | Train Acc: 0.1641 | Val Acc: 0.1667 | Val P/R/F1 (Macro): 0.1790/0.3241/0.1993 | LR: 0.000001
Epoch [86/100] | SVD update #86: pairs=128, sweeps=5, converged=True, rel_change=2.164e-04, effective_ranks=(127, 15), class_paired=True
Epoch [86/100] | Loss: 7.1045 (Cls: 7.0561, TAL: 0.2980, Adv: 0.1581, OT-Reg: 0.001704) | OT inner objective: 0.0319 | Marginal residual row/col/max: 1.68e-08/2.28e-08/2.33e-08 | Train Acc: 0.2109 | Val Acc: 0.3056 | Val P/R/F1 (Macro): 0.2015/0.4630/0.2528 | LR: 0.000001
Epoch [87/100] | SVD update #87: pairs=128, sweeps=10, converged=False, rel_change=6.765e-03, effective_ranks=(127, 14), class_paired=True
Epoch [87/100] | Loss: 7.3538 (Cls: 7.3345, TAL: 0.0382, Adv: 0.1831, OT-Reg: 0.001523) | OT inner objective: -0.0896 | Marginal residual row/col/max: 1.61e-04/2.14e-08/1.61e-04 | Train Acc: 0.2266 | Val Acc: 0.3056 | Val P/R/F1 (Macro): 0.3256/0.4278/0.3259 | LR: 0.000001
Epoch [88/100] | SVD update #88: pairs=128, sweeps=6, converged=True, rel_change=2.108e-04, effective_ranks=(127, 16), class_paired=True
Epoch [88/100] | Loss: 7.3464 (Cls: 7.3258, TAL: 0.0820, Adv: 0.1339, OT-Reg: 0.001458) | OT inner objective: -0.1040 | Marginal residual row/col/max: 8.82e-05/1.44e-08/8.82e-05 | Train Acc: 0.2031 | Val Acc: 0.1944 | Val P/R/F1 (Macro): 0.1071/0.2167/0.1222 | LR: 0.000001
Epoch [89/100] | SVD update #89: pairs=128, sweeps=6, converged=True, rel_change=8.195e-04, effective_ranks=(127, 15), class_paired=True
Epoch [89/100] | Loss: 7.4713 (Cls: 7.4332, TAL: 0.2224, Adv: 0.1425, OT-Reg: 0.001708) | OT inner objective: 0.0186 | Marginal residual row/col/max: 3.94e-06/3.03e-08/3.94e-06 | Train Acc: 0.1953 | Val Acc: 0.1667 | Val P/R/F1 (Macro): 0.1240/0.3148/0.1725 | LR: 0.000001
Epoch [90/100] | SVD update #90: pairs=128, sweeps=10, converged=False, rel_change=1.892e-03, effective_ranks=(127, 16), class_paired=True
Epoch [90/100] | Loss: 7.1669 (Cls: 7.1731, TAL: -0.1493, Adv: 0.1458, OT-Reg: 0.001452) | OT inner objective: -0.1939 | Marginal residual row/col/max: 5.82e-06/9.78e-09/5.82e-06 | Train Acc: 0.1797 | Val Acc: 0.3056 | Val P/R/F1 (Macro): 0.2573/0.4028/0.2507 | LR: 0.000001
Epoch [91/100] | SVD update #91: pairs=128, sweeps=5, converged=True, rel_change=8.252e-04, effective_ranks=(127, 16), class_paired=True
Epoch [91/100] | Loss: 7.2445 (Cls: 7.2034, TAL: 0.2508, Adv: 0.1367, OT-Reg: 0.001413) | OT inner objective: -0.0116 | Marginal residual row/col/max: 4.04e-06/1.26e-08/4.04e-06 | Train Acc: 0.2031 | Val Acc: 0.2500 | Val P/R/F1 (Macro): 0.0880/0.2269/0.1153 | LR: 0.000001
Epoch [92/100] | SVD update #92: pairs=128, sweeps=5, converged=True, rel_change=3.102e-04, effective_ranks=(127, 15), class_paired=True
Epoch [92/100] | Loss: 7.5740 (Cls: 7.5184, TAL: 0.3718, Adv: 0.1370, OT-Reg: 0.001524) | OT inner objective: 0.0745 | Marginal residual row/col/max: 1.40e-08/1.82e-08/1.82e-08 | Train Acc: 0.1797 | Val Acc: 0.1389 | Val P/R/F1 (Macro): 0.2222/0.1991/0.1302 | LR: 0.000001
Epoch [93/100] | SVD update #93: pairs=128, sweeps=10, converged=False, rel_change=1.108e-02, effective_ranks=(127, 16), class_paired=True
Epoch [93/100] | Loss: 7.3759 (Cls: 7.3871, TAL: -0.1705, Adv: 0.1156, OT-Reg: 0.001571) | OT inner objective: -0.1479 | Marginal residual row/col/max: 1.61e-06/1.68e-08/1.61e-06 | Train Acc: 0.2188 | Val Acc: 0.1944 | Val P/R/F1 (Macro): 0.1704/0.1574/0.1379 | LR: 0.000001
Epoch [94/100] | SVD update #94: pairs=128, sweeps=10, converged=False, rel_change=2.795e-01, effective_ranks=(127, 16), class_paired=True
Epoch [94/100] | Loss: 7.4302 (Cls: 7.4028, TAL: 0.1413, Adv: 0.1304, OT-Reg: 0.001375) | OT inner objective: -0.1891 | Marginal residual row/col/max: 3.30e-05/1.02e-08/3.30e-05 | Train Acc: 0.1719 | Val Acc: 0.1667 | Val P/R/F1 (Macro): 0.1322/0.3056/0.1513 | LR: 0.000001
Epoch [95/100] | SVD update #95: pairs=128, sweeps=7, converged=True, rel_change=4.297e-04, effective_ranks=(127, 17), class_paired=True
Epoch [95/100] | Loss: 7.3965 (Cls: 7.3536, TAL: 0.2515, Adv: 0.1586, OT-Reg: 0.001501) | OT inner objective: -0.2378 | Marginal residual row/col/max: 1.49e-04/1.82e-08/1.49e-04 | Train Acc: 0.1641 | Val Acc: 0.2222 | Val P/R/F1 (Macro): 0.2562/0.3472/0.2408 | LR: 0.000001
Epoch [96/100] | SVD update #96: pairs=128, sweeps=5, converged=True, rel_change=8.834e-04, effective_ranks=(127, 15), class_paired=True
Epoch [96/100] | Loss: 7.1979 (Cls: 7.1532, TAL: 0.2890, Adv: 0.1254, OT-Reg: 0.001735) | OT inner objective: 0.1207 | Marginal residual row/col/max: 1.86e-08/2.47e-08/2.47e-08 | Train Acc: 0.1406 | Val Acc: 0.2222 | Val P/R/F1 (Macro): 0.1898/0.3472/0.2092 | LR: 0.000001
Epoch [97/100] | SVD update #97: pairs=128, sweeps=10, converged=True, rel_change=7.120e-04, effective_ranks=(127, 15), class_paired=True
Epoch [97/100] | Loss: 7.3446 (Cls: 7.3351, TAL: 0.0070, Adv: 0.1084, OT-Reg: 0.001520) | OT inner objective: -0.1059 | Marginal residual row/col/max: 3.08e-05/1.26e-08/3.08e-05 | Train Acc: 0.1562 | Val Acc: 0.1111 | Val P/R/F1 (Macro): 0.1407/0.1759/0.1393 | LR: 0.000001
Epoch [98/100] | SVD update #98: pairs=128, sweeps=10, converged=False, rel_change=5.111e-02, effective_ranks=(127, 15), class_paired=True
Epoch [98/100] | Loss: 7.1267 (Cls: 7.1111, TAL: 0.0524, Adv: 0.1172, OT-Reg: 0.001590) | OT inner objective: 0.0130 | Marginal residual row/col/max: 7.18e-07/2.28e-08/7.18e-07 | Train Acc: 0.2344 | Val Acc: 0.1667 | Val P/R/F1 (Macro): 0.1393/0.2259/0.1437 | LR: 0.000001
Epoch [99/100] | SVD update #99: pairs=128, sweeps=9, converged=True, rel_change=8.224e-04, effective_ranks=(127, 16), class_paired=True
Epoch [99/100] | Loss: 7.2957 (Cls: 7.2566, TAL: 0.2288, Adv: 0.1451, OT-Reg: 0.001612) | OT inner objective: 0.0299 | Marginal residual row/col/max: 1.64e-07/2.05e-08/1.64e-07 | Train Acc: 0.1953 | Val Acc: 0.1111 | Val P/R/F1 (Macro): 0.1975/0.2630/0.1395 | LR: 0.000001
Epoch [100/100] | SVD update #100: pairs=128, sweeps=4, converged=True, rel_change=8.533e-04, effective_ranks=(127, 17), class_paired=True
Epoch [100/100] | Loss: 7.1827 (Cls: 7.1197, TAL: 0.4566, Adv: 0.1026, OT-Reg: 0.001369) | OT inner objective: 0.0387 | Marginal residual row/col/max: 2.42e-08/1.49e-08/2.89e-08 | Train Acc: 0.2500 | Val Acc: 0.2222 | Val P/R/F1 (Macro): 0.1981/0.3565/0.2137 | LR: 0.000001
Report strategy: best, window=10, reported_acc=0.5000, best_acc=0.5000, selected_epoch=76

迭代 3 报告指标:
  Accuracy: 0.5000
  Precision (Macro): 0.4722
  Recall (Macro): 0.5954
  F1 (Macro): 0.4991
  Precision (Micro): 0.5000
  Recall (Micro): 0.5000
  F1 (Micro): 0.5000
  Val class coverage: 9/14 (0.6429), samples=36

================================================================================
迭代 4/5
随机种子: 45
================================================================================
配对采样器已初始化，共 9 个共有类别。
Training mode: full target-label supervision (class-paired batches).
Feature fusion: Tensor alignment (512+512 -> 16+16); fused_dim=32
Domain adaptation: Neural OT generator with 3-domain discriminator
Loss weights: tensor=0.12, adv=0.08
Transport: mode=sinkhorn, epsilon=0.1, Sinkhorn iterations=50, correction scale=0.1, correction regularization weight=0.001
Tensor projection update: once per epoch from the complete target-training pairing bank; projection_dim=16, max_sweeps=10, relative singular-value tolerance=0.001
Epoch [1/100] | SVD update #1: pairs=128, sweeps=4, converged=True, rel_change=3.333e-04, effective_ranks=(127, 112), class_paired=True
Epoch [1/100] | Loss: 8.5242 (Cls: 8.4994, TAL: 0.0646, Adv: 0.2134, OT-Reg: 0.000703) | OT inner objective: 0.2265 | Marginal residual row/col/max: 9.78e-09/1.07e-08/1.16e-08 | Train Acc: 0.0703 | Val Acc: 0.0278 | Val P/R/F1 (Macro): 0.0069/0.0278/0.0111 | LR: 0.000005
  >>> New Best Val Acc: 0.0278
Epoch [2/100] | SVD update #2: pairs=128, sweeps=4, converged=True, rel_change=1.848e-04, effective_ranks=(127, 105), class_paired=True
Epoch [2/100] | Loss: 8.7179 (Cls: 8.7166, TAL: -0.1703, Adv: 0.2726, OT-Reg: 0.000843) | OT inner objective: 0.2540 | Marginal residual row/col/max: 1.12e-08/2.65e-08/2.65e-08 | Train Acc: 0.1250 | Val Acc: 0.1667 | Val P/R/F1 (Macro): 0.0817/0.1435/0.0881 | LR: 0.000005
  >>> New Best Val Acc: 0.1667
Epoch [3/100] | SVD update #3: pairs=128, sweeps=4, converged=True, rel_change=1.309e-04, effective_ranks=(127, 68), class_paired=True
Epoch [3/100] | Loss: 8.2386 (Cls: 8.2479, TAL: -0.2213, Adv: 0.2155, OT-Reg: 0.000804) | OT inner objective: 0.1577 | Marginal residual row/col/max: 1.21e-08/1.44e-08/1.68e-08 | Train Acc: 0.0781 | Val Acc: 0.2778 | Val P/R/F1 (Macro): 0.1327/0.2278/0.1477 | LR: 0.000005
  >>> New Best Val Acc: 0.2778
Epoch [4/100] | SVD update #4: pairs=128, sweeps=3, converged=True, rel_change=2.517e-04, effective_ranks=(127, 44), class_paired=True
Epoch [4/100] | Loss: 7.6649 (Cls: 7.6826, TAL: -0.3080, Adv: 0.2412, OT-Reg: 0.000842) | OT inner objective: 0.1176 | Marginal residual row/col/max: 1.26e-08/1.40e-08/1.49e-08 | Train Acc: 0.1875 | Val Acc: 0.3056 | Val P/R/F1 (Macro): 0.2117/0.2157/0.2044 | LR: 0.000005
  >>> New Best Val Acc: 0.3056
Epoch [5/100] | SVD update #5: pairs=128, sweeps=4, converged=True, rel_change=4.722e-04, effective_ranks=(127, 46), class_paired=True
Epoch [5/100] | Loss: 7.3927 (Cls: 7.4240, TAL: -0.4008, Adv: 0.2101, OT-Reg: 0.000875) | OT inner objective: 0.0806 | Marginal residual row/col/max: 2.72e-06/1.21e-08/2.72e-06 | Train Acc: 0.2109 | Val Acc: 0.3333 | Val P/R/F1 (Macro): 0.2963/0.3120/0.2392 | LR: 0.000005
  >>> New Best Val Acc: 0.3333
Epoch [6/100] | SVD update #6: pairs=128, sweeps=10, converged=True, rel_change=9.713e-04, effective_ranks=(127, 31), class_paired=True
Epoch [6/100] | Loss: 7.2625 (Cls: 7.2723, TAL: -0.2213, Adv: 0.2103, OT-Reg: 0.000846) | OT inner objective: 0.0206 | Marginal residual row/col/max: 1.32e-07/1.91e-08/1.32e-07 | Train Acc: 0.2031 | Val Acc: 0.2500 | Val P/R/F1 (Macro): 0.1796/0.2722/0.1379 | LR: 0.000005
Epoch [7/100] | SVD update #7: pairs=128, sweeps=7, converged=True, rel_change=9.979e-04, effective_ranks=(127, 31), class_paired=True
Epoch [7/100] | Loss: 7.0807 (Cls: 7.0986, TAL: -0.2855, Adv: 0.2038, OT-Reg: 0.000814) | OT inner objective: 0.0586 | Marginal residual row/col/max: 3.19e-05/1.40e-08/3.19e-05 | Train Acc: 0.2266 | Val Acc: 0.2778 | Val P/R/F1 (Macro): 0.2056/0.3241/0.2221 | LR: 0.000005
Epoch [8/100] | SVD update #8: pairs=128, sweeps=4, converged=True, rel_change=7.858e-04, effective_ranks=(127, 31), class_paired=True
Epoch [8/100] | Loss: 7.1915 (Cls: 7.2193, TAL: -0.3778, Adv: 0.2198, OT-Reg: 0.000850) | OT inner objective: 0.0130 | Marginal residual row/col/max: 2.46e-05/1.16e-08/2.46e-05 | Train Acc: 0.1953 | Val Acc: 0.2222 | Val P/R/F1 (Macro): 0.1139/0.2519/0.1309 | LR: 0.000005
Epoch [9/100] | SVD update #9: pairs=128, sweeps=10, converged=False, rel_change=1.043e-03, effective_ranks=(127, 20), class_paired=True
Epoch [9/100] | Loss: 7.5575 (Cls: 7.5610, TAL: -0.1732, Adv: 0.2162, OT-Reg: 0.000902) | OT inner objective: -0.0064 | Marginal residual row/col/max: 9.76e-07/1.07e-08/9.76e-07 | Train Acc: 0.1484 | Val Acc: 0.1389 | Val P/R/F1 (Macro): 0.0519/0.1852/0.0794 | LR: 0.000005
Epoch [10/100] | SVD update #10: pairs=128, sweeps=5, converged=True, rel_change=7.782e-04, effective_ranks=(127, 22), class_paired=True
Epoch [10/100] | Loss: 6.9330 (Cls: 6.9481, TAL: -0.2603, Adv: 0.2014, OT-Reg: 0.000894) | OT inner objective: 0.0267 | Marginal residual row/col/max: 1.11e-05/1.49e-08/1.11e-05 | Train Acc: 0.2656 | Val Acc: 0.1111 | Val P/R/F1 (Macro): 0.1489/0.1889/0.0956 | LR: 0.000005
Epoch [11/100] | SVD update #11: pairs=128, sweeps=7, converged=True, rel_change=4.985e-04, effective_ranks=(127, 25), class_paired=True
Epoch [11/100] | Loss: 6.7751 (Cls: 6.7929, TAL: -0.2792, Adv: 0.1958, OT-Reg: 0.000839) | OT inner objective: -0.0278 | Marginal residual row/col/max: 1.93e-05/1.54e-08/1.93e-05 | Train Acc: 0.2578 | Val Acc: 0.2222 | Val P/R/F1 (Macro): 0.2308/0.3963/0.2612 | LR: 0.000005
Epoch [12/100] | SVD update #12: pairs=128, sweeps=6, converged=True, rel_change=6.565e-04, effective_ranks=(126, 24), class_paired=True
Epoch [12/100] | Loss: 7.1527 (Cls: 7.1695, TAL: -0.2705, Adv: 0.1952, OT-Reg: 0.000849) | OT inner objective: 0.0371 | Marginal residual row/col/max: 6.80e-08/2.33e-08/7.08e-08 | Train Acc: 0.2109 | Val Acc: 0.3889 | Val P/R/F1 (Macro): 0.3136/0.4407/0.2922 | LR: 0.000005
  >>> New Best Val Acc: 0.3889
Epoch [13/100] | SVD update #13: pairs=128, sweeps=6, converged=True, rel_change=4.573e-04, effective_ranks=(127, 27), class_paired=True
Epoch [13/100] | Loss: 8.2359 (Cls: 8.2759, TAL: -0.4619, Adv: 0.1924, OT-Reg: 0.000925) | OT inner objective: 0.0526 | Marginal residual row/col/max: 1.17e-06/1.44e-08/1.17e-06 | Train Acc: 0.1016 | Val Acc: 0.1389 | Val P/R/F1 (Macro): 0.1314/0.2315/0.1305 | LR: 0.000005
Epoch [14/100] | SVD update #14: pairs=128, sweeps=4, converged=True, rel_change=9.301e-05, effective_ranks=(127, 21), class_paired=True
Epoch [14/100] | Loss: 6.8289 (Cls: 6.8556, TAL: -0.3492, Adv: 0.1905, OT-Reg: 0.000839) | OT inner objective: 0.0545 | Marginal residual row/col/max: 2.97e-06/1.91e-08/2.97e-06 | Train Acc: 0.1953 | Val Acc: 0.2222 | Val P/R/F1 (Macro): 0.2630/0.2296/0.1672 | LR: 0.000005
Epoch [15/100] | SVD update #15: pairs=128, sweeps=6, converged=True, rel_change=9.654e-04, effective_ranks=(127, 21), class_paired=True
Epoch [15/100] | Loss: 6.5580 (Cls: 6.5715, TAL: -0.2453, Adv: 0.2000, OT-Reg: 0.000943) | OT inner objective: 0.0689 | Marginal residual row/col/max: 1.93e-07/1.68e-08/1.94e-07 | Train Acc: 0.2188 | Val Acc: 0.1944 | Val P/R/F1 (Macro): 0.1398/0.2685/0.1577 | LR: 0.000005
Epoch [16/100] | SVD update #16: pairs=128, sweeps=5, converged=True, rel_change=5.840e-04, effective_ranks=(127, 23), class_paired=True
Epoch [16/100] | Loss: 6.2001 (Cls: 6.2096, TAL: -0.1964, Adv: 0.1752, OT-Reg: 0.000770) | OT inner objective: 0.2030 | Marginal residual row/col/max: 8.85e-09/1.30e-08/1.30e-08 | Train Acc: 0.3516 | Val Acc: 0.2500 | Val P/R/F1 (Macro): 0.3233/0.3037/0.2310 | LR: 0.000005
Epoch [17/100] | SVD update #17: pairs=128, sweeps=4, converged=True, rel_change=1.438e-04, effective_ranks=(127, 17), class_paired=True
Epoch [17/100] | Loss: 7.2050 (Cls: 7.2323, TAL: -0.3467, Adv: 0.1788, OT-Reg: 0.000916) | OT inner objective: 0.1004 | Marginal residual row/col/max: 5.27e-06/2.51e-08/5.27e-06 | Train Acc: 0.2109 | Val Acc: 0.0556 | Val P/R/F1 (Macro): 0.1156/0.1296/0.0403 | LR: 0.000005
Epoch [18/100] | SVD update #18: pairs=128, sweeps=3, converged=True, rel_change=9.254e-04, effective_ranks=(127, 11), class_paired=True
Epoch [18/100] | Loss: 6.8279 (Cls: 6.8467, TAL: -0.2974, Adv: 0.2112, OT-Reg: 0.000803) | OT inner objective: 0.0545 | Marginal residual row/col/max: 1.43e-06/1.44e-08/1.43e-06 | Train Acc: 0.2969 | Val Acc: 0.0833 | Val P/R/F1 (Macro): 0.0780/0.1481/0.0570 | LR: 0.000005
Epoch [19/100] | SVD update #19: pairs=128, sweeps=4, converged=True, rel_change=6.070e-05, effective_ranks=(127, 8), class_paired=True
Epoch [19/100] | Loss: 6.2819 (Cls: 6.2941, TAL: -0.2382, Adv: 0.2048, OT-Reg: 0.000813) | OT inner objective: 0.2210 | Marginal residual row/col/max: 2.19e-08/1.30e-08/2.42e-08 | Train Acc: 0.3047 | Val Acc: 0.0278 | Val P/R/F1 (Macro): 0.0051/0.1111/0.0097 | LR: 0.000005
Epoch [20/100] | SVD update #20: pairs=128, sweeps=4, converged=True, rel_change=4.734e-04, effective_ranks=(127, 14), class_paired=True
Epoch [20/100] | Loss: 6.0348 (Cls: 6.0664, TAL: -0.3724, Adv: 0.1642, OT-Reg: 0.000931) | OT inner objective: -0.1329 | Marginal residual row/col/max: 3.92e-06/1.12e-08/3.92e-06 | Train Acc: 0.2891 | Val Acc: 0.1111 | Val P/R/F1 (Macro): 0.0357/0.1944/0.0577 | LR: 0.000005
Epoch [21/100] | SVD update #21: pairs=128, sweeps=7, converged=True, rel_change=3.178e-04, effective_ranks=(127, 12), class_paired=True
Epoch [21/100] | Loss: 5.4571 (Cls: 5.4865, TAL: -0.3573, Adv: 0.1690, OT-Reg: 0.000815) | OT inner objective: 0.0539 | Marginal residual row/col/max: 1.61e-07/1.02e-08/1.61e-07 | Train Acc: 0.3281 | Val Acc: 0.2222 | Val P/R/F1 (Macro): 0.2107/0.3185/0.2108 | LR: 0.000005
Epoch [22/100] | SVD update #22: pairs=128, sweeps=3, converged=True, rel_change=8.293e-04, effective_ranks=(127, 12), class_paired=True
Epoch [22/100] | Loss: 5.8221 (Cls: 5.8532, TAL: -0.3430, Adv: 0.1258, OT-Reg: 0.000939) | OT inner objective: -0.1446 | Marginal residual row/col/max: 1.30e-04/1.21e-08/1.30e-04 | Train Acc: 0.4688 | Val Acc: 0.2500 | Val P/R/F1 (Macro): 0.3074/0.3315/0.2685 | LR: 0.000005
Epoch [23/100] | SVD update #23: pairs=128, sweeps=3, converged=True, rel_change=5.548e-04, effective_ranks=(126, 12), class_paired=True
Epoch [23/100] | Loss: 5.7769 (Cls: 5.7956, TAL: -0.2620, Adv: 0.1591, OT-Reg: 0.000870) | OT inner objective: -0.1564 | Marginal residual row/col/max: 2.91e-04/1.44e-08/2.91e-04 | Train Acc: 0.3516 | Val Acc: 0.1944 | Val P/R/F1 (Macro): 0.1258/0.3519/0.1342 | LR: 0.000003
Epoch [24/100] | SVD update #24: pairs=128, sweeps=6, converged=True, rel_change=4.400e-04, effective_ranks=(127, 15), class_paired=True
Epoch [24/100] | Loss: 5.9567 (Cls: 5.9891, TAL: -0.3631, Adv: 0.1405, OT-Reg: 0.000853) | OT inner objective: -0.1209 | Marginal residual row/col/max: 5.75e-06/1.21e-08/5.75e-06 | Train Acc: 0.3672 | Val Acc: 0.1667 | Val P/R/F1 (Macro): 0.1148/0.2259/0.1159 | LR: 0.000003
Epoch [25/100] | SVD update #25: pairs=128, sweeps=5, converged=True, rel_change=2.621e-04, effective_ranks=(127, 16), class_paired=True
Epoch [25/100] | Loss: 6.3137 (Cls: 6.3220, TAL: -0.1725, Adv: 0.1539, OT-Reg: 0.000816) | OT inner objective: 0.0627 | Marginal residual row/col/max: 1.36e-07/9.78e-09/1.36e-07 | Train Acc: 0.3438 | Val Acc: 0.1667 | Val P/R/F1 (Macro): 0.0863/0.3241/0.1282 | LR: 0.000003
Epoch [26/100] | SVD update #26: pairs=128, sweeps=3, converged=True, rel_change=7.952e-04, effective_ranks=(126, 13), class_paired=True
Epoch [26/100] | Loss: 5.7810 (Cls: 5.7979, TAL: -0.2768, Adv: 0.2033, OT-Reg: 0.000799) | OT inner objective: 0.0226 | Marginal residual row/col/max: 6.10e-07/1.16e-08/6.10e-07 | Train Acc: 0.3516 | Val Acc: 0.1111 | Val P/R/F1 (Macro): 0.1065/0.1852/0.0895 | LR: 0.000003
Epoch [27/100] | SVD update #27: pairs=128, sweeps=3, converged=True, rel_change=1.652e-04, effective_ranks=(127, 12), class_paired=True
Epoch [27/100] | Loss: 5.5676 (Cls: 5.6086, TAL: -0.4450, Adv: 0.1544, OT-Reg: 0.000963) | OT inner objective: -0.1659 | Marginal residual row/col/max: 3.70e-05/1.21e-08/3.70e-05 | Train Acc: 0.3594 | Val Acc: 0.1111 | Val P/R/F1 (Macro): 0.0466/0.1852/0.0608 | LR: 0.000003
Epoch [28/100] | SVD update #28: pairs=128, sweeps=3, converged=True, rel_change=3.519e-05, effective_ranks=(127, 11), class_paired=True
Epoch [28/100] | Loss: 5.5830 (Cls: 5.6145, TAL: -0.3513, Adv: 0.1341, OT-Reg: 0.000813) | OT inner objective: -0.0695 | Marginal residual row/col/max: 1.37e-05/9.31e-09/1.37e-05 | Train Acc: 0.3359 | Val Acc: 0.0833 | Val P/R/F1 (Macro): 0.0315/0.1667/0.0488 | LR: 0.000003
Epoch [29/100] | SVD update #29: pairs=128, sweeps=3, converged=True, rel_change=4.841e-04, effective_ranks=(127, 11), class_paired=True
Epoch [29/100] | Loss: 5.7162 (Cls: 5.7504, TAL: -0.3700, Adv: 0.1276, OT-Reg: 0.000941) | OT inner objective: -0.1596 | Marginal residual row/col/max: 8.49e-06/1.12e-08/8.49e-06 | Train Acc: 0.4297 | Val Acc: 0.1111 | Val P/R/F1 (Macro): 0.0767/0.1852/0.0799 | LR: 0.000003
Epoch [30/100] | SVD update #30: pairs=128, sweeps=3, converged=True, rel_change=1.001e-04, effective_ranks=(127, 13), class_paired=True
Epoch [30/100] | Loss: 5.8590 (Cls: 5.8982, TAL: -0.4191, Adv: 0.1386, OT-Reg: 0.000778) | OT inner objective: -0.0436 | Marginal residual row/col/max: 5.43e-05/1.35e-08/5.43e-05 | Train Acc: 0.3906 | Val Acc: 0.2222 | Val P/R/F1 (Macro): 0.1561/0.2454/0.1550 | LR: 0.000003
Epoch [31/100] | SVD update #31: pairs=128, sweeps=4, converged=True, rel_change=1.709e-04, effective_ranks=(127, 13), class_paired=True
Epoch [31/100] | Loss: 5.4105 (Cls: 5.4186, TAL: -0.1688, Adv: 0.1513, OT-Reg: 0.000844) | OT inner objective: 0.0736 | Marginal residual row/col/max: 4.84e-07/1.12e-08/4.84e-07 | Train Acc: 0.3672 | Val Acc: 0.2500 | Val P/R/F1 (Macro): 0.2066/0.2769/0.2028 | LR: 0.000003
Epoch [32/100] | SVD update #32: pairs=128, sweeps=3, converged=True, rel_change=2.580e-04, effective_ranks=(127, 13), class_paired=True
Epoch [32/100] | Loss: 5.4476 (Cls: 5.4873, TAL: -0.4247, Adv: 0.1408, OT-Reg: 0.000841) | OT inner objective: -0.0170 | Marginal residual row/col/max: 9.92e-06/9.31e-09/9.92e-06 | Train Acc: 0.4297 | Val Acc: 0.3056 | Val P/R/F1 (Macro): 0.2963/0.3741/0.2903 | LR: 0.000003
Epoch [33/100] | SVD update #33: pairs=128, sweeps=5, converged=True, rel_change=6.702e-04, effective_ranks=(127, 12), class_paired=True
Epoch [33/100] | Loss: 5.4230 (Cls: 5.4374, TAL: -0.2066, Adv: 0.1301, OT-Reg: 0.000791) | OT inner objective: 0.0335 | Marginal residual row/col/max: 1.94e-05/1.30e-08/1.94e-05 | Train Acc: 0.4375 | Val Acc: 0.3056 | Val P/R/F1 (Macro): 0.3447/0.3593/0.2926 | LR: 0.000003
Epoch [34/100] | SVD update #34: pairs=128, sweeps=3, converged=True, rel_change=7.229e-04, effective_ranks=(127, 14), class_paired=True
Epoch [34/100] | Loss: 5.0638 (Cls: 5.1060, TAL: -0.4397, Adv: 0.1322, OT-Reg: 0.000878) | OT inner objective: -0.1461 | Marginal residual row/col/max: 3.79e-05/1.12e-08/3.79e-05 | Train Acc: 0.5000 | Val Acc: 0.2500 | Val P/R/F1 (Macro): 0.2088/0.3370/0.2193 | LR: 0.000001
Epoch [35/100] | SVD update #35: pairs=128, sweeps=4, converged=True, rel_change=5.153e-04, effective_ranks=(127, 12), class_paired=True
Epoch [35/100] | Loss: 5.6369 (Cls: 5.6614, TAL: -0.2996, Adv: 0.1428, OT-Reg: 0.000930) | OT inner objective: -0.0510 | Marginal residual row/col/max: 1.25e-05/1.35e-08/1.25e-05 | Train Acc: 0.3438 | Val Acc: 0.3056 | Val P/R/F1 (Macro): 0.3481/0.3787/0.2812 | LR: 0.000001
Epoch [36/100] | SVD update #36: pairs=128, sweeps=3, converged=True, rel_change=1.161e-04, effective_ranks=(127, 13), class_paired=True
Epoch [36/100] | Loss: 5.5990 (Cls: 5.6235, TAL: -0.2965, Adv: 0.1379, OT-Reg: 0.000939) | OT inner objective: -0.1760 | Marginal residual row/col/max: 8.15e-05/9.31e-09/8.15e-05 | Train Acc: 0.3828 | Val Acc: 0.3889 | Val P/R/F1 (Macro): 0.4280/0.5083/0.3955 | LR: 0.000001
Epoch [37/100] | SVD update #37: pairs=128, sweeps=3, converged=True, rel_change=3.326e-04, effective_ranks=(127, 13), class_paired=True
Epoch [37/100] | Loss: 5.2337 (Cls: 5.2590, TAL: -0.3137, Adv: 0.1541, OT-Reg: 0.000889) | OT inner objective: -0.0069 | Marginal residual row/col/max: 9.29e-06/1.30e-08/9.29e-06 | Train Acc: 0.3750 | Val Acc: 0.3889 | Val P/R/F1 (Macro): 0.4048/0.5222/0.4011 | LR: 0.000001
Epoch [38/100] | SVD update #38: pairs=128, sweeps=4, converged=True, rel_change=3.472e-04, effective_ranks=(127, 15), class_paired=True
Epoch [38/100] | Loss: 5.5002 (Cls: 5.5328, TAL: -0.3529, Adv: 0.1225, OT-Reg: 0.000924) | OT inner objective: -0.1432 | Marginal residual row/col/max: 5.21e-06/1.63e-08/5.21e-06 | Train Acc: 0.4453 | Val Acc: 0.3333 | Val P/R/F1 (Macro): 0.3447/0.3833/0.3466 | LR: 0.000001
Epoch [39/100] | SVD update #39: pairs=128, sweeps=3, converged=True, rel_change=7.218e-04, effective_ranks=(127, 14), class_paired=True
Epoch [39/100] | Loss: 6.1053 (Cls: 6.1392, TAL: -0.3560, Adv: 0.1104, OT-Reg: 0.000860) | OT inner objective: -0.1556 | Marginal residual row/col/max: 9.43e-05/1.30e-08/9.43e-05 | Train Acc: 0.3281 | Val Acc: 0.3056 | Val P/R/F1 (Macro): 0.4306/0.3694/0.2879 | LR: 0.000001
Epoch [40/100] | SVD update #40: pairs=128, sweeps=4, converged=True, rel_change=2.854e-04, effective_ranks=(127, 12), class_paired=True
Epoch [40/100] | Loss: 6.7406 (Cls: 6.7773, TAL: -0.3999, Adv: 0.1404, OT-Reg: 0.000876) | OT inner objective: -0.1307 | Marginal residual row/col/max: 9.38e-05/1.16e-08/9.38e-05 | Train Acc: 0.3125 | Val Acc: 0.2500 | Val P/R/F1 (Macro): 0.3955/0.3972/0.2675 | LR: 0.000001
Epoch [41/100] | SVD update #41: pairs=128, sweeps=4, converged=True, rel_change=3.547e-04, effective_ranks=(127, 12), class_paired=True
Epoch [41/100] | Loss: 6.5968 (Cls: 6.6278, TAL: -0.3377, Adv: 0.1179, OT-Reg: 0.000895) | OT inner objective: -0.1932 | Marginal residual row/col/max: 1.91e-04/1.96e-08/1.91e-04 | Train Acc: 0.3281 | Val Acc: 0.2222 | Val P/R/F1 (Macro): 0.3016/0.3778/0.2340 | LR: 0.000001
Epoch [42/100] | SVD update #42: pairs=128, sweeps=4, converged=True, rel_change=9.254e-05, effective_ranks=(126, 8), class_paired=True
Epoch [42/100] | Loss: 6.3881 (Cls: 6.4245, TAL: -0.3637, Adv: 0.0910, OT-Reg: 0.000866) | OT inner objective: -0.2437 | Marginal residual row/col/max: 1.71e-04/1.35e-08/1.71e-04 | Train Acc: 0.3125 | Val Acc: 0.2500 | Val P/R/F1 (Macro): 0.3084/0.4000/0.2573 | LR: 0.000001
Epoch [43/100] | SVD update #43: pairs=128, sweeps=3, converged=True, rel_change=1.318e-04, effective_ranks=(127, 9), class_paired=True
Epoch [43/100] | Loss: 6.1849 (Cls: 6.2040, TAL: -0.2365, Adv: 0.1167, OT-Reg: 0.000869) | OT inner objective: -0.1808 | Marginal residual row/col/max: 2.79e-04/1.07e-08/2.79e-04 | Train Acc: 0.3359 | Val Acc: 0.1389 | Val P/R/F1 (Macro): 0.1542/0.2917/0.1293 | LR: 0.000001
Epoch [44/100] | SVD update #44: pairs=128, sweeps=4, converged=True, rel_change=8.741e-05, effective_ranks=(127, 12), class_paired=True
Epoch [44/100] | Loss: 5.5780 (Cls: 5.6200, TAL: -0.4187, Adv: 0.1028, OT-Reg: 0.000854) | OT inner objective: -0.2074 | Marginal residual row/col/max: 1.60e-04/1.26e-08/1.60e-04 | Train Acc: 0.4375 | Val Acc: 0.2778 | Val P/R/F1 (Macro): 0.2855/0.4065/0.2129 | LR: 0.000001
Epoch [45/100] | SVD update #45: pairs=128, sweeps=3, converged=True, rel_change=3.823e-04, effective_ranks=(127, 11), class_paired=True
Epoch [45/100] | Loss: 5.1482 (Cls: 5.1916, TAL: -0.4355, Adv: 0.1109, OT-Reg: 0.000881) | OT inner objective: -0.2138 | Marginal residual row/col/max: 8.47e-05/1.02e-08/8.47e-05 | Train Acc: 0.4766 | Val Acc: 0.3889 | Val P/R/F1 (Macro): 0.3725/0.4713/0.3201 | LR: 0.000001
Epoch [46/100] | SVD update #46: pairs=128, sweeps=3, converged=True, rel_change=5.218e-04, effective_ranks=(126, 11), class_paired=True
Epoch [46/100] | Loss: 5.4399 (Cls: 5.4789, TAL: -0.4031, Adv: 0.1179, OT-Reg: 0.000811) | OT inner objective: -0.1305 | Marginal residual row/col/max: 1.54e-04/1.21e-08/1.54e-04 | Train Acc: 0.4219 | Val Acc: 0.3611 | Val P/R/F1 (Macro): 0.3116/0.4944/0.3423 | LR: 0.000001
Epoch [47/100] | SVD update #47: pairs=128, sweeps=4, converged=True, rel_change=1.514e-04, effective_ranks=(127, 12), class_paired=True
Epoch [47/100] | Loss: 5.6438 (Cls: 5.6598, TAL: -0.2187, Adv: 0.1278, OT-Reg: 0.000867) | OT inner objective: -0.0860 | Marginal residual row/col/max: 1.49e-05/1.21e-08/1.49e-05 | Train Acc: 0.4688 | Val Acc: 0.3611 | Val P/R/F1 (Macro): 0.2855/0.4296/0.3268 | LR: 0.000001
Epoch [48/100] | SVD update #48: pairs=128, sweeps=4, converged=True, rel_change=3.274e-04, effective_ranks=(127, 15), class_paired=True
Epoch [48/100] | Loss: 5.5159 (Cls: 5.5423, TAL: -0.3006, Adv: 0.1209, OT-Reg: 0.000930) | OT inner objective: -0.1416 | Marginal residual row/col/max: 8.54e-06/1.30e-08/8.54e-06 | Train Acc: 0.3828 | Val Acc: 0.4167 | Val P/R/F1 (Macro): 0.4253/0.4704/0.3944 | LR: 0.000001
  >>> New Best Val Acc: 0.4167
Epoch [49/100] | SVD update #49: pairs=128, sweeps=5, converged=True, rel_change=9.706e-04, effective_ranks=(127, 14), class_paired=True
Epoch [49/100] | Loss: 5.2618 (Cls: 5.2835, TAL: -0.2611, Adv: 0.1201, OT-Reg: 0.000865) | OT inner objective: -0.0705 | Marginal residual row/col/max: 3.43e-05/1.58e-08/3.43e-05 | Train Acc: 0.4062 | Val Acc: 0.4444 | Val P/R/F1 (Macro): 0.5487/0.5685/0.4977 | LR: 0.000001
  >>> New Best Val Acc: 0.4444
Epoch [50/100] | SVD update #50: pairs=128, sweeps=4, converged=True, rel_change=3.555e-04, effective_ranks=(126, 16), class_paired=True
Epoch [50/100] | Loss: 5.2150 (Cls: 5.2556, TAL: -0.4207, Adv: 0.1235, OT-Reg: 0.000833) | OT inner objective: -0.0740 | Marginal residual row/col/max: 7.76e-05/1.16e-08/7.76e-05 | Train Acc: 0.4141 | Val Acc: 0.3056 | Val P/R/F1 (Macro): 0.2315/0.3833/0.2778 | LR: 0.000001
Epoch [51/100] | SVD update #51: pairs=128, sweeps=5, converged=True, rel_change=8.758e-04, effective_ranks=(127, 17), class_paired=True
Epoch [51/100] | Loss: 5.5261 (Cls: 5.5413, TAL: -0.1989, Adv: 0.1074, OT-Reg: 0.000808) | OT inner objective: 0.0033 | Marginal residual row/col/max: 1.44e-04/1.12e-08/1.44e-04 | Train Acc: 0.3750 | Val Acc: 0.3333 | Val P/R/F1 (Macro): 0.3741/0.4111/0.3839 | LR: 0.000001
Epoch [52/100] | SVD update #52: pairs=128, sweeps=4, converged=True, rel_change=8.013e-04, effective_ranks=(127, 15), class_paired=True
Epoch [52/100] | Loss: 5.2771 (Cls: 5.3175, TAL: -0.4000, Adv: 0.0955, OT-Reg: 0.000794) | OT inner objective: -0.0417 | Marginal residual row/col/max: 1.42e-04/1.12e-08/1.42e-04 | Train Acc: 0.3984 | Val Acc: 0.2778 | Val P/R/F1 (Macro): 0.2021/0.3556/0.2554 | LR: 0.000001
Epoch [53/100] | SVD update #53: pairs=128, sweeps=4, converged=True, rel_change=6.100e-04, effective_ranks=(127, 15), class_paired=True
Epoch [53/100] | Loss: 4.9902 (Cls: 5.0319, TAL: -0.4278, Adv: 0.1205, OT-Reg: 0.000902) | OT inner objective: -0.1766 | Marginal residual row/col/max: 1.02e-04/8.38e-09/1.02e-04 | Train Acc: 0.4688 | Val Acc: 0.3889 | Val P/R/F1 (Macro): 0.3922/0.5407/0.4327 | LR: 0.000001
Epoch [54/100] | SVD update #54: pairs=128, sweeps=4, converged=True, rel_change=5.778e-04, effective_ranks=(127, 15), class_paired=True
Epoch [54/100] | Loss: 5.6334 (Cls: 5.6713, TAL: -0.3804, Adv: 0.0976, OT-Reg: 0.000781) | OT inner objective: 0.0203 | Marginal residual row/col/max: 1.40e-06/1.02e-08/1.40e-06 | Train Acc: 0.4609 | Val Acc: 0.3889 | Val P/R/F1 (Macro): 0.3935/0.5407/0.4287 | LR: 0.000001
Epoch [55/100] | SVD update #55: pairs=128, sweeps=4, converged=True, rel_change=5.331e-04, effective_ranks=(127, 13), class_paired=True
Epoch [55/100] | Loss: 5.2896 (Cls: 5.3069, TAL: -0.2302, Adv: 0.1282, OT-Reg: 0.000773) | OT inner objective: 0.1586 | Marginal residual row/col/max: 1.40e-08/1.26e-08/1.49e-08 | Train Acc: 0.4141 | Val Acc: 0.3056 | Val P/R/F1 (Macro): 0.3262/0.4796/0.3399 | LR: 0.000001
Epoch [56/100] | SVD update #56: pairs=128, sweeps=4, converged=True, rel_change=2.913e-04, effective_ranks=(127, 14), class_paired=True
Epoch [56/100] | Loss: 5.4636 (Cls: 5.5092, TAL: -0.4422, Adv: 0.0932, OT-Reg: 0.000810) | OT inner objective: -0.1774 | Marginal residual row/col/max: 2.09e-04/9.31e-09/2.09e-04 | Train Acc: 0.3672 | Val Acc: 0.3611 | Val P/R/F1 (Macro): 0.4426/0.5120/0.4095 | LR: 0.000001
Epoch [57/100] | SVD update #57: pairs=128, sweeps=4, converged=True, rel_change=8.181e-04, effective_ranks=(127, 15), class_paired=True
Epoch [57/100] | Loss: 5.3925 (Cls: 5.4362, TAL: -0.4451, Adv: 0.1217, OT-Reg: 0.000832) | OT inner objective: -0.0702 | Marginal residual row/col/max: 2.84e-05/9.31e-09/2.84e-05 | Train Acc: 0.3281 | Val Acc: 0.2778 | Val P/R/F1 (Macro): 0.3000/0.3500/0.2790 | LR: 0.000001
Epoch [58/100] | SVD update #58: pairs=128, sweeps=4, converged=True, rel_change=1.812e-04, effective_ranks=(127, 14), class_paired=True
Epoch [58/100] | Loss: 5.0790 (Cls: 5.1141, TAL: -0.3567, Adv: 0.0961, OT-Reg: 0.000906) | OT inner objective: -0.0825 | Marginal residual row/col/max: 1.85e-06/1.12e-08/1.85e-06 | Train Acc: 0.4609 | Val Acc: 0.3611 | Val P/R/F1 (Macro): 0.3500/0.4852/0.3735 | LR: 0.000001
Epoch [59/100] | SVD update #59: pairs=128, sweeps=6, converged=True, rel_change=7.062e-04, effective_ranks=(127, 14), class_paired=True
Epoch [59/100] | Loss: 5.0938 (Cls: 5.1236, TAL: -0.3221, Adv: 0.1106, OT-Reg: 0.000915) | OT inner objective: -0.1264 | Marginal residual row/col/max: 4.41e-05/1.30e-08/4.41e-05 | Train Acc: 0.4531 | Val Acc: 0.3611 | Val P/R/F1 (Macro): 0.3778/0.4704/0.3409 | LR: 0.000001
Epoch [60/100] | SVD update #60: pairs=128, sweeps=5, converged=True, rel_change=3.937e-04, effective_ranks=(127, 13), class_paired=True
Epoch [60/100] | Loss: 5.3449 (Cls: 5.3860, TAL: -0.4119, Adv: 0.1045, OT-Reg: 0.000853) | OT inner objective: -0.0556 | Marginal residual row/col/max: 2.36e-06/1.12e-08/2.36e-06 | Train Acc: 0.4453 | Val Acc: 0.2222 | Val P/R/F1 (Macro): 0.2111/0.3778/0.2176 | LR: 0.000001
Epoch [61/100] | SVD update #61: pairs=128, sweeps=4, converged=True, rel_change=6.048e-04, effective_ranks=(127, 13), class_paired=True
Epoch [61/100] | Loss: 5.5999 (Cls: 5.6357, TAL: -0.3903, Adv: 0.1388, OT-Reg: 0.000931) | OT inner objective: -0.1466 | Marginal residual row/col/max: 2.78e-05/1.30e-08/2.78e-05 | Train Acc: 0.3516 | Val Acc: 0.2778 | Val P/R/F1 (Macro): 0.2966/0.2491/0.2148 | LR: 0.000001
Epoch [62/100] | SVD update #62: pairs=128, sweeps=3, converged=True, rel_change=6.107e-04, effective_ranks=(127, 15), class_paired=True
Epoch [62/100] | Loss: 5.8156 (Cls: 5.8696, TAL: -0.5288, Adv: 0.1186, OT-Reg: 0.000897) | OT inner objective: -0.1263 | Marginal residual row/col/max: 3.62e-05/1.07e-08/3.62e-05 | Train Acc: 0.2734 | Val Acc: 0.3056 | Val P/R/F1 (Macro): 0.1552/0.2815/0.1900 | LR: 0.000001
Epoch [63/100] | SVD update #63: pairs=128, sweeps=3, converged=True, rel_change=3.652e-04, effective_ranks=(127, 15), class_paired=True
Epoch [63/100] | Loss: 5.9696 (Cls: 6.0021, TAL: -0.3496, Adv: 0.1170, OT-Reg: 0.000851) | OT inner objective: -0.0384 | Marginal residual row/col/max: 1.68e-05/1.16e-08/1.68e-05 | Train Acc: 0.2578 | Val Acc: 0.3056 | Val P/R/F1 (Macro): 0.1823/0.2815/0.2020 | LR: 0.000001
Epoch [64/100] | SVD update #64: pairs=128, sweeps=4, converged=True, rel_change=8.041e-04, effective_ranks=(127, 15), class_paired=True
Epoch [64/100] | Loss: 5.3845 (Cls: 5.4205, TAL: -0.3694, Adv: 0.1038, OT-Reg: 0.000854) | OT inner objective: -0.0998 | Marginal residual row/col/max: 1.66e-05/1.02e-08/1.66e-05 | Train Acc: 0.3359 | Val Acc: 0.4167 | Val P/R/F1 (Macro): 0.3593/0.4574/0.3474 | LR: 0.000001
Epoch [65/100] | SVD update #65: pairs=128, sweeps=4, converged=True, rel_change=6.305e-04, effective_ranks=(127, 15), class_paired=True
Epoch [65/100] | Loss: 5.9480 (Cls: 5.9741, TAL: -0.2834, Adv: 0.0992, OT-Reg: 0.000874) | OT inner objective: -0.0161 | Marginal residual row/col/max: 3.75e-06/1.63e-08/3.75e-06 | Train Acc: 0.3125 | Val Acc: 0.3611 | Val P/R/F1 (Macro): 0.2206/0.4074/0.2808 | LR: 0.000001
Epoch [66/100] | SVD update #66: pairs=128, sweeps=5, converged=True, rel_change=2.201e-04, effective_ranks=(127, 16), class_paired=True
Epoch [66/100] | Loss: 5.8163 (Cls: 5.8489, TAL: -0.3326, Adv: 0.0901, OT-Reg: 0.000902) | OT inner objective: -0.0434 | Marginal residual row/col/max: 1.49e-05/1.21e-08/1.49e-05 | Train Acc: 0.3047 | Val Acc: 0.3333 | Val P/R/F1 (Macro): 0.2426/0.3222/0.2549 | LR: 0.000001
Epoch [67/100] | SVD update #67: pairs=128, sweeps=4, converged=True, rel_change=5.451e-04, effective_ranks=(127, 15), class_paired=True
Epoch [67/100] | Loss: 5.8865 (Cls: 5.9276, TAL: -0.4122, Adv: 0.1045, OT-Reg: 0.000955) | OT inner objective: -0.1597 | Marginal residual row/col/max: 8.54e-05/1.16e-08/8.54e-05 | Train Acc: 0.3672 | Val Acc: 0.3056 | Val P/R/F1 (Macro): 0.3759/0.3685/0.3330 | LR: 0.000001
Epoch [68/100] | SVD update #68: pairs=128, sweeps=4, converged=True, rel_change=1.517e-04, effective_ranks=(127, 14), class_paired=True
Epoch [68/100] | Loss: 5.5991 (Cls: 5.6474, TAL: -0.4650, Adv: 0.0934, OT-Reg: 0.000912) | OT inner objective: -0.0387 | Marginal residual row/col/max: 1.41e-04/2.05e-08/1.41e-04 | Train Acc: 0.3203 | Val Acc: 0.3611 | Val P/R/F1 (Macro): 0.2215/0.3315/0.2475 | LR: 0.000001
Epoch [69/100] | SVD update #69: pairs=128, sweeps=4, converged=True, rel_change=7.879e-04, effective_ranks=(127, 16), class_paired=True
Epoch [69/100] | Loss: 5.1347 (Cls: 5.1844, TAL: -0.4748, Adv: 0.0916, OT-Reg: 0.000914) | OT inner objective: -0.0732 | Marginal residual row/col/max: 3.83e-06/1.07e-08/3.83e-06 | Train Acc: 0.5000 | Val Acc: 0.2778 | Val P/R/F1 (Macro): 0.1938/0.3444/0.2047 | LR: 0.000001
Epoch [70/100] | SVD update #70: pairs=128, sweeps=3, converged=True, rel_change=5.073e-04, effective_ranks=(127, 14), class_paired=True
Epoch [70/100] | Loss: 5.2468 (Cls: 5.2862, TAL: -0.3806, Adv: 0.0786, OT-Reg: 0.000882) | OT inner objective: -0.0898 | Marginal residual row/col/max: 3.07e-05/1.12e-08/3.07e-05 | Train Acc: 0.3906 | Val Acc: 0.2500 | Val P/R/F1 (Macro): 0.1503/0.2481/0.1746 | LR: 0.000001
Epoch [71/100] | SVD update #71: pairs=128, sweeps=4, converged=True, rel_change=3.298e-04, effective_ranks=(127, 15), class_paired=True
Epoch [71/100] | Loss: 5.6368 (Cls: 5.6713, TAL: -0.3452, Adv: 0.0854, OT-Reg: 0.000912) | OT inner objective: -0.0961 | Marginal residual row/col/max: 1.04e-04/1.30e-08/1.04e-04 | Train Acc: 0.2969 | Val Acc: 0.2778 | Val P/R/F1 (Macro): 0.1728/0.2611/0.2031 | LR: 0.000001
Epoch [72/100] | SVD update #72: pairs=128, sweeps=4, converged=True, rel_change=8.860e-04, effective_ranks=(127, 17), class_paired=True
Epoch [72/100] | Loss: 5.1976 (Cls: 5.2545, TAL: -0.5257, Adv: 0.0779, OT-Reg: 0.000906) | OT inner objective: -0.1586 | Marginal residual row/col/max: 2.73e-06/9.78e-09/2.73e-06 | Train Acc: 0.3672 | Val Acc: 0.3611 | Val P/R/F1 (Macro): 0.1741/0.3333/0.2240 | LR: 0.000001
Epoch [73/100] | SVD update #73: pairs=128, sweeps=3, converged=True, rel_change=2.021e-04, effective_ranks=(127, 15), class_paired=True
Epoch [73/100] | Loss: 5.1567 (Cls: 5.1925, TAL: -0.3542, Adv: 0.0833, OT-Reg: 0.000921) | OT inner objective: -0.0227 | Marginal residual row/col/max: 1.01e-06/1.72e-08/1.01e-06 | Train Acc: 0.4062 | Val Acc: 0.3056 | Val P/R/F1 (Macro): 0.1512/0.3852/0.2145 | LR: 0.000001
Epoch [74/100] | SVD update #74: pairs=128, sweeps=6, converged=True, rel_change=9.821e-04, effective_ranks=(127, 17), class_paired=True
Epoch [74/100] | Loss: 5.2652 (Cls: 5.3075, TAL: -0.4085, Adv: 0.0847, OT-Reg: 0.000908) | OT inner objective: -0.0694 | Marginal residual row/col/max: 8.58e-06/1.49e-08/8.58e-06 | Train Acc: 0.3750 | Val Acc: 0.3889 | Val P/R/F1 (Macro): 0.4111/0.5120/0.4328 | LR: 0.000001
Epoch [75/100] | SVD update #75: pairs=128, sweeps=3, converged=True, rel_change=9.961e-05, effective_ranks=(127, 16), class_paired=True
Epoch [75/100] | Loss: 5.4201 (Cls: 5.4587, TAL: -0.3781, Adv: 0.0848, OT-Reg: 0.000813) | OT inner objective: 0.0105 | Marginal residual row/col/max: 2.34e-05/1.49e-08/2.34e-05 | Train Acc: 0.3359 | Val Acc: 0.3611 | Val P/R/F1 (Macro): 0.3667/0.4241/0.3296 | LR: 0.000001
Epoch [76/100] | SVD update #76: pairs=128, sweeps=4, converged=True, rel_change=9.238e-04, effective_ranks=(127, 15), class_paired=True
Epoch [76/100] | Loss: 5.1633 (Cls: 5.2032, TAL: -0.3907, Adv: 0.0873, OT-Reg: 0.000862) | OT inner objective: -0.1232 | Marginal residual row/col/max: 1.48e-04/1.44e-08/1.48e-04 | Train Acc: 0.4844 | Val Acc: 0.3611 | Val P/R/F1 (Macro): 0.2963/0.5130/0.3648 | LR: 0.000001
Epoch [77/100] | SVD update #77: pairs=128, sweeps=3, converged=True, rel_change=3.142e-04, effective_ranks=(127, 18), class_paired=True
Epoch [77/100] | Loss: 5.6704 (Cls: 5.7124, TAL: -0.4073, Adv: 0.0871, OT-Reg: 0.000859) | OT inner objective: -0.1056 | Marginal residual row/col/max: 1.84e-04/1.40e-08/1.84e-04 | Train Acc: 0.3438 | Val Acc: 0.3333 | Val P/R/F1 (Macro): 0.2352/0.4019/0.2920 | LR: 0.000001
Epoch [78/100] | SVD update #78: pairs=128, sweeps=3, converged=True, rel_change=1.143e-04, effective_ranks=(127, 17), class_paired=True
Epoch [78/100] | Loss: 5.7515 (Cls: 5.7997, TAL: -0.4525, Adv: 0.0762, OT-Reg: 0.000918) | OT inner objective: -0.1350 | Marginal residual row/col/max: 9.41e-06/9.78e-09/9.41e-06 | Train Acc: 0.3359 | Val Acc: 0.2222 | Val P/R/F1 (Macro): 0.1204/0.2241/0.1562 | LR: 0.000001
Epoch [79/100] | SVD update #79: pairs=128, sweeps=3, converged=True, rel_change=4.077e-04, effective_ranks=(127, 14), class_paired=True
Epoch [79/100] | Loss: 5.3311 (Cls: 5.3616, TAL: -0.3044, Adv: 0.0752, OT-Reg: 0.000877) | OT inner objective: -0.0706 | Marginal residual row/col/max: 1.46e-06/1.30e-08/1.46e-06 | Train Acc: 0.3203 | Val Acc: 0.2778 | Val P/R/F1 (Macro): 0.1855/0.2722/0.2119 | LR: 0.000001
Epoch [80/100] | SVD update #80: pairs=128, sweeps=3, converged=True, rel_change=5.407e-04, effective_ranks=(126, 17), class_paired=True
Epoch [80/100] | Loss: 5.6085 (Cls: 5.6562, TAL: -0.4452, Adv: 0.0716, OT-Reg: 0.000875) | OT inner objective: -0.1437 | Marginal residual row/col/max: 2.33e-06/1.02e-08/2.33e-06 | Train Acc: 0.3750 | Val Acc: 0.3611 | Val P/R/F1 (Macro): 0.3042/0.3315/0.2989 | LR: 0.000001
Epoch [81/100] | SVD update #81: pairs=128, sweeps=3, converged=True, rel_change=2.016e-04, effective_ranks=(127, 17), class_paired=True
Epoch [81/100] | Loss: 5.1796 (Cls: 5.2282, TAL: -0.4662, Adv: 0.0915, OT-Reg: 0.000836) | OT inner objective: -0.1283 | Marginal residual row/col/max: 1.41e-05/1.02e-08/1.41e-05 | Train Acc: 0.3906 | Val Acc: 0.2500 | Val P/R/F1 (Macro): 0.1389/0.2500/0.1774 | LR: 0.000001
Epoch [82/100] | SVD update #82: pairs=128, sweeps=3, converged=True, rel_change=2.414e-04, effective_ranks=(127, 16), class_paired=True
Epoch [82/100] | Loss: 5.4285 (Cls: 5.4635, TAL: -0.3450, Adv: 0.0797, OT-Reg: 0.000920) | OT inner objective: -0.0327 | Marginal residual row/col/max: 1.39e-04/1.72e-08/1.39e-04 | Train Acc: 0.3984 | Val Acc: 0.3333 | Val P/R/F1 (Macro): 0.2698/0.4889/0.3179 | LR: 0.000001
Epoch [83/100] | SVD update #83: pairs=128, sweeps=3, converged=True, rel_change=3.927e-04, effective_ranks=(127, 17), class_paired=True
Epoch [83/100] | Loss: 5.3721 (Cls: 5.4301, TAL: -0.5326, Adv: 0.0733, OT-Reg: 0.000879) | OT inner objective: -0.1449 | Marginal residual row/col/max: 1.77e-05/1.12e-08/1.77e-05 | Train Acc: 0.4297 | Val Acc: 0.3056 | Val P/R/F1 (Macro): 0.4343/0.4528/0.3426 | LR: 0.000001
Epoch [84/100] | SVD update #84: pairs=128, sweeps=3, converged=True, rel_change=6.154e-04, effective_ranks=(127, 19), class_paired=True
Epoch [84/100] | Loss: 5.4358 (Cls: 5.4789, TAL: -0.4137, Adv: 0.0816, OT-Reg: 0.000788) | OT inner objective: -0.0888 | Marginal residual row/col/max: 7.97e-05/9.78e-09/7.97e-05 | Train Acc: 0.5078 | Val Acc: 0.3333 | Val P/R/F1 (Macro): 0.4093/0.3833/0.3248 | LR: 0.000001
Epoch [85/100] | SVD update #85: pairs=128, sweeps=5, converged=True, rel_change=3.651e-04, effective_ranks=(127, 18), class_paired=True
Epoch [85/100] | Loss: 5.6786 (Cls: 5.7244, TAL: -0.4287, Adv: 0.0709, OT-Reg: 0.000951) | OT inner objective: -0.0493 | Marginal residual row/col/max: 3.46e-06/2.19e-08/3.46e-06 | Train Acc: 0.3125 | Val Acc: 0.2500 | Val P/R/F1 (Macro): 0.2157/0.4204/0.2770 | LR: 0.000001
Epoch [86/100] | SVD update #86: pairs=128, sweeps=6, converged=True, rel_change=6.561e-04, effective_ranks=(126, 16), class_paired=True
Epoch [86/100] | Loss: 5.4095 (Cls: 5.4420, TAL: -0.3188, Adv: 0.0709, OT-Reg: 0.000874) | OT inner objective: -0.0050 | Marginal residual row/col/max: 6.71e-07/2.79e-08/6.71e-07 | Train Acc: 0.3359 | Val Acc: 0.3889 | Val P/R/F1 (Macro): 0.4653/0.5481/0.4444 | LR: 0.000001
Epoch [87/100] | SVD update #87: pairs=128, sweeps=4, converged=True, rel_change=4.513e-04, effective_ranks=(127, 18), class_paired=True
Epoch [87/100] | Loss: 5.5988 (Cls: 5.6351, TAL: -0.3509, Adv: 0.0725, OT-Reg: 0.000832) | OT inner objective: -0.0345 | Marginal residual row/col/max: 6.82e-05/1.21e-08/6.82e-05 | Train Acc: 0.3750 | Val Acc: 0.3056 | Val P/R/F1 (Macro): 0.3009/0.4648/0.2867 | LR: 0.000001
Epoch [88/100] | SVD update #88: pairs=128, sweeps=4, converged=True, rel_change=3.527e-04, effective_ranks=(127, 17), class_paired=True
Epoch [88/100] | Loss: 5.5341 (Cls: 5.5727, TAL: -0.3723, Adv: 0.0765, OT-Reg: 0.000811) | OT inner objective: -0.0421 | Marginal residual row/col/max: 1.94e-05/8.38e-09/1.94e-05 | Train Acc: 0.3359 | Val Acc: 0.2778 | Val P/R/F1 (Macro): 0.3554/0.4389/0.2976 | LR: 0.000001
Epoch [89/100] | SVD update #89: pairs=128, sweeps=4, converged=True, rel_change=2.378e-04, effective_ranks=(127, 16), class_paired=True
Epoch [89/100] | Loss: 5.5048 (Cls: 5.5437, TAL: -0.3702, Adv: 0.0690, OT-Reg: 0.000842) | OT inner objective: 0.0003 | Marginal residual row/col/max: 1.33e-06/1.07e-08/1.33e-06 | Train Acc: 0.3359 | Val Acc: 0.2222 | Val P/R/F1 (Macro): 0.2259/0.3130/0.2274 | LR: 0.000001
Epoch [90/100] | SVD update #90: pairs=128, sweeps=4, converged=True, rel_change=3.469e-04, effective_ranks=(127, 16), class_paired=True
Epoch [90/100] | Loss: 5.2635 (Cls: 5.3098, TAL: -0.4249, Adv: 0.0585, OT-Reg: 0.000809) | OT inner objective: -0.1089 | Marginal residual row/col/max: 8.09e-07/1.35e-08/8.09e-07 | Train Acc: 0.3438 | Val Acc: 0.3611 | Val P/R/F1 (Macro): 0.3810/0.4194/0.3504 | LR: 0.000001
Epoch [91/100] | SVD update #91: pairs=128, sweeps=3, converged=True, rel_change=1.618e-04, effective_ranks=(127, 16), class_paired=True
Epoch [91/100] | Loss: 5.5116 (Cls: 5.5610, TAL: -0.4578, Adv: 0.0687, OT-Reg: 0.000825) | OT inner objective: 0.0571 | Marginal residual row/col/max: 1.56e-05/1.12e-08/1.56e-05 | Train Acc: 0.3750 | Val Acc: 0.3889 | Val P/R/F1 (Macro): 0.3542/0.4491/0.3421 | LR: 0.000001
Epoch [92/100] | SVD update #92: pairs=128, sweeps=5, converged=True, rel_change=6.897e-04, effective_ranks=(127, 15), class_paired=True
Epoch [92/100] | Loss: 5.4507 (Cls: 5.4953, TAL: -0.4195, Adv: 0.0711, OT-Reg: 0.000884) | OT inner objective: -0.1461 | Marginal residual row/col/max: 7.27e-05/1.44e-08/7.27e-05 | Train Acc: 0.3906 | Val Acc: 0.2778 | Val P/R/F1 (Macro): 0.1684/0.3593/0.2074 | LR: 0.000001
Epoch [93/100] | SVD update #93: pairs=128, sweeps=6, converged=True, rel_change=5.226e-04, effective_ranks=(127, 16), class_paired=True
Epoch [93/100] | Loss: 5.6260 (Cls: 5.6657, TAL: -0.3672, Adv: 0.0544, OT-Reg: 0.000875) | OT inner objective: -0.0686 | Marginal residual row/col/max: 8.93e-06/2.61e-08/8.93e-06 | Train Acc: 0.3906 | Val Acc: 0.3333 | Val P/R/F1 (Macro): 0.4058/0.4759/0.3647 | LR: 0.000001
Epoch [94/100] | SVD update #94: pairs=128, sweeps=4, converged=True, rel_change=8.236e-04, effective_ranks=(127, 17), class_paired=True
Epoch [94/100] | Loss: 5.5858 (Cls: 5.6395, TAL: -0.4910, Adv: 0.0656, OT-Reg: 0.000880) | OT inner objective: -0.0566 | Marginal residual row/col/max: 5.11e-05/1.12e-08/5.11e-05 | Train Acc: 0.3359 | Val Acc: 0.1944 | Val P/R/F1 (Macro): 0.1054/0.2852/0.1455 | LR: 0.000001
Epoch [95/100] | SVD update #95: pairs=128, sweeps=3, converged=True, rel_change=1.595e-04, effective_ranks=(127, 15), class_paired=True
Epoch [95/100] | Loss: 5.4826 (Cls: 5.5365, TAL: -0.4958, Adv: 0.0695, OT-Reg: 0.000899) | OT inner objective: -0.1606 | Marginal residual row/col/max: 5.54e-05/1.21e-08/5.54e-05 | Train Acc: 0.3672 | Val Acc: 0.3333 | Val P/R/F1 (Macro): 0.1995/0.3981/0.2407 | LR: 0.000001
Epoch [96/100] | SVD update #96: pairs=128, sweeps=4, converged=True, rel_change=2.204e-04, effective_ranks=(127, 17), class_paired=True
Epoch [96/100] | Loss: 5.7506 (Cls: 5.8052, TAL: -0.5024, Adv: 0.0719, OT-Reg: 0.000819) | OT inner objective: -0.1225 | Marginal residual row/col/max: 1.02e-05/1.12e-08/1.02e-05 | Train Acc: 0.2578 | Val Acc: 0.2222 | Val P/R/F1 (Macro): 0.1796/0.3130/0.2049 | LR: 0.000001
Epoch [97/100] | SVD update #97: pairs=128, sweeps=4, converged=True, rel_change=4.059e-04, effective_ranks=(127, 16), class_paired=True
Epoch [97/100] | Loss: 5.2714 (Cls: 5.3135, TAL: -0.3979, Adv: 0.0702, OT-Reg: 0.000813) | OT inner objective: 0.0090 | Marginal residual row/col/max: 4.90e-06/1.02e-08/4.90e-06 | Train Acc: 0.3828 | Val Acc: 0.3611 | Val P/R/F1 (Macro): 0.3447/0.4056/0.3193 | LR: 0.000001
Epoch [98/100] | SVD update #98: pairs=128, sweeps=3, converged=True, rel_change=4.360e-04, effective_ranks=(127, 16), class_paired=True
Epoch [98/100] | Loss: 5.6773 (Cls: 5.7106, TAL: -0.3187, Adv: 0.0625, OT-Reg: 0.000815) | OT inner objective: -0.0709 | Marginal residual row/col/max: 2.08e-05/1.40e-08/2.08e-05 | Train Acc: 0.2812 | Val Acc: 0.1944 | Val P/R/F1 (Macro): 0.1356/0.3796/0.1902 | LR: 0.000001
Epoch [99/100] | SVD update #99: pairs=128, sweeps=3, converged=True, rel_change=4.641e-04, effective_ranks=(127, 15), class_paired=True
Epoch [99/100] | Loss: 5.6185 (Cls: 5.6458, TAL: -0.2728, Adv: 0.0672, OT-Reg: 0.000857) | OT inner objective: -0.0791 | Marginal residual row/col/max: 7.90e-06/1.12e-08/7.90e-06 | Train Acc: 0.3594 | Val Acc: 0.2500 | Val P/R/F1 (Macro): 0.2963/0.4019/0.2443 | LR: 0.000001
Epoch [100/100] | SVD update #100: pairs=128, sweeps=5, converged=True, rel_change=2.915e-04, effective_ranks=(127, 17), class_paired=True
Epoch [100/100] | Loss: 5.7778 (Cls: 5.8205, TAL: -0.4075, Adv: 0.0770, OT-Reg: 0.000835) | OT inner objective: -0.0695 | Marginal residual row/col/max: 4.25e-05/1.16e-08/4.25e-05 | Train Acc: 0.3281 | Val Acc: 0.2500 | Val P/R/F1 (Macro): 0.2660/0.4009/0.2521 | LR: 0.000001
Report strategy: best, window=10, reported_acc=0.4444, best_acc=0.4444, selected_epoch=49

迭代 4 报告指标:
  Accuracy: 0.4444
  Precision (Macro): 0.5487
  Recall (Macro): 0.5685
  F1 (Macro): 0.4977
  Precision (Micro): 0.4444
  Recall (Micro): 0.4444
  F1 (Micro): 0.4444
  Val class coverage: 9/14 (0.6429), samples=36

================================================================================
迭代 5/5
随机种子: 46
================================================================================
配对采样器已初始化，共 9 个共有类别。
Training mode: full target-label supervision (class-paired batches).
Feature fusion: Tensor alignment (512+512 -> 16+16); fused_dim=32
Domain adaptation: Neural OT generator with 3-domain discriminator
Loss weights: tensor=0.12, adv=0.08
Transport: mode=sinkhorn, epsilon=0.1, Sinkhorn iterations=50, correction scale=0.1, correction regularization weight=0.001
Tensor projection update: once per epoch from the complete target-training pairing bank; projection_dim=16, max_sweeps=10, relative singular-value tolerance=0.001
Epoch [1/100] | SVD update #1: pairs=128, sweeps=4, converged=True, rel_change=7.580e-05, effective_ranks=(127, 107), class_paired=True
Epoch [1/100] | Loss: 8.6182 (Cls: 8.5956, TAL: 0.0224, Adv: 0.2486, OT-Reg: 0.001033) | OT inner objective: 0.2325 | Marginal residual row/col/max: 1.07e-08/1.63e-08/1.63e-08 | Train Acc: 0.1016 | Val Acc: 0.1667 | Val P/R/F1 (Macro): 0.0378/0.1806/0.0570 | LR: 0.000005
  >>> New Best Val Acc: 0.1667
Epoch [2/100] | SVD update #2: pairs=128, sweeps=3, converged=True, rel_change=8.128e-05, effective_ranks=(127, 119), class_paired=True
Epoch [2/100] | Loss: 8.6175 (Cls: 8.6392, TAL: -0.3008, Adv: 0.1808, OT-Reg: 0.001052) | OT inner objective: 0.0376 | Marginal residual row/col/max: 8.67e-07/1.44e-08/8.69e-07 | Train Acc: 0.1094 | Val Acc: 0.2222 | Val P/R/F1 (Macro): 0.0977/0.1296/0.1060 | LR: 0.000005
  >>> New Best Val Acc: 0.2222
Epoch [3/100] | SVD update #3: pairs=128, sweeps=3, converged=True, rel_change=3.621e-05, effective_ranks=(127, 86), class_paired=True
Epoch [3/100] | Loss: 7.9433 (Cls: 7.9742, TAL: -0.3825, Adv: 0.1874, OT-Reg: 0.001021) | OT inner objective: 0.1559 | Marginal residual row/col/max: 4.03e-05/2.51e-08/4.03e-05 | Train Acc: 0.0859 | Val Acc: 0.1667 | Val P/R/F1 (Macro): 0.0370/0.0833/0.0513 | LR: 0.000005
Epoch [4/100] | SVD update #4: pairs=128, sweeps=4, converged=True, rel_change=4.639e-05, effective_ranks=(127, 76), class_paired=True
Epoch [4/100] | Loss: 8.3813 (Cls: 8.4213, TAL: -0.4402, Adv: 0.1604, OT-Reg: 0.000944) | OT inner objective: 0.0039 | Marginal residual row/col/max: 1.09e-05/1.58e-08/1.09e-05 | Train Acc: 0.1406 | Val Acc: 0.1111 | Val P/R/F1 (Macro): 0.0139/0.1111/0.0247 | LR: 0.000005
Epoch [5/100] | SVD update #5: pairs=128, sweeps=8, converged=True, rel_change=8.198e-04, effective_ranks=(127, 80), class_paired=True
Epoch [5/100] | Loss: 7.6990 (Cls: 7.7200, TAL: -0.3054, Adv: 0.1960, OT-Reg: 0.001151) | OT inner objective: 0.1021 | Marginal residual row/col/max: 1.21e-08/1.49e-08/1.68e-08 | Train Acc: 0.1016 | Val Acc: 0.3333 | Val P/R/F1 (Macro): 0.2174/0.2722/0.1744 | LR: 0.000005
  >>> New Best Val Acc: 0.3333
Epoch [6/100] | SVD update #6: pairs=128, sweeps=5, converged=True, rel_change=1.196e-04, effective_ranks=(127, 38), class_paired=True
Epoch [6/100] | Loss: 7.4237 (Cls: 7.4507, TAL: -0.3440, Adv: 0.1786, OT-Reg: 0.000917) | OT inner objective: -0.0459 | Marginal residual row/col/max: 5.34e-06/1.35e-08/5.34e-06 | Train Acc: 0.2031 | Val Acc: 0.2778 | Val P/R/F1 (Macro): 0.0817/0.2222/0.1164 | LR: 0.000005
Epoch [7/100] | SVD update #7: pairs=128, sweeps=5, converged=True, rel_change=5.784e-04, effective_ranks=(127, 42), class_paired=True
Epoch [7/100] | Loss: 7.3578 (Cls: 7.3593, TAL: -0.1589, Adv: 0.2192, OT-Reg: 0.001045) | OT inner objective: 0.0386 | Marginal residual row/col/max: 8.38e-05/1.96e-08/8.38e-05 | Train Acc: 0.2188 | Val Acc: 0.4444 | Val P/R/F1 (Macro): 0.4479/0.4769/0.4227 | LR: 0.000005
  >>> New Best Val Acc: 0.4444
Epoch [8/100] | SVD update #8: pairs=128, sweeps=10, converged=False, rel_change=3.128e-01, effective_ranks=(127, 34), class_paired=True
Epoch [8/100] | Loss: 7.2228 (Cls: 7.2306, TAL: -0.1901, Adv: 0.1870, OT-Reg: 0.001065) | OT inner objective: 0.0500 | Marginal residual row/col/max: 1.69e-06/1.72e-08/1.69e-06 | Train Acc: 0.2422 | Val Acc: 0.3611 | Val P/R/F1 (Macro): 0.3219/0.4074/0.3345 | LR: 0.000005
Epoch [9/100] | SVD update #9: pairs=128, sweeps=5, converged=True, rel_change=1.917e-04, effective_ranks=(127, 29), class_paired=True
Epoch [9/100] | Loss: 6.7879 (Cls: 6.8103, TAL: -0.3228, Adv: 0.2034, OT-Reg: 0.001013) | OT inner objective: -0.1141 | Marginal residual row/col/max: 3.17e-04/1.91e-08/3.17e-04 | Train Acc: 0.2500 | Val Acc: 0.4722 | Val P/R/F1 (Macro): 0.5294/0.6065/0.4531 | LR: 0.000005
  >>> New Best Val Acc: 0.4722
Epoch [10/100] | SVD update #10: pairs=128, sweeps=4, converged=True, rel_change=3.091e-04, effective_ranks=(127, 20), class_paired=True
Epoch [10/100] | Loss: 6.5396 (Cls: 6.5516, TAL: -0.2335, Adv: 0.2001, OT-Reg: 0.000987) | OT inner objective: -0.0933 | Marginal residual row/col/max: 1.02e-05/1.16e-08/1.02e-05 | Train Acc: 0.2578 | Val Acc: 0.3333 | Val P/R/F1 (Macro): 0.2923/0.3657/0.2400 | LR: 0.000005
Epoch [11/100] | SVD update #11: pairs=128, sweeps=4, converged=True, rel_change=1.312e-04, effective_ranks=(127, 23), class_paired=True
Epoch [11/100] | Loss: 6.6386 (Cls: 6.6708, TAL: -0.4028, Adv: 0.2021, OT-Reg: 0.000978) | OT inner objective: -0.1349 | Marginal residual row/col/max: 3.35e-04/1.21e-08/3.35e-04 | Train Acc: 0.2422 | Val Acc: 0.3333 | Val P/R/F1 (Macro): 0.3896/0.2398/0.2643 | LR: 0.000005
Epoch [12/100] | SVD update #12: pairs=128, sweeps=8, converged=True, rel_change=8.150e-04, effective_ranks=(126, 19), class_paired=True
Epoch [12/100] | Loss: 7.2965 (Cls: 7.3170, TAL: -0.2931, Adv: 0.1836, OT-Reg: 0.001015) | OT inner objective: -0.0445 | Marginal residual row/col/max: 1.16e-04/1.21e-08/1.16e-04 | Train Acc: 0.2344 | Val Acc: 0.0278 | Val P/R/F1 (Macro): 0.0065/0.1111/0.0123 | LR: 0.000005
Epoch [13/100] | SVD update #13: pairs=128, sweeps=5, converged=True, rel_change=5.539e-04, effective_ranks=(127, 22), class_paired=True
Epoch [13/100] | Loss: 6.7386 (Cls: 6.7369, TAL: -0.1044, Adv: 0.1769, OT-Reg: 0.000960) | OT inner objective: 0.0127 | Marginal residual row/col/max: 1.46e-04/1.44e-08/1.46e-04 | Train Acc: 0.2812 | Val Acc: 0.1389 | Val P/R/F1 (Macro): 0.3512/0.2963/0.2254 | LR: 0.000005
Epoch [14/100] | SVD update #14: pairs=128, sweeps=10, converged=False, rel_change=3.803e-03, effective_ranks=(127, 18), class_paired=True
Epoch [14/100] | Loss: 6.5966 (Cls: 6.6242, TAL: -0.3467, Adv: 0.1744, OT-Reg: 0.001008) | OT inner objective: -0.2047 | Marginal residual row/col/max: 1.54e-04/1.16e-08/1.54e-04 | Train Acc: 0.2266 | Val Acc: 0.1111 | Val P/R/F1 (Macro): 0.1567/0.1620/0.0836 | LR: 0.000005
Epoch [15/100] | SVD update #15: pairs=128, sweeps=4, converged=True, rel_change=3.988e-04, effective_ranks=(127, 14), class_paired=True
Epoch [15/100] | Loss: 6.3596 (Cls: 6.3856, TAL: -0.3529, Adv: 0.2039, OT-Reg: 0.001025) | OT inner objective: -0.1462 | Marginal residual row/col/max: 2.47e-04/1.12e-08/2.47e-04 | Train Acc: 0.3047 | Val Acc: 0.1667 | Val P/R/F1 (Macro): 0.2045/0.2204/0.1416 | LR: 0.000005
Epoch [16/100] | SVD update #16: pairs=128, sweeps=6, converged=True, rel_change=3.337e-04, effective_ranks=(127, 18), class_paired=True
Epoch [16/100] | Loss: 6.1013 (Cls: 6.1035, TAL: -0.1213, Adv: 0.1545, OT-Reg: 0.001127) | OT inner objective: 0.0423 | Marginal residual row/col/max: 1.35e-04/1.12e-08/1.35e-04 | Train Acc: 0.2734 | Val Acc: 0.2500 | Val P/R/F1 (Macro): 0.1574/0.2870/0.1845 | LR: 0.000005
Epoch [17/100] | SVD update #17: pairs=128, sweeps=10, converged=False, rel_change=1.165e-03, effective_ranks=(127, 22), class_paired=True
Epoch [17/100] | Loss: 8.5999 (Cls: 8.5420, TAL: 0.3834, Adv: 0.1495, OT-Reg: 0.000909) | OT inner objective: 0.1558 | Marginal residual row/col/max: 4.10e-08/2.28e-08/4.70e-08 | Train Acc: 0.1797 | Val Acc: 0.1389 | Val P/R/F1 (Macro): 0.0381/0.1222/0.0581 | LR: 0.000005
Epoch [18/100] | SVD update #18: pairs=128, sweeps=5, converged=True, rel_change=6.540e-04, effective_ranks=(127, 22), class_paired=True
Epoch [18/100] | Loss: 8.2327 (Cls: 8.1811, TAL: 0.3097, Adv: 0.1813, OT-Reg: 0.000947) | OT inner objective: 0.0659 | Marginal residual row/col/max: 4.30e-06/4.10e-08/4.30e-06 | Train Acc: 0.0234 | Val Acc: 0.0000 | Val P/R/F1 (Macro): 0.0000/0.0000/0.0000 | LR: 0.000005
Epoch [19/100] | SVD update #19: pairs=128, sweeps=4, converged=True, rel_change=5.956e-04, effective_ranks=(127, 24), class_paired=True
Epoch [19/100] | Loss: 8.4515 (Cls: 8.3894, TAL: 0.4001, Adv: 0.1765, OT-Reg: 0.001028) | OT inner objective: 0.1787 | Marginal residual row/col/max: 1.26e-08/4.14e-08/4.14e-08 | Train Acc: 0.0469 | Val Acc: 0.0833 | Val P/R/F1 (Macro): 0.0159/0.0556/0.0247 | LR: 0.000005
Epoch [20/100] | SVD update #20: pairs=128, sweeps=4, converged=True, rel_change=4.124e-04, effective_ranks=(127, 25), class_paired=True
Epoch [20/100] | Loss: 7.7651 (Cls: 7.7209, TAL: 0.2371, Adv: 0.1960, OT-Reg: 0.001046) | OT inner objective: 0.2603 | Marginal residual row/col/max: 1.30e-08/2.61e-08/2.61e-08 | Train Acc: 0.0781 | Val Acc: 0.0833 | Val P/R/F1 (Macro): 0.0196/0.0556/0.0290 | LR: 0.000003
Epoch [21/100] | SVD update #21: pairs=128, sweeps=4, converged=True, rel_change=3.707e-04, effective_ranks=(127, 24), class_paired=True
Epoch [21/100] | Loss: 7.5328 (Cls: 7.4756, TAL: 0.3638, Adv: 0.1686, OT-Reg: 0.001151) | OT inner objective: 0.1138 | Marginal residual row/col/max: 1.12e-08/3.07e-08/3.07e-08 | Train Acc: 0.0781 | Val Acc: 0.1111 | Val P/R/F1 (Macro): 0.0486/0.0694/0.0488 | LR: 0.000003
Epoch [22/100] | SVD update #22: pairs=128, sweeps=6, converged=True, rel_change=4.168e-04, effective_ranks=(127, 27), class_paired=True
Epoch [22/100] | Loss: 7.5864 (Cls: 7.5486, TAL: 0.1846, Adv: 0.1953, OT-Reg: 0.001105) | OT inner objective: 0.1622 | Marginal residual row/col/max: 1.07e-08/1.96e-08/1.96e-08 | Train Acc: 0.0781 | Val Acc: 0.0556 | Val P/R/F1 (Macro): 0.0216/0.0556/0.0309 | LR: 0.000003
Epoch [23/100] | SVD update #23: pairs=128, sweeps=5, converged=True, rel_change=4.881e-04, effective_ranks=(127, 31), class_paired=True
Epoch [23/100] | Loss: 7.3494 (Cls: 7.2824, TAL: 0.4605, Adv: 0.1472, OT-Reg: 0.001094) | OT inner objective: 0.1350 | Marginal residual row/col/max: 2.42e-08/3.17e-08/3.26e-08 | Train Acc: 0.0625 | Val Acc: 0.1667 | Val P/R/F1 (Macro): 0.0586/0.1806/0.0778 | LR: 0.000003
Epoch [24/100] | SVD update #24: pairs=128, sweeps=4, converged=True, rel_change=4.698e-04, effective_ranks=(127, 31), class_paired=True
Epoch [24/100] | Loss: 7.4268 (Cls: 7.3695, TAL: 0.3859, Adv: 0.1362, OT-Reg: 0.001184) | OT inner objective: 0.2309 | Marginal residual row/col/max: 9.78e-09/1.72e-08/1.72e-08 | Train Acc: 0.0781 | Val Acc: 0.0278 | Val P/R/F1 (Macro): 0.0101/0.1111/0.0185 | LR: 0.000003
Epoch [25/100] | SVD update #25: pairs=128, sweeps=5, converged=True, rel_change=3.262e-04, effective_ranks=(127, 27), class_paired=True
Epoch [25/100] | Loss: 7.2919 (Cls: 7.2414, TAL: 0.3205, Adv: 0.1505, OT-Reg: 0.001224) | OT inner objective: 0.1161 | Marginal residual row/col/max: 1.21e-08/1.40e-08/1.54e-08 | Train Acc: 0.0859 | Val Acc: 0.0278 | Val P/R/F1 (Macro): 0.0069/0.1111/0.0131 | LR: 0.000003
Epoch [26/100] | SVD update #26: pairs=128, sweeps=9, converged=True, rel_change=9.115e-04, effective_ranks=(127, 24), class_paired=True
Epoch [26/100] | Loss: 7.4153 (Cls: 7.3734, TAL: 0.2287, Adv: 0.1797, OT-Reg: 0.001113) | OT inner objective: 0.0070 | Marginal residual row/col/max: 4.52e-08/1.49e-08/4.52e-08 | Train Acc: 0.0859 | Val Acc: 0.0556 | Val P/R/F1 (Macro): 0.0185/0.0444/0.0261 | LR: 0.000003
Epoch [27/100] | SVD update #27: pairs=128, sweeps=10, converged=True, rel_change=9.343e-04, effective_ranks=(127, 26), class_paired=True
Epoch [27/100] | Loss: 7.5019 (Cls: 7.4552, TAL: 0.2856, Adv: 0.1562, OT-Reg: 0.001156) | OT inner objective: -0.0518 | Marginal residual row/col/max: 3.27e-05/1.30e-08/3.27e-05 | Train Acc: 0.1328 | Val Acc: 0.0278 | Val P/R/F1 (Macro): 0.0222/0.1111/0.0370 | LR: 0.000003
Epoch [28/100] | SVD update #28: pairs=128, sweeps=7, converged=True, rel_change=8.155e-04, effective_ranks=(127, 30), class_paired=True
Epoch [28/100] | Loss: 7.3405 (Cls: 7.2889, TAL: 0.3228, Adv: 0.1613, OT-Reg: 0.001084) | OT inner objective: 0.1259 | Marginal residual row/col/max: 6.98e-08/1.26e-08/7.08e-08 | Train Acc: 0.1172 | Val Acc: 0.0833 | Val P/R/F1 (Macro): 0.1944/0.1667/0.1278 | LR: 0.000003
Epoch [29/100] | SVD update #29: pairs=128, sweeps=10, converged=False, rel_change=1.629e-03, effective_ranks=(127, 30), class_paired=True
Epoch [29/100] | Loss: 7.8486 (Cls: 7.8284, TAL: 0.0763, Adv: 0.1382, OT-Reg: 0.001106) | OT inner objective: 0.2233 | Marginal residual row/col/max: 1.35e-08/2.33e-08/2.33e-08 | Train Acc: 0.0234 | Val Acc: 0.0000 | Val P/R/F1 (Macro): 0.0000/0.0000/0.0000 | LR: 0.000003
Epoch [30/100] | SVD update #30: pairs=128, sweeps=10, converged=False, rel_change=9.126e-03, effective_ranks=(127, 33), class_paired=True
Epoch [30/100] | Loss: 7.9493 (Cls: 7.9105, TAL: 0.2320, Adv: 0.1360, OT-Reg: 0.001085) | OT inner objective: 0.0379 | Marginal residual row/col/max: 1.18e-04/1.21e-08/1.18e-04 | Train Acc: 0.0469 | Val Acc: 0.0278 | Val P/R/F1 (Macro): 0.0058/0.0278/0.0097 | LR: 0.000003
Epoch [31/100] | SVD update #31: pairs=128, sweeps=8, converged=True, rel_change=4.548e-04, effective_ranks=(127, 32), class_paired=True
Epoch [31/100] | Loss: 7.5079 (Cls: 7.4868, TAL: 0.0699, Adv: 0.1591, OT-Reg: 0.000997) | OT inner objective: 0.0924 | Marginal residual row/col/max: 2.44e-07/1.49e-08/2.48e-07 | Train Acc: 0.1250 | Val Acc: 0.1111 | Val P/R/F1 (Macro): 0.0895/0.1093/0.0966 | LR: 0.000001
Epoch [32/100] | SVD update #32: pairs=128, sweeps=10, converged=False, rel_change=1.347e-01, effective_ranks=(127, 49), class_paired=True
Epoch [32/100] | Loss: 9.6260 (Cls: 9.6339, TAL: -0.1466, Adv: 0.1221, OT-Reg: 0.000994) | OT inner objective: -0.0877 | Marginal residual row/col/max: 2.99e-04/2.00e-08/2.99e-04 | Train Acc: 0.1172 | Val Acc: 0.0556 | Val P/R/F1 (Macro): 0.0164/0.0556/0.0248 | LR: 0.000001
Epoch [33/100] | SVD update #33: pairs=128, sweeps=10, converged=False, rel_change=2.001e-02, effective_ranks=(127, 42), class_paired=True
Epoch [33/100] | Loss: 8.5895 (Cls: 8.5667, TAL: 0.0995, Adv: 0.1354, OT-Reg: 0.001135) | OT inner objective: 0.0296 | Marginal residual row/col/max: 1.26e-08/1.54e-08/1.54e-08 | Train Acc: 0.1953 | Val Acc: 0.2222 | Val P/R/F1 (Macro): 0.0827/0.2889/0.1233 | LR: 0.000001
Epoch [34/100] | SVD update #34: pairs=128, sweeps=10, converged=True, rel_change=7.756e-04, effective_ranks=(127, 34), class_paired=True
Epoch [34/100] | Loss: 8.4663 (Cls: 8.4573, TAL: -0.0194, Adv: 0.1416, OT-Reg: 0.001144) | OT inner objective: 0.0048 | Marginal residual row/col/max: 7.72e-05/1.72e-08/7.72e-05 | Train Acc: 0.0859 | Val Acc: 0.0833 | Val P/R/F1 (Macro): 0.0568/0.1556/0.0667 | LR: 0.000001
Epoch [35/100] | SVD update #35: pairs=128, sweeps=10, converged=False, rel_change=2.746e-03, effective_ranks=(127, 39), class_paired=True
Epoch [35/100] | Loss: 7.9240 (Cls: 7.9541, TAL: -0.3632, Adv: 0.1696, OT-Reg: 0.001010) | OT inner objective: -0.0010 | Marginal residual row/col/max: 5.24e-07/3.96e-08/5.33e-07 | Train Acc: 0.1250 | Val Acc: 0.1389 | Val P/R/F1 (Macro): 0.0565/0.2056/0.0815 | LR: 0.000001
Epoch [36/100] | SVD update #36: pairs=128, sweeps=8, converged=True, rel_change=5.207e-04, effective_ranks=(127, 36), class_paired=True
Epoch [36/100] | Loss: 8.0304 (Cls: 8.0422, TAL: -0.2017, Adv: 0.1546, OT-Reg: 0.001064) | OT inner objective: 0.0331 | Marginal residual row/col/max: 6.93e-05/2.00e-08/6.93e-05 | Train Acc: 0.1094 | Val Acc: 0.1111 | Val P/R/F1 (Macro): 0.0722/0.1833/0.0877 | LR: 0.000001
Epoch [37/100] | SVD update #37: pairs=128, sweeps=7, converged=True, rel_change=4.201e-04, effective_ranks=(127, 29), class_paired=True
Epoch [37/100] | Loss: 7.4513 (Cls: 7.4746, TAL: -0.2688, Adv: 0.1119, OT-Reg: 0.001131) | OT inner objective: -0.0297 | Marginal residual row/col/max: 1.68e-07/9.78e-09/1.68e-07 | Train Acc: 0.1562 | Val Acc: 0.0833 | Val P/R/F1 (Macro): 0.0714/0.1667/0.0817 | LR: 0.000001
Epoch [38/100] | SVD update #38: pairs=128, sweeps=7, converged=True, rel_change=7.027e-04, effective_ranks=(127, 27), class_paired=True
Epoch [38/100] | Loss: 7.2191 (Cls: 7.2317, TAL: -0.1896, Adv: 0.1266, OT-Reg: 0.001128) | OT inner objective: -0.0783 | Marginal residual row/col/max: 7.62e-07/1.16e-08/7.62e-07 | Train Acc: 0.2500 | Val Acc: 0.1389 | Val P/R/F1 (Macro): 0.0946/0.1963/0.1038 | LR: 0.000001
Epoch [39/100] | SVD update #39: pairs=128, sweeps=4, converged=True, rel_change=9.329e-04, effective_ranks=(126, 24), class_paired=True
Epoch [39/100] | Loss: 7.1787 (Cls: 7.1952, TAL: -0.2344, Adv: 0.1454, OT-Reg: 0.001146) | OT inner objective: 0.0172 | Marginal residual row/col/max: 4.75e-06/1.30e-08/4.75e-06 | Train Acc: 0.2344 | Val Acc: 0.2222 | Val P/R/F1 (Macro): 0.1772/0.2056/0.1847 | LR: 0.000001
Epoch [40/100] | SVD update #40: pairs=128, sweeps=10, converged=False, rel_change=6.340e-03, effective_ranks=(127, 20), class_paired=True
Epoch [40/100] | Loss: 7.1882 (Cls: 7.1877, TAL: -0.1015, Adv: 0.1584, OT-Reg: 0.001101) | OT inner objective: 0.0962 | Marginal residual row/col/max: 8.99e-08/1.82e-08/9.03e-08 | Train Acc: 0.2422 | Val Acc: 0.2778 | Val P/R/F1 (Macro): 0.1458/0.2778/0.1760 | LR: 0.000001
Epoch [41/100] | SVD update #41: pairs=128, sweeps=5, converged=True, rel_change=3.857e-04, effective_ranks=(127, 18), class_paired=True
Epoch [41/100] | Loss: 6.9013 (Cls: 6.9329, TAL: -0.3269, Adv: 0.0957, OT-Reg: 0.001085) | OT inner objective: 0.1083 | Marginal residual row/col/max: 2.88e-06/2.75e-08/2.89e-06 | Train Acc: 0.2969 | Val Acc: 0.3333 | Val P/R/F1 (Macro): 0.2931/0.4657/0.3160 | LR: 0.000001
Epoch [42/100] | SVD update #42: pairs=128, sweeps=5, converged=True, rel_change=4.290e-04, effective_ranks=(127, 19), class_paired=True
Epoch [42/100] | Loss: 6.7258 (Cls: 6.7615, TAL: -0.3708, Adv: 0.1094, OT-Reg: 0.001199) | OT inner objective: 0.0218 | Marginal residual row/col/max: 1.75e-06/1.30e-08/1.75e-06 | Train Acc: 0.2734 | Val Acc: 0.3056 | Val P/R/F1 (Macro): 0.2660/0.4463/0.2805 | LR: 0.000001
Epoch [43/100] | SVD update #43: pairs=128, sweeps=6, converged=True, rel_change=4.711e-04, effective_ranks=(127, 20), class_paired=True
Epoch [43/100] | Loss: 6.7023 (Cls: 6.7310, TAL: -0.3249, Adv: 0.1288, OT-Reg: 0.001051) | OT inner objective: -0.0572 | Marginal residual row/col/max: 3.47e-05/1.72e-08/3.47e-05 | Train Acc: 0.2344 | Val Acc: 0.3333 | Val P/R/F1 (Macro): 0.2710/0.4120/0.2714 | LR: 0.000001
Epoch [44/100] | SVD update #44: pairs=128, sweeps=5, converged=True, rel_change=3.553e-04, effective_ranks=(127, 20), class_paired=True
Epoch [44/100] | Loss: 6.6805 (Cls: 6.7133, TAL: -0.3561, Adv: 0.1247, OT-Reg: 0.001116) | OT inner objective: -0.0711 | Marginal residual row/col/max: 1.03e-04/1.07e-08/1.03e-04 | Train Acc: 0.3516 | Val Acc: 0.2778 | Val P/R/F1 (Macro): 0.2996/0.3222/0.2563 | LR: 0.000001
Epoch [45/100] | SVD update #45: pairs=128, sweeps=4, converged=True, rel_change=6.278e-04, effective_ranks=(126, 19), class_paired=True
Epoch [45/100] | Loss: 6.5321 (Cls: 6.5413, TAL: -0.1486, Adv: 0.1079, OT-Reg: 0.001196) | OT inner objective: 0.1237 | Marginal residual row/col/max: 5.13e-05/1.30e-08/5.13e-05 | Train Acc: 0.2969 | Val Acc: 0.1667 | Val P/R/F1 (Macro): 0.1448/0.2963/0.1472 | LR: 0.000001
Epoch [46/100] | SVD update #46: pairs=128, sweeps=5, converged=True, rel_change=2.431e-04, effective_ranks=(127, 18), class_paired=True
Epoch [46/100] | Loss: 6.6380 (Cls: 6.6586, TAL: -0.2467, Adv: 0.1121, OT-Reg: 0.001194) | OT inner objective: -0.0009 | Marginal residual row/col/max: 8.79e-05/1.12e-08/8.79e-05 | Train Acc: 0.2266 | Val Acc: 0.2222 | Val P/R/F1 (Macro): 0.1224/0.3704/0.1720 | LR: 0.000001
Epoch [47/100] | SVD update #47: pairs=128, sweeps=5, converged=True, rel_change=6.927e-04, effective_ranks=(127, 22), class_paired=True
Epoch [47/100] | Loss: 6.6603 (Cls: 6.6972, TAL: -0.3977, Adv: 0.1351, OT-Reg: 0.001036) | OT inner objective: 0.0292 | Marginal residual row/col/max: 1.48e-04/2.00e-08/1.48e-04 | Train Acc: 0.2422 | Val Acc: 0.1389 | Val P/R/F1 (Macro): 0.1370/0.1880/0.1146 | LR: 0.000001
Epoch [48/100] | SVD update #48: pairs=128, sweeps=4, converged=True, rel_change=5.201e-04, effective_ranks=(127, 20), class_paired=True
Epoch [48/100] | Loss: 6.7596 (Cls: 6.7950, TAL: -0.3784, Adv: 0.1249, OT-Reg: 0.001125) | OT inner objective: -0.1673 | Marginal residual row/col/max: 1.82e-05/1.07e-08/1.82e-05 | Train Acc: 0.2266 | Val Acc: 0.1944 | Val P/R/F1 (Macro): 0.1492/0.2250/0.1352 | LR: 0.000001
Epoch [49/100] | SVD update #49: pairs=128, sweeps=4, converged=True, rel_change=4.375e-04, effective_ranks=(127, 21), class_paired=True
Epoch [49/100] | Loss: 6.6440 (Cls: 6.6738, TAL: -0.3234, Adv: 0.1135, OT-Reg: 0.001118) | OT inner objective: -0.0453 | Marginal residual row/col/max: 1.47e-04/1.96e-08/1.47e-04 | Train Acc: 0.2812 | Val Acc: 0.1944 | Val P/R/F1 (Macro): 0.1566/0.2593/0.1634 | LR: 0.000001
Epoch [50/100] | SVD update #50: pairs=128, sweeps=5, converged=True, rel_change=8.197e-04, effective_ranks=(127, 20), class_paired=True
Epoch [50/100] | Loss: 6.6001 (Cls: 6.6302, TAL: -0.3110, Adv: 0.0894, OT-Reg: 0.001156) | OT inner objective: -0.1075 | Marginal residual row/col/max: 2.80e-06/1.07e-08/2.80e-06 | Train Acc: 0.2656 | Val Acc: 0.2222 | Val P/R/F1 (Macro): 0.1378/0.2778/0.1651 | LR: 0.000001
Epoch [51/100] | SVD update #51: pairs=128, sweeps=8, converged=True, rel_change=4.906e-04, effective_ranks=(127, 20), class_paired=True
Epoch [51/100] | Loss: 6.5376 (Cls: 6.5597, TAL: -0.2515, Adv: 0.1010, OT-Reg: 0.001086) | OT inner objective: -0.0734 | Marginal residual row/col/max: 1.65e-05/1.54e-08/1.65e-05 | Train Acc: 0.2031 | Val Acc: 0.3333 | Val P/R/F1 (Macro): 0.2120/0.2639/0.2274 | LR: 0.000001
Epoch [52/100] | SVD update #52: pairs=128, sweeps=10, converged=False, rel_change=1.829e-03, effective_ranks=(127, 25), class_paired=True
Epoch [52/100] | Loss: 7.3973 (Cls: 7.3921, TAL: -0.0216, Adv: 0.0979, OT-Reg: 0.001061) | OT inner objective: -0.0869 | Marginal residual row/col/max: 1.27e-04/9.31e-09/1.27e-04 | Train Acc: 0.1953 | Val Acc: 0.2778 | Val P/R/F1 (Macro): 0.2474/0.3426/0.2173 | LR: 0.000001
Epoch [53/100] | SVD update #53: pairs=128, sweeps=5, converged=True, rel_change=3.833e-04, effective_ranks=(127, 21), class_paired=True
Epoch [53/100] | Loss: 7.6245 (Cls: 7.6708, TAL: -0.4527, Adv: 0.1008, OT-Reg: 0.001038) | OT inner objective: -0.2116 | Marginal residual row/col/max: 1.91e-04/1.35e-08/1.91e-04 | Train Acc: 0.1562 | Val Acc: 0.1111 | Val P/R/F1 (Macro): 0.0787/0.1204/0.0926 | LR: 0.000001
Epoch [54/100] | SVD update #54: pairs=128, sweeps=5, converged=True, rel_change=4.374e-04, effective_ranks=(127, 19), class_paired=True
Epoch [54/100] | Loss: 7.6234 (Cls: 7.6528, TAL: -0.3190, Adv: 0.1109, OT-Reg: 0.001058) | OT inner objective: -0.0714 | Marginal residual row/col/max: 7.18e-04/1.86e-08/7.18e-04 | Train Acc: 0.1328 | Val Acc: 0.0833 | Val P/R/F1 (Macro): 0.0370/0.0833/0.0513 | LR: 0.000001
Epoch [55/100] | SVD update #55: pairs=128, sweeps=4, converged=True, rel_change=1.478e-04, effective_ranks=(127, 19), class_paired=True
Epoch [55/100] | Loss: 7.3359 (Cls: 7.3753, TAL: -0.3897, Adv: 0.0916, OT-Reg: 0.001104) | OT inner objective: -0.1319 | Marginal residual row/col/max: 3.93e-05/1.21e-08/3.93e-05 | Train Acc: 0.1953 | Val Acc: 0.0833 | Val P/R/F1 (Macro): 0.0185/0.0833/0.0303 | LR: 0.000001
Epoch [56/100] | SVD update #56: pairs=128, sweeps=4, converged=True, rel_change=2.886e-04, effective_ranks=(127, 19), class_paired=True
Epoch [56/100] | Loss: 7.3731 (Cls: 7.4251, TAL: -0.4892, Adv: 0.0837, OT-Reg: 0.001138) | OT inner objective: -0.1538 | Marginal residual row/col/max: 2.38e-04/1.12e-08/2.38e-04 | Train Acc: 0.1250 | Val Acc: 0.1111 | Val P/R/F1 (Macro): 0.0492/0.0852/0.0615 | LR: 0.000001
Epoch [57/100] | SVD update #57: pairs=128, sweeps=4, converged=True, rel_change=2.244e-04, effective_ranks=(127, 19), class_paired=True
Epoch [57/100] | Loss: 7.2645 (Cls: 7.3019, TAL: -0.3775, Adv: 0.0990, OT-Reg: 0.001075) | OT inner objective: -0.1406 | Marginal residual row/col/max: 4.50e-04/1.12e-08/4.50e-04 | Train Acc: 0.1641 | Val Acc: 0.1389 | Val P/R/F1 (Macro): 0.0847/0.1222/0.1000 | LR: 0.000001
Epoch [58/100] | SVD update #58: pairs=128, sweeps=4, converged=True, rel_change=2.479e-04, effective_ranks=(127, 18), class_paired=True
Epoch [58/100] | Loss: 7.0164 (Cls: 7.0671, TAL: -0.4836, Adv: 0.0916, OT-Reg: 0.001129) | OT inner objective: -0.1420 | Marginal residual row/col/max: 1.04e-04/1.77e-08/1.04e-04 | Train Acc: 0.1953 | Val Acc: 0.1667 | Val P/R/F1 (Macro): 0.1531/0.3333/0.1812 | LR: 0.000001
Epoch [59/100] | SVD update #59: pairs=128, sweeps=6, converged=True, rel_change=4.870e-04, effective_ranks=(127, 16), class_paired=True
Epoch [59/100] | Loss: 7.1989 (Cls: 7.2272, TAL: -0.2929, Adv: 0.0866, OT-Reg: 0.001033) | OT inner objective: -0.0388 | Marginal residual row/col/max: 8.62e-06/2.89e-08/8.62e-06 | Train Acc: 0.2266 | Val Acc: 0.1667 | Val P/R/F1 (Macro): 0.1455/0.3333/0.1706 | LR: 0.000001
Epoch [60/100] | SVD update #60: pairs=128, sweeps=4, converged=True, rel_change=1.510e-04, effective_ranks=(127, 18), class_paired=True
Epoch [60/100] | Loss: 7.0221 (Cls: 7.0770, TAL: -0.5226, Adv: 0.0968, OT-Reg: 0.001075) | OT inner objective: -0.2479 | Marginal residual row/col/max: 1.08e-04/1.16e-08/1.08e-04 | Train Acc: 0.1484 | Val Acc: 0.1944 | Val P/R/F1 (Macro): 0.2206/0.3463/0.2312 | LR: 0.000001
Epoch [61/100] | SVD update #61: pairs=128, sweeps=4, converged=True, rel_change=8.984e-04, effective_ranks=(126, 17), class_paired=True
Epoch [61/100] | Loss: 6.6785 (Cls: 6.7119, TAL: -0.3388, Adv: 0.0900, OT-Reg: 0.001045) | OT inner objective: -0.1590 | Marginal residual row/col/max: 8.59e-05/1.16e-08/8.59e-05 | Train Acc: 0.1797 | Val Acc: 0.2222 | Val P/R/F1 (Macro): 0.2240/0.3000/0.1833 | LR: 0.000001
Epoch [62/100] | SVD update #62: pairs=128, sweeps=10, converged=False, rel_change=1.233e-03, effective_ranks=(127, 15), class_paired=True
Epoch [62/100] | Loss: 6.6872 (Cls: 6.7155, TAL: -0.2889, Adv: 0.0791, OT-Reg: 0.001033) | OT inner objective: -0.1144 | Marginal residual row/col/max: 2.51e-04/1.72e-08/2.51e-04 | Train Acc: 0.1250 | Val Acc: 0.1944 | Val P/R/F1 (Macro): 0.0722/0.1833/0.1030 | LR: 0.000001
Epoch [63/100] | SVD update #63: pairs=128, sweeps=4, converged=True, rel_change=8.601e-04, effective_ranks=(127, 15), class_paired=True
Epoch [63/100] | Loss: 6.4959 (Cls: 6.5400, TAL: -0.4179, Adv: 0.0753, OT-Reg: 0.001055) | OT inner objective: -0.2715 | Marginal residual row/col/max: 2.00e-04/1.07e-08/2.00e-04 | Train Acc: 0.2422 | Val Acc: 0.0833 | Val P/R/F1 (Macro): 0.0603/0.2407/0.0850 | LR: 0.000001
Epoch [64/100] | SVD update #64: pairs=128, sweeps=7, converged=True, rel_change=2.432e-04, effective_ranks=(127, 14), class_paired=True
Epoch [64/100] | Loss: 6.5604 (Cls: 6.5833, TAL: -0.2560, Adv: 0.0979, OT-Reg: 0.001124) | OT inner objective: -0.1604 | Marginal residual row/col/max: 1.32e-04/1.07e-08/1.32e-04 | Train Acc: 0.2031 | Val Acc: 0.1667 | Val P/R/F1 (Macro): 0.1035/0.2407/0.1231 | LR: 0.000001
Epoch [65/100] | SVD update #65: pairs=128, sweeps=5, converged=True, rel_change=4.248e-04, effective_ranks=(127, 14), class_paired=True
Epoch [65/100] | Loss: 6.5895 (Cls: 6.6169, TAL: -0.2881, Adv: 0.0897, OT-Reg: 0.001060) | OT inner objective: -0.1243 | Marginal residual row/col/max: 2.49e-04/1.26e-08/2.49e-04 | Train Acc: 0.2031 | Val Acc: 0.2222 | Val P/R/F1 (Macro): 0.2056/0.2907/0.2184 | LR: 0.000001
Epoch [66/100] | SVD update #66: pairs=128, sweeps=9, converged=True, rel_change=9.789e-04, effective_ranks=(127, 14), class_paired=True
Epoch [66/100] | Loss: 6.8480 (Cls: 6.8666, TAL: -0.2156, Adv: 0.0907, OT-Reg: 0.001172) | OT inner objective: 0.0345 | Marginal residual row/col/max: 1.77e-04/1.30e-08/1.77e-04 | Train Acc: 0.1797 | Val Acc: 0.1667 | Val P/R/F1 (Macro): 0.1529/0.3222/0.1821 | LR: 0.000001
Epoch [67/100] | SVD update #67: pairs=128, sweeps=5, converged=True, rel_change=1.859e-04, effective_ranks=(127, 15), class_paired=True
Epoch [67/100] | Loss: 6.5232 (Cls: 6.5356, TAL: -0.1567, Adv: 0.0805, OT-Reg: 0.001126) | OT inner objective: -0.0209 | Marginal residual row/col/max: 7.67e-06/1.21e-08/7.67e-06 | Train Acc: 0.2188 | Val Acc: 0.1389 | Val P/R/F1 (Macro): 0.0978/0.2111/0.1129 | LR: 0.000001
Epoch [68/100] | SVD update #68: pairs=128, sweeps=4, converged=True, rel_change=8.432e-04, effective_ranks=(127, 15), class_paired=True
Epoch [68/100] | Loss: 6.4921 (Cls: 6.5032, TAL: -0.1409, Adv: 0.0719, OT-Reg: 0.001020) | OT inner objective: -0.0854 | Marginal residual row/col/max: 1.50e-04/1.54e-08/1.50e-04 | Train Acc: 0.1875 | Val Acc: 0.1111 | Val P/R/F1 (Macro): 0.0994/0.2778/0.1375 | LR: 0.000001
Epoch [69/100] | SVD update #69: pairs=128, sweeps=5, converged=True, rel_change=6.117e-04, effective_ranks=(127, 15), class_paired=True
Epoch [69/100] | Loss: 6.6224 (Cls: 6.6601, TAL: -0.3780, Adv: 0.0960, OT-Reg: 0.001000) | OT inner objective: 0.0189 | Marginal residual row/col/max: 2.80e-04/1.49e-08/2.80e-04 | Train Acc: 0.2500 | Val Acc: 0.1944 | Val P/R/F1 (Macro): 0.1289/0.2537/0.1552 | LR: 0.000001
Epoch [70/100] | SVD update #70: pairs=128, sweeps=4, converged=True, rel_change=4.104e-04, effective_ranks=(127, 14), class_paired=True
Epoch [70/100] | Loss: 6.6857 (Cls: 6.7213, TAL: -0.3603, Adv: 0.0959, OT-Reg: 0.000979) | OT inner objective: -0.1571 | Marginal residual row/col/max: 1.58e-04/1.12e-08/1.58e-04 | Train Acc: 0.2188 | Val Acc: 0.2222 | Val P/R/F1 (Macro): 0.1044/0.2889/0.1475 | LR: 0.000001
Epoch [71/100] | SVD update #71: pairs=128, sweeps=4, converged=True, rel_change=2.703e-04, effective_ranks=(127, 15), class_paired=True
Epoch [71/100] | Loss: 6.5220 (Cls: 6.5680, TAL: -0.4485, Adv: 0.0971, OT-Reg: 0.000902) | OT inner objective: -0.1489 | Marginal residual row/col/max: 2.76e-04/1.44e-08/2.76e-04 | Train Acc: 0.2422 | Val Acc: 0.2778 | Val P/R/F1 (Macro): 0.2778/0.3500/0.2818 | LR: 0.000001
Epoch [72/100] | SVD update #72: pairs=128, sweeps=7, converged=True, rel_change=8.176e-04, effective_ranks=(126, 14), class_paired=True
Epoch [72/100] | Loss: 6.6352 (Cls: 6.6491, TAL: -0.1846, Adv: 0.1031, OT-Reg: 0.001171) | OT inner objective: -0.0280 | Marginal residual row/col/max: 1.04e-05/2.10e-08/1.04e-05 | Train Acc: 0.2656 | Val Acc: 0.1944 | Val P/R/F1 (Macro): 0.0754/0.2370/0.1063 | LR: 0.000001
Epoch [73/100] | SVD update #73: pairs=128, sweeps=7, converged=True, rel_change=8.823e-04, effective_ranks=(127, 14), class_paired=True
Epoch [73/100] | Loss: 6.5264 (Cls: 6.5508, TAL: -0.2629, Adv: 0.0897, OT-Reg: 0.000934) | OT inner objective: 0.0768 | Marginal residual row/col/max: 1.51e-06/1.44e-08/1.51e-06 | Train Acc: 0.2109 | Val Acc: 0.1667 | Val P/R/F1 (Macro): 0.1880/0.2176/0.1499 | LR: 0.000001
Epoch [74/100] | SVD update #74: pairs=128, sweeps=4, converged=True, rel_change=5.497e-05, effective_ranks=(127, 15), class_paired=True
Epoch [74/100] | Loss: 6.4353 (Cls: 6.4817, TAL: -0.4665, Adv: 0.1198, OT-Reg: 0.001020) | OT inner objective: -0.1181 | Marginal residual row/col/max: 3.14e-04/1.86e-08/3.14e-04 | Train Acc: 0.2578 | Val Acc: 0.1389 | Val P/R/F1 (Macro): 0.1011/0.2167/0.1243 | LR: 0.000001
Epoch [75/100] | SVD update #75: pairs=128, sweeps=7, converged=True, rel_change=4.604e-04, effective_ranks=(127, 14), class_paired=True
Epoch [75/100] | Loss: 6.1678 (Cls: 6.2085, TAL: -0.4096, Adv: 0.1065, OT-Reg: 0.001087) | OT inner objective: -0.0329 | Marginal residual row/col/max: 7.20e-06/1.63e-08/7.20e-06 | Train Acc: 0.2500 | Val Acc: 0.2778 | Val P/R/F1 (Macro): 0.1677/0.1991/0.1701 | LR: 0.000001
Epoch [76/100] | SVD update #76: pairs=128, sweeps=10, converged=True, rel_change=8.374e-04, effective_ranks=(127, 15), class_paired=True
Epoch [76/100] | Loss: 6.8624 (Cls: 6.8951, TAL: -0.3320, Adv: 0.0890, OT-Reg: 0.001093) | OT inner objective: -0.1157 | Marginal residual row/col/max: 3.99e-05/2.89e-08/3.99e-05 | Train Acc: 0.1797 | Val Acc: 0.0833 | Val P/R/F1 (Macro): 0.0381/0.1611/0.0585 | LR: 0.000001
Epoch [77/100] | SVD update #77: pairs=128, sweeps=5, converged=True, rel_change=2.367e-04, effective_ranks=(127, 14), class_paired=True
Epoch [77/100] | Loss: 6.2747 (Cls: 6.3103, TAL: -0.3441, Adv: 0.0711, OT-Reg: 0.001066) | OT inner objective: -0.2060 | Marginal residual row/col/max: 1.22e-05/9.31e-09/1.22e-05 | Train Acc: 0.2500 | Val Acc: 0.1944 | Val P/R/F1 (Macro): 0.1938/0.1667/0.1476 | LR: 0.000001
Epoch [78/100] | SVD update #78: pairs=128, sweeps=5, converged=True, rel_change=1.168e-04, effective_ranks=(127, 14), class_paired=True
Epoch [78/100] | Loss: 6.6045 (Cls: 6.6409, TAL: -0.3502, Adv: 0.0702, OT-Reg: 0.000970) | OT inner objective: -0.1302 | Marginal residual row/col/max: 1.99e-04/1.86e-08/1.99e-04 | Train Acc: 0.1953 | Val Acc: 0.1389 | Val P/R/F1 (Macro): 0.1176/0.3056/0.1451 | LR: 0.000001
Epoch [79/100] | SVD update #79: pairs=128, sweeps=4, converged=True, rel_change=3.949e-04, effective_ranks=(127, 16), class_paired=True
Epoch [79/100] | Loss: 6.1373 (Cls: 6.1873, TAL: -0.4664, Adv: 0.0752, OT-Reg: 0.000993) | OT inner objective: -0.1826 | Marginal residual row/col/max: 7.17e-05/1.21e-08/7.17e-05 | Train Acc: 0.2344 | Val Acc: 0.1944 | Val P/R/F1 (Macro): 0.1846/0.2500/0.1496 | LR: 0.000001
Epoch [80/100] | SVD update #80: pairs=128, sweeps=6, converged=True, rel_change=5.233e-04, effective_ranks=(127, 14), class_paired=True
Epoch [80/100] | Loss: 6.5429 (Cls: 6.5619, TAL: -0.2042, Adv: 0.0692, OT-Reg: 0.001046) | OT inner objective: -0.0582 | Marginal residual row/col/max: 2.53e-04/1.40e-08/2.53e-04 | Train Acc: 0.1797 | Val Acc: 0.1667 | Val P/R/F1 (Macro): 0.1455/0.2315/0.1500 | LR: 0.000001
Epoch [81/100] | SVD update #81: pairs=128, sweeps=5, converged=True, rel_change=7.276e-04, effective_ranks=(127, 15), class_paired=True
Epoch [81/100] | Loss: 6.2889 (Cls: 6.3254, TAL: -0.3573, Adv: 0.0793, OT-Reg: 0.001018) | OT inner objective: -0.1428 | Marginal residual row/col/max: 2.69e-04/1.35e-08/2.69e-04 | Train Acc: 0.2656 | Val Acc: 0.2222 | Val P/R/F1 (Macro): 0.1528/0.2889/0.1720 | LR: 0.000001
Epoch [82/100] | SVD update #82: pairs=128, sweeps=5, converged=True, rel_change=5.531e-04, effective_ranks=(127, 12), class_paired=True
Epoch [82/100] | Loss: 6.1723 (Cls: 6.1997, TAL: -0.2736, Adv: 0.0687, OT-Reg: 0.001016) | OT inner objective: -0.1361 | Marginal residual row/col/max: 7.44e-04/1.63e-08/7.44e-04 | Train Acc: 0.2109 | Val Acc: 0.2778 | Val P/R/F1 (Macro): 0.1531/0.3259/0.1965 | LR: 0.000001
Epoch [83/100] | SVD update #83: pairs=128, sweeps=6, converged=True, rel_change=4.474e-04, effective_ranks=(127, 15), class_paired=True
Epoch [83/100] | Loss: 6.6664 (Cls: 6.6935, TAL: -0.2799, Adv: 0.0819, OT-Reg: 0.001047) | OT inner objective: -0.1203 | Marginal residual row/col/max: 1.35e-05/1.02e-08/1.35e-05 | Train Acc: 0.1562 | Val Acc: 0.1389 | Val P/R/F1 (Macro): 0.0857/0.2167/0.1106 | LR: 0.000001
Epoch [84/100] | SVD update #84: pairs=128, sweeps=7, converged=True, rel_change=3.504e-04, effective_ranks=(127, 15), class_paired=True
Epoch [84/100] | Loss: 6.1878 (Cls: 6.2315, TAL: -0.4098, Adv: 0.0683, OT-Reg: 0.001006) | OT inner objective: -0.0196 | Marginal residual row/col/max: 4.48e-06/2.00e-08/4.48e-06 | Train Acc: 0.2500 | Val Acc: 0.1111 | Val P/R/F1 (Macro): 0.1000/0.1796/0.1092 | LR: 0.000001
Epoch [85/100] | SVD update #85: pairs=128, sweeps=5, converged=True, rel_change=1.711e-04, effective_ranks=(127, 15), class_paired=True
Epoch [85/100] | Loss: 6.4940 (Cls: 6.5018, TAL: -0.1291, Adv: 0.0959, OT-Reg: 0.000936) | OT inner objective: -0.1380 | Marginal residual row/col/max: 2.20e-04/1.91e-08/2.20e-04 | Train Acc: 0.1953 | Val Acc: 0.1667 | Val P/R/F1 (Macro): 0.1503/0.2352/0.1610 | LR: 0.000001
Epoch [86/100] | SVD update #86: pairs=128, sweeps=7, converged=True, rel_change=1.962e-04, effective_ranks=(126, 15), class_paired=True
Epoch [86/100] | Loss: 7.0968 (Cls: 7.1480, TAL: -0.4750, Adv: 0.0729, OT-Reg: 0.000968) | OT inner objective: -0.2015 | Marginal residual row/col/max: 1.53e-04/1.07e-08/1.53e-04 | Train Acc: 0.1484 | Val Acc: 0.2778 | Val P/R/F1 (Macro): 0.2283/0.4028/0.2319 | LR: 0.000001
Epoch [87/100] | SVD update #87: pairs=128, sweeps=8, converged=True, rel_change=5.743e-04, effective_ranks=(127, 15), class_paired=True
Epoch [87/100] | Loss: 6.4634 (Cls: 6.4859, TAL: -0.2355, Adv: 0.0715, OT-Reg: 0.001008) | OT inner objective: -0.1158 | Marginal residual row/col/max: 6.02e-04/1.40e-08/6.02e-04 | Train Acc: 0.1875 | Val Acc: 0.1111 | Val P/R/F1 (Macro): 0.0686/0.1111/0.0751 | LR: 0.000001
Epoch [88/100] | SVD update #88: pairs=128, sweeps=10, converged=True, rel_change=7.767e-04, effective_ranks=(127, 14), class_paired=True
Epoch [88/100] | Loss: 6.5778 (Cls: 6.6144, TAL: -0.3633, Adv: 0.0870, OT-Reg: 0.000934) | OT inner objective: -0.1853 | Marginal residual row/col/max: 1.22e-04/1.12e-08/1.22e-04 | Train Acc: 0.2109 | Val Acc: 0.2222 | Val P/R/F1 (Macro): 0.2574/0.2731/0.1929 | LR: 0.000001
Epoch [89/100] | SVD update #89: pairs=128, sweeps=5, converged=True, rel_change=2.568e-04, effective_ranks=(127, 15), class_paired=True
Epoch [89/100] | Loss: 6.1901 (Cls: 6.2353, TAL: -0.4321, Adv: 0.0833, OT-Reg: 0.001070) | OT inner objective: -0.0470 | Marginal residual row/col/max: 5.45e-04/2.42e-08/5.45e-04 | Train Acc: 0.2422 | Val Acc: 0.1667 | Val P/R/F1 (Macro): 0.1301/0.2481/0.1498 | LR: 0.000001
Epoch [90/100] | SVD update #90: pairs=128, sweeps=5, converged=True, rel_change=7.351e-04, effective_ranks=(127, 14), class_paired=True
Epoch [90/100] | Loss: 6.3126 (Cls: 6.3418, TAL: -0.2935, Adv: 0.0752, OT-Reg: 0.000859) | OT inner objective: -0.1800 | Marginal residual row/col/max: 3.12e-04/1.26e-08/3.12e-04 | Train Acc: 0.2500 | Val Acc: 0.1944 | Val P/R/F1 (Macro): 0.2037/0.2574/0.2241 | LR: 0.000001
Epoch [91/100] | SVD update #91: pairs=128, sweeps=4, converged=True, rel_change=4.884e-04, effective_ranks=(127, 15), class_paired=True
Epoch [91/100] | Loss: 6.5360 (Cls: 6.5670, TAL: -0.3401, Adv: 0.1236, OT-Reg: 0.000945) | OT inner objective: -0.0938 | Marginal residual row/col/max: 2.95e-04/1.21e-08/2.95e-04 | Train Acc: 0.1953 | Val Acc: 0.0833 | Val P/R/F1 (Macro): 0.0503/0.2444/0.0758 | LR: 0.000001
Epoch [92/100] | SVD update #92: pairs=128, sweeps=9, converged=True, rel_change=1.791e-04, effective_ranks=(127, 13), class_paired=True
Epoch [92/100] | Loss: 6.7254 (Cls: 6.7454, TAL: -0.2257, Adv: 0.0876, OT-Reg: 0.001062) | OT inner objective: -0.0387 | Marginal residual row/col/max: 5.23e-06/1.49e-08/5.23e-06 | Train Acc: 0.2266 | Val Acc: 0.1944 | Val P/R/F1 (Macro): 0.0979/0.2667/0.1347 | LR: 0.000001
Epoch [93/100] | SVD update #93: pairs=128, sweeps=7, converged=True, rel_change=6.702e-04, effective_ranks=(127, 17), class_paired=True
Epoch [93/100] | Loss: 6.8479 (Cls: 6.8582, TAL: -0.1488, Adv: 0.0953, OT-Reg: 0.001026) | OT inner objective: -0.0393 | Marginal residual row/col/max: 6.66e-06/9.31e-09/6.66e-06 | Train Acc: 0.2656 | Val Acc: 0.1111 | Val P/R/F1 (Macro): 0.0370/0.0741/0.0494 | LR: 0.000001
Epoch [94/100] | SVD update #94: pairs=128, sweeps=9, converged=True, rel_change=1.855e-04, effective_ranks=(127, 16), class_paired=True
Epoch [94/100] | Loss: 7.1684 (Cls: 7.2094, TAL: -0.4108, Adv: 0.1034, OT-Reg: 0.001057) | OT inner objective: -0.1688 | Marginal residual row/col/max: 3.94e-05/9.78e-09/3.94e-05 | Train Acc: 0.1719 | Val Acc: 0.1389 | Val P/R/F1 (Macro): 0.1492/0.3056/0.1740 | LR: 0.000001
Epoch [95/100] | SVD update #95: pairs=128, sweeps=5, converged=True, rel_change=1.355e-04, effective_ranks=(127, 14), class_paired=True
Epoch [95/100] | Loss: 7.0038 (Cls: 7.0314, TAL: -0.3006, Adv: 0.1059, OT-Reg: 0.001068) | OT inner objective: -0.1538 | Marginal residual row/col/max: 4.71e-05/9.78e-09/4.71e-05 | Train Acc: 0.1562 | Val Acc: 0.0833 | Val P/R/F1 (Macro): 0.1313/0.1556/0.1389 | LR: 0.000001
Epoch [96/100] | SVD update #96: pairs=128, sweeps=4, converged=True, rel_change=8.836e-04, effective_ranks=(126, 16), class_paired=True
Epoch [96/100] | Loss: 7.3466 (Cls: 7.3886, TAL: -0.4126, Adv: 0.0949, OT-Reg: 0.001022) | OT inner objective: -0.0919 | Marginal residual row/col/max: 3.47e-05/1.96e-08/3.47e-05 | Train Acc: 0.2109 | Val Acc: 0.1111 | Val P/R/F1 (Macro): 0.0488/0.1944/0.0762 | LR: 0.000001
Epoch [97/100] | SVD update #97: pairs=128, sweeps=4, converged=True, rel_change=2.154e-04, effective_ranks=(127, 14), class_paired=True
Epoch [97/100] | Loss: 6.8700 (Cls: 6.8991, TAL: -0.2969, Adv: 0.0819, OT-Reg: 0.001119) | OT inner objective: -0.0095 | Marginal residual row/col/max: 3.80e-05/2.79e-08/3.80e-05 | Train Acc: 0.2109 | Val Acc: 0.0556 | Val P/R/F1 (Macro): 0.0509/0.2222/0.0802 | LR: 0.000001
Epoch [98/100] | SVD update #98: pairs=128, sweeps=7, converged=True, rel_change=6.574e-04, effective_ranks=(127, 16), class_paired=True
Epoch [98/100] | Loss: 6.8530 (Cls: 6.8876, TAL: -0.3401, Adv: 0.0771, OT-Reg: 0.001033) | OT inner objective: -0.1546 | Marginal residual row/col/max: 1.97e-04/1.30e-08/1.97e-04 | Train Acc: 0.1719 | Val Acc: 0.0000 | Val P/R/F1 (Macro): 0.0000/0.0000/0.0000 | LR: 0.000001
Epoch [99/100] | SVD update #99: pairs=128, sweeps=9, converged=True, rel_change=8.956e-04, effective_ranks=(127, 16), class_paired=True
Epoch [99/100] | Loss: 7.2033 (Cls: 7.2340, TAL: -0.3114, Adv: 0.0824, OT-Reg: 0.001051) | OT inner objective: -0.1738 | Marginal residual row/col/max: 4.25e-04/2.42e-08/4.25e-04 | Train Acc: 0.1953 | Val Acc: 0.0556 | Val P/R/F1 (Macro): 0.1235/0.0417/0.0418 | LR: 0.000001
Epoch [100/100] | SVD update #100: pairs=128, sweeps=7, converged=True, rel_change=3.546e-04, effective_ranks=(127, 16), class_paired=True
Epoch [100/100] | Loss: 7.0580 (Cls: 7.0941, TAL: -0.3620, Adv: 0.0910, OT-Reg: 0.001118) | OT inner objective: -0.1781 | Marginal residual row/col/max: 1.66e-04/1.07e-08/1.66e-04 | Train Acc: 0.2109 | Val Acc: 0.1111 | Val P/R/F1 (Macro): 0.0492/0.1944/0.0754 | LR: 0.000001
Report strategy: best, window=10, reported_acc=0.4722, best_acc=0.4722, selected_epoch=9

迭代 5 报告指标:
  Accuracy: 0.4722
  Precision (Macro): 0.5294
  Recall (Macro): 0.6065
  F1 (Macro): 0.4531
  Precision (Micro): 0.4722
  Recall (Micro): 0.4722
  F1 (Micro): 0.4722
  Val class coverage: 9/14 (0.6429), samples=36

================================================================================
5次迭代统计结果
================================================================================

accuracy:
  各迭代值: ['0.7222', '0.6944', '0.5000', '0.4444', '0.4722']
  均值 (Mean): 0.5667
  标准差 (Std): 0.1173

precision_macro:
  各迭代值: ['0.6420', '0.6991', '0.4722', '0.5487', '0.5294']
  均值 (Mean): 0.5783
  标准差 (Std): 0.0814

recall_macro:
  各迭代值: ['0.6676', '0.7037', '0.5954', '0.5685', '0.6065']
  均值 (Mean): 0.6283
  标准差 (Std): 0.0497

f1_macro:
  各迭代值: ['0.6279', '0.6486', '0.4991', '0.4977', '0.4531']
  均值 (Mean): 0.5453
  标准差 (Std): 0.0780

precision_micro:
  各迭代值: ['0.7222', '0.6944', '0.5000', '0.4444', '0.4722']
  均值 (Mean): 0.5667
  标准差 (Std): 0.1173

recall_micro:
  各迭代值: ['0.7222', '0.6944', '0.5000', '0.4444', '0.4722']
  均值 (Mean): 0.5667
  标准差 (Std): 0.1173

f1_micro:
  各迭代值: ['0.7222', '0.6944', '0.5000', '0.4444', '0.4722']
  均值 (Mean): 0.5667
  标准差 (Std): 0.1173

val_class_coverage:
  各迭代值: ['0.6429', '0.6429', '0.6429', '0.6429', '0.6429']
  均值 (Mean): 0.6429
  标准差 (Std): 0.0000

val_present_classes:
  各迭代值: ['9.0000', '9.0000', '9.0000', '9.0000', '9.0000']
  均值 (Mean): 9.0000
  标准差 (Std): 0.0000

val_total_classes:
  各迭代值: ['14.0000', '14.0000', '14.0000', '14.0000', '14.0000']
  均值 (Mean): 14.0000
  标准差 (Std): 0.0000

val_samples:
  各迭代值: ['36.0000', '36.0000', '36.0000', '36.0000', '36.0000']
  均值 (Mean): 36.0000
  标准差 (Std): 0.0000

训练结束时间: 2026-09-30 17:18:31
================================================================================

[Batch 2/4] Full: Tensor+OT, target=雨天
================================================================================
模块消融实验 - with_tensor_with_ot
目标域天气: 雨天
训练开始时间: 2026-09-30 17:18:31
设备: cuda
源域: /mnt/data/lixiang/data/Data/晴天
目标域: /mnt/data/lixiang/data/Data/雨天
批次大小: 32
总轮数: 100
迭代次数: 5
使用Tensor模块: 是
使用OT模块: 是
特征融合方式: Tensor对齐
域对齐方式: 最优传输
目标标签比例/权重: 1.0/1.0
Tensor/Adv损失权重: 0.12/0.08
Tensor投影维度/更新: 16/每epoch一次; SVD统计批次=32
学习率: feature=5e-06, other=0.0002, weight_decay=0.0005
报告策略: best, 窗口: 10
================================================================================

================================================================================
迭代 1/5
随机种子: 42
================================================================================
配对采样器已初始化，共 6 个共有类别。
Training mode: full target-label supervision (class-paired batches).
Feature fusion: Tensor alignment (512+512 -> 16+16); fused_dim=32
Domain adaptation: Neural OT generator with 3-domain discriminator
Loss weights: tensor=0.12, adv=0.08
Transport: mode=sinkhorn, epsilon=0.1, Sinkhorn iterations=50, correction scale=0.1, correction regularization weight=0.001
Tensor projection update: once per epoch from the complete target-training pairing bank; projection_dim=16, max_sweeps=10, relative singular-value tolerance=0.001
Epoch [1/100] | SVD update #1: pairs=96, sweeps=7, converged=True, rel_change=8.549e-04, effective_ranks=(95, 90), class_paired=True
Epoch [1/100] | Loss: 7.2965 (Cls: 7.2906, TAL: -0.1402, Adv: 0.2842, OT-Reg: 0.001505) | OT inner objective: 0.2968 | Marginal residual row/col/max: 1.86e-08/3.85e-08/3.85e-08 | Train Acc: 0.2083 | Val Acc: 0.3077 | Val P/R/F1 (Macro): 0.2105/0.2667/0.1944 | LR: 0.000005
  >>> New Best Val Acc: 0.3077
Epoch [2/100] | SVD update #2: pairs=96, sweeps=10, converged=False, rel_change=2.658e-02, effective_ranks=(95, 87), class_paired=True
Epoch [2/100] | Loss: 8.6322 (Cls: 8.6112, TAL: 0.0012, Adv: 0.2600, OT-Reg: 0.001805) | OT inner objective: 0.2575 | Marginal residual row/col/max: 9.93e-09/1.49e-08/1.49e-08 | Train Acc: 0.0938 | Val Acc: 0.1538 | Val P/R/F1 (Macro): 0.0317/0.1333/0.0513 | LR: 0.000005
Epoch [3/100] | SVD update #3: pairs=96, sweeps=3, converged=True, rel_change=4.976e-04, effective_ranks=(95, 81), class_paired=True
Epoch [3/100] | Loss: 7.0956 (Cls: 7.0925, TAL: -0.1129, Adv: 0.2078, OT-Reg: 0.001677) | OT inner objective: 0.2819 | Marginal residual row/col/max: 1.12e-08/3.35e-08/3.35e-08 | Train Acc: 0.1667 | Val Acc: 0.1154 | Val P/R/F1 (Macro): 0.1812/0.2000/0.0822 | LR: 0.000005
Epoch [4/100] | SVD update #4: pairs=96, sweeps=5, converged=True, rel_change=7.651e-04, effective_ranks=(95, 82), class_paired=True
Epoch [4/100] | Loss: 7.1041 (Cls: 7.0805, TAL: 0.0168, Adv: 0.2701, OT-Reg: 0.001585) | OT inner objective: 0.2543 | Marginal residual row/col/max: 1.24e-08/1.61e-08/1.61e-08 | Train Acc: 0.1146 | Val Acc: 0.1923 | Val P/R/F1 (Macro): 0.0931/0.1917/0.1222 | LR: 0.000005
Epoch [5/100] | SVD update #5: pairs=96, sweeps=6, converged=True, rel_change=3.370e-04, effective_ranks=(95, 65), class_paired=True
Epoch [5/100] | Loss: 6.7098 (Cls: 6.6823, TAL: 0.0230, Adv: 0.3088, OT-Reg: 0.001647) | OT inner objective: 0.1913 | Marginal residual row/col/max: 1.37e-08/1.92e-08/2.05e-08 | Train Acc: 0.2500 | Val Acc: 0.0769 | Val P/R/F1 (Macro): 0.0145/0.0667/0.0238 | LR: 0.000005
Epoch [6/100] | SVD update #6: pairs=96, sweeps=10, converged=False, rel_change=8.710e-03, effective_ranks=(95, 69), class_paired=True
Epoch [6/100] | Loss: 7.2747 (Cls: 7.2523, TAL: -0.0328, Adv: 0.3295, OT-Reg: 0.001686) | OT inner objective: 0.0715 | Marginal residual row/col/max: 3.35e-08/1.49e-08/3.73e-08 | Train Acc: 0.2917 | Val Acc: 0.2692 | Val P/R/F1 (Macro): 0.4028/0.3083/0.3179 | LR: 0.000005
Epoch [7/100] | SVD update #7: pairs=96, sweeps=10, converged=False, rel_change=7.101e-02, effective_ranks=(95, 40), class_paired=True
Epoch [7/100] | Loss: 7.7549 (Cls: 7.7415, TAL: -0.1051, Adv: 0.3257, OT-Reg: 0.001542) | OT inner objective: 0.1875 | Marginal residual row/col/max: 1.99e-08/3.29e-08/3.29e-08 | Train Acc: 0.0833 | Val Acc: 0.1538 | Val P/R/F1 (Macro): 0.0690/0.1833/0.1003 | LR: 0.000005
Epoch [8/100] | SVD update #8: pairs=96, sweeps=7, converged=True, rel_change=2.306e-04, effective_ranks=(95, 37), class_paired=True
Epoch [8/100] | Loss: 7.2352 (Cls: 7.2230, TAL: -0.0660, Adv: 0.2512, OT-Reg: 0.001621) | OT inner objective: 0.2551 | Marginal residual row/col/max: 1.24e-08/2.92e-08/2.92e-08 | Train Acc: 0.0938 | Val Acc: 0.1154 | Val P/R/F1 (Macro): 0.0833/0.1000/0.0909 | LR: 0.000005
Epoch [9/100] | SVD update #9: pairs=96, sweeps=9, converged=True, rel_change=7.358e-04, effective_ranks=(95, 39), class_paired=True
Epoch [9/100] | Loss: 6.8773 (Cls: 6.8748, TAL: -0.2233, Adv: 0.3653, OT-Reg: 0.001641) | OT inner objective: 0.2122 | Marginal residual row/col/max: 1.61e-08/2.61e-08/2.61e-08 | Train Acc: 0.1562 | Val Acc: 0.3077 | Val P/R/F1 (Macro): 0.1303/0.1917/0.1528 | LR: 0.000005
Epoch [10/100] | SVD update #10: pairs=96, sweeps=10, converged=False, rel_change=2.436e-01, effective_ranks=(95, 36), class_paired=True
Epoch [10/100] | Loss: 7.0742 (Cls: 7.0822, TAL: -0.2454, Adv: 0.2679, OT-Reg: 0.001385) | OT inner objective: 0.1970 | Marginal residual row/col/max: 2.11e-08/3.85e-08/3.85e-08 | Train Acc: 0.1875 | Val Acc: 0.3462 | Val P/R/F1 (Macro): 0.1815/0.2875/0.2171 | LR: 0.000005
  >>> New Best Val Acc: 0.3462
Epoch [11/100] | SVD update #11: pairs=96, sweeps=6, converged=True, rel_change=3.790e-04, effective_ranks=(95, 36), class_paired=True
Epoch [11/100] | Loss: 7.2499 (Cls: 7.2515, TAL: -0.1416, Adv: 0.1919, OT-Reg: 0.001615) | OT inner objective: 0.2208 | Marginal residual row/col/max: 1.06e-08/2.11e-08/2.11e-08 | Train Acc: 0.1771 | Val Acc: 0.0769 | Val P/R/F1 (Macro): 0.0426/0.1667/0.0643 | LR: 0.000005
Epoch [12/100] | SVD update #12: pairs=96, sweeps=8, converged=True, rel_change=3.001e-04, effective_ranks=(95, 30), class_paired=True
Epoch [12/100] | Loss: 7.0011 (Cls: 6.9811, TAL: 0.0181, Adv: 0.2227, OT-Reg: 0.001471) | OT inner objective: 0.1213 | Marginal residual row/col/max: 3.22e-07/1.43e-08/3.22e-07 | Train Acc: 0.1250 | Val Acc: 0.1923 | Val P/R/F1 (Macro): 0.3034/0.2750/0.2648 | LR: 0.000005
Epoch [13/100] | SVD update #13: pairs=96, sweeps=10, converged=False, rel_change=6.821e-01, effective_ranks=(95, 30), class_paired=True
Epoch [13/100] | Loss: 7.0041 (Cls: 6.9644, TAL: 0.2070, Adv: 0.1865, OT-Reg: 0.001522) | OT inner objective: 0.2615 | Marginal residual row/col/max: 1.37e-08/3.79e-08/3.79e-08 | Train Acc: 0.1562 | Val Acc: 0.1923 | Val P/R/F1 (Macro): 0.1042/0.2292/0.1365 | LR: 0.000005
Epoch [14/100] | SVD update #14: pairs=96, sweeps=10, converged=False, rel_change=4.151e-02, effective_ranks=(95, 33), class_paired=True
Epoch [14/100] | Loss: 7.0537 (Cls: 7.0364, TAL: -0.0353, Adv: 0.2690, OT-Reg: 0.001422) | OT inner objective: 0.3093 | Marginal residual row/col/max: 1.99e-08/4.10e-08/4.10e-08 | Train Acc: 0.1458 | Val Acc: 0.1538 | Val P/R/F1 (Macro): 0.1405/0.1917/0.1581 | LR: 0.000005
Epoch [15/100] | SVD update #15: pairs=96, sweeps=10, converged=False, rel_change=6.520e-01, effective_ranks=(95, 40), class_paired=True
Epoch [15/100] | Loss: 7.3970 (Cls: 7.4005, TAL: -0.2085, Adv: 0.2690, OT-Reg: 0.001418) | OT inner objective: -0.0594 | Marginal residual row/col/max: 2.07e-04/2.73e-08/2.07e-04 | Train Acc: 0.1146 | Val Acc: 0.3462 | Val P/R/F1 (Macro): 0.4278/0.4125/0.3444 | LR: 0.000005
Epoch [16/100] | SVD update #16: pairs=96, sweeps=10, converged=False, rel_change=3.792e-02, effective_ranks=(95, 27), class_paired=True
Epoch [16/100] | Loss: 6.8936 (Cls: 6.8882, TAL: -0.0942, Adv: 0.2081, OT-Reg: 0.001224) | OT inner objective: 0.2979 | Marginal residual row/col/max: 1.37e-08/4.16e-08/4.16e-08 | Train Acc: 0.1562 | Val Acc: 0.3462 | Val P/R/F1 (Macro): 0.2407/0.2500/0.2137 | LR: 0.000005
Epoch [17/100] | SVD update #17: pairs=96, sweeps=10, converged=False, rel_change=2.429e-01, effective_ranks=(95, 31), class_paired=True
Epoch [17/100] | Loss: 7.2684 (Cls: 7.2448, TAL: 0.0512, Adv: 0.2181, OT-Reg: 0.001487) | OT inner objective: 0.1576 | Marginal residual row/col/max: 1.73e-04/1.49e-08/1.73e-04 | Train Acc: 0.3021 | Val Acc: 0.1923 | Val P/R/F1 (Macro): 0.0863/0.2667/0.1186 | LR: 0.000005
Epoch [18/100] | SVD update #18: pairs=96, sweeps=10, converged=False, rel_change=6.613e-03, effective_ranks=(95, 27), class_paired=True
Epoch [18/100] | Loss: 7.0927 (Cls: 7.0881, TAL: -0.0899, Adv: 0.1933, OT-Reg: 0.001665) | OT inner objective: 0.1521 | Marginal residual row/col/max: 1.14e-05/1.99e-08/1.14e-05 | Train Acc: 0.1042 | Val Acc: 0.1154 | Val P/R/F1 (Macro): 0.0227/0.1250/0.0385 | LR: 0.000005
Epoch [19/100] | SVD update #19: pairs=96, sweeps=10, converged=False, rel_change=1.892e-01, effective_ranks=(95, 24), class_paired=True
Epoch [19/100] | Loss: 6.9583 (Cls: 6.9392, TAL: 0.0341, Adv: 0.1871, OT-Reg: 0.001333) | OT inner objective: -0.0520 | Marginal residual row/col/max: 3.68e-04/2.79e-08/3.68e-04 | Train Acc: 0.1562 | Val Acc: 0.0769 | Val P/R/F1 (Macro): 0.0667/0.0667/0.0667 | LR: 0.000005
Epoch [20/100] | SVD update #20: pairs=96, sweeps=10, converged=False, rel_change=3.025e-03, effective_ranks=(95, 19), class_paired=True
Epoch [20/100] | Loss: 6.8917 (Cls: 6.8741, TAL: 0.0018, Adv: 0.2180, OT-Reg: 0.001146) | OT inner objective: 0.1968 | Marginal residual row/col/max: 1.66e-04/2.61e-08/1.66e-04 | Train Acc: 0.1979 | Val Acc: 0.0769 | Val P/R/F1 (Macro): 0.0833/0.0667/0.0741 | LR: 0.000005
Epoch [21/100] | SVD update #21: pairs=96, sweeps=10, converged=False, rel_change=1.711e-02, effective_ranks=(95, 23), class_paired=True
Epoch [21/100] | Loss: 6.8811 (Cls: 6.8807, TAL: -0.1341, Adv: 0.2055, OT-Reg: 0.001602) | OT inner objective: 0.1733 | Marginal residual row/col/max: 1.55e-08/2.30e-08/2.42e-08 | Train Acc: 0.1146 | Val Acc: 0.3462 | Val P/R/F1 (Macro): 0.1035/0.2500/0.1464 | LR: 0.000003
Epoch [22/100] | SVD update #22: pairs=96, sweeps=10, converged=False, rel_change=3.572e-02, effective_ranks=(95, 20), class_paired=True
Epoch [22/100] | Loss: 6.5739 (Cls: 6.5504, TAL: 0.0805, Adv: 0.1724, OT-Reg: 0.001615) | OT inner objective: 0.0908 | Marginal residual row/col/max: 8.49e-07/1.37e-08/8.52e-07 | Train Acc: 0.2812 | Val Acc: 0.3077 | Val P/R/F1 (Macro): 0.0833/0.1667/0.1111 | LR: 0.000003
Epoch [23/100] | SVD update #23: pairs=96, sweeps=10, converged=False, rel_change=3.355e-02, effective_ranks=(95, 22), class_paired=True
Epoch [23/100] | Loss: 6.6778 (Cls: 6.6797, TAL: -0.1557, Adv: 0.2096, OT-Reg: 0.001594) | OT inner objective: 0.1770 | Marginal residual row/col/max: 9.93e-09/2.67e-08/2.67e-08 | Train Acc: 0.1562 | Val Acc: 0.1538 | Val P/R/F1 (Macro): 0.0303/0.1667/0.0513 | LR: 0.000003
Epoch [24/100] | SVD update #24: pairs=96, sweeps=10, converged=False, rel_change=6.459e-01, effective_ranks=(95, 20), class_paired=True
Epoch [24/100] | Loss: 6.3627 (Cls: 6.3109, TAL: 0.2863, Adv: 0.2171, OT-Reg: 0.001700) | OT inner objective: 0.2208 | Marginal residual row/col/max: 9.93e-09/1.06e-08/1.12e-08 | Train Acc: 0.1771 | Val Acc: 0.3077 | Val P/R/F1 (Macro): 0.6970/0.3375/0.3105 | LR: 0.000003
Epoch [25/100] | SVD update #25: pairs=96, sweeps=10, converged=False, rel_change=3.141e-01, effective_ranks=(94, 25), class_paired=True
Epoch [25/100] | Loss: 6.9006 (Cls: 6.8695, TAL: 0.1281, Adv: 0.1958, OT-Reg: 0.001620) | OT inner objective: 0.1961 | Marginal residual row/col/max: 1.18e-08/1.49e-08/1.49e-08 | Train Acc: 0.1771 | Val Acc: 0.1538 | Val P/R/F1 (Macro): 0.0625/0.1500/0.0873 | LR: 0.000003
Epoch [26/100] | SVD update #26: pairs=96, sweeps=10, converged=False, rel_change=4.126e-01, effective_ranks=(95, 27), class_paired=True
Epoch [26/100] | Loss: 6.6067 (Cls: 6.6011, TAL: -0.0559, Adv: 0.1544, OT-Reg: 0.001633) | OT inner objective: 0.1395 | Marginal residual row/col/max: 5.38e-06/2.24e-08/5.39e-06 | Train Acc: 0.1354 | Val Acc: 0.0385 | Val P/R/F1 (Macro): 0.0139/0.0333/0.0196 | LR: 0.000003
Epoch [27/100] | SVD update #27: pairs=96, sweeps=10, converged=False, rel_change=7.064e-03, effective_ranks=(95, 21), class_paired=True
Epoch [27/100] | Loss: 6.5935 (Cls: 6.5781, TAL: -0.0108, Adv: 0.2089, OT-Reg: 0.001641) | OT inner objective: 0.1919 | Marginal residual row/col/max: 3.66e-08/2.24e-08/4.35e-08 | Train Acc: 0.1458 | Val Acc: 0.0385 | Val P/R/F1 (Macro): 0.0119/0.0417/0.0185 | LR: 0.000003
Epoch [28/100] | SVD update #28: pairs=96, sweeps=9, converged=True, rel_change=7.580e-04, effective_ranks=(95, 23), class_paired=True
Epoch [28/100] | Loss: 6.3469 (Cls: 6.3385, TAL: -0.0616, Adv: 0.1972, OT-Reg: 0.001488) | OT inner objective: -0.0040 | Marginal residual row/col/max: 4.07e-06/1.99e-08/4.07e-06 | Train Acc: 0.1458 | Val Acc: 0.1154 | Val P/R/F1 (Macro): 0.0972/0.2500/0.1389 | LR: 0.000003
Epoch [29/100] | SVD update #29: pairs=96, sweeps=10, converged=False, rel_change=1.140e-01, effective_ranks=(95, 22), class_paired=True
Epoch [29/100] | Loss: 7.0180 (Cls: 7.0152, TAL: -0.1176, Adv: 0.2116, OT-Reg: 0.001243) | OT inner objective: -0.0304 | Marginal residual row/col/max: 6.71e-05/3.41e-08/6.71e-05 | Train Acc: 0.2188 | Val Acc: 0.3462 | Val P/R/F1 (Macro): 0.2746/0.2875/0.2500 | LR: 0.000003
Epoch [30/100] | SVD update #30: pairs=96, sweeps=10, converged=False, rel_change=3.408e-02, effective_ranks=(95, 21), class_paired=True
Epoch [30/100] | Loss: 6.7113 (Cls: 6.6856, TAL: 0.0658, Adv: 0.2225, OT-Reg: 0.001427) | OT inner objective: 0.2104 | Marginal residual row/col/max: 1.74e-08/2.98e-08/2.98e-08 | Train Acc: 0.1979 | Val Acc: 0.0385 | Val P/R/F1 (Macro): 0.0185/0.0208/0.0196 | LR: 0.000003
Epoch [31/100] | SVD update #31: pairs=96, sweeps=10, converged=False, rel_change=2.026e-01, effective_ranks=(95, 22), class_paired=True
Epoch [31/100] | Loss: 6.2540 (Cls: 6.2288, TAL: 0.0934, Adv: 0.1752, OT-Reg: 0.001346) | OT inner objective: 0.2028 | Marginal residual row/col/max: 1.12e-08/4.35e-08/4.35e-08 | Train Acc: 0.1354 | Val Acc: 0.1154 | Val P/R/F1 (Macro): 0.2500/0.1250/0.1667 | LR: 0.000003
Epoch [32/100] | SVD update #32: pairs=96, sweeps=10, converged=False, rel_change=2.843e-02, effective_ranks=(95, 19), class_paired=True
Epoch [32/100] | Loss: 6.5471 (Cls: 6.5410, TAL: -0.0891, Adv: 0.2096, OT-Reg: 0.001298) | OT inner objective: 0.0267 | Marginal residual row/col/max: 6.00e-06/1.18e-08/6.00e-06 | Train Acc: 0.1250 | Val Acc: 0.0769 | Val P/R/F1 (Macro): 0.0208/0.1667/0.0370 | LR: 0.000001
Epoch [33/100] | SVD update #33: pairs=96, sweeps=10, converged=False, rel_change=6.733e-03, effective_ranks=(95, 21), class_paired=True
Epoch [33/100] | Loss: 6.3083 (Cls: 6.2764, TAL: 0.1653, Adv: 0.1519, OT-Reg: 0.001453) | OT inner objective: 0.0023 | Marginal residual row/col/max: 2.60e-04/2.55e-08/2.60e-04 | Train Acc: 0.2708 | Val Acc: 0.1538 | Val P/R/F1 (Macro): 0.1230/0.2333/0.1366 | LR: 0.000001
Epoch [34/100] | SVD update #34: pairs=96, sweeps=8, converged=True, rel_change=5.640e-04, effective_ranks=(95, 19), class_paired=True
Epoch [34/100] | Loss: 6.4217 (Cls: 6.4320, TAL: -0.1999, Adv: 0.1715, OT-Reg: 0.001306) | OT inner objective: 0.0656 | Marginal residual row/col/max: 1.08e-05/1.49e-08/1.08e-05 | Train Acc: 0.1771 | Val Acc: 0.0000 | Val P/R/F1 (Macro): 0.0000/0.0000/0.0000 | LR: 0.000001
Epoch [35/100] | SVD update #35: pairs=96, sweeps=10, converged=False, rel_change=2.086e-03, effective_ranks=(95, 20), class_paired=True
Epoch [35/100] | Loss: 6.2131 (Cls: 6.2014, TAL: -0.0311, Adv: 0.1925, OT-Reg: 0.001606) | OT inner objective: 0.1133 | Marginal residual row/col/max: 2.94e-07/1.18e-08/2.94e-07 | Train Acc: 0.2292 | Val Acc: 0.2308 | Val P/R/F1 (Macro): 0.1429/0.1250/0.1333 | LR: 0.000001
Epoch [36/100] | SVD update #36: pairs=96, sweeps=6, converged=True, rel_change=4.325e-04, effective_ranks=(95, 22), class_paired=True
Epoch [36/100] | Loss: 6.9809 (Cls: 6.9313, TAL: 0.2707, Adv: 0.2148, OT-Reg: 0.001674) | OT inner objective: 0.2282 | Marginal residual row/col/max: 9.31e-09/1.06e-08/1.12e-08 | Train Acc: 0.2396 | Val Acc: 0.0385 | Val P/R/F1 (Macro): 0.0333/0.0833/0.0476 | LR: 0.000001
Epoch [37/100] | SVD update #37: pairs=96, sweeps=10, converged=False, rel_change=1.219e-01, effective_ranks=(95, 20), class_paired=True
Epoch [37/100] | Loss: 6.3727 (Cls: 6.3414, TAL: 0.1375, Adv: 0.1860, OT-Reg: 0.001650) | OT inner objective: 0.0510 | Marginal residual row/col/max: 1.57e-05/1.37e-08/1.57e-05 | Train Acc: 0.2292 | Val Acc: 0.1923 | Val P/R/F1 (Macro): 0.0379/0.1667/0.0617 | LR: 0.000001
Epoch [38/100] | SVD update #38: pairs=96, sweeps=10, converged=False, rel_change=2.280e-02, effective_ranks=(95, 19), class_paired=True
Epoch [38/100] | Loss: 6.6120 (Cls: 6.6042, TAL: -0.0454, Adv: 0.1655, OT-Reg: 0.001576) | OT inner objective: 0.0459 | Marginal residual row/col/max: 7.48e-05/1.68e-08/7.48e-05 | Train Acc: 0.1042 | Val Acc: 0.2308 | Val P/R/F1 (Macro): 0.0939/0.3000/0.1389 | LR: 0.000001
Epoch [39/100] | SVD update #39: pairs=96, sweeps=9, converged=True, rel_change=3.597e-04, effective_ranks=(95, 20), class_paired=True
Epoch [39/100] | Loss: 6.7406 (Cls: 6.7008, TAL: 0.1907, Adv: 0.2114, OT-Reg: 0.001577) | OT inner objective: 0.1140 | Marginal residual row/col/max: 1.01e-04/1.43e-08/1.01e-04 | Train Acc: 0.2500 | Val Acc: 0.1923 | Val P/R/F1 (Macro): 0.1778/0.1667/0.1307 | LR: 0.000001
Epoch [40/100] | SVD update #40: pairs=96, sweeps=8, converged=True, rel_change=8.943e-04, effective_ranks=(95, 20), class_paired=True
Epoch [40/100] | Loss: 6.5953 (Cls: 6.6079, TAL: -0.2401, Adv: 0.2020, OT-Reg: 0.001293) | OT inner objective: 0.0959 | Marginal residual row/col/max: 2.45e-04/1.43e-08/2.45e-04 | Train Acc: 0.1667 | Val Acc: 0.3846 | Val P/R/F1 (Macro): 0.3463/0.4167/0.3473 | LR: 0.000001
  >>> New Best Val Acc: 0.3846
Epoch [41/100] | SVD update #41: pairs=96, sweeps=10, converged=False, rel_change=2.397e-03, effective_ranks=(95, 22), class_paired=True
Epoch [41/100] | Loss: 6.5905 (Cls: 6.5515, TAL: 0.2167, Adv: 0.1629, OT-Reg: 0.001512) | OT inner objective: 0.1579 | Marginal residual row/col/max: 9.54e-07/2.17e-08/9.60e-07 | Train Acc: 0.2500 | Val Acc: 0.0769 | Val P/R/F1 (Macro): 0.1875/0.1042/0.0704 | LR: 0.000001
Epoch [42/100] | SVD update #42: pairs=96, sweeps=10, converged=False, rel_change=6.244e-01, effective_ranks=(95, 20), class_paired=True
Epoch [42/100] | Loss: 6.6795 (Cls: 6.6400, TAL: 0.2300, Adv: 0.1488, OT-Reg: 0.001496) | OT inner objective: 0.0640 | Marginal residual row/col/max: 1.39e-07/1.18e-08/1.39e-07 | Train Acc: 0.1354 | Val Acc: 0.1154 | Val P/R/F1 (Macro): 0.0455/0.0625/0.0526 | LR: 0.000001
Epoch [43/100] | SVD update #43: pairs=96, sweeps=10, converged=False, rel_change=2.789e-01, effective_ranks=(95, 24), class_paired=True
Epoch [43/100] | Loss: 6.9281 (Cls: 6.9022, TAL: 0.1142, Adv: 0.1530, OT-Reg: 0.001444) | OT inner objective: 0.0963 | Marginal residual row/col/max: 3.03e-07/3.85e-08/3.03e-07 | Train Acc: 0.1979 | Val Acc: 0.0385 | Val P/R/F1 (Macro): 0.0833/0.0208/0.0333 | LR: 0.000001
Epoch [44/100] | SVD update #44: pairs=96, sweeps=10, converged=False, rel_change=1.155e-03, effective_ranks=(94, 24), class_paired=True
Epoch [44/100] | Loss: 7.1290 (Cls: 7.1039, TAL: 0.1151, Adv: 0.1412, OT-Reg: 0.001480) | OT inner objective: 0.2252 | Marginal residual row/col/max: 1.12e-08/3.91e-08/3.91e-08 | Train Acc: 0.2396 | Val Acc: 0.1154 | Val P/R/F1 (Macro): 0.1239/0.1250/0.0828 | LR: 0.000001
Epoch [45/100] | SVD update #45: pairs=96, sweeps=10, converged=False, rel_change=1.069e-01, effective_ranks=(95, 22), class_paired=True
Epoch [45/100] | Loss: 7.2588 (Cls: 7.2429, TAL: 0.0301, Adv: 0.1537, OT-Reg: 0.001780) | OT inner objective: 0.2471 | Marginal residual row/col/max: 1.37e-08/1.37e-08/1.49e-08 | Train Acc: 0.0625 | Val Acc: 0.1923 | Val P/R/F1 (Macro): 0.0952/0.1292/0.1018 | LR: 0.000001
Epoch [46/100] | SVD update #46: pairs=96, sweeps=10, converged=False, rel_change=1.364e-01, effective_ranks=(95, 21), class_paired=True
Epoch [46/100] | Loss: 7.3613 (Cls: 7.3581, TAL: -0.0729, Adv: 0.1496, OT-Reg: 0.001578) | OT inner objective: 0.1990 | Marginal residual row/col/max: 9.31e-09/2.48e-08/2.48e-08 | Train Acc: 0.1354 | Val Acc: 0.3077 | Val P/R/F1 (Macro): 0.0741/0.1667/0.1026 | LR: 0.000001
Epoch [47/100] | SVD update #47: pairs=96, sweeps=10, converged=False, rel_change=7.712e-03, effective_ranks=(95, 23), class_paired=True
Epoch [47/100] | Loss: 7.0549 (Cls: 7.0528, TAL: -0.1085, Adv: 0.1887, OT-Reg: 0.001417) | OT inner objective: 0.1143 | Marginal residual row/col/max: 2.53e-05/2.98e-08/2.53e-05 | Train Acc: 0.1042 | Val Acc: 0.2308 | Val P/R/F1 (Macro): 0.0588/0.1250/0.0800 | LR: 0.000001
Epoch [48/100] | SVD update #48: pairs=96, sweeps=10, converged=False, rel_change=4.310e-03, effective_ranks=(95, 19), class_paired=True
Epoch [48/100] | Loss: 6.9662 (Cls: 6.9734, TAL: -0.1485, Adv: 0.1328, OT-Reg: 0.001634) | OT inner objective: 0.1283 | Marginal residual row/col/max: 2.27e-05/3.29e-08/2.28e-05 | Train Acc: 0.1667 | Val Acc: 0.1923 | Val P/R/F1 (Macro): 0.1310/0.1542/0.1035 | LR: 0.000001
Epoch [49/100] | SVD update #49: pairs=96, sweeps=10, converged=False, rel_change=4.779e-03, effective_ranks=(95, 21), class_paired=True
Epoch [49/100] | Loss: 6.8362 (Cls: 6.8365, TAL: -0.1127, Adv: 0.1651, OT-Reg: 0.001488) | OT inner objective: 0.0266 | Marginal residual row/col/max: 7.00e-05/1.74e-08/7.00e-05 | Train Acc: 0.1667 | Val Acc: 0.1154 | Val P/R/F1 (Macro): 0.0764/0.1500/0.0939 | LR: 0.000001
Epoch [50/100] | SVD update #50: pairs=96, sweeps=10, converged=False, rel_change=2.517e-01, effective_ranks=(95, 21), class_paired=True
Epoch [50/100] | Loss: 7.0430 (Cls: 7.0456, TAL: -0.1091, Adv: 0.1315, OT-Reg: 0.001563) | OT inner objective: 0.0612 | Marginal residual row/col/max: 3.35e-06/1.61e-08/3.36e-06 | Train Acc: 0.1458 | Val Acc: 0.1154 | Val P/R/F1 (Macro): 0.1009/0.1875/0.0651 | LR: 0.000001
Epoch [51/100] | SVD update #51: pairs=96, sweeps=10, converged=False, rel_change=1.031e-02, effective_ranks=(95, 23), class_paired=True
Epoch [51/100] | Loss: 6.8809 (Cls: 6.8451, TAL: 0.1712, Adv: 0.1899, OT-Reg: 0.001713) | OT inner objective: 0.1430 | Marginal residual row/col/max: 7.51e-08/2.67e-08/7.57e-08 | Train Acc: 0.1771 | Val Acc: 0.3077 | Val P/R/F1 (Macro): 0.1831/0.2708/0.1758 | LR: 0.000001
Epoch [52/100] | SVD update #52: pairs=96, sweeps=10, converged=False, rel_change=1.335e-01, effective_ranks=(95, 19), class_paired=True
Epoch [52/100] | Loss: 7.0936 (Cls: 7.0915, TAL: -0.0833, Adv: 0.1511, OT-Reg: 0.001421) | OT inner objective: 0.2211 | Marginal residual row/col/max: 8.69e-09/1.12e-08/1.12e-08 | Train Acc: 0.1146 | Val Acc: 0.1154 | Val P/R/F1 (Macro): 0.0875/0.0875/0.0792 | LR: 0.000001
Epoch [53/100] | SVD update #53: pairs=96, sweeps=10, converged=False, rel_change=5.245e-01, effective_ranks=(95, 26), class_paired=True
Epoch [53/100] | Loss: 6.6176 (Cls: 6.6068, TAL: -0.0016, Adv: 0.1372, OT-Reg: 0.001600) | OT inner objective: 0.1871 | Marginal residual row/col/max: 1.12e-08/1.37e-08/1.43e-08 | Train Acc: 0.1458 | Val Acc: 0.2308 | Val P/R/F1 (Macro): 0.3704/0.2000/0.2179 | LR: 0.000001
Epoch [54/100] | SVD update #54: pairs=96, sweeps=10, converged=False, rel_change=5.150e-02, effective_ranks=(95, 19), class_paired=True
Epoch [54/100] | Loss: 6.5693 (Cls: 6.5684, TAL: -0.1104, Adv: 0.1764, OT-Reg: 0.001470) | OT inner objective: 0.1910 | Marginal residual row/col/max: 9.31e-09/1.61e-08/1.61e-08 | Train Acc: 0.1875 | Val Acc: 0.0769 | Val P/R/F1 (Macro): 0.0331/0.0667/0.0423 | LR: 0.000001
Epoch [55/100] | SVD update #55: pairs=96, sweeps=10, converged=False, rel_change=1.727e-02, effective_ranks=(95, 20), class_paired=True
Epoch [55/100] | Loss: 6.9433 (Cls: 6.9283, TAL: 0.0289, Adv: 0.1438, OT-Reg: 0.001579) | OT inner objective: 0.1590 | Marginal residual row/col/max: 1.06e-08/1.06e-08/1.18e-08 | Train Acc: 0.0729 | Val Acc: 0.1154 | Val P/R/F1 (Macro): 0.0931/0.0750/0.0707 | LR: 0.000001
Epoch [56/100] | SVD update #56: pairs=96, sweeps=10, converged=False, rel_change=1.028e-01, effective_ranks=(95, 23), class_paired=True
Epoch [56/100] | Loss: 7.1778 (Cls: 7.1316, TAL: 0.2688, Adv: 0.1745, OT-Reg: 0.001746) | OT inner objective: 0.2404 | Marginal residual row/col/max: 8.69e-09/1.92e-08/1.99e-08 | Train Acc: 0.1875 | Val Acc: 0.1923 | Val P/R/F1 (Macro): 0.1190/0.1042/0.1111 | LR: 0.000001
Epoch [57/100] | SVD update #57: pairs=96, sweeps=10, converged=False, rel_change=3.170e-01, effective_ranks=(95, 21), class_paired=True
Epoch [57/100] | Loss: 7.1327 (Cls: 7.1004, TAL: 0.1747, Adv: 0.1421, OT-Reg: 0.001663) | OT inner objective: 0.2142 | Marginal residual row/col/max: 1.35e-06/2.05e-08/1.36e-06 | Train Acc: 0.2917 | Val Acc: 0.1538 | Val P/R/F1 (Macro): 0.1759/0.1458/0.1076 | LR: 0.000001
Epoch [58/100] | SVD update #58: pairs=96, sweeps=8, converged=True, rel_change=5.323e-04, effective_ranks=(95, 18), class_paired=True
Epoch [58/100] | Loss: 7.2879 (Cls: 7.2674, TAL: 0.0740, Adv: 0.1458, OT-Reg: 0.001729) | OT inner objective: 0.1432 | Marginal residual row/col/max: 1.61e-08/1.24e-08/1.61e-08 | Train Acc: 0.1667 | Val Acc: 0.0385 | Val P/R/F1 (Macro): 0.0185/0.0833/0.0303 | LR: 0.000001
Epoch [59/100] | SVD update #59: pairs=96, sweeps=10, converged=False, rel_change=1.170e-01, effective_ranks=(95, 22), class_paired=True
Epoch [59/100] | Loss: 7.2675 (Cls: 7.2519, TAL: 0.0281, Adv: 0.1533, OT-Reg: 0.001735) | OT inner objective: 0.1521 | Marginal residual row/col/max: 8.69e-09/1.12e-08/1.24e-08 | Train Acc: 0.1562 | Val Acc: 0.1923 | Val P/R/F1 (Macro): 0.2000/0.2167/0.1958 | LR: 0.000001
Epoch [60/100] | SVD update #60: pairs=96, sweeps=10, converged=False, rel_change=1.126e-01, effective_ranks=(95, 22), class_paired=True
Epoch [60/100] | Loss: 7.1304 (Cls: 7.1135, TAL: 0.0438, Adv: 0.1456, OT-Reg: 0.001683) | OT inner objective: 0.1002 | Marginal residual row/col/max: 1.71e-06/1.55e-08/1.71e-06 | Train Acc: 0.1875 | Val Acc: 0.0769 | Val P/R/F1 (Macro): 0.1795/0.1167/0.0778 | LR: 0.000001
Epoch [61/100] | SVD update #61: pairs=96, sweeps=10, converged=False, rel_change=7.830e-01, effective_ranks=(95, 21), class_paired=True
Epoch [61/100] | Loss: 6.5570 (Cls: 6.5472, TAL: -0.0265, Adv: 0.1623, OT-Reg: 0.001565) | OT inner objective: 0.1267 | Marginal residual row/col/max: 3.66e-08/2.86e-08/4.78e-08 | Train Acc: 0.1562 | Val Acc: 0.4615 | Val P/R/F1 (Macro): 0.3185/0.3625/0.3192 | LR: 0.000001
  >>> New Best Val Acc: 0.4615
Epoch [62/100] | SVD update #62: pairs=96, sweeps=10, converged=False, rel_change=4.590e-03, effective_ranks=(95, 21), class_paired=True
Epoch [62/100] | Loss: 6.8405 (Cls: 6.8430, TAL: -0.0970, Adv: 0.1133, OT-Reg: 0.001764) | OT inner objective: 0.1702 | Marginal residual row/col/max: 1.30e-08/2.11e-08/2.11e-08 | Train Acc: 0.2083 | Val Acc: 0.1923 | Val P/R/F1 (Macro): 0.0321/0.1667/0.0538 | LR: 0.000001
Epoch [63/100] | SVD update #63: pairs=96, sweeps=10, converged=False, rel_change=1.795e-01, effective_ranks=(95, 21), class_paired=True
Epoch [63/100] | Loss: 6.9744 (Cls: 6.9549, TAL: 0.0800, Adv: 0.1240, OT-Reg: 0.001595) | OT inner objective: 0.2202 | Marginal residual row/col/max: 1.12e-08/1.12e-08/1.24e-08 | Train Acc: 0.2396 | Val Acc: 0.2692 | Val P/R/F1 (Macro): 0.4256/0.3708/0.2685 | LR: 0.000001
Epoch [64/100] | SVD update #64: pairs=96, sweeps=10, converged=False, rel_change=7.495e-02, effective_ranks=(95, 18), class_paired=True
Epoch [64/100] | Loss: 7.0316 (Cls: 7.0010, TAL: 0.1518, Adv: 0.1551, OT-Reg: 0.001769) | OT inner objective: 0.2578 | Marginal residual row/col/max: 1.30e-08/1.80e-08/1.80e-08 | Train Acc: 0.1667 | Val Acc: 0.3077 | Val P/R/F1 (Macro): 0.2556/0.3333/0.2421 | LR: 0.000001
Epoch [65/100] | SVD update #65: pairs=96, sweeps=10, converged=False, rel_change=1.552e-02, effective_ranks=(95, 19), class_paired=True
Epoch [65/100] | Loss: 7.0278 (Cls: 7.0060, TAL: 0.0724, Adv: 0.1638, OT-Reg: 0.001721) | OT inner objective: 0.1586 | Marginal residual row/col/max: 3.85e-08/1.55e-08/3.85e-08 | Train Acc: 0.2083 | Val Acc: 0.4231 | Val P/R/F1 (Macro): 0.2879/0.2667/0.2654 | LR: 0.000001
Epoch [66/100] | SVD update #66: pairs=96, sweeps=10, converged=False, rel_change=7.198e-02, effective_ranks=(95, 18), class_paired=True
Epoch [66/100] | Loss: 6.8496 (Cls: 6.8625, TAL: -0.1871, Adv: 0.1197, OT-Reg: 0.001613) | OT inner objective: 0.2022 | Marginal residual row/col/max: 1.49e-08/2.61e-08/2.61e-08 | Train Acc: 0.1250 | Val Acc: 0.3077 | Val P/R/F1 (Macro): 0.0702/0.1667/0.0988 | LR: 0.000001
Epoch [67/100] | SVD update #67: pairs=96, sweeps=10, converged=False, rel_change=1.852e-01, effective_ranks=(95, 20), class_paired=True
Epoch [67/100] | Loss: 6.9240 (Cls: 6.9286, TAL: -0.1363, Adv: 0.1464, OT-Reg: 0.001596) | OT inner objective: 0.2154 | Marginal residual row/col/max: 1.12e-08/1.30e-08/1.37e-08 | Train Acc: 0.1875 | Val Acc: 0.2308 | Val P/R/F1 (Macro): 0.1667/0.1667/0.1619 | LR: 0.000001
Epoch [68/100] | SVD update #68: pairs=96, sweeps=10, converged=False, rel_change=4.855e-01, effective_ranks=(95, 29), class_paired=True
Epoch [68/100] | Loss: 6.2632 (Cls: 6.2409, TAL: 0.1030, Adv: 0.1242, OT-Reg: 0.001716) | OT inner objective: 0.2023 | Marginal residual row/col/max: 3.41e-08/2.36e-08/4.22e-08 | Train Acc: 0.1562 | Val Acc: 0.2692 | Val P/R/F1 (Macro): 0.1017/0.2667/0.1404 | LR: 0.000001
Epoch [69/100] | SVD update #69: pairs=96, sweeps=10, converged=False, rel_change=1.581e+00, effective_ranks=(95, 20), class_paired=True
Epoch [69/100] | Loss: 6.3145 (Cls: 6.2830, TAL: 0.1733, Adv: 0.1340, OT-Reg: 0.001571) | OT inner objective: 0.1959 | Marginal residual row/col/max: 1.61e-08/2.30e-08/2.42e-08 | Train Acc: 0.1562 | Val Acc: 0.2308 | Val P/R/F1 (Macro): 0.1099/0.1625/0.1310 | LR: 0.000001
Epoch [70/100] | SVD update #70: pairs=96, sweeps=10, converged=False, rel_change=1.439e-01, effective_ranks=(95, 21), class_paired=True
Epoch [70/100] | Loss: 6.4028 (Cls: 6.4049, TAL: -0.1037, Adv: 0.1294, OT-Reg: 0.001639) | OT inner objective: 0.1130 | Marginal residual row/col/max: 1.02e-07/1.80e-08/1.07e-07 | Train Acc: 0.1771 | Val Acc: 0.3462 | Val P/R/F1 (Macro): 0.3833/0.2500/0.2887 | LR: 0.000001
Epoch [71/100] | SVD update #71: pairs=96, sweeps=10, converged=False, rel_change=1.559e-01, effective_ranks=(95, 18), class_paired=True
Epoch [71/100] | Loss: 6.6372 (Cls: 6.6310, TAL: -0.0379, Adv: 0.1342, OT-Reg: 0.001608) | OT inner objective: 0.2339 | Marginal residual row/col/max: 9.93e-09/1.37e-08/1.37e-08 | Train Acc: 0.1250 | Val Acc: 0.0769 | Val P/R/F1 (Macro): 0.0185/0.1667/0.0333 | LR: 0.000001
Epoch [72/100] | SVD update #72: pairs=96, sweeps=10, converged=False, rel_change=7.769e-02, effective_ranks=(95, 18), class_paired=True
Epoch [72/100] | Loss: 5.9538 (Cls: 5.9475, TAL: -0.0361, Adv: 0.1330, OT-Reg: 0.001588) | OT inner objective: 0.2008 | Marginal residual row/col/max: 1.24e-08/1.74e-08/1.80e-08 | Train Acc: 0.2292 | Val Acc: 0.1538 | Val P/R/F1 (Macro): 0.0417/0.1667/0.0667 | LR: 0.000001
Epoch [73/100] | SVD update #73: pairs=96, sweeps=10, converged=False, rel_change=3.792e-01, effective_ranks=(95, 26), class_paired=True
Epoch [73/100] | Loss: 6.4034 (Cls: 6.3687, TAL: 0.2000, Adv: 0.1347, OT-Reg: 0.001651) | OT inner objective: 0.2631 | Marginal residual row/col/max: 1.18e-08/1.37e-08/1.43e-08 | Train Acc: 0.1354 | Val Acc: 0.2308 | Val P/R/F1 (Macro): 0.1138/0.3000/0.1444 | LR: 0.000001
Epoch [74/100] | SVD update #74: pairs=96, sweeps=9, converged=True, rel_change=1.833e-04, effective_ranks=(95, 24), class_paired=True
Epoch [74/100] | Loss: 6.8410 (Cls: 6.8079, TAL: 0.1680, Adv: 0.1614, OT-Reg: 0.001754) | OT inner objective: 0.2457 | Marginal residual row/col/max: 8.69e-09/1.92e-08/1.92e-08 | Train Acc: 0.2396 | Val Acc: 0.0769 | Val P/R/F1 (Macro): 0.0377/0.1667/0.0608 | LR: 0.000001
Epoch [75/100] | SVD update #75: pairs=96, sweeps=10, converged=False, rel_change=2.015e-01, effective_ranks=(95, 19), class_paired=True
Epoch [75/100] | Loss: 6.3517 (Cls: 6.3679, TAL: -0.2219, Adv: 0.1298, OT-Reg: 0.001494) | OT inner objective: 0.1190 | Marginal residual row/col/max: 1.24e-08/1.18e-08/1.30e-08 | Train Acc: 0.0729 | Val Acc: 0.1154 | Val P/R/F1 (Macro): 0.0764/0.2000/0.0787 | LR: 0.000001
Epoch [76/100] | SVD update #76: pairs=96, sweeps=10, converged=False, rel_change=4.374e-02, effective_ranks=(95, 19), class_paired=True
Epoch [76/100] | Loss: 6.2672 (Cls: 6.2606, TAL: -0.0333, Adv: 0.1332, OT-Reg: 0.001671) | OT inner objective: 0.1530 | Marginal residual row/col/max: 1.33e-07/1.92e-08/1.33e-07 | Train Acc: 0.2812 | Val Acc: 0.1923 | Val P/R/F1 (Macro): 0.1812/0.2667/0.1517 | LR: 0.000001
Epoch [77/100] | SVD update #77: pairs=96, sweeps=10, converged=False, rel_change=4.796e-01, effective_ranks=(95, 26), class_paired=True
Epoch [77/100] | Loss: 6.9539 (Cls: 6.9606, TAL: -0.1446, Adv: 0.1326, OT-Reg: 0.001556) | OT inner objective: 0.1926 | Marginal residual row/col/max: 1.24e-08/3.91e-08/3.91e-08 | Train Acc: 0.1458 | Val Acc: 0.1154 | Val P/R/F1 (Macro): 0.0444/0.2000/0.0698 | LR: 0.000001
Epoch [78/100] | SVD update #78: pairs=96, sweeps=10, converged=False, rel_change=6.310e-01, effective_ranks=(95, 20), class_paired=True
Epoch [78/100] | Loss: 6.0150 (Cls: 6.0339, TAL: -0.2509, Adv: 0.1404, OT-Reg: 0.001775) | OT inner objective: 0.1012 | Marginal residual row/col/max: 1.74e-08/2.48e-08/2.48e-08 | Train Acc: 0.1875 | Val Acc: 0.1154 | Val P/R/F1 (Macro): 0.1852/0.1250/0.0970 | LR: 0.000001
Epoch [79/100] | SVD update #79: pairs=96, sweeps=10, converged=False, rel_change=3.287e-01, effective_ranks=(95, 18), class_paired=True
Epoch [79/100] | Loss: 6.3334 (Cls: 6.3063, TAL: 0.1507, Adv: 0.1131, OT-Reg: 0.001645) | OT inner objective: 0.2485 | Marginal residual row/col/max: 1.18e-08/8.69e-09/1.18e-08 | Train Acc: 0.2083 | Val Acc: 0.1923 | Val P/R/F1 (Macro): 0.1694/0.2250/0.1833 | LR: 0.000001
Epoch [80/100] | SVD update #80: pairs=96, sweeps=10, converged=False, rel_change=1.855e-01, effective_ranks=(95, 17), class_paired=True
Epoch [80/100] | Loss: 6.6118 (Cls: 6.6096, TAL: -0.0677, Adv: 0.1295, OT-Reg: 0.001672) | OT inner objective: 0.1934 | Marginal residual row/col/max: 8.69e-09/1.92e-08/1.92e-08 | Train Acc: 0.1979 | Val Acc: 0.2692 | Val P/R/F1 (Macro): 0.1000/0.2583/0.1436 | LR: 0.000001
Epoch [81/100] | SVD update #81: pairs=96, sweeps=10, converged=False, rel_change=4.411e-01, effective_ranks=(95, 26), class_paired=True
Epoch [81/100] | Loss: 6.6456 (Cls: 6.6325, TAL: 0.0194, Adv: 0.1354, OT-Reg: 0.001721) | OT inner objective: 0.2169 | Marginal residual row/col/max: 1.06e-08/1.37e-08/1.49e-08 | Train Acc: 0.2396 | Val Acc: 0.2308 | Val P/R/F1 (Macro): 0.2530/0.3083/0.1853 | LR: 0.000001
Epoch [82/100] | SVD update #82: pairs=96, sweeps=10, converged=False, rel_change=2.467e-01, effective_ranks=(95, 22), class_paired=True
Epoch [82/100] | Loss: 7.0573 (Cls: 7.0181, TAL: 0.2508, Adv: 0.1149, OT-Reg: 0.001720) | OT inner objective: 0.2717 | Marginal residual row/col/max: 1.24e-08/1.74e-08/1.80e-08 | Train Acc: 0.2188 | Val Acc: 0.2308 | Val P/R/F1 (Macro): 0.0625/0.1250/0.0833 | LR: 0.000001
Epoch [83/100] | SVD update #83: pairs=96, sweeps=10, converged=False, rel_change=9.458e-01, effective_ranks=(95, 19), class_paired=True
Epoch [83/100] | Loss: 6.7943 (Cls: 6.7742, TAL: 0.0788, Adv: 0.1339, OT-Reg: 0.001705) | OT inner objective: 0.1435 | Marginal residual row/col/max: 1.74e-08/1.74e-08/1.86e-08 | Train Acc: 0.2708 | Val Acc: 0.1154 | Val P/R/F1 (Macro): 0.1833/0.1250/0.0944 | LR: 0.000001
Epoch [84/100] | SVD update #84: pairs=96, sweeps=10, converged=False, rel_change=1.692e+00, effective_ranks=(95, 17), class_paired=True
Epoch [84/100] | Loss: 6.6891 (Cls: 6.6650, TAL: 0.1180, Adv: 0.1232, OT-Reg: 0.001684) | OT inner objective: 0.1530 | Marginal residual row/col/max: 1.19e-06/2.24e-08/1.20e-06 | Train Acc: 0.1354 | Val Acc: 0.1923 | Val P/R/F1 (Macro): 0.1019/0.1292/0.1004 | LR: 0.000001
Epoch [85/100] | SVD update #85: pairs=96, sweeps=10, converged=False, rel_change=5.448e-01, effective_ranks=(95, 26), class_paired=True
Epoch [85/100] | Loss: 6.5471 (Cls: 6.5341, TAL: 0.0322, Adv: 0.1144, OT-Reg: 0.001765) | OT inner objective: 0.2667 | Marginal residual row/col/max: 2.61e-08/2.42e-08/3.35e-08 | Train Acc: 0.2188 | Val Acc: 0.3846 | Val P/R/F1 (Macro): 0.1333/0.2458/0.1727 | LR: 0.000001
Epoch [86/100] | SVD update #86: pairs=96, sweeps=10, converged=False, rel_change=1.693e-01, effective_ranks=(95, 19), class_paired=True
Epoch [86/100] | Loss: 6.7222 (Cls: 6.7378, TAL: -0.1976, Adv: 0.1012, OT-Reg: 0.001657) | OT inner objective: 0.2244 | Marginal residual row/col/max: 1.24e-08/1.06e-08/1.30e-08 | Train Acc: 0.1771 | Val Acc: 0.0769 | Val P/R/F1 (Macro): 0.0394/0.0750/0.0516 | LR: 0.000001
Epoch [87/100] | SVD update #87: pairs=96, sweeps=10, converged=False, rel_change=3.105e-01, effective_ranks=(95, 22), class_paired=True
Epoch [87/100] | Loss: 6.7200 (Cls: 6.7302, TAL: -0.1634, Adv: 0.1183, OT-Reg: 0.001450) | OT inner objective: 0.0665 | Marginal residual row/col/max: 7.85e-07/1.43e-08/7.85e-07 | Train Acc: 0.2292 | Val Acc: 0.1538 | Val P/R/F1 (Macro): 0.0825/0.1583/0.1076 | LR: 0.000001
Epoch [88/100] | SVD update #88: pairs=96, sweeps=10, converged=False, rel_change=4.194e-01, effective_ranks=(95, 17), class_paired=True
Epoch [88/100] | Loss: 6.4580 (Cls: 6.4396, TAL: 0.0669, Adv: 0.1294, OT-Reg: 0.001825) | OT inner objective: 0.1881 | Marginal residual row/col/max: 1.12e-08/1.92e-08/1.92e-08 | Train Acc: 0.1458 | Val Acc: 0.2692 | Val P/R/F1 (Macro): 0.1984/0.2667/0.1783 | LR: 0.000001
Epoch [89/100] | SVD update #89: pairs=96, sweeps=10, converged=False, rel_change=3.734e-01, effective_ranks=(95, 20), class_paired=True
Epoch [89/100] | Loss: 6.9980 (Cls: 7.0007, TAL: -0.1066, Adv: 0.1258, OT-Reg: 0.001486) | OT inner objective: 0.1316 | Marginal residual row/col/max: 1.92e-08/2.48e-08/2.55e-08 | Train Acc: 0.0833 | Val Acc: 0.1154 | Val P/R/F1 (Macro): 0.0250/0.1000/0.0400 | LR: 0.000001
Epoch [90/100] | SVD update #90: pairs=96, sweeps=7, converged=True, rel_change=8.717e-04, effective_ranks=(95, 17), class_paired=True
Epoch [90/100] | Loss: 7.3682 (Cls: 7.3735, TAL: -0.1208, Adv: 0.1147, OT-Reg: 0.001693) | OT inner objective: 0.2432 | Marginal residual row/col/max: 1.06e-08/1.55e-08/1.68e-08 | Train Acc: 0.0625 | Val Acc: 0.0385 | Val P/R/F1 (Macro): 0.0278/0.0833/0.0417 | LR: 0.000001
Epoch [91/100] | SVD update #91: pairs=96, sweeps=10, converged=False, rel_change=1.811e-01, effective_ranks=(95, 18), class_paired=True
Epoch [91/100] | Loss: 7.2517 (Cls: 7.2527, TAL: -0.0798, Adv: 0.1071, OT-Reg: 0.001725) | OT inner objective: 0.2664 | Marginal residual row/col/max: 1.61e-08/2.42e-08/2.42e-08 | Train Acc: 0.1562 | Val Acc: 0.1923 | Val P/R/F1 (Macro): 0.1389/0.1042/0.1190 | LR: 0.000001
Epoch [92/100] | SVD update #92: pairs=96, sweeps=10, converged=False, rel_change=8.327e-02, effective_ranks=(95, 16), class_paired=True
Epoch [92/100] | Loss: 6.5746 (Cls: 6.5388, TAL: 0.2306, Adv: 0.1017, OT-Reg: 0.001570) | OT inner objective: 0.2672 | Marginal residual row/col/max: 1.49e-08/4.04e-08/4.04e-08 | Train Acc: 0.1979 | Val Acc: 0.0385 | Val P/R/F1 (Macro): 0.0119/0.0333/0.0175 | LR: 0.000001
Epoch [93/100] | SVD update #93: pairs=96, sweeps=10, converged=False, rel_change=1.527e-02, effective_ranks=(95, 20), class_paired=True
Epoch [93/100] | Loss: 6.8274 (Cls: 6.7814, TAL: 0.2979, Adv: 0.1289, OT-Reg: 0.001765) | OT inner objective: 0.2486 | Marginal residual row/col/max: 1.30e-08/2.42e-08/2.42e-08 | Train Acc: 0.1250 | Val Acc: 0.0769 | Val P/R/F1 (Macro): 0.0208/0.0667/0.0317 | LR: 0.000001
Epoch [94/100] | SVD update #94: pairs=96, sweeps=10, converged=False, rel_change=2.497e-02, effective_ranks=(95, 16), class_paired=True
Epoch [94/100] | Loss: 6.4052 (Cls: 6.4179, TAL: -0.1952, Adv: 0.1350, OT-Reg: 0.001352) | OT inner objective: 0.0922 | Marginal residual row/col/max: 2.42e-06/1.74e-08/2.42e-06 | Train Acc: 0.1875 | Val Acc: 0.1538 | Val P/R/F1 (Macro): 0.0625/0.2333/0.0984 | LR: 0.000001
Epoch [95/100] | SVD update #95: pairs=96, sweeps=10, converged=False, rel_change=1.791e-01, effective_ranks=(95, 16), class_paired=True
Epoch [95/100] | Loss: 6.6898 (Cls: 6.6843, TAL: -0.0288, Adv: 0.1108, OT-Reg: 0.001600) | OT inner objective: 0.2531 | Marginal residual row/col/max: 1.30e-08/1.37e-08/1.49e-08 | Train Acc: 0.1458 | Val Acc: 0.0769 | Val P/R/F1 (Macro): 0.0185/0.0667/0.0290 | LR: 0.000001
Epoch [96/100] | SVD update #96: pairs=96, sweeps=10, converged=False, rel_change=1.741e-02, effective_ranks=(95, 22), class_paired=True
Epoch [96/100] | Loss: 6.7594 (Cls: 6.7500, TAL: 0.0008, Adv: 0.1168, OT-Reg: 0.001715) | OT inner objective: 0.2048 | Marginal residual row/col/max: 1.18e-08/2.30e-08/2.30e-08 | Train Acc: 0.1979 | Val Acc: 0.2308 | Val P/R/F1 (Macro): 0.2579/0.2875/0.2496 | LR: 0.000001
Epoch [97/100] | SVD update #97: pairs=96, sweeps=10, converged=False, rel_change=3.360e-01, effective_ranks=(95, 20), class_paired=True
Epoch [97/100] | Loss: 6.6546 (Cls: 6.6575, TAL: -0.0987, Adv: 0.1112, OT-Reg: 0.001653) | OT inner objective: 0.2325 | Marginal residual row/col/max: 1.12e-08/1.49e-08/1.61e-08 | Train Acc: 0.1667 | Val Acc: 0.1923 | Val P/R/F1 (Macro): 0.2542/0.2667/0.1593 | LR: 0.000001
Epoch [98/100] | SVD update #98: pairs=96, sweeps=10, converged=False, rel_change=2.314e-02, effective_ranks=(95, 18), class_paired=True
Epoch [98/100] | Loss: 6.3414 (Cls: 6.3517, TAL: -0.1554, Adv: 0.1041, OT-Reg: 0.001656) | OT inner objective: 0.1508 | Marginal residual row/col/max: 1.15e-06/1.86e-08/1.15e-06 | Train Acc: 0.2396 | Val Acc: 0.3077 | Val P/R/F1 (Macro): 0.1217/0.3000/0.1693 | LR: 0.000001
Epoch [99/100] | SVD update #99: pairs=96, sweeps=10, converged=False, rel_change=6.878e-02, effective_ranks=(95, 16), class_paired=True
Epoch [99/100] | Loss: 6.5060 (Cls: 6.5233, TAL: -0.2211, Adv: 0.1152, OT-Reg: 0.001421) | OT inner objective: 0.1705 | Marginal residual row/col/max: 3.60e-08/1.24e-08/3.73e-08 | Train Acc: 0.1562 | Val Acc: 0.3846 | Val P/R/F1 (Macro): 0.2188/0.2708/0.2076 | LR: 0.000001
Epoch [100/100] | SVD update #100: pairs=96, sweeps=10, converged=False, rel_change=2.402e-02, effective_ranks=(95, 15), class_paired=True
Epoch [100/100] | Loss: 6.6786 (Cls: 6.6705, TAL: -0.0097, Adv: 0.1155, OT-Reg: 0.001488) | OT inner objective: 0.2060 | Marginal residual row/col/max: 3.17e-07/1.68e-08/3.19e-07 | Train Acc: 0.2188 | Val Acc: 0.2308 | Val P/R/F1 (Macro): 0.0844/0.3000/0.1250 | LR: 0.000001
Report strategy: best, window=10, reported_acc=0.4615, best_acc=0.4615, selected_epoch=61

迭代 1 报告指标:
  Accuracy: 0.4615
  Precision (Macro): 0.3185
  Recall (Macro): 0.3625
  F1 (Macro): 0.3192
  Precision (Micro): 0.4615
  Recall (Micro): 0.4615
  F1 (Micro): 0.4615
  Val class coverage: 6/14 (0.4286), samples=26

================================================================================
迭代 2/5
随机种子: 43
================================================================================
配对采样器已初始化，共 6 个共有类别。
Training mode: full target-label supervision (class-paired batches).
Feature fusion: Tensor alignment (512+512 -> 16+16); fused_dim=32
Domain adaptation: Neural OT generator with 3-domain discriminator
Loss weights: tensor=0.12, adv=0.08
Transport: mode=sinkhorn, epsilon=0.1, Sinkhorn iterations=50, correction scale=0.1, correction regularization weight=0.001
Tensor projection update: once per epoch from the complete target-training pairing bank; projection_dim=16, max_sweeps=10, relative singular-value tolerance=0.001
Epoch [1/100] | SVD update #1: pairs=96, sweeps=3, converged=True, rel_change=6.430e-04, effective_ranks=(95, 91), class_paired=True
Epoch [1/100] | Loss: 9.1979 (Cls: 9.1956, TAL: -0.1274, Adv: 0.2202, OT-Reg: 0.001621) | OT inner objective: 0.2510 | Marginal residual row/col/max: 9.31e-09/1.30e-08/1.30e-08 | Train Acc: 0.0833 | Val Acc: 0.0385 | Val P/R/F1 (Macro): 0.0333/0.0333/0.0333 | LR: 0.000005
  >>> New Best Val Acc: 0.0385
Epoch [2/100] | SVD update #2: pairs=96, sweeps=3, converged=True, rel_change=4.015e-04, effective_ranks=(95, 83), class_paired=True
Epoch [2/100] | Loss: 8.3067 (Cls: 8.3079, TAL: -0.1632, Adv: 0.2296, OT-Reg: 0.001601) | OT inner objective: 0.3164 | Marginal residual row/col/max: 9.93e-09/1.37e-08/1.37e-08 | Train Acc: 0.0312 | Val Acc: 0.4231 | Val P/R/F1 (Macro): 0.2980/0.3333/0.2946 | LR: 0.000005
  >>> New Best Val Acc: 0.4231
Epoch [3/100] | SVD update #3: pairs=96, sweeps=4, converged=True, rel_change=1.069e-04, effective_ranks=(95, 63), class_paired=True
Epoch [3/100] | Loss: 8.1362 (Cls: 8.1334, TAL: -0.1261, Adv: 0.2248, OT-Reg: 0.001660) | OT inner objective: 0.2485 | Marginal residual row/col/max: 1.30e-08/1.30e-08/1.37e-08 | Train Acc: 0.0938 | Val Acc: 0.0769 | Val P/R/F1 (Macro): 0.0175/0.1667/0.0317 | LR: 0.000005
Epoch [4/100] | SVD update #4: pairs=96, sweeps=5, converged=True, rel_change=8.564e-04, effective_ranks=(95, 69), class_paired=True
Epoch [4/100] | Loss: 7.4920 (Cls: 7.4674, TAL: 0.0608, Adv: 0.2170, OT-Reg: 0.001664) | OT inner objective: 0.3150 | Marginal residual row/col/max: 1.12e-08/1.61e-08/1.61e-08 | Train Acc: 0.1667 | Val Acc: 0.5000 | Val P/R/F1 (Macro): 0.4167/0.3833/0.3981 | LR: 0.000005
  >>> New Best Val Acc: 0.5000
Epoch [5/100] | SVD update #5: pairs=96, sweeps=10, converged=False, rel_change=4.800e-02, effective_ranks=(95, 62), class_paired=True
Epoch [5/100] | Loss: 7.2055 (Cls: 7.2156, TAL: -0.2274, Adv: 0.2157, OT-Reg: 0.001624) | OT inner objective: 0.1741 | Marginal residual row/col/max: 1.18e-08/2.98e-08/2.98e-08 | Train Acc: 0.2083 | Val Acc: 0.1923 | Val P/R/F1 (Macro): 0.0321/0.1667/0.0538 | LR: 0.000005
Epoch [6/100] | SVD update #6: pairs=96, sweeps=10, converged=True, rel_change=6.472e-04, effective_ranks=(95, 71), class_paired=True
Epoch [6/100] | Loss: 7.1341 (Cls: 7.1344, TAL: -0.1529, Adv: 0.2250, OT-Reg: 0.001541) | OT inner objective: 0.2697 | Marginal residual row/col/max: 1.83e-07/2.30e-08/1.91e-07 | Train Acc: 0.2188 | Val Acc: 0.1923 | Val P/R/F1 (Macro): 0.0321/0.1667/0.0538 | LR: 0.000005
Epoch [7/100] | SVD update #7: pairs=96, sweeps=10, converged=False, rel_change=2.049e-02, effective_ranks=(95, 52), class_paired=True
Epoch [7/100] | Loss: 7.3937 (Cls: 7.3908, TAL: -0.1343, Adv: 0.2373, OT-Reg: 0.001479) | OT inner objective: 0.2520 | Marginal residual row/col/max: 2.50e-07/2.79e-08/2.62e-07 | Train Acc: 0.2188 | Val Acc: 0.0769 | Val P/R/F1 (Macro): 0.0222/0.0833/0.0351 | LR: 0.000005
Epoch [8/100] | SVD update #8: pairs=96, sweeps=10, converged=False, rel_change=3.154e-01, effective_ranks=(95, 45), class_paired=True
Epoch [8/100] | Loss: 7.3674 (Cls: 7.3376, TAL: 0.1377, Adv: 0.1657, OT-Reg: 0.001463) | OT inner objective: 0.2897 | Marginal residual row/col/max: 1.06e-08/3.10e-08/3.10e-08 | Train Acc: 0.1458 | Val Acc: 0.1154 | Val P/R/F1 (Macro): 0.0583/0.2500/0.0859 | LR: 0.000005
Epoch [9/100] | SVD update #9: pairs=96, sweeps=10, converged=False, rel_change=2.357e-01, effective_ranks=(95, 45), class_paired=True
Epoch [9/100] | Loss: 7.0665 (Cls: 7.0176, TAL: 0.2683, Adv: 0.2091, OT-Reg: 0.001492) | OT inner objective: 0.3208 | Marginal residual row/col/max: 1.06e-08/1.37e-08/1.37e-08 | Train Acc: 0.1667 | Val Acc: 0.3077 | Val P/R/F1 (Macro): 0.1458/0.2917/0.1944 | LR: 0.000005
Epoch [10/100] | SVD update #10: pairs=96, sweeps=10, converged=False, rel_change=3.990e-01, effective_ranks=(95, 38), class_paired=True
Epoch [10/100] | Loss: 7.3153 (Cls: 7.2714, TAL: 0.1951, Adv: 0.2559, OT-Reg: 0.001512) | OT inner objective: 0.2714 | Marginal residual row/col/max: 1.30e-08/1.55e-08/1.55e-08 | Train Acc: 0.1667 | Val Acc: 0.2308 | Val P/R/F1 (Macro): 0.0762/0.2000/0.1099 | LR: 0.000005
Epoch [11/100] | SVD update #11: pairs=96, sweeps=10, converged=False, rel_change=1.481e-01, effective_ranks=(95, 34), class_paired=True
Epoch [11/100] | Loss: 6.8874 (Cls: 6.8462, TAL: 0.1940, Adv: 0.2246, OT-Reg: 0.001473) | OT inner objective: 0.2789 | Marginal residual row/col/max: 1.06e-08/2.73e-08/2.73e-08 | Train Acc: 0.1667 | Val Acc: 0.2308 | Val P/R/F1 (Macro): 0.0675/0.2500/0.1061 | LR: 0.000005
Epoch [12/100] | SVD update #12: pairs=96, sweeps=8, converged=True, rel_change=7.933e-04, effective_ranks=(95, 32), class_paired=True
Epoch [12/100] | Loss: 6.7460 (Cls: 6.7307, TAL: -0.0007, Adv: 0.1922, OT-Reg: 0.001547) | OT inner objective: 0.2043 | Marginal residual row/col/max: 4.95e-06/3.10e-08/4.96e-06 | Train Acc: 0.1771 | Val Acc: 0.0769 | Val P/R/F1 (Macro): 0.0370/0.0667/0.0476 | LR: 0.000005
Epoch [13/100] | SVD update #13: pairs=96, sweeps=5, converged=True, rel_change=5.543e-04, effective_ranks=(95, 28), class_paired=True
Epoch [13/100] | Loss: 6.7582 (Cls: 6.7060, TAL: 0.2769, Adv: 0.2371, OT-Reg: 0.001461) | OT inner objective: 0.1192 | Marginal residual row/col/max: 9.83e-05/2.48e-08/9.83e-05 | Train Acc: 0.2812 | Val Acc: 0.3846 | Val P/R/F1 (Macro): 0.2027/0.3958/0.2542 | LR: 0.000005
Epoch [14/100] | SVD update #14: pairs=96, sweeps=10, converged=True, rel_change=5.899e-04, effective_ranks=(95, 31), class_paired=True
Epoch [14/100] | Loss: 6.8045 (Cls: 6.7865, TAL: 0.0186, Adv: 0.1968, OT-Reg: 0.001192) | OT inner objective: 0.1520 | Marginal residual row/col/max: 2.38e-04/1.55e-08/2.38e-04 | Train Acc: 0.1250 | Val Acc: 0.3462 | Val P/R/F1 (Macro): 0.3313/0.3125/0.2585 | LR: 0.000005
Epoch [15/100] | SVD update #15: pairs=96, sweeps=10, converged=False, rel_change=1.679e-01, effective_ranks=(95, 26), class_paired=True
Epoch [15/100] | Loss: 6.5953 (Cls: 6.5957, TAL: -0.1424, Adv: 0.2082, OT-Reg: 0.001202) | OT inner objective: 0.2411 | Marginal residual row/col/max: 1.30e-08/9.93e-09/1.30e-08 | Train Acc: 0.1458 | Val Acc: 0.1538 | Val P/R/F1 (Macro): 0.0303/0.1333/0.0494 | LR: 0.000003
Epoch [16/100] | SVD update #16: pairs=96, sweeps=10, converged=False, rel_change=2.622e-02, effective_ranks=(95, 25), class_paired=True
Epoch [16/100] | Loss: 6.8501 (Cls: 6.8259, TAL: 0.0902, Adv: 0.1675, OT-Reg: 0.001449) | OT inner objective: 0.2177 | Marginal residual row/col/max: 1.74e-08/2.86e-08/3.10e-08 | Train Acc: 0.1354 | Val Acc: 0.1923 | Val P/R/F1 (Macro): 0.0333/0.1667/0.0556 | LR: 0.000003
Epoch [17/100] | SVD update #17: pairs=96, sweeps=10, converged=False, rel_change=7.742e-01, effective_ranks=(95, 20), class_paired=True
Epoch [17/100] | Loss: 6.7112 (Cls: 6.7074, TAL: -0.0929, Adv: 0.1869, OT-Reg: 0.001481) | OT inner objective: 0.0011 | Marginal residual row/col/max: 2.17e-05/1.43e-08/2.17e-05 | Train Acc: 0.2604 | Val Acc: 0.1923 | Val P/R/F1 (Macro): 0.0321/0.1667/0.0538 | LR: 0.000003
Epoch [18/100] | SVD update #18: pairs=96, sweeps=10, converged=False, rel_change=1.203e-01, effective_ranks=(95, 19), class_paired=True
Epoch [18/100] | Loss: 6.4025 (Cls: 6.3735, TAL: 0.0876, Adv: 0.2312, OT-Reg: 0.001456) | OT inner objective: 0.2335 | Marginal residual row/col/max: 9.31e-09/2.30e-08/2.30e-08 | Train Acc: 0.2500 | Val Acc: 0.1923 | Val P/R/F1 (Macro): 0.0321/0.1667/0.0538 | LR: 0.000003
Epoch [19/100] | SVD update #19: pairs=96, sweeps=10, converged=False, rel_change=1.082e-02, effective_ranks=(95, 27), class_paired=True
Epoch [19/100] | Loss: 5.9850 (Cls: 5.9868, TAL: -0.1692, Adv: 0.2320, OT-Reg: 0.001438) | OT inner objective: -0.0401 | Marginal residual row/col/max: 1.47e-04/1.30e-08/1.47e-04 | Train Acc: 0.2708 | Val Acc: 0.3077 | Val P/R/F1 (Macro): 0.1354/0.2292/0.1508 | LR: 0.000003
Epoch [20/100] | SVD update #20: pairs=96, sweeps=9, converged=True, rel_change=6.150e-04, effective_ranks=(95, 19), class_paired=True
Epoch [20/100] | Loss: 6.0883 (Cls: 6.0799, TAL: -0.0473, Adv: 0.1760, OT-Reg: 0.001346) | OT inner objective: 0.0197 | Marginal residual row/col/max: 3.49e-06/1.30e-08/3.49e-06 | Train Acc: 0.2500 | Val Acc: 0.1923 | Val P/R/F1 (Macro): 0.0347/0.1667/0.0575 | LR: 0.000003
Epoch [21/100] | SVD update #21: pairs=96, sweeps=10, converged=False, rel_change=9.649e-03, effective_ranks=(95, 19), class_paired=True
Epoch [21/100] | Loss: 6.0001 (Cls: 6.0123, TAL: -0.2342, Adv: 0.1981, OT-Reg: 0.001363) | OT inner objective: 0.0117 | Marginal residual row/col/max: 1.02e-04/1.49e-08/1.02e-04 | Train Acc: 0.2083 | Val Acc: 0.1923 | Val P/R/F1 (Macro): 0.0379/0.1667/0.0617 | LR: 0.000003
Epoch [22/100] | SVD update #22: pairs=96, sweeps=5, converged=True, rel_change=7.448e-04, effective_ranks=(95, 22), class_paired=True
Epoch [22/100] | Loss: 5.7935 (Cls: 5.7854, TAL: -0.0690, Adv: 0.2049, OT-Reg: 0.001476) | OT inner objective: 0.0083 | Marginal residual row/col/max: 4.09e-07/1.30e-08/4.10e-07 | Train Acc: 0.2396 | Val Acc: 0.1923 | Val P/R/F1 (Macro): 0.0417/0.1667/0.0667 | LR: 0.000003
Epoch [23/100] | SVD update #23: pairs=96, sweeps=9, converged=True, rel_change=4.675e-04, effective_ranks=(95, 19), class_paired=True
Epoch [23/100] | Loss: 6.2256 (Cls: 6.2098, TAL: -0.0249, Adv: 0.2345, OT-Reg: 0.001554) | OT inner objective: 0.1499 | Marginal residual row/col/max: 9.93e-09/1.61e-08/1.61e-08 | Train Acc: 0.2917 | Val Acc: 0.2692 | Val P/R/F1 (Macro): 0.1264/0.3333/0.1674 | LR: 0.000003
Epoch [24/100] | SVD update #24: pairs=96, sweeps=5, converged=True, rel_change=1.715e-04, effective_ranks=(95, 21), class_paired=True
Epoch [24/100] | Loss: 6.2565 (Cls: 6.2553, TAL: -0.1148, Adv: 0.1871, OT-Reg: 0.001512) | OT inner objective: 0.0863 | Marginal residual row/col/max: 6.77e-08/1.99e-08/6.77e-08 | Train Acc: 0.1875 | Val Acc: 0.3077 | Val P/R/F1 (Macro): 0.1607/0.2292/0.1889 | LR: 0.000003
Epoch [25/100] | SVD update #25: pairs=96, sweeps=10, converged=False, rel_change=1.047e-03, effective_ranks=(95, 31), class_paired=True
Epoch [25/100] | Loss: 8.3618 (Cls: 8.3558, TAL: -0.0870, Adv: 0.2057, OT-Reg: 0.001527) | OT inner objective: 0.2447 | Marginal residual row/col/max: 1.18e-08/4.04e-08/4.04e-08 | Train Acc: 0.0521 | Val Acc: 0.1154 | Val P/R/F1 (Macro): 0.0833/0.0625/0.0714 | LR: 0.000003
Epoch [26/100] | SVD update #26: pairs=96, sweeps=10, converged=False, rel_change=1.604e-03, effective_ranks=(95, 26), class_paired=True
Epoch [26/100] | Loss: 6.2930 (Cls: 6.2800, TAL: -0.0280, Adv: 0.2036, OT-Reg: 0.001456) | OT inner objective: 0.1557 | Marginal residual row/col/max: 4.59e-08/3.23e-08/5.90e-08 | Train Acc: 0.2812 | Val Acc: 0.3846 | Val P/R/F1 (Macro): 0.2141/0.3333/0.2500 | LR: 0.000001
Epoch [27/100] | SVD update #27: pairs=96, sweeps=10, converged=True, rel_change=6.994e-04, effective_ranks=(95, 29), class_paired=True
Epoch [27/100] | Loss: 6.0729 (Cls: 6.0961, TAL: -0.3172, Adv: 0.1856, OT-Reg: 0.001482) | OT inner objective: 0.0787 | Marginal residual row/col/max: 1.19e-07/2.67e-08/1.19e-07 | Train Acc: 0.2812 | Val Acc: 0.3462 | Val P/R/F1 (Macro): 0.3226/0.4833/0.3630 | LR: 0.000001
Epoch [28/100] | SVD update #28: pairs=96, sweeps=4, converged=True, rel_change=3.161e-04, effective_ranks=(95, 30), class_paired=True
Epoch [28/100] | Loss: 6.1306 (Cls: 6.1119, TAL: 0.0392, Adv: 0.1757, OT-Reg: 0.001486) | OT inner objective: 0.1823 | Marginal residual row/col/max: 2.98e-08/2.24e-08/3.97e-08 | Train Acc: 0.2812 | Val Acc: 0.1538 | Val P/R/F1 (Macro): 0.2917/0.1333/0.1667 | LR: 0.000001
Epoch [29/100] | SVD update #29: pairs=96, sweeps=4, converged=True, rel_change=5.223e-04, effective_ranks=(95, 25), class_paired=True
Epoch [29/100] | Loss: 6.0909 (Cls: 6.1082, TAL: -0.2690, Adv: 0.1876, OT-Reg: 0.001390) | OT inner objective: 0.0108 | Marginal residual row/col/max: 1.01e-06/3.29e-08/1.01e-06 | Train Acc: 0.3542 | Val Acc: 0.3462 | Val P/R/F1 (Macro): 0.4167/0.3750/0.2999 | LR: 0.000001
Epoch [30/100] | SVD update #30: pairs=96, sweeps=10, converged=False, rel_change=7.815e-01, effective_ranks=(95, 31), class_paired=True
Epoch [30/100] | Loss: 5.7303 (Cls: 5.7366, TAL: -0.1802, Adv: 0.1914, OT-Reg: 0.001402) | OT inner objective: 0.1345 | Marginal residual row/col/max: 4.57e-06/3.29e-08/4.58e-06 | Train Acc: 0.3958 | Val Acc: 0.0385 | Val P/R/F1 (Macro): 0.0104/0.0833/0.0185 | LR: 0.000001
Epoch [31/100] | SVD update #31: pairs=96, sweeps=10, converged=False, rel_change=8.595e-03, effective_ranks=(95, 26), class_paired=True
Epoch [31/100] | Loss: 5.5766 (Cls: 5.5915, TAL: -0.2385, Adv: 0.1704, OT-Reg: 0.001480) | OT inner objective: 0.0790 | Marginal residual row/col/max: 1.49e-07/4.04e-08/1.49e-07 | Train Acc: 0.3125 | Val Acc: 0.1923 | Val P/R/F1 (Macro): 0.0379/0.1667/0.0617 | LR: 0.000001
Epoch [32/100] | SVD update #32: pairs=96, sweeps=10, converged=False, rel_change=5.545e-02, effective_ranks=(95, 19), class_paired=True
Epoch [32/100] | Loss: 5.9835 (Cls: 5.9958, TAL: -0.2302, Adv: 0.1912, OT-Reg: 0.001559) | OT inner objective: -0.1220 | Marginal residual row/col/max: 1.03e-05/9.93e-09/1.03e-05 | Train Acc: 0.1562 | Val Acc: 0.0769 | Val P/R/F1 (Macro): 0.0159/0.1667/0.0290 | LR: 0.000001
Epoch [33/100] | SVD update #33: pairs=96, sweeps=9, converged=True, rel_change=8.393e-04, effective_ranks=(95, 25), class_paired=True
Epoch [33/100] | Loss: 5.8846 (Cls: 5.8870, TAL: -0.1215, Adv: 0.1525, OT-Reg: 0.001430) | OT inner objective: -0.0166 | Marginal residual row/col/max: 4.06e-07/1.30e-08/4.06e-07 | Train Acc: 0.2188 | Val Acc: 0.3462 | Val P/R/F1 (Macro): 0.3730/0.3125/0.2661 | LR: 0.000001
Epoch [34/100] | SVD update #34: pairs=96, sweeps=10, converged=True, rel_change=5.343e-04, effective_ranks=(95, 17), class_paired=True
Epoch [34/100] | Loss: 6.0134 (Cls: 6.0204, TAL: -0.1690, Adv: 0.1660, OT-Reg: 0.001546) | OT inner objective: 0.2166 | Marginal residual row/col/max: 1.12e-08/1.24e-08/1.24e-08 | Train Acc: 0.2396 | Val Acc: 0.1154 | Val P/R/F1 (Macro): 0.0778/0.1375/0.0837 | LR: 0.000001
Epoch [35/100] | SVD update #35: pairs=96, sweeps=10, converged=False, rel_change=5.426e-01, effective_ranks=(95, 18), class_paired=True
Epoch [35/100] | Loss: 6.7776 (Cls: 6.7683, TAL: -0.0710, Adv: 0.2225, OT-Reg: 0.001610) | OT inner objective: 0.1459 | Marginal residual row/col/max: 3.13e-07/3.17e-08/3.13e-07 | Train Acc: 0.2917 | Val Acc: 0.1923 | Val P/R/F1 (Macro): 0.0347/0.1667/0.0575 | LR: 0.000001
Epoch [36/100] | SVD update #36: pairs=96, sweeps=10, converged=False, rel_change=4.467e-01, effective_ranks=(95, 19), class_paired=True
Epoch [36/100] | Loss: 6.7320 (Cls: 6.7180, TAL: -0.0025, Adv: 0.1792, OT-Reg: 0.001434) | OT inner objective: 0.1935 | Marginal residual row/col/max: 1.37e-08/4.47e-08/4.47e-08 | Train Acc: 0.4062 | Val Acc: 0.1923 | Val P/R/F1 (Macro): 0.0321/0.1667/0.0538 | LR: 0.000001
Epoch [37/100] | SVD update #37: pairs=96, sweeps=10, converged=False, rel_change=3.614e-01, effective_ranks=(95, 20), class_paired=True
Epoch [37/100] | Loss: 7.6187 (Cls: 7.5825, TAL: 0.1473, Adv: 0.2315, OT-Reg: 0.001628) | OT inner objective: 0.2094 | Marginal residual row/col/max: 1.61e-08/3.48e-08/3.48e-08 | Train Acc: 0.3542 | Val Acc: 0.1923 | Val P/R/F1 (Macro): 0.0321/0.1667/0.0538 | LR: 0.000001
Epoch [38/100] | SVD update #38: pairs=96, sweeps=10, converged=False, rel_change=2.379e+00, effective_ranks=(95, 23), class_paired=True
Epoch [38/100] | Loss: 7.9873 (Cls: 7.9733, TAL: -0.0187, Adv: 0.2028, OT-Reg: 0.001424) | OT inner objective: 0.1029 | Marginal residual row/col/max: 4.84e-07/2.55e-08/4.85e-07 | Train Acc: 0.1875 | Val Acc: 0.1923 | Val P/R/F1 (Macro): 0.0333/0.1667/0.0556 | LR: 0.000001
Epoch [39/100] | SVD update #39: pairs=96, sweeps=10, converged=False, rel_change=4.646e-03, effective_ranks=(95, 22), class_paired=True
Epoch [39/100] | Loss: 7.9398 (Cls: 7.9082, TAL: 0.1605, Adv: 0.1545, OT-Reg: 0.001552) | OT inner objective: 0.1916 | Marginal residual row/col/max: 6.02e-08/3.10e-08/7.08e-08 | Train Acc: 0.1771 | Val Acc: 0.1538 | Val P/R/F1 (Macro): 0.0278/0.1333/0.0460 | LR: 0.000001
Epoch [40/100] | SVD update #40: pairs=96, sweeps=10, converged=False, rel_change=2.765e-03, effective_ranks=(95, 20), class_paired=True
Epoch [40/100] | Loss: 7.0723 (Cls: 7.0540, TAL: 0.0527, Adv: 0.1502, OT-Reg: 0.001576) | OT inner objective: 0.1653 | Marginal residual row/col/max: 1.64e-07/2.42e-08/1.64e-07 | Train Acc: 0.2396 | Val Acc: 0.2692 | Val P/R/F1 (Macro): 0.2063/0.3333/0.2308 | LR: 0.000001
Epoch [41/100] | SVD update #41: pairs=96, sweeps=7, converged=True, rel_change=9.171e-04, effective_ranks=(95, 23), class_paired=True
Epoch [41/100] | Loss: 6.5468 (Cls: 6.5262, TAL: 0.0522, Adv: 0.1791, OT-Reg: 0.001589) | OT inner objective: 0.0899 | Marginal residual row/col/max: 2.80e-05/9.31e-09/2.80e-05 | Train Acc: 0.2604 | Val Acc: 0.3462 | Val P/R/F1 (Macro): 0.4303/0.4208/0.3647 | LR: 0.000001
Epoch [42/100] | SVD update #42: pairs=96, sweeps=10, converged=False, rel_change=1.330e-03, effective_ranks=(95, 18), class_paired=True
Epoch [42/100] | Loss: 6.5605 (Cls: 6.5573, TAL: -0.0860, Adv: 0.1692, OT-Reg: 0.001522) | OT inner objective: -0.0231 | Marginal residual row/col/max: 6.68e-05/1.99e-08/6.68e-05 | Train Acc: 0.2083 | Val Acc: 0.1538 | Val P/R/F1 (Macro): 0.0744/0.2083/0.1042 | LR: 0.000001
Epoch [43/100] | SVD update #43: pairs=96, sweeps=8, converged=True, rel_change=5.139e-04, effective_ranks=(95, 22), class_paired=True
Epoch [43/100] | Loss: 6.6866 (Cls: 6.6713, TAL: 0.0093, Adv: 0.1769, OT-Reg: 0.001373) | OT inner objective: -0.0202 | Marginal residual row/col/max: 8.56e-04/2.42e-08/8.56e-04 | Train Acc: 0.3333 | Val Acc: 0.2692 | Val P/R/F1 (Macro): 0.4421/0.3875/0.2484 | LR: 0.000001
Epoch [44/100] | SVD update #44: pairs=96, sweeps=10, converged=False, rel_change=1.831e-01, effective_ranks=(95, 21), class_paired=True
Epoch [44/100] | Loss: 7.0465 (Cls: 7.0398, TAL: -0.0305, Adv: 0.1296, OT-Reg: 0.001544) | OT inner objective: 0.0758 | Marginal residual row/col/max: 1.93e-07/2.05e-08/1.98e-07 | Train Acc: 0.0625 | Val Acc: 0.2692 | Val P/R/F1 (Macro): 0.0583/0.1458/0.0833 | LR: 0.000001
Epoch [45/100] | SVD update #45: pairs=96, sweeps=8, converged=True, rel_change=5.288e-04, effective_ranks=(95, 20), class_paired=True
Epoch [45/100] | Loss: 6.8304 (Cls: 6.7860, TAL: 0.2558, Adv: 0.1713, OT-Reg: 0.001568) | OT inner objective: 0.1792 | Marginal residual row/col/max: 3.36e-05/1.61e-08/3.36e-05 | Train Acc: 0.1042 | Val Acc: 0.1923 | Val P/R/F1 (Macro): 0.1051/0.1667/0.1101 | LR: 0.000001
Epoch [46/100] | SVD update #46: pairs=96, sweeps=10, converged=False, rel_change=3.681e-01, effective_ranks=(95, 31), class_paired=True
Epoch [46/100] | Loss: 8.8749 (Cls: 8.8841, TAL: -0.1716, Adv: 0.1420, OT-Reg: 0.001462) | OT inner objective: -0.0410 | Marginal residual row/col/max: 2.44e-05/1.43e-08/2.44e-05 | Train Acc: 0.0729 | Val Acc: 0.0769 | Val P/R/F1 (Macro): 0.0278/0.1667/0.0476 | LR: 0.000001
Epoch [47/100] | SVD update #47: pairs=96, sweeps=10, converged=False, rel_change=4.193e-01, effective_ranks=(95, 37), class_paired=True
Epoch [47/100] | Loss: 7.5660 (Cls: 7.5382, TAL: 0.1388, Adv: 0.1389, OT-Reg: 0.001422) | OT inner objective: 0.2080 | Marginal residual row/col/max: 1.06e-08/1.24e-08/1.24e-08 | Train Acc: 0.0729 | Val Acc: 0.1923 | Val P/R/F1 (Macro): 0.1825/0.1833/0.1517 | LR: 0.000001
Epoch [48/100] | SVD update #48: pairs=96, sweeps=10, converged=False, rel_change=5.316e-01, effective_ranks=(95, 43), class_paired=True
Epoch [48/100] | Loss: 6.3877 (Cls: 6.3659, TAL: 0.0743, Adv: 0.1611, OT-Reg: 0.001581) | OT inner objective: 0.1872 | Marginal residual row/col/max: 9.93e-09/2.67e-08/2.67e-08 | Train Acc: 0.1875 | Val Acc: 0.0769 | Val P/R/F1 (Macro): 0.0222/0.1667/0.0392 | LR: 0.000001
Epoch [49/100] | SVD update #49: pairs=96, sweeps=10, converged=False, rel_change=1.134e-01, effective_ranks=(95, 34), class_paired=True
Epoch [49/100] | Loss: 8.3839 (Cls: 8.3924, TAL: -0.1748, Adv: 0.1560, OT-Reg: 0.001434) | OT inner objective: 0.1373 | Marginal residual row/col/max: 2.29e-04/2.42e-08/2.29e-04 | Train Acc: 0.0625 | Val Acc: 0.1538 | Val P/R/F1 (Macro): 0.0417/0.0833/0.0556 | LR: 0.000001
Epoch [50/100] | SVD update #50: pairs=96, sweeps=10, converged=False, rel_change=9.706e-01, effective_ranks=(95, 33), class_paired=True
Epoch [50/100] | Loss: 7.1776 (Cls: 7.1695, TAL: -0.0567, Adv: 0.1861, OT-Reg: 0.001519) | OT inner objective: 0.0614 | Marginal residual row/col/max: 2.21e-07/1.99e-08/2.21e-07 | Train Acc: 0.2188 | Val Acc: 0.0769 | Val P/R/F1 (Macro): 0.0303/0.0667/0.0417 | LR: 0.000001
Epoch [51/100] | SVD update #51: pairs=96, sweeps=10, converged=False, rel_change=8.173e-01, effective_ranks=(95, 41), class_paired=True
Epoch [51/100] | Loss: 6.7603 (Cls: 6.7788, TAL: -0.2739, Adv: 0.1796, OT-Reg: 0.001379) | OT inner objective: 0.1609 | Marginal residual row/col/max: 9.31e-09/2.42e-08/2.42e-08 | Train Acc: 0.2292 | Val Acc: 0.0769 | Val P/R/F1 (Macro): 0.0185/0.1667/0.0333 | LR: 0.000001
Epoch [52/100] | SVD update #52: pairs=96, sweeps=10, converged=False, rel_change=5.717e-01, effective_ranks=(95, 26), class_paired=True
Epoch [52/100] | Loss: 7.1543 (Cls: 7.1397, TAL: 0.0011, Adv: 0.1810, OT-Reg: 0.001539) | OT inner objective: 0.2482 | Marginal residual row/col/max: 1.61e-08/3.41e-08/3.41e-08 | Train Acc: 0.1771 | Val Acc: 0.1923 | Val P/R/F1 (Macro): 0.1104/0.2042/0.1312 | LR: 0.000001
Epoch [53/100] | SVD update #53: pairs=96, sweeps=9, converged=True, rel_change=5.899e-04, effective_ranks=(95, 20), class_paired=True
Epoch [53/100] | Loss: 7.0415 (Cls: 7.0429, TAL: -0.1068, Adv: 0.1429, OT-Reg: 0.001459) | OT inner objective: 0.0237 | Marginal residual row/col/max: 5.26e-06/3.35e-08/5.26e-06 | Train Acc: 0.1250 | Val Acc: 0.1154 | Val P/R/F1 (Macro): 0.0389/0.1875/0.0577 | LR: 0.000001
Epoch [54/100] | SVD update #54: pairs=96, sweeps=10, converged=False, rel_change=3.864e-03, effective_ranks=(95, 25), class_paired=True
Epoch [54/100] | Loss: 6.8294 (Cls: 6.8477, TAL: -0.2545, Adv: 0.1530, OT-Reg: 0.001477) | OT inner objective: 0.0054 | Marginal residual row/col/max: 8.95e-06/1.37e-08/8.95e-06 | Train Acc: 0.1771 | Val Acc: 0.2308 | Val P/R/F1 (Macro): 0.1806/0.2833/0.2141 | LR: 0.000001
Epoch [55/100] | SVD update #55: pairs=96, sweeps=6, converged=True, rel_change=7.530e-04, effective_ranks=(95, 19), class_paired=True
Epoch [55/100] | Loss: 6.9861 (Cls: 6.9978, TAL: -0.1825, Adv: 0.1276, OT-Reg: 0.001555) | OT inner objective: 0.1208 | Marginal residual row/col/max: 6.15e-08/1.80e-08/6.52e-08 | Train Acc: 0.2188 | Val Acc: 0.0769 | Val P/R/F1 (Macro): 0.0347/0.1042/0.0446 | LR: 0.000001
Epoch [56/100] | SVD update #56: pairs=96, sweeps=7, converged=True, rel_change=4.085e-04, effective_ranks=(95, 20), class_paired=True
Epoch [56/100] | Loss: 7.0796 (Cls: 7.0930, TAL: -0.2162, Adv: 0.1567, OT-Reg: 0.001437) | OT inner objective: -0.0282 | Marginal residual row/col/max: 4.06e-06/2.48e-08/4.06e-06 | Train Acc: 0.1979 | Val Acc: 0.1538 | Val P/R/F1 (Macro): 0.2460/0.1792/0.1667 | LR: 0.000001
Epoch [57/100] | SVD update #57: pairs=96, sweeps=6, converged=True, rel_change=7.779e-04, effective_ranks=(95, 21), class_paired=True
Epoch [57/100] | Loss: 6.8816 (Cls: 6.8902, TAL: -0.1645, Adv: 0.1393, OT-Reg: 0.001509) | OT inner objective: 0.0221 | Marginal residual row/col/max: 4.40e-07/1.49e-08/4.40e-07 | Train Acc: 0.1458 | Val Acc: 0.1538 | Val P/R/F1 (Macro): 0.1241/0.1583/0.1359 | LR: 0.000001
Epoch [58/100] | SVD update #58: pairs=96, sweeps=5, converged=True, rel_change=6.455e-04, effective_ranks=(95, 21), class_paired=True
Epoch [58/100] | Loss: 6.6625 (Cls: 6.6495, TAL: 0.0139, Adv: 0.1413, OT-Reg: 0.001436) | OT inner objective: 0.1458 | Marginal residual row/col/max: 2.17e-08/1.86e-08/2.61e-08 | Train Acc: 0.2188 | Val Acc: 0.1923 | Val P/R/F1 (Macro): 0.2000/0.1875/0.1824 | LR: 0.000001
Epoch [59/100] | SVD update #59: pairs=96, sweeps=6, converged=True, rel_change=1.705e-04, effective_ranks=(95, 22), class_paired=True
Epoch [59/100] | Loss: 6.8694 (Cls: 6.8635, TAL: -0.0264, Adv: 0.1126, OT-Reg: 0.001473) | OT inner objective: 0.1759 | Marginal residual row/col/max: 1.08e-05/3.48e-08/1.08e-05 | Train Acc: 0.2812 | Val Acc: 0.2308 | Val P/R/F1 (Macro): 0.3056/0.2250/0.2273 | LR: 0.000001
Epoch [60/100] | SVD update #60: pairs=96, sweeps=9, converged=True, rel_change=5.191e-04, effective_ranks=(95, 24), class_paired=True
Epoch [60/100] | Loss: 6.5235 (Cls: 6.5247, TAL: -0.1142, Adv: 0.1566, OT-Reg: 0.001477) | OT inner objective: 0.0856 | Marginal residual row/col/max: 1.61e-08/2.36e-08/2.36e-08 | Train Acc: 0.1250 | Val Acc: 0.0769 | Val P/R/F1 (Macro): 0.0707/0.1167/0.0875 | LR: 0.000001
Epoch [61/100] | SVD update #61: pairs=96, sweeps=10, converged=True, rel_change=5.305e-04, effective_ranks=(95, 24), class_paired=True
Epoch [61/100] | Loss: 6.6734 (Cls: 6.6646, TAL: -0.0427, Adv: 0.1750, OT-Reg: 0.001513) | OT inner objective: 0.1193 | Marginal residual row/col/max: 9.54e-07/1.92e-08/9.55e-07 | Train Acc: 0.2188 | Val Acc: 0.2308 | Val P/R/F1 (Macro): 0.1722/0.2458/0.1928 | LR: 0.000001
Epoch [62/100] | SVD update #62: pairs=96, sweeps=10, converged=False, rel_change=1.643e-03, effective_ranks=(95, 23), class_paired=True
Epoch [62/100] | Loss: 6.4336 (Cls: 6.4324, TAL: -0.0882, Adv: 0.1465, OT-Reg: 0.001494) | OT inner objective: 0.1531 | Marginal residual row/col/max: 2.48e-08/3.23e-08/3.35e-08 | Train Acc: 0.2396 | Val Acc: 0.2308 | Val P/R/F1 (Macro): 0.4250/0.2458/0.2627 | LR: 0.000001
Epoch [63/100] | SVD update #63: pairs=96, sweeps=5, converged=True, rel_change=9.184e-04, effective_ranks=(95, 22), class_paired=True
Epoch [63/100] | Loss: 6.4632 (Cls: 6.4494, TAL: 0.0061, Adv: 0.1643, OT-Reg: 0.001471) | OT inner objective: 0.1331 | Marginal residual row/col/max: 1.55e-08/3.91e-08/3.91e-08 | Train Acc: 0.1979 | Val Acc: 0.1923 | Val P/R/F1 (Macro): 0.2340/0.1917/0.1938 | LR: 0.000001
Epoch [64/100] | SVD update #64: pairs=96, sweeps=6, converged=True, rel_change=8.010e-04, effective_ranks=(95, 27), class_paired=True
Epoch [64/100] | Loss: 6.5287 (Cls: 6.5510, TAL: -0.2894, Adv: 0.1545, OT-Reg: 0.001464) | OT inner objective: 0.1828 | Marginal residual row/col/max: 1.49e-08/3.48e-08/3.48e-08 | Train Acc: 0.1667 | Val Acc: 0.1154 | Val P/R/F1 (Macro): 0.1278/0.1500/0.1111 | LR: 0.000001
Epoch [65/100] | SVD update #65: pairs=96, sweeps=7, converged=True, rel_change=7.004e-04, effective_ranks=(95, 25), class_paired=True
Epoch [65/100] | Loss: 6.5869 (Cls: 6.5779, TAL: -0.0036, Adv: 0.1177, OT-Reg: 0.001481) | OT inner objective: 0.0539 | Marginal residual row/col/max: 4.79e-07/2.55e-08/4.79e-07 | Train Acc: 0.2292 | Val Acc: 0.3077 | Val P/R/F1 (Macro): 0.1764/0.3292/0.2080 | LR: 0.000001
Epoch [66/100] | SVD update #66: pairs=96, sweeps=7, converged=True, rel_change=6.764e-04, effective_ranks=(95, 22), class_paired=True
Epoch [66/100] | Loss: 6.5433 (Cls: 6.5285, TAL: 0.0284, Adv: 0.1418, OT-Reg: 0.001434) | OT inner objective: 0.1550 | Marginal residual row/col/max: 4.04e-08/3.29e-08/4.78e-08 | Train Acc: 0.1875 | Val Acc: 0.2692 | Val P/R/F1 (Macro): 0.1831/0.2583/0.1875 | LR: 0.000001
Epoch [67/100] | SVD update #67: pairs=96, sweeps=10, converged=True, rel_change=7.170e-04, effective_ranks=(95, 24), class_paired=True
Epoch [67/100] | Loss: 6.7119 (Cls: 6.7160, TAL: -0.1236, Adv: 0.1339, OT-Reg: 0.001452) | OT inner objective: 0.0540 | Marginal residual row/col/max: 4.01e-06/1.49e-08/4.01e-06 | Train Acc: 0.1979 | Val Acc: 0.1923 | Val P/R/F1 (Macro): 0.2275/0.1917/0.1890 | LR: 0.000001
Epoch [68/100] | SVD update #68: pairs=96, sweeps=5, converged=True, rel_change=4.738e-04, effective_ranks=(95, 26), class_paired=True
Epoch [68/100] | Loss: 6.1787 (Cls: 6.1870, TAL: -0.1670, Adv: 0.1472, OT-Reg: 0.001401) | OT inner objective: 0.0921 | Marginal residual row/col/max: 2.03e-04/1.99e-08/2.03e-04 | Train Acc: 0.1875 | Val Acc: 0.2692 | Val P/R/F1 (Macro): 0.1917/0.2833/0.2117 | LR: 0.000001
Epoch [69/100] | SVD update #69: pairs=96, sweeps=7, converged=True, rel_change=6.248e-04, effective_ranks=(95, 25), class_paired=True
Epoch [69/100] | Loss: 6.1030 (Cls: 6.0992, TAL: -0.0745, Adv: 0.1589, OT-Reg: 0.001405) | OT inner objective: 0.1599 | Marginal residual row/col/max: 9.93e-09/1.55e-08/1.55e-08 | Train Acc: 0.2708 | Val Acc: 0.1538 | Val P/R/F1 (Macro): 0.0750/0.1208/0.0778 | LR: 0.000001
Epoch [70/100] | SVD update #70: pairs=96, sweeps=10, converged=True, rel_change=6.181e-04, effective_ranks=(95, 35), class_paired=True
Epoch [70/100] | Loss: 6.3769 (Cls: 6.3663, TAL: 0.0080, Adv: 0.1201, OT-Reg: 0.001434) | OT inner objective: 0.1785 | Marginal residual row/col/max: 1.86e-08/2.86e-08/2.98e-08 | Train Acc: 0.1979 | Val Acc: 0.2692 | Val P/R/F1 (Macro): 0.1806/0.2208/0.1756 | LR: 0.000001
Epoch [71/100] | SVD update #71: pairs=96, sweeps=7, converged=True, rel_change=4.544e-05, effective_ranks=(95, 25), class_paired=True
Epoch [71/100] | Loss: 6.4006 (Cls: 6.3818, TAL: 0.0733, Adv: 0.1261, OT-Reg: 0.001392) | OT inner objective: 0.1214 | Marginal residual row/col/max: 5.84e-08/3.10e-08/6.40e-08 | Train Acc: 0.3021 | Val Acc: 0.3462 | Val P/R/F1 (Macro): 0.2806/0.2625/0.2056 | LR: 0.000001
Epoch [72/100] | SVD update #72: pairs=96, sweeps=6, converged=True, rel_change=6.404e-04, effective_ranks=(95, 25), class_paired=True
Epoch [72/100] | Loss: 6.4786 (Cls: 6.4811, TAL: -0.1103, Adv: 0.1334, OT-Reg: 0.001479) | OT inner objective: 0.1911 | Marginal residual row/col/max: 1.24e-08/3.97e-08/3.97e-08 | Train Acc: 0.2708 | Val Acc: 0.3077 | Val P/R/F1 (Macro): 0.2667/0.3250/0.2880 | LR: 0.000001
Epoch [73/100] | SVD update #73: pairs=96, sweeps=10, converged=False, rel_change=1.276e-02, effective_ranks=(95, 38), class_paired=True
Epoch [73/100] | Loss: 6.2649 (Cls: 6.2594, TAL: -0.0403, Adv: 0.1293, OT-Reg: 0.001434) | OT inner objective: 0.1418 | Marginal residual row/col/max: 1.30e-04/2.92e-08/1.30e-04 | Train Acc: 0.2708 | Val Acc: 0.1538 | Val P/R/F1 (Macro): 0.2143/0.1083/0.1222 | LR: 0.000001
Epoch [74/100] | SVD update #74: pairs=96, sweeps=10, converged=False, rel_change=1.097e-02, effective_ranks=(95, 25), class_paired=True
Epoch [74/100] | Loss: 6.4740 (Cls: 6.4675, TAL: -0.0389, Adv: 0.1398, OT-Reg: 0.001515) | OT inner objective: 0.1868 | Marginal residual row/col/max: 1.24e-08/2.67e-08/2.67e-08 | Train Acc: 0.2708 | Val Acc: 0.1538 | Val P/R/F1 (Macro): 0.1875/0.1208/0.1425 | LR: 0.000001
Epoch [75/100] | SVD update #75: pairs=96, sweeps=7, converged=True, rel_change=3.865e-04, effective_ranks=(95, 25), class_paired=True
Epoch [75/100] | Loss: 6.2402 (Cls: 6.2314, TAL: -0.0049, Adv: 0.1170, OT-Reg: 0.001404) | OT inner objective: 0.1687 | Marginal residual row/col/max: 4.71e-07/3.54e-08/4.81e-07 | Train Acc: 0.2604 | Val Acc: 0.1538 | Val P/R/F1 (Macro): 0.0708/0.1208/0.0875 | LR: 0.000001
Epoch [76/100] | SVD update #76: pairs=96, sweeps=7, converged=True, rel_change=4.405e-04, effective_ranks=(95, 23), class_paired=True
Epoch [76/100] | Loss: 6.5370 (Cls: 6.5249, TAL: -0.0045, Adv: 0.1577, OT-Reg: 0.001450) | OT inner objective: 0.2018 | Marginal residual row/col/max: 1.61e-08/3.29e-08/3.29e-08 | Train Acc: 0.2500 | Val Acc: 0.1923 | Val P/R/F1 (Macro): 0.2528/0.2250/0.1679 | LR: 0.000001
Epoch [77/100] | SVD update #77: pairs=96, sweeps=10, converged=False, rel_change=8.276e-02, effective_ranks=(95, 38), class_paired=True
Epoch [77/100] | Loss: 7.0828 (Cls: 7.0694, TAL: -0.0055, Adv: 0.1758, OT-Reg: 0.001400) | OT inner objective: 0.2155 | Marginal residual row/col/max: 3.35e-08/4.28e-08/4.41e-08 | Train Acc: 0.1875 | Val Acc: 0.1538 | Val P/R/F1 (Macro): 0.2083/0.1208/0.0959 | LR: 0.000001
Epoch [78/100] | SVD update #78: pairs=96, sweeps=10, converged=True, rel_change=8.054e-04, effective_ranks=(95, 27), class_paired=True
Epoch [78/100] | Loss: 7.6536 (Cls: 7.6168, TAL: 0.1846, Adv: 0.1835, OT-Reg: 0.001352) | OT inner objective: 0.0558 | Marginal residual row/col/max: 2.83e-05/2.36e-08/2.83e-05 | Train Acc: 0.2917 | Val Acc: 0.1154 | Val P/R/F1 (Macro): 0.0333/0.1000/0.0500 | LR: 0.000001
Epoch [79/100] | SVD update #79: pairs=96, sweeps=10, converged=False, rel_change=3.022e-01, effective_ranks=(95, 31), class_paired=True
Epoch [79/100] | Loss: 7.2648 (Cls: 7.2350, TAL: 0.1460, Adv: 0.1544, OT-Reg: 0.001478) | OT inner objective: 0.1889 | Marginal residual row/col/max: 1.49e-08/2.48e-08/2.55e-08 | Train Acc: 0.2917 | Val Acc: 0.4615 | Val P/R/F1 (Macro): 0.3621/0.4375/0.3843 | LR: 0.000001
Epoch [80/100] | SVD update #80: pairs=96, sweeps=10, converged=False, rel_change=1.590e-01, effective_ranks=(95, 36), class_paired=True
Epoch [80/100] | Loss: 8.2708 (Cls: 8.2603, TAL: -0.0291, Adv: 0.1753, OT-Reg: 0.001403) | OT inner objective: 0.1182 | Marginal residual row/col/max: 3.30e-07/2.73e-08/3.32e-07 | Train Acc: 0.1250 | Val Acc: 0.1154 | Val P/R/F1 (Macro): 0.1889/0.1500/0.1444 | LR: 0.000001
Epoch [81/100] | SVD update #81: pairs=96, sweeps=9, converged=True, rel_change=3.598e-04, effective_ranks=(95, 28), class_paired=True
Epoch [81/100] | Loss: 7.9153 (Cls: 7.8970, TAL: 0.0333, Adv: 0.1788, OT-Reg: 0.001482) | OT inner objective: 0.0935 | Marginal residual row/col/max: 1.34e-04/2.05e-08/1.34e-04 | Train Acc: 0.1771 | Val Acc: 0.0385 | Val P/R/F1 (Macro): 0.0139/0.0417/0.0208 | LR: 0.000001
Epoch [82/100] | SVD update #82: pairs=96, sweeps=10, converged=True, rel_change=6.078e-04, effective_ranks=(95, 31), class_paired=True
Epoch [82/100] | Loss: 8.1639 (Cls: 8.1490, TAL: 0.0322, Adv: 0.1387, OT-Reg: 0.001283) | OT inner objective: 0.1722 | Marginal residual row/col/max: 5.66e-05/1.43e-08/5.66e-05 | Train Acc: 0.1042 | Val Acc: 0.1923 | Val P/R/F1 (Macro): 0.1238/0.2292/0.1186 | LR: 0.000001
Epoch [83/100] | SVD update #83: pairs=96, sweeps=10, converged=False, rel_change=4.851e-02, effective_ranks=(95, 31), class_paired=True
Epoch [83/100] | Loss: 7.8830 (Cls: 7.8828, TAL: -0.0836, Adv: 0.1283, OT-Reg: 0.001421) | OT inner objective: -0.0180 | Marginal residual row/col/max: 3.98e-06/2.17e-08/3.98e-06 | Train Acc: 0.1979 | Val Acc: 0.0385 | Val P/R/F1 (Macro): 0.0167/0.0833/0.0278 | LR: 0.000001
Epoch [84/100] | SVD update #84: pairs=96, sweeps=10, converged=False, rel_change=1.855e-01, effective_ranks=(95, 35), class_paired=True
Epoch [84/100] | Loss: 7.6793 (Cls: 7.6773, TAL: -0.0813, Adv: 0.1464, OT-Reg: 0.001346) | OT inner objective: -0.0546 | Marginal residual row/col/max: 1.85e-04/4.84e-08/1.85e-04 | Train Acc: 0.1667 | Val Acc: 0.1154 | Val P/R/F1 (Macro): 0.1167/0.1250/0.1032 | LR: 0.000001
Epoch [85/100] | SVD update #85: pairs=96, sweeps=6, converged=True, rel_change=2.251e-04, effective_ranks=(95, 26), class_paired=True
Epoch [85/100] | Loss: 7.7150 (Cls: 7.7122, TAL: -0.0835, Adv: 0.1600, OT-Reg: 0.001363) | OT inner objective: 0.0895 | Marginal residual row/col/max: 1.86e-08/1.99e-08/2.61e-08 | Train Acc: 0.1250 | Val Acc: 0.1923 | Val P/R/F1 (Macro): 0.0859/0.1292/0.1005 | LR: 0.000001
Epoch [86/100] | SVD update #86: pairs=96, sweeps=10, converged=False, rel_change=1.832e-01, effective_ranks=(95, 40), class_paired=True
Epoch [86/100] | Loss: 8.3923 (Cls: 8.3697, TAL: 0.1014, Adv: 0.1302, OT-Reg: 0.001367) | OT inner objective: -0.0351 | Marginal residual row/col/max: 3.04e-04/2.17e-08/3.04e-04 | Train Acc: 0.0938 | Val Acc: 0.3462 | Val P/R/F1 (Macro): 0.1250/0.3125/0.1643 | LR: 0.000001
Epoch [87/100] | SVD update #87: pairs=96, sweeps=8, converged=True, rel_change=4.554e-04, effective_ranks=(95, 27), class_paired=True
Epoch [87/100] | Loss: 7.6918 (Cls: 7.6672, TAL: 0.1242, Adv: 0.1218, OT-Reg: 0.001432) | OT inner objective: 0.0682 | Marginal residual row/col/max: 4.79e-05/3.79e-08/4.79e-05 | Train Acc: 0.1667 | Val Acc: 0.1923 | Val P/R/F1 (Macro): 0.0938/0.2500/0.1296 | LR: 0.000001
Epoch [88/100] | SVD update #88: pairs=96, sweeps=5, converged=True, rel_change=5.248e-04, effective_ranks=(95, 24), class_paired=True
Epoch [88/100] | Loss: 7.2744 (Cls: 7.2531, TAL: 0.1110, Adv: 0.0989, OT-Reg: 0.001510) | OT inner objective: 0.1684 | Marginal residual row/col/max: 7.51e-08/4.35e-08/8.94e-08 | Train Acc: 0.3125 | Val Acc: 0.3077 | Val P/R/F1 (Macro): 0.2307/0.3167/0.2565 | LR: 0.000001
Epoch [89/100] | SVD update #89: pairs=96, sweeps=4, converged=True, rel_change=8.273e-04, effective_ranks=(95, 26), class_paired=True
Epoch [89/100] | Loss: 7.3273 (Cls: 7.3035, TAL: 0.0998, Adv: 0.1474, OT-Reg: 0.001348) | OT inner objective: 0.0024 | Marginal residual row/col/max: 3.58e-06/2.11e-08/3.58e-06 | Train Acc: 0.2500 | Val Acc: 0.1923 | Val P/R/F1 (Macro): 0.1010/0.1667/0.1231 | LR: 0.000001
Epoch [90/100] | SVD update #90: pairs=96, sweeps=10, converged=False, rel_change=2.551e-03, effective_ranks=(95, 33), class_paired=True
Epoch [90/100] | Loss: 7.7284 (Cls: 7.7143, TAL: 0.0352, Adv: 0.1232, OT-Reg: 0.001376) | OT inner objective: 0.2567 | Marginal residual row/col/max: 1.30e-08/2.17e-08/2.17e-08 | Train Acc: 0.1979 | Val Acc: 0.2692 | Val P/R/F1 (Macro): 0.1290/0.2208/0.1545 | LR: 0.000001
Epoch [91/100] | SVD update #91: pairs=96, sweeps=9, converged=True, rel_change=4.589e-04, effective_ranks=(95, 28), class_paired=True
Epoch [91/100] | Loss: 7.5053 (Cls: 7.4813, TAL: 0.1259, Adv: 0.1108, OT-Reg: 0.001495) | OT inner objective: 0.0280 | Marginal residual row/col/max: 1.95e-06/1.99e-08/1.95e-06 | Train Acc: 0.2292 | Val Acc: 0.1538 | Val P/R/F1 (Macro): 0.1487/0.2333/0.1615 | LR: 0.000001
Epoch [92/100] | SVD update #92: pairs=96, sweeps=5, converged=True, rel_change=1.292e-04, effective_ranks=(95, 24), class_paired=True
Epoch [92/100] | Loss: 8.0588 (Cls: 8.0431, TAL: 0.0449, Adv: 0.1291, OT-Reg: 0.001444) | OT inner objective: 0.1052 | Marginal residual row/col/max: 1.63e-05/1.55e-08/1.63e-05 | Train Acc: 0.3021 | Val Acc: 0.2692 | Val P/R/F1 (Macro): 0.2607/0.2708/0.2433 | LR: 0.000001
Epoch [93/100] | SVD update #93: pairs=96, sweeps=7, converged=True, rel_change=7.209e-04, effective_ranks=(95, 23), class_paired=True
Epoch [93/100] | Loss: 7.3773 (Cls: 7.3544, TAL: 0.1237, Adv: 0.1004, OT-Reg: 0.001440) | OT inner objective: -0.0541 | Marginal residual row/col/max: 2.08e-04/1.30e-08/2.08e-04 | Train Acc: 0.2188 | Val Acc: 0.1154 | Val P/R/F1 (Macro): 0.0889/0.2500/0.1222 | LR: 0.000001
Epoch [94/100] | SVD update #94: pairs=96, sweeps=5, converged=True, rel_change=6.015e-04, effective_ranks=(95, 27), class_paired=True
Epoch [94/100] | Loss: 7.5175 (Cls: 7.5026, TAL: 0.0402, Adv: 0.1266, OT-Reg: 0.001383) | OT inner objective: 0.0991 | Marginal residual row/col/max: 9.88e-06/2.11e-08/9.89e-06 | Train Acc: 0.2812 | Val Acc: 0.3077 | Val P/R/F1 (Macro): 0.2222/0.3333/0.2446 | LR: 0.000001
Epoch [95/100] | SVD update #95: pairs=96, sweeps=5, converged=True, rel_change=4.654e-04, effective_ranks=(95, 27), class_paired=True
Epoch [95/100] | Loss: 7.8148 (Cls: 7.7869, TAL: 0.1699, Adv: 0.0938, OT-Reg: 0.001457) | OT inner objective: 0.1159 | Marginal residual row/col/max: 4.81e-06/2.79e-08/4.81e-06 | Train Acc: 0.1979 | Val Acc: 0.0769 | Val P/R/F1 (Macro): 0.0303/0.0667/0.0417 | LR: 0.000001
Epoch [96/100] | SVD update #96: pairs=96, sweeps=10, converged=False, rel_change=2.655e-03, effective_ranks=(95, 27), class_paired=True
Epoch [96/100] | Loss: 7.8705 (Cls: 7.8645, TAL: -0.0320, Adv: 0.1237, OT-Reg: 0.001483) | OT inner objective: 0.1817 | Marginal residual row/col/max: 1.55e-08/3.48e-08/3.48e-08 | Train Acc: 0.1979 | Val Acc: 0.1538 | Val P/R/F1 (Macro): 0.1957/0.1792/0.1452 | LR: 0.000001
Epoch [97/100] | SVD update #97: pairs=96, sweeps=7, converged=True, rel_change=2.805e-04, effective_ranks=(95, 27), class_paired=True
Epoch [97/100] | Loss: 7.9405 (Cls: 7.9048, TAL: 0.2341, Adv: 0.0954, OT-Reg: 0.001502) | OT inner objective: 0.0651 | Marginal residual row/col/max: 1.54e-06/1.74e-08/1.54e-06 | Train Acc: 0.2292 | Val Acc: 0.2308 | Val P/R/F1 (Macro): 0.3021/0.2458/0.2185 | LR: 0.000001
Epoch [98/100] | SVD update #98: pairs=96, sweeps=10, converged=False, rel_change=9.262e-03, effective_ranks=(95, 24), class_paired=True
Epoch [98/100] | Loss: 7.3644 (Cls: 7.3416, TAL: 0.1168, Adv: 0.1108, OT-Reg: 0.001470) | OT inner objective: 0.1709 | Marginal residual row/col/max: 1.29e-06/2.73e-08/1.30e-06 | Train Acc: 0.2917 | Val Acc: 0.1538 | Val P/R/F1 (Macro): 0.0417/0.1333/0.0635 | LR: 0.000001
Epoch [99/100] | SVD update #99: pairs=96, sweeps=5, converged=True, rel_change=9.874e-04, effective_ranks=(95, 25), class_paired=True
Epoch [99/100] | Loss: 7.4466 (Cls: 7.4382, TAL: -0.0014, Adv: 0.1069, OT-Reg: 0.001482) | OT inner objective: 0.0673 | Marginal residual row/col/max: 2.31e-04/3.29e-08/2.31e-04 | Train Acc: 0.1979 | Val Acc: 0.0769 | Val P/R/F1 (Macro): 0.0684/0.1167/0.0639 | LR: 0.000001
Epoch [100/100] | SVD update #100: pairs=96, sweeps=10, converged=False, rel_change=3.377e-03, effective_ranks=(95, 27), class_paired=True
Epoch [100/100] | Loss: 7.4069 (Cls: 7.3999, TAL: 0.0090, Adv: 0.0731, OT-Reg: 0.001308) | OT inner objective: -0.0937 | Marginal residual row/col/max: 1.19e-04/1.49e-08/1.19e-04 | Train Acc: 0.2292 | Val Acc: 0.1538 | Val P/R/F1 (Macro): 0.2315/0.1917/0.1560 | LR: 0.000001
Report strategy: best, window=10, reported_acc=0.5000, best_acc=0.5000, selected_epoch=4

迭代 2 报告指标:
  Accuracy: 0.5000
  Precision (Macro): 0.4167
  Recall (Macro): 0.3833
  F1 (Macro): 0.3981
  Precision (Micro): 0.5000
  Recall (Micro): 0.5000
  F1 (Micro): 0.5000
  Val class coverage: 6/14 (0.4286), samples=26

================================================================================
迭代 3/5
随机种子: 44
================================================================================
配对采样器已初始化，共 6 个共有类别。
Training mode: full target-label supervision (class-paired batches).
Feature fusion: Tensor alignment (512+512 -> 16+16); fused_dim=32
Domain adaptation: Neural OT generator with 3-domain discriminator
Loss weights: tensor=0.12, adv=0.08
Transport: mode=sinkhorn, epsilon=0.1, Sinkhorn iterations=50, correction scale=0.1, correction regularization weight=0.001
Tensor projection update: once per epoch from the complete target-training pairing bank; projection_dim=16, max_sweeps=10, relative singular-value tolerance=0.001
Epoch [1/100] | SVD update #1: pairs=96, sweeps=5, converged=True, rel_change=4.954e-04, effective_ranks=(95, 93), class_paired=True
Epoch [1/100] | Loss: 8.9155 (Cls: 8.8713, TAL: 0.0016, Adv: 0.5507, OT-Reg: 0.001509) | OT inner objective: 0.1771 | Marginal residual row/col/max: 1.12e-08/2.55e-08/2.55e-08 | Train Acc: 0.1354 | Val Acc: 0.1923 | Val P/R/F1 (Macro): 0.1389/0.2167/0.1629 | LR: 0.000005
  >>> New Best Val Acc: 0.1923
Epoch [2/100] | SVD update #2: pairs=96, sweeps=3, converged=True, rel_change=5.315e-05, effective_ranks=(95, 79), class_paired=True
Epoch [2/100] | Loss: 9.0074 (Cls: 8.9724, TAL: 0.0725, Adv: 0.3296, OT-Reg: 0.001732) | OT inner objective: 0.2352 | Marginal residual row/col/max: 9.31e-09/1.24e-08/1.37e-08 | Train Acc: 0.0938 | Val Acc: 0.2308 | Val P/R/F1 (Macro): 0.1389/0.2833/0.1831 | LR: 0.000005
  >>> New Best Val Acc: 0.2308
Epoch [3/100] | SVD update #3: pairs=96, sweeps=3, converged=True, rel_change=3.439e-04, effective_ranks=(95, 51), class_paired=True
Epoch [3/100] | Loss: 8.7651 (Cls: 8.7482, TAL: -0.0822, Adv: 0.3339, OT-Reg: 0.001693) | OT inner objective: 0.2014 | Marginal residual row/col/max: 9.93e-09/1.61e-08/1.74e-08 | Train Acc: 0.0729 | Val Acc: 0.1154 | Val P/R/F1 (Macro): 0.0227/0.1000/0.0370 | LR: 0.000005
Epoch [4/100] | SVD update #4: pairs=96, sweeps=6, converged=True, rel_change=2.221e-04, effective_ranks=(95, 36), class_paired=True
Epoch [4/100] | Loss: 7.6582 (Cls: 7.6370, TAL: -0.0492, Adv: 0.3380, OT-Reg: 0.001601) | OT inner objective: 0.0995 | Marginal residual row/col/max: 1.18e-08/1.68e-08/1.68e-08 | Train Acc: 0.1667 | Val Acc: 0.0769 | Val P/R/F1 (Macro): 0.0208/0.1667/0.0370 | LR: 0.000005
Epoch [5/100] | SVD update #5: pairs=96, sweeps=10, converged=False, rel_change=5.694e-01, effective_ranks=(95, 62), class_paired=True
Epoch [5/100] | Loss: 7.5228 (Cls: 7.5114, TAL: -0.0960, Adv: 0.2864, OT-Reg: 0.001618) | OT inner objective: 0.1404 | Marginal residual row/col/max: 1.55e-08/3.10e-08/3.10e-08 | Train Acc: 0.1250 | Val Acc: 0.0769 | Val P/R/F1 (Macro): 0.0303/0.1667/0.0513 | LR: 0.000005
Epoch [6/100] | SVD update #6: pairs=96, sweeps=10, converged=True, rel_change=4.862e-04, effective_ranks=(95, 48), class_paired=True
Epoch [6/100] | Loss: 7.6255 (Cls: 7.6088, TAL: -0.0571, Adv: 0.2938, OT-Reg: 0.001734) | OT inner objective: 0.1648 | Marginal residual row/col/max: 1.18e-08/1.49e-08/1.49e-08 | Train Acc: 0.1458 | Val Acc: 0.1154 | Val P/R/F1 (Macro): 0.0333/0.1000/0.0500 | LR: 0.000005
Epoch [7/100] | SVD update #7: pairs=96, sweeps=10, converged=False, rel_change=1.513e-02, effective_ranks=(95, 32), class_paired=True
Epoch [7/100] | Loss: 7.1397 (Cls: 7.1191, TAL: 0.0004, Adv: 0.2570, OT-Reg: 0.001568) | OT inner objective: 0.1199 | Marginal residual row/col/max: 1.12e-08/1.24e-08/1.24e-08 | Train Acc: 0.1771 | Val Acc: 0.0769 | Val P/R/F1 (Macro): 0.0648/0.1667/0.0833 | LR: 0.000005
Epoch [8/100] | SVD update #8: pairs=96, sweeps=10, converged=False, rel_change=3.411e-02, effective_ranks=(95, 37), class_paired=True
Epoch [8/100] | Loss: 7.0637 (Cls: 7.0479, TAL: -0.0335, Adv: 0.2474, OT-Reg: 0.001519) | OT inner objective: 0.1565 | Marginal residual row/col/max: 1.86e-08/2.86e-08/2.86e-08 | Train Acc: 0.1875 | Val Acc: 0.2308 | Val P/R/F1 (Macro): 0.0833/0.1250/0.1000 | LR: 0.000005
Epoch [9/100] | SVD update #9: pairs=96, sweeps=10, converged=False, rel_change=3.782e-02, effective_ranks=(95, 43), class_paired=True
Epoch [9/100] | Loss: 6.7637 (Cls: 6.7346, TAL: 0.0796, Adv: 0.2442, OT-Reg: 0.001582) | OT inner objective: 0.1943 | Marginal residual row/col/max: 1.06e-08/1.86e-08/1.86e-08 | Train Acc: 0.2917 | Val Acc: 0.1538 | Val P/R/F1 (Macro): 0.0613/0.3333/0.1018 | LR: 0.000005
Epoch [10/100] | SVD update #10: pairs=96, sweeps=10, converged=False, rel_change=8.022e-03, effective_ranks=(95, 32), class_paired=True
Epoch [10/100] | Loss: 7.1406 (Cls: 7.1285, TAL: -0.0397, Adv: 0.2110, OT-Reg: 0.001609) | OT inner objective: 0.1957 | Marginal residual row/col/max: 1.12e-08/9.31e-09/1.18e-08 | Train Acc: 0.1250 | Val Acc: 0.0385 | Val P/R/F1 (Macro): 0.0104/0.0833/0.0185 | LR: 0.000005
Epoch [11/100] | SVD update #11: pairs=96, sweeps=10, converged=False, rel_change=2.550e-01, effective_ranks=(95, 35), class_paired=True
Epoch [11/100] | Loss: 6.6705 (Cls: 6.6650, TAL: -0.1094, Adv: 0.2328, OT-Reg: 0.001673) | OT inner objective: 0.1790 | Marginal residual row/col/max: 1.24e-08/2.05e-08/2.05e-08 | Train Acc: 0.1250 | Val Acc: 0.0000 | Val P/R/F1 (Macro): 0.0000/0.0000/0.0000 | LR: 0.000005
Epoch [12/100] | SVD update #12: pairs=96, sweeps=10, converged=False, rel_change=1.948e-03, effective_ranks=(95, 31), class_paired=True
Epoch [12/100] | Loss: 6.6141 (Cls: 6.5884, TAL: 0.0569, Adv: 0.2354, OT-Reg: 0.001500) | OT inner objective: -0.0286 | Marginal residual row/col/max: 1.61e-06/1.06e-08/1.61e-06 | Train Acc: 0.1562 | Val Acc: 0.1923 | Val P/R/F1 (Macro): 0.0860/0.1667/0.0993 | LR: 0.000005
Epoch [13/100] | SVD update #13: pairs=96, sweeps=10, converged=False, rel_change=5.588e-01, effective_ranks=(95, 25), class_paired=True
Epoch [13/100] | Loss: 6.5099 (Cls: 6.4987, TAL: -0.0579, Adv: 0.2272, OT-Reg: 0.001471) | OT inner objective: 0.0821 | Marginal residual row/col/max: 1.49e-08/1.68e-08/1.86e-08 | Train Acc: 0.2188 | Val Acc: 0.2308 | Val P/R/F1 (Macro): 0.1685/0.3000/0.1982 | LR: 0.000003
Epoch [14/100] | SVD update #14: pairs=96, sweeps=10, converged=False, rel_change=3.685e-02, effective_ranks=(95, 20), class_paired=True
Epoch [14/100] | Loss: 6.4770 (Cls: 6.4501, TAL: 0.0628, Adv: 0.2419, OT-Reg: 0.001445) | OT inner objective: 0.0036 | Marginal residual row/col/max: 1.27e-07/1.30e-08/1.27e-07 | Train Acc: 0.1771 | Val Acc: 0.2308 | Val P/R/F1 (Macro): 0.0889/0.2500/0.1222 | LR: 0.000003
Epoch [15/100] | SVD update #15: pairs=96, sweeps=10, converged=False, rel_change=3.193e-03, effective_ranks=(95, 22), class_paired=True
Epoch [15/100] | Loss: 6.4257 (Cls: 6.4220, TAL: -0.1358, Adv: 0.2496, OT-Reg: 0.001308) | OT inner objective: 0.1436 | Marginal residual row/col/max: 1.10e-05/2.42e-08/1.10e-05 | Train Acc: 0.2292 | Val Acc: 0.3462 | Val P/R/F1 (Macro): 0.1424/0.2375/0.1766 | LR: 0.000003
  >>> New Best Val Acc: 0.3462
Epoch [16/100] | SVD update #16: pairs=96, sweeps=7, converged=True, rel_change=9.703e-04, effective_ranks=(95, 22), class_paired=True
Epoch [16/100] | Loss: 6.8547 (Cls: 6.8396, TAL: -0.0613, Adv: 0.2812, OT-Reg: 0.001475) | OT inner objective: 0.0027 | Marginal residual row/col/max: 1.82e-06/1.24e-08/1.82e-06 | Train Acc: 0.1042 | Val Acc: 0.2692 | Val P/R/F1 (Macro): 0.0778/0.1458/0.1014 | LR: 0.000003
Epoch [17/100] | SVD update #17: pairs=96, sweeps=7, converged=True, rel_change=4.387e-04, effective_ranks=(95, 22), class_paired=True
Epoch [17/100] | Loss: 6.3500 (Cls: 6.3443, TAL: -0.0948, Adv: 0.2131, OT-Reg: 0.001405) | OT inner objective: 0.0262 | Marginal residual row/col/max: 2.75e-05/1.18e-08/2.75e-05 | Train Acc: 0.1458 | Val Acc: 0.1538 | Val P/R/F1 (Macro): 0.0513/0.0833/0.0635 | LR: 0.000003
Epoch [18/100] | SVD update #18: pairs=96, sweeps=8, converged=True, rel_change=8.727e-04, effective_ranks=(94, 21), class_paired=True
Epoch [18/100] | Loss: 6.9462 (Cls: 6.9329, TAL: -0.0522, Adv: 0.2439, OT-Reg: 0.001334) | OT inner objective: -0.0022 | Marginal residual row/col/max: 6.46e-08/9.93e-09/6.46e-08 | Train Acc: 0.0938 | Val Acc: 0.1538 | Val P/R/F1 (Macro): 0.0513/0.0833/0.0635 | LR: 0.000003
Epoch [19/100] | SVD update #19: pairs=96, sweeps=7, converged=True, rel_change=3.767e-04, effective_ranks=(95, 19), class_paired=True
Epoch [19/100] | Loss: 5.8863 (Cls: 5.8776, TAL: -0.0868, Adv: 0.2384, OT-Reg: 0.001536) | OT inner objective: 0.0442 | Marginal residual row/col/max: 1.55e-07/1.06e-08/1.55e-07 | Train Acc: 0.2396 | Val Acc: 0.3077 | Val P/R/F1 (Macro): 0.4056/0.3667/0.3667 | LR: 0.000003
Epoch [20/100] | SVD update #20: pairs=96, sweeps=10, converged=False, rel_change=1.581e-03, effective_ranks=(95, 18), class_paired=True
Epoch [20/100] | Loss: 6.1272 (Cls: 6.1107, TAL: -0.0309, Adv: 0.2531, OT-Reg: 0.001344) | OT inner objective: 0.1078 | Marginal residual row/col/max: 3.23e-08/1.99e-08/3.35e-08 | Train Acc: 0.2083 | Val Acc: 0.3846 | Val P/R/F1 (Macro): 0.3291/0.3833/0.3360 | LR: 0.000003
  >>> New Best Val Acc: 0.3846
Epoch [21/100] | SVD update #21: pairs=96, sweeps=8, converged=True, rel_change=5.308e-04, effective_ranks=(95, 22), class_paired=True
Epoch [21/100] | Loss: 6.6959 (Cls: 6.6484, TAL: 0.2135, Adv: 0.2741, OT-Reg: 0.001457) | OT inner objective: 0.1297 | Marginal residual row/col/max: 1.51e-07/1.43e-08/1.57e-07 | Train Acc: 0.2917 | Val Acc: 0.2692 | Val P/R/F1 (Macro): 0.1272/0.1708/0.1358 | LR: 0.000003
Epoch [22/100] | SVD update #22: pairs=96, sweeps=7, converged=True, rel_change=8.652e-04, effective_ranks=(94, 17), class_paired=True
Epoch [22/100] | Loss: 6.6581 (Cls: 6.6442, TAL: -0.0197, Adv: 0.2034, OT-Reg: 0.001575) | OT inner objective: 0.0258 | Marginal residual row/col/max: 8.01e-08/3.85e-08/8.20e-08 | Train Acc: 0.0833 | Val Acc: 0.2308 | Val P/R/F1 (Macro): 0.1296/0.2000/0.1558 | LR: 0.000003
Epoch [23/100] | SVD update #23: pairs=96, sweeps=10, converged=False, rel_change=1.860e-01, effective_ranks=(95, 31), class_paired=True
Epoch [23/100] | Loss: 6.7164 (Cls: 6.7228, TAL: -0.1807, Adv: 0.1919, OT-Reg: 0.001415) | OT inner objective: -0.1175 | Marginal residual row/col/max: 2.98e-05/9.93e-09/2.98e-05 | Train Acc: 0.1458 | Val Acc: 0.3846 | Val P/R/F1 (Macro): 0.3095/0.3833/0.3257 | LR: 0.000003
Epoch [24/100] | SVD update #24: pairs=96, sweeps=6, converged=True, rel_change=2.425e-04, effective_ranks=(95, 23), class_paired=True
Epoch [24/100] | Loss: 6.2143 (Cls: 6.2127, TAL: -0.1484, Adv: 0.2420, OT-Reg: 0.001410) | OT inner objective: -0.1473 | Marginal residual row/col/max: 2.34e-05/1.43e-08/2.34e-05 | Train Acc: 0.1875 | Val Acc: 0.1923 | Val P/R/F1 (Macro): 0.0707/0.1167/0.0875 | LR: 0.000003
Epoch [25/100] | SVD update #25: pairs=96, sweeps=7, converged=True, rel_change=6.025e-04, effective_ranks=(95, 27), class_paired=True
Epoch [25/100] | Loss: 6.6674 (Cls: 6.6647, TAL: -0.1288, Adv: 0.2266, OT-Reg: 0.001477) | OT inner objective: 0.1974 | Marginal residual row/col/max: 3.38e-05/1.37e-08/3.38e-05 | Train Acc: 0.1667 | Val Acc: 0.3462 | Val P/R/F1 (Macro): 0.2250/0.3125/0.2500 | LR: 0.000003
Epoch [26/100] | SVD update #26: pairs=96, sweeps=6, converged=True, rel_change=4.552e-04, effective_ranks=(95, 19), class_paired=True
Epoch [26/100] | Loss: 6.0796 (Cls: 6.0849, TAL: -0.1720, Adv: 0.1927, OT-Reg: 0.001347) | OT inner objective: -0.1180 | Marginal residual row/col/max: 6.14e-06/9.93e-09/6.14e-06 | Train Acc: 0.1979 | Val Acc: 0.2308 | Val P/R/F1 (Macro): 0.2188/0.1375/0.1250 | LR: 0.000003
Epoch [27/100] | SVD update #27: pairs=96, sweeps=6, converged=True, rel_change=7.980e-04, effective_ranks=(95, 17), class_paired=True
Epoch [27/100] | Loss: 5.8194 (Cls: 5.7931, TAL: 0.0735, Adv: 0.2189, OT-Reg: 0.001459) | OT inner objective: 0.0894 | Marginal residual row/col/max: 4.38e-07/9.31e-09/4.38e-07 | Train Acc: 0.2500 | Val Acc: 0.5000 | Val P/R/F1 (Macro): 0.5556/0.5208/0.5169 | LR: 0.000003
  >>> New Best Val Acc: 0.5000
Epoch [28/100] | SVD update #28: pairs=96, sweeps=6, converged=True, rel_change=9.477e-04, effective_ranks=(95, 20), class_paired=True
Epoch [28/100] | Loss: 6.2626 (Cls: 6.2528, TAL: -0.0760, Adv: 0.2362, OT-Reg: 0.001011) | OT inner objective: -0.0238 | Marginal residual row/col/max: 1.79e-04/9.93e-09/1.79e-04 | Train Acc: 0.1979 | Val Acc: 0.3846 | Val P/R/F1 (Macro): 0.2222/0.3333/0.2500 | LR: 0.000003
Epoch [29/100] | SVD update #29: pairs=96, sweeps=6, converged=True, rel_change=1.996e-04, effective_ranks=(95, 18), class_paired=True
Epoch [29/100] | Loss: 6.1501 (Cls: 6.1462, TAL: -0.1245, Adv: 0.2356, OT-Reg: 0.001429) | OT inner objective: -0.0763 | Marginal residual row/col/max: 3.08e-06/8.07e-09/3.08e-06 | Train Acc: 0.2500 | Val Acc: 0.0769 | Val P/R/F1 (Macro): 0.0303/0.0542/0.0384 | LR: 0.000003
Epoch [30/100] | SVD update #30: pairs=96, sweeps=8, converged=True, rel_change=4.413e-04, effective_ranks=(95, 18), class_paired=True
Epoch [30/100] | Loss: 5.8479 (Cls: 5.8514, TAL: -0.1577, Adv: 0.1927, OT-Reg: 0.001291) | OT inner objective: -0.0692 | Marginal residual row/col/max: 1.16e-06/1.06e-08/1.16e-06 | Train Acc: 0.2188 | Val Acc: 0.0769 | Val P/R/F1 (Macro): 0.0382/0.0542/0.0397 | LR: 0.000003
Epoch [31/100] | SVD update #31: pairs=96, sweeps=10, converged=False, rel_change=1.532e-01, effective_ranks=(95, 30), class_paired=True
Epoch [31/100] | Loss: 6.6189 (Cls: 6.6166, TAL: -0.1224, Adv: 0.2124, OT-Reg: 0.001251) | OT inner objective: 0.0212 | Marginal residual row/col/max: 3.35e-07/2.48e-08/3.35e-07 | Train Acc: 0.1562 | Val Acc: 0.1923 | Val P/R/F1 (Macro): 0.1151/0.2500/0.1367 | LR: 0.000003
Epoch [32/100] | SVD update #32: pairs=96, sweeps=10, converged=False, rel_change=7.812e-02, effective_ranks=(95, 28), class_paired=True
Epoch [32/100] | Loss: 6.0936 (Cls: 6.0805, TAL: -0.0143, Adv: 0.1859, OT-Reg: 0.001595) | OT inner objective: 0.0672 | Marginal residual row/col/max: 1.43e-08/2.05e-08/2.30e-08 | Train Acc: 0.1354 | Val Acc: 0.2692 | Val P/R/F1 (Macro): 0.2105/0.2083/0.1361 | LR: 0.000003
Epoch [33/100] | SVD update #33: pairs=96, sweeps=8, converged=True, rel_change=6.945e-04, effective_ranks=(95, 23), class_paired=True
Epoch [33/100] | Loss: 5.9718 (Cls: 5.9591, TAL: -0.0286, Adv: 0.2015, OT-Reg: 0.001366) | OT inner objective: -0.0461 | Marginal residual row/col/max: 2.06e-04/1.49e-08/2.06e-04 | Train Acc: 0.2917 | Val Acc: 0.1538 | Val P/R/F1 (Macro): 0.0267/0.1333/0.0444 | LR: 0.000003
Epoch [34/100] | SVD update #34: pairs=96, sweeps=10, converged=False, rel_change=8.689e-02, effective_ranks=(95, 30), class_paired=True
Epoch [34/100] | Loss: 5.6533 (Cls: 5.6426, TAL: -0.0786, Adv: 0.2522, OT-Reg: 0.001420) | OT inner objective: 0.0287 | Marginal residual row/col/max: 1.62e-06/1.92e-08/1.62e-06 | Train Acc: 0.2604 | Val Acc: 0.1154 | Val P/R/F1 (Macro): 0.0500/0.1000/0.0667 | LR: 0.000003
Epoch [35/100] | SVD update #35: pairs=96, sweeps=10, converged=False, rel_change=1.015e-01, effective_ranks=(95, 30), class_paired=True
Epoch [35/100] | Loss: 5.7569 (Cls: 5.7528, TAL: -0.0921, Adv: 0.1889, OT-Reg: 0.001609) | OT inner objective: 0.2035 | Marginal residual row/col/max: 9.93e-09/1.61e-08/1.61e-08 | Train Acc: 0.2812 | Val Acc: 0.3462 | Val P/R/F1 (Macro): 0.3929/0.2625/0.2342 | LR: 0.000003
Epoch [36/100] | SVD update #36: pairs=96, sweeps=7, converged=True, rel_change=4.252e-04, effective_ranks=(95, 27), class_paired=True
Epoch [36/100] | Loss: 5.9610 (Cls: 5.9679, TAL: -0.1945, Adv: 0.2051, OT-Reg: 0.001516) | OT inner objective: -0.0849 | Marginal residual row/col/max: 6.26e-06/2.11e-08/6.26e-06 | Train Acc: 0.3229 | Val Acc: 0.3846 | Val P/R/F1 (Macro): 0.2302/0.3333/0.2586 | LR: 0.000003
Epoch [37/100] | SVD update #37: pairs=96, sweeps=10, converged=True, rel_change=9.995e-04, effective_ranks=(95, 43), class_paired=True
Epoch [37/100] | Loss: 5.8804 (Cls: 5.8710, TAL: -0.0461, Adv: 0.1868, OT-Reg: 0.001366) | OT inner objective: -0.1985 | Marginal residual row/col/max: 9.51e-06/1.12e-08/9.51e-06 | Train Acc: 0.2396 | Val Acc: 0.1538 | Val P/R/F1 (Macro): 0.0392/0.0833/0.0533 | LR: 0.000003
Epoch [38/100] | SVD update #38: pairs=96, sweeps=10, converged=False, rel_change=3.687e+00, effective_ranks=(95, 31), class_paired=True
Epoch [38/100] | Loss: 6.3842 (Cls: 6.3686, TAL: 0.0104, Adv: 0.1793, OT-Reg: 0.001617) | OT inner objective: 0.1116 | Marginal residual row/col/max: 1.12e-08/1.99e-08/1.99e-08 | Train Acc: 0.1146 | Val Acc: 0.0385 | Val P/R/F1 (Macro): 0.0098/0.0333/0.0152 | LR: 0.000001
Epoch [39/100] | SVD update #39: pairs=96, sweeps=10, converged=False, rel_change=4.276e-02, effective_ranks=(95, 27), class_paired=True
Epoch [39/100] | Loss: 6.5419 (Cls: 6.5142, TAL: 0.1171, Adv: 0.1704, OT-Reg: 0.001745) | OT inner objective: 0.1560 | Marginal residual row/col/max: 1.18e-08/3.35e-08/3.35e-08 | Train Acc: 0.0938 | Val Acc: 0.2308 | Val P/R/F1 (Macro): 0.1375/0.2875/0.1692 | LR: 0.000001
Epoch [40/100] | SVD update #40: pairs=96, sweeps=10, converged=False, rel_change=1.990e-01, effective_ranks=(95, 27), class_paired=True
Epoch [40/100] | Loss: 6.0983 (Cls: 6.0593, TAL: 0.1960, Adv: 0.1940, OT-Reg: 0.001532) | OT inner objective: 0.1627 | Marginal residual row/col/max: 1.18e-08/1.12e-08/1.18e-08 | Train Acc: 0.1042 | Val Acc: 0.1923 | Val P/R/F1 (Macro): 0.2616/0.2208/0.1752 | LR: 0.000001
Epoch [41/100] | SVD update #41: pairs=96, sweeps=10, converged=False, rel_change=1.233e-03, effective_ranks=(95, 29), class_paired=True
Epoch [41/100] | Loss: 6.7425 (Cls: 6.7238, TAL: 0.0050, Adv: 0.2256, OT-Reg: 0.001417) | OT inner objective: -0.0335 | Marginal residual row/col/max: 2.26e-07/9.93e-09/2.26e-07 | Train Acc: 0.1458 | Val Acc: 0.0385 | Val P/R/F1 (Macro): 0.0833/0.0417/0.0556 | LR: 0.000001
Epoch [42/100] | SVD update #42: pairs=96, sweeps=4, converged=True, rel_change=6.832e-04, effective_ranks=(95, 23), class_paired=True
Epoch [42/100] | Loss: 6.6714 (Cls: 6.6262, TAL: 0.2171, Adv: 0.2395, OT-Reg: 0.001707) | OT inner objective: 0.0052 | Marginal residual row/col/max: 4.10e-07/1.49e-08/4.10e-07 | Train Acc: 0.0938 | Val Acc: 0.1538 | Val P/R/F1 (Macro): 0.0833/0.1667/0.1111 | LR: 0.000001
Epoch [43/100] | SVD update #43: pairs=96, sweeps=4, converged=True, rel_change=3.887e-04, effective_ranks=(95, 23), class_paired=True
Epoch [43/100] | Loss: 6.5504 (Cls: 6.5196, TAL: 0.1341, Adv: 0.1838, OT-Reg: 0.001515) | OT inner objective: 0.0698 | Marginal residual row/col/max: 1.38e-07/1.12e-08/1.38e-07 | Train Acc: 0.1042 | Val Acc: 0.1538 | Val P/R/F1 (Macro): 0.1806/0.2500/0.1368 | LR: 0.000001
Epoch [44/100] | SVD update #44: pairs=96, sweeps=10, converged=False, rel_change=1.542e-01, effective_ranks=(95, 28), class_paired=True
Epoch [44/100] | Loss: 6.3044 (Cls: 6.2735, TAL: 0.1516, Adv: 0.1582, OT-Reg: 0.001601) | OT inner objective: 0.1572 | Marginal residual row/col/max: 1.49e-08/2.86e-08/2.98e-08 | Train Acc: 0.1875 | Val Acc: 0.0385 | Val P/R/F1 (Macro): 0.0238/0.0833/0.0370 | LR: 0.000001
Epoch [45/100] | SVD update #45: pairs=96, sweeps=10, converged=False, rel_change=3.318e-01, effective_ranks=(95, 30), class_paired=True
Epoch [45/100] | Loss: 6.2069 (Cls: 6.2050, TAL: -0.0923, Adv: 0.1620, OT-Reg: 0.001336) | OT inner objective: 0.1559 | Marginal residual row/col/max: 1.49e-08/9.93e-09/1.49e-08 | Train Acc: 0.2188 | Val Acc: 0.1154 | Val P/R/F1 (Macro): 0.0944/0.2500/0.1307 | LR: 0.000001
Epoch [46/100] | SVD update #46: pairs=96, sweeps=10, converged=False, rel_change=5.768e-02, effective_ranks=(95, 25), class_paired=True
Epoch [46/100] | Loss: 6.2973 (Cls: 6.2889, TAL: -0.0426, Adv: 0.1687, OT-Reg: 0.001508) | OT inner objective: 0.1336 | Marginal residual row/col/max: 9.31e-09/2.73e-08/2.73e-08 | Train Acc: 0.1146 | Val Acc: 0.1538 | Val P/R/F1 (Macro): 0.0290/0.1667/0.0494 | LR: 0.000001
Epoch [47/100] | SVD update #47: pairs=96, sweeps=4, converged=True, rel_change=4.380e-04, effective_ranks=(95, 23), class_paired=True
Epoch [47/100] | Loss: 6.1006 (Cls: 6.1094, TAL: -0.1738, Adv: 0.1500, OT-Reg: 0.001428) | OT inner objective: 0.1190 | Marginal residual row/col/max: 3.86e-07/2.24e-08/3.88e-07 | Train Acc: 0.2083 | Val Acc: 0.1154 | Val P/R/F1 (Macro): 0.0357/0.1250/0.0556 | LR: 0.000001
Epoch [48/100] | SVD update #48: pairs=96, sweeps=5, converged=True, rel_change=1.307e-04, effective_ranks=(95, 23), class_paired=True
Epoch [48/100] | Loss: 6.1806 (Cls: 6.1618, TAL: 0.0142, Adv: 0.2135, OT-Reg: 0.001233) | OT inner objective: -0.0467 | Marginal residual row/col/max: 2.08e-06/1.43e-08/2.08e-06 | Train Acc: 0.1562 | Val Acc: 0.2692 | Val P/R/F1 (Macro): 0.1507/0.4583/0.2119 | LR: 0.000001
Epoch [49/100] | SVD update #49: pairs=96, sweeps=10, converged=True, rel_change=7.082e-04, effective_ranks=(95, 25), class_paired=True
Epoch [49/100] | Loss: 6.2697 (Cls: 6.2564, TAL: -0.0056, Adv: 0.1749, OT-Reg: 0.001271) | OT inner objective: 0.1319 | Marginal residual row/col/max: 1.92e-08/1.18e-08/1.92e-08 | Train Acc: 0.1354 | Val Acc: 0.1538 | Val P/R/F1 (Macro): 0.0303/0.1667/0.0513 | LR: 0.000001
Epoch [50/100] | SVD update #50: pairs=96, sweeps=4, converged=True, rel_change=1.134e-04, effective_ranks=(95, 23), class_paired=True
Epoch [50/100] | Loss: 5.9722 (Cls: 5.9824, TAL: -0.2018, Adv: 0.1755, OT-Reg: 0.001397) | OT inner objective: -0.0226 | Marginal residual row/col/max: 4.09e-06/1.61e-08/4.09e-06 | Train Acc: 0.2292 | Val Acc: 0.0000 | Val P/R/F1 (Macro): 0.0000/0.0000/0.0000 | LR: 0.000001
Epoch [51/100] | SVD update #51: pairs=96, sweeps=8, converged=True, rel_change=1.441e-04, effective_ranks=(95, 25), class_paired=True
Epoch [51/100] | Loss: 6.0682 (Cls: 6.0504, TAL: 0.0332, Adv: 0.1727, OT-Reg: 0.001504) | OT inner objective: -0.0138 | Marginal residual row/col/max: 1.86e-08/1.12e-08/1.86e-08 | Train Acc: 0.2188 | Val Acc: 0.1923 | Val P/R/F1 (Macro): 0.2059/0.2000/0.1190 | LR: 0.000001
Epoch [52/100] | SVD update #52: pairs=96, sweeps=10, converged=False, rel_change=9.417e-02, effective_ranks=(95, 37), class_paired=True
Epoch [52/100] | Loss: 5.9783 (Cls: 5.9489, TAL: 0.1260, Adv: 0.1789, OT-Reg: 0.001522) | OT inner objective: 0.1450 | Marginal residual row/col/max: 1.12e-08/1.06e-08/1.12e-08 | Train Acc: 0.1875 | Val Acc: 0.1538 | Val P/R/F1 (Macro): 0.0476/0.1667/0.0741 | LR: 0.000001
Epoch [53/100] | SVD update #53: pairs=96, sweeps=4, converged=True, rel_change=5.720e-04, effective_ranks=(95, 22), class_paired=True
Epoch [53/100] | Loss: 6.0965 (Cls: 6.0859, TAL: -0.0196, Adv: 0.1614, OT-Reg: 0.001424) | OT inner objective: 0.0134 | Marginal residual row/col/max: 1.05e-05/2.24e-08/1.05e-05 | Train Acc: 0.2083 | Val Acc: 0.1538 | Val P/R/F1 (Macro): 0.0278/0.1667/0.0476 | LR: 0.000001
Epoch [54/100] | SVD update #54: pairs=96, sweeps=5, converged=True, rel_change=1.081e-04, effective_ranks=(95, 23), class_paired=True
Epoch [54/100] | Loss: 5.8809 (Cls: 5.8761, TAL: -0.0856, Adv: 0.1890, OT-Reg: 0.001504) | OT inner objective: 0.0533 | Marginal residual row/col/max: 6.64e-08/1.18e-08/6.71e-08 | Train Acc: 0.2812 | Val Acc: 0.1923 | Val P/R/F1 (Macro): 0.1204/0.2500/0.1439 | LR: 0.000001
Epoch [55/100] | SVD update #55: pairs=96, sweeps=9, converged=True, rel_change=7.899e-04, effective_ranks=(95, 27), class_paired=True
Epoch [55/100] | Loss: 6.0300 (Cls: 6.0150, TAL: 0.0222, Adv: 0.1544, OT-Reg: 0.001418) | OT inner objective: 0.0749 | Marginal residual row/col/max: 2.67e-08/1.24e-08/2.79e-08 | Train Acc: 0.1875 | Val Acc: 0.1538 | Val P/R/F1 (Macro): 0.0303/0.1667/0.0513 | LR: 0.000001
Epoch [56/100] | SVD update #56: pairs=96, sweeps=5, converged=True, rel_change=5.114e-04, effective_ranks=(95, 24), class_paired=True
Epoch [56/100] | Loss: 5.8932 (Cls: 5.9070, TAL: -0.2375, Adv: 0.1833, OT-Reg: 0.001536) | OT inner objective: 0.0164 | Marginal residual row/col/max: 1.09e-06/1.24e-08/1.09e-06 | Train Acc: 0.2292 | Val Acc: 0.1538 | Val P/R/F1 (Macro): 0.0267/0.1667/0.0460 | LR: 0.000001
Epoch [57/100] | SVD update #57: pairs=96, sweeps=10, converged=False, rel_change=4.749e-01, effective_ranks=(95, 27), class_paired=True
Epoch [57/100] | Loss: 5.6411 (Cls: 5.6305, TAL: -0.0349, Adv: 0.1841, OT-Reg: 0.001265) | OT inner objective: 0.1000 | Marginal residual row/col/max: 1.80e-08/1.49e-08/2.05e-08 | Train Acc: 0.2396 | Val Acc: 0.0000 | Val P/R/F1 (Macro): 0.0000/0.0000/0.0000 | LR: 0.000001
Epoch [58/100] | SVD update #58: pairs=96, sweeps=4, converged=True, rel_change=4.767e-04, effective_ranks=(95, 22), class_paired=True
Epoch [58/100] | Loss: 5.7635 (Cls: 5.7788, TAL: -0.2333, Adv: 0.1577, OT-Reg: 0.001442) | OT inner objective: -0.0919 | Marginal residual row/col/max: 3.49e-06/1.37e-08/3.49e-06 | Train Acc: 0.2292 | Val Acc: 0.0769 | Val P/R/F1 (Macro): 0.0167/0.1667/0.0303 | LR: 0.000001
Epoch [59/100] | SVD update #59: pairs=96, sweeps=10, converged=False, rel_change=8.450e-01, effective_ranks=(95, 41), class_paired=True
Epoch [59/100] | Loss: 6.1226 (Cls: 6.0981, TAL: 0.0759, Adv: 0.1923, OT-Reg: 0.001418) | OT inner objective: 0.0234 | Marginal residual row/col/max: 2.51e-06/1.80e-08/2.51e-06 | Train Acc: 0.1667 | Val Acc: 0.1154 | Val P/R/F1 (Macro): 0.0905/0.1667/0.1111 | LR: 0.000001
Epoch [60/100] | SVD update #60: pairs=96, sweeps=8, converged=True, rel_change=4.032e-04, effective_ranks=(95, 24), class_paired=True
Epoch [60/100] | Loss: 5.6354 (Cls: 5.6481, TAL: -0.2139, Adv: 0.1616, OT-Reg: 0.001410) | OT inner objective: -0.0572 | Marginal residual row/col/max: 9.09e-07/1.12e-08/9.09e-07 | Train Acc: 0.1875 | Val Acc: 0.2308 | Val P/R/F1 (Macro): 0.1083/0.3333/0.1619 | LR: 0.000001
Epoch [61/100] | SVD update #61: pairs=96, sweeps=6, converged=True, rel_change=9.524e-04, effective_ranks=(95, 29), class_paired=True
Epoch [61/100] | Loss: 5.8671 (Cls: 5.8490, TAL: 0.0188, Adv: 0.1977, OT-Reg: 0.001563) | OT inner objective: 0.1115 | Marginal residual row/col/max: 2.86e-08/2.11e-08/3.23e-08 | Train Acc: 0.1667 | Val Acc: 0.2308 | Val P/R/F1 (Macro): 0.1333/0.3333/0.1905 | LR: 0.000001
Epoch [62/100] | SVD update #62: pairs=96, sweeps=5, converged=True, rel_change=1.442e-04, effective_ranks=(95, 24), class_paired=True
Epoch [62/100] | Loss: 5.5132 (Cls: 5.5293, TAL: -0.2396, Adv: 0.1570, OT-Reg: 0.001177) | OT inner objective: -0.1656 | Marginal residual row/col/max: 4.06e-06/1.80e-08/4.06e-06 | Train Acc: 0.1979 | Val Acc: 0.2692 | Val P/R/F1 (Macro): 0.1528/0.4167/0.2194 | LR: 0.000001
Epoch [63/100] | SVD update #63: pairs=96, sweeps=7, converged=True, rel_change=5.736e-04, effective_ranks=(95, 23), class_paired=True
Epoch [63/100] | Loss: 5.7903 (Cls: 5.7942, TAL: -0.1421, Adv: 0.1643, OT-Reg: 0.001433) | OT inner objective: -0.0033 | Marginal residual row/col/max: 4.67e-06/1.68e-08/4.67e-06 | Train Acc: 0.2083 | Val Acc: 0.1923 | Val P/R/F1 (Macro): 0.0890/0.2917/0.1227 | LR: 0.000001
Epoch [64/100] | SVD update #64: pairs=96, sweeps=10, converged=False, rel_change=6.085e-03, effective_ranks=(95, 24), class_paired=True
Epoch [64/100] | Loss: 5.9173 (Cls: 5.9009, TAL: 0.0312, Adv: 0.1592, OT-Reg: 0.001447) | OT inner objective: 0.1609 | Marginal residual row/col/max: 8.69e-09/1.37e-08/1.37e-08 | Train Acc: 0.1979 | Val Acc: 0.0769 | Val P/R/F1 (Macro): 0.0278/0.1667/0.0476 | LR: 0.000001
Epoch [65/100] | SVD update #65: pairs=96, sweeps=10, converged=True, rel_change=4.951e-04, effective_ranks=(95, 39), class_paired=True
Epoch [65/100] | Loss: 5.6534 (Cls: 5.6420, TAL: -0.0115, Adv: 0.1591, OT-Reg: 0.001169) | OT inner objective: -0.0002 | Marginal residual row/col/max: 2.66e-07/1.24e-08/2.66e-07 | Train Acc: 0.1667 | Val Acc: 0.1538 | Val P/R/F1 (Macro): 0.1500/0.1500/0.1481 | LR: 0.000001
Epoch [66/100] | SVD update #66: pairs=96, sweeps=10, converged=False, rel_change=6.193e-02, effective_ranks=(95, 24), class_paired=True
Epoch [66/100] | Loss: 5.8006 (Cls: 5.7860, TAL: 0.0177, Adv: 0.1563, OT-Reg: 0.001549) | OT inner objective: 0.1127 | Marginal residual row/col/max: 1.55e-08/2.36e-08/2.61e-08 | Train Acc: 0.1250 | Val Acc: 0.0000 | Val P/R/F1 (Macro): 0.0000/0.0000/0.0000 | LR: 0.000001
Epoch [67/100] | SVD update #67: pairs=96, sweeps=10, converged=False, rel_change=1.916e-03, effective_ranks=(95, 26), class_paired=True
Epoch [67/100] | Loss: 6.1995 (Cls: 6.2068, TAL: -0.1788, Adv: 0.1763, OT-Reg: 0.001418) | OT inner objective: 0.0575 | Marginal residual row/col/max: 4.10e-08/1.06e-08/4.16e-08 | Train Acc: 0.1875 | Val Acc: 0.1538 | Val P/R/F1 (Macro): 0.0952/0.1667/0.1212 | LR: 0.000001
Epoch [68/100] | SVD update #68: pairs=96, sweeps=8, converged=True, rel_change=9.623e-04, effective_ranks=(95, 34), class_paired=True
Epoch [68/100] | Loss: 5.9415 (Cls: 5.9425, TAL: -0.1161, Adv: 0.1618, OT-Reg: 0.001168) | OT inner objective: 0.0695 | Marginal residual row/col/max: 1.15e-07/3.79e-08/1.15e-07 | Train Acc: 0.2083 | Val Acc: 0.1538 | Val P/R/F1 (Macro): 0.0267/0.1667/0.0460 | LR: 0.000001
Epoch [69/100] | SVD update #69: pairs=96, sweeps=4, converged=True, rel_change=6.951e-04, effective_ranks=(95, 27), class_paired=True
Epoch [69/100] | Loss: 6.0686 (Cls: 6.0729, TAL: -0.1761, Adv: 0.2110, OT-Reg: 0.001439) | OT inner objective: -0.0532 | Marginal residual row/col/max: 1.70e-07/1.24e-08/1.70e-07 | Train Acc: 0.1146 | Val Acc: 0.1538 | Val P/R/F1 (Macro): 0.0333/0.1667/0.0556 | LR: 0.000001
Epoch [70/100] | SVD update #70: pairs=96, sweeps=10, converged=True, rel_change=6.892e-04, effective_ranks=(95, 25), class_paired=True
Epoch [70/100] | Loss: 5.8135 (Cls: 5.8154, TAL: -0.1176, Adv: 0.1534, OT-Reg: 0.001388) | OT inner objective: -0.1254 | Marginal residual row/col/max: 2.09e-06/1.12e-08/2.09e-06 | Train Acc: 0.2812 | Val Acc: 0.0769 | Val P/R/F1 (Macro): 0.0175/0.1667/0.0317 | LR: 0.000001
Epoch [71/100] | SVD update #71: pairs=96, sweeps=9, converged=True, rel_change=3.949e-04, effective_ranks=(95, 34), class_paired=True
Epoch [71/100] | Loss: 5.8324 (Cls: 5.8183, TAL: 0.0261, Adv: 0.1369, OT-Reg: 0.001403) | OT inner objective: -0.0031 | Marginal residual row/col/max: 1.01e-07/2.05e-08/1.01e-07 | Train Acc: 0.2292 | Val Acc: 0.1538 | Val P/R/F1 (Macro): 0.0741/0.1667/0.1026 | LR: 0.000001
Epoch [72/100] | SVD update #72: pairs=96, sweeps=5, converged=True, rel_change=2.213e-04, effective_ranks=(95, 24), class_paired=True
Epoch [72/100] | Loss: 5.5809 (Cls: 5.5921, TAL: -0.2045, Adv: 0.1663, OT-Reg: 0.001423) | OT inner objective: -0.0805 | Marginal residual row/col/max: 3.00e-06/1.30e-08/3.00e-06 | Train Acc: 0.2812 | Val Acc: 0.1538 | Val P/R/F1 (Macro): 0.0278/0.1667/0.0476 | LR: 0.000001
Epoch [73/100] | SVD update #73: pairs=96, sweeps=7, converged=True, rel_change=9.099e-04, effective_ranks=(95, 30), class_paired=True
Epoch [73/100] | Loss: 5.5725 (Cls: 5.5830, TAL: -0.1668, Adv: 0.1186, OT-Reg: 0.001311) | OT inner objective: -0.0451 | Marginal residual row/col/max: 3.37e-06/1.18e-08/3.37e-06 | Train Acc: 0.2188 | Val Acc: 0.1538 | Val P/R/F1 (Macro): 0.0351/0.1667/0.0580 | LR: 0.000001
Epoch [74/100] | SVD update #74: pairs=96, sweeps=5, converged=True, rel_change=9.882e-04, effective_ranks=(95, 32), class_paired=True
Epoch [74/100] | Loss: 5.7444 (Cls: 5.7361, TAL: -0.0268, Adv: 0.1435, OT-Reg: 0.001164) | OT inner objective: 0.0692 | Marginal residual row/col/max: 1.06e-08/3.04e-08/3.04e-08 | Train Acc: 0.2917 | Val Acc: 0.2692 | Val P/R/F1 (Macro): 0.2457/0.4167/0.2372 | LR: 0.000001
Epoch [75/100] | SVD update #75: pairs=96, sweeps=10, converged=False, rel_change=8.021e-02, effective_ranks=(95, 31), class_paired=True
Epoch [75/100] | Loss: 6.2947 (Cls: 6.2839, TAL: -0.0203, Adv: 0.1656, OT-Reg: 0.001367) | OT inner objective: 0.0314 | Marginal residual row/col/max: 8.11e-07/1.30e-08/8.13e-07 | Train Acc: 0.1146 | Val Acc: 0.1923 | Val P/R/F1 (Macro): 0.1930/0.1667/0.1369 | LR: 0.000001
Epoch [76/100] | SVD update #76: pairs=96, sweeps=10, converged=False, rel_change=1.891e-01, effective_ranks=(95, 33), class_paired=True
Epoch [76/100] | Loss: 6.0148 (Cls: 6.0009, TAL: 0.0362, Adv: 0.1198, OT-Reg: 0.001365) | OT inner objective: 0.1256 | Marginal residual row/col/max: 1.18e-08/1.49e-08/1.49e-08 | Train Acc: 0.1875 | Val Acc: 0.2692 | Val P/R/F1 (Macro): 0.1591/0.3333/0.2153 | LR: 0.000001
Epoch [77/100] | SVD update #77: pairs=96, sweeps=10, converged=False, rel_change=2.733e-02, effective_ranks=(95, 28), class_paired=True
Epoch [77/100] | Loss: 6.5160 (Cls: 6.4829, TAL: 0.1742, Adv: 0.1531, OT-Reg: 0.001479) | OT inner objective: -0.0005 | Marginal residual row/col/max: 1.27e-06/1.99e-08/1.27e-06 | Train Acc: 0.1146 | Val Acc: 0.2692 | Val P/R/F1 (Macro): 0.1333/0.1958/0.1581 | LR: 0.000001
Epoch [78/100] | SVD update #78: pairs=96, sweeps=8, converged=True, rel_change=4.934e-04, effective_ranks=(95, 26), class_paired=True
Epoch [78/100] | Loss: 6.4639 (Cls: 6.4212, TAL: 0.2655, Adv: 0.1355, OT-Reg: 0.001240) | OT inner objective: -0.0915 | Marginal residual row/col/max: 9.70e-06/1.24e-08/9.70e-06 | Train Acc: 0.0625 | Val Acc: 0.1538 | Val P/R/F1 (Macro): 0.0694/0.0958/0.0784 | LR: 0.000001
Epoch [79/100] | SVD update #79: pairs=96, sweeps=6, converged=True, rel_change=5.625e-04, effective_ranks=(95, 25), class_paired=True
Epoch [79/100] | Loss: 6.5536 (Cls: 6.5252, TAL: 0.1418, Adv: 0.1420, OT-Reg: 0.001685) | OT inner objective: 0.0888 | Marginal residual row/col/max: 1.45e-06/3.04e-08/1.45e-06 | Train Acc: 0.1146 | Val Acc: 0.1923 | Val P/R/F1 (Macro): 0.0362/0.1667/0.0595 | LR: 0.000001
Epoch [80/100] | SVD update #80: pairs=96, sweeps=6, converged=True, rel_change=1.159e-04, effective_ranks=(95, 26), class_paired=True
Epoch [80/100] | Loss: 6.3403 (Cls: 6.3240, TAL: 0.0509, Adv: 0.1275, OT-Reg: 0.001436) | OT inner objective: 0.0539 | Marginal residual row/col/max: 1.56e-07/1.18e-08/1.56e-07 | Train Acc: 0.2083 | Val Acc: 0.1154 | Val P/R/F1 (Macro): 0.0375/0.0875/0.0503 | LR: 0.000001
Epoch [81/100] | SVD update #81: pairs=96, sweeps=10, converged=False, rel_change=1.050e-02, effective_ranks=(95, 30), class_paired=True
Epoch [81/100] | Loss: 6.0821 (Cls: 6.0601, TAL: 0.0793, Adv: 0.1554, OT-Reg: 0.001464) | OT inner objective: 0.1255 | Marginal residual row/col/max: 1.68e-08/1.24e-08/1.68e-08 | Train Acc: 0.1458 | Val Acc: 0.1538 | Val P/R/F1 (Macro): 0.0836/0.1208/0.0987 | LR: 0.000001
Epoch [82/100] | SVD update #82: pairs=96, sweeps=10, converged=False, rel_change=2.255e-03, effective_ranks=(95, 27), class_paired=True
Epoch [82/100] | Loss: 5.7874 (Cls: 5.7731, TAL: 0.0379, Adv: 0.1212, OT-Reg: 0.001453) | OT inner objective: 0.1306 | Marginal residual row/col/max: 1.24e-08/1.24e-08/1.37e-08 | Train Acc: 0.1771 | Val Acc: 0.1154 | Val P/R/F1 (Macro): 0.0542/0.0875/0.0653 | LR: 0.000001
Epoch [83/100] | SVD update #83: pairs=96, sweeps=6, converged=True, rel_change=4.121e-04, effective_ranks=(95, 26), class_paired=True
Epoch [83/100] | Loss: 6.3309 (Cls: 6.3000, TAL: 0.1690, Adv: 0.1322, OT-Reg: 0.001184) | OT inner objective: -0.0519 | Marginal residual row/col/max: 2.06e-04/1.12e-08/2.06e-04 | Train Acc: 0.1354 | Val Acc: 0.2692 | Val P/R/F1 (Macro): 0.1250/0.2333/0.1407 | LR: 0.000001
Epoch [84/100] | SVD update #84: pairs=96, sweeps=4, converged=True, rel_change=1.122e-04, effective_ranks=(95, 23), class_paired=True
Epoch [84/100] | Loss: 6.0141 (Cls: 5.9742, TAL: 0.2386, Adv: 0.1411, OT-Reg: 0.001470) | OT inner objective: -0.0611 | Marginal residual row/col/max: 3.49e-06/1.18e-08/3.49e-06 | Train Acc: 0.1875 | Val Acc: 0.1538 | Val P/R/F1 (Macro): 0.0868/0.1333/0.0893 | LR: 0.000001
Epoch [85/100] | SVD update #85: pairs=96, sweeps=10, converged=False, rel_change=2.192e-02, effective_ranks=(95, 31), class_paired=True
Epoch [85/100] | Loss: 6.0318 (Cls: 6.0411, TAL: -0.1664, Adv: 0.1338, OT-Reg: 0.001292) | OT inner objective: 0.0095 | Marginal residual row/col/max: 2.51e-04/1.24e-08/2.51e-04 | Train Acc: 0.2292 | Val Acc: 0.5000 | Val P/R/F1 (Macro): 0.4306/0.4708/0.4478 | LR: 0.000001
Epoch [86/100] | SVD update #86: pairs=96, sweeps=10, converged=False, rel_change=3.655e-02, effective_ranks=(95, 40), class_paired=True
Epoch [86/100] | Loss: 5.8976 (Cls: 5.8950, TAL: -0.0672, Adv: 0.1331, OT-Reg: 0.001612) | OT inner objective: 0.1294 | Marginal residual row/col/max: 1.12e-08/1.18e-08/1.43e-08 | Train Acc: 0.1562 | Val Acc: 0.1923 | Val P/R/F1 (Macro): 0.0809/0.1542/0.0884 | LR: 0.000001
Epoch [87/100] | SVD update #87: pairs=96, sweeps=10, converged=False, rel_change=1.462e-02, effective_ranks=(95, 24), class_paired=True
Epoch [87/100] | Loss: 6.1041 (Cls: 6.0889, TAL: 0.0361, Adv: 0.1356, OT-Reg: 0.001604) | OT inner objective: 0.1766 | Marginal residual row/col/max: 1.99e-06/1.49e-08/1.99e-06 | Train Acc: 0.0833 | Val Acc: 0.1538 | Val P/R/F1 (Macro): 0.0290/0.1333/0.0476 | LR: 0.000001
Epoch [88/100] | SVD update #88: pairs=96, sweeps=10, converged=False, rel_change=1.466e-03, effective_ranks=(95, 23), class_paired=True
Epoch [88/100] | Loss: 5.9334 (Cls: 5.9327, TAL: -0.0910, Adv: 0.1452, OT-Reg: 0.001543) | OT inner objective: 0.0669 | Marginal residual row/col/max: 7.20e-08/9.31e-09/7.20e-08 | Train Acc: 0.1354 | Val Acc: 0.0769 | Val P/R/F1 (Macro): 0.0128/0.1667/0.0238 | LR: 0.000001
Epoch [89/100] | SVD update #89: pairs=96, sweeps=5, converged=True, rel_change=5.301e-04, effective_ranks=(95, 26), class_paired=True
Epoch [89/100] | Loss: 6.1223 (Cls: 6.1171, TAL: -0.0466, Adv: 0.1346, OT-Reg: 0.001407) | OT inner objective: 0.0628 | Marginal residual row/col/max: 1.92e-07/1.06e-08/1.92e-07 | Train Acc: 0.0938 | Val Acc: 0.0769 | Val P/R/F1 (Macro): 0.0133/0.1667/0.0247 | LR: 0.000001
Epoch [90/100] | SVD update #90: pairs=96, sweeps=6, converged=True, rel_change=6.099e-04, effective_ranks=(95, 25), class_paired=True
Epoch [90/100] | Loss: 6.1674 (Cls: 6.1651, TAL: -0.0671, Adv: 0.1291, OT-Reg: 0.001481) | OT inner objective: 0.1820 | Marginal residual row/col/max: 1.24e-08/9.93e-09/1.30e-08 | Train Acc: 0.1354 | Val Acc: 0.0769 | Val P/R/F1 (Macro): 0.0133/0.1667/0.0247 | LR: 0.000001
Epoch [91/100] | SVD update #91: pairs=96, sweeps=4, converged=True, rel_change=7.104e-04, effective_ranks=(95, 25), class_paired=True
Epoch [91/100] | Loss: 6.5385 (Cls: 6.5437, TAL: -0.1420, Adv: 0.1475, OT-Reg: 0.001551) | OT inner objective: -0.0786 | Marginal residual row/col/max: 2.66e-06/1.49e-08/2.66e-06 | Train Acc: 0.1250 | Val Acc: 0.0385 | Val P/R/F1 (Macro): 0.0076/0.0833/0.0139 | LR: 0.000001
Epoch [92/100] | SVD update #92: pairs=96, sweeps=9, converged=True, rel_change=9.088e-04, effective_ranks=(95, 29), class_paired=True
Epoch [92/100] | Loss: 6.1176 (Cls: 6.0957, TAL: 0.0869, Adv: 0.1431, OT-Reg: 0.001355) | OT inner objective: -0.0696 | Marginal residual row/col/max: 2.05e-06/1.12e-08/2.05e-06 | Train Acc: 0.1458 | Val Acc: 0.0000 | Val P/R/F1 (Macro): 0.0000/0.0000/0.0000 | LR: 0.000001
Epoch [93/100] | SVD update #93: pairs=96, sweeps=10, converged=False, rel_change=2.746e-02, effective_ranks=(95, 23), class_paired=True
Epoch [93/100] | Loss: 5.8631 (Cls: 5.8657, TAL: -0.1144, Adv: 0.1380, OT-Reg: 0.001220) | OT inner objective: 0.0168 | Marginal residual row/col/max: 2.55e-08/4.72e-08/4.84e-08 | Train Acc: 0.2500 | Val Acc: 0.0769 | Val P/R/F1 (Macro): 0.0556/0.1667/0.0833 | LR: 0.000001
Epoch [94/100] | SVD update #94: pairs=96, sweeps=10, converged=False, rel_change=1.186e-01, effective_ranks=(95, 33), class_paired=True
Epoch [94/100] | Loss: 5.8724 (Cls: 5.8491, TAL: 0.1024, Adv: 0.1379, OT-Reg: 0.001551) | OT inner objective: 0.1177 | Marginal residual row/col/max: 9.31e-09/1.30e-08/1.37e-08 | Train Acc: 0.2083 | Val Acc: 0.0769 | Val P/R/F1 (Macro): 0.0139/0.1667/0.0256 | LR: 0.000001
Epoch [95/100] | SVD update #95: pairs=96, sweeps=7, converged=True, rel_change=9.523e-04, effective_ranks=(95, 28), class_paired=True
Epoch [95/100] | Loss: 6.4020 (Cls: 6.3963, TAL: -0.0307, Adv: 0.1169, OT-Reg: 0.001389) | OT inner objective: 0.1069 | Marginal residual row/col/max: 8.07e-09/1.49e-08/1.49e-08 | Train Acc: 0.1458 | Val Acc: 0.0769 | Val P/R/F1 (Macro): 0.0128/0.1667/0.0238 | LR: 0.000001
Epoch [96/100] | SVD update #96: pairs=96, sweeps=4, converged=True, rel_change=9.301e-04, effective_ranks=(95, 28), class_paired=True
Epoch [96/100] | Loss: 5.6335 (Cls: 5.6196, TAL: 0.0341, Adv: 0.1230, OT-Reg: 0.001426) | OT inner objective: 0.0518 | Marginal residual row/col/max: 7.30e-07/1.30e-08/7.30e-07 | Train Acc: 0.1875 | Val Acc: 0.0000 | Val P/R/F1 (Macro): 0.0000/0.0000/0.0000 | LR: 0.000001
Epoch [97/100] | SVD update #97: pairs=96, sweeps=5, converged=True, rel_change=4.224e-04, effective_ranks=(95, 27), class_paired=True
Epoch [97/100] | Loss: 5.9603 (Cls: 5.9867, TAL: -0.3060, Adv: 0.1290, OT-Reg: 0.001440) | OT inner objective: 0.1045 | Marginal residual row/col/max: 1.12e-08/1.55e-08/1.55e-08 | Train Acc: 0.1875 | Val Acc: 0.0769 | Val P/R/F1 (Macro): 0.0145/0.1667/0.0267 | LR: 0.000001
Epoch [98/100] | SVD update #98: pairs=96, sweeps=8, converged=True, rel_change=1.876e-04, effective_ranks=(95, 32), class_paired=True
Epoch [98/100] | Loss: 6.2649 (Cls: 6.2451, TAL: 0.0687, Adv: 0.1445, OT-Reg: 0.001369) | OT inner objective: 0.0362 | Marginal residual row/col/max: 1.97e-07/1.61e-08/2.00e-07 | Train Acc: 0.1875 | Val Acc: 0.0769 | Val P/R/F1 (Macro): 0.0238/0.1667/0.0417 | LR: 0.000001
Epoch [99/100] | SVD update #99: pairs=96, sweeps=10, converged=False, rel_change=7.271e-03, effective_ranks=(95, 29), class_paired=True
Epoch [99/100] | Loss: 5.9412 (Cls: 5.9084, TAL: 0.1884, Adv: 0.1272, OT-Reg: 0.001230) | OT inner objective: 0.0282 | Marginal residual row/col/max: 1.08e-07/2.61e-08/1.17e-07 | Train Acc: 0.2083 | Val Acc: 0.0000 | Val P/R/F1 (Macro): 0.0000/0.0000/0.0000 | LR: 0.000001
Epoch [100/100] | SVD update #100: pairs=96, sweeps=8, converged=True, rel_change=7.862e-04, effective_ranks=(95, 28), class_paired=True
Epoch [100/100] | Loss: 5.7969 (Cls: 5.8000, TAL: -0.1147, Adv: 0.1329, OT-Reg: 0.001394) | OT inner objective: 0.0641 | Marginal residual row/col/max: 9.19e-08/1.30e-08/9.44e-08 | Train Acc: 0.1979 | Val Acc: 0.0385 | Val P/R/F1 (Macro): 0.0072/0.0833/0.0133 | LR: 0.000001
Report strategy: best, window=10, reported_acc=0.5000, best_acc=0.5000, selected_epoch=27

迭代 3 报告指标:
  Accuracy: 0.5000
  Precision (Macro): 0.5556
  Recall (Macro): 0.5208
  F1 (Macro): 0.5169
  Precision (Micro): 0.5000
  Recall (Micro): 0.5000
  F1 (Micro): 0.5000
  Val class coverage: 6/14 (0.4286), samples=26

================================================================================
迭代 4/5
随机种子: 45
================================================================================
配对采样器已初始化，共 6 个共有类别。
Training mode: full target-label supervision (class-paired batches).
Feature fusion: Tensor alignment (512+512 -> 16+16); fused_dim=32
Domain adaptation: Neural OT generator with 3-domain discriminator
Loss weights: tensor=0.12, adv=0.08
Transport: mode=sinkhorn, epsilon=0.1, Sinkhorn iterations=50, correction scale=0.1, correction regularization weight=0.001
Tensor projection update: once per epoch from the complete target-training pairing bank; projection_dim=16, max_sweeps=10, relative singular-value tolerance=0.001
Epoch [1/100] | SVD update #1: pairs=96, sweeps=3, converged=True, rel_change=9.446e-04, effective_ranks=(95, 92), class_paired=True
Epoch [1/100] | Loss: 9.1400 (Cls: 9.1405, TAL: -0.1648, Adv: 0.2410, OT-Reg: 0.000886) | OT inner objective: 0.2817 | Marginal residual row/col/max: 1.61e-08/2.05e-08/2.30e-08 | Train Acc: 0.1250 | Val Acc: 0.0000 | Val P/R/F1 (Macro): 0.0000/0.0000/0.0000 | LR: 0.000005
  >>> New Best Val Acc: 0.0000
Epoch [2/100] | SVD update #2: pairs=96, sweeps=3, converged=True, rel_change=5.181e-04, effective_ranks=(95, 76), class_paired=True
Epoch [2/100] | Loss: 8.1082 (Cls: 8.0806, TAL: 0.0725, Adv: 0.2361, OT-Reg: 0.000681) | OT inner objective: 0.2762 | Marginal residual row/col/max: 1.18e-08/1.55e-08/1.55e-08 | Train Acc: 0.2083 | Val Acc: 0.0769 | Val P/R/F1 (Macro): 0.1818/0.0625/0.0593 | LR: 0.000005
  >>> New Best Val Acc: 0.0769
Epoch [3/100] | SVD update #3: pairs=96, sweeps=5, converged=True, rel_change=8.474e-04, effective_ranks=(95, 81), class_paired=True
Epoch [3/100] | Loss: 7.6365 (Cls: 7.6495, TAL: -0.2885, Adv: 0.2709, OT-Reg: 0.000809) | OT inner objective: 0.2243 | Marginal residual row/col/max: 4.03e-07/1.55e-08/4.09e-07 | Train Acc: 0.1562 | Val Acc: 0.1154 | Val P/R/F1 (Macro): 0.1825/0.1875/0.0660 | LR: 0.000005
  >>> New Best Val Acc: 0.1154
Epoch [4/100] | SVD update #4: pairs=96, sweeps=4, converged=True, rel_change=1.686e-04, effective_ranks=(95, 62), class_paired=True
Epoch [4/100] | Loss: 7.4416 (Cls: 7.4154, TAL: 0.0637, Adv: 0.2318, OT-Reg: 0.000655) | OT inner objective: 0.2592 | Marginal residual row/col/max: 9.31e-09/1.12e-08/1.12e-08 | Train Acc: 0.1250 | Val Acc: 0.2308 | Val P/R/F1 (Macro): 0.0677/0.2500/0.1065 | LR: 0.000005
  >>> New Best Val Acc: 0.2308
Epoch [5/100] | SVD update #5: pairs=96, sweeps=10, converged=False, rel_change=5.407e-01, effective_ranks=(95, 66), class_paired=True
Epoch [5/100] | Loss: 7.6656 (Cls: 7.6530, TAL: -0.0423, Adv: 0.2213, OT-Reg: 0.000788) | OT inner objective: 0.2088 | Marginal residual row/col/max: 8.69e-09/1.49e-08/1.49e-08 | Train Acc: 0.2083 | Val Acc: 0.1154 | Val P/R/F1 (Macro): 0.0536/0.2000/0.0842 | LR: 0.000005
Epoch [6/100] | SVD update #6: pairs=96, sweeps=10, converged=False, rel_change=3.201e-01, effective_ranks=(95, 43), class_paired=True
Epoch [6/100] | Loss: 7.5031 (Cls: 7.4679, TAL: 0.1394, Adv: 0.2316, OT-Reg: 0.000721) | OT inner objective: 0.2836 | Marginal residual row/col/max: 1.12e-08/1.24e-08/1.24e-08 | Train Acc: 0.1042 | Val Acc: 0.3846 | Val P/R/F1 (Macro): 0.3468/0.4208/0.3598 | LR: 0.000005
  >>> New Best Val Acc: 0.3846
Epoch [7/100] | SVD update #7: pairs=96, sweeps=10, converged=False, rel_change=1.895e-02, effective_ranks=(95, 44), class_paired=True
Epoch [7/100] | Loss: 6.9274 (Cls: 6.9277, TAL: -0.1597, Adv: 0.2356, OT-Reg: 0.000811) | OT inner objective: 0.2414 | Marginal residual row/col/max: 1.12e-08/2.67e-08/2.67e-08 | Train Acc: 0.2500 | Val Acc: 0.7308 | Val P/R/F1 (Macro): 0.6413/0.7042/0.6236 | LR: 0.000005
  >>> New Best Val Acc: 0.7308
Epoch [8/100] | SVD update #8: pairs=96, sweeps=10, converged=False, rel_change=1.173e-01, effective_ranks=(95, 48), class_paired=True
Epoch [8/100] | Loss: 6.6010 (Cls: 6.5880, TAL: -0.0671, Adv: 0.2626, OT-Reg: 0.000757) | OT inner objective: 0.2427 | Marginal residual row/col/max: 8.69e-09/2.42e-08/2.42e-08 | Train Acc: 0.2604 | Val Acc: 0.4615 | Val P/R/F1 (Macro): 0.3657/0.4583/0.3908 | LR: 0.000005
Epoch [9/100] | SVD update #9: pairs=96, sweeps=10, converged=False, rel_change=1.108e-03, effective_ranks=(95, 69), class_paired=True
Epoch [9/100] | Loss: 7.3443 (Cls: 7.3479, TAL: -0.1786, Adv: 0.2231, OT-Reg: 0.000632) | OT inner objective: 0.2134 | Marginal residual row/col/max: 4.97e-08/1.18e-08/4.97e-08 | Train Acc: 0.1667 | Val Acc: 0.1538 | Val P/R/F1 (Macro): 0.0565/0.1833/0.0860 | LR: 0.000005
Epoch [10/100] | SVD update #10: pairs=96, sweeps=10, converged=False, rel_change=5.237e-01, effective_ranks=(95, 51), class_paired=True
Epoch [10/100] | Loss: 7.5706 (Cls: 7.5356, TAL: 0.1161, Adv: 0.2632, OT-Reg: 0.000830) | OT inner objective: 0.1997 | Marginal residual row/col/max: 1.87e-07/2.30e-08/1.94e-07 | Train Acc: 0.1250 | Val Acc: 0.1923 | Val P/R/F1 (Macro): 0.0556/0.1667/0.0833 | LR: 0.000005
Epoch [11/100] | SVD update #11: pairs=96, sweeps=10, converged=False, rel_change=6.376e-01, effective_ranks=(95, 52), class_paired=True
Epoch [11/100] | Loss: 7.1140 (Cls: 7.0909, TAL: 0.0488, Adv: 0.2166, OT-Reg: 0.000823) | OT inner objective: 0.2603 | Marginal residual row/col/max: 1.43e-08/3.10e-08/3.10e-08 | Train Acc: 0.1458 | Val Acc: 0.3846 | Val P/R/F1 (Macro): 0.2262/0.3958/0.2377 | LR: 0.000005
Epoch [12/100] | SVD update #12: pairs=96, sweeps=10, converged=False, rel_change=5.539e-01, effective_ranks=(95, 39), class_paired=True
Epoch [12/100] | Loss: 7.4155 (Cls: 7.3882, TAL: 0.0897, Adv: 0.2076, OT-Reg: 0.000860) | OT inner objective: 0.1444 | Marginal residual row/col/max: 1.49e-08/1.61e-08/1.86e-08 | Train Acc: 0.1354 | Val Acc: 0.3846 | Val P/R/F1 (Macro): 0.2197/0.3333/0.2577 | LR: 0.000005
Epoch [13/100] | SVD update #13: pairs=96, sweeps=10, converged=True, rel_change=2.943e-04, effective_ranks=(95, 27), class_paired=True
Epoch [13/100] | Loss: 7.1327 (Cls: 7.1225, TAL: -0.0721, Adv: 0.2365, OT-Reg: 0.000801) | OT inner objective: 0.2681 | Marginal residual row/col/max: 1.12e-08/2.17e-08/2.17e-08 | Train Acc: 0.2188 | Val Acc: 0.3846 | Val P/R/F1 (Macro): 0.3095/0.2958/0.2527 | LR: 0.000005
Epoch [14/100] | SVD update #14: pairs=96, sweeps=10, converged=False, rel_change=3.818e-03, effective_ranks=(95, 27), class_paired=True
Epoch [14/100] | Loss: 6.6235 (Cls: 6.6148, TAL: -0.0657, Adv: 0.2073, OT-Reg: 0.000764) | OT inner objective: 0.0858 | Marginal residual row/col/max: 4.96e-05/1.06e-08/4.96e-05 | Train Acc: 0.3438 | Val Acc: 0.4615 | Val P/R/F1 (Macro): 0.2968/0.5000/0.3591 | LR: 0.000005
Epoch [15/100] | SVD update #15: pairs=96, sweeps=10, converged=False, rel_change=1.102e-03, effective_ranks=(95, 23), class_paired=True
Epoch [15/100] | Loss: 6.9277 (Cls: 6.9034, TAL: 0.0595, Adv: 0.2141, OT-Reg: 0.000897) | OT inner objective: 0.1758 | Marginal residual row/col/max: 3.23e-08/1.92e-08/3.73e-08 | Train Acc: 0.2604 | Val Acc: 0.1538 | Val P/R/F1 (Macro): 0.3750/0.1583/0.2148 | LR: 0.000005
Epoch [16/100] | SVD update #16: pairs=96, sweeps=6, converged=True, rel_change=5.325e-04, effective_ranks=(95, 22), class_paired=True
Epoch [16/100] | Loss: 6.9930 (Cls: 6.9772, TAL: -0.0224, Adv: 0.2314, OT-Reg: 0.000809) | OT inner objective: 0.2433 | Marginal residual row/col/max: 1.61e-08/2.42e-08/2.42e-08 | Train Acc: 0.2396 | Val Acc: 0.2308 | Val P/R/F1 (Macro): 0.2439/0.2375/0.1481 | LR: 0.000005
Epoch [17/100] | SVD update #17: pairs=96, sweeps=10, converged=False, rel_change=3.426e-01, effective_ranks=(95, 21), class_paired=True
Epoch [17/100] | Loss: 6.6525 (Cls: 6.6179, TAL: 0.1099, Adv: 0.2664, OT-Reg: 0.000824) | OT inner objective: 0.2184 | Marginal residual row/col/max: 1.49e-08/2.48e-08/2.48e-08 | Train Acc: 0.2188 | Val Acc: 0.1923 | Val P/R/F1 (Macro): 0.1208/0.2667/0.1370 | LR: 0.000005
Epoch [18/100] | SVD update #18: pairs=96, sweeps=10, converged=False, rel_change=2.139e-01, effective_ranks=(95, 24), class_paired=True
Epoch [18/100] | Loss: 6.5721 (Cls: 6.5485, TAL: 0.0825, Adv: 0.1702, OT-Reg: 0.000721) | OT inner objective: 0.2537 | Marginal residual row/col/max: 1.06e-08/1.43e-08/1.43e-08 | Train Acc: 0.3125 | Val Acc: 0.0769 | Val P/R/F1 (Macro): 0.0476/0.1667/0.0741 | LR: 0.000003
Epoch [19/100] | SVD update #19: pairs=96, sweeps=10, converged=False, rel_change=2.488e-01, effective_ranks=(95, 26), class_paired=True
Epoch [19/100] | Loss: 6.9330 (Cls: 6.9064, TAL: 0.0773, Adv: 0.2155, OT-Reg: 0.000757) | OT inner objective: 0.2572 | Marginal residual row/col/max: 1.49e-08/2.98e-08/2.98e-08 | Train Acc: 0.1562 | Val Acc: 0.1538 | Val P/R/F1 (Macro): 0.0667/0.1667/0.0952 | LR: 0.000003
Epoch [20/100] | SVD update #20: pairs=96, sweeps=10, converged=False, rel_change=7.379e-02, effective_ranks=(95, 26), class_paired=True
Epoch [20/100] | Loss: 6.7147 (Cls: 6.7108, TAL: -0.1084, Adv: 0.2123, OT-Reg: 0.000833) | OT inner objective: 0.2621 | Marginal residual row/col/max: 1.06e-08/1.55e-08/1.55e-08 | Train Acc: 0.2083 | Val Acc: 0.4231 | Val P/R/F1 (Macro): 0.1667/0.2667/0.2029 | LR: 0.000003
Epoch [21/100] | SVD update #21: pairs=96, sweeps=10, converged=False, rel_change=3.812e-02, effective_ranks=(95, 22), class_paired=True
Epoch [21/100] | Loss: 7.1783 (Cls: 7.1591, TAL: 0.0324, Adv: 0.1909, OT-Reg: 0.000869) | OT inner objective: 0.1054 | Marginal residual row/col/max: 2.24e-07/1.74e-08/2.25e-07 | Train Acc: 0.1667 | Val Acc: 0.1538 | Val P/R/F1 (Macro): 0.1315/0.1708/0.1136 | LR: 0.000003
Epoch [22/100] | SVD update #22: pairs=96, sweeps=10, converged=False, rel_change=3.640e-01, effective_ranks=(95, 21), class_paired=True
Epoch [22/100] | Loss: 7.0032 (Cls: 6.9975, TAL: -0.0808, Adv: 0.1921, OT-Reg: 0.000880) | OT inner objective: 0.2448 | Marginal residual row/col/max: 1.06e-08/3.10e-08/3.10e-08 | Train Acc: 0.1979 | Val Acc: 0.2308 | Val P/R/F1 (Macro): 0.2333/0.2083/0.1619 | LR: 0.000003
Epoch [23/100] | SVD update #23: pairs=96, sweeps=10, converged=False, rel_change=3.402e-01, effective_ranks=(95, 20), class_paired=True
Epoch [23/100] | Loss: 6.1789 (Cls: 6.1565, TAL: 0.0569, Adv: 0.1949, OT-Reg: 0.000765) | OT inner objective: 0.2307 | Marginal residual row/col/max: 1.30e-08/3.73e-08/3.73e-08 | Train Acc: 0.2396 | Val Acc: 0.3462 | Val P/R/F1 (Macro): 0.1308/0.3000/0.1815 | LR: 0.000003
Epoch [24/100] | SVD update #24: pairs=96, sweeps=10, converged=False, rel_change=1.447e-03, effective_ranks=(95, 19), class_paired=True
Epoch [24/100] | Loss: 6.7861 (Cls: 6.7651, TAL: 0.0514, Adv: 0.1852, OT-Reg: 0.000856) | OT inner objective: 0.0896 | Marginal residual row/col/max: 1.42e-07/1.68e-08/1.44e-07 | Train Acc: 0.2292 | Val Acc: 0.0769 | Val P/R/F1 (Macro): 0.0185/0.1667/0.0333 | LR: 0.000003
Epoch [25/100] | SVD update #25: pairs=96, sweeps=10, converged=False, rel_change=2.987e-01, effective_ranks=(95, 21), class_paired=True
Epoch [25/100] | Loss: 6.7553 (Cls: 6.7723, TAL: -0.2799, Adv: 0.2073, OT-Reg: 0.000857) | OT inner objective: 0.1181 | Marginal residual row/col/max: 1.12e-06/1.49e-08/1.12e-06 | Train Acc: 0.2292 | Val Acc: 0.4615 | Val P/R/F1 (Macro): 0.3056/0.4333/0.3563 | LR: 0.000003
Epoch [26/100] | SVD update #26: pairs=96, sweeps=10, converged=False, rel_change=2.711e-01, effective_ranks=(94, 23), class_paired=True
Epoch [26/100] | Loss: 6.5654 (Cls: 6.5467, TAL: -0.0005, Adv: 0.2337, OT-Reg: 0.000892) | OT inner objective: 0.1608 | Marginal residual row/col/max: 1.49e-08/3.04e-08/3.04e-08 | Train Acc: 0.2604 | Val Acc: 0.3846 | Val P/R/F1 (Macro): 0.1452/0.3333/0.2022 | LR: 0.000003
Epoch [27/100] | SVD update #27: pairs=96, sweeps=10, converged=False, rel_change=6.853e-02, effective_ranks=(95, 22), class_paired=True
Epoch [27/100] | Loss: 6.4552 (Cls: 6.4259, TAL: 0.1132, Adv: 0.1953, OT-Reg: 0.000793) | OT inner objective: 0.2668 | Marginal residual row/col/max: 1.24e-08/2.11e-08/2.11e-08 | Train Acc: 0.2500 | Val Acc: 0.1923 | Val P/R/F1 (Macro): 0.0417/0.1667/0.0667 | LR: 0.000003
Epoch [28/100] | SVD update #28: pairs=96, sweeps=10, converged=False, rel_change=1.035e-02, effective_ranks=(95, 21), class_paired=True
Epoch [28/100] | Loss: 6.5662 (Cls: 6.5632, TAL: -0.1068, Adv: 0.1984, OT-Reg: 0.000855) | OT inner objective: 0.1566 | Marginal residual row/col/max: 3.35e-08/3.91e-08/4.84e-08 | Train Acc: 0.1771 | Val Acc: 0.1923 | Val P/R/F1 (Macro): 0.1111/0.2167/0.1442 | LR: 0.000003
Epoch [29/100] | SVD update #29: pairs=96, sweeps=9, converged=True, rel_change=7.129e-04, effective_ranks=(95, 21), class_paired=True
Epoch [29/100] | Loss: 6.4240 (Cls: 6.4230, TAL: -0.1078, Adv: 0.1742, OT-Reg: 0.000845) | OT inner objective: 0.2459 | Marginal residual row/col/max: 9.93e-09/2.48e-08/2.48e-08 | Train Acc: 0.2188 | Val Acc: 0.1923 | Val P/R/F1 (Macro): 0.1090/0.3750/0.1528 | LR: 0.000001
Epoch [30/100] | SVD update #30: pairs=96, sweeps=10, converged=False, rel_change=1.969e-01, effective_ranks=(95, 17), class_paired=True
Epoch [30/100] | Loss: 6.2507 (Cls: 6.2428, TAL: -0.0438, Adv: 0.1647, OT-Reg: 0.000940) | OT inner objective: 0.1930 | Marginal residual row/col/max: 1.86e-08/2.92e-08/2.92e-08 | Train Acc: 0.1562 | Val Acc: 0.1154 | Val P/R/F1 (Macro): 0.0700/0.2083/0.0743 | LR: 0.000001
Epoch [31/100] | SVD update #31: pairs=96, sweeps=10, converged=False, rel_change=4.880e-01, effective_ranks=(95, 18), class_paired=True
Epoch [31/100] | Loss: 6.4404 (Cls: 6.4485, TAL: -0.1994, Adv: 0.1986, OT-Reg: 0.000792) | OT inner objective: 0.0896 | Marginal residual row/col/max: 1.49e-06/2.67e-08/1.50e-06 | Train Acc: 0.2396 | Val Acc: 0.2308 | Val P/R/F1 (Macro): 0.1474/0.2083/0.1481 | LR: 0.000001
Epoch [32/100] | SVD update #32: pairs=96, sweeps=10, converged=False, rel_change=1.050e-01, effective_ranks=(95, 20), class_paired=True
Epoch [32/100] | Loss: 6.3963 (Cls: 6.3668, TAL: 0.1167, Adv: 0.1934, OT-Reg: 0.000964) | OT inner objective: 0.2856 | Marginal residual row/col/max: 9.93e-09/3.17e-08/3.17e-08 | Train Acc: 0.1562 | Val Acc: 0.2692 | Val P/R/F1 (Macro): 0.1310/0.2667/0.1650 | LR: 0.000001
Epoch [33/100] | SVD update #33: pairs=96, sweeps=10, converged=False, rel_change=5.366e-01, effective_ranks=(95, 17), class_paired=True
Epoch [33/100] | Loss: 6.5557 (Cls: 6.5328, TAL: 0.0657, Adv: 0.1879, OT-Reg: 0.000867) | OT inner objective: 0.1556 | Marginal residual row/col/max: 2.24e-08/4.16e-08/4.16e-08 | Train Acc: 0.1979 | Val Acc: 0.1538 | Val P/R/F1 (Macro): 0.1019/0.1417/0.1166 | LR: 0.000001
Epoch [34/100] | SVD update #34: pairs=96, sweeps=7, converged=True, rel_change=7.788e-04, effective_ranks=(95, 17), class_paired=True
Epoch [34/100] | Loss: 6.4767 (Cls: 6.4655, TAL: -0.0401, Adv: 0.2006, OT-Reg: 0.001040) | OT inner objective: 0.2837 | Marginal residual row/col/max: 1.49e-08/3.29e-08/3.29e-08 | Train Acc: 0.3438 | Val Acc: 0.3846 | Val P/R/F1 (Macro): 0.3393/0.4500/0.3390 | LR: 0.000001
Epoch [35/100] | SVD update #35: pairs=96, sweeps=10, converged=False, rel_change=1.081e-01, effective_ranks=(95, 19), class_paired=True
Epoch [35/100] | Loss: 6.7586 (Cls: 6.7357, TAL: 0.0555, Adv: 0.2029, OT-Reg: 0.000921) | OT inner objective: 0.2412 | Marginal residual row/col/max: 1.55e-08/2.92e-08/2.92e-08 | Train Acc: 0.2604 | Val Acc: 0.4231 | Val P/R/F1 (Macro): 0.3377/0.3417/0.2819 | LR: 0.000001
Epoch [36/100] | SVD update #36: pairs=96, sweeps=10, converged=False, rel_change=1.966e-02, effective_ranks=(95, 13), class_paired=True
Epoch [36/100] | Loss: 6.7185 (Cls: 6.7157, TAL: -0.1279, Adv: 0.2280, OT-Reg: 0.000917) | OT inner objective: 0.2023 | Marginal residual row/col/max: 1.18e-08/3.85e-08/3.85e-08 | Train Acc: 0.3125 | Val Acc: 0.3462 | Val P/R/F1 (Macro): 0.2996/0.3667/0.2937 | LR: 0.000001
Epoch [37/100] | SVD update #37: pairs=96, sweeps=7, converged=True, rel_change=7.807e-04, effective_ranks=(95, 15), class_paired=True
Epoch [37/100] | Loss: 6.5573 (Cls: 6.5319, TAL: 0.0549, Adv: 0.2348, OT-Reg: 0.000774) | OT inner objective: 0.1441 | Marginal residual row/col/max: 1.24e-08/1.24e-08/1.37e-08 | Train Acc: 0.3438 | Val Acc: 0.6154 | Val P/R/F1 (Macro): 0.5389/0.5458/0.5199 | LR: 0.000001
Epoch [38/100] | SVD update #38: pairs=96, sweeps=7, converged=True, rel_change=4.183e-04, effective_ranks=(95, 19), class_paired=True
Epoch [38/100] | Loss: 6.3310 (Cls: 6.3201, TAL: -0.0431, Adv: 0.2009, OT-Reg: 0.000675) | OT inner objective: 0.0996 | Marginal residual row/col/max: 1.20e-05/2.11e-08/1.20e-05 | Train Acc: 0.2812 | Val Acc: 0.3462 | Val P/R/F1 (Macro): 0.2063/0.2500/0.1752 | LR: 0.000001
Epoch [39/100] | SVD update #39: pairs=96, sweeps=10, converged=False, rel_change=1.110e-03, effective_ranks=(95, 18), class_paired=True
Epoch [39/100] | Loss: 6.0230 (Cls: 6.0081, TAL: 0.0003, Adv: 0.1859, OT-Reg: 0.000782) | OT inner objective: -0.0221 | Marginal residual row/col/max: 4.13e-06/1.12e-08/4.13e-06 | Train Acc: 0.3125 | Val Acc: 0.5000 | Val P/R/F1 (Macro): 0.4444/0.3875/0.3685 | LR: 0.000001
Epoch [40/100] | SVD update #40: pairs=96, sweeps=10, converged=False, rel_change=2.126e-01, effective_ranks=(95, 15), class_paired=True
Epoch [40/100] | Loss: 6.5919 (Cls: 6.5571, TAL: 0.1812, Adv: 0.1626, OT-Reg: 0.000709) | OT inner objective: 0.2866 | Marginal residual row/col/max: 1.06e-08/4.10e-08/4.10e-08 | Train Acc: 0.2396 | Val Acc: 0.2308 | Val P/R/F1 (Macro): 0.1313/0.3250/0.1596 | LR: 0.000001
Epoch [41/100] | SVD update #41: pairs=96, sweeps=10, converged=False, rel_change=1.972e-01, effective_ranks=(95, 15), class_paired=True
Epoch [41/100] | Loss: 6.3403 (Cls: 6.2997, TAL: 0.2434, Adv: 0.1425, OT-Reg: 0.000842) | OT inner objective: 0.2224 | Marginal residual row/col/max: 2.42e-08/5.09e-08/5.09e-08 | Train Acc: 0.2500 | Val Acc: 0.2308 | Val P/R/F1 (Macro): 0.1905/0.3000/0.1898 | LR: 0.000001
Epoch [42/100] | SVD update #42: pairs=96, sweeps=10, converged=False, rel_change=2.107e-03, effective_ranks=(95, 18), class_paired=True
Epoch [42/100] | Loss: 6.7800 (Cls: 6.7529, TAL: 0.1177, Adv: 0.1616, OT-Reg: 0.000858) | OT inner objective: 0.2363 | Marginal residual row/col/max: 1.18e-08/4.35e-08/4.35e-08 | Train Acc: 0.1458 | Val Acc: 0.1923 | Val P/R/F1 (Macro): 0.1389/0.2167/0.1629 | LR: 0.000001
Epoch [43/100] | SVD update #43: pairs=96, sweeps=10, converged=False, rel_change=1.355e-03, effective_ranks=(94, 14), class_paired=True
Epoch [43/100] | Loss: 6.4076 (Cls: 6.3949, TAL: -0.0456, Adv: 0.2265, OT-Reg: 0.000865) | OT inner objective: 0.1303 | Marginal residual row/col/max: 3.43e-05/2.92e-08/3.43e-05 | Train Acc: 0.2500 | Val Acc: 0.3077 | Val P/R/F1 (Macro): 0.2431/0.3750/0.2583 | LR: 0.000001
Epoch [44/100] | SVD update #44: pairs=96, sweeps=10, converged=False, rel_change=1.766e-01, effective_ranks=(95, 14), class_paired=True
Epoch [44/100] | Loss: 6.4537 (Cls: 6.4611, TAL: -0.1763, Adv: 0.1710, OT-Reg: 0.000969) | OT inner objective: 0.1112 | Marginal residual row/col/max: 4.97e-07/4.35e-08/4.97e-07 | Train Acc: 0.2396 | Val Acc: 0.0769 | Val P/R/F1 (Macro): 0.0417/0.1042/0.0476 | LR: 0.000001
Epoch [45/100] | SVD update #45: pairs=96, sweeps=10, converged=False, rel_change=2.746e-02, effective_ranks=(95, 17), class_paired=True
Epoch [45/100] | Loss: 6.3277 (Cls: 6.3400, TAL: -0.2286, Adv: 0.1891, OT-Reg: 0.000933) | OT inner objective: 0.0703 | Marginal residual row/col/max: 1.01e-07/2.24e-08/1.02e-07 | Train Acc: 0.2917 | Val Acc: 0.3462 | Val P/R/F1 (Macro): 0.2976/0.3167/0.2722 | LR: 0.000001
Epoch [46/100] | SVD update #46: pairs=96, sweeps=9, converged=True, rel_change=9.167e-04, effective_ranks=(95, 16), class_paired=True
Epoch [46/100] | Loss: 6.7511 (Cls: 6.7540, TAL: -0.1519, Adv: 0.1925, OT-Reg: 0.000927) | OT inner objective: -0.1041 | Marginal residual row/col/max: 7.19e-05/3.54e-08/7.19e-05 | Train Acc: 0.2917 | Val Acc: 0.4231 | Val P/R/F1 (Macro): 0.2008/0.4167/0.2689 | LR: 0.000001
Epoch [47/100] | SVD update #47: pairs=96, sweeps=10, converged=False, rel_change=1.325e-03, effective_ranks=(95, 16), class_paired=True
Epoch [47/100] | Loss: 6.8250 (Cls: 6.8209, TAL: -0.0812, Adv: 0.1732, OT-Reg: 0.000845) | OT inner objective: 0.2128 | Marginal residual row/col/max: 1.49e-08/2.61e-08/2.61e-08 | Train Acc: 0.2396 | Val Acc: 0.4231 | Val P/R/F1 (Macro): 0.2929/0.3167/0.2655 | LR: 0.000001
Epoch [48/100] | SVD update #48: pairs=96, sweeps=10, converged=False, rel_change=2.879e-02, effective_ranks=(95, 18), class_paired=True
Epoch [48/100] | Loss: 6.2237 (Cls: 6.2189, TAL: -0.0611, Adv: 0.1512, OT-Reg: 0.000856) | OT inner objective: 0.1836 | Marginal residual row/col/max: 2.61e-08/3.97e-08/3.97e-08 | Train Acc: 0.2292 | Val Acc: 0.2692 | Val P/R/F1 (Macro): 0.2361/0.3083/0.2255 | LR: 0.000001
Epoch [49/100] | SVD update #49: pairs=96, sweeps=6, converged=True, rel_change=9.630e-04, effective_ranks=(95, 16), class_paired=True
Epoch [49/100] | Loss: 6.8506 (Cls: 6.8336, TAL: 0.0353, Adv: 0.1590, OT-Reg: 0.000833) | OT inner objective: 0.1711 | Marginal residual row/col/max: 2.11e-08/3.54e-08/3.54e-08 | Train Acc: 0.2188 | Val Acc: 0.3462 | Val P/R/F1 (Macro): 0.1647/0.2500/0.1869 | LR: 0.000001
Epoch [50/100] | SVD update #50: pairs=96, sweeps=7, converged=True, rel_change=3.276e-04, effective_ranks=(95, 13), class_paired=True
Epoch [50/100] | Loss: 6.7613 (Cls: 6.7471, TAL: 0.0194, Adv: 0.1481, OT-Reg: 0.000864) | OT inner objective: 0.2850 | Marginal residual row/col/max: 1.68e-08/3.85e-08/3.85e-08 | Train Acc: 0.3021 | Val Acc: 0.3462 | Val P/R/F1 (Macro): 0.1865/0.3375/0.2206 | LR: 0.000001
Epoch [51/100] | SVD update #51: pairs=96, sweeps=6, converged=True, rel_change=7.035e-04, effective_ranks=(95, 15), class_paired=True
Epoch [51/100] | Loss: 6.8716 (Cls: 6.8510, TAL: 0.0562, Adv: 0.1727, OT-Reg: 0.000828) | OT inner objective: 0.2360 | Marginal residual row/col/max: 2.86e-08/3.73e-08/4.04e-08 | Train Acc: 0.2812 | Val Acc: 0.2692 | Val P/R/F1 (Macro): 0.1389/0.2083/0.1389 | LR: 0.000001
Epoch [52/100] | SVD update #52: pairs=96, sweeps=10, converged=False, rel_change=3.805e-01, effective_ranks=(95, 17), class_paired=True
Epoch [52/100] | Loss: 6.4252 (Cls: 6.4090, TAL: 0.0060, Adv: 0.1929, OT-Reg: 0.000724) | OT inner objective: -0.0070 | Marginal residual row/col/max: 2.38e-04/4.59e-08/2.38e-04 | Train Acc: 0.2292 | Val Acc: 0.1154 | Val P/R/F1 (Macro): 0.0499/0.0833/0.0588 | LR: 0.000001
Epoch [53/100] | SVD update #53: pairs=96, sweeps=10, converged=True, rel_change=3.353e-04, effective_ranks=(95, 17), class_paired=True
Epoch [53/100] | Loss: 6.4201 (Cls: 6.3822, TAL: 0.2110, Adv: 0.1572, OT-Reg: 0.000790) | OT inner objective: 0.1444 | Marginal residual row/col/max: 8.87e-07/3.60e-08/8.94e-07 | Train Acc: 0.2917 | Val Acc: 0.5385 | Val P/R/F1 (Macro): 0.4103/0.4917/0.4101 | LR: 0.000001
Epoch [54/100] | SVD update #54: pairs=96, sweeps=10, converged=False, rel_change=1.322e-03, effective_ranks=(95, 18), class_paired=True
Epoch [54/100] | Loss: 6.2719 (Cls: 6.2592, TAL: 0.0248, Adv: 0.1219, OT-Reg: 0.000898) | OT inner objective: 0.0047 | Marginal residual row/col/max: 7.59e-06/3.35e-08/7.59e-06 | Train Acc: 0.3333 | Val Acc: 0.6154 | Val P/R/F1 (Macro): 0.5480/0.5625/0.5085 | LR: 0.000001
Epoch [55/100] | SVD update #55: pairs=96, sweeps=7, converged=True, rel_change=5.977e-04, effective_ranks=(95, 16), class_paired=True
Epoch [55/100] | Loss: 6.3898 (Cls: 6.3884, TAL: -0.0867, Adv: 0.1485, OT-Reg: 0.000820) | OT inner objective: 0.0588 | Marginal residual row/col/max: 1.23e-06/2.48e-08/1.23e-06 | Train Acc: 0.2396 | Val Acc: 0.3462 | Val P/R/F1 (Macro): 0.2389/0.2875/0.2274 | LR: 0.000001
Epoch [56/100] | SVD update #56: pairs=96, sweeps=10, converged=True, rel_change=9.178e-04, effective_ranks=(95, 15), class_paired=True
Epoch [56/100] | Loss: 6.4852 (Cls: 6.4816, TAL: -0.0623, Adv: 0.1385, OT-Reg: 0.000835) | OT inner objective: -0.0057 | Marginal residual row/col/max: 1.80e-05/2.42e-08/1.80e-05 | Train Acc: 0.2292 | Val Acc: 0.2692 | Val P/R/F1 (Macro): 0.1759/0.2500/0.2028 | LR: 0.000001
Epoch [57/100] | SVD update #57: pairs=96, sweeps=7, converged=True, rel_change=5.713e-04, effective_ranks=(95, 16), class_paired=True
Epoch [57/100] | Loss: 6.5153 (Cls: 6.5032, TAL: -0.0134, Adv: 0.1711, OT-Reg: 0.000832) | OT inner objective: 0.2016 | Marginal residual row/col/max: 3.23e-08/3.73e-08/4.97e-08 | Train Acc: 0.1875 | Val Acc: 0.5385 | Val P/R/F1 (Macro): 0.4286/0.4667/0.4167 | LR: 0.000001
Epoch [58/100] | SVD update #58: pairs=96, sweeps=10, converged=False, rel_change=3.594e-03, effective_ranks=(95, 15), class_paired=True
Epoch [58/100] | Loss: 6.4575 (Cls: 6.4449, TAL: -0.0049, Adv: 0.1647, OT-Reg: 0.000816) | OT inner objective: 0.1059 | Marginal residual row/col/max: 2.35e-06/3.91e-08/2.35e-06 | Train Acc: 0.1875 | Val Acc: 0.3462 | Val P/R/F1 (Macro): 0.2349/0.3500/0.2369 | LR: 0.000001
Epoch [59/100] | SVD update #59: pairs=96, sweeps=10, converged=True, rel_change=4.471e-04, effective_ranks=(95, 16), class_paired=True
Epoch [59/100] | Loss: 6.4328 (Cls: 6.4352, TAL: -0.1184, Adv: 0.1473, OT-Reg: 0.000848) | OT inner objective: 0.0919 | Marginal residual row/col/max: 1.67e-06/3.60e-08/1.67e-06 | Train Acc: 0.2604 | Val Acc: 0.4231 | Val P/R/F1 (Macro): 0.3611/0.3042/0.3155 | LR: 0.000001
Epoch [60/100] | SVD update #60: pairs=96, sweeps=10, converged=False, rel_change=2.257e-02, effective_ranks=(95, 19), class_paired=True
Epoch [60/100] | Loss: 6.1756 (Cls: 6.1597, TAL: 0.0254, Adv: 0.1605, OT-Reg: 0.000964) | OT inner objective: -0.1221 | Marginal residual row/col/max: 8.56e-05/2.24e-08/8.56e-05 | Train Acc: 0.3750 | Val Acc: 0.4615 | Val P/R/F1 (Macro): 0.3902/0.3750/0.3497 | LR: 0.000001
Epoch [61/100] | SVD update #61: pairs=96, sweeps=5, converged=True, rel_change=4.988e-04, effective_ranks=(95, 15), class_paired=True
Epoch [61/100] | Loss: 5.9732 (Cls: 5.9735, TAL: -0.1064, Adv: 0.1553, OT-Reg: 0.000827) | OT inner objective: 0.0958 | Marginal residual row/col/max: 4.72e-08/1.49e-08/4.72e-08 | Train Acc: 0.2812 | Val Acc: 0.5000 | Val P/R/F1 (Macro): 0.3571/0.4583/0.3769 | LR: 0.000001
Epoch [62/100] | SVD update #62: pairs=96, sweeps=6, converged=True, rel_change=2.665e-04, effective_ranks=(95, 15), class_paired=True
Epoch [62/100] | Loss: 6.3714 (Cls: 6.3594, TAL: -0.0018, Adv: 0.1529, OT-Reg: 0.000801) | OT inner objective: 0.0626 | Marginal residual row/col/max: 1.92e-06/1.12e-08/1.92e-06 | Train Acc: 0.2396 | Val Acc: 0.3846 | Val P/R/F1 (Macro): 0.3599/0.3958/0.3083 | LR: 0.000001
Epoch [63/100] | SVD update #63: pairs=96, sweeps=10, converged=True, rel_change=5.147e-04, effective_ranks=(95, 17), class_paired=True
Epoch [63/100] | Loss: 6.4389 (Cls: 6.4228, TAL: 0.0307, Adv: 0.1557, OT-Reg: 0.000767) | OT inner objective: 0.1042 | Marginal residual row/col/max: 1.51e-07/1.12e-08/1.53e-07 | Train Acc: 0.1667 | Val Acc: 0.4231 | Val P/R/F1 (Macro): 0.1758/0.2917/0.2153 | LR: 0.000001
Epoch [64/100] | SVD update #64: pairs=96, sweeps=10, converged=False, rel_change=1.842e-01, effective_ranks=(95, 14), class_paired=True
Epoch [64/100] | Loss: 6.3313 (Cls: 6.3356, TAL: -0.1322, Adv: 0.1433, OT-Reg: 0.000997) | OT inner objective: 0.2665 | Marginal residual row/col/max: 1.99e-08/3.41e-08/3.41e-08 | Train Acc: 0.2083 | Val Acc: 0.1538 | Val P/R/F1 (Macro): 0.0370/0.0833/0.0513 | LR: 0.000001
Epoch [65/100] | SVD update #65: pairs=96, sweeps=10, converged=False, rel_change=9.391e-01, effective_ranks=(95, 14), class_paired=True
Epoch [65/100] | Loss: 6.2875 (Cls: 6.2675, TAL: 0.0818, Adv: 0.1270, OT-Reg: 0.001099) | OT inner objective: 0.1739 | Marginal residual row/col/max: 1.92e-08/4.04e-08/4.04e-08 | Train Acc: 0.3333 | Val Acc: 0.3846 | Val P/R/F1 (Macro): 0.2980/0.2917/0.2375 | LR: 0.000001
Epoch [66/100] | SVD update #66: pairs=96, sweeps=8, converged=True, rel_change=3.965e-04, effective_ranks=(95, 14), class_paired=True
Epoch [66/100] | Loss: 6.2472 (Cls: 6.2612, TAL: -0.2318, Adv: 0.1724, OT-Reg: 0.000953) | OT inner objective: 0.2600 | Marginal residual row/col/max: 1.61e-08/4.41e-08/4.41e-08 | Train Acc: 0.2083 | Val Acc: 0.2308 | Val P/R/F1 (Macro): 0.0974/0.1875/0.1270 | LR: 0.000001
Epoch [67/100] | SVD update #67: pairs=96, sweeps=10, converged=False, rel_change=3.064e-01, effective_ranks=(95, 17), class_paired=True
Epoch [67/100] | Loss: 6.2307 (Cls: 6.2336, TAL: -0.1134, Adv: 0.1330, OT-Reg: 0.000854) | OT inner objective: 0.2308 | Marginal residual row/col/max: 1.61e-08/2.61e-08/2.61e-08 | Train Acc: 0.3229 | Val Acc: 0.1923 | Val P/R/F1 (Macro): 0.1204/0.2833/0.1406 | LR: 0.000001
Epoch [68/100] | SVD update #68: pairs=96, sweeps=10, converged=False, rel_change=6.451e-01, effective_ranks=(94, 17), class_paired=True
Epoch [68/100] | Loss: 6.2689 (Cls: 6.2531, TAL: 0.0314, Adv: 0.1506, OT-Reg: 0.000973) | OT inner objective: 0.2510 | Marginal residual row/col/max: 1.37e-08/2.79e-08/2.79e-08 | Train Acc: 0.3021 | Val Acc: 0.3462 | Val P/R/F1 (Macro): 0.1889/0.2500/0.1859 | LR: 0.000001
Epoch [69/100] | SVD update #69: pairs=96, sweeps=8, converged=True, rel_change=2.126e-04, effective_ranks=(95, 18), class_paired=True
Epoch [69/100] | Loss: 6.4917 (Cls: 6.4730, TAL: 0.0489, Adv: 0.1600, OT-Reg: 0.000850) | OT inner objective: 0.1588 | Marginal residual row/col/max: 3.85e-08/3.04e-08/4.84e-08 | Train Acc: 0.2708 | Val Acc: 0.3077 | Val P/R/F1 (Macro): 0.1389/0.2667/0.1742 | LR: 0.000001
Epoch [70/100] | SVD update #70: pairs=96, sweeps=9, converged=True, rel_change=6.380e-04, effective_ranks=(95, 16), class_paired=True
Epoch [70/100] | Loss: 6.5475 (Cls: 6.5260, TAL: 0.0652, Adv: 0.1709, OT-Reg: 0.000925) | OT inner objective: 0.2497 | Marginal residual row/col/max: 1.30e-08/3.60e-08/3.60e-08 | Train Acc: 0.2500 | Val Acc: 0.1538 | Val P/R/F1 (Macro): 0.1145/0.2292/0.1118 | LR: 0.000001
Epoch [71/100] | SVD update #71: pairs=96, sweeps=10, converged=False, rel_change=3.357e-01, effective_ranks=(95, 15), class_paired=True
Epoch [71/100] | Loss: 6.4509 (Cls: 6.4292, TAL: 0.0760, Adv: 0.1571, OT-Reg: 0.000950) | OT inner objective: 0.1966 | Marginal residual row/col/max: 1.32e-07/4.10e-08/1.39e-07 | Train Acc: 0.2604 | Val Acc: 0.3846 | Val P/R/F1 (Macro): 0.3352/0.4083/0.3336 | LR: 0.000001
Epoch [72/100] | SVD update #72: pairs=96, sweeps=10, converged=False, rel_change=7.108e-02, effective_ranks=(95, 16), class_paired=True
Epoch [72/100] | Loss: 6.8593 (Cls: 6.8541, TAL: -0.0620, Adv: 0.1581, OT-Reg: 0.000795) | OT inner objective: 0.2284 | Marginal residual row/col/max: 1.11e-07/3.54e-08/1.14e-07 | Train Acc: 0.2500 | Val Acc: 0.5000 | Val P/R/F1 (Macro): 0.4306/0.3667/0.3540 | LR: 0.000001
Epoch [73/100] | SVD update #73: pairs=96, sweeps=4, converged=True, rel_change=9.963e-04, effective_ranks=(95, 16), class_paired=True
Epoch [73/100] | Loss: 6.8009 (Cls: 6.7795, TAL: 0.0671, Adv: 0.1672, OT-Reg: 0.000805) | OT inner objective: 0.2638 | Marginal residual row/col/max: 1.18e-08/3.10e-08/3.10e-08 | Train Acc: 0.2083 | Val Acc: 0.4615 | Val P/R/F1 (Macro): 0.2466/0.3500/0.2712 | LR: 0.000001
Epoch [74/100] | SVD update #74: pairs=96, sweeps=6, converged=True, rel_change=5.285e-04, effective_ranks=(95, 18), class_paired=True
Epoch [74/100] | Loss: 6.4489 (Cls: 6.4401, TAL: -0.0540, Adv: 0.1908, OT-Reg: 0.001035) | OT inner objective: 0.2653 | Marginal residual row/col/max: 1.55e-08/4.66e-08/4.66e-08 | Train Acc: 0.2396 | Val Acc: 0.4231 | Val P/R/F1 (Macro): 0.1961/0.3542/0.2439 | LR: 0.000001
Epoch [75/100] | SVD update #75: pairs=96, sweeps=5, converged=True, rel_change=7.768e-04, effective_ranks=(94, 14), class_paired=True
Epoch [75/100] | Loss: 6.3551 (Cls: 6.3245, TAL: 0.1627, Adv: 0.1388, OT-Reg: 0.000966) | OT inner objective: 0.2938 | Marginal residual row/col/max: 1.55e-08/3.35e-08/3.35e-08 | Train Acc: 0.3021 | Val Acc: 0.3846 | Val P/R/F1 (Macro): 0.2583/0.3083/0.2698 | LR: 0.000001
Epoch [76/100] | SVD update #76: pairs=96, sweeps=10, converged=False, rel_change=6.911e-03, effective_ranks=(95, 17), class_paired=True
Epoch [76/100] | Loss: 6.6742 (Cls: 6.6704, TAL: -0.0794, Adv: 0.1664, OT-Reg: 0.001010) | OT inner objective: 0.2682 | Marginal residual row/col/max: 2.55e-08/2.67e-08/2.92e-08 | Train Acc: 0.1667 | Val Acc: 0.2308 | Val P/R/F1 (Macro): 0.4127/0.2208/0.2520 | LR: 0.000001
Epoch [77/100] | SVD update #77: pairs=96, sweeps=7, converged=True, rel_change=9.485e-04, effective_ranks=(95, 18), class_paired=True
Epoch [77/100] | Loss: 6.7708 (Cls: 6.7537, TAL: 0.0501, Adv: 0.1385, OT-Reg: 0.000843) | OT inner objective: 0.2684 | Marginal residual row/col/max: 1.30e-08/2.79e-08/2.79e-08 | Train Acc: 0.2083 | Val Acc: 0.4231 | Val P/R/F1 (Macro): 0.3393/0.3167/0.2924 | LR: 0.000001
Epoch [78/100] | SVD update #78: pairs=96, sweeps=5, converged=True, rel_change=8.139e-04, effective_ranks=(95, 17), class_paired=True
Epoch [78/100] | Loss: 6.5092 (Cls: 6.4981, TAL: -0.0105, Adv: 0.1544, OT-Reg: 0.000809) | OT inner objective: 0.2834 | Marginal residual row/col/max: 1.24e-08/2.98e-08/2.98e-08 | Train Acc: 0.2083 | Val Acc: 0.3462 | Val P/R/F1 (Macro): 0.2246/0.2000/0.1416 | LR: 0.000001
Epoch [79/100] | SVD update #79: pairs=96, sweeps=5, converged=True, rel_change=5.021e-04, effective_ranks=(95, 17), class_paired=True
Epoch [79/100] | Loss: 6.4966 (Cls: 6.4866, TAL: -0.0440, Adv: 0.1909, OT-Reg: 0.000992) | OT inner objective: 0.2694 | Marginal residual row/col/max: 9.93e-09/3.73e-08/3.73e-08 | Train Acc: 0.3021 | Val Acc: 0.3077 | Val P/R/F1 (Macro): 0.3173/0.3375/0.2528 | LR: 0.000001
Epoch [80/100] | SVD update #80: pairs=96, sweeps=5, converged=True, rel_change=2.830e-04, effective_ranks=(94, 17), class_paired=True
Epoch [80/100] | Loss: 6.6705 (Cls: 6.6428, TAL: 0.1199, Adv: 0.1661, OT-Reg: 0.000742) | OT inner objective: 0.2766 | Marginal residual row/col/max: 1.92e-08/3.79e-08/3.79e-08 | Train Acc: 0.3438 | Val Acc: 0.5385 | Val P/R/F1 (Macro): 0.3141/0.4042/0.3234 | LR: 0.000001
Epoch [81/100] | SVD update #81: pairs=96, sweeps=8, converged=True, rel_change=3.920e-04, effective_ranks=(95, 16), class_paired=True
Epoch [81/100] | Loss: 6.3162 (Cls: 6.2992, TAL: 0.0152, Adv: 0.1891, OT-Reg: 0.001008) | OT inner objective: 0.2374 | Marginal residual row/col/max: 1.24e-08/3.29e-08/3.29e-08 | Train Acc: 0.3021 | Val Acc: 0.2692 | Val P/R/F1 (Macro): 0.2708/0.2083/0.1949 | LR: 0.000001
Epoch [82/100] | SVD update #82: pairs=96, sweeps=4, converged=True, rel_change=3.758e-04, effective_ranks=(95, 16), class_paired=True
Epoch [82/100] | Loss: 6.6956 (Cls: 6.6882, TAL: -0.0548, Adv: 0.1745, OT-Reg: 0.000884) | OT inner objective: 0.2445 | Marginal residual row/col/max: 3.48e-08/3.66e-08/4.90e-08 | Train Acc: 0.2812 | Val Acc: 0.3077 | Val P/R/F1 (Macro): 0.2321/0.2667/0.2208 | LR: 0.000001
Epoch [83/100] | SVD update #83: pairs=96, sweeps=10, converged=False, rel_change=3.969e-01, effective_ranks=(95, 19), class_paired=True
Epoch [83/100] | Loss: 6.2402 (Cls: 6.2339, TAL: -0.0573, Adv: 0.1648, OT-Reg: 0.000844) | OT inner objective: 0.1989 | Marginal residual row/col/max: 2.24e-08/4.35e-08/4.35e-08 | Train Acc: 0.2812 | Val Acc: 0.1538 | Val P/R/F1 (Macro): 0.0333/0.0833/0.0476 | LR: 0.000001
Epoch [84/100] | SVD update #84: pairs=96, sweeps=8, converged=True, rel_change=6.632e-04, effective_ranks=(95, 18), class_paired=True
Epoch [84/100] | Loss: 6.3454 (Cls: 6.3308, TAL: 0.0088, Adv: 0.1689, OT-Reg: 0.000762) | OT inner objective: 0.1617 | Marginal residual row/col/max: 4.90e-08/2.17e-08/5.59e-08 | Train Acc: 0.2917 | Val Acc: 0.1154 | Val P/R/F1 (Macro): 0.0794/0.0875/0.0828 | LR: 0.000001
Epoch [85/100] | SVD update #85: pairs=96, sweeps=10, converged=False, rel_change=7.185e-01, effective_ranks=(95, 14), class_paired=True
Epoch [85/100] | Loss: 6.1802 (Cls: 6.1548, TAL: 0.0730, Adv: 0.2085, OT-Reg: 0.000890) | OT inner objective: 0.2331 | Marginal residual row/col/max: 1.92e-08/3.73e-08/3.73e-08 | Train Acc: 0.2604 | Val Acc: 0.2692 | Val P/R/F1 (Macro): 0.1964/0.3500/0.2134 | LR: 0.000001
Epoch [86/100] | SVD update #86: pairs=96, sweeps=10, converged=False, rel_change=1.015e-01, effective_ranks=(95, 22), class_paired=True
Epoch [86/100] | Loss: 6.2635 (Cls: 6.2544, TAL: -0.0323, Adv: 0.1622, OT-Reg: 0.000869) | OT inner objective: 0.0864 | Marginal residual row/col/max: 1.74e-05/3.29e-08/1.74e-05 | Train Acc: 0.3646 | Val Acc: 0.1538 | Val P/R/F1 (Macro): 0.0952/0.1333/0.1111 | LR: 0.000001
Epoch [87/100] | SVD update #87: pairs=96, sweeps=10, converged=False, rel_change=2.509e-03, effective_ranks=(95, 24), class_paired=True
Epoch [87/100] | Loss: 6.5142 (Cls: 6.5091, TAL: -0.0788, Adv: 0.1821, OT-Reg: 0.000973) | OT inner objective: 0.2833 | Marginal residual row/col/max: 1.80e-08/3.73e-08/3.73e-08 | Train Acc: 0.2812 | Val Acc: 0.2308 | Val P/R/F1 (Macro): 0.0939/0.1500/0.1146 | LR: 0.000001
Epoch [88/100] | SVD update #88: pairs=96, sweeps=10, converged=True, rel_change=7.718e-04, effective_ranks=(95, 17), class_paired=True
Epoch [88/100] | Loss: 6.6315 (Cls: 6.6113, TAL: 0.0527, Adv: 0.1735, OT-Reg: 0.000842) | OT inner objective: 0.2530 | Marginal residual row/col/max: 1.37e-08/2.48e-08/2.48e-08 | Train Acc: 0.2604 | Val Acc: 0.1538 | Val P/R/F1 (Macro): 0.0392/0.0833/0.0533 | LR: 0.000001
Epoch [89/100] | SVD update #89: pairs=96, sweeps=6, converged=True, rel_change=6.792e-05, effective_ranks=(95, 15), class_paired=True
Epoch [89/100] | Loss: 6.8600 (Cls: 6.8448, TAL: 0.0018, Adv: 0.1875, OT-Reg: 0.000938) | OT inner objective: 0.2776 | Marginal residual row/col/max: 9.31e-09/3.04e-08/3.04e-08 | Train Acc: 0.2396 | Val Acc: 0.2692 | Val P/R/F1 (Macro): 0.2111/0.3042/0.2328 | LR: 0.000001
Epoch [90/100] | SVD update #90: pairs=96, sweeps=7, converged=True, rel_change=4.543e-04, effective_ranks=(95, 18), class_paired=True
Epoch [90/100] | Loss: 6.4387 (Cls: 6.4248, TAL: -0.0163, Adv: 0.1982, OT-Reg: 0.000742) | OT inner objective: 0.2003 | Marginal residual row/col/max: 1.86e-07/2.61e-08/1.94e-07 | Train Acc: 0.2292 | Val Acc: 0.1538 | Val P/R/F1 (Macro): 0.0534/0.2500/0.0861 | LR: 0.000001
Epoch [91/100] | SVD update #91: pairs=96, sweeps=10, converged=False, rel_change=3.878e-02, effective_ranks=(95, 22), class_paired=True
Epoch [91/100] | Loss: 6.3039 (Cls: 6.2988, TAL: -0.0699, Adv: 0.1688, OT-Reg: 0.000800) | OT inner objective: 0.1292 | Marginal residual row/col/max: 1.75e-07/3.04e-08/1.78e-07 | Train Acc: 0.2292 | Val Acc: 0.2308 | Val P/R/F1 (Macro): 0.2310/0.2833/0.1574 | LR: 0.000001
Epoch [92/100] | SVD update #92: pairs=96, sweeps=10, converged=False, rel_change=3.331e-01, effective_ranks=(95, 17), class_paired=True
Epoch [92/100] | Loss: 6.3551 (Cls: 6.3462, TAL: -0.0526, Adv: 0.1900, OT-Reg: 0.000750) | OT inner objective: 0.1280 | Marginal residual row/col/max: 5.59e-08/2.79e-08/5.90e-08 | Train Acc: 0.2396 | Val Acc: 0.2308 | Val P/R/F1 (Macro): 0.2546/0.2750/0.2386 | LR: 0.000001
Epoch [93/100] | SVD update #93: pairs=96, sweeps=10, converged=False, rel_change=1.535e-03, effective_ranks=(95, 16), class_paired=True
Epoch [93/100] | Loss: 6.1957 (Cls: 6.1743, TAL: 0.0214, Adv: 0.2362, OT-Reg: 0.000812) | OT inner objective: 0.1022 | Marginal residual row/col/max: 1.37e-08/1.92e-08/1.92e-08 | Train Acc: 0.2708 | Val Acc: 0.2692 | Val P/R/F1 (Macro): 0.2662/0.2292/0.1931 | LR: 0.000001
Epoch [94/100] | SVD update #94: pairs=96, sweeps=7, converged=True, rel_change=8.117e-04, effective_ranks=(95, 21), class_paired=True
Epoch [94/100] | Loss: 6.2738 (Cls: 6.2657, TAL: -0.0591, Adv: 0.1898, OT-Reg: 0.000754) | OT inner objective: 0.1300 | Marginal residual row/col/max: 1.06e-08/1.74e-08/1.80e-08 | Train Acc: 0.3542 | Val Acc: 0.3077 | Val P/R/F1 (Macro): 0.2201/0.3833/0.2422 | LR: 0.000001
Epoch [95/100] | SVD update #95: pairs=96, sweeps=7, converged=True, rel_change=7.387e-04, effective_ranks=(95, 14), class_paired=True
Epoch [95/100] | Loss: 6.0399 (Cls: 6.0219, TAL: -0.0036, Adv: 0.2309, OT-Reg: 0.000892) | OT inner objective: 0.0340 | Marginal residual row/col/max: 1.20e-06/2.11e-08/1.20e-06 | Train Acc: 0.3854 | Val Acc: 0.0769 | Val P/R/F1 (Macro): 0.0222/0.1667/0.0392 | LR: 0.000001
Epoch [96/100] | SVD update #96: pairs=96, sweeps=5, converged=True, rel_change=5.552e-04, effective_ranks=(95, 14), class_paired=True
Epoch [96/100] | Loss: 6.1304 (Cls: 6.0919, TAL: 0.2016, Adv: 0.1788, OT-Reg: 0.000846) | OT inner objective: 0.1664 | Marginal residual row/col/max: 7.26e-07/4.53e-08/7.43e-07 | Train Acc: 0.3021 | Val Acc: 0.1923 | Val P/R/F1 (Macro): 0.2431/0.2167/0.1892 | LR: 0.000001
Epoch [97/100] | SVD update #97: pairs=96, sweeps=10, converged=True, rel_change=5.401e-04, effective_ranks=(95, 17), class_paired=True
Epoch [97/100] | Loss: 6.6836 (Cls: 6.6620, TAL: 0.0311, Adv: 0.2241, OT-Reg: 0.000880) | OT inner objective: 0.0757 | Marginal residual row/col/max: 1.17e-06/2.17e-08/1.17e-06 | Train Acc: 0.2188 | Val Acc: 0.1538 | Val P/R/F1 (Macro): 0.2143/0.2833/0.1806 | LR: 0.000001
Epoch [98/100] | SVD update #98: pairs=96, sweeps=4, converged=True, rel_change=8.675e-04, effective_ranks=(95, 15), class_paired=True
Epoch [98/100] | Loss: 6.4674 (Cls: 6.4402, TAL: 0.0771, Adv: 0.2251, OT-Reg: 0.000918) | OT inner objective: 0.1361 | Marginal residual row/col/max: 3.60e-08/3.10e-08/4.28e-08 | Train Acc: 0.3750 | Val Acc: 0.1923 | Val P/R/F1 (Macro): 0.2385/0.1750/0.1556 | LR: 0.000001
Epoch [99/100] | SVD update #99: pairs=96, sweeps=10, converged=False, rel_change=6.267e-01, effective_ranks=(95, 22), class_paired=True
Epoch [99/100] | Loss: 6.4642 (Cls: 6.4231, TAL: 0.2470, Adv: 0.1434, OT-Reg: 0.000937) | OT inner objective: 0.2517 | Marginal residual row/col/max: 9.75e-08/3.41e-08/1.06e-07 | Train Acc: 0.4271 | Val Acc: 0.2308 | Val P/R/F1 (Macro): 0.1944/0.3500/0.2266 | LR: 0.000001
Epoch [100/100] | SVD update #100: pairs=96, sweeps=9, converged=True, rel_change=4.837e-04, effective_ranks=(94, 20), class_paired=True
Epoch [100/100] | Loss: 6.4432 (Cls: 6.4348, TAL: -0.0510, Adv: 0.1806, OT-Reg: 0.000948) | OT inner objective: 0.1438 | Marginal residual row/col/max: 2.73e-08/3.79e-08/4.16e-08 | Train Acc: 0.3125 | Val Acc: 0.4231 | Val P/R/F1 (Macro): 0.3889/0.4250/0.3407 | LR: 0.000001
Report strategy: best, window=10, reported_acc=0.7308, best_acc=0.7308, selected_epoch=7

迭代 4 报告指标:
  Accuracy: 0.7308
  Precision (Macro): 0.6413
  Recall (Macro): 0.7042
  F1 (Macro): 0.6236
  Precision (Micro): 0.7308
  Recall (Micro): 0.7308
  F1 (Micro): 0.7308
  Val class coverage: 6/14 (0.4286), samples=26

================================================================================
迭代 5/5
随机种子: 46
================================================================================
配对采样器已初始化，共 6 个共有类别。
Training mode: full target-label supervision (class-paired batches).
Feature fusion: Tensor alignment (512+512 -> 16+16); fused_dim=32
Domain adaptation: Neural OT generator with 3-domain discriminator
Loss weights: tensor=0.12, adv=0.08
Transport: mode=sinkhorn, epsilon=0.1, Sinkhorn iterations=50, correction scale=0.1, correction regularization weight=0.001
Tensor projection update: once per epoch from the complete target-training pairing bank; projection_dim=16, max_sweeps=10, relative singular-value tolerance=0.001
Epoch [1/100] | SVD update #1: pairs=96, sweeps=10, converged=False, rel_change=3.243e-02, effective_ranks=(95, 85), class_paired=True
Epoch [1/100] | Loss: 8.7199 (Cls: 8.7212, TAL: -0.1545, Adv: 0.2152, OT-Reg: 0.001090) | OT inner objective: 0.1265 | Marginal residual row/col/max: 1.86e-08/1.80e-08/1.99e-08 | Train Acc: 0.1146 | Val Acc: 0.0000 | Val P/R/F1 (Macro): 0.0000/0.0000/0.0000 | LR: 0.000005
  >>> New Best Val Acc: 0.0000
Epoch [2/100] | SVD update #2: pairs=96, sweeps=3, converged=True, rel_change=7.798e-05, effective_ranks=(95, 87), class_paired=True
Epoch [2/100] | Loss: 7.8959 (Cls: 7.8741, TAL: 0.0447, Adv: 0.2052, OT-Reg: 0.000899) | OT inner objective: 0.3059 | Marginal residual row/col/max: 9.93e-09/2.05e-08/2.05e-08 | Train Acc: 0.1146 | Val Acc: 0.2692 | Val P/R/F1 (Macro): 0.3129/0.3667/0.2469 | LR: 0.000005
  >>> New Best Val Acc: 0.2692
Epoch [3/100] | SVD update #3: pairs=96, sweeps=3, converged=True, rel_change=5.534e-04, effective_ranks=(95, 79), class_paired=True
Epoch [3/100] | Loss: 8.0760 (Cls: 8.0652, TAL: -0.0761, Adv: 0.2493, OT-Reg: 0.000952) | OT inner objective: 0.2661 | Marginal residual row/col/max: 9.93e-09/2.05e-08/2.05e-08 | Train Acc: 0.1354 | Val Acc: 0.0769 | Val P/R/F1 (Macro): 0.0303/0.1667/0.0513 | LR: 0.000005
Epoch [4/100] | SVD update #4: pairs=96, sweeps=5, converged=True, rel_change=5.933e-04, effective_ranks=(95, 64), class_paired=True
Epoch [4/100] | Loss: 7.2765 (Cls: 7.2672, TAL: -0.0555, Adv: 0.1991, OT-Reg: 0.001018) | OT inner objective: 0.2242 | Marginal residual row/col/max: 8.69e-09/1.92e-08/1.92e-08 | Train Acc: 0.2292 | Val Acc: 0.3846 | Val P/R/F1 (Macro): 0.4330/0.4375/0.3437 | LR: 0.000005
  >>> New Best Val Acc: 0.3846
Epoch [5/100] | SVD update #5: pairs=96, sweeps=5, converged=True, rel_change=8.433e-04, effective_ranks=(95, 72), class_paired=True
Epoch [5/100] | Loss: 7.0655 (Cls: 7.0382, TAL: 0.0900, Adv: 0.2058, OT-Reg: 0.001164) | OT inner objective: 0.2238 | Marginal residual row/col/max: 8.69e-09/2.05e-08/2.05e-08 | Train Acc: 0.1875 | Val Acc: 0.3077 | Val P/R/F1 (Macro): 0.0556/0.1667/0.0833 | LR: 0.000005
Epoch [6/100] | SVD update #6: pairs=96, sweeps=10, converged=False, rel_change=4.569e-03, effective_ranks=(95, 69), class_paired=True
Epoch [6/100] | Loss: 6.8422 (Cls: 6.8317, TAL: -0.0446, Adv: 0.1980, OT-Reg: 0.000927) | OT inner objective: 0.2693 | Marginal residual row/col/max: 9.31e-09/1.43e-08/1.43e-08 | Train Acc: 0.1979 | Val Acc: 0.1923 | Val P/R/F1 (Macro): 0.1042/0.1042/0.1042 | LR: 0.000005
Epoch [7/100] | SVD update #7: pairs=96, sweeps=5, converged=True, rel_change=2.659e-04, effective_ranks=(94, 42), class_paired=True
Epoch [7/100] | Loss: 7.2264 (Cls: 7.2174, TAL: -0.0474, Adv: 0.1843, OT-Reg: 0.000920) | OT inner objective: 0.1131 | Marginal residual row/col/max: 1.05e-06/1.68e-08/1.05e-06 | Train Acc: 0.1458 | Val Acc: 0.3462 | Val P/R/F1 (Macro): 0.1262/0.2500/0.1578 | LR: 0.000005
Epoch [8/100] | SVD update #8: pairs=96, sweeps=10, converged=False, rel_change=6.296e-02, effective_ranks=(95, 34), class_paired=True
Epoch [8/100] | Loss: 6.7822 (Cls: 6.7800, TAL: -0.1331, Adv: 0.2275, OT-Reg: 0.001058) | OT inner objective: 0.1738 | Marginal residual row/col/max: 1.30e-08/1.06e-08/1.30e-08 | Train Acc: 0.1979 | Val Acc: 0.1923 | Val P/R/F1 (Macro): 0.0463/0.1667/0.0725 | LR: 0.000005
Epoch [9/100] | SVD update #9: pairs=96, sweeps=10, converged=False, rel_change=3.082e-01, effective_ranks=(95, 49), class_paired=True
Epoch [9/100] | Loss: 7.1171 (Cls: 7.0881, TAL: 0.0996, Adv: 0.2136, OT-Reg: 0.000965) | OT inner objective: 0.2430 | Marginal residual row/col/max: 1.49e-08/2.73e-08/2.73e-08 | Train Acc: 0.1562 | Val Acc: 0.2308 | Val P/R/F1 (Macro): 0.0938/0.2500/0.1349 | LR: 0.000005
Epoch [10/100] | SVD update #10: pairs=96, sweeps=10, converged=False, rel_change=2.149e-01, effective_ranks=(95, 55), class_paired=True
Epoch [10/100] | Loss: 8.3010 (Cls: 8.2691, TAL: 0.1472, Adv: 0.1780, OT-Reg: 0.001267) | OT inner objective: 0.2432 | Marginal residual row/col/max: 1.12e-08/1.49e-08/1.49e-08 | Train Acc: 0.0833 | Val Acc: 0.1923 | Val P/R/F1 (Macro): 0.2018/0.2500/0.1691 | LR: 0.000005
Epoch [11/100] | SVD update #11: pairs=96, sweeps=10, converged=False, rel_change=3.189e-01, effective_ranks=(95, 46), class_paired=True
Epoch [11/100] | Loss: 7.4279 (Cls: 7.3977, TAL: 0.1280, Adv: 0.1858, OT-Reg: 0.000971) | OT inner objective: 0.2133 | Marginal residual row/col/max: 1.12e-08/9.93e-09/1.12e-08 | Train Acc: 0.2292 | Val Acc: 0.3462 | Val P/R/F1 (Macro): 0.1829/0.3125/0.2064 | LR: 0.000005
Epoch [12/100] | SVD update #12: pairs=96, sweeps=10, converged=False, rel_change=1.382e-01, effective_ranks=(95, 39), class_paired=True
Epoch [12/100] | Loss: 7.0384 (Cls: 7.0083, TAL: 0.0818, Adv: 0.2538, OT-Reg: 0.001097) | OT inner objective: 0.1760 | Marginal residual row/col/max: 1.30e-08/1.68e-08/1.92e-08 | Train Acc: 0.2396 | Val Acc: 0.1923 | Val P/R/F1 (Macro): 0.0684/0.2500/0.1056 | LR: 0.000005
Epoch [13/100] | SVD update #13: pairs=96, sweeps=10, converged=False, rel_change=1.162e-03, effective_ranks=(95, 41), class_paired=True
Epoch [13/100] | Loss: 7.1578 (Cls: 7.1384, TAL: 0.0662, Adv: 0.1439, OT-Reg: 0.000874) | OT inner objective: 0.2612 | Marginal residual row/col/max: 1.24e-08/2.30e-08/2.30e-08 | Train Acc: 0.1458 | Val Acc: 0.1923 | Val P/R/F1 (Macro): 0.1083/0.2500/0.1508 | LR: 0.000005
Epoch [14/100] | SVD update #14: pairs=96, sweeps=10, converged=False, rel_change=4.594e-01, effective_ranks=(95, 43), class_paired=True
Epoch [14/100] | Loss: 7.3614 (Cls: 7.3482, TAL: 0.0026, Adv: 0.1613, OT-Reg: 0.001076) | OT inner objective: 0.1697 | Marginal residual row/col/max: 8.69e-09/1.74e-08/1.74e-08 | Train Acc: 0.1667 | Val Acc: 0.2308 | Val P/R/F1 (Macro): 0.1181/0.2500/0.1408 | LR: 0.000005
Epoch [15/100] | SVD update #15: pairs=96, sweeps=9, converged=True, rel_change=9.861e-04, effective_ranks=(95, 34), class_paired=True
Epoch [15/100] | Loss: 6.9718 (Cls: 6.9501, TAL: 0.0406, Adv: 0.2109, OT-Reg: 0.001143) | OT inner objective: 0.2069 | Marginal residual row/col/max: 9.93e-09/2.11e-08/2.11e-08 | Train Acc: 0.1250 | Val Acc: 0.0385 | Val P/R/F1 (Macro): 0.0111/0.0333/0.0167 | LR: 0.000003
Epoch [16/100] | SVD update #16: pairs=96, sweeps=8, converged=True, rel_change=2.898e-04, effective_ranks=(95, 23), class_paired=True
Epoch [16/100] | Loss: 6.9889 (Cls: 6.9450, TAL: 0.2090, Adv: 0.2356, OT-Reg: 0.000760) | OT inner objective: 0.2845 | Marginal residual row/col/max: 1.06e-08/3.73e-08/3.73e-08 | Train Acc: 0.0938 | Val Acc: 0.1538 | Val P/R/F1 (Macro): 0.2560/0.1292/0.1500 | LR: 0.000003
Epoch [17/100] | SVD update #17: pairs=96, sweeps=10, converged=False, rel_change=2.757e-01, effective_ranks=(95, 33), class_paired=True
Epoch [17/100] | Loss: 7.3557 (Cls: 7.3346, TAL: 0.0432, Adv: 0.1981, OT-Reg: 0.001071) | OT inner objective: 0.2311 | Marginal residual row/col/max: 1.30e-08/2.24e-08/2.24e-08 | Train Acc: 0.1354 | Val Acc: 0.0769 | Val P/R/F1 (Macro): 0.0889/0.1250/0.0952 | LR: 0.000003
Epoch [18/100] | SVD update #18: pairs=96, sweeps=10, converged=False, rel_change=5.586e-03, effective_ranks=(95, 29), class_paired=True
Epoch [18/100] | Loss: 7.0283 (Cls: 7.0026, TAL: 0.0458, Adv: 0.2527, OT-Reg: 0.000995) | OT inner objective: 0.2817 | Marginal residual row/col/max: 9.93e-09/3.35e-08/3.35e-08 | Train Acc: 0.1458 | Val Acc: 0.3077 | Val P/R/F1 (Macro): 0.1815/0.2292/0.1944 | LR: 0.000003
Epoch [19/100] | SVD update #19: pairs=96, sweeps=10, converged=False, rel_change=1.977e-01, effective_ranks=(95, 28), class_paired=True
Epoch [19/100] | Loss: 7.0917 (Cls: 7.1005, TAL: -0.2071, Adv: 0.2013, OT-Reg: 0.000916) | OT inner objective: 0.1115 | Marginal residual row/col/max: 2.57e-06/2.30e-08/2.57e-06 | Train Acc: 0.2083 | Val Acc: 0.3077 | Val P/R/F1 (Macro): 0.2644/0.2417/0.1841 | LR: 0.000003
Epoch [20/100] | SVD update #20: pairs=96, sweeps=10, converged=False, rel_change=5.146e-02, effective_ranks=(95, 25), class_paired=True
Epoch [20/100] | Loss: 6.5978 (Cls: 6.5771, TAL: 0.0226, Adv: 0.2248, OT-Reg: 0.000988) | OT inner objective: 0.1567 | Marginal residual row/col/max: 1.55e-08/1.86e-08/2.05e-08 | Train Acc: 0.1979 | Val Acc: 0.1538 | Val P/R/F1 (Macro): 0.0278/0.1667/0.0476 | LR: 0.000003
Epoch [21/100] | SVD update #21: pairs=96, sweeps=10, converged=False, rel_change=1.786e-01, effective_ranks=(95, 27), class_paired=True
Epoch [21/100] | Loss: 6.3804 (Cls: 6.3718, TAL: -0.0454, Adv: 0.1751, OT-Reg: 0.001017) | OT inner objective: 0.1872 | Marginal residual row/col/max: 1.18e-08/1.49e-08/1.68e-08 | Train Acc: 0.1875 | Val Acc: 0.1538 | Val P/R/F1 (Macro): 0.2083/0.1208/0.0959 | LR: 0.000003
Epoch [22/100] | SVD update #22: pairs=96, sweeps=10, converged=False, rel_change=3.246e-01, effective_ranks=(94, 29), class_paired=True
Epoch [22/100] | Loss: 6.6939 (Cls: 6.6829, TAL: -0.0423, Adv: 0.2003, OT-Reg: 0.000850) | OT inner objective: 0.1954 | Marginal residual row/col/max: 1.12e-08/1.68e-08/1.68e-08 | Train Acc: 0.2083 | Val Acc: 0.2308 | Val P/R/F1 (Macro): 0.1736/0.2583/0.2044 | LR: 0.000003
Epoch [23/100] | SVD update #23: pairs=96, sweeps=10, converged=False, rel_change=7.793e-03, effective_ranks=(95, 28), class_paired=True
Epoch [23/100] | Loss: 6.5790 (Cls: 6.5627, TAL: -0.0050, Adv: 0.2115, OT-Reg: 0.000992) | OT inner objective: 0.2157 | Marginal residual row/col/max: 1.30e-08/3.23e-08/3.23e-08 | Train Acc: 0.1458 | Val Acc: 0.0385 | Val P/R/F1 (Macro): 0.0088/0.0833/0.0159 | LR: 0.000003
Epoch [24/100] | SVD update #24: pairs=96, sweeps=10, converged=False, rel_change=2.948e-01, effective_ranks=(95, 32), class_paired=True
Epoch [24/100] | Loss: 6.3328 (Cls: 6.3282, TAL: -0.0960, Adv: 0.2009, OT-Reg: 0.001094) | OT inner objective: 0.1246 | Marginal residual row/col/max: 3.77e-07/1.18e-08/3.77e-07 | Train Acc: 0.2396 | Val Acc: 0.1154 | Val P/R/F1 (Macro): 0.0375/0.1500/0.0595 | LR: 0.000003
Epoch [25/100] | SVD update #25: pairs=96, sweeps=10, converged=False, rel_change=7.487e-02, effective_ranks=(95, 33), class_paired=True
Epoch [25/100] | Loss: 6.6373 (Cls: 6.6103, TAL: 0.1103, Adv: 0.1722, OT-Reg: 0.001138) | OT inner objective: 0.2559 | Marginal residual row/col/max: 1.37e-08/2.61e-08/2.61e-08 | Train Acc: 0.2500 | Val Acc: 0.3077 | Val P/R/F1 (Macro): 0.1222/0.2167/0.1525 | LR: 0.000003
Epoch [26/100] | SVD update #26: pairs=96, sweeps=10, converged=False, rel_change=5.396e-02, effective_ranks=(95, 26), class_paired=True
Epoch [26/100] | Loss: 6.5776 (Cls: 6.5703, TAL: -0.0782, Adv: 0.2085, OT-Reg: 0.001063) | OT inner objective: 0.1964 | Marginal residual row/col/max: 1.24e-08/2.55e-08/2.55e-08 | Train Acc: 0.2396 | Val Acc: 0.1154 | Val P/R/F1 (Macro): 0.0636/0.1500/0.0893 | LR: 0.000001
Epoch [27/100] | SVD update #27: pairs=96, sweeps=10, converged=False, rel_change=3.302e-02, effective_ranks=(95, 37), class_paired=True
Epoch [27/100] | Loss: 6.9603 (Cls: 6.9623, TAL: -0.1441, Adv: 0.1908, OT-Reg: 0.001379) | OT inner objective: 0.2480 | Marginal residual row/col/max: 1.12e-08/1.12e-08/1.12e-08 | Train Acc: 0.1250 | Val Acc: 0.2692 | Val P/R/F1 (Macro): 0.2029/0.2083/0.1262 | LR: 0.000001
Epoch [28/100] | SVD update #28: pairs=96, sweeps=10, converged=False, rel_change=2.455e-03, effective_ranks=(95, 26), class_paired=True
Epoch [28/100] | Loss: 6.6592 (Cls: 6.6561, TAL: -0.0926, Adv: 0.1775, OT-Reg: 0.001052) | OT inner objective: 0.1349 | Marginal residual row/col/max: 8.69e-09/2.30e-08/2.30e-08 | Train Acc: 0.2188 | Val Acc: 0.1923 | Val P/R/F1 (Macro): 0.0347/0.1667/0.0575 | LR: 0.000001
Epoch [29/100] | SVD update #29: pairs=96, sweeps=10, converged=False, rel_change=1.410e-02, effective_ranks=(95, 24), class_paired=True
Epoch [29/100] | Loss: 6.1376 (Cls: 6.1449, TAL: -0.1855, Adv: 0.1862, OT-Reg: 0.001037) | OT inner objective: 0.1243 | Marginal residual row/col/max: 1.49e-08/1.49e-08/1.49e-08 | Train Acc: 0.2708 | Val Acc: 0.2692 | Val P/R/F1 (Macro): 0.2560/0.3667/0.1963 | LR: 0.000001
Epoch [30/100] | SVD update #30: pairs=96, sweeps=10, converged=False, rel_change=4.345e-02, effective_ranks=(95, 22), class_paired=True
Epoch [30/100] | Loss: 6.4628 (Cls: 6.4461, TAL: 0.0168, Adv: 0.1836, OT-Reg: 0.001040) | OT inner objective: 0.1046 | Marginal residual row/col/max: 7.08e-07/1.55e-08/7.10e-07 | Train Acc: 0.2083 | Val Acc: 0.1154 | Val P/R/F1 (Macro): 0.0854/0.1583/0.0926 | LR: 0.000001
Epoch [31/100] | SVD update #31: pairs=96, sweeps=10, converged=False, rel_change=1.533e-02, effective_ranks=(95, 26), class_paired=True
Epoch [31/100] | Loss: 6.6409 (Cls: 6.6271, TAL: 0.0152, Adv: 0.1489, OT-Reg: 0.000991) | OT inner objective: 0.2361 | Marginal residual row/col/max: 1.24e-08/1.99e-08/1.99e-08 | Train Acc: 0.2396 | Val Acc: 0.2692 | Val P/R/F1 (Macro): 0.1667/0.2083/0.1552 | LR: 0.000001
Epoch [32/100] | SVD update #32: pairs=96, sweeps=9, converged=True, rel_change=3.674e-04, effective_ranks=(95, 23), class_paired=True
Epoch [32/100] | Loss: 6.4675 (Cls: 6.4712, TAL: -0.1506, Adv: 0.1803, OT-Reg: 0.001152) | OT inner objective: 0.1795 | Marginal residual row/col/max: 3.04e-08/1.24e-08/3.23e-08 | Train Acc: 0.1771 | Val Acc: 0.1154 | Val P/R/F1 (Macro): 0.0625/0.1000/0.0769 | LR: 0.000001
Epoch [33/100] | SVD update #33: pairs=96, sweeps=10, converged=False, rel_change=3.088e-01, effective_ranks=(95, 22), class_paired=True
Epoch [33/100] | Loss: 6.8067 (Cls: 6.7591, TAL: 0.2881, Adv: 0.1623, OT-Reg: 0.001042) | OT inner objective: 0.0292 | Marginal residual row/col/max: 6.42e-07/1.49e-08/6.42e-07 | Train Acc: 0.1042 | Val Acc: 0.2692 | Val P/R/F1 (Macro): 0.2479/0.3167/0.2315 | LR: 0.000001
Epoch [34/100] | SVD update #34: pairs=96, sweeps=10, converged=False, rel_change=1.025e-03, effective_ranks=(95, 31), class_paired=True
Epoch [34/100] | Loss: 6.6675 (Cls: 6.6326, TAL: 0.1557, Adv: 0.2025, OT-Reg: 0.001038) | OT inner objective: 0.0993 | Marginal residual row/col/max: 1.06e-08/1.55e-08/1.74e-08 | Train Acc: 0.1771 | Val Acc: 0.2308 | Val P/R/F1 (Macro): 0.2768/0.2667/0.2486 | LR: 0.000001
Epoch [35/100] | SVD update #35: pairs=96, sweeps=10, converged=False, rel_change=1.567e-03, effective_ranks=(95, 23), class_paired=True
Epoch [35/100] | Loss: 6.3461 (Cls: 6.3086, TAL: 0.2095, Adv: 0.1543, OT-Reg: 0.000997) | OT inner objective: 0.0778 | Marginal residual row/col/max: 3.12e-06/3.04e-08/3.12e-06 | Train Acc: 0.1562 | Val Acc: 0.0769 | Val P/R/F1 (Macro): 0.1795/0.1167/0.1296 | LR: 0.000001
Epoch [36/100] | SVD update #36: pairs=96, sweeps=10, converged=False, rel_change=3.960e-01, effective_ranks=(95, 27), class_paired=True
Epoch [36/100] | Loss: 6.6999 (Cls: 6.7218, TAL: -0.2860, Adv: 0.1541, OT-Reg: 0.000997) | OT inner objective: 0.0187 | Marginal residual row/col/max: 7.03e-06/2.36e-08/7.03e-06 | Train Acc: 0.1458 | Val Acc: 0.1923 | Val P/R/F1 (Macro): 0.0938/0.1667/0.1019 | LR: 0.000001
Epoch [37/100] | SVD update #37: pairs=96, sweeps=10, converged=False, rel_change=4.696e-02, effective_ranks=(95, 24), class_paired=True
Epoch [37/100] | Loss: 6.5037 (Cls: 6.5034, TAL: -0.0999, Adv: 0.1537, OT-Reg: 0.000894) | OT inner objective: 0.2317 | Marginal residual row/col/max: 1.24e-08/2.79e-08/2.79e-08 | Train Acc: 0.1979 | Val Acc: 0.0385 | Val P/R/F1 (Macro): 0.0556/0.0208/0.0303 | LR: 0.000001
Epoch [38/100] | SVD update #38: pairs=96, sweeps=10, converged=False, rel_change=2.279e-02, effective_ranks=(95, 28), class_paired=True
Epoch [38/100] | Loss: 6.1988 (Cls: 6.1904, TAL: -0.0305, Adv: 0.1513, OT-Reg: 0.000925) | OT inner objective: 0.2448 | Marginal residual row/col/max: 1.12e-08/1.30e-08/1.30e-08 | Train Acc: 0.1771 | Val Acc: 0.1923 | Val P/R/F1 (Macro): 0.1000/0.1917/0.1193 | LR: 0.000001
Epoch [39/100] | SVD update #39: pairs=96, sweeps=10, converged=False, rel_change=3.927e-01, effective_ranks=(95, 44), class_paired=True
Epoch [39/100] | Loss: 6.3918 (Cls: 6.3641, TAL: 0.1302, Adv: 0.1520, OT-Reg: 0.001002) | OT inner objective: 0.2301 | Marginal residual row/col/max: 1.18e-08/2.61e-08/2.61e-08 | Train Acc: 0.1562 | Val Acc: 0.0000 | Val P/R/F1 (Macro): 0.0000/0.0000/0.0000 | LR: 0.000001
Epoch [40/100] | SVD update #40: pairs=96, sweeps=10, converged=False, rel_change=8.650e-03, effective_ranks=(95, 29), class_paired=True
Epoch [40/100] | Loss: 6.1505 (Cls: 6.1669, TAL: -0.2385, Adv: 0.1530, OT-Reg: 0.001076) | OT inner objective: 0.1414 | Marginal residual row/col/max: 1.61e-08/2.73e-08/2.73e-08 | Train Acc: 0.2604 | Val Acc: 0.0769 | Val P/R/F1 (Macro): 0.0349/0.1167/0.0537 | LR: 0.000001
Epoch [41/100] | SVD update #41: pairs=96, sweeps=10, converged=False, rel_change=4.909e-01, effective_ranks=(95, 26), class_paired=True
Epoch [41/100] | Loss: 6.3843 (Cls: 6.4013, TAL: -0.2398, Adv: 0.1470, OT-Reg: 0.001080) | OT inner objective: 0.0608 | Marginal residual row/col/max: 4.66e-08/3.48e-08/6.33e-08 | Train Acc: 0.1562 | Val Acc: 0.1538 | Val P/R/F1 (Macro): 0.0833/0.0833/0.0833 | LR: 0.000001
Epoch [42/100] | SVD update #42: pairs=96, sweeps=10, converged=False, rel_change=4.945e-02, effective_ranks=(95, 28), class_paired=True
Epoch [42/100] | Loss: 6.1102 (Cls: 6.1076, TAL: -0.0837, Adv: 0.1574, OT-Reg: 0.001138) | OT inner objective: 0.0236 | Marginal residual row/col/max: 2.26e-06/1.18e-08/2.26e-06 | Train Acc: 0.2292 | Val Acc: 0.2692 | Val P/R/F1 (Macro): 0.2399/0.2958/0.1909 | LR: 0.000001
Epoch [43/100] | SVD update #43: pairs=96, sweeps=10, converged=False, rel_change=2.559e-01, effective_ranks=(95, 30), class_paired=True
Epoch [43/100] | Loss: 6.1746 (Cls: 6.1761, TAL: -0.0954, Adv: 0.1252, OT-Reg: 0.001254) | OT inner objective: 0.0535 | Marginal residual row/col/max: 5.02e-07/1.30e-08/5.02e-07 | Train Acc: 0.2500 | Val Acc: 0.1923 | Val P/R/F1 (Macro): 0.2852/0.1375/0.1581 | LR: 0.000001
Epoch [44/100] | SVD update #44: pairs=96, sweeps=10, converged=False, rel_change=2.324e-01, effective_ranks=(95, 33), class_paired=True
Epoch [44/100] | Loss: 6.1157 (Cls: 6.1342, TAL: -0.2561, Adv: 0.1533, OT-Reg: 0.001143) | OT inner objective: 0.1028 | Marginal residual row/col/max: 3.85e-08/8.07e-09/3.85e-08 | Train Acc: 0.1875 | Val Acc: 0.0769 | Val P/R/F1 (Macro): 0.1111/0.0667/0.0833 | LR: 0.000001
Epoch [45/100] | SVD update #45: pairs=96, sweeps=10, converged=False, rel_change=2.928e-02, effective_ranks=(95, 31), class_paired=True
Epoch [45/100] | Loss: 6.1092 (Cls: 6.1279, TAL: -0.2533, Adv: 0.1463, OT-Reg: 0.000902) | OT inner objective: 0.0784 | Marginal residual row/col/max: 1.22e-05/1.74e-08/1.22e-05 | Train Acc: 0.1562 | Val Acc: 0.1538 | Val P/R/F1 (Macro): 0.0741/0.0833/0.0784 | LR: 0.000001
Epoch [46/100] | SVD update #46: pairs=96, sweeps=10, converged=False, rel_change=4.504e-02, effective_ranks=(95, 25), class_paired=True
Epoch [46/100] | Loss: 5.9636 (Cls: 5.9684, TAL: -0.1344, Adv: 0.1417, OT-Reg: 0.001033) | OT inner objective: -0.1172 | Marginal residual row/col/max: 1.23e-05/1.43e-08/1.23e-05 | Train Acc: 0.3438 | Val Acc: 0.0769 | Val P/R/F1 (Macro): 0.1667/0.0417/0.0667 | LR: 0.000001
Epoch [47/100] | SVD update #47: pairs=96, sweeps=10, converged=False, rel_change=3.905e-01, effective_ranks=(95, 30), class_paired=True
Epoch [47/100] | Loss: 6.5271 (Cls: 6.5218, TAL: -0.0766, Adv: 0.1808, OT-Reg: 0.000938) | OT inner objective: 0.1348 | Marginal residual row/col/max: 5.20e-05/2.73e-08/5.20e-05 | Train Acc: 0.1458 | Val Acc: 0.0769 | Val P/R/F1 (Macro): 0.0333/0.0417/0.0370 | LR: 0.000001
Epoch [48/100] | SVD update #48: pairs=96, sweeps=6, converged=True, rel_change=5.976e-04, effective_ranks=(95, 33), class_paired=True
Epoch [48/100] | Loss: 6.5923 (Cls: 6.5811, TAL: -0.0135, Adv: 0.1607, OT-Reg: 0.001074) | OT inner objective: 0.1957 | Marginal residual row/col/max: 1.24e-08/2.42e-08/2.42e-08 | Train Acc: 0.1250 | Val Acc: 0.2692 | Val P/R/F1 (Macro): 0.1181/0.2083/0.1500 | LR: 0.000001
Epoch [49/100] | SVD update #49: pairs=96, sweeps=10, converged=False, rel_change=7.963e-01, effective_ranks=(95, 26), class_paired=True
Epoch [49/100] | Loss: 7.1799 (Cls: 7.1586, TAL: 0.0797, Adv: 0.1465, OT-Reg: 0.001116) | OT inner objective: 0.1947 | Marginal residual row/col/max: 1.24e-08/2.55e-08/2.55e-08 | Train Acc: 0.0521 | Val Acc: 0.2692 | Val P/R/F1 (Macro): 0.1106/0.1958/0.1389 | LR: 0.000001
Epoch [50/100] | SVD update #50: pairs=96, sweeps=10, converged=False, rel_change=2.480e-03, effective_ranks=(95, 27), class_paired=True
Epoch [50/100] | Loss: 6.9167 (Cls: 6.8920, TAL: 0.0993, Adv: 0.1594, OT-Reg: 0.001047) | OT inner objective: 0.1753 | Marginal residual row/col/max: 1.18e-08/3.66e-08/3.66e-08 | Train Acc: 0.1250 | Val Acc: 0.1923 | Val P/R/F1 (Macro): 0.0791/0.1667/0.1005 | LR: 0.000001
Epoch [51/100] | SVD update #51: pairs=96, sweeps=10, converged=True, rel_change=5.229e-04, effective_ranks=(95, 29), class_paired=True
Epoch [51/100] | Loss: 6.2049 (Cls: 6.1963, TAL: -0.0387, Adv: 0.1665, OT-Reg: 0.001009) | OT inner objective: 0.2237 | Marginal residual row/col/max: 1.37e-08/2.86e-08/2.86e-08 | Train Acc: 0.2500 | Val Acc: 0.1538 | Val P/R/F1 (Macro): 0.1528/0.1417/0.1444 | LR: 0.000001
Epoch [52/100] | SVD update #52: pairs=96, sweeps=10, converged=True, rel_change=4.162e-04, effective_ranks=(95, 30), class_paired=True
Epoch [52/100] | Loss: 6.2690 (Cls: 6.2772, TAL: -0.1717, Adv: 0.1548, OT-Reg: 0.000946) | OT inner objective: 0.0537 | Marginal residual row/col/max: 1.19e-07/3.41e-08/1.25e-07 | Train Acc: 0.2396 | Val Acc: 0.2692 | Val P/R/F1 (Macro): 0.2917/0.2208/0.1741 | LR: 0.000001
Epoch [53/100] | SVD update #53: pairs=96, sweeps=10, converged=False, rel_change=3.030e-02, effective_ranks=(95, 23), class_paired=True
Epoch [53/100] | Loss: 5.9090 (Cls: 5.9208, TAL: -0.2007, Adv: 0.1526, OT-Reg: 0.001004) | OT inner objective: -0.0230 | Marginal residual row/col/max: 2.40e-05/2.79e-08/2.40e-05 | Train Acc: 0.3021 | Val Acc: 0.1923 | Val P/R/F1 (Macro): 0.0948/0.2167/0.1273 | LR: 0.000001
Epoch [54/100] | SVD update #54: pairs=96, sweeps=10, converged=False, rel_change=2.978e-03, effective_ranks=(95, 25), class_paired=True
Epoch [54/100] | Loss: 6.0680 (Cls: 6.0627, TAL: -0.0571, Adv: 0.1519, OT-Reg: 0.001166) | OT inner objective: 0.2066 | Marginal residual row/col/max: 1.18e-08/2.42e-08/2.42e-08 | Train Acc: 0.2188 | Val Acc: 0.5000 | Val P/R/F1 (Macro): 0.1931/0.3333/0.2415 | LR: 0.000001
  >>> New Best Val Acc: 0.5000
Epoch [55/100] | SVD update #55: pairs=96, sweeps=10, converged=False, rel_change=3.320e-02, effective_ranks=(95, 25), class_paired=True
Epoch [55/100] | Loss: 6.1204 (Cls: 6.1260, TAL: -0.1456, Adv: 0.1479, OT-Reg: 0.001117) | OT inner objective: 0.1313 | Marginal residual row/col/max: 1.18e-08/1.37e-08/1.55e-08 | Train Acc: 0.2292 | Val Acc: 0.0385 | Val P/R/F1 (Macro): 0.0119/0.0833/0.0208 | LR: 0.000001
Epoch [56/100] | SVD update #56: pairs=96, sweeps=10, converged=False, rel_change=9.151e-02, effective_ranks=(95, 29), class_paired=True
Epoch [56/100] | Loss: 6.0479 (Cls: 6.0477, TAL: -0.1032, Adv: 0.1575, OT-Reg: 0.001128) | OT inner objective: 0.1921 | Marginal residual row/col/max: 1.37e-08/1.37e-08/1.68e-08 | Train Acc: 0.2083 | Val Acc: 0.1923 | Val P/R/F1 (Macro): 0.0641/0.1042/0.0794 | LR: 0.000001
Epoch [57/100] | SVD update #57: pairs=96, sweeps=10, converged=False, rel_change=9.869e-02, effective_ranks=(95, 24), class_paired=True
Epoch [57/100] | Loss: 6.0354 (Cls: 6.0273, TAL: -0.0295, Adv: 0.1453, OT-Reg: 0.000833) | OT inner objective: 0.1940 | Marginal residual row/col/max: 1.74e-08/1.99e-08/2.48e-08 | Train Acc: 0.2292 | Val Acc: 0.1538 | Val P/R/F1 (Macro): 0.1083/0.2833/0.1476 | LR: 0.000001
Epoch [58/100] | SVD update #58: pairs=96, sweeps=10, converged=False, rel_change=1.686e-01, effective_ranks=(95, 30), class_paired=True
Epoch [58/100] | Loss: 6.1654 (Cls: 6.1548, TAL: -0.0024, Adv: 0.1361, OT-Reg: 0.001006) | OT inner objective: 0.1445 | Marginal residual row/col/max: 9.31e-09/1.18e-08/1.18e-08 | Train Acc: 0.2396 | Val Acc: 0.2692 | Val P/R/F1 (Macro): 0.1856/0.1833/0.1813 | LR: 0.000001
Epoch [59/100] | SVD update #59: pairs=96, sweeps=10, converged=False, rel_change=4.507e-02, effective_ranks=(95, 34), class_paired=True
Epoch [59/100] | Loss: 6.0682 (Cls: 6.0612, TAL: -0.0101, Adv: 0.1025, OT-Reg: 0.000938) | OT inner objective: 0.1084 | Marginal residual row/col/max: 1.27e-06/2.42e-08/1.27e-06 | Train Acc: 0.1875 | Val Acc: 0.2308 | Val P/R/F1 (Macro): 0.2188/0.1375/0.1250 | LR: 0.000001
Epoch [60/100] | SVD update #60: pairs=96, sweeps=8, converged=True, rel_change=7.459e-04, effective_ranks=(94, 26), class_paired=True
Epoch [60/100] | Loss: 6.3394 (Cls: 6.3245, TAL: 0.0385, Adv: 0.1283, OT-Reg: 0.000856) | OT inner objective: 0.1225 | Marginal residual row/col/max: 6.99e-07/3.85e-08/6.99e-07 | Train Acc: 0.2083 | Val Acc: 0.1154 | Val P/R/F1 (Macro): 0.1071/0.0750/0.0779 | LR: 0.000001
Epoch [61/100] | SVD update #61: pairs=96, sweeps=10, converged=False, rel_change=2.731e-01, effective_ranks=(95, 23), class_paired=True
Epoch [61/100] | Loss: 5.9759 (Cls: 5.9969, TAL: -0.2617, Adv: 0.1302, OT-Reg: 0.001101) | OT inner objective: 0.1085 | Marginal residual row/col/max: 1.47e-07/1.12e-08/1.47e-07 | Train Acc: 0.3021 | Val Acc: 0.1923 | Val P/R/F1 (Macro): 0.3750/0.1542/0.1514 | LR: 0.000001
Epoch [62/100] | SVD update #62: pairs=96, sweeps=10, converged=False, rel_change=8.885e-02, effective_ranks=(95, 21), class_paired=True
Epoch [62/100] | Loss: 6.4502 (Cls: 6.4582, TAL: -0.1638, Adv: 0.1450, OT-Reg: 0.001092) | OT inner objective: -0.2347 | Marginal residual row/col/max: 7.68e-05/1.24e-08/7.68e-05 | Train Acc: 0.2917 | Val Acc: 0.2692 | Val P/R/F1 (Macro): 0.1630/0.2583/0.1989 | LR: 0.000001
Epoch [63/100] | SVD update #63: pairs=96, sweeps=10, converged=False, rel_change=3.911e-02, effective_ranks=(95, 23), class_paired=True
Epoch [63/100] | Loss: 6.2087 (Cls: 6.2099, TAL: -0.1090, Adv: 0.1481, OT-Reg: 0.000875) | OT inner objective: -0.0558 | Marginal residual row/col/max: 2.57e-05/1.61e-08/2.57e-05 | Train Acc: 0.2396 | Val Acc: 0.0000 | Val P/R/F1 (Macro): 0.0000/0.0000/0.0000 | LR: 0.000001
Epoch [64/100] | SVD update #64: pairs=96, sweeps=10, converged=False, rel_change=7.212e-02, effective_ranks=(95, 21), class_paired=True
Epoch [64/100] | Loss: 6.2789 (Cls: 6.2803, TAL: -0.0954, Adv: 0.1249, OT-Reg: 0.001055) | OT inner objective: -0.1317 | Marginal residual row/col/max: 2.53e-05/1.18e-08/2.53e-05 | Train Acc: 0.1979 | Val Acc: 0.0385 | Val P/R/F1 (Macro): 0.0167/0.0208/0.0185 | LR: 0.000001
Epoch [65/100] | SVD update #65: pairs=96, sweeps=10, converged=False, rel_change=1.072e-01, effective_ranks=(94, 24), class_paired=True
Epoch [65/100] | Loss: 6.4355 (Cls: 6.4304, TAL: -0.0452, Adv: 0.1319, OT-Reg: 0.000907) | OT inner objective: -0.0235 | Marginal residual row/col/max: 3.81e-05/3.04e-08/3.81e-05 | Train Acc: 0.1979 | Val Acc: 0.2308 | Val P/R/F1 (Macro): 0.0794/0.2000/0.1111 | LR: 0.000001
Epoch [66/100] | SVD update #66: pairs=96, sweeps=10, converged=False, rel_change=7.451e-02, effective_ranks=(95, 30), class_paired=True
Epoch [66/100] | Loss: 6.1798 (Cls: 6.1653, TAL: 0.0105, Adv: 0.1663, OT-Reg: 0.000767) | OT inner objective: -0.1338 | Marginal residual row/col/max: 9.73e-05/4.28e-08/9.73e-05 | Train Acc: 0.2396 | Val Acc: 0.3846 | Val P/R/F1 (Macro): 0.2533/0.3583/0.2744 | LR: 0.000001
Epoch [67/100] | SVD update #67: pairs=96, sweeps=10, converged=False, rel_change=1.967e-01, effective_ranks=(95, 28), class_paired=True
Epoch [67/100] | Loss: 5.9487 (Cls: 5.9461, TAL: -0.0715, Adv: 0.1398, OT-Reg: 0.001045) | OT inner objective: 0.0686 | Marginal residual row/col/max: 1.04e-07/1.12e-08/1.04e-07 | Train Acc: 0.3229 | Val Acc: 0.2692 | Val P/R/F1 (Macro): 0.0966/0.2083/0.1269 | LR: 0.000001
Epoch [68/100] | SVD update #68: pairs=96, sweeps=10, converged=False, rel_change=4.239e-03, effective_ranks=(95, 28), class_paired=True
Epoch [68/100] | Loss: 5.9105 (Cls: 5.9140, TAL: -0.1236, Adv: 0.1414, OT-Reg: 0.001258) | OT inner objective: 0.0894 | Marginal residual row/col/max: 1.36e-06/1.12e-08/1.36e-06 | Train Acc: 0.2396 | Val Acc: 0.1538 | Val P/R/F1 (Macro): 0.0513/0.1333/0.0741 | LR: 0.000001
Epoch [69/100] | SVD update #69: pairs=96, sweeps=10, converged=False, rel_change=3.370e-02, effective_ranks=(95, 32), class_paired=True
Epoch [69/100] | Loss: 6.7275 (Cls: 6.6956, TAL: 0.1834, Adv: 0.1241, OT-Reg: 0.001161) | OT inner objective: 0.2070 | Marginal residual row/col/max: 9.93e-09/1.49e-08/1.49e-08 | Train Acc: 0.0729 | Val Acc: 0.3077 | Val P/R/F1 (Macro): 0.2963/0.3125/0.2725 | LR: 0.000001
Epoch [70/100] | SVD update #70: pairs=96, sweeps=10, converged=False, rel_change=6.000e-03, effective_ranks=(94, 32), class_paired=True
Epoch [70/100] | Loss: 6.7125 (Cls: 6.6897, TAL: 0.0916, Adv: 0.1475, OT-Reg: 0.000969) | OT inner objective: 0.2345 | Marginal residual row/col/max: 2.15e-04/3.85e-08/2.15e-04 | Train Acc: 0.0938 | Val Acc: 0.1923 | Val P/R/F1 (Macro): 0.0463/0.1667/0.0725 | LR: 0.000001
Epoch [71/100] | SVD update #71: pairs=96, sweeps=10, converged=False, rel_change=5.025e-02, effective_ranks=(95, 25), class_paired=True
Epoch [71/100] | Loss: 6.4550 (Cls: 6.4252, TAL: 0.1675, Adv: 0.1217, OT-Reg: 0.000868) | OT inner objective: 0.1710 | Marginal residual row/col/max: 3.17e-08/3.73e-08/3.91e-08 | Train Acc: 0.1042 | Val Acc: 0.0000 | Val P/R/F1 (Macro): 0.0000/0.0000/0.0000 | LR: 0.000001
Epoch [72/100] | SVD update #72: pairs=96, sweeps=10, converged=False, rel_change=4.616e-03, effective_ranks=(95, 24), class_paired=True
Epoch [72/100] | Loss: 6.3800 (Cls: 6.3535, TAL: 0.1287, Adv: 0.1378, OT-Reg: 0.001102) | OT inner objective: 0.2297 | Marginal residual row/col/max: 1.24e-08/3.60e-08/3.60e-08 | Train Acc: 0.1458 | Val Acc: 0.2308 | Val P/R/F1 (Macro): 0.3509/0.4000/0.2937 | LR: 0.000001
Epoch [73/100] | SVD update #73: pairs=96, sweeps=10, converged=False, rel_change=1.130e-01, effective_ranks=(95, 29), class_paired=True
Epoch [73/100] | Loss: 5.9789 (Cls: 5.9831, TAL: -0.1140, Adv: 0.1186, OT-Reg: 0.001016) | OT inner objective: -0.0972 | Marginal residual row/col/max: 1.03e-04/9.93e-09/1.03e-04 | Train Acc: 0.1771 | Val Acc: 0.2308 | Val P/R/F1 (Macro): 0.1161/0.1667/0.1222 | LR: 0.000001
Epoch [74/100] | SVD update #74: pairs=96, sweeps=8, converged=True, rel_change=8.679e-04, effective_ranks=(95, 26), class_paired=True
Epoch [74/100] | Loss: 6.3425 (Cls: 6.3475, TAL: -0.1278, Adv: 0.1299, OT-Reg: 0.000953) | OT inner objective: -0.0484 | Marginal residual row/col/max: 5.59e-06/2.05e-08/5.59e-06 | Train Acc: 0.2292 | Val Acc: 0.1154 | Val P/R/F1 (Macro): 0.1500/0.2000/0.1429 | LR: 0.000001
Epoch [75/100] | SVD update #75: pairs=96, sweeps=10, converged=False, rel_change=5.592e-02, effective_ranks=(95, 26), class_paired=True
Epoch [75/100] | Loss: 6.6143 (Cls: 6.5798, TAL: 0.1824, Adv: 0.1576, OT-Reg: 0.001063) | OT inner objective: 0.2405 | Marginal residual row/col/max: 1.12e-08/1.12e-08/1.24e-08 | Train Acc: 0.0625 | Val Acc: 0.1538 | Val P/R/F1 (Macro): 0.1083/0.1458/0.1190 | LR: 0.000001
Epoch [76/100] | SVD update #76: pairs=96, sweeps=10, converged=False, rel_change=2.175e-01, effective_ranks=(95, 26), class_paired=True
Epoch [76/100] | Loss: 6.3558 (Cls: 6.3170, TAL: 0.2293, Adv: 0.1406, OT-Reg: 0.001129) | OT inner objective: 0.1249 | Marginal residual row/col/max: 3.54e-08/2.48e-08/3.97e-08 | Train Acc: 0.1354 | Val Acc: 0.1538 | Val P/R/F1 (Macro): 0.0417/0.1333/0.0635 | LR: 0.000001
Epoch [77/100] | SVD update #77: pairs=96, sweeps=9, converged=True, rel_change=5.363e-04, effective_ranks=(95, 26), class_paired=True
Epoch [77/100] | Loss: 6.4395 (Cls: 6.4145, TAL: 0.1455, Adv: 0.0952, OT-Reg: 0.001020) | OT inner objective: 0.2291 | Marginal residual row/col/max: 1.24e-08/1.68e-08/1.80e-08 | Train Acc: 0.0833 | Val Acc: 0.0000 | Val P/R/F1 (Macro): 0.0000/0.0000/0.0000 | LR: 0.000001
Epoch [78/100] | SVD update #78: pairs=96, sweeps=10, converged=False, rel_change=5.268e-02, effective_ranks=(95, 25), class_paired=True
Epoch [78/100] | Loss: 6.6281 (Cls: 6.5958, TAL: 0.1855, Adv: 0.1257, OT-Reg: 0.001002) | OT inner objective: 0.0171 | Marginal residual row/col/max: 1.23e-07/1.24e-08/1.23e-07 | Train Acc: 0.0938 | Val Acc: 0.1538 | Val P/R/F1 (Macro): 0.0774/0.1458/0.1010 | LR: 0.000001
Epoch [79/100] | SVD update #79: pairs=96, sweeps=10, converged=False, rel_change=2.628e+00, effective_ranks=(95, 28), class_paired=True
Epoch [79/100] | Loss: 6.5413 (Cls: 6.5182, TAL: 0.1096, Adv: 0.1250, OT-Reg: 0.000850) | OT inner objective: 0.1063 | Marginal residual row/col/max: 1.12e-06/4.10e-08/1.13e-06 | Train Acc: 0.1250 | Val Acc: 0.1154 | Val P/R/F1 (Macro): 0.0812/0.1500/0.1037 | LR: 0.000001
Epoch [80/100] | SVD update #80: pairs=96, sweeps=5, converged=True, rel_change=9.994e-04, effective_ranks=(95, 25), class_paired=True
Epoch [80/100] | Loss: 6.5872 (Cls: 6.5538, TAL: 0.1871, Adv: 0.1368, OT-Reg: 0.001040) | OT inner objective: 0.1904 | Marginal residual row/col/max: 1.24e-08/1.92e-08/1.92e-08 | Train Acc: 0.1458 | Val Acc: 0.2308 | Val P/R/F1 (Macro): 0.0747/0.2083/0.1053 | LR: 0.000001
Epoch [81/100] | SVD update #81: pairs=96, sweeps=10, converged=False, rel_change=3.574e-01, effective_ranks=(95, 31), class_paired=True
Epoch [81/100] | Loss: 6.7566 (Cls: 6.7364, TAL: 0.0815, Adv: 0.1305, OT-Reg: 0.000953) | OT inner objective: 0.2095 | Marginal residual row/col/max: 2.24e-08/2.92e-08/2.98e-08 | Train Acc: 0.0938 | Val Acc: 0.1154 | Val P/R/F1 (Macro): 0.0446/0.1250/0.0648 | LR: 0.000001
Epoch [82/100] | SVD update #82: pairs=96, sweeps=10, converged=False, rel_change=2.181e-02, effective_ranks=(95, 31), class_paired=True
Epoch [82/100] | Loss: 6.4055 (Cls: 6.3879, TAL: 0.0570, Adv: 0.1343, OT-Reg: 0.000880) | OT inner objective: 0.0895 | Marginal residual row/col/max: 3.54e-08/2.24e-08/3.97e-08 | Train Acc: 0.1771 | Val Acc: 0.0769 | Val P/R/F1 (Macro): 0.2083/0.1167/0.1481 | LR: 0.000001
Epoch [83/100] | SVD update #83: pairs=96, sweeps=10, converged=True, rel_change=8.687e-04, effective_ranks=(95, 25), class_paired=True
Epoch [83/100] | Loss: 6.7043 (Cls: 6.6884, TAL: 0.0548, Adv: 0.1164, OT-Reg: 0.001060) | OT inner objective: 0.0690 | Marginal residual row/col/max: 1.45e-07/1.99e-08/1.47e-07 | Train Acc: 0.1042 | Val Acc: 0.0769 | Val P/R/F1 (Macro): 0.0185/0.0833/0.0303 | LR: 0.000001
Epoch [84/100] | SVD update #84: pairs=96, sweeps=10, converged=False, rel_change=2.712e-03, effective_ranks=(95, 29), class_paired=True
Epoch [84/100] | Loss: 6.9473 (Cls: 6.9224, TAL: 0.1135, Adv: 0.1412, OT-Reg: 0.000991) | OT inner objective: 0.1367 | Marginal residual row/col/max: 2.11e-08/3.66e-08/3.79e-08 | Train Acc: 0.1146 | Val Acc: 0.2308 | Val P/R/F1 (Macro): 0.1250/0.2500/0.1518 | LR: 0.000001
Epoch [85/100] | SVD update #85: pairs=96, sweeps=10, converged=False, rel_change=8.372e-01, effective_ranks=(95, 27), class_paired=True
Epoch [85/100] | Loss: 8.1439 (Cls: 8.1398, TAL: -0.0659, Adv: 0.1502, OT-Reg: 0.000956) | OT inner objective: 0.0185 | Marginal residual row/col/max: 7.74e-05/3.29e-08/7.74e-05 | Train Acc: 0.0729 | Val Acc: 0.1154 | Val P/R/F1 (Macro): 0.1056/0.1250/0.1123 | LR: 0.000001
Epoch [86/100] | SVD update #86: pairs=96, sweeps=10, converged=False, rel_change=4.821e-03, effective_ranks=(95, 26), class_paired=True
Epoch [86/100] | Loss: 8.4825 (Cls: 8.5003, TAL: -0.2345, Adv: 0.1293, OT-Reg: 0.001043) | OT inner objective: 0.0476 | Marginal residual row/col/max: 7.48e-07/1.49e-08/7.48e-07 | Train Acc: 0.1250 | Val Acc: 0.2308 | Val P/R/F1 (Macro): 0.0859/0.2333/0.1250 | LR: 0.000001
Epoch [87/100] | SVD update #87: pairs=96, sweeps=10, converged=False, rel_change=3.217e-03, effective_ranks=(95, 29), class_paired=True
Epoch [87/100] | Loss: 7.8893 (Cls: 7.8997, TAL: -0.1644, Adv: 0.1168, OT-Reg: 0.000959) | OT inner objective: -0.0886 | Marginal residual row/col/max: 8.96e-05/1.61e-08/8.96e-05 | Train Acc: 0.1562 | Val Acc: 0.2308 | Val P/R/F1 (Macro): 0.1540/0.2833/0.1875 | LR: 0.000001
Epoch [88/100] | SVD update #88: pairs=96, sweeps=10, converged=False, rel_change=9.885e-02, effective_ranks=(94, 29), class_paired=True
Epoch [88/100] | Loss: 7.8412 (Cls: 7.8310, TAL: 0.0216, Adv: 0.0947, OT-Reg: 0.000982) | OT inner objective: 0.0560 | Marginal residual row/col/max: 4.38e-07/2.30e-08/4.43e-07 | Train Acc: 0.2708 | Val Acc: 0.1923 | Val P/R/F1 (Macro): 0.1019/0.1458/0.1017 | LR: 0.000001
Epoch [89/100] | SVD update #89: pairs=96, sweeps=10, converged=False, rel_change=6.843e-01, effective_ranks=(95, 26), class_paired=True
Epoch [89/100] | Loss: 7.4762 (Cls: 7.4596, TAL: 0.0652, Adv: 0.1102, OT-Reg: 0.001121) | OT inner objective: 0.1818 | Marginal residual row/col/max: 1.37e-08/1.68e-08/1.92e-08 | Train Acc: 0.2917 | Val Acc: 0.1923 | Val P/R/F1 (Macro): 0.0362/0.1667/0.0595 | LR: 0.000001
Epoch [90/100] | SVD update #90: pairs=96, sweeps=7, converged=True, rel_change=5.256e-04, effective_ranks=(95, 23), class_paired=True
Epoch [90/100] | Loss: 7.5700 (Cls: 7.5274, TAL: 0.2779, Adv: 0.1149, OT-Reg: 0.001082) | OT inner objective: 0.1760 | Marginal residual row/col/max: 1.30e-08/2.24e-08/2.30e-08 | Train Acc: 0.3333 | Val Acc: 0.1923 | Val P/R/F1 (Macro): 0.1190/0.1042/0.1111 | LR: 0.000001
Epoch [91/100] | SVD update #91: pairs=96, sweeps=10, converged=False, rel_change=2.445e-01, effective_ranks=(95, 26), class_paired=True
Epoch [91/100] | Loss: 7.5464 (Cls: 7.5385, TAL: -0.0315, Adv: 0.1456, OT-Reg: 0.001051) | OT inner objective: -0.0150 | Marginal residual row/col/max: 8.13e-07/9.31e-09/8.13e-07 | Train Acc: 0.2708 | Val Acc: 0.3462 | Val P/R/F1 (Macro): 0.1647/0.2375/0.1944 | LR: 0.000001
Epoch [92/100] | SVD update #92: pairs=96, sweeps=10, converged=False, rel_change=2.496e-01, effective_ranks=(95, 25), class_paired=True
Epoch [92/100] | Loss: 8.3052 (Cls: 8.3294, TAL: -0.2637, Adv: 0.0928, OT-Reg: 0.000999) | OT inner objective: -0.0462 | Marginal residual row/col/max: 2.28e-06/1.80e-08/2.28e-06 | Train Acc: 0.1354 | Val Acc: 0.2692 | Val P/R/F1 (Macro): 0.2167/0.2083/0.1825 | LR: 0.000001
Epoch [93/100] | SVD update #93: pairs=96, sweeps=10, converged=False, rel_change=2.744e-01, effective_ranks=(95, 42), class_paired=True
Epoch [93/100] | Loss: 7.7493 (Cls: 7.7194, TAL: 0.1732, Adv: 0.1142, OT-Reg: 0.000926) | OT inner objective: 0.1296 | Marginal residual row/col/max: 4.47e-08/4.66e-08/5.84e-08 | Train Acc: 0.1458 | Val Acc: 0.1154 | Val P/R/F1 (Macro): 0.2326/0.1875/0.1222 | LR: 0.000001
Epoch [94/100] | SVD update #94: pairs=96, sweeps=10, converged=False, rel_change=3.915e-03, effective_ranks=(95, 26), class_paired=True
Epoch [94/100] | Loss: 7.6293 (Cls: 7.6013, TAL: 0.1681, Adv: 0.0973, OT-Reg: 0.000933) | OT inner objective: 0.2364 | Marginal residual row/col/max: 9.93e-09/2.17e-08/2.17e-08 | Train Acc: 0.1667 | Val Acc: 0.2692 | Val P/R/F1 (Macro): 0.1970/0.2292/0.1422 | LR: 0.000001
Epoch [95/100] | SVD update #95: pairs=96, sweeps=10, converged=False, rel_change=2.012e-01, effective_ranks=(95, 38), class_paired=True
Epoch [95/100] | Loss: 6.9695 (Cls: 6.9408, TAL: 0.1663, Adv: 0.1091, OT-Reg: 0.000943) | OT inner objective: 0.1764 | Marginal residual row/col/max: 2.24e-08/4.28e-08/4.66e-08 | Train Acc: 0.2083 | Val Acc: 0.3077 | Val P/R/F1 (Macro): 0.1056/0.2292/0.1389 | LR: 0.000001
Epoch [96/100] | SVD update #96: pairs=96, sweeps=10, converged=False, rel_change=2.510e-01, effective_ranks=(95, 37), class_paired=True
Epoch [96/100] | Loss: 7.0099 (Cls: 6.9970, TAL: 0.0470, Adv: 0.0913, OT-Reg: 0.001053) | OT inner objective: -0.0246 | Marginal residual row/col/max: 5.06e-05/2.05e-08/5.06e-05 | Train Acc: 0.2708 | Val Acc: 0.0769 | Val P/R/F1 (Macro): 0.1667/0.0417/0.0667 | LR: 0.000001
Epoch [97/100] | SVD update #97: pairs=96, sweeps=10, converged=False, rel_change=4.694e-02, effective_ranks=(95, 28), class_paired=True
Epoch [97/100] | Loss: 7.6764 (Cls: 7.6782, TAL: -0.0929, Adv: 0.1171, OT-Reg: 0.001072) | OT inner objective: 0.0448 | Marginal residual row/col/max: 1.55e-05/1.99e-08/1.55e-05 | Train Acc: 0.1562 | Val Acc: 0.1154 | Val P/R/F1 (Macro): 0.0385/0.0625/0.0476 | LR: 0.000001
Epoch [98/100] | SVD update #98: pairs=96, sweeps=10, converged=False, rel_change=3.390e-02, effective_ranks=(95, 28), class_paired=True
Epoch [98/100] | Loss: 7.3307 (Cls: 7.3060, TAL: 0.1493, Adv: 0.0839, OT-Reg: 0.000962) | OT inner objective: 0.1482 | Marginal residual row/col/max: 1.24e-08/2.48e-08/2.48e-08 | Train Acc: 0.1979 | Val Acc: 0.3077 | Val P/R/F1 (Macro): 0.2619/0.3167/0.2407 | LR: 0.000001
Epoch [99/100] | SVD update #99: pairs=96, sweeps=10, converged=False, rel_change=6.482e-02, effective_ranks=(95, 23), class_paired=True
Epoch [99/100] | Loss: 7.7280 (Cls: 7.6934, TAL: 0.1831, Adv: 0.1580, OT-Reg: 0.000894) | OT inner objective: 0.1365 | Marginal residual row/col/max: 1.30e-08/2.05e-08/2.17e-08 | Train Acc: 0.2917 | Val Acc: 0.0385 | Val P/R/F1 (Macro): 0.0139/0.0333/0.0196 | LR: 0.000001
Epoch [100/100] | SVD update #100: pairs=96, sweeps=10, converged=False, rel_change=1.510e+00, effective_ranks=(95, 27), class_paired=True
Epoch [100/100] | Loss: 7.7564 (Cls: 7.7365, TAL: 0.0684, Adv: 0.1459, OT-Reg: 0.000981) | OT inner objective: 0.2039 | Marginal residual row/col/max: 1.43e-08/3.23e-08/3.23e-08 | Train Acc: 0.2396 | Val Acc: 0.0385 | Val P/R/F1 (Macro): 0.0098/0.0833/0.0175 | LR: 0.000001
Report strategy: best, window=10, reported_acc=0.5000, best_acc=0.5000, selected_epoch=54

迭代 5 报告指标:
  Accuracy: 0.5000
  Precision (Macro): 0.1931
  Recall (Macro): 0.3333
  F1 (Macro): 0.2415
  Precision (Micro): 0.5000
  Recall (Micro): 0.5000
  F1 (Micro): 0.5000
  Val class coverage: 6/14 (0.4286), samples=26

================================================================================
5次迭代统计结果
================================================================================

accuracy:
  各迭代值: ['0.4615', '0.5000', '0.5000', '0.7308', '0.5000']
  均值 (Mean): 0.5385
  标准差 (Std): 0.0973

precision_macro:
  各迭代值: ['0.3185', '0.4167', '0.5556', '0.6413', '0.1931']
  均值 (Mean): 0.4250
  标准差 (Std): 0.1606

recall_macro:
  各迭代值: ['0.3625', '0.3833', '0.5208', '0.7042', '0.3333']
  均值 (Mean): 0.4608
  标准差 (Std): 0.1377

f1_macro:
  各迭代值: ['0.3192', '0.3981', '0.5169', '0.6236', '0.2415']
  均值 (Mean): 0.4199
  标准差 (Std): 0.1366

precision_micro:
  各迭代值: ['0.4615', '0.5000', '0.5000', '0.7308', '0.5000']
  均值 (Mean): 0.5385
  标准差 (Std): 0.0973

recall_micro:
  各迭代值: ['0.4615', '0.5000', '0.5000', '0.7308', '0.5000']
  均值 (Mean): 0.5385
  标准差 (Std): 0.0973

f1_micro:
  各迭代值: ['0.4615', '0.5000', '0.5000', '0.7308', '0.5000']
  均值 (Mean): 0.5385
  标准差 (Std): 0.0973

val_class_coverage:
  各迭代值: ['0.4286', '0.4286', '0.4286', '0.4286', '0.4286']
  均值 (Mean): 0.4286
  标准差 (Std): 0.0000

val_present_classes:
  各迭代值: ['6.0000', '6.0000', '6.0000', '6.0000', '6.0000']
  均值 (Mean): 6.0000
  标准差 (Std): 0.0000

val_total_classes:
  各迭代值: ['14.0000', '14.0000', '14.0000', '14.0000', '14.0000']
  均值 (Mean): 14.0000
  标准差 (Std): 0.0000

val_samples:
  各迭代值: ['26.0000', '26.0000', '26.0000', '26.0000', '26.0000']
  均值 (Mean): 26.0000
  标准差 (Std): 0.0000

训练结束时间: 2026-09-30 20:56:05
================================================================================

[Batch 3/4] Full: Tensor+OT, target=雾天
================================================================================
模块消融实验 - with_tensor_with_ot
目标域天气: 雾天
训练开始时间: 2026-09-30 20:56:05
设备: cuda
源域: /mnt/data/lixiang/data/Data/晴天
目标域: /mnt/data/lixiang/data/Data/雾天
批次大小: 32
总轮数: 100
迭代次数: 5
使用Tensor模块: 是
使用OT模块: 是
特征融合方式: Tensor对齐
域对齐方式: 最优传输
目标标签比例/权重: 1.0/1.0
Tensor/Adv损失权重: 0.12/0.08
Tensor投影维度/更新: 16/每epoch一次; SVD统计批次=32
学习率: feature=5e-06, other=0.0002, weight_decay=0.0005
报告策略: best, 窗口: 10
================================================================================

================================================================================
迭代 1/5
随机种子: 42
================================================================================
配对采样器已初始化，共 9 个共有类别。
Training mode: full target-label supervision (class-paired batches).
Feature fusion: Tensor alignment (512+512 -> 16+16); fused_dim=32
Domain adaptation: Neural OT generator with 3-domain discriminator
Loss weights: tensor=0.12, adv=0.08
Transport: mode=sinkhorn, epsilon=0.1, Sinkhorn iterations=50, correction scale=0.1, correction regularization weight=0.001
Tensor projection update: once per epoch from the complete target-training pairing bank; projection_dim=16, max_sweeps=10, relative singular-value tolerance=0.001
Epoch [1/100] | SVD update #1: pairs=440, sweeps=3, converged=True, rel_change=7.755e-05, effective_ranks=(327, 126), class_paired=True
Epoch [1/100] | Loss: 7.5044 (Cls: 7.5039, TAL: -0.2260, Adv: 0.3452, OT-Reg: 0.001798) | OT inner objective: 0.2043 | Marginal residual row/col/max: 9.89e-09/1.48e-08/1.49e-08 | Train Acc: 0.1755 | Val Acc: 0.0435 | Val P/R/F1 (Macro): 0.0051/0.1111/0.0097 | LR: 0.000005
  >>> New Best Val Acc: 0.0435
Epoch [2/100] | SVD update #2: pairs=440, sweeps=10, converged=False, rel_change=4.167e-02, effective_ranks=(327, 70), class_paired=True
Epoch [2/100] | Loss: 7.8058 (Cls: 7.7726, TAL: 0.1424, Adv: 0.2020, OT-Reg: 0.001603) | OT inner objective: 0.1377 | Marginal residual row/col/max: 5.86e-08/2.11e-08/6.52e-08 | Train Acc: 0.1106 | Val Acc: 0.0783 | Val P/R/F1 (Macro): 0.0543/0.1304/0.0746 | LR: 0.000005
  >>> New Best Val Acc: 0.0783
Epoch [3/100] | SVD update #3: pairs=440, sweeps=10, converged=True, rel_change=1.928e-04, effective_ranks=(314, 32), class_paired=True
Epoch [3/100] | Loss: 7.3097 (Cls: 7.2753, TAL: 0.1252, Adv: 0.2431, OT-Reg: 0.001401) | OT inner objective: 0.2353 | Marginal residual row/col/max: 1.65e-08/3.44e-08/3.55e-08 | Train Acc: 0.1226 | Val Acc: 0.1217 | Val P/R/F1 (Macro): 0.0552/0.1618/0.0702 | LR: 0.000005
  >>> New Best Val Acc: 0.1217
Epoch [4/100] | SVD update #4: pairs=440, sweeps=10, converged=False, rel_change=1.025e-01, effective_ranks=(314, 30), class_paired=True
Epoch [4/100] | Loss: 7.1131 (Cls: 7.1008, TAL: -0.0376, Adv: 0.2097, OT-Reg: 0.001333) | OT inner objective: 0.0553 | Marginal residual row/col/max: 1.43e-04/3.24e-08/1.43e-04 | Train Acc: 0.1226 | Val Acc: 0.1652 | Val P/R/F1 (Macro): 0.2002/0.2154/0.1013 | LR: 0.000005
  >>> New Best Val Acc: 0.1652
Epoch [5/100] | SVD update #5: pairs=440, sweeps=8, converged=True, rel_change=4.101e-04, effective_ranks=(314, 25), class_paired=True
Epoch [5/100] | Loss: 7.3118 (Cls: 7.3105, TAL: -0.1357, Adv: 0.2200, OT-Reg: 0.001112) | OT inner objective: 0.1171 | Marginal residual row/col/max: 2.23e-06/2.87e-08/2.24e-06 | Train Acc: 0.1322 | Val Acc: 0.0696 | Val P/R/F1 (Macro): 0.0628/0.1447/0.0714 | LR: 0.000005
Epoch [6/100] | SVD update #6: pairs=440, sweeps=5, converged=True, rel_change=5.853e-04, effective_ranks=(325, 17), class_paired=True
Epoch [6/100] | Loss: 6.4441 (Cls: 6.4247, TAL: -0.0147, Adv: 0.2644, OT-Reg: 0.001296) | OT inner objective: 0.0828 | Marginal residual row/col/max: 8.70e-07/1.65e-08/8.72e-07 | Train Acc: 0.1899 | Val Acc: 0.2000 | Val P/R/F1 (Macro): 0.1370/0.3136/0.1532 | LR: 0.000005
  >>> New Best Val Acc: 0.2000
Epoch [7/100] | SVD update #7: pairs=440, sweeps=10, converged=True, rel_change=6.974e-04, effective_ranks=(320, 22), class_paired=True
Epoch [7/100] | Loss: 6.2507 (Cls: 6.2571, TAL: -0.1806, Adv: 0.1904, OT-Reg: 0.001326) | OT inner objective: 0.0211 | Marginal residual row/col/max: 1.59e-04/1.66e-08/1.59e-04 | Train Acc: 0.1971 | Val Acc: 0.2000 | Val P/R/F1 (Macro): 0.1101/0.2700/0.1438 | LR: 0.000005
Epoch [8/100] | SVD update #8: pairs=440, sweeps=9, converged=True, rel_change=7.661e-04, effective_ranks=(326, 25), class_paired=True
Epoch [8/100] | Loss: 7.0403 (Cls: 7.0606, TAL: -0.3060, Adv: 0.2056, OT-Reg: 0.001244) | OT inner objective: 0.0027 | Marginal residual row/col/max: 7.61e-05/1.79e-08/7.61e-05 | Train Acc: 0.1346 | Val Acc: 0.1652 | Val P/R/F1 (Macro): 0.1129/0.1344/0.0922 | LR: 0.000005
Epoch [9/100] | SVD update #9: pairs=440, sweeps=7, converged=True, rel_change=1.307e-04, effective_ranks=(319, 17), class_paired=True
Epoch [9/100] | Loss: 6.6947 (Cls: 6.6640, TAL: 0.1293, Adv: 0.1898, OT-Reg: 0.001467) | OT inner objective: 0.1795 | Marginal residual row/col/max: 1.08e-05/1.36e-08/1.08e-05 | Train Acc: 0.1442 | Val Acc: 0.2522 | Val P/R/F1 (Macro): 0.2813/0.2446/0.2202 | LR: 0.000005
  >>> New Best Val Acc: 0.2522
Epoch [10/100] | SVD update #10: pairs=440, sweeps=10, converged=True, rel_change=4.296e-04, effective_ranks=(315, 12), class_paired=True
Epoch [10/100] | Loss: 6.4162 (Cls: 6.4151, TAL: -0.1172, Adv: 0.1888, OT-Reg: 0.001286) | OT inner objective: -0.0221 | Marginal residual row/col/max: 1.24e-04/3.02e-08/1.24e-04 | Train Acc: 0.1947 | Val Acc: 0.1652 | Val P/R/F1 (Macro): 0.0561/0.1696/0.0746 | LR: 0.000005
Epoch [11/100] | SVD update #11: pairs=440, sweeps=10, converged=True, rel_change=7.566e-04, effective_ranks=(323, 13), class_paired=True
Epoch [11/100] | Loss: 6.1938 (Cls: 6.1870, TAL: -0.0568, Adv: 0.1701, OT-Reg: 0.001500) | OT inner objective: -0.0687 | Marginal residual row/col/max: 8.78e-05/2.02e-08/8.78e-05 | Train Acc: 0.1947 | Val Acc: 0.2783 | Val P/R/F1 (Macro): 0.2343/0.3280/0.2024 | LR: 0.000005
  >>> New Best Val Acc: 0.2783
Epoch [12/100] | SVD update #12: pairs=440, sweeps=8, converged=True, rel_change=4.533e-04, effective_ranks=(322, 16), class_paired=True
Epoch [12/100] | Loss: 6.1930 (Cls: 6.1926, TAL: -0.0956, Adv: 0.1492, OT-Reg: 0.001248) | OT inner objective: -0.0036 | Marginal residual row/col/max: 5.02e-05/2.99e-08/5.02e-05 | Train Acc: 0.1538 | Val Acc: 0.1043 | Val P/R/F1 (Macro): 0.1913/0.1902/0.0908 | LR: 0.000005
Epoch [13/100] | SVD update #13: pairs=440, sweeps=7, converged=True, rel_change=9.493e-04, effective_ranks=(326, 16), class_paired=True
Epoch [13/100] | Loss: 6.0871 (Cls: 6.0766, TAL: -0.0116, Adv: 0.1488, OT-Reg: 0.001365) | OT inner objective: 0.1411 | Marginal residual row/col/max: 1.51e-04/3.61e-08/1.51e-04 | Train Acc: 0.1779 | Val Acc: 0.2435 | Val P/R/F1 (Macro): 0.1164/0.2884/0.1580 | LR: 0.000005
Epoch [14/100] | SVD update #14: pairs=440, sweeps=10, converged=True, rel_change=5.504e-04, effective_ranks=(321, 15), class_paired=True
Epoch [14/100] | Loss: 6.4449 (Cls: 6.4249, TAL: 0.0387, Adv: 0.1909, OT-Reg: 0.001431) | OT inner objective: 0.0544 | Marginal residual row/col/max: 7.92e-06/2.92e-08/7.92e-06 | Train Acc: 0.2188 | Val Acc: 0.2000 | Val P/R/F1 (Macro): 0.1864/0.2518/0.1715 | LR: 0.000005
Epoch [15/100] | SVD update #15: pairs=440, sweeps=10, converged=True, rel_change=9.169e-04, effective_ranks=(320, 15), class_paired=True
Epoch [15/100] | Loss: 5.6890 (Cls: 5.7025, TAL: -0.2190, Adv: 0.1589, OT-Reg: 0.001361) | OT inner objective: -0.0532 | Marginal residual row/col/max: 1.61e-04/3.70e-08/1.61e-04 | Train Acc: 0.3053 | Val Acc: 0.2348 | Val P/R/F1 (Macro): 0.2092/0.2606/0.1668 | LR: 0.000005
Epoch [16/100] | SVD update #16: pairs=440, sweeps=6, converged=True, rel_change=7.913e-04, effective_ranks=(323, 14), class_paired=True
Epoch [16/100] | Loss: 5.6139 (Cls: 5.6064, TAL: -0.0490, Adv: 0.1673, OT-Reg: 0.001369) | OT inner objective: -0.0431 | Marginal residual row/col/max: 2.82e-04/2.46e-08/2.82e-04 | Train Acc: 0.2476 | Val Acc: 0.3130 | Val P/R/F1 (Macro): 0.3555/0.3218/0.2555 | LR: 0.000005
  >>> New Best Val Acc: 0.3130
Epoch [17/100] | SVD update #17: pairs=440, sweeps=7, converged=True, rel_change=8.510e-04, effective_ranks=(321, 18), class_paired=True
Epoch [17/100] | Loss: 5.3768 (Cls: 5.3770, TAL: -0.1201, Adv: 0.1778, OT-Reg: 0.001426) | OT inner objective: -0.1707 | Marginal residual row/col/max: 3.60e-04/1.43e-08/3.60e-04 | Train Acc: 0.2668 | Val Acc: 0.3217 | Val P/R/F1 (Macro): 0.1944/0.3324/0.2332 | LR: 0.000005
  >>> New Best Val Acc: 0.3217
Epoch [18/100] | SVD update #18: pairs=440, sweeps=4, converged=True, rel_change=4.873e-04, effective_ranks=(310, 14), class_paired=True
Epoch [18/100] | Loss: 5.3212 (Cls: 5.3334, TAL: -0.2021, Adv: 0.1503, OT-Reg: 0.001448) | OT inner objective: -0.1098 | Marginal residual row/col/max: 3.27e-04/1.93e-08/3.27e-04 | Train Acc: 0.3173 | Val Acc: 0.2957 | Val P/R/F1 (Macro): 0.3239/0.3334/0.2604 | LR: 0.000005
Epoch [19/100] | SVD update #19: pairs=440, sweeps=6, converged=True, rel_change=4.520e-04, effective_ranks=(324, 19), class_paired=True
Epoch [19/100] | Loss: 5.8263 (Cls: 5.8126, TAL: 0.0146, Adv: 0.1497, OT-Reg: 0.001295) | OT inner objective: 0.0573 | Marginal residual row/col/max: 6.06e-05/3.74e-08/6.06e-05 | Train Acc: 0.2909 | Val Acc: 0.2783 | Val P/R/F1 (Macro): 0.2583/0.3105/0.2390 | LR: 0.000005
Epoch [20/100] | SVD update #20: pairs=440, sweeps=7, converged=True, rel_change=8.979e-04, effective_ranks=(325, 17), class_paired=True
Epoch [20/100] | Loss: 5.2378 (Cls: 5.2405, TAL: -0.1388, Adv: 0.1749, OT-Reg: 0.001408) | OT inner objective: -0.0757 | Marginal residual row/col/max: 7.62e-05/3.41e-08/7.62e-05 | Train Acc: 0.3293 | Val Acc: 0.3304 | Val P/R/F1 (Macro): 0.4401/0.3917/0.3203 | LR: 0.000005
  >>> New Best Val Acc: 0.3304
Epoch [21/100] | SVD update #21: pairs=440, sweeps=7, converged=True, rel_change=9.940e-04, effective_ranks=(321, 17), class_paired=True
Epoch [21/100] | Loss: 5.3274 (Cls: 5.3440, TAL: -0.2225, Adv: 0.1268, OT-Reg: 0.001245) | OT inner objective: -0.0363 | Marginal residual row/col/max: 2.33e-04/3.54e-08/2.33e-04 | Train Acc: 0.2812 | Val Acc: 0.3739 | Val P/R/F1 (Macro): 0.3192/0.3593/0.3003 | LR: 0.000005
  >>> New Best Val Acc: 0.3739
Epoch [22/100] | SVD update #22: pairs=440, sweeps=6, converged=True, rel_change=3.149e-04, effective_ranks=(318, 18), class_paired=True
Epoch [22/100] | Loss: 5.1913 (Cls: 5.2047, TAL: -0.1987, Adv: 0.1307, OT-Reg: 0.001431) | OT inner objective: -0.0050 | Marginal residual row/col/max: 4.99e-05/2.92e-08/4.99e-05 | Train Acc: 0.2740 | Val Acc: 0.2783 | Val P/R/F1 (Macro): 0.2659/0.3345/0.2357 | LR: 0.000005
Epoch [23/100] | SVD update #23: pairs=440, sweeps=8, converged=True, rel_change=8.072e-04, effective_ranks=(327, 15), class_paired=True
Epoch [23/100] | Loss: 5.7558 (Cls: 5.7643, TAL: -0.1456, Adv: 0.1117, OT-Reg: 0.001551) | OT inner objective: -0.0034 | Marginal residual row/col/max: 2.03e-04/1.45e-08/2.03e-04 | Train Acc: 0.2620 | Val Acc: 0.2435 | Val P/R/F1 (Macro): 0.2699/0.3433/0.2533 | LR: 0.000005
Epoch [24/100] | SVD update #24: pairs=440, sweeps=10, converged=False, rel_change=2.468e-02, effective_ranks=(313, 15), class_paired=True
Epoch [24/100] | Loss: 5.8887 (Cls: 5.8996, TAL: -0.1676, Adv: 0.1147, OT-Reg: 0.001545) | OT inner objective: -0.0118 | Marginal residual row/col/max: 9.18e-05/2.39e-08/9.18e-05 | Train Acc: 0.2091 | Val Acc: 0.4000 | Val P/R/F1 (Macro): 0.2550/0.3702/0.2923 | LR: 0.000005
  >>> New Best Val Acc: 0.4000
Epoch [25/100] | SVD update #25: pairs=440, sweeps=10, converged=False, rel_change=3.518e-03, effective_ranks=(312, 15), class_paired=True
Epoch [25/100] | Loss: 5.1173 (Cls: 5.1408, TAL: -0.2795, Adv: 0.1254, OT-Reg: 0.001377) | OT inner objective: -0.1705 | Marginal residual row/col/max: 5.69e-04/2.24e-08/5.69e-04 | Train Acc: 0.2380 | Val Acc: 0.3391 | Val P/R/F1 (Macro): 0.3768/0.3439/0.2972 | LR: 0.000005
Epoch [26/100] | SVD update #26: pairs=440, sweeps=10, converged=False, rel_change=1.813e-03, effective_ranks=(324, 20), class_paired=True
Epoch [26/100] | Loss: 5.9444 (Cls: 5.9302, TAL: 0.0492, Adv: 0.1037, OT-Reg: 0.001507) | OT inner objective: 0.0369 | Marginal residual row/col/max: 1.23e-04/1.19e-08/1.23e-04 | Train Acc: 0.1851 | Val Acc: 0.1826 | Val P/R/F1 (Macro): 0.2103/0.1746/0.1492 | LR: 0.000005
Epoch [27/100] | SVD update #27: pairs=440, sweeps=10, converged=True, rel_change=8.319e-04, effective_ranks=(321, 14), class_paired=True
Epoch [27/100] | Loss: 5.8688 (Cls: 5.8612, TAL: -0.0398, Adv: 0.1544, OT-Reg: 0.001474) | OT inner objective: 0.0182 | Marginal residual row/col/max: 1.09e-04/1.56e-08/1.09e-04 | Train Acc: 0.1923 | Val Acc: 0.3130 | Val P/R/F1 (Macro): 0.3319/0.3278/0.2413 | LR: 0.000005
Epoch [28/100] | SVD update #28: pairs=440, sweeps=10, converged=False, rel_change=4.258e-03, effective_ranks=(313, 10), class_paired=True
Epoch [28/100] | Loss: 6.3255 (Cls: 6.3362, TAL: -0.1539, Adv: 0.0975, OT-Reg: 0.001383) | OT inner objective: -0.1222 | Marginal residual row/col/max: 9.26e-05/2.58e-08/9.26e-05 | Train Acc: 0.2236 | Val Acc: 0.4261 | Val P/R/F1 (Macro): 0.4660/0.4251/0.3877 | LR: 0.000005
  >>> New Best Val Acc: 0.4261
Epoch [29/100] | SVD update #29: pairs=440, sweeps=10, converged=False, rel_change=1.579e-03, effective_ranks=(315, 12), class_paired=True
Epoch [29/100] | Loss: 5.6368 (Cls: 5.6318, TAL: -0.0418, Adv: 0.1247, OT-Reg: 0.001516) | OT inner objective: -0.0012 | Marginal residual row/col/max: 1.52e-04/1.81e-08/1.52e-04 | Train Acc: 0.1971 | Val Acc: 0.2174 | Val P/R/F1 (Macro): 0.2786/0.1833/0.1711 | LR: 0.000005
Epoch [30/100] | SVD update #30: pairs=440, sweeps=5, converged=True, rel_change=4.147e-04, effective_ranks=(305, 10), class_paired=True
Epoch [30/100] | Loss: 5.2260 (Cls: 5.2373, TAL: -0.2086, Adv: 0.1722, OT-Reg: 0.001400) | OT inner objective: -0.1664 | Marginal residual row/col/max: 6.70e-05/1.56e-08/6.70e-05 | Train Acc: 0.2644 | Val Acc: 0.2609 | Val P/R/F1 (Macro): 0.2178/0.2992/0.2368 | LR: 0.000005
Epoch [31/100] | SVD update #31: pairs=440, sweeps=4, converged=True, rel_change=4.539e-04, effective_ranks=(315, 9), class_paired=True
Epoch [31/100] | Loss: 4.9170 (Cls: 4.9174, TAL: -0.1018, Adv: 0.1467, OT-Reg: 0.001470) | OT inner objective: -0.0975 | Marginal residual row/col/max: 1.82e-04/1.95e-08/1.82e-04 | Train Acc: 0.3942 | Val Acc: 0.4174 | Val P/R/F1 (Macro): 0.4195/0.3962/0.3493 | LR: 0.000005
Epoch [32/100] | SVD update #32: pairs=440, sweeps=6, converged=True, rel_change=5.046e-04, effective_ranks=(326, 13), class_paired=True
Epoch [32/100] | Loss: 5.0224 (Cls: 5.0341, TAL: -0.1625, Adv: 0.0967, OT-Reg: 0.001550) | OT inner objective: -0.1573 | Marginal residual row/col/max: 1.46e-04/1.83e-08/1.46e-04 | Train Acc: 0.3005 | Val Acc: 0.1826 | Val P/R/F1 (Macro): 0.2338/0.2275/0.1799 | LR: 0.000005
Epoch [33/100] | SVD update #33: pairs=440, sweeps=10, converged=False, rel_change=1.493e-03, effective_ranks=(321, 15), class_paired=True
Epoch [33/100] | Loss: 5.5850 (Cls: 5.5905, TAL: -0.0993, Adv: 0.0804, OT-Reg: 0.001487) | OT inner objective: -0.0744 | Marginal residual row/col/max: 2.00e-04/1.72e-08/2.00e-04 | Train Acc: 0.2284 | Val Acc: 0.1217 | Val P/R/F1 (Macro): 0.0590/0.2450/0.0860 | LR: 0.000005
Epoch [34/100] | SVD update #34: pairs=440, sweeps=4, converged=True, rel_change=8.204e-04, effective_ranks=(321, 13), class_paired=True
Epoch [34/100] | Loss: 5.1826 (Cls: 5.2155, TAL: -0.3279, Adv: 0.0812, OT-Reg: 0.001489) | OT inner objective: -0.1655 | Marginal residual row/col/max: 1.26e-04/1.58e-08/1.26e-04 | Train Acc: 0.3077 | Val Acc: 0.3739 | Val P/R/F1 (Macro): 0.3857/0.5001/0.3564 | LR: 0.000005
Epoch [35/100] | SVD update #35: pairs=440, sweeps=5, converged=True, rel_change=7.026e-04, effective_ranks=(323, 12), class_paired=True
Epoch [35/100] | Loss: 4.9152 (Cls: 4.9290, TAL: -0.1640, Adv: 0.0736, OT-Reg: 0.001497) | OT inner objective: -0.1708 | Marginal residual row/col/max: 4.20e-04/1.46e-08/4.20e-04 | Train Acc: 0.4111 | Val Acc: 0.2609 | Val P/R/F1 (Macro): 0.4631/0.3125/0.1995 | LR: 0.000005
Epoch [36/100] | SVD update #36: pairs=440, sweeps=10, converged=False, rel_change=3.202e-02, effective_ranks=(322, 14), class_paired=True
Epoch [36/100] | Loss: 5.0890 (Cls: 5.0897, TAL: -0.0793, Adv: 0.1102, OT-Reg: 0.001583) | OT inner objective: 0.0349 | Marginal residual row/col/max: 4.79e-05/1.43e-08/4.79e-05 | Train Acc: 0.2260 | Val Acc: 0.2609 | Val P/R/F1 (Macro): 0.2213/0.1966/0.1973 | LR: 0.000005
Epoch [37/100] | SVD update #37: pairs=440, sweeps=8, converged=True, rel_change=8.601e-04, effective_ranks=(323, 12), class_paired=True
Epoch [37/100] | Loss: 5.2280 (Cls: 5.2183, TAL: -0.0191, Adv: 0.1506, OT-Reg: 0.001454) | OT inner objective: -0.0347 | Marginal residual row/col/max: 1.92e-05/2.56e-08/1.92e-05 | Train Acc: 0.2524 | Val Acc: 0.2696 | Val P/R/F1 (Macro): 0.2426/0.2267/0.2018 | LR: 0.000005
Epoch [38/100] | SVD update #38: pairs=440, sweeps=6, converged=True, rel_change=8.932e-04, effective_ranks=(320, 11), class_paired=True
Epoch [38/100] | Loss: 5.3105 (Cls: 5.3231, TAL: -0.1658, Adv: 0.0914, OT-Reg: 0.001515) | OT inner objective: -0.0058 | Marginal residual row/col/max: 9.04e-05/1.53e-08/9.04e-05 | Train Acc: 0.3462 | Val Acc: 0.1652 | Val P/R/F1 (Macro): 0.2358/0.2325/0.1526 | LR: 0.000005
Epoch [39/100] | SVD update #39: pairs=440, sweeps=10, converged=False, rel_change=1.503e-01, effective_ranks=(324, 13), class_paired=True
Epoch [39/100] | Loss: 5.3726 (Cls: 5.3678, TAL: -0.0561, Adv: 0.1443, OT-Reg: 0.001520) | OT inner objective: -0.0909 | Marginal residual row/col/max: 2.03e-04/1.36e-08/2.03e-04 | Train Acc: 0.2188 | Val Acc: 0.4087 | Val P/R/F1 (Macro): 0.3043/0.2485/0.2243 | LR: 0.000003
Epoch [40/100] | SVD update #40: pairs=440, sweeps=5, converged=True, rel_change=2.342e-04, effective_ranks=(310, 8), class_paired=True
Epoch [40/100] | Loss: 5.2645 (Cls: 5.2621, TAL: -0.0460, Adv: 0.1001, OT-Reg: 0.001478) | OT inner objective: -0.1679 | Marginal residual row/col/max: 2.88e-04/1.55e-08/2.88e-04 | Train Acc: 0.3101 | Val Acc: 0.3913 | Val P/R/F1 (Macro): 0.2931/0.4072/0.3280 | LR: 0.000003
Epoch [41/100] | SVD update #41: pairs=440, sweeps=4, converged=True, rel_change=4.460e-04, effective_ranks=(294, 9), class_paired=True
Epoch [41/100] | Loss: 5.0842 (Cls: 5.0934, TAL: -0.1417, Adv: 0.0976, OT-Reg: 0.001521) | OT inner objective: -0.0919 | Marginal residual row/col/max: 2.15e-04/1.23e-08/2.15e-04 | Train Acc: 0.3966 | Val Acc: 0.3391 | Val P/R/F1 (Macro): 0.2885/0.3622/0.2703 | LR: 0.000003
Epoch [42/100] | SVD update #42: pairs=440, sweeps=9, converged=True, rel_change=2.672e-04, effective_ranks=(320, 12), class_paired=True
Epoch [42/100] | Loss: 5.3623 (Cls: 5.3613, TAL: -0.0724, Adv: 0.1212, OT-Reg: 0.001570) | OT inner objective: -0.0440 | Marginal residual row/col/max: 1.77e-05/1.26e-08/1.77e-05 | Train Acc: 0.2644 | Val Acc: 0.2087 | Val P/R/F1 (Macro): 0.3168/0.2283/0.2119 | LR: 0.000003
Epoch [43/100] | SVD update #43: pairs=440, sweeps=7, converged=True, rel_change=9.862e-04, effective_ranks=(323, 12), class_paired=True
Epoch [43/100] | Loss: 5.3831 (Cls: 5.3784, TAL: -0.0593, Adv: 0.1478, OT-Reg: 0.001577) | OT inner objective: -0.1607 | Marginal residual row/col/max: 1.55e-04/1.76e-08/1.55e-04 | Train Acc: 0.3197 | Val Acc: 0.4261 | Val P/R/F1 (Macro): 0.4432/0.4552/0.3984 | LR: 0.000003
Epoch [44/100] | SVD update #44: pairs=440, sweeps=4, converged=True, rel_change=6.883e-04, effective_ranks=(324, 12), class_paired=True
Epoch [44/100] | Loss: 4.8209 (Cls: 4.8555, TAL: -0.3392, Adv: 0.0768, OT-Reg: 0.001557) | OT inner objective: -0.1572 | Marginal residual row/col/max: 2.83e-04/1.46e-08/2.83e-04 | Train Acc: 0.4231 | Val Acc: 0.3478 | Val P/R/F1 (Macro): 0.2367/0.3948/0.2817 | LR: 0.000003
Epoch [45/100] | SVD update #45: pairs=440, sweeps=5, converged=True, rel_change=8.096e-04, effective_ranks=(319, 9), class_paired=True
Epoch [45/100] | Loss: 4.9023 (Cls: 4.9344, TAL: -0.3294, Adv: 0.0926, OT-Reg: 0.001600) | OT inner objective: -0.1945 | Marginal residual row/col/max: 2.18e-04/1.23e-08/2.18e-04 | Train Acc: 0.4062 | Val Acc: 0.4435 | Val P/R/F1 (Macro): 0.4820/0.5343/0.4525 | LR: 0.000003
  >>> New Best Val Acc: 0.4435
Epoch [46/100] | SVD update #46: pairs=440, sweeps=5, converged=True, rel_change=7.430e-04, effective_ranks=(324, 13), class_paired=True
Epoch [46/100] | Loss: 4.5708 (Cls: 4.6080, TAL: -0.3744, Adv: 0.0966, OT-Reg: 0.001558) | OT inner objective: -0.2155 | Marginal residual row/col/max: 1.85e-04/1.52e-08/1.85e-04 | Train Acc: 0.4399 | Val Acc: 0.3826 | Val P/R/F1 (Macro): 0.5660/0.4600/0.3683 | LR: 0.000003
Epoch [47/100] | SVD update #47: pairs=440, sweeps=5, converged=True, rel_change=4.822e-04, effective_ranks=(318, 14), class_paired=True
Epoch [47/100] | Loss: 4.8766 (Cls: 4.9135, TAL: -0.3778, Adv: 0.1051, OT-Reg: 0.001597) | OT inner objective: -0.2061 | Marginal residual row/col/max: 9.47e-05/1.16e-08/9.47e-05 | Train Acc: 0.3774 | Val Acc: 0.3478 | Val P/R/F1 (Macro): 0.2933/0.4395/0.2882 | LR: 0.000003
Epoch [48/100] | SVD update #48: pairs=440, sweeps=5, converged=True, rel_change=9.086e-04, effective_ranks=(325, 12), class_paired=True
Epoch [48/100] | Loss: 4.7895 (Cls: 4.8104, TAL: -0.2375, Adv: 0.0949, OT-Reg: 0.001438) | OT inner objective: -0.1637 | Marginal residual row/col/max: 2.52e-04/1.20e-08/2.52e-04 | Train Acc: 0.3750 | Val Acc: 0.3652 | Val P/R/F1 (Macro): 0.5099/0.4986/0.3659 | LR: 0.000003
Epoch [49/100] | SVD update #49: pairs=440, sweeps=6, converged=True, rel_change=9.910e-04, effective_ranks=(325, 16), class_paired=True
Epoch [49/100] | Loss: 4.7085 (Cls: 4.7272, TAL: -0.2383, Adv: 0.1240, OT-Reg: 0.001475) | OT inner objective: -0.2038 | Marginal residual row/col/max: 2.56e-04/1.28e-08/2.56e-04 | Train Acc: 0.3822 | Val Acc: 0.4261 | Val P/R/F1 (Macro): 0.4084/0.4488/0.3863 | LR: 0.000003
Epoch [50/100] | SVD update #50: pairs=440, sweeps=4, converged=True, rel_change=8.014e-04, effective_ranks=(317, 11), class_paired=True
Epoch [50/100] | Loss: 4.7003 (Cls: 4.7192, TAL: -0.2362, Adv: 0.1168, OT-Reg: 0.001535) | OT inner objective: -0.1314 | Marginal residual row/col/max: 1.18e-04/1.53e-08/1.18e-04 | Train Acc: 0.4928 | Val Acc: 0.3565 | Val P/R/F1 (Macro): 0.3419/0.4416/0.3021 | LR: 0.000003
Epoch [51/100] | SVD update #51: pairs=440, sweeps=10, converged=False, rel_change=6.558e-02, effective_ranks=(325, 19), class_paired=True
Epoch [51/100] | Loss: 5.4427 (Cls: 5.4247, TAL: 0.0690, Adv: 0.1219, OT-Reg: 0.001436) | OT inner objective: -0.0229 | Marginal residual row/col/max: 2.49e-04/1.88e-08/2.49e-04 | Train Acc: 0.2476 | Val Acc: 0.2174 | Val P/R/F1 (Macro): 0.2508/0.2337/0.1940 | LR: 0.000003
Epoch [52/100] | SVD update #52: pairs=440, sweeps=7, converged=True, rel_change=8.122e-04, effective_ranks=(318, 18), class_paired=True
Epoch [52/100] | Loss: 5.0156 (Cls: 5.0290, TAL: -0.1693, Adv: 0.0853, OT-Reg: 0.001552) | OT inner objective: -0.1541 | Marginal residual row/col/max: 2.84e-04/1.25e-08/2.84e-04 | Train Acc: 0.2885 | Val Acc: 0.2522 | Val P/R/F1 (Macro): 0.3042/0.2896/0.2475 | LR: 0.000003
Epoch [53/100] | SVD update #53: pairs=440, sweeps=7, converged=True, rel_change=5.867e-04, effective_ranks=(309, 11), class_paired=True
Epoch [53/100] | Loss: 5.0666 (Cls: 5.0683, TAL: -0.0835, Adv: 0.1037, OT-Reg: 0.001445) | OT inner objective: -0.1082 | Marginal residual row/col/max: 2.42e-04/1.60e-08/2.42e-04 | Train Acc: 0.2909 | Val Acc: 0.3652 | Val P/R/F1 (Macro): 0.4168/0.3700/0.2857 | LR: 0.000003
Epoch [54/100] | SVD update #54: pairs=440, sweeps=7, converged=True, rel_change=4.975e-04, effective_ranks=(317, 11), class_paired=True
Epoch [54/100] | Loss: 4.5572 (Cls: 4.5756, TAL: -0.2401, Adv: 0.1295, OT-Reg: 0.001467) | OT inner objective: -0.1394 | Marginal residual row/col/max: 4.02e-04/2.22e-08/4.02e-04 | Train Acc: 0.4351 | Val Acc: 0.3130 | Val P/R/F1 (Macro): 0.2931/0.3953/0.2868 | LR: 0.000003
Epoch [55/100] | SVD update #55: pairs=440, sweeps=5, converged=True, rel_change=8.719e-04, effective_ranks=(326, 11), class_paired=True
Epoch [55/100] | Loss: 4.5434 (Cls: 4.5557, TAL: -0.1985, Adv: 0.1439, OT-Reg: 0.001521) | OT inner objective: -0.1106 | Marginal residual row/col/max: 2.26e-04/1.25e-08/2.26e-04 | Train Acc: 0.3894 | Val Acc: 0.3304 | Val P/R/F1 (Macro): 0.4108/0.4307/0.3407 | LR: 0.000003
Epoch [56/100] | SVD update #56: pairs=440, sweeps=5, converged=True, rel_change=2.404e-04, effective_ranks=(324, 14), class_paired=True
Epoch [56/100] | Loss: 4.6225 (Cls: 4.6393, TAL: -0.2482, Adv: 0.1618, OT-Reg: 0.001478) | OT inner objective: -0.1336 | Marginal residual row/col/max: 2.52e-04/1.32e-08/2.52e-04 | Train Acc: 0.4351 | Val Acc: 0.3478 | Val P/R/F1 (Macro): 0.4661/0.4512/0.3547 | LR: 0.000001
Epoch [57/100] | SVD update #57: pairs=440, sweeps=5, converged=True, rel_change=2.577e-04, effective_ranks=(326, 12), class_paired=True
Epoch [57/100] | Loss: 4.5226 (Cls: 4.5265, TAL: -0.1296, Adv: 0.1458, OT-Reg: 0.001541) | OT inner objective: -0.0862 | Marginal residual row/col/max: 1.21e-04/1.17e-08/1.21e-04 | Train Acc: 0.4375 | Val Acc: 0.3478 | Val P/R/F1 (Macro): 0.5188/0.4197/0.3712 | LR: 0.000001
Epoch [58/100] | SVD update #58: pairs=440, sweeps=5, converged=True, rel_change=1.831e-04, effective_ranks=(327, 16), class_paired=True
Epoch [58/100] | Loss: 4.6481 (Cls: 4.6806, TAL: -0.3509, Adv: 0.1202, OT-Reg: 0.001545) | OT inner objective: -0.1807 | Marginal residual row/col/max: 7.67e-05/1.82e-08/7.67e-05 | Train Acc: 0.4135 | Val Acc: 0.3739 | Val P/R/F1 (Macro): 0.6048/0.4641/0.3957 | LR: 0.000001
Epoch [59/100] | SVD update #59: pairs=440, sweeps=5, converged=True, rel_change=2.589e-04, effective_ranks=(320, 13), class_paired=True
Epoch [59/100] | Loss: 4.2872 (Cls: 4.3186, TAL: -0.3484, Adv: 0.1297, OT-Reg: 0.001538) | OT inner objective: -0.1735 | Marginal residual row/col/max: 2.14e-04/1.35e-08/2.14e-04 | Train Acc: 0.4303 | Val Acc: 0.3478 | Val P/R/F1 (Macro): 0.4926/0.4264/0.3342 | LR: 0.000001
Epoch [60/100] | SVD update #60: pairs=440, sweeps=9, converged=True, rel_change=6.521e-04, effective_ranks=(327, 15), class_paired=True
Epoch [60/100] | Loss: 4.3666 (Cls: 4.3883, TAL: -0.2832, Adv: 0.1530, OT-Reg: 0.001546) | OT inner objective: -0.1594 | Marginal residual row/col/max: 2.82e-04/1.15e-08/2.82e-04 | Train Acc: 0.3822 | Val Acc: 0.3652 | Val P/R/F1 (Macro): 0.4477/0.4214/0.4019 | LR: 0.000001
Epoch [61/100] | SVD update #61: pairs=440, sweeps=6, converged=True, rel_change=4.440e-04, effective_ranks=(319, 15), class_paired=True
Epoch [61/100] | Loss: 4.5663 (Cls: 4.5939, TAL: -0.3351, Adv: 0.1571, OT-Reg: 0.001560) | OT inner objective: -0.1410 | Marginal residual row/col/max: 6.65e-05/1.42e-08/6.65e-05 | Train Acc: 0.3894 | Val Acc: 0.3565 | Val P/R/F1 (Macro): 0.5066/0.4726/0.3961 | LR: 0.000001
Epoch [62/100] | SVD update #62: pairs=440, sweeps=5, converged=True, rel_change=2.842e-04, effective_ranks=(323, 14), class_paired=True
Epoch [62/100] | Loss: 4.4485 (Cls: 4.4783, TAL: -0.3297, Adv: 0.1225, OT-Reg: 0.001498) | OT inner objective: -0.1705 | Marginal residual row/col/max: 1.58e-04/1.10e-08/1.58e-04 | Train Acc: 0.4038 | Val Acc: 0.3304 | Val P/R/F1 (Macro): 0.4996/0.4376/0.3672 | LR: 0.000001
Epoch [63/100] | SVD update #63: pairs=440, sweeps=10, converged=False, rel_change=3.314e-02, effective_ranks=(325, 16), class_paired=True
Epoch [63/100] | Loss: 4.6405 (Cls: 4.6543, TAL: -0.2402, Adv: 0.1880, OT-Reg: 0.001577) | OT inner objective: -0.1110 | Marginal residual row/col/max: 2.23e-04/2.02e-08/2.23e-04 | Train Acc: 0.3846 | Val Acc: 0.4000 | Val P/R/F1 (Macro): 0.3579/0.4017/0.3524 | LR: 0.000001
Epoch [64/100] | SVD update #64: pairs=440, sweeps=8, converged=True, rel_change=6.052e-04, effective_ranks=(325, 17), class_paired=True
Epoch [64/100] | Loss: 4.1942 (Cls: 4.2180, TAL: -0.3439, Adv: 0.2179, OT-Reg: 0.001651) | OT inner objective: -0.1528 | Marginal residual row/col/max: 1.54e-04/1.26e-08/1.54e-04 | Train Acc: 0.4928 | Val Acc: 0.3478 | Val P/R/F1 (Macro): 0.5801/0.4165/0.3957 | LR: 0.000001
Epoch [65/100] | SVD update #65: pairs=440, sweeps=7, converged=True, rel_change=8.694e-04, effective_ranks=(323, 17), class_paired=True
Epoch [65/100] | Loss: 4.3517 (Cls: 4.3685, TAL: -0.2369, Adv: 0.1451, OT-Reg: 0.001584) | OT inner objective: -0.1134 | Marginal residual row/col/max: 6.05e-05/1.30e-08/6.05e-05 | Train Acc: 0.4231 | Val Acc: 0.3217 | Val P/R/F1 (Macro): 0.4104/0.3826/0.3147 | LR: 0.000001
Epoch [66/100] | SVD update #66: pairs=440, sweeps=10, converged=False, rel_change=8.646e-03, effective_ranks=(324, 15), class_paired=True
Epoch [66/100] | Loss: 4.7106 (Cls: 4.7323, TAL: -0.2900, Adv: 0.1640, OT-Reg: 0.001529) | OT inner objective: -0.1315 | Marginal residual row/col/max: 2.33e-04/1.25e-08/2.33e-04 | Train Acc: 0.4399 | Val Acc: 0.3391 | Val P/R/F1 (Macro): 0.5228/0.4045/0.3658 | LR: 0.000001
Epoch [67/100] | SVD update #67: pairs=440, sweeps=6, converged=True, rel_change=4.564e-04, effective_ranks=(324, 16), class_paired=True
Epoch [67/100] | Loss: 4.4249 (Cls: 4.4405, TAL: -0.2735, Adv: 0.2153, OT-Reg: 0.001636) | OT inner objective: -0.1860 | Marginal residual row/col/max: 1.74e-04/1.45e-08/1.74e-04 | Train Acc: 0.3990 | Val Acc: 0.3391 | Val P/R/F1 (Macro): 0.5254/0.3934/0.3853 | LR: 0.000001
Epoch [68/100] | SVD update #68: pairs=440, sweeps=4, converged=True, rel_change=2.335e-04, effective_ranks=(322, 16), class_paired=True
Epoch [68/100] | Loss: 4.4490 (Cls: 4.4720, TAL: -0.3244, Adv: 0.1986, OT-Reg: 0.001617) | OT inner objective: -0.1748 | Marginal residual row/col/max: 1.61e-04/1.25e-08/1.61e-04 | Train Acc: 0.4615 | Val Acc: 0.3739 | Val P/R/F1 (Macro): 0.4564/0.4540/0.3669 | LR: 0.000001
Epoch [69/100] | SVD update #69: pairs=440, sweeps=6, converged=True, rel_change=8.232e-04, effective_ranks=(323, 17), class_paired=True
Epoch [69/100] | Loss: 4.1687 (Cls: 4.2021, TAL: -0.3886, Adv: 0.1652, OT-Reg: 0.001588) | OT inner objective: -0.2028 | Marginal residual row/col/max: 1.83e-04/1.20e-08/1.83e-04 | Train Acc: 0.4736 | Val Acc: 0.4000 | Val P/R/F1 (Macro): 0.5922/0.4877/0.4011 | LR: 0.000001
Epoch [70/100] | SVD update #70: pairs=440, sweeps=5, converged=True, rel_change=6.922e-04, effective_ranks=(325, 17), class_paired=True
Epoch [70/100] | Loss: 5.3292 (Cls: 5.3560, TAL: -0.3292, Adv: 0.1589, OT-Reg: 0.001414) | OT inner objective: -0.1527 | Marginal residual row/col/max: 2.05e-04/1.66e-08/2.05e-04 | Train Acc: 0.4159 | Val Acc: 0.3652 | Val P/R/F1 (Macro): 0.4813/0.3722/0.4057 | LR: 0.000001
Epoch [71/100] | SVD update #71: pairs=440, sweeps=6, converged=True, rel_change=5.384e-04, effective_ranks=(326, 17), class_paired=True
Epoch [71/100] | Loss: 5.9649 (Cls: 5.9894, TAL: -0.3082, Adv: 0.1561, OT-Reg: 0.001339) | OT inner objective: -0.1731 | Marginal residual row/col/max: 3.22e-04/1.48e-08/3.22e-04 | Train Acc: 0.2596 | Val Acc: 0.2261 | Val P/R/F1 (Macro): 0.3892/0.2037/0.2293 | LR: 0.000001
Epoch [72/100] | SVD update #72: pairs=440, sweeps=7, converged=True, rel_change=6.347e-04, effective_ranks=(311, 16), class_paired=True
Epoch [72/100] | Loss: 7.0698 (Cls: 7.0732, TAL: -0.1619, Adv: 0.1999, OT-Reg: 0.001490) | OT inner objective: -0.1374 | Marginal residual row/col/max: 3.81e-04/2.87e-08/3.81e-04 | Train Acc: 0.2067 | Val Acc: 0.3130 | Val P/R/F1 (Macro): 0.2763/0.2339/0.2105 | LR: 0.000001
Epoch [73/100] | SVD update #73: pairs=440, sweeps=10, converged=False, rel_change=2.232e-02, effective_ranks=(299, 14), class_paired=True
Epoch [73/100] | Loss: 7.1111 (Cls: 7.0823, TAL: 0.0803, Adv: 0.2394, OT-Reg: 0.001411) | OT inner objective: -0.1556 | Marginal residual row/col/max: 4.70e-04/1.49e-08/4.70e-04 | Train Acc: 0.0841 | Val Acc: 0.0696 | Val P/R/F1 (Macro): 0.1692/0.0595/0.0741 | LR: 0.000001
Epoch [74/100] | SVD update #74: pairs=440, sweeps=6, converged=True, rel_change=9.867e-04, effective_ranks=(311, 12), class_paired=True
Epoch [74/100] | Loss: 7.0081 (Cls: 6.9677, TAL: 0.2034, Adv: 0.2001, OT-Reg: 0.001365) | OT inner objective: -0.1199 | Marginal residual row/col/max: 2.16e-04/2.21e-08/2.16e-04 | Train Acc: 0.1274 | Val Acc: 0.0696 | Val P/R/F1 (Macro): 0.0339/0.0975/0.0418 | LR: 0.000001
Epoch [75/100] | SVD update #75: pairs=440, sweeps=4, converged=True, rel_change=7.213e-04, effective_ranks=(306, 9), class_paired=True
Epoch [75/100] | Loss: 6.1607 (Cls: 6.1514, TAL: -0.0271, Adv: 0.1560, OT-Reg: 0.001471) | OT inner objective: -0.2354 | Marginal residual row/col/max: 2.18e-04/1.28e-08/2.18e-04 | Train Acc: 0.1899 | Val Acc: 0.1391 | Val P/R/F1 (Macro): 0.1283/0.1143/0.1127 | LR: 0.000001
Epoch [76/100] | SVD update #76: pairs=440, sweeps=4, converged=True, rel_change=1.439e-04, effective_ranks=(304, 8), class_paired=True
Epoch [76/100] | Loss: 5.7651 (Cls: 5.7769, TAL: -0.1867, Adv: 0.1323, OT-Reg: 0.001456) | OT inner objective: -0.2208 | Marginal residual row/col/max: 1.27e-04/1.39e-08/1.27e-04 | Train Acc: 0.2260 | Val Acc: 0.2261 | Val P/R/F1 (Macro): 0.1916/0.1676/0.1354 | LR: 0.000001
Epoch [77/100] | SVD update #77: pairs=440, sweeps=6, converged=True, rel_change=6.333e-04, effective_ranks=(279, 9), class_paired=True
Epoch [77/100] | Loss: 5.7304 (Cls: 5.7367, TAL: -0.1446, Adv: 0.1381, OT-Reg: 0.001527) | OT inner objective: -0.1512 | Marginal residual row/col/max: 1.97e-04/1.35e-08/1.97e-04 | Train Acc: 0.2139 | Val Acc: 0.2696 | Val P/R/F1 (Macro): 0.3392/0.2214/0.2291 | LR: 0.000001
Epoch [78/100] | SVD update #78: pairs=440, sweeps=3, converged=True, rel_change=4.475e-04, effective_ranks=(295, 9), class_paired=True
Epoch [78/100] | Loss: 4.9646 (Cls: 4.9654, TAL: -0.1174, Adv: 0.1659, OT-Reg: 0.001491) | OT inner objective: -0.1652 | Marginal residual row/col/max: 2.59e-04/1.91e-08/2.59e-04 | Train Acc: 0.3293 | Val Acc: 0.3304 | Val P/R/F1 (Macro): 0.3655/0.3923/0.3269 | LR: 0.000001
Epoch [79/100] | SVD update #79: pairs=440, sweeps=5, converged=True, rel_change=4.657e-04, effective_ranks=(314, 11), class_paired=True
Epoch [79/100] | Loss: 5.3510 (Cls: 5.3707, TAL: -0.2560, Adv: 0.1378, OT-Reg: 0.001651) | OT inner objective: -0.1047 | Marginal residual row/col/max: 7.54e-05/1.28e-08/7.54e-05 | Train Acc: 0.2524 | Val Acc: 0.2696 | Val P/R/F1 (Macro): 0.2486/0.2711/0.2451 | LR: 0.000001
Epoch [80/100] | SVD update #80: pairs=440, sweeps=5, converged=True, rel_change=6.352e-04, effective_ranks=(305, 11), class_paired=True
Epoch [80/100] | Loss: 4.9712 (Cls: 4.9795, TAL: -0.1371, Adv: 0.1015, OT-Reg: 0.001523) | OT inner objective: -0.1513 | Marginal residual row/col/max: 1.93e-04/1.52e-08/1.93e-04 | Train Acc: 0.3077 | Val Acc: 0.2696 | Val P/R/F1 (Macro): 0.3506/0.3149/0.2896 | LR: 0.000001
Epoch [81/100] | SVD update #81: pairs=440, sweeps=5, converged=True, rel_change=2.481e-04, effective_ranks=(304, 12), class_paired=True
Epoch [81/100] | Loss: 5.1544 (Cls: 5.1610, TAL: -0.1162, Adv: 0.0923, OT-Reg: 0.001580) | OT inner objective: -0.1183 | Marginal residual row/col/max: 1.25e-04/1.55e-08/1.25e-04 | Train Acc: 0.2548 | Val Acc: 0.2522 | Val P/R/F1 (Macro): 0.3481/0.2860/0.2799 | LR: 0.000001
Epoch [82/100] | SVD update #82: pairs=440, sweeps=4, converged=True, rel_change=7.561e-04, effective_ranks=(314, 11), class_paired=True
Epoch [82/100] | Loss: 5.0626 (Cls: 5.0787, TAL: -0.2250, Adv: 0.1363, OT-Reg: 0.001599) | OT inner objective: -0.1768 | Marginal residual row/col/max: 7.76e-05/1.52e-08/7.76e-05 | Train Acc: 0.3005 | Val Acc: 0.2870 | Val P/R/F1 (Macro): 0.4140/0.3685/0.3309 | LR: 0.000001
Epoch [83/100] | SVD update #83: pairs=440, sweeps=6, converged=True, rel_change=2.183e-04, effective_ranks=(310, 11), class_paired=True
Epoch [83/100] | Loss: 4.9366 (Cls: 4.9339, TAL: -0.0713, Adv: 0.1408, OT-Reg: 0.001525) | OT inner objective: -0.1198 | Marginal residual row/col/max: 1.96e-04/1.35e-08/1.96e-04 | Train Acc: 0.2981 | Val Acc: 0.3652 | Val P/R/F1 (Macro): 0.3521/0.3206/0.3156 | LR: 0.000001
Epoch [84/100] | SVD update #84: pairs=440, sweeps=5, converged=True, rel_change=4.136e-04, effective_ranks=(314, 12), class_paired=True
Epoch [84/100] | Loss: 5.1424 (Cls: 5.1590, TAL: -0.2276, Adv: 0.1339, OT-Reg: 0.001509) | OT inner objective: -0.1444 | Marginal residual row/col/max: 1.37e-04/1.52e-08/1.37e-04 | Train Acc: 0.2596 | Val Acc: 0.2870 | Val P/R/F1 (Macro): 0.3091/0.3258/0.2878 | LR: 0.000001
Epoch [85/100] | SVD update #85: pairs=440, sweeps=4, converged=True, rel_change=4.372e-04, effective_ranks=(303, 11), class_paired=True
Epoch [85/100] | Loss: 4.8995 (Cls: 4.9185, TAL: -0.2323, Adv: 0.1116, OT-Reg: 0.001521) | OT inner objective: -0.1916 | Marginal residual row/col/max: 3.09e-04/1.82e-08/3.09e-04 | Train Acc: 0.2957 | Val Acc: 0.2696 | Val P/R/F1 (Macro): 0.4231/0.3121/0.2842 | LR: 0.000001
Epoch [86/100] | SVD update #86: pairs=440, sweeps=4, converged=True, rel_change=5.506e-04, effective_ranks=(301, 11), class_paired=True
Epoch [86/100] | Loss: 4.8908 (Cls: 4.9122, TAL: -0.2571, Adv: 0.1184, OT-Reg: 0.001444) | OT inner objective: -0.1918 | Marginal residual row/col/max: 2.70e-04/1.79e-08/2.70e-04 | Train Acc: 0.3173 | Val Acc: 0.2522 | Val P/R/F1 (Macro): 0.2679/0.2600/0.2088 | LR: 0.000001
Epoch [87/100] | SVD update #87: pairs=440, sweeps=5, converged=True, rel_change=7.153e-04, effective_ranks=(303, 11), class_paired=True
Epoch [87/100] | Loss: 4.9211 (Cls: 4.9370, TAL: -0.2238, Adv: 0.1373, OT-Reg: 0.001465) | OT inner objective: -0.1575 | Marginal residual row/col/max: 1.25e-04/2.52e-08/1.25e-04 | Train Acc: 0.3029 | Val Acc: 0.2870 | Val P/R/F1 (Macro): 0.2996/0.3280/0.2730 | LR: 0.000001
Epoch [88/100] | SVD update #88: pairs=440, sweeps=4, converged=True, rel_change=3.572e-04, effective_ranks=(308, 11), class_paired=True
Epoch [88/100] | Loss: 5.4205 (Cls: 5.4315, TAL: -0.1833, Adv: 0.1368, OT-Reg: 0.001327) | OT inner objective: -0.1104 | Marginal residual row/col/max: 8.49e-05/3.18e-08/8.49e-05 | Train Acc: 0.2692 | Val Acc: 0.2522 | Val P/R/F1 (Macro): 0.2950/0.3397/0.2731 | LR: 0.000001
Epoch [89/100] | SVD update #89: pairs=440, sweeps=4, converged=True, rel_change=9.113e-05, effective_ranks=(301, 11), class_paired=True
Epoch [89/100] | Loss: 5.1015 (Cls: 5.1074, TAL: -0.1436, Adv: 0.1418, OT-Reg: 0.001442) | OT inner objective: -0.1507 | Marginal residual row/col/max: 2.70e-04/2.35e-08/2.70e-04 | Train Acc: 0.2837 | Val Acc: 0.2522 | Val P/R/F1 (Macro): 0.2662/0.3639/0.2504 | LR: 0.000001
Epoch [90/100] | SVD update #90: pairs=440, sweeps=4, converged=True, rel_change=7.159e-04, effective_ranks=(299, 11), class_paired=True
Epoch [90/100] | Loss: 4.9018 (Cls: 4.8992, TAL: -0.1283, Adv: 0.2241, OT-Reg: 0.001410) | OT inner objective: -0.1604 | Marginal residual row/col/max: 2.57e-04/2.56e-08/2.57e-04 | Train Acc: 0.3510 | Val Acc: 0.2696 | Val P/R/F1 (Macro): 0.3631/0.3521/0.2990 | LR: 0.000001
Epoch [91/100] | SVD update #91: pairs=440, sweeps=4, converged=True, rel_change=3.483e-04, effective_ranks=(291, 10), class_paired=True
Epoch [91/100] | Loss: 4.9564 (Cls: 4.9533, TAL: -0.1048, Adv: 0.1965, OT-Reg: 0.001552) | OT inner objective: -0.1279 | Marginal residual row/col/max: 2.12e-04/1.42e-08/2.12e-04 | Train Acc: 0.3678 | Val Acc: 0.3130 | Val P/R/F1 (Macro): 0.3832/0.4343/0.3297 | LR: 0.000001
Epoch [92/100] | SVD update #92: pairs=440, sweeps=4, converged=True, rel_change=3.159e-04, effective_ranks=(299, 11), class_paired=True
Epoch [92/100] | Loss: 4.7336 (Cls: 4.7528, TAL: -0.2493, Adv: 0.1340, OT-Reg: 0.001469) | OT inner objective: -0.1394 | Marginal residual row/col/max: 1.88e-04/1.45e-08/1.88e-04 | Train Acc: 0.3125 | Val Acc: 0.2870 | Val P/R/F1 (Macro): 0.3808/0.3626/0.3239 | LR: 0.000001
Epoch [93/100] | SVD update #93: pairs=440, sweeps=4, converged=True, rel_change=5.373e-04, effective_ranks=(291, 12), class_paired=True
Epoch [93/100] | Loss: 4.8593 (Cls: 4.8630, TAL: -0.1219, Adv: 0.1373, OT-Reg: 0.001382) | OT inner objective: -0.1229 | Marginal residual row/col/max: 1.40e-04/1.85e-08/1.40e-04 | Train Acc: 0.3534 | Val Acc: 0.3043 | Val P/R/F1 (Macro): 0.3913/0.4243/0.3427 | LR: 0.000001
Epoch [94/100] | SVD update #94: pairs=440, sweeps=4, converged=True, rel_change=1.645e-04, effective_ranks=(307, 12), class_paired=True
Epoch [94/100] | Loss: 4.7723 (Cls: 4.7897, TAL: -0.2421, Adv: 0.1450, OT-Reg: 0.001374) | OT inner objective: -0.1221 | Marginal residual row/col/max: 2.69e-04/2.34e-08/2.69e-04 | Train Acc: 0.3726 | Val Acc: 0.2957 | Val P/R/F1 (Macro): 0.4273/0.3367/0.3387 | LR: 0.000001
Epoch [95/100] | SVD update #95: pairs=440, sweeps=3, converged=True, rel_change=6.944e-04, effective_ranks=(300, 11), class_paired=True
Epoch [95/100] | Loss: 4.5274 (Cls: 4.5406, TAL: -0.2126, Adv: 0.1542, OT-Reg: 0.001472) | OT inner objective: -0.1444 | Marginal residual row/col/max: 2.33e-04/2.05e-08/2.33e-04 | Train Acc: 0.4014 | Val Acc: 0.3826 | Val P/R/F1 (Macro): 0.4517/0.4229/0.3965 | LR: 0.000001
Epoch [96/100] | SVD update #96: pairs=440, sweeps=3, converged=True, rel_change=4.524e-04, effective_ranks=(295, 12), class_paired=True
Epoch [96/100] | Loss: 4.8602 (Cls: 4.8713, TAL: -0.2145, Adv: 0.1827, OT-Reg: 0.001452) | OT inner objective: -0.1610 | Marginal residual row/col/max: 1.30e-04/2.13e-08/1.30e-04 | Train Acc: 0.3053 | Val Acc: 0.2870 | Val P/R/F1 (Macro): 0.3368/0.3628/0.2965 | LR: 0.000001
Epoch [97/100] | SVD update #97: pairs=440, sweeps=4, converged=True, rel_change=1.410e-04, effective_ranks=(290, 11), class_paired=True
Epoch [97/100] | Loss: 4.9516 (Cls: 4.9595, TAL: -0.1436, Adv: 0.1159, OT-Reg: 0.001433) | OT inner objective: -0.1288 | Marginal residual row/col/max: 1.01e-04/2.31e-08/1.01e-04 | Train Acc: 0.3413 | Val Acc: 0.2783 | Val P/R/F1 (Macro): 0.3922/0.3286/0.2946 | LR: 0.000001
Epoch [98/100] | SVD update #98: pairs=440, sweeps=3, converged=True, rel_change=3.461e-04, effective_ranks=(302, 12), class_paired=True
Epoch [98/100] | Loss: 4.7145 (Cls: 4.7320, TAL: -0.2283, Adv: 0.1237, OT-Reg: 0.001439) | OT inner objective: -0.1017 | Marginal residual row/col/max: 6.66e-05/2.84e-08/6.66e-05 | Train Acc: 0.3654 | Val Acc: 0.2957 | Val P/R/F1 (Macro): 0.4172/0.3969/0.3298 | LR: 0.000001
Epoch [99/100] | SVD update #99: pairs=440, sweeps=5, converged=True, rel_change=2.392e-04, effective_ranks=(302, 13), class_paired=True
Epoch [99/100] | Loss: 4.8126 (Cls: 4.8404, TAL: -0.3414, Adv: 0.1641, OT-Reg: 0.001388) | OT inner objective: -0.1555 | Marginal residual row/col/max: 1.01e-04/3.05e-08/1.01e-04 | Train Acc: 0.3798 | Val Acc: 0.3478 | Val P/R/F1 (Macro): 0.4964/0.4454/0.3823 | LR: 0.000001
Epoch [100/100] | SVD update #100: pairs=440, sweeps=4, converged=True, rel_change=1.466e-04, effective_ranks=(297, 12), class_paired=True
Epoch [100/100] | Loss: 4.8951 (Cls: 4.8945, TAL: -0.1565, Adv: 0.2416, OT-Reg: 0.001422) | OT inner objective: -0.1400 | Marginal residual row/col/max: 1.64e-04/3.17e-08/1.64e-04 | Train Acc: 0.3029 | Val Acc: 0.2261 | Val P/R/F1 (Macro): 0.3699/0.3049/0.2792 | LR: 0.000001
Report strategy: best, window=10, reported_acc=0.4435, best_acc=0.4435, selected_epoch=45

迭代 1 报告指标:
  Accuracy: 0.4435
  Precision (Macro): 0.4820
  Recall (Macro): 0.5343
  F1 (Macro): 0.4525
  Precision (Micro): 0.4435
  Recall (Micro): 0.4435
  F1 (Micro): 0.4435
  Val class coverage: 9/14 (0.6429), samples=115

================================================================================
迭代 2/5
随机种子: 43
================================================================================
配对采样器已初始化，共 9 个共有类别。
Training mode: full target-label supervision (class-paired batches).
Feature fusion: Tensor alignment (512+512 -> 16+16); fused_dim=32
Domain adaptation: Neural OT generator with 3-domain discriminator
Loss weights: tensor=0.12, adv=0.08
Transport: mode=sinkhorn, epsilon=0.1, Sinkhorn iterations=50, correction scale=0.1, correction regularization weight=0.001
Tensor projection update: once per epoch from the complete target-training pairing bank; projection_dim=16, max_sweeps=10, relative singular-value tolerance=0.001
Epoch [1/100] | SVD update #1: pairs=440, sweeps=3, converged=True, rel_change=1.066e-04, effective_ranks=(326, 138), class_paired=True
Epoch [1/100] | Loss: 7.7082 (Cls: 7.7149, TAL: -0.2143, Adv: 0.2374, OT-Reg: 0.001603) | OT inner objective: 0.1859 | Marginal residual row/col/max: 7.97e-08/1.16e-08/8.12e-08 | Train Acc: 0.1466 | Val Acc: 0.2957 | Val P/R/F1 (Macro): 0.2727/0.2733/0.2024 | LR: 0.000005
  >>> New Best Val Acc: 0.2957
Epoch [2/100] | SVD update #2: pairs=440, sweeps=7, converged=True, rel_change=8.552e-04, effective_ranks=(327, 54), class_paired=True
Epoch [2/100] | Loss: 7.2522 (Cls: 7.2538, TAL: -0.1450, Adv: 0.1976, OT-Reg: 0.001371) | OT inner objective: 0.2324 | Marginal residual row/col/max: 4.77e-08/1.36e-08/5.10e-08 | Train Acc: 0.1490 | Val Acc: 0.4696 | Val P/R/F1 (Macro): 0.4695/0.5564/0.4230 | LR: 0.000005
  >>> New Best Val Acc: 0.4696
Epoch [3/100] | SVD update #3: pairs=440, sweeps=10, converged=False, rel_change=3.180e-01, effective_ranks=(323, 30), class_paired=True
Epoch [3/100] | Loss: 7.5573 (Cls: 7.5408, TAL: 0.0048, Adv: 0.1989, OT-Reg: 0.001396) | OT inner objective: 0.0127 | Marginal residual row/col/max: 2.90e-04/4.37e-08/2.90e-04 | Train Acc: 0.1202 | Val Acc: 0.1478 | Val P/R/F1 (Macro): 0.1668/0.1474/0.1106 | LR: 0.000005
Epoch [4/100] | SVD update #4: pairs=440, sweeps=8, converged=True, rel_change=6.442e-04, effective_ranks=(321, 18), class_paired=True
Epoch [4/100] | Loss: 7.2790 (Cls: 7.2395, TAL: 0.2036, Adv: 0.1880, OT-Reg: 0.001559) | OT inner objective: 0.1828 | Marginal residual row/col/max: 7.05e-06/2.65e-08/7.05e-06 | Train Acc: 0.1202 | Val Acc: 0.1217 | Val P/R/F1 (Macro): 0.1909/0.2038/0.1006 | LR: 0.000005
Epoch [5/100] | SVD update #5: pairs=440, sweeps=10, converged=False, rel_change=5.838e-03, effective_ranks=(326, 18), class_paired=True
Epoch [5/100] | Loss: 6.9548 (Cls: 6.9558, TAL: -0.1310, Adv: 0.1843, OT-Reg: 0.001476) | OT inner objective: -0.1152 | Marginal residual row/col/max: 1.70e-04/3.22e-08/1.70e-04 | Train Acc: 0.1587 | Val Acc: 0.1652 | Val P/R/F1 (Macro): 0.1771/0.2602/0.1816 | LR: 0.000005
Epoch [6/100] | SVD update #6: pairs=440, sweeps=10, converged=True, rel_change=4.749e-04, effective_ranks=(317, 15), class_paired=True
Epoch [6/100] | Loss: 6.7247 (Cls: 6.7190, TAL: -0.1024, Adv: 0.2259, OT-Reg: 0.001416) | OT inner objective: -0.0405 | Marginal residual row/col/max: 4.85e-05/2.12e-08/4.85e-05 | Train Acc: 0.1683 | Val Acc: 0.1478 | Val P/R/F1 (Macro): 0.3852/0.1686/0.1379 | LR: 0.000005
Epoch [7/100] | SVD update #7: pairs=440, sweeps=10, converged=False, rel_change=9.747e-03, effective_ranks=(322, 21), class_paired=True
Epoch [7/100] | Loss: 6.7124 (Cls: 6.6952, TAL: 0.0103, Adv: 0.1996, OT-Reg: 0.001470) | OT inner objective: 0.0137 | Marginal residual row/col/max: 2.84e-05/2.35e-08/2.84e-05 | Train Acc: 0.0721 | Val Acc: 0.0870 | Val P/R/F1 (Macro): 0.2487/0.1702/0.0970 | LR: 0.000005
Epoch [8/100] | SVD update #8: pairs=440, sweeps=10, converged=False, rel_change=1.278e-03, effective_ranks=(326, 23), class_paired=True
Epoch [8/100] | Loss: 6.5820 (Cls: 6.5756, TAL: -0.0830, Adv: 0.2047, OT-Reg: 0.001420) | OT inner objective: 0.0466 | Marginal residual row/col/max: 1.74e-04/1.38e-08/1.74e-04 | Train Acc: 0.1514 | Val Acc: 0.2522 | Val P/R/F1 (Macro): 0.1998/0.2456/0.1435 | LR: 0.000005
Epoch [9/100] | SVD update #9: pairs=440, sweeps=7, converged=True, rel_change=5.505e-04, effective_ranks=(325, 19), class_paired=True
Epoch [9/100] | Loss: 6.0852 (Cls: 6.0737, TAL: -0.0272, Adv: 0.1848, OT-Reg: 0.001455) | OT inner objective: -0.0089 | Marginal residual row/col/max: 2.99e-04/1.55e-08/2.99e-04 | Train Acc: 0.1875 | Val Acc: 0.2696 | Val P/R/F1 (Macro): 0.1831/0.2240/0.1936 | LR: 0.000005
Epoch [10/100] | SVD update #10: pairs=440, sweeps=10, converged=False, rel_change=1.228e-02, effective_ranks=(324, 18), class_paired=True
Epoch [10/100] | Loss: 6.1999 (Cls: 6.1953, TAL: -0.0762, Adv: 0.1712, OT-Reg: 0.001513) | OT inner objective: -0.0107 | Marginal residual row/col/max: 9.10e-05/2.79e-08/9.10e-05 | Train Acc: 0.1635 | Val Acc: 0.1652 | Val P/R/F1 (Macro): 0.2119/0.1997/0.1784 | LR: 0.000005
Epoch [11/100] | SVD update #11: pairs=440, sweeps=10, converged=False, rel_change=1.889e-03, effective_ranks=(323, 17), class_paired=True
Epoch [11/100] | Loss: 6.4892 (Cls: 6.4735, TAL: 0.0184, Adv: 0.1686, OT-Reg: 0.001527) | OT inner objective: -0.0016 | Marginal residual row/col/max: 1.78e-04/2.35e-08/1.78e-04 | Train Acc: 0.1707 | Val Acc: 0.1391 | Val P/R/F1 (Macro): 0.1977/0.2087/0.1276 | LR: 0.000005
Epoch [12/100] | SVD update #12: pairs=440, sweeps=10, converged=False, rel_change=3.220e-03, effective_ranks=(323, 14), class_paired=True
Epoch [12/100] | Loss: 6.0546 (Cls: 6.0501, TAL: -0.0838, Adv: 0.1818, OT-Reg: 0.001513) | OT inner objective: -0.0172 | Marginal residual row/col/max: 1.19e-04/2.95e-08/1.19e-04 | Train Acc: 0.1851 | Val Acc: 0.1652 | Val P/R/F1 (Macro): 0.1783/0.1865/0.1114 | LR: 0.000005
Epoch [13/100] | SVD update #13: pairs=440, sweeps=5, converged=True, rel_change=2.780e-04, effective_ranks=(324, 12), class_paired=True
Epoch [13/100] | Loss: 6.0695 (Cls: 6.0599, TAL: -0.0337, Adv: 0.1706, OT-Reg: 0.001466) | OT inner objective: -0.2711 | Marginal residual row/col/max: 2.32e-04/1.75e-08/2.32e-04 | Train Acc: 0.1803 | Val Acc: 0.1391 | Val P/R/F1 (Macro): 0.1476/0.2023/0.1241 | LR: 0.000003
Epoch [14/100] | SVD update #14: pairs=440, sweeps=8, converged=True, rel_change=2.380e-04, effective_ranks=(322, 14), class_paired=True
Epoch [14/100] | Loss: 5.8586 (Cls: 5.8496, TAL: -0.0438, Adv: 0.1786, OT-Reg: 0.001382) | OT inner objective: -0.0184 | Marginal residual row/col/max: 1.85e-04/1.66e-08/1.85e-04 | Train Acc: 0.1635 | Val Acc: 0.1826 | Val P/R/F1 (Macro): 0.2458/0.3294/0.2236 | LR: 0.000003
Epoch [15/100] | SVD update #15: pairs=440, sweeps=5, converged=True, rel_change=5.725e-04, effective_ranks=(324, 15), class_paired=True
Epoch [15/100] | Loss: 5.7723 (Cls: 5.7666, TAL: -0.0697, Adv: 0.1753, OT-Reg: 0.001428) | OT inner objective: -0.1695 | Marginal residual row/col/max: 8.78e-05/1.46e-08/8.78e-05 | Train Acc: 0.2188 | Val Acc: 0.2522 | Val P/R/F1 (Macro): 0.1303/0.2503/0.1543 | LR: 0.000003
Epoch [16/100] | SVD update #16: pairs=440, sweeps=7, converged=True, rel_change=5.375e-04, effective_ranks=(322, 15), class_paired=True
Epoch [16/100] | Loss: 6.1025 (Cls: 6.1056, TAL: -0.1138, Adv: 0.1318, OT-Reg: 0.001486) | OT inner objective: -0.1471 | Marginal residual row/col/max: 6.90e-05/1.82e-08/6.90e-05 | Train Acc: 0.1635 | Val Acc: 0.0783 | Val P/R/F1 (Macro): 0.1051/0.1516/0.0780 | LR: 0.000003
Epoch [17/100] | SVD update #17: pairs=440, sweeps=5, converged=True, rel_change=7.303e-04, effective_ranks=(326, 12), class_paired=True
Epoch [17/100] | Loss: 5.9468 (Cls: 5.9404, TAL: -0.0356, Adv: 0.1344, OT-Reg: 0.001402) | OT inner objective: -0.1907 | Marginal residual row/col/max: 5.15e-05/1.36e-08/5.15e-05 | Train Acc: 0.2043 | Val Acc: 0.0870 | Val P/R/F1 (Macro): 0.1527/0.1628/0.0815 | LR: 0.000003
Epoch [18/100] | SVD update #18: pairs=440, sweeps=8, converged=True, rel_change=4.164e-04, effective_ranks=(320, 16), class_paired=True
Epoch [18/100] | Loss: 5.9490 (Cls: 5.9590, TAL: -0.1654, Adv: 0.1236, OT-Reg: 0.001453) | OT inner objective: -0.1097 | Marginal residual row/col/max: 7.28e-05/2.19e-08/7.28e-05 | Train Acc: 0.1875 | Val Acc: 0.1130 | Val P/R/F1 (Macro): 0.2874/0.1870/0.0918 | LR: 0.000003
Epoch [19/100] | SVD update #19: pairs=440, sweeps=6, converged=True, rel_change=8.861e-04, effective_ranks=(325, 14), class_paired=True
Epoch [19/100] | Loss: 5.9846 (Cls: 5.9876, TAL: -0.1104, Adv: 0.1286, OT-Reg: 0.001394) | OT inner objective: -0.2202 | Marginal residual row/col/max: 1.19e-04/1.39e-08/1.19e-04 | Train Acc: 0.2163 | Val Acc: 0.2522 | Val P/R/F1 (Macro): 0.3231/0.2543/0.1860 | LR: 0.000003
Epoch [20/100] | SVD update #20: pairs=440, sweeps=4, converged=True, rel_change=8.588e-04, effective_ranks=(319, 14), class_paired=True
Epoch [20/100] | Loss: 5.6447 (Cls: 5.6527, TAL: -0.1425, Adv: 0.1134, OT-Reg: 0.001433) | OT inner objective: -0.1681 | Marginal residual row/col/max: 4.29e-04/2.75e-08/4.29e-04 | Train Acc: 0.2548 | Val Acc: 0.2609 | Val P/R/F1 (Macro): 0.3870/0.2737/0.1862 | LR: 0.000003
Epoch [21/100] | SVD update #21: pairs=440, sweeps=6, converged=True, rel_change=9.261e-04, effective_ranks=(321, 17), class_paired=True
Epoch [21/100] | Loss: 5.7135 (Cls: 5.7123, TAL: -0.0873, Adv: 0.1464, OT-Reg: 0.001437) | OT inner objective: -0.0416 | Marginal residual row/col/max: 2.83e-05/1.85e-08/2.83e-05 | Train Acc: 0.2524 | Val Acc: 0.0783 | Val P/R/F1 (Macro): 0.0866/0.1207/0.0721 | LR: 0.000003
Epoch [22/100] | SVD update #22: pairs=440, sweeps=8, converged=True, rel_change=6.093e-04, effective_ranks=(323, 15), class_paired=True
Epoch [22/100] | Loss: 5.7126 (Cls: 5.7416, TAL: -0.3398, Adv: 0.1465, OT-Reg: 0.001415) | OT inner objective: -0.1679 | Marginal residual row/col/max: 2.34e-04/1.33e-08/2.34e-04 | Train Acc: 0.2452 | Val Acc: 0.1391 | Val P/R/F1 (Macro): 0.2133/0.1918/0.1304 | LR: 0.000003
Epoch [23/100] | SVD update #23: pairs=440, sweeps=6, converged=True, rel_change=9.346e-04, effective_ranks=(324, 16), class_paired=True
Epoch [23/100] | Loss: 5.5724 (Cls: 5.5753, TAL: -0.1229, Adv: 0.1486, OT-Reg: 0.001404) | OT inner objective: -0.0021 | Marginal residual row/col/max: 4.57e-07/1.16e-08/4.57e-07 | Train Acc: 0.2812 | Val Acc: 0.1478 | Val P/R/F1 (Macro): 0.2458/0.2674/0.1500 | LR: 0.000003
Epoch [24/100] | SVD update #24: pairs=440, sweeps=8, converged=True, rel_change=5.656e-04, effective_ranks=(325, 20), class_paired=True
Epoch [24/100] | Loss: 6.3135 (Cls: 6.2921, TAL: 0.1053, Adv: 0.1091, OT-Reg: 0.001460) | OT inner objective: -0.1405 | Marginal residual row/col/max: 1.94e-05/1.39e-08/1.94e-05 | Train Acc: 0.1370 | Val Acc: 0.1043 | Val P/R/F1 (Macro): 0.0529/0.0930/0.0652 | LR: 0.000001
Epoch [25/100] | SVD update #25: pairs=440, sweeps=10, converged=False, rel_change=3.622e-02, effective_ranks=(324, 21), class_paired=True
Epoch [25/100] | Loss: 6.0128 (Cls: 6.0075, TAL: -0.0559, Adv: 0.1496, OT-Reg: 0.001436) | OT inner objective: -0.1351 | Marginal residual row/col/max: 1.49e-04/1.17e-08/1.49e-04 | Train Acc: 0.1635 | Val Acc: 0.1130 | Val P/R/F1 (Macro): 0.0810/0.1600/0.0857 | LR: 0.000001
Epoch [26/100] | SVD update #26: pairs=440, sweeps=9, converged=True, rel_change=9.396e-04, effective_ranks=(311, 10), class_paired=True
Epoch [26/100] | Loss: 6.0605 (Cls: 6.0457, TAL: 0.0652, Adv: 0.0868, OT-Reg: 0.001461) | OT inner objective: -0.0313 | Marginal residual row/col/max: 5.01e-05/1.29e-08/5.01e-05 | Train Acc: 0.1538 | Val Acc: 0.0957 | Val P/R/F1 (Macro): 0.0742/0.1981/0.0974 | LR: 0.000001
Epoch [27/100] | SVD update #27: pairs=440, sweeps=8, converged=True, rel_change=5.562e-05, effective_ranks=(320, 13), class_paired=True
Epoch [27/100] | Loss: 5.5727 (Cls: 5.5832, TAL: -0.1418, Adv: 0.0806, OT-Reg: 0.001328) | OT inner objective: -0.0415 | Marginal residual row/col/max: 1.03e-04/1.32e-08/1.03e-04 | Train Acc: 0.2716 | Val Acc: 0.1217 | Val P/R/F1 (Macro): 0.1285/0.2263/0.1039 | LR: 0.000001
Epoch [28/100] | SVD update #28: pairs=440, sweeps=7, converged=True, rel_change=6.606e-04, effective_ranks=(326, 18), class_paired=True
Epoch [28/100] | Loss: 5.5190 (Cls: 5.5286, TAL: -0.1339, Adv: 0.0810, OT-Reg: 0.001329) | OT inner objective: -0.1258 | Marginal residual row/col/max: 2.22e-05/1.19e-08/2.22e-05 | Train Acc: 0.2620 | Val Acc: 0.1565 | Val P/R/F1 (Macro): 0.2322/0.2821/0.1407 | LR: 0.000001
Epoch [29/100] | SVD update #29: pairs=440, sweeps=5, converged=True, rel_change=3.893e-04, effective_ranks=(322, 15), class_paired=True
Epoch [29/100] | Loss: 5.4720 (Cls: 5.4920, TAL: -0.2252, Adv: 0.0881, OT-Reg: 0.001409) | OT inner objective: -0.1462 | Marginal residual row/col/max: 1.86e-05/1.16e-08/1.86e-05 | Train Acc: 0.2812 | Val Acc: 0.1217 | Val P/R/F1 (Macro): 0.1691/0.2306/0.1057 | LR: 0.000001
Epoch [30/100] | SVD update #30: pairs=440, sweeps=7, converged=True, rel_change=9.744e-04, effective_ranks=(327, 19), class_paired=True
Epoch [30/100] | Loss: 5.2904 (Cls: 5.3142, TAL: -0.2557, Adv: 0.0861, OT-Reg: 0.001440) | OT inner objective: -0.2190 | Marginal residual row/col/max: 2.18e-05/1.02e-08/2.18e-05 | Train Acc: 0.2428 | Val Acc: 0.1217 | Val P/R/F1 (Macro): 0.0627/0.1750/0.0778 | LR: 0.000001
Epoch [31/100] | SVD update #31: pairs=440, sweeps=9, converged=True, rel_change=4.036e-04, effective_ranks=(327, 16), class_paired=True
Epoch [31/100] | Loss: 5.5147 (Cls: 5.5298, TAL: -0.1699, Adv: 0.0662, OT-Reg: 0.001426) | OT inner objective: -0.1034 | Marginal residual row/col/max: 5.67e-05/1.98e-08/5.67e-05 | Train Acc: 0.2524 | Val Acc: 0.0522 | Val P/R/F1 (Macro): 0.0425/0.1196/0.0441 | LR: 0.000001
Epoch [32/100] | SVD update #32: pairs=440, sweeps=4, converged=True, rel_change=3.248e-04, effective_ranks=(326, 16), class_paired=True
Epoch [32/100] | Loss: 5.5659 (Cls: 5.5836, TAL: -0.2039, Adv: 0.0843, OT-Reg: 0.001384) | OT inner objective: -0.0126 | Marginal residual row/col/max: 4.77e-06/1.06e-08/4.77e-06 | Train Acc: 0.3029 | Val Acc: 0.0957 | Val P/R/F1 (Macro): 0.0561/0.2122/0.0883 | LR: 0.000001
Epoch [33/100] | SVD update #33: pairs=440, sweeps=5, converged=True, rel_change=1.651e-04, effective_ranks=(324, 13), class_paired=True
Epoch [33/100] | Loss: 5.3115 (Cls: 5.3390, TAL: -0.2879, Adv: 0.0882, OT-Reg: 0.001436) | OT inner objective: -0.0482 | Marginal residual row/col/max: 2.46e-05/1.13e-08/2.46e-05 | Train Acc: 0.2500 | Val Acc: 0.0522 | Val P/R/F1 (Macro): 0.0404/0.1219/0.0590 | LR: 0.000001
Epoch [34/100] | SVD update #34: pairs=440, sweeps=10, converged=True, rel_change=2.952e-04, effective_ranks=(323, 13), class_paired=True
Epoch [34/100] | Loss: 6.0585 (Cls: 6.0538, TAL: -0.0300, Adv: 0.1038, OT-Reg: 0.001435) | OT inner objective: -0.2006 | Marginal residual row/col/max: 2.76e-04/1.60e-08/2.76e-04 | Train Acc: 0.1418 | Val Acc: 0.0783 | Val P/R/F1 (Macro): 0.0596/0.1546/0.0778 | LR: 0.000001
Epoch [35/100] | SVD update #35: pairs=440, sweeps=6, converged=True, rel_change=8.792e-04, effective_ranks=(322, 12), class_paired=True
Epoch [35/100] | Loss: 5.8156 (Cls: 5.8171, TAL: -0.0976, Adv: 0.1271, OT-Reg: 0.001416) | OT inner objective: -0.1717 | Marginal residual row/col/max: 3.95e-05/2.48e-08/3.95e-05 | Train Acc: 0.1731 | Val Acc: 0.1130 | Val P/R/F1 (Macro): 0.0866/0.1770/0.0811 | LR: 0.000001
Epoch [36/100] | SVD update #36: pairs=440, sweeps=7, converged=True, rel_change=5.937e-04, effective_ranks=(324, 12), class_paired=True
Epoch [36/100] | Loss: 5.3640 (Cls: 5.3684, TAL: -0.0921, Adv: 0.0823, OT-Reg: 0.001421) | OT inner objective: -0.1295 | Marginal residual row/col/max: 6.45e-05/1.29e-08/6.45e-05 | Train Acc: 0.1779 | Val Acc: 0.0609 | Val P/R/F1 (Macro): 0.0412/0.1182/0.0507 | LR: 0.000001
Epoch [37/100] | SVD update #37: pairs=440, sweeps=4, converged=True, rel_change=2.500e-04, effective_ranks=(321, 12), class_paired=True
Epoch [37/100] | Loss: 5.4556 (Cls: 5.4595, TAL: -0.1010, Adv: 0.1030, OT-Reg: 0.001394) | OT inner objective: -0.1878 | Marginal residual row/col/max: 2.55e-05/1.96e-08/2.55e-05 | Train Acc: 0.2476 | Val Acc: 0.0696 | Val P/R/F1 (Macro): 0.0561/0.1306/0.0624 | LR: 0.000001
Epoch [38/100] | SVD update #38: pairs=440, sweeps=4, converged=True, rel_change=9.158e-04, effective_ranks=(323, 14), class_paired=True
Epoch [38/100] | Loss: 5.3422 (Cls: 5.3727, TAL: -0.3352, Adv: 0.1210, OT-Reg: 0.001466) | OT inner objective: -0.1703 | Marginal residual row/col/max: 7.37e-05/1.09e-08/7.37e-05 | Train Acc: 0.2332 | Val Acc: 0.0870 | Val P/R/F1 (Macro): 0.1334/0.1232/0.0620 | LR: 0.000001
Epoch [39/100] | SVD update #39: pairs=440, sweeps=4, converged=True, rel_change=8.051e-04, effective_ranks=(325, 15), class_paired=True
Epoch [39/100] | Loss: 5.3938 (Cls: 5.4287, TAL: -0.3868, Adv: 0.1430, OT-Reg: 0.001360) | OT inner objective: -0.1052 | Marginal residual row/col/max: 1.37e-04/1.46e-08/1.37e-04 | Train Acc: 0.2644 | Val Acc: 0.1217 | Val P/R/F1 (Macro): 0.1532/0.1464/0.0658 | LR: 0.000001
Epoch [40/100] | SVD update #40: pairs=440, sweeps=10, converged=False, rel_change=8.486e-03, effective_ranks=(325, 15), class_paired=True
Epoch [40/100] | Loss: 5.7318 (Cls: 5.7279, TAL: -0.0528, Adv: 0.1281, OT-Reg: 0.001362) | OT inner objective: -0.1340 | Marginal residual row/col/max: 2.03e-04/2.13e-08/2.03e-04 | Train Acc: 0.1947 | Val Acc: 0.1043 | Val P/R/F1 (Macro): 0.0729/0.1738/0.0894 | LR: 0.000001
Epoch [41/100] | SVD update #41: pairs=440, sweeps=5, converged=True, rel_change=4.838e-04, effective_ranks=(326, 16), class_paired=True
Epoch [41/100] | Loss: 5.6828 (Cls: 5.6833, TAL: -0.0827, Adv: 0.1167, OT-Reg: 0.001383) | OT inner objective: -0.1349 | Marginal residual row/col/max: 1.12e-04/1.60e-08/1.12e-04 | Train Acc: 0.1731 | Val Acc: 0.0870 | Val P/R/F1 (Macro): 0.0718/0.1559/0.0671 | LR: 0.000001
Epoch [42/100] | SVD update #42: pairs=440, sweeps=7, converged=True, rel_change=3.090e-04, effective_ranks=(322, 13), class_paired=True
Epoch [42/100] | Loss: 5.5068 (Cls: 5.5348, TAL: -0.3187, Adv: 0.1281, OT-Reg: 0.001404) | OT inner objective: -0.1067 | Marginal residual row/col/max: 2.43e-05/1.46e-08/2.43e-05 | Train Acc: 0.2548 | Val Acc: 0.0870 | Val P/R/F1 (Macro): 0.1607/0.1661/0.1215 | LR: 0.000001
Epoch [43/100] | SVD update #43: pairs=440, sweeps=5, converged=True, rel_change=5.059e-04, effective_ranks=(322, 12), class_paired=True
Epoch [43/100] | Loss: 5.1603 (Cls: 5.1777, TAL: -0.2397, Adv: 0.1410, OT-Reg: 0.001408) | OT inner objective: -0.0232 | Marginal residual row/col/max: 7.28e-06/1.16e-08/7.28e-06 | Train Acc: 0.2716 | Val Acc: 0.0435 | Val P/R/F1 (Macro): 0.0345/0.0973/0.0488 | LR: 0.000001
Epoch [44/100] | SVD update #44: pairs=440, sweeps=5, converged=True, rel_change=6.342e-04, effective_ranks=(324, 15), class_paired=True
Epoch [44/100] | Loss: 5.2092 (Cls: 5.2362, TAL: -0.3206, Adv: 0.1442, OT-Reg: 0.001368) | OT inner objective: -0.1059 | Marginal residual row/col/max: 6.34e-05/1.92e-08/6.34e-05 | Train Acc: 0.2740 | Val Acc: 0.0348 | Val P/R/F1 (Macro): 0.0063/0.0342/0.0107 | LR: 0.000001
Epoch [45/100] | SVD update #45: pairs=440, sweeps=5, converged=True, rel_change=5.602e-04, effective_ranks=(324, 14), class_paired=True
Epoch [45/100] | Loss: 5.5351 (Cls: 5.5365, TAL: -0.1231, Adv: 0.1663, OT-Reg: 0.001357) | OT inner objective: 0.0049 | Marginal residual row/col/max: 8.83e-07/1.98e-08/8.83e-07 | Train Acc: 0.2308 | Val Acc: 0.1043 | Val P/R/F1 (Macro): 0.0598/0.1287/0.0594 | LR: 0.000001
Epoch [46/100] | SVD update #46: pairs=440, sweeps=10, converged=False, rel_change=9.066e-02, effective_ranks=(322, 15), class_paired=True
Epoch [46/100] | Loss: 5.5706 (Cls: 5.5755, TAL: -0.1888, Adv: 0.2219, OT-Reg: 0.001400) | OT inner objective: -0.1302 | Marginal residual row/col/max: 1.63e-04/1.33e-08/1.63e-04 | Train Acc: 0.2404 | Val Acc: 0.1391 | Val P/R/F1 (Macro): 0.1380/0.1927/0.1323 | LR: 0.000001
Epoch [47/100] | SVD update #47: pairs=440, sweeps=6, converged=True, rel_change=4.830e-04, effective_ranks=(325, 14), class_paired=True
Epoch [47/100] | Loss: 5.7715 (Cls: 5.7569, TAL: -0.0066, Adv: 0.1926, OT-Reg: 0.001367) | OT inner objective: -0.2094 | Marginal residual row/col/max: 2.03e-04/1.39e-08/2.03e-04 | Train Acc: 0.1947 | Val Acc: 0.1043 | Val P/R/F1 (Macro): 0.1690/0.1754/0.1021 | LR: 0.000001
Epoch [48/100] | SVD update #48: pairs=440, sweeps=5, converged=True, rel_change=8.308e-04, effective_ranks=(326, 15), class_paired=True
Epoch [48/100] | Loss: 5.3853 (Cls: 5.3938, TAL: -0.1814, Adv: 0.1662, OT-Reg: 0.001382) | OT inner objective: -0.2132 | Marginal residual row/col/max: 1.57e-04/1.55e-08/1.57e-04 | Train Acc: 0.2620 | Val Acc: 0.0870 | Val P/R/F1 (Macro): 0.1811/0.1715/0.1123 | LR: 0.000001
Epoch [49/100] | SVD update #49: pairs=440, sweeps=5, converged=True, rel_change=2.981e-04, effective_ranks=(322, 14), class_paired=True
Epoch [49/100] | Loss: 5.6294 (Cls: 5.6236, TAL: -0.0841, Adv: 0.1993, OT-Reg: 0.001362) | OT inner objective: -0.2105 | Marginal residual row/col/max: 2.13e-04/1.10e-08/2.13e-04 | Train Acc: 0.2091 | Val Acc: 0.0870 | Val P/R/F1 (Macro): 0.1043/0.1529/0.0828 | LR: 0.000001
Epoch [50/100] | SVD update #50: pairs=440, sweeps=6, converged=True, rel_change=9.464e-04, effective_ranks=(323, 15), class_paired=True
Epoch [50/100] | Loss: 5.4557 (Cls: 5.4601, TAL: -0.1595, Adv: 0.1846, OT-Reg: 0.001323) | OT inner objective: -0.1326 | Marginal residual row/col/max: 1.21e-04/1.98e-08/1.21e-04 | Train Acc: 0.2644 | Val Acc: 0.0783 | Val P/R/F1 (Macro): 0.1195/0.1597/0.1138 | LR: 0.000001
Epoch [51/100] | SVD update #51: pairs=440, sweeps=4, converged=True, rel_change=7.974e-04, effective_ranks=(321, 13), class_paired=True
Epoch [51/100] | Loss: 5.2932 (Cls: 5.2821, TAL: -0.0286, Adv: 0.1813, OT-Reg: 0.001375) | OT inner objective: -0.0872 | Marginal residual row/col/max: 3.03e-05/2.26e-08/3.03e-05 | Train Acc: 0.2957 | Val Acc: 0.0870 | Val P/R/F1 (Macro): 0.1216/0.1870/0.1176 | LR: 0.000001
Epoch [52/100] | SVD update #52: pairs=440, sweeps=4, converged=True, rel_change=9.855e-04, effective_ranks=(323, 15), class_paired=True
Epoch [52/100] | Loss: 5.2310 (Cls: 5.2365, TAL: -0.1699, Adv: 0.1867, OT-Reg: 0.001372) | OT inner objective: -0.1936 | Marginal residual row/col/max: 6.63e-05/1.85e-08/6.63e-05 | Train Acc: 0.3245 | Val Acc: 0.1043 | Val P/R/F1 (Macro): 0.1040/0.1748/0.0971 | LR: 0.000001
Epoch [53/100] | SVD update #53: pairs=440, sweeps=10, converged=False, rel_change=2.815e-03, effective_ranks=(324, 17), class_paired=True
Epoch [53/100] | Loss: 5.5618 (Cls: 5.5357, TAL: 0.0799, Adv: 0.2075, OT-Reg: 0.001410) | OT inner objective: -0.1544 | Marginal residual row/col/max: 2.66e-04/1.49e-08/2.66e-04 | Train Acc: 0.2284 | Val Acc: 0.0870 | Val P/R/F1 (Macro): 0.0481/0.1430/0.0574 | LR: 0.000001
Epoch [54/100] | SVD update #54: pairs=440, sweeps=4, converged=True, rel_change=7.648e-04, effective_ranks=(324, 16), class_paired=True
Epoch [54/100] | Loss: 5.5324 (Cls: 5.5433, TAL: -0.2284, Adv: 0.2059, OT-Reg: 0.001343) | OT inner objective: -0.1897 | Marginal residual row/col/max: 2.00e-04/1.69e-08/2.00e-04 | Train Acc: 0.1947 | Val Acc: 0.0783 | Val P/R/F1 (Macro): 0.1298/0.1591/0.0963 | LR: 0.000001
Epoch [55/100] | SVD update #55: pairs=440, sweeps=10, converged=False, rel_change=4.462e-03, effective_ranks=(320, 15), class_paired=True
Epoch [55/100] | Loss: 5.4302 (Cls: 5.4405, TAL: -0.1926, Adv: 0.1600, OT-Reg: 0.001319) | OT inner objective: -0.1370 | Marginal residual row/col/max: 2.31e-04/2.06e-08/2.31e-04 | Train Acc: 0.1683 | Val Acc: 0.0870 | Val P/R/F1 (Macro): 0.0794/0.1532/0.0892 | LR: 0.000001
Epoch [56/100] | SVD update #56: pairs=440, sweeps=5, converged=True, rel_change=9.231e-04, effective_ranks=(325, 16), class_paired=True
Epoch [56/100] | Loss: 5.4269 (Cls: 5.4319, TAL: -0.1518, Adv: 0.1654, OT-Reg: 0.001376) | OT inner objective: -0.1709 | Marginal residual row/col/max: 1.49e-04/1.98e-08/1.49e-04 | Train Acc: 0.2716 | Val Acc: 0.1652 | Val P/R/F1 (Macro): 0.2070/0.2384/0.1788 | LR: 0.000001
Epoch [57/100] | SVD update #57: pairs=440, sweeps=4, converged=True, rel_change=7.629e-04, effective_ranks=(325, 15), class_paired=True
Epoch [57/100] | Loss: 5.2820 (Cls: 5.2984, TAL: -0.2543, Adv: 0.1752, OT-Reg: 0.001409) | OT inner objective: -0.1708 | Marginal residual row/col/max: 1.60e-04/1.28e-08/1.60e-04 | Train Acc: 0.2356 | Val Acc: 0.1043 | Val P/R/F1 (Macro): 0.0997/0.1787/0.1015 | LR: 0.000001
Epoch [58/100] | SVD update #58: pairs=440, sweeps=7, converged=True, rel_change=1.720e-04, effective_ranks=(324, 15), class_paired=True
Epoch [58/100] | Loss: 5.3216 (Cls: 5.3294, TAL: -0.1962, Adv: 0.1967, OT-Reg: 0.001348) | OT inner objective: -0.1107 | Marginal residual row/col/max: 6.42e-06/1.93e-08/6.42e-06 | Train Acc: 0.2500 | Val Acc: 0.0957 | Val P/R/F1 (Macro): 0.1288/0.1600/0.1200 | LR: 0.000001
Epoch [59/100] | SVD update #59: pairs=440, sweeps=3, converged=True, rel_change=6.453e-04, effective_ranks=(326, 17), class_paired=True
Epoch [59/100] | Loss: 5.4194 (Cls: 5.4342, TAL: -0.2207, Adv: 0.1457, OT-Reg: 0.001385) | OT inner objective: -0.0905 | Marginal residual row/col/max: 8.90e-05/1.50e-08/8.90e-05 | Train Acc: 0.2548 | Val Acc: 0.1913 | Val P/R/F1 (Macro): 0.1584/0.3256/0.1808 | LR: 0.000001
Epoch [60/100] | SVD update #60: pairs=440, sweeps=5, converged=True, rel_change=2.994e-04, effective_ranks=(321, 15), class_paired=True
Epoch [60/100] | Loss: 5.2194 (Cls: 5.2304, TAL: -0.1943, Adv: 0.1547, OT-Reg: 0.001371) | OT inner objective: -0.0363 | Marginal residual row/col/max: 1.34e-05/2.46e-08/1.34e-05 | Train Acc: 0.3221 | Val Acc: 0.1043 | Val P/R/F1 (Macro): 0.1474/0.1923/0.1319 | LR: 0.000001
Epoch [61/100] | SVD update #61: pairs=440, sweeps=3, converged=True, rel_change=9.123e-04, effective_ranks=(323, 16), class_paired=True
Epoch [61/100] | Loss: 5.0187 (Cls: 5.0347, TAL: -0.2521, Adv: 0.1776, OT-Reg: 0.001359) | OT inner objective: -0.1041 | Marginal residual row/col/max: 3.24e-05/1.22e-08/3.25e-05 | Train Acc: 0.3173 | Val Acc: 0.1043 | Val P/R/F1 (Macro): 0.0914/0.2032/0.1164 | LR: 0.000001
Epoch [62/100] | SVD update #62: pairs=440, sweeps=4, converged=True, rel_change=1.907e-04, effective_ranks=(324, 15), class_paired=True
Epoch [62/100] | Loss: 5.3156 (Cls: 5.3171, TAL: -0.1687, Adv: 0.2354, OT-Reg: 0.001346) | OT inner objective: -0.1549 | Marginal residual row/col/max: 2.01e-05/1.93e-08/2.01e-05 | Train Acc: 0.2692 | Val Acc: 0.0783 | Val P/R/F1 (Macro): 0.0552/0.1429/0.0771 | LR: 0.000001
Epoch [63/100] | SVD update #63: pairs=440, sweeps=5, converged=True, rel_change=4.701e-04, effective_ranks=(322, 15), class_paired=True
Epoch [63/100] | Loss: 5.2052 (Cls: 5.2038, TAL: -0.0983, Adv: 0.1642, OT-Reg: 0.001409) | OT inner objective: -0.0693 | Marginal residual row/col/max: 4.55e-05/1.15e-08/4.55e-05 | Train Acc: 0.2188 | Val Acc: 0.0870 | Val P/R/F1 (Macro): 0.0860/0.1453/0.1030 | LR: 0.000001
Epoch [64/100] | SVD update #64: pairs=440, sweeps=4, converged=True, rel_change=1.425e-04, effective_ranks=(323, 15), class_paired=True
Epoch [64/100] | Loss: 5.2209 (Cls: 5.2209, TAL: -0.1215, Adv: 0.1819, OT-Reg: 0.001339) | OT inner objective: -0.1287 | Marginal residual row/col/max: 8.03e-06/1.72e-08/8.03e-06 | Train Acc: 0.3245 | Val Acc: 0.0609 | Val P/R/F1 (Macro): 0.0551/0.1182/0.0723 | LR: 0.000001
Epoch [65/100] | SVD update #65: pairs=440, sweeps=5, converged=True, rel_change=1.306e-04, effective_ranks=(322, 17), class_paired=True
Epoch [65/100] | Loss: 5.3007 (Cls: 5.3248, TAL: -0.3379, Adv: 0.2057, OT-Reg: 0.001360) | OT inner objective: -0.1264 | Marginal residual row/col/max: 3.52e-05/2.03e-08/3.52e-05 | Train Acc: 0.2812 | Val Acc: 0.0696 | Val P/R/F1 (Macro): 0.0517/0.1306/0.0720 | LR: 0.000001
Epoch [66/100] | SVD update #66: pairs=440, sweeps=9, converged=True, rel_change=4.436e-04, effective_ranks=(323, 14), class_paired=True
Epoch [66/100] | Loss: 5.2897 (Cls: 5.2965, TAL: -0.1755, Adv: 0.1788, OT-Reg: 0.001382) | OT inner objective: -0.2337 | Marginal residual row/col/max: 8.60e-05/2.05e-08/8.60e-05 | Train Acc: 0.2115 | Val Acc: 0.0609 | Val P/R/F1 (Macro): 0.0321/0.1326/0.0481 | LR: 0.000001
Epoch [67/100] | SVD update #67: pairs=440, sweeps=7, converged=True, rel_change=4.737e-04, effective_ranks=(321, 15), class_paired=True
Epoch [67/100] | Loss: 5.4817 (Cls: 5.4798, TAL: -0.1506, Adv: 0.2489, OT-Reg: 0.001373) | OT inner objective: -0.1634 | Marginal residual row/col/max: 2.82e-04/1.69e-08/2.82e-04 | Train Acc: 0.2380 | Val Acc: 0.0957 | Val P/R/F1 (Macro): 0.1000/0.1610/0.0897 | LR: 0.000001
Epoch [68/100] | SVD update #68: pairs=440, sweeps=5, converged=True, rel_change=3.891e-04, effective_ranks=(324, 14), class_paired=True
Epoch [68/100] | Loss: 5.3020 (Cls: 5.2922, TAL: -0.0992, Adv: 0.2711, OT-Reg: 0.001401) | OT inner objective: -0.1807 | Marginal residual row/col/max: 2.15e-04/1.26e-08/2.15e-04 | Train Acc: 0.2476 | Val Acc: 0.1130 | Val P/R/F1 (Macro): 0.1244/0.1853/0.1046 | LR: 0.000001
Epoch [69/100] | SVD update #69: pairs=440, sweeps=6, converged=True, rel_change=4.611e-04, effective_ranks=(320, 14), class_paired=True
Epoch [69/100] | Loss: 5.3502 (Cls: 5.3507, TAL: -0.1452, Adv: 0.2114, OT-Reg: 0.001290) | OT inner objective: -0.1854 | Marginal residual row/col/max: 2.86e-04/1.39e-08/2.86e-04 | Train Acc: 0.2428 | Val Acc: 0.1043 | Val P/R/F1 (Macro): 0.0663/0.1590/0.0821 | LR: 0.000001
Epoch [70/100] | SVD update #70: pairs=440, sweeps=6, converged=True, rel_change=9.359e-04, effective_ranks=(323, 15), class_paired=True
Epoch [70/100] | Loss: 5.2440 (Cls: 5.2362, TAL: -0.1141, Adv: 0.2691, OT-Reg: 0.001333) | OT inner objective: -0.0944 | Marginal residual row/col/max: 2.14e-04/1.82e-08/2.14e-04 | Train Acc: 0.2692 | Val Acc: 0.0783 | Val P/R/F1 (Macro): 0.0727/0.1547/0.0849 | LR: 0.000001
Epoch [71/100] | SVD update #71: pairs=440, sweeps=7, converged=True, rel_change=8.201e-04, effective_ranks=(319, 15), class_paired=True
Epoch [71/100] | Loss: 5.2863 (Cls: 5.2774, TAL: -0.1245, Adv: 0.2971, OT-Reg: 0.001331) | OT inner objective: -0.1772 | Marginal residual row/col/max: 1.14e-04/1.40e-08/1.14e-04 | Train Acc: 0.2548 | Val Acc: 0.0957 | Val P/R/F1 (Macro): 0.1208/0.1655/0.0982 | LR: 0.000001
Epoch [72/100] | SVD update #72: pairs=440, sweeps=10, converged=False, rel_change=4.528e-02, effective_ranks=(319, 14), class_paired=True
Epoch [72/100] | Loss: 5.5061 (Cls: 5.4898, TAL: -0.0295, Adv: 0.2480, OT-Reg: 0.001419) | OT inner objective: -0.0051 | Marginal residual row/col/max: 2.15e-05/2.95e-08/2.15e-05 | Train Acc: 0.2428 | Val Acc: 0.1217 | Val P/R/F1 (Macro): 0.1850/0.1886/0.1133 | LR: 0.000001
Epoch [73/100] | SVD update #73: pairs=440, sweeps=6, converged=True, rel_change=2.122e-04, effective_ranks=(324, 16), class_paired=True
Epoch [73/100] | Loss: 5.2128 (Cls: 5.2143, TAL: -0.2083, Adv: 0.2942, OT-Reg: 0.001307) | OT inner objective: -0.1385 | Marginal residual row/col/max: 8.60e-05/3.58e-08/8.60e-05 | Train Acc: 0.3053 | Val Acc: 0.0957 | Val P/R/F1 (Macro): 0.0725/0.1676/0.0962 | LR: 0.000001
Epoch [74/100] | SVD update #74: pairs=440, sweeps=4, converged=True, rel_change=8.240e-04, effective_ranks=(324, 15), class_paired=True
Epoch [74/100] | Loss: 5.1401 (Cls: 5.1390, TAL: -0.1847, Adv: 0.2914, OT-Reg: 0.001314) | OT inner objective: -0.0774 | Marginal residual row/col/max: 2.99e-05/2.87e-08/2.99e-05 | Train Acc: 0.3341 | Val Acc: 0.0696 | Val P/R/F1 (Macro): 0.1045/0.1341/0.0919 | LR: 0.000001
Epoch [75/100] | SVD update #75: pairs=440, sweeps=4, converged=True, rel_change=1.943e-04, effective_ranks=(323, 14), class_paired=True
Epoch [75/100] | Loss: 5.2618 (Cls: 5.2548, TAL: -0.1528, Adv: 0.3167, OT-Reg: 0.001365) | OT inner objective: -0.0813 | Marginal residual row/col/max: 8.69e-05/1.32e-08/8.69e-05 | Train Acc: 0.2957 | Val Acc: 0.1130 | Val P/R/F1 (Macro): 0.1864/0.1956/0.1462 | LR: 0.000001
Epoch [76/100] | SVD update #76: pairs=440, sweeps=4, converged=True, rel_change=3.645e-04, effective_ranks=(325, 15), class_paired=True
Epoch [76/100] | Loss: 5.1645 (Cls: 5.1743, TAL: -0.2374, Adv: 0.2331, OT-Reg: 0.001302) | OT inner objective: -0.1006 | Marginal residual row/col/max: 1.66e-04/1.89e-08/1.66e-04 | Train Acc: 0.2788 | Val Acc: 0.0870 | Val P/R/F1 (Macro): 0.0907/0.1762/0.1061 | LR: 0.000001
Epoch [77/100] | SVD update #77: pairs=440, sweeps=4, converged=True, rel_change=1.451e-04, effective_ranks=(323, 15), class_paired=True
Epoch [77/100] | Loss: 5.1312 (Cls: 5.1491, TAL: -0.3242, Adv: 0.2616, OT-Reg: 0.001359) | OT inner objective: -0.1297 | Marginal residual row/col/max: 3.91e-05/2.26e-08/3.91e-05 | Train Acc: 0.2933 | Val Acc: 0.0957 | Val P/R/F1 (Macro): 0.1565/0.2029/0.1333 | LR: 0.000001
Epoch [78/100] | SVD update #78: pairs=440, sweeps=3, converged=True, rel_change=4.431e-04, effective_ranks=(324, 14), class_paired=True
Epoch [78/100] | Loss: 4.9694 (Cls: 4.9666, TAL: -0.2213, Adv: 0.3675, OT-Reg: 0.001324) | OT inner objective: 0.0034 | Marginal residual row/col/max: 4.06e-06/2.21e-08/4.06e-06 | Train Acc: 0.3029 | Val Acc: 0.1217 | Val P/R/F1 (Macro): 0.1471/0.2141/0.1477 | LR: 0.000001
Epoch [79/100] | SVD update #79: pairs=440, sweeps=3, converged=True, rel_change=5.569e-04, effective_ranks=(322, 16), class_paired=True
Epoch [79/100] | Loss: 5.1456 (Cls: 5.1348, TAL: -0.1306, Adv: 0.3300, OT-Reg: 0.001361) | OT inner objective: -0.0770 | Marginal residual row/col/max: 1.00e-05/1.92e-08/1.00e-05 | Train Acc: 0.3413 | Val Acc: 0.1043 | Val P/R/F1 (Macro): 0.1373/0.1894/0.1333 | LR: 0.000001
Epoch [80/100] | SVD update #80: pairs=440, sweeps=6, converged=True, rel_change=3.532e-04, effective_ranks=(324, 14), class_paired=True
Epoch [80/100] | Loss: 5.1830 (Cls: 5.1708, TAL: -0.1425, Adv: 0.3666, OT-Reg: 0.001328) | OT inner objective: -0.0103 | Marginal residual row/col/max: 1.14e-06/2.35e-08/1.14e-06 | Train Acc: 0.2861 | Val Acc: 0.0609 | Val P/R/F1 (Macro): 0.0369/0.1429/0.0570 | LR: 0.000001
Epoch [81/100] | SVD update #81: pairs=440, sweeps=5, converged=True, rel_change=4.538e-04, effective_ranks=(323, 16), class_paired=True
Epoch [81/100] | Loss: 5.0878 (Cls: 5.0985, TAL: -0.2723, Adv: 0.2748, OT-Reg: 0.001354) | OT inner objective: -0.0342 | Marginal residual row/col/max: 3.73e-06/2.06e-08/3.73e-06 | Train Acc: 0.3365 | Val Acc: 0.0957 | Val P/R/F1 (Macro): 0.0611/0.1391/0.0776 | LR: 0.000001
Epoch [82/100] | SVD update #82: pairs=440, sweeps=5, converged=True, rel_change=1.654e-04, effective_ranks=(326, 15), class_paired=True
Epoch [82/100] | Loss: 5.1668 (Cls: 5.1484, TAL: -0.1279, Adv: 0.4226, OT-Reg: 0.001338) | OT inner objective: -0.0877 | Marginal residual row/col/max: 8.39e-06/2.75e-08/8.39e-06 | Train Acc: 0.3053 | Val Acc: 0.0609 | Val P/R/F1 (Macro): 0.0409/0.1491/0.0639 | LR: 0.000001
Epoch [83/100] | SVD update #83: pairs=440, sweeps=5, converged=True, rel_change=8.983e-04, effective_ranks=(324, 15), class_paired=True
Epoch [83/100] | Loss: 5.1052 (Cls: 5.1042, TAL: -0.2287, Adv: 0.3553, OT-Reg: 0.001328) | OT inner objective: -0.1065 | Marginal residual row/col/max: 2.74e-05/2.41e-08/2.74e-05 | Train Acc: 0.3029 | Val Acc: 0.0957 | Val P/R/F1 (Macro): 0.1177/0.1858/0.0947 | LR: 0.000001
Epoch [84/100] | SVD update #84: pairs=440, sweeps=4, converged=True, rel_change=4.737e-05, effective_ranks=(323, 14), class_paired=True
Epoch [84/100] | Loss: 4.9971 (Cls: 5.0125, TAL: -0.3275, Adv: 0.2986, OT-Reg: 0.001332) | OT inner objective: -0.0960 | Marginal residual row/col/max: 5.46e-05/1.96e-08/5.46e-05 | Train Acc: 0.3486 | Val Acc: 0.0957 | Val P/R/F1 (Macro): 0.1178/0.1709/0.1240 | LR: 0.000001
Epoch [85/100] | SVD update #85: pairs=440, sweeps=4, converged=True, rel_change=5.222e-04, effective_ranks=(324, 18), class_paired=True
Epoch [85/100] | Loss: 5.1945 (Cls: 5.2066, TAL: -0.3012, Adv: 0.3015, OT-Reg: 0.001320) | OT inner objective: -0.0920 | Marginal residual row/col/max: 6.41e-05/1.75e-08/6.41e-05 | Train Acc: 0.3077 | Val Acc: 0.1043 | Val P/R/F1 (Macro): 0.1784/0.1547/0.1280 | LR: 0.000001
Epoch [86/100] | SVD update #86: pairs=440, sweeps=4, converged=True, rel_change=6.714e-04, effective_ranks=(323, 14), class_paired=True
Epoch [86/100] | Loss: 5.0142 (Cls: 5.0038, TAL: -0.2299, Adv: 0.4748, OT-Reg: 0.001315) | OT inner objective: -0.0854 | Marginal residual row/col/max: 6.32e-05/2.45e-08/6.32e-05 | Train Acc: 0.3486 | Val Acc: 0.0870 | Val P/R/F1 (Macro): 0.1663/0.1835/0.1076 | LR: 0.000001
Epoch [87/100] | SVD update #87: pairs=440, sweeps=6, converged=True, rel_change=6.016e-04, effective_ranks=(323, 13), class_paired=True
Epoch [87/100] | Loss: 4.9161 (Cls: 4.9050, TAL: -0.2405, Adv: 0.4993, OT-Reg: 0.001373) | OT inner objective: -0.0838 | Marginal residual row/col/max: 7.14e-07/2.02e-08/7.14e-07 | Train Acc: 0.3413 | Val Acc: 0.0783 | Val P/R/F1 (Macro): 0.0587/0.1676/0.0851 | LR: 0.000001
Epoch [88/100] | SVD update #88: pairs=440, sweeps=6, converged=True, rel_change=2.587e-04, effective_ranks=(323, 17), class_paired=True
Epoch [88/100] | Loss: 5.0564 (Cls: 5.0707, TAL: -0.3104, Adv: 0.2861, OT-Reg: 0.001398) | OT inner objective: -0.1394 | Marginal residual row/col/max: 1.09e-04/1.30e-08/1.09e-04 | Train Acc: 0.3702 | Val Acc: 0.1652 | Val P/R/F1 (Macro): 0.3042/0.2916/0.1791 | LR: 0.000001
Epoch [89/100] | SVD update #89: pairs=440, sweeps=6, converged=True, rel_change=5.090e-04, effective_ranks=(321, 15), class_paired=True
Epoch [89/100] | Loss: 5.1320 (Cls: 5.1318, TAL: -0.2274, Adv: 0.3442, OT-Reg: 0.001393) | OT inner objective: -0.0352 | Marginal residual row/col/max: 3.72e-05/1.50e-08/3.72e-05 | Train Acc: 0.2885 | Val Acc: 0.0696 | Val P/R/F1 (Macro): 0.0575/0.1553/0.0768 | LR: 0.000001
Epoch [90/100] | SVD update #90: pairs=440, sweeps=3, converged=True, rel_change=8.246e-04, effective_ranks=(324, 15), class_paired=True
Epoch [90/100] | Loss: 5.0193 (Cls: 5.0096, TAL: -0.2010, Adv: 0.4232, OT-Reg: 0.001411) | OT inner objective: -0.0454 | Marginal residual row/col/max: 2.12e-05/1.38e-08/2.12e-05 | Train Acc: 0.3534 | Val Acc: 0.0870 | Val P/R/F1 (Macro): 0.0622/0.1800/0.0910 | LR: 0.000001
Epoch [91/100] | SVD update #91: pairs=440, sweeps=7, converged=True, rel_change=8.899e-04, effective_ranks=(324, 14), class_paired=True
Epoch [91/100] | Loss: 5.3875 (Cls: 5.3649, TAL: -0.0460, Adv: 0.3523, OT-Reg: 0.001357) | OT inner objective: -0.0993 | Marginal residual row/col/max: 7.36e-05/1.45e-08/7.36e-05 | Train Acc: 0.2260 | Val Acc: 0.0609 | Val P/R/F1 (Macro): 0.0421/0.1353/0.0559 | LR: 0.000001
Epoch [92/100] | SVD update #92: pairs=440, sweeps=7, converged=True, rel_change=7.588e-04, effective_ranks=(324, 16), class_paired=True
Epoch [92/100] | Loss: 5.4180 (Cls: 5.3983, TAL: -0.0799, Adv: 0.3654, OT-Reg: 0.001425) | OT inner objective: -0.1050 | Marginal residual row/col/max: 6.73e-05/1.36e-08/6.73e-05 | Train Acc: 0.2380 | Val Acc: 0.0435 | Val P/R/F1 (Macro): 0.0507/0.1209/0.0451 | LR: 0.000001
Epoch [93/100] | SVD update #93: pairs=440, sweeps=5, converged=True, rel_change=9.295e-04, effective_ranks=(322, 15), class_paired=True
Epoch [93/100] | Loss: 5.6383 (Cls: 5.6138, TAL: -0.0491, Adv: 0.3791, OT-Reg: 0.001365) | OT inner objective: -0.1928 | Marginal residual row/col/max: 2.78e-04/2.13e-08/2.78e-04 | Train Acc: 0.2236 | Val Acc: 0.0609 | Val P/R/F1 (Macro): 0.0608/0.1326/0.0594 | LR: 0.000001
Epoch [94/100] | SVD update #94: pairs=440, sweeps=6, converged=True, rel_change=3.892e-04, effective_ranks=(324, 16), class_paired=True
Epoch [94/100] | Loss: 5.4177 (Cls: 5.3881, TAL: -0.0299, Adv: 0.4147, OT-Reg: 0.001364) | OT inner objective: -0.1460 | Marginal residual row/col/max: 1.23e-04/1.93e-08/1.23e-04 | Train Acc: 0.2212 | Val Acc: 0.0522 | Val P/R/F1 (Macro): 0.1297/0.1341/0.0615 | LR: 0.000001
Epoch [95/100] | SVD update #95: pairs=440, sweeps=5, converged=True, rel_change=4.725e-04, effective_ranks=(325, 14), class_paired=True
Epoch [95/100] | Loss: 5.5391 (Cls: 5.5283, TAL: -0.1436, Adv: 0.3504, OT-Reg: 0.001378) | OT inner objective: -0.1439 | Marginal residual row/col/max: 1.69e-04/1.65e-08/1.69e-04 | Train Acc: 0.2091 | Val Acc: 0.0696 | Val P/R/F1 (Macro): 0.0748/0.1434/0.0679 | LR: 0.000001
Epoch [96/100] | SVD update #96: pairs=440, sweeps=7, converged=True, rel_change=5.184e-04, effective_ranks=(323, 16), class_paired=True
Epoch [96/100] | Loss: 5.3284 (Cls: 5.3107, TAL: -0.0750, Adv: 0.3338, OT-Reg: 0.001379) | OT inner objective: -0.1649 | Marginal residual row/col/max: 1.17e-04/1.10e-08/1.17e-04 | Train Acc: 0.2668 | Val Acc: 0.1217 | Val P/R/F1 (Macro): 0.1171/0.1736/0.1140 | LR: 0.000001
Epoch [97/100] | SVD update #97: pairs=440, sweeps=6, converged=True, rel_change=9.507e-04, effective_ranks=(327, 16), class_paired=True
Epoch [97/100] | Loss: 5.4385 (Cls: 5.4211, TAL: -0.1207, Adv: 0.3991, OT-Reg: 0.001352) | OT inner objective: -0.1651 | Marginal residual row/col/max: 1.23e-04/1.53e-08/1.23e-04 | Train Acc: 0.1947 | Val Acc: 0.0696 | Val P/R/F1 (Macro): 0.0654/0.1369/0.0622 | LR: 0.000001
Epoch [98/100] | SVD update #98: pairs=440, sweeps=8, converged=True, rel_change=5.614e-04, effective_ranks=(324, 14), class_paired=True
Epoch [98/100] | Loss: 5.2972 (Cls: 5.2857, TAL: -0.1262, Adv: 0.3331, OT-Reg: 0.001339) | OT inner objective: -0.1188 | Marginal residual row/col/max: 7.01e-05/1.20e-08/7.01e-05 | Train Acc: 0.2428 | Val Acc: 0.1130 | Val P/R/F1 (Macro): 0.1074/0.1872/0.1051 | LR: 0.000001
Epoch [99/100] | SVD update #99: pairs=440, sweeps=7, converged=True, rel_change=3.785e-04, effective_ranks=(325, 15), class_paired=True
Epoch [99/100] | Loss: 5.5038 (Cls: 5.4971, TAL: -0.1869, Adv: 0.3640, OT-Reg: 0.001329) | OT inner objective: -0.1243 | Marginal residual row/col/max: 1.28e-04/1.32e-08/1.28e-04 | Train Acc: 0.2404 | Val Acc: 0.0696 | Val P/R/F1 (Macro): 0.0424/0.1430/0.0648 | LR: 0.000001
Epoch [100/100] | SVD update #100: pairs=440, sweeps=10, converged=False, rel_change=2.153e-03, effective_ranks=(319, 14), class_paired=True
Epoch [100/100] | Loss: 5.2569 (Cls: 5.2332, TAL: -0.1643, Adv: 0.5431, OT-Reg: 0.001415) | OT inner objective: -0.0938 | Marginal residual row/col/max: 1.37e-04/1.07e-08/1.37e-04 | Train Acc: 0.2764 | Val Acc: 0.1304 | Val P/R/F1 (Macro): 0.1519/0.2125/0.1251 | LR: 0.000001
Report strategy: best, window=10, reported_acc=0.4696, best_acc=0.4696, selected_epoch=2

迭代 2 报告指标:
  Accuracy: 0.4696
  Precision (Macro): 0.4695
  Recall (Macro): 0.5564
  F1 (Macro): 0.4230
  Precision (Micro): 0.4696
  Recall (Micro): 0.4696
  F1 (Micro): 0.4696
  Val class coverage: 9/14 (0.6429), samples=115

================================================================================
迭代 3/5
随机种子: 44
================================================================================
配对采样器已初始化，共 9 个共有类别。
Training mode: full target-label supervision (class-paired batches).
Feature fusion: Tensor alignment (512+512 -> 16+16); fused_dim=32
Domain adaptation: Neural OT generator with 3-domain discriminator
Loss weights: tensor=0.12, adv=0.08
Transport: mode=sinkhorn, epsilon=0.1, Sinkhorn iterations=50, correction scale=0.1, correction regularization weight=0.001
Tensor projection update: once per epoch from the complete target-training pairing bank; projection_dim=16, max_sweeps=10, relative singular-value tolerance=0.001
Epoch [1/100] | SVD update #1: pairs=440, sweeps=3, converged=True, rel_change=3.524e-05, effective_ranks=(327, 124), class_paired=True
Epoch [1/100] | Loss: 7.5932 (Cls: 7.5966, TAL: -0.2302, Adv: 0.3026, OT-Reg: 0.001593) | OT inner objective: 0.0910 | Marginal residual row/col/max: 1.78e-08/1.76e-08/2.13e-08 | Train Acc: 0.1779 | Val Acc: 0.1391 | Val P/R/F1 (Macro): 0.2433/0.2059/0.1359 | LR: 0.000005
  >>> New Best Val Acc: 0.1391
Epoch [2/100] | SVD update #2: pairs=440, sweeps=10, converged=False, rel_change=4.174e-01, effective_ranks=(327, 68), class_paired=True
Epoch [2/100] | Loss: 7.3338 (Cls: 7.2959, TAL: 0.1487, Adv: 0.2513, OT-Reg: 0.001683) | OT inner objective: 0.1528 | Marginal residual row/col/max: 1.26e-08/1.75e-08/1.78e-08 | Train Acc: 0.2188 | Val Acc: 0.2957 | Val P/R/F1 (Macro): 0.3303/0.2996/0.2250 | LR: 0.000005
  >>> New Best Val Acc: 0.2957
Epoch [3/100] | SVD update #3: pairs=440, sweeps=10, converged=False, rel_change=1.032e-02, effective_ranks=(326, 34), class_paired=True
Epoch [3/100] | Loss: 7.6388 (Cls: 7.6179, TAL: -0.0295, Adv: 0.3053, OT-Reg: 0.001578) | OT inner objective: 0.0211 | Marginal residual row/col/max: 2.43e-06/2.39e-08/2.43e-06 | Train Acc: 0.1010 | Val Acc: 0.1043 | Val P/R/F1 (Macro): 0.1879/0.1342/0.1025 | LR: 0.000005
Epoch [4/100] | SVD update #4: pairs=440, sweeps=5, converged=True, rel_change=2.584e-04, effective_ranks=(325, 18), class_paired=True
Epoch [4/100] | Loss: 7.4217 (Cls: 7.4036, TAL: -0.0263, Adv: 0.2651, OT-Reg: 0.001499) | OT inner objective: -0.0044 | Marginal residual row/col/max: 3.96e-05/1.56e-08/3.96e-05 | Train Acc: 0.1250 | Val Acc: 0.2174 | Val P/R/F1 (Macro): 0.1563/0.2011/0.1611 | LR: 0.000005
Epoch [5/100] | SVD update #5: pairs=440, sweeps=10, converged=False, rel_change=6.095e-03, effective_ranks=(326, 24), class_paired=True
Epoch [5/100] | Loss: 7.0059 (Cls: 6.9957, TAL: -0.1001, Adv: 0.2776, OT-Reg: 0.001382) | OT inner objective: 0.0244 | Marginal residual row/col/max: 3.21e-04/3.85e-08/3.21e-04 | Train Acc: 0.1683 | Val Acc: 0.2783 | Val P/R/F1 (Macro): 0.1681/0.2701/0.1867 | LR: 0.000005
Epoch [6/100] | SVD update #6: pairs=440, sweeps=10, converged=False, rel_change=1.366e-02, effective_ranks=(321, 13), class_paired=True
Epoch [6/100] | Loss: 7.1096 (Cls: 7.1025, TAL: -0.1147, Adv: 0.2611, OT-Reg: 0.001486) | OT inner objective: 0.1109 | Marginal residual row/col/max: 1.15e-05/2.98e-08/1.15e-05 | Train Acc: 0.1514 | Val Acc: 0.1652 | Val P/R/F1 (Macro): 0.1240/0.1733/0.1293 | LR: 0.000005
Epoch [7/100] | SVD update #7: pairs=440, sweeps=10, converged=False, rel_change=6.721e-03, effective_ranks=(324, 17), class_paired=True
Epoch [7/100] | Loss: 6.7269 (Cls: 6.7197, TAL: -0.1102, Adv: 0.2547, OT-Reg: 0.001293) | OT inner objective: -0.0310 | Marginal residual row/col/max: 5.25e-06/3.17e-08/5.25e-06 | Train Acc: 0.1611 | Val Acc: 0.1739 | Val P/R/F1 (Macro): 0.1104/0.2019/0.1267 | LR: 0.000005
Epoch [8/100] | SVD update #8: pairs=440, sweeps=9, converged=True, rel_change=5.340e-04, effective_ranks=(324, 10), class_paired=True
Epoch [8/100] | Loss: 6.7561 (Cls: 6.7556, TAL: -0.1574, Adv: 0.2414, OT-Reg: 0.001299) | OT inner objective: -0.0271 | Marginal residual row/col/max: 3.83e-05/3.21e-08/3.83e-05 | Train Acc: 0.1562 | Val Acc: 0.0957 | Val P/R/F1 (Macro): 0.0617/0.1203/0.0622 | LR: 0.000005
Epoch [9/100] | SVD update #9: pairs=440, sweeps=6, converged=True, rel_change=8.882e-04, effective_ranks=(324, 23), class_paired=True
Epoch [9/100] | Loss: 6.5454 (Cls: 6.5546, TAL: -0.2381, Adv: 0.2422, OT-Reg: 0.001400) | OT inner objective: 0.0290 | Marginal residual row/col/max: 2.09e-07/3.50e-08/2.13e-07 | Train Acc: 0.1562 | Val Acc: 0.2522 | Val P/R/F1 (Macro): 0.1980/0.2767/0.1904 | LR: 0.000005
Epoch [10/100] | SVD update #10: pairs=440, sweeps=6, converged=True, rel_change=2.707e-04, effective_ranks=(318, 15), class_paired=True
Epoch [10/100] | Loss: 6.9010 (Cls: 6.9032, TAL: -0.1830, Adv: 0.2463, OT-Reg: 0.001480) | OT inner objective: -0.1303 | Marginal residual row/col/max: 4.94e-05/2.75e-08/4.94e-05 | Train Acc: 0.1827 | Val Acc: 0.3217 | Val P/R/F1 (Macro): 0.0884/0.1637/0.1084 | LR: 0.000005
  >>> New Best Val Acc: 0.3217
Epoch [11/100] | SVD update #11: pairs=440, sweeps=7, converged=True, rel_change=5.945e-04, effective_ranks=(325, 20), class_paired=True
Epoch [11/100] | Loss: 6.9648 (Cls: 6.9441, TAL: 0.0477, Adv: 0.1864, OT-Reg: 0.001535) | OT inner objective: -0.0830 | Marginal residual row/col/max: 5.10e-05/2.52e-08/5.10e-05 | Train Acc: 0.1635 | Val Acc: 0.2261 | Val P/R/F1 (Macro): 0.3188/0.2577/0.2274 | LR: 0.000005
Epoch [12/100] | SVD update #12: pairs=440, sweeps=10, converged=False, rel_change=4.826e-03, effective_ranks=(323, 23), class_paired=True
Epoch [12/100] | Loss: 6.2677 (Cls: 6.2579, TAL: -0.0672, Adv: 0.2222, OT-Reg: 0.001510) | OT inner objective: 0.0158 | Marginal residual row/col/max: 2.77e-05/2.67e-08/2.77e-05 | Train Acc: 0.2308 | Val Acc: 0.2957 | Val P/R/F1 (Macro): 0.2007/0.2499/0.2142 | LR: 0.000005
Epoch [13/100] | SVD update #13: pairs=440, sweeps=10, converged=True, rel_change=6.170e-04, effective_ranks=(324, 18), class_paired=True
Epoch [13/100] | Loss: 6.2891 (Cls: 6.2895, TAL: -0.1255, Adv: 0.1828, OT-Reg: 0.001423) | OT inner objective: -0.1025 | Marginal residual row/col/max: 9.11e-06/1.06e-08/9.11e-06 | Train Acc: 0.1971 | Val Acc: 0.2174 | Val P/R/F1 (Macro): 0.2159/0.2015/0.1887 | LR: 0.000005
Epoch [14/100] | SVD update #14: pairs=440, sweeps=10, converged=True, rel_change=4.378e-04, effective_ranks=(324, 23), class_paired=True
Epoch [14/100] | Loss: 6.7053 (Cls: 6.6964, TAL: -0.0529, Adv: 0.1908, OT-Reg: 0.001414) | OT inner objective: -0.1185 | Marginal residual row/col/max: 9.18e-05/1.22e-08/9.18e-05 | Train Acc: 0.2380 | Val Acc: 0.1739 | Val P/R/F1 (Macro): 0.1284/0.2433/0.1343 | LR: 0.000005
Epoch [15/100] | SVD update #15: pairs=440, sweeps=7, converged=True, rel_change=7.394e-04, effective_ranks=(322, 15), class_paired=True
Epoch [15/100] | Loss: 6.6040 (Cls: 6.5934, TAL: -0.0237, Adv: 0.1682, OT-Reg: 0.001488) | OT inner objective: -0.0519 | Marginal residual row/col/max: 6.42e-05/2.08e-08/6.42e-05 | Train Acc: 0.2188 | Val Acc: 0.3565 | Val P/R/F1 (Macro): 0.2810/0.3255/0.2666 | LR: 0.000005
  >>> New Best Val Acc: 0.3565
Epoch [16/100] | SVD update #16: pairs=440, sweeps=10, converged=False, rel_change=1.911e-03, effective_ranks=(325, 30), class_paired=True
Epoch [16/100] | Loss: 6.5331 (Cls: 6.5125, TAL: 0.0622, Adv: 0.1635, OT-Reg: 0.001434) | OT inner objective: 0.0790 | Marginal residual row/col/max: 6.16e-05/2.18e-08/6.16e-05 | Train Acc: 0.1707 | Val Acc: 0.2087 | Val P/R/F1 (Macro): 0.2204/0.2283/0.1458 | LR: 0.000005
Epoch [17/100] | SVD update #17: pairs=440, sweeps=10, converged=False, rel_change=6.407e-03, effective_ranks=(322, 17), class_paired=True
Epoch [17/100] | Loss: 6.3107 (Cls: 6.3000, TAL: -0.0293, Adv: 0.1781, OT-Reg: 0.001506) | OT inner objective: -0.1630 | Marginal residual row/col/max: 5.43e-05/9.74e-09/5.43e-05 | Train Acc: 0.2476 | Val Acc: 0.2522 | Val P/R/F1 (Macro): 0.2594/0.3103/0.2261 | LR: 0.000005
Epoch [18/100] | SVD update #18: pairs=440, sweeps=10, converged=False, rel_change=1.204e-03, effective_ranks=(322, 20), class_paired=True
Epoch [18/100] | Loss: 6.5412 (Cls: 6.5427, TAL: -0.1471, Adv: 0.2017, OT-Reg: 0.001384) | OT inner objective: -0.0941 | Marginal residual row/col/max: 7.41e-05/1.38e-08/7.41e-05 | Train Acc: 0.1659 | Val Acc: 0.1217 | Val P/R/F1 (Macro): 0.0812/0.1314/0.0694 | LR: 0.000005
Epoch [19/100] | SVD update #19: pairs=440, sweeps=8, converged=True, rel_change=1.880e-04, effective_ranks=(320, 21), class_paired=True
Epoch [19/100] | Loss: 6.3009 (Cls: 6.2854, TAL: 0.0177, Adv: 0.1664, OT-Reg: 0.001454) | OT inner objective: -0.0416 | Marginal residual row/col/max: 6.19e-05/2.98e-08/6.19e-05 | Train Acc: 0.2476 | Val Acc: 0.3739 | Val P/R/F1 (Macro): 0.2818/0.2906/0.2609 | LR: 0.000005
  >>> New Best Val Acc: 0.3739
Epoch [20/100] | SVD update #20: pairs=440, sweeps=10, converged=False, rel_change=5.409e-02, effective_ranks=(323, 19), class_paired=True
Epoch [20/100] | Loss: 7.5004 (Cls: 7.4930, TAL: -0.0347, Adv: 0.1447, OT-Reg: 0.001368) | OT inner objective: 0.0581 | Marginal residual row/col/max: 2.43e-07/3.87e-08/2.51e-07 | Train Acc: 0.1082 | Val Acc: 0.1043 | Val P/R/F1 (Macro): 0.0568/0.0837/0.0545 | LR: 0.000005
Epoch [21/100] | SVD update #21: pairs=440, sweeps=10, converged=False, rel_change=1.880e-01, effective_ranks=(326, 18), class_paired=True
Epoch [21/100] | Loss: 6.7867 (Cls: 6.7907, TAL: -0.1316, Adv: 0.1480, OT-Reg: 0.001446) | OT inner objective: -0.0225 | Marginal residual row/col/max: 3.58e-05/3.17e-08/3.58e-05 | Train Acc: 0.1394 | Val Acc: 0.2174 | Val P/R/F1 (Macro): 0.2225/0.2076/0.1457 | LR: 0.000005
Epoch [22/100] | SVD update #22: pairs=440, sweeps=4, converged=True, rel_change=8.579e-04, effective_ranks=(319, 12), class_paired=True
Epoch [22/100] | Loss: 6.0278 (Cls: 6.0321, TAL: -0.1458, Adv: 0.1641, OT-Reg: 0.001451) | OT inner objective: -0.0969 | Marginal residual row/col/max: 6.89e-04/3.22e-08/6.89e-04 | Train Acc: 0.2668 | Val Acc: 0.3739 | Val P/R/F1 (Macro): 0.3530/0.4050/0.3474 | LR: 0.000005
Epoch [23/100] | SVD update #23: pairs=440, sweeps=4, converged=True, rel_change=9.160e-04, effective_ranks=(326, 12), class_paired=True
Epoch [23/100] | Loss: 5.5848 (Cls: 5.5970, TAL: -0.2017, Adv: 0.1503, OT-Reg: 0.001539) | OT inner objective: -0.0987 | Marginal residual row/col/max: 2.20e-04/1.50e-08/2.20e-04 | Train Acc: 0.3077 | Val Acc: 0.1565 | Val P/R/F1 (Macro): 0.2212/0.2423/0.1321 | LR: 0.000005
Epoch [24/100] | SVD update #24: pairs=440, sweeps=10, converged=True, rel_change=3.411e-04, effective_ranks=(325, 13), class_paired=True
Epoch [24/100] | Loss: 6.2562 (Cls: 6.2574, TAL: -0.0978, Adv: 0.1322, OT-Reg: 0.001493) | OT inner objective: -0.1719 | Marginal residual row/col/max: 3.93e-05/1.06e-08/3.93e-05 | Train Acc: 0.1611 | Val Acc: 0.4348 | Val P/R/F1 (Macro): 0.2618/0.3154/0.2781 | LR: 0.000005
  >>> New Best Val Acc: 0.4348
Epoch [25/100] | SVD update #25: pairs=440, sweeps=10, converged=False, rel_change=5.793e-03, effective_ranks=(325, 11), class_paired=True
Epoch [25/100] | Loss: 5.8209 (Cls: 5.8503, TAL: -0.3230, Adv: 0.1171, OT-Reg: 0.001420) | OT inner objective: -0.0526 | Marginal residual row/col/max: 1.99e-04/1.40e-08/1.99e-04 | Train Acc: 0.2740 | Val Acc: 0.2435 | Val P/R/F1 (Macro): 0.2978/0.2430/0.1921 | LR: 0.000005
Epoch [26/100] | SVD update #26: pairs=440, sweeps=5, converged=True, rel_change=1.685e-04, effective_ranks=(322, 13), class_paired=True
Epoch [26/100] | Loss: 6.7111 (Cls: 6.7034, TAL: -0.0201, Adv: 0.1267, OT-Reg: 0.001405) | OT inner objective: -0.0766 | Marginal residual row/col/max: 2.70e-05/2.58e-08/2.70e-05 | Train Acc: 0.0625 | Val Acc: 0.2000 | Val P/R/F1 (Macro): 0.0574/0.1004/0.0708 | LR: 0.000005
Epoch [27/100] | SVD update #27: pairs=440, sweeps=10, converged=False, rel_change=2.549e-02, effective_ranks=(326, 15), class_paired=True
Epoch [27/100] | Loss: 6.7431 (Cls: 6.7528, TAL: -0.1716, Adv: 0.1370, OT-Reg: 0.001363) | OT inner objective: -0.0582 | Marginal residual row/col/max: 9.22e-05/2.45e-08/9.22e-05 | Train Acc: 0.1562 | Val Acc: 0.3826 | Val P/R/F1 (Macro): 0.2049/0.2361/0.1985 | LR: 0.000005
Epoch [28/100] | SVD update #28: pairs=440, sweeps=10, converged=False, rel_change=3.528e-03, effective_ranks=(310, 10), class_paired=True
Epoch [28/100] | Loss: 6.9347 (Cls: 6.9162, TAL: 0.0547, Adv: 0.1492, OT-Reg: 0.001499) | OT inner objective: -0.0887 | Marginal residual row/col/max: 9.33e-05/1.23e-08/9.33e-05 | Train Acc: 0.1346 | Val Acc: 0.3652 | Val P/R/F1 (Macro): 0.2035/0.2305/0.1956 | LR: 0.000005
Epoch [29/100] | SVD update #29: pairs=440, sweeps=6, converged=True, rel_change=5.565e-04, effective_ranks=(319, 11), class_paired=True
Epoch [29/100] | Loss: 6.2142 (Cls: 6.2065, TAL: -0.0358, Adv: 0.1495, OT-Reg: 0.001459) | OT inner objective: -0.0966 | Marginal residual row/col/max: 2.64e-04/1.81e-08/2.64e-04 | Train Acc: 0.1683 | Val Acc: 0.0870 | Val P/R/F1 (Macro): 0.0707/0.1219/0.0684 | LR: 0.000005
Epoch [30/100] | SVD update #30: pairs=440, sweeps=8, converged=True, rel_change=7.263e-04, effective_ranks=(327, 18), class_paired=True
Epoch [30/100] | Loss: 6.8072 (Cls: 6.7855, TAL: 0.0976, Adv: 0.1244, OT-Reg: 0.001552) | OT inner objective: -0.1296 | Marginal residual row/col/max: 1.81e-04/2.75e-08/1.81e-04 | Train Acc: 0.1731 | Val Acc: 0.1913 | Val P/R/F1 (Macro): 0.2340/0.1786/0.1792 | LR: 0.000005
Epoch [31/100] | SVD update #31: pairs=440, sweeps=10, converged=False, rel_change=4.688e-01, effective_ranks=(322, 12), class_paired=True
Epoch [31/100] | Loss: 6.1762 (Cls: 6.1631, TAL: 0.0176, Adv: 0.1378, OT-Reg: 0.001517) | OT inner objective: -0.0756 | Marginal residual row/col/max: 1.01e-04/3.20e-08/1.01e-04 | Train Acc: 0.1514 | Val Acc: 0.2348 | Val P/R/F1 (Macro): 0.3276/0.1838/0.1990 | LR: 0.000005
Epoch [32/100] | SVD update #32: pairs=440, sweeps=10, converged=True, rel_change=5.155e-04, effective_ranks=(327, 15), class_paired=True
Epoch [32/100] | Loss: 6.0046 (Cls: 6.0069, TAL: -0.0921, Adv: 0.1098, OT-Reg: 0.001266) | OT inner objective: -0.2390 | Marginal residual row/col/max: 4.70e-04/2.34e-08/4.70e-04 | Train Acc: 0.1947 | Val Acc: 0.2000 | Val P/R/F1 (Macro): 0.1695/0.1926/0.1303 | LR: 0.000005
Epoch [33/100] | SVD update #33: pairs=440, sweeps=10, converged=True, rel_change=2.282e-04, effective_ranks=(322, 13), class_paired=True
Epoch [33/100] | Loss: 6.3835 (Cls: 6.3910, TAL: -0.1346, Adv: 0.1073, OT-Reg: 0.001436) | OT inner objective: -0.2178 | Marginal residual row/col/max: 1.97e-04/2.59e-08/1.97e-04 | Train Acc: 0.1587 | Val Acc: 0.0435 | Val P/R/F1 (Macro): 0.0253/0.0746/0.0235 | LR: 0.000005
Epoch [34/100] | SVD update #34: pairs=440, sweeps=10, converged=False, rel_change=1.342e-02, effective_ranks=(321, 14), class_paired=True
Epoch [34/100] | Loss: 8.1037 (Cls: 8.1049, TAL: -0.0722, Adv: 0.0925, OT-Reg: 0.001396) | OT inner objective: -0.0249 | Marginal residual row/col/max: 3.40e-05/2.87e-08/3.40e-05 | Train Acc: 0.2139 | Val Acc: 0.1043 | Val P/R/F1 (Macro): 0.0833/0.1280/0.0813 | LR: 0.000005
Epoch [35/100] | SVD update #35: pairs=440, sweeps=4, converged=True, rel_change=2.694e-04, effective_ranks=(295, 9), class_paired=True
Epoch [35/100] | Loss: 6.4656 (Cls: 6.4537, TAL: 0.0341, Adv: 0.0972, OT-Reg: 0.001398) | OT inner objective: -0.0583 | Marginal residual row/col/max: 5.04e-04/2.52e-08/5.04e-04 | Train Acc: 0.1587 | Val Acc: 0.1913 | Val P/R/F1 (Macro): 0.1854/0.2254/0.1730 | LR: 0.000003
Epoch [36/100] | SVD update #36: pairs=440, sweeps=6, converged=True, rel_change=4.693e-04, effective_ranks=(321, 10), class_paired=True
Epoch [36/100] | Loss: 6.2970 (Cls: 6.3044, TAL: -0.1605, Adv: 0.1479, OT-Reg: 0.001355) | OT inner objective: -0.2298 | Marginal residual row/col/max: 2.61e-04/1.50e-08/2.61e-04 | Train Acc: 0.2260 | Val Acc: 0.2696 | Val P/R/F1 (Macro): 0.3435/0.3194/0.2248 | LR: 0.000003
Epoch [37/100] | SVD update #37: pairs=440, sweeps=10, converged=True, rel_change=6.274e-04, effective_ranks=(326, 10), class_paired=True
Epoch [37/100] | Loss: 5.8681 (Cls: 5.8653, TAL: -0.0381, Adv: 0.0918, OT-Reg: 0.001450) | OT inner objective: -0.2276 | Marginal residual row/col/max: 1.09e-03/3.84e-08/1.09e-03 | Train Acc: 0.1803 | Val Acc: 0.1478 | Val P/R/F1 (Macro): 0.2122/0.1967/0.1292 | LR: 0.000003
Epoch [38/100] | SVD update #38: pairs=440, sweeps=7, converged=True, rel_change=9.167e-04, effective_ranks=(326, 14), class_paired=True
Epoch [38/100] | Loss: 5.5145 (Cls: 5.5325, TAL: -0.2119, Adv: 0.0924, OT-Reg: 0.001435) | OT inner objective: -0.1872 | Marginal residual row/col/max: 2.02e-04/1.46e-08/2.02e-04 | Train Acc: 0.3149 | Val Acc: 0.2870 | Val P/R/F1 (Macro): 0.3702/0.3406/0.2600 | LR: 0.000003
Epoch [39/100] | SVD update #39: pairs=440, sweeps=10, converged=True, rel_change=7.888e-04, effective_ranks=(325, 16), class_paired=True
Epoch [39/100] | Loss: 5.3370 (Cls: 5.3340, TAL: -0.0535, Adv: 0.1178, OT-Reg: 0.001476) | OT inner objective: -0.0516 | Marginal residual row/col/max: 1.07e-04/1.46e-08/1.07e-04 | Train Acc: 0.3341 | Val Acc: 0.2609 | Val P/R/F1 (Macro): 0.3167/0.2933/0.2434 | LR: 0.000003
Epoch [40/100] | SVD update #40: pairs=440, sweeps=5, converged=True, rel_change=1.900e-04, effective_ranks=(325, 13), class_paired=True
Epoch [40/100] | Loss: 5.6901 (Cls: 5.6970, TAL: -0.1131, Adv: 0.0839, OT-Reg: 0.001490) | OT inner objective: -0.1259 | Marginal residual row/col/max: 2.68e-04/1.88e-08/2.68e-04 | Train Acc: 0.2596 | Val Acc: 0.2087 | Val P/R/F1 (Macro): 0.1988/0.2301/0.1919 | LR: 0.000003
Epoch [41/100] | SVD update #41: pairs=440, sweeps=4, converged=True, rel_change=4.274e-04, effective_ranks=(321, 12), class_paired=True
Epoch [41/100] | Loss: 5.5362 (Cls: 5.5622, TAL: -0.2782, Adv: 0.0920, OT-Reg: 0.001412) | OT inner objective: -0.1993 | Marginal residual row/col/max: 3.12e-04/1.05e-08/3.12e-04 | Train Acc: 0.2404 | Val Acc: 0.1565 | Val P/R/F1 (Macro): 0.1638/0.2166/0.1379 | LR: 0.000003
Epoch [42/100] | SVD update #42: pairs=440, sweeps=10, converged=False, rel_change=1.530e-03, effective_ranks=(324, 12), class_paired=True
Epoch [42/100] | Loss: 5.3316 (Cls: 5.3497, TAL: -0.2107, Adv: 0.0892, OT-Reg: 0.001415) | OT inner objective: -0.1885 | Marginal residual row/col/max: 3.49e-04/1.75e-08/3.49e-04 | Train Acc: 0.2861 | Val Acc: 0.2870 | Val P/R/F1 (Macro): 0.4038/0.3453/0.2718 | LR: 0.000003
Epoch [43/100] | SVD update #43: pairs=440, sweeps=10, converged=False, rel_change=3.287e-03, effective_ranks=(325, 13), class_paired=True
Epoch [43/100] | Loss: 5.4503 (Cls: 5.4542, TAL: -0.0926, Adv: 0.0903, OT-Reg: 0.001459) | OT inner objective: -0.1366 | Marginal residual row/col/max: 1.35e-04/1.65e-08/1.35e-04 | Train Acc: 0.2332 | Val Acc: 0.2957 | Val P/R/F1 (Macro): 0.2001/0.2774/0.1851 | LR: 0.000003
Epoch [44/100] | SVD update #44: pairs=440, sweeps=10, converged=False, rel_change=3.455e-03, effective_ranks=(325, 11), class_paired=True
Epoch [44/100] | Loss: 7.9891 (Cls: 7.9641, TAL: 0.1424, Adv: 0.0987, OT-Reg: 0.001367) | OT inner objective: -0.1078 | Marginal residual row/col/max: 2.72e-05/3.11e-08/2.72e-05 | Train Acc: 0.2452 | Val Acc: 0.0957 | Val P/R/F1 (Macro): 0.0403/0.1753/0.0642 | LR: 0.000003
Epoch [45/100] | SVD update #45: pairs=440, sweeps=7, converged=True, rel_change=2.867e-04, effective_ranks=(325, 14), class_paired=True
Epoch [45/100] | Loss: 6.0643 (Cls: 6.0596, TAL: -0.0281, Adv: 0.1011, OT-Reg: 0.001390) | OT inner objective: -0.1618 | Marginal residual row/col/max: 3.16e-04/1.60e-08/3.16e-04 | Train Acc: 0.1827 | Val Acc: 0.3043 | Val P/R/F1 (Macro): 0.2642/0.2970/0.2035 | LR: 0.000003
Epoch [46/100] | SVD update #46: pairs=440, sweeps=5, converged=True, rel_change=4.233e-04, effective_ranks=(313, 9), class_paired=True
Epoch [46/100] | Loss: 6.2543 (Cls: 6.2869, TAL: -0.3189, Adv: 0.0707, OT-Reg: 0.001369) | OT inner objective: -0.1789 | Marginal residual row/col/max: 1.94e-04/1.56e-08/1.94e-04 | Train Acc: 0.1947 | Val Acc: 0.1043 | Val P/R/F1 (Macro): 0.0843/0.1892/0.0568 | LR: 0.000001
Epoch [47/100] | SVD update #47: pairs=440, sweeps=5, converged=True, rel_change=8.238e-04, effective_ranks=(320, 10), class_paired=True
Epoch [47/100] | Loss: 8.0094 (Cls: 8.0027, TAL: -0.0072, Adv: 0.0949, OT-Reg: 0.001268) | OT inner objective: 0.0162 | Marginal residual row/col/max: 1.73e-05/2.68e-08/1.73e-05 | Train Acc: 0.1010 | Val Acc: 0.0609 | Val P/R/F1 (Macro): 0.0626/0.0538/0.0365 | LR: 0.000001
Epoch [48/100] | SVD update #48: pairs=440, sweeps=7, converged=True, rel_change=6.715e-04, effective_ranks=(322, 10), class_paired=True
Epoch [48/100] | Loss: 7.5077 (Cls: 7.4831, TAL: 0.1540, Adv: 0.0762, OT-Reg: 0.001368) | OT inner objective: 0.0057 | Marginal residual row/col/max: 6.59e-05/3.54e-08/6.59e-05 | Train Acc: 0.1178 | Val Acc: 0.3304 | Val P/R/F1 (Macro): 0.1359/0.1988/0.1502 | LR: 0.000001
Epoch [49/100] | SVD update #49: pairs=440, sweeps=10, converged=True, rel_change=1.172e-04, effective_ranks=(323, 14), class_paired=True
Epoch [49/100] | Loss: 6.8019 (Cls: 6.7890, TAL: 0.0451, Adv: 0.0928, OT-Reg: 0.001153) | OT inner objective: -0.1050 | Marginal residual row/col/max: 4.45e-04/4.86e-08/4.45e-04 | Train Acc: 0.1611 | Val Acc: 0.0870 | Val P/R/F1 (Macro): 0.0968/0.0849/0.0807 | LR: 0.000001
Epoch [50/100] | SVD update #50: pairs=440, sweeps=9, converged=True, rel_change=4.521e-04, effective_ranks=(324, 16), class_paired=True
Epoch [50/100] | Loss: 5.7774 (Cls: 5.8016, TAL: -0.2576, Adv: 0.0842, OT-Reg: 0.001355) | OT inner objective: -0.1670 | Marginal residual row/col/max: 3.32e-04/1.99e-08/3.32e-04 | Train Acc: 0.2332 | Val Acc: 0.1739 | Val P/R/F1 (Macro): 0.2963/0.2138/0.1483 | LR: 0.000001
Epoch [51/100] | SVD update #51: pairs=440, sweeps=10, converged=True, rel_change=5.812e-04, effective_ranks=(324, 18), class_paired=True
Epoch [51/100] | Loss: 5.7871 (Cls: 5.7820, TAL: -0.0197, Adv: 0.0939, OT-Reg: 0.001361) | OT inner objective: -0.1665 | Marginal residual row/col/max: 8.63e-05/2.21e-08/8.63e-05 | Train Acc: 0.2139 | Val Acc: 0.2870 | Val P/R/F1 (Macro): 0.1388/0.2170/0.1635 | LR: 0.000001
Epoch [52/100] | SVD update #52: pairs=440, sweeps=10, converged=False, rel_change=1.684e-02, effective_ranks=(322, 10), class_paired=True
Epoch [52/100] | Loss: 6.6993 (Cls: 6.6909, TAL: -0.0076, Adv: 0.1160, OT-Reg: 0.001264) | OT inner objective: -0.0234 | Marginal residual row/col/max: 8.64e-06/4.44e-08/8.65e-06 | Train Acc: 0.1130 | Val Acc: 0.2609 | Val P/R/F1 (Macro): 0.1405/0.1853/0.1467 | LR: 0.000001
Epoch [53/100] | SVD update #53: pairs=440, sweeps=10, converged=True, rel_change=8.592e-04, effective_ranks=(325, 14), class_paired=True
Epoch [53/100] | Loss: 7.3343 (Cls: 7.3035, TAL: 0.1850, Adv: 0.1070, OT-Reg: 0.001359) | OT inner objective: 0.0705 | Marginal residual row/col/max: 2.78e-07/1.78e-08/2.83e-07 | Train Acc: 0.2212 | Val Acc: 0.1304 | Val P/R/F1 (Macro): 0.0833/0.1110/0.0810 | LR: 0.000001
Epoch [54/100] | SVD update #54: pairs=440, sweeps=10, converged=False, rel_change=1.038e-01, effective_ranks=(327, 25), class_paired=True
Epoch [54/100] | Loss: 6.0269 (Cls: 6.0153, TAL: 0.0334, Adv: 0.0946, OT-Reg: 0.001297) | OT inner objective: 0.0579 | Marginal residual row/col/max: 9.71e-05/3.12e-08/9.71e-05 | Train Acc: 0.2019 | Val Acc: 0.3478 | Val P/R/F1 (Macro): 0.2724/0.3214/0.2608 | LR: 0.000001
Epoch [55/100] | SVD update #55: pairs=440, sweeps=10, converged=False, rel_change=2.501e-03, effective_ranks=(324, 14), class_paired=True
Epoch [55/100] | Loss: 5.7399 (Cls: 5.7425, TAL: -0.0918, Adv: 0.1060, OT-Reg: 0.001255) | OT inner objective: -0.1170 | Marginal residual row/col/max: 2.38e-04/1.86e-08/2.38e-04 | Train Acc: 0.2091 | Val Acc: 0.1478 | Val P/R/F1 (Macro): 0.1489/0.1473/0.1032 | LR: 0.000001
Epoch [56/100] | SVD update #56: pairs=440, sweeps=10, converged=False, rel_change=3.624e-02, effective_ranks=(326, 11), class_paired=True
Epoch [56/100] | Loss: 6.6887 (Cls: 6.6776, TAL: 0.0383, Adv: 0.0818, OT-Reg: 0.001319) | OT inner objective: -0.0203 | Marginal residual row/col/max: 1.39e-06/2.85e-08/1.39e-06 | Train Acc: 0.1154 | Val Acc: 0.1043 | Val P/R/F1 (Macro): 0.0579/0.0842/0.0584 | LR: 0.000001
Epoch [57/100] | SVD update #57: pairs=440, sweeps=10, converged=False, rel_change=8.684e-02, effective_ranks=(326, 17), class_paired=True
Epoch [57/100] | Loss: 7.8378 (Cls: 7.8279, TAL: 0.0202, Adv: 0.0934, OT-Reg: 0.001406) | OT inner objective: -0.1663 | Marginal residual row/col/max: 1.47e-04/1.40e-08/1.47e-04 | Train Acc: 0.1635 | Val Acc: 0.2174 | Val P/R/F1 (Macro): 0.1165/0.1263/0.1036 | LR: 0.000001
Epoch [58/100] | SVD update #58: pairs=440, sweeps=10, converged=False, rel_change=3.178e-03, effective_ranks=(325, 22), class_paired=True
Epoch [58/100] | Loss: 6.4202 (Cls: 6.4143, TAL: -0.0215, Adv: 0.1054, OT-Reg: 0.001521) | OT inner objective: 0.0252 | Marginal residual row/col/max: 3.42e-05/3.51e-08/3.42e-05 | Train Acc: 0.1611 | Val Acc: 0.1826 | Val P/R/F1 (Macro): 0.1247/0.1499/0.1160 | LR: 0.000001
Epoch [59/100] | SVD update #59: pairs=440, sweeps=10, converged=False, rel_change=1.104e-01, effective_ranks=(326, 19), class_paired=True
Epoch [59/100] | Loss: 7.4043 (Cls: 7.4045, TAL: -0.0616, Adv: 0.0909, OT-Reg: 0.001143) | OT inner objective: -0.1153 | Marginal residual row/col/max: 6.59e-04/3.48e-08/6.59e-04 | Train Acc: 0.1538 | Val Acc: 0.2000 | Val P/R/F1 (Macro): 0.2362/0.1999/0.1726 | LR: 0.000001
Epoch [60/100] | SVD update #60: pairs=440, sweeps=10, converged=False, rel_change=1.574e-01, effective_ranks=(319, 17), class_paired=True
Epoch [60/100] | Loss: 8.1446 (Cls: 8.1359, TAL: 0.0016, Adv: 0.1069, OT-Reg: 0.001204) | OT inner objective: -0.0097 | Marginal residual row/col/max: 2.98e-05/3.20e-08/2.98e-05 | Train Acc: 0.1923 | Val Acc: 0.1043 | Val P/R/F1 (Macro): 0.2134/0.1905/0.1205 | LR: 0.000001
Epoch [61/100] | SVD update #61: pairs=440, sweeps=10, converged=False, rel_change=1.441e-03, effective_ranks=(326, 16), class_paired=True
Epoch [61/100] | Loss: 7.5857 (Cls: 7.5868, TAL: -0.0632, Adv: 0.0811, OT-Reg: 0.001204) | OT inner objective: -0.0064 | Marginal residual row/col/max: 1.76e-04/5.27e-08/1.76e-04 | Train Acc: 0.1490 | Val Acc: 0.1826 | Val P/R/F1 (Macro): 0.1899/0.2175/0.1915 | LR: 0.000001
Epoch [62/100] | SVD update #62: pairs=440, sweeps=10, converged=False, rel_change=1.405e-03, effective_ranks=(327, 16), class_paired=True
Epoch [62/100] | Loss: 7.6286 (Cls: 7.6267, TAL: -0.0486, Adv: 0.0968, OT-Reg: 0.001411) | OT inner objective: 0.0543 | Marginal residual row/col/max: 7.12e-05/2.52e-08/7.12e-05 | Train Acc: 0.1466 | Val Acc: 0.1826 | Val P/R/F1 (Macro): 0.0603/0.0971/0.0731 | LR: 0.000001
Epoch [63/100] | SVD update #63: pairs=440, sweeps=10, converged=False, rel_change=1.814e-02, effective_ranks=(326, 13), class_paired=True
Epoch [63/100] | Loss: 7.6604 (Cls: 7.6783, TAL: -0.2203, Adv: 0.1061, OT-Reg: 0.001416) | OT inner objective: -0.0591 | Marginal residual row/col/max: 7.93e-05/2.55e-08/7.93e-05 | Train Acc: 0.1082 | Val Acc: 0.2783 | Val P/R/F1 (Macro): 0.0951/0.1585/0.1164 | LR: 0.000001
Epoch [64/100] | SVD update #64: pairs=440, sweeps=5, converged=True, rel_change=2.950e-04, effective_ranks=(326, 15), class_paired=True
Epoch [64/100] | Loss: 7.4963 (Cls: 7.4934, TAL: -0.0280, Adv: 0.0782, OT-Reg: 0.001336) | OT inner objective: -0.0248 | Marginal residual row/col/max: 6.97e-06/3.18e-08/6.97e-06 | Train Acc: 0.1082 | Val Acc: 0.0870 | Val P/R/F1 (Macro): 0.0520/0.0865/0.0504 | LR: 0.000001
Epoch [65/100] | SVD update #65: pairs=440, sweeps=6, converged=True, rel_change=4.086e-04, effective_ranks=(324, 14), class_paired=True
Epoch [65/100] | Loss: 7.5159 (Cls: 7.5144, TAL: -0.0328, Adv: 0.0687, OT-Reg: 0.001443) | OT inner objective: -0.0452 | Marginal residual row/col/max: 2.88e-05/1.68e-08/2.88e-05 | Train Acc: 0.0889 | Val Acc: 0.0435 | Val P/R/F1 (Macro): 0.0839/0.0592/0.0350 | LR: 0.000001
Epoch [66/100] | SVD update #66: pairs=440, sweeps=10, converged=True, rel_change=8.786e-04, effective_ranks=(318, 17), class_paired=True
Epoch [66/100] | Loss: 7.1159 (Cls: 7.1073, TAL: -0.0058, Adv: 0.1152, OT-Reg: 0.001486) | OT inner objective: 0.0722 | Marginal residual row/col/max: 6.92e-08/2.02e-08/7.42e-08 | Train Acc: 0.1394 | Val Acc: 0.1304 | Val P/R/F1 (Macro): 0.0562/0.1332/0.0754 | LR: 0.000001
Epoch [67/100] | SVD update #67: pairs=440, sweeps=6, converged=True, rel_change=3.406e-04, effective_ranks=(323, 15), class_paired=True
Epoch [67/100] | Loss: 7.0105 (Cls: 7.0136, TAL: -0.0814, Adv: 0.0839, OT-Reg: 0.001462) | OT inner objective: -0.1706 | Marginal residual row/col/max: 7.64e-06/1.78e-08/7.64e-06 | Train Acc: 0.1082 | Val Acc: 0.0783 | Val P/R/F1 (Macro): 0.0768/0.0844/0.0680 | LR: 0.000001
Epoch [68/100] | SVD update #68: pairs=440, sweeps=7, converged=True, rel_change=8.552e-04, effective_ranks=(321, 15), class_paired=True
Epoch [68/100] | Loss: 6.9954 (Cls: 7.0061, TAL: -0.1418, Adv: 0.0793, OT-Reg: 0.001412) | OT inner objective: -0.0565 | Marginal residual row/col/max: 2.23e-05/1.10e-08/2.23e-05 | Train Acc: 0.1226 | Val Acc: 0.1217 | Val P/R/F1 (Macro): 0.1009/0.0754/0.0758 | LR: 0.000001
Epoch [69/100] | SVD update #69: pairs=440, sweeps=5, converged=True, rel_change=2.750e-04, effective_ranks=(325, 15), class_paired=True
Epoch [69/100] | Loss: 6.8645 (Cls: 6.8858, TAL: -0.2717, Adv: 0.1411, OT-Reg: 0.001491) | OT inner objective: -0.0717 | Marginal residual row/col/max: 7.71e-05/3.45e-08/7.71e-05 | Train Acc: 0.2115 | Val Acc: 0.0957 | Val P/R/F1 (Macro): 0.1361/0.1757/0.1076 | LR: 0.000001
Epoch [70/100] | SVD update #70: pairs=440, sweeps=6, converged=True, rel_change=7.224e-04, effective_ranks=(323, 15), class_paired=True
Epoch [70/100] | Loss: 6.9886 (Cls: 7.0125, TAL: -0.2463, Adv: 0.0703, OT-Reg: 0.001346) | OT inner objective: -0.2397 | Marginal residual row/col/max: 2.70e-04/2.64e-08/2.70e-04 | Train Acc: 0.1106 | Val Acc: 0.2348 | Val P/R/F1 (Macro): 0.1332/0.1325/0.1069 | LR: 0.000001
Epoch [71/100] | SVD update #71: pairs=440, sweeps=8, converged=True, rel_change=5.695e-04, effective_ranks=(326, 14), class_paired=True
Epoch [71/100] | Loss: 6.9588 (Cls: 6.9688, TAL: -0.1595, Adv: 0.1143, OT-Reg: 0.001461) | OT inner objective: -0.2251 | Marginal residual row/col/max: 5.23e-05/1.53e-08/5.23e-05 | Train Acc: 0.1154 | Val Acc: 0.1652 | Val P/R/F1 (Macro): 0.2173/0.1077/0.1169 | LR: 0.000001
Epoch [72/100] | SVD update #72: pairs=440, sweeps=8, converged=True, rel_change=5.755e-04, effective_ranks=(319, 16), class_paired=True
Epoch [72/100] | Loss: 6.9147 (Cls: 6.9186, TAL: -0.0911, Adv: 0.0889, OT-Reg: 0.001436) | OT inner objective: -0.0652 | Marginal residual row/col/max: 1.14e-04/1.68e-08/1.14e-04 | Train Acc: 0.1250 | Val Acc: 0.1565 | Val P/R/F1 (Macro): 0.1132/0.1230/0.1118 | LR: 0.000001
Epoch [73/100] | SVD update #73: pairs=440, sweeps=5, converged=True, rel_change=2.820e-04, effective_ranks=(323, 16), class_paired=True
Epoch [73/100] | Loss: 6.8571 (Cls: 6.8863, TAL: -0.3244, Adv: 0.1221, OT-Reg: 0.001468) | OT inner objective: -0.1504 | Marginal residual row/col/max: 4.92e-05/1.52e-08/4.92e-05 | Train Acc: 0.1322 | Val Acc: 0.0957 | Val P/R/F1 (Macro): 0.1729/0.0973/0.0992 | LR: 0.000001
Epoch [74/100] | SVD update #74: pairs=440, sweeps=5, converged=True, rel_change=5.247e-04, effective_ranks=(324, 14), class_paired=True
Epoch [74/100] | Loss: 6.8080 (Cls: 6.8302, TAL: -0.2458, Adv: 0.0916, OT-Reg: 0.001549) | OT inner objective: -0.1408 | Marginal residual row/col/max: 2.17e-05/1.58e-08/2.17e-05 | Train Acc: 0.1538 | Val Acc: 0.1652 | Val P/R/F1 (Macro): 0.1352/0.1533/0.1412 | LR: 0.000001
Epoch [75/100] | SVD update #75: pairs=440, sweeps=5, converged=True, rel_change=1.498e-04, effective_ranks=(322, 14), class_paired=True
Epoch [75/100] | Loss: 6.8579 (Cls: 6.8626, TAL: -0.1131, Adv: 0.1107, OT-Reg: 0.001475) | OT inner objective: -0.2277 | Marginal residual row/col/max: 7.23e-05/2.71e-08/7.23e-05 | Train Acc: 0.1154 | Val Acc: 0.2000 | Val P/R/F1 (Macro): 0.1154/0.1233/0.1067 | LR: 0.000001
Epoch [76/100] | SVD update #76: pairs=440, sweeps=6, converged=True, rel_change=7.796e-04, effective_ranks=(325, 15), class_paired=True
Epoch [76/100] | Loss: 6.7383 (Cls: 6.7403, TAL: -0.0653, Adv: 0.0732, OT-Reg: 0.001528) | OT inner objective: -0.1198 | Marginal residual row/col/max: 4.74e-05/1.16e-08/4.74e-05 | Train Acc: 0.1490 | Val Acc: 0.1478 | Val P/R/F1 (Macro): 0.3045/0.1504/0.1705 | LR: 0.000001
Epoch [77/100] | SVD update #77: pairs=440, sweeps=10, converged=False, rel_change=3.299e-03, effective_ranks=(324, 16), class_paired=True
Epoch [77/100] | Loss: 6.7996 (Cls: 6.7884, TAL: 0.0366, Adv: 0.0843, OT-Reg: 0.001426) | OT inner objective: -0.1487 | Marginal residual row/col/max: 6.73e-05/1.81e-08/6.73e-05 | Train Acc: 0.0793 | Val Acc: 0.1739 | Val P/R/F1 (Macro): 0.0501/0.0831/0.0625 | LR: 0.000001
Epoch [78/100] | SVD update #78: pairs=440, sweeps=7, converged=True, rel_change=5.167e-04, effective_ranks=(323, 14), class_paired=True
Epoch [78/100] | Loss: 6.7245 (Cls: 6.7354, TAL: -0.1521, Adv: 0.0912, OT-Reg: 0.001420) | OT inner objective: -0.2364 | Marginal residual row/col/max: 1.80e-04/1.39e-08/1.80e-04 | Train Acc: 0.1346 | Val Acc: 0.2087 | Val P/R/F1 (Macro): 0.1283/0.1343/0.1037 | LR: 0.000001
Epoch [79/100] | SVD update #79: pairs=440, sweeps=7, converged=True, rel_change=6.027e-04, effective_ranks=(323, 16), class_paired=True
Epoch [79/100] | Loss: 6.8186 (Cls: 6.8069, TAL: -0.0261, Adv: 0.1852, OT-Reg: 0.001485) | OT inner objective: -0.1302 | Marginal residual row/col/max: 9.07e-05/1.91e-08/9.07e-05 | Train Acc: 0.1202 | Val Acc: 0.1043 | Val P/R/F1 (Macro): 0.1580/0.1528/0.0987 | LR: 0.000001
Epoch [80/100] | SVD update #80: pairs=440, sweeps=4, converged=True, rel_change=5.573e-04, effective_ranks=(324, 13), class_paired=True
Epoch [80/100] | Loss: 6.6896 (Cls: 6.7090, TAL: -0.2121, Adv: 0.0759, OT-Reg: 0.001515) | OT inner objective: -0.2607 | Marginal residual row/col/max: 3.20e-04/2.06e-08/3.20e-04 | Train Acc: 0.1370 | Val Acc: 0.1391 | Val P/R/F1 (Macro): 0.0717/0.1049/0.0837 | LR: 0.000001
Epoch [81/100] | SVD update #81: pairs=440, sweeps=5, converged=True, rel_change=7.921e-04, effective_ranks=(321, 13), class_paired=True
Epoch [81/100] | Loss: 6.8364 (Cls: 6.8439, TAL: -0.1336, Adv: 0.1070, OT-Reg: 0.001444) | OT inner objective: -0.1942 | Marginal residual row/col/max: 2.07e-04/2.44e-08/2.07e-04 | Train Acc: 0.0938 | Val Acc: 0.1043 | Val P/R/F1 (Macro): 0.1322/0.0614/0.0752 | LR: 0.000001
Epoch [82/100] | SVD update #82: pairs=440, sweeps=5, converged=True, rel_change=3.620e-04, effective_ranks=(322, 13), class_paired=True
Epoch [82/100] | Loss: 6.7496 (Cls: 6.7697, TAL: -0.2117, Adv: 0.0668, OT-Reg: 0.001465) | OT inner objective: -0.2239 | Marginal residual row/col/max: 2.67e-04/2.09e-08/2.67e-04 | Train Acc: 0.1490 | Val Acc: 0.2261 | Val P/R/F1 (Macro): 0.1144/0.1733/0.1317 | LR: 0.000001
Epoch [83/100] | SVD update #83: pairs=440, sweeps=6, converged=True, rel_change=2.849e-04, effective_ranks=(320, 13), class_paired=True
Epoch [83/100] | Loss: 6.8253 (Cls: 6.8278, TAL: -0.0911, Adv: 0.1060, OT-Reg: 0.001476) | OT inner objective: -0.0990 | Marginal residual row/col/max: 1.06e-04/2.67e-08/1.06e-04 | Train Acc: 0.0938 | Val Acc: 0.1217 | Val P/R/F1 (Macro): 0.0330/0.0961/0.0480 | LR: 0.000001
Epoch [84/100] | SVD update #84: pairs=440, sweeps=4, converged=True, rel_change=9.786e-04, effective_ranks=(315, 13), class_paired=True
Epoch [84/100] | Loss: 6.7481 (Cls: 6.7643, TAL: -0.2277, Adv: 0.1390, OT-Reg: 0.001441) | OT inner objective: -0.1572 | Marginal residual row/col/max: 2.43e-04/2.62e-08/2.43e-04 | Train Acc: 0.1514 | Val Acc: 0.0783 | Val P/R/F1 (Macro): 0.0612/0.1396/0.0820 | LR: 0.000001
Epoch [85/100] | SVD update #85: pairs=440, sweeps=5, converged=True, rel_change=2.009e-04, effective_ranks=(319, 14), class_paired=True
Epoch [85/100] | Loss: 6.7889 (Cls: 6.7951, TAL: -0.0874, Adv: 0.0536, OT-Reg: 0.001389) | OT inner objective: -0.2390 | Marginal residual row/col/max: 6.31e-04/2.29e-08/6.31e-04 | Train Acc: 0.1154 | Val Acc: 0.0870 | Val P/R/F1 (Macro): 0.0749/0.0892/0.0569 | LR: 0.000001
Epoch [86/100] | SVD update #86: pairs=440, sweeps=4, converged=True, rel_change=6.266e-04, effective_ranks=(313, 13), class_paired=True
Epoch [86/100] | Loss: 6.7582 (Cls: 6.7767, TAL: -0.2238, Adv: 0.1044, OT-Reg: 0.001458) | OT inner objective: -0.1922 | Marginal residual row/col/max: 5.06e-04/2.61e-08/5.06e-04 | Train Acc: 0.1130 | Val Acc: 0.0957 | Val P/R/F1 (Macro): 0.0416/0.0706/0.0448 | LR: 0.000001
Epoch [87/100] | SVD update #87: pairs=440, sweeps=4, converged=True, rel_change=3.682e-04, effective_ranks=(320, 13), class_paired=True
Epoch [87/100] | Loss: 6.7169 (Cls: 6.7481, TAL: -0.3116, Adv: 0.0780, OT-Reg: 0.001460) | OT inner objective: -0.1828 | Marginal residual row/col/max: 3.26e-04/2.97e-08/3.26e-04 | Train Acc: 0.1106 | Val Acc: 0.1217 | Val P/R/F1 (Macro): 0.0597/0.1369/0.0803 | LR: 0.000001
Epoch [88/100] | SVD update #88: pairs=440, sweeps=3, converged=True, rel_change=7.003e-04, effective_ranks=(310, 13), class_paired=True
Epoch [88/100] | Loss: 6.6049 (Cls: 6.6306, TAL: -0.2806, Adv: 0.0995, OT-Reg: 0.001548) | OT inner objective: -0.1308 | Marginal residual row/col/max: 2.70e-04/3.04e-08/2.70e-04 | Train Acc: 0.1418 | Val Acc: 0.0870 | Val P/R/F1 (Macro): 0.0623/0.0899/0.0702 | LR: 0.000001
Epoch [89/100] | SVD update #89: pairs=440, sweeps=4, converged=True, rel_change=4.743e-04, effective_ranks=(313, 13), class_paired=True
Epoch [89/100] | Loss: 6.7380 (Cls: 6.7387, TAL: -0.0918, Adv: 0.1281, OT-Reg: 0.001446) | OT inner objective: -0.2070 | Marginal residual row/col/max: 3.11e-04/2.01e-08/3.11e-04 | Train Acc: 0.1466 | Val Acc: 0.0522 | Val P/R/F1 (Macro): 0.0322/0.0441/0.0317 | LR: 0.000001
Epoch [90/100] | SVD update #90: pairs=440, sweeps=4, converged=True, rel_change=5.387e-04, effective_ranks=(316, 13), class_paired=True
Epoch [90/100] | Loss: 6.8172 (Cls: 6.8073, TAL: 0.0143, Adv: 0.1025, OT-Reg: 0.001413) | OT inner objective: -0.2538 | Marginal residual row/col/max: 3.28e-04/1.78e-08/3.28e-04 | Train Acc: 0.1298 | Val Acc: 0.1217 | Val P/R/F1 (Macro): 0.0573/0.0824/0.0635 | LR: 0.000001
Epoch [91/100] | SVD update #91: pairs=440, sweeps=6, converged=True, rel_change=6.617e-04, effective_ranks=(313, 12), class_paired=True
Epoch [91/100] | Loss: 6.9057 (Cls: 6.9045, TAL: -0.0525, Adv: 0.0938, OT-Reg: 0.001428) | OT inner objective: -0.1646 | Marginal residual row/col/max: 3.99e-04/2.91e-08/3.99e-04 | Train Acc: 0.1250 | Val Acc: 0.1130 | Val P/R/F1 (Macro): 0.1055/0.1112/0.0895 | LR: 0.000001
Epoch [92/100] | SVD update #92: pairs=440, sweeps=4, converged=True, rel_change=6.011e-04, effective_ranks=(313, 12), class_paired=True
Epoch [92/100] | Loss: 6.6592 (Cls: 6.6766, TAL: -0.2513, Adv: 0.1591, OT-Reg: 0.001403) | OT inner objective: -0.2455 | Marginal residual row/col/max: 1.44e-04/1.85e-08/1.44e-04 | Train Acc: 0.1466 | Val Acc: 0.0696 | Val P/R/F1 (Macro): 0.0390/0.0562/0.0410 | LR: 0.000001
Epoch [93/100] | SVD update #93: pairs=440, sweeps=4, converged=True, rel_change=1.942e-04, effective_ranks=(313, 11), class_paired=True
Epoch [93/100] | Loss: 6.5412 (Cls: 6.5461, TAL: -0.1529, Adv: 0.1675, OT-Reg: 0.001461) | OT inner objective: -0.2025 | Marginal residual row/col/max: 3.13e-04/2.56e-08/3.13e-04 | Train Acc: 0.1466 | Val Acc: 0.0696 | Val P/R/F1 (Macro): 0.0449/0.0835/0.0560 | LR: 0.000001
Epoch [94/100] | SVD update #94: pairs=440, sweeps=4, converged=True, rel_change=3.294e-04, effective_ranks=(313, 12), class_paired=True
Epoch [94/100] | Loss: 6.6953 (Cls: 6.7178, TAL: -0.2562, Adv: 0.1021, OT-Reg: 0.001508) | OT inner objective: -0.2574 | Marginal residual row/col/max: 3.76e-04/3.12e-08/3.76e-04 | Train Acc: 0.1106 | Val Acc: 0.1043 | Val P/R/F1 (Macro): 0.0408/0.0755/0.0514 | LR: 0.000001
Epoch [95/100] | SVD update #95: pairs=440, sweeps=4, converged=True, rel_change=2.252e-04, effective_ranks=(311, 12), class_paired=True
Epoch [95/100] | Loss: 6.5399 (Cls: 6.5641, TAL: -0.2778, Adv: 0.1144, OT-Reg: 0.001419) | OT inner objective: -0.2352 | Marginal residual row/col/max: 2.90e-04/3.27e-08/2.90e-04 | Train Acc: 0.1370 | Val Acc: 0.0957 | Val P/R/F1 (Macro): 0.0294/0.0726/0.0417 | LR: 0.000001
Epoch [96/100] | SVD update #96: pairs=440, sweeps=4, converged=True, rel_change=1.793e-04, effective_ranks=(307, 12), class_paired=True
Epoch [96/100] | Loss: 6.5472 (Cls: 6.5639, TAL: -0.2201, Adv: 0.1206, OT-Reg: 0.001494) | OT inner objective: -0.2667 | Marginal residual row/col/max: 2.57e-04/1.63e-08/2.57e-04 | Train Acc: 0.1346 | Val Acc: 0.0696 | Val P/R/F1 (Macro): 0.0605/0.0945/0.0607 | LR: 0.000001
Epoch [97/100] | SVD update #97: pairs=440, sweeps=7, converged=True, rel_change=3.023e-04, effective_ranks=(315, 12), class_paired=True
Epoch [97/100] | Loss: 6.6452 (Cls: 6.6616, TAL: -0.2151, Adv: 0.1171, OT-Reg: 0.001423) | OT inner objective: -0.1801 | Marginal residual row/col/max: 4.10e-04/2.92e-08/4.10e-04 | Train Acc: 0.1082 | Val Acc: 0.0870 | Val P/R/F1 (Macro): 0.0600/0.0922/0.0595 | LR: 0.000001
Epoch [98/100] | SVD update #98: pairs=440, sweeps=4, converged=True, rel_change=3.401e-04, effective_ranks=(312, 14), class_paired=True
Epoch [98/100] | Loss: 6.6438 (Cls: 6.6395, TAL: -0.0605, Adv: 0.1450, OT-Reg: 0.001437) | OT inner objective: -0.2612 | Marginal residual row/col/max: 3.40e-04/2.81e-08/3.40e-04 | Train Acc: 0.1394 | Val Acc: 0.0696 | Val P/R/F1 (Macro): 0.0487/0.0936/0.0603 | LR: 0.000001
Epoch [99/100] | SVD update #99: pairs=440, sweeps=6, converged=True, rel_change=8.352e-04, effective_ranks=(309, 11), class_paired=True
Epoch [99/100] | Loss: 6.7581 (Cls: 6.7388, TAL: 0.0329, Adv: 0.1917, OT-Reg: 0.001516) | OT inner objective: 0.0000 | Marginal residual row/col/max: 1.50e-04/2.81e-08/1.50e-04 | Train Acc: 0.1490 | Val Acc: 0.1130 | Val P/R/F1 (Macro): 0.2090/0.0997/0.0969 | LR: 0.000001
Epoch [100/100] | SVD update #100: pairs=440, sweeps=6, converged=True, rel_change=2.562e-04, effective_ranks=(319, 12), class_paired=True
Epoch [100/100] | Loss: 6.5856 (Cls: 6.6057, TAL: -0.2778, Adv: 0.1645, OT-Reg: 0.001438) | OT inner objective: -0.2651 | Marginal residual row/col/max: 3.21e-04/1.88e-08/3.21e-04 | Train Acc: 0.1683 | Val Acc: 0.0174 | Val P/R/F1 (Macro): 0.0158/0.0125/0.0109 | LR: 0.000001
Report strategy: best, window=10, reported_acc=0.4348, best_acc=0.4348, selected_epoch=24

迭代 3 报告指标:
  Accuracy: 0.4348
  Precision (Macro): 0.2618
  Recall (Macro): 0.3154
  F1 (Macro): 0.2781
  Precision (Micro): 0.4348
  Recall (Micro): 0.4348
  F1 (Micro): 0.4348
  Val class coverage: 9/14 (0.6429), samples=115

================================================================================
迭代 4/5
随机种子: 45
================================================================================
配对采样器已初始化，共 9 个共有类别。
Training mode: full target-label supervision (class-paired batches).
Feature fusion: Tensor alignment (512+512 -> 16+16); fused_dim=32
Domain adaptation: Neural OT generator with 3-domain discriminator
Loss weights: tensor=0.12, adv=0.08
Transport: mode=sinkhorn, epsilon=0.1, Sinkhorn iterations=50, correction scale=0.1, correction regularization weight=0.001
Tensor projection update: once per epoch from the complete target-training pairing bank; projection_dim=16, max_sweeps=10, relative singular-value tolerance=0.001
Epoch [1/100] | SVD update #1: pairs=440, sweeps=3, converged=True, rel_change=5.761e-04, effective_ranks=(327, 104), class_paired=True
Epoch [1/100] | Loss: 7.8340 (Cls: 7.8081, TAL: 0.0442, Adv: 0.2566, OT-Reg: 0.000851) | OT inner objective: 0.2521 | Marginal residual row/col/max: 1.06e-08/1.89e-08/1.92e-08 | Train Acc: 0.1130 | Val Acc: 0.2435 | Val P/R/F1 (Macro): 0.2223/0.1848/0.1456 | LR: 0.000005
  >>> New Best Val Acc: 0.2435
Epoch [2/100] | SVD update #2: pairs=440, sweeps=10, converged=False, rel_change=2.119e-01, effective_ranks=(327, 47), class_paired=True
Epoch [2/100] | Loss: 7.5476 (Cls: 7.5261, TAL: 0.0256, Adv: 0.2304, OT-Reg: 0.000880) | OT inner objective: 0.2386 | Marginal residual row/col/max: 1.13e-08/1.83e-08/1.86e-08 | Train Acc: 0.1394 | Val Acc: 0.2174 | Val P/R/F1 (Macro): 0.1685/0.2816/0.1720 | LR: 0.000005
Epoch [3/100] | SVD update #3: pairs=440, sweeps=9, converged=True, rel_change=5.180e-04, effective_ranks=(327, 36), class_paired=True
Epoch [3/100] | Loss: 7.2712 (Cls: 7.2869, TAL: -0.2834, Adv: 0.2282, OT-Reg: 0.000876) | OT inner objective: -0.0752 | Marginal residual row/col/max: 8.23e-05/1.38e-08/8.23e-05 | Train Acc: 0.1538 | Val Acc: 0.2000 | Val P/R/F1 (Macro): 0.1810/0.1991/0.1626 | LR: 0.000005
Epoch [4/100] | SVD update #4: pairs=440, sweeps=9, converged=True, rel_change=5.312e-04, effective_ranks=(326, 29), class_paired=True
Epoch [4/100] | Loss: 7.0275 (Cls: 7.0205, TAL: -0.0869, Adv: 0.2176, OT-Reg: 0.000902) | OT inner objective: 0.0996 | Marginal residual row/col/max: 9.37e-05/2.91e-08/9.37e-05 | Train Acc: 0.1298 | Val Acc: 0.1565 | Val P/R/F1 (Macro): 0.1725/0.2042/0.1571 | LR: 0.000005
Epoch [5/100] | SVD update #5: pairs=440, sweeps=6, converged=True, rel_change=6.915e-04, effective_ranks=(323, 19), class_paired=True
Epoch [5/100] | Loss: 6.9507 (Cls: 6.9458, TAL: -0.1261, Adv: 0.2507, OT-Reg: 0.000907) | OT inner objective: -0.0579 | Marginal residual row/col/max: 2.70e-04/2.68e-08/2.70e-04 | Train Acc: 0.1274 | Val Acc: 0.1739 | Val P/R/F1 (Macro): 0.3745/0.1528/0.1465 | LR: 0.000005
Epoch [6/100] | SVD update #6: pairs=440, sweeps=10, converged=False, rel_change=1.220e-02, effective_ranks=(320, 17), class_paired=True
Epoch [6/100] | Loss: 6.8846 (Cls: 6.8815, TAL: -0.1165, Adv: 0.2131, OT-Reg: 0.000795) | OT inner objective: 0.1122 | Marginal residual row/col/max: 4.08e-06/2.05e-08/4.09e-06 | Train Acc: 0.1562 | Val Acc: 0.2696 | Val P/R/F1 (Macro): 0.2469/0.1691/0.1431 | LR: 0.000005
  >>> New Best Val Acc: 0.2696
Epoch [7/100] | SVD update #7: pairs=440, sweeps=10, converged=False, rel_change=1.791e-01, effective_ranks=(327, 17), class_paired=True
Epoch [7/100] | Loss: 6.8006 (Cls: 6.7783, TAL: 0.0406, Adv: 0.2183, OT-Reg: 0.000815) | OT inner objective: -0.0040 | Marginal residual row/col/max: 1.19e-05/1.25e-08/1.19e-05 | Train Acc: 0.2115 | Val Acc: 0.1565 | Val P/R/F1 (Macro): 0.2283/0.2605/0.1570 | LR: 0.000005
Epoch [8/100] | SVD update #8: pairs=440, sweeps=10, converged=False, rel_change=1.315e-01, effective_ranks=(323, 17), class_paired=True
Epoch [8/100] | Loss: 6.3468 (Cls: 6.3320, TAL: -0.0230, Adv: 0.2197, OT-Reg: 0.000797) | OT inner objective: 0.0821 | Marginal residual row/col/max: 1.96e-04/2.58e-08/1.96e-04 | Train Acc: 0.2620 | Val Acc: 0.2609 | Val P/R/F1 (Macro): 0.5503/0.2951/0.2711 | LR: 0.000005
Epoch [9/100] | SVD update #9: pairs=440, sweeps=10, converged=False, rel_change=1.889e-01, effective_ranks=(326, 18), class_paired=True
Epoch [9/100] | Loss: 6.3888 (Cls: 6.3868, TAL: -0.1180, Adv: 0.2010, OT-Reg: 0.000890) | OT inner objective: -0.0877 | Marginal residual row/col/max: 1.38e-04/1.85e-08/1.38e-04 | Train Acc: 0.1611 | Val Acc: 0.2870 | Val P/R/F1 (Macro): 0.2705/0.3113/0.2388 | LR: 0.000005
  >>> New Best Val Acc: 0.2870
Epoch [10/100] | SVD update #10: pairs=440, sweeps=6, converged=True, rel_change=2.818e-04, effective_ranks=(316, 11), class_paired=True
Epoch [10/100] | Loss: 6.5824 (Cls: 6.5702, TAL: -0.0496, Adv: 0.2267, OT-Reg: 0.000853) | OT inner objective: -0.0524 | Marginal residual row/col/max: 3.64e-04/2.99e-08/3.64e-04 | Train Acc: 0.1635 | Val Acc: 0.2348 | Val P/R/F1 (Macro): 0.1924/0.2191/0.1798 | LR: 0.000005
Epoch [11/100] | SVD update #11: pairs=440, sweeps=10, converged=True, rel_change=3.500e-04, effective_ranks=(323, 13), class_paired=True
Epoch [11/100] | Loss: 6.2297 (Cls: 6.2208, TAL: -0.1233, Adv: 0.2968, OT-Reg: 0.000868) | OT inner objective: -0.0486 | Marginal residual row/col/max: 1.97e-04/1.75e-08/1.97e-04 | Train Acc: 0.1851 | Val Acc: 0.2783 | Val P/R/F1 (Macro): 0.2035/0.1920/0.1645 | LR: 0.000005
Epoch [12/100] | SVD update #12: pairs=440, sweeps=10, converged=False, rel_change=1.720e-02, effective_ranks=(324, 17), class_paired=True
Epoch [12/100] | Loss: 6.5703 (Cls: 6.5590, TAL: -0.0365, Adv: 0.1955, OT-Reg: 0.000888) | OT inner objective: -0.0184 | Marginal residual row/col/max: 5.44e-05/1.98e-08/5.44e-05 | Train Acc: 0.2043 | Val Acc: 0.2522 | Val P/R/F1 (Macro): 0.1936/0.2809/0.2057 | LR: 0.000005
Epoch [13/100] | SVD update #13: pairs=440, sweeps=7, converged=True, rel_change=3.405e-04, effective_ranks=(320, 12), class_paired=True
Epoch [13/100] | Loss: 6.2843 (Cls: 6.2684, TAL: -0.0419, Adv: 0.2603, OT-Reg: 0.000903) | OT inner objective: 0.0610 | Marginal residual row/col/max: 1.08e-04/3.40e-08/1.08e-04 | Train Acc: 0.2524 | Val Acc: 0.1304 | Val P/R/F1 (Macro): 0.3087/0.1851/0.1708 | LR: 0.000005
Epoch [14/100] | SVD update #14: pairs=440, sweeps=4, converged=True, rel_change=2.060e-04, effective_ranks=(324, 11), class_paired=True
Epoch [14/100] | Loss: 5.9068 (Cls: 5.9135, TAL: -0.1956, Adv: 0.2100, OT-Reg: 0.000915) | OT inner objective: -0.1481 | Marginal residual row/col/max: 1.56e-04/1.52e-08/1.56e-04 | Train Acc: 0.2692 | Val Acc: 0.1391 | Val P/R/F1 (Macro): 0.0888/0.3080/0.0953 | LR: 0.000005
Epoch [15/100] | SVD update #15: pairs=440, sweeps=8, converged=True, rel_change=8.752e-04, effective_ranks=(321, 12), class_paired=True
Epoch [15/100] | Loss: 6.3236 (Cls: 6.3113, TAL: -0.0177, Adv: 0.1805, OT-Reg: 0.000938) | OT inner objective: -0.1218 | Marginal residual row/col/max: 2.51e-04/2.51e-08/2.51e-04 | Train Acc: 0.2019 | Val Acc: 0.2261 | Val P/R/F1 (Macro): 0.2527/0.2643/0.2216 | LR: 0.000005
Epoch [16/100] | SVD update #16: pairs=440, sweeps=10, converged=False, rel_change=1.687e-03, effective_ranks=(316, 12), class_paired=True
Epoch [16/100] | Loss: 6.0593 (Cls: 6.0510, TAL: -0.0498, Adv: 0.1788, OT-Reg: 0.000821) | OT inner objective: -0.0213 | Marginal residual row/col/max: 5.59e-05/1.82e-08/5.59e-05 | Train Acc: 0.2043 | Val Acc: 0.2696 | Val P/R/F1 (Macro): 0.2325/0.2901/0.2126 | LR: 0.000005
Epoch [17/100] | SVD update #17: pairs=440, sweeps=7, converged=True, rel_change=4.428e-04, effective_ranks=(323, 10), class_paired=True
Epoch [17/100] | Loss: 6.0049 (Cls: 5.9974, TAL: -0.0589, Adv: 0.1818, OT-Reg: 0.000874) | OT inner objective: -0.0114 | Marginal residual row/col/max: 2.55e-04/2.48e-08/2.55e-04 | Train Acc: 0.2620 | Val Acc: 0.1739 | Val P/R/F1 (Macro): 0.2608/0.2947/0.1801 | LR: 0.000005
Epoch [18/100] | SVD update #18: pairs=440, sweeps=8, converged=True, rel_change=1.127e-04, effective_ranks=(320, 8), class_paired=True
Epoch [18/100] | Loss: 5.9239 (Cls: 5.9173, TAL: -0.1154, Adv: 0.2556, OT-Reg: 0.000858) | OT inner objective: -0.1265 | Marginal residual row/col/max: 3.46e-04/1.75e-08/3.46e-04 | Train Acc: 0.2188 | Val Acc: 0.1739 | Val P/R/F1 (Macro): 0.1734/0.2067/0.1398 | LR: 0.000005
Epoch [19/100] | SVD update #19: pairs=440, sweeps=7, converged=True, rel_change=3.933e-04, effective_ranks=(319, 12), class_paired=True
Epoch [19/100] | Loss: 5.6858 (Cls: 5.6725, TAL: -0.0206, Adv: 0.1964, OT-Reg: 0.000800) | OT inner objective: 0.0294 | Marginal residual row/col/max: 3.29e-05/1.30e-08/3.29e-05 | Train Acc: 0.3029 | Val Acc: 0.3391 | Val P/R/F1 (Macro): 0.2305/0.3225/0.2236 | LR: 0.000005
  >>> New Best Val Acc: 0.3391
Epoch [20/100] | SVD update #20: pairs=440, sweeps=5, converged=True, rel_change=4.264e-04, effective_ranks=(318, 14), class_paired=True
Epoch [20/100] | Loss: 5.6257 (Cls: 5.6119, TAL: -0.0473, Adv: 0.2426, OT-Reg: 0.000826) | OT inner objective: -0.0399 | Marginal residual row/col/max: 6.77e-05/1.63e-08/6.77e-05 | Train Acc: 0.2788 | Val Acc: 0.2783 | Val P/R/F1 (Macro): 0.1067/0.1655/0.1262 | LR: 0.000005
Epoch [21/100] | SVD update #21: pairs=440, sweeps=8, converged=True, rel_change=8.733e-04, effective_ranks=(325, 14), class_paired=True
Epoch [21/100] | Loss: 6.2028 (Cls: 6.1988, TAL: -0.0894, Adv: 0.1841, OT-Reg: 0.000902) | OT inner objective: 0.1141 | Marginal residual row/col/max: 4.95e-07/2.35e-08/5.02e-07 | Train Acc: 0.2284 | Val Acc: 0.1913 | Val P/R/F1 (Macro): 0.2734/0.2531/0.2375 | LR: 0.000005
Epoch [22/100] | SVD update #22: pairs=440, sweeps=10, converged=False, rel_change=2.328e-01, effective_ranks=(325, 25), class_paired=True
Epoch [22/100] | Loss: 6.4156 (Cls: 6.3741, TAL: 0.1729, Adv: 0.2601, OT-Reg: 0.000796) | OT inner objective: 0.0714 | Marginal residual row/col/max: 1.05e-05/1.63e-08/1.05e-05 | Train Acc: 0.1106 | Val Acc: 0.1739 | Val P/R/F1 (Macro): 0.1064/0.1860/0.1284 | LR: 0.000005
Epoch [23/100] | SVD update #23: pairs=440, sweeps=9, converged=True, rel_change=6.805e-04, effective_ranks=(323, 24), class_paired=True
Epoch [23/100] | Loss: 6.4928 (Cls: 6.4564, TAL: 0.0574, Adv: 0.3697, OT-Reg: 0.000875) | OT inner objective: 0.1605 | Marginal residual row/col/max: 6.41e-05/3.08e-08/6.41e-05 | Train Acc: 0.1659 | Val Acc: 0.2261 | Val P/R/F1 (Macro): 0.1331/0.2363/0.1529 | LR: 0.000005
Epoch [24/100] | SVD update #24: pairs=440, sweeps=10, converged=False, rel_change=4.519e-03, effective_ranks=(325, 19), class_paired=True
Epoch [24/100] | Loss: 5.9805 (Cls: 5.9881, TAL: -0.1773, Adv: 0.1701, OT-Reg: 0.000858) | OT inner objective: -0.0044 | Marginal residual row/col/max: 4.20e-05/1.79e-08/4.20e-05 | Train Acc: 0.2019 | Val Acc: 0.4000 | Val P/R/F1 (Macro): 0.3902/0.3312/0.3218 | LR: 0.000005
  >>> New Best Val Acc: 0.4000
Epoch [25/100] | SVD update #25: pairs=440, sweeps=7, converged=True, rel_change=8.221e-04, effective_ranks=(325, 27), class_paired=True
Epoch [25/100] | Loss: 5.8556 (Cls: 5.8358, TAL: 0.0296, Adv: 0.2033, OT-Reg: 0.000842) | OT inner objective: 0.0304 | Marginal residual row/col/max: 5.06e-05/1.88e-08/5.06e-05 | Train Acc: 0.2524 | Val Acc: 0.2000 | Val P/R/F1 (Macro): 0.2451/0.3210/0.2215 | LR: 0.000005
Epoch [26/100] | SVD update #26: pairs=440, sweeps=9, converged=True, rel_change=4.656e-04, effective_ranks=(324, 15), class_paired=True
Epoch [26/100] | Loss: 5.6910 (Cls: 5.6931, TAL: -0.1230, Adv: 0.1583, OT-Reg: 0.000927) | OT inner objective: -0.0355 | Marginal residual row/col/max: 3.98e-04/3.01e-08/3.98e-04 | Train Acc: 0.2957 | Val Acc: 0.2087 | Val P/R/F1 (Macro): 0.2643/0.2529/0.1677 | LR: 0.000005
Epoch [27/100] | SVD update #27: pairs=440, sweeps=8, converged=True, rel_change=4.496e-04, effective_ranks=(324, 16), class_paired=True
Epoch [27/100] | Loss: 5.5174 (Cls: 5.5371, TAL: -0.3351, Adv: 0.2558, OT-Reg: 0.000848) | OT inner objective: -0.0271 | Marginal residual row/col/max: 3.77e-04/2.31e-08/3.77e-04 | Train Acc: 0.2837 | Val Acc: 0.2957 | Val P/R/F1 (Macro): 0.3361/0.4195/0.2655 | LR: 0.000005
Epoch [28/100] | SVD update #28: pairs=440, sweeps=6, converged=True, rel_change=8.558e-04, effective_ranks=(320, 14), class_paired=True
Epoch [28/100] | Loss: 5.4766 (Cls: 5.4837, TAL: -0.1691, Adv: 0.1652, OT-Reg: 0.000897) | OT inner objective: 0.1130 | Marginal residual row/col/max: 9.94e-05/2.48e-08/9.95e-05 | Train Acc: 0.3077 | Val Acc: 0.2957 | Val P/R/F1 (Macro): 0.2614/0.3328/0.2411 | LR: 0.000005
Epoch [29/100] | SVD update #29: pairs=440, sweeps=10, converged=False, rel_change=1.035e-03, effective_ranks=(319, 16), class_paired=True
Epoch [29/100] | Loss: 5.9887 (Cls: 5.9656, TAL: 0.1076, Adv: 0.1270, OT-Reg: 0.000880) | OT inner objective: 0.0950 | Marginal residual row/col/max: 1.58e-05/3.60e-08/1.58e-05 | Train Acc: 0.1947 | Val Acc: 0.2348 | Val P/R/F1 (Macro): 0.1652/0.2851/0.1719 | LR: 0.000005
Epoch [30/100] | SVD update #30: pairs=440, sweeps=10, converged=False, rel_change=3.406e-03, effective_ranks=(322, 13), class_paired=True
Epoch [30/100] | Loss: 5.9266 (Cls: 5.9308, TAL: -0.1344, Adv: 0.1491, OT-Reg: 0.000880) | OT inner objective: -0.0497 | Marginal residual row/col/max: 2.44e-04/3.27e-08/2.44e-04 | Train Acc: 0.1875 | Val Acc: 0.3043 | Val P/R/F1 (Macro): 0.2906/0.3251/0.2652 | LR: 0.000005
Epoch [31/100] | SVD update #31: pairs=440, sweeps=9, converged=True, rel_change=3.614e-04, effective_ranks=(324, 19), class_paired=True
Epoch [31/100] | Loss: 5.8989 (Cls: 5.8817, TAL: 0.0461, Adv: 0.1455, OT-Reg: 0.000790) | OT inner objective: 0.0059 | Marginal residual row/col/max: 1.64e-04/2.32e-08/1.64e-04 | Train Acc: 0.1394 | Val Acc: 0.1565 | Val P/R/F1 (Macro): 0.1620/0.2025/0.1539 | LR: 0.000005
Epoch [32/100] | SVD update #32: pairs=440, sweeps=10, converged=True, rel_change=4.336e-04, effective_ranks=(325, 14), class_paired=True
Epoch [32/100] | Loss: 6.6534 (Cls: 6.6195, TAL: 0.1799, Adv: 0.1537, OT-Reg: 0.000846) | OT inner objective: 0.0874 | Marginal residual row/col/max: 2.10e-04/3.75e-08/2.10e-04 | Train Acc: 0.2067 | Val Acc: 0.2174 | Val P/R/F1 (Macro): 0.1476/0.2573/0.1526 | LR: 0.000005
Epoch [33/100] | SVD update #33: pairs=440, sweeps=6, converged=True, rel_change=6.081e-04, effective_ranks=(321, 15), class_paired=True
Epoch [33/100] | Loss: 6.4045 (Cls: 6.3783, TAL: 0.1082, Adv: 0.1656, OT-Reg: 0.000860) | OT inner objective: 0.1390 | Marginal residual row/col/max: 2.18e-04/4.18e-08/2.18e-04 | Train Acc: 0.2067 | Val Acc: 0.1739 | Val P/R/F1 (Macro): 0.1184/0.1845/0.1394 | LR: 0.000005
Epoch [34/100] | SVD update #34: pairs=440, sweeps=8, converged=True, rel_change=2.773e-04, effective_ranks=(320, 14), class_paired=True
Epoch [34/100] | Loss: 6.2426 (Cls: 6.2271, TAL: 0.0008, Adv: 0.1934, OT-Reg: 0.000873) | OT inner objective: 0.0425 | Marginal residual row/col/max: 2.98e-05/4.31e-08/2.98e-05 | Train Acc: 0.2500 | Val Acc: 0.2000 | Val P/R/F1 (Macro): 0.2736/0.2456/0.1529 | LR: 0.000005
Epoch [35/100] | SVD update #35: pairs=440, sweeps=6, converged=True, rel_change=7.247e-04, effective_ranks=(318, 13), class_paired=True
Epoch [35/100] | Loss: 5.7627 (Cls: 5.7472, TAL: -0.0059, Adv: 0.2020, OT-Reg: 0.000953) | OT inner objective: 0.0616 | Marginal residual row/col/max: 5.17e-05/2.79e-08/5.17e-05 | Train Acc: 0.1755 | Val Acc: 0.0957 | Val P/R/F1 (Macro): 0.2681/0.2140/0.1526 | LR: 0.000003
Epoch [36/100] | SVD update #36: pairs=440, sweeps=8, converged=True, rel_change=7.713e-04, effective_ranks=(323, 11), class_paired=True
Epoch [36/100] | Loss: 6.1162 (Cls: 6.1073, TAL: -0.2362, Adv: 0.4661, OT-Reg: 0.000901) | OT inner objective: 0.0086 | Marginal residual row/col/max: 3.47e-05/2.54e-08/3.47e-05 | Train Acc: 0.1154 | Val Acc: 0.1478 | Val P/R/F1 (Macro): 0.0750/0.1514/0.0794 | LR: 0.000003
Epoch [37/100] | SVD update #37: pairs=440, sweeps=6, converged=True, rel_change=8.227e-04, effective_ranks=(323, 16), class_paired=True
Epoch [37/100] | Loss: 6.3556 (Cls: 6.3550, TAL: -0.2164, Adv: 0.3320, OT-Reg: 0.000841) | OT inner objective: 0.0355 | Marginal residual row/col/max: 6.89e-05/1.25e-08/6.89e-05 | Train Acc: 0.1466 | Val Acc: 0.2174 | Val P/R/F1 (Macro): 0.0994/0.2674/0.1257 | LR: 0.000003
Epoch [38/100] | SVD update #38: pairs=440, sweeps=5, converged=True, rel_change=9.117e-04, effective_ranks=(321, 11), class_paired=True
Epoch [38/100] | Loss: 6.0821 (Cls: 6.0839, TAL: -0.1585, Adv: 0.2154, OT-Reg: 0.000895) | OT inner objective: -0.0500 | Marginal residual row/col/max: 7.63e-05/1.72e-08/7.63e-05 | Train Acc: 0.2284 | Val Acc: 0.1391 | Val P/R/F1 (Macro): 0.1206/0.2523/0.1209 | LR: 0.000003
Epoch [39/100] | SVD update #39: pairs=440, sweeps=5, converged=True, rel_change=6.319e-04, effective_ranks=(310, 14), class_paired=True
Epoch [39/100] | Loss: 5.6819 (Cls: 5.6827, TAL: -0.0864, Adv: 0.1200, OT-Reg: 0.000891) | OT inner objective: -0.0696 | Marginal residual row/col/max: 8.06e-05/1.20e-08/8.06e-05 | Train Acc: 0.2500 | Val Acc: 0.2435 | Val P/R/F1 (Macro): 0.1209/0.3070/0.1580 | LR: 0.000003
Epoch [40/100] | SVD update #40: pairs=440, sweeps=4, converged=True, rel_change=2.806e-04, effective_ranks=(295, 10), class_paired=True
Epoch [40/100] | Loss: 5.5749 (Cls: 5.5766, TAL: -0.1206, Adv: 0.1595, OT-Reg: 0.000878) | OT inner objective: -0.1464 | Marginal residual row/col/max: 1.15e-04/1.39e-08/1.15e-04 | Train Acc: 0.2572 | Val Acc: 0.2261 | Val P/R/F1 (Macro): 0.2413/0.2525/0.1742 | LR: 0.000003
Epoch [41/100] | SVD update #41: pairs=440, sweeps=9, converged=True, rel_change=9.939e-04, effective_ranks=(319, 13), class_paired=True
Epoch [41/100] | Loss: 5.6452 (Cls: 5.6481, TAL: -0.0879, Adv: 0.0962, OT-Reg: 0.000947) | OT inner objective: 0.0055 | Marginal residual row/col/max: 2.12e-04/1.68e-08/2.12e-04 | Train Acc: 0.2957 | Val Acc: 0.2174 | Val P/R/F1 (Macro): 0.1188/0.2982/0.1433 | LR: 0.000003
Epoch [42/100] | SVD update #42: pairs=440, sweeps=4, converged=True, rel_change=9.142e-05, effective_ranks=(309, 13), class_paired=True
Epoch [42/100] | Loss: 5.0868 (Cls: 5.0933, TAL: -0.1207, Adv: 0.0998, OT-Reg: 0.000802) | OT inner objective: -0.0161 | Marginal residual row/col/max: 1.36e-04/1.30e-08/1.36e-04 | Train Acc: 0.3269 | Val Acc: 0.3478 | Val P/R/F1 (Macro): 0.4241/0.4203/0.3105 | LR: 0.000003
Epoch [43/100] | SVD update #43: pairs=440, sweeps=7, converged=True, rel_change=5.564e-04, effective_ranks=(320, 14), class_paired=True
Epoch [43/100] | Loss: 5.1424 (Cls: 5.1666, TAL: -0.2561, Adv: 0.0817, OT-Reg: 0.000896) | OT inner objective: -0.1153 | Marginal residual row/col/max: 1.99e-05/1.28e-08/1.99e-05 | Train Acc: 0.3534 | Val Acc: 0.2522 | Val P/R/F1 (Macro): 0.2040/0.3269/0.1833 | LR: 0.000003
Epoch [44/100] | SVD update #44: pairs=440, sweeps=10, converged=False, rel_change=4.042e-03, effective_ranks=(320, 15), class_paired=True
Epoch [44/100] | Loss: 5.8696 (Cls: 5.8681, TAL: -0.0348, Adv: 0.0707, OT-Reg: 0.000858) | OT inner objective: 0.0367 | Marginal residual row/col/max: 1.77e-06/2.62e-08/1.78e-06 | Train Acc: 0.1707 | Val Acc: 0.0696 | Val P/R/F1 (Macro): 0.0376/0.0978/0.0482 | LR: 0.000003
Epoch [45/100] | SVD update #45: pairs=440, sweeps=4, converged=True, rel_change=5.461e-04, effective_ranks=(323, 17), class_paired=True
Epoch [45/100] | Loss: 5.0406 (Cls: 5.0635, TAL: -0.2418, Adv: 0.0774, OT-Reg: 0.000812) | OT inner objective: 0.0682 | Marginal residual row/col/max: 1.31e-05/1.38e-08/1.31e-05 | Train Acc: 0.3582 | Val Acc: 0.2957 | Val P/R/F1 (Macro): 0.3853/0.4043/0.3140 | LR: 0.000003
Epoch [46/100] | SVD update #46: pairs=440, sweeps=6, converged=True, rel_change=5.178e-04, effective_ranks=(321, 12), class_paired=True
Epoch [46/100] | Loss: 4.8430 (Cls: 4.8618, TAL: -0.2221, Adv: 0.0981, OT-Reg: 0.000857) | OT inner objective: -0.0098 | Marginal residual row/col/max: 1.78e-04/1.76e-08/1.78e-04 | Train Acc: 0.3438 | Val Acc: 0.3217 | Val P/R/F1 (Macro): 0.3635/0.3879/0.3128 | LR: 0.000001
Epoch [47/100] | SVD update #47: pairs=440, sweeps=8, converged=True, rel_change=2.366e-04, effective_ranks=(321, 18), class_paired=True
Epoch [47/100] | Loss: 5.2151 (Cls: 5.2444, TAL: -0.2986, Adv: 0.0817, OT-Reg: 0.000871) | OT inner objective: -0.1285 | Marginal residual row/col/max: 5.41e-05/1.29e-08/5.41e-05 | Train Acc: 0.2788 | Val Acc: 0.2870 | Val P/R/F1 (Macro): 0.2332/0.4045/0.2542 | LR: 0.000001
Epoch [48/100] | SVD update #48: pairs=440, sweeps=8, converged=True, rel_change=6.740e-04, effective_ranks=(320, 18), class_paired=True
Epoch [48/100] | Loss: 5.2356 (Cls: 5.2507, TAL: -0.1892, Adv: 0.0956, OT-Reg: 0.000909) | OT inner objective: -0.0287 | Marginal residual row/col/max: 1.25e-05/1.55e-08/1.25e-05 | Train Acc: 0.2692 | Val Acc: 0.1739 | Val P/R/F1 (Macro): 0.2179/0.2439/0.1445 | LR: 0.000001
Epoch [49/100] | SVD update #49: pairs=440, sweeps=6, converged=True, rel_change=1.961e-04, effective_ranks=(319, 20), class_paired=True
Epoch [49/100] | Loss: 5.9754 (Cls: 6.0065, TAL: -0.3117, Adv: 0.0779, OT-Reg: 0.000880) | OT inner objective: -0.0923 | Marginal residual row/col/max: 7.26e-05/1.12e-08/7.26e-05 | Train Acc: 0.2596 | Val Acc: 0.2870 | Val P/R/F1 (Macro): 0.2226/0.3999/0.2116 | LR: 0.000001
Epoch [50/100] | SVD update #50: pairs=440, sweeps=10, converged=False, rel_change=9.271e-02, effective_ranks=(320, 17), class_paired=True
Epoch [50/100] | Loss: 7.5102 (Cls: 7.5031, TAL: -0.0156, Adv: 0.1118, OT-Reg: 0.000813) | OT inner objective: 0.0849 | Marginal residual row/col/max: 9.99e-05/1.19e-08/9.99e-05 | Train Acc: 0.1442 | Val Acc: 0.2087 | Val P/R/F1 (Macro): 0.1754/0.2275/0.1521 | LR: 0.000001
Epoch [51/100] | SVD update #51: pairs=440, sweeps=9, converged=True, rel_change=5.020e-04, effective_ranks=(325, 17), class_paired=True
Epoch [51/100] | Loss: 7.2269 (Cls: 7.2029, TAL: 0.1452, Adv: 0.0812, OT-Reg: 0.000758) | OT inner objective: 0.1209 | Marginal residual row/col/max: 1.24e-04/1.99e-08/1.24e-04 | Train Acc: 0.0986 | Val Acc: 0.1565 | Val P/R/F1 (Macro): 0.0801/0.0919/0.0835 | LR: 0.000001
Epoch [52/100] | SVD update #52: pairs=440, sweeps=10, converged=False, rel_change=2.620e-03, effective_ranks=(327, 20), class_paired=True
Epoch [52/100] | Loss: 6.9970 (Cls: 7.0004, TAL: -0.0891, Adv: 0.0907, OT-Reg: 0.000840) | OT inner objective: 0.0647 | Marginal residual row/col/max: 2.13e-05/1.88e-08/2.13e-05 | Train Acc: 0.1851 | Val Acc: 0.2435 | Val P/R/F1 (Macro): 0.1749/0.2632/0.1865 | LR: 0.000001
Epoch [53/100] | SVD update #53: pairs=440, sweeps=8, converged=True, rel_change=9.568e-04, effective_ranks=(309, 13), class_paired=True
Epoch [53/100] | Loss: 7.7834 (Cls: 7.8000, TAL: -0.2546, Adv: 0.1744, OT-Reg: 0.000878) | OT inner objective: 0.0182 | Marginal residual row/col/max: 1.14e-04/3.28e-08/1.14e-04 | Train Acc: 0.1971 | Val Acc: 0.1478 | Val P/R/F1 (Macro): 0.0945/0.1663/0.1062 | LR: 0.000001
Epoch [54/100] | SVD update #54: pairs=440, sweeps=4, converged=True, rel_change=4.602e-04, effective_ranks=(323, 13), class_paired=True
Epoch [54/100] | Loss: 7.2724 (Cls: 7.2878, TAL: -0.1740, Adv: 0.0691, OT-Reg: 0.000920) | OT inner objective: 0.1286 | Marginal residual row/col/max: 2.20e-06/2.79e-08/2.20e-06 | Train Acc: 0.1899 | Val Acc: 0.2087 | Val P/R/F1 (Macro): 0.1609/0.1983/0.1463 | LR: 0.000001
Epoch [55/100] | SVD update #55: pairs=440, sweeps=6, converged=True, rel_change=8.259e-04, effective_ranks=(323, 14), class_paired=True
Epoch [55/100] | Loss: 6.5281 (Cls: 6.5529, TAL: -0.2840, Adv: 0.1170, OT-Reg: 0.000907) | OT inner objective: -0.1457 | Marginal residual row/col/max: 6.31e-05/1.33e-08/6.31e-05 | Train Acc: 0.2692 | Val Acc: 0.2609 | Val P/R/F1 (Macro): 0.4591/0.2817/0.2206 | LR: 0.000001
Epoch [56/100] | SVD update #56: pairs=440, sweeps=5, converged=True, rel_change=1.898e-04, effective_ranks=(319, 12), class_paired=True
Epoch [56/100] | Loss: 6.2027 (Cls: 6.2244, TAL: -0.2374, Adv: 0.0845, OT-Reg: 0.000824) | OT inner objective: -0.1167 | Marginal residual row/col/max: 3.13e-04/1.48e-08/3.13e-04 | Train Acc: 0.2716 | Val Acc: 0.2087 | Val P/R/F1 (Macro): 0.1729/0.2060/0.1482 | LR: 0.000001
Epoch [57/100] | SVD update #57: pairs=440, sweeps=4, converged=True, rel_change=2.072e-04, effective_ranks=(317, 10), class_paired=True
Epoch [57/100] | Loss: 5.9002 (Cls: 5.9109, TAL: -0.1324, Adv: 0.0639, OT-Reg: 0.000821) | OT inner objective: -0.0154 | Marginal residual row/col/max: 3.63e-04/3.38e-08/3.63e-04 | Train Acc: 0.2837 | Val Acc: 0.3043 | Val P/R/F1 (Macro): 0.4275/0.3338/0.2882 | LR: 0.000001
Epoch [58/100] | SVD update #58: pairs=440, sweeps=7, converged=True, rel_change=2.886e-04, effective_ranks=(321, 13), class_paired=True
Epoch [58/100] | Loss: 5.7504 (Cls: 5.7757, TAL: -0.2649, Adv: 0.0809, OT-Reg: 0.000861) | OT inner objective: -0.0988 | Marginal residual row/col/max: 1.00e-04/1.38e-08/1.00e-04 | Train Acc: 0.2764 | Val Acc: 0.2087 | Val P/R/F1 (Macro): 0.1254/0.2167/0.1427 | LR: 0.000001
Epoch [59/100] | SVD update #59: pairs=440, sweeps=10, converged=False, rel_change=2.945e-03, effective_ranks=(324, 17), class_paired=True
Epoch [59/100] | Loss: 5.6109 (Cls: 5.6057, TAL: -0.0431, Adv: 0.1289, OT-Reg: 0.000836) | OT inner objective: 0.0078 | Marginal residual row/col/max: 1.07e-05/1.43e-08/1.07e-05 | Train Acc: 0.2981 | Val Acc: 0.1739 | Val P/R/F1 (Macro): 0.1422/0.2327/0.1501 | LR: 0.000001
Epoch [60/100] | SVD update #60: pairs=440, sweeps=5, converged=True, rel_change=7.843e-04, effective_ranks=(325, 17), class_paired=True
Epoch [60/100] | Loss: 5.4960 (Cls: 5.4916, TAL: -0.0353, Adv: 0.1075, OT-Reg: 0.000916) | OT inner objective: 0.0668 | Marginal residual row/col/max: 5.55e-05/2.15e-08/5.55e-05 | Train Acc: 0.2476 | Val Acc: 0.2000 | Val P/R/F1 (Macro): 0.1611/0.2486/0.1592 | LR: 0.000001
Epoch [61/100] | SVD update #61: pairs=440, sweeps=4, converged=True, rel_change=6.187e-04, effective_ranks=(325, 18), class_paired=True
Epoch [61/100] | Loss: 5.3763 (Cls: 5.3866, TAL: -0.1499, Adv: 0.0962, OT-Reg: 0.000832) | OT inner objective: -0.0052 | Marginal residual row/col/max: 4.53e-05/1.33e-08/4.53e-05 | Train Acc: 0.2476 | Val Acc: 0.2087 | Val P/R/F1 (Macro): 0.1413/0.2791/0.1518 | LR: 0.000001
Epoch [62/100] | SVD update #62: pairs=440, sweeps=9, converged=True, rel_change=7.424e-04, effective_ranks=(325, 23), class_paired=True
Epoch [62/100] | Loss: 5.6338 (Cls: 5.6548, TAL: -0.2220, Adv: 0.0698, OT-Reg: 0.000865) | OT inner objective: 0.0226 | Marginal residual row/col/max: 2.87e-05/1.81e-08/2.87e-05 | Train Acc: 0.2572 | Val Acc: 0.2435 | Val P/R/F1 (Macro): 0.2658/0.2937/0.2209 | LR: 0.000001
Epoch [63/100] | SVD update #63: pairs=440, sweeps=6, converged=True, rel_change=3.616e-04, effective_ranks=(326, 21), class_paired=True
Epoch [63/100] | Loss: 5.6748 (Cls: 5.6718, TAL: -0.0422, Adv: 0.1012, OT-Reg: 0.000854) | OT inner objective: 0.0375 | Marginal residual row/col/max: 8.37e-06/2.41e-08/8.37e-06 | Train Acc: 0.2212 | Val Acc: 0.2174 | Val P/R/F1 (Macro): 0.1817/0.1963/0.1356 | LR: 0.000001
Epoch [64/100] | SVD update #64: pairs=440, sweeps=7, converged=True, rel_change=4.176e-04, effective_ranks=(327, 20), class_paired=True
Epoch [64/100] | Loss: 5.3576 (Cls: 5.3574, TAL: -0.0734, Adv: 0.1132, OT-Reg: 0.000890) | OT inner objective: 0.1210 | Marginal residual row/col/max: 3.32e-07/3.55e-08/3.48e-07 | Train Acc: 0.2428 | Val Acc: 0.2870 | Val P/R/F1 (Macro): 0.3283/0.3630/0.2992 | LR: 0.000001
Epoch [65/100] | SVD update #65: pairs=440, sweeps=5, converged=True, rel_change=4.118e-04, effective_ranks=(326, 20), class_paired=True
Epoch [65/100] | Loss: 5.3872 (Cls: 5.3824, TAL: -0.0597, Adv: 0.1494, OT-Reg: 0.000830) | OT inner objective: 0.0734 | Marginal residual row/col/max: 1.82e-06/2.13e-08/1.83e-06 | Train Acc: 0.3029 | Val Acc: 0.2870 | Val P/R/F1 (Macro): 0.2091/0.3213/0.2291 | LR: 0.000001
Epoch [66/100] | SVD update #66: pairs=440, sweeps=5, converged=True, rel_change=6.807e-04, effective_ranks=(327, 19), class_paired=True
Epoch [66/100] | Loss: 5.5052 (Cls: 5.5179, TAL: -0.1875, Adv: 0.1234, OT-Reg: 0.000788) | OT inner objective: 0.0509 | Marginal residual row/col/max: 1.04e-04/3.01e-08/1.04e-04 | Train Acc: 0.2885 | Val Acc: 0.2609 | Val P/R/F1 (Macro): 0.2438/0.3404/0.2414 | LR: 0.000001
Epoch [67/100] | SVD update #67: pairs=440, sweeps=7, converged=True, rel_change=4.549e-04, effective_ranks=(326, 21), class_paired=True
Epoch [67/100] | Loss: 5.4354 (Cls: 5.4479, TAL: -0.1894, Adv: 0.1285, OT-Reg: 0.000853) | OT inner objective: -0.0039 | Marginal residual row/col/max: 8.78e-05/2.34e-08/8.78e-05 | Train Acc: 0.2957 | Val Acc: 0.2261 | Val P/R/F1 (Macro): 0.1331/0.2805/0.1575 | LR: 0.000001
Epoch [68/100] | SVD update #68: pairs=440, sweeps=7, converged=True, rel_change=4.069e-04, effective_ranks=(325, 22), class_paired=True
Epoch [68/100] | Loss: 5.2796 (Cls: 5.2791, TAL: -0.1101, Adv: 0.1719, OT-Reg: 0.000848) | OT inner objective: 0.0674 | Marginal residual row/col/max: 9.60e-07/1.75e-08/9.63e-07 | Train Acc: 0.2909 | Val Acc: 0.2870 | Val P/R/F1 (Macro): 0.3683/0.3362/0.2625 | LR: 0.000001
Epoch [69/100] | SVD update #69: pairs=440, sweeps=5, converged=True, rel_change=5.025e-04, effective_ranks=(326, 21), class_paired=True
Epoch [69/100] | Loss: 5.3404 (Cls: 5.3481, TAL: -0.1799, Adv: 0.1737, OT-Reg: 0.000826) | OT inner objective: 0.0162 | Marginal residual row/col/max: 2.10e-06/1.33e-08/2.10e-06 | Train Acc: 0.2620 | Val Acc: 0.2783 | Val P/R/F1 (Macro): 0.2826/0.3293/0.2306 | LR: 0.000001
Epoch [70/100] | SVD update #70: pairs=440, sweeps=4, converged=True, rel_change=9.629e-04, effective_ranks=(325, 22), class_paired=True
Epoch [70/100] | Loss: 5.3332 (Cls: 5.3351, TAL: -0.1023, Adv: 0.1297, OT-Reg: 0.000877) | OT inner objective: 0.0104 | Marginal residual row/col/max: 2.64e-06/1.68e-08/2.64e-06 | Train Acc: 0.2524 | Val Acc: 0.2174 | Val P/R/F1 (Macro): 0.1259/0.2804/0.1588 | LR: 0.000001
Epoch [71/100] | SVD update #71: pairs=440, sweeps=5, converged=True, rel_change=3.620e-04, effective_ranks=(326, 20), class_paired=True
Epoch [71/100] | Loss: 5.6335 (Cls: 5.6355, TAL: -0.1168, Adv: 0.1492, OT-Reg: 0.000762) | OT inner objective: 0.1095 | Marginal residual row/col/max: 1.50e-08/1.65e-08/1.82e-08 | Train Acc: 0.2716 | Val Acc: 0.2087 | Val P/R/F1 (Macro): 0.1778/0.2532/0.1817 | LR: 0.000001
Epoch [72/100] | SVD update #72: pairs=440, sweeps=6, converged=True, rel_change=9.992e-04, effective_ranks=(325, 22), class_paired=True
Epoch [72/100] | Loss: 6.2071 (Cls: 6.1845, TAL: 0.0688, Adv: 0.1797, OT-Reg: 0.000737) | OT inner objective: 0.1365 | Marginal residual row/col/max: 7.97e-06/1.99e-08/7.98e-06 | Train Acc: 0.3558 | Val Acc: 0.2174 | Val P/R/F1 (Macro): 0.1383/0.2314/0.1512 | LR: 0.000001
Epoch [73/100] | SVD update #73: pairs=440, sweeps=6, converged=True, rel_change=2.734e-04, effective_ranks=(322, 21), class_paired=True
Epoch [73/100] | Loss: 5.6160 (Cls: 5.6051, TAL: -0.0586, Adv: 0.2235, OT-Reg: 0.000791) | OT inner objective: 0.1265 | Marginal residual row/col/max: 8.87e-06/2.91e-08/8.88e-06 | Train Acc: 0.2716 | Val Acc: 0.2435 | Val P/R/F1 (Macro): 0.2719/0.2774/0.2206 | LR: 0.000001
Epoch [74/100] | SVD update #74: pairs=440, sweeps=10, converged=False, rel_change=1.043e-03, effective_ranks=(325, 23), class_paired=True
Epoch [74/100] | Loss: 5.5350 (Cls: 5.5428, TAL: -0.1630, Adv: 0.1464, OT-Reg: 0.000792) | OT inner objective: 0.1014 | Marginal residual row/col/max: 4.74e-05/2.58e-08/4.74e-05 | Train Acc: 0.2933 | Val Acc: 0.2000 | Val P/R/F1 (Macro): 0.1505/0.2763/0.1517 | LR: 0.000001
Epoch [75/100] | SVD update #75: pairs=440, sweeps=10, converged=False, rel_change=1.882e-03, effective_ranks=(323, 19), class_paired=True
Epoch [75/100] | Loss: 7.0853 (Cls: 7.0706, TAL: 0.0194, Adv: 0.1548, OT-Reg: 0.000830) | OT inner objective: 0.0648 | Marginal residual row/col/max: 9.08e-05/1.30e-08/9.08e-05 | Train Acc: 0.1442 | Val Acc: 0.0957 | Val P/R/F1 (Macro): 0.2024/0.1465/0.1180 | LR: 0.000001
Epoch [76/100] | SVD update #76: pairs=440, sweeps=9, converged=True, rel_change=6.538e-04, effective_ranks=(321, 26), class_paired=True
Epoch [76/100] | Loss: 7.3296 (Cls: 7.3095, TAL: 0.0576, Adv: 0.1649, OT-Reg: 0.000925) | OT inner objective: 0.0614 | Marginal residual row/col/max: 5.57e-05/1.72e-08/5.57e-05 | Train Acc: 0.0793 | Val Acc: 0.0783 | Val P/R/F1 (Macro): 0.0923/0.1272/0.0715 | LR: 0.000001
Epoch [77/100] | SVD update #77: pairs=440, sweeps=10, converged=False, rel_change=1.858e-02, effective_ranks=(326, 23), class_paired=True
Epoch [77/100] | Loss: 8.3780 (Cls: 8.3577, TAL: 0.0518, Adv: 0.1757, OT-Reg: 0.000837) | OT inner objective: 0.0517 | Marginal residual row/col/max: 4.28e-06/1.07e-08/4.28e-06 | Train Acc: 0.1178 | Val Acc: 0.1130 | Val P/R/F1 (Macro): 0.0895/0.0828/0.0632 | LR: 0.000001
Epoch [78/100] | SVD update #78: pairs=440, sweeps=10, converged=False, rel_change=1.257e-03, effective_ranks=(326, 24), class_paired=True
Epoch [78/100] | Loss: 8.6644 (Cls: 8.6539, TAL: -0.0026, Adv: 0.1351, OT-Reg: 0.000831) | OT inner objective: -0.0339 | Marginal residual row/col/max: 2.66e-05/1.17e-08/2.66e-05 | Train Acc: 0.1394 | Val Acc: 0.1826 | Val P/R/F1 (Macro): 0.1426/0.1629/0.1422 | LR: 0.000001
Epoch [79/100] | SVD update #79: pairs=440, sweeps=10, converged=False, rel_change=6.982e-03, effective_ranks=(327, 18), class_paired=True
Epoch [79/100] | Loss: 8.6940 (Cls: 8.6716, TAL: 0.0534, Adv: 0.1997, OT-Reg: 0.000817) | OT inner objective: 0.0742 | Marginal residual row/col/max: 1.15e-05/1.55e-08/1.15e-05 | Train Acc: 0.1274 | Val Acc: 0.2261 | Val P/R/F1 (Macro): 0.1869/0.1755/0.1177 | LR: 0.000001
Epoch [80/100] | SVD update #80: pairs=440, sweeps=10, converged=True, rel_change=9.228e-04, effective_ranks=(327, 20), class_paired=True
Epoch [80/100] | Loss: 8.9446 (Cls: 8.9027, TAL: 0.2191, Adv: 0.1945, OT-Reg: 0.000801) | OT inner objective: 0.0622 | Marginal residual row/col/max: 2.36e-05/2.02e-08/2.36e-05 | Train Acc: 0.1178 | Val Acc: 0.1565 | Val P/R/F1 (Macro): 0.0749/0.1211/0.0899 | LR: 0.000001
Epoch [81/100] | SVD update #81: pairs=440, sweeps=5, converged=True, rel_change=6.170e-04, effective_ranks=(326, 25), class_paired=True
Epoch [81/100] | Loss: 8.8946 (Cls: 8.8528, TAL: 0.2575, Adv: 0.1356, OT-Reg: 0.000889) | OT inner objective: 0.0012 | Marginal residual row/col/max: 3.98e-05/1.62e-08/3.98e-05 | Train Acc: 0.1635 | Val Acc: 0.2696 | Val P/R/F1 (Macro): 0.2184/0.2026/0.1883 | LR: 0.000001
Epoch [82/100] | SVD update #82: pairs=440, sweeps=9, converged=True, rel_change=8.752e-04, effective_ranks=(325, 26), class_paired=True
Epoch [82/100] | Loss: 8.4087 (Cls: 8.3658, TAL: 0.2632, Adv: 0.1413, OT-Reg: 0.000900) | OT inner objective: -0.0478 | Marginal residual row/col/max: 8.32e-05/1.07e-08/8.32e-05 | Train Acc: 0.1370 | Val Acc: 0.2783 | Val P/R/F1 (Macro): 0.1588/0.2388/0.1816 | LR: 0.000001
Epoch [83/100] | SVD update #83: pairs=440, sweeps=10, converged=False, rel_change=2.427e-01, effective_ranks=(326, 25), class_paired=True
Epoch [83/100] | Loss: 8.0940 (Cls: 8.0890, TAL: -0.0361, Adv: 0.1173, OT-Reg: 0.000947) | OT inner objective: -0.0233 | Marginal residual row/col/max: 1.28e-05/2.26e-08/1.28e-05 | Train Acc: 0.1178 | Val Acc: 0.0783 | Val P/R/F1 (Macro): 0.0599/0.0539/0.0565 | LR: 0.000001
Epoch [84/100] | SVD update #84: pairs=440, sweeps=10, converged=False, rel_change=3.065e-03, effective_ranks=(322, 21), class_paired=True
Epoch [84/100] | Loss: 7.6162 (Cls: 7.5873, TAL: 0.1623, Adv: 0.1181, OT-Reg: 0.000813) | OT inner objective: 0.0895 | Marginal residual row/col/max: 6.15e-06/2.19e-08/6.16e-06 | Train Acc: 0.0649 | Val Acc: 0.1913 | Val P/R/F1 (Macro): 0.0803/0.1507/0.0997 | LR: 0.000001
Epoch [85/100] | SVD update #85: pairs=440, sweeps=7, converged=True, rel_change=8.587e-04, effective_ranks=(324, 21), class_paired=True
Epoch [85/100] | Loss: 7.2329 (Cls: 7.2114, TAL: 0.0640, Adv: 0.1729, OT-Reg: 0.000797) | OT inner objective: 0.1161 | Marginal residual row/col/max: 1.83e-05/2.39e-08/1.83e-05 | Train Acc: 0.0601 | Val Acc: 0.1391 | Val P/R/F1 (Macro): 0.0773/0.1254/0.0910 | LR: 0.000001
Epoch [86/100] | SVD update #86: pairs=440, sweeps=8, converged=True, rel_change=7.226e-04, effective_ranks=(326, 20), class_paired=True
Epoch [86/100] | Loss: 7.3208 (Cls: 7.2833, TAL: 0.2099, Adv: 0.1547, OT-Reg: 0.000647) | OT inner objective: 0.1331 | Marginal residual row/col/max: 3.86e-04/1.53e-08/3.86e-04 | Train Acc: 0.1106 | Val Acc: 0.0087 | Val P/R/F1 (Macro): 0.0065/0.0159/0.0093 | LR: 0.000001
Epoch [87/100] | SVD update #87: pairs=440, sweeps=5, converged=True, rel_change=9.808e-04, effective_ranks=(324, 21), class_paired=True
Epoch [87/100] | Loss: 7.5054 (Cls: 7.4737, TAL: 0.1871, Adv: 0.1153, OT-Reg: 0.000675) | OT inner objective: 0.0673 | Marginal residual row/col/max: 6.03e-05/1.81e-08/6.03e-05 | Train Acc: 0.0986 | Val Acc: 0.0870 | Val P/R/F1 (Macro): 0.0765/0.0562/0.0599 | LR: 0.000001
Epoch [88/100] | SVD update #88: pairs=440, sweeps=7, converged=True, rel_change=6.734e-04, effective_ranks=(319, 17), class_paired=True
Epoch [88/100] | Loss: 8.3477 (Cls: 8.3336, TAL: 0.0601, Adv: 0.0863, OT-Reg: 0.000667) | OT inner objective: 0.0626 | Marginal residual row/col/max: 3.48e-04/1.40e-08/3.48e-04 | Train Acc: 0.1034 | Val Acc: 0.0609 | Val P/R/F1 (Macro): 0.0660/0.0537/0.0498 | LR: 0.000001
Epoch [89/100] | SVD update #89: pairs=440, sweeps=8, converged=True, rel_change=6.098e-04, effective_ranks=(321, 17), class_paired=True
Epoch [89/100] | Loss: 8.3864 (Cls: 8.3715, TAL: 0.0291, Adv: 0.1433, OT-Reg: 0.000658) | OT inner objective: 0.1215 | Marginal residual row/col/max: 5.72e-05/1.06e-08/5.72e-05 | Train Acc: 0.1202 | Val Acc: 0.1217 | Val P/R/F1 (Macro): 0.0725/0.1108/0.0765 | LR: 0.000001
Epoch [90/100] | SVD update #90: pairs=440, sweeps=5, converged=True, rel_change=3.879e-04, effective_ranks=(324, 14), class_paired=True
Epoch [90/100] | Loss: 8.2954 (Cls: 8.2808, TAL: 0.0274, Adv: 0.1423, OT-Reg: 0.000807) | OT inner objective: -0.0088 | Marginal residual row/col/max: 1.63e-04/2.35e-08/1.63e-04 | Train Acc: 0.1274 | Val Acc: 0.0870 | Val P/R/F1 (Macro): 0.1447/0.0928/0.0636 | LR: 0.000001
Epoch [91/100] | SVD update #91: pairs=440, sweeps=10, converged=False, rel_change=3.407e-03, effective_ranks=(322, 17), class_paired=True
Epoch [91/100] | Loss: 7.8873 (Cls: 7.8515, TAL: 0.1736, Adv: 0.1872, OT-Reg: 0.000817) | OT inner objective: 0.1573 | Marginal residual row/col/max: 2.09e-05/2.25e-08/2.09e-05 | Train Acc: 0.1154 | Val Acc: 0.1391 | Val P/R/F1 (Macro): 0.2485/0.1399/0.1368 | LR: 0.000001
Epoch [92/100] | SVD update #92: pairs=440, sweeps=10, converged=True, rel_change=4.068e-04, effective_ranks=(324, 16), class_paired=True
Epoch [92/100] | Loss: 8.5987 (Cls: 8.5998, TAL: -0.0616, Adv: 0.0784, OT-Reg: 0.000942) | OT inner objective: 0.0070 | Marginal residual row/col/max: 7.56e-06/2.18e-08/7.56e-06 | Train Acc: 0.1226 | Val Acc: 0.1130 | Val P/R/F1 (Macro): 0.1450/0.1160/0.0670 | LR: 0.000001
Epoch [93/100] | SVD update #93: pairs=440, sweeps=10, converged=False, rel_change=1.478e-01, effective_ranks=(326, 22), class_paired=True
Epoch [93/100] | Loss: 7.6154 (Cls: 7.5854, TAL: 0.2131, Adv: 0.0549, OT-Reg: 0.000932) | OT inner objective: 0.1793 | Marginal residual row/col/max: 1.81e-08/2.92e-08/3.12e-08 | Train Acc: 0.1490 | Val Acc: 0.1130 | Val P/R/F1 (Macro): 0.1248/0.1061/0.0957 | LR: 0.000001
Epoch [94/100] | SVD update #94: pairs=440, sweeps=9, converged=True, rel_change=8.433e-04, effective_ranks=(324, 17), class_paired=True
Epoch [94/100] | Loss: 8.2715 (Cls: 8.2577, TAL: 0.0151, Adv: 0.1488, OT-Reg: 0.000782) | OT inner objective: 0.1306 | Marginal residual row/col/max: 8.05e-05/1.22e-08/8.05e-05 | Train Acc: 0.1250 | Val Acc: 0.1130 | Val P/R/F1 (Macro): 0.0719/0.1186/0.0850 | LR: 0.000001
Epoch [95/100] | SVD update #95: pairs=440, sweeps=7, converged=True, rel_change=4.119e-04, effective_ranks=(323, 17), class_paired=True
Epoch [95/100] | Loss: 8.1923 (Cls: 8.1907, TAL: -0.0222, Adv: 0.0535, OT-Reg: 0.000900) | OT inner objective: 0.1697 | Marginal residual row/col/max: 9.87e-07/2.26e-08/9.94e-07 | Train Acc: 0.1154 | Val Acc: 0.1043 | Val P/R/F1 (Macro): 0.0687/0.1279/0.0812 | LR: 0.000001
Epoch [96/100] | SVD update #96: pairs=440, sweeps=8, converged=True, rel_change=7.604e-04, effective_ranks=(325, 14), class_paired=True
Epoch [96/100] | Loss: 7.9440 (Cls: 7.9416, TAL: -0.0366, Adv: 0.0846, OT-Reg: 0.000840) | OT inner objective: 0.1162 | Marginal residual row/col/max: 6.84e-05/2.18e-08/6.84e-05 | Train Acc: 0.0889 | Val Acc: 0.1130 | Val P/R/F1 (Macro): 0.0773/0.1150/0.0731 | LR: 0.000001
Epoch [97/100] | SVD update #97: pairs=440, sweeps=10, converged=False, rel_change=1.367e-03, effective_ranks=(324, 20), class_paired=True
Epoch [97/100] | Loss: 8.0526 (Cls: 8.0371, TAL: 0.0688, Adv: 0.0906, OT-Reg: 0.000825) | OT inner objective: 0.1638 | Marginal residual row/col/max: 4.18e-05/1.43e-08/4.18e-05 | Train Acc: 0.1394 | Val Acc: 0.1217 | Val P/R/F1 (Macro): 0.1519/0.0747/0.0584 | LR: 0.000001
Epoch [98/100] | SVD update #98: pairs=440, sweeps=7, converged=True, rel_change=5.944e-04, effective_ranks=(325, 19), class_paired=True
Epoch [98/100] | Loss: 8.4031 (Cls: 8.3900, TAL: -0.0525, Adv: 0.2426, OT-Reg: 0.000869) | OT inner objective: 0.1824 | Marginal residual row/col/max: 4.75e-07/2.05e-08/4.81e-07 | Train Acc: 0.1106 | Val Acc: 0.0870 | Val P/R/F1 (Macro): 0.0450/0.0838/0.0561 | LR: 0.000001
Epoch [99/100] | SVD update #99: pairs=440, sweeps=6, converged=True, rel_change=6.147e-04, effective_ranks=(324, 18), class_paired=True
Epoch [99/100] | Loss: 8.2434 (Cls: 8.2395, TAL: -0.0516, Adv: 0.1254, OT-Reg: 0.000835) | OT inner objective: 0.1003 | Marginal residual row/col/max: 3.41e-06/1.38e-08/3.41e-06 | Train Acc: 0.0938 | Val Acc: 0.0783 | Val P/R/F1 (Macro): 0.0447/0.0905/0.0460 | LR: 0.000001
Epoch [100/100] | SVD update #100: pairs=440, sweeps=10, converged=False, rel_change=1.054e-03, effective_ranks=(326, 19), class_paired=True
Epoch [100/100] | Loss: 8.7001 (Cls: 8.7028, TAL: -0.0809, Adv: 0.0886, OT-Reg: 0.000925) | OT inner objective: -0.0764 | Marginal residual row/col/max: 7.33e-05/1.76e-08/7.33e-05 | Train Acc: 0.0817 | Val Acc: 0.0609 | Val P/R/F1 (Macro): 0.0367/0.0773/0.0316 | LR: 0.000001
Report strategy: best, window=10, reported_acc=0.4000, best_acc=0.4000, selected_epoch=24

迭代 4 报告指标:
  Accuracy: 0.4000
  Precision (Macro): 0.3902
  Recall (Macro): 0.3312
  F1 (Macro): 0.3218
  Precision (Micro): 0.4000
  Recall (Micro): 0.4000
  F1 (Micro): 0.4000
  Val class coverage: 9/14 (0.6429), samples=115

================================================================================
迭代 5/5
随机种子: 46
================================================================================
配对采样器已初始化，共 9 个共有类别。
Training mode: full target-label supervision (class-paired batches).
Feature fusion: Tensor alignment (512+512 -> 16+16); fused_dim=32
Domain adaptation: Neural OT generator with 3-domain discriminator
Loss weights: tensor=0.12, adv=0.08
Transport: mode=sinkhorn, epsilon=0.1, Sinkhorn iterations=50, correction scale=0.1, correction regularization weight=0.001
Tensor projection update: once per epoch from the complete target-training pairing bank; projection_dim=16, max_sweeps=10, relative singular-value tolerance=0.001
Epoch [1/100] | SVD update #1: pairs=440, sweeps=5, converged=True, rel_change=6.193e-04, effective_ranks=(327, 112), class_paired=True
Epoch [1/100] | Loss: 7.8860 (Cls: 7.8964, TAL: -0.2394, Adv: 0.2284, OT-Reg: 0.001083) | OT inner objective: 0.2646 | Marginal residual row/col/max: 1.20e-08/1.96e-08/1.99e-08 | Train Acc: 0.1587 | Val Acc: 0.2609 | Val P/R/F1 (Macro): 0.2741/0.3060/0.2064 | LR: 0.000005
  >>> New Best Val Acc: 0.2609
Epoch [2/100] | SVD update #2: pairs=440, sweeps=6, converged=True, rel_change=1.341e-04, effective_ranks=(326, 50), class_paired=True
Epoch [2/100] | Loss: 7.3423 (Cls: 7.3719, TAL: -0.3797, Adv: 0.1998, OT-Reg: 0.000992) | OT inner objective: 0.1621 | Marginal residual row/col/max: 2.61e-07/1.73e-08/2.66e-07 | Train Acc: 0.1755 | Val Acc: 0.3304 | Val P/R/F1 (Macro): 0.2405/0.2833/0.2166 | LR: 0.000005
  >>> New Best Val Acc: 0.3304
Epoch [3/100] | SVD update #3: pairs=440, sweeps=10, converged=False, rel_change=6.413e-01, effective_ranks=(326, 59), class_paired=True
Epoch [3/100] | Loss: 8.1110 (Cls: 8.0825, TAL: 0.0834, Adv: 0.2317, OT-Reg: 0.000940) | OT inner objective: 0.2354 | Marginal residual row/col/max: 1.04e-06/3.05e-08/1.05e-06 | Train Acc: 0.1322 | Val Acc: 0.1826 | Val P/R/F1 (Macro): 0.2049/0.2371/0.1544 | LR: 0.000005
Epoch [4/100] | SVD update #4: pairs=440, sweeps=10, converged=False, rel_change=2.125e+00, effective_ranks=(325, 39), class_paired=True
Epoch [4/100] | Loss: 7.8513 (Cls: 7.8303, TAL: 0.0197, Adv: 0.2335, OT-Reg: 0.001117) | OT inner objective: 0.2060 | Marginal residual row/col/max: 1.43e-08/1.72e-08/2.03e-08 | Train Acc: 0.1154 | Val Acc: 0.1304 | Val P/R/F1 (Macro): 0.1401/0.0827/0.0896 | LR: 0.000005
Epoch [5/100] | SVD update #5: pairs=440, sweeps=10, converged=False, rel_change=3.439e-02, effective_ranks=(327, 37), class_paired=True
Epoch [5/100] | Loss: 7.5187 (Cls: 7.5304, TAL: -0.2337, Adv: 0.2047, OT-Reg: 0.001079) | OT inner objective: 0.2668 | Marginal residual row/col/max: 1.13e-08/1.91e-08/1.96e-08 | Train Acc: 0.1562 | Val Acc: 0.2957 | Val P/R/F1 (Macro): 0.4556/0.2915/0.2169 | LR: 0.000005
Epoch [6/100] | SVD update #6: pairs=440, sweeps=8, converged=True, rel_change=1.972e-04, effective_ranks=(323, 15), class_paired=True
Epoch [6/100] | Loss: 7.3363 (Cls: 7.3195, TAL: -0.0095, Adv: 0.2239, OT-Reg: 0.000920) | OT inner objective: 0.2021 | Marginal residual row/col/max: 1.92e-07/3.40e-08/2.10e-07 | Train Acc: 0.1490 | Val Acc: 0.1913 | Val P/R/F1 (Macro): 0.1374/0.1417/0.1328 | LR: 0.000005
Epoch [7/100] | SVD update #7: pairs=440, sweeps=6, converged=True, rel_change=4.668e-04, effective_ranks=(323, 10), class_paired=True
Epoch [7/100] | Loss: 7.1354 (Cls: 7.1118, TAL: 0.0619, Adv: 0.2024, OT-Reg: 0.000894) | OT inner objective: 0.0784 | Marginal residual row/col/max: 1.83e-07/2.24e-08/1.87e-07 | Train Acc: 0.2188 | Val Acc: 0.1565 | Val P/R/F1 (Macro): 0.1717/0.2217/0.1144 | LR: 0.000005
Epoch [8/100] | SVD update #8: pairs=440, sweeps=5, converged=True, rel_change=3.287e-04, effective_ranks=(324, 7), class_paired=True
Epoch [8/100] | Loss: 6.9772 (Cls: 6.9804, TAL: -0.1502, Adv: 0.1851, OT-Reg: 0.000919) | OT inner objective: 0.0083 | Marginal residual row/col/max: 1.75e-05/1.28e-08/1.75e-05 | Train Acc: 0.1442 | Val Acc: 0.1217 | Val P/R/F1 (Macro): 0.1752/0.1724/0.0749 | LR: 0.000005
Epoch [9/100] | SVD update #9: pairs=440, sweeps=9, converged=True, rel_change=3.318e-04, effective_ranks=(321, 11), class_paired=True
Epoch [9/100] | Loss: 7.2271 (Cls: 7.2153, TAL: -0.0221, Adv: 0.1803, OT-Reg: 0.000922) | OT inner objective: 0.1515 | Marginal residual row/col/max: 4.23e-08/2.95e-08/5.24e-08 | Train Acc: 0.1226 | Val Acc: 0.1304 | Val P/R/F1 (Macro): 0.2275/0.1839/0.1300 | LR: 0.000005
Epoch [10/100] | SVD update #10: pairs=440, sweeps=10, converged=False, rel_change=7.486e-02, effective_ranks=(322, 9), class_paired=True
Epoch [10/100] | Loss: 6.9015 (Cls: 6.8669, TAL: 0.1818, Adv: 0.1592, OT-Reg: 0.000984) | OT inner objective: 0.1141 | Marginal residual row/col/max: 9.47e-06/2.13e-08/9.48e-06 | Train Acc: 0.1130 | Val Acc: 0.2000 | Val P/R/F1 (Macro): 0.2188/0.2598/0.1349 | LR: 0.000005
Epoch [11/100] | SVD update #11: pairs=440, sweeps=9, converged=True, rel_change=8.165e-04, effective_ranks=(327, 11), class_paired=True
Epoch [11/100] | Loss: 6.4545 (Cls: 6.4513, TAL: -0.0778, Adv: 0.1566, OT-Reg: 0.000771) | OT inner objective: 0.0660 | Marginal residual row/col/max: 2.51e-05/3.75e-08/2.51e-05 | Train Acc: 0.2019 | Val Acc: 0.1913 | Val P/R/F1 (Macro): 0.1919/0.2223/0.1495 | LR: 0.000005
Epoch [12/100] | SVD update #12: pairs=440, sweeps=7, converged=True, rel_change=6.210e-04, effective_ranks=(321, 9), class_paired=True
Epoch [12/100] | Loss: 6.2155 (Cls: 6.2248, TAL: -0.1813, Adv: 0.1549, OT-Reg: 0.001096) | OT inner objective: 0.0915 | Marginal residual row/col/max: 4.53e-07/1.75e-08/4.57e-07 | Train Acc: 0.1899 | Val Acc: 0.2609 | Val P/R/F1 (Macro): 0.2617/0.3382/0.2492 | LR: 0.000005
Epoch [13/100] | SVD update #13: pairs=440, sweeps=5, converged=True, rel_change=2.367e-04, effective_ranks=(324, 10), class_paired=True
Epoch [13/100] | Loss: 6.0848 (Cls: 6.1019, TAL: -0.2452, Adv: 0.1543, OT-Reg: 0.000983) | OT inner objective: -0.1612 | Marginal residual row/col/max: 3.60e-04/1.30e-08/3.60e-04 | Train Acc: 0.2091 | Val Acc: 0.2435 | Val P/R/F1 (Macro): 0.2533/0.3142/0.1971 | LR: 0.000003
Epoch [14/100] | SVD update #14: pairs=440, sweeps=5, converged=True, rel_change=9.322e-05, effective_ranks=(320, 9), class_paired=True
Epoch [14/100] | Loss: 6.8158 (Cls: 6.7999, TAL: 0.0129, Adv: 0.1792, OT-Reg: 0.001044) | OT inner objective: 0.0331 | Marginal residual row/col/max: 2.36e-06/2.58e-08/2.36e-06 | Train Acc: 0.1490 | Val Acc: 0.1304 | Val P/R/F1 (Macro): 0.0609/0.1592/0.0778 | LR: 0.000003
Epoch [15/100] | SVD update #15: pairs=440, sweeps=7, converged=True, rel_change=8.444e-04, effective_ranks=(319, 14), class_paired=True
Epoch [15/100] | Loss: 6.5779 (Cls: 6.5461, TAL: 0.1473, Adv: 0.1763, OT-Reg: 0.000949) | OT inner objective: 0.1287 | Marginal residual row/col/max: 7.94e-05/2.24e-08/7.94e-05 | Train Acc: 0.1466 | Val Acc: 0.1826 | Val P/R/F1 (Macro): 0.1164/0.1382/0.0926 | LR: 0.000003
Epoch [16/100] | SVD update #16: pairs=440, sweeps=7, converged=True, rel_change=7.122e-04, effective_ranks=(321, 11), class_paired=True
Epoch [16/100] | Loss: 6.1051 (Cls: 6.0916, TAL: 0.0212, Adv: 0.1366, OT-Reg: 0.001121) | OT inner objective: -0.0840 | Marginal residual row/col/max: 3.04e-04/2.12e-08/3.04e-04 | Train Acc: 0.2139 | Val Acc: 0.1913 | Val P/R/F1 (Macro): 0.0753/0.2713/0.1065 | LR: 0.000003
Epoch [17/100] | SVD update #17: pairs=440, sweeps=4, converged=True, rel_change=3.259e-04, effective_ranks=(315, 10), class_paired=True
Epoch [17/100] | Loss: 5.9865 (Cls: 5.9792, TAL: -0.0309, Adv: 0.1379, OT-Reg: 0.001128) | OT inner objective: -0.1113 | Marginal residual row/col/max: 6.78e-05/2.03e-08/6.78e-05 | Train Acc: 0.1875 | Val Acc: 0.1565 | Val P/R/F1 (Macro): 0.2028/0.2143/0.1063 | LR: 0.000003
Epoch [18/100] | SVD update #18: pairs=440, sweeps=7, converged=True, rel_change=8.754e-04, effective_ranks=(323, 13), class_paired=True
Epoch [18/100] | Loss: 5.9281 (Cls: 5.9508, TAL: -0.2699, Adv: 0.1206, OT-Reg: 0.001003) | OT inner objective: -0.0704 | Marginal residual row/col/max: 7.34e-05/1.19e-08/7.34e-05 | Train Acc: 0.2091 | Val Acc: 0.2000 | Val P/R/F1 (Macro): 0.3150/0.2582/0.1534 | LR: 0.000003
Epoch [19/100] | SVD update #19: pairs=440, sweeps=6, converged=True, rel_change=4.255e-04, effective_ranks=(324, 11), class_paired=True
Epoch [19/100] | Loss: 5.7919 (Cls: 5.7947, TAL: -0.1155, Adv: 0.1385, OT-Reg: 0.001034) | OT inner objective: -0.0468 | Marginal residual row/col/max: 2.27e-04/1.36e-08/2.27e-04 | Train Acc: 0.2404 | Val Acc: 0.2696 | Val P/R/F1 (Macro): 0.3736/0.2849/0.2305 | LR: 0.000003
Epoch [20/100] | SVD update #20: pairs=440, sweeps=4, converged=True, rel_change=8.514e-04, effective_ranks=(315, 12), class_paired=True
Epoch [20/100] | Loss: 6.1848 (Cls: 6.1692, TAL: 0.0188, Adv: 0.1667, OT-Reg: 0.001037) | OT inner objective: -0.0616 | Marginal residual row/col/max: 8.99e-05/1.68e-08/8.99e-05 | Train Acc: 0.1899 | Val Acc: 0.2522 | Val P/R/F1 (Macro): 0.1786/0.1919/0.1796 | LR: 0.000003
Epoch [21/100] | SVD update #21: pairs=440, sweeps=7, converged=True, rel_change=3.013e-04, effective_ranks=(327, 13), class_paired=True
Epoch [21/100] | Loss: 5.7202 (Cls: 5.7411, TAL: -0.2827, Adv: 0.1623, OT-Reg: 0.001118) | OT inner objective: -0.0058 | Marginal residual row/col/max: 1.26e-04/1.13e-08/1.26e-04 | Train Acc: 0.2163 | Val Acc: 0.2174 | Val P/R/F1 (Macro): 0.3697/0.2464/0.1952 | LR: 0.000003
Epoch [22/100] | SVD update #22: pairs=440, sweeps=4, converged=True, rel_change=5.404e-04, effective_ranks=(327, 13), class_paired=True
Epoch [22/100] | Loss: 5.6885 (Cls: 5.7158, TAL: -0.3366, Adv: 0.1632, OT-Reg: 0.001041) | OT inner objective: -0.2276 | Marginal residual row/col/max: 7.11e-05/1.17e-08/7.11e-05 | Train Acc: 0.2909 | Val Acc: 0.1913 | Val P/R/F1 (Macro): 0.2594/0.1944/0.1548 | LR: 0.000003
Epoch [23/100] | SVD update #23: pairs=440, sweeps=5, converged=True, rel_change=1.902e-04, effective_ranks=(324, 14), class_paired=True
Epoch [23/100] | Loss: 5.6667 (Cls: 5.6875, TAL: -0.2581, Adv: 0.1273, OT-Reg: 0.001022) | OT inner objective: -0.1450 | Marginal residual row/col/max: 2.53e-04/1.40e-08/2.53e-04 | Train Acc: 0.3053 | Val Acc: 0.3130 | Val P/R/F1 (Macro): 0.3990/0.3248/0.2639 | LR: 0.000003
Epoch [24/100] | SVD update #24: pairs=440, sweeps=6, converged=True, rel_change=7.510e-04, effective_ranks=(321, 10), class_paired=True
Epoch [24/100] | Loss: 5.6518 (Cls: 5.6698, TAL: -0.2406, Adv: 0.1364, OT-Reg: 0.001001) | OT inner objective: -0.0735 | Marginal residual row/col/max: 4.00e-05/1.50e-08/4.00e-05 | Train Acc: 0.2596 | Val Acc: 0.1739 | Val P/R/F1 (Macro): 0.1254/0.1831/0.1177 | LR: 0.000001
Epoch [25/100] | SVD update #25: pairs=440, sweeps=5, converged=True, rel_change=5.867e-04, effective_ranks=(326, 11), class_paired=True
Epoch [25/100] | Loss: 5.5851 (Cls: 5.6083, TAL: -0.2661, Adv: 0.1094, OT-Reg: 0.001024) | OT inner objective: -0.1415 | Marginal residual row/col/max: 1.02e-04/1.19e-08/1.02e-04 | Train Acc: 0.2428 | Val Acc: 0.2087 | Val P/R/F1 (Macro): 0.4124/0.2648/0.2356 | LR: 0.000001
Epoch [26/100] | SVD update #26: pairs=440, sweeps=4, converged=True, rel_change=2.044e-04, effective_ranks=(327, 13), class_paired=True
Epoch [26/100] | Loss: 5.4544 (Cls: 5.4951, TAL: -0.4345, Adv: 0.1434, OT-Reg: 0.001033) | OT inner objective: -0.1613 | Marginal residual row/col/max: 8.19e-05/2.05e-08/8.19e-05 | Train Acc: 0.2861 | Val Acc: 0.2522 | Val P/R/F1 (Macro): 0.3582/0.2593/0.2190 | LR: 0.000001
Epoch [27/100] | SVD update #27: pairs=440, sweeps=4, converged=True, rel_change=3.060e-04, effective_ranks=(327, 14), class_paired=True
Epoch [27/100] | Loss: 5.4532 (Cls: 5.4782, TAL: -0.3343, Adv: 0.1894, OT-Reg: 0.000993) | OT inner objective: -0.1324 | Marginal residual row/col/max: 1.08e-04/1.79e-08/1.08e-04 | Train Acc: 0.3173 | Val Acc: 0.2870 | Val P/R/F1 (Macro): 0.2199/0.4131/0.2383 | LR: 0.000001
Epoch [28/100] | SVD update #28: pairs=440, sweeps=3, converged=True, rel_change=9.485e-04, effective_ranks=(326, 12), class_paired=True
Epoch [28/100] | Loss: 5.6352 (Cls: 5.6700, TAL: -0.3732, Adv: 0.1250, OT-Reg: 0.001064) | OT inner objective: -0.1827 | Marginal residual row/col/max: 2.36e-05/1.25e-08/2.36e-05 | Train Acc: 0.2957 | Val Acc: 0.2870 | Val P/R/F1 (Macro): 0.4145/0.3635/0.2960 | LR: 0.000001
Epoch [29/100] | SVD update #29: pairs=440, sweeps=9, converged=True, rel_change=5.879e-04, effective_ranks=(325, 19), class_paired=True
Epoch [29/100] | Loss: 5.4336 (Cls: 5.4415, TAL: -0.1573, Adv: 0.1371, OT-Reg: 0.001030) | OT inner objective: -0.0274 | Marginal residual row/col/max: 1.22e-05/2.11e-08/1.22e-05 | Train Acc: 0.2380 | Val Acc: 0.2870 | Val P/R/F1 (Macro): 0.1680/0.2279/0.1840 | LR: 0.000001
Epoch [30/100] | SVD update #30: pairs=440, sweeps=5, converged=True, rel_change=1.383e-04, effective_ranks=(327, 15), class_paired=True
Epoch [30/100] | Loss: 5.3522 (Cls: 5.3622, TAL: -0.2031, Adv: 0.1806, OT-Reg: 0.001028) | OT inner objective: -0.1186 | Marginal residual row/col/max: 1.13e-04/1.63e-08/1.13e-04 | Train Acc: 0.3197 | Val Acc: 0.2696 | Val P/R/F1 (Macro): 0.4272/0.3077/0.2512 | LR: 0.000001
Epoch [31/100] | SVD update #31: pairs=440, sweeps=5, converged=True, rel_change=1.404e-04, effective_ranks=(326, 17), class_paired=True
Epoch [31/100] | Loss: 5.2482 (Cls: 5.2591, TAL: -0.1832, Adv: 0.1392, OT-Reg: 0.001067) | OT inner objective: 0.0110 | Marginal residual row/col/max: 1.86e-05/2.13e-08/1.86e-05 | Train Acc: 0.3510 | Val Acc: 0.3391 | Val P/R/F1 (Macro): 0.4496/0.3868/0.3297 | LR: 0.000001
  >>> New Best Val Acc: 0.3391
Epoch [32/100] | SVD update #32: pairs=440, sweeps=3, converged=True, rel_change=7.938e-04, effective_ranks=(326, 14), class_paired=True
Epoch [32/100] | Loss: 5.4427 (Cls: 5.4861, TAL: -0.4626, Adv: 0.1515, OT-Reg: 0.001042) | OT inner objective: -0.1709 | Marginal residual row/col/max: 3.10e-05/1.43e-08/3.10e-05 | Train Acc: 0.3101 | Val Acc: 0.2087 | Val P/R/F1 (Macro): 0.2397/0.2452/0.1847 | LR: 0.000001
Epoch [33/100] | SVD update #33: pairs=440, sweeps=3, converged=True, rel_change=5.109e-04, effective_ranks=(325, 15), class_paired=True
Epoch [33/100] | Loss: 6.2689 (Cls: 6.2894, TAL: -0.3392, Adv: 0.2519, OT-Reg: 0.000855) | OT inner objective: -0.1493 | Marginal residual row/col/max: 4.03e-04/2.51e-08/4.03e-04 | Train Acc: 0.2067 | Val Acc: 0.2696 | Val P/R/F1 (Macro): 0.2898/0.2342/0.2094 | LR: 0.000001
Epoch [34/100] | SVD update #34: pairs=440, sweeps=9, converged=True, rel_change=5.308e-04, effective_ranks=(325, 12), class_paired=True
Epoch [34/100] | Loss: 6.2122 (Cls: 6.1917, TAL: 0.0746, Adv: 0.1446, OT-Reg: 0.001115) | OT inner objective: 0.0681 | Marginal residual row/col/max: 4.25e-07/1.13e-08/4.25e-07 | Train Acc: 0.1659 | Val Acc: 0.2174 | Val P/R/F1 (Macro): 0.1449/0.1701/0.1416 | LR: 0.000001
Epoch [35/100] | SVD update #35: pairs=440, sweeps=10, converged=False, rel_change=2.114e-03, effective_ranks=(322, 13), class_paired=True
Epoch [35/100] | Loss: 5.4684 (Cls: 5.4780, TAL: -0.1755, Adv: 0.1430, OT-Reg: 0.001029) | OT inner objective: -0.1024 | Marginal residual row/col/max: 3.87e-05/1.38e-08/3.87e-05 | Train Acc: 0.2524 | Val Acc: 0.3043 | Val P/R/F1 (Macro): 0.3304/0.3389/0.2606 | LR: 0.000001
Epoch [36/100] | SVD update #36: pairs=440, sweeps=10, converged=False, rel_change=2.538e-03, effective_ranks=(326, 18), class_paired=True
Epoch [36/100] | Loss: 5.8549 (Cls: 5.8500, TAL: -0.0640, Adv: 0.1572, OT-Reg: 0.000968) | OT inner objective: 0.0188 | Marginal residual row/col/max: 7.52e-05/3.18e-08/7.52e-05 | Train Acc: 0.2188 | Val Acc: 0.1565 | Val P/R/F1 (Macro): 0.1146/0.1581/0.1094 | LR: 0.000001
Epoch [37/100] | SVD update #37: pairs=440, sweeps=5, converged=True, rel_change=8.881e-04, effective_ranks=(327, 16), class_paired=True
Epoch [37/100] | Loss: 5.9397 (Cls: 5.9544, TAL: -0.2325, Adv: 0.1640, OT-Reg: 0.001097) | OT inner objective: -0.1110 | Marginal residual row/col/max: 2.34e-05/1.40e-08/2.34e-05 | Train Acc: 0.2788 | Val Acc: 0.3043 | Val P/R/F1 (Macro): 0.2452/0.3181/0.2297 | LR: 0.000001
Epoch [38/100] | SVD update #38: pairs=440, sweeps=5, converged=True, rel_change=3.423e-04, effective_ranks=(320, 13), class_paired=True
Epoch [38/100] | Loss: 5.3923 (Cls: 5.4058, TAL: -0.2491, Adv: 0.2044, OT-Reg: 0.001091) | OT inner objective: -0.1030 | Marginal residual row/col/max: 1.97e-04/1.36e-08/1.97e-04 | Train Acc: 0.2668 | Val Acc: 0.2087 | Val P/R/F1 (Macro): 0.2181/0.2548/0.1904 | LR: 0.000001
Epoch [39/100] | SVD update #39: pairs=440, sweeps=4, converged=True, rel_change=9.057e-05, effective_ranks=(326, 13), class_paired=True
Epoch [39/100] | Loss: 5.2655 (Cls: 5.2881, TAL: -0.2737, Adv: 0.1276, OT-Reg: 0.001017) | OT inner objective: -0.0799 | Marginal residual row/col/max: 6.05e-05/1.43e-08/6.05e-05 | Train Acc: 0.2644 | Val Acc: 0.2435 | Val P/R/F1 (Macro): 0.1942/0.3154/0.2061 | LR: 0.000001
Epoch [40/100] | SVD update #40: pairs=440, sweeps=4, converged=True, rel_change=5.199e-04, effective_ranks=(323, 11), class_paired=True
Epoch [40/100] | Loss: 5.4319 (Cls: 5.4563, TAL: -0.2941, Adv: 0.1351, OT-Reg: 0.001019) | OT inner objective: -0.1508 | Marginal residual row/col/max: 1.25e-04/1.50e-08/1.25e-04 | Train Acc: 0.2812 | Val Acc: 0.2000 | Val P/R/F1 (Macro): 0.2584/0.2587/0.1805 | LR: 0.000001
Epoch [41/100] | SVD update #41: pairs=440, sweeps=4, converged=True, rel_change=3.256e-04, effective_ranks=(323, 14), class_paired=True
Epoch [41/100] | Loss: 5.4773 (Cls: 5.5010, TAL: -0.2966, Adv: 0.1478, OT-Reg: 0.001044) | OT inner objective: -0.1689 | Marginal residual row/col/max: 1.18e-04/1.17e-08/1.18e-04 | Train Acc: 0.2524 | Val Acc: 0.2522 | Val P/R/F1 (Macro): 0.3532/0.2862/0.2564 | LR: 0.000001
Epoch [42/100] | SVD update #42: pairs=440, sweeps=4, converged=True, rel_change=2.559e-04, effective_ranks=(327, 13), class_paired=True
Epoch [42/100] | Loss: 5.7551 (Cls: 5.7737, TAL: -0.2519, Adv: 0.1457, OT-Reg: 0.001030) | OT inner objective: -0.1381 | Marginal residual row/col/max: 3.05e-05/1.40e-08/3.05e-05 | Train Acc: 0.2837 | Val Acc: 0.2174 | Val P/R/F1 (Macro): 0.1733/0.2668/0.1678 | LR: 0.000001
Epoch [43/100] | SVD update #43: pairs=440, sweeps=4, converged=True, rel_change=2.838e-04, effective_ranks=(317, 15), class_paired=True
Epoch [43/100] | Loss: 5.7208 (Cls: 5.7651, TAL: -0.4375, Adv: 0.1024, OT-Reg: 0.001025) | OT inner objective: -0.2169 | Marginal residual row/col/max: 1.95e-04/1.36e-08/1.95e-04 | Train Acc: 0.2380 | Val Acc: 0.1478 | Val P/R/F1 (Macro): 0.2090/0.1941/0.1647 | LR: 0.000001
Epoch [44/100] | SVD update #44: pairs=440, sweeps=3, converged=True, rel_change=7.074e-04, effective_ranks=(325, 13), class_paired=True
Epoch [44/100] | Loss: 5.3745 (Cls: 5.4159, TAL: -0.4159, Adv: 0.1064, OT-Reg: 0.001069) | OT inner objective: -0.1828 | Marginal residual row/col/max: 8.02e-05/1.40e-08/8.02e-05 | Train Acc: 0.3245 | Val Acc: 0.2261 | Val P/R/F1 (Macro): 0.1897/0.2958/0.1883 | LR: 0.000001
Epoch [45/100] | SVD update #45: pairs=440, sweeps=4, converged=True, rel_change=2.682e-04, effective_ranks=(325, 12), class_paired=True
Epoch [45/100] | Loss: 5.4371 (Cls: 5.4775, TAL: -0.4018, Adv: 0.0969, OT-Reg: 0.001025) | OT inner objective: -0.0996 | Marginal residual row/col/max: 1.83e-05/1.52e-08/1.83e-05 | Train Acc: 0.2476 | Val Acc: 0.2087 | Val P/R/F1 (Macro): 0.1818/0.2642/0.1778 | LR: 0.000001
Epoch [46/100] | SVD update #46: pairs=440, sweeps=3, converged=True, rel_change=3.332e-04, effective_ranks=(326, 13), class_paired=True
Epoch [46/100] | Loss: 5.3508 (Cls: 5.3964, TAL: -0.4352, Adv: 0.0831, OT-Reg: 0.001073) | OT inner objective: -0.2487 | Marginal residual row/col/max: 1.91e-04/1.19e-08/1.91e-04 | Train Acc: 0.3317 | Val Acc: 0.2000 | Val P/R/F1 (Macro): 0.3397/0.2832/0.2247 | LR: 0.000001
Epoch [47/100] | SVD update #47: pairs=440, sweeps=4, converged=True, rel_change=7.119e-05, effective_ranks=(324, 12), class_paired=True
Epoch [47/100] | Loss: 5.3342 (Cls: 5.3629, TAL: -0.3125, Adv: 0.1096, OT-Reg: 0.001050) | OT inner objective: -0.1558 | Marginal residual row/col/max: 2.96e-05/1.23e-08/2.96e-05 | Train Acc: 0.3293 | Val Acc: 0.2174 | Val P/R/F1 (Macro): 0.2707/0.2772/0.2013 | LR: 0.000001
Epoch [48/100] | SVD update #48: pairs=440, sweeps=4, converged=True, rel_change=1.482e-04, effective_ranks=(325, 15), class_paired=True
Epoch [48/100] | Loss: 5.3844 (Cls: 5.3976, TAL: -0.1926, Adv: 0.1236, OT-Reg: 0.001038) | OT inner objective: -0.0600 | Marginal residual row/col/max: 1.09e-04/2.67e-08/1.09e-04 | Train Acc: 0.3293 | Val Acc: 0.2174 | Val P/R/F1 (Macro): 0.1701/0.2572/0.1706 | LR: 0.000001
Epoch [49/100] | SVD update #49: pairs=440, sweeps=4, converged=True, rel_change=1.027e-04, effective_ranks=(326, 14), class_paired=True
Epoch [49/100] | Loss: 5.3134 (Cls: 5.3570, TAL: -0.4233, Adv: 0.0900, OT-Reg: 0.001097) | OT inner objective: -0.1870 | Marginal residual row/col/max: 1.58e-04/1.29e-08/1.58e-04 | Train Acc: 0.2981 | Val Acc: 0.1826 | Val P/R/F1 (Macro): 0.2710/0.2330/0.1791 | LR: 0.000001
Epoch [50/100] | SVD update #50: pairs=440, sweeps=4, converged=True, rel_change=5.743e-05, effective_ranks=(327, 14), class_paired=True
Epoch [50/100] | Loss: 5.0764 (Cls: 5.1141, TAL: -0.3898, Adv: 0.1128, OT-Reg: 0.001006) | OT inner objective: -0.1735 | Marginal residual row/col/max: 1.68e-04/1.59e-08/1.68e-04 | Train Acc: 0.3870 | Val Acc: 0.2435 | Val P/R/F1 (Macro): 0.2972/0.2822/0.2262 | LR: 0.000001
Epoch [51/100] | SVD update #51: pairs=440, sweeps=4, converged=True, rel_change=9.276e-04, effective_ranks=(324, 16), class_paired=True
Epoch [51/100] | Loss: 5.2955 (Cls: 5.3218, TAL: -0.2874, Adv: 0.1013, OT-Reg: 0.001038) | OT inner objective: -0.1616 | Marginal residual row/col/max: 8.86e-05/1.29e-08/8.86e-05 | Train Acc: 0.2572 | Val Acc: 0.2174 | Val P/R/F1 (Macro): 0.3989/0.3053/0.2395 | LR: 0.000001
Epoch [52/100] | SVD update #52: pairs=440, sweeps=4, converged=True, rel_change=3.436e-04, effective_ranks=(327, 15), class_paired=True
Epoch [52/100] | Loss: 5.2093 (Cls: 5.2275, TAL: -0.2384, Adv: 0.1312, OT-Reg: 0.001047) | OT inner objective: -0.1237 | Marginal residual row/col/max: 4.78e-04/2.06e-08/4.78e-04 | Train Acc: 0.3365 | Val Acc: 0.2783 | Val P/R/F1 (Macro): 0.4428/0.3446/0.2734 | LR: 0.000001
Epoch [53/100] | SVD update #53: pairs=440, sweeps=4, converged=True, rel_change=1.957e-04, effective_ranks=(322, 14), class_paired=True
Epoch [53/100] | Loss: 5.1783 (Cls: 5.1906, TAL: -0.2183, Adv: 0.1729, OT-Reg: 0.001014) | OT inner objective: -0.1753 | Marginal residual row/col/max: 1.66e-04/1.91e-08/1.66e-04 | Train Acc: 0.3389 | Val Acc: 0.2261 | Val P/R/F1 (Macro): 0.2732/0.2670/0.2093 | LR: 0.000001
Epoch [54/100] | SVD update #54: pairs=440, sweeps=4, converged=True, rel_change=1.690e-04, effective_ranks=(325, 14), class_paired=True
Epoch [54/100] | Loss: 5.2808 (Cls: 5.3152, TAL: -0.3486, Adv: 0.0920, OT-Reg: 0.001079) | OT inner objective: -0.1818 | Marginal residual row/col/max: 7.71e-05/1.25e-08/7.71e-05 | Train Acc: 0.3173 | Val Acc: 0.1652 | Val P/R/F1 (Macro): 0.2896/0.1858/0.1676 | LR: 0.000001
Epoch [55/100] | SVD update #55: pairs=440, sweeps=4, converged=True, rel_change=2.402e-04, effective_ranks=(327, 13), class_paired=True
Epoch [55/100] | Loss: 5.1298 (Cls: 5.1543, TAL: -0.2936, Adv: 0.1340, OT-Reg: 0.001056) | OT inner objective: -0.1229 | Marginal residual row/col/max: 1.45e-04/1.75e-08/1.45e-04 | Train Acc: 0.3173 | Val Acc: 0.2348 | Val P/R/F1 (Macro): 0.2357/0.2406/0.1908 | LR: 0.000001
Epoch [56/100] | SVD update #56: pairs=440, sweeps=4, converged=True, rel_change=2.388e-04, effective_ranks=(327, 14), class_paired=True
Epoch [56/100] | Loss: 5.2288 (Cls: 5.2580, TAL: -0.3764, Adv: 0.1999, OT-Reg: 0.001114) | OT inner objective: -0.2199 | Marginal residual row/col/max: 3.23e-05/1.16e-08/3.23e-05 | Train Acc: 0.3606 | Val Acc: 0.2348 | Val P/R/F1 (Macro): 0.2952/0.3001/0.2200 | LR: 0.000001
Epoch [57/100] | SVD update #57: pairs=440, sweeps=4, converged=True, rel_change=2.418e-04, effective_ranks=(325, 14), class_paired=True
Epoch [57/100] | Loss: 5.1530 (Cls: 5.1793, TAL: -0.3360, Adv: 0.1761, OT-Reg: 0.000988) | OT inner objective: -0.1633 | Marginal residual row/col/max: 9.12e-05/1.79e-08/9.12e-05 | Train Acc: 0.3726 | Val Acc: 0.2261 | Val P/R/F1 (Macro): 0.2686/0.2769/0.2018 | LR: 0.000001
Epoch [58/100] | SVD update #58: pairs=440, sweeps=4, converged=True, rel_change=1.990e-04, effective_ranks=(326, 14), class_paired=True
Epoch [58/100] | Loss: 4.9684 (Cls: 4.9939, TAL: -0.3481, Adv: 0.2030, OT-Reg: 0.001034) | OT inner objective: -0.1529 | Marginal residual row/col/max: 9.86e-05/2.16e-08/9.86e-05 | Train Acc: 0.3870 | Val Acc: 0.2522 | Val P/R/F1 (Macro): 0.3452/0.2931/0.2394 | LR: 0.000001
Epoch [59/100] | SVD update #59: pairs=440, sweeps=4, converged=True, rel_change=2.577e-04, effective_ranks=(326, 16), class_paired=True
Epoch [59/100] | Loss: 4.8988 (Cls: 4.9363, TAL: -0.4346, Adv: 0.1837, OT-Reg: 0.000993) | OT inner objective: -0.1321 | Marginal residual row/col/max: 3.56e-05/1.38e-08/3.56e-05 | Train Acc: 0.4014 | Val Acc: 0.2957 | Val P/R/F1 (Macro): 0.3466/0.3808/0.2799 | LR: 0.000001
Epoch [60/100] | SVD update #60: pairs=440, sweeps=4, converged=True, rel_change=8.323e-04, effective_ranks=(326, 17), class_paired=True
Epoch [60/100] | Loss: 5.1405 (Cls: 5.1694, TAL: -0.3397, Adv: 0.1479, OT-Reg: 0.001097) | OT inner objective: -0.0571 | Marginal residual row/col/max: 1.95e-05/2.11e-08/1.95e-05 | Train Acc: 0.3630 | Val Acc: 0.2783 | Val P/R/F1 (Macro): 0.3388/0.3453/0.2645 | LR: 0.000001
Epoch [61/100] | SVD update #61: pairs=440, sweeps=4, converged=True, rel_change=2.061e-04, effective_ranks=(327, 16), class_paired=True
Epoch [61/100] | Loss: 5.2328 (Cls: 5.2597, TAL: -0.3749, Adv: 0.2256, OT-Reg: 0.001010) | OT inner objective: -0.1471 | Marginal residual row/col/max: 2.23e-04/2.25e-08/2.23e-04 | Train Acc: 0.3101 | Val Acc: 0.2522 | Val P/R/F1 (Macro): 0.2930/0.3047/0.2224 | LR: 0.000001
Epoch [62/100] | SVD update #62: pairs=440, sweeps=4, converged=True, rel_change=7.025e-04, effective_ranks=(324, 17), class_paired=True
Epoch [62/100] | Loss: 5.1172 (Cls: 5.1308, TAL: -0.2432, Adv: 0.1944, OT-Reg: 0.001022) | OT inner objective: -0.1209 | Marginal residual row/col/max: 1.23e-04/1.73e-08/1.23e-04 | Train Acc: 0.3221 | Val Acc: 0.2609 | Val P/R/F1 (Macro): 0.4185/0.3090/0.2612 | LR: 0.000001
Epoch [63/100] | SVD update #63: pairs=440, sweeps=4, converged=True, rel_change=2.680e-04, effective_ranks=(326, 15), class_paired=True
Epoch [63/100] | Loss: 5.1519 (Cls: 5.1677, TAL: -0.2482, Adv: 0.1750, OT-Reg: 0.001059) | OT inner objective: -0.0210 | Marginal residual row/col/max: 6.22e-05/1.45e-08/6.22e-05 | Train Acc: 0.2957 | Val Acc: 0.2696 | Val P/R/F1 (Macro): 0.3310/0.3348/0.2524 | LR: 0.000001
Epoch [64/100] | SVD update #64: pairs=440, sweeps=5, converged=True, rel_change=1.752e-04, effective_ranks=(326, 16), class_paired=True
Epoch [64/100] | Loss: 5.3093 (Cls: 5.3459, TAL: -0.4519, Adv: 0.2207, OT-Reg: 0.000995) | OT inner objective: -0.2386 | Marginal residual row/col/max: 3.06e-04/1.62e-08/3.06e-04 | Train Acc: 0.2909 | Val Acc: 0.2957 | Val P/R/F1 (Macro): 0.2921/0.2935/0.2573 | LR: 0.000001
Epoch [65/100] | SVD update #65: pairs=440, sweeps=3, converged=True, rel_change=9.065e-04, effective_ranks=(326, 14), class_paired=True
Epoch [65/100] | Loss: 5.1781 (Cls: 5.1940, TAL: -0.3326, Adv: 0.3004, OT-Reg: 0.001051) | OT inner objective: -0.1960 | Marginal residual row/col/max: 5.62e-05/1.29e-08/5.62e-05 | Train Acc: 0.3822 | Val Acc: 0.2957 | Val P/R/F1 (Macro): 0.3311/0.3626/0.2777 | LR: 0.000001
Epoch [66/100] | SVD update #66: pairs=440, sweeps=4, converged=True, rel_change=7.273e-05, effective_ranks=(325, 15), class_paired=True
Epoch [66/100] | Loss: 5.1108 (Cls: 5.1173, TAL: -0.2502, Adv: 0.2938, OT-Reg: 0.001047) | OT inner objective: -0.2216 | Marginal residual row/col/max: 8.57e-05/1.23e-08/8.57e-05 | Train Acc: 0.3317 | Val Acc: 0.2348 | Val P/R/F1 (Macro): 0.3844/0.3085/0.1984 | LR: 0.000001
Epoch [67/100] | SVD update #67: pairs=440, sweeps=4, converged=True, rel_change=4.031e-05, effective_ranks=(327, 17), class_paired=True
Epoch [67/100] | Loss: 5.1060 (Cls: 5.1132, TAL: -0.2232, Adv: 0.2453, OT-Reg: 0.001101) | OT inner objective: -0.0621 | Marginal residual row/col/max: 4.17e-05/1.33e-08/4.17e-05 | Train Acc: 0.3606 | Val Acc: 0.2609 | Val P/R/F1 (Macro): 0.3325/0.3418/0.2484 | LR: 0.000001
Epoch [68/100] | SVD update #68: pairs=440, sweeps=4, converged=True, rel_change=3.605e-04, effective_ranks=(326, 17), class_paired=True
Epoch [68/100] | Loss: 5.0284 (Cls: 5.0377, TAL: -0.2515, Adv: 0.2609, OT-Reg: 0.000986) | OT inner objective: -0.0852 | Marginal residual row/col/max: 1.18e-04/1.56e-08/1.18e-04 | Train Acc: 0.3606 | Val Acc: 0.3217 | Val P/R/F1 (Macro): 0.4819/0.3688/0.3495 | LR: 0.000001
Epoch [69/100] | SVD update #69: pairs=440, sweeps=3, converged=True, rel_change=8.700e-04, effective_ranks=(326, 15), class_paired=True
Epoch [69/100] | Loss: 4.9930 (Cls: 5.0053, TAL: -0.2995, Adv: 0.2963, OT-Reg: 0.001026) | OT inner objective: -0.1506 | Marginal residual row/col/max: 6.04e-05/1.99e-08/6.04e-05 | Train Acc: 0.3870 | Val Acc: 0.2783 | Val P/R/F1 (Macro): 0.3952/0.3327/0.2633 | LR: 0.000001
Epoch [70/100] | SVD update #70: pairs=440, sweeps=4, converged=True, rel_change=4.500e-04, effective_ranks=(326, 17), class_paired=True
Epoch [70/100] | Loss: 4.9653 (Cls: 4.9902, TAL: -0.3419, Adv: 0.2017, OT-Reg: 0.000995) | OT inner objective: -0.1000 | Marginal residual row/col/max: 8.01e-05/2.56e-08/8.01e-05 | Train Acc: 0.4231 | Val Acc: 0.3043 | Val P/R/F1 (Macro): 0.4263/0.3530/0.3005 | LR: 0.000001
Epoch [71/100] | SVD update #71: pairs=440, sweeps=4, converged=True, rel_change=7.760e-05, effective_ranks=(326, 17), class_paired=True
Epoch [71/100] | Loss: 5.1688 (Cls: 5.2006, TAL: -0.4279, Adv: 0.2445, OT-Reg: 0.001022) | OT inner objective: -0.1436 | Marginal residual row/col/max: 2.87e-04/1.86e-08/2.87e-04 | Train Acc: 0.3534 | Val Acc: 0.2696 | Val P/R/F1 (Macro): 0.3068/0.3180/0.2517 | LR: 0.000001
Epoch [72/100] | SVD update #72: pairs=440, sweeps=4, converged=True, rel_change=2.025e-04, effective_ranks=(327, 16), class_paired=True
Epoch [72/100] | Loss: 4.7809 (Cls: 4.8093, TAL: -0.3997, Adv: 0.2443, OT-Reg: 0.000984) | OT inner objective: -0.1875 | Marginal residual row/col/max: 8.55e-05/1.86e-08/8.55e-05 | Train Acc: 0.3462 | Val Acc: 0.2870 | Val P/R/F1 (Macro): 0.3492/0.3462/0.2860 | LR: 0.000001
Epoch [73/100] | SVD update #73: pairs=440, sweeps=3, converged=True, rel_change=4.068e-04, effective_ranks=(327, 16), class_paired=True
Epoch [73/100] | Loss: 4.9621 (Cls: 4.9846, TAL: -0.3599, Adv: 0.2579, OT-Reg: 0.000981) | OT inner objective: -0.1535 | Marginal residual row/col/max: 4.17e-05/1.38e-08/4.17e-05 | Train Acc: 0.3221 | Val Acc: 0.3391 | Val P/R/F1 (Macro): 0.4723/0.4412/0.3475 | LR: 0.000001
Epoch [74/100] | SVD update #74: pairs=440, sweeps=3, converged=True, rel_change=9.338e-04, effective_ranks=(326, 17), class_paired=True
Epoch [74/100] | Loss: 5.1266 (Cls: 5.1506, TAL: -0.3855, Adv: 0.2786, OT-Reg: 0.001017) | OT inner objective: -0.0866 | Marginal residual row/col/max: 2.86e-05/1.49e-08/2.86e-05 | Train Acc: 0.3317 | Val Acc: 0.2783 | Val P/R/F1 (Macro): 0.4179/0.3398/0.2766 | LR: 0.000001
Epoch [75/100] | SVD update #75: pairs=440, sweeps=5, converged=True, rel_change=2.513e-04, effective_ranks=(326, 16), class_paired=True
Epoch [75/100] | Loss: 5.3810 (Cls: 5.4062, TAL: -0.3943, Adv: 0.2769, OT-Reg: 0.001047) | OT inner objective: -0.1798 | Marginal residual row/col/max: 1.13e-04/1.59e-08/1.13e-04 | Train Acc: 0.3846 | Val Acc: 0.3478 | Val P/R/F1 (Macro): 0.4766/0.4169/0.3789 | LR: 0.000001
  >>> New Best Val Acc: 0.3478
Epoch [76/100] | SVD update #76: pairs=440, sweeps=5, converged=True, rel_change=3.966e-04, effective_ranks=(327, 18), class_paired=True
Epoch [76/100] | Loss: 5.0615 (Cls: 5.0707, TAL: -0.2819, Adv: 0.3090, OT-Reg: 0.001015) | OT inner objective: -0.0898 | Marginal residual row/col/max: 6.79e-05/1.55e-08/6.79e-05 | Train Acc: 0.4303 | Val Acc: 0.3043 | Val P/R/F1 (Macro): 0.4278/0.3491/0.3171 | LR: 0.000001
Epoch [77/100] | SVD update #77: pairs=440, sweeps=5, converged=True, rel_change=6.051e-04, effective_ranks=(325, 16), class_paired=True
Epoch [77/100] | Loss: 5.2780 (Cls: 5.2868, TAL: -0.2435, Adv: 0.2554, OT-Reg: 0.001117) | OT inner objective: -0.0757 | Marginal residual row/col/max: 1.62e-05/1.06e-08/1.62e-05 | Train Acc: 0.4159 | Val Acc: 0.2696 | Val P/R/F1 (Macro): 0.3006/0.3212/0.2453 | LR: 0.000001
Epoch [78/100] | SVD update #78: pairs=440, sweeps=8, converged=True, rel_change=8.344e-04, effective_ranks=(323, 16), class_paired=True
Epoch [78/100] | Loss: 5.0654 (Cls: 5.0806, TAL: -0.3130, Adv: 0.2788, OT-Reg: 0.001002) | OT inner objective: -0.2273 | Marginal residual row/col/max: 9.49e-05/1.62e-08/9.49e-05 | Train Acc: 0.3774 | Val Acc: 0.2783 | Val P/R/F1 (Macro): 0.3213/0.3214/0.2686 | LR: 0.000001
Epoch [79/100] | SVD update #79: pairs=440, sweeps=7, converged=True, rel_change=5.068e-04, effective_ranks=(326, 19), class_paired=True
Epoch [79/100] | Loss: 5.1687 (Cls: 5.1698, TAL: -0.2360, Adv: 0.3399, OT-Reg: 0.001013) | OT inner objective: -0.1217 | Marginal residual row/col/max: 4.43e-05/2.12e-08/4.43e-05 | Train Acc: 0.4014 | Val Acc: 0.3304 | Val P/R/F1 (Macro): 0.3234/0.3983/0.3015 | LR: 0.000001
Epoch [80/100] | SVD update #80: pairs=440, sweeps=4, converged=True, rel_change=5.544e-04, effective_ranks=(325, 17), class_paired=True
Epoch [80/100] | Loss: 5.1579 (Cls: 5.1639, TAL: -0.2938, Adv: 0.3658, OT-Reg: 0.001066) | OT inner objective: -0.1551 | Marginal residual row/col/max: 1.46e-04/1.49e-08/1.46e-04 | Train Acc: 0.3846 | Val Acc: 0.3130 | Val P/R/F1 (Macro): 0.4959/0.4042/0.3310 | LR: 0.000001
Epoch [81/100] | SVD update #81: pairs=440, sweeps=5, converged=True, rel_change=2.174e-04, effective_ranks=(327, 17), class_paired=True
Epoch [81/100] | Loss: 5.0471 (Cls: 5.0696, TAL: -0.3482, Adv: 0.2405, OT-Reg: 0.001008) | OT inner objective: -0.1678 | Marginal residual row/col/max: 2.49e-04/2.26e-08/2.49e-04 | Train Acc: 0.4327 | Val Acc: 0.2870 | Val P/R/F1 (Macro): 0.3422/0.3750/0.2824 | LR: 0.000001
Epoch [82/100] | SVD update #82: pairs=440, sweeps=4, converged=True, rel_change=5.264e-04, effective_ranks=(327, 19), class_paired=True
Epoch [82/100] | Loss: 5.2794 (Cls: 5.3044, TAL: -0.4159, Adv: 0.3114, OT-Reg: 0.000983) | OT inner objective: -0.1082 | Marginal residual row/col/max: 9.16e-05/1.78e-08/9.16e-05 | Train Acc: 0.3678 | Val Acc: 0.2870 | Val P/R/F1 (Macro): 0.3496/0.3483/0.2856 | LR: 0.000001
Epoch [83/100] | SVD update #83: pairs=440, sweeps=4, converged=True, rel_change=3.139e-04, effective_ranks=(324, 18), class_paired=True
Epoch [83/100] | Loss: 5.1727 (Cls: 5.1991, TAL: -0.3839, Adv: 0.2461, OT-Reg: 0.001045) | OT inner objective: -0.1433 | Marginal residual row/col/max: 4.05e-05/1.53e-08/4.05e-05 | Train Acc: 0.4207 | Val Acc: 0.3130 | Val P/R/F1 (Macro): 0.5477/0.4004/0.3416 | LR: 0.000001
Epoch [84/100] | SVD update #84: pairs=440, sweeps=4, converged=True, rel_change=9.342e-04, effective_ranks=(325, 17), class_paired=True
Epoch [84/100] | Loss: 5.0401 (Cls: 5.0678, TAL: -0.4242, Adv: 0.2901, OT-Reg: 0.001082) | OT inner objective: -0.2239 | Marginal residual row/col/max: 2.69e-04/1.32e-08/2.69e-04 | Train Acc: 0.4062 | Val Acc: 0.2870 | Val P/R/F1 (Macro): 0.4508/0.3768/0.3054 | LR: 0.000001
Epoch [85/100] | SVD update #85: pairs=440, sweeps=5, converged=True, rel_change=6.505e-04, effective_ranks=(325, 19), class_paired=True
Epoch [85/100] | Loss: 5.1399 (Cls: 5.1550, TAL: -0.2850, Adv: 0.2384, OT-Reg: 0.001007) | OT inner objective: -0.0576 | Marginal residual row/col/max: 3.41e-05/1.82e-08/3.41e-05 | Train Acc: 0.3870 | Val Acc: 0.3304 | Val P/R/F1 (Macro): 0.4732/0.3887/0.3503 | LR: 0.000001
Epoch [86/100] | SVD update #86: pairs=440, sweeps=4, converged=True, rel_change=5.996e-04, effective_ranks=(323, 17), class_paired=True
Epoch [86/100] | Loss: 5.2262 (Cls: 5.2474, TAL: -0.3759, Adv: 0.2980, OT-Reg: 0.001093) | OT inner objective: -0.1046 | Marginal residual row/col/max: 2.26e-04/1.91e-08/2.26e-04 | Train Acc: 0.4183 | Val Acc: 0.2609 | Val P/R/F1 (Macro): 0.4567/0.3439/0.2613 | LR: 0.000001
Epoch [87/100] | SVD update #87: pairs=440, sweeps=5, converged=True, rel_change=1.569e-04, effective_ranks=(326, 21), class_paired=True
Epoch [87/100] | Loss: 5.5981 (Cls: 5.6212, TAL: -0.3473, Adv: 0.2321, OT-Reg: 0.001031) | OT inner objective: -0.1612 | Marginal residual row/col/max: 1.19e-04/1.36e-08/1.19e-04 | Train Acc: 0.3221 | Val Acc: 0.2522 | Val P/R/F1 (Macro): 0.3445/0.3515/0.2717 | LR: 0.000001
Epoch [88/100] | SVD update #88: pairs=440, sweeps=4, converged=True, rel_change=3.318e-04, effective_ranks=(327, 19), class_paired=True
Epoch [88/100] | Loss: 5.5956 (Cls: 5.6078, TAL: -0.2675, Adv: 0.2494, OT-Reg: 0.001028) | OT inner objective: -0.1239 | Marginal residual row/col/max: 1.07e-04/1.79e-08/1.07e-04 | Train Acc: 0.3558 | Val Acc: 0.3217 | Val P/R/F1 (Macro): 0.4900/0.4488/0.3382 | LR: 0.000001
Epoch [89/100] | SVD update #89: pairs=440, sweeps=4, converged=True, rel_change=5.830e-04, effective_ranks=(324, 19), class_paired=True
Epoch [89/100] | Loss: 5.1999 (Cls: 5.2234, TAL: -0.3358, Adv: 0.2092, OT-Reg: 0.000996) | OT inner objective: -0.1479 | Marginal residual row/col/max: 2.01e-04/2.24e-08/2.01e-04 | Train Acc: 0.3774 | Val Acc: 0.3130 | Val P/R/F1 (Macro): 0.3368/0.4229/0.2899 | LR: 0.000001
Epoch [90/100] | SVD update #90: pairs=440, sweeps=4, converged=True, rel_change=4.150e-04, effective_ranks=(325, 20), class_paired=True
Epoch [90/100] | Loss: 4.9774 (Cls: 4.9928, TAL: -0.2320, Adv: 0.1551, OT-Reg: 0.001065) | OT inner objective: -0.0981 | Marginal residual row/col/max: 2.64e-05/1.39e-08/2.64e-05 | Train Acc: 0.3870 | Val Acc: 0.3739 | Val P/R/F1 (Macro): 0.5330/0.4751/0.4258 | LR: 0.000001
  >>> New Best Val Acc: 0.3739
Epoch [91/100] | SVD update #91: pairs=440, sweeps=3, converged=True, rel_change=8.175e-04, effective_ranks=(324, 19), class_paired=True
Epoch [91/100] | Loss: 5.0929 (Cls: 5.1321, TAL: -0.4397, Adv: 0.1698, OT-Reg: 0.001060) | OT inner objective: -0.1763 | Marginal residual row/col/max: 7.75e-05/1.19e-08/7.75e-05 | Train Acc: 0.4135 | Val Acc: 0.2783 | Val P/R/F1 (Macro): 0.3277/0.3632/0.2592 | LR: 0.000001
Epoch [92/100] | SVD update #92: pairs=440, sweeps=5, converged=True, rel_change=9.728e-04, effective_ranks=(323, 19), class_paired=True
Epoch [92/100] | Loss: 5.1990 (Cls: 5.2093, TAL: -0.2438, Adv: 0.2374, OT-Reg: 0.001039) | OT inner objective: -0.1326 | Marginal residual row/col/max: 1.10e-04/1.58e-08/1.10e-04 | Train Acc: 0.3365 | Val Acc: 0.2522 | Val P/R/F1 (Macro): 0.3206/0.3341/0.2394 | LR: 0.000001
Epoch [93/100] | SVD update #93: pairs=440, sweeps=4, converged=True, rel_change=9.017e-05, effective_ranks=(322, 17), class_paired=True
Epoch [93/100] | Loss: 5.0781 (Cls: 5.0951, TAL: -0.2681, Adv: 0.1890, OT-Reg: 0.001120) | OT inner objective: -0.2050 | Marginal residual row/col/max: 5.74e-05/1.45e-08/5.74e-05 | Train Acc: 0.3894 | Val Acc: 0.3217 | Val P/R/F1 (Macro): 0.3659/0.4352/0.3019 | LR: 0.000001
Epoch [94/100] | SVD update #94: pairs=440, sweeps=5, converged=True, rel_change=7.647e-04, effective_ranks=(324, 18), class_paired=True
Epoch [94/100] | Loss: 5.2351 (Cls: 5.2586, TAL: -0.3258, Adv: 0.1948, OT-Reg: 0.001049) | OT inner objective: -0.1686 | Marginal residual row/col/max: 1.11e-04/1.62e-08/1.11e-04 | Train Acc: 0.4014 | Val Acc: 0.2522 | Val P/R/F1 (Macro): 0.3736/0.3185/0.2375 | LR: 0.000001
Epoch [95/100] | SVD update #95: pairs=440, sweeps=5, converged=True, rel_change=4.146e-04, effective_ranks=(325, 21), class_paired=True
Epoch [95/100] | Loss: 5.0680 (Cls: 5.0956, TAL: -0.3057, Adv: 0.1141, OT-Reg: 0.001064) | OT inner objective: -0.1088 | Marginal residual row/col/max: 1.25e-04/1.23e-08/1.25e-04 | Train Acc: 0.3870 | Val Acc: 0.2870 | Val P/R/F1 (Macro): 0.4218/0.3559/0.3006 | LR: 0.000001
Epoch [96/100] | SVD update #96: pairs=440, sweeps=6, converged=True, rel_change=4.045e-04, effective_ranks=(321, 19), class_paired=True
Epoch [96/100] | Loss: 4.9710 (Cls: 4.9905, TAL: -0.3041, Adv: 0.2123, OT-Reg: 0.001023) | OT inner objective: -0.0923 | Marginal residual row/col/max: 1.11e-04/1.29e-08/1.11e-04 | Train Acc: 0.4062 | Val Acc: 0.2957 | Val P/R/F1 (Macro): 0.4340/0.3668/0.2740 | LR: 0.000001
Epoch [97/100] | SVD update #97: pairs=440, sweeps=4, converged=True, rel_change=3.257e-04, effective_ranks=(325, 19), class_paired=True
Epoch [97/100] | Loss: 5.1248 (Cls: 5.1483, TAL: -0.3080, Adv: 0.1690, OT-Reg: 0.000990) | OT inner objective: -0.0227 | Marginal residual row/col/max: 5.59e-06/1.56e-08/5.59e-06 | Train Acc: 0.3846 | Val Acc: 0.3391 | Val P/R/F1 (Macro): 0.5313/0.4409/0.3746 | LR: 0.000001
Epoch [98/100] | SVD update #98: pairs=440, sweeps=3, converged=True, rel_change=5.683e-04, effective_ranks=(326, 20), class_paired=True
Epoch [98/100] | Loss: 5.0024 (Cls: 5.0279, TAL: -0.3430, Adv: 0.1959, OT-Reg: 0.001036) | OT inner objective: -0.1780 | Marginal residual row/col/max: 8.43e-05/1.63e-08/8.43e-05 | Train Acc: 0.4111 | Val Acc: 0.2348 | Val P/R/F1 (Macro): 0.3368/0.3187/0.2393 | LR: 0.000001
Epoch [99/100] | SVD update #99: pairs=440, sweeps=10, converged=False, rel_change=1.161e-03, effective_ranks=(323, 20), class_paired=True
Epoch [99/100] | Loss: 4.9804 (Cls: 5.0023, TAL: -0.2885, Adv: 0.1599, OT-Reg: 0.000979) | OT inner objective: -0.0361 | Marginal residual row/col/max: 1.36e-04/1.96e-08/1.36e-04 | Train Acc: 0.3774 | Val Acc: 0.2696 | Val P/R/F1 (Macro): 0.4008/0.3621/0.2676 | LR: 0.000001
Epoch [100/100] | SVD update #100: pairs=440, sweeps=4, converged=True, rel_change=1.142e-04, effective_ranks=(323, 17), class_paired=True
Epoch [100/100] | Loss: 5.1820 (Cls: 5.2013, TAL: -0.2737, Adv: 0.1701, OT-Reg: 0.001094) | OT inner objective: -0.0027 | Marginal residual row/col/max: 1.02e-04/1.91e-08/1.02e-04 | Train Acc: 0.3582 | Val Acc: 0.2696 | Val P/R/F1 (Macro): 0.2259/0.3591/0.2235 | LR: 0.000001
Report strategy: best, window=10, reported_acc=0.3739, best_acc=0.3739, selected_epoch=90

迭代 5 报告指标:
  Accuracy: 0.3739
  Precision (Macro): 0.5330
  Recall (Macro): 0.4751
  F1 (Macro): 0.4258
  Precision (Micro): 0.3739
  Recall (Micro): 0.3739
  F1 (Micro): 0.3739
  Val class coverage: 9/14 (0.6429), samples=115

================================================================================
5次迭代统计结果
================================================================================

accuracy:
  各迭代值: ['0.4435', '0.4696', '0.4348', '0.4000', '0.3739']
  均值 (Mean): 0.4243
  标准差 (Std): 0.0336

precision_macro:
  各迭代值: ['0.4820', '0.4695', '0.2618', '0.3902', '0.5330']
  均值 (Mean): 0.4273
  标准差 (Std): 0.0946

recall_macro:
  各迭代值: ['0.5343', '0.5564', '0.3154', '0.3312', '0.4751']
  均值 (Mean): 0.4425
  标准差 (Std): 0.1010

f1_macro:
  各迭代值: ['0.4525', '0.4230', '0.2781', '0.3218', '0.4258']
  均值 (Mean): 0.3802
  标准差 (Std): 0.0678

precision_micro:
  各迭代值: ['0.4435', '0.4696', '0.4348', '0.4000', '0.3739']
  均值 (Mean): 0.4243
  标准差 (Std): 0.0336

recall_micro:
  各迭代值: ['0.4435', '0.4696', '0.4348', '0.4000', '0.3739']
  均值 (Mean): 0.4243
  标准差 (Std): 0.0336

f1_micro:
  各迭代值: ['0.4435', '0.4696', '0.4348', '0.4000', '0.3739']
  均值 (Mean): 0.4243
  标准差 (Std): 0.0336

val_class_coverage:
  各迭代值: ['0.6429', '0.6429', '0.6429', '0.6429', '0.6429']
  均值 (Mean): 0.6429
  标准差 (Std): 0.0000

val_present_classes:
  各迭代值: ['9.0000', '9.0000', '9.0000', '9.0000', '9.0000']
  均值 (Mean): 9.0000
  标准差 (Std): 0.0000

val_total_classes:
  各迭代值: ['14.0000', '14.0000', '14.0000', '14.0000', '14.0000']
  均值 (Mean): 14.0000
  标准差 (Std): 0.0000

val_samples:
  各迭代值: ['115.0000', '115.0000', '115.0000', '115.0000', '115.0000']
  均值 (Mean): 115.0000
  标准差 (Std): 0.0000

训练结束时间: 2026-10-01 19:58:48
================================================================================

[Batch 4/4] Full: Tensor+OT, target=黑天
================================================================================
模块消融实验 - with_tensor_with_ot
目标域天气: 黑天
训练开始时间: 2026-10-01 19:58:48
设备: cuda
源域: /mnt/data/lixiang/data/Data/晴天
目标域: /mnt/data/lixiang/data/Data/黑天
批次大小: 32
总轮数: 100
迭代次数: 5
使用Tensor模块: 是
使用OT模块: 是
特征融合方式: Tensor对齐
域对齐方式: 最优传输
目标标签比例/权重: 1.0/1.0
Tensor/Adv损失权重: 0.12/0.08
Tensor投影维度/更新: 16/每epoch一次; SVD统计批次=32
学习率: feature=5e-06, other=0.0002, weight_decay=0.0005
报告策略: best, 窗口: 10
================================================================================

================================================================================
迭代 1/5
随机种子: 42
================================================================================
配对采样器已初始化，共 8 个共有类别。
Training mode: full target-label supervision (class-paired batches).
Feature fusion: Tensor alignment (512+512 -> 16+16); fused_dim=32
Domain adaptation: Neural OT generator with 3-domain discriminator
Loss weights: tensor=0.12, adv=0.08
Transport: mode=sinkhorn, epsilon=0.1, Sinkhorn iterations=50, correction scale=0.1, correction regularization weight=0.001
Tensor projection update: once per epoch from the complete target-training pairing bank; projection_dim=16, max_sweeps=10, relative singular-value tolerance=0.001
Epoch [1/100] | SVD update #1: pairs=465, sweeps=3, converged=True, rel_change=5.061e-05, effective_ranks=(317, 213), class_paired=True
Epoch [1/100] | Loss: 6.7097 (Cls: 6.6939, TAL: -0.0728, Adv: 0.3056, OT-Reg: 0.001632) | OT inner objective: 0.2073 | Marginal residual row/col/max: 4.98e-08/2.10e-08/5.64e-08 | Train Acc: 0.2679 | Val Acc: 0.1417 | Val P/R/F1 (Macro): 0.1503/0.2724/0.1024 | LR: 0.000005
  >>> New Best Val Acc: 0.1417
Epoch [2/100] | SVD update #2: pairs=465, sweeps=10, converged=False, rel_change=1.206e-01, effective_ranks=(317, 97), class_paired=True
Epoch [2/100] | Loss: 6.8781 (Cls: 6.8577, TAL: 0.0234, Adv: 0.2196, OT-Reg: 0.001745) | OT inner objective: 0.3063 | Marginal residual row/col/max: 1.05e-08/1.34e-08/1.41e-08 | Train Acc: 0.1987 | Val Acc: 0.1833 | Val P/R/F1 (Macro): 0.3373/0.2599/0.1896 | LR: 0.000005
  >>> New Best Val Acc: 0.1833
Epoch [3/100] | SVD update #3: pairs=465, sweeps=10, converged=False, rel_change=2.031e-02, effective_ranks=(317, 67), class_paired=True
Epoch [3/100] | Loss: 6.5943 (Cls: 6.5910, TAL: -0.1155, Adv: 0.2135, OT-Reg: 0.001298) | OT inner objective: 0.1826 | Marginal residual row/col/max: 5.36e-08/2.81e-08/6.21e-08 | Train Acc: 0.2656 | Val Acc: 0.3083 | Val P/R/F1 (Macro): 0.2968/0.4213/0.2808 | LR: 0.000005
  >>> New Best Val Acc: 0.3083
Epoch [4/100] | SVD update #4: pairs=465, sweeps=10, converged=False, rel_change=2.586e-01, effective_ranks=(317, 50), class_paired=True
Epoch [4/100] | Loss: 7.1294 (Cls: 7.1093, TAL: 0.0239, Adv: 0.2155, OT-Reg: 0.001392) | OT inner objective: -0.0849 | Marginal residual row/col/max: 4.08e-04/2.67e-08/4.08e-04 | Train Acc: 0.1094 | Val Acc: 0.1083 | Val P/R/F1 (Macro): 0.1513/0.0650/0.0755 | LR: 0.000005
Epoch [5/100] | SVD update #5: pairs=465, sweeps=9, converged=True, rel_change=7.122e-04, effective_ranks=(314, 25), class_paired=True
Epoch [5/100] | Loss: 7.4176 (Cls: 7.4233, TAL: -0.1606, Adv: 0.1697, OT-Reg: 0.001306) | OT inner objective: -0.1230 | Marginal residual row/col/max: 5.57e-04/2.87e-08/5.57e-04 | Train Acc: 0.1451 | Val Acc: 0.2667 | Val P/R/F1 (Macro): 0.2247/0.3241/0.1987 | LR: 0.000005
Epoch [6/100] | SVD update #6: pairs=465, sweeps=10, converged=False, rel_change=1.291e-02, effective_ranks=(316, 19), class_paired=True
Epoch [6/100] | Loss: 7.0982 (Cls: 7.0774, TAL: 0.0539, Adv: 0.1783, OT-Reg: 0.001449) | OT inner objective: -0.0217 | Marginal residual row/col/max: 1.92e-04/1.73e-08/1.92e-04 | Train Acc: 0.1585 | Val Acc: 0.2250 | Val P/R/F1 (Macro): 0.4383/0.3989/0.2610 | LR: 0.000005
Epoch [7/100] | SVD update #7: pairs=465, sweeps=5, converged=True, rel_change=2.767e-04, effective_ranks=(314, 12), class_paired=True
Epoch [7/100] | Loss: 6.8281 (Cls: 6.8228, TAL: -0.1176, Adv: 0.2422, OT-Reg: 0.001294) | OT inner objective: -0.2456 | Marginal residual row/col/max: 6.70e-04/2.24e-08/6.70e-04 | Train Acc: 0.2076 | Val Acc: 0.2250 | Val P/R/F1 (Macro): 0.2192/0.3076/0.1957 | LR: 0.000005
Epoch [8/100] | SVD update #8: pairs=465, sweeps=10, converged=False, rel_change=1.400e-02, effective_ranks=(317, 21), class_paired=True
Epoch [8/100] | Loss: 6.2599 (Cls: 6.2511, TAL: -0.0511, Adv: 0.1869, OT-Reg: 0.001342) | OT inner objective: -0.1402 | Marginal residual row/col/max: 4.45e-04/2.17e-08/4.45e-04 | Train Acc: 0.3036 | Val Acc: 0.4500 | Val P/R/F1 (Macro): 0.2708/0.3015/0.2548 | LR: 0.000005
  >>> New Best Val Acc: 0.4500
Epoch [9/100] | SVD update #9: pairs=465, sweeps=10, converged=False, rel_change=2.102e-02, effective_ranks=(317, 21), class_paired=True
Epoch [9/100] | Loss: 5.8466 (Cls: 5.8498, TAL: -0.1514, Adv: 0.1865, OT-Reg: 0.001329) | OT inner objective: -0.1723 | Marginal residual row/col/max: 3.07e-04/1.49e-08/3.07e-04 | Train Acc: 0.3549 | Val Acc: 0.2417 | Val P/R/F1 (Macro): 0.4968/0.4991/0.3896 | LR: 0.000005
Epoch [10/100] | SVD update #10: pairs=465, sweeps=6, converged=True, rel_change=6.999e-04, effective_ranks=(317, 17), class_paired=True
Epoch [10/100] | Loss: 5.5238 (Cls: 5.5255, TAL: -0.1494, Adv: 0.2025, OT-Reg: 0.001216) | OT inner objective: -0.1688 | Marginal residual row/col/max: 1.89e-04/1.21e-08/1.89e-04 | Train Acc: 0.3549 | Val Acc: 0.1667 | Val P/R/F1 (Macro): 0.3255/0.2999/0.1626 | LR: 0.000005
Epoch [11/100] | SVD update #11: pairs=465, sweeps=10, converged=False, rel_change=1.762e-02, effective_ranks=(317, 22), class_paired=True
Epoch [11/100] | Loss: 5.6876 (Cls: 5.6868, TAL: -0.1368, Adv: 0.2147, OT-Reg: 0.001487) | OT inner objective: -0.0568 | Marginal residual row/col/max: 9.64e-05/2.47e-08/9.64e-05 | Train Acc: 0.2835 | Val Acc: 0.3583 | Val P/R/F1 (Macro): 0.2431/0.2708/0.2413 | LR: 0.000005
Epoch [12/100] | SVD update #12: pairs=465, sweeps=3, converged=True, rel_change=2.258e-04, effective_ranks=(314, 12), class_paired=True
Epoch [12/100] | Loss: 5.5004 (Cls: 5.5139, TAL: -0.2538, Adv: 0.2121, OT-Reg: 0.001280) | OT inner objective: -0.2509 | Marginal residual row/col/max: 2.70e-04/1.49e-08/2.70e-04 | Train Acc: 0.4196 | Val Acc: 0.0833 | Val P/R/F1 (Macro): 0.2641/0.2132/0.1298 | LR: 0.000005
Epoch [13/100] | SVD update #13: pairs=465, sweeps=5, converged=True, rel_change=8.529e-04, effective_ranks=(317, 19), class_paired=True
Epoch [13/100] | Loss: 5.1684 (Cls: 5.1858, TAL: -0.2665, Adv: 0.1825, OT-Reg: 0.001353) | OT inner objective: -0.2272 | Marginal residual row/col/max: 1.22e-04/1.06e-08/1.22e-04 | Train Acc: 0.3661 | Val Acc: 0.1833 | Val P/R/F1 (Macro): 0.2399/0.3499/0.1721 | LR: 0.000005
Epoch [14/100] | SVD update #14: pairs=465, sweeps=5, converged=True, rel_change=6.786e-04, effective_ranks=(317, 21), class_paired=True
Epoch [14/100] | Loss: 6.4234 (Cls: 6.4339, TAL: -0.1846, Adv: 0.1455, OT-Reg: 0.001309) | OT inner objective: 0.0788 | Marginal residual row/col/max: 5.52e-05/1.85e-08/5.52e-05 | Train Acc: 0.2165 | Val Acc: 0.0833 | Val P/R/F1 (Macro): 0.0580/0.1530/0.0504 | LR: 0.000005
Epoch [15/100] | SVD update #15: pairs=465, sweeps=6, converged=True, rel_change=3.968e-04, effective_ranks=(315, 15), class_paired=True
Epoch [15/100] | Loss: 6.7359 (Cls: 6.6927, TAL: 0.2685, Adv: 0.1366, OT-Reg: 0.001042) | OT inner objective: 0.1897 | Marginal residual row/col/max: 4.51e-05/2.59e-08/4.51e-05 | Train Acc: 0.1451 | Val Acc: 0.2500 | Val P/R/F1 (Macro): 0.1102/0.1670/0.1221 | LR: 0.000005
Epoch [16/100] | SVD update #16: pairs=465, sweeps=8, converged=True, rel_change=4.018e-04, effective_ranks=(314, 11), class_paired=True
Epoch [16/100] | Loss: 5.6874 (Cls: 5.6753, TAL: 0.0291, Adv: 0.1071, OT-Reg: 0.001336) | OT inner objective: 0.1670 | Marginal residual row/col/max: 1.80e-08/3.31e-08/3.54e-08 | Train Acc: 0.2433 | Val Acc: 0.1833 | Val P/R/F1 (Macro): 0.2349/0.2861/0.1965 | LR: 0.000005
Epoch [17/100] | SVD update #17: pairs=465, sweeps=10, converged=False, rel_change=8.989e-03, effective_ranks=(316, 17), class_paired=True
Epoch [17/100] | Loss: 5.3640 (Cls: 5.3683, TAL: -0.1189, Adv: 0.1250, OT-Reg: 0.001334) | OT inner objective: 0.2253 | Marginal residual row/col/max: 1.25e-08/3.49e-08/3.49e-08 | Train Acc: 0.4196 | Val Acc: 0.3000 | Val P/R/F1 (Macro): 0.4191/0.4797/0.3435 | LR: 0.000005
Epoch [18/100] | SVD update #18: pairs=465, sweeps=7, converged=True, rel_change=9.067e-04, effective_ranks=(317, 16), class_paired=True
Epoch [18/100] | Loss: 5.5864 (Cls: 5.5983, TAL: -0.1755, Adv: 0.1147, OT-Reg: 0.001278) | OT inner objective: 0.1901 | Marginal residual row/col/max: 1.68e-08/3.59e-08/3.73e-08 | Train Acc: 0.3237 | Val Acc: 0.1833 | Val P/R/F1 (Macro): 0.3165/0.3728/0.2606 | LR: 0.000005
Epoch [19/100] | SVD update #19: pairs=465, sweeps=7, converged=True, rel_change=2.349e-04, effective_ranks=(314, 20), class_paired=True
Epoch [19/100] | Loss: 5.7714 (Cls: 5.7554, TAL: 0.0660, Adv: 0.1001, OT-Reg: 0.001414) | OT inner objective: 0.1126 | Marginal residual row/col/max: 1.60e-07/2.28e-08/1.68e-07 | Train Acc: 0.4040 | Val Acc: 0.2083 | Val P/R/F1 (Macro): 0.3277/0.4686/0.2480 | LR: 0.000003
Epoch [20/100] | SVD update #20: pairs=465, sweeps=6, converged=True, rel_change=5.767e-04, effective_ranks=(314, 17), class_paired=True
Epoch [20/100] | Loss: 6.1552 (Cls: 6.1504, TAL: -0.0214, Adv: 0.0911, OT-Reg: 0.001373) | OT inner objective: 0.0976 | Marginal residual row/col/max: 1.18e-06/2.95e-08/1.20e-06 | Train Acc: 0.2723 | Val Acc: 0.1583 | Val P/R/F1 (Macro): 0.1463/0.3026/0.1388 | LR: 0.000003
Epoch [21/100] | SVD update #21: pairs=465, sweeps=10, converged=False, rel_change=4.699e-03, effective_ranks=(317, 22), class_paired=True
Epoch [21/100] | Loss: 5.8279 (Cls: 5.8367, TAL: -0.1271, Adv: 0.0805, OT-Reg: 0.001292) | OT inner objective: 0.0578 | Marginal residual row/col/max: 4.74e-05/2.81e-08/4.74e-05 | Train Acc: 0.2835 | Val Acc: 0.2167 | Val P/R/F1 (Macro): 0.1653/0.3573/0.1701 | LR: 0.000003
Epoch [22/100] | SVD update #22: pairs=465, sweeps=10, converged=False, rel_change=2.908e-03, effective_ranks=(317, 20), class_paired=True
Epoch [22/100] | Loss: 8.6451 (Cls: 8.6193, TAL: 0.1661, Adv: 0.0728, OT-Reg: 0.001350) | OT inner objective: 0.0366 | Marginal residual row/col/max: 1.48e-04/3.31e-08/1.48e-04 | Train Acc: 0.2366 | Val Acc: 0.0917 | Val P/R/F1 (Macro): 0.0420/0.0989/0.0575 | LR: 0.000003
Epoch [23/100] | SVD update #23: pairs=465, sweeps=6, converged=True, rel_change=7.743e-04, effective_ranks=(313, 14), class_paired=True
Epoch [23/100] | Loss: 7.2381 (Cls: 7.2326, TAL: -0.0022, Adv: 0.0714, OT-Reg: 0.001362) | OT inner objective: -0.1617 | Marginal residual row/col/max: 1.15e-04/1.77e-08/1.15e-04 | Train Acc: 0.2478 | Val Acc: 0.2083 | Val P/R/F1 (Macro): 0.2592/0.1919/0.1842 | LR: 0.000003
Epoch [24/100] | SVD update #24: pairs=465, sweeps=10, converged=True, rel_change=5.921e-04, effective_ranks=(315, 21), class_paired=True
Epoch [24/100] | Loss: 6.7467 (Cls: 6.7386, TAL: 0.0238, Adv: 0.0664, OT-Reg: 0.001347) | OT inner objective: 0.1084 | Marginal residual row/col/max: 2.53e-05/1.78e-08/2.53e-05 | Train Acc: 0.1696 | Val Acc: 0.1333 | Val P/R/F1 (Macro): 0.1094/0.1489/0.1076 | LR: 0.000003
Epoch [25/100] | SVD update #25: pairs=465, sweeps=10, converged=False, rel_change=5.952e-02, effective_ranks=(317, 21), class_paired=True
Epoch [25/100] | Loss: 6.4214 (Cls: 6.4217, TAL: -0.0506, Adv: 0.0732, OT-Reg: 0.001394) | OT inner objective: -0.1120 | Marginal residual row/col/max: 2.52e-04/2.08e-08/2.52e-04 | Train Acc: 0.2031 | Val Acc: 0.1583 | Val P/R/F1 (Macro): 0.1551/0.2740/0.1537 | LR: 0.000003
Epoch [26/100] | SVD update #26: pairs=465, sweeps=10, converged=False, rel_change=1.229e-03, effective_ranks=(315, 25), class_paired=True
Epoch [26/100] | Loss: 5.9002 (Cls: 5.9193, TAL: -0.2112, Adv: 0.0775, OT-Reg: 0.001671) | OT inner objective: -0.0243 | Marginal residual row/col/max: 2.99e-05/2.01e-08/2.99e-05 | Train Acc: 0.2835 | Val Acc: 0.1750 | Val P/R/F1 (Macro): 0.1316/0.2581/0.1289 | LR: 0.000003
Epoch [27/100] | SVD update #27: pairs=465, sweeps=10, converged=False, rel_change=2.595e-02, effective_ranks=(317, 25), class_paired=True
Epoch [27/100] | Loss: 6.1092 (Cls: 6.1015, TAL: 0.0042, Adv: 0.0900, OT-Reg: 0.001442) | OT inner objective: -0.0848 | Marginal residual row/col/max: 2.51e-04/1.57e-08/2.51e-04 | Train Acc: 0.2545 | Val Acc: 0.1917 | Val P/R/F1 (Macro): 0.2146/0.1282/0.1493 | LR: 0.000003
Epoch [28/100] | SVD update #28: pairs=465, sweeps=8, converged=True, rel_change=7.118e-04, effective_ranks=(315, 21), class_paired=True
Epoch [28/100] | Loss: 5.9793 (Cls: 5.9819, TAL: -0.0754, Adv: 0.0799, OT-Reg: 0.001483) | OT inner objective: 0.0923 | Marginal residual row/col/max: 8.31e-05/2.83e-08/8.31e-05 | Train Acc: 0.3170 | Val Acc: 0.1167 | Val P/R/F1 (Macro): 0.1451/0.1140/0.0904 | LR: 0.000003
Epoch [29/100] | SVD update #29: pairs=465, sweeps=6, converged=True, rel_change=6.581e-04, effective_ranks=(317, 22), class_paired=True
Epoch [29/100] | Loss: 6.1522 (Cls: 6.1397, TAL: 0.0228, Adv: 0.1211, OT-Reg: 0.001430) | OT inner objective: -0.1348 | Marginal residual row/col/max: 1.72e-04/1.58e-08/1.72e-04 | Train Acc: 0.2277 | Val Acc: 0.1000 | Val P/R/F1 (Macro): 0.1025/0.1644/0.0754 | LR: 0.000003
Epoch [30/100] | SVD update #30: pairs=465, sweeps=10, converged=False, rel_change=3.136e-02, effective_ranks=(316, 24), class_paired=True
Epoch [30/100] | Loss: 6.0464 (Cls: 6.0496, TAL: -0.0812, Adv: 0.0818, OT-Reg: 0.001380) | OT inner objective: -0.1263 | Marginal residual row/col/max: 8.66e-05/1.25e-08/8.66e-05 | Train Acc: 0.3170 | Val Acc: 0.1583 | Val P/R/F1 (Macro): 0.2214/0.2070/0.1115 | LR: 0.000001
Epoch [31/100] | SVD update #31: pairs=465, sweeps=10, converged=True, rel_change=4.606e-04, effective_ranks=(313, 20), class_paired=True
Epoch [31/100] | Loss: 5.8858 (Cls: 5.9044, TAL: -0.2167, Adv: 0.0920, OT-Reg: 0.001304) | OT inner objective: -0.0838 | Marginal residual row/col/max: 4.13e-04/1.53e-08/4.13e-04 | Train Acc: 0.2366 | Val Acc: 0.0750 | Val P/R/F1 (Macro): 0.0872/0.2265/0.0623 | LR: 0.000001
Epoch [32/100] | SVD update #32: pairs=465, sweeps=10, converged=False, rel_change=1.254e-02, effective_ranks=(316, 24), class_paired=True
Epoch [32/100] | Loss: 5.9919 (Cls: 5.9971, TAL: -0.1220, Adv: 0.1178, OT-Reg: 0.001713) | OT inner objective: 0.0332 | Marginal residual row/col/max: 3.14e-05/1.93e-08/3.14e-05 | Train Acc: 0.2746 | Val Acc: 0.0917 | Val P/R/F1 (Macro): 0.1632/0.1784/0.1211 | LR: 0.000001
Epoch [33/100] | SVD update #33: pairs=465, sweeps=10, converged=False, rel_change=3.425e-03, effective_ranks=(317, 23), class_paired=True
Epoch [33/100] | Loss: 5.9740 (Cls: 5.9903, TAL: -0.2195, Adv: 0.1262, OT-Reg: 0.001507) | OT inner objective: -0.1670 | Marginal residual row/col/max: 4.62e-05/1.05e-08/4.62e-05 | Train Acc: 0.3036 | Val Acc: 0.4000 | Val P/R/F1 (Macro): 0.2304/0.2103/0.2018 | LR: 0.000001
Epoch [34/100] | SVD update #34: pairs=465, sweeps=10, converged=False, rel_change=8.537e-03, effective_ranks=(316, 21), class_paired=True
Epoch [34/100] | Loss: 5.6762 (Cls: 5.6987, TAL: -0.2421, Adv: 0.0821, OT-Reg: 0.001470) | OT inner objective: -0.1304 | Marginal residual row/col/max: 2.07e-04/1.29e-08/2.07e-04 | Train Acc: 0.3393 | Val Acc: 0.1000 | Val P/R/F1 (Macro): 0.1181/0.0824/0.0941 | LR: 0.000001
Epoch [35/100] | SVD update #35: pairs=465, sweeps=7, converged=True, rel_change=3.193e-04, effective_ranks=(317, 35), class_paired=True
Epoch [35/100] | Loss: 5.5766 (Cls: 5.5856, TAL: -0.1321, Adv: 0.0864, OT-Reg: 0.001540) | OT inner objective: -0.0754 | Marginal residual row/col/max: 1.72e-04/1.52e-08/1.72e-04 | Train Acc: 0.2835 | Val Acc: 0.0250 | Val P/R/F1 (Macro): 0.0291/0.0454/0.0214 | LR: 0.000001
Epoch [36/100] | SVD update #36: pairs=465, sweeps=7, converged=True, rel_change=4.582e-04, effective_ranks=(317, 22), class_paired=True
Epoch [36/100] | Loss: 5.7495 (Cls: 5.7516, TAL: -0.0756, Adv: 0.0874, OT-Reg: 0.001421) | OT inner objective: -0.1320 | Marginal residual row/col/max: 2.37e-04/1.80e-08/2.37e-04 | Train Acc: 0.2746 | Val Acc: 0.0833 | Val P/R/F1 (Macro): 0.0603/0.1671/0.0741 | LR: 0.000001
Epoch [37/100] | SVD update #37: pairs=465, sweeps=10, converged=False, rel_change=1.578e-03, effective_ranks=(317, 28), class_paired=True
Epoch [37/100] | Loss: 5.4591 (Cls: 5.4750, TAL: -0.2045, Adv: 0.1090, OT-Reg: 0.001510) | OT inner objective: -0.1392 | Marginal residual row/col/max: 1.09e-04/1.34e-08/1.09e-04 | Train Acc: 0.3527 | Val Acc: 0.0583 | Val P/R/F1 (Macro): 0.0495/0.1069/0.0565 | LR: 0.000001
Epoch [38/100] | SVD update #38: pairs=465, sweeps=10, converged=False, rel_change=1.207e-03, effective_ranks=(317, 30), class_paired=True
Epoch [38/100] | Loss: 5.4555 (Cls: 5.4800, TAL: -0.3082, Adv: 0.1562, OT-Reg: 0.001346) | OT inner objective: -0.1461 | Marginal residual row/col/max: 2.53e-04/2.14e-08/2.53e-04 | Train Acc: 0.3839 | Val Acc: 0.0583 | Val P/R/F1 (Macro): 0.0612/0.1455/0.0593 | LR: 0.000001
Epoch [39/100] | SVD update #39: pairs=465, sweeps=9, converged=True, rel_change=6.495e-04, effective_ranks=(317, 32), class_paired=True
Epoch [39/100] | Loss: 5.4023 (Cls: 5.4276, TAL: -0.2706, Adv: 0.0904, OT-Reg: 0.001301) | OT inner objective: -0.0727 | Marginal residual row/col/max: 1.87e-04/1.90e-08/1.87e-04 | Train Acc: 0.3884 | Val Acc: 0.1167 | Val P/R/F1 (Macro): 0.1441/0.2226/0.1012 | LR: 0.000001
Epoch [40/100] | SVD update #40: pairs=465, sweeps=10, converged=False, rel_change=2.162e-02, effective_ranks=(317, 34), class_paired=True
Epoch [40/100] | Loss: 5.5339 (Cls: 5.5541, TAL: -0.2262, Adv: 0.0875, OT-Reg: 0.001399) | OT inner objective: -0.0559 | Marginal residual row/col/max: 1.51e-04/1.90e-08/1.51e-04 | Train Acc: 0.3996 | Val Acc: 0.0750 | Val P/R/F1 (Macro): 0.0517/0.1757/0.0697 | LR: 0.000001
Epoch [41/100] | SVD update #41: pairs=465, sweeps=9, converged=True, rel_change=5.286e-04, effective_ranks=(317, 25), class_paired=True
Epoch [41/100] | Loss: 5.1984 (Cls: 5.2188, TAL: -0.2445, Adv: 0.1116, OT-Reg: 0.001412) | OT inner objective: -0.1562 | Marginal residual row/col/max: 1.10e-04/2.14e-08/1.10e-04 | Train Acc: 0.4710 | Val Acc: 0.0750 | Val P/R/F1 (Macro): 0.1775/0.1708/0.0887 | LR: 0.000001
Epoch [42/100] | SVD update #42: pairs=465, sweeps=8, converged=True, rel_change=4.913e-04, effective_ranks=(317, 27), class_paired=True
Epoch [42/100] | Loss: 5.6847 (Cls: 5.7028, TAL: -0.2270, Adv: 0.1150, OT-Reg: 0.001398) | OT inner objective: -0.0550 | Marginal residual row/col/max: 9.55e-06/1.28e-08/9.55e-06 | Train Acc: 0.2746 | Val Acc: 0.3167 | Val P/R/F1 (Macro): 0.1616/0.1544/0.1430 | LR: 0.000001
Epoch [43/100] | SVD update #43: pairs=465, sweeps=7, converged=True, rel_change=8.867e-04, effective_ranks=(315, 33), class_paired=True
Epoch [43/100] | Loss: 6.1269 (Cls: 6.1227, TAL: -0.0328, Adv: 0.1012, OT-Reg: 0.001604) | OT inner objective: 0.1056 | Marginal residual row/col/max: 5.49e-07/1.61e-08/5.53e-07 | Train Acc: 0.1629 | Val Acc: 0.1000 | Val P/R/F1 (Macro): 0.0490/0.1066/0.0425 | LR: 0.000001
Epoch [44/100] | SVD update #44: pairs=465, sweeps=10, converged=False, rel_change=2.067e+00, effective_ranks=(317, 28), class_paired=True
Epoch [44/100] | Loss: 6.2345 (Cls: 6.2240, TAL: -0.0393, Adv: 0.1899, OT-Reg: 0.001380) | OT inner objective: -0.0783 | Marginal residual row/col/max: 2.55e-05/1.10e-08/2.55e-05 | Train Acc: 0.3504 | Val Acc: 0.4167 | Val P/R/F1 (Macro): 0.2372/0.2349/0.2108 | LR: 0.000001
Epoch [45/100] | SVD update #45: pairs=465, sweeps=9, converged=True, rel_change=5.058e-04, effective_ranks=(317, 23), class_paired=True
Epoch [45/100] | Loss: 5.7091 (Cls: 5.7222, TAL: -0.1859, Adv: 0.1160, OT-Reg: 0.001562) | OT inner objective: -0.2008 | Marginal residual row/col/max: 1.09e-04/1.18e-08/1.09e-04 | Train Acc: 0.3683 | Val Acc: 0.0667 | Val P/R/F1 (Macro): 0.0891/0.0884/0.0647 | LR: 0.000001
Epoch [46/100] | SVD update #46: pairs=465, sweeps=7, converged=True, rel_change=8.944e-04, effective_ranks=(316, 24), class_paired=True
Epoch [46/100] | Loss: 5.7986 (Cls: 5.8177, TAL: -0.2380, Adv: 0.1182, OT-Reg: 0.001548) | OT inner objective: 0.0049 | Marginal residual row/col/max: 7.05e-05/1.22e-08/7.05e-05 | Train Acc: 0.3170 | Val Acc: 0.0917 | Val P/R/F1 (Macro): 0.1815/0.1161/0.0682 | LR: 0.000001
Epoch [47/100] | SVD update #47: pairs=465, sweeps=10, converged=False, rel_change=1.872e-03, effective_ranks=(317, 28), class_paired=True
Epoch [47/100] | Loss: 5.7677 (Cls: 5.7911, TAL: -0.2599, Adv: 0.0968, OT-Reg: 0.001476) | OT inner objective: -0.1111 | Marginal residual row/col/max: 2.45e-05/1.16e-08/2.45e-05 | Train Acc: 0.3415 | Val Acc: 0.2250 | Val P/R/F1 (Macro): 0.1575/0.1309/0.1321 | LR: 0.000001
Epoch [48/100] | SVD update #48: pairs=465, sweeps=10, converged=True, rel_change=8.335e-04, effective_ranks=(316, 25), class_paired=True
Epoch [48/100] | Loss: 5.6428 (Cls: 5.6311, TAL: -0.0347, Adv: 0.1984, OT-Reg: 0.001554) | OT inner objective: 0.0469 | Marginal residual row/col/max: 5.10e-07/1.18e-08/5.10e-07 | Train Acc: 0.3661 | Val Acc: 0.1667 | Val P/R/F1 (Macro): 0.0988/0.1233/0.0972 | LR: 0.000001
Epoch [49/100] | SVD update #49: pairs=465, sweeps=10, converged=False, rel_change=4.517e-03, effective_ranks=(317, 28), class_paired=True
Epoch [49/100] | Loss: 5.7304 (Cls: 5.7625, TAL: -0.3442, Adv: 0.1153, OT-Reg: 0.001361) | OT inner objective: -0.2500 | Marginal residual row/col/max: 9.20e-05/1.24e-08/9.20e-05 | Train Acc: 0.3415 | Val Acc: 0.0333 | Val P/R/F1 (Macro): 0.0723/0.0626/0.0417 | LR: 0.000001
Epoch [50/100] | SVD update #50: pairs=465, sweeps=7, converged=True, rel_change=9.069e-04, effective_ranks=(316, 22), class_paired=True
Epoch [50/100] | Loss: 5.4070 (Cls: 5.4203, TAL: -0.2421, Adv: 0.1964, OT-Reg: 0.001620) | OT inner objective: -0.1143 | Marginal residual row/col/max: 1.75e-04/1.49e-08/1.75e-04 | Train Acc: 0.4375 | Val Acc: 0.0917 | Val P/R/F1 (Macro): 0.0938/0.0495/0.0637 | LR: 0.000001
Epoch [51/100] | SVD update #51: pairs=465, sweeps=9, converged=True, rel_change=8.636e-04, effective_ranks=(315, 24), class_paired=True
Epoch [51/100] | Loss: 5.5466 (Cls: 5.5622, TAL: -0.2738, Adv: 0.2158, OT-Reg: 0.001483) | OT inner objective: 0.0866 | Marginal residual row/col/max: 8.41e-07/1.26e-08/8.41e-07 | Train Acc: 0.3393 | Val Acc: 0.1667 | Val P/R/F1 (Macro): 0.1444/0.1281/0.1156 | LR: 0.000001
Epoch [52/100] | SVD update #52: pairs=465, sweeps=10, converged=False, rel_change=1.516e-02, effective_ranks=(315, 27), class_paired=True
Epoch [52/100] | Loss: 5.8424 (Cls: 5.8443, TAL: -0.1439, Adv: 0.1916, OT-Reg: 0.001290) | OT inner objective: 0.1761 | Marginal residual row/col/max: 6.21e-06/2.34e-08/6.22e-06 | Train Acc: 0.2388 | Val Acc: 0.2583 | Val P/R/F1 (Macro): 0.0877/0.1182/0.0954 | LR: 0.000001
Epoch [53/100] | SVD update #53: pairs=465, sweeps=8, converged=True, rel_change=7.987e-04, effective_ranks=(315, 25), class_paired=True
Epoch [53/100] | Loss: 5.6017 (Cls: 5.6136, TAL: -0.2046, Adv: 0.1584, OT-Reg: 0.001394) | OT inner objective: 0.1337 | Marginal residual row/col/max: 7.52e-06/1.18e-08/7.52e-06 | Train Acc: 0.3549 | Val Acc: 0.0417 | Val P/R/F1 (Macro): 0.1151/0.0615/0.0322 | LR: 0.000001
Epoch [54/100] | SVD update #54: pairs=465, sweeps=8, converged=True, rel_change=7.563e-04, effective_ranks=(317, 25), class_paired=True
Epoch [54/100] | Loss: 5.3721 (Cls: 5.3748, TAL: -0.2759, Adv: 0.3799, OT-Reg: 0.001426) | OT inner objective: -0.0876 | Marginal residual row/col/max: 1.97e-05/1.16e-08/1.97e-05 | Train Acc: 0.3326 | Val Acc: 0.0167 | Val P/R/F1 (Macro): 0.0833/0.0227/0.0357 | LR: 0.000001
Epoch [55/100] | SVD update #55: pairs=465, sweeps=9, converged=True, rel_change=8.489e-04, effective_ranks=(316, 29), class_paired=True
Epoch [55/100] | Loss: 5.1860 (Cls: 5.1859, TAL: -0.3560, Adv: 0.5355, OT-Reg: 0.001542) | OT inner objective: -0.0881 | Marginal residual row/col/max: 3.03e-05/1.14e-08/3.03e-05 | Train Acc: 0.4196 | Val Acc: 0.0583 | Val P/R/F1 (Macro): 0.1694/0.1039/0.0886 | LR: 0.000001
Epoch [56/100] | SVD update #56: pairs=465, sweeps=9, converged=True, rel_change=4.571e-04, effective_ranks=(317, 30), class_paired=True
Epoch [56/100] | Loss: 5.1232 (Cls: 5.1537, TAL: -0.4058, Adv: 0.2264, OT-Reg: 0.001509) | OT inner objective: -0.1824 | Marginal residual row/col/max: 9.99e-05/1.05e-08/9.99e-05 | Train Acc: 0.4152 | Val Acc: 0.0333 | Val P/R/F1 (Macro): 0.0611/0.0502/0.0457 | LR: 0.000001
Epoch [57/100] | SVD update #57: pairs=465, sweeps=9, converged=True, rel_change=4.876e-04, effective_ranks=(316, 25), class_paired=True
Epoch [57/100] | Loss: 5.2984 (Cls: 5.3114, TAL: -0.2901, Adv: 0.2718, OT-Reg: 0.001458) | OT inner objective: -0.1933 | Marginal residual row/col/max: 2.90e-04/1.32e-08/2.90e-04 | Train Acc: 0.4464 | Val Acc: 0.0667 | Val P/R/F1 (Macro): 0.1190/0.1117/0.0540 | LR: 0.000001
Epoch [58/100] | SVD update #58: pairs=465, sweeps=10, converged=False, rel_change=1.346e-03, effective_ranks=(317, 27), class_paired=True
Epoch [58/100] | Loss: 5.4564 (Cls: 5.4735, TAL: -0.2930, Adv: 0.2259, OT-Reg: 0.001462) | OT inner objective: -0.2477 | Marginal residual row/col/max: 6.08e-05/1.01e-08/6.08e-05 | Train Acc: 0.4241 | Val Acc: 0.1167 | Val P/R/F1 (Macro): 0.1210/0.1651/0.1231 | LR: 0.000001
Epoch [59/100] | SVD update #59: pairs=465, sweeps=10, converged=False, rel_change=4.688e-03, effective_ranks=(317, 26), class_paired=True
Epoch [59/100] | Loss: 5.4074 (Cls: 5.4171, TAL: -0.2101, Adv: 0.1931, OT-Reg: 0.001543) | OT inner objective: -0.0347 | Marginal residual row/col/max: 5.32e-05/1.20e-08/5.32e-05 | Train Acc: 0.3348 | Val Acc: 0.0333 | Val P/R/F1 (Macro): 0.0378/0.0580/0.0288 | LR: 0.000001
Epoch [60/100] | SVD update #60: pairs=465, sweeps=9, converged=True, rel_change=8.300e-04, effective_ranks=(316, 27), class_paired=True
Epoch [60/100] | Loss: 5.4673 (Cls: 5.4654, TAL: -0.1313, Adv: 0.2208, OT-Reg: 0.001378) | OT inner objective: -0.0466 | Marginal residual row/col/max: 3.86e-04/1.69e-08/3.86e-04 | Train Acc: 0.4018 | Val Acc: 0.0750 | Val P/R/F1 (Macro): 0.1271/0.1552/0.0597 | LR: 0.000001
Epoch [61/100] | SVD update #61: pairs=465, sweeps=10, converged=False, rel_change=1.345e-01, effective_ranks=(317, 30), class_paired=True
Epoch [61/100] | Loss: 6.9863 (Cls: 6.9713, TAL: -0.0159, Adv: 0.2118, OT-Reg: 0.001529) | OT inner objective: 0.0770 | Marginal residual row/col/max: 5.20e-06/3.05e-08/5.20e-06 | Train Acc: 0.0379 | Val Acc: 0.2583 | Val P/R/F1 (Macro): 0.1819/0.1214/0.1177 | LR: 0.000001
Epoch [62/100] | SVD update #62: pairs=465, sweeps=10, converged=False, rel_change=1.086e-01, effective_ranks=(317, 28), class_paired=True
Epoch [62/100] | Loss: 7.1533 (Cls: 7.1172, TAL: 0.1912, Adv: 0.1647, OT-Reg: 0.001340) | OT inner objective: -0.1626 | Marginal residual row/col/max: 2.67e-04/1.40e-08/2.67e-04 | Train Acc: 0.0379 | Val Acc: 0.1083 | Val P/R/F1 (Macro): 0.0850/0.1327/0.1007 | LR: 0.000001
Epoch [63/100] | SVD update #63: pairs=465, sweeps=10, converged=False, rel_change=2.159e-03, effective_ranks=(317, 30), class_paired=True
Epoch [63/100] | Loss: 6.8148 (Cls: 6.7680, TAL: 0.2647, Adv: 0.1880, OT-Reg: 0.001481) | OT inner objective: -0.1137 | Marginal residual row/col/max: 1.79e-04/1.28e-08/1.79e-04 | Train Acc: 0.1071 | Val Acc: 0.1500 | Val P/R/F1 (Macro): 0.0438/0.1105/0.0621 | LR: 0.000001
Epoch [64/100] | SVD update #64: pairs=465, sweeps=9, converged=True, rel_change=6.804e-04, effective_ranks=(316, 30), class_paired=True
Epoch [64/100] | Loss: 6.9299 (Cls: 6.8691, TAL: 0.3488, Adv: 0.2362, OT-Reg: 0.001277) | OT inner objective: -0.1824 | Marginal residual row/col/max: 2.75e-04/1.04e-08/2.75e-04 | Train Acc: 0.0357 | Val Acc: 0.1500 | Val P/R/F1 (Macro): 0.0766/0.0749/0.0683 | LR: 0.000001
Epoch [65/100] | SVD update #65: pairs=465, sweeps=10, converged=False, rel_change=8.672e-03, effective_ranks=(317, 31), class_paired=True
Epoch [65/100] | Loss: 6.6616 (Cls: 6.6078, TAL: 0.3041, Adv: 0.2170, OT-Reg: 0.001501) | OT inner objective: -0.0151 | Marginal residual row/col/max: 1.95e-04/1.61e-08/1.95e-04 | Train Acc: 0.0424 | Val Acc: 0.0417 | Val P/R/F1 (Macro): 0.1373/0.0788/0.0741 | LR: 0.000001
Epoch [66/100] | SVD update #66: pairs=465, sweeps=8, converged=True, rel_change=4.314e-04, effective_ranks=(317, 28), class_paired=True
Epoch [66/100] | Loss: 6.5942 (Cls: 6.5581, TAL: 0.1783, Adv: 0.1844, OT-Reg: 0.001404) | OT inner objective: 0.1098 | Marginal residual row/col/max: 3.08e-04/1.32e-08/3.08e-04 | Train Acc: 0.0446 | Val Acc: 0.1000 | Val P/R/F1 (Macro): 0.3089/0.2029/0.1871 | LR: 0.000001
Epoch [67/100] | SVD update #67: pairs=465, sweeps=10, converged=False, rel_change=1.424e-03, effective_ranks=(316, 25), class_paired=True
Epoch [67/100] | Loss: 6.0701 (Cls: 6.0334, TAL: -0.0241, Adv: 0.4940, OT-Reg: 0.001702) | OT inner objective: 0.0555 | Marginal residual row/col/max: 5.80e-05/1.42e-08/5.80e-05 | Train Acc: 0.1875 | Val Acc: 0.4417 | Val P/R/F1 (Macro): 0.3967/0.3818/0.3715 | LR: 0.000001
Epoch [68/100] | SVD update #68: pairs=465, sweeps=9, converged=True, rel_change=9.167e-04, effective_ranks=(317, 23), class_paired=True
Epoch [68/100] | Loss: 5.5904 (Cls: 5.5946, TAL: -0.1901, Adv: 0.2330, OT-Reg: 0.001504) | OT inner objective: -0.1121 | Marginal residual row/col/max: 4.09e-04/1.77e-08/4.09e-04 | Train Acc: 0.3036 | Val Acc: 0.0833 | Val P/R/F1 (Macro): 0.2458/0.2315/0.1917 | LR: 0.000001
Epoch [69/100] | SVD update #69: pairs=465, sweeps=8, converged=True, rel_change=6.801e-04, effective_ranks=(316, 25), class_paired=True
Epoch [69/100] | Loss: 5.8010 (Cls: 5.7775, TAL: 0.0166, Adv: 0.2687, OT-Reg: 0.001385) | OT inner objective: -0.0562 | Marginal residual row/col/max: 1.27e-04/1.65e-08/1.27e-04 | Train Acc: 0.2879 | Val Acc: 0.1250 | Val P/R/F1 (Macro): 0.1316/0.2958/0.1602 | LR: 0.000001
Epoch [70/100] | SVD update #70: pairs=465, sweeps=8, converged=True, rel_change=8.661e-04, effective_ranks=(314, 23), class_paired=True
Epoch [70/100] | Loss: 5.9388 (Cls: 5.9453, TAL: -0.2352, Adv: 0.2716, OT-Reg: 0.001508) | OT inner objective: -0.2040 | Marginal residual row/col/max: 3.55e-04/1.16e-08/3.55e-04 | Train Acc: 0.3594 | Val Acc: 0.1750 | Val P/R/F1 (Macro): 0.2466/0.3589/0.2665 | LR: 0.000001
Epoch [71/100] | SVD update #71: pairs=465, sweeps=5, converged=True, rel_change=9.639e-04, effective_ranks=(316, 22), class_paired=True
Epoch [71/100] | Loss: 5.7915 (Cls: 5.8076, TAL: -0.2914, Adv: 0.2350, OT-Reg: 0.001499) | OT inner objective: -0.2079 | Marginal residual row/col/max: 3.59e-04/1.22e-08/3.59e-04 | Train Acc: 0.2991 | Val Acc: 0.1250 | Val P/R/F1 (Macro): 0.2223/0.2526/0.2261 | LR: 0.000001
Epoch [72/100] | SVD update #72: pairs=465, sweeps=8, converged=True, rel_change=5.459e-04, effective_ranks=(313, 21), class_paired=True
Epoch [72/100] | Loss: 5.6937 (Cls: 5.7053, TAL: -0.2542, Adv: 0.2353, OT-Reg: 0.001441) | OT inner objective: -0.2559 | Marginal residual row/col/max: 3.30e-04/1.29e-08/3.30e-04 | Train Acc: 0.3304 | Val Acc: 0.2833 | Val P/R/F1 (Macro): 0.3221/0.3824/0.3326 | LR: 0.000001
Epoch [73/100] | SVD update #73: pairs=465, sweeps=9, converged=True, rel_change=4.501e-04, effective_ranks=(315, 22), class_paired=True
Epoch [73/100] | Loss: 5.9002 (Cls: 5.9084, TAL: -0.2238, Adv: 0.2323, OT-Reg: 0.001293) | OT inner objective: -0.2129 | Marginal residual row/col/max: 6.52e-04/1.44e-08/6.52e-04 | Train Acc: 0.3460 | Val Acc: 0.2833 | Val P/R/F1 (Macro): 0.4123/0.4238/0.3327 | LR: 0.000001
Epoch [74/100] | SVD update #74: pairs=465, sweeps=8, converged=True, rel_change=2.094e-04, effective_ranks=(316, 21), class_paired=True
Epoch [74/100] | Loss: 5.5151 (Cls: 5.5279, TAL: -0.2522, Adv: 0.2187, OT-Reg: 0.001513) | OT inner objective: -0.1981 | Marginal residual row/col/max: 3.38e-04/1.32e-08/3.38e-04 | Train Acc: 0.4241 | Val Acc: 0.2000 | Val P/R/F1 (Macro): 0.2917/0.3768/0.2081 | LR: 0.000001
Epoch [75/100] | SVD update #75: pairs=465, sweeps=7, converged=True, rel_change=7.205e-04, effective_ranks=(314, 22), class_paired=True
Epoch [75/100] | Loss: 5.4958 (Cls: 5.5238, TAL: -0.3320, Adv: 0.1481, OT-Reg: 0.001415) | OT inner objective: -0.2757 | Marginal residual row/col/max: 8.65e-04/1.45e-08/8.65e-04 | Train Acc: 0.3817 | Val Acc: 0.1083 | Val P/R/F1 (Macro): 0.2238/0.2567/0.2111 | LR: 0.000001
Epoch [76/100] | SVD update #76: pairs=465, sweeps=5, converged=True, rel_change=1.961e-04, effective_ranks=(315, 23), class_paired=True
Epoch [76/100] | Loss: 5.8079 (Cls: 5.8290, TAL: -0.3179, Adv: 0.2131, OT-Reg: 0.001405) | OT inner objective: -0.2450 | Marginal residual row/col/max: 2.71e-04/1.20e-08/2.71e-04 | Train Acc: 0.3594 | Val Acc: 0.0833 | Val P/R/F1 (Macro): 0.2271/0.2429/0.1882 | LR: 0.000001
Epoch [77/100] | SVD update #77: pairs=465, sweeps=7, converged=True, rel_change=2.630e-04, effective_ranks=(315, 20), class_paired=True
Epoch [77/100] | Loss: 5.7519 (Cls: 5.7492, TAL: -0.1285, Adv: 0.2262, OT-Reg: 0.001417) | OT inner objective: -0.1648 | Marginal residual row/col/max: 3.30e-04/1.56e-08/3.30e-04 | Train Acc: 0.3571 | Val Acc: 0.2833 | Val P/R/F1 (Macro): 0.3745/0.3745/0.3222 | LR: 0.000001
Epoch [78/100] | SVD update #78: pairs=465, sweeps=6, converged=True, rel_change=8.734e-04, effective_ranks=(316, 21), class_paired=True
Epoch [78/100] | Loss: 5.9385 (Cls: 5.9407, TAL: -0.1300, Adv: 0.1671, OT-Reg: 0.001484) | OT inner objective: -0.2249 | Marginal residual row/col/max: 2.08e-04/1.13e-08/2.08e-04 | Train Acc: 0.3237 | Val Acc: 0.2167 | Val P/R/F1 (Macro): 0.3075/0.2917/0.2926 | LR: 0.000001
Epoch [79/100] | SVD update #79: pairs=465, sweeps=7, converged=True, rel_change=7.620e-04, effective_ranks=(314, 22), class_paired=True
Epoch [79/100] | Loss: 5.6825 (Cls: 5.6932, TAL: -0.2187, Adv: 0.1942, OT-Reg: 0.001500) | OT inner objective: -0.1959 | Marginal residual row/col/max: 3.91e-04/1.26e-08/3.91e-04 | Train Acc: 0.3036 | Val Acc: 0.2917 | Val P/R/F1 (Macro): 0.2774/0.2866/0.2739 | LR: 0.000001
Epoch [80/100] | SVD update #80: pairs=465, sweeps=10, converged=False, rel_change=2.152e-02, effective_ranks=(316, 21), class_paired=True
Epoch [80/100] | Loss: 5.7626 (Cls: 5.7579, TAL: -0.1373, Adv: 0.2647, OT-Reg: 0.001571) | OT inner objective: -0.0908 | Marginal residual row/col/max: 4.36e-05/1.05e-08/4.36e-05 | Train Acc: 0.2656 | Val Acc: 0.2167 | Val P/R/F1 (Macro): 0.2877/0.3175/0.2638 | LR: 0.000001
Epoch [81/100] | SVD update #81: pairs=465, sweeps=7, converged=True, rel_change=7.782e-04, effective_ranks=(317, 25), class_paired=True
Epoch [81/100] | Loss: 6.0804 (Cls: 6.0915, TAL: -0.2641, Adv: 0.2569, OT-Reg: 0.001504) | OT inner objective: -0.2736 | Marginal residual row/col/max: 5.42e-04/1.33e-08/5.42e-04 | Train Acc: 0.2902 | Val Acc: 0.2167 | Val P/R/F1 (Macro): 0.3227/0.3085/0.3004 | LR: 0.000001
Epoch [82/100] | SVD update #82: pairs=465, sweeps=5, converged=True, rel_change=7.534e-04, effective_ranks=(314, 22), class_paired=True
Epoch [82/100] | Loss: 5.5016 (Cls: 5.5015, TAL: -0.1566, Adv: 0.2356, OT-Reg: 0.001463) | OT inner objective: -0.1666 | Marginal residual row/col/max: 3.28e-04/1.54e-08/3.28e-04 | Train Acc: 0.3214 | Val Acc: 0.1333 | Val P/R/F1 (Macro): 0.2365/0.2993/0.2245 | LR: 0.000001
Epoch [83/100] | SVD update #83: pairs=465, sweeps=5, converged=True, rel_change=2.555e-04, effective_ranks=(313, 23), class_paired=True
Epoch [83/100] | Loss: 6.0130 (Cls: 6.0161, TAL: -0.2318, Adv: 0.3091, OT-Reg: 0.001499) | OT inner objective: -0.2534 | Marginal residual row/col/max: 2.86e-04/1.22e-08/2.86e-04 | Train Acc: 0.2388 | Val Acc: 0.1167 | Val P/R/F1 (Macro): 0.2505/0.2576/0.2380 | LR: 0.000001
Epoch [84/100] | SVD update #84: pairs=465, sweeps=8, converged=True, rel_change=6.467e-04, effective_ranks=(313, 21), class_paired=True
Epoch [84/100] | Loss: 5.7723 (Cls: 5.7698, TAL: -0.1847, Adv: 0.3086, OT-Reg: 0.001526) | OT inner objective: -0.3047 | Marginal residual row/col/max: 2.58e-04/1.10e-08/2.58e-04 | Train Acc: 0.2902 | Val Acc: 0.1917 | Val P/R/F1 (Macro): 0.3285/0.2708/0.2870 | LR: 0.000001
Epoch [85/100] | SVD update #85: pairs=465, sweeps=8, converged=True, rel_change=3.210e-04, effective_ranks=(316, 21), class_paired=True
Epoch [85/100] | Loss: 5.6126 (Cls: 5.6060, TAL: -0.1823, Adv: 0.3564, OT-Reg: 0.001353) | OT inner objective: -0.2834 | Marginal residual row/col/max: 8.57e-04/1.57e-08/8.57e-04 | Train Acc: 0.3504 | Val Acc: 0.1583 | Val P/R/F1 (Macro): 0.2319/0.3382/0.2377 | LR: 0.000001
Epoch [86/100] | SVD update #86: pairs=465, sweeps=4, converged=True, rel_change=7.425e-04, effective_ranks=(315, 23), class_paired=True
Epoch [86/100] | Loss: 5.6903 (Cls: 5.6710, TAL: -0.2266, Adv: 0.5817, OT-Reg: 0.001332) | OT inner objective: -0.2973 | Marginal residual row/col/max: 7.90e-04/1.57e-08/7.90e-04 | Train Acc: 0.2768 | Val Acc: 0.1083 | Val P/R/F1 (Macro): 0.2130/0.2943/0.2202 | LR: 0.000001
Epoch [87/100] | SVD update #87: pairs=465, sweeps=5, converged=True, rel_change=9.360e-04, effective_ranks=(317, 23), class_paired=True
Epoch [87/100] | Loss: 5.2736 (Cls: 5.2911, TAL: -0.3239, Adv: 0.2670, OT-Reg: 0.001437) | OT inner objective: -0.2762 | Marginal residual row/col/max: 7.09e-04/1.61e-08/7.09e-04 | Train Acc: 0.3906 | Val Acc: 0.1750 | Val P/R/F1 (Macro): 0.3629/0.3759/0.2477 | LR: 0.000001
Epoch [88/100] | SVD update #88: pairs=465, sweeps=7, converged=True, rel_change=9.851e-04, effective_ranks=(315, 24), class_paired=True
Epoch [88/100] | Loss: 5.3380 (Cls: 5.3507, TAL: -0.3410, Adv: 0.3526, OT-Reg: 0.001355) | OT inner objective: -0.2546 | Marginal residual row/col/max: 7.83e-04/1.40e-08/7.83e-04 | Train Acc: 0.3795 | Val Acc: 0.1667 | Val P/R/F1 (Macro): 0.2615/0.3338/0.2488 | LR: 0.000001
Epoch [89/100] | SVD update #89: pairs=465, sweeps=10, converged=False, rel_change=3.079e-03, effective_ranks=(316, 22), class_paired=True
Epoch [89/100] | Loss: 5.4396 (Cls: 5.4217, TAL: -0.1689, Adv: 0.4771, OT-Reg: 0.001402) | OT inner objective: -0.2300 | Marginal residual row/col/max: 2.57e-04/1.13e-08/2.57e-04 | Train Acc: 0.3393 | Val Acc: 0.1583 | Val P/R/F1 (Macro): 0.2762/0.3354/0.2401 | LR: 0.000001
Epoch [90/100] | SVD update #90: pairs=465, sweeps=9, converged=True, rel_change=9.353e-04, effective_ranks=(314, 23), class_paired=True
Epoch [90/100] | Loss: 5.8572 (Cls: 5.8622, TAL: -0.3150, Adv: 0.4101, OT-Reg: 0.001500) | OT inner objective: -0.1829 | Marginal residual row/col/max: 3.11e-04/1.76e-08/3.11e-04 | Train Acc: 0.3170 | Val Acc: 0.1917 | Val P/R/F1 (Macro): 0.2806/0.3160/0.2670 | LR: 0.000001
Epoch [91/100] | SVD update #91: pairs=465, sweeps=5, converged=True, rel_change=2.078e-04, effective_ranks=(316, 23), class_paired=True
Epoch [91/100] | Loss: 5.6816 (Cls: 5.6840, TAL: -0.3396, Adv: 0.4802, OT-Reg: 0.001404) | OT inner objective: -0.1855 | Marginal residual row/col/max: 3.09e-04/1.80e-08/3.09e-04 | Train Acc: 0.3348 | Val Acc: 0.3167 | Val P/R/F1 (Macro): 0.3036/0.3186/0.2880 | LR: 0.000001
Epoch [92/100] | SVD update #92: pairs=465, sweeps=6, converged=True, rel_change=9.687e-04, effective_ranks=(315, 22), class_paired=True
Epoch [92/100] | Loss: 5.5447 (Cls: 5.5496, TAL: -0.3115, Adv: 0.4056, OT-Reg: 0.001408) | OT inner objective: -0.2588 | Marginal residual row/col/max: 4.03e-04/1.58e-08/4.03e-04 | Train Acc: 0.3973 | Val Acc: 0.1583 | Val P/R/F1 (Macro): 0.3588/0.3928/0.2652 | LR: 0.000001
Epoch [93/100] | SVD update #93: pairs=465, sweeps=9, converged=True, rel_change=4.222e-04, effective_ranks=(315, 21), class_paired=True
Epoch [93/100] | Loss: 5.8533 (Cls: 5.8393, TAL: -0.1515, Adv: 0.4013, OT-Reg: 0.001395) | OT inner objective: -0.2562 | Marginal residual row/col/max: 2.79e-04/1.21e-08/2.79e-04 | Train Acc: 0.3371 | Val Acc: 0.3083 | Val P/R/F1 (Macro): 0.2939/0.3266/0.2869 | LR: 0.000001
Epoch [94/100] | SVD update #94: pairs=465, sweeps=6, converged=True, rel_change=6.830e-04, effective_ranks=(315, 23), class_paired=True
Epoch [94/100] | Loss: 5.5068 (Cls: 5.5078, TAL: -0.3107, Adv: 0.4536, OT-Reg: 0.001373) | OT inner objective: -0.2603 | Marginal residual row/col/max: 8.01e-04/1.25e-08/8.01e-04 | Train Acc: 0.3884 | Val Acc: 0.1167 | Val P/R/F1 (Macro): 0.2266/0.3080/0.2443 | LR: 0.000001
Epoch [95/100] | SVD update #95: pairs=465, sweeps=10, converged=False, rel_change=1.439e-03, effective_ranks=(316, 30), class_paired=True
Epoch [95/100] | Loss: 5.6641 (Cls: 5.6131, TAL: 0.1070, Adv: 0.4765, OT-Reg: 0.001471) | OT inner objective: -0.0958 | Marginal residual row/col/max: 5.64e-04/1.60e-08/5.64e-04 | Train Acc: 0.3973 | Val Acc: 0.1750 | Val P/R/F1 (Macro): 0.3616/0.3761/0.2576 | LR: 0.000001
Epoch [96/100] | SVD update #96: pairs=465, sweeps=9, converged=True, rel_change=5.363e-04, effective_ranks=(316, 22), class_paired=True
Epoch [96/100] | Loss: 5.5677 (Cls: 5.5706, TAL: -0.3010, Adv: 0.4146, OT-Reg: 0.001556) | OT inner objective: -0.3196 | Marginal residual row/col/max: 4.62e-04/1.13e-08/4.62e-04 | Train Acc: 0.3996 | Val Acc: 0.2167 | Val P/R/F1 (Macro): 0.3514/0.3675/0.3247 | LR: 0.000001
Epoch [97/100] | SVD update #97: pairs=465, sweeps=4, converged=True, rel_change=2.203e-04, effective_ranks=(316, 25), class_paired=True
Epoch [97/100] | Loss: 5.5587 (Cls: 5.5594, TAL: -0.3039, Adv: 0.4476, OT-Reg: 0.001502) | OT inner objective: -0.1934 | Marginal residual row/col/max: 4.74e-04/1.45e-08/4.74e-04 | Train Acc: 0.3683 | Val Acc: 0.3000 | Val P/R/F1 (Macro): 0.3399/0.3746/0.3391 | LR: 0.000001
Epoch [98/100] | SVD update #98: pairs=465, sweeps=5, converged=True, rel_change=7.812e-04, effective_ranks=(312, 22), class_paired=True
Epoch [98/100] | Loss: 5.7516 (Cls: 5.7282, TAL: -0.2228, Adv: 0.6264, OT-Reg: 0.001361) | OT inner objective: -0.2529 | Marginal residual row/col/max: 1.04e-03/1.77e-08/1.04e-03 | Train Acc: 0.4286 | Val Acc: 0.3083 | Val P/R/F1 (Macro): 0.3756/0.4749/0.3860 | LR: 0.000001
Epoch [99/100] | SVD update #99: pairs=465, sweeps=10, converged=False, rel_change=5.652e-03, effective_ranks=(312, 22), class_paired=True
Epoch [99/100] | Loss: 5.6004 (Cls: 5.5864, TAL: -0.2439, Adv: 0.5411, OT-Reg: 0.001461) | OT inner objective: -0.2360 | Marginal residual row/col/max: 8.50e-04/1.53e-08/8.50e-04 | Train Acc: 0.3973 | Val Acc: 0.1500 | Val P/R/F1 (Macro): 0.2622/0.3490/0.2383 | LR: 0.000001
Epoch [100/100] | SVD update #100: pairs=465, sweeps=5, converged=True, rel_change=5.787e-04, effective_ranks=(313, 23), class_paired=True
Epoch [100/100] | Loss: 5.6018 (Cls: 5.6019, TAL: -0.2534, Adv: 0.3798, OT-Reg: 0.001347) | OT inner objective: -0.2481 | Marginal residual row/col/max: 8.39e-04/1.28e-08/8.39e-04 | Train Acc: 0.3571 | Val Acc: 0.5083 | Val P/R/F1 (Macro): 0.4686/0.5097/0.4534 | LR: 0.000001
  >>> New Best Val Acc: 0.5083
Report strategy: best, window=10, reported_acc=0.5083, best_acc=0.5083, selected_epoch=100

迭代 1 报告指标:
  Accuracy: 0.5083
  Precision (Macro): 0.4686
  Recall (Macro): 0.5097
  F1 (Macro): 0.4534
  Precision (Micro): 0.5083
  Recall (Micro): 0.5083
  F1 (Micro): 0.5083
  Val class coverage: 8/14 (0.5714), samples=120

================================================================================
迭代 2/5
随机种子: 43
================================================================================
配对采样器已初始化，共 8 个共有类别。
Training mode: full target-label supervision (class-paired batches).
Feature fusion: Tensor alignment (512+512 -> 16+16); fused_dim=32
Domain adaptation: Neural OT generator with 3-domain discriminator
Loss weights: tensor=0.12, adv=0.08
Transport: mode=sinkhorn, epsilon=0.1, Sinkhorn iterations=50, correction scale=0.1, correction regularization weight=0.001
Tensor projection update: once per epoch from the complete target-training pairing bank; projection_dim=16, max_sweeps=10, relative singular-value tolerance=0.001
Epoch [1/100] | SVD update #1: pairs=465, sweeps=3, converged=True, rel_change=2.254e-05, effective_ranks=(317, 205), class_paired=True
Epoch [1/100] | Loss: 7.4468 (Cls: 7.4552, TAL: -0.2246, Adv: 0.2322, OT-Reg: 0.001523) | OT inner objective: 0.1671 | Marginal residual row/col/max: 1.16e-08/1.22e-08/1.40e-08 | Train Acc: 0.2210 | Val Acc: 0.0917 | Val P/R/F1 (Macro): 0.0386/0.2500/0.0620 | LR: 0.000005
  >>> New Best Val Acc: 0.0917
Epoch [2/100] | SVD update #2: pairs=465, sweeps=6, converged=True, rel_change=3.847e-04, effective_ranks=(317, 111), class_paired=True
Epoch [2/100] | Loss: 6.6512 (Cls: 6.6588, TAL: -0.2106, Adv: 0.2201, OT-Reg: 0.001508) | OT inner objective: 0.2099 | Marginal residual row/col/max: 2.66e-07/2.94e-08/2.81e-07 | Train Acc: 0.2455 | Val Acc: 0.4833 | Val P/R/F1 (Macro): 0.4144/0.4754/0.3972 | LR: 0.000005
  >>> New Best Val Acc: 0.4833
Epoch [3/100] | SVD update #3: pairs=465, sweeps=10, converged=False, rel_change=2.438e-02, effective_ranks=(316, 56), class_paired=True
Epoch [3/100] | Loss: 7.4183 (Cls: 7.4078, TAL: -0.0585, Adv: 0.2194, OT-Reg: 0.001447) | OT inner objective: 0.1121 | Marginal residual row/col/max: 4.47e-05/2.47e-08/4.47e-05 | Train Acc: 0.1763 | Val Acc: 0.2167 | Val P/R/F1 (Macro): 0.1763/0.3450/0.1724 | LR: 0.000005
Epoch [4/100] | SVD update #4: pairs=465, sweeps=10, converged=False, rel_change=4.657e-03, effective_ranks=(316, 47), class_paired=True
Epoch [4/100] | Loss: 6.9520 (Cls: 6.9263, TAL: 0.0661, Adv: 0.2226, OT-Reg: 0.001462) | OT inner objective: 0.0878 | Marginal residual row/col/max: 5.10e-05/2.28e-08/5.10e-05 | Train Acc: 0.1875 | Val Acc: 0.2000 | Val P/R/F1 (Macro): 0.2379/0.3804/0.2525 | LR: 0.000005
Epoch [5/100] | SVD update #5: pairs=465, sweeps=10, converged=False, rel_change=5.974e-03, effective_ranks=(316, 29), class_paired=True
Epoch [5/100] | Loss: 7.1215 (Cls: 7.1131, TAL: -0.0829, Adv: 0.2294, OT-Reg: 0.001532) | OT inner objective: 0.1865 | Marginal residual row/col/max: 4.64e-05/2.09e-08/4.64e-05 | Train Acc: 0.1830 | Val Acc: 0.1167 | Val P/R/F1 (Macro): 0.2054/0.3059/0.1927 | LR: 0.000005
Epoch [6/100] | SVD update #6: pairs=465, sweeps=10, converged=False, rel_change=4.123e-01, effective_ranks=(317, 37), class_paired=True
Epoch [6/100] | Loss: 6.2723 (Cls: 6.2604, TAL: -0.0503, Adv: 0.2251, OT-Reg: 0.001399) | OT inner objective: 0.0510 | Marginal residual row/col/max: 4.52e-05/2.49e-08/4.52e-05 | Train Acc: 0.3058 | Val Acc: 0.3250 | Val P/R/F1 (Macro): 0.3272/0.4077/0.3369 | LR: 0.000005
Epoch [7/100] | SVD update #7: pairs=465, sweeps=10, converged=False, rel_change=1.282e-01, effective_ranks=(317, 52), class_paired=True
Epoch [7/100] | Loss: 6.7626 (Cls: 6.7731, TAL: -0.2056, Adv: 0.1781, OT-Reg: 0.001519) | OT inner objective: 0.0625 | Marginal residual row/col/max: 2.93e-08/1.17e-08/3.09e-08 | Train Acc: 0.2321 | Val Acc: 0.0917 | Val P/R/F1 (Macro): 0.0861/0.2517/0.1054 | LR: 0.000005
Epoch [8/100] | SVD update #8: pairs=465, sweeps=6, converged=True, rel_change=3.027e-04, effective_ranks=(316, 27), class_paired=True
Epoch [8/100] | Loss: 5.9195 (Cls: 5.9380, TAL: -0.2969, Adv: 0.2146, OT-Reg: 0.001513) | OT inner objective: 0.0917 | Marginal residual row/col/max: 7.28e-05/2.50e-08/7.28e-05 | Train Acc: 0.3661 | Val Acc: 0.2250 | Val P/R/F1 (Macro): 0.4458/0.3991/0.3401 | LR: 0.000005
Epoch [9/100] | SVD update #9: pairs=465, sweeps=10, converged=False, rel_change=1.140e-03, effective_ranks=(317, 25), class_paired=True
Epoch [9/100] | Loss: 6.0117 (Cls: 6.0040, TAL: -0.0543, Adv: 0.1777, OT-Reg: 0.001542) | OT inner objective: 0.1906 | Marginal residual row/col/max: 8.14e-08/2.61e-08/9.23e-08 | Train Acc: 0.2835 | Val Acc: 0.2917 | Val P/R/F1 (Macro): 0.5289/0.4739/0.3667 | LR: 0.000005
Epoch [10/100] | SVD update #10: pairs=465, sweeps=7, converged=True, rel_change=9.617e-04, effective_ranks=(315, 25), class_paired=True
Epoch [10/100] | Loss: 5.6627 (Cls: 5.6766, TAL: -0.2327, Adv: 0.1759, OT-Reg: 0.001515) | OT inner objective: 0.0515 | Marginal residual row/col/max: 6.94e-06/1.77e-08/6.94e-06 | Train Acc: 0.3683 | Val Acc: 0.2250 | Val P/R/F1 (Macro): 0.4214/0.5403/0.3356 | LR: 0.000005
Epoch [11/100] | SVD update #11: pairs=465, sweeps=6, converged=True, rel_change=3.195e-04, effective_ranks=(315, 21), class_paired=True
Epoch [11/100] | Loss: 5.0508 (Cls: 5.0808, TAL: -0.3542, Adv: 0.1561, OT-Reg: 0.001456) | OT inner objective: 0.0097 | Marginal residual row/col/max: 4.63e-05/1.28e-08/4.63e-05 | Train Acc: 0.4643 | Val Acc: 0.2333 | Val P/R/F1 (Macro): 0.6453/0.5026/0.3960 | LR: 0.000005
Epoch [12/100] | SVD update #12: pairs=465, sweeps=5, converged=True, rel_change=8.271e-04, effective_ranks=(317, 21), class_paired=True
Epoch [12/100] | Loss: 4.4939 (Cls: 4.5204, TAL: -0.3209, Adv: 0.1492, OT-Reg: 0.001457) | OT inner objective: -0.0585 | Marginal residual row/col/max: 1.20e-05/1.18e-08/1.20e-05 | Train Acc: 0.6138 | Val Acc: 0.3083 | Val P/R/F1 (Macro): 0.5079/0.6304/0.4557 | LR: 0.000005
Epoch [13/100] | SVD update #13: pairs=465, sweeps=5, converged=True, rel_change=2.027e-04, effective_ranks=(317, 20), class_paired=True
Epoch [13/100] | Loss: 4.5183 (Cls: 4.5434, TAL: -0.3406, Adv: 0.1975, OT-Reg: 0.001412) | OT inner objective: -0.0755 | Marginal residual row/col/max: 9.03e-05/1.92e-08/9.03e-05 | Train Acc: 0.5670 | Val Acc: 0.1833 | Val P/R/F1 (Macro): 0.4002/0.3190/0.2667 | LR: 0.000003
Epoch [14/100] | SVD update #14: pairs=465, sweeps=10, converged=False, rel_change=3.260e-02, effective_ranks=(315, 25), class_paired=True
Epoch [14/100] | Loss: 6.5685 (Cls: 6.5544, TAL: -0.0951, Adv: 0.3186, OT-Reg: 0.001498) | OT inner objective: 0.1015 | Marginal residual row/col/max: 2.31e-06/2.77e-08/2.31e-06 | Train Acc: 0.3728 | Val Acc: 0.2083 | Val P/R/F1 (Macro): 0.2341/0.3395/0.2193 | LR: 0.000003
Epoch [15/100] | SVD update #15: pairs=465, sweeps=5, converged=True, rel_change=6.539e-04, effective_ranks=(313, 16), class_paired=True
Epoch [15/100] | Loss: 5.2414 (Cls: 5.2600, TAL: -0.2581, Adv: 0.1552, OT-Reg: 0.001454) | OT inner objective: 0.0272 | Marginal residual row/col/max: 5.56e-05/1.73e-08/5.56e-05 | Train Acc: 0.4196 | Val Acc: 0.1167 | Val P/R/F1 (Macro): 0.3622/0.3421/0.2381 | LR: 0.000003
Epoch [16/100] | SVD update #16: pairs=465, sweeps=6, converged=True, rel_change=5.135e-04, effective_ranks=(316, 21), class_paired=True
Epoch [16/100] | Loss: 5.2108 (Cls: 5.2224, TAL: -0.2386, Adv: 0.2124, OT-Reg: 0.001451) | OT inner objective: -0.0393 | Marginal residual row/col/max: 2.25e-05/1.32e-08/2.25e-05 | Train Acc: 0.4487 | Val Acc: 0.2083 | Val P/R/F1 (Macro): 0.3700/0.5300/0.3278 | LR: 0.000003
Epoch [17/100] | SVD update #17: pairs=465, sweeps=5, converged=True, rel_change=5.211e-04, effective_ranks=(316, 20), class_paired=True
Epoch [17/100] | Loss: 4.8738 (Cls: 4.9124, TAL: -0.4083, Adv: 0.1298, OT-Reg: 0.001432) | OT inner objective: -0.1524 | Marginal residual row/col/max: 8.95e-06/9.85e-09/8.95e-06 | Train Acc: 0.4955 | Val Acc: 0.2500 | Val P/R/F1 (Macro): 0.5656/0.4820/0.3455 | LR: 0.000003
Epoch [18/100] | SVD update #18: pairs=465, sweeps=6, converged=True, rel_change=6.395e-04, effective_ranks=(317, 24), class_paired=True
Epoch [18/100] | Loss: 4.6447 (Cls: 4.6672, TAL: -0.3463, Adv: 0.2383, OT-Reg: 0.001470) | OT inner objective: 0.0249 | Marginal residual row/col/max: 3.75e-06/1.92e-08/3.75e-06 | Train Acc: 0.5424 | Val Acc: 0.1583 | Val P/R/F1 (Macro): 0.6289/0.4204/0.3331 | LR: 0.000003
Epoch [19/100] | SVD update #19: pairs=465, sweeps=4, converged=True, rel_change=3.962e-04, effective_ranks=(316, 24), class_paired=True
Epoch [19/100] | Loss: 4.3881 (Cls: 4.4244, TAL: -0.4254, Adv: 0.1844, OT-Reg: 0.001409) | OT inner objective: -0.0383 | Marginal residual row/col/max: 3.47e-05/1.74e-08/3.47e-05 | Train Acc: 0.5893 | Val Acc: 0.1583 | Val P/R/F1 (Macro): 0.6497/0.4051/0.3448 | LR: 0.000003
Epoch [20/100] | SVD update #20: pairs=465, sweeps=6, converged=True, rel_change=5.239e-04, effective_ranks=(316, 27), class_paired=True
Epoch [20/100] | Loss: 4.4538 (Cls: 4.4795, TAL: -0.3084, Adv: 0.1415, OT-Reg: 0.001426) | OT inner objective: -0.1215 | Marginal residual row/col/max: 6.53e-05/1.09e-08/6.53e-05 | Train Acc: 0.5692 | Val Acc: 0.1917 | Val P/R/F1 (Macro): 0.4160/0.4315/0.3512 | LR: 0.000003
Epoch [21/100] | SVD update #21: pairs=465, sweeps=7, converged=True, rel_change=7.540e-04, effective_ranks=(316, 23), class_paired=True
Epoch [21/100] | Loss: 4.8742 (Cls: 4.8991, TAL: -0.2824, Adv: 0.1117, OT-Reg: 0.001379) | OT inner objective: -0.2047 | Marginal residual row/col/max: 5.55e-05/1.01e-08/5.55e-05 | Train Acc: 0.4241 | Val Acc: 0.1833 | Val P/R/F1 (Macro): 0.4482/0.4038/0.3083 | LR: 0.000003
Epoch [22/100] | SVD update #22: pairs=465, sweeps=7, converged=True, rel_change=4.530e-04, effective_ranks=(314, 30), class_paired=True
Epoch [22/100] | Loss: 4.2361 (Cls: 4.2802, TAL: -0.4347, Adv: 0.1009, OT-Reg: 0.001392) | OT inner objective: -0.0907 | Marginal residual row/col/max: 3.72e-05/2.02e-08/3.72e-05 | Train Acc: 0.5513 | Val Acc: 0.1667 | Val P/R/F1 (Macro): 0.3379/0.3475/0.2545 | LR: 0.000003
Epoch [23/100] | SVD update #23: pairs=465, sweeps=6, converged=True, rel_change=5.918e-04, effective_ranks=(315, 25), class_paired=True
Epoch [23/100] | Loss: 4.2651 (Cls: 4.3056, TAL: -0.4107, Adv: 0.1091, OT-Reg: 0.001431) | OT inner objective: -0.1508 | Marginal residual row/col/max: 5.44e-05/1.05e-08/5.44e-05 | Train Acc: 0.5469 | Val Acc: 0.1250 | Val P/R/F1 (Macro): 0.4295/0.3732/0.2531 | LR: 0.000003
Epoch [24/100] | SVD update #24: pairs=465, sweeps=4, converged=True, rel_change=2.461e-04, effective_ranks=(315, 23), class_paired=True
Epoch [24/100] | Loss: 3.9666 (Cls: 3.9958, TAL: -0.3075, Adv: 0.0959, OT-Reg: 0.001392) | OT inner objective: -0.1017 | Marginal residual row/col/max: 1.73e-05/1.14e-08/1.73e-05 | Train Acc: 0.6094 | Val Acc: 0.1917 | Val P/R/F1 (Macro): 0.5774/0.4813/0.3420 | LR: 0.000001
Epoch [25/100] | SVD update #25: pairs=465, sweeps=5, converged=True, rel_change=4.986e-04, effective_ranks=(316, 25), class_paired=True
Epoch [25/100] | Loss: 3.9353 (Cls: 3.9774, TAL: -0.4236, Adv: 0.1088, OT-Reg: 0.001370) | OT inner objective: -0.1878 | Marginal residual row/col/max: 2.74e-05/1.17e-08/2.74e-05 | Train Acc: 0.6004 | Val Acc: 0.2083 | Val P/R/F1 (Macro): 0.4610/0.4767/0.3822 | LR: 0.000001
Epoch [26/100] | SVD update #26: pairs=465, sweeps=5, converged=True, rel_change=3.722e-04, effective_ranks=(315, 23), class_paired=True
Epoch [26/100] | Loss: 3.9196 (Cls: 3.9511, TAL: -0.3283, Adv: 0.0997, OT-Reg: 0.001334) | OT inner objective: -0.0838 | Marginal residual row/col/max: 1.10e-04/1.69e-08/1.10e-04 | Train Acc: 0.6451 | Val Acc: 0.2250 | Val P/R/F1 (Macro): 0.5881/0.4264/0.3274 | LR: 0.000001
Epoch [27/100] | SVD update #27: pairs=465, sweeps=4, converged=True, rel_change=4.192e-04, effective_ranks=(311, 25), class_paired=True
Epoch [27/100] | Loss: 4.0186 (Cls: 4.0586, TAL: -0.4108, Adv: 0.1157, OT-Reg: 0.001413) | OT inner objective: -0.1051 | Marginal residual row/col/max: 1.40e-05/1.32e-08/1.40e-05 | Train Acc: 0.6250 | Val Acc: 0.1750 | Val P/R/F1 (Macro): 0.4850/0.3261/0.2537 | LR: 0.000001
Epoch [28/100] | SVD update #28: pairs=465, sweeps=4, converged=True, rel_change=2.915e-04, effective_ranks=(316, 28), class_paired=True
Epoch [28/100] | Loss: 4.2774 (Cls: 4.3159, TAL: -0.4111, Adv: 0.1346, OT-Reg: 0.001386) | OT inner objective: -0.1594 | Marginal residual row/col/max: 4.82e-05/1.24e-08/4.82e-05 | Train Acc: 0.5625 | Val Acc: 0.2417 | Val P/R/F1 (Macro): 0.5275/0.5187/0.3996 | LR: 0.000001
Epoch [29/100] | SVD update #29: pairs=465, sweeps=5, converged=True, rel_change=7.067e-04, effective_ranks=(316, 26), class_paired=True
Epoch [29/100] | Loss: 4.0524 (Cls: 4.0894, TAL: -0.3808, Adv: 0.1082, OT-Reg: 0.001404) | OT inner objective: -0.1451 | Marginal residual row/col/max: 2.11e-05/1.13e-08/2.11e-05 | Train Acc: 0.6250 | Val Acc: 0.1750 | Val P/R/F1 (Macro): 0.6096/0.4307/0.3160 | LR: 0.000001
Epoch [30/100] | SVD update #30: pairs=465, sweeps=5, converged=True, rel_change=3.572e-04, effective_ranks=(316, 25), class_paired=True
Epoch [30/100] | Loss: 3.8633 (Cls: 3.8956, TAL: -0.3432, Adv: 0.1106, OT-Reg: 0.001378) | OT inner objective: -0.1226 | Marginal residual row/col/max: 9.46e-05/1.05e-08/9.46e-05 | Train Acc: 0.6362 | Val Acc: 0.1583 | Val P/R/F1 (Macro): 0.4354/0.3467/0.2227 | LR: 0.000001
Epoch [31/100] | SVD update #31: pairs=465, sweeps=10, converged=False, rel_change=1.669e-03, effective_ranks=(316, 21), class_paired=True
Epoch [31/100] | Loss: 4.5685 (Cls: 4.5816, TAL: -0.1911, Adv: 0.1226, OT-Reg: 0.001408) | OT inner objective: -0.0882 | Marginal residual row/col/max: 1.85e-05/1.21e-08/1.85e-05 | Train Acc: 0.5446 | Val Acc: 0.1583 | Val P/R/F1 (Macro): 0.5161/0.3034/0.2315 | LR: 0.000001
Epoch [32/100] | SVD update #32: pairs=465, sweeps=6, converged=True, rel_change=2.137e-04, effective_ranks=(317, 28), class_paired=True
Epoch [32/100] | Loss: 3.7898 (Cls: 3.8153, TAL: -0.2921, Adv: 0.1190, OT-Reg: 0.001403) | OT inner objective: -0.1169 | Marginal residual row/col/max: 5.28e-05/1.36e-08/5.28e-05 | Train Acc: 0.6830 | Val Acc: 0.1500 | Val P/R/F1 (Macro): 0.4397/0.3723/0.2832 | LR: 0.000001
Epoch [33/100] | SVD update #33: pairs=465, sweeps=6, converged=True, rel_change=5.041e-04, effective_ranks=(316, 25), class_paired=True
Epoch [33/100] | Loss: 4.0475 (Cls: 4.0979, TAL: -0.4915, Adv: 0.1071, OT-Reg: 0.001406) | OT inner objective: -0.0811 | Marginal residual row/col/max: 3.64e-05/1.06e-08/3.64e-05 | Train Acc: 0.6339 | Val Acc: 0.1583 | Val P/R/F1 (Macro): 0.3812/0.2807/0.1859 | LR: 0.000001
Epoch [34/100] | SVD update #34: pairs=465, sweeps=4, converged=True, rel_change=4.562e-04, effective_ranks=(317, 25), class_paired=True
Epoch [34/100] | Loss: 3.7685 (Cls: 3.7975, TAL: -0.3007, Adv: 0.0884, OT-Reg: 0.001358) | OT inner objective: -0.0747 | Marginal residual row/col/max: 1.30e-04/1.04e-08/1.30e-04 | Train Acc: 0.6451 | Val Acc: 0.1750 | Val P/R/F1 (Macro): 0.5353/0.3396/0.2721 | LR: 0.000001
Epoch [35/100] | SVD update #35: pairs=465, sweeps=4, converged=True, rel_change=5.845e-04, effective_ranks=(316, 27), class_paired=True
Epoch [35/100] | Loss: 3.8076 (Cls: 3.8444, TAL: -0.3708, Adv: 0.0958, OT-Reg: 0.001363) | OT inner objective: -0.1164 | Marginal residual row/col/max: 9.43e-05/1.08e-08/9.43e-05 | Train Acc: 0.6763 | Val Acc: 0.1417 | Val P/R/F1 (Macro): 0.4381/0.3259/0.2488 | LR: 0.000001
Epoch [36/100] | SVD update #36: pairs=465, sweeps=5, converged=True, rel_change=2.066e-04, effective_ranks=(316, 25), class_paired=True
Epoch [36/100] | Loss: 3.8280 (Cls: 3.8627, TAL: -0.3651, Adv: 0.1130, OT-Reg: 0.001345) | OT inner objective: -0.1370 | Marginal residual row/col/max: 5.54e-05/1.01e-08/5.54e-05 | Train Acc: 0.6585 | Val Acc: 0.2417 | Val P/R/F1 (Macro): 0.5973/0.4741/0.3827 | LR: 0.000001
Epoch [37/100] | SVD update #37: pairs=465, sweeps=3, converged=True, rel_change=8.583e-04, effective_ranks=(317, 24), class_paired=True
Epoch [37/100] | Loss: 3.7247 (Cls: 3.7649, TAL: -0.3963, Adv: 0.0914, OT-Reg: 0.001385) | OT inner objective: -0.0642 | Marginal residual row/col/max: 1.19e-04/1.16e-08/1.19e-04 | Train Acc: 0.6607 | Val Acc: 0.1417 | Val P/R/F1 (Macro): 0.3662/0.3089/0.1651 | LR: 0.000001
Epoch [38/100] | SVD update #38: pairs=465, sweeps=4, converged=True, rel_change=2.032e-04, effective_ranks=(314, 27), class_paired=True
Epoch [38/100] | Loss: 3.8361 (Cls: 3.8755, TAL: -0.3790, Adv: 0.0758, OT-Reg: 0.001408) | OT inner objective: -0.0063 | Marginal residual row/col/max: 9.45e-06/1.78e-08/9.45e-06 | Train Acc: 0.6362 | Val Acc: 0.2333 | Val P/R/F1 (Macro): 0.5586/0.4633/0.3448 | LR: 0.000001
Epoch [39/100] | SVD update #39: pairs=465, sweeps=3, converged=True, rel_change=8.881e-04, effective_ranks=(316, 29), class_paired=True
Epoch [39/100] | Loss: 3.5061 (Cls: 3.5504, TAL: -0.4055, Adv: 0.0542, OT-Reg: 0.001382) | OT inner objective: -0.1583 | Marginal residual row/col/max: 1.17e-04/1.06e-08/1.17e-04 | Train Acc: 0.6808 | Val Acc: 0.2500 | Val P/R/F1 (Macro): 0.5844/0.4968/0.3820 | LR: 0.000001
Epoch [40/100] | SVD update #40: pairs=465, sweeps=5, converged=True, rel_change=1.586e-04, effective_ranks=(316, 27), class_paired=True
Epoch [40/100] | Loss: 3.4101 (Cls: 3.4385, TAL: -0.2845, Adv: 0.0723, OT-Reg: 0.001405) | OT inner objective: -0.1268 | Marginal residual row/col/max: 9.58e-05/1.52e-08/9.58e-05 | Train Acc: 0.7366 | Val Acc: 0.2417 | Val P/R/F1 (Macro): 0.5887/0.4873/0.3851 | LR: 0.000001
Epoch [41/100] | SVD update #41: pairs=465, sweeps=4, converged=True, rel_change=4.229e-04, effective_ranks=(317, 27), class_paired=True
Epoch [41/100] | Loss: 3.3368 (Cls: 3.3703, TAL: -0.3292, Adv: 0.0750, OT-Reg: 0.001396) | OT inner objective: -0.0246 | Marginal residual row/col/max: 9.56e-05/1.14e-08/9.56e-05 | Train Acc: 0.7433 | Val Acc: 0.2667 | Val P/R/F1 (Macro): 0.6195/0.5528/0.4425 | LR: 0.000001
Epoch [42/100] | SVD update #42: pairs=465, sweeps=4, converged=True, rel_change=4.901e-04, effective_ranks=(315, 30), class_paired=True
Epoch [42/100] | Loss: 3.6649 (Cls: 3.7023, TAL: -0.3634, Adv: 0.0782, OT-Reg: 0.001406) | OT inner objective: -0.0332 | Marginal residual row/col/max: 4.12e-05/1.28e-08/4.12e-05 | Train Acc: 0.6942 | Val Acc: 0.1417 | Val P/R/F1 (Macro): 0.2532/0.2636/0.1550 | LR: 0.000001
Epoch [43/100] | SVD update #43: pairs=465, sweeps=4, converged=True, rel_change=7.667e-04, effective_ranks=(317, 33), class_paired=True
Epoch [43/100] | Loss: 3.5413 (Cls: 3.5919, TAL: -0.4960, Adv: 0.1111, OT-Reg: 0.001382) | OT inner objective: -0.1752 | Marginal residual row/col/max: 8.66e-05/1.09e-08/8.66e-05 | Train Acc: 0.7121 | Val Acc: 0.2000 | Val P/R/F1 (Macro): 0.3781/0.3692/0.2662 | LR: 0.000001
Epoch [44/100] | SVD update #44: pairs=465, sweeps=5, converged=True, rel_change=2.537e-04, effective_ranks=(317, 32), class_paired=True
Epoch [44/100] | Loss: 3.4107 (Cls: 3.4471, TAL: -0.3629, Adv: 0.0883, OT-Reg: 0.001397) | OT inner objective: -0.1206 | Marginal residual row/col/max: 2.48e-05/1.17e-08/2.48e-05 | Train Acc: 0.7455 | Val Acc: 0.2167 | Val P/R/F1 (Macro): 0.5129/0.4952/0.3850 | LR: 0.000001
Epoch [45/100] | SVD update #45: pairs=465, sweeps=4, converged=True, rel_change=9.536e-04, effective_ranks=(316, 34), class_paired=True
Epoch [45/100] | Loss: 3.3867 (Cls: 3.4327, TAL: -0.4399, Adv: 0.0845, OT-Reg: 0.001406) | OT inner objective: -0.0257 | Marginal residual row/col/max: 5.88e-05/1.90e-08/5.88e-05 | Train Acc: 0.7143 | Val Acc: 0.2667 | Val P/R/F1 (Macro): 0.6021/0.5397/0.4504 | LR: 0.000001
Epoch [46/100] | SVD update #46: pairs=465, sweeps=4, converged=True, rel_change=4.477e-04, effective_ranks=(316, 34), class_paired=True
Epoch [46/100] | Loss: 3.3108 (Cls: 3.3620, TAL: -0.5123, Adv: 0.1280, OT-Reg: 0.001358) | OT inner objective: -0.1551 | Marginal residual row/col/max: 1.87e-04/1.16e-08/1.87e-04 | Train Acc: 0.7254 | Val Acc: 0.1833 | Val P/R/F1 (Macro): 0.5407/0.4030/0.3304 | LR: 0.000001
Epoch [47/100] | SVD update #47: pairs=465, sweeps=5, converged=True, rel_change=7.379e-04, effective_ranks=(316, 34), class_paired=True
Epoch [47/100] | Loss: 3.2166 (Cls: 3.2663, TAL: -0.4761, Adv: 0.0933, OT-Reg: 0.001380) | OT inner objective: -0.0426 | Marginal residual row/col/max: 3.77e-05/1.33e-08/3.77e-05 | Train Acc: 0.7812 | Val Acc: 0.2333 | Val P/R/F1 (Macro): 0.6317/0.4302/0.3961 | LR: 0.000001
Epoch [48/100] | SVD update #48: pairs=465, sweeps=4, converged=True, rel_change=5.538e-04, effective_ranks=(317, 35), class_paired=True
Epoch [48/100] | Loss: 3.3057 (Cls: 3.3429, TAL: -0.4041, Adv: 0.1419, OT-Reg: 0.001203) | OT inner objective: -0.0747 | Marginal residual row/col/max: 1.16e-04/1.08e-08/1.16e-04 | Train Acc: 0.7857 | Val Acc: 0.2000 | Val P/R/F1 (Macro): 0.3419/0.2967/0.1926 | LR: 0.000001
Epoch [49/100] | SVD update #49: pairs=465, sweeps=5, converged=True, rel_change=2.711e-04, effective_ranks=(316, 31), class_paired=True
Epoch [49/100] | Loss: 3.5077 (Cls: 3.5499, TAL: -0.4216, Adv: 0.1049, OT-Reg: 0.001359) | OT inner objective: -0.1331 | Marginal residual row/col/max: 8.66e-05/1.01e-08/8.66e-05 | Train Acc: 0.7321 | Val Acc: 0.1417 | Val P/R/F1 (Macro): 0.5874/0.2854/0.2209 | LR: 0.000001
Epoch [50/100] | SVD update #50: pairs=465, sweeps=5, converged=True, rel_change=5.185e-04, effective_ranks=(316, 34), class_paired=True
Epoch [50/100] | Loss: 3.3837 (Cls: 3.4213, TAL: -0.3802, Adv: 0.1007, OT-Reg: 0.001355) | OT inner objective: -0.1643 | Marginal residual row/col/max: 1.38e-05/1.02e-08/1.38e-05 | Train Acc: 0.7321 | Val Acc: 0.1583 | Val P/R/F1 (Macro): 0.4875/0.3517/0.2728 | LR: 0.000001
Epoch [51/100] | SVD update #51: pairs=465, sweeps=6, converged=True, rel_change=3.483e-04, effective_ranks=(316, 35), class_paired=True
Epoch [51/100] | Loss: 3.2336 (Cls: 3.2728, TAL: -0.4171, Adv: 0.1359, OT-Reg: 0.001327) | OT inner objective: -0.1478 | Marginal residual row/col/max: 2.61e-05/1.01e-08/2.61e-05 | Train Acc: 0.7567 | Val Acc: 0.1500 | Val P/R/F1 (Macro): 0.3914/0.3077/0.2455 | LR: 0.000001
Epoch [52/100] | SVD update #52: pairs=465, sweeps=4, converged=True, rel_change=2.827e-04, effective_ranks=(317, 34), class_paired=True
Epoch [52/100] | Loss: 3.4898 (Cls: 3.5295, TAL: -0.4200, Adv: 0.1328, OT-Reg: 0.001344) | OT inner objective: -0.1266 | Marginal residual row/col/max: 2.95e-05/1.12e-08/2.95e-05 | Train Acc: 0.7299 | Val Acc: 0.2000 | Val P/R/F1 (Macro): 0.5108/0.4394/0.3222 | LR: 0.000001
Epoch [53/100] | SVD update #53: pairs=465, sweeps=6, converged=True, rel_change=6.774e-04, effective_ranks=(316, 36), class_paired=True
Epoch [53/100] | Loss: 3.3617 (Cls: 3.4039, TAL: -0.4529, Adv: 0.1523, OT-Reg: 0.001385) | OT inner objective: -0.1318 | Marginal residual row/col/max: 3.90e-05/1.05e-08/3.90e-05 | Train Acc: 0.7612 | Val Acc: 0.1833 | Val P/R/F1 (Macro): 0.5326/0.4539/0.2885 | LR: 0.000001
Epoch [54/100] | SVD update #54: pairs=465, sweeps=4, converged=True, rel_change=9.733e-04, effective_ranks=(316, 38), class_paired=True
Epoch [54/100] | Loss: 3.4103 (Cls: 3.4622, TAL: -0.5087, Adv: 0.1148, OT-Reg: 0.001375) | OT inner objective: -0.0909 | Marginal residual row/col/max: 9.91e-05/1.57e-08/9.91e-05 | Train Acc: 0.7500 | Val Acc: 0.2167 | Val P/R/F1 (Macro): 0.6028/0.4680/0.3655 | LR: 0.000001
Epoch [55/100] | SVD update #55: pairs=465, sweeps=6, converged=True, rel_change=6.029e-04, effective_ranks=(317, 37), class_paired=True
Epoch [55/100] | Loss: 3.3905 (Cls: 3.4365, TAL: -0.4690, Adv: 0.1280, OT-Reg: 0.001341) | OT inner objective: -0.0598 | Marginal residual row/col/max: 6.03e-05/1.06e-08/6.03e-05 | Train Acc: 0.7098 | Val Acc: 0.2333 | Val P/R/F1 (Macro): 0.6420/0.5073/0.3987 | LR: 0.000001
Epoch [56/100] | SVD update #56: pairs=465, sweeps=5, converged=True, rel_change=4.679e-04, effective_ranks=(314, 35), class_paired=True
Epoch [56/100] | Loss: 3.4951 (Cls: 3.5297, TAL: -0.3931, Adv: 0.1569, OT-Reg: 0.001328) | OT inner objective: -0.1532 | Marginal residual row/col/max: 8.33e-05/1.05e-08/8.33e-05 | Train Acc: 0.7277 | Val Acc: 0.1833 | Val P/R/F1 (Macro): 0.4646/0.3466/0.2463 | LR: 0.000001
Epoch [57/100] | SVD update #57: pairs=465, sweeps=5, converged=True, rel_change=8.047e-04, effective_ranks=(316, 31), class_paired=True
Epoch [57/100] | Loss: 3.5433 (Cls: 3.5761, TAL: -0.3931, Adv: 0.1785, OT-Reg: 0.001379) | OT inner objective: -0.0727 | Marginal residual row/col/max: 8.49e-06/1.18e-08/8.49e-06 | Train Acc: 0.7098 | Val Acc: 0.2083 | Val P/R/F1 (Macro): 0.4280/0.3990/0.2591 | LR: 0.000001
Epoch [58/100] | SVD update #58: pairs=465, sweeps=5, converged=True, rel_change=2.004e-04, effective_ranks=(315, 41), class_paired=True
Epoch [58/100] | Loss: 3.7202 (Cls: 3.7606, TAL: -0.4297, Adv: 0.1394, OT-Reg: 0.001368) | OT inner objective: -0.1449 | Marginal residual row/col/max: 3.94e-05/1.10e-08/3.94e-05 | Train Acc: 0.7188 | Val Acc: 0.1917 | Val P/R/F1 (Macro): 0.3633/0.3864/0.2498 | LR: 0.000001
Epoch [59/100] | SVD update #59: pairs=465, sweeps=6, converged=True, rel_change=6.248e-04, effective_ranks=(317, 45), class_paired=True
Epoch [59/100] | Loss: 3.4139 (Cls: 3.4406, TAL: -0.3450, Adv: 0.1842, OT-Reg: 0.001309) | OT inner objective: -0.0393 | Marginal residual row/col/max: 4.49e-05/1.14e-08/4.49e-05 | Train Acc: 0.7567 | Val Acc: 0.2000 | Val P/R/F1 (Macro): 0.5005/0.3395/0.2334 | LR: 0.000001
Epoch [60/100] | SVD update #60: pairs=465, sweeps=5, converged=True, rel_change=5.338e-04, effective_ranks=(316, 38), class_paired=True
Epoch [60/100] | Loss: 3.4708 (Cls: 3.5014, TAL: -0.4035, Adv: 0.2231, OT-Reg: 0.001326) | OT inner objective: -0.0965 | Marginal residual row/col/max: 8.53e-05/1.30e-08/8.53e-05 | Train Acc: 0.7232 | Val Acc: 0.2083 | Val P/R/F1 (Macro): 0.5319/0.4258/0.3297 | LR: 0.000001
Epoch [61/100] | SVD update #61: pairs=465, sweeps=4, converged=True, rel_change=9.177e-04, effective_ranks=(314, 38), class_paired=True
Epoch [61/100] | Loss: 3.4873 (Cls: 3.5239, TAL: -0.4420, Adv: 0.2048, OT-Reg: 0.001288) | OT inner objective: -0.0801 | Marginal residual row/col/max: 2.20e-05/1.13e-08/2.20e-05 | Train Acc: 0.6942 | Val Acc: 0.2333 | Val P/R/F1 (Macro): 0.6056/0.4641/0.3754 | LR: 0.000001
Epoch [62/100] | SVD update #62: pairs=465, sweeps=4, converged=True, rel_change=7.036e-04, effective_ranks=(316, 38), class_paired=True
Epoch [62/100] | Loss: 3.5780 (Cls: 3.6084, TAL: -0.4364, Adv: 0.2750, OT-Reg: 0.001311) | OT inner objective: -0.0518 | Marginal residual row/col/max: 3.30e-05/9.85e-09/3.30e-05 | Train Acc: 0.6384 | Val Acc: 0.1833 | Val P/R/F1 (Macro): 0.3599/0.3679/0.2306 | LR: 0.000001
Epoch [63/100] | SVD update #63: pairs=465, sweeps=5, converged=True, rel_change=4.826e-04, effective_ranks=(317, 45), class_paired=True
Epoch [63/100] | Loss: 3.4430 (Cls: 3.4763, TAL: -0.4109, Adv: 0.1994, OT-Reg: 0.001374) | OT inner objective: -0.0982 | Marginal residual row/col/max: 5.40e-05/1.09e-08/5.40e-05 | Train Acc: 0.6674 | Val Acc: 0.2250 | Val P/R/F1 (Macro): 0.5858/0.4140/0.3209 | LR: 0.000001
Epoch [64/100] | SVD update #64: pairs=465, sweeps=4, converged=True, rel_change=7.864e-04, effective_ranks=(316, 42), class_paired=True
Epoch [64/100] | Loss: 3.5020 (Cls: 3.5352, TAL: -0.4517, Adv: 0.2627, OT-Reg: 0.001275) | OT inner objective: -0.0596 | Marginal residual row/col/max: 9.35e-05/1.20e-08/9.35e-05 | Train Acc: 0.6830 | Val Acc: 0.2250 | Val P/R/F1 (Macro): 0.5232/0.3914/0.2670 | LR: 0.000001
Epoch [65/100] | SVD update #65: pairs=465, sweeps=5, converged=True, rel_change=1.087e-04, effective_ranks=(316, 41), class_paired=True
Epoch [65/100] | Loss: 3.4591 (Cls: 3.4941, TAL: -0.4576, Adv: 0.2493, OT-Reg: 0.001350) | OT inner objective: -0.0560 | Marginal residual row/col/max: 1.40e-04/1.13e-08/1.40e-04 | Train Acc: 0.7076 | Val Acc: 0.2000 | Val P/R/F1 (Macro): 0.4236/0.3590/0.2149 | LR: 0.000001
Epoch [66/100] | SVD update #66: pairs=465, sweeps=5, converged=True, rel_change=9.746e-04, effective_ranks=(313, 42), class_paired=True
Epoch [66/100] | Loss: 3.4444 (Cls: 3.4812, TAL: -0.4694, Adv: 0.2438, OT-Reg: 0.001330) | OT inner objective: -0.0741 | Marginal residual row/col/max: 6.35e-05/1.13e-08/6.35e-05 | Train Acc: 0.6317 | Val Acc: 0.1750 | Val P/R/F1 (Macro): 0.4246/0.4046/0.2802 | LR: 0.000001
Epoch [67/100] | SVD update #67: pairs=465, sweeps=5, converged=True, rel_change=4.455e-04, effective_ranks=(316, 40), class_paired=True
Epoch [67/100] | Loss: 3.2297 (Cls: 3.2581, TAL: -0.4810, Adv: 0.3655, OT-Reg: 0.001334) | OT inner objective: -0.1008 | Marginal residual row/col/max: 6.96e-05/1.13e-08/6.96e-05 | Train Acc: 0.7522 | Val Acc: 0.2000 | Val P/R/F1 (Macro): 0.3961/0.3550/0.2210 | LR: 0.000001
Epoch [68/100] | SVD update #68: pairs=465, sweeps=4, converged=True, rel_change=2.606e-04, effective_ranks=(316, 40), class_paired=True
Epoch [68/100] | Loss: 3.1497 (Cls: 3.1942, TAL: -0.5270, Adv: 0.2342, OT-Reg: 0.001348) | OT inner objective: -0.1532 | Marginal residual row/col/max: 7.01e-05/9.45e-09/7.01e-05 | Train Acc: 0.7299 | Val Acc: 0.1917 | Val P/R/F1 (Macro): 0.3953/0.3769/0.2400 | LR: 0.000001
Epoch [69/100] | SVD update #69: pairs=465, sweeps=4, converged=True, rel_change=9.223e-04, effective_ranks=(315, 38), class_paired=True
Epoch [69/100] | Loss: 3.7052 (Cls: 3.7296, TAL: -0.3520, Adv: 0.2221, OT-Reg: 0.001329) | OT inner objective: -0.1360 | Marginal residual row/col/max: 1.48e-04/1.06e-08/1.48e-04 | Train Acc: 0.5737 | Val Acc: 0.1917 | Val P/R/F1 (Macro): 0.4418/0.4030/0.2847 | LR: 0.000001
Epoch [70/100] | SVD update #70: pairs=465, sweeps=4, converged=True, rel_change=2.300e-04, effective_ranks=(316, 43), class_paired=True
Epoch [70/100] | Loss: 3.7268 (Cls: 3.7490, TAL: -0.4390, Adv: 0.3813, OT-Reg: 0.001327) | OT inner objective: -0.0852 | Marginal residual row/col/max: 1.33e-05/1.05e-08/1.33e-05 | Train Acc: 0.5290 | Val Acc: 0.1833 | Val P/R/F1 (Macro): 0.4791/0.4242/0.2892 | LR: 0.000001
Epoch [71/100] | SVD update #71: pairs=465, sweeps=9, converged=True, rel_change=5.536e-04, effective_ranks=(317, 38), class_paired=True
Epoch [71/100] | Loss: 4.4888 (Cls: 4.4956, TAL: -0.2421, Adv: 0.2791, OT-Reg: 0.001347) | OT inner objective: -0.0219 | Marginal residual row/col/max: 2.10e-05/1.04e-08/2.10e-05 | Train Acc: 0.3638 | Val Acc: 0.1667 | Val P/R/F1 (Macro): 0.3454/0.4539/0.2955 | LR: 0.000001
Epoch [72/100] | SVD update #72: pairs=465, sweeps=4, converged=True, rel_change=3.803e-04, effective_ranks=(315, 36), class_paired=True
Epoch [72/100] | Loss: 4.2824 (Cls: 4.3002, TAL: -0.3128, Adv: 0.2464, OT-Reg: 0.001284) | OT inner objective: -0.0269 | Marginal residual row/col/max: 1.74e-05/9.98e-09/1.74e-05 | Train Acc: 0.4129 | Val Acc: 0.2333 | Val P/R/F1 (Macro): 0.3657/0.5075/0.3467 | LR: 0.000001
Epoch [73/100] | SVD update #73: pairs=465, sweeps=5, converged=True, rel_change=8.806e-04, effective_ranks=(316, 40), class_paired=True
Epoch [73/100] | Loss: 4.3054 (Cls: 4.3172, TAL: -0.3160, Adv: 0.3258, OT-Reg: 0.001387) | OT inner objective: -0.0088 | Marginal residual row/col/max: 3.92e-05/1.50e-08/3.92e-05 | Train Acc: 0.4018 | Val Acc: 0.1583 | Val P/R/F1 (Macro): 0.4530/0.4544/0.3085 | LR: 0.000001
Epoch [74/100] | SVD update #74: pairs=465, sweeps=7, converged=True, rel_change=5.611e-04, effective_ranks=(315, 40), class_paired=True
Epoch [74/100] | Loss: 4.3303 (Cls: 4.3569, TAL: -0.3899, Adv: 0.2526, OT-Reg: 0.001367) | OT inner objective: -0.0105 | Marginal residual row/col/max: 7.18e-06/1.57e-08/7.18e-06 | Train Acc: 0.4397 | Val Acc: 0.1833 | Val P/R/F1 (Macro): 0.4473/0.4672/0.3372 | LR: 0.000001
Epoch [75/100] | SVD update #75: pairs=465, sweeps=10, converged=False, rel_change=1.993e-03, effective_ranks=(317, 44), class_paired=True
Epoch [75/100] | Loss: 5.5454 (Cls: 5.5859, TAL: -0.4587, Adv: 0.1830, OT-Reg: 0.001373) | OT inner objective: -0.0657 | Marginal residual row/col/max: 2.17e-05/1.46e-08/2.17e-05 | Train Acc: 0.5357 | Val Acc: 0.1917 | Val P/R/F1 (Macro): 0.4047/0.4291/0.3052 | LR: 0.000001
Epoch [76/100] | SVD update #76: pairs=465, sweeps=10, converged=True, rel_change=7.304e-04, effective_ranks=(317, 38), class_paired=True
Epoch [76/100] | Loss: 4.6071 (Cls: 4.6334, TAL: -0.3521, Adv: 0.1994, OT-Reg: 0.001354) | OT inner objective: -0.1085 | Marginal residual row/col/max: 7.32e-05/1.10e-08/7.32e-05 | Train Acc: 0.4241 | Val Acc: 0.2083 | Val P/R/F1 (Macro): 0.5432/0.4505/0.3205 | LR: 0.000001
Epoch [77/100] | SVD update #77: pairs=465, sweeps=10, converged=False, rel_change=1.291e-03, effective_ranks=(317, 45), class_paired=True
Epoch [77/100] | Loss: 6.5813 (Cls: 6.6035, TAL: -0.3652, Adv: 0.2702, OT-Reg: 0.001330) | OT inner objective: -0.1454 | Marginal residual row/col/max: 1.78e-05/1.21e-08/1.78e-05 | Train Acc: 0.3393 | Val Acc: 0.2750 | Val P/R/F1 (Macro): 0.3872/0.4463/0.3400 | LR: 0.000001
Epoch [78/100] | SVD update #78: pairs=465, sweeps=5, converged=True, rel_change=3.303e-04, effective_ranks=(316, 42), class_paired=True
Epoch [78/100] | Loss: 6.3867 (Cls: 6.4093, TAL: -0.3351, Adv: 0.2203, OT-Reg: 0.001371) | OT inner objective: -0.0863 | Marginal residual row/col/max: 1.35e-05/1.66e-08/1.35e-05 | Train Acc: 0.3795 | Val Acc: 0.2917 | Val P/R/F1 (Macro): 0.5062/0.4216/0.3422 | LR: 0.000001
Epoch [79/100] | SVD update #79: pairs=465, sweeps=10, converged=False, rel_change=8.296e-02, effective_ranks=(317, 39), class_paired=True
Epoch [79/100] | Loss: 7.7078 (Cls: 7.7191, TAL: -0.2190, Adv: 0.1879, OT-Reg: 0.001320) | OT inner objective: -0.1192 | Marginal residual row/col/max: 1.27e-05/1.16e-08/1.27e-05 | Train Acc: 0.1004 | Val Acc: 0.2000 | Val P/R/F1 (Macro): 0.1580/0.1541/0.1368 | LR: 0.000001
Epoch [80/100] | SVD update #80: pairs=465, sweeps=8, converged=True, rel_change=5.901e-04, effective_ranks=(317, 40), class_paired=True
Epoch [80/100] | Loss: 8.0766 (Cls: 8.0934, TAL: -0.2066, Adv: 0.0998, OT-Reg: 0.001294) | OT inner objective: -0.1234 | Marginal residual row/col/max: 5.71e-05/1.73e-08/5.71e-05 | Train Acc: 0.1250 | Val Acc: 0.2583 | Val P/R/F1 (Macro): 0.2861/0.1831/0.2063 | LR: 0.000001
Epoch [81/100] | SVD update #81: pairs=465, sweeps=10, converged=False, rel_change=1.377e-03, effective_ranks=(317, 37), class_paired=True
Epoch [81/100] | Loss: 6.5003 (Cls: 6.5091, TAL: -0.1576, Adv: 0.1260, OT-Reg: 0.001302) | OT inner objective: -0.0442 | Marginal residual row/col/max: 3.62e-05/1.13e-08/3.62e-05 | Train Acc: 0.2433 | Val Acc: 0.1583 | Val P/R/F1 (Macro): 0.3005/0.2071/0.1374 | LR: 0.000001
Epoch [82/100] | SVD update #82: pairs=465, sweeps=10, converged=False, rel_change=7.808e-03, effective_ranks=(317, 45), class_paired=True
Epoch [82/100] | Loss: 7.0600 (Cls: 7.0642, TAL: -0.1551, Adv: 0.1792, OT-Reg: 0.001345) | OT inner objective: 0.0043 | Marginal residual row/col/max: 3.71e-07/1.09e-08/3.72e-07 | Train Acc: 0.3170 | Val Acc: 0.1167 | Val P/R/F1 (Macro): 0.1761/0.2085/0.1213 | LR: 0.000001
Epoch [83/100] | SVD update #83: pairs=465, sweeps=5, converged=True, rel_change=9.832e-04, effective_ranks=(317, 37), class_paired=True
Epoch [83/100] | Loss: 6.5961 (Cls: 6.6211, TAL: -0.4171, Adv: 0.3126, OT-Reg: 0.001389) | OT inner objective: -0.0414 | Marginal residual row/col/max: 2.42e-04/1.77e-08/2.42e-04 | Train Acc: 0.3259 | Val Acc: 0.1250 | Val P/R/F1 (Macro): 0.3226/0.2520/0.1422 | LR: 0.000001
Epoch [84/100] | SVD update #84: pairs=465, sweeps=10, converged=True, rel_change=5.944e-04, effective_ranks=(317, 37), class_paired=True
Epoch [84/100] | Loss: 5.8428 (Cls: 5.8437, TAL: -0.1318, Adv: 0.1875, OT-Reg: 0.001365) | OT inner objective: -0.0630 | Marginal residual row/col/max: 2.39e-05/1.25e-08/2.39e-05 | Train Acc: 0.3504 | Val Acc: 0.1083 | Val P/R/F1 (Macro): 0.3300/0.2951/0.1589 | LR: 0.000001
Epoch [85/100] | SVD update #85: pairs=465, sweeps=8, converged=True, rel_change=9.838e-04, effective_ranks=(316, 35), class_paired=True
Epoch [85/100] | Loss: 6.0785 (Cls: 6.0909, TAL: -0.2103, Adv: 0.1602, OT-Reg: 0.001363) | OT inner objective: -0.0924 | Marginal residual row/col/max: 1.18e-05/1.82e-08/1.18e-05 | Train Acc: 0.3460 | Val Acc: 0.1167 | Val P/R/F1 (Macro): 0.2718/0.2756/0.1728 | LR: 0.000001
Epoch [86/100] | SVD update #86: pairs=465, sweeps=6, converged=True, rel_change=6.924e-04, effective_ranks=(316, 35), class_paired=True
Epoch [86/100] | Loss: 5.4676 (Cls: 5.4884, TAL: -0.2767, Adv: 0.1556, OT-Reg: 0.001300) | OT inner objective: -0.1012 | Marginal residual row/col/max: 3.22e-05/1.10e-08/3.22e-05 | Train Acc: 0.3705 | Val Acc: 0.1083 | Val P/R/F1 (Macro): 0.2620/0.3070/0.1874 | LR: 0.000001
Epoch [87/100] | SVD update #87: pairs=465, sweeps=6, converged=True, rel_change=7.751e-04, effective_ranks=(317, 40), class_paired=True
Epoch [87/100] | Loss: 5.5740 (Cls: 5.5857, TAL: -0.2154, Adv: 0.1761, OT-Reg: 0.001348) | OT inner objective: -0.0873 | Marginal residual row/col/max: 1.40e-05/1.45e-08/1.40e-05 | Train Acc: 0.3348 | Val Acc: 0.1083 | Val P/R/F1 (Macro): 0.2638/0.2945/0.1387 | LR: 0.000001
Epoch [88/100] | SVD update #88: pairs=465, sweeps=5, converged=True, rel_change=5.245e-04, effective_ranks=(317, 35), class_paired=True
Epoch [88/100] | Loss: 5.4001 (Cls: 5.4003, TAL: -0.1894, Adv: 0.2820, OT-Reg: 0.001342) | OT inner objective: -0.1418 | Marginal residual row/col/max: 1.07e-05/1.09e-08/1.07e-05 | Train Acc: 0.3996 | Val Acc: 0.1417 | Val P/R/F1 (Macro): 0.3004/0.3426/0.2019 | LR: 0.000001
Epoch [89/100] | SVD update #89: pairs=465, sweeps=7, converged=True, rel_change=4.676e-04, effective_ranks=(317, 36), class_paired=True
Epoch [89/100] | Loss: 5.2123 (Cls: 5.2140, TAL: -0.2067, Adv: 0.2886, OT-Reg: 0.001372) | OT inner objective: -0.0185 | Marginal residual row/col/max: 8.51e-05/1.29e-08/8.51e-05 | Train Acc: 0.3906 | Val Acc: 0.1000 | Val P/R/F1 (Macro): 0.2351/0.2891/0.1371 | LR: 0.000001
Epoch [90/100] | SVD update #90: pairs=465, sweeps=5, converged=True, rel_change=9.512e-04, effective_ranks=(316, 38), class_paired=True
Epoch [90/100] | Loss: 5.7856 (Cls: 5.7951, TAL: -0.1758, Adv: 0.1456, OT-Reg: 0.001336) | OT inner objective: -0.0639 | Marginal residual row/col/max: 4.88e-05/1.24e-08/4.88e-05 | Train Acc: 0.3214 | Val Acc: 0.1167 | Val P/R/F1 (Macro): 0.2501/0.3136/0.1937 | LR: 0.000001
Epoch [91/100] | SVD update #91: pairs=465, sweeps=6, converged=True, rel_change=5.412e-04, effective_ranks=(317, 35), class_paired=True
Epoch [91/100] | Loss: 5.4323 (Cls: 5.4395, TAL: -0.3126, Adv: 0.3783, OT-Reg: 0.001337) | OT inner objective: -0.0465 | Marginal residual row/col/max: 2.10e-05/1.01e-08/2.10e-05 | Train Acc: 0.3817 | Val Acc: 0.1417 | Val P/R/F1 (Macro): 0.2594/0.2211/0.1384 | LR: 0.000001
Epoch [92/100] | SVD update #92: pairs=465, sweeps=6, converged=True, rel_change=3.355e-04, effective_ranks=(315, 34), class_paired=True
Epoch [92/100] | Loss: 5.3957 (Cls: 5.3900, TAL: -0.1475, Adv: 0.2918, OT-Reg: 0.001389) | OT inner objective: -0.0403 | Marginal residual row/col/max: 5.75e-05/1.21e-08/5.75e-05 | Train Acc: 0.4397 | Val Acc: 0.1167 | Val P/R/F1 (Macro): 0.2709/0.3124/0.1937 | LR: 0.000001
Epoch [93/100] | SVD update #93: pairs=465, sweeps=5, converged=True, rel_change=4.548e-04, effective_ranks=(316, 36), class_paired=True
Epoch [93/100] | Loss: 4.9496 (Cls: 4.9711, TAL: -0.3311, Adv: 0.2276, OT-Reg: 0.001371) | OT inner objective: -0.1228 | Marginal residual row/col/max: 5.07e-05/9.45e-09/5.07e-05 | Train Acc: 0.4353 | Val Acc: 0.1417 | Val P/R/F1 (Macro): 0.2994/0.3389/0.2196 | LR: 0.000001
Epoch [94/100] | SVD update #94: pairs=465, sweeps=7, converged=True, rel_change=6.280e-04, effective_ranks=(317, 38), class_paired=True
Epoch [94/100] | Loss: 5.4298 (Cls: 5.4377, TAL: -0.2412, Adv: 0.2625, OT-Reg: 0.001353) | OT inner objective: -0.0838 | Marginal residual row/col/max: 1.62e-05/1.08e-08/1.62e-05 | Train Acc: 0.4442 | Val Acc: 0.1167 | Val P/R/F1 (Macro): 0.2616/0.2334/0.1550 | LR: 0.000001
Epoch [95/100] | SVD update #95: pairs=465, sweeps=7, converged=True, rel_change=7.997e-04, effective_ranks=(317, 44), class_paired=True
Epoch [95/100] | Loss: 6.4598 (Cls: 6.4663, TAL: -0.3086, Adv: 0.3813, OT-Reg: 0.001375) | OT inner objective: -0.1085 | Marginal residual row/col/max: 3.96e-05/1.76e-08/3.96e-05 | Train Acc: 0.1786 | Val Acc: 0.1333 | Val P/R/F1 (Macro): 0.1230/0.1582/0.0711 | LR: 0.000001
Epoch [96/100] | SVD update #96: pairs=465, sweeps=8, converged=True, rel_change=6.773e-04, effective_ranks=(316, 45), class_paired=True
Epoch [96/100] | Loss: 5.5511 (Cls: 5.5597, TAL: -0.2811, Adv: 0.3144, OT-Reg: 0.001353) | OT inner objective: -0.1764 | Marginal residual row/col/max: 4.83e-05/1.06e-08/4.83e-05 | Train Acc: 0.3616 | Val Acc: 0.1000 | Val P/R/F1 (Macro): 0.3885/0.3041/0.1724 | LR: 0.000001
Epoch [97/100] | SVD update #97: pairs=465, sweeps=8, converged=True, rel_change=6.848e-04, effective_ranks=(315, 45), class_paired=True
Epoch [97/100] | Loss: 5.1004 (Cls: 5.1188, TAL: -0.3081, Adv: 0.2324, OT-Reg: 0.001365) | OT inner objective: -0.0692 | Marginal residual row/col/max: 1.71e-06/1.14e-08/1.71e-06 | Train Acc: 0.4263 | Val Acc: 0.0750 | Val P/R/F1 (Macro): 0.2809/0.2312/0.1505 | LR: 0.000001
Epoch [98/100] | SVD update #98: pairs=465, sweeps=6, converged=True, rel_change=7.855e-04, effective_ranks=(316, 39), class_paired=True
Epoch [98/100] | Loss: 5.0106 (Cls: 5.0301, TAL: -0.3215, Adv: 0.2387, OT-Reg: 0.001352) | OT inner objective: -0.0452 | Marginal residual row/col/max: 1.13e-05/1.16e-08/1.13e-05 | Train Acc: 0.4866 | Val Acc: 0.0750 | Val P/R/F1 (Macro): 0.2433/0.1564/0.0652 | LR: 0.000001
Epoch [99/100] | SVD update #99: pairs=465, sweeps=8, converged=True, rel_change=8.801e-04, effective_ranks=(317, 41), class_paired=True
Epoch [99/100] | Loss: 5.4059 (Cls: 5.3999, TAL: -0.2198, Adv: 0.4046, OT-Reg: 0.001270) | OT inner objective: -0.0182 | Marginal residual row/col/max: 2.57e-05/1.17e-08/2.57e-05 | Train Acc: 0.4821 | Val Acc: 0.0750 | Val P/R/F1 (Macro): 0.1714/0.2675/0.1154 | LR: 0.000001
Epoch [100/100] | SVD update #100: pairs=465, sweeps=10, converged=False, rel_change=4.545e-03, effective_ranks=(316, 42), class_paired=True
Epoch [100/100] | Loss: 6.1717 (Cls: 6.1697, TAL: -0.1359, Adv: 0.2282, OT-Reg: 0.001263) | OT inner objective: -0.0876 | Marginal residual row/col/max: 7.73e-05/1.21e-08/7.73e-05 | Train Acc: 0.4911 | Val Acc: 0.0833 | Val P/R/F1 (Macro): 0.1543/0.2723/0.1089 | LR: 0.000001
Report strategy: best, window=10, reported_acc=0.4833, best_acc=0.4833, selected_epoch=2

迭代 2 报告指标:
  Accuracy: 0.4833
  Precision (Macro): 0.4144
  Recall (Macro): 0.4754
  F1 (Macro): 0.3972
  Precision (Micro): 0.4833
  Recall (Micro): 0.4833
  F1 (Micro): 0.4833
  Val class coverage: 8/14 (0.5714), samples=120

================================================================================
迭代 3/5
随机种子: 44
================================================================================
配对采样器已初始化，共 8 个共有类别。
Training mode: full target-label supervision (class-paired batches).
Feature fusion: Tensor alignment (512+512 -> 16+16); fused_dim=32
Domain adaptation: Neural OT generator with 3-domain discriminator
Loss weights: tensor=0.12, adv=0.08
Transport: mode=sinkhorn, epsilon=0.1, Sinkhorn iterations=50, correction scale=0.1, correction regularization weight=0.001
Tensor projection update: once per epoch from the complete target-training pairing bank; projection_dim=16, max_sweeps=10, relative singular-value tolerance=0.001
Epoch [1/100] | SVD update #1: pairs=465, sweeps=2, converged=True, rel_change=3.861e-04, effective_ranks=(317, 193), class_paired=True
Epoch [1/100] | Loss: 7.7958 (Cls: 7.7584, TAL: 0.1010, Adv: 0.3166, OT-Reg: 0.001651) | OT inner objective: 0.2447 | Marginal residual row/col/max: 1.34e-08/2.85e-08/2.89e-08 | Train Acc: 0.2143 | Val Acc: 0.1083 | Val P/R/F1 (Macro): 0.0374/0.2561/0.0593 | LR: 0.000005
  >>> New Best Val Acc: 0.1083
Epoch [2/100] | SVD update #2: pairs=465, sweeps=4, converged=True, rel_change=2.471e-04, effective_ranks=(317, 54), class_paired=True
Epoch [2/100] | Loss: 6.9352 (Cls: 6.9192, TAL: -0.0458, Adv: 0.2690, OT-Reg: 0.001610) | OT inner objective: 0.0406 | Marginal residual row/col/max: 5.14e-07/1.78e-08/5.15e-07 | Train Acc: 0.2009 | Val Acc: 0.3833 | Val P/R/F1 (Macro): 0.4264/0.3682/0.3308 | LR: 0.000005
  >>> New Best Val Acc: 0.3833
Epoch [3/100] | SVD update #3: pairs=465, sweeps=10, converged=False, rel_change=6.071e-01, effective_ranks=(315, 56), class_paired=True
Epoch [3/100] | Loss: 7.0196 (Cls: 7.0149, TAL: -0.1411, Adv: 0.2700, OT-Reg: 0.001365) | OT inner objective: 0.0165 | Marginal residual row/col/max: 5.09e-06/2.63e-08/5.09e-06 | Train Acc: 0.2054 | Val Acc: 0.2167 | Val P/R/F1 (Macro): 0.1564/0.3467/0.1986 | LR: 0.000005
Epoch [4/100] | SVD update #4: pairs=465, sweeps=10, converged=True, rel_change=2.603e-04, effective_ranks=(314, 39), class_paired=True
Epoch [4/100] | Loss: 6.7015 (Cls: 6.6933, TAL: -0.1385, Adv: 0.3096, OT-Reg: 0.001408) | OT inner objective: -0.0359 | Marginal residual row/col/max: 4.43e-05/1.26e-08/4.43e-05 | Train Acc: 0.2701 | Val Acc: 0.3083 | Val P/R/F1 (Macro): 0.2512/0.4438/0.2186 | LR: 0.000005
Epoch [5/100] | SVD update #5: pairs=465, sweeps=8, converged=True, rel_change=6.085e-04, effective_ranks=(316, 33), class_paired=True
Epoch [5/100] | Loss: 6.4907 (Cls: 6.4866, TAL: -0.1335, Adv: 0.2515, OT-Reg: 0.001364) | OT inner objective: -0.2107 | Marginal residual row/col/max: 1.10e-04/1.41e-08/1.10e-04 | Train Acc: 0.1942 | Val Acc: 0.2500 | Val P/R/F1 (Macro): 0.2000/0.3346/0.1929 | LR: 0.000005
Epoch [6/100] | SVD update #6: pairs=465, sweeps=8, converged=True, rel_change=9.234e-04, effective_ranks=(316, 24), class_paired=True
Epoch [6/100] | Loss: 6.1712 (Cls: 6.1550, TAL: -0.1242, Adv: 0.3896, OT-Reg: 0.001355) | OT inner objective: -0.0996 | Marginal residual row/col/max: 1.33e-05/1.02e-08/1.33e-05 | Train Acc: 0.2567 | Val Acc: 0.2667 | Val P/R/F1 (Macro): 0.1563/0.3878/0.1936 | LR: 0.000005
Epoch [7/100] | SVD update #7: pairs=465, sweeps=5, converged=True, rel_change=5.501e-04, effective_ranks=(316, 19), class_paired=True
Epoch [7/100] | Loss: 5.5296 (Cls: 5.5383, TAL: -0.2844, Adv: 0.3181, OT-Reg: 0.001286) | OT inner objective: -0.2680 | Marginal residual row/col/max: 4.66e-04/1.70e-08/4.66e-04 | Train Acc: 0.3393 | Val Acc: 0.1667 | Val P/R/F1 (Macro): 0.2476/0.2880/0.1553 | LR: 0.000005
Epoch [8/100] | SVD update #8: pairs=465, sweeps=7, converged=True, rel_change=1.706e-04, effective_ranks=(317, 23), class_paired=True
Epoch [8/100] | Loss: 5.5880 (Cls: 5.5891, TAL: -0.1428, Adv: 0.2001, OT-Reg: 0.001507) | OT inner objective: -0.0136 | Marginal residual row/col/max: 3.83e-05/2.95e-08/3.83e-05 | Train Acc: 0.4107 | Val Acc: 0.3000 | Val P/R/F1 (Macro): 0.4263/0.5078/0.3791 | LR: 0.000005
Epoch [9/100] | SVD update #9: pairs=465, sweeps=6, converged=True, rel_change=3.808e-04, effective_ranks=(316, 24), class_paired=True
Epoch [9/100] | Loss: 4.8904 (Cls: 4.9066, TAL: -0.2822, Adv: 0.2207, OT-Reg: 0.001331) | OT inner objective: -0.2194 | Marginal residual row/col/max: 1.49e-04/1.33e-08/1.49e-04 | Train Acc: 0.4888 | Val Acc: 0.2167 | Val P/R/F1 (Macro): 0.2828/0.2924/0.2012 | LR: 0.000005
Epoch [10/100] | SVD update #10: pairs=465, sweeps=10, converged=True, rel_change=9.594e-04, effective_ranks=(313, 14), class_paired=True
Epoch [10/100] | Loss: 4.9358 (Cls: 4.9508, TAL: -0.2725, Adv: 0.2201, OT-Reg: 0.001398) | OT inner objective: -0.2120 | Marginal residual row/col/max: 1.65e-04/1.28e-08/1.65e-04 | Train Acc: 0.4330 | Val Acc: 0.2500 | Val P/R/F1 (Macro): 0.3524/0.4200/0.2570 | LR: 0.000005
Epoch [11/100] | SVD update #11: pairs=465, sweeps=8, converged=True, rel_change=9.927e-04, effective_ranks=(317, 25), class_paired=True
Epoch [11/100] | Loss: 5.6140 (Cls: 5.6138, TAL: -0.1771, Adv: 0.2684, OT-Reg: 0.001423) | OT inner objective: -0.1443 | Marginal residual row/col/max: 2.10e-05/1.60e-08/2.10e-05 | Train Acc: 0.2879 | Val Acc: 0.2750 | Val P/R/F1 (Macro): 0.3809/0.3267/0.2405 | LR: 0.000005
Epoch [12/100] | SVD update #12: pairs=465, sweeps=6, converged=True, rel_change=8.999e-04, effective_ranks=(316, 18), class_paired=True
Epoch [12/100] | Loss: 5.1556 (Cls: 5.1802, TAL: -0.3156, Adv: 0.1650, OT-Reg: 0.001401) | OT inner objective: -0.0732 | Marginal residual row/col/max: 3.65e-05/1.70e-08/3.65e-05 | Train Acc: 0.4062 | Val Acc: 0.3417 | Val P/R/F1 (Macro): 0.2549/0.4209/0.2622 | LR: 0.000005
Epoch [13/100] | SVD update #13: pairs=465, sweeps=10, converged=True, rel_change=9.539e-04, effective_ranks=(316, 20), class_paired=True
Epoch [13/100] | Loss: 5.7117 (Cls: 5.7151, TAL: -0.1652, Adv: 0.2050, OT-Reg: 0.001431) | OT inner objective: -0.1356 | Marginal residual row/col/max: 8.09e-06/1.28e-08/8.09e-06 | Train Acc: 0.3415 | Val Acc: 0.4583 | Val P/R/F1 (Macro): 0.4266/0.4821/0.4036 | LR: 0.000005
  >>> New Best Val Acc: 0.4583
Epoch [14/100] | SVD update #14: pairs=465, sweeps=10, converged=False, rel_change=1.355e-01, effective_ranks=(317, 23), class_paired=True
Epoch [14/100] | Loss: 8.1818 (Cls: 8.1592, TAL: 0.0737, Adv: 0.1722, OT-Reg: 0.001594) | OT inner objective: 0.0702 | Marginal residual row/col/max: 1.69e-07/2.21e-08/1.73e-07 | Train Acc: 0.2210 | Val Acc: 0.0417 | Val P/R/F1 (Macro): 0.1131/0.0223/0.0360 | LR: 0.000005
Epoch [15/100] | SVD update #15: pairs=465, sweeps=10, converged=False, rel_change=1.756e-02, effective_ranks=(316, 26), class_paired=True
Epoch [15/100] | Loss: 5.9205 (Cls: 5.9280, TAL: -0.1455, Adv: 0.1248, OT-Reg: 0.001498) | OT inner objective: 0.0187 | Marginal residual row/col/max: 9.11e-08/1.22e-08/9.22e-08 | Train Acc: 0.3170 | Val Acc: 0.1167 | Val P/R/F1 (Macro): 0.3795/0.3772/0.2272 | LR: 0.000005
Epoch [16/100] | SVD update #16: pairs=465, sweeps=10, converged=False, rel_change=2.860e-02, effective_ranks=(317, 24), class_paired=True
Epoch [16/100] | Loss: 6.0111 (Cls: 6.0104, TAL: -0.1000, Adv: 0.1591, OT-Reg: 0.001500) | OT inner objective: -0.0298 | Marginal residual row/col/max: 1.09e-07/1.50e-08/1.10e-07 | Train Acc: 0.3571 | Val Acc: 0.0583 | Val P/R/F1 (Macro): 0.0556/0.1396/0.0304 | LR: 0.000005
Epoch [17/100] | SVD update #17: pairs=465, sweeps=10, converged=True, rel_change=3.006e-04, effective_ranks=(317, 40), class_paired=True
Epoch [17/100] | Loss: 6.6334 (Cls: 6.6284, TAL: -0.0662, Adv: 0.1612, OT-Reg: 0.001540) | OT inner objective: -0.0357 | Marginal residual row/col/max: 2.99e-06/1.49e-08/3.00e-06 | Train Acc: 0.0469 | Val Acc: 0.0333 | Val P/R/F1 (Macro): 0.0067/0.1000/0.0125 | LR: 0.000005
Epoch [18/100] | SVD update #18: pairs=465, sweeps=10, converged=False, rel_change=8.941e-02, effective_ranks=(316, 26), class_paired=True
Epoch [18/100] | Loss: 7.4686 (Cls: 7.4283, TAL: 0.2686, Adv: 0.1007, OT-Reg: 0.001446) | OT inner objective: -0.0372 | Marginal residual row/col/max: 9.64e-06/1.98e-08/9.64e-06 | Train Acc: 0.1585 | Val Acc: 0.3917 | Val P/R/F1 (Macro): 0.2166/0.3606/0.2357 | LR: 0.000005
Epoch [19/100] | SVD update #19: pairs=465, sweeps=8, converged=True, rel_change=4.902e-04, effective_ranks=(317, 18), class_paired=True
Epoch [19/100] | Loss: 6.1310 (Cls: 6.1375, TAL: -0.1357, Adv: 0.1213, OT-Reg: 0.001430) | OT inner objective: -0.1342 | Marginal residual row/col/max: 5.31e-05/1.40e-08/5.31e-05 | Train Acc: 0.2567 | Val Acc: 0.1333 | Val P/R/F1 (Macro): 0.1782/0.1863/0.1032 | LR: 0.000005
Epoch [20/100] | SVD update #20: pairs=465, sweeps=4, converged=True, rel_change=5.762e-04, effective_ranks=(315, 16), class_paired=True
Epoch [20/100] | Loss: 6.1501 (Cls: 6.1796, TAL: -0.3469, Adv: 0.1522, OT-Reg: 0.001424) | OT inner objective: -0.1306 | Marginal residual row/col/max: 1.17e-05/1.12e-08/1.17e-05 | Train Acc: 0.2478 | Val Acc: 0.1583 | Val P/R/F1 (Macro): 0.1862/0.3326/0.1635 | LR: 0.000005
Epoch [21/100] | SVD update #21: pairs=465, sweeps=6, converged=True, rel_change=2.349e-04, effective_ranks=(316, 15), class_paired=True
Epoch [21/100] | Loss: 5.7439 (Cls: 5.7562, TAL: -0.2057, Adv: 0.1549, OT-Reg: 0.001294) | OT inner objective: -0.1610 | Marginal residual row/col/max: 7.07e-05/9.85e-09/7.07e-05 | Train Acc: 0.2656 | Val Acc: 0.1583 | Val P/R/F1 (Macro): 0.3519/0.4089/0.2781 | LR: 0.000005
Epoch [22/100] | SVD update #22: pairs=465, sweeps=5, converged=True, rel_change=6.943e-04, effective_ranks=(317, 10), class_paired=True
Epoch [22/100] | Loss: 5.4062 (Cls: 5.4090, TAL: -0.1212, Adv: 0.1475, OT-Reg: 0.001389) | OT inner objective: -0.0353 | Marginal residual row/col/max: 4.54e-06/1.16e-08/4.54e-06 | Train Acc: 0.3460 | Val Acc: 0.2250 | Val P/R/F1 (Macro): 0.3890/0.4493/0.3036 | LR: 0.000005
Epoch [23/100] | SVD update #23: pairs=465, sweeps=5, converged=True, rel_change=3.717e-04, effective_ranks=(316, 10), class_paired=True
Epoch [23/100] | Loss: 4.9681 (Cls: 4.9962, TAL: -0.3050, Adv: 0.1059, OT-Reg: 0.001421) | OT inner objective: -0.2593 | Marginal residual row/col/max: 1.43e-04/1.10e-08/1.43e-04 | Train Acc: 0.3348 | Val Acc: 0.2667 | Val P/R/F1 (Macro): 0.3618/0.4817/0.3282 | LR: 0.000005
Epoch [24/100] | SVD update #24: pairs=465, sweeps=4, converged=True, rel_change=8.865e-04, effective_ranks=(317, 11), class_paired=True
Epoch [24/100] | Loss: 4.9915 (Cls: 5.0109, TAL: -0.2383, Adv: 0.1141, OT-Reg: 0.001376) | OT inner objective: -0.1439 | Marginal residual row/col/max: 2.10e-05/1.04e-08/2.10e-05 | Train Acc: 0.4330 | Val Acc: 0.1750 | Val P/R/F1 (Macro): 0.2972/0.3411/0.2126 | LR: 0.000003
Epoch [25/100] | SVD update #25: pairs=465, sweeps=7, converged=True, rel_change=4.269e-04, effective_ranks=(317, 11), class_paired=True
Epoch [25/100] | Loss: 4.9277 (Cls: 4.9475, TAL: -0.2438, Adv: 0.1190, OT-Reg: 0.001271) | OT inner objective: -0.2438 | Marginal residual row/col/max: 1.07e-04/1.12e-08/1.07e-04 | Train Acc: 0.4174 | Val Acc: 0.2833 | Val P/R/F1 (Macro): 0.4003/0.4688/0.3495 | LR: 0.000003
Epoch [26/100] | SVD update #26: pairs=465, sweeps=6, converged=True, rel_change=5.457e-04, effective_ranks=(317, 14), class_paired=True
Epoch [26/100] | Loss: 4.9763 (Cls: 5.0044, TAL: -0.2985, Adv: 0.0960, OT-Reg: 0.001414) | OT inner objective: -0.1955 | Marginal residual row/col/max: 2.99e-05/1.16e-08/2.99e-05 | Train Acc: 0.4129 | Val Acc: 0.1500 | Val P/R/F1 (Macro): 0.3184/0.4015/0.2132 | LR: 0.000003
Epoch [27/100] | SVD update #27: pairs=465, sweeps=4, converged=True, rel_change=7.969e-04, effective_ranks=(316, 11), class_paired=True
Epoch [27/100] | Loss: 4.8075 (Cls: 4.8295, TAL: -0.2690, Adv: 0.1291, OT-Reg: 0.001366) | OT inner objective: -0.1570 | Marginal residual row/col/max: 7.75e-06/1.46e-08/7.75e-06 | Train Acc: 0.4353 | Val Acc: 0.3583 | Val P/R/F1 (Macro): 0.4874/0.5074/0.3641 | LR: 0.000003
Epoch [28/100] | SVD update #28: pairs=465, sweeps=6, converged=True, rel_change=4.320e-04, effective_ranks=(317, 12), class_paired=True
Epoch [28/100] | Loss: 4.6052 (Cls: 4.6292, TAL: -0.2774, Adv: 0.1166, OT-Reg: 0.001480) | OT inner objective: -0.2640 | Marginal residual row/col/max: 4.31e-05/1.10e-08/4.31e-05 | Train Acc: 0.4710 | Val Acc: 0.2167 | Val P/R/F1 (Macro): 0.3354/0.4603/0.2865 | LR: 0.000003
Epoch [29/100] | SVD update #29: pairs=465, sweeps=5, converged=True, rel_change=8.406e-04, effective_ranks=(317, 15), class_paired=True
Epoch [29/100] | Loss: 4.5705 (Cls: 4.6071, TAL: -0.3681, Adv: 0.0955, OT-Reg: 0.001493) | OT inner objective: -0.2350 | Marginal residual row/col/max: 9.62e-05/1.73e-08/9.62e-05 | Train Acc: 0.4665 | Val Acc: 0.2250 | Val P/R/F1 (Macro): 0.4432/0.4171/0.2542 | LR: 0.000003
Epoch [30/100] | SVD update #30: pairs=465, sweeps=5, converged=True, rel_change=5.643e-04, effective_ranks=(314, 14), class_paired=True
Epoch [30/100] | Loss: 4.6964 (Cls: 4.7294, TAL: -0.3388, Adv: 0.0967, OT-Reg: 0.001372) | OT inner objective: -0.2468 | Marginal residual row/col/max: 6.16e-05/1.14e-08/6.16e-05 | Train Acc: 0.4710 | Val Acc: 0.1417 | Val P/R/F1 (Macro): 0.2323/0.3299/0.1672 | LR: 0.000003
Epoch [31/100] | SVD update #31: pairs=465, sweeps=5, converged=True, rel_change=6.468e-04, effective_ranks=(316, 14), class_paired=True
Epoch [31/100] | Loss: 4.4493 (Cls: 4.4759, TAL: -0.2839, Adv: 0.0934, OT-Reg: 0.001332) | OT inner objective: -0.1261 | Marginal residual row/col/max: 5.40e-05/1.41e-08/5.40e-05 | Train Acc: 0.4866 | Val Acc: 0.2750 | Val P/R/F1 (Macro): 0.3043/0.3828/0.2374 | LR: 0.000003
Epoch [32/100] | SVD update #32: pairs=465, sweeps=4, converged=True, rel_change=9.324e-04, effective_ranks=(317, 18), class_paired=True
Epoch [32/100] | Loss: 4.5749 (Cls: 4.6068, TAL: -0.3525, Adv: 0.1297, OT-Reg: 0.001416) | OT inner objective: -0.1446 | Marginal residual row/col/max: 7.80e-05/1.30e-08/7.80e-05 | Train Acc: 0.4933 | Val Acc: 0.3000 | Val P/R/F1 (Macro): 0.3809/0.4414/0.2731 | LR: 0.000003
Epoch [33/100] | SVD update #33: pairs=465, sweeps=4, converged=True, rel_change=9.700e-04, effective_ranks=(317, 14), class_paired=True
Epoch [33/100] | Loss: 4.0185 (Cls: 4.0500, TAL: -0.3490, Adv: 0.1298, OT-Reg: 0.001412) | OT inner objective: -0.1901 | Marginal residual row/col/max: 7.91e-05/1.30e-08/7.91e-05 | Train Acc: 0.6027 | Val Acc: 0.1333 | Val P/R/F1 (Macro): 0.2080/0.3217/0.1460 | LR: 0.000003
Epoch [34/100] | SVD update #34: pairs=465, sweeps=10, converged=False, rel_change=3.505e-03, effective_ranks=(316, 22), class_paired=True
Epoch [34/100] | Loss: 7.3185 (Cls: 7.3370, TAL: -0.2571, Adv: 0.1538, OT-Reg: 0.001481) | OT inner objective: -0.1098 | Marginal residual row/col/max: 7.62e-06/1.41e-08/7.62e-06 | Train Acc: 0.2924 | Val Acc: 0.2083 | Val P/R/F1 (Macro): 0.3469/0.1860/0.1836 | LR: 0.000003
Epoch [35/100] | SVD update #35: pairs=465, sweeps=7, converged=True, rel_change=4.922e-04, effective_ranks=(315, 22), class_paired=True
Epoch [35/100] | Loss: 5.3926 (Cls: 5.4001, TAL: -0.1756, Adv: 0.1692, OT-Reg: 0.001367) | OT inner objective: -0.0598 | Marginal residual row/col/max: 4.12e-05/1.10e-08/4.12e-05 | Train Acc: 0.4219 | Val Acc: 0.1500 | Val P/R/F1 (Macro): 0.2089/0.2873/0.1744 | LR: 0.000001
Epoch [36/100] | SVD update #36: pairs=465, sweeps=7, converged=True, rel_change=3.719e-04, effective_ranks=(317, 21), class_paired=True
Epoch [36/100] | Loss: 8.5397 (Cls: 8.5650, TAL: -0.2859, Adv: 0.1117, OT-Reg: 0.001435) | OT inner objective: -0.1460 | Marginal residual row/col/max: 2.53e-06/1.25e-08/2.53e-06 | Train Acc: 0.0804 | Val Acc: 0.1083 | Val P/R/F1 (Macro): 0.0747/0.0952/0.0585 | LR: 0.000001
Epoch [37/100] | SVD update #37: pairs=465, sweeps=10, converged=False, rel_change=6.910e-02, effective_ranks=(314, 26), class_paired=True
Epoch [37/100] | Loss: 6.6401 (Cls: 6.6288, TAL: -0.0334, Adv: 0.1905, OT-Reg: 0.001473) | OT inner objective: 0.0226 | Marginal residual row/col/max: 7.89e-07/1.77e-08/7.92e-07 | Train Acc: 0.2701 | Val Acc: 0.2000 | Val P/R/F1 (Macro): 0.2283/0.1464/0.1574 | LR: 0.000001
Epoch [38/100] | SVD update #38: pairs=465, sweeps=10, converged=False, rel_change=1.036e-01, effective_ranks=(316, 17), class_paired=True
Epoch [38/100] | Loss: 6.3374 (Cls: 6.3459, TAL: -0.1484, Adv: 0.1162, OT-Reg: 0.001487) | OT inner objective: -0.1157 | Marginal residual row/col/max: 2.62e-05/2.13e-08/2.62e-05 | Train Acc: 0.2991 | Val Acc: 0.1000 | Val P/R/F1 (Macro): 0.1087/0.2568/0.1064 | LR: 0.000001
Epoch [39/100] | SVD update #39: pairs=465, sweeps=10, converged=False, rel_change=1.048e-02, effective_ranks=(317, 20), class_paired=True
Epoch [39/100] | Loss: 5.9342 (Cls: 5.9154, TAL: 0.0392, Adv: 0.1757, OT-Reg: 0.001474) | OT inner objective: -0.0108 | Marginal residual row/col/max: 1.13e-05/1.26e-08/1.13e-05 | Train Acc: 0.3638 | Val Acc: 0.2083 | Val P/R/F1 (Macro): 0.1938/0.2915/0.1516 | LR: 0.000001
Epoch [40/100] | SVD update #40: pairs=465, sweeps=5, converged=True, rel_change=9.143e-04, effective_ranks=(317, 17), class_paired=True
Epoch [40/100] | Loss: 4.8907 (Cls: 4.9173, TAL: -0.3072, Adv: 0.1289, OT-Reg: 0.001457) | OT inner objective: -0.1358 | Marginal residual row/col/max: 4.51e-05/1.21e-08/4.51e-05 | Train Acc: 0.4464 | Val Acc: 0.3250 | Val P/R/F1 (Macro): 0.2627/0.4915/0.2834 | LR: 0.000001
Epoch [41/100] | SVD update #41: pairs=465, sweeps=4, converged=True, rel_change=7.947e-05, effective_ranks=(316, 13), class_paired=True
Epoch [41/100] | Loss: 4.8683 (Cls: 4.8892, TAL: -0.2729, Adv: 0.1488, OT-Reg: 0.001433) | OT inner objective: -0.1847 | Marginal residual row/col/max: 2.63e-05/1.14e-08/2.63e-05 | Train Acc: 0.4040 | Val Acc: 0.3333 | Val P/R/F1 (Macro): 0.4120/0.5178/0.3356 | LR: 0.000001
Epoch [42/100] | SVD update #42: pairs=465, sweeps=3, converged=True, rel_change=7.021e-04, effective_ranks=(314, 14), class_paired=True
Epoch [42/100] | Loss: 4.6792 (Cls: 4.7146, TAL: -0.3955, Adv: 0.1504, OT-Reg: 0.001466) | OT inner objective: -0.1900 | Marginal residual row/col/max: 5.05e-05/1.34e-08/5.05e-05 | Train Acc: 0.4978 | Val Acc: 0.2000 | Val P/R/F1 (Macro): 0.4605/0.4881/0.3421 | LR: 0.000001
Epoch [43/100] | SVD update #43: pairs=465, sweeps=4, converged=True, rel_change=3.583e-04, effective_ranks=(317, 14), class_paired=True
Epoch [43/100] | Loss: 4.5122 (Cls: 4.5359, TAL: -0.3845, Adv: 0.2805, OT-Reg: 0.001428) | OT inner objective: -0.1430 | Marginal residual row/col/max: 3.87e-05/1.13e-08/3.87e-05 | Train Acc: 0.5201 | Val Acc: 0.2250 | Val P/R/F1 (Macro): 0.5711/0.4670/0.3196 | LR: 0.000001
Epoch [44/100] | SVD update #44: pairs=465, sweeps=6, converged=True, rel_change=2.999e-04, effective_ranks=(317, 14), class_paired=True
Epoch [44/100] | Loss: 4.5838 (Cls: 4.5983, TAL: -0.2812, Adv: 0.2402, OT-Reg: 0.001451) | OT inner objective: -0.1752 | Marginal residual row/col/max: 4.14e-05/1.73e-08/4.14e-05 | Train Acc: 0.5134 | Val Acc: 0.1583 | Val P/R/F1 (Macro): 0.2261/0.4006/0.2328 | LR: 0.000001
Epoch [45/100] | SVD update #45: pairs=465, sweeps=4, converged=True, rel_change=8.229e-04, effective_ranks=(316, 13), class_paired=True
Epoch [45/100] | Loss: 4.5643 (Cls: 4.5926, TAL: -0.3959, Adv: 0.2399, OT-Reg: 0.001392) | OT inner objective: -0.2510 | Marginal residual row/col/max: 6.14e-05/1.32e-08/6.14e-05 | Train Acc: 0.4911 | Val Acc: 0.1833 | Val P/R/F1 (Macro): 0.4125/0.4524/0.3068 | LR: 0.000001
Epoch [46/100] | SVD update #46: pairs=465, sweeps=5, converged=True, rel_change=2.972e-04, effective_ranks=(317, 15), class_paired=True
Epoch [46/100] | Loss: 4.4975 (Cls: 4.5192, TAL: -0.2864, Adv: 0.1579, OT-Reg: 0.001444) | OT inner objective: -0.2711 | Marginal residual row/col/max: 6.15e-05/1.33e-08/6.15e-05 | Train Acc: 0.5335 | Val Acc: 0.2333 | Val P/R/F1 (Macro): 0.5551/0.4975/0.3578 | LR: 0.000001
Epoch [47/100] | SVD update #47: pairs=465, sweeps=5, converged=True, rel_change=6.086e-04, effective_ranks=(316, 16), class_paired=True
Epoch [47/100] | Loss: 4.5498 (Cls: 4.5851, TAL: -0.3624, Adv: 0.1030, OT-Reg: 0.001462) | OT inner objective: -0.1725 | Marginal residual row/col/max: 5.79e-05/1.58e-08/5.79e-05 | Train Acc: 0.5022 | Val Acc: 0.2250 | Val P/R/F1 (Macro): 0.4429/0.4677/0.3160 | LR: 0.000001
Epoch [48/100] | SVD update #48: pairs=465, sweeps=4, converged=True, rel_change=1.601e-04, effective_ranks=(316, 18), class_paired=True
Epoch [48/100] | Loss: 4.3442 (Cls: 4.3826, TAL: -0.3821, Adv: 0.0929, OT-Reg: 0.001425) | OT inner objective: -0.1887 | Marginal residual row/col/max: 1.81e-05/1.09e-08/1.81e-05 | Train Acc: 0.5513 | Val Acc: 0.2333 | Val P/R/F1 (Macro): 0.5314/0.4807/0.3407 | LR: 0.000001
Epoch [49/100] | SVD update #49: pairs=465, sweeps=6, converged=True, rel_change=3.953e-04, effective_ranks=(317, 18), class_paired=True
Epoch [49/100] | Loss: 4.2412 (Cls: 4.2759, TAL: -0.4117, Adv: 0.1848, OT-Reg: 0.001475) | OT inner objective: -0.1939 | Marginal residual row/col/max: 6.43e-05/9.98e-09/6.43e-05 | Train Acc: 0.4598 | Val Acc: 0.1500 | Val P/R/F1 (Macro): 0.3583/0.3620/0.2187 | LR: 0.000001
Epoch [50/100] | SVD update #50: pairs=465, sweeps=4, converged=True, rel_change=5.149e-04, effective_ranks=(316, 21), class_paired=True
Epoch [50/100] | Loss: 4.3766 (Cls: 4.4128, TAL: -0.3498, Adv: 0.0723, OT-Reg: 0.001516) | OT inner objective: -0.1512 | Marginal residual row/col/max: 3.42e-05/1.94e-08/3.42e-05 | Train Acc: 0.4531 | Val Acc: 0.1500 | Val P/R/F1 (Macro): 0.1620/0.3458/0.1761 | LR: 0.000001
Epoch [51/100] | SVD update #51: pairs=465, sweeps=4, converged=True, rel_change=3.969e-04, effective_ranks=(317, 18), class_paired=True
Epoch [51/100] | Loss: 4.2714 (Cls: 4.3165, TAL: -0.4234, Adv: 0.0712, OT-Reg: 0.001477) | OT inner objective: -0.2672 | Marginal residual row/col/max: 1.01e-04/1.54e-08/1.01e-04 | Train Acc: 0.5759 | Val Acc: 0.1750 | Val P/R/F1 (Macro): 0.4418/0.3486/0.2169 | LR: 0.000001
Epoch [52/100] | SVD update #52: pairs=465, sweeps=4, converged=True, rel_change=7.447e-04, effective_ranks=(317, 25), class_paired=True
Epoch [52/100] | Loss: 4.2057 (Cls: 4.2407, TAL: -0.3842, Adv: 0.1378, OT-Reg: 0.001432) | OT inner objective: -0.2506 | Marginal residual row/col/max: 1.24e-04/1.09e-08/1.24e-04 | Train Acc: 0.5826 | Val Acc: 0.2083 | Val P/R/F1 (Macro): 0.3212/0.3556/0.1701 | LR: 0.000001
Epoch [53/100] | SVD update #53: pairs=465, sweeps=4, converged=True, rel_change=3.635e-04, effective_ranks=(316, 23), class_paired=True
Epoch [53/100] | Loss: 4.5719 (Cls: 4.6018, TAL: -0.2964, Adv: 0.0707, OT-Reg: 0.001493) | OT inner objective: -0.1914 | Marginal residual row/col/max: 2.06e-05/1.24e-08/2.06e-05 | Train Acc: 0.3929 | Val Acc: 0.2500 | Val P/R/F1 (Macro): 0.2152/0.3612/0.1834 | LR: 0.000001
Epoch [54/100] | SVD update #54: pairs=465, sweeps=5, converged=True, rel_change=3.316e-04, effective_ranks=(315, 19), class_paired=True
Epoch [54/100] | Loss: 4.7966 (Cls: 4.8294, TAL: -0.3244, Adv: 0.0767, OT-Reg: 0.001379) | OT inner objective: -0.1015 | Marginal residual row/col/max: 6.17e-05/1.04e-08/6.17e-05 | Train Acc: 0.3996 | Val Acc: 0.0583 | Val P/R/F1 (Macro): 0.0335/0.1697/0.0289 | LR: 0.000001
Epoch [55/100] | SVD update #55: pairs=465, sweeps=4, converged=True, rel_change=2.711e-04, effective_ranks=(316, 17), class_paired=True
Epoch [55/100] | Loss: 4.6832 (Cls: 4.7183, TAL: -0.3560, Adv: 0.0952, OT-Reg: 0.001407) | OT inner objective: -0.1929 | Marginal residual row/col/max: 1.90e-05/1.01e-08/1.90e-05 | Train Acc: 0.4353 | Val Acc: 0.2417 | Val P/R/F1 (Macro): 0.2819/0.2561/0.1654 | LR: 0.000001
Epoch [56/100] | SVD update #56: pairs=465, sweeps=6, converged=True, rel_change=6.654e-04, effective_ranks=(316, 21), class_paired=True
Epoch [56/100] | Loss: 4.4066 (Cls: 4.4433, TAL: -0.3915, Adv: 0.1280, OT-Reg: 0.001421) | OT inner objective: -0.2282 | Marginal residual row/col/max: 1.39e-04/1.44e-08/1.39e-04 | Train Acc: 0.4174 | Val Acc: 0.0917 | Val P/R/F1 (Macro): 0.1324/0.1974/0.0763 | LR: 0.000001
Epoch [57/100] | SVD update #57: pairs=465, sweeps=5, converged=True, rel_change=5.374e-04, effective_ranks=(316, 25), class_paired=True
Epoch [57/100] | Loss: 4.3044 (Cls: 4.3458, TAL: -0.4383, Adv: 0.1405, OT-Reg: 0.001407) | OT inner objective: -0.2237 | Marginal residual row/col/max: 1.69e-04/1.18e-08/1.69e-04 | Train Acc: 0.5424 | Val Acc: 0.1250 | Val P/R/F1 (Macro): 0.2896/0.1997/0.1486 | LR: 0.000001
Epoch [58/100] | SVD update #58: pairs=465, sweeps=6, converged=True, rel_change=7.224e-04, effective_ranks=(316, 24), class_paired=True
Epoch [58/100] | Loss: 4.7338 (Cls: 4.7865, TAL: -0.4920, Adv: 0.0796, OT-Reg: 0.001414) | OT inner objective: -0.2253 | Marginal residual row/col/max: 3.05e-05/1.37e-08/3.05e-05 | Train Acc: 0.4732 | Val Acc: 0.1500 | Val P/R/F1 (Macro): 0.1528/0.3265/0.1363 | LR: 0.000001
Epoch [59/100] | SVD update #59: pairs=465, sweeps=4, converged=True, rel_change=2.428e-04, effective_ranks=(316, 22), class_paired=True
Epoch [59/100] | Loss: 4.4655 (Cls: 4.4978, TAL: -0.3383, Adv: 0.1047, OT-Reg: 0.001395) | OT inner objective: -0.2302 | Marginal residual row/col/max: 1.04e-04/9.71e-09/1.04e-04 | Train Acc: 0.6004 | Val Acc: 0.1250 | Val P/R/F1 (Macro): 0.2461/0.3108/0.1297 | LR: 0.000001
Epoch [60/100] | SVD update #60: pairs=465, sweeps=3, converged=True, rel_change=7.372e-04, effective_ranks=(317, 21), class_paired=True
Epoch [60/100] | Loss: 4.7909 (Cls: 4.8291, TAL: -0.4244, Adv: 0.1591, OT-Reg: 0.001425) | OT inner objective: -0.2267 | Marginal residual row/col/max: 7.22e-05/1.16e-08/7.22e-05 | Train Acc: 0.4420 | Val Acc: 0.0833 | Val P/R/F1 (Macro): 0.1162/0.3073/0.1256 | LR: 0.000001
Epoch [61/100] | SVD update #61: pairs=465, sweeps=4, converged=True, rel_change=1.855e-04, effective_ranks=(317, 21), class_paired=True
Epoch [61/100] | Loss: 4.5523 (Cls: 4.5947, TAL: -0.4897, Adv: 0.2047, OT-Reg: 0.001378) | OT inner objective: -0.1709 | Marginal residual row/col/max: 1.60e-04/1.28e-08/1.60e-04 | Train Acc: 0.4665 | Val Acc: 0.1417 | Val P/R/F1 (Macro): 0.3217/0.4345/0.2539 | LR: 0.000001
Epoch [62/100] | SVD update #62: pairs=465, sweeps=4, converged=True, rel_change=4.928e-04, effective_ranks=(317, 19), class_paired=True
Epoch [62/100] | Loss: 4.5147 (Cls: 4.5601, TAL: -0.4506, Adv: 0.1090, OT-Reg: 0.001432) | OT inner objective: -0.2249 | Marginal residual row/col/max: 3.01e-05/1.04e-08/3.01e-05 | Train Acc: 0.4888 | Val Acc: 0.1583 | Val P/R/F1 (Macro): 0.2851/0.2397/0.1832 | LR: 0.000001
Epoch [63/100] | SVD update #63: pairs=465, sweeps=3, converged=True, rel_change=6.649e-04, effective_ranks=(317, 20), class_paired=True
Epoch [63/100] | Loss: 4.2704 (Cls: 4.3073, TAL: -0.3989, Adv: 0.1366, OT-Reg: 0.001411) | OT inner objective: -0.2077 | Marginal residual row/col/max: 1.38e-04/1.78e-08/1.38e-04 | Train Acc: 0.5960 | Val Acc: 0.1417 | Val P/R/F1 (Macro): 0.3672/0.3603/0.2321 | LR: 0.000001
Epoch [64/100] | SVD update #64: pairs=465, sweeps=4, converged=True, rel_change=4.384e-04, effective_ranks=(317, 21), class_paired=True
Epoch [64/100] | Loss: 4.3582 (Cls: 4.3965, TAL: -0.4406, Adv: 0.1823, OT-Reg: 0.001415) | OT inner objective: -0.1532 | Marginal residual row/col/max: 2.11e-04/1.70e-08/2.11e-04 | Train Acc: 0.5268 | Val Acc: 0.1333 | Val P/R/F1 (Macro): 0.3354/0.3530/0.2676 | LR: 0.000001
Epoch [65/100] | SVD update #65: pairs=465, sweeps=3, converged=True, rel_change=2.287e-04, effective_ranks=(315, 21), class_paired=True
Epoch [65/100] | Loss: 4.3608 (Cls: 4.3929, TAL: -0.4017, Adv: 0.2007, OT-Reg: 0.001493) | OT inner objective: -0.1646 | Marginal residual row/col/max: 3.46e-05/1.09e-08/3.46e-05 | Train Acc: 0.4955 | Val Acc: 0.1000 | Val P/R/F1 (Macro): 0.2956/0.2397/0.1697 | LR: 0.000001
Epoch [66/100] | SVD update #66: pairs=465, sweeps=4, converged=True, rel_change=5.176e-04, effective_ranks=(317, 22), class_paired=True
Epoch [66/100] | Loss: 4.2619 (Cls: 4.2850, TAL: -0.3644, Adv: 0.2575, OT-Reg: 0.001569) | OT inner objective: -0.1623 | Marginal residual row/col/max: 9.28e-05/1.41e-08/9.28e-05 | Train Acc: 0.6027 | Val Acc: 0.1250 | Val P/R/F1 (Macro): 0.2881/0.3005/0.1915 | LR: 0.000001
Epoch [67/100] | SVD update #67: pairs=465, sweeps=4, converged=True, rel_change=3.706e-04, effective_ranks=(317, 20), class_paired=True
Epoch [67/100] | Loss: 4.1183 (Cls: 4.1532, TAL: -0.4493, Adv: 0.2376, OT-Reg: 0.001475) | OT inner objective: -0.2431 | Marginal residual row/col/max: 7.84e-05/1.05e-08/7.84e-05 | Train Acc: 0.5804 | Val Acc: 0.1833 | Val P/R/F1 (Macro): 0.2360/0.3422/0.1810 | LR: 0.000001
Epoch [68/100] | SVD update #68: pairs=465, sweeps=4, converged=True, rel_change=2.342e-04, effective_ranks=(314, 20), class_paired=True
Epoch [68/100] | Loss: 4.2784 (Cls: 4.3158, TAL: -0.4015, Adv: 0.1346, OT-Reg: 0.001379) | OT inner objective: -0.2018 | Marginal residual row/col/max: 1.02e-04/1.81e-08/1.02e-04 | Train Acc: 0.5558 | Val Acc: 0.1083 | Val P/R/F1 (Macro): 0.1882/0.2922/0.1151 | LR: 0.000001
Epoch [69/100] | SVD update #69: pairs=465, sweeps=3, converged=True, rel_change=7.958e-04, effective_ranks=(315, 20), class_paired=True
Epoch [69/100] | Loss: 4.2190 (Cls: 4.2562, TAL: -0.4194, Adv: 0.1644, OT-Reg: 0.001479) | OT inner objective: -0.2281 | Marginal residual row/col/max: 7.69e-05/1.26e-08/7.69e-05 | Train Acc: 0.5603 | Val Acc: 0.1000 | Val P/R/F1 (Macro): 0.1347/0.2723/0.0788 | LR: 0.000001
Epoch [70/100] | SVD update #70: pairs=465, sweeps=5, converged=True, rel_change=1.344e-04, effective_ranks=(316, 21), class_paired=True
Epoch [70/100] | Loss: 4.2075 (Cls: 4.2276, TAL: -0.2875, Adv: 0.1796, OT-Reg: 0.001446) | OT inner objective: -0.0986 | Marginal residual row/col/max: 2.49e-06/1.14e-08/2.49e-06 | Train Acc: 0.5335 | Val Acc: 0.2500 | Val P/R/F1 (Macro): 0.2791/0.3829/0.2399 | LR: 0.000001
Epoch [71/100] | SVD update #71: pairs=465, sweeps=4, converged=True, rel_change=2.579e-04, effective_ranks=(317, 23), class_paired=True
Epoch [71/100] | Loss: 4.2724 (Cls: 4.2932, TAL: -0.4521, Adv: 0.4182, OT-Reg: 0.001425) | OT inner objective: -0.2518 | Marginal residual row/col/max: 4.98e-05/1.02e-08/4.98e-05 | Train Acc: 0.4911 | Val Acc: 0.2083 | Val P/R/F1 (Macro): 0.3037/0.3744/0.2433 | LR: 0.000001
Epoch [72/100] | SVD update #72: pairs=465, sweeps=4, converged=True, rel_change=1.719e-04, effective_ranks=(317, 23), class_paired=True
Epoch [72/100] | Loss: 4.2746 (Cls: 4.2956, TAL: -0.3736, Adv: 0.2983, OT-Reg: 0.001418) | OT inner objective: -0.2352 | Marginal residual row/col/max: 4.88e-05/1.49e-08/4.88e-05 | Train Acc: 0.5134 | Val Acc: 0.1000 | Val P/R/F1 (Macro): 0.1331/0.2848/0.1132 | LR: 0.000001
Epoch [73/100] | SVD update #73: pairs=465, sweeps=4, converged=True, rel_change=8.861e-04, effective_ranks=(316, 21), class_paired=True
Epoch [73/100] | Loss: 3.9832 (Cls: 4.0240, TAL: -0.4449, Adv: 0.1578, OT-Reg: 0.001441) | OT inner objective: -0.3106 | Marginal residual row/col/max: 1.91e-04/1.20e-08/1.91e-04 | Train Acc: 0.5938 | Val Acc: 0.1083 | Val P/R/F1 (Macro): 0.1975/0.2771/0.1101 | LR: 0.000001
Epoch [74/100] | SVD update #74: pairs=465, sweeps=4, converged=True, rel_change=1.250e-04, effective_ranks=(317, 21), class_paired=True
Epoch [74/100] | Loss: 4.0984 (Cls: 4.1492, TAL: -0.5219, Adv: 0.1476, OT-Reg: 0.001424) | OT inner objective: -0.2580 | Marginal residual row/col/max: 3.12e-05/1.28e-08/3.12e-05 | Train Acc: 0.6116 | Val Acc: 0.0917 | Val P/R/F1 (Macro): 0.2334/0.2692/0.1021 | LR: 0.000001
Epoch [75/100] | SVD update #75: pairs=465, sweeps=4, converged=True, rel_change=7.105e-04, effective_ranks=(316, 24), class_paired=True
Epoch [75/100] | Loss: 3.8859 (Cls: 3.9120, TAL: -0.3760, Adv: 0.2381, OT-Reg: 0.001451) | OT inner objective: -0.2871 | Marginal residual row/col/max: 4.31e-05/1.05e-08/4.31e-05 | Train Acc: 0.6183 | Val Acc: 0.1333 | Val P/R/F1 (Macro): 0.3796/0.3583/0.2318 | LR: 0.000001
Epoch [76/100] | SVD update #76: pairs=465, sweeps=4, converged=True, rel_change=2.032e-04, effective_ranks=(316, 21), class_paired=True
Epoch [76/100] | Loss: 3.8206 (Cls: 3.8622, TAL: -0.5024, Adv: 0.2331, OT-Reg: 0.001485) | OT inner objective: -0.2427 | Marginal residual row/col/max: 2.43e-05/2.30e-08/2.43e-05 | Train Acc: 0.6362 | Val Acc: 0.1667 | Val P/R/F1 (Macro): 0.3354/0.3431/0.2064 | LR: 0.000001
Epoch [77/100] | SVD update #77: pairs=465, sweeps=4, converged=True, rel_change=7.910e-04, effective_ranks=(317, 23), class_paired=True
Epoch [77/100] | Loss: 3.9656 (Cls: 3.9985, TAL: -0.4222, Adv: 0.2223, OT-Reg: 0.001435) | OT inner objective: -0.1668 | Marginal residual row/col/max: 1.17e-04/2.02e-08/1.17e-04 | Train Acc: 0.6406 | Val Acc: 0.1250 | Val P/R/F1 (Macro): 0.2239/0.4121/0.2223 | LR: 0.000001
Epoch [78/100] | SVD update #78: pairs=465, sweeps=3, converged=True, rel_change=3.323e-04, effective_ranks=(316, 19), class_paired=True
Epoch [78/100] | Loss: 3.8100 (Cls: 3.8564, TAL: -0.5217, Adv: 0.2020, OT-Reg: 0.001476) | OT inner objective: -0.2724 | Marginal residual row/col/max: 1.00e-04/1.38e-08/1.00e-04 | Train Acc: 0.6295 | Val Acc: 0.2167 | Val P/R/F1 (Macro): 0.4204/0.4311/0.3021 | LR: 0.000001
Epoch [79/100] | SVD update #79: pairs=465, sweeps=4, converged=True, rel_change=2.871e-04, effective_ranks=(317, 21), class_paired=True
Epoch [79/100] | Loss: 3.7190 (Cls: 3.7702, TAL: -0.5508, Adv: 0.1859, OT-Reg: 0.001464) | OT inner objective: -0.2450 | Marginal residual row/col/max: 1.09e-04/1.25e-08/1.09e-04 | Train Acc: 0.6473 | Val Acc: 0.1750 | Val P/R/F1 (Macro): 0.1901/0.3212/0.1759 | LR: 0.000001
Epoch [80/100] | SVD update #80: pairs=465, sweeps=4, converged=True, rel_change=6.098e-04, effective_ranks=(316, 24), class_paired=True
Epoch [80/100] | Loss: 3.7141 (Cls: 3.7599, TAL: -0.5164, Adv: 0.2024, OT-Reg: 0.001466) | OT inner objective: -0.2165 | Marginal residual row/col/max: 5.59e-05/1.72e-08/5.59e-05 | Train Acc: 0.6071 | Val Acc: 0.1583 | Val P/R/F1 (Macro): 0.3038/0.3105/0.1841 | LR: 0.000001
Epoch [81/100] | SVD update #81: pairs=465, sweeps=4, converged=True, rel_change=8.083e-04, effective_ranks=(316, 21), class_paired=True
Epoch [81/100] | Loss: 3.8339 (Cls: 3.8643, TAL: -0.4796, Adv: 0.3387, OT-Reg: 0.001514) | OT inner objective: -0.2645 | Marginal residual row/col/max: 3.47e-05/1.12e-08/3.47e-05 | Train Acc: 0.6629 | Val Acc: 0.1417 | Val P/R/F1 (Macro): 0.2349/0.3292/0.1771 | LR: 0.000001
Epoch [82/100] | SVD update #82: pairs=465, sweeps=4, converged=True, rel_change=3.246e-04, effective_ranks=(317, 23), class_paired=True
Epoch [82/100] | Loss: 3.6821 (Cls: 3.7113, TAL: -0.4289, Adv: 0.2780, OT-Reg: 0.001480) | OT inner objective: -0.2820 | Marginal residual row/col/max: 1.13e-04/1.33e-08/1.13e-04 | Train Acc: 0.6987 | Val Acc: 0.2000 | Val P/R/F1 (Macro): 0.2656/0.3672/0.2099 | LR: 0.000001
Epoch [83/100] | SVD update #83: pairs=465, sweeps=5, converged=True, rel_change=3.802e-04, effective_ranks=(317, 24), class_paired=True
Epoch [83/100] | Loss: 3.8182 (Cls: 3.8546, TAL: -0.4594, Adv: 0.2338, OT-Reg: 0.001454) | OT inner objective: -0.1990 | Marginal residual row/col/max: 3.24e-05/2.04e-08/3.24e-05 | Train Acc: 0.6272 | Val Acc: 0.2750 | Val P/R/F1 (Macro): 0.3555/0.4359/0.2762 | LR: 0.000001
Epoch [84/100] | SVD update #84: pairs=465, sweeps=4, converged=True, rel_change=2.121e-04, effective_ranks=(317, 19), class_paired=True
Epoch [84/100] | Loss: 3.9835 (Cls: 3.9878, TAL: -0.3544, Adv: 0.4773, OT-Reg: 0.001458) | OT inner objective: -0.2721 | Marginal residual row/col/max: 3.95e-05/1.25e-08/3.95e-05 | Train Acc: 0.6317 | Val Acc: 0.1500 | Val P/R/F1 (Macro): 0.2424/0.3346/0.1883 | LR: 0.000001
Epoch [85/100] | SVD update #85: pairs=465, sweeps=4, converged=True, rel_change=7.093e-04, effective_ranks=(317, 23), class_paired=True
Epoch [85/100] | Loss: 3.6137 (Cls: 3.6359, TAL: -0.4150, Adv: 0.3447, OT-Reg: 0.001461) | OT inner objective: -0.2323 | Marginal residual row/col/max: 5.36e-05/1.02e-08/5.36e-05 | Train Acc: 0.7098 | Val Acc: 0.2583 | Val P/R/F1 (Macro): 0.4447/0.4382/0.2988 | LR: 0.000001
Epoch [86/100] | SVD update #86: pairs=465, sweeps=4, converged=True, rel_change=2.010e-04, effective_ranks=(317, 23), class_paired=True
Epoch [86/100] | Loss: 3.9062 (Cls: 3.9464, TAL: -0.4961, Adv: 0.2415, OT-Reg: 0.001454) | OT inner objective: -0.2788 | Marginal residual row/col/max: 2.70e-05/1.48e-08/2.70e-05 | Train Acc: 0.6719 | Val Acc: 0.2083 | Val P/R/F1 (Macro): 0.2768/0.3676/0.1963 | LR: 0.000001
Epoch [87/100] | SVD update #87: pairs=465, sweeps=5, converged=True, rel_change=9.076e-05, effective_ranks=(315, 21), class_paired=True
Epoch [87/100] | Loss: 3.9174 (Cls: 3.9474, TAL: -0.4135, Adv: 0.2451, OT-Reg: 0.001469) | OT inner objective: -0.2585 | Marginal residual row/col/max: 8.86e-06/1.22e-08/8.86e-06 | Train Acc: 0.6339 | Val Acc: 0.1833 | Val P/R/F1 (Macro): 0.2908/0.3558/0.2129 | LR: 0.000001
Epoch [88/100] | SVD update #88: pairs=465, sweeps=4, converged=True, rel_change=2.678e-04, effective_ranks=(317, 23), class_paired=True
Epoch [88/100] | Loss: 3.8394 (Cls: 3.8676, TAL: -0.4664, Adv: 0.3479, OT-Reg: 0.001432) | OT inner objective: -0.2182 | Marginal residual row/col/max: 1.19e-04/1.78e-08/1.19e-04 | Train Acc: 0.6027 | Val Acc: 0.2583 | Val P/R/F1 (Macro): 0.3477/0.4263/0.2827 | LR: 0.000001
Epoch [89/100] | SVD update #89: pairs=465, sweeps=3, converged=True, rel_change=3.539e-04, effective_ranks=(316, 21), class_paired=True
Epoch [89/100] | Loss: 3.6193 (Cls: 3.6418, TAL: -0.4303, Adv: 0.3638, OT-Reg: 0.001446) | OT inner objective: -0.2769 | Marginal residual row/col/max: 4.03e-05/1.41e-08/4.03e-05 | Train Acc: 0.7054 | Val Acc: 0.2250 | Val P/R/F1 (Macro): 0.3373/0.3980/0.2524 | LR: 0.000001
Epoch [90/100] | SVD update #90: pairs=465, sweeps=3, converged=True, rel_change=4.022e-04, effective_ranks=(316, 22), class_paired=True
Epoch [90/100] | Loss: 3.8421 (Cls: 3.8690, TAL: -0.4413, Adv: 0.3263, OT-Reg: 0.001448) | OT inner objective: -0.2839 | Marginal residual row/col/max: 1.45e-05/1.09e-08/1.45e-05 | Train Acc: 0.6317 | Val Acc: 0.2167 | Val P/R/F1 (Macro): 0.3259/0.3724/0.2267 | LR: 0.000001
Epoch [91/100] | SVD update #91: pairs=465, sweeps=5, converged=True, rel_change=7.266e-04, effective_ranks=(317, 25), class_paired=True
Epoch [91/100] | Loss: 4.0842 (Cls: 4.0972, TAL: -0.3223, Adv: 0.3202, OT-Reg: 0.001360) | OT inner objective: -0.2589 | Marginal residual row/col/max: 3.75e-04/1.26e-08/3.75e-04 | Train Acc: 0.6205 | Val Acc: 0.2583 | Val P/R/F1 (Macro): 0.3279/0.4090/0.2553 | LR: 0.000001
Epoch [92/100] | SVD update #92: pairs=465, sweeps=4, converged=True, rel_change=7.376e-04, effective_ranks=(316, 20), class_paired=True
Epoch [92/100] | Loss: 4.0950 (Cls: 4.1225, TAL: -0.5022, Adv: 0.4097, OT-Reg: 0.001537) | OT inner objective: -0.2490 | Marginal residual row/col/max: 3.29e-05/1.17e-08/3.29e-05 | Train Acc: 0.5625 | Val Acc: 0.1167 | Val P/R/F1 (Macro): 0.3088/0.3313/0.1636 | LR: 0.000001
Epoch [93/100] | SVD update #93: pairs=465, sweeps=5, converged=True, rel_change=1.432e-04, effective_ranks=(317, 23), class_paired=True
Epoch [93/100] | Loss: 3.8839 (Cls: 3.9200, TAL: -0.5101, Adv: 0.3146, OT-Reg: 0.001460) | OT inner objective: -0.2385 | Marginal residual row/col/max: 2.69e-05/1.06e-08/2.69e-05 | Train Acc: 0.5938 | Val Acc: 0.1333 | Val P/R/F1 (Macro): 0.3495/0.3608/0.2181 | LR: 0.000001
Epoch [94/100] | SVD update #94: pairs=465, sweeps=4, converged=True, rel_change=2.391e-04, effective_ranks=(316, 23), class_paired=True
Epoch [94/100] | Loss: 4.1670 (Cls: 4.2071, TAL: -0.5138, Adv: 0.2695, OT-Reg: 0.001402) | OT inner objective: -0.2737 | Marginal residual row/col/max: 3.20e-04/1.25e-08/3.20e-04 | Train Acc: 0.5000 | Val Acc: 0.1417 | Val P/R/F1 (Macro): 0.2945/0.4328/0.2382 | LR: 0.000001
Epoch [95/100] | SVD update #95: pairs=465, sweeps=5, converged=True, rel_change=9.923e-05, effective_ranks=(316, 20), class_paired=True
Epoch [95/100] | Loss: 4.0934 (Cls: 4.1159, TAL: -0.4265, Adv: 0.3586, OT-Reg: 0.001429) | OT inner objective: -0.1222 | Marginal residual row/col/max: 1.45e-04/1.09e-08/1.45e-04 | Train Acc: 0.6049 | Val Acc: 0.1333 | Val P/R/F1 (Macro): 0.3774/0.4272/0.2564 | LR: 0.000001
Epoch [96/100] | SVD update #96: pairs=465, sweeps=4, converged=True, rel_change=1.765e-04, effective_ranks=(315, 21), class_paired=True
Epoch [96/100] | Loss: 4.2417 (Cls: 4.2793, TAL: -0.5002, Adv: 0.2803, OT-Reg: 0.001429) | OT inner objective: -0.2179 | Marginal residual row/col/max: 2.06e-04/2.32e-08/2.06e-04 | Train Acc: 0.5201 | Val Acc: 0.1167 | Val P/R/F1 (Macro): 0.2475/0.3053/0.1450 | LR: 0.000001
Epoch [97/100] | SVD update #97: pairs=465, sweeps=3, converged=True, rel_change=8.534e-04, effective_ranks=(317, 25), class_paired=True
Epoch [97/100] | Loss: 4.1513 (Cls: 4.1848, TAL: -0.4662, Adv: 0.2810, OT-Reg: 0.001428) | OT inner objective: -0.2768 | Marginal residual row/col/max: 4.12e-05/1.54e-08/4.12e-05 | Train Acc: 0.5513 | Val Acc: 0.0833 | Val P/R/F1 (Macro): 0.1451/0.2485/0.0911 | LR: 0.000001
Epoch [98/100] | SVD update #98: pairs=465, sweeps=4, converged=True, rel_change=4.703e-04, effective_ranks=(316, 24), class_paired=True
Epoch [98/100] | Loss: 4.1414 (Cls: 4.1600, TAL: -0.4500, Adv: 0.4424, OT-Reg: 0.001423) | OT inner objective: -0.2934 | Marginal residual row/col/max: 2.39e-05/1.29e-08/2.39e-05 | Train Acc: 0.5580 | Val Acc: 0.1417 | Val P/R/F1 (Macro): 0.4667/0.4025/0.2365 | LR: 0.000001
Epoch [99/100] | SVD update #99: pairs=465, sweeps=4, converged=True, rel_change=3.285e-04, effective_ranks=(317, 26), class_paired=True
Epoch [99/100] | Loss: 4.1838 (Cls: 4.2127, TAL: -0.4496, Adv: 0.3128, OT-Reg: 0.001458) | OT inner objective: -0.3072 | Marginal residual row/col/max: 6.44e-05/1.17e-08/6.44e-05 | Train Acc: 0.5469 | Val Acc: 0.1250 | Val P/R/F1 (Macro): 0.4399/0.3510/0.2230 | LR: 0.000001
Epoch [100/100] | SVD update #100: pairs=465, sweeps=4, converged=True, rel_change=1.977e-04, effective_ranks=(317, 23), class_paired=True
Epoch [100/100] | Loss: 4.3169 (Cls: 4.3307, TAL: -0.3844, Adv: 0.4033, OT-Reg: 0.001475) | OT inner objective: -0.3016 | Marginal residual row/col/max: 2.70e-05/1.78e-08/2.70e-05 | Train Acc: 0.5246 | Val Acc: 0.1083 | Val P/R/F1 (Macro): 0.3866/0.3265/0.1830 | LR: 0.000001
Report strategy: best, window=10, reported_acc=0.4583, best_acc=0.4583, selected_epoch=13

迭代 3 报告指标:
  Accuracy: 0.4583
  Precision (Macro): 0.4266
  Recall (Macro): 0.4821
  F1 (Macro): 0.4036
  Precision (Micro): 0.4583
  Recall (Micro): 0.4583
  F1 (Micro): 0.4583
  Val class coverage: 8/14 (0.5714), samples=120

================================================================================
迭代 4/5
随机种子: 45
================================================================================
配对采样器已初始化，共 8 个共有类别。
Training mode: full target-label supervision (class-paired batches).
Feature fusion: Tensor alignment (512+512 -> 16+16); fused_dim=32
Domain adaptation: Neural OT generator with 3-domain discriminator
Loss weights: tensor=0.12, adv=0.08
Transport: mode=sinkhorn, epsilon=0.1, Sinkhorn iterations=50, correction scale=0.1, correction regularization weight=0.001
Tensor projection update: once per epoch from the complete target-training pairing bank; projection_dim=16, max_sweeps=10, relative singular-value tolerance=0.001
Epoch [1/100] | SVD update #1: pairs=465, sweeps=3, converged=True, rel_change=3.296e-05, effective_ranks=(317, 192), class_paired=True
Epoch [1/100] | Loss: 7.3447 (Cls: 7.3311, TAL: -0.0330, Adv: 0.2193, OT-Reg: 0.000751) | OT inner objective: 0.2145 | Marginal residual row/col/max: 1.24e-08/1.17e-08/1.40e-08 | Train Acc: 0.2478 | Val Acc: 0.0667 | Val P/R/F1 (Macro): 0.0083/0.1250/0.0156 | LR: 0.000005
  >>> New Best Val Acc: 0.0667
Epoch [2/100] | SVD update #2: pairs=465, sweeps=5, converged=True, rel_change=1.631e-04, effective_ranks=(317, 76), class_paired=True
Epoch [2/100] | Loss: 6.8195 (Cls: 6.7918, TAL: 0.0790, Adv: 0.2270, OT-Reg: 0.000839) | OT inner objective: 0.2352 | Marginal residual row/col/max: 1.25e-08/2.20e-08/2.28e-08 | Train Acc: 0.1629 | Val Acc: 0.1500 | Val P/R/F1 (Macro): 0.1584/0.3152/0.1778 | LR: 0.000005
  >>> New Best Val Acc: 0.1500
Epoch [3/100] | SVD update #3: pairs=465, sweeps=10, converged=False, rel_change=1.724e-02, effective_ranks=(317, 87), class_paired=True
Epoch [3/100] | Loss: 6.2965 (Cls: 6.3054, TAL: -0.2485, Adv: 0.2608, OT-Reg: 0.000781) | OT inner objective: 0.0938 | Marginal residual row/col/max: 6.23e-07/1.90e-08/6.27e-07 | Train Acc: 0.2879 | Val Acc: 0.2000 | Val P/R/F1 (Macro): 0.5241/0.4456/0.2662 | LR: 0.000005
  >>> New Best Val Acc: 0.2000
Epoch [4/100] | SVD update #4: pairs=465, sweeps=10, converged=False, rel_change=9.484e-02, effective_ranks=(313, 68), class_paired=True
Epoch [4/100] | Loss: 6.8082 (Cls: 6.7895, TAL: -0.0018, Adv: 0.2373, OT-Reg: 0.000780) | OT inner objective: 0.2219 | Marginal residual row/col/max: 2.43e-07/1.90e-08/2.50e-07 | Train Acc: 0.2701 | Val Acc: 0.2167 | Val P/R/F1 (Macro): 0.1832/0.4009/0.2066 | LR: 0.000005
  >>> New Best Val Acc: 0.2167
Epoch [5/100] | SVD update #5: pairs=465, sweeps=9, converged=True, rel_change=6.812e-04, effective_ranks=(317, 59), class_paired=True
Epoch [5/100] | Loss: 6.0793 (Cls: 6.0727, TAL: -0.1747, Adv: 0.3440, OT-Reg: 0.000853) | OT inner objective: 0.0730 | Marginal residual row/col/max: 1.68e-07/1.37e-08/1.69e-07 | Train Acc: 0.3371 | Val Acc: 0.2500 | Val P/R/F1 (Macro): 0.3355/0.4486/0.2829 | LR: 0.000005
  >>> New Best Val Acc: 0.2500
Epoch [6/100] | SVD update #6: pairs=465, sweeps=10, converged=False, rel_change=1.977e-02, effective_ranks=(317, 36), class_paired=True
Epoch [6/100] | Loss: 6.4443 (Cls: 6.4284, TAL: -0.0102, Adv: 0.2152, OT-Reg: 0.000797) | OT inner objective: 0.1923 | Marginal residual row/col/max: 1.29e-08/1.34e-08/1.53e-08 | Train Acc: 0.2455 | Val Acc: 0.2583 | Val P/R/F1 (Macro): 0.2414/0.3640/0.2415 | LR: 0.000005
  >>> New Best Val Acc: 0.2583
Epoch [7/100] | SVD update #7: pairs=465, sweeps=10, converged=False, rel_change=1.098e-02, effective_ranks=(317, 42), class_paired=True
Epoch [7/100] | Loss: 7.0106 (Cls: 6.9912, TAL: 0.0312, Adv: 0.1957, OT-Reg: 0.000817) | OT inner objective: 0.2246 | Marginal residual row/col/max: 1.44e-08/2.28e-08/2.32e-08 | Train Acc: 0.1562 | Val Acc: 0.2667 | Val P/R/F1 (Macro): 0.2595/0.1531/0.1718 | LR: 0.000005
  >>> New Best Val Acc: 0.2667
Epoch [8/100] | SVD update #8: pairs=465, sweeps=10, converged=True, rel_change=9.097e-04, effective_ranks=(317, 40), class_paired=True
Epoch [8/100] | Loss: 6.3382 (Cls: 6.3476, TAL: -0.2175, Adv: 0.2076, OT-Reg: 0.000860) | OT inner objective: 0.0418 | Marginal residual row/col/max: 5.19e-06/1.85e-08/5.20e-06 | Train Acc: 0.2522 | Val Acc: 0.0667 | Val P/R/F1 (Macro): 0.1927/0.1841/0.0986 | LR: 0.000005
Epoch [9/100] | SVD update #9: pairs=465, sweeps=10, converged=False, rel_change=3.983e-02, effective_ranks=(315, 41), class_paired=True
Epoch [9/100] | Loss: 6.1163 (Cls: 6.1138, TAL: -0.1050, Adv: 0.1898, OT-Reg: 0.000814) | OT inner objective: 0.0979 | Marginal residual row/col/max: 3.71e-05/1.73e-08/3.71e-05 | Train Acc: 0.2701 | Val Acc: 0.0833 | Val P/R/F1 (Macro): 0.1288/0.1630/0.0658 | LR: 0.000005
Epoch [10/100] | SVD update #10: pairs=465, sweeps=7, converged=True, rel_change=4.328e-04, effective_ranks=(317, 48), class_paired=True
Epoch [10/100] | Loss: 6.3166 (Cls: 6.2792, TAL: 0.1767, Adv: 0.2033, OT-Reg: 0.000731) | OT inner objective: 0.1228 | Marginal residual row/col/max: 1.58e-05/1.45e-08/1.58e-05 | Train Acc: 0.2121 | Val Acc: 0.2667 | Val P/R/F1 (Macro): 0.2227/0.3709/0.2355 | LR: 0.000005
Epoch [11/100] | SVD update #11: pairs=465, sweeps=8, converged=True, rel_change=2.142e-04, effective_ranks=(316, 23), class_paired=True
Epoch [11/100] | Loss: 6.2930 (Cls: 6.3086, TAL: -0.2585, Adv: 0.1924, OT-Reg: 0.000850) | OT inner objective: 0.0331 | Marginal residual row/col/max: 8.51e-07/1.93e-08/8.54e-07 | Train Acc: 0.2790 | Val Acc: 0.1500 | Val P/R/F1 (Macro): 0.0900/0.3442/0.1186 | LR: 0.000005
Epoch [12/100] | SVD update #12: pairs=465, sweeps=10, converged=True, rel_change=6.923e-04, effective_ranks=(316, 31), class_paired=True
Epoch [12/100] | Loss: 6.4293 (Cls: 6.3889, TAL: 0.2093, Adv: 0.1916, OT-Reg: 0.000745) | OT inner objective: 0.0639 | Marginal residual row/col/max: 5.13e-05/1.33e-08/5.13e-05 | Train Acc: 0.2031 | Val Acc: 0.1583 | Val P/R/F1 (Macro): 0.1688/0.2288/0.1616 | LR: 0.000005
Epoch [13/100] | SVD update #13: pairs=465, sweeps=10, converged=True, rel_change=4.024e-04, effective_ranks=(316, 19), class_paired=True
Epoch [13/100] | Loss: 5.9753 (Cls: 5.9682, TAL: -0.0909, Adv: 0.2259, OT-Reg: 0.000780) | OT inner objective: 0.0517 | Marginal residual row/col/max: 8.42e-05/2.85e-08/8.42e-05 | Train Acc: 0.2388 | Val Acc: 0.2833 | Val P/R/F1 (Macro): 0.1931/0.1594/0.1492 | LR: 0.000005
  >>> New Best Val Acc: 0.2833
Epoch [14/100] | SVD update #14: pairs=465, sweeps=10, converged=False, rel_change=1.529e-01, effective_ranks=(316, 35), class_paired=True
Epoch [14/100] | Loss: 7.0880 (Cls: 7.0678, TAL: 0.0488, Adv: 0.1791, OT-Reg: 0.000732) | OT inner objective: 0.1644 | Marginal residual row/col/max: 8.44e-08/1.44e-08/8.79e-08 | Train Acc: 0.1629 | Val Acc: 0.1167 | Val P/R/F1 (Macro): 0.0749/0.1532/0.0671 | LR: 0.000005
Epoch [15/100] | SVD update #15: pairs=465, sweeps=10, converged=False, rel_change=1.343e-01, effective_ranks=(315, 33), class_paired=True
Epoch [15/100] | Loss: 6.5892 (Cls: 6.6011, TAL: -0.1846, Adv: 0.1276, OT-Reg: 0.000751) | OT inner objective: 0.0712 | Marginal residual row/col/max: 3.34e-05/1.57e-08/3.34e-05 | Train Acc: 0.1451 | Val Acc: 0.0417 | Val P/R/F1 (Macro): 0.0676/0.1054/0.0196 | LR: 0.000005
Epoch [16/100] | SVD update #16: pairs=465, sweeps=10, converged=False, rel_change=1.890e-02, effective_ranks=(317, 29), class_paired=True
Epoch [16/100] | Loss: 6.5481 (Cls: 6.5431, TAL: -0.0718, Adv: 0.1696, OT-Reg: 0.000673) | OT inner objective: 0.1393 | Marginal residual row/col/max: 1.50e-07/1.33e-08/1.51e-07 | Train Acc: 0.1964 | Val Acc: 0.1417 | Val P/R/F1 (Macro): 0.3701/0.2920/0.2109 | LR: 0.000005
Epoch [17/100] | SVD update #17: pairs=465, sweeps=10, converged=False, rel_change=2.095e-02, effective_ranks=(317, 22), class_paired=True
Epoch [17/100] | Loss: 6.2088 (Cls: 6.1986, TAL: -0.0261, Adv: 0.1662, OT-Reg: 0.000705) | OT inner objective: 0.0540 | Marginal residual row/col/max: 6.01e-06/1.06e-08/6.01e-06 | Train Acc: 0.1629 | Val Acc: 0.4417 | Val P/R/F1 (Macro): 0.2923/0.4284/0.3124 | LR: 0.000005
  >>> New Best Val Acc: 0.4417
Epoch [18/100] | SVD update #18: pairs=465, sweeps=10, converged=False, rel_change=4.876e-03, effective_ranks=(313, 21), class_paired=True
Epoch [18/100] | Loss: 6.2448 (Cls: 6.2366, TAL: -0.0638, Adv: 0.1971, OT-Reg: 0.000798) | OT inner objective: -0.0760 | Marginal residual row/col/max: 1.64e-04/1.38e-08/1.64e-04 | Train Acc: 0.3036 | Val Acc: 0.2917 | Val P/R/F1 (Macro): 0.2336/0.3675/0.2666 | LR: 0.000005
Epoch [19/100] | SVD update #19: pairs=465, sweeps=10, converged=False, rel_change=1.149e-03, effective_ranks=(311, 17), class_paired=True
Epoch [19/100] | Loss: 6.1747 (Cls: 6.1615, TAL: -0.0029, Adv: 0.1698, OT-Reg: 0.000757) | OT inner objective: 0.0653 | Marginal residual row/col/max: 1.05e-05/1.32e-08/1.05e-05 | Train Acc: 0.2455 | Val Acc: 0.1250 | Val P/R/F1 (Macro): 0.2007/0.2465/0.1212 | LR: 0.000005
Epoch [20/100] | SVD update #20: pairs=465, sweeps=6, converged=True, rel_change=1.454e-04, effective_ranks=(316, 25), class_paired=True
Epoch [20/100] | Loss: 5.6575 (Cls: 5.6717, TAL: -0.1941, Adv: 0.1128, OT-Reg: 0.000773) | OT inner objective: -0.0252 | Marginal residual row/col/max: 6.70e-06/1.09e-08/6.70e-06 | Train Acc: 0.3795 | Val Acc: 0.1917 | Val P/R/F1 (Macro): 0.3385/0.5108/0.3182 | LR: 0.000005
Epoch [21/100] | SVD update #21: pairs=465, sweeps=9, converged=True, rel_change=4.417e-04, effective_ranks=(316, 20), class_paired=True
Epoch [21/100] | Loss: 5.3377 (Cls: 5.3354, TAL: -0.0762, Adv: 0.1428, OT-Reg: 0.000814) | OT inner objective: 0.0295 | Marginal residual row/col/max: 7.93e-05/1.96e-08/7.93e-05 | Train Acc: 0.4665 | Val Acc: 0.2083 | Val P/R/F1 (Macro): 0.4351/0.4689/0.3485 | LR: 0.000005
Epoch [22/100] | SVD update #22: pairs=465, sweeps=5, converged=True, rel_change=6.321e-04, effective_ranks=(317, 25), class_paired=True
Epoch [22/100] | Loss: 4.7864 (Cls: 4.8164, TAL: -0.3279, Adv: 0.1167, OT-Reg: 0.000761) | OT inner objective: -0.0646 | Marginal residual row/col/max: 1.81e-04/1.14e-08/1.81e-04 | Train Acc: 0.5379 | Val Acc: 0.2333 | Val P/R/F1 (Macro): 0.4426/0.5737/0.3835 | LR: 0.000005
Epoch [23/100] | SVD update #23: pairs=465, sweeps=10, converged=False, rel_change=1.516e-01, effective_ranks=(317, 23), class_paired=True
Epoch [23/100] | Loss: 7.5765 (Cls: 7.5742, TAL: -0.0474, Adv: 0.1006, OT-Reg: 0.000746) | OT inner objective: 0.0677 | Marginal residual row/col/max: 1.11e-04/1.78e-08/1.11e-04 | Train Acc: 0.2924 | Val Acc: 0.3417 | Val P/R/F1 (Macro): 0.4965/0.4139/0.2852 | LR: 0.000005
Epoch [24/100] | SVD update #24: pairs=465, sweeps=10, converged=False, rel_change=5.415e-03, effective_ranks=(317, 18), class_paired=True
Epoch [24/100] | Loss: 6.0103 (Cls: 6.0110, TAL: -0.0835, Adv: 0.1169, OT-Reg: 0.000759) | OT inner objective: -0.0506 | Marginal residual row/col/max: 1.79e-04/2.62e-08/1.79e-04 | Train Acc: 0.2946 | Val Acc: 0.2167 | Val P/R/F1 (Macro): 0.3239/0.2366/0.2352 | LR: 0.000005
Epoch [25/100] | SVD update #25: pairs=465, sweeps=7, converged=True, rel_change=8.455e-04, effective_ranks=(315, 20), class_paired=True
Epoch [25/100] | Loss: 6.2744 (Cls: 6.3008, TAL: -0.2923, Adv: 0.1090, OT-Reg: 0.000760) | OT inner objective: -0.0655 | Marginal residual row/col/max: 3.18e-04/2.50e-08/3.18e-04 | Train Acc: 0.3036 | Val Acc: 0.1667 | Val P/R/F1 (Macro): 0.2875/0.4086/0.2412 | LR: 0.000005
Epoch [26/100] | SVD update #26: pairs=465, sweeps=6, converged=True, rel_change=4.015e-04, effective_ranks=(315, 15), class_paired=True
Epoch [26/100] | Loss: 5.6572 (Cls: 5.6779, TAL: -0.2336, Adv: 0.0916, OT-Reg: 0.000709) | OT inner objective: -0.0569 | Marginal residual row/col/max: 6.40e-04/1.96e-08/6.40e-04 | Train Acc: 0.3996 | Val Acc: 0.1583 | Val P/R/F1 (Macro): 0.3459/0.3769/0.2856 | LR: 0.000005
Epoch [27/100] | SVD update #27: pairs=465, sweeps=9, converged=True, rel_change=6.708e-04, effective_ranks=(315, 18), class_paired=True
Epoch [27/100] | Loss: 5.5016 (Cls: 5.5215, TAL: -0.2388, Adv: 0.1087, OT-Reg: 0.000784) | OT inner objective: -0.0240 | Marginal residual row/col/max: 1.05e-04/2.51e-08/1.05e-04 | Train Acc: 0.3415 | Val Acc: 0.2167 | Val P/R/F1 (Macro): 0.4276/0.3515/0.2312 | LR: 0.000005
Epoch [28/100] | SVD update #28: pairs=465, sweeps=5, converged=True, rel_change=9.243e-04, effective_ranks=(317, 21), class_paired=True
Epoch [28/100] | Loss: 5.2983 (Cls: 5.3270, TAL: -0.2946, Adv: 0.0831, OT-Reg: 0.000749) | OT inner objective: -0.1275 | Marginal residual row/col/max: 3.11e-04/1.97e-08/3.11e-04 | Train Acc: 0.3772 | Val Acc: 0.5500 | Val P/R/F1 (Macro): 0.6374/0.5148/0.4757 | LR: 0.000005
  >>> New Best Val Acc: 0.5500
Epoch [29/100] | SVD update #29: pairs=465, sweeps=10, converged=False, rel_change=1.007e-01, effective_ranks=(316, 17), class_paired=True
Epoch [29/100] | Loss: 5.1431 (Cls: 5.1595, TAL: -0.1949, Adv: 0.0867, OT-Reg: 0.000784) | OT inner objective: -0.1227 | Marginal residual row/col/max: 2.23e-04/1.33e-08/2.23e-04 | Train Acc: 0.3638 | Val Acc: 0.3250 | Val P/R/F1 (Macro): 0.2007/0.4583/0.2426 | LR: 0.000005
Epoch [30/100] | SVD update #30: pairs=465, sweeps=5, converged=True, rel_change=1.819e-04, effective_ranks=(317, 18), class_paired=True
Epoch [30/100] | Loss: 4.8808 (Cls: 4.9231, TAL: -0.4219, Adv: 0.1044, OT-Reg: 0.000740) | OT inner objective: -0.1541 | Marginal residual row/col/max: 2.09e-04/1.92e-08/2.09e-04 | Train Acc: 0.4420 | Val Acc: 0.4500 | Val P/R/F1 (Macro): 0.3185/0.4540/0.3311 | LR: 0.000005
Epoch [31/100] | SVD update #31: pairs=465, sweeps=10, converged=False, rel_change=6.865e-03, effective_ranks=(315, 17), class_paired=True
Epoch [31/100] | Loss: 4.8276 (Cls: 4.8453, TAL: -0.2044, Adv: 0.0842, OT-Reg: 0.000711) | OT inner objective: -0.1189 | Marginal residual row/col/max: 1.25e-04/1.14e-08/1.25e-04 | Train Acc: 0.5000 | Val Acc: 0.2833 | Val P/R/F1 (Macro): 0.4021/0.4364/0.3056 | LR: 0.000005
Epoch [32/100] | SVD update #32: pairs=465, sweeps=10, converged=False, rel_change=1.015e-01, effective_ranks=(314, 19), class_paired=True
Epoch [32/100] | Loss: 5.4996 (Cls: 5.5042, TAL: -0.1171, Adv: 0.1179, OT-Reg: 0.000772) | OT inner objective: 0.0046 | Marginal residual row/col/max: 1.14e-05/2.13e-08/1.14e-05 | Train Acc: 0.2924 | Val Acc: 0.4000 | Val P/R/F1 (Macro): 0.3351/0.3931/0.3116 | LR: 0.000005
Epoch [33/100] | SVD update #33: pairs=465, sweeps=8, converged=True, rel_change=2.042e-04, effective_ranks=(316, 21), class_paired=True
Epoch [33/100] | Loss: 5.1315 (Cls: 5.1632, TAL: -0.3226, Adv: 0.0876, OT-Reg: 0.000770) | OT inner objective: -0.0928 | Marginal residual row/col/max: 9.02e-05/1.14e-08/9.02e-05 | Train Acc: 0.3929 | Val Acc: 0.2083 | Val P/R/F1 (Macro): 0.2810/0.3512/0.2631 | LR: 0.000005
Epoch [34/100] | SVD update #34: pairs=465, sweeps=8, converged=True, rel_change=5.750e-04, effective_ranks=(317, 22), class_paired=True
Epoch [34/100] | Loss: 5.2439 (Cls: 5.2434, TAL: -0.0488, Adv: 0.0789, OT-Reg: 0.000725) | OT inner objective: -0.0175 | Marginal residual row/col/max: 8.41e-05/1.20e-08/8.41e-05 | Train Acc: 0.3616 | Val Acc: 0.1250 | Val P/R/F1 (Macro): 0.2857/0.3254/0.2046 | LR: 0.000005
Epoch [35/100] | SVD update #35: pairs=465, sweeps=5, converged=True, rel_change=3.423e-04, effective_ranks=(315, 19), class_paired=True
Epoch [35/100] | Loss: 4.8792 (Cls: 4.8926, TAL: -0.1703, Adv: 0.0882, OT-Reg: 0.000771) | OT inner objective: -0.0833 | Marginal residual row/col/max: 2.14e-04/1.28e-08/2.14e-04 | Train Acc: 0.4509 | Val Acc: 0.1583 | Val P/R/F1 (Macro): 0.2896/0.4130/0.2169 | LR: 0.000005
Epoch [36/100] | SVD update #36: pairs=465, sweeps=10, converged=True, rel_change=7.933e-04, effective_ranks=(317, 23), class_paired=True
Epoch [36/100] | Loss: 4.6406 (Cls: 4.6525, TAL: -0.1560, Adv: 0.0849, OT-Reg: 0.000743) | OT inner objective: -0.1671 | Marginal residual row/col/max: 2.76e-04/1.06e-08/2.76e-04 | Train Acc: 0.4933 | Val Acc: 0.1250 | Val P/R/F1 (Macro): 0.2073/0.3629/0.2277 | LR: 0.000005
Epoch [37/100] | SVD update #37: pairs=465, sweeps=10, converged=False, rel_change=1.007e-01, effective_ranks=(317, 25), class_paired=True
Epoch [37/100] | Loss: 5.7706 (Cls: 5.7730, TAL: -0.0735, Adv: 0.0797, OT-Reg: 0.000605) | OT inner objective: 0.1040 | Marginal residual row/col/max: 3.19e-05/1.20e-08/3.19e-05 | Train Acc: 0.2344 | Val Acc: 0.1583 | Val P/R/F1 (Macro): 0.1415/0.2441/0.1304 | LR: 0.000005
Epoch [38/100] | SVD update #38: pairs=465, sweeps=8, converged=True, rel_change=6.601e-04, effective_ranks=(317, 25), class_paired=True
Epoch [38/100] | Loss: 5.2501 (Cls: 5.2552, TAL: -0.1255, Adv: 0.1243, OT-Reg: 0.000719) | OT inner objective: -0.1139 | Marginal residual row/col/max: 2.22e-04/1.17e-08/2.22e-04 | Train Acc: 0.3951 | Val Acc: 0.1417 | Val P/R/F1 (Macro): 0.2867/0.3273/0.1932 | LR: 0.000005
Epoch [39/100] | SVD update #39: pairs=465, sweeps=5, converged=True, rel_change=3.609e-04, effective_ranks=(317, 23), class_paired=True
Epoch [39/100] | Loss: 4.8804 (Cls: 4.8974, TAL: -0.2052, Adv: 0.0948, OT-Reg: 0.000670) | OT inner objective: -0.0472 | Marginal residual row/col/max: 3.51e-04/1.58e-08/3.51e-04 | Train Acc: 0.4308 | Val Acc: 0.1333 | Val P/R/F1 (Macro): 0.2728/0.3494/0.2307 | LR: 0.000003
Epoch [40/100] | SVD update #40: pairs=465, sweeps=5, converged=True, rel_change=2.933e-04, effective_ranks=(317, 22), class_paired=True
Epoch [40/100] | Loss: 4.4860 (Cls: 4.5012, TAL: -0.2026, Adv: 0.1144, OT-Reg: 0.000724) | OT inner objective: -0.0404 | Marginal residual row/col/max: 1.10e-04/1.09e-08/1.10e-04 | Train Acc: 0.4196 | Val Acc: 0.1000 | Val P/R/F1 (Macro): 0.0952/0.3495/0.1277 | LR: 0.000003
Epoch [41/100] | SVD update #41: pairs=465, sweeps=10, converged=False, rel_change=2.160e-03, effective_ranks=(317, 24), class_paired=True
Epoch [41/100] | Loss: 4.4395 (Cls: 4.4678, TAL: -0.3019, Adv: 0.0995, OT-Reg: 0.000719) | OT inner objective: -0.1437 | Marginal residual row/col/max: 1.90e-04/1.70e-08/1.90e-04 | Train Acc: 0.4888 | Val Acc: 0.4833 | Val P/R/F1 (Macro): 0.3867/0.5400/0.4005 | LR: 0.000003
Epoch [42/100] | SVD update #42: pairs=465, sweeps=8, converged=True, rel_change=7.660e-04, effective_ranks=(314, 21), class_paired=True
Epoch [42/100] | Loss: 4.3920 (Cls: 4.4352, TAL: -0.4037, Adv: 0.0664, OT-Reg: 0.000837) | OT inner objective: -0.1361 | Marginal residual row/col/max: 1.32e-04/1.42e-08/1.32e-04 | Train Acc: 0.5268 | Val Acc: 0.2917 | Val P/R/F1 (Macro): 0.3678/0.4459/0.3203 | LR: 0.000003
Epoch [43/100] | SVD update #43: pairs=465, sweeps=10, converged=True, rel_change=5.715e-04, effective_ranks=(312, 22), class_paired=True
Epoch [43/100] | Loss: 4.0639 (Cls: 4.1059, TAL: -0.4014, Adv: 0.0774, OT-Reg: 0.000767) | OT inner objective: -0.2405 | Marginal residual row/col/max: 3.43e-04/1.57e-08/3.43e-04 | Train Acc: 0.5871 | Val Acc: 0.4250 | Val P/R/F1 (Macro): 0.3036/0.4850/0.3507 | LR: 0.000003
Epoch [44/100] | SVD update #44: pairs=465, sweeps=10, converged=False, rel_change=1.529e-03, effective_ranks=(315, 21), class_paired=True
Epoch [44/100] | Loss: 3.8596 (Cls: 3.8897, TAL: -0.2910, Adv: 0.0595, OT-Reg: 0.000769) | OT inner objective: -0.1600 | Marginal residual row/col/max: 1.79e-04/1.60e-08/1.79e-04 | Train Acc: 0.6027 | Val Acc: 0.4167 | Val P/R/F1 (Macro): 0.3861/0.5450/0.3942 | LR: 0.000003
Epoch [45/100] | SVD update #45: pairs=465, sweeps=8, converged=True, rel_change=5.722e-04, effective_ranks=(316, 23), class_paired=True
Epoch [45/100] | Loss: 4.0894 (Cls: 4.1113, TAL: -0.2352, Adv: 0.0790, OT-Reg: 0.000764) | OT inner objective: -0.1113 | Marginal residual row/col/max: 1.89e-04/1.76e-08/1.89e-04 | Train Acc: 0.5603 | Val Acc: 0.3583 | Val P/R/F1 (Macro): 0.4561/0.4684/0.3710 | LR: 0.000003
Epoch [46/100] | SVD update #46: pairs=465, sweeps=10, converged=False, rel_change=1.985e-02, effective_ranks=(312, 23), class_paired=True
Epoch [46/100] | Loss: 4.1227 (Cls: 4.1490, TAL: -0.2736, Adv: 0.0815, OT-Reg: 0.000680) | OT inner objective: -0.1004 | Marginal residual row/col/max: 1.95e-04/1.98e-08/1.95e-04 | Train Acc: 0.4955 | Val Acc: 0.3417 | Val P/R/F1 (Macro): 0.4004/0.5567/0.4319 | LR: 0.000003
Epoch [47/100] | SVD update #47: pairs=465, sweeps=8, converged=True, rel_change=4.351e-04, effective_ranks=(316, 25), class_paired=True
Epoch [47/100] | Loss: 4.1956 (Cls: 4.2226, TAL: -0.2814, Adv: 0.0854, OT-Reg: 0.000795) | OT inner objective: -0.1537 | Marginal residual row/col/max: 1.69e-04/1.21e-08/1.69e-04 | Train Acc: 0.5067 | Val Acc: 0.1583 | Val P/R/F1 (Macro): 0.1503/0.3877/0.1741 | LR: 0.000003
Epoch [48/100] | SVD update #48: pairs=465, sweeps=10, converged=False, rel_change=1.203e-01, effective_ranks=(316, 22), class_paired=True
Epoch [48/100] | Loss: 3.6973 (Cls: 3.7378, TAL: -0.3992, Adv: 0.0927, OT-Reg: 0.000773) | OT inner objective: -0.2002 | Marginal residual row/col/max: 2.11e-04/1.36e-08/2.11e-04 | Train Acc: 0.6629 | Val Acc: 0.4000 | Val P/R/F1 (Macro): 0.5170/0.6495/0.4526 | LR: 0.000003
Epoch [49/100] | SVD update #49: pairs=465, sweeps=9, converged=True, rel_change=8.474e-04, effective_ranks=(316, 24), class_paired=True
Epoch [49/100] | Loss: 4.9304 (Cls: 4.9417, TAL: -0.1627, Adv: 0.1024, OT-Reg: 0.000738) | OT inner objective: -0.0444 | Marginal residual row/col/max: 4.87e-05/1.34e-08/4.87e-05 | Train Acc: 0.4598 | Val Acc: 0.2417 | Val P/R/F1 (Macro): 0.3529/0.3802/0.2632 | LR: 0.000003
Epoch [50/100] | SVD update #50: pairs=465, sweeps=10, converged=False, rel_change=1.362e-01, effective_ranks=(317, 22), class_paired=True
Epoch [50/100] | Loss: 5.1143 (Cls: 5.1267, TAL: -0.1736, Adv: 0.1054, OT-Reg: 0.000709) | OT inner objective: -0.0436 | Marginal residual row/col/max: 4.66e-05/1.32e-08/4.66e-05 | Train Acc: 0.3795 | Val Acc: 0.3250 | Val P/R/F1 (Macro): 0.3797/0.3460/0.3063 | LR: 0.000001
Epoch [51/100] | SVD update #51: pairs=465, sweeps=6, converged=True, rel_change=4.689e-04, effective_ranks=(315, 26), class_paired=True
Epoch [51/100] | Loss: 3.9123 (Cls: 3.9425, TAL: -0.3284, Adv: 0.1148, OT-Reg: 0.000684) | OT inner objective: -0.1459 | Marginal residual row/col/max: 2.28e-04/1.01e-08/2.28e-04 | Train Acc: 0.5603 | Val Acc: 0.4417 | Val P/R/F1 (Macro): 0.4237/0.5178/0.4044 | LR: 0.000001
Epoch [52/100] | SVD update #52: pairs=465, sweeps=6, converged=True, rel_change=2.935e-04, effective_ranks=(316, 21), class_paired=True
Epoch [52/100] | Loss: 4.2325 (Cls: 4.2664, TAL: -0.3687, Adv: 0.1296, OT-Reg: 0.000752) | OT inner objective: -0.0697 | Marginal residual row/col/max: 2.62e-04/1.64e-08/2.62e-04 | Train Acc: 0.5960 | Val Acc: 0.2333 | Val P/R/F1 (Macro): 0.3929/0.3552/0.2818 | LR: 0.000001
Epoch [53/100] | SVD update #53: pairs=465, sweeps=9, converged=True, rel_change=7.279e-04, effective_ranks=(317, 24), class_paired=True
Epoch [53/100] | Loss: 4.8311 (Cls: 4.8350, TAL: -0.1166, Adv: 0.1254, OT-Reg: 0.000649) | OT inner objective: -0.0173 | Marginal residual row/col/max: 1.08e-04/1.02e-08/1.08e-04 | Train Acc: 0.4129 | Val Acc: 0.1167 | Val P/R/F1 (Macro): 0.1256/0.3182/0.1720 | LR: 0.000001
Epoch [54/100] | SVD update #54: pairs=465, sweeps=10, converged=False, rel_change=5.262e-01, effective_ranks=(317, 29), class_paired=True
Epoch [54/100] | Loss: 4.7199 (Cls: 4.7139, TAL: -0.0381, Adv: 0.1312, OT-Reg: 0.000759) | OT inner objective: -0.0084 | Marginal residual row/col/max: 5.70e-07/1.40e-08/5.70e-07 | Train Acc: 0.3527 | Val Acc: 0.2000 | Val P/R/F1 (Macro): 0.2453/0.4053/0.2540 | LR: 0.000001
Epoch [55/100] | SVD update #55: pairs=465, sweeps=10, converged=False, rel_change=3.821e-03, effective_ranks=(317, 25), class_paired=True
Epoch [55/100] | Loss: 4.5223 (Cls: 4.5345, TAL: -0.2251, Adv: 0.1848, OT-Reg: 0.000819) | OT inner objective: -0.1440 | Marginal residual row/col/max: 7.46e-05/1.04e-08/7.46e-05 | Train Acc: 0.5446 | Val Acc: 0.3333 | Val P/R/F1 (Macro): 0.3427/0.4342/0.3294 | LR: 0.000001
Epoch [56/100] | SVD update #56: pairs=465, sweeps=10, converged=False, rel_change=5.412e-03, effective_ranks=(315, 21), class_paired=True
Epoch [56/100] | Loss: 3.9348 (Cls: 3.9486, TAL: -0.2411, Adv: 0.1894, OT-Reg: 0.000765) | OT inner objective: -0.0747 | Marginal residual row/col/max: 1.80e-04/1.76e-08/1.80e-04 | Train Acc: 0.5469 | Val Acc: 0.2000 | Val P/R/F1 (Macro): 0.4010/0.3287/0.2226 | LR: 0.000001
Epoch [57/100] | SVD update #57: pairs=465, sweeps=7, converged=True, rel_change=8.222e-04, effective_ranks=(317, 27), class_paired=True
Epoch [57/100] | Loss: 3.7544 (Cls: 3.7782, TAL: -0.3126, Adv: 0.1712, OT-Reg: 0.000711) | OT inner objective: -0.1460 | Marginal residual row/col/max: 1.03e-04/1.36e-08/1.03e-04 | Train Acc: 0.6116 | Val Acc: 0.4167 | Val P/R/F1 (Macro): 0.3586/0.4927/0.3890 | LR: 0.000001
Epoch [58/100] | SVD update #58: pairs=465, sweeps=5, converged=True, rel_change=8.389e-04, effective_ranks=(317, 27), class_paired=True
Epoch [58/100] | Loss: 3.6075 (Cls: 3.6464, TAL: -0.4318, Adv: 0.1618, OT-Reg: 0.000776) | OT inner objective: -0.1893 | Marginal residual row/col/max: 1.73e-04/1.34e-08/1.73e-04 | Train Acc: 0.6317 | Val Acc: 0.3833 | Val P/R/F1 (Macro): 0.4070/0.4834/0.3686 | LR: 0.000001
Epoch [59/100] | SVD update #59: pairs=465, sweeps=4, converged=True, rel_change=3.118e-04, effective_ranks=(316, 23), class_paired=True
Epoch [59/100] | Loss: 3.8380 (Cls: 3.8671, TAL: -0.3469, Adv: 0.1565, OT-Reg: 0.000713) | OT inner objective: -0.1926 | Marginal residual row/col/max: 2.94e-04/1.10e-08/2.94e-04 | Train Acc: 0.6138 | Val Acc: 0.5333 | Val P/R/F1 (Macro): 0.4864/0.5712/0.4854 | LR: 0.000001
Epoch [60/100] | SVD update #60: pairs=465, sweeps=7, converged=True, rel_change=6.912e-04, effective_ranks=(315, 24), class_paired=True
Epoch [60/100] | Loss: 3.5874 (Cls: 3.6185, TAL: -0.3975, Adv: 0.2062, OT-Reg: 0.000730) | OT inner objective: -0.2031 | Marginal residual row/col/max: 1.19e-04/1.17e-08/1.19e-04 | Train Acc: 0.6629 | Val Acc: 0.2833 | Val P/R/F1 (Macro): 0.4381/0.4411/0.3375 | LR: 0.000001
Epoch [61/100] | SVD update #61: pairs=465, sweeps=6, converged=True, rel_change=3.823e-04, effective_ranks=(317, 26), class_paired=True
Epoch [61/100] | Loss: 3.7493 (Cls: 3.7725, TAL: -0.3140, Adv: 0.1808, OT-Reg: 0.000716) | OT inner objective: -0.2466 | Marginal residual row/col/max: 4.35e-04/1.10e-08/4.35e-04 | Train Acc: 0.6473 | Val Acc: 0.3250 | Val P/R/F1 (Macro): 0.3130/0.4539/0.3377 | LR: 0.000001
Epoch [62/100] | SVD update #62: pairs=465, sweeps=8, converged=True, rel_change=2.688e-04, effective_ranks=(313, 22), class_paired=True
Epoch [62/100] | Loss: 3.9487 (Cls: 3.9691, TAL: -0.3338, Adv: 0.2452, OT-Reg: 0.000654) | OT inner objective: -0.1149 | Marginal residual row/col/max: 4.58e-04/1.49e-08/4.58e-04 | Train Acc: 0.6830 | Val Acc: 0.2833 | Val P/R/F1 (Macro): 0.4489/0.5165/0.3453 | LR: 0.000001
Epoch [63/100] | SVD update #63: pairs=465, sweeps=8, converged=True, rel_change=7.363e-04, effective_ranks=(316, 25), class_paired=True
Epoch [63/100] | Loss: 3.3937 (Cls: 3.4233, TAL: -0.3748, Adv: 0.1919, OT-Reg: 0.000750) | OT inner objective: -0.1880 | Marginal residual row/col/max: 1.73e-04/1.14e-08/1.73e-04 | Train Acc: 0.7411 | Val Acc: 0.3083 | Val P/R/F1 (Macro): 0.3316/0.5052/0.3500 | LR: 0.000001
Epoch [64/100] | SVD update #64: pairs=465, sweeps=6, converged=True, rel_change=4.620e-04, effective_ranks=(314, 24), class_paired=True
Epoch [64/100] | Loss: 3.3699 (Cls: 3.3976, TAL: -0.3893, Adv: 0.2390, OT-Reg: 0.000789) | OT inner objective: -0.1415 | Marginal residual row/col/max: 7.64e-05/1.10e-08/7.64e-05 | Train Acc: 0.7545 | Val Acc: 0.3333 | Val P/R/F1 (Macro): 0.4067/0.4576/0.3552 | LR: 0.000001
Epoch [65/100] | SVD update #65: pairs=465, sweeps=5, converged=True, rel_change=9.170e-04, effective_ranks=(315, 26), class_paired=True
Epoch [65/100] | Loss: 3.3069 (Cls: 3.3369, TAL: -0.4269, Adv: 0.2658, OT-Reg: 0.000731) | OT inner objective: -0.2035 | Marginal residual row/col/max: 4.56e-04/1.17e-08/4.56e-04 | Train Acc: 0.7545 | Val Acc: 0.4250 | Val P/R/F1 (Macro): 0.5102/0.5824/0.4323 | LR: 0.000001
Epoch [66/100] | SVD update #66: pairs=465, sweeps=5, converged=True, rel_change=8.237e-04, effective_ranks=(315, 25), class_paired=True
Epoch [66/100] | Loss: 3.4061 (Cls: 3.4356, TAL: -0.4365, Adv: 0.2866, OT-Reg: 0.000709) | OT inner objective: -0.2484 | Marginal residual row/col/max: 3.81e-04/1.21e-08/3.81e-04 | Train Acc: 0.7545 | Val Acc: 0.2667 | Val P/R/F1 (Macro): 0.4655/0.5163/0.3457 | LR: 0.000001
Epoch [67/100] | SVD update #67: pairs=465, sweeps=6, converged=True, rel_change=9.715e-04, effective_ranks=(314, 26), class_paired=True
Epoch [67/100] | Loss: 3.5654 (Cls: 3.5691, TAL: -0.2154, Adv: 0.2766, OT-Reg: 0.000793) | OT inner objective: -0.1457 | Marginal residual row/col/max: 1.92e-04/1.52e-08/1.92e-04 | Train Acc: 0.6049 | Val Acc: 0.2583 | Val P/R/F1 (Macro): 0.4482/0.5429/0.3309 | LR: 0.000001
Epoch [68/100] | SVD update #68: pairs=465, sweeps=10, converged=False, rel_change=3.169e-03, effective_ranks=(316, 25), class_paired=True
Epoch [68/100] | Loss: 3.8346 (Cls: 3.8438, TAL: -0.3159, Adv: 0.3593, OT-Reg: 0.000669) | OT inner objective: -0.0409 | Marginal residual row/col/max: 7.05e-05/1.14e-08/7.05e-05 | Train Acc: 0.6138 | Val Acc: 0.4250 | Val P/R/F1 (Macro): 0.6048/0.6512/0.4984 | LR: 0.000001
Epoch [69/100] | SVD update #69: pairs=465, sweeps=6, converged=True, rel_change=4.502e-04, effective_ranks=(315, 27), class_paired=True
Epoch [69/100] | Loss: 3.4789 (Cls: 3.5048, TAL: -0.3998, Adv: 0.2758, OT-Reg: 0.000748) | OT inner objective: -0.1614 | Marginal residual row/col/max: 1.36e-04/1.20e-08/1.36e-04 | Train Acc: 0.7210 | Val Acc: 0.3833 | Val P/R/F1 (Macro): 0.4544/0.5725/0.4352 | LR: 0.000001
Epoch [70/100] | SVD update #70: pairs=465, sweeps=6, converged=True, rel_change=5.763e-04, effective_ranks=(313, 28), class_paired=True
Epoch [70/100] | Loss: 3.2716 (Cls: 3.2950, TAL: -0.4657, Adv: 0.4061, OT-Reg: 0.000750) | OT inner objective: -0.2297 | Marginal residual row/col/max: 1.56e-04/1.17e-08/1.56e-04 | Train Acc: 0.7254 | Val Acc: 0.3250 | Val P/R/F1 (Macro): 0.5591/0.4752/0.3723 | LR: 0.000001
Epoch [71/100] | SVD update #71: pairs=465, sweeps=8, converged=True, rel_change=5.288e-04, effective_ranks=(316, 27), class_paired=True
Epoch [71/100] | Loss: 3.3049 (Cls: 3.3284, TAL: -0.4104, Adv: 0.3218, OT-Reg: 0.000746) | OT inner objective: -0.1413 | Marginal residual row/col/max: 1.28e-04/1.21e-08/1.28e-04 | Train Acc: 0.7299 | Val Acc: 0.4083 | Val P/R/F1 (Macro): 0.6152/0.5936/0.4454 | LR: 0.000001
Epoch [72/100] | SVD update #72: pairs=465, sweeps=7, converged=True, rel_change=8.624e-04, effective_ranks=(316, 31), class_paired=True
Epoch [72/100] | Loss: 3.3952 (Cls: 3.4144, TAL: -0.3678, Adv: 0.3117, OT-Reg: 0.000766) | OT inner objective: -0.2088 | Marginal residual row/col/max: 9.39e-05/1.01e-08/9.39e-05 | Train Acc: 0.6897 | Val Acc: 0.3917 | Val P/R/F1 (Macro): 0.6338/0.5699/0.4353 | LR: 0.000001
Epoch [73/100] | SVD update #73: pairs=465, sweeps=3, converged=True, rel_change=9.380e-04, effective_ranks=(312, 27), class_paired=True
Epoch [73/100] | Loss: 3.0920 (Cls: 3.1283, TAL: -0.5115, Adv: 0.3139, OT-Reg: 0.000787) | OT inner objective: -0.2191 | Marginal residual row/col/max: 1.11e-04/1.10e-08/1.11e-04 | Train Acc: 0.7478 | Val Acc: 0.3500 | Val P/R/F1 (Macro): 0.5841/0.5984/0.4012 | LR: 0.000001
Epoch [74/100] | SVD update #74: pairs=465, sweeps=7, converged=True, rel_change=2.378e-04, effective_ranks=(316, 26), class_paired=True
Epoch [74/100] | Loss: 3.3764 (Cls: 3.3924, TAL: -0.3656, Adv: 0.3490, OT-Reg: 0.000729) | OT inner objective: -0.1920 | Marginal residual row/col/max: 2.63e-04/1.29e-08/2.63e-04 | Train Acc: 0.7790 | Val Acc: 0.3750 | Val P/R/F1 (Macro): 0.6476/0.6117/0.4406 | LR: 0.000001
Epoch [75/100] | SVD update #75: pairs=465, sweeps=5, converged=True, rel_change=2.458e-04, effective_ranks=(316, 26), class_paired=True
Epoch [75/100] | Loss: 3.4232 (Cls: 3.4477, TAL: -0.4295, Adv: 0.3385, OT-Reg: 0.000689) | OT inner objective: -0.2119 | Marginal residual row/col/max: 2.05e-04/1.48e-08/2.05e-04 | Train Acc: 0.7076 | Val Acc: 0.2667 | Val P/R/F1 (Macro): 0.3500/0.4613/0.3135 | LR: 0.000001
Epoch [76/100] | SVD update #76: pairs=465, sweeps=4, converged=True, rel_change=2.547e-04, effective_ranks=(316, 26), class_paired=True
Epoch [76/100] | Loss: 3.2501 (Cls: 3.2801, TAL: -0.4473, Adv: 0.2961, OT-Reg: 0.000754) | OT inner objective: -0.1968 | Marginal residual row/col/max: 1.46e-04/1.34e-08/1.46e-04 | Train Acc: 0.7723 | Val Acc: 0.3917 | Val P/R/F1 (Macro): 0.6617/0.6178/0.4537 | LR: 0.000001
Epoch [77/100] | SVD update #77: pairs=465, sweeps=5, converged=True, rel_change=4.212e-04, effective_ranks=(316, 28), class_paired=True
Epoch [77/100] | Loss: 3.2105 (Cls: 3.2493, TAL: -0.5222, Adv: 0.2983, OT-Reg: 0.000689) | OT inner objective: -0.2341 | Marginal residual row/col/max: 4.13e-04/1.29e-08/4.13e-04 | Train Acc: 0.7455 | Val Acc: 0.2750 | Val P/R/F1 (Macro): 0.5619/0.5692/0.3693 | LR: 0.000001
Epoch [78/100] | SVD update #78: pairs=465, sweeps=6, converged=True, rel_change=9.291e-04, effective_ranks=(315, 26), class_paired=True
Epoch [78/100] | Loss: 3.4207 (Cls: 3.4490, TAL: -0.4345, Adv: 0.2978, OT-Reg: 0.000704) | OT inner objective: -0.2361 | Marginal residual row/col/max: 3.07e-04/1.17e-08/3.07e-04 | Train Acc: 0.7478 | Val Acc: 0.4500 | Val P/R/F1 (Macro): 0.6643/0.6444/0.4712 | LR: 0.000001
Epoch [79/100] | SVD update #79: pairs=465, sweeps=10, converged=False, rel_change=3.556e-02, effective_ranks=(316, 29), class_paired=True
Epoch [79/100] | Loss: 3.7487 (Cls: 3.7637, TAL: -0.3503, Adv: 0.3382, OT-Reg: 0.000704) | OT inner objective: -0.1551 | Marginal residual row/col/max: 9.20e-05/1.24e-08/9.20e-05 | Train Acc: 0.7545 | Val Acc: 0.3583 | Val P/R/F1 (Macro): 0.6222/0.5465/0.4048 | LR: 0.000001
Epoch [80/100] | SVD update #80: pairs=465, sweeps=5, converged=True, rel_change=6.836e-04, effective_ranks=(312, 26), class_paired=True
Epoch [80/100] | Loss: 3.0030 (Cls: 3.0387, TAL: -0.5483, Adv: 0.3763, OT-Reg: 0.000782) | OT inner objective: -0.2563 | Marginal residual row/col/max: 1.23e-04/1.14e-08/1.23e-04 | Train Acc: 0.7902 | Val Acc: 0.4417 | Val P/R/F1 (Macro): 0.6212/0.6444/0.5002 | LR: 0.000001
Epoch [81/100] | SVD update #81: pairs=465, sweeps=5, converged=True, rel_change=4.554e-04, effective_ranks=(315, 26), class_paired=True
Epoch [81/100] | Loss: 3.0045 (Cls: 3.0380, TAL: -0.4614, Adv: 0.2726, OT-Reg: 0.000729) | OT inner objective: -0.2242 | Marginal residual row/col/max: 3.33e-04/1.70e-08/3.33e-04 | Train Acc: 0.8013 | Val Acc: 0.3750 | Val P/R/F1 (Macro): 0.5026/0.5999/0.4055 | LR: 0.000001
Epoch [82/100] | SVD update #82: pairs=465, sweeps=5, converged=True, rel_change=6.697e-04, effective_ranks=(314, 25), class_paired=True
Epoch [82/100] | Loss: 3.2643 (Cls: 3.2969, TAL: -0.4262, Adv: 0.2316, OT-Reg: 0.000678) | OT inner objective: -0.2013 | Marginal residual row/col/max: 2.06e-04/9.85e-09/2.06e-04 | Train Acc: 0.7589 | Val Acc: 0.3500 | Val P/R/F1 (Macro): 0.4734/0.5615/0.4007 | LR: 0.000001
Epoch [83/100] | SVD update #83: pairs=465, sweeps=5, converged=True, rel_change=2.215e-04, effective_ranks=(317, 29), class_paired=True
Epoch [83/100] | Loss: 3.2153 (Cls: 3.2559, TAL: -0.4835, Adv: 0.2172, OT-Reg: 0.000732) | OT inner objective: -0.2537 | Marginal residual row/col/max: 4.15e-04/1.09e-08/4.15e-04 | Train Acc: 0.7656 | Val Acc: 0.4000 | Val P/R/F1 (Macro): 0.6713/0.5875/0.4513 | LR: 0.000001
Epoch [84/100] | SVD update #84: pairs=465, sweeps=5, converged=True, rel_change=3.128e-04, effective_ranks=(317, 29), class_paired=True
Epoch [84/100] | Loss: 3.0205 (Cls: 3.0550, TAL: -0.5012, Adv: 0.3195, OT-Reg: 0.000723) | OT inner objective: -0.2660 | Marginal residual row/col/max: 4.12e-04/1.13e-08/4.12e-04 | Train Acc: 0.7902 | Val Acc: 0.4333 | Val P/R/F1 (Macro): 0.6472/0.6508/0.5081 | LR: 0.000001
Epoch [85/100] | SVD update #85: pairs=465, sweeps=4, converged=True, rel_change=2.721e-04, effective_ranks=(316, 30), class_paired=True
Epoch [85/100] | Loss: 3.0327 (Cls: 3.0792, TAL: -0.5558, Adv: 0.2528, OT-Reg: 0.000749) | OT inner objective: -0.2550 | Marginal residual row/col/max: 1.50e-04/1.14e-08/1.50e-04 | Train Acc: 0.7812 | Val Acc: 0.3750 | Val P/R/F1 (Macro): 0.5976/0.6146/0.4210 | LR: 0.000001
Epoch [86/100] | SVD update #86: pairs=465, sweeps=5, converged=True, rel_change=8.863e-05, effective_ranks=(315, 28), class_paired=True
Epoch [86/100] | Loss: 3.0902 (Cls: 3.1170, TAL: -0.4604, Adv: 0.3551, OT-Reg: 0.000742) | OT inner objective: -0.2435 | Marginal residual row/col/max: 1.86e-04/1.22e-08/1.86e-04 | Train Acc: 0.7634 | Val Acc: 0.4417 | Val P/R/F1 (Macro): 0.6471/0.6573/0.4960 | LR: 0.000001
Epoch [87/100] | SVD update #87: pairs=465, sweeps=5, converged=True, rel_change=4.965e-04, effective_ranks=(315, 27), class_paired=True
Epoch [87/100] | Loss: 3.3538 (Cls: 3.3931, TAL: -0.5545, Adv: 0.3402, OT-Reg: 0.000751) | OT inner objective: -0.2660 | Marginal residual row/col/max: 2.19e-04/1.18e-08/2.19e-04 | Train Acc: 0.7455 | Val Acc: 0.3750 | Val P/R/F1 (Macro): 0.5926/0.5662/0.4185 | LR: 0.000001
Epoch [88/100] | SVD update #88: pairs=465, sweeps=3, converged=True, rel_change=7.793e-04, effective_ranks=(314, 28), class_paired=True
Epoch [88/100] | Loss: 3.2244 (Cls: 3.2476, TAL: -0.3937, Adv: 0.3007, OT-Reg: 0.000760) | OT inner objective: -0.1650 | Marginal residual row/col/max: 1.42e-04/1.21e-08/1.42e-04 | Train Acc: 0.7366 | Val Acc: 0.4000 | Val P/R/F1 (Macro): 0.5812/0.6083/0.4501 | LR: 0.000001
Epoch [89/100] | SVD update #89: pairs=465, sweeps=6, converged=True, rel_change=3.481e-04, effective_ranks=(313, 26), class_paired=True
Epoch [89/100] | Loss: 3.0428 (Cls: 3.0648, TAL: -0.4306, Adv: 0.3699, OT-Reg: 0.000769) | OT inner objective: -0.2481 | Marginal residual row/col/max: 5.95e-05/1.26e-08/5.95e-05 | Train Acc: 0.7879 | Val Acc: 0.3167 | Val P/R/F1 (Macro): 0.6163/0.5885/0.4294 | LR: 0.000001
Epoch [90/100] | SVD update #90: pairs=465, sweeps=6, converged=True, rel_change=2.764e-04, effective_ranks=(316, 27), class_paired=True
Epoch [90/100] | Loss: 2.9840 (Cls: 3.0212, TAL: -0.5121, Adv: 0.3036, OT-Reg: 0.000736) | OT inner objective: -0.2297 | Marginal residual row/col/max: 8.63e-05/1.12e-08/8.63e-05 | Train Acc: 0.7946 | Val Acc: 0.2250 | Val P/R/F1 (Macro): 0.5455/0.5194/0.3362 | LR: 0.000001
Epoch [91/100] | SVD update #91: pairs=465, sweeps=4, converged=True, rel_change=8.517e-04, effective_ranks=(316, 29), class_paired=True
Epoch [91/100] | Loss: 3.2074 (Cls: 3.2373, TAL: -0.4849, Adv: 0.3541, OT-Reg: 0.000700) | OT inner objective: -0.2480 | Marginal residual row/col/max: 9.63e-05/1.12e-08/9.63e-05 | Train Acc: 0.7835 | Val Acc: 0.3333 | Val P/R/F1 (Macro): 0.5294/0.5186/0.3912 | LR: 0.000001
Epoch [92/100] | SVD update #92: pairs=465, sweeps=4, converged=True, rel_change=9.376e-04, effective_ranks=(315, 29), class_paired=True
Epoch [92/100] | Loss: 2.9778 (Cls: 3.0072, TAL: -0.5315, Adv: 0.4303, OT-Reg: 0.000701) | OT inner objective: -0.2334 | Marginal residual row/col/max: 4.49e-04/1.17e-08/4.49e-04 | Train Acc: 0.7567 | Val Acc: 0.4083 | Val P/R/F1 (Macro): 0.5467/0.6250/0.4614 | LR: 0.000001
Epoch [93/100] | SVD update #93: pairs=465, sweeps=5, converged=True, rel_change=3.095e-04, effective_ranks=(314, 28), class_paired=True
Epoch [93/100] | Loss: 3.2063 (Cls: 3.2414, TAL: -0.5013, Adv: 0.3136, OT-Reg: 0.000748) | OT inner objective: -0.2313 | Marginal residual row/col/max: 9.44e-05/1.22e-08/9.44e-05 | Train Acc: 0.7567 | Val Acc: 0.2917 | Val P/R/F1 (Macro): 0.5232/0.5355/0.3806 | LR: 0.000001
Epoch [94/100] | SVD update #94: pairs=465, sweeps=5, converged=True, rel_change=7.519e-04, effective_ranks=(316, 31), class_paired=True
Epoch [94/100] | Loss: 3.1076 (Cls: 3.1349, TAL: -0.4461, Adv: 0.3278, OT-Reg: 0.000768) | OT inner objective: -0.2237 | Marginal residual row/col/max: 1.54e-04/1.13e-08/1.54e-04 | Train Acc: 0.7924 | Val Acc: 0.3833 | Val P/R/F1 (Macro): 0.5652/0.5623/0.4326 | LR: 0.000001
Epoch [95/100] | SVD update #95: pairs=465, sweeps=6, converged=True, rel_change=4.357e-04, effective_ranks=(316, 31), class_paired=True
Epoch [95/100] | Loss: 3.0383 (Cls: 3.0702, TAL: -0.4800, Adv: 0.3207, OT-Reg: 0.000669) | OT inner objective: -0.2524 | Marginal residual row/col/max: 5.16e-04/1.33e-08/5.16e-04 | Train Acc: 0.7991 | Val Acc: 0.3750 | Val P/R/F1 (Macro): 0.5478/0.6211/0.4361 | LR: 0.000001
Epoch [96/100] | SVD update #96: pairs=465, sweeps=5, converged=True, rel_change=4.176e-04, effective_ranks=(316, 30), class_paired=True
Epoch [96/100] | Loss: 3.0012 (Cls: 3.0337, TAL: -0.5315, Adv: 0.3909, OT-Reg: 0.000765) | OT inner objective: -0.2204 | Marginal residual row/col/max: 1.72e-04/1.33e-08/1.72e-04 | Train Acc: 0.7946 | Val Acc: 0.3750 | Val P/R/F1 (Macro): 0.5277/0.5718/0.4341 | LR: 0.000001
Epoch [97/100] | SVD update #97: pairs=465, sweeps=6, converged=True, rel_change=9.203e-04, effective_ranks=(317, 28), class_paired=True
Epoch [97/100] | Loss: 3.2424 (Cls: 3.2816, TAL: -0.5658, Adv: 0.3596, OT-Reg: 0.000713) | OT inner objective: -0.2582 | Marginal residual row/col/max: 3.80e-04/1.17e-08/3.80e-04 | Train Acc: 0.7232 | Val Acc: 0.4000 | Val P/R/F1 (Macro): 0.5170/0.5774/0.4394 | LR: 0.000001
Epoch [98/100] | SVD update #98: pairs=465, sweeps=5, converged=True, rel_change=2.819e-04, effective_ranks=(314, 29), class_paired=True
Epoch [98/100] | Loss: 3.0892 (Cls: 3.1174, TAL: -0.4928, Adv: 0.3868, OT-Reg: 0.000703) | OT inner objective: -0.2637 | Marginal residual row/col/max: 2.91e-04/1.24e-08/2.91e-04 | Train Acc: 0.7812 | Val Acc: 0.3750 | Val P/R/F1 (Macro): 0.6416/0.6271/0.4712 | LR: 0.000001
Epoch [99/100] | SVD update #99: pairs=465, sweeps=4, converged=True, rel_change=8.446e-04, effective_ranks=(314, 31), class_paired=True
Epoch [99/100] | Loss: 3.0974 (Cls: 3.1196, TAL: -0.5212, Adv: 0.5046, OT-Reg: 0.000732) | OT inner objective: -0.2643 | Marginal residual row/col/max: 4.55e-04/1.02e-08/4.55e-04 | Train Acc: 0.7701 | Val Acc: 0.4083 | Val P/R/F1 (Macro): 0.5372/0.6226/0.4427 | LR: 0.000001
Epoch [100/100] | SVD update #100: pairs=465, sweeps=10, converged=True, rel_change=9.515e-04, effective_ranks=(315, 29), class_paired=True
Epoch [100/100] | Loss: 3.1331 (Cls: 3.1530, TAL: -0.4523, Adv: 0.4306, OT-Reg: 0.000720) | OT inner objective: -0.1921 | Marginal residual row/col/max: 9.27e-05/1.14e-08/9.27e-05 | Train Acc: 0.7522 | Val Acc: 0.3917 | Val P/R/F1 (Macro): 0.6390/0.6226/0.4456 | LR: 0.000001
Report strategy: best, window=10, reported_acc=0.5500, best_acc=0.5500, selected_epoch=28

迭代 4 报告指标:
  Accuracy: 0.5500
  Precision (Macro): 0.6374
  Recall (Macro): 0.5148
  F1 (Macro): 0.4757
  Precision (Micro): 0.5500
  Recall (Micro): 0.5500
  F1 (Micro): 0.5500
  Val class coverage: 8/14 (0.5714), samples=120

================================================================================
迭代 5/5
随机种子: 46
================================================================================
配对采样器已初始化，共 8 个共有类别。
Training mode: full target-label supervision (class-paired batches).
Feature fusion: Tensor alignment (512+512 -> 16+16); fused_dim=32
Domain adaptation: Neural OT generator with 3-domain discriminator
Loss weights: tensor=0.12, adv=0.08
Transport: mode=sinkhorn, epsilon=0.1, Sinkhorn iterations=50, correction scale=0.1, correction regularization weight=0.001
Tensor projection update: once per epoch from the complete target-training pairing bank; projection_dim=16, max_sweeps=10, relative singular-value tolerance=0.001
Epoch [1/100] | SVD update #1: pairs=465, sweeps=3, converged=True, rel_change=2.442e-05, effective_ranks=(317, 172), class_paired=True
Epoch [1/100] | Loss: 7.1259 (Cls: 7.1138, TAL: -0.0307, Adv: 0.1968, OT-Reg: 0.001146) | OT inner objective: 0.2368 | Marginal residual row/col/max: 7.18e-07/2.09e-08/7.29e-07 | Train Acc: 0.2344 | Val Acc: 0.0333 | Val P/R/F1 (Macro): 0.0449/0.1298/0.0149 | LR: 0.000005
  >>> New Best Val Acc: 0.0333
Epoch [2/100] | SVD update #2: pairs=465, sweeps=6, converged=True, rel_change=7.353e-04, effective_ranks=(317, 65), class_paired=True
Epoch [2/100] | Loss: 6.9762 (Cls: 6.9769, TAL: -0.1503, Adv: 0.2157, OT-Reg: 0.001094) | OT inner objective: 0.1717 | Marginal residual row/col/max: 1.24e-08/2.37e-08/2.37e-08 | Train Acc: 0.2188 | Val Acc: 0.2833 | Val P/R/F1 (Macro): 0.2514/0.4262/0.2525 | LR: 0.000005
  >>> New Best Val Acc: 0.2833
Epoch [3/100] | SVD update #3: pairs=465, sweeps=10, converged=False, rel_change=1.260e-01, effective_ranks=(315, 54), class_paired=True
Epoch [3/100] | Loss: 7.2521 (Cls: 7.2438, TAL: -0.0808, Adv: 0.2250, OT-Reg: 0.001015) | OT inner objective: 0.2127 | Marginal residual row/col/max: 1.21e-08/1.58e-08/1.73e-08 | Train Acc: 0.1317 | Val Acc: 0.2417 | Val P/R/F1 (Macro): 0.2190/0.4255/0.2232 | LR: 0.000005
Epoch [4/100] | SVD update #4: pairs=465, sweeps=10, converged=False, rel_change=3.347e-03, effective_ranks=(316, 38), class_paired=True
Epoch [4/100] | Loss: 6.9594 (Cls: 6.9289, TAL: 0.0955, Adv: 0.2377, OT-Reg: 0.001003) | OT inner objective: 0.1689 | Marginal residual row/col/max: 2.50e-08/2.35e-08/3.42e-08 | Train Acc: 0.2835 | Val Acc: 0.1500 | Val P/R/F1 (Macro): 0.2892/0.4759/0.2822 | LR: 0.000005
Epoch [5/100] | SVD update #5: pairs=465, sweeps=10, converged=False, rel_change=3.301e-01, effective_ranks=(316, 27), class_paired=True
Epoch [5/100] | Loss: 6.6664 (Cls: 6.6596, TAL: -0.0666, Adv: 0.1847, OT-Reg: 0.001158) | OT inner objective: 0.1812 | Marginal residual row/col/max: 1.20e-08/1.64e-08/1.72e-08 | Train Acc: 0.1897 | Val Acc: 0.1333 | Val P/R/F1 (Macro): 0.1565/0.3759/0.1830 | LR: 0.000005
Epoch [6/100] | SVD update #6: pairs=465, sweeps=10, converged=False, rel_change=1.098e-01, effective_ranks=(317, 25), class_paired=True
Epoch [6/100] | Loss: 6.9004 (Cls: 6.8658, TAL: 0.1251, Adv: 0.2448, OT-Reg: 0.000955) | OT inner objective: 0.1859 | Marginal residual row/col/max: 4.90e-08/2.66e-08/5.65e-08 | Train Acc: 0.1786 | Val Acc: 0.0750 | Val P/R/F1 (Macro): 0.0738/0.0849/0.0701 | LR: 0.000005
Epoch [7/100] | SVD update #7: pairs=465, sweeps=10, converged=False, rel_change=3.608e-01, effective_ranks=(317, 31), class_paired=True
Epoch [7/100] | Loss: 7.5292 (Cls: 7.5101, TAL: 0.0333, Adv: 0.1890, OT-Reg: 0.000945) | OT inner objective: 0.1619 | Marginal residual row/col/max: 5.56e-06/2.04e-08/5.57e-06 | Train Acc: 0.1942 | Val Acc: 0.1333 | Val P/R/F1 (Macro): 0.1905/0.2966/0.2003 | LR: 0.000005
Epoch [8/100] | SVD update #8: pairs=465, sweeps=10, converged=False, rel_change=1.660e-03, effective_ranks=(317, 26), class_paired=True
Epoch [8/100] | Loss: 6.3329 (Cls: 6.3319, TAL: -0.1002, Adv: 0.1633, OT-Reg: 0.001002) | OT inner objective: 0.1129 | Marginal residual row/col/max: 3.74e-06/1.54e-08/3.74e-06 | Train Acc: 0.2455 | Val Acc: 0.3333 | Val P/R/F1 (Macro): 0.2842/0.4821/0.2762 | LR: 0.000005
  >>> New Best Val Acc: 0.3333
Epoch [9/100] | SVD update #9: pairs=465, sweeps=10, converged=False, rel_change=1.067e-01, effective_ranks=(317, 21), class_paired=True
Epoch [9/100] | Loss: 6.1962 (Cls: 6.1841, TAL: -0.0014, Adv: 0.1525, OT-Reg: 0.001013) | OT inner objective: 0.0822 | Marginal residual row/col/max: 3.51e-06/2.16e-08/3.52e-06 | Train Acc: 0.2656 | Val Acc: 0.2583 | Val P/R/F1 (Macro): 0.2687/0.3139/0.2808 | LR: 0.000005
Epoch [10/100] | SVD update #10: pairs=465, sweeps=10, converged=False, rel_change=3.833e-02, effective_ranks=(315, 22), class_paired=True
Epoch [10/100] | Loss: 5.8553 (Cls: 5.8599, TAL: -0.1217, Adv: 0.1251, OT-Reg: 0.001059) | OT inner objective: 0.0550 | Marginal residual row/col/max: 1.36e-07/1.25e-08/1.36e-07 | Train Acc: 0.3683 | Val Acc: 0.2000 | Val P/R/F1 (Macro): 0.2874/0.4099/0.2441 | LR: 0.000005
Epoch [11/100] | SVD update #11: pairs=465, sweeps=10, converged=False, rel_change=5.006e-03, effective_ranks=(317, 21), class_paired=True
Epoch [11/100] | Loss: 6.3009 (Cls: 6.2772, TAL: 0.1027, Adv: 0.1418, OT-Reg: 0.000880) | OT inner objective: 0.1320 | Marginal residual row/col/max: 2.94e-08/1.88e-08/3.46e-08 | Train Acc: 0.1496 | Val Acc: 0.3250 | Val P/R/F1 (Macro): 0.2327/0.2376/0.2259 | LR: 0.000005
Epoch [12/100] | SVD update #12: pairs=465, sweeps=10, converged=False, rel_change=6.395e-02, effective_ranks=(317, 18), class_paired=True
Epoch [12/100] | Loss: 6.3508 (Cls: 6.3524, TAL: -0.0984, Adv: 0.1278, OT-Reg: 0.000943) | OT inner objective: 0.0354 | Marginal residual row/col/max: 2.03e-05/1.21e-08/2.03e-05 | Train Acc: 0.2232 | Val Acc: 0.3750 | Val P/R/F1 (Macro): 0.3096/0.3903/0.2719 | LR: 0.000005
  >>> New Best Val Acc: 0.3750
Epoch [13/100] | SVD update #13: pairs=465, sweeps=10, converged=False, rel_change=4.162e-01, effective_ranks=(316, 18), class_paired=True
Epoch [13/100] | Loss: 6.1142 (Cls: 6.1211, TAL: -0.1410, Adv: 0.1248, OT-Reg: 0.001039) | OT inner objective: -0.0021 | Marginal residual row/col/max: 2.18e-06/1.14e-08/2.18e-06 | Train Acc: 0.2812 | Val Acc: 0.3083 | Val P/R/F1 (Macro): 0.4184/0.4901/0.4064 | LR: 0.000005
Epoch [14/100] | SVD update #14: pairs=465, sweeps=10, converged=False, rel_change=5.577e-03, effective_ranks=(317, 23), class_paired=True
Epoch [14/100] | Loss: 6.0657 (Cls: 6.0610, TAL: -0.0558, Adv: 0.1428, OT-Reg: 0.001049) | OT inner objective: 0.1054 | Marginal residual row/col/max: 5.22e-05/1.84e-08/5.22e-05 | Train Acc: 0.2634 | Val Acc: 0.3000 | Val P/R/F1 (Macro): 0.1876/0.3056/0.2009 | LR: 0.000005
Epoch [15/100] | SVD update #15: pairs=465, sweeps=10, converged=False, rel_change=4.166e-02, effective_ranks=(316, 15), class_paired=True
Epoch [15/100] | Loss: 6.3719 (Cls: 6.3709, TAL: -0.0778, Adv: 0.1287, OT-Reg: 0.000885) | OT inner objective: -0.0434 | Marginal residual row/col/max: 1.12e-04/2.86e-08/1.12e-04 | Train Acc: 0.2857 | Val Acc: 0.3000 | Val P/R/F1 (Macro): 0.2029/0.3979/0.2254 | LR: 0.000005
Epoch [16/100] | SVD update #16: pairs=465, sweeps=5, converged=True, rel_change=1.418e-04, effective_ranks=(316, 15), class_paired=True
Epoch [16/100] | Loss: 6.0197 (Cls: 6.0170, TAL: -0.0802, Adv: 0.1531, OT-Reg: 0.000959) | OT inner objective: 0.1328 | Marginal residual row/col/max: 1.14e-06/2.55e-08/1.14e-06 | Train Acc: 0.3192 | Val Acc: 0.2417 | Val P/R/F1 (Macro): 0.1539/0.2100/0.1476 | LR: 0.000005
Epoch [17/100] | SVD update #17: pairs=465, sweeps=10, converged=False, rel_change=1.952e-01, effective_ranks=(317, 16), class_paired=True
Epoch [17/100] | Loss: 6.0463 (Cls: 6.0419, TAL: -0.0788, Adv: 0.1730, OT-Reg: 0.000980) | OT inner objective: -0.0319 | Marginal residual row/col/max: 1.37e-04/2.70e-08/1.37e-04 | Train Acc: 0.3214 | Val Acc: 0.1833 | Val P/R/F1 (Macro): 0.2643/0.4299/0.2345 | LR: 0.000005
Epoch [18/100] | SVD update #18: pairs=465, sweeps=6, converged=True, rel_change=4.326e-04, effective_ranks=(316, 18), class_paired=True
Epoch [18/100] | Loss: 5.4342 (Cls: 5.4750, TAL: -0.4182, Adv: 0.1174, OT-Reg: 0.000959) | OT inner objective: -0.1652 | Marginal residual row/col/max: 2.61e-05/2.01e-08/2.61e-05 | Train Acc: 0.3750 | Val Acc: 0.0917 | Val P/R/F1 (Macro): 0.0707/0.2644/0.0831 | LR: 0.000005
Epoch [19/100] | SVD update #19: pairs=465, sweeps=10, converged=False, rel_change=2.621e-02, effective_ranks=(317, 14), class_paired=True
Epoch [19/100] | Loss: 5.8105 (Cls: 5.8205, TAL: -0.1661, Adv: 0.1240, OT-Reg: 0.000971) | OT inner objective: -0.0382 | Marginal residual row/col/max: 1.79e-05/1.30e-08/1.79e-05 | Train Acc: 0.3438 | Val Acc: 0.4333 | Val P/R/F1 (Macro): 0.4903/0.4659/0.3949 | LR: 0.000005
  >>> New Best Val Acc: 0.4333
Epoch [20/100] | SVD update #20: pairs=465, sweeps=10, converged=False, rel_change=4.493e-01, effective_ranks=(317, 20), class_paired=True
Epoch [20/100] | Loss: 5.5288 (Cls: 5.5517, TAL: -0.2620, Adv: 0.1069, OT-Reg: 0.000936) | OT inner objective: 0.0843 | Marginal residual row/col/max: 1.70e-05/3.01e-08/1.70e-05 | Train Acc: 0.4152 | Val Acc: 0.2833 | Val P/R/F1 (Macro): 0.3834/0.4297/0.3033 | LR: 0.000005
Epoch [21/100] | SVD update #21: pairs=465, sweeps=7, converged=True, rel_change=3.127e-04, effective_ranks=(315, 19), class_paired=True
Epoch [21/100] | Loss: 5.0089 (Cls: 5.0254, TAL: -0.2303, Adv: 0.1381, OT-Reg: 0.000940) | OT inner objective: 0.0556 | Marginal residual row/col/max: 7.89e-05/3.15e-08/7.89e-05 | Train Acc: 0.4911 | Val Acc: 0.3500 | Val P/R/F1 (Macro): 0.4474/0.4341/0.2999 | LR: 0.000005
Epoch [22/100] | SVD update #22: pairs=465, sweeps=10, converged=False, rel_change=1.108e+00, effective_ranks=(316, 16), class_paired=True
Epoch [22/100] | Loss: 5.0961 (Cls: 5.1216, TAL: -0.3231, Adv: 0.1666, OT-Reg: 0.000875) | OT inner objective: -0.0029 | Marginal residual row/col/max: 4.85e-05/2.46e-08/4.85e-05 | Train Acc: 0.4621 | Val Acc: 0.1250 | Val P/R/F1 (Macro): 0.1741/0.2550/0.1331 | LR: 0.000005
Epoch [23/100] | SVD update #23: pairs=465, sweeps=7, converged=True, rel_change=8.153e-04, effective_ranks=(317, 16), class_paired=True
Epoch [23/100] | Loss: 5.1783 (Cls: 5.1863, TAL: -0.1597, Adv: 0.1395, OT-Reg: 0.000997) | OT inner objective: -0.0488 | Marginal residual row/col/max: 1.34e-04/1.36e-08/1.34e-04 | Train Acc: 0.4621 | Val Acc: 0.3417 | Val P/R/F1 (Macro): 0.4149/0.4417/0.3721 | LR: 0.000005
Epoch [24/100] | SVD update #24: pairs=465, sweeps=10, converged=False, rel_change=1.016e+00, effective_ranks=(316, 17), class_paired=True
Epoch [24/100] | Loss: 4.6885 (Cls: 4.7288, TAL: -0.4002, Adv: 0.0970, OT-Reg: 0.000920) | OT inner objective: -0.0653 | Marginal residual row/col/max: 1.42e-04/1.93e-08/1.42e-04 | Train Acc: 0.5179 | Val Acc: 0.2167 | Val P/R/F1 (Macro): 0.5992/0.3912/0.2789 | LR: 0.000005
Epoch [25/100] | SVD update #25: pairs=465, sweeps=5, converged=True, rel_change=1.371e-04, effective_ranks=(315, 18), class_paired=True
Epoch [25/100] | Loss: 4.4909 (Cls: 4.5211, TAL: -0.3447, Adv: 0.1403, OT-Reg: 0.000994) | OT inner objective: -0.0983 | Marginal residual row/col/max: 2.46e-04/2.22e-08/2.46e-04 | Train Acc: 0.5603 | Val Acc: 0.4250 | Val P/R/F1 (Macro): 0.4245/0.5028/0.3806 | LR: 0.000005
Epoch [26/100] | SVD update #26: pairs=465, sweeps=7, converged=True, rel_change=3.095e-04, effective_ranks=(314, 16), class_paired=True
Epoch [26/100] | Loss: 4.7647 (Cls: 4.7873, TAL: -0.2744, Adv: 0.1294, OT-Reg: 0.000972) | OT inner objective: -0.0285 | Marginal residual row/col/max: 2.19e-04/1.93e-08/2.19e-04 | Train Acc: 0.5201 | Val Acc: 0.2083 | Val P/R/F1 (Macro): 0.4225/0.4187/0.2859 | LR: 0.000005
Epoch [27/100] | SVD update #27: pairs=465, sweeps=4, converged=True, rel_change=6.721e-04, effective_ranks=(316, 19), class_paired=True
Epoch [27/100] | Loss: 4.5256 (Cls: 4.5512, TAL: -0.3553, Adv: 0.2132, OT-Reg: 0.001011) | OT inner objective: 0.0282 | Marginal residual row/col/max: 2.30e-04/1.64e-08/2.30e-04 | Train Acc: 0.5357 | Val Acc: 0.3750 | Val P/R/F1 (Macro): 0.5397/0.5886/0.4647 | LR: 0.000005
Epoch [28/100] | SVD update #28: pairs=465, sweeps=8, converged=True, rel_change=7.457e-04, effective_ranks=(317, 21), class_paired=True
Epoch [28/100] | Loss: 5.8548 (Cls: 5.8517, TAL: -0.0659, Adv: 0.1381, OT-Reg: 0.000930) | OT inner objective: -0.0683 | Marginal residual row/col/max: 5.08e-05/2.09e-08/5.08e-05 | Train Acc: 0.1897 | Val Acc: 0.1750 | Val P/R/F1 (Macro): 0.3112/0.2466/0.1582 | LR: 0.000005
Epoch [29/100] | SVD update #29: pairs=465, sweeps=6, converged=True, rel_change=3.302e-04, effective_ranks=(312, 19), class_paired=True
Epoch [29/100] | Loss: 5.2310 (Cls: 5.2159, TAL: -0.0083, Adv: 0.2016, OT-Reg: 0.000855) | OT inner objective: 0.0779 | Marginal residual row/col/max: 5.30e-05/3.05e-08/5.30e-05 | Train Acc: 0.3683 | Val Acc: 0.3833 | Val P/R/F1 (Macro): 0.2686/0.3031/0.2263 | LR: 0.000005
Epoch [30/100] | SVD update #30: pairs=465, sweeps=10, converged=False, rel_change=1.554e-02, effective_ranks=(312, 23), class_paired=True
Epoch [30/100] | Loss: 5.3963 (Cls: 5.4080, TAL: -0.2024, Adv: 0.1565, OT-Reg: 0.000794) | OT inner objective: -0.0528 | Marginal residual row/col/max: 3.28e-04/2.75e-08/3.28e-04 | Train Acc: 0.3527 | Val Acc: 0.3000 | Val P/R/F1 (Macro): 0.3892/0.3830/0.2967 | LR: 0.000003
Epoch [31/100] | SVD update #31: pairs=465, sweeps=10, converged=False, rel_change=6.080e-02, effective_ranks=(317, 18), class_paired=True
Epoch [31/100] | Loss: 5.1539 (Cls: 5.1692, TAL: -0.1935, Adv: 0.0990, OT-Reg: 0.000974) | OT inner objective: -0.1452 | Marginal residual row/col/max: 2.14e-04/1.54e-08/2.14e-04 | Train Acc: 0.3772 | Val Acc: 0.3500 | Val P/R/F1 (Macro): 0.3126/0.3940/0.3069 | LR: 0.000003
Epoch [32/100] | SVD update #32: pairs=465, sweeps=10, converged=False, rel_change=2.435e-03, effective_ranks=(312, 22), class_paired=True
Epoch [32/100] | Loss: 4.6508 (Cls: 4.6741, TAL: -0.2692, Adv: 0.1125, OT-Reg: 0.000970) | OT inner objective: -0.1224 | Marginal residual row/col/max: 3.87e-04/1.69e-08/3.87e-04 | Train Acc: 0.4576 | Val Acc: 0.3917 | Val P/R/F1 (Macro): 0.5489/0.5442/0.4276 | LR: 0.000003
Epoch [33/100] | SVD update #33: pairs=465, sweeps=10, converged=False, rel_change=1.654e-02, effective_ranks=(316, 21), class_paired=True
Epoch [33/100] | Loss: 7.0120 (Cls: 6.9915, TAL: 0.0937, Adv: 0.1163, OT-Reg: 0.000965) | OT inner objective: -0.0058 | Marginal residual row/col/max: 3.09e-06/2.50e-08/3.09e-06 | Train Acc: 0.2433 | Val Acc: 0.5250 | Val P/R/F1 (Macro): 0.4668/0.4495/0.4368 | LR: 0.000003
  >>> New Best Val Acc: 0.5250
Epoch [34/100] | SVD update #34: pairs=465, sweeps=8, converged=True, rel_change=7.357e-04, effective_ranks=(316, 19), class_paired=True
Epoch [34/100] | Loss: 6.0976 (Cls: 6.0790, TAL: -0.0175, Adv: 0.2591, OT-Reg: 0.000894) | OT inner objective: 0.0695 | Marginal residual row/col/max: 4.39e-05/2.32e-08/4.39e-05 | Train Acc: 0.4308 | Val Acc: 0.3083 | Val P/R/F1 (Macro): 0.3358/0.4684/0.3263 | LR: 0.000003
Epoch [35/100] | SVD update #35: pairs=465, sweeps=7, converged=True, rel_change=8.696e-04, effective_ranks=(317, 22), class_paired=True
Epoch [35/100] | Loss: 6.0639 (Cls: 6.0408, TAL: 0.0365, Adv: 0.2335, OT-Reg: 0.000910) | OT inner objective: -0.0386 | Marginal residual row/col/max: 1.09e-04/1.30e-08/1.09e-04 | Train Acc: 0.3527 | Val Acc: 0.2167 | Val P/R/F1 (Macro): 0.2529/0.5111/0.2740 | LR: 0.000003
Epoch [36/100] | SVD update #36: pairs=465, sweeps=9, converged=True, rel_change=3.863e-04, effective_ranks=(317, 20), class_paired=True
Epoch [36/100] | Loss: 5.4145 (Cls: 5.4188, TAL: -0.1478, Adv: 0.1676, OT-Reg: 0.001010) | OT inner objective: 0.0158 | Marginal residual row/col/max: 9.35e-05/1.52e-08/9.35e-05 | Train Acc: 0.4509 | Val Acc: 0.2917 | Val P/R/F1 (Macro): 0.5198/0.4738/0.3936 | LR: 0.000003
Epoch [37/100] | SVD update #37: pairs=465, sweeps=5, converged=True, rel_change=1.549e-04, effective_ranks=(317, 21), class_paired=True
Epoch [37/100] | Loss: 5.0694 (Cls: 5.0963, TAL: -0.2978, Adv: 0.1103, OT-Reg: 0.000858) | OT inner objective: -0.0618 | Marginal residual row/col/max: 1.86e-04/3.05e-08/1.86e-04 | Train Acc: 0.5067 | Val Acc: 0.3500 | Val P/R/F1 (Macro): 0.5681/0.5498/0.4704 | LR: 0.000003
Epoch [38/100] | SVD update #38: pairs=465, sweeps=6, converged=True, rel_change=4.951e-04, effective_ranks=(317, 22), class_paired=True
Epoch [38/100] | Loss: 4.5481 (Cls: 4.5791, TAL: -0.3080, Adv: 0.0747, OT-Reg: 0.000997) | OT inner objective: -0.1690 | Marginal residual row/col/max: 2.05e-04/1.81e-08/2.05e-04 | Train Acc: 0.5714 | Val Acc: 0.3750 | Val P/R/F1 (Macro): 0.5739/0.5762/0.5129 | LR: 0.000003
Epoch [39/100] | SVD update #39: pairs=465, sweeps=5, converged=True, rel_change=6.817e-04, effective_ranks=(317, 23), class_paired=True
Epoch [39/100] | Loss: 4.3922 (Cls: 4.4166, TAL: -0.2632, Adv: 0.0907, OT-Reg: 0.000969) | OT inner objective: -0.0711 | Marginal residual row/col/max: 3.21e-04/1.74e-08/3.21e-04 | Train Acc: 0.5759 | Val Acc: 0.3917 | Val P/R/F1 (Macro): 0.5815/0.5272/0.4409 | LR: 0.000003
Epoch [40/100] | SVD update #40: pairs=465, sweeps=5, converged=True, rel_change=6.019e-04, effective_ranks=(316, 21), class_paired=True
Epoch [40/100] | Loss: 4.6407 (Cls: 4.6612, TAL: -0.2545, Adv: 0.1252, OT-Reg: 0.000999) | OT inner objective: 0.0365 | Marginal residual row/col/max: 1.72e-04/2.39e-08/1.72e-04 | Train Acc: 0.5156 | Val Acc: 0.2833 | Val P/R/F1 (Macro): 0.5116/0.4870/0.3895 | LR: 0.000003
Epoch [41/100] | SVD update #41: pairs=465, sweeps=10, converged=False, rel_change=6.632e-03, effective_ranks=(314, 21), class_paired=True
Epoch [41/100] | Loss: 5.2908 (Cls: 5.2857, TAL: -0.0583, Adv: 0.1518, OT-Reg: 0.001004) | OT inner objective: 0.0777 | Marginal residual row/col/max: 5.43e-05/2.20e-08/5.43e-05 | Train Acc: 0.5737 | Val Acc: 0.3583 | Val P/R/F1 (Macro): 0.5712/0.5370/0.4787 | LR: 0.000003
Epoch [42/100] | SVD update #42: pairs=465, sweeps=10, converged=False, rel_change=3.154e-03, effective_ranks=(315, 26), class_paired=True
Epoch [42/100] | Loss: 5.7246 (Cls: 5.7266, TAL: -0.0963, Adv: 0.1199, OT-Reg: 0.000930) | OT inner objective: 0.0896 | Marginal residual row/col/max: 3.33e-05/2.75e-08/3.34e-05 | Train Acc: 0.4509 | Val Acc: 0.1667 | Val P/R/F1 (Macro): 0.2116/0.4590/0.2252 | LR: 0.000003
Epoch [43/100] | SVD update #43: pairs=465, sweeps=9, converged=True, rel_change=4.434e-04, effective_ranks=(315, 22), class_paired=True
Epoch [43/100] | Loss: 5.3429 (Cls: 5.3535, TAL: -0.1652, Adv: 0.1158, OT-Reg: 0.000873) | OT inner objective: -0.0582 | Marginal residual row/col/max: 1.81e-04/1.84e-08/1.81e-04 | Train Acc: 0.4911 | Val Acc: 0.3750 | Val P/R/F1 (Macro): 0.3677/0.4164/0.3173 | LR: 0.000003
Epoch [44/100] | SVD update #44: pairs=465, sweeps=5, converged=True, rel_change=4.928e-04, effective_ranks=(317, 22), class_paired=True
Epoch [44/100] | Loss: 4.6494 (Cls: 4.6872, TAL: -0.3959, Adv: 0.1202, OT-Reg: 0.000899) | OT inner objective: 0.0187 | Marginal residual row/col/max: 2.07e-04/1.73e-08/2.07e-04 | Train Acc: 0.5670 | Val Acc: 0.4417 | Val P/R/F1 (Macro): 0.5006/0.4901/0.3177 | LR: 0.000001
Epoch [45/100] | SVD update #45: pairs=465, sweeps=6, converged=True, rel_change=2.891e-04, effective_ranks=(316, 20), class_paired=True
Epoch [45/100] | Loss: 4.5947 (Cls: 4.6208, TAL: -0.2966, Adv: 0.1186, OT-Reg: 0.000989) | OT inner objective: -0.1052 | Marginal residual row/col/max: 1.88e-04/1.25e-08/1.88e-04 | Train Acc: 0.5960 | Val Acc: 0.3583 | Val P/R/F1 (Macro): 0.4599/0.5660/0.4334 | LR: 0.000001
Epoch [46/100] | SVD update #46: pairs=465, sweeps=5, converged=True, rel_change=2.179e-04, effective_ranks=(316, 22), class_paired=True
Epoch [46/100] | Loss: 4.3273 (Cls: 4.3535, TAL: -0.3168, Adv: 0.1476, OT-Reg: 0.000964) | OT inner objective: -0.0209 | Marginal residual row/col/max: 3.09e-05/1.29e-08/3.09e-05 | Train Acc: 0.6183 | Val Acc: 0.5333 | Val P/R/F1 (Macro): 0.6291/0.6656/0.5815 | LR: 0.000001
  >>> New Best Val Acc: 0.5333
Epoch [47/100] | SVD update #47: pairs=465, sweeps=10, converged=False, rel_change=1.606e-03, effective_ranks=(317, 24), class_paired=True
Epoch [47/100] | Loss: 5.7918 (Cls: 5.7529, TAL: 0.2105, Adv: 0.1701, OT-Reg: 0.001000) | OT inner objective: -0.0059 | Marginal residual row/col/max: 2.05e-05/1.77e-08/2.05e-05 | Train Acc: 0.1920 | Val Acc: 0.1500 | Val P/R/F1 (Macro): 0.1272/0.2199/0.1242 | LR: 0.000001
Epoch [48/100] | SVD update #48: pairs=465, sweeps=5, converged=True, rel_change=6.530e-04, effective_ranks=(317, 21), class_paired=True
Epoch [48/100] | Loss: 5.7552 (Cls: 5.7410, TAL: -0.0080, Adv: 0.1890, OT-Reg: 0.000869) | OT inner objective: -0.0217 | Marginal residual row/col/max: 9.84e-05/1.89e-08/9.84e-05 | Train Acc: 0.2076 | Val Acc: 0.1333 | Val P/R/F1 (Macro): 0.1437/0.2524/0.1295 | LR: 0.000001
Epoch [49/100] | SVD update #49: pairs=465, sweeps=9, converged=True, rel_change=3.476e-04, effective_ranks=(317, 23), class_paired=True
Epoch [49/100] | Loss: 5.1342 (Cls: 5.1326, TAL: -0.0814, Adv: 0.1412, OT-Reg: 0.000899) | OT inner objective: 0.0377 | Marginal residual row/col/max: 3.43e-05/1.61e-08/3.43e-05 | Train Acc: 0.3147 | Val Acc: 0.3917 | Val P/R/F1 (Macro): 0.2804/0.4183/0.2776 | LR: 0.000001
Epoch [50/100] | SVD update #50: pairs=465, sweeps=9, converged=True, rel_change=7.558e-04, effective_ranks=(316, 29), class_paired=True
Epoch [50/100] | Loss: 5.0632 (Cls: 5.0790, TAL: -0.2558, Adv: 0.1868, OT-Reg: 0.000919) | OT inner objective: 0.0054 | Marginal residual row/col/max: 1.89e-05/2.38e-08/1.89e-05 | Train Acc: 0.3259 | Val Acc: 0.2833 | Val P/R/F1 (Macro): 0.3669/0.3964/0.2626 | LR: 0.000001
Epoch [51/100] | SVD update #51: pairs=465, sweeps=10, converged=False, rel_change=1.181e-02, effective_ranks=(316, 25), class_paired=True
Epoch [51/100] | Loss: 5.4112 (Cls: 5.4319, TAL: -0.2599, Adv: 0.1313, OT-Reg: 0.000931) | OT inner objective: 0.0218 | Marginal residual row/col/max: 7.11e-06/3.41e-08/7.12e-06 | Train Acc: 0.3616 | Val Acc: 0.4917 | Val P/R/F1 (Macro): 0.4068/0.5396/0.4240 | LR: 0.000001
Epoch [52/100] | SVD update #52: pairs=465, sweeps=8, converged=True, rel_change=7.242e-04, effective_ranks=(317, 25), class_paired=True
Epoch [52/100] | Loss: 5.2939 (Cls: 5.3005, TAL: -0.1634, Adv: 0.1618, OT-Reg: 0.000954) | OT inner objective: -0.1356 | Marginal residual row/col/max: 2.44e-04/2.45e-08/2.44e-04 | Train Acc: 0.4598 | Val Acc: 0.2750 | Val P/R/F1 (Macro): 0.3994/0.4724/0.3022 | LR: 0.000001
Epoch [53/100] | SVD update #53: pairs=465, sweeps=6, converged=True, rel_change=8.601e-04, effective_ranks=(315, 23), class_paired=True
Epoch [53/100] | Loss: 8.6327 (Cls: 8.6391, TAL: -0.2117, Adv: 0.2367, OT-Reg: 0.000996) | OT inner objective: 0.0387 | Marginal residual row/col/max: 6.27e-05/2.71e-08/6.27e-05 | Train Acc: 0.0625 | Val Acc: 0.1250 | Val P/R/F1 (Macro): 0.1516/0.1129/0.1033 | LR: 0.000001
Epoch [54/100] | SVD update #54: pairs=465, sweeps=10, converged=False, rel_change=1.474e-01, effective_ranks=(316, 27), class_paired=True
Epoch [54/100] | Loss: 6.6805 (Cls: 6.6572, TAL: 0.0577, Adv: 0.2049, OT-Reg: 0.001100) | OT inner objective: 0.0280 | Marginal residual row/col/max: 1.96e-05/2.21e-08/1.96e-05 | Train Acc: 0.3996 | Val Acc: 0.2083 | Val P/R/F1 (Macro): 0.5161/0.3667/0.2718 | LR: 0.000001
Epoch [55/100] | SVD update #55: pairs=465, sweeps=5, converged=True, rel_change=6.820e-04, effective_ranks=(316, 25), class_paired=True
Epoch [55/100] | Loss: 6.2531 (Cls: 6.2656, TAL: -0.2083, Adv: 0.1560, OT-Reg: 0.000982) | OT inner objective: -0.0885 | Marginal residual row/col/max: 7.44e-06/1.46e-08/7.44e-06 | Train Acc: 0.2254 | Val Acc: 0.1333 | Val P/R/F1 (Macro): 0.1374/0.3217/0.1402 | LR: 0.000001
Epoch [56/100] | SVD update #56: pairs=465, sweeps=5, converged=True, rel_change=8.803e-04, effective_ranks=(317, 21), class_paired=True
Epoch [56/100] | Loss: 6.5624 (Cls: 6.5748, TAL: -0.2155, Adv: 0.1678, OT-Reg: 0.000936) | OT inner objective: -0.0851 | Marginal residual row/col/max: 1.31e-05/1.86e-08/1.31e-05 | Train Acc: 0.2210 | Val Acc: 0.2083 | Val P/R/F1 (Macro): 0.1679/0.2839/0.1761 | LR: 0.000001
Epoch [57/100] | SVD update #57: pairs=465, sweeps=10, converged=False, rel_change=4.139e-03, effective_ranks=(317, 26), class_paired=True
Epoch [57/100] | Loss: 6.0289 (Cls: 6.0491, TAL: -0.2831, Adv: 0.1721, OT-Reg: 0.001062) | OT inner objective: -0.0310 | Marginal residual row/col/max: 2.64e-05/1.20e-08/2.64e-05 | Train Acc: 0.2121 | Val Acc: 0.1333 | Val P/R/F1 (Macro): 0.1211/0.3344/0.1311 | LR: 0.000001
Epoch [58/100] | SVD update #58: pairs=465, sweeps=10, converged=False, rel_change=1.575e-02, effective_ranks=(316, 25), class_paired=True
Epoch [58/100] | Loss: 6.1808 (Cls: 6.1949, TAL: -0.2105, Adv: 0.1395, OT-Reg: 0.001019) | OT inner objective: -0.1315 | Marginal residual row/col/max: 2.98e-05/1.10e-08/2.98e-05 | Train Acc: 0.3013 | Val Acc: 0.1750 | Val P/R/F1 (Macro): 0.2177/0.3781/0.2297 | LR: 0.000001
Epoch [59/100] | SVD update #59: pairs=465, sweeps=6, converged=True, rel_change=5.277e-04, effective_ranks=(316, 30), class_paired=True
Epoch [59/100] | Loss: 6.0538 (Cls: 6.0779, TAL: -0.3270, Adv: 0.1893, OT-Reg: 0.001077) | OT inner objective: -0.1925 | Marginal residual row/col/max: 2.00e-04/1.18e-08/2.00e-04 | Train Acc: 0.2701 | Val Acc: 0.1167 | Val P/R/F1 (Macro): 0.1321/0.2212/0.1308 | LR: 0.000001
Epoch [60/100] | SVD update #60: pairs=465, sweeps=10, converged=True, rel_change=8.291e-04, effective_ranks=(316, 27), class_paired=True
Epoch [60/100] | Loss: 5.9330 (Cls: 5.9581, TAL: -0.2835, Adv: 0.1112, OT-Reg: 0.001039) | OT inner objective: -0.0210 | Marginal residual row/col/max: 2.92e-06/2.21e-08/2.92e-06 | Train Acc: 0.3438 | Val Acc: 0.1083 | Val P/R/F1 (Macro): 0.1288/0.2927/0.1537 | LR: 0.000001
Epoch [61/100] | SVD update #61: pairs=465, sweeps=7, converged=True, rel_change=9.554e-04, effective_ranks=(316, 27), class_paired=True
Epoch [61/100] | Loss: 5.5146 (Cls: 5.5402, TAL: -0.3023, Adv: 0.1332, OT-Reg: 0.001027) | OT inner objective: -0.0371 | Marginal residual row/col/max: 6.33e-05/1.74e-08/6.33e-05 | Train Acc: 0.3817 | Val Acc: 0.1667 | Val P/R/F1 (Macro): 0.4389/0.4519/0.2783 | LR: 0.000001
Epoch [62/100] | SVD update #62: pairs=465, sweeps=7, converged=True, rel_change=5.123e-04, effective_ranks=(316, 26), class_paired=True
Epoch [62/100] | Loss: 5.3102 (Cls: 5.3415, TAL: -0.3559, Adv: 0.1426, OT-Reg: 0.000980) | OT inner objective: -0.0583 | Marginal residual row/col/max: 1.34e-04/2.50e-08/1.34e-04 | Train Acc: 0.4308 | Val Acc: 0.1417 | Val P/R/F1 (Macro): 0.3949/0.4441/0.2638 | LR: 0.000001
Epoch [63/100] | SVD update #63: pairs=465, sweeps=9, converged=True, rel_change=5.617e-04, effective_ranks=(317, 27), class_paired=True
Epoch [63/100] | Loss: 7.5822 (Cls: 7.5658, TAL: 0.0859, Adv: 0.0762, OT-Reg: 0.000909) | OT inner objective: 0.0030 | Marginal residual row/col/max: 6.42e-05/2.46e-08/6.42e-05 | Train Acc: 0.1272 | Val Acc: 0.0750 | Val P/R/F1 (Macro): 0.1054/0.1749/0.0697 | LR: 0.000001
Epoch [64/100] | SVD update #64: pairs=465, sweeps=6, converged=True, rel_change=9.607e-04, effective_ranks=(316, 23), class_paired=True
Epoch [64/100] | Loss: 6.3757 (Cls: 6.3446, TAL: 0.1878, Adv: 0.1067, OT-Reg: 0.000930) | OT inner objective: 0.0968 | Marginal residual row/col/max: 2.14e-04/4.20e-08/2.14e-04 | Train Acc: 0.1830 | Val Acc: 0.0917 | Val P/R/F1 (Macro): 0.1806/0.1778/0.1156 | LR: 0.000001
Epoch [65/100] | SVD update #65: pairs=465, sweeps=9, converged=True, rel_change=9.899e-04, effective_ranks=(317, 24), class_paired=True
Epoch [65/100] | Loss: 6.0650 (Cls: 6.0597, TAL: -0.0066, Adv: 0.0765, OT-Reg: 0.000979) | OT inner objective: 0.0900 | Marginal residual row/col/max: 1.10e-04/2.71e-08/1.10e-04 | Train Acc: 0.1853 | Val Acc: 0.0917 | Val P/R/F1 (Macro): 0.0471/0.2145/0.0706 | LR: 0.000001
Epoch [66/100] | SVD update #66: pairs=465, sweeps=9, converged=True, rel_change=6.239e-04, effective_ranks=(316, 20), class_paired=True
Epoch [66/100] | Loss: 6.0071 (Cls: 6.0036, TAL: -0.0349, Adv: 0.0957, OT-Reg: 0.000951) | OT inner objective: 0.0184 | Marginal residual row/col/max: 2.38e-05/1.48e-08/2.38e-05 | Train Acc: 0.2232 | Val Acc: 0.3083 | Val P/R/F1 (Macro): 0.1234/0.2603/0.1568 | LR: 0.000001
Epoch [67/100] | SVD update #67: pairs=465, sweeps=9, converged=True, rel_change=4.686e-04, effective_ranks=(315, 19), class_paired=True
Epoch [67/100] | Loss: 5.5494 (Cls: 5.5429, TAL: -0.0061, Adv: 0.0897, OT-Reg: 0.000912) | OT inner objective: 0.0484 | Marginal residual row/col/max: 2.32e-05/2.65e-08/2.32e-05 | Train Acc: 0.2768 | Val Acc: 0.1417 | Val P/R/F1 (Macro): 0.1313/0.2117/0.1073 | LR: 0.000001
Epoch [68/100] | SVD update #68: pairs=465, sweeps=10, converged=False, rel_change=7.999e-03, effective_ranks=(314, 25), class_paired=True
Epoch [68/100] | Loss: 6.7035 (Cls: 6.6459, TAL: 0.3287, Adv: 0.2265, OT-Reg: 0.000975) | OT inner objective: -0.0906 | Marginal residual row/col/max: 2.69e-05/1.28e-08/2.69e-05 | Train Acc: 0.0915 | Val Acc: 0.0750 | Val P/R/F1 (Macro): 0.0490/0.0869/0.0510 | LR: 0.000001
Epoch [69/100] | SVD update #69: pairs=465, sweeps=8, converged=True, rel_change=8.722e-04, effective_ranks=(314, 23), class_paired=True
Epoch [69/100] | Loss: 6.7151 (Cls: 6.6848, TAL: 0.1673, Adv: 0.1271, OT-Reg: 0.000960) | OT inner objective: -0.0694 | Marginal residual row/col/max: 2.07e-04/1.28e-08/2.07e-04 | Train Acc: 0.0536 | Val Acc: 0.0750 | Val P/R/F1 (Macro): 0.0718/0.1193/0.0785 | LR: 0.000001
Epoch [70/100] | SVD update #70: pairs=465, sweeps=9, converged=True, rel_change=3.594e-04, effective_ranks=(317, 22), class_paired=True
Epoch [70/100] | Loss: 7.0719 (Cls: 7.0555, TAL: 0.0313, Adv: 0.1587, OT-Reg: 0.000867) | OT inner objective: -0.0189 | Marginal residual row/col/max: 8.71e-05/1.53e-08/8.71e-05 | Train Acc: 0.1205 | Val Acc: 0.1500 | Val P/R/F1 (Macro): 0.1875/0.0917/0.1183 | LR: 0.000001
Epoch [71/100] | SVD update #71: pairs=465, sweeps=5, converged=True, rel_change=3.617e-04, effective_ranks=(315, 26), class_paired=True
Epoch [71/100] | Loss: 6.7034 (Cls: 6.6893, TAL: 0.0056, Adv: 0.1682, OT-Reg: 0.000933) | OT inner objective: 0.0279 | Marginal residual row/col/max: 6.07e-05/1.86e-08/6.07e-05 | Train Acc: 0.0960 | Val Acc: 0.1167 | Val P/R/F1 (Macro): 0.1481/0.1006/0.1095 | LR: 0.000001
Epoch [72/100] | SVD update #72: pairs=465, sweeps=8, converged=True, rel_change=3.523e-04, effective_ranks=(317, 27), class_paired=True
Epoch [72/100] | Loss: 6.2525 (Cls: 6.2312, TAL: 0.0486, Adv: 0.1935, OT-Reg: 0.000974) | OT inner objective: 0.1622 | Marginal residual row/col/max: 5.66e-05/3.06e-08/5.66e-05 | Train Acc: 0.2165 | Val Acc: 0.4000 | Val P/R/F1 (Macro): 0.3028/0.2471/0.2316 | LR: 0.000001
Epoch [73/100] | SVD update #73: pairs=465, sweeps=10, converged=False, rel_change=2.752e-02, effective_ranks=(316, 23), class_paired=True
Epoch [73/100] | Loss: 5.6399 (Cls: 5.6325, TAL: -0.1091, Adv: 0.2556, OT-Reg: 0.000889) | OT inner objective: -0.0748 | Marginal residual row/col/max: 1.65e-05/1.48e-08/1.65e-05 | Train Acc: 0.3036 | Val Acc: 0.4250 | Val P/R/F1 (Macro): 0.3634/0.4644/0.3614 | LR: 0.000001
Epoch [74/100] | SVD update #74: pairs=465, sweeps=10, converged=False, rel_change=1.212e-03, effective_ranks=(316, 24), class_paired=True
Epoch [74/100] | Loss: 5.7148 (Cls: 5.6962, TAL: 0.0476, Adv: 0.1615, OT-Reg: 0.001065) | OT inner objective: -0.0020 | Marginal residual row/col/max: 1.60e-05/1.12e-08/1.60e-05 | Train Acc: 0.2679 | Val Acc: 0.3167 | Val P/R/F1 (Macro): 0.3920/0.3775/0.3646 | LR: 0.000001
Epoch [75/100] | SVD update #75: pairs=465, sweeps=6, converged=True, rel_change=4.253e-04, effective_ranks=(317, 22), class_paired=True
Epoch [75/100] | Loss: 5.7849 (Cls: 5.7625, TAL: 0.0597, Adv: 0.1904, OT-Reg: 0.000949) | OT inner objective: -0.0388 | Marginal residual row/col/max: 3.26e-05/1.10e-08/3.26e-05 | Train Acc: 0.1987 | Val Acc: 0.1583 | Val P/R/F1 (Macro): 0.1654/0.2354/0.1462 | LR: 0.000001
Epoch [76/100] | SVD update #76: pairs=465, sweeps=6, converged=True, rel_change=5.002e-04, effective_ranks=(316, 24), class_paired=True
Epoch [76/100] | Loss: 5.6064 (Cls: 5.6263, TAL: -0.2912, Adv: 0.1871, OT-Reg: 0.000932) | OT inner objective: -0.0932 | Marginal residual row/col/max: 9.76e-05/2.09e-08/9.76e-05 | Train Acc: 0.3862 | Val Acc: 0.1250 | Val P/R/F1 (Macro): 0.3169/0.3825/0.2339 | LR: 0.000001
Epoch [77/100] | SVD update #77: pairs=465, sweeps=8, converged=True, rel_change=4.302e-04, effective_ranks=(316, 24), class_paired=True
Epoch [77/100] | Loss: 5.5094 (Cls: 5.5256, TAL: -0.2281, Adv: 0.1401, OT-Reg: 0.000946) | OT inner objective: -0.1712 | Marginal residual row/col/max: 7.24e-05/1.45e-08/7.24e-05 | Train Acc: 0.3817 | Val Acc: 0.1750 | Val P/R/F1 (Macro): 0.3158/0.3986/0.2623 | LR: 0.000001
Epoch [78/100] | SVD update #78: pairs=465, sweeps=5, converged=True, rel_change=6.865e-04, effective_ranks=(317, 24), class_paired=True
Epoch [78/100] | Loss: 5.4156 (Cls: 5.4429, TAL: -0.3149, Adv: 0.1312, OT-Reg: 0.000962) | OT inner objective: -0.1071 | Marginal residual row/col/max: 6.13e-05/1.88e-08/6.13e-05 | Train Acc: 0.4018 | Val Acc: 0.0917 | Val P/R/F1 (Macro): 0.2267/0.3361/0.1916 | LR: 0.000001
Epoch [79/100] | SVD update #79: pairs=465, sweeps=6, converged=True, rel_change=8.788e-04, effective_ranks=(315, 21), class_paired=True
Epoch [79/100] | Loss: 5.4440 (Cls: 5.4547, TAL: -0.2677, Adv: 0.2684, OT-Reg: 0.001001) | OT inner objective: -0.1983 | Marginal residual row/col/max: 4.69e-05/1.08e-08/4.69e-05 | Train Acc: 0.4196 | Val Acc: 0.1417 | Val P/R/F1 (Macro): 0.2942/0.3882/0.2392 | LR: 0.000001
Epoch [80/100] | SVD update #80: pairs=465, sweeps=8, converged=True, rel_change=9.115e-04, effective_ranks=(315, 23), class_paired=True
Epoch [80/100] | Loss: 5.2982 (Cls: 5.3050, TAL: -0.3064, Adv: 0.3741, OT-Reg: 0.000966) | OT inner objective: -0.0778 | Marginal residual row/col/max: 1.62e-04/2.34e-08/1.62e-04 | Train Acc: 0.3951 | Val Acc: 0.1750 | Val P/R/F1 (Macro): 0.2708/0.4395/0.2703 | LR: 0.000001
Epoch [81/100] | SVD update #81: pairs=465, sweeps=6, converged=True, rel_change=3.385e-04, effective_ranks=(316, 23), class_paired=True
Epoch [81/100] | Loss: 5.0823 (Cls: 5.0981, TAL: -0.3170, Adv: 0.2774, OT-Reg: 0.000980) | OT inner objective: -0.1469 | Marginal residual row/col/max: 1.32e-04/2.30e-08/1.32e-04 | Train Acc: 0.4554 | Val Acc: 0.1667 | Val P/R/F1 (Macro): 0.2505/0.4255/0.2554 | LR: 0.000001
Epoch [82/100] | SVD update #82: pairs=465, sweeps=4, converged=True, rel_change=4.694e-04, effective_ranks=(317, 21), class_paired=True
Epoch [82/100] | Loss: 4.8875 (Cls: 4.9188, TAL: -0.3777, Adv: 0.1750, OT-Reg: 0.000971) | OT inner objective: -0.1193 | Marginal residual row/col/max: 2.26e-04/1.64e-08/2.26e-04 | Train Acc: 0.4576 | Val Acc: 0.1250 | Val P/R/F1 (Macro): 0.3403/0.3357/0.2376 | LR: 0.000001
Epoch [83/100] | SVD update #83: pairs=465, sweeps=10, converged=False, rel_change=6.234e-03, effective_ranks=(310, 20), class_paired=True
Epoch [83/100] | Loss: 5.1190 (Cls: 5.1187, TAL: -0.1760, Adv: 0.2680, OT-Reg: 0.000925) | OT inner objective: -0.0516 | Marginal residual row/col/max: 4.73e-05/2.83e-08/4.73e-05 | Train Acc: 0.3884 | Val Acc: 0.2167 | Val P/R/F1 (Macro): 0.3774/0.4192/0.2983 | LR: 0.000001
Epoch [84/100] | SVD update #84: pairs=465, sweeps=7, converged=True, rel_change=8.780e-04, effective_ranks=(315, 21), class_paired=True
Epoch [84/100] | Loss: 5.3421 (Cls: 5.3183, TAL: 0.0569, Adv: 0.2124, OT-Reg: 0.000933) | OT inner objective: 0.0643 | Marginal residual row/col/max: 5.51e-06/1.48e-08/5.51e-06 | Train Acc: 0.1964 | Val Acc: 0.1500 | Val P/R/F1 (Macro): 0.1542/0.2235/0.1337 | LR: 0.000001
Epoch [85/100] | SVD update #85: pairs=465, sweeps=6, converged=True, rel_change=7.895e-05, effective_ranks=(316, 20), class_paired=True
Epoch [85/100] | Loss: 5.2551 (Cls: 5.2242, TAL: 0.0322, Adv: 0.3382, OT-Reg: 0.000976) | OT inner objective: 0.0073 | Marginal residual row/col/max: 4.92e-05/1.42e-08/4.92e-05 | Train Acc: 0.2277 | Val Acc: 0.1250 | Val P/R/F1 (Macro): 0.1367/0.2208/0.1175 | LR: 0.000001
Epoch [86/100] | SVD update #86: pairs=465, sweeps=9, converged=True, rel_change=9.907e-04, effective_ranks=(317, 24), class_paired=True
Epoch [86/100] | Loss: 4.7640 (Cls: 4.7784, TAL: -0.2504, Adv: 0.1962, OT-Reg: 0.000939) | OT inner objective: -0.1211 | Marginal residual row/col/max: 8.63e-05/2.30e-08/8.63e-05 | Train Acc: 0.4688 | Val Acc: 0.1167 | Val P/R/F1 (Macro): 0.3300/0.3561/0.2608 | LR: 0.000001
Epoch [87/100] | SVD update #87: pairs=465, sweeps=8, converged=True, rel_change=9.806e-04, effective_ranks=(316, 27), class_paired=True
Epoch [87/100] | Loss: 5.0586 (Cls: 5.0744, TAL: -0.3078, Adv: 0.2646, OT-Reg: 0.000947) | OT inner objective: -0.1518 | Marginal residual row/col/max: 1.44e-04/1.85e-08/1.44e-04 | Train Acc: 0.4732 | Val Acc: 0.2333 | Val P/R/F1 (Macro): 0.3296/0.5026/0.3107 | LR: 0.000001
Epoch [88/100] | SVD update #88: pairs=465, sweeps=10, converged=False, rel_change=2.917e-01, effective_ranks=(315, 22), class_paired=True
Epoch [88/100] | Loss: 5.8707 (Cls: 5.8786, TAL: -0.2114, Adv: 0.2184, OT-Reg: 0.000977) | OT inner objective: -0.0609 | Marginal residual row/col/max: 5.02e-05/1.58e-08/5.02e-05 | Train Acc: 0.4219 | Val Acc: 0.1750 | Val P/R/F1 (Macro): 0.3932/0.3892/0.2862 | LR: 0.000001
Epoch [89/100] | SVD update #89: pairs=465, sweeps=6, converged=True, rel_change=2.430e-04, effective_ranks=(317, 27), class_paired=True
Epoch [89/100] | Loss: 6.1602 (Cls: 6.1931, TAL: -0.3870, Adv: 0.1697, OT-Reg: 0.000952) | OT inner objective: -0.1104 | Marginal residual row/col/max: 2.01e-04/2.46e-08/2.01e-04 | Train Acc: 0.2723 | Val Acc: 0.2417 | Val P/R/F1 (Macro): 0.3772/0.3372/0.2603 | LR: 0.000001
Epoch [90/100] | SVD update #90: pairs=465, sweeps=8, converged=True, rel_change=4.858e-04, effective_ranks=(316, 25), class_paired=True
Epoch [90/100] | Loss: 6.2934 (Cls: 6.3023, TAL: -0.2326, Adv: 0.2371, OT-Reg: 0.000961) | OT inner objective: -0.1449 | Marginal residual row/col/max: 1.71e-04/2.22e-08/1.71e-04 | Train Acc: 0.2143 | Val Acc: 0.2667 | Val P/R/F1 (Macro): 0.2365/0.2799/0.2104 | LR: 0.000001
Epoch [91/100] | SVD update #91: pairs=465, sweeps=5, converged=True, rel_change=2.953e-04, effective_ranks=(317, 22), class_paired=True
Epoch [91/100] | Loss: 6.1258 (Cls: 6.1520, TAL: -0.3412, Adv: 0.1846, OT-Reg: 0.000873) | OT inner objective: -0.0632 | Marginal residual row/col/max: 6.10e-05/2.09e-08/6.10e-05 | Train Acc: 0.2612 | Val Acc: 0.1083 | Val P/R/F1 (Macro): 0.1962/0.2563/0.1413 | LR: 0.000001
Epoch [92/100] | SVD update #92: pairs=465, sweeps=8, converged=True, rel_change=1.337e-04, effective_ranks=(315, 21), class_paired=True
Epoch [92/100] | Loss: 5.3657 (Cls: 5.3640, TAL: -0.1077, Adv: 0.1833, OT-Reg: 0.000939) | OT inner objective: 0.0302 | Marginal residual row/col/max: 1.67e-04/2.49e-08/1.67e-04 | Train Acc: 0.2701 | Val Acc: 0.1083 | Val P/R/F1 (Macro): 0.0734/0.2010/0.0725 | LR: 0.000001
Epoch [93/100] | SVD update #93: pairs=465, sweeps=7, converged=True, rel_change=5.952e-04, effective_ranks=(316, 25), class_paired=True
Epoch [93/100] | Loss: 4.9625 (Cls: 4.9849, TAL: -0.3334, Adv: 0.2202, OT-Reg: 0.000914) | OT inner objective: -0.1454 | Marginal residual row/col/max: 3.00e-04/2.26e-08/3.00e-04 | Train Acc: 0.4330 | Val Acc: 0.1667 | Val P/R/F1 (Macro): 0.3024/0.3261/0.2423 | LR: 0.000001
Epoch [94/100] | SVD update #94: pairs=465, sweeps=10, converged=False, rel_change=5.410e-01, effective_ranks=(311, 22), class_paired=True
Epoch [94/100] | Loss: 4.7773 (Cls: 4.7985, TAL: -0.2664, Adv: 0.1344, OT-Reg: 0.000875) | OT inner objective: -0.1725 | Marginal residual row/col/max: 2.37e-04/2.01e-08/2.37e-04 | Train Acc: 0.4554 | Val Acc: 0.0833 | Val P/R/F1 (Macro): 0.1897/0.3406/0.2050 | LR: 0.000001
Epoch [95/100] | SVD update #95: pairs=465, sweeps=10, converged=False, rel_change=1.172e-03, effective_ranks=(313, 21), class_paired=True
Epoch [95/100] | Loss: 5.5164 (Cls: 5.4863, TAL: 0.0361, Adv: 0.3223, OT-Reg: 0.000887) | OT inner objective: -0.0182 | Marginal residual row/col/max: 2.05e-04/2.21e-08/2.05e-04 | Train Acc: 0.2143 | Val Acc: 0.1667 | Val P/R/F1 (Macro): 0.1862/0.2195/0.1242 | LR: 0.000001
Epoch [96/100] | SVD update #96: pairs=465, sweeps=10, converged=False, rel_change=4.534e-01, effective_ranks=(314, 21), class_paired=True
Epoch [96/100] | Loss: 5.0494 (Cls: 5.0506, TAL: -0.1053, Adv: 0.1418, OT-Reg: 0.000857) | OT inner objective: -0.1088 | Marginal residual row/col/max: 3.05e-04/2.04e-08/3.05e-04 | Train Acc: 0.3661 | Val Acc: 0.3750 | Val P/R/F1 (Macro): 0.3138/0.4047/0.3306 | LR: 0.000001
Epoch [97/100] | SVD update #97: pairs=465, sweeps=10, converged=False, rel_change=9.076e-03, effective_ranks=(315, 23), class_paired=True
Epoch [97/100] | Loss: 5.4959 (Cls: 5.4899, TAL: -0.0773, Adv: 0.1916, OT-Reg: 0.000904) | OT inner objective: -0.0235 | Marginal residual row/col/max: 8.12e-05/1.86e-08/8.12e-05 | Train Acc: 0.3304 | Val Acc: 0.2083 | Val P/R/F1 (Macro): 0.2362/0.2520/0.2040 | LR: 0.000001
Epoch [98/100] | SVD update #98: pairs=465, sweeps=10, converged=False, rel_change=9.617e-03, effective_ranks=(314, 27), class_paired=True
Epoch [98/100] | Loss: 4.9057 (Cls: 4.9344, TAL: -0.3440, Adv: 0.1566, OT-Reg: 0.000947) | OT inner objective: -0.1549 | Marginal residual row/col/max: 2.33e-04/1.98e-08/2.33e-04 | Train Acc: 0.4665 | Val Acc: 0.2167 | Val P/R/F1 (Macro): 0.3257/0.4863/0.2931 | LR: 0.000001
Epoch [99/100] | SVD update #99: pairs=465, sweeps=4, converged=True, rel_change=4.679e-04, effective_ranks=(317, 24), class_paired=True
Epoch [99/100] | Loss: 5.1152 (Cls: 5.1416, TAL: -0.3208, Adv: 0.1511, OT-Reg: 0.000918) | OT inner objective: -0.0873 | Marginal residual row/col/max: 2.29e-04/2.08e-08/2.29e-04 | Train Acc: 0.4598 | Val Acc: 0.1833 | Val P/R/F1 (Macro): 0.4399/0.4765/0.2728 | LR: 0.000001
Epoch [100/100] | SVD update #100: pairs=465, sweeps=4, converged=True, rel_change=6.880e-04, effective_ranks=(315, 26), class_paired=True
Epoch [100/100] | Loss: 4.8680 (Cls: 4.9061, TAL: -0.3974, Adv: 0.1199, OT-Reg: 0.000873) | OT inner objective: -0.1622 | Marginal residual row/col/max: 1.83e-04/1.78e-08/1.83e-04 | Train Acc: 0.4464 | Val Acc: 0.1917 | Val P/R/F1 (Macro): 0.2965/0.4724/0.2755 | LR: 0.000001
Report strategy: best, window=10, reported_acc=0.5333, best_acc=0.5333, selected_epoch=46

迭代 5 报告指标:
  Accuracy: 0.5333
  Precision (Macro): 0.6291
  Recall (Macro): 0.6656
  F1 (Macro): 0.5815
  Precision (Micro): 0.5333
  Recall (Micro): 0.5333
  F1 (Micro): 0.5333
  Val class coverage: 8/14 (0.5714), samples=120

================================================================================
5次迭代统计结果
================================================================================

accuracy:
  各迭代值: ['0.5083', '0.4833', '0.4583', '0.5500', '0.5333']
  均值 (Mean): 0.5067
  标准差 (Std): 0.0331

precision_macro:
  各迭代值: ['0.4686', '0.4144', '0.4266', '0.6374', '0.6291']
  均值 (Mean): 0.5152
  标准差 (Std): 0.0981

recall_macro:
  各迭代值: ['0.5097', '0.4754', '0.4821', '0.5148', '0.6656']
  均值 (Mean): 0.5295
  标准差 (Std): 0.0697

f1_macro:
  各迭代值: ['0.4534', '0.3972', '0.4036', '0.4757', '0.5815']
  均值 (Mean): 0.4623
  标准差 (Std): 0.0666

precision_micro:
  各迭代值: ['0.5083', '0.4833', '0.4583', '0.5500', '0.5333']
  均值 (Mean): 0.5067
  标准差 (Std): 0.0331

recall_micro:
  各迭代值: ['0.5083', '0.4833', '0.4583', '0.5500', '0.5333']
  均值 (Mean): 0.5067
  标准差 (Std): 0.0331

f1_micro:
  各迭代值: ['0.5083', '0.4833', '0.4583', '0.5500', '0.5333']
  均值 (Mean): 0.5067
  标准差 (Std): 0.0331

val_class_coverage:
  各迭代值: ['0.5714', '0.5714', '0.5714', '0.5714', '0.5714']
  均值 (Mean): 0.5714
  标准差 (Std): 0.0000

val_present_classes:
  各迭代值: ['8.0000', '8.0000', '8.0000', '8.0000', '8.0000']
  均值 (Mean): 8.0000
  标准差 (Std): 0.0000

val_total_classes:
  各迭代值: ['14.0000', '14.0000', '14.0000', '14.0000', '14.0000']
  均值 (Mean): 14.0000
  标准差 (Std): 0.0000

val_samples:
  各迭代值: ['120.0000', '120.0000', '120.0000', '120.0000', '120.0000']
  均值 (Mean): 120.0000
  标准差 (Std): 0.0000

训练结束时间: 2026-10-02 10:42:38
================================================================================

================================================================================
模块消融实验完成，结果汇总:
================================================================================
01. Full: Tensor+OT | target=逆光 | Accuracy: 0.5667 ± 0.1173
02. Full: Tensor+OT | target=雨天 | Accuracy: 0.5385 ± 0.0973
03. Full: Tensor+OT | target=雾天 | Accuracy: 0.4243 ± 0.0336
04. Full: Tensor+OT | target=黑天 | Accuracy: 0.5067 ± 0.0331
================================================================================
