nohup: 忽略输入

[Batch 1/4] Full: Tensor+OT, target=逆光
================================================================================
模块消融实验 - with_tensor_with_ot
目标域天气: 逆光
训练开始时间: 2026-09-24 10:42:56
设备: cuda
源域: /mnt/data/lixiang/data/Data/晴天
目标域: /mnt/data/lixiang/data/Data/逆光
批次大小: 32
总轮数: 100
迭代次数: 5
使用Tensor模块: 是
使用OT模块: 是
特征融合方式: Tensor对齐
域对齐方式: 最优传输
目标标签比例/权重: 1.0/1.0
Tensor/Adv损失权重: 0.12/0.08
Tensor投影维度/更新: 64/每epoch一次; SVD统计批次=32
学习率: feature=5e-06, other=0.0002, weight_decay=0.0005
报告策略: last_window, 窗口: 10
================================================================================

================================================================================
迭代 1/5
随机种子: 42
================================================================================
配对采样器已初始化，共 9 个共有类别。
Training mode: full target-label supervision (class-paired batches).
Feature fusion: Tensor alignment (512+512 -> 64+64); fused_dim=128
Domain adaptation: Neural OT generator with 3-domain discriminator
Loss weights: tensor=0.12, adv=0.08
Transport: mode=sinkhorn, epsilon=0.1, Sinkhorn iterations=50, correction scale=0.1, correction regularization weight=0.001
Tensor projection update: once per epoch from the complete target-training pairing bank; projection_dim=64, max_sweeps=3, relative singular-value tolerance=0.0001
Epoch [1/100] | SVD update #1: pairs=128, sweeps=3, converged=True, rel_change=5.751e-06, effective_ranks=(127, 121), class_paired=True
Epoch [1/100] | Loss: 8.7560 (Cls: 8.7633, TAL: -0.2389, Adv: 0.2679, OT-Reg: 0.000700) | OT inner objective: 0.2443 | Marginal residual row/col/max: 1.07e-08/1.12e-08/1.21e-08 | Train Acc: 0.0938 | Val Acc: 0.0556 | Val P/R/F1 (Macro): 0.0679/0.0556/0.0541 | LR: 0.000005
  >>> New Best Val Acc: 0.0556
Epoch [2/100] | SVD update #2: pairs=128, sweeps=3, converged=False, rel_change=1.281e-04, effective_ranks=(127, 119), class_paired=True
Epoch [2/100] | Loss: 8.7156 (Cls: 8.7193, TAL: -0.1495, Adv: 0.1782, OT-Reg: 0.000679) | OT inner objective: 0.2397 | Marginal residual row/col/max: 9.31e-09/1.30e-08/1.30e-08 | Train Acc: 0.1406 | Val Acc: 0.1944 | Val P/R/F1 (Macro): 0.1037/0.2556/0.1280 | LR: 0.000005
  >>> New Best Val Acc: 0.1944
Epoch [3/100] | SVD update #3: pairs=128, sweeps=3, converged=False, rel_change=8.540e-04, effective_ranks=(127, 85), class_paired=True
Epoch [3/100] | Loss: 7.5453 (Cls: 7.5484, TAL: -0.1623, Adv: 0.2049, OT-Reg: 0.000668) | OT inner objective: 0.2456 | Marginal residual row/col/max: 1.07e-08/1.16e-08/1.26e-08 | Train Acc: 0.1406 | Val Acc: 0.3889 | Val P/R/F1 (Macro): 0.2556/0.2870/0.2669 | LR: 0.000005
  >>> New Best Val Acc: 0.3889
Epoch [4/100] | SVD update #4: pairs=128, sweeps=3, converged=False, rel_change=7.921e-04, effective_ranks=(127, 76), class_paired=True
Epoch [4/100] | Loss: 7.9195 (Cls: 7.9448, TAL: -0.3206, Adv: 0.1653, OT-Reg: 0.000654) | OT inner objective: 0.2568 | Marginal residual row/col/max: 9.31e-09/1.30e-08/1.30e-08 | Train Acc: 0.2031 | Val Acc: 0.2222 | Val P/R/F1 (Macro): 0.1157/0.1713/0.1331 | LR: 0.000005
Epoch [5/100] | SVD update #5: pairs=128, sweeps=3, converged=False, rel_change=1.583e-02, effective_ranks=(127, 100), class_paired=True
Epoch [5/100] | Loss: 7.9232 (Cls: 7.9226, TAL: -0.1386, Adv: 0.2153, OT-Reg: 0.000575) | OT inner objective: 0.2691 | Marginal residual row/col/max: 1.07e-08/1.54e-08/1.58e-08 | Train Acc: 0.1250 | Val Acc: 0.3056 | Val P/R/F1 (Macro): 0.2287/0.2407/0.1725 | LR: 0.000005
Epoch [6/100] | SVD update #6: pairs=128, sweeps=3, converged=False, rel_change=1.303e+00, effective_ranks=(127, 64), class_paired=True
Epoch [6/100] | Loss: 8.1259 (Cls: 8.1147, TAL: -0.0186, Adv: 0.1677, OT-Reg: 0.000598) | OT inner objective: 0.2598 | Marginal residual row/col/max: 8.38e-09/1.40e-08/1.40e-08 | Train Acc: 0.0703 | Val Acc: 0.1944 | Val P/R/F1 (Macro): 0.0833/0.1019/0.0889 | LR: 0.000005
Epoch [7/100] | SVD update #7: pairs=128, sweeps=3, converged=False, rel_change=7.293e-02, effective_ranks=(127, 57), class_paired=True
Epoch [7/100] | Loss: 8.0262 (Cls: 7.9842, TAL: 0.2288, Adv: 0.1819, OT-Reg: 0.000670) | OT inner objective: 0.2603 | Marginal residual row/col/max: 1.07e-08/1.49e-08/1.58e-08 | Train Acc: 0.1094 | Val Acc: 0.1111 | Val P/R/F1 (Macro): 0.0335/0.1204/0.0519 | LR: 0.000005
Epoch [8/100] | SVD update #8: pairs=128, sweeps=3, converged=False, rel_change=1.855e-02, effective_ranks=(126, 47), class_paired=True
Epoch [8/100] | Loss: 8.1197 (Cls: 8.0692, TAL: 0.3108, Adv: 0.1654, OT-Reg: 0.000749) | OT inner objective: 0.2682 | Marginal residual row/col/max: 9.78e-09/2.14e-08/2.14e-08 | Train Acc: 0.0547 | Val Acc: 0.0278 | Val P/R/F1 (Macro): 0.0123/0.0185/0.0148 | LR: 0.000005
Epoch [9/100] | SVD update #9: pairs=128, sweeps=3, converged=False, rel_change=3.700e-02, effective_ranks=(127, 48), class_paired=True
Epoch [9/100] | Loss: 7.8467 (Cls: 7.7951, TAL: 0.3144, Adv: 0.1726, OT-Reg: 0.000681) | OT inner objective: 0.2438 | Marginal residual row/col/max: 9.78e-09/9.31e-09/1.02e-08 | Train Acc: 0.1016 | Val Acc: 0.2222 | Val P/R/F1 (Macro): 0.1329/0.1898/0.1542 | LR: 0.000005
Epoch [10/100] | SVD update #10: pairs=128, sweeps=3, converged=False, rel_change=2.685e-02, effective_ranks=(127, 35), class_paired=True
Epoch [10/100] | Loss: 8.0285 (Cls: 7.9943, TAL: 0.1176, Adv: 0.2509, OT-Reg: 0.000665) | OT inner objective: 0.2527 | Marginal residual row/col/max: 9.78e-09/1.96e-08/1.96e-08 | Train Acc: 0.0781 | Val Acc: 0.0556 | Val P/R/F1 (Macro): 0.0344/0.0417/0.0370 | LR: 0.000005
Epoch [11/100] | SVD update #11: pairs=128, sweeps=3, converged=False, rel_change=3.071e-02, effective_ranks=(127, 30), class_paired=True
Epoch [11/100] | Loss: 7.8013 (Cls: 7.7452, TAL: 0.3463, Adv: 0.1817, OT-Reg: 0.000657) | OT inner objective: 0.2665 | Marginal residual row/col/max: 1.02e-08/1.16e-08/1.16e-08 | Train Acc: 0.1484 | Val Acc: 0.1389 | Val P/R/F1 (Macro): 0.0504/0.0870/0.0617 | LR: 0.000005
Epoch [12/100] | SVD update #12: pairs=128, sweeps=3, converged=False, rel_change=9.200e-02, effective_ranks=(127, 25), class_paired=True
Epoch [12/100] | Loss: 7.9133 (Cls: 7.8877, TAL: 0.0901, Adv: 0.1848, OT-Reg: 0.000808) | OT inner objective: 0.2575 | Marginal residual row/col/max: 8.38e-09/1.96e-08/1.96e-08 | Train Acc: 0.1016 | Val Acc: 0.0833 | Val P/R/F1 (Macro): 0.1352/0.1435/0.1355 | LR: 0.000005
Epoch [13/100] | SVD update #13: pairs=128, sweeps=3, converged=False, rel_change=4.119e-02, effective_ranks=(127, 32), class_paired=True
Epoch [13/100] | Loss: 7.5852 (Cls: 7.5466, TAL: 0.2020, Adv: 0.1792, OT-Reg: 0.000723) | OT inner objective: 0.2467 | Marginal residual row/col/max: 1.35e-08/1.68e-08/1.68e-08 | Train Acc: 0.0859 | Val Acc: 0.0833 | Val P/R/F1 (Macro): 0.0648/0.0463/0.0494 | LR: 0.000005
Epoch [14/100] | SVD update #14: pairs=128, sweeps=3, converged=False, rel_change=7.744e-03, effective_ranks=(127, 29), class_paired=True
Epoch [14/100] | Loss: 7.6622 (Cls: 7.6265, TAL: 0.1685, Adv: 0.1942, OT-Reg: 0.000690) | OT inner objective: 0.2060 | Marginal residual row/col/max: 1.07e-08/2.00e-08/2.00e-08 | Train Acc: 0.0625 | Val Acc: 0.0833 | Val P/R/F1 (Macro): 0.0661/0.0509/0.0387 | LR: 0.000003
Epoch [15/100] | SVD update #15: pairs=128, sweeps=3, converged=False, rel_change=3.951e-02, effective_ranks=(127, 23), class_paired=True
Epoch [15/100] | Loss: 7.6222 (Cls: 7.5756, TAL: 0.2767, Adv: 0.1672, OT-Reg: 0.000645) | OT inner objective: 0.2179 | Marginal residual row/col/max: 1.21e-08/1.40e-08/1.40e-08 | Train Acc: 0.0938 | Val Acc: 0.0278 | Val P/R/F1 (Macro): 0.0074/0.0278/0.0117 | LR: 0.000003
Epoch [16/100] | SVD update #16: pairs=128, sweeps=3, converged=False, rel_change=3.656e-02, effective_ranks=(127, 22), class_paired=True
Epoch [16/100] | Loss: 7.7587 (Cls: 7.7105, TAL: 0.2742, Adv: 0.1915, OT-Reg: 0.000764) | OT inner objective: 0.2446 | Marginal residual row/col/max: 1.02e-08/2.79e-08/2.79e-08 | Train Acc: 0.1172 | Val Acc: 0.0278 | Val P/R/F1 (Macro): 0.0079/0.0278/0.0123 | LR: 0.000003
Epoch [17/100] | SVD update #17: pairs=128, sweeps=3, converged=False, rel_change=1.749e-02, effective_ranks=(127, 24), class_paired=True
Epoch [17/100] | Loss: 7.8763 (Cls: 7.8195, TAL: 0.3386, Adv: 0.2014, OT-Reg: 0.000709) | OT inner objective: 0.2223 | Marginal residual row/col/max: 1.07e-08/1.72e-08/1.72e-08 | Train Acc: 0.0781 | Val Acc: 0.0556 | Val P/R/F1 (Macro): 0.0101/0.0556/0.0171 | LR: 0.000003
Epoch [18/100] | SVD update #18: pairs=128, sweeps=3, converged=False, rel_change=5.920e-02, effective_ranks=(127, 21), class_paired=True
Epoch [18/100] | Loss: 7.6479 (Cls: 7.6056, TAL: 0.2397, Adv: 0.1687, OT-Reg: 0.000697) | OT inner objective: 0.2227 | Marginal residual row/col/max: 1.21e-08/2.42e-08/2.42e-08 | Train Acc: 0.1094 | Val Acc: 0.1111 | Val P/R/F1 (Macro): 0.0870/0.1611/0.0969 | LR: 0.000003
Epoch [19/100] | SVD update #19: pairs=128, sweeps=3, converged=False, rel_change=8.880e-02, effective_ranks=(127, 22), class_paired=True
Epoch [19/100] | Loss: 7.6474 (Cls: 7.6079, TAL: 0.1801, Adv: 0.2243, OT-Reg: 0.000702) | OT inner objective: 0.2333 | Marginal residual row/col/max: 1.07e-08/2.24e-08/2.33e-08 | Train Acc: 0.1016 | Val Acc: 0.0278 | Val P/R/F1 (Macro): 0.0139/0.1111/0.0247 | LR: 0.000003
Epoch [20/100] | SVD update #20: pairs=128, sweeps=3, converged=False, rel_change=1.797e-02, effective_ranks=(127, 21), class_paired=True
Epoch [20/100] | Loss: 7.9871 (Cls: 7.9454, TAL: 0.2060, Adv: 0.2119, OT-Reg: 0.000660) | OT inner objective: 0.1457 | Marginal residual row/col/max: 1.07e-08/1.49e-08/1.54e-08 | Train Acc: 0.0547 | Val Acc: 0.0278 | Val P/R/F1 (Macro): 0.0556/0.0278/0.0370 | LR: 0.000003
Epoch [21/100] | SVD update #21: pairs=128, sweeps=3, converged=False, rel_change=6.670e-02, effective_ranks=(126, 19), class_paired=True
Epoch [21/100] | Loss: 7.5144 (Cls: 7.4754, TAL: 0.2043, Adv: 0.1809, OT-Reg: 0.000664) | OT inner objective: 0.1998 | Marginal residual row/col/max: 1.02e-08/2.65e-08/2.65e-08 | Train Acc: 0.1094 | Val Acc: 0.0000 | Val P/R/F1 (Macro): 0.0000/0.0000/0.0000 | LR: 0.000003
Epoch [22/100] | SVD update #22: pairs=128, sweeps=3, converged=False, rel_change=2.202e-01, effective_ranks=(127, 22), class_paired=True
Epoch [22/100] | Loss: 7.5712 (Cls: 7.5709, TAL: -0.1273, Adv: 0.1957, OT-Reg: 0.000611) | OT inner objective: 0.1260 | Marginal residual row/col/max: 7.92e-09/1.07e-08/1.07e-08 | Train Acc: 0.0859 | Val Acc: 0.1389 | Val P/R/F1 (Macro): 0.0679/0.1806/0.0881 | LR: 0.000003
Epoch [23/100] | SVD update #23: pairs=128, sweeps=3, converged=False, rel_change=2.936e-01, effective_ranks=(127, 19), class_paired=True
Epoch [23/100] | Loss: 7.4510 (Cls: 7.4232, TAL: 0.0853, Adv: 0.2197, OT-Reg: 0.000612) | OT inner objective: 0.2131 | Marginal residual row/col/max: 1.07e-08/1.12e-08/1.35e-08 | Train Acc: 0.1328 | Val Acc: 0.0278 | Val P/R/F1 (Macro): 0.0139/0.0278/0.0185 | LR: 0.000003
Epoch [24/100] | SVD update #24: pairs=128, sweeps=3, converged=False, rel_change=5.523e-02, effective_ranks=(127, 25), class_paired=True
Epoch [24/100] | Loss: 7.3406 (Cls: 7.2930, TAL: 0.2251, Adv: 0.2576, OT-Reg: 0.000707) | OT inner objective: 0.2304 | Marginal residual row/col/max: 1.02e-08/3.03e-08/3.03e-08 | Train Acc: 0.1172 | Val Acc: 0.1389 | Val P/R/F1 (Macro): 0.1089/0.1102/0.0908 | LR: 0.000003
Epoch [25/100] | SVD update #25: pairs=128, sweeps=3, converged=False, rel_change=4.221e-02, effective_ranks=(127, 26), class_paired=True
Epoch [25/100] | Loss: 7.5341 (Cls: 7.5035, TAL: 0.1425, Adv: 0.1684, OT-Reg: 0.000727) | OT inner objective: 0.2128 | Marginal residual row/col/max: 1.12e-08/2.51e-08/2.51e-08 | Train Acc: 0.0781 | Val Acc: 0.1944 | Val P/R/F1 (Macro): 0.0525/0.1481/0.0741 | LR: 0.000001
Epoch [26/100] | SVD update #26: pairs=128, sweeps=3, converged=False, rel_change=2.744e-02, effective_ranks=(126, 20), class_paired=True
Epoch [26/100] | Loss: 7.5468 (Cls: 7.5118, TAL: 0.1981, Adv: 0.1415, OT-Reg: 0.000677) | OT inner objective: 0.2033 | Marginal residual row/col/max: 1.07e-08/2.61e-08/2.61e-08 | Train Acc: 0.1562 | Val Acc: 0.0278 | Val P/R/F1 (Macro): 0.0370/0.0222/0.0278 | LR: 0.000001
Epoch [27/100] | SVD update #27: pairs=128, sweeps=3, converged=False, rel_change=1.429e-02, effective_ranks=(127, 20), class_paired=True
Epoch [27/100] | Loss: 7.5008 (Cls: 7.4691, TAL: 0.1528, Adv: 0.1665, OT-Reg: 0.000688) | OT inner objective: 0.1654 | Marginal residual row/col/max: 2.05e-08/4.14e-08/4.38e-08 | Train Acc: 0.1562 | Val Acc: 0.0278 | Val P/R/F1 (Macro): 0.0139/0.0278/0.0185 | LR: 0.000001
Epoch [28/100] | SVD update #28: pairs=128, sweeps=3, converged=False, rel_change=1.062e-01, effective_ranks=(127, 19), class_paired=True
Epoch [28/100] | Loss: 7.3220 (Cls: 7.2933, TAL: 0.1323, Adv: 0.1594, OT-Reg: 0.000812) | OT inner objective: 0.2112 | Marginal residual row/col/max: 1.26e-08/2.24e-08/2.28e-08 | Train Acc: 0.1016 | Val Acc: 0.1111 | Val P/R/F1 (Macro): 0.2292/0.1065/0.1105 | LR: 0.000001
Epoch [29/100] | SVD update #29: pairs=128, sweeps=3, converged=False, rel_change=1.146e-01, effective_ranks=(126, 19), class_paired=True
Epoch [29/100] | Loss: 7.5429 (Cls: 7.4986, TAL: 0.2590, Adv: 0.1650, OT-Reg: 0.000648) | OT inner objective: 0.1965 | Marginal residual row/col/max: 1.12e-08/1.86e-08/1.86e-08 | Train Acc: 0.0703 | Val Acc: 0.0278 | Val P/R/F1 (Macro): 0.0556/0.1111/0.0741 | LR: 0.000001
Epoch [30/100] | SVD update #30: pairs=128, sweeps=3, converged=False, rel_change=3.418e-03, effective_ranks=(127, 20), class_paired=True
Epoch [30/100] | Loss: 7.6891 (Cls: 7.6452, TAL: 0.2566, Adv: 0.1639, OT-Reg: 0.000632) | OT inner objective: 0.1982 | Marginal residual row/col/max: 2.51e-08/3.35e-08/3.54e-08 | Train Acc: 0.1250 | Val Acc: 0.0833 | Val P/R/F1 (Macro): 0.0799/0.0926/0.0736 | LR: 0.000001
Epoch [31/100] | SVD update #31: pairs=128, sweeps=3, converged=False, rel_change=2.506e-03, effective_ranks=(127, 20), class_paired=True
Epoch [31/100] | Loss: 7.2574 (Cls: 7.2060, TAL: 0.3030, Adv: 0.1883, OT-Reg: 0.000711) | OT inner objective: 0.1412 | Marginal residual row/col/max: 1.63e-08/3.21e-08/3.21e-08 | Train Acc: 0.0859 | Val Acc: 0.2222 | Val P/R/F1 (Macro): 0.1173/0.2250/0.1440 | LR: 0.000001
Epoch [32/100] | SVD update #32: pairs=128, sweeps=3, converged=False, rel_change=2.831e-02, effective_ranks=(127, 21), class_paired=True
Epoch [32/100] | Loss: 7.3052 (Cls: 7.2577, TAL: 0.2696, Adv: 0.1895, OT-Reg: 0.000648) | OT inner objective: 0.1802 | Marginal residual row/col/max: 1.02e-08/1.77e-08/1.77e-08 | Train Acc: 0.0938 | Val Acc: 0.0833 | Val P/R/F1 (Macro): 0.1259/0.0500/0.0564 | LR: 0.000001
Epoch [33/100] | SVD update #33: pairs=128, sweeps=3, converged=False, rel_change=2.260e-02, effective_ranks=(127, 19), class_paired=True
Epoch [33/100] | Loss: 7.4934 (Cls: 7.4489, TAL: 0.2314, Adv: 0.2100, OT-Reg: 0.000722) | OT inner objective: 0.1718 | Marginal residual row/col/max: 1.02e-08/2.75e-08/2.75e-08 | Train Acc: 0.0781 | Val Acc: 0.0556 | Val P/R/F1 (Macro): 0.0224/0.0593/0.0296 | LR: 0.000001
Epoch [34/100] | SVD update #34: pairs=128, sweeps=3, converged=False, rel_change=1.369e-02, effective_ranks=(127, 21), class_paired=True
Epoch [34/100] | Loss: 7.3413 (Cls: 7.2879, TAL: 0.3043, Adv: 0.2104, OT-Reg: 0.000695) | OT inner objective: 0.1549 | Marginal residual row/col/max: 1.96e-08/4.19e-08/4.19e-08 | Train Acc: 0.0938 | Val Acc: 0.0278 | Val P/R/F1 (Macro): 0.0556/0.0222/0.0317 | LR: 0.000001
Epoch [35/100] | SVD update #35: pairs=128, sweeps=3, converged=False, rel_change=5.810e-02, effective_ranks=(127, 21), class_paired=True
Epoch [35/100] | Loss: 7.5287 (Cls: 7.4901, TAL: 0.1999, Adv: 0.1828, OT-Reg: 0.000648) | OT inner objective: 0.1805 | Marginal residual row/col/max: 1.07e-08/2.84e-08/2.84e-08 | Train Acc: 0.1172 | Val Acc: 0.0556 | Val P/R/F1 (Macro): 0.0432/0.0324/0.0295 | LR: 0.000001
Epoch [36/100] | SVD update #36: pairs=128, sweeps=3, converged=False, rel_change=4.925e-03, effective_ranks=(127, 19), class_paired=True
Epoch [36/100] | Loss: 7.3118 (Cls: 7.2707, TAL: 0.2219, Adv: 0.1806, OT-Reg: 0.000649) | OT inner objective: 0.1697 | Marginal residual row/col/max: 1.58e-08/3.40e-08/3.59e-08 | Train Acc: 0.1484 | Val Acc: 0.0556 | Val P/R/F1 (Macro): 0.0379/0.0500/0.0417 | LR: 0.000001
Epoch [37/100] | SVD update #37: pairs=128, sweeps=3, converged=False, rel_change=4.546e-03, effective_ranks=(127, 19), class_paired=True
Epoch [37/100] | Loss: 7.5473 (Cls: 7.5039, TAL: 0.2352, Adv: 0.1900, OT-Reg: 0.000594) | OT inner objective: 0.1635 | Marginal residual row/col/max: 1.40e-08/2.98e-08/2.98e-08 | Train Acc: 0.1172 | Val Acc: 0.0000 | Val P/R/F1 (Macro): 0.0000/0.0000/0.0000 | LR: 0.000001
Epoch [38/100] | SVD update #38: pairs=128, sweeps=3, converged=False, rel_change=3.510e-02, effective_ranks=(127, 19), class_paired=True
Epoch [38/100] | Loss: 7.3496 (Cls: 7.3263, TAL: 0.0903, Adv: 0.1551, OT-Reg: 0.000631) | OT inner objective: 0.0974 | Marginal residual row/col/max: 2.05e-08/3.68e-08/3.96e-08 | Train Acc: 0.1016 | Val Acc: 0.0000 | Val P/R/F1 (Macro): 0.0000/0.0000/0.0000 | LR: 0.000001
Epoch [39/100] | SVD update #39: pairs=128, sweeps=3, converged=False, rel_change=6.933e-03, effective_ranks=(127, 20), class_paired=True
Epoch [39/100] | Loss: 7.4702 (Cls: 7.4445, TAL: 0.0974, Adv: 0.1755, OT-Reg: 0.000722) | OT inner objective: 0.1710 | Marginal residual row/col/max: 1.77e-08/3.49e-08/3.49e-08 | Train Acc: 0.0625 | Val Acc: 0.0278 | Val P/R/F1 (Macro): 0.0370/0.0222/0.0278 | LR: 0.000001
Epoch [40/100] | SVD update #40: pairs=128, sweeps=3, converged=False, rel_change=9.879e-03, effective_ranks=(127, 19), class_paired=True
Epoch [40/100] | Loss: 7.4662 (Cls: 7.4411, TAL: 0.0868, Adv: 0.1836, OT-Reg: 0.000707) | OT inner objective: 0.1883 | Marginal residual row/col/max: 1.91e-08/4.14e-08/4.52e-08 | Train Acc: 0.0703 | Val Acc: 0.0556 | Val P/R/F1 (Macro): 0.1181/0.0509/0.0364 | LR: 0.000001
Epoch [41/100] | SVD update #41: pairs=128, sweeps=3, converged=False, rel_change=2.303e-02, effective_ranks=(127, 21), class_paired=True
Epoch [41/100] | Loss: 7.3169 (Cls: 7.2704, TAL: 0.2409, Adv: 0.2195, OT-Reg: 0.000666) | OT inner objective: 0.1486 | Marginal residual row/col/max: 2.24e-08/4.42e-08/4.52e-08 | Train Acc: 0.0781 | Val Acc: 0.0833 | Val P/R/F1 (Macro): 0.0333/0.0667/0.0444 | LR: 0.000001
Epoch [42/100] | SVD update #42: pairs=128, sweeps=3, converged=False, rel_change=4.172e-02, effective_ranks=(127, 21), class_paired=True
Epoch [42/100] | Loss: 7.6040 (Cls: 7.5562, TAL: 0.2207, Adv: 0.2664, OT-Reg: 0.000624) | OT inner objective: 0.0647 | Marginal residual row/col/max: 2.56e-08/1.72e-08/2.79e-08 | Train Acc: 0.1562 | Val Acc: 0.0278 | Val P/R/F1 (Macro): 0.0556/0.0278/0.0370 | LR: 0.000001
Epoch [43/100] | SVD update #43: pairs=128, sweeps=3, converged=False, rel_change=6.856e-03, effective_ranks=(127, 17), class_paired=True
Epoch [43/100] | Loss: 7.2835 (Cls: 7.2521, TAL: 0.1318, Adv: 0.1948, OT-Reg: 0.000623) | OT inner objective: 0.0717 | Marginal residual row/col/max: 2.44e-07/3.68e-08/2.51e-07 | Train Acc: 0.1172 | Val Acc: 0.2778 | Val P/R/F1 (Macro): 0.1310/0.2028/0.1574 | LR: 0.000001
Epoch [44/100] | SVD update #44: pairs=128, sweeps=3, converged=False, rel_change=5.784e-03, effective_ranks=(126, 20), class_paired=True
Epoch [44/100] | Loss: 7.3372 (Cls: 7.2829, TAL: 0.2765, Adv: 0.2638, OT-Reg: 0.000715) | OT inner objective: 0.1627 | Marginal residual row/col/max: 1.77e-08/3.21e-08/3.26e-08 | Train Acc: 0.1250 | Val Acc: 0.1944 | Val P/R/F1 (Macro): 0.2435/0.2685/0.2383 | LR: 0.000001
Epoch [45/100] | SVD update #45: pairs=128, sweeps=3, converged=False, rel_change=5.157e-02, effective_ranks=(127, 20), class_paired=True
Epoch [45/100] | Loss: 7.4011 (Cls: 7.3574, TAL: 0.2303, Adv: 0.2001, OT-Reg: 0.000679) | OT inner objective: 0.1140 | Marginal residual row/col/max: 9.78e-09/3.17e-08/3.17e-08 | Train Acc: 0.1172 | Val Acc: 0.0278 | Val P/R/F1 (Macro): 0.0278/0.0278/0.0278 | LR: 0.000001
Epoch [46/100] | SVD update #46: pairs=128, sweeps=3, converged=False, rel_change=5.111e-02, effective_ranks=(126, 21), class_paired=True
Epoch [46/100] | Loss: 7.3382 (Cls: 7.3331, TAL: -0.0698, Adv: 0.1680, OT-Reg: 0.000685) | OT inner objective: 0.1643 | Marginal residual row/col/max: 1.21e-08/2.10e-08/2.10e-08 | Train Acc: 0.1562 | Val Acc: 0.1389 | Val P/R/F1 (Macro): 0.1000/0.1278/0.1111 | LR: 0.000001
Epoch [47/100] | SVD update #47: pairs=128, sweeps=3, converged=False, rel_change=2.679e-01, effective_ranks=(127, 17), class_paired=True
Epoch [47/100] | Loss: 7.3089 (Cls: 7.2773, TAL: 0.1268, Adv: 0.2056, OT-Reg: 0.000650) | OT inner objective: 0.1539 | Marginal residual row/col/max: 4.66e-08/2.93e-08/5.87e-08 | Train Acc: 0.1328 | Val Acc: 0.0556 | Val P/R/F1 (Macro): 0.0363/0.1333/0.0406 | LR: 0.000001
Epoch [48/100] | SVD update #48: pairs=128, sweeps=3, converged=False, rel_change=2.903e-02, effective_ranks=(127, 18), class_paired=True
Epoch [48/100] | Loss: 7.0519 (Cls: 7.0393, TAL: -0.0186, Adv: 0.1857, OT-Reg: 0.000621) | OT inner objective: 0.0878 | Marginal residual row/col/max: 7.53e-07/3.26e-08/7.61e-07 | Train Acc: 0.1641 | Val Acc: 0.0833 | Val P/R/F1 (Macro): 0.0586/0.0694/0.0578 | LR: 0.000001
Epoch [49/100] | SVD update #49: pairs=128, sweeps=3, converged=False, rel_change=1.204e-02, effective_ranks=(127, 17), class_paired=True
Epoch [49/100] | Loss: 7.3649 (Cls: 7.3375, TAL: 0.0637, Adv: 0.2466, OT-Reg: 0.000670) | OT inner objective: 0.1148 | Marginal residual row/col/max: 1.49e-08/3.35e-08/3.54e-08 | Train Acc: 0.0547 | Val Acc: 0.0556 | Val P/R/F1 (Macro): 0.0401/0.0417/0.0356 | LR: 0.000001
Epoch [50/100] | SVD update #50: pairs=128, sweeps=3, converged=False, rel_change=1.006e-02, effective_ranks=(127, 16), class_paired=True
Epoch [50/100] | Loss: 7.2710 (Cls: 7.2525, TAL: -0.0451, Adv: 0.2981, OT-Reg: 0.000654) | OT inner objective: 0.0811 | Marginal residual row/col/max: 1.98e-06/2.24e-08/1.98e-06 | Train Acc: 0.0859 | Val Acc: 0.1389 | Val P/R/F1 (Macro): 0.0833/0.1139/0.0822 | LR: 0.000001
Epoch [51/100] | SVD update #51: pairs=128, sweeps=3, converged=False, rel_change=2.772e-02, effective_ranks=(127, 18), class_paired=True
Epoch [51/100] | Loss: 7.3796 (Cls: 7.3692, TAL: -0.0638, Adv: 0.2257, OT-Reg: 0.000627) | OT inner objective: 0.0861 | Marginal residual row/col/max: 3.76e-06/2.56e-08/3.76e-06 | Train Acc: 0.0859 | Val Acc: 0.0833 | Val P/R/F1 (Macro): 0.0525/0.1556/0.0762 | LR: 0.000001
Epoch [52/100] | SVD update #52: pairs=128, sweeps=3, converged=False, rel_change=9.517e-03, effective_ranks=(127, 19), class_paired=True
Epoch [52/100] | Loss: 7.5496 (Cls: 7.5219, TAL: 0.0837, Adv: 0.2205, OT-Reg: 0.000705) | OT inner objective: 0.1519 | Marginal residual row/col/max: 2.79e-08/3.17e-08/3.86e-08 | Train Acc: 0.1641 | Val Acc: 0.1944 | Val P/R/F1 (Macro): 0.0854/0.1667/0.0988 | LR: 0.000001
Epoch [53/100] | SVD update #53: pairs=128, sweeps=3, converged=False, rel_change=2.768e-02, effective_ranks=(127, 19), class_paired=True
Epoch [53/100] | Loss: 7.3081 (Cls: 7.2626, TAL: 0.2006, Adv: 0.2674, OT-Reg: 0.000645) | OT inner objective: 0.1641 | Marginal residual row/col/max: 1.21e-08/3.63e-08/3.63e-08 | Train Acc: 0.1016 | Val Acc: 0.1111 | Val P/R/F1 (Macro): 0.1222/0.0861/0.0986 | LR: 0.000001
Epoch [54/100] | SVD update #54: pairs=128, sweeps=3, converged=False, rel_change=1.620e-02, effective_ranks=(127, 18), class_paired=True
Epoch [54/100] | Loss: 7.3133 (Cls: 7.2947, TAL: 0.0178, Adv: 0.2068, OT-Reg: 0.000634) | OT inner objective: 0.1814 | Marginal residual row/col/max: 1.54e-08/4.42e-08/4.42e-08 | Train Acc: 0.1328 | Val Acc: 0.1389 | Val P/R/F1 (Macro): 0.0641/0.1250/0.0735 | LR: 0.000001
Epoch [55/100] | SVD update #55: pairs=128, sweeps=3, converged=False, rel_change=1.990e-02, effective_ranks=(127, 22), class_paired=True
Epoch [55/100] | Loss: 7.4963 (Cls: 7.4852, TAL: -0.0549, Adv: 0.2221, OT-Reg: 0.000637) | OT inner objective: 0.1411 | Marginal residual row/col/max: 2.70e-08/4.00e-08/4.00e-08 | Train Acc: 0.0938 | Val Acc: 0.0000 | Val P/R/F1 (Macro): 0.0000/0.0000/0.0000 | LR: 0.000001
Epoch [56/100] | SVD update #56: pairs=128, sweeps=3, converged=False, rel_change=2.430e-02, effective_ranks=(127, 24), class_paired=True
Epoch [56/100] | Loss: 7.3532 (Cls: 7.3258, TAL: 0.0469, Adv: 0.2723, OT-Reg: 0.000639) | OT inner objective: 0.0970 | Marginal residual row/col/max: 3.85e-05/2.33e-08/3.85e-05 | Train Acc: 0.0703 | Val Acc: 0.0278 | Val P/R/F1 (Macro): 0.0139/0.0185/0.0159 | LR: 0.000001
Epoch [57/100] | SVD update #57: pairs=128, sweeps=3, converged=False, rel_change=1.941e-02, effective_ranks=(127, 28), class_paired=True
Epoch [57/100] | Loss: 7.3442 (Cls: 7.2928, TAL: 0.2390, Adv: 0.2852, OT-Reg: 0.000665) | OT inner objective: 0.2024 | Marginal residual row/col/max: 1.21e-08/1.86e-08/2.05e-08 | Train Acc: 0.1172 | Val Acc: 0.1111 | Val P/R/F1 (Macro): 0.0317/0.0556/0.0404 | LR: 0.000001
Epoch [58/100] | SVD update #58: pairs=128, sweeps=3, converged=False, rel_change=6.636e-02, effective_ranks=(127, 28), class_paired=True
Epoch [58/100] | Loss: 7.5508 (Cls: 7.5166, TAL: 0.1006, Adv: 0.2776, OT-Reg: 0.000674) | OT inner objective: 0.1832 | Marginal residual row/col/max: 1.49e-08/4.28e-08/4.28e-08 | Train Acc: 0.1172 | Val Acc: 0.0833 | Val P/R/F1 (Macro): 0.0736/0.0926/0.0653 | LR: 0.000001
Epoch [59/100] | SVD update #59: pairs=128, sweeps=3, converged=False, rel_change=1.549e-02, effective_ranks=(127, 26), class_paired=True
Epoch [59/100] | Loss: 7.3022 (Cls: 7.2640, TAL: 0.1577, Adv: 0.2410, OT-Reg: 0.000705) | OT inner objective: 0.1515 | Marginal residual row/col/max: 4.34e-07/4.42e-08/4.57e-07 | Train Acc: 0.1172 | Val Acc: 0.1111 | Val P/R/F1 (Macro): 0.0193/0.1111/0.0329 | LR: 0.000001
Epoch [60/100] | SVD update #60: pairs=128, sweeps=3, converged=False, rel_change=4.552e-02, effective_ranks=(126, 29), class_paired=True
Epoch [60/100] | Loss: 7.5400 (Cls: 7.4955, TAL: 0.1873, Adv: 0.2754, OT-Reg: 0.000648) | OT inner objective: 0.1283 | Marginal residual row/col/max: 1.86e-08/2.05e-08/2.05e-08 | Train Acc: 0.0859 | Val Acc: 0.0833 | Val P/R/F1 (Macro): 0.0395/0.0694/0.0378 | LR: 0.000001
Epoch [61/100] | SVD update #61: pairs=128, sweeps=3, converged=False, rel_change=1.318e-01, effective_ranks=(127, 25), class_paired=True
Epoch [61/100] | Loss: 6.9998 (Cls: 6.9749, TAL: 0.0094, Adv: 0.2978, OT-Reg: 0.000681) | OT inner objective: 0.1484 | Marginal residual row/col/max: 1.40e-08/2.75e-08/2.75e-08 | Train Acc: 0.1562 | Val Acc: 0.1944 | Val P/R/F1 (Macro): 0.0595/0.1944/0.0904 | LR: 0.000001
Epoch [62/100] | SVD update #62: pairs=128, sweeps=3, converged=False, rel_change=2.888e-02, effective_ranks=(127, 24), class_paired=True
Epoch [62/100] | Loss: 7.5097 (Cls: 7.4826, TAL: 0.0217, Adv: 0.3061, OT-Reg: 0.000644) | OT inner objective: 0.1498 | Marginal residual row/col/max: 2.24e-08/1.63e-08/2.51e-08 | Train Acc: 0.1172 | Val Acc: 0.0278 | Val P/R/F1 (Macro): 0.0062/0.0370/0.0106 | LR: 0.000001
Epoch [63/100] | SVD update #63: pairs=128, sweeps=3, converged=False, rel_change=2.856e-01, effective_ranks=(127, 26), class_paired=True
Epoch [63/100] | Loss: 7.3103 (Cls: 7.2653, TAL: 0.2139, Adv: 0.2414, OT-Reg: 0.000630) | OT inner objective: 0.1290 | Marginal residual row/col/max: 1.44e-04/2.51e-08/1.44e-04 | Train Acc: 0.1016 | Val Acc: 0.1111 | Val P/R/F1 (Macro): 0.0370/0.0556/0.0444 | LR: 0.000001
Epoch [64/100] | SVD update #64: pairs=128, sweeps=3, converged=False, rel_change=1.069e-02, effective_ranks=(127, 20), class_paired=True
Epoch [64/100] | Loss: 7.2113 (Cls: 7.1833, TAL: 0.0515, Adv: 0.2719, OT-Reg: 0.000659) | OT inner objective: 0.1408 | Marginal residual row/col/max: 1.58e-08/4.28e-08/4.28e-08 | Train Acc: 0.1250 | Val Acc: 0.0556 | Val P/R/F1 (Macro): 0.0556/0.0361/0.0404 | LR: 0.000001
Epoch [65/100] | SVD update #65: pairs=128, sweeps=3, converged=False, rel_change=4.773e-02, effective_ranks=(127, 22), class_paired=True
Epoch [65/100] | Loss: 6.9792 (Cls: 6.9411, TAL: 0.1154, Adv: 0.3029, OT-Reg: 0.000636) | OT inner objective: 0.1494 | Marginal residual row/col/max: 2.00e-08/4.98e-08/4.98e-08 | Train Acc: 0.1250 | Val Acc: 0.1944 | Val P/R/F1 (Macro): 0.1062/0.2083/0.1271 | LR: 0.000001
Epoch [66/100] | SVD update #66: pairs=128, sweeps=3, converged=False, rel_change=1.034e-02, effective_ranks=(127, 22), class_paired=True
Epoch [66/100] | Loss: 7.4618 (Cls: 7.4329, TAL: 0.0795, Adv: 0.2419, OT-Reg: 0.000577) | OT inner objective: 0.0898 | Marginal residual row/col/max: 1.56e-07/4.05e-08/1.76e-07 | Train Acc: 0.0859 | Val Acc: 0.0556 | Val P/R/F1 (Macro): 0.0556/0.0556/0.0540 | LR: 0.000001
Epoch [67/100] | SVD update #67: pairs=128, sweeps=3, converged=False, rel_change=2.668e-02, effective_ranks=(127, 21), class_paired=True
Epoch [67/100] | Loss: 7.1629 (Cls: 7.1076, TAL: 0.2557, Adv: 0.3069, OT-Reg: 0.000562) | OT inner objective: 0.1018 | Marginal residual row/col/max: 2.40e-07/4.00e-08/2.46e-07 | Train Acc: 0.1094 | Val Acc: 0.2222 | Val P/R/F1 (Macro): 0.0722/0.1667/0.0938 | LR: 0.000001
Epoch [68/100] | SVD update #68: pairs=128, sweeps=3, converged=False, rel_change=9.406e-02, effective_ranks=(127, 22), class_paired=True
Epoch [68/100] | Loss: 7.5668 (Cls: 7.5592, TAL: -0.0889, Adv: 0.2289, OT-Reg: 0.000673) | OT inner objective: 0.1382 | Marginal residual row/col/max: 1.63e-08/3.07e-08/3.07e-08 | Train Acc: 0.1406 | Val Acc: 0.0556 | Val P/R/F1 (Macro): 0.0309/0.0417/0.0353 | LR: 0.000001
Epoch [69/100] | SVD update #69: pairs=128, sweeps=3, converged=False, rel_change=2.724e-01, effective_ranks=(127, 22), class_paired=True
Epoch [69/100] | Loss: 7.0602 (Cls: 7.0369, TAL: 0.0131, Adv: 0.2718, OT-Reg: 0.000608) | OT inner objective: 0.0807 | Marginal residual row/col/max: 2.61e-08/2.19e-08/3.31e-08 | Train Acc: 0.1641 | Val Acc: 0.0556 | Val P/R/F1 (Macro): 0.1185/0.1389/0.0583 | LR: 0.000001
Epoch [70/100] | SVD update #70: pairs=128, sweeps=3, converged=False, rel_change=1.055e-02, effective_ranks=(127, 22), class_paired=True
Epoch [70/100] | Loss: 7.1489 (Cls: 7.1269, TAL: 0.0297, Adv: 0.2306, OT-Reg: 0.000635) | OT inner objective: 0.0904 | Marginal residual row/col/max: 4.24e-08/4.00e-08/5.96e-08 | Train Acc: 0.0703 | Val Acc: 0.0833 | Val P/R/F1 (Macro): 0.0309/0.0833/0.0424 | LR: 0.000001
Epoch [71/100] | SVD update #71: pairs=128, sweeps=3, converged=False, rel_change=5.017e-02, effective_ranks=(127, 26), class_paired=True
Epoch [71/100] | Loss: 7.4180 (Cls: 7.3685, TAL: 0.2243, Adv: 0.2823, OT-Reg: 0.000649) | OT inner objective: 0.1323 | Marginal residual row/col/max: 1.50e-07/2.51e-08/1.59e-07 | Train Acc: 0.1094 | Val Acc: 0.1389 | Val P/R/F1 (Macro): 0.0815/0.1250/0.0986 | LR: 0.000001
Epoch [72/100] | SVD update #72: pairs=128, sweeps=3, converged=False, rel_change=2.388e-01, effective_ranks=(127, 26), class_paired=True
Epoch [72/100] | Loss: 7.6309 (Cls: 7.6159, TAL: -0.0937, Adv: 0.3276, OT-Reg: 0.000679) | OT inner objective: 0.0907 | Marginal residual row/col/max: 5.47e-06/1.86e-08/5.48e-06 | Train Acc: 0.1406 | Val Acc: 0.0000 | Val P/R/F1 (Macro): 0.0000/0.0000/0.0000 | LR: 0.000001
Epoch [73/100] | SVD update #73: pairs=128, sweeps=3, converged=False, rel_change=1.149e-01, effective_ranks=(127, 22), class_paired=True
Epoch [73/100] | Loss: 7.4474 (Cls: 7.4013, TAL: 0.1751, Adv: 0.3144, OT-Reg: 0.000588) | OT inner objective: 0.1448 | Marginal residual row/col/max: 1.30e-08/3.91e-08/3.91e-08 | Train Acc: 0.1016 | Val Acc: 0.1111 | Val P/R/F1 (Macro): 0.0494/0.0556/0.0523 | LR: 0.000001
Epoch [74/100] | SVD update #74: pairs=128, sweeps=3, converged=False, rel_change=9.929e-03, effective_ranks=(127, 22), class_paired=True
Epoch [74/100] | Loss: 7.3726 (Cls: 7.3417, TAL: 0.0457, Adv: 0.3174, OT-Reg: 0.000634) | OT inner objective: 0.0940 | Marginal residual row/col/max: 2.75e-08/2.65e-08/3.49e-08 | Train Acc: 0.1328 | Val Acc: 0.0833 | Val P/R/F1 (Macro): 0.0438/0.1611/0.0583 | LR: 0.000001
Epoch [75/100] | SVD update #75: pairs=128, sweeps=3, converged=False, rel_change=8.238e-02, effective_ranks=(127, 23), class_paired=True
Epoch [75/100] | Loss: 7.1028 (Cls: 7.0541, TAL: 0.2221, Adv: 0.2751, OT-Reg: 0.000700) | OT inner objective: 0.1552 | Marginal residual row/col/max: 2.22e-05/2.79e-08/2.22e-05 | Train Acc: 0.0547 | Val Acc: 0.0000 | Val P/R/F1 (Macro): 0.0000/0.0000/0.0000 | LR: 0.000001
Epoch [76/100] | SVD update #76: pairs=128, sweeps=3, converged=False, rel_change=6.621e-02, effective_ranks=(127, 27), class_paired=True
Epoch [76/100] | Loss: 7.3115 (Cls: 7.2374, TAL: 0.3893, Adv: 0.3425, OT-Reg: 0.000657) | OT inner objective: 0.1604 | Marginal residual row/col/max: 1.49e-08/3.35e-08/3.35e-08 | Train Acc: 0.1094 | Val Acc: 0.1944 | Val P/R/F1 (Macro): 0.0981/0.1250/0.1062 | LR: 0.000001
Epoch [77/100] | SVD update #77: pairs=128, sweeps=3, converged=False, rel_change=8.151e-02, effective_ranks=(127, 24), class_paired=True
Epoch [77/100] | Loss: 7.3140 (Cls: 7.2722, TAL: 0.0660, Adv: 0.4226, OT-Reg: 0.000677) | OT inner objective: 0.1048 | Marginal residual row/col/max: 2.61e-08/2.75e-08/3.68e-08 | Train Acc: 0.1172 | Val Acc: 0.0556 | Val P/R/F1 (Macro): 0.0556/0.0278/0.0370 | LR: 0.000001
Epoch [78/100] | SVD update #78: pairs=128, sweeps=3, converged=False, rel_change=1.953e-02, effective_ranks=(127, 23), class_paired=True
Epoch [78/100] | Loss: 7.2432 (Cls: 7.2020, TAL: 0.1351, Adv: 0.3123, OT-Reg: 0.000577) | OT inner objective: 0.1050 | Marginal residual row/col/max: 1.26e-08/1.63e-08/1.68e-08 | Train Acc: 0.0703 | Val Acc: 0.2222 | Val P/R/F1 (Macro): 0.1019/0.1759/0.1265 | LR: 0.000001
Epoch [79/100] | SVD update #79: pairs=128, sweeps=3, converged=False, rel_change=1.677e-02, effective_ranks=(127, 23), class_paired=True
Epoch [79/100] | Loss: 7.0838 (Cls: 7.0398, TAL: 0.1643, Adv: 0.3035, OT-Reg: 0.000615) | OT inner objective: 0.1026 | Marginal residual row/col/max: 1.05e-04/2.56e-08/1.05e-04 | Train Acc: 0.0781 | Val Acc: 0.0833 | Val P/R/F1 (Macro): 0.0417/0.0667/0.0513 | LR: 0.000001
Epoch [80/100] | SVD update #80: pairs=128, sweeps=3, converged=False, rel_change=4.909e-02, effective_ranks=(127, 21), class_paired=True
Epoch [80/100] | Loss: 7.2036 (Cls: 7.1663, TAL: 0.0771, Adv: 0.3500, OT-Reg: 0.000627) | OT inner objective: 0.1299 | Marginal residual row/col/max: 2.61e-08/2.37e-08/3.07e-08 | Train Acc: 0.1328 | Val Acc: 0.0278 | Val P/R/F1 (Macro): 0.0101/0.1111/0.0185 | LR: 0.000001
Epoch [81/100] | SVD update #81: pairs=128, sweeps=3, converged=False, rel_change=7.096e-02, effective_ranks=(126, 22), class_paired=True
Epoch [81/100] | Loss: 7.2423 (Cls: 7.2270, TAL: -0.0322, Adv: 0.2396, OT-Reg: 0.000693) | OT inner objective: 0.0816 | Marginal residual row/col/max: 6.98e-08/2.51e-08/8.24e-08 | Train Acc: 0.1172 | Val Acc: 0.0833 | Val P/R/F1 (Macro): 0.0474/0.0926/0.0597 | LR: 0.000001
Epoch [82/100] | SVD update #82: pairs=128, sweeps=3, converged=False, rel_change=3.008e-02, effective_ranks=(127, 24), class_paired=True
Epoch [82/100] | Loss: 7.3853 (Cls: 7.3386, TAL: 0.1405, Adv: 0.3722, OT-Reg: 0.000678) | OT inner objective: 0.1000 | Marginal residual row/col/max: 1.68e-08/3.82e-08/4.00e-08 | Train Acc: 0.1094 | Val Acc: 0.0833 | Val P/R/F1 (Macro): 0.0514/0.1667/0.0625 | LR: 0.000001
Epoch [83/100] | SVD update #83: pairs=128, sweeps=3, converged=False, rel_change=1.218e-01, effective_ranks=(127, 26), class_paired=True
Epoch [83/100] | Loss: 7.3935 (Cls: 7.3579, TAL: 0.1019, Adv: 0.2924, OT-Reg: 0.000657) | OT inner objective: 0.1216 | Marginal residual row/col/max: 8.06e-08/2.10e-08/8.80e-08 | Train Acc: 0.0703 | Val Acc: 0.1111 | Val P/R/F1 (Macro): 0.0679/0.1000/0.0797 | LR: 0.000001
Epoch [84/100] | SVD update #84: pairs=128, sweeps=3, converged=False, rel_change=6.825e-02, effective_ranks=(127, 24), class_paired=True
Epoch [84/100] | Loss: 7.2072 (Cls: 7.1843, TAL: 0.0383, Adv: 0.2287, OT-Reg: 0.000626) | OT inner objective: 0.0577 | Marginal residual row/col/max: 2.10e-06/2.89e-08/2.10e-06 | Train Acc: 0.1250 | Val Acc: 0.0278 | Val P/R/F1 (Macro): 0.0065/0.0370/0.0111 | LR: 0.000001
Epoch [85/100] | SVD update #85: pairs=128, sweeps=3, converged=False, rel_change=7.082e-03, effective_ranks=(127, 22), class_paired=True
Epoch [85/100] | Loss: 7.4937 (Cls: 7.4550, TAL: 0.1131, Adv: 0.3142, OT-Reg: 0.000678) | OT inner objective: 0.1243 | Marginal residual row/col/max: 1.26e-08/2.65e-08/2.75e-08 | Train Acc: 0.0859 | Val Acc: 0.0278 | Val P/R/F1 (Macro): 0.0101/0.0278/0.0148 | LR: 0.000001
Epoch [86/100] | SVD update #86: pairs=128, sweeps=3, converged=False, rel_change=8.397e-03, effective_ranks=(127, 22), class_paired=True
Epoch [86/100] | Loss: 7.5710 (Cls: 7.5263, TAL: 0.1469, Adv: 0.3383, OT-Reg: 0.000626) | OT inner objective: 0.0889 | Marginal residual row/col/max: 2.47e-08/2.51e-08/3.26e-08 | Train Acc: 0.1250 | Val Acc: 0.1389 | Val P/R/F1 (Macro): 0.0726/0.1389/0.0667 | LR: 0.000001
Epoch [87/100] | SVD update #87: pairs=128, sweeps=3, converged=False, rel_change=7.385e-03, effective_ranks=(127, 22), class_paired=True
Epoch [87/100] | Loss: 6.9551 (Cls: 6.9290, TAL: 0.0299, Adv: 0.2815, OT-Reg: 0.000614) | OT inner objective: 0.1040 | Marginal residual row/col/max: 3.31e-08/2.47e-08/4.05e-08 | Train Acc: 0.1484 | Val Acc: 0.1667 | Val P/R/F1 (Macro): 0.1406/0.2083/0.1090 | LR: 0.000001
Epoch [88/100] | SVD update #88: pairs=128, sweeps=3, converged=False, rel_change=5.844e-02, effective_ranks=(127, 24), class_paired=True
Epoch [88/100] | Loss: 7.2992 (Cls: 7.2535, TAL: 0.1896, Adv: 0.2873, OT-Reg: 0.000589) | OT inner objective: 0.1408 | Marginal residual row/col/max: 1.07e-08/4.42e-08/4.52e-08 | Train Acc: 0.1094 | Val Acc: 0.1389 | Val P/R/F1 (Macro): 0.0981/0.1806/0.1132 | LR: 0.000001
Epoch [89/100] | SVD update #89: pairs=128, sweeps=3, converged=False, rel_change=2.817e-02, effective_ranks=(127, 25), class_paired=True
Epoch [89/100] | Loss: 7.0047 (Cls: 6.9550, TAL: 0.1605, Adv: 0.3803, OT-Reg: 0.000615) | OT inner objective: 0.0590 | Marginal residual row/col/max: 1.32e-07/4.19e-08/1.40e-07 | Train Acc: 0.1250 | Val Acc: 0.0278 | Val P/R/F1 (Macro): 0.0111/0.0278/0.0159 | LR: 0.000001
Epoch [90/100] | SVD update #90: pairs=128, sweeps=3, converged=False, rel_change=1.177e-02, effective_ranks=(127, 22), class_paired=True
Epoch [90/100] | Loss: 7.3005 (Cls: 7.2703, TAL: 0.0082, Adv: 0.3652, OT-Reg: 0.000706) | OT inner objective: 0.1420 | Marginal residual row/col/max: 1.58e-08/4.89e-08/4.89e-08 | Train Acc: 0.1094 | Val Acc: 0.1111 | Val P/R/F1 (Macro): 0.0202/0.1111/0.0342 | LR: 0.000001
Epoch [91/100] | SVD update #91: pairs=128, sweeps=3, converged=False, rel_change=4.422e-02, effective_ranks=(127, 21), class_paired=True
Epoch [91/100] | Loss: 7.0911 (Cls: 7.0628, TAL: 0.0302, Adv: 0.3092, OT-Reg: 0.000592) | OT inner objective: 0.1295 | Marginal residual row/col/max: 1.77e-08/2.42e-08/2.51e-08 | Train Acc: 0.1328 | Val Acc: 0.1389 | Val P/R/F1 (Macro): 0.0667/0.1389/0.0785 | LR: 0.000001
Epoch [92/100] | SVD update #92: pairs=128, sweeps=3, converged=False, rel_change=2.451e-02, effective_ranks=(127, 20), class_paired=True
Epoch [92/100] | Loss: 7.1938 (Cls: 7.1486, TAL: 0.1435, Adv: 0.3497, OT-Reg: 0.000613) | OT inner objective: 0.1208 | Marginal residual row/col/max: 1.76e-07/2.37e-08/1.89e-07 | Train Acc: 0.1016 | Val Acc: 0.1389 | Val P/R/F1 (Macro): 0.0934/0.1806/0.0939 | LR: 0.000001
Epoch [93/100] | SVD update #93: pairs=128, sweeps=3, converged=False, rel_change=1.092e-01, effective_ranks=(127, 23), class_paired=True
Epoch [93/100] | Loss: 7.4226 (Cls: 7.3959, TAL: -0.0403, Adv: 0.3936, OT-Reg: 0.000713) | OT inner objective: 0.1267 | Marginal residual row/col/max: 1.54e-08/2.93e-08/3.26e-08 | Train Acc: 0.0859 | Val Acc: 0.0833 | Val P/R/F1 (Macro): 0.0471/0.0778/0.0449 | LR: 0.000001
Epoch [94/100] | SVD update #94: pairs=128, sweeps=3, converged=False, rel_change=3.512e-02, effective_ranks=(127, 22), class_paired=True
Epoch [94/100] | Loss: 7.2855 (Cls: 7.2407, TAL: 0.1359, Adv: 0.3564, OT-Reg: 0.000659) | OT inner objective: 0.1751 | Marginal residual row/col/max: 1.07e-08/2.61e-08/2.70e-08 | Train Acc: 0.0859 | Val Acc: 0.0000 | Val P/R/F1 (Macro): 0.0000/0.0000/0.0000 | LR: 0.000001
Epoch [95/100] | SVD update #95: pairs=128, sweeps=3, converged=False, rel_change=2.076e-02, effective_ranks=(127, 24), class_paired=True
Epoch [95/100] | Loss: 7.4849 (Cls: 7.4395, TAL: 0.1361, Adv: 0.3628, OT-Reg: 0.000647) | OT inner objective: 0.1460 | Marginal residual row/col/max: 2.33e-08/4.10e-08/4.33e-08 | Train Acc: 0.0547 | Val Acc: 0.0556 | Val P/R/F1 (Macro): 0.0556/0.0556/0.0556 | LR: 0.000001
Epoch [96/100] | SVD update #96: pairs=128, sweeps=3, converged=False, rel_change=5.798e-02, effective_ranks=(127, 23), class_paired=True
Epoch [96/100] | Loss: 7.2777 (Cls: 7.2541, TAL: -0.0537, Adv: 0.3749, OT-Reg: 0.000692) | OT inner objective: 0.1154 | Marginal residual row/col/max: 2.28e-08/3.68e-08/3.86e-08 | Train Acc: 0.0859 | Val Acc: 0.0833 | Val P/R/F1 (Macro): 0.0357/0.1667/0.0519 | LR: 0.000001
Epoch [97/100] | SVD update #97: pairs=128, sweeps=3, converged=False, rel_change=1.099e-02, effective_ranks=(127, 21), class_paired=True
Epoch [97/100] | Loss: 7.1503 (Cls: 7.1081, TAL: 0.1301, Adv: 0.3322, OT-Reg: 0.000628) | OT inner objective: 0.1781 | Marginal residual row/col/max: 2.72e-07/3.63e-08/2.89e-07 | Train Acc: 0.0859 | Val Acc: 0.0556 | Val P/R/F1 (Macro): 0.0363/0.1389/0.0437 | LR: 0.000001
Epoch [98/100] | SVD update #98: pairs=128, sweeps=3, converged=False, rel_change=1.438e-02, effective_ranks=(127, 22), class_paired=True
Epoch [98/100] | Loss: 7.1039 (Cls: 7.0686, TAL: 0.1063, Adv: 0.2825, OT-Reg: 0.000655) | OT inner objective: 0.1671 | Marginal residual row/col/max: 1.07e-08/3.17e-08/3.17e-08 | Train Acc: 0.1172 | Val Acc: 0.1389 | Val P/R/F1 (Macro): 0.1667/0.2222/0.1247 | LR: 0.000001
Epoch [99/100] | SVD update #99: pairs=128, sweeps=3, converged=False, rel_change=2.618e-02, effective_ranks=(127, 23), class_paired=True
Epoch [99/100] | Loss: 7.3364 (Cls: 7.3125, TAL: -0.0372, Adv: 0.3549, OT-Reg: 0.000680) | OT inner objective: 0.1223 | Marginal residual row/col/max: 7.54e-08/2.00e-08/7.82e-08 | Train Acc: 0.0859 | Val Acc: 0.1111 | Val P/R/F1 (Macro): 0.0472/0.0639/0.0541 | LR: 0.000001
Epoch [100/100] | SVD update #100: pairs=128, sweeps=3, converged=False, rel_change=6.892e-02, effective_ranks=(127, 23), class_paired=True
Epoch [100/100] | Loss: 7.2337 (Cls: 7.1897, TAL: 0.1956, Adv: 0.2562, OT-Reg: 0.000691) | OT inner objective: 0.1751 | Marginal residual row/col/max: 1.58e-04/4.28e-08/1.58e-04 | Train Acc: 0.0938 | Val Acc: 0.0278 | Val P/R/F1 (Macro): 0.0222/0.0278/0.0247 | LR: 0.000001
Report strategy: last_window, window=10, reported_acc=0.0833, best_acc=0.3889

迭代 1 报告指标:
  Accuracy: 0.0833
  Precision (Macro): 0.0571
  Recall (Macro): 0.1072
  F1 (Macro): 0.0572
  Precision (Micro): 0.0833
  Recall (Micro): 0.0833
  F1 (Micro): 0.0833
  Val class coverage: 9/14 (0.6429), samples=36

================================================================================
迭代 2/5
随机种子: 43
================================================================================
配对采样器已初始化，共 9 个共有类别。
Training mode: full target-label supervision (class-paired batches).
Feature fusion: Tensor alignment (512+512 -> 64+64); fused_dim=128
Domain adaptation: Neural OT generator with 3-domain discriminator
Loss weights: tensor=0.12, adv=0.08
Transport: mode=sinkhorn, epsilon=0.1, Sinkhorn iterations=50, correction scale=0.1, correction regularization weight=0.001
Tensor projection update: once per epoch from the complete target-training pairing bank; projection_dim=64, max_sweeps=3, relative singular-value tolerance=0.0001
Epoch [1/100] | SVD update #1: pairs=128, sweeps=3, converged=True, rel_change=4.676e-05, effective_ranks=(127, 124), class_paired=True
Epoch [1/100] | Loss: 8.6932 (Cls: 8.6929, TAL: -0.1413, Adv: 0.2149, OT-Reg: 0.001152) | OT inner objective: 0.2910 | Marginal residual row/col/max: 8.38e-09/2.28e-08/2.28e-08 | Train Acc: 0.1484 | Val Acc: 0.1389 | Val P/R/F1 (Macro): 0.0519/0.1250/0.0639 | LR: 0.000005
  >>> New Best Val Acc: 0.1389
Epoch [2/100] | SVD update #2: pairs=128, sweeps=3, converged=True, rel_change=1.788e-05, effective_ranks=(127, 104), class_paired=True
Epoch [2/100] | Loss: 7.7809 (Cls: 7.7918, TAL: -0.2129, Adv: 0.1828, OT-Reg: 0.001259) | OT inner objective: 0.2837 | Marginal residual row/col/max: 1.02e-08/1.02e-08/1.12e-08 | Train Acc: 0.2266 | Val Acc: 0.3333 | Val P/R/F1 (Macro): 0.1825/0.3472/0.2295 | LR: 0.000005
  >>> New Best Val Acc: 0.3333
Epoch [3/100] | SVD update #3: pairs=128, sweeps=3, converged=True, rel_change=1.131e-05, effective_ranks=(127, 88), class_paired=True
Epoch [3/100] | Loss: 8.0049 (Cls: 8.0066, TAL: -0.1727, Adv: 0.2379, OT-Reg: 0.001244) | OT inner objective: 0.2641 | Marginal residual row/col/max: 1.02e-08/1.12e-08/1.16e-08 | Train Acc: 0.1562 | Val Acc: 0.2500 | Val P/R/F1 (Macro): 0.0905/0.2500/0.1323 | LR: 0.000005
Epoch [4/100] | SVD update #4: pairs=128, sweeps=3, converged=False, rel_change=2.417e-04, effective_ranks=(127, 100), class_paired=True
Epoch [4/100] | Loss: 7.7549 (Cls: 7.7588, TAL: -0.1513, Adv: 0.1789, OT-Reg: 0.001293) | OT inner objective: 0.2904 | Marginal residual row/col/max: 1.12e-08/9.78e-09/1.12e-08 | Train Acc: 0.1562 | Val Acc: 0.2778 | Val P/R/F1 (Macro): 0.1862/0.3315/0.2166 | LR: 0.000005
Epoch [5/100] | SVD update #5: pairs=128, sweeps=3, converged=False, rel_change=6.729e-04, effective_ranks=(127, 63), class_paired=True
Epoch [5/100] | Loss: 7.8937 (Cls: 7.9028, TAL: -0.1982, Adv: 0.1841, OT-Reg: 0.001235) | OT inner objective: 0.2482 | Marginal residual row/col/max: 1.02e-08/1.02e-08/1.12e-08 | Train Acc: 0.1406 | Val Acc: 0.3056 | Val P/R/F1 (Macro): 0.1148/0.2370/0.1494 | LR: 0.000005
Epoch [6/100] | SVD update #6: pairs=128, sweeps=3, converged=False, rel_change=4.912e-03, effective_ranks=(127, 63), class_paired=True
Epoch [6/100] | Loss: 7.3347 (Cls: 7.3451, TAL: -0.2049, Adv: 0.1772, OT-Reg: 0.001263) | OT inner objective: 0.2568 | Marginal residual row/col/max: 1.02e-08/1.16e-08/1.16e-08 | Train Acc: 0.2422 | Val Acc: 0.2778 | Val P/R/F1 (Macro): 0.2270/0.3370/0.2468 | LR: 0.000005
Epoch [7/100] | SVD update #7: pairs=128, sweeps=3, converged=False, rel_change=3.571e-01, effective_ranks=(127, 49), class_paired=True
Epoch [7/100] | Loss: 7.5842 (Cls: 7.5638, TAL: 0.0073, Adv: 0.2446, OT-Reg: 0.001190) | OT inner objective: 0.2266 | Marginal residual row/col/max: 1.02e-08/1.12e-08/1.12e-08 | Train Acc: 0.2344 | Val Acc: 0.1667 | Val P/R/F1 (Macro): 0.2134/0.3241/0.1519 | LR: 0.000005
Epoch [8/100] | SVD update #8: pairs=128, sweeps=3, converged=False, rel_change=3.027e-02, effective_ranks=(127, 35), class_paired=True
Epoch [8/100] | Loss: 7.2419 (Cls: 7.2459, TAL: -0.1695, Adv: 0.2049, OT-Reg: 0.001240) | OT inner objective: 0.2133 | Marginal residual row/col/max: 1.44e-08/1.21e-08/1.49e-08 | Train Acc: 0.1641 | Val Acc: 0.2222 | Val P/R/F1 (Macro): 0.3527/0.3657/0.2603 | LR: 0.000005
Epoch [9/100] | SVD update #9: pairs=128, sweeps=3, converged=False, rel_change=3.235e-02, effective_ranks=(127, 35), class_paired=True
Epoch [9/100] | Loss: 7.1621 (Cls: 7.1660, TAL: -0.1650, Adv: 0.1982, OT-Reg: 0.001114) | OT inner objective: 0.1793 | Marginal residual row/col/max: 1.07e-04/1.12e-08/1.07e-04 | Train Acc: 0.2188 | Val Acc: 0.2222 | Val P/R/F1 (Macro): 0.1852/0.2870/0.2037 | LR: 0.000005
Epoch [10/100] | SVD update #10: pairs=128, sweeps=3, converged=False, rel_change=2.932e-03, effective_ranks=(127, 40), class_paired=True
Epoch [10/100] | Loss: 6.9412 (Cls: 6.9690, TAL: -0.3485, Adv: 0.1748, OT-Reg: 0.001087) | OT inner objective: 0.1000 | Marginal residual row/col/max: 1.18e-04/1.12e-08/1.18e-04 | Train Acc: 0.2734 | Val Acc: 0.3889 | Val P/R/F1 (Macro): 0.2579/0.4213/0.2804 | LR: 0.000005
  >>> New Best Val Acc: 0.3889
Epoch [11/100] | SVD update #11: pairs=128, sweeps=3, converged=False, rel_change=6.671e-03, effective_ranks=(127, 33), class_paired=True
Epoch [11/100] | Loss: 7.0204 (Cls: 7.0363, TAL: -0.2606, Adv: 0.1918, OT-Reg: 0.001164) | OT inner objective: 0.1514 | Marginal residual row/col/max: 4.84e-06/1.30e-08/4.84e-06 | Train Acc: 0.2500 | Val Acc: 0.1944 | Val P/R/F1 (Macro): 0.0556/0.1944/0.0847 | LR: 0.000005
Epoch [12/100] | SVD update #12: pairs=128, sweeps=3, converged=False, rel_change=4.147e-04, effective_ranks=(127, 24), class_paired=True
Epoch [12/100] | Loss: 6.6820 (Cls: 6.7105, TAL: -0.3446, Adv: 0.1611, OT-Reg: 0.001149) | OT inner objective: 0.0263 | Marginal residual row/col/max: 1.06e-05/1.12e-08/1.06e-05 | Train Acc: 0.2344 | Val Acc: 0.2500 | Val P/R/F1 (Macro): 0.1654/0.4028/0.2180 | LR: 0.000005
Epoch [13/100] | SVD update #13: pairs=128, sweeps=3, converged=False, rel_change=2.039e-04, effective_ranks=(127, 25), class_paired=True
Epoch [13/100] | Loss: 6.4717 (Cls: 6.4961, TAL: -0.3160, Adv: 0.1693, OT-Reg: 0.001140) | OT inner objective: 0.0944 | Marginal residual row/col/max: 4.89e-06/1.07e-08/4.89e-06 | Train Acc: 0.3047 | Val Acc: 0.1667 | Val P/R/F1 (Macro): 0.1591/0.2444/0.1700 | LR: 0.000005
Epoch [14/100] | SVD update #14: pairs=128, sweeps=3, converged=False, rel_change=3.834e-03, effective_ranks=(127, 29), class_paired=True
Epoch [14/100] | Loss: 6.2903 (Cls: 6.2999, TAL: -0.2257, Adv: 0.2187, OT-Reg: 0.001143) | OT inner objective: 0.1230 | Marginal residual row/col/max: 1.01e-06/1.35e-08/1.01e-06 | Train Acc: 0.3516 | Val Acc: 0.2500 | Val P/R/F1 (Macro): 0.2262/0.3407/0.2325 | LR: 0.000005
Epoch [15/100] | SVD update #15: pairs=128, sweeps=3, converged=False, rel_change=2.999e-03, effective_ranks=(127, 23), class_paired=True
Epoch [15/100] | Loss: 6.5753 (Cls: 6.5964, TAL: -0.2841, Adv: 0.1618, OT-Reg: 0.001115) | OT inner objective: 0.0623 | Marginal residual row/col/max: 1.21e-04/8.38e-09/1.21e-04 | Train Acc: 0.2422 | Val Acc: 0.1944 | Val P/R/F1 (Macro): 0.2860/0.3417/0.2091 | LR: 0.000005
Epoch [16/100] | SVD update #16: pairs=128, sweeps=3, converged=False, rel_change=4.908e-03, effective_ranks=(127, 23), class_paired=True
Epoch [16/100] | Loss: 6.3379 (Cls: 6.3471, TAL: -0.1828, Adv: 0.1592, OT-Reg: 0.001096) | OT inner objective: 0.0317 | Marginal residual row/col/max: 6.43e-06/1.02e-08/6.43e-06 | Train Acc: 0.3203 | Val Acc: 0.2222 | Val P/R/F1 (Macro): 0.3148/0.2907/0.2257 | LR: 0.000005
Epoch [17/100] | SVD update #17: pairs=128, sweeps=3, converged=False, rel_change=5.588e-04, effective_ranks=(127, 29), class_paired=True
Epoch [17/100] | Loss: 5.9604 (Cls: 5.9858, TAL: -0.3193, Adv: 0.1617, OT-Reg: 0.001161) | OT inner objective: 0.0308 | Marginal residual row/col/max: 4.10e-06/1.02e-08/4.10e-06 | Train Acc: 0.3672 | Val Acc: 0.3056 | Val P/R/F1 (Macro): 0.3368/0.4380/0.2734 | LR: 0.000005
Epoch [18/100] | SVD update #18: pairs=128, sweeps=3, converged=False, rel_change=2.096e-03, effective_ranks=(127, 31), class_paired=True
Epoch [18/100] | Loss: 6.1681 (Cls: 6.1729, TAL: -0.1577, Adv: 0.1763, OT-Reg: 0.001217) | OT inner objective: 0.1243 | Marginal residual row/col/max: 8.85e-08/1.02e-08/8.85e-08 | Train Acc: 0.3672 | Val Acc: 0.1667 | Val P/R/F1 (Macro): 0.1810/0.3056/0.1430 | LR: 0.000005
Epoch [19/100] | SVD update #19: pairs=128, sweeps=3, converged=False, rel_change=2.682e-04, effective_ranks=(127, 24), class_paired=True
Epoch [19/100] | Loss: 5.7607 (Cls: 5.7796, TAL: -0.2820, Adv: 0.1862, OT-Reg: 0.001198) | OT inner objective: 0.0257 | Marginal residual row/col/max: 1.41e-05/9.31e-09/1.41e-05 | Train Acc: 0.3984 | Val Acc: 0.2500 | Val P/R/F1 (Macro): 0.1536/0.3611/0.1737 | LR: 0.000005
Epoch [20/100] | SVD update #20: pairs=128, sweeps=3, converged=False, rel_change=3.175e-03, effective_ranks=(127, 22), class_paired=True
Epoch [20/100] | Loss: 5.9598 (Cls: 5.9766, TAL: -0.2358, Adv: 0.1433, OT-Reg: 0.001233) | OT inner objective: 0.1591 | Marginal residual row/col/max: 9.31e-09/9.31e-09/9.78e-09 | Train Acc: 0.3281 | Val Acc: 0.5000 | Val P/R/F1 (Macro): 0.5086/0.5991/0.4767 | LR: 0.000005
  >>> New Best Val Acc: 0.5000
Epoch [21/100] | SVD update #21: pairs=128, sweeps=3, converged=False, rel_change=2.636e-03, effective_ranks=(127, 23), class_paired=True
Epoch [21/100] | Loss: 5.8547 (Cls: 5.8836, TAL: -0.3653, Adv: 0.1867, OT-Reg: 0.001235) | OT inner objective: 0.0266 | Marginal residual row/col/max: 7.68e-06/8.85e-09/7.68e-06 | Train Acc: 0.2656 | Val Acc: 0.2222 | Val P/R/F1 (Macro): 0.3291/0.2176/0.1737 | LR: 0.000005
Epoch [22/100] | SVD update #22: pairs=128, sweeps=3, converged=False, rel_change=7.570e-03, effective_ranks=(127, 20), class_paired=True
Epoch [22/100] | Loss: 7.6328 (Cls: 7.6559, TAL: -0.3164, Adv: 0.1858, OT-Reg: 0.001126) | OT inner objective: -0.0771 | Marginal residual row/col/max: 8.25e-05/1.21e-08/8.25e-05 | Train Acc: 0.1406 | Val Acc: 0.2500 | Val P/R/F1 (Macro): 0.1551/0.1620/0.1481 | LR: 0.000005
Epoch [23/100] | SVD update #23: pairs=128, sweeps=3, converged=False, rel_change=3.933e-03, effective_ranks=(127, 21), class_paired=True
Epoch [23/100] | Loss: 6.5462 (Cls: 6.5536, TAL: -0.1715, Adv: 0.1651, OT-Reg: 0.001209) | OT inner objective: 0.0843 | Marginal residual row/col/max: 8.77e-07/1.21e-08/8.77e-07 | Train Acc: 0.2500 | Val Acc: 0.3333 | Val P/R/F1 (Macro): 0.3660/0.4509/0.3202 | LR: 0.000005
Epoch [24/100] | SVD update #24: pairs=128, sweeps=3, converged=False, rel_change=6.832e-03, effective_ranks=(127, 16), class_paired=True
Epoch [24/100] | Loss: 6.0390 (Cls: 6.0461, TAL: -0.1664, Adv: 0.1610, OT-Reg: 0.001204) | OT inner objective: 0.1035 | Marginal residual row/col/max: 4.47e-08/1.07e-08/4.47e-08 | Train Acc: 0.3672 | Val Acc: 0.4444 | Val P/R/F1 (Macro): 0.5083/0.5657/0.4339 | LR: 0.000005
Epoch [25/100] | SVD update #25: pairs=128, sweeps=3, converged=False, rel_change=2.303e-02, effective_ranks=(127, 17), class_paired=True
Epoch [25/100] | Loss: 5.5993 (Cls: 5.6136, TAL: -0.2203, Adv: 0.1520, OT-Reg: 0.001168) | OT inner objective: 0.0220 | Marginal residual row/col/max: 3.66e-06/1.49e-08/3.66e-06 | Train Acc: 0.4297 | Val Acc: 0.2222 | Val P/R/F1 (Macro): 0.2139/0.4028/0.1702 | LR: 0.000005
Epoch [26/100] | SVD update #26: pairs=128, sweeps=3, converged=False, rel_change=7.626e-03, effective_ranks=(127, 18), class_paired=True
Epoch [26/100] | Loss: 5.9129 (Cls: 5.9390, TAL: -0.3117, Adv: 0.1404, OT-Reg: 0.001132) | OT inner objective: -0.0143 | Marginal residual row/col/max: 2.98e-06/9.31e-09/2.98e-06 | Train Acc: 0.2812 | Val Acc: 0.3333 | Val P/R/F1 (Macro): 0.3576/0.4602/0.3183 | LR: 0.000005
Epoch [27/100] | SVD update #27: pairs=128, sweeps=3, converged=False, rel_change=3.450e-04, effective_ranks=(127, 19), class_paired=True
Epoch [27/100] | Loss: 5.8997 (Cls: 5.9232, TAL: -0.2944, Adv: 0.1476, OT-Reg: 0.001143) | OT inner objective: 0.0506 | Marginal residual row/col/max: 1.77e-04/1.12e-08/1.77e-04 | Train Acc: 0.3359 | Val Acc: 0.2778 | Val P/R/F1 (Macro): 0.3481/0.4213/0.3270 | LR: 0.000005
Epoch [28/100] | SVD update #28: pairs=128, sweeps=3, converged=False, rel_change=2.725e-03, effective_ranks=(127, 21), class_paired=True
Epoch [28/100] | Loss: 5.5663 (Cls: 5.5948, TAL: -0.3445, Adv: 0.1611, OT-Reg: 0.001141) | OT inner objective: 0.0006 | Marginal residual row/col/max: 1.40e-04/1.49e-08/1.40e-04 | Train Acc: 0.4375 | Val Acc: 0.5278 | Val P/R/F1 (Macro): 0.5335/0.5528/0.4460 | LR: 0.000005
  >>> New Best Val Acc: 0.5278
Epoch [29/100] | SVD update #29: pairs=128, sweeps=3, converged=False, rel_change=2.784e-03, effective_ranks=(127, 20), class_paired=True
Epoch [29/100] | Loss: 5.1998 (Cls: 5.2402, TAL: -0.4348, Adv: 0.1466, OT-Reg: 0.001148) | OT inner objective: 0.0223 | Marginal residual row/col/max: 1.06e-05/1.21e-08/1.06e-05 | Train Acc: 0.4141 | Val Acc: 0.4167 | Val P/R/F1 (Macro): 0.3265/0.5417/0.3852 | LR: 0.000005
Epoch [30/100] | SVD update #30: pairs=128, sweeps=3, converged=False, rel_change=2.111e-03, effective_ranks=(127, 18), class_paired=True
Epoch [30/100] | Loss: 5.3884 (Cls: 5.4203, TAL: -0.3499, Adv: 0.1260, OT-Reg: 0.001123) | OT inner objective: -0.0876 | Marginal residual row/col/max: 1.11e-06/1.21e-08/1.11e-06 | Train Acc: 0.3984 | Val Acc: 0.4444 | Val P/R/F1 (Macro): 0.3991/0.5556/0.4104 | LR: 0.000005
Epoch [31/100] | SVD update #31: pairs=128, sweeps=3, converged=False, rel_change=5.492e-04, effective_ranks=(127, 15), class_paired=True
Epoch [31/100] | Loss: 5.1771 (Cls: 5.2105, TAL: -0.3731, Adv: 0.1421, OT-Reg: 0.001150) | OT inner objective: 0.0436 | Marginal residual row/col/max: 7.30e-07/1.12e-08/7.30e-07 | Train Acc: 0.4062 | Val Acc: 0.3333 | Val P/R/F1 (Macro): 0.2660/0.5028/0.3130 | LR: 0.000005
Epoch [32/100] | SVD update #32: pairs=128, sweeps=3, converged=False, rel_change=4.507e-04, effective_ranks=(127, 16), class_paired=True
Epoch [32/100] | Loss: 5.2846 (Cls: 5.3193, TAL: -0.3836, Adv: 0.1426, OT-Reg: 0.001147) | OT inner objective: -0.0837 | Marginal residual row/col/max: 5.90e-05/8.38e-09/5.90e-05 | Train Acc: 0.4375 | Val Acc: 0.2500 | Val P/R/F1 (Macro): 0.2096/0.3472/0.1710 | LR: 0.000005
Epoch [33/100] | SVD update #33: pairs=128, sweeps=3, converged=False, rel_change=7.042e-04, effective_ranks=(127, 17), class_paired=True
Epoch [33/100] | Loss: 5.2322 (Cls: 5.2648, TAL: -0.3535, Adv: 0.1229, OT-Reg: 0.001170) | OT inner objective: 0.0046 | Marginal residual row/col/max: 1.26e-05/8.38e-09/1.26e-05 | Train Acc: 0.4922 | Val Acc: 0.3889 | Val P/R/F1 (Macro): 0.2444/0.4213/0.2893 | LR: 0.000005
Epoch [34/100] | SVD update #34: pairs=128, sweeps=3, converged=False, rel_change=1.845e-03, effective_ranks=(127, 17), class_paired=True
Epoch [34/100] | Loss: 5.2406 (Cls: 5.2697, TAL: -0.3324, Adv: 0.1345, OT-Reg: 0.001159) | OT inner objective: -0.0065 | Marginal residual row/col/max: 4.14e-06/1.02e-08/4.14e-06 | Train Acc: 0.4609 | Val Acc: 0.3611 | Val P/R/F1 (Macro): 0.4317/0.5037/0.3287 | LR: 0.000005
Epoch [35/100] | SVD update #35: pairs=128, sweeps=3, converged=False, rel_change=5.203e-04, effective_ranks=(127, 18), class_paired=True
Epoch [35/100] | Loss: 5.0134 (Cls: 5.0522, TAL: -0.4070, Adv: 0.1261, OT-Reg: 0.001145) | OT inner objective: -0.0600 | Marginal residual row/col/max: 9.94e-05/1.02e-08/9.94e-05 | Train Acc: 0.4531 | Val Acc: 0.3889 | Val P/R/F1 (Macro): 0.3459/0.4065/0.3116 | LR: 0.000005
Epoch [36/100] | SVD update #36: pairs=128, sweeps=3, converged=False, rel_change=1.331e-03, effective_ranks=(127, 21), class_paired=True
Epoch [36/100] | Loss: 5.1588 (Cls: 5.1945, TAL: -0.3828, Adv: 0.1287, OT-Reg: 0.001137) | OT inner objective: -0.0800 | Marginal residual row/col/max: 2.55e-05/9.31e-09/2.55e-05 | Train Acc: 0.4688 | Val Acc: 0.4167 | Val P/R/F1 (Macro): 0.2754/0.5065/0.3416 | LR: 0.000005
Epoch [37/100] | SVD update #37: pairs=128, sweeps=3, converged=False, rel_change=6.030e-03, effective_ranks=(127, 21), class_paired=True
Epoch [37/100] | Loss: 4.5282 (Cls: 4.5684, TAL: -0.4124, Adv: 0.1159, OT-Reg: 0.001168) | OT inner objective: -0.0942 | Marginal residual row/col/max: 1.52e-04/9.78e-09/1.52e-04 | Train Acc: 0.5156 | Val Acc: 0.5556 | Val P/R/F1 (Macro): 0.5204/0.6426/0.5059 | LR: 0.000005
  >>> New Best Val Acc: 0.5556
Epoch [38/100] | SVD update #38: pairs=128, sweeps=3, converged=False, rel_change=6.005e-04, effective_ranks=(127, 20), class_paired=True
Epoch [38/100] | Loss: 5.1013 (Cls: 5.1350, TAL: -0.3875, Adv: 0.1595, OT-Reg: 0.001127) | OT inner objective: -0.0936 | Marginal residual row/col/max: 1.50e-05/8.85e-09/1.50e-05 | Train Acc: 0.4531 | Val Acc: 0.4167 | Val P/R/F1 (Macro): 0.4292/0.5491/0.3848 | LR: 0.000005
Epoch [39/100] | SVD update #39: pairs=128, sweeps=3, converged=False, rel_change=3.737e-04, effective_ranks=(127, 17), class_paired=True
Epoch [39/100] | Loss: 4.7643 (Cls: 4.8044, TAL: -0.4125, Adv: 0.1169, OT-Reg: 0.001142) | OT inner objective: -0.0624 | Marginal residual row/col/max: 1.43e-05/1.07e-08/1.43e-05 | Train Acc: 0.4766 | Val Acc: 0.4167 | Val P/R/F1 (Macro): 0.5190/0.5565/0.4001 | LR: 0.000005
Epoch [40/100] | SVD update #40: pairs=128, sweeps=3, converged=False, rel_change=4.139e-03, effective_ranks=(127, 20), class_paired=True
Epoch [40/100] | Loss: 4.6132 (Cls: 4.6452, TAL: -0.3600, Adv: 0.1399, OT-Reg: 0.001176) | OT inner objective: -0.0691 | Marginal residual row/col/max: 1.55e-05/1.12e-08/1.55e-05 | Train Acc: 0.5625 | Val Acc: 0.3889 | Val P/R/F1 (Macro): 0.4398/0.4509/0.3520 | LR: 0.000005
Epoch [41/100] | SVD update #41: pairs=128, sweeps=3, converged=False, rel_change=5.317e-03, effective_ranks=(127, 19), class_paired=True
Epoch [41/100] | Loss: 5.2693 (Cls: 5.3050, TAL: -0.3734, Adv: 0.1137, OT-Reg: 0.001145) | OT inner objective: -0.0631 | Marginal residual row/col/max: 9.38e-07/1.02e-08/9.38e-07 | Train Acc: 0.3750 | Val Acc: 0.3333 | Val P/R/F1 (Macro): 0.3674/0.4926/0.3364 | LR: 0.000005
Epoch [42/100] | SVD update #42: pairs=128, sweeps=3, converged=False, rel_change=2.757e-03, effective_ranks=(127, 17), class_paired=True
Epoch [42/100] | Loss: 5.2264 (Cls: 5.2693, TAL: -0.4420, Adv: 0.1263, OT-Reg: 0.001200) | OT inner objective: -0.0220 | Marginal residual row/col/max: 2.89e-06/9.78e-09/2.89e-06 | Train Acc: 0.3594 | Val Acc: 0.3333 | Val P/R/F1 (Macro): 0.2157/0.3852/0.2392 | LR: 0.000005
Epoch [43/100] | SVD update #43: pairs=128, sweeps=3, converged=False, rel_change=1.384e-03, effective_ranks=(127, 19), class_paired=True
Epoch [43/100] | Loss: 5.1793 (Cls: 5.2208, TAL: -0.4378, Adv: 0.1385, OT-Reg: 0.001167) | OT inner objective: -0.0561 | Marginal residual row/col/max: 1.09e-04/9.78e-09/1.09e-04 | Train Acc: 0.4219 | Val Acc: 0.4444 | Val P/R/F1 (Macro): 0.3333/0.4398/0.3318 | LR: 0.000005
Epoch [44/100] | SVD update #44: pairs=128, sweeps=3, converged=False, rel_change=1.329e-03, effective_ranks=(127, 18), class_paired=True
Epoch [44/100] | Loss: 5.1763 (Cls: 5.2079, TAL: -0.3491, Adv: 0.1287, OT-Reg: 0.001140) | OT inner objective: -0.0799 | Marginal residual row/col/max: 3.97e-06/8.85e-09/3.97e-06 | Train Acc: 0.3750 | Val Acc: 0.3611 | Val P/R/F1 (Macro): 0.3579/0.4093/0.3713 | LR: 0.000005
Epoch [45/100] | SVD update #45: pairs=128, sweeps=3, converged=False, rel_change=5.030e-03, effective_ranks=(127, 17), class_paired=True
Epoch [45/100] | Loss: 4.7359 (Cls: 4.7787, TAL: -0.4393, Adv: 0.1249, OT-Reg: 0.001200) | OT inner objective: -0.0752 | Marginal residual row/col/max: 3.71e-06/1.02e-08/3.71e-06 | Train Acc: 0.5000 | Val Acc: 0.3056 | Val P/R/F1 (Macro): 0.3028/0.4444/0.3302 | LR: 0.000005
Epoch [46/100] | SVD update #46: pairs=128, sweeps=3, converged=False, rel_change=3.781e-04, effective_ranks=(127, 17), class_paired=True
Epoch [46/100] | Loss: 5.1744 (Cls: 5.2176, TAL: -0.4414, Adv: 0.1231, OT-Reg: 0.001177) | OT inner objective: -0.0392 | Marginal residual row/col/max: 6.60e-05/1.91e-08/6.60e-05 | Train Acc: 0.4453 | Val Acc: 0.4167 | Val P/R/F1 (Macro): 0.4161/0.5296/0.4198 | LR: 0.000005
Epoch [47/100] | SVD update #47: pairs=128, sweeps=3, converged=False, rel_change=4.123e-04, effective_ranks=(127, 18), class_paired=True
Epoch [47/100] | Loss: 5.0628 (Cls: 5.1041, TAL: -0.4260, Adv: 0.1227, OT-Reg: 0.001222) | OT inner objective: -0.0619 | Marginal residual row/col/max: 3.30e-06/9.31e-09/3.30e-06 | Train Acc: 0.4688 | Val Acc: 0.3611 | Val P/R/F1 (Macro): 0.4198/0.4287/0.3236 | LR: 0.000005
Epoch [48/100] | SVD update #48: pairs=128, sweeps=3, converged=False, rel_change=6.433e-04, effective_ranks=(127, 18), class_paired=True
Epoch [48/100] | Loss: 5.4533 (Cls: 5.4836, TAL: -0.3252, Adv: 0.1087, OT-Reg: 0.001147) | OT inner objective: -0.0564 | Marginal residual row/col/max: 3.99e-06/9.31e-09/3.99e-06 | Train Acc: 0.3906 | Val Acc: 0.1389 | Val P/R/F1 (Macro): 0.1111/0.2315/0.1227 | LR: 0.000003
Epoch [49/100] | SVD update #49: pairs=128, sweeps=3, converged=False, rel_change=1.172e-03, effective_ranks=(127, 16), class_paired=True
Epoch [49/100] | Loss: 5.2198 (Cls: 5.2624, TAL: -0.4383, Adv: 0.1252, OT-Reg: 0.001192) | OT inner objective: -0.1302 | Marginal residual row/col/max: 2.19e-05/1.02e-08/2.19e-05 | Train Acc: 0.4609 | Val Acc: 0.2222 | Val P/R/F1 (Macro): 0.2769/0.4019/0.2870 | LR: 0.000003
Epoch [50/100] | SVD update #50: pairs=128, sweeps=3, converged=False, rel_change=2.223e-04, effective_ranks=(126, 15), class_paired=True
Epoch [50/100] | Loss: 5.2050 (Cls: 5.2410, TAL: -0.3669, Adv: 0.0999, OT-Reg: 0.001156) | OT inner objective: -0.1016 | Marginal residual row/col/max: 4.32e-06/1.02e-08/4.32e-06 | Train Acc: 0.4453 | Val Acc: 0.3333 | Val P/R/F1 (Macro): 0.4210/0.4537/0.3713 | LR: 0.000003
Epoch [51/100] | SVD update #51: pairs=128, sweeps=3, converged=False, rel_change=2.864e-04, effective_ranks=(127, 14), class_paired=True
Epoch [51/100] | Loss: 4.8527 (Cls: 4.8969, TAL: -0.4520, Adv: 0.1262, OT-Reg: 0.001136) | OT inner objective: -0.1107 | Marginal residual row/col/max: 3.90e-05/1.12e-08/3.90e-05 | Train Acc: 0.4766 | Val Acc: 0.4444 | Val P/R/F1 (Macro): 0.4735/0.5454/0.4118 | LR: 0.000003
Epoch [52/100] | SVD update #52: pairs=128, sweeps=3, converged=False, rel_change=3.108e-04, effective_ranks=(126, 16), class_paired=True
Epoch [52/100] | Loss: 4.7203 (Cls: 4.7671, TAL: -0.4620, Adv: 0.1079, OT-Reg: 0.001179) | OT inner objective: -0.1626 | Marginal residual row/col/max: 1.08e-04/1.16e-08/1.08e-04 | Train Acc: 0.5391 | Val Acc: 0.5556 | Val P/R/F1 (Macro): 0.5309/0.5435/0.4267 | LR: 0.000003
Epoch [53/100] | SVD update #53: pairs=128, sweeps=3, converged=False, rel_change=6.472e-04, effective_ranks=(127, 19), class_paired=True
Epoch [53/100] | Loss: 4.4760 (Cls: 4.5096, TAL: -0.3560, Adv: 0.1138, OT-Reg: 0.001192) | OT inner objective: -0.0097 | Marginal residual row/col/max: 2.22e-05/8.85e-09/2.22e-05 | Train Acc: 0.5312 | Val Acc: 0.5833 | Val P/R/F1 (Macro): 0.6111/0.6602/0.5791 | LR: 0.000003
  >>> New Best Val Acc: 0.5833
Epoch [54/100] | SVD update #54: pairs=128, sweeps=3, converged=False, rel_change=3.326e-04, effective_ranks=(127, 19), class_paired=True
Epoch [54/100] | Loss: 5.2969 (Cls: 5.3282, TAL: -0.3607, Adv: 0.1496, OT-Reg: 0.001175) | OT inner objective: -0.1454 | Marginal residual row/col/max: 9.30e-05/1.07e-08/9.30e-05 | Train Acc: 0.3984 | Val Acc: 0.4167 | Val P/R/F1 (Macro): 0.4130/0.5278/0.3986 | LR: 0.000003
Epoch [55/100] | SVD update #55: pairs=128, sweeps=3, converged=False, rel_change=3.446e-04, effective_ranks=(127, 17), class_paired=True
Epoch [55/100] | Loss: 4.8028 (Cls: 4.8424, TAL: -0.4066, Adv: 0.1151, OT-Reg: 0.001149) | OT inner objective: -0.1002 | Marginal residual row/col/max: 6.33e-05/1.12e-08/6.33e-05 | Train Acc: 0.4375 | Val Acc: 0.3611 | Val P/R/F1 (Macro): 0.3619/0.4333/0.3281 | LR: 0.000003
Epoch [56/100] | SVD update #56: pairs=128, sweeps=3, converged=False, rel_change=2.455e-04, effective_ranks=(127, 16), class_paired=True
Epoch [56/100] | Loss: 4.7680 (Cls: 4.8099, TAL: -0.4215, Adv: 0.1090, OT-Reg: 0.001149) | OT inner objective: -0.0480 | Marginal residual row/col/max: 3.44e-05/1.30e-08/3.44e-05 | Train Acc: 0.4844 | Val Acc: 0.4722 | Val P/R/F1 (Macro): 0.4529/0.5093/0.3962 | LR: 0.000003
Epoch [57/100] | SVD update #57: pairs=128, sweeps=3, converged=False, rel_change=5.699e-04, effective_ranks=(127, 18), class_paired=True
Epoch [57/100] | Loss: 4.8889 (Cls: 4.9264, TAL: -0.3823, Adv: 0.1050, OT-Reg: 0.001162) | OT inner objective: -0.1623 | Marginal residual row/col/max: 9.28e-05/1.07e-08/9.28e-05 | Train Acc: 0.4922 | Val Acc: 0.4444 | Val P/R/F1 (Macro): 0.4245/0.4926/0.4145 | LR: 0.000003
Epoch [58/100] | SVD update #58: pairs=128, sweeps=3, converged=False, rel_change=1.630e-03, effective_ranks=(127, 20), class_paired=True
Epoch [58/100] | Loss: 4.5485 (Cls: 4.5869, TAL: -0.3877, Adv: 0.1019, OT-Reg: 0.001144) | OT inner objective: -0.1091 | Marginal residual row/col/max: 7.98e-05/1.16e-08/7.98e-05 | Train Acc: 0.5156 | Val Acc: 0.4167 | Val P/R/F1 (Macro): 0.5357/0.5565/0.4491 | LR: 0.000003
Epoch [59/100] | SVD update #59: pairs=128, sweeps=3, converged=False, rel_change=6.032e-04, effective_ranks=(127, 18), class_paired=True
Epoch [59/100] | Loss: 4.8101 (Cls: 4.8452, TAL: -0.3667, Adv: 0.1118, OT-Reg: 0.001114) | OT inner objective: -0.0991 | Marginal residual row/col/max: 7.29e-05/1.26e-08/7.29e-05 | Train Acc: 0.4766 | Val Acc: 0.4722 | Val P/R/F1 (Macro): 0.3319/0.5000/0.3644 | LR: 0.000003
Epoch [60/100] | SVD update #60: pairs=128, sweeps=3, converged=False, rel_change=1.273e-03, effective_ranks=(127, 16), class_paired=True
Epoch [60/100] | Loss: 4.5389 (Cls: 4.5871, TAL: -0.4792, Adv: 0.1162, OT-Reg: 0.001120) | OT inner objective: -0.1307 | Marginal residual row/col/max: 2.08e-04/1.02e-08/2.08e-04 | Train Acc: 0.5469 | Val Acc: 0.3889 | Val P/R/F1 (Macro): 0.3175/0.4074/0.3025 | LR: 0.000003
Epoch [61/100] | SVD update #61: pairs=128, sweeps=3, converged=False, rel_change=1.463e-03, effective_ranks=(127, 18), class_paired=True
Epoch [61/100] | Loss: 4.6186 (Cls: 4.6623, TAL: -0.4492, Adv: 0.1269, OT-Reg: 0.001171) | OT inner objective: -0.1079 | Marginal residual row/col/max: 8.38e-06/8.85e-09/8.38e-06 | Train Acc: 0.5547 | Val Acc: 0.5556 | Val P/R/F1 (Macro): 0.5259/0.5602/0.4351 | LR: 0.000003
Epoch [62/100] | SVD update #62: pairs=128, sweeps=3, converged=False, rel_change=2.989e-04, effective_ranks=(127, 18), class_paired=True
Epoch [62/100] | Loss: 4.9434 (Cls: 4.9769, TAL: -0.3545, Adv: 0.1132, OT-Reg: 0.001134) | OT inner objective: -0.0983 | Marginal residual row/col/max: 1.34e-04/9.31e-09/1.34e-04 | Train Acc: 0.4844 | Val Acc: 0.4722 | Val P/R/F1 (Macro): 0.6469/0.5722/0.5569 | LR: 0.000003
Epoch [63/100] | SVD update #63: pairs=128, sweeps=3, converged=False, rel_change=5.363e-04, effective_ranks=(127, 19), class_paired=True
Epoch [63/100] | Loss: 4.5783 (Cls: 4.6194, TAL: -0.4168, Adv: 0.1107, OT-Reg: 0.001144) | OT inner objective: -0.0947 | Marginal residual row/col/max: 1.72e-05/7.92e-09/1.72e-05 | Train Acc: 0.4688 | Val Acc: 0.4722 | Val P/R/F1 (Macro): 0.4537/0.5907/0.5012 | LR: 0.000003
Epoch [64/100] | SVD update #64: pairs=128, sweeps=3, converged=False, rel_change=3.635e-04, effective_ranks=(127, 20), class_paired=True
Epoch [64/100] | Loss: 4.9261 (Cls: 4.9636, TAL: -0.4011, Adv: 0.1323, OT-Reg: 0.001098) | OT inner objective: -0.0961 | Marginal residual row/col/max: 1.86e-04/1.12e-08/1.86e-04 | Train Acc: 0.3984 | Val Acc: 0.5000 | Val P/R/F1 (Macro): 0.4749/0.5139/0.4535 | LR: 0.000001
Epoch [65/100] | SVD update #65: pairs=128, sweeps=3, converged=False, rel_change=9.526e-04, effective_ranks=(127, 17), class_paired=True
Epoch [65/100] | Loss: 5.0141 (Cls: 5.0454, TAL: -0.3479, Adv: 0.1307, OT-Reg: 0.001209) | OT inner objective: -0.1103 | Marginal residual row/col/max: 2.65e-05/1.07e-08/2.65e-05 | Train Acc: 0.3047 | Val Acc: 0.6667 | Val P/R/F1 (Macro): 0.6815/0.7241/0.6799 | LR: 0.000001
  >>> New Best Val Acc: 0.6667
Epoch [66/100] | SVD update #66: pairs=128, sweeps=3, converged=False, rel_change=2.046e-04, effective_ranks=(127, 18), class_paired=True
Epoch [66/100] | Loss: 4.2510 (Cls: 4.3004, TAL: -0.4716, Adv: 0.0902, OT-Reg: 0.001190) | OT inner objective: -0.1150 | Marginal residual row/col/max: 7.08e-05/9.31e-09/7.08e-05 | Train Acc: 0.5156 | Val Acc: 0.2778 | Val P/R/F1 (Macro): 0.2831/0.4574/0.3015 | LR: 0.000001
Epoch [67/100] | SVD update #67: pairs=128, sweeps=3, converged=False, rel_change=5.085e-03, effective_ranks=(127, 18), class_paired=True
Epoch [67/100] | Loss: 4.7622 (Cls: 4.7983, TAL: -0.3835, Adv: 0.1232, OT-Reg: 0.001213) | OT inner objective: -0.0811 | Marginal residual row/col/max: 2.82e-06/9.78e-09/2.82e-06 | Train Acc: 0.5859 | Val Acc: 0.4722 | Val P/R/F1 (Macro): 0.4577/0.5694/0.4759 | LR: 0.000001
Epoch [68/100] | SVD update #68: pairs=128, sweeps=3, converged=False, rel_change=2.204e-03, effective_ranks=(127, 18), class_paired=True
Epoch [68/100] | Loss: 4.6918 (Cls: 4.7353, TAL: -0.4349, Adv: 0.1094, OT-Reg: 0.001141) | OT inner objective: -0.1329 | Marginal residual row/col/max: 8.88e-06/9.78e-09/8.88e-06 | Train Acc: 0.4844 | Val Acc: 0.4444 | Val P/R/F1 (Macro): 0.4426/0.5667/0.4385 | LR: 0.000001
Epoch [69/100] | SVD update #69: pairs=128, sweeps=3, converged=False, rel_change=1.371e-03, effective_ranks=(127, 18), class_paired=True
Epoch [69/100] | Loss: 4.5000 (Cls: 4.5377, TAL: -0.3962, Adv: 0.1225, OT-Reg: 0.001194) | OT inner objective: -0.0411 | Marginal residual row/col/max: 8.12e-06/1.16e-08/8.12e-06 | Train Acc: 0.5312 | Val Acc: 0.3889 | Val P/R/F1 (Macro): 0.3055/0.4704/0.3234 | LR: 0.000001
Epoch [70/100] | SVD update #70: pairs=128, sweeps=3, converged=False, rel_change=1.823e-04, effective_ranks=(127, 16), class_paired=True
Epoch [70/100] | Loss: 4.4987 (Cls: 4.5468, TAL: -0.4815, Adv: 0.1217, OT-Reg: 0.001189) | OT inner objective: -0.1299 | Marginal residual row/col/max: 1.31e-04/9.31e-09/1.31e-04 | Train Acc: 0.5781 | Val Acc: 0.5278 | Val P/R/F1 (Macro): 0.4599/0.5324/0.4418 | LR: 0.000001
Epoch [71/100] | SVD update #71: pairs=128, sweeps=3, converged=False, rel_change=1.685e-04, effective_ranks=(127, 16), class_paired=True
Epoch [71/100] | Loss: 4.5835 (Cls: 4.6248, TAL: -0.4111, Adv: 0.1006, OT-Reg: 0.001176) | OT inner objective: -0.0786 | Marginal residual row/col/max: 1.68e-05/1.07e-08/1.68e-05 | Train Acc: 0.5000 | Val Acc: 0.6667 | Val P/R/F1 (Macro): 0.6333/0.6676/0.6400 | LR: 0.000001
Epoch [72/100] | SVD update #72: pairs=128, sweeps=3, converged=False, rel_change=2.733e-03, effective_ranks=(127, 16), class_paired=True
Epoch [72/100] | Loss: 4.7930 (Cls: 4.8310, TAL: -0.3959, Adv: 0.1186, OT-Reg: 0.001250) | OT inner objective: -0.0372 | Marginal residual row/col/max: 5.97e-06/1.02e-08/5.97e-06 | Train Acc: 0.5234 | Val Acc: 0.5833 | Val P/R/F1 (Macro): 0.5124/0.6213/0.5300 | LR: 0.000001
Epoch [73/100] | SVD update #73: pairs=128, sweeps=3, converged=False, rel_change=1.214e-03, effective_ranks=(127, 19), class_paired=True
Epoch [73/100] | Loss: 4.6256 (Cls: 4.6651, TAL: -0.3965, Adv: 0.1007, OT-Reg: 0.001181) | OT inner objective: -0.0296 | Marginal residual row/col/max: 1.22e-04/1.07e-08/1.22e-04 | Train Acc: 0.4531 | Val Acc: 0.5000 | Val P/R/F1 (Macro): 0.4394/0.5278/0.4500 | LR: 0.000001
Epoch [74/100] | SVD update #74: pairs=128, sweeps=3, converged=False, rel_change=2.160e-04, effective_ranks=(127, 19), class_paired=True
Epoch [74/100] | Loss: 4.6845 (Cls: 4.7293, TAL: -0.4434, Adv: 0.1042, OT-Reg: 0.001184) | OT inner objective: -0.1083 | Marginal residual row/col/max: 1.45e-05/1.26e-08/1.45e-05 | Train Acc: 0.4141 | Val Acc: 0.5556 | Val P/R/F1 (Macro): 0.4437/0.5889/0.4956 | LR: 0.000001
Epoch [75/100] | SVD update #75: pairs=128, sweeps=3, converged=False, rel_change=4.810e-04, effective_ranks=(127, 21), class_paired=True
Epoch [75/100] | Loss: 4.4703 (Cls: 4.5145, TAL: -0.4343, Adv: 0.0988, OT-Reg: 0.001179) | OT inner objective: -0.1137 | Marginal residual row/col/max: 7.32e-06/9.78e-09/7.32e-06 | Train Acc: 0.5312 | Val Acc: 0.6944 | Val P/R/F1 (Macro): 0.6556/0.7602/0.6806 | LR: 0.000001
  >>> New Best Val Acc: 0.6944
Epoch [76/100] | SVD update #76: pairs=128, sweeps=3, converged=False, rel_change=3.122e-03, effective_ranks=(127, 19), class_paired=True
Epoch [76/100] | Loss: 4.7730 (Cls: 4.8096, TAL: -0.3771, Adv: 0.1082, OT-Reg: 0.001198) | OT inner objective: -0.0803 | Marginal residual row/col/max: 3.00e-05/9.31e-09/3.00e-05 | Train Acc: 0.5625 | Val Acc: 0.5000 | Val P/R/F1 (Macro): 0.5167/0.6028/0.5178 | LR: 0.000001
Epoch [77/100] | SVD update #77: pairs=128, sweeps=3, converged=False, rel_change=1.708e-03, effective_ranks=(127, 19), class_paired=True
Epoch [77/100] | Loss: 4.8058 (Cls: 4.8379, TAL: -0.3323, Adv: 0.0977, OT-Reg: 0.001217) | OT inner objective: 0.0056 | Marginal residual row/col/max: 2.59e-04/1.49e-08/2.59e-04 | Train Acc: 0.4766 | Val Acc: 0.5278 | Val P/R/F1 (Macro): 0.4709/0.5454/0.4687 | LR: 0.000001
Epoch [78/100] | SVD update #78: pairs=128, sweeps=3, converged=False, rel_change=7.488e-04, effective_ranks=(127, 17), class_paired=True
Epoch [78/100] | Loss: 4.8750 (Cls: 4.9142, TAL: -0.4034, Adv: 0.1155, OT-Reg: 0.001150) | OT inner objective: -0.0892 | Marginal residual row/col/max: 2.23e-04/1.07e-08/2.23e-04 | Train Acc: 0.4453 | Val Acc: 0.4444 | Val P/R/F1 (Macro): 0.4015/0.4639/0.3704 | LR: 0.000001
Epoch [79/100] | SVD update #79: pairs=128, sweeps=3, converged=False, rel_change=2.264e-04, effective_ranks=(127, 17), class_paired=True
Epoch [79/100] | Loss: 4.5862 (Cls: 4.6268, TAL: -0.4115, Adv: 0.1093, OT-Reg: 0.001176) | OT inner objective: -0.1071 | Marginal residual row/col/max: 1.84e-05/1.16e-08/1.84e-05 | Train Acc: 0.4141 | Val Acc: 0.3889 | Val P/R/F1 (Macro): 0.4669/0.4528/0.4037 | LR: 0.000001
Epoch [80/100] | SVD update #80: pairs=128, sweeps=3, converged=False, rel_change=6.344e-04, effective_ranks=(127, 18), class_paired=True
Epoch [80/100] | Loss: 4.8070 (Cls: 4.8460, TAL: -0.3950, Adv: 0.1057, OT-Reg: 0.001188) | OT inner objective: -0.0433 | Marginal residual row/col/max: 5.90e-05/1.16e-08/5.90e-05 | Train Acc: 0.4141 | Val Acc: 0.5556 | Val P/R/F1 (Macro): 0.5130/0.6259/0.5503 | LR: 0.000001
Epoch [81/100] | SVD update #81: pairs=128, sweeps=3, converged=False, rel_change=2.163e-04, effective_ranks=(127, 17), class_paired=True
Epoch [81/100] | Loss: 4.3867 (Cls: 4.4319, TAL: -0.4360, Adv: 0.0892, OT-Reg: 0.001179) | OT inner objective: -0.0713 | Marginal residual row/col/max: 1.16e-05/9.31e-09/1.16e-05 | Train Acc: 0.5391 | Val Acc: 0.4722 | Val P/R/F1 (Macro): 0.4405/0.5083/0.4052 | LR: 0.000001
Epoch [82/100] | SVD update #82: pairs=128, sweeps=3, converged=False, rel_change=4.937e-04, effective_ranks=(126, 15), class_paired=True
Epoch [82/100] | Loss: 4.8406 (Cls: 4.8778, TAL: -0.3898, Adv: 0.1207, OT-Reg: 0.001149) | OT inner objective: -0.0738 | Marginal residual row/col/max: 7.54e-06/1.02e-08/7.54e-06 | Train Acc: 0.5078 | Val Acc: 0.4167 | Val P/R/F1 (Macro): 0.4067/0.4472/0.3892 | LR: 0.000001
Epoch [83/100] | SVD update #83: pairs=128, sweeps=3, converged=False, rel_change=7.037e-04, effective_ranks=(127, 17), class_paired=True
Epoch [83/100] | Loss: 4.9080 (Cls: 4.9365, TAL: -0.3159, Adv: 0.1177, OT-Reg: 0.001205) | OT inner objective: -0.1110 | Marginal residual row/col/max: 1.20e-04/1.12e-08/1.20e-04 | Train Acc: 0.4062 | Val Acc: 0.5278 | Val P/R/F1 (Macro): 0.5088/0.5463/0.4779 | LR: 0.000001
Epoch [84/100] | SVD update #84: pairs=128, sweeps=3, converged=False, rel_change=3.088e-04, effective_ranks=(127, 18), class_paired=True
Epoch [84/100] | Loss: 4.5082 (Cls: 4.5507, TAL: -0.4150, Adv: 0.0908, OT-Reg: 0.001182) | OT inner objective: -0.0994 | Marginal residual row/col/max: 4.20e-05/1.86e-08/4.20e-05 | Train Acc: 0.5391 | Val Acc: 0.4444 | Val P/R/F1 (Macro): 0.4259/0.5000/0.4024 | LR: 0.000001
Epoch [85/100] | SVD update #85: pairs=128, sweeps=3, converged=False, rel_change=6.909e-04, effective_ranks=(127, 18), class_paired=True
Epoch [85/100] | Loss: 4.2325 (Cls: 4.2831, TAL: -0.4933, Adv: 0.1066, OT-Reg: 0.001173) | OT inner objective: -0.1683 | Marginal residual row/col/max: 3.62e-05/8.38e-09/3.62e-05 | Train Acc: 0.6172 | Val Acc: 0.5278 | Val P/R/F1 (Macro): 0.5690/0.5463/0.4843 | LR: 0.000001
Epoch [86/100] | SVD update #86: pairs=128, sweeps=3, converged=False, rel_change=1.678e-03, effective_ranks=(127, 18), class_paired=True
Epoch [86/100] | Loss: 4.9174 (Cls: 4.9560, TAL: -0.3840, Adv: 0.0933, OT-Reg: 0.001143) | OT inner objective: -0.1424 | Marginal residual row/col/max: 3.51e-05/1.16e-08/3.51e-05 | Train Acc: 0.4297 | Val Acc: 0.4722 | Val P/R/F1 (Macro): 0.4090/0.5111/0.4192 | LR: 0.000001
Epoch [87/100] | SVD update #87: pairs=128, sweeps=3, converged=False, rel_change=8.331e-04, effective_ranks=(127, 15), class_paired=True
Epoch [87/100] | Loss: 4.4081 (Cls: 4.4548, TAL: -0.4618, Adv: 0.1083, OT-Reg: 0.001213) | OT inner objective: -0.1017 | Marginal residual row/col/max: 4.70e-05/1.35e-08/4.70e-05 | Train Acc: 0.5000 | Val Acc: 0.4444 | Val P/R/F1 (Macro): 0.4762/0.4796/0.4438 | LR: 0.000001
Epoch [88/100] | SVD update #88: pairs=128, sweeps=3, converged=False, rel_change=7.121e-04, effective_ranks=(126, 17), class_paired=True
Epoch [88/100] | Loss: 4.4656 (Cls: 4.5021, TAL: -0.3816, Adv: 0.1159, OT-Reg: 0.001150) | OT inner objective: -0.1165 | Marginal residual row/col/max: 3.09e-05/8.85e-09/3.09e-05 | Train Acc: 0.5859 | Val Acc: 0.6389 | Val P/R/F1 (Macro): 0.6071/0.5972/0.5537 | LR: 0.000001
Epoch [89/100] | SVD update #89: pairs=128, sweeps=3, converged=False, rel_change=7.423e-04, effective_ranks=(127, 17), class_paired=True
Epoch [89/100] | Loss: 4.4633 (Cls: 4.5039, TAL: -0.3987, Adv: 0.0903, OT-Reg: 0.001183) | OT inner objective: -0.0970 | Marginal residual row/col/max: 2.71e-05/1.12e-08/2.71e-05 | Train Acc: 0.5469 | Val Acc: 0.5000 | Val P/R/F1 (Macro): 0.5272/0.5926/0.5053 | LR: 0.000001
Epoch [90/100] | SVD update #90: pairs=128, sweeps=3, converged=False, rel_change=1.907e-04, effective_ranks=(127, 18), class_paired=True
Epoch [90/100] | Loss: 4.3268 (Cls: 4.3688, TAL: -0.4248, Adv: 0.1119, OT-Reg: 0.001234) | OT inner objective: -0.1371 | Marginal residual row/col/max: 4.06e-05/1.12e-08/4.06e-05 | Train Acc: 0.5703 | Val Acc: 0.4444 | Val P/R/F1 (Macro): 0.4843/0.5722/0.4888 | LR: 0.000001
Epoch [91/100] | SVD update #91: pairs=128, sweeps=3, converged=False, rel_change=2.858e-04, effective_ranks=(127, 20), class_paired=True
Epoch [91/100] | Loss: 4.1218 (Cls: 4.1703, TAL: -0.4917, Adv: 0.1308, OT-Reg: 0.001177) | OT inner objective: -0.1461 | Marginal residual row/col/max: 2.26e-05/9.31e-09/2.26e-05 | Train Acc: 0.6562 | Val Acc: 0.4444 | Val P/R/F1 (Macro): 0.3673/0.4694/0.3865 | LR: 0.000001
Epoch [92/100] | SVD update #92: pairs=128, sweeps=3, converged=False, rel_change=3.834e-04, effective_ranks=(127, 19), class_paired=True
Epoch [92/100] | Loss: 3.9800 (Cls: 4.0241, TAL: -0.4690, Adv: 0.1513, OT-Reg: 0.001189) | OT inner objective: -0.0829 | Marginal residual row/col/max: 1.16e-06/1.02e-08/1.16e-06 | Train Acc: 0.5391 | Val Acc: 0.5278 | Val P/R/F1 (Macro): 0.4394/0.5556/0.4691 | LR: 0.000001
Epoch [93/100] | SVD update #93: pairs=128, sweeps=3, converged=False, rel_change=1.105e-03, effective_ranks=(127, 18), class_paired=True
Epoch [93/100] | Loss: 4.2993 (Cls: 4.3393, TAL: -0.4105, Adv: 0.1149, OT-Reg: 0.001142) | OT inner objective: -0.0941 | Marginal residual row/col/max: 1.08e-04/1.16e-08/1.08e-04 | Train Acc: 0.5703 | Val Acc: 0.6111 | Val P/R/F1 (Macro): 0.6570/0.6250/0.6118 | LR: 0.000001
Epoch [94/100] | SVD update #94: pairs=128, sweeps=3, converged=False, rel_change=7.186e-04, effective_ranks=(127, 20), class_paired=True
Epoch [94/100] | Loss: 4.3761 (Cls: 4.4161, TAL: -0.4195, Adv: 0.1288, OT-Reg: 0.001194) | OT inner objective: -0.0944 | Marginal residual row/col/max: 1.59e-05/8.38e-09/1.59e-05 | Train Acc: 0.5547 | Val Acc: 0.5000 | Val P/R/F1 (Macro): 0.5217/0.5519/0.5220 | LR: 0.000001
Epoch [95/100] | SVD update #95: pairs=128, sweeps=3, converged=False, rel_change=1.291e-03, effective_ranks=(127, 21), class_paired=True
Epoch [95/100] | Loss: 4.1508 (Cls: 4.1936, TAL: -0.4248, Adv: 0.1025, OT-Reg: 0.001185) | OT inner objective: -0.1091 | Marginal residual row/col/max: 1.89e-05/1.02e-08/1.89e-05 | Train Acc: 0.6641 | Val Acc: 0.6389 | Val P/R/F1 (Macro): 0.6815/0.7370/0.6723 | LR: 0.000001
Epoch [96/100] | SVD update #96: pairs=128, sweeps=3, converged=False, rel_change=1.442e-03, effective_ranks=(126, 21), class_paired=True
Epoch [96/100] | Loss: 4.2285 (Cls: 4.2615, TAL: -0.3582, Adv: 0.1259, OT-Reg: 0.001203) | OT inner objective: -0.1021 | Marginal residual row/col/max: 1.19e-05/9.78e-09/1.19e-05 | Train Acc: 0.5469 | Val Acc: 0.5833 | Val P/R/F1 (Macro): 0.6310/0.6954/0.6386 | LR: 0.000001
Epoch [97/100] | SVD update #97: pairs=128, sweeps=3, converged=False, rel_change=1.166e-03, effective_ranks=(127, 21), class_paired=True
Epoch [97/100] | Loss: 3.9180 (Cls: 3.9647, TAL: -0.4561, Adv: 0.1002, OT-Reg: 0.001213) | OT inner objective: -0.1150 | Marginal residual row/col/max: 1.12e-05/1.12e-08/1.12e-05 | Train Acc: 0.5938 | Val Acc: 0.6111 | Val P/R/F1 (Macro): 0.6111/0.7222/0.6361 | LR: 0.000001
Epoch [98/100] | SVD update #98: pairs=128, sweeps=3, converged=False, rel_change=1.386e-03, effective_ranks=(126, 20), class_paired=True
Epoch [98/100] | Loss: 4.1430 (Cls: 4.1757, TAL: -0.3680, Adv: 0.1431, OT-Reg: 0.001187) | OT inner objective: -0.1258 | Marginal residual row/col/max: 5.47e-06/1.40e-08/5.47e-06 | Train Acc: 0.5938 | Val Acc: 0.6389 | Val P/R/F1 (Macro): 0.6509/0.7139/0.6484 | LR: 0.000001
Epoch [99/100] | SVD update #99: pairs=128, sweeps=3, converged=False, rel_change=6.472e-04, effective_ranks=(127, 20), class_paired=True
Epoch [99/100] | Loss: 4.1364 (Cls: 4.1783, TAL: -0.4329, Adv: 0.1258, OT-Reg: 0.001217) | OT inner objective: -0.1567 | Marginal residual row/col/max: 1.58e-05/1.30e-08/1.58e-05 | Train Acc: 0.6094 | Val Acc: 0.6389 | Val P/R/F1 (Macro): 0.6439/0.7046/0.6267 | LR: 0.000001
Epoch [100/100] | SVD update #100: pairs=128, sweeps=3, converged=False, rel_change=1.490e-04, effective_ranks=(127, 20), class_paired=True
Epoch [100/100] | Loss: 4.5644 (Cls: 4.6009, TAL: -0.3738, Adv: 0.1042, OT-Reg: 0.001192) | OT inner objective: -0.1366 | Marginal residual row/col/max: 3.13e-05/1.07e-08/3.13e-05 | Train Acc: 0.5469 | Val Acc: 0.6111 | Val P/R/F1 (Macro): 0.5769/0.7139/0.5960 | LR: 0.000001
Report strategy: last_window, window=10, reported_acc=0.5806, best_acc=0.6944

迭代 2 报告指标:
  Accuracy: 0.5806
  Precision (Macro): 0.5781
  Recall (Macro): 0.6489
  F1 (Macro): 0.5807
  Precision (Micro): 0.5806
  Recall (Micro): 0.5806
  F1 (Micro): 0.5806
  Val class coverage: 9/14 (0.6429), samples=36

================================================================================
迭代 3/5
随机种子: 44
================================================================================
配对采样器已初始化，共 9 个共有类别。
Training mode: full target-label supervision (class-paired batches).
Feature fusion: Tensor alignment (512+512 -> 64+64); fused_dim=128
Domain adaptation: Neural OT generator with 3-domain discriminator
Loss weights: tensor=0.12, adv=0.08
Transport: mode=sinkhorn, epsilon=0.1, Sinkhorn iterations=50, correction scale=0.1, correction regularization weight=0.001
Tensor projection update: once per epoch from the complete target-training pairing bank; projection_dim=64, max_sweeps=3, relative singular-value tolerance=0.0001
Epoch [1/100] | SVD update #1: pairs=128, sweeps=3, converged=True, rel_change=2.217e-05, effective_ranks=(127, 121), class_paired=True
Epoch [1/100] | Loss: 7.9738 (Cls: 7.9866, TAL: -0.2559, Adv: 0.2243, OT-Reg: 0.001011) | OT inner objective: 0.2670 | Marginal residual row/col/max: 1.26e-08/1.35e-08/1.54e-08 | Train Acc: 0.1250 | Val Acc: 0.0833 | Val P/R/F1 (Macro): 0.0339/0.0926/0.0471 | LR: 0.000005
  >>> New Best Val Acc: 0.0833
Epoch [2/100] | SVD update #2: pairs=128, sweeps=3, converged=True, rel_change=2.749e-05, effective_ranks=(127, 114), class_paired=True
Epoch [2/100] | Loss: 8.2704 (Cls: 8.2671, TAL: -0.0812, Adv: 0.1628, OT-Reg: 0.000936) | OT inner objective: 0.2833 | Marginal residual row/col/max: 9.31e-09/9.78e-09/1.02e-08 | Train Acc: 0.1172 | Val Acc: 0.0556 | Val P/R/F1 (Macro): 0.1173/0.0417/0.0348 | LR: 0.000005
Epoch [3/100] | SVD update #3: pairs=128, sweeps=3, converged=False, rel_change=1.519e-04, effective_ranks=(127, 69), class_paired=True
Epoch [3/100] | Loss: 8.3572 (Cls: 8.3604, TAL: -0.1645, Adv: 0.2063, OT-Reg: 0.001012) | OT inner objective: 0.2820 | Marginal residual row/col/max: 8.85e-09/1.12e-08/1.16e-08 | Train Acc: 0.1562 | Val Acc: 0.1389 | Val P/R/F1 (Macro): 0.0395/0.1574/0.0626 | LR: 0.000005
  >>> New Best Val Acc: 0.1389
Epoch [4/100] | SVD update #4: pairs=128, sweeps=3, converged=False, rel_change=3.388e-03, effective_ranks=(127, 81), class_paired=True
Epoch [4/100] | Loss: 7.6147 (Cls: 7.6263, TAL: -0.2347, Adv: 0.2076, OT-Reg: 0.000996) | OT inner objective: 0.2791 | Marginal residual row/col/max: 1.12e-08/1.12e-08/1.21e-08 | Train Acc: 0.1641 | Val Acc: 0.3056 | Val P/R/F1 (Macro): 0.3342/0.3593/0.3416 | LR: 0.000005
  >>> New Best Val Acc: 0.3056
Epoch [5/100] | SVD update #5: pairs=128, sweeps=3, converged=False, rel_change=7.347e-03, effective_ranks=(127, 67), class_paired=True
Epoch [5/100] | Loss: 7.6706 (Cls: 7.6869, TAL: -0.2700, Adv: 0.2003, OT-Reg: 0.001030) | OT inner objective: 0.2494 | Marginal residual row/col/max: 9.31e-09/1.07e-08/1.12e-08 | Train Acc: 0.1641 | Val Acc: 0.4167 | Val P/R/F1 (Macro): 0.2468/0.2833/0.2394 | LR: 0.000005
  >>> New Best Val Acc: 0.4167
Epoch [6/100] | SVD update #6: pairs=128, sweeps=3, converged=False, rel_change=8.047e-02, effective_ranks=(127, 55), class_paired=True
Epoch [6/100] | Loss: 7.5692 (Cls: 7.5599, TAL: -0.0506, Adv: 0.1930, OT-Reg: 0.000956) | OT inner objective: 0.2904 | Marginal residual row/col/max: 1.02e-08/1.07e-08/1.12e-08 | Train Acc: 0.1406 | Val Acc: 0.3611 | Val P/R/F1 (Macro): 0.2114/0.4259/0.2689 | LR: 0.000005
Epoch [7/100] | SVD update #7: pairs=128, sweeps=3, converged=False, rel_change=1.239e-02, effective_ranks=(127, 47), class_paired=True
Epoch [7/100] | Loss: 7.5770 (Cls: 7.5969, TAL: -0.2893, Adv: 0.1850, OT-Reg: 0.001118) | OT inner objective: 0.2283 | Marginal residual row/col/max: 9.78e-09/1.02e-08/1.07e-08 | Train Acc: 0.1094 | Val Acc: 0.3333 | Val P/R/F1 (Macro): 0.3574/0.3741/0.2583 | LR: 0.000005
Epoch [8/100] | SVD update #8: pairs=128, sweeps=3, converged=False, rel_change=7.442e-03, effective_ranks=(127, 45), class_paired=True
Epoch [8/100] | Loss: 7.2604 (Cls: 7.2770, TAL: -0.2575, Adv: 0.1784, OT-Reg: 0.001163) | OT inner objective: 0.1839 | Marginal residual row/col/max: 8.85e-09/1.12e-08/1.16e-08 | Train Acc: 0.1797 | Val Acc: 0.4444 | Val P/R/F1 (Macro): 0.2297/0.4444/0.2864 | LR: 0.000005
  >>> New Best Val Acc: 0.4444
Epoch [9/100] | SVD update #9: pairs=128, sweeps=3, converged=False, rel_change=9.620e-03, effective_ranks=(127, 38), class_paired=True
Epoch [9/100] | Loss: 7.0568 (Cls: 7.0688, TAL: -0.2371, Adv: 0.2060, OT-Reg: 0.001103) | OT inner objective: 0.2262 | Marginal residual row/col/max: 1.07e-08/1.02e-08/1.21e-08 | Train Acc: 0.1797 | Val Acc: 0.4167 | Val P/R/F1 (Macro): 0.3835/0.4056/0.3351 | LR: 0.000005
Epoch [10/100] | SVD update #10: pairs=128, sweeps=3, converged=False, rel_change=3.671e-02, effective_ranks=(127, 32), class_paired=True
Epoch [10/100] | Loss: 7.1712 (Cls: 7.1857, TAL: -0.2517, Adv: 0.1964, OT-Reg: 0.001069) | OT inner objective: 0.2049 | Marginal residual row/col/max: 1.02e-08/1.07e-08/1.12e-08 | Train Acc: 0.1562 | Val Acc: 0.2500 | Val P/R/F1 (Macro): 0.2389/0.2991/0.1788 | LR: 0.000005
Epoch [11/100] | SVD update #11: pairs=128, sweeps=3, converged=False, rel_change=1.053e-02, effective_ranks=(127, 32), class_paired=True
Epoch [11/100] | Loss: 7.4160 (Cls: 7.4370, TAL: -0.2818, Adv: 0.1610, OT-Reg: 0.001100) | OT inner objective: 0.1818 | Marginal residual row/col/max: 2.72e-06/1.30e-08/2.72e-06 | Train Acc: 0.1719 | Val Acc: 0.1111 | Val P/R/F1 (Macro): 0.1190/0.1704/0.0910 | LR: 0.000005
Epoch [12/100] | SVD update #12: pairs=128, sweeps=3, converged=False, rel_change=5.442e-03, effective_ranks=(127, 26), class_paired=True
Epoch [12/100] | Loss: 7.5993 (Cls: 7.6084, TAL: -0.2165, Adv: 0.2109, OT-Reg: 0.001156) | OT inner objective: 0.1586 | Marginal residual row/col/max: 1.78e-07/1.12e-08/1.78e-07 | Train Acc: 0.1797 | Val Acc: 0.1389 | Val P/R/F1 (Macro): 0.0326/0.2222/0.0552 | LR: 0.000005
Epoch [13/100] | SVD update #13: pairs=128, sweeps=3, converged=False, rel_change=1.292e-04, effective_ranks=(127, 16), class_paired=True
Epoch [13/100] | Loss: 7.2582 (Cls: 7.2858, TAL: -0.3465, Adv: 0.1750, OT-Reg: 0.001169) | OT inner objective: 0.1353 | Marginal residual row/col/max: 3.61e-07/1.12e-08/3.61e-07 | Train Acc: 0.1719 | Val Acc: 0.1389 | Val P/R/F1 (Macro): 0.1632/0.1713/0.0847 | LR: 0.000005
Epoch [14/100] | SVD update #14: pairs=128, sweeps=3, converged=False, rel_change=1.178e-04, effective_ranks=(127, 17), class_paired=True
Epoch [14/100] | Loss: 6.6666 (Cls: 6.6764, TAL: -0.1965, Adv: 0.1718, OT-Reg: 0.001198) | OT inner objective: 0.1085 | Marginal residual row/col/max: 7.04e-06/1.16e-08/7.04e-06 | Train Acc: 0.2344 | Val Acc: 0.0833 | Val P/R/F1 (Macro): 0.0413/0.1481/0.0453 | LR: 0.000005
Epoch [15/100] | SVD update #15: pairs=128, sweeps=3, converged=False, rel_change=3.745e-04, effective_ranks=(127, 19), class_paired=True
Epoch [15/100] | Loss: 6.6952 (Cls: 6.7124, TAL: -0.2777, Adv: 0.2018, OT-Reg: 0.001244) | OT inner objective: 0.0429 | Marginal residual row/col/max: 1.44e-04/1.07e-08/1.44e-04 | Train Acc: 0.2031 | Val Acc: 0.2500 | Val P/R/F1 (Macro): 0.3634/0.4120/0.3014 | LR: 0.000005
Epoch [16/100] | SVD update #16: pairs=128, sweeps=3, converged=False, rel_change=1.186e-03, effective_ranks=(127, 24), class_paired=True
Epoch [16/100] | Loss: 6.6079 (Cls: 6.6257, TAL: -0.2912, Adv: 0.2137, OT-Reg: 0.001179) | OT inner objective: 0.0017 | Marginal residual row/col/max: 2.29e-06/8.85e-09/2.29e-06 | Train Acc: 0.1797 | Val Acc: 0.2500 | Val P/R/F1 (Macro): 0.1220/0.2917/0.1439 | LR: 0.000005
Epoch [17/100] | SVD update #17: pairs=128, sweeps=3, converged=False, rel_change=4.502e-03, effective_ranks=(127, 25), class_paired=True
Epoch [17/100] | Loss: 6.6222 (Cls: 6.6385, TAL: -0.2465, Adv: 0.1656, OT-Reg: 0.001190) | OT inner objective: 0.0374 | Marginal residual row/col/max: 6.59e-06/1.12e-08/6.59e-06 | Train Acc: 0.2266 | Val Acc: 0.3056 | Val P/R/F1 (Macro): 0.2530/0.3333/0.2330 | LR: 0.000005
Epoch [18/100] | SVD update #18: pairs=128, sweeps=3, converged=False, rel_change=7.239e-03, effective_ranks=(127, 23), class_paired=True
Epoch [18/100] | Loss: 5.9471 (Cls: 5.9622, TAL: -0.2475, Adv: 0.1823, OT-Reg: 0.001170) | OT inner objective: 0.0143 | Marginal residual row/col/max: 2.54e-06/1.07e-08/2.54e-06 | Train Acc: 0.3281 | Val Acc: 0.1667 | Val P/R/F1 (Macro): 0.1151/0.2954/0.1266 | LR: 0.000005
Epoch [19/100] | SVD update #19: pairs=128, sweeps=3, converged=False, rel_change=1.430e-03, effective_ranks=(127, 20), class_paired=True
Epoch [19/100] | Loss: 6.1638 (Cls: 6.1854, TAL: -0.3022, Adv: 0.1829, OT-Reg: 0.001229) | OT inner objective: 0.0517 | Marginal residual row/col/max: 5.28e-06/9.31e-09/5.28e-06 | Train Acc: 0.3516 | Val Acc: 0.2222 | Val P/R/F1 (Macro): 0.2330/0.3556/0.1935 | LR: 0.000003
Epoch [20/100] | SVD update #20: pairs=128, sweeps=3, converged=False, rel_change=3.716e-03, effective_ranks=(127, 20), class_paired=True
Epoch [20/100] | Loss: 5.8825 (Cls: 5.9079, TAL: -0.3322, Adv: 0.1812, OT-Reg: 0.001243) | OT inner objective: -0.0563 | Marginal residual row/col/max: 5.81e-06/1.02e-08/5.81e-06 | Train Acc: 0.3594 | Val Acc: 0.2222 | Val P/R/F1 (Macro): 0.2234/0.3833/0.2114 | LR: 0.000003
Epoch [21/100] | SVD update #21: pairs=128, sweeps=3, converged=False, rel_change=1.842e-02, effective_ranks=(127, 19), class_paired=True
Epoch [21/100] | Loss: 5.9411 (Cls: 5.9534, TAL: -0.2055, Adv: 0.1543, OT-Reg: 0.001226) | OT inner objective: 0.1167 | Marginal residual row/col/max: 2.61e-08/1.16e-08/2.70e-08 | Train Acc: 0.2656 | Val Acc: 0.2778 | Val P/R/F1 (Macro): 0.4373/0.4019/0.2626 | LR: 0.000003
Epoch [22/100] | SVD update #22: pairs=128, sweeps=3, converged=False, rel_change=5.128e-03, effective_ranks=(127, 18), class_paired=True
Epoch [22/100] | Loss: 5.8504 (Cls: 5.8777, TAL: -0.3328, Adv: 0.1575, OT-Reg: 0.001280) | OT inner objective: 0.0374 | Marginal residual row/col/max: 4.86e-07/9.78e-09/4.86e-07 | Train Acc: 0.3125 | Val Acc: 0.1944 | Val P/R/F1 (Macro): 0.0805/0.2963/0.1102 | LR: 0.000003
Epoch [23/100] | SVD update #23: pairs=128, sweeps=3, converged=False, rel_change=8.470e-04, effective_ranks=(127, 17), class_paired=True
Epoch [23/100] | Loss: 6.0480 (Cls: 6.0730, TAL: -0.3208, Adv: 0.1686, OT-Reg: 0.001296) | OT inner objective: 0.0164 | Marginal residual row/col/max: 3.67e-06/9.78e-09/3.67e-06 | Train Acc: 0.3750 | Val Acc: 0.2778 | Val P/R/F1 (Macro): 0.2815/0.4463/0.2726 | LR: 0.000003
Epoch [24/100] | SVD update #24: pairs=128, sweeps=3, converged=False, rel_change=2.424e-03, effective_ranks=(126, 21), class_paired=True
Epoch [24/100] | Loss: 6.3359 (Cls: 6.3637, TAL: -0.3389, Adv: 0.1619, OT-Reg: 0.001229) | OT inner objective: -0.0044 | Marginal residual row/col/max: 4.49e-06/1.12e-08/4.49e-06 | Train Acc: 0.2578 | Val Acc: 0.2500 | Val P/R/F1 (Macro): 0.4157/0.4157/0.2273 | LR: 0.000003
Epoch [25/100] | SVD update #25: pairs=128, sweeps=3, converged=False, rel_change=3.206e-03, effective_ranks=(127, 20), class_paired=True
Epoch [25/100] | Loss: 5.8625 (Cls: 5.8853, TAL: -0.2937, Adv: 0.1550, OT-Reg: 0.001240) | OT inner objective: 0.0002 | Marginal residual row/col/max: 7.68e-08/8.85e-09/7.68e-08 | Train Acc: 0.3203 | Val Acc: 0.2778 | Val P/R/F1 (Macro): 0.3043/0.4537/0.3009 | LR: 0.000003
Epoch [26/100] | SVD update #26: pairs=128, sweeps=3, converged=False, rel_change=7.088e-03, effective_ranks=(127, 18), class_paired=True
Epoch [26/100] | Loss: 5.5535 (Cls: 5.5798, TAL: -0.3156, Adv: 0.1445, OT-Reg: 0.001269) | OT inner objective: -0.0076 | Marginal residual row/col/max: 4.15e-06/9.78e-09/4.15e-06 | Train Acc: 0.3594 | Val Acc: 0.3056 | Val P/R/F1 (Macro): 0.2844/0.4546/0.3049 | LR: 0.000003
Epoch [27/100] | SVD update #27: pairs=128, sweeps=3, converged=False, rel_change=8.141e-04, effective_ranks=(127, 17), class_paired=True
Epoch [27/100] | Loss: 5.7647 (Cls: 5.7940, TAL: -0.3342, Adv: 0.1353, OT-Reg: 0.001262) | OT inner objective: 0.0747 | Marginal residual row/col/max: 6.61e-07/1.07e-08/6.61e-07 | Train Acc: 0.3984 | Val Acc: 0.2778 | Val P/R/F1 (Macro): 0.2606/0.4444/0.2913 | LR: 0.000003
Epoch [28/100] | SVD update #28: pairs=128, sweeps=3, converged=False, rel_change=2.816e-03, effective_ranks=(127, 18), class_paired=True
Epoch [28/100] | Loss: 5.6488 (Cls: 5.6753, TAL: -0.3128, Adv: 0.1381, OT-Reg: 0.001258) | OT inner objective: 0.0491 | Marginal residual row/col/max: 1.27e-06/1.02e-08/1.27e-06 | Train Acc: 0.4219 | Val Acc: 0.3056 | Val P/R/F1 (Macro): 0.4752/0.4759/0.3840 | LR: 0.000003
Epoch [29/100] | SVD update #29: pairs=128, sweeps=3, converged=False, rel_change=1.045e-03, effective_ranks=(127, 18), class_paired=True
Epoch [29/100] | Loss: 5.8674 (Cls: 5.8942, TAL: -0.3127, Adv: 0.1343, OT-Reg: 0.001219) | OT inner objective: 0.0178 | Marginal residual row/col/max: 7.68e-06/1.44e-08/7.68e-06 | Train Acc: 0.3672 | Val Acc: 0.1944 | Val P/R/F1 (Macro): 0.1582/0.3333/0.1827 | LR: 0.000003
Epoch [30/100] | SVD update #30: pairs=128, sweeps=3, converged=False, rel_change=6.232e-04, effective_ranks=(127, 20), class_paired=True
Epoch [30/100] | Loss: 5.5641 (Cls: 5.5891, TAL: -0.2931, Adv: 0.1273, OT-Reg: 0.001294) | OT inner objective: 0.0129 | Marginal residual row/col/max: 1.62e-07/1.12e-08/1.62e-07 | Train Acc: 0.3906 | Val Acc: 0.1944 | Val P/R/F1 (Macro): 0.1677/0.3565/0.1706 | LR: 0.000001
Epoch [31/100] | SVD update #31: pairs=128, sweeps=3, converged=False, rel_change=8.125e-03, effective_ranks=(127, 22), class_paired=True
Epoch [31/100] | Loss: 5.5767 (Cls: 5.6070, TAL: -0.3571, Adv: 0.1569, OT-Reg: 0.001232) | OT inner objective: -0.0216 | Marginal residual row/col/max: 6.19e-06/1.02e-08/6.19e-06 | Train Acc: 0.3750 | Val Acc: 0.1667 | Val P/R/F1 (Macro): 0.2184/0.3194/0.1622 | LR: 0.000001
Epoch [32/100] | SVD update #32: pairs=128, sweeps=3, converged=False, rel_change=5.210e-03, effective_ranks=(127, 22), class_paired=True
Epoch [32/100] | Loss: 5.5545 (Cls: 5.5767, TAL: -0.2793, Adv: 0.1415, OT-Reg: 0.001189) | OT inner objective: 0.0488 | Marginal residual row/col/max: 2.26e-05/1.02e-08/2.26e-05 | Train Acc: 0.4219 | Val Acc: 0.4167 | Val P/R/F1 (Macro): 0.2981/0.4648/0.3310 | LR: 0.000001
Epoch [33/100] | SVD update #33: pairs=128, sweeps=3, converged=False, rel_change=1.261e-03, effective_ranks=(127, 20), class_paired=True
Epoch [33/100] | Loss: 5.4638 (Cls: 5.4949, TAL: -0.3546, Adv: 0.1431, OT-Reg: 0.001268) | OT inner objective: 0.0050 | Marginal residual row/col/max: 1.35e-06/9.31e-09/1.35e-06 | Train Acc: 0.3906 | Val Acc: 0.3056 | Val P/R/F1 (Macro): 0.2417/0.4148/0.2810 | LR: 0.000001
Epoch [34/100] | SVD update #34: pairs=128, sweeps=3, converged=False, rel_change=1.032e-03, effective_ranks=(127, 20), class_paired=True
Epoch [34/100] | Loss: 5.4542 (Cls: 5.4774, TAL: -0.3007, Adv: 0.1602, OT-Reg: 0.001240) | OT inner objective: 0.0336 | Marginal residual row/col/max: 3.75e-06/1.07e-08/3.75e-06 | Train Acc: 0.4375 | Val Acc: 0.3611 | Val P/R/F1 (Macro): 0.2338/0.4722/0.2901 | LR: 0.000001
Epoch [35/100] | SVD update #35: pairs=128, sweeps=3, converged=False, rel_change=1.697e-03, effective_ranks=(127, 20), class_paired=True
Epoch [35/100] | Loss: 5.4348 (Cls: 5.4714, TAL: -0.3921, Adv: 0.1307, OT-Reg: 0.001273) | OT inner objective: -0.0051 | Marginal residual row/col/max: 1.21e-06/9.78e-09/1.21e-06 | Train Acc: 0.3672 | Val Acc: 0.3056 | Val P/R/F1 (Macro): 0.4157/0.4389/0.2944 | LR: 0.000001
Epoch [36/100] | SVD update #36: pairs=128, sweeps=3, converged=False, rel_change=3.327e-04, effective_ranks=(127, 17), class_paired=True
Epoch [36/100] | Loss: 5.8172 (Cls: 5.8461, TAL: -0.3216, Adv: 0.1207, OT-Reg: 0.001263) | OT inner objective: 0.0272 | Marginal residual row/col/max: 6.20e-06/1.02e-08/6.20e-06 | Train Acc: 0.3594 | Val Acc: 0.3056 | Val P/R/F1 (Macro): 0.3085/0.4250/0.2861 | LR: 0.000001
Epoch [37/100] | SVD update #37: pairs=128, sweeps=3, converged=False, rel_change=3.231e-03, effective_ranks=(127, 18), class_paired=True
Epoch [37/100] | Loss: 5.5420 (Cls: 5.5759, TAL: -0.3671, Adv: 0.1278, OT-Reg: 0.001224) | OT inner objective: -0.0281 | Marginal residual row/col/max: 3.05e-06/1.16e-08/3.05e-06 | Train Acc: 0.3047 | Val Acc: 0.2778 | Val P/R/F1 (Macro): 0.3543/0.4019/0.2644 | LR: 0.000001
Epoch [38/100] | SVD update #38: pairs=128, sweeps=3, converged=False, rel_change=2.877e-03, effective_ranks=(127, 17), class_paired=True
Epoch [38/100] | Loss: 5.4926 (Cls: 5.5272, TAL: -0.3670, Adv: 0.1173, OT-Reg: 0.001247) | OT inner objective: -0.0193 | Marginal residual row/col/max: 4.27e-07/1.02e-08/4.27e-07 | Train Acc: 0.3828 | Val Acc: 0.1389 | Val P/R/F1 (Macro): 0.1526/0.2731/0.1187 | LR: 0.000001
Epoch [39/100] | SVD update #39: pairs=128, sweeps=3, converged=False, rel_change=1.959e-03, effective_ranks=(127, 17), class_paired=True
Epoch [39/100] | Loss: 5.7881 (Cls: 5.8039, TAL: -0.2362, Adv: 0.1571, OT-Reg: 0.001191) | OT inner objective: 0.0188 | Marginal residual row/col/max: 1.20e-06/1.16e-08/1.20e-06 | Train Acc: 0.3125 | Val Acc: 0.2222 | Val P/R/F1 (Macro): 0.1038/0.3704/0.1481 | LR: 0.000001
Epoch [40/100] | SVD update #40: pairs=128, sweeps=3, converged=False, rel_change=7.488e-04, effective_ranks=(127, 18), class_paired=True
Epoch [40/100] | Loss: 5.5229 (Cls: 5.5600, TAL: -0.4199, Adv: 0.1666, OT-Reg: 0.001312) | OT inner objective: -0.0053 | Marginal residual row/col/max: 1.09e-05/1.12e-08/1.09e-05 | Train Acc: 0.2969 | Val Acc: 0.2778 | Val P/R/F1 (Macro): 0.2753/0.4093/0.2476 | LR: 0.000001
Epoch [41/100] | SVD update #41: pairs=128, sweeps=3, converged=False, rel_change=6.061e-03, effective_ranks=(127, 17), class_paired=True
Epoch [41/100] | Loss: 5.4140 (Cls: 5.4297, TAL: -0.2283, Adv: 0.1457, OT-Reg: 0.001133) | OT inner objective: 0.1038 | Marginal residual row/col/max: 1.30e-04/9.31e-09/1.30e-04 | Train Acc: 0.4219 | Val Acc: 0.3611 | Val P/R/F1 (Macro): 0.3770/0.4472/0.3291 | LR: 0.000001
Epoch [42/100] | SVD update #42: pairs=128, sweeps=3, converged=False, rel_change=5.122e-03, effective_ranks=(127, 20), class_paired=True
Epoch [42/100] | Loss: 5.5769 (Cls: 5.5982, TAL: -0.2708, Adv: 0.1390, OT-Reg: 0.001268) | OT inner objective: 0.0345 | Marginal residual row/col/max: 9.06e-06/1.16e-08/9.06e-06 | Train Acc: 0.3516 | Val Acc: 0.3333 | Val P/R/F1 (Macro): 0.2611/0.3741/0.2795 | LR: 0.000001
Epoch [43/100] | SVD update #43: pairs=128, sweeps=3, converged=False, rel_change=1.689e-03, effective_ranks=(127, 18), class_paired=True
Epoch [43/100] | Loss: 5.7146 (Cls: 5.7483, TAL: -0.3586, Adv: 0.1170, OT-Reg: 0.001244) | OT inner objective: -0.0449 | Marginal residual row/col/max: 1.06e-05/8.85e-09/1.06e-05 | Train Acc: 0.3594 | Val Acc: 0.3611 | Val P/R/F1 (Macro): 0.3062/0.4889/0.3049 | LR: 0.000001
Epoch [44/100] | SVD update #44: pairs=128, sweeps=3, converged=False, rel_change=4.683e-04, effective_ranks=(126, 17), class_paired=True
Epoch [44/100] | Loss: 6.0956 (Cls: 6.1162, TAL: -0.2971, Adv: 0.1882, OT-Reg: 0.001213) | OT inner objective: 0.0446 | Marginal residual row/col/max: 3.77e-07/1.26e-08/3.77e-07 | Train Acc: 0.2500 | Val Acc: 0.1944 | Val P/R/F1 (Macro): 0.1537/0.2407/0.1638 | LR: 0.000001
Epoch [45/100] | SVD update #45: pairs=128, sweeps=3, converged=False, rel_change=1.987e-03, effective_ranks=(127, 18), class_paired=True
Epoch [45/100] | Loss: 5.6407 (Cls: 5.6637, TAL: -0.2896, Adv: 0.1460, OT-Reg: 0.001187) | OT inner objective: 0.0140 | Marginal residual row/col/max: 1.17e-04/1.07e-08/1.17e-04 | Train Acc: 0.3672 | Val Acc: 0.2778 | Val P/R/F1 (Macro): 0.3361/0.4120/0.2900 | LR: 0.000001
Epoch [46/100] | SVD update #46: pairs=128, sweeps=3, converged=False, rel_change=1.308e-03, effective_ranks=(127, 16), class_paired=True
Epoch [46/100] | Loss: 5.4538 (Cls: 5.4777, TAL: -0.2886, Adv: 0.1346, OT-Reg: 0.001208) | OT inner objective: -0.0270 | Marginal residual row/col/max: 4.40e-06/9.78e-09/4.40e-06 | Train Acc: 0.3984 | Val Acc: 0.3611 | Val P/R/F1 (Macro): 0.3526/0.4704/0.3540 | LR: 0.000001
Epoch [47/100] | SVD update #47: pairs=128, sweeps=3, converged=False, rel_change=2.044e-03, effective_ranks=(127, 18), class_paired=True
Epoch [47/100] | Loss: 5.4802 (Cls: 5.5078, TAL: -0.3225, Adv: 0.1391, OT-Reg: 0.001305) | OT inner objective: -0.0096 | Marginal residual row/col/max: 1.58e-06/1.82e-08/1.58e-06 | Train Acc: 0.3828 | Val Acc: 0.3889 | Val P/R/F1 (Macro): 0.3302/0.4815/0.3626 | LR: 0.000001
Epoch [48/100] | SVD update #48: pairs=128, sweeps=3, converged=False, rel_change=3.504e-03, effective_ranks=(127, 18), class_paired=True
Epoch [48/100] | Loss: 5.3655 (Cls: 5.4032, TAL: -0.3961, Adv: 0.1232, OT-Reg: 0.001231) | OT inner objective: -0.0189 | Marginal residual row/col/max: 9.17e-06/1.02e-08/9.17e-06 | Train Acc: 0.3438 | Val Acc: 0.4444 | Val P/R/F1 (Macro): 0.3300/0.5213/0.3969 | LR: 0.000001
Epoch [49/100] | SVD update #49: pairs=128, sweeps=3, converged=False, rel_change=6.055e-04, effective_ranks=(127, 20), class_paired=True
Epoch [49/100] | Loss: 5.6940 (Cls: 5.7266, TAL: -0.3399, Adv: 0.1024, OT-Reg: 0.001224) | OT inner objective: -0.0252 | Marginal residual row/col/max: 1.54e-04/1.02e-08/1.54e-04 | Train Acc: 0.3203 | Val Acc: 0.2500 | Val P/R/F1 (Macro): 0.1618/0.2824/0.1843 | LR: 0.000001
Epoch [50/100] | SVD update #50: pairs=128, sweeps=3, converged=False, rel_change=7.974e-04, effective_ranks=(127, 17), class_paired=True
Epoch [50/100] | Loss: 5.8640 (Cls: 5.8922, TAL: -0.3030, Adv: 0.1025, OT-Reg: 0.001214) | OT inner objective: 0.0293 | Marginal residual row/col/max: 6.30e-07/1.35e-08/6.30e-07 | Train Acc: 0.2891 | Val Acc: 0.5000 | Val P/R/F1 (Macro): 0.3828/0.4602/0.3915 | LR: 0.000001
  >>> New Best Val Acc: 0.5000
Epoch [51/100] | SVD update #51: pairs=128, sweeps=3, converged=False, rel_change=6.788e-04, effective_ranks=(127, 19), class_paired=True
Epoch [51/100] | Loss: 5.6073 (Cls: 5.6373, TAL: -0.3351, Adv: 0.1275, OT-Reg: 0.001176) | OT inner objective: 0.0156 | Marginal residual row/col/max: 5.26e-06/1.12e-08/5.26e-06 | Train Acc: 0.3594 | Val Acc: 0.2778 | Val P/R/F1 (Macro): 0.3037/0.3037/0.2410 | LR: 0.000001
Epoch [52/100] | SVD update #52: pairs=128, sweeps=3, converged=False, rel_change=8.691e-04, effective_ranks=(127, 19), class_paired=True
Epoch [52/100] | Loss: 5.6180 (Cls: 5.6440, TAL: -0.2996, Adv: 0.1236, OT-Reg: 0.001219) | OT inner objective: 0.0013 | Marginal residual row/col/max: 1.19e-06/1.07e-08/1.19e-06 | Train Acc: 0.3359 | Val Acc: 0.2222 | Val P/R/F1 (Macro): 0.2262/0.2731/0.1787 | LR: 0.000001
Epoch [53/100] | SVD update #53: pairs=128, sweeps=3, converged=False, rel_change=1.830e-04, effective_ranks=(127, 20), class_paired=True
Epoch [53/100] | Loss: 5.6878 (Cls: 5.7321, TAL: -0.4560, Adv: 0.1294, OT-Reg: 0.001234) | OT inner objective: 0.0217 | Marginal residual row/col/max: 2.01e-06/1.16e-08/2.01e-06 | Train Acc: 0.4062 | Val Acc: 0.2778 | Val P/R/F1 (Macro): 0.3742/0.4111/0.3766 | LR: 0.000001
Epoch [54/100] | SVD update #54: pairs=128, sweeps=3, converged=False, rel_change=1.067e-03, effective_ranks=(127, 17), class_paired=True
Epoch [54/100] | Loss: 5.7185 (Cls: 5.7424, TAL: -0.2759, Adv: 0.1153, OT-Reg: 0.001211) | OT inner objective: 0.0345 | Marginal residual row/col/max: 1.56e-06/1.16e-08/1.56e-06 | Train Acc: 0.3516 | Val Acc: 0.3333 | Val P/R/F1 (Macro): 0.3478/0.4676/0.3646 | LR: 0.000001
Epoch [55/100] | SVD update #55: pairs=128, sweeps=3, converged=False, rel_change=2.579e-03, effective_ranks=(127, 19), class_paired=True
Epoch [55/100] | Loss: 5.3563 (Cls: 5.3891, TAL: -0.3531, Adv: 0.1201, OT-Reg: 0.001229) | OT inner objective: -0.0292 | Marginal residual row/col/max: 4.51e-06/9.78e-09/4.51e-06 | Train Acc: 0.3828 | Val Acc: 0.3611 | Val P/R/F1 (Macro): 0.3753/0.5130/0.3862 | LR: 0.000001
Epoch [56/100] | SVD update #56: pairs=128, sweeps=3, converged=False, rel_change=1.851e-03, effective_ranks=(127, 18), class_paired=True
Epoch [56/100] | Loss: 5.5898 (Cls: 5.6214, TAL: -0.3361, Adv: 0.1083, OT-Reg: 0.001228) | OT inner objective: 0.0118 | Marginal residual row/col/max: 8.90e-07/1.16e-08/8.90e-07 | Train Acc: 0.3750 | Val Acc: 0.1667 | Val P/R/F1 (Macro): 0.1234/0.3148/0.1622 | LR: 0.000001
Epoch [57/100] | SVD update #57: pairs=128, sweeps=3, converged=False, rel_change=4.906e-04, effective_ranks=(127, 19), class_paired=True
Epoch [57/100] | Loss: 5.4034 (Cls: 5.4351, TAL: -0.3363, Adv: 0.1080, OT-Reg: 0.001255) | OT inner objective: 0.0416 | Marginal residual row/col/max: 4.42e-06/1.16e-08/4.42e-06 | Train Acc: 0.3359 | Val Acc: 0.3333 | Val P/R/F1 (Macro): 0.4167/0.3741/0.3335 | LR: 0.000001
Epoch [58/100] | SVD update #58: pairs=128, sweeps=3, converged=False, rel_change=9.039e-04, effective_ranks=(127, 18), class_paired=True
Epoch [58/100] | Loss: 5.6185 (Cls: 5.6467, TAL: -0.3095, Adv: 0.1120, OT-Reg: 0.001286) | OT inner objective: -0.0470 | Marginal residual row/col/max: 9.75e-06/1.07e-08/9.75e-06 | Train Acc: 0.4297 | Val Acc: 0.3056 | Val P/R/F1 (Macro): 0.2700/0.3361/0.2522 | LR: 0.000001
Epoch [59/100] | SVD update #59: pairs=128, sweeps=3, converged=False, rel_change=4.717e-04, effective_ranks=(127, 20), class_paired=True
Epoch [59/100] | Loss: 5.2066 (Cls: 5.2331, TAL: -0.2981, Adv: 0.1162, OT-Reg: 0.001238) | OT inner objective: -0.0243 | Marginal residual row/col/max: 8.86e-06/1.02e-08/8.86e-06 | Train Acc: 0.4375 | Val Acc: 0.3056 | Val P/R/F1 (Macro): 0.2688/0.4574/0.2863 | LR: 0.000001
Epoch [60/100] | SVD update #60: pairs=128, sweeps=3, converged=False, rel_change=3.598e-03, effective_ranks=(127, 19), class_paired=True
Epoch [60/100] | Loss: 5.1103 (Cls: 5.1363, TAL: -0.2838, Adv: 0.1006, OT-Reg: 0.001275) | OT inner objective: -0.0657 | Marginal residual row/col/max: 2.88e-05/1.40e-08/2.88e-05 | Train Acc: 0.4375 | Val Acc: 0.3889 | Val P/R/F1 (Macro): 0.4398/0.4861/0.4207 | LR: 0.000001
Epoch [61/100] | SVD update #61: pairs=128, sweeps=3, converged=False, rel_change=1.782e-03, effective_ranks=(127, 19), class_paired=True
Epoch [61/100] | Loss: 5.2923 (Cls: 5.3209, TAL: -0.3149, Adv: 0.1145, OT-Reg: 0.001231) | OT inner objective: -0.0474 | Marginal residual row/col/max: 5.20e-06/1.07e-08/5.20e-06 | Train Acc: 0.4297 | Val Acc: 0.2778 | Val P/R/F1 (Macro): 0.2835/0.4120/0.3089 | LR: 0.000001
Epoch [62/100] | SVD update #62: pairs=128, sweeps=3, converged=False, rel_change=6.756e-04, effective_ranks=(127, 21), class_paired=True
Epoch [62/100] | Loss: 5.0619 (Cls: 5.0969, TAL: -0.3857, Adv: 0.1413, OT-Reg: 0.001326) | OT inner objective: -0.0304 | Marginal residual row/col/max: 2.94e-05/1.02e-08/2.94e-05 | Train Acc: 0.4453 | Val Acc: 0.3889 | Val P/R/F1 (Macro): 0.2963/0.4046/0.3132 | LR: 0.000001
Epoch [63/100] | SVD update #63: pairs=128, sweeps=3, converged=False, rel_change=2.178e-03, effective_ranks=(127, 21), class_paired=True
Epoch [63/100] | Loss: 5.1767 (Cls: 5.2087, TAL: -0.3691, Adv: 0.1536, OT-Reg: 0.001226) | OT inner objective: -0.0401 | Marginal residual row/col/max: 6.47e-06/1.16e-08/6.47e-06 | Train Acc: 0.4297 | Val Acc: 0.3333 | Val P/R/F1 (Macro): 0.2729/0.3278/0.2636 | LR: 0.000001
Epoch [64/100] | SVD update #64: pairs=128, sweeps=3, converged=False, rel_change=7.973e-04, effective_ranks=(127, 22), class_paired=True
Epoch [64/100] | Loss: 5.2488 (Cls: 5.2869, TAL: -0.3809, Adv: 0.0958, OT-Reg: 0.001280) | OT inner objective: -0.0623 | Marginal residual row/col/max: 1.62e-06/1.21e-08/1.62e-06 | Train Acc: 0.5000 | Val Acc: 0.3889 | Val P/R/F1 (Macro): 0.2920/0.3778/0.3029 | LR: 0.000001
Epoch [65/100] | SVD update #65: pairs=128, sweeps=3, converged=False, rel_change=1.206e-03, effective_ranks=(127, 21), class_paired=True
Epoch [65/100] | Loss: 5.4853 (Cls: 5.5121, TAL: -0.3296, Adv: 0.1586, OT-Reg: 0.001259) | OT inner objective: -0.0128 | Marginal residual row/col/max: 9.52e-07/1.02e-08/9.52e-07 | Train Acc: 0.3359 | Val Acc: 0.3056 | Val P/R/F1 (Macro): 0.2454/0.3519/0.2601 | LR: 0.000001
Epoch [66/100] | SVD update #66: pairs=128, sweeps=3, converged=False, rel_change=3.338e-03, effective_ranks=(127, 22), class_paired=True
Epoch [66/100] | Loss: 5.7641 (Cls: 5.7893, TAL: -0.3139, Adv: 0.1562, OT-Reg: 0.001157) | OT inner objective: 0.0151 | Marginal residual row/col/max: 3.06e-06/1.12e-08/3.06e-06 | Train Acc: 0.3594 | Val Acc: 0.2222 | Val P/R/F1 (Macro): 0.1389/0.3074/0.1822 | LR: 0.000001
Epoch [67/100] | SVD update #67: pairs=128, sweeps=3, converged=False, rel_change=1.343e-03, effective_ranks=(127, 22), class_paired=True
Epoch [67/100] | Loss: 5.7018 (Cls: 5.7318, TAL: -0.3487, Adv: 0.1481, OT-Reg: 0.001306) | OT inner objective: 0.0400 | Marginal residual row/col/max: 1.32e-07/9.78e-09/1.32e-07 | Train Acc: 0.3984 | Val Acc: 0.2500 | Val P/R/F1 (Macro): 0.1907/0.4167/0.2388 | LR: 0.000001
Epoch [68/100] | SVD update #68: pairs=128, sweeps=3, converged=False, rel_change=3.536e-04, effective_ranks=(127, 22), class_paired=True
Epoch [68/100] | Loss: 5.6140 (Cls: 5.6477, TAL: -0.3535, Adv: 0.1089, OT-Reg: 0.001228) | OT inner objective: 0.0447 | Marginal residual row/col/max: 2.54e-06/1.30e-08/2.54e-06 | Train Acc: 0.3047 | Val Acc: 0.3611 | Val P/R/F1 (Macro): 0.2426/0.4907/0.3123 | LR: 0.000001
Epoch [69/100] | SVD update #69: pairs=128, sweeps=3, converged=False, rel_change=4.072e-03, effective_ranks=(126, 22), class_paired=True
Epoch [69/100] | Loss: 5.5842 (Cls: 5.6185, TAL: -0.3832, Adv: 0.1453, OT-Reg: 0.001265) | OT inner objective: -0.0126 | Marginal residual row/col/max: 2.50e-05/1.12e-08/2.50e-05 | Train Acc: 0.3125 | Val Acc: 0.2778 | Val P/R/F1 (Macro): 0.2556/0.3981/0.2842 | LR: 0.000001
Epoch [70/100] | SVD update #70: pairs=128, sweeps=3, converged=False, rel_change=2.533e-03, effective_ranks=(127, 22), class_paired=True
Epoch [70/100] | Loss: 5.8366 (Cls: 5.8746, TAL: -0.3868, Adv: 0.1056, OT-Reg: 0.001195) | OT inner objective: 0.0460 | Marginal residual row/col/max: 8.41e-06/1.26e-08/8.41e-06 | Train Acc: 0.3047 | Val Acc: 0.2778 | Val P/R/F1 (Macro): 0.3622/0.4019/0.2780 | LR: 0.000001
Epoch [71/100] | SVD update #71: pairs=128, sweeps=3, converged=False, rel_change=1.953e-03, effective_ranks=(127, 23), class_paired=True
Epoch [71/100] | Loss: 5.6838 (Cls: 5.7176, TAL: -0.3523, Adv: 0.1053, OT-Reg: 0.001213) | OT inner objective: 0.0151 | Marginal residual row/col/max: 3.77e-06/1.02e-08/3.78e-06 | Train Acc: 0.2891 | Val Acc: 0.3056 | Val P/R/F1 (Macro): 0.2683/0.3046/0.2509 | LR: 0.000001
Epoch [72/100] | SVD update #72: pairs=128, sweeps=3, converged=False, rel_change=9.595e-03, effective_ranks=(127, 21), class_paired=True
Epoch [72/100] | Loss: 6.1499 (Cls: 6.1684, TAL: -0.2371, Adv: 0.1240, OT-Reg: 0.001185) | OT inner objective: -0.0375 | Marginal residual row/col/max: 4.51e-05/1.12e-08/4.51e-05 | Train Acc: 0.3203 | Val Acc: 0.3611 | Val P/R/F1 (Macro): 0.3585/0.4528/0.3177 | LR: 0.000001
Epoch [73/100] | SVD update #73: pairs=128, sweeps=3, converged=False, rel_change=2.090e-03, effective_ranks=(127, 21), class_paired=True
Epoch [73/100] | Loss: 6.0187 (Cls: 6.0368, TAL: -0.2431, Adv: 0.1375, OT-Reg: 0.001144) | OT inner objective: 0.0441 | Marginal residual row/col/max: 1.26e-05/1.12e-08/1.26e-05 | Train Acc: 0.2656 | Val Acc: 0.2222 | Val P/R/F1 (Macro): 0.1918/0.2722/0.1873 | LR: 0.000001
Epoch [74/100] | SVD update #74: pairs=128, sweeps=3, converged=False, rel_change=3.346e-03, effective_ranks=(127, 20), class_paired=True
Epoch [74/100] | Loss: 5.9365 (Cls: 5.9595, TAL: -0.2851, Adv: 0.1411, OT-Reg: 0.001264) | OT inner objective: 0.0453 | Marginal residual row/col/max: 4.08e-06/8.85e-09/4.08e-06 | Train Acc: 0.3047 | Val Acc: 0.3333 | Val P/R/F1 (Macro): 0.2497/0.3139/0.2489 | LR: 0.000001
Epoch [75/100] | SVD update #75: pairs=128, sweeps=3, converged=False, rel_change=8.991e-04, effective_ranks=(127, 19), class_paired=True
Epoch [75/100] | Loss: 6.3894 (Cls: 6.4150, TAL: -0.2930, Adv: 0.1193, OT-Reg: 0.001189) | OT inner objective: -0.0138 | Marginal residual row/col/max: 6.85e-07/9.78e-09/6.85e-07 | Train Acc: 0.2969 | Val Acc: 0.1944 | Val P/R/F1 (Macro): 0.1892/0.3426/0.1883 | LR: 0.000001
Epoch [76/100] | SVD update #76: pairs=128, sweeps=3, converged=False, rel_change=7.738e-03, effective_ranks=(127, 20), class_paired=True
Epoch [76/100] | Loss: 6.1466 (Cls: 6.1729, TAL: -0.3091, Adv: 0.1354, OT-Reg: 0.001268) | OT inner objective: -0.0048 | Marginal residual row/col/max: 3.41e-05/1.02e-08/3.41e-05 | Train Acc: 0.2578 | Val Acc: 0.1944 | Val P/R/F1 (Macro): 0.1500/0.2481/0.1630 | LR: 0.000001
Epoch [77/100] | SVD update #77: pairs=128, sweeps=3, converged=False, rel_change=9.858e-03, effective_ranks=(127, 20), class_paired=True
Epoch [77/100] | Loss: 5.8529 (Cls: 5.8797, TAL: -0.3150, Adv: 0.1366, OT-Reg: 0.001323) | OT inner objective: -0.0474 | Marginal residual row/col/max: 6.91e-05/1.02e-08/6.91e-05 | Train Acc: 0.3203 | Val Acc: 0.1944 | Val P/R/F1 (Macro): 0.2180/0.2444/0.1698 | LR: 0.000001
Epoch [78/100] | SVD update #78: pairs=128, sweeps=3, converged=False, rel_change=8.648e-03, effective_ranks=(127, 21), class_paired=True
Epoch [78/100] | Loss: 5.6301 (Cls: 5.6570, TAL: -0.3129, Adv: 0.1326, OT-Reg: 0.001145) | OT inner objective: 0.0048 | Marginal residual row/col/max: 1.07e-04/1.07e-08/1.07e-04 | Train Acc: 0.3906 | Val Acc: 0.2222 | Val P/R/F1 (Macro): 0.2222/0.3611/0.2116 | LR: 0.000001
Epoch [79/100] | SVD update #79: pairs=128, sweeps=3, converged=False, rel_change=1.771e-03, effective_ranks=(127, 21), class_paired=True
Epoch [79/100] | Loss: 6.1286 (Cls: 6.1607, TAL: -0.3495, Adv: 0.1231, OT-Reg: 0.001276) | OT inner objective: -0.0302 | Marginal residual row/col/max: 1.77e-05/1.02e-08/1.77e-05 | Train Acc: 0.2188 | Val Acc: 0.1944 | Val P/R/F1 (Macro): 0.1574/0.2250/0.1614 | LR: 0.000001
Epoch [80/100] | SVD update #80: pairs=128, sweeps=3, converged=False, rel_change=4.263e-03, effective_ranks=(127, 20), class_paired=True
Epoch [80/100] | Loss: 5.6260 (Cls: 5.6620, TAL: -0.3815, Adv: 0.1215, OT-Reg: 0.001205) | OT inner objective: -0.0072 | Marginal residual row/col/max: 5.78e-07/9.78e-09/5.78e-07 | Train Acc: 0.2812 | Val Acc: 0.2778 | Val P/R/F1 (Macro): 0.2037/0.2750/0.2193 | LR: 0.000001
Epoch [81/100] | SVD update #81: pairs=128, sweeps=3, converged=False, rel_change=2.021e-02, effective_ranks=(127, 20), class_paired=True
Epoch [81/100] | Loss: 6.0516 (Cls: 6.0780, TAL: -0.3017, Adv: 0.1224, OT-Reg: 0.001230) | OT inner objective: 0.0232 | Marginal residual row/col/max: 6.35e-06/1.02e-08/6.35e-06 | Train Acc: 0.3125 | Val Acc: 0.1944 | Val P/R/F1 (Macro): 0.1627/0.3407/0.1753 | LR: 0.000001
Epoch [82/100] | SVD update #82: pairs=128, sweeps=3, converged=False, rel_change=1.726e-02, effective_ranks=(127, 21), class_paired=True
Epoch [82/100] | Loss: 5.8068 (Cls: 5.8366, TAL: -0.3289, Adv: 0.1212, OT-Reg: 0.001139) | OT inner objective: 0.0421 | Marginal residual row/col/max: 1.01e-04/1.35e-08/1.01e-04 | Train Acc: 0.2891 | Val Acc: 0.1667 | Val P/R/F1 (Macro): 0.1222/0.2407/0.1458 | LR: 0.000001
Epoch [83/100] | SVD update #83: pairs=128, sweeps=3, converged=False, rel_change=2.392e-03, effective_ranks=(127, 20), class_paired=True
Epoch [83/100] | Loss: 5.5805 (Cls: 5.6113, TAL: -0.3525, Adv: 0.1437, OT-Reg: 0.001233) | OT inner objective: 0.0001 | Marginal residual row/col/max: 2.06e-05/1.30e-08/2.06e-05 | Train Acc: 0.3594 | Val Acc: 0.1944 | Val P/R/F1 (Macro): 0.2381/0.3426/0.1929 | LR: 0.000001
Epoch [84/100] | SVD update #84: pairs=128, sweeps=3, converged=False, rel_change=4.467e-03, effective_ranks=(127, 20), class_paired=True
Epoch [84/100] | Loss: 5.5734 (Cls: 5.6012, TAL: -0.3134, Adv: 0.1227, OT-Reg: 0.001220) | OT inner objective: 0.0467 | Marginal residual row/col/max: 4.85e-06/8.38e-09/4.85e-06 | Train Acc: 0.3828 | Val Acc: 0.2778 | Val P/R/F1 (Macro): 0.2753/0.3787/0.2118 | LR: 0.000001
Epoch [85/100] | SVD update #85: pairs=128, sweeps=3, converged=False, rel_change=3.904e-03, effective_ranks=(126, 18), class_paired=True
Epoch [85/100] | Loss: 5.6104 (Cls: 5.6455, TAL: -0.3586, Adv: 0.0999, OT-Reg: 0.001204) | OT inner objective: -0.0130 | Marginal residual row/col/max: 2.12e-05/9.78e-09/2.12e-05 | Train Acc: 0.2891 | Val Acc: 0.2500 | Val P/R/F1 (Macro): 0.3399/0.3741/0.2265 | LR: 0.000001
Epoch [86/100] | SVD update #86: pairs=128, sweeps=3, converged=False, rel_change=1.187e-04, effective_ranks=(127, 19), class_paired=True
Epoch [86/100] | Loss: 5.4892 (Cls: 5.5221, TAL: -0.3670, Adv: 0.1385, OT-Reg: 0.001182) | OT inner objective: 0.0036 | Marginal residual row/col/max: 8.96e-05/1.16e-08/8.96e-05 | Train Acc: 0.3125 | Val Acc: 0.3611 | Val P/R/F1 (Macro): 0.3159/0.3824/0.3007 | LR: 0.000001
Epoch [87/100] | SVD update #87: pairs=128, sweeps=3, converged=False, rel_change=3.104e-03, effective_ranks=(127, 20), class_paired=True
Epoch [87/100] | Loss: 5.6754 (Cls: 5.6983, TAL: -0.2866, Adv: 0.1436, OT-Reg: 0.001244) | OT inner objective: -0.0304 | Marginal residual row/col/max: 4.92e-06/9.31e-09/4.92e-06 | Train Acc: 0.3281 | Val Acc: 0.1667 | Val P/R/F1 (Macro): 0.1667/0.2306/0.1609 | LR: 0.000001
Epoch [88/100] | SVD update #88: pairs=128, sweeps=3, converged=False, rel_change=4.419e-03, effective_ranks=(127, 19), class_paired=True
Epoch [88/100] | Loss: 5.3834 (Cls: 5.4094, TAL: -0.3014, Adv: 0.1266, OT-Reg: 0.001130) | OT inner objective: 0.0663 | Marginal residual row/col/max: 1.43e-04/1.07e-08/1.43e-04 | Train Acc: 0.4453 | Val Acc: 0.2778 | Val P/R/F1 (Macro): 0.1790/0.4259/0.2338 | LR: 0.000001
Epoch [89/100] | SVD update #89: pairs=128, sweeps=3, converged=False, rel_change=1.555e-03, effective_ranks=(127, 19), class_paired=True
Epoch [89/100] | Loss: 5.6021 (Cls: 5.6244, TAL: -0.2452, Adv: 0.0891, OT-Reg: 0.001177) | OT inner objective: 0.0194 | Marginal residual row/col/max: 3.22e-05/1.16e-08/3.22e-05 | Train Acc: 0.2969 | Val Acc: 0.2222 | Val P/R/F1 (Macro): 0.1956/0.3741/0.2042 | LR: 0.000001
Epoch [90/100] | SVD update #90: pairs=128, sweeps=3, converged=False, rel_change=2.182e-03, effective_ranks=(127, 18), class_paired=True
Epoch [90/100] | Loss: 5.8933 (Cls: 5.9133, TAL: -0.2614, Adv: 0.1421, OT-Reg: 0.001136) | OT inner objective: 0.0729 | Marginal residual row/col/max: 4.85e-05/1.49e-08/4.85e-05 | Train Acc: 0.3281 | Val Acc: 0.2500 | Val P/R/F1 (Macro): 0.1958/0.3185/0.2139 | LR: 0.000001
Epoch [91/100] | SVD update #91: pairs=128, sweeps=3, converged=False, rel_change=2.962e-03, effective_ranks=(127, 21), class_paired=True
Epoch [91/100] | Loss: 5.5126 (Cls: 5.5457, TAL: -0.3638, Adv: 0.1318, OT-Reg: 0.001178) | OT inner objective: 0.0096 | Marginal residual row/col/max: 1.23e-06/8.38e-09/1.23e-06 | Train Acc: 0.3516 | Val Acc: 0.2222 | Val P/R/F1 (Macro): 0.1817/0.3741/0.1964 | LR: 0.000001
Epoch [92/100] | SVD update #92: pairs=128, sweeps=3, converged=False, rel_change=2.369e-03, effective_ranks=(127, 21), class_paired=True
Epoch [92/100] | Loss: 5.5400 (Cls: 5.5600, TAL: -0.2620, Adv: 0.1428, OT-Reg: 0.001189) | OT inner objective: 0.0053 | Marginal residual row/col/max: 3.05e-05/9.78e-09/3.05e-05 | Train Acc: 0.3516 | Val Acc: 0.1944 | Val P/R/F1 (Macro): 0.1140/0.3426/0.1536 | LR: 0.000001
Epoch [93/100] | SVD update #93: pairs=128, sweeps=3, converged=False, rel_change=7.467e-04, effective_ranks=(127, 21), class_paired=True
Epoch [93/100] | Loss: 5.7350 (Cls: 5.7618, TAL: -0.3381, Adv: 0.1719, OT-Reg: 0.001226) | OT inner objective: 0.0189 | Marginal residual row/col/max: 7.68e-06/1.02e-08/7.68e-06 | Train Acc: 0.3359 | Val Acc: 0.3056 | Val P/R/F1 (Macro): 0.3833/0.4426/0.3341 | LR: 0.000001
Epoch [94/100] | SVD update #94: pairs=128, sweeps=3, converged=False, rel_change=4.531e-03, effective_ranks=(127, 22), class_paired=True
Epoch [94/100] | Loss: 5.8488 (Cls: 5.8746, TAL: -0.3391, Adv: 0.1865, OT-Reg: 0.001194) | OT inner objective: 0.0088 | Marginal residual row/col/max: 3.80e-05/1.02e-08/3.80e-05 | Train Acc: 0.2656 | Val Acc: 0.3611 | Val P/R/F1 (Macro): 0.3327/0.3787/0.3023 | LR: 0.000001
Epoch [95/100] | SVD update #95: pairs=128, sweeps=3, converged=False, rel_change=3.746e-03, effective_ranks=(127, 19), class_paired=True
Epoch [95/100] | Loss: 5.7939 (Cls: 5.8253, TAL: -0.3201, Adv: 0.0874, OT-Reg: 0.001224) | OT inner objective: 0.0160 | Marginal residual row/col/max: 7.51e-06/1.30e-08/7.51e-06 | Train Acc: 0.2969 | Val Acc: 0.2500 | Val P/R/F1 (Macro): 0.2565/0.3843/0.2208 | LR: 0.000001
Epoch [96/100] | SVD update #96: pairs=128, sweeps=3, converged=False, rel_change=1.510e-03, effective_ranks=(127, 19), class_paired=True
Epoch [96/100] | Loss: 5.4428 (Cls: 5.4666, TAL: -0.2564, Adv: 0.0871, OT-Reg: 0.001171) | OT inner objective: 0.0219 | Marginal residual row/col/max: 3.07e-06/1.16e-08/3.07e-06 | Train Acc: 0.3359 | Val Acc: 0.2500 | Val P/R/F1 (Macro): 0.1961/0.3093/0.2225 | LR: 0.000001
Epoch [97/100] | SVD update #97: pairs=128, sweeps=3, converged=False, rel_change=2.519e-03, effective_ranks=(127, 19), class_paired=True
Epoch [97/100] | Loss: 6.1754 (Cls: 6.2012, TAL: -0.2899, Adv: 0.1124, OT-Reg: 0.001181) | OT inner objective: 0.0811 | Marginal residual row/col/max: 5.06e-05/1.16e-08/5.06e-05 | Train Acc: 0.2578 | Val Acc: 0.3056 | Val P/R/F1 (Macro): 0.2159/0.4537/0.2616 | LR: 0.000001
Epoch [98/100] | SVD update #98: pairs=128, sweeps=3, converged=False, rel_change=2.355e-03, effective_ranks=(127, 21), class_paired=True
Epoch [98/100] | Loss: 5.6335 (Cls: 5.6576, TAL: -0.2941, Adv: 0.1402, OT-Reg: 0.001133) | OT inner objective: 0.0690 | Marginal residual row/col/max: 8.91e-05/8.85e-09/8.91e-05 | Train Acc: 0.4062 | Val Acc: 0.2222 | Val P/R/F1 (Macro): 0.1679/0.2639/0.1685 | LR: 0.000001
Epoch [99/100] | SVD update #99: pairs=128, sweeps=3, converged=False, rel_change=3.246e-03, effective_ranks=(127, 19), class_paired=True
Epoch [99/100] | Loss: 5.5060 (Cls: 5.5368, TAL: -0.3376, Adv: 0.1224, OT-Reg: 0.001237) | OT inner objective: 0.0209 | Marginal residual row/col/max: 2.12e-06/1.16e-08/2.12e-06 | Train Acc: 0.3203 | Val Acc: 0.2778 | Val P/R/F1 (Macro): 0.2444/0.4093/0.2488 | LR: 0.000001
Epoch [100/100] | SVD update #100: pairs=128, sweeps=3, converged=False, rel_change=3.885e-03, effective_ranks=(127, 20), class_paired=True
Epoch [100/100] | Loss: 5.0596 (Cls: 5.1000, TAL: -0.4107, Adv: 0.1116, OT-Reg: 0.001169) | OT inner objective: 0.0080 | Marginal residual row/col/max: 2.75e-05/1.30e-08/2.75e-05 | Train Acc: 0.4453 | Val Acc: 0.3056 | Val P/R/F1 (Macro): 0.1643/0.4259/0.2253 | LR: 0.000001
Report strategy: last_window, window=10, reported_acc=0.2694, best_acc=0.5000

迭代 3 报告指标:
  Accuracy: 0.2694
  Precision (Macro): 0.2257
  Recall (Macro): 0.3784
  F1 (Macro): 0.2334
  Precision (Micro): 0.2694
  Recall (Micro): 0.2694
  F1 (Micro): 0.2694
  Val class coverage: 9/14 (0.6429), samples=36

================================================================================
迭代 4/5
随机种子: 45
================================================================================
配对采样器已初始化，共 9 个共有类别。
Training mode: full target-label supervision (class-paired batches).
Feature fusion: Tensor alignment (512+512 -> 64+64); fused_dim=128
Domain adaptation: Neural OT generator with 3-domain discriminator
Loss weights: tensor=0.12, adv=0.08
Transport: mode=sinkhorn, epsilon=0.1, Sinkhorn iterations=50, correction scale=0.1, correction regularization weight=0.001
Tensor projection update: once per epoch from the complete target-training pairing bank; projection_dim=64, max_sweeps=3, relative singular-value tolerance=0.0001
Epoch [1/100] | SVD update #1: pairs=128, sweeps=3, converged=False, rel_change=1.199e-02, effective_ranks=(127, 112), class_paired=True
Epoch [1/100] | Loss: 8.7565 (Cls: 8.7487, TAL: -0.1320, Adv: 0.2951, OT-Reg: 0.001137) | OT inner objective: 0.2560 | Marginal residual row/col/max: 9.78e-09/1.16e-08/1.26e-08 | Train Acc: 0.1016 | Val Acc: 0.0833 | Val P/R/F1 (Macro): 0.1540/0.1528/0.0758 | LR: 0.000005
  >>> New Best Val Acc: 0.0833
Epoch [2/100] | SVD update #2: pairs=128, sweeps=3, converged=True, rel_change=6.011e-05, effective_ranks=(127, 103), class_paired=True
Epoch [2/100] | Loss: 9.0144 (Cls: 9.0088, TAL: -0.1327, Adv: 0.2685, OT-Reg: 0.000806) | OT inner objective: 0.2599 | Marginal residual row/col/max: 1.02e-08/2.61e-08/2.61e-08 | Train Acc: 0.1172 | Val Acc: 0.3056 | Val P/R/F1 (Macro): 0.2721/0.2806/0.1997 | LR: 0.000005
  >>> New Best Val Acc: 0.3056
Epoch [3/100] | SVD update #3: pairs=128, sweeps=3, converged=False, rel_change=1.046e-01, effective_ranks=(127, 76), class_paired=True
Epoch [3/100] | Loss: 8.1887 (Cls: 8.1806, TAL: -0.0798, Adv: 0.2204, OT-Reg: 0.001004) | OT inner objective: 0.2322 | Marginal residual row/col/max: 8.85e-09/1.30e-08/1.30e-08 | Train Acc: 0.1328 | Val Acc: 0.2778 | Val P/R/F1 (Macro): 0.1730/0.2361/0.1867 | LR: 0.000005
Epoch [4/100] | SVD update #4: pairs=128, sweeps=3, converged=False, rel_change=7.309e-03, effective_ranks=(127, 88), class_paired=True
Epoch [4/100] | Loss: 8.1330 (Cls: 8.1325, TAL: -0.1454, Adv: 0.2239, OT-Reg: 0.001022) | OT inner objective: 0.2778 | Marginal residual row/col/max: 1.30e-08/1.21e-08/1.40e-08 | Train Acc: 0.1484 | Val Acc: 0.1944 | Val P/R/F1 (Macro): 0.1556/0.2500/0.1653 | LR: 0.000005
Epoch [5/100] | SVD update #5: pairs=128, sweeps=3, converged=False, rel_change=1.048e-01, effective_ranks=(127, 77), class_paired=True
Epoch [5/100] | Loss: 7.9582 (Cls: 7.9637, TAL: -0.1888, Adv: 0.2143, OT-Reg: 0.001022) | OT inner objective: 0.2688 | Marginal residual row/col/max: 1.07e-08/9.78e-09/1.07e-08 | Train Acc: 0.1797 | Val Acc: 0.3889 | Val P/R/F1 (Macro): 0.2471/0.3194/0.2616 | LR: 0.000005
  >>> New Best Val Acc: 0.3889
Epoch [6/100] | SVD update #6: pairs=128, sweeps=3, converged=False, rel_change=3.051e-01, effective_ranks=(127, 55), class_paired=True
Epoch [6/100] | Loss: 7.6388 (Cls: 7.6297, TAL: -0.0650, Adv: 0.2114, OT-Reg: 0.001145) | OT inner objective: 0.2631 | Marginal residual row/col/max: 1.07e-08/1.16e-08/1.26e-08 | Train Acc: 0.1562 | Val Acc: 0.1667 | Val P/R/F1 (Macro): 0.1901/0.1574/0.1260 | LR: 0.000005
Epoch [7/100] | SVD update #7: pairs=128, sweeps=3, converged=False, rel_change=7.220e-02, effective_ranks=(127, 51), class_paired=True
Epoch [7/100] | Loss: 7.5454 (Cls: 7.5338, TAL: -0.0553, Adv: 0.2280, OT-Reg: 0.001087) | OT inner objective: 0.2200 | Marginal residual row/col/max: 8.38e-09/1.21e-08/1.21e-08 | Train Acc: 0.0859 | Val Acc: 0.2222 | Val P/R/F1 (Macro): 0.1947/0.2824/0.1727 | LR: 0.000005
Epoch [8/100] | SVD update #8: pairs=128, sweeps=3, converged=False, rel_change=3.688e-02, effective_ranks=(127, 39), class_paired=True
Epoch [8/100] | Loss: 7.1916 (Cls: 7.1951, TAL: -0.1579, Adv: 0.1930, OT-Reg: 0.001047) | OT inner objective: 0.2496 | Marginal residual row/col/max: 9.78e-09/1.21e-08/1.21e-08 | Train Acc: 0.1797 | Val Acc: 0.2222 | Val P/R/F1 (Macro): 0.1891/0.3130/0.1945 | LR: 0.000005
Epoch [9/100] | SVD update #9: pairs=128, sweeps=3, converged=False, rel_change=4.993e-02, effective_ranks=(127, 41), class_paired=True
Epoch [9/100] | Loss: 7.4115 (Cls: 7.4177, TAL: -0.1846, Adv: 0.1997, OT-Reg: 0.001124) | OT inner objective: 0.1494 | Marginal residual row/col/max: 1.07e-08/1.16e-08/1.16e-08 | Train Acc: 0.1641 | Val Acc: 0.3056 | Val P/R/F1 (Macro): 0.1556/0.2407/0.1823 | LR: 0.000005
Epoch [10/100] | SVD update #10: pairs=128, sweeps=3, converged=False, rel_change=1.771e-02, effective_ranks=(127, 46), class_paired=True
Epoch [10/100] | Loss: 7.1987 (Cls: 7.2139, TAL: -0.2464, Adv: 0.1803, OT-Reg: 0.001112) | OT inner objective: 0.1503 | Marginal residual row/col/max: 1.02e-08/1.02e-08/1.12e-08 | Train Acc: 0.1406 | Val Acc: 0.1944 | Val P/R/F1 (Macro): 0.1474/0.2037/0.1381 | LR: 0.000005
Epoch [11/100] | SVD update #11: pairs=128, sweeps=3, converged=False, rel_change=8.303e-03, effective_ranks=(127, 37), class_paired=True
Epoch [11/100] | Loss: 7.5081 (Cls: 7.5124, TAL: -0.1817, Adv: 0.2190, OT-Reg: 0.001064) | OT inner objective: 0.2338 | Marginal residual row/col/max: 8.85e-09/1.12e-08/1.12e-08 | Train Acc: 0.1797 | Val Acc: 0.3333 | Val P/R/F1 (Macro): 0.2659/0.3278/0.2679 | LR: 0.000005
Epoch [12/100] | SVD update #12: pairs=128, sweeps=3, converged=False, rel_change=2.894e-02, effective_ranks=(127, 26), class_paired=True
Epoch [12/100] | Loss: 7.0253 (Cls: 7.0376, TAL: -0.2357, Adv: 0.1997, OT-Reg: 0.001146) | OT inner objective: 0.1494 | Marginal residual row/col/max: 1.02e-08/1.26e-08/1.26e-08 | Train Acc: 0.1875 | Val Acc: 0.2778 | Val P/R/F1 (Macro): 0.3812/0.4028/0.3058 | LR: 0.000005
Epoch [13/100] | SVD update #13: pairs=128, sweeps=3, converged=False, rel_change=7.525e-03, effective_ranks=(127, 23), class_paired=True
Epoch [13/100] | Loss: 7.1499 (Cls: 7.1629, TAL: -0.2414, Adv: 0.1997, OT-Reg: 0.001214) | OT inner objective: 0.1374 | Marginal residual row/col/max: 9.78e-09/1.07e-08/1.07e-08 | Train Acc: 0.2422 | Val Acc: 0.2500 | Val P/R/F1 (Macro): 0.2391/0.2639/0.1735 | LR: 0.000005
Epoch [14/100] | SVD update #14: pairs=128, sweeps=3, converged=False, rel_change=2.567e-03, effective_ranks=(127, 26), class_paired=True
Epoch [14/100] | Loss: 6.5222 (Cls: 6.5332, TAL: -0.2078, Adv: 0.1740, OT-Reg: 0.001187) | OT inner objective: 0.2073 | Marginal residual row/col/max: 1.21e-08/8.85e-09/1.21e-08 | Train Acc: 0.3047 | Val Acc: 0.1667 | Val P/R/F1 (Macro): 0.0992/0.2444/0.1040 | LR: 0.000005
Epoch [15/100] | SVD update #15: pairs=128, sweeps=3, converged=False, rel_change=1.577e-02, effective_ranks=(127, 33), class_paired=True
Epoch [15/100] | Loss: 6.6957 (Cls: 6.7126, TAL: -0.2634, Adv: 0.1827, OT-Reg: 0.001079) | OT inner objective: 0.1434 | Marginal residual row/col/max: 1.77e-08/1.02e-08/1.96e-08 | Train Acc: 0.2266 | Val Acc: 0.2222 | Val P/R/F1 (Macro): 0.1692/0.3333/0.2004 | LR: 0.000005
Epoch [16/100] | SVD update #16: pairs=128, sweeps=3, converged=False, rel_change=2.257e-02, effective_ranks=(127, 23), class_paired=True
Epoch [16/100] | Loss: 6.2755 (Cls: 6.2971, TAL: -0.2987, Adv: 0.1782, OT-Reg: 0.001074) | OT inner objective: 0.0545 | Marginal residual row/col/max: 1.85e-07/1.02e-08/1.85e-07 | Train Acc: 0.2266 | Val Acc: 0.3611 | Val P/R/F1 (Macro): 0.2196/0.3398/0.2371 | LR: 0.000003
Epoch [17/100] | SVD update #17: pairs=128, sweeps=3, converged=False, rel_change=5.108e-04, effective_ranks=(127, 19), class_paired=True
Epoch [17/100] | Loss: 6.4713 (Cls: 6.4983, TAL: -0.3444, Adv: 0.1789, OT-Reg: 0.001082) | OT inner objective: 0.0207 | Marginal residual row/col/max: 2.76e-07/1.07e-08/2.76e-07 | Train Acc: 0.2266 | Val Acc: 0.2500 | Val P/R/F1 (Macro): 0.2296/0.3120/0.2118 | LR: 0.000003
Epoch [18/100] | SVD update #18: pairs=128, sweeps=3, converged=False, rel_change=3.211e-04, effective_ranks=(125, 23), class_paired=True
Epoch [18/100] | Loss: 6.1607 (Cls: 6.1800, TAL: -0.3029, Adv: 0.2127, OT-Reg: 0.001143) | OT inner objective: 0.0275 | Marginal residual row/col/max: 2.70e-08/1.02e-08/2.70e-08 | Train Acc: 0.3047 | Val Acc: 0.3889 | Val P/R/F1 (Macro): 0.2560/0.4444/0.3119 | LR: 0.000003
Epoch [19/100] | SVD update #19: pairs=128, sweeps=3, converged=False, rel_change=1.705e-03, effective_ranks=(127, 28), class_paired=True
Epoch [19/100] | Loss: 6.1459 (Cls: 6.1803, TAL: -0.4265, Adv: 0.2097, OT-Reg: 0.001137) | OT inner objective: -0.0095 | Marginal residual row/col/max: 2.74e-06/1.02e-08/2.74e-06 | Train Acc: 0.2422 | Val Acc: 0.2778 | Val P/R/F1 (Macro): 0.1163/0.2917/0.1522 | LR: 0.000003
Epoch [20/100] | SVD update #20: pairs=128, sweeps=3, converged=False, rel_change=4.866e-02, effective_ranks=(126, 28), class_paired=True
Epoch [20/100] | Loss: 6.1663 (Cls: 6.1833, TAL: -0.2722, Adv: 0.1963, OT-Reg: 0.001082) | OT inner objective: -0.0119 | Marginal residual row/col/max: 9.25e-06/1.02e-08/9.25e-06 | Train Acc: 0.3125 | Val Acc: 0.3056 | Val P/R/F1 (Macro): 0.0873/0.2083/0.1201 | LR: 0.000003
Epoch [21/100] | SVD update #21: pairs=128, sweeps=3, converged=False, rel_change=3.176e-03, effective_ranks=(127, 22), class_paired=True
Epoch [21/100] | Loss: 5.7766 (Cls: 5.8153, TAL: -0.4371, Adv: 0.1719, OT-Reg: 0.001065) | OT inner objective: 0.0159 | Marginal residual row/col/max: 2.67e-06/1.02e-08/2.67e-06 | Train Acc: 0.4531 | Val Acc: 0.3611 | Val P/R/F1 (Macro): 0.2241/0.3796/0.2400 | LR: 0.000003
Epoch [22/100] | SVD update #22: pairs=128, sweeps=3, converged=False, rel_change=9.398e-04, effective_ranks=(127, 17), class_paired=True
Epoch [22/100] | Loss: 5.8772 (Cls: 5.9042, TAL: -0.3465, Adv: 0.1819, OT-Reg: 0.001098) | OT inner objective: 0.0810 | Marginal residual row/col/max: 2.14e-08/1.02e-08/2.14e-08 | Train Acc: 0.3906 | Val Acc: 0.2500 | Val P/R/F1 (Macro): 0.2778/0.2991/0.1819 | LR: 0.000003
Epoch [23/100] | SVD update #23: pairs=128, sweeps=3, converged=False, rel_change=3.352e-04, effective_ranks=(127, 17), class_paired=True
Epoch [23/100] | Loss: 5.9941 (Cls: 6.0184, TAL: -0.3132, Adv: 0.1662, OT-Reg: 0.001116) | OT inner objective: 0.0074 | Marginal residual row/col/max: 1.29e-06/1.16e-08/1.29e-06 | Train Acc: 0.3281 | Val Acc: 0.2222 | Val P/R/F1 (Macro): 0.3114/0.3602/0.2298 | LR: 0.000003
Epoch [24/100] | SVD update #24: pairs=128, sweeps=3, converged=False, rel_change=1.474e-03, effective_ranks=(126, 16), class_paired=True
Epoch [24/100] | Loss: 6.0078 (Cls: 6.0247, TAL: -0.2535, Adv: 0.1697, OT-Reg: 0.001130) | OT inner objective: 0.0187 | Marginal residual row/col/max: 7.29e-07/9.31e-09/7.29e-07 | Train Acc: 0.3984 | Val Acc: 0.1667 | Val P/R/F1 (Macro): 0.0926/0.2315/0.1083 | LR: 0.000003
Epoch [25/100] | SVD update #25: pairs=128, sweeps=3, converged=False, rel_change=2.484e-04, effective_ranks=(127, 17), class_paired=True
Epoch [25/100] | Loss: 5.9194 (Cls: 5.9392, TAL: -0.2677, Adv: 0.1542, OT-Reg: 0.001006) | OT inner objective: 0.0444 | Marginal residual row/col/max: 5.22e-07/1.12e-08/5.22e-07 | Train Acc: 0.4141 | Val Acc: 0.3611 | Val P/R/F1 (Macro): 0.3632/0.5046/0.3954 | LR: 0.000003
Epoch [26/100] | SVD update #26: pairs=128, sweeps=3, converged=False, rel_change=2.136e-04, effective_ranks=(127, 18), class_paired=True
Epoch [26/100] | Loss: 5.4874 (Cls: 5.5259, TAL: -0.4219, Adv: 0.1520, OT-Reg: 0.001088) | OT inner objective: 0.0108 | Marginal residual row/col/max: 2.86e-05/1.21e-08/2.86e-05 | Train Acc: 0.3516 | Val Acc: 0.3611 | Val P/R/F1 (Macro): 0.3873/0.5296/0.4219 | LR: 0.000003
Epoch [27/100] | SVD update #27: pairs=128, sweeps=3, converged=False, rel_change=1.271e-03, effective_ranks=(127, 18), class_paired=True
Epoch [27/100] | Loss: 5.9089 (Cls: 5.9376, TAL: -0.3521, Adv: 0.1694, OT-Reg: 0.001046) | OT inner objective: 0.0167 | Marginal residual row/col/max: 1.31e-04/1.07e-08/1.31e-04 | Train Acc: 0.2812 | Val Acc: 0.3333 | Val P/R/F1 (Macro): 0.4266/0.3704/0.3032 | LR: 0.000001
Epoch [28/100] | SVD update #28: pairs=128, sweeps=3, converged=False, rel_change=5.096e-04, effective_ranks=(127, 16), class_paired=True
Epoch [28/100] | Loss: 5.5389 (Cls: 5.5691, TAL: -0.3538, Adv: 0.1535, OT-Reg: 0.001032) | OT inner objective: -0.0752 | Marginal residual row/col/max: 5.91e-05/1.07e-08/5.91e-05 | Train Acc: 0.3281 | Val Acc: 0.3333 | Val P/R/F1 (Macro): 0.3095/0.5037/0.3471 | LR: 0.000001
Epoch [29/100] | SVD update #29: pairs=128, sweeps=3, converged=False, rel_change=2.891e-04, effective_ranks=(127, 16), class_paired=True
Epoch [29/100] | Loss: 5.5512 (Cls: 5.5777, TAL: -0.3266, Adv: 0.1593, OT-Reg: 0.001105) | OT inner objective: 0.0022 | Marginal residual row/col/max: 6.91e-05/9.78e-09/6.91e-05 | Train Acc: 0.3984 | Val Acc: 0.5278 | Val P/R/F1 (Macro): 0.5024/0.6250/0.5114 | LR: 0.000001
  >>> New Best Val Acc: 0.5278
Epoch [30/100] | SVD update #30: pairs=128, sweeps=3, converged=False, rel_change=1.298e-03, effective_ranks=(126, 19), class_paired=True
Epoch [30/100] | Loss: 5.7207 (Cls: 5.7571, TAL: -0.4015, Adv: 0.1476, OT-Reg: 0.001037) | OT inner objective: -0.0180 | Marginal residual row/col/max: 1.20e-04/9.78e-09/1.20e-04 | Train Acc: 0.3438 | Val Acc: 0.4167 | Val P/R/F1 (Macro): 0.3770/0.5130/0.3971 | LR: 0.000001
Epoch [31/100] | SVD update #31: pairs=128, sweeps=3, converged=False, rel_change=2.426e-03, effective_ranks=(127, 18), class_paired=True
Epoch [31/100] | Loss: 5.8027 (Cls: 5.8226, TAL: -0.2654, Adv: 0.1491, OT-Reg: 0.001049) | OT inner objective: -0.0283 | Marginal residual row/col/max: 1.58e-06/1.02e-08/1.58e-06 | Train Acc: 0.3359 | Val Acc: 0.3056 | Val P/R/F1 (Macro): 0.3541/0.4565/0.3219 | LR: 0.000001
Epoch [32/100] | SVD update #32: pairs=128, sweeps=3, converged=False, rel_change=1.438e-04, effective_ranks=(127, 16), class_paired=True
Epoch [32/100] | Loss: 5.6337 (Cls: 5.6644, TAL: -0.3854, Adv: 0.1945, OT-Reg: 0.000943) | OT inner objective: -0.0059 | Marginal residual row/col/max: 5.00e-07/1.35e-08/5.00e-07 | Train Acc: 0.4688 | Val Acc: 0.3333 | Val P/R/F1 (Macro): 0.3106/0.4926/0.2859 | LR: 0.000001
Epoch [33/100] | SVD update #33: pairs=128, sweeps=3, converged=False, rel_change=3.841e-03, effective_ranks=(127, 18), class_paired=True
Epoch [33/100] | Loss: 5.4163 (Cls: 5.4416, TAL: -0.3208, Adv: 0.1658, OT-Reg: 0.001077) | OT inner objective: 0.0356 | Marginal residual row/col/max: 2.36e-06/1.07e-08/2.36e-06 | Train Acc: 0.3906 | Val Acc: 0.4444 | Val P/R/F1 (Macro): 0.4912/0.5648/0.4069 | LR: 0.000001
Epoch [34/100] | SVD update #34: pairs=128, sweeps=3, converged=False, rel_change=1.065e-04, effective_ranks=(127, 17), class_paired=True
Epoch [34/100] | Loss: 5.4206 (Cls: 5.4619, TAL: -0.4367, Adv: 0.1382, OT-Reg: 0.001092) | OT inner objective: -0.0576 | Marginal residual row/col/max: 6.10e-06/1.26e-08/6.10e-06 | Train Acc: 0.3203 | Val Acc: 0.3889 | Val P/R/F1 (Macro): 0.3415/0.4806/0.3526 | LR: 0.000001
Epoch [35/100] | SVD update #35: pairs=128, sweeps=3, converged=False, rel_change=7.414e-04, effective_ranks=(126, 17), class_paired=True
Epoch [35/100] | Loss: 5.4540 (Cls: 5.4839, TAL: -0.3519, Adv: 0.1536, OT-Reg: 0.001121) | OT inner objective: 0.0138 | Marginal residual row/col/max: 3.96e-07/1.35e-08/3.96e-07 | Train Acc: 0.3359 | Val Acc: 0.2778 | Val P/R/F1 (Macro): 0.2713/0.3602/0.2825 | LR: 0.000001
Epoch [36/100] | SVD update #36: pairs=128, sweeps=3, converged=False, rel_change=4.862e-04, effective_ranks=(126, 16), class_paired=True
Epoch [36/100] | Loss: 5.5990 (Cls: 5.6253, TAL: -0.3319, Adv: 0.1682, OT-Reg: 0.001053) | OT inner objective: -0.0355 | Marginal residual row/col/max: 1.10e-06/9.31e-09/1.10e-06 | Train Acc: 0.3516 | Val Acc: 0.4444 | Val P/R/F1 (Macro): 0.4180/0.4676/0.3818 | LR: 0.000001
Epoch [37/100] | SVD update #37: pairs=128, sweeps=3, converged=False, rel_change=1.676e-03, effective_ranks=(127, 17), class_paired=True
Epoch [37/100] | Loss: 5.4748 (Cls: 5.5032, TAL: -0.3388, Adv: 0.1534, OT-Reg: 0.000998) | OT inner objective: -0.0416 | Marginal residual row/col/max: 7.02e-05/1.21e-08/7.02e-05 | Train Acc: 0.3281 | Val Acc: 0.3611 | Val P/R/F1 (Macro): 0.3194/0.2889/0.2645 | LR: 0.000001
Epoch [38/100] | SVD update #38: pairs=128, sweeps=3, converged=False, rel_change=4.358e-04, effective_ranks=(127, 18), class_paired=True
Epoch [38/100] | Loss: 5.5459 (Cls: 5.5726, TAL: -0.3180, Adv: 0.1426, OT-Reg: 0.001110) | OT inner objective: -0.0678 | Marginal residual row/col/max: 1.21e-06/9.31e-09/1.21e-06 | Train Acc: 0.4375 | Val Acc: 0.5000 | Val P/R/F1 (Macro): 0.5519/0.5167/0.4908 | LR: 0.000001
Epoch [39/100] | SVD update #39: pairs=128, sweeps=3, converged=False, rel_change=2.665e-03, effective_ranks=(127, 17), class_paired=True
Epoch [39/100] | Loss: 5.6203 (Cls: 5.6548, TAL: -0.4023, Adv: 0.1713, OT-Reg: 0.001148) | OT inner objective: -0.0620 | Marginal residual row/col/max: 4.56e-06/9.78e-09/4.56e-06 | Train Acc: 0.3359 | Val Acc: 0.3611 | Val P/R/F1 (Macro): 0.4000/0.4380/0.3749 | LR: 0.000001
Epoch [40/100] | SVD update #40: pairs=128, sweeps=3, converged=False, rel_change=3.406e-03, effective_ranks=(127, 18), class_paired=True
Epoch [40/100] | Loss: 5.3529 (Cls: 5.3792, TAL: -0.3303, Adv: 0.1664, OT-Reg: 0.001170) | OT inner objective: 0.0168 | Marginal residual row/col/max: 5.94e-06/9.78e-09/5.94e-06 | Train Acc: 0.4297 | Val Acc: 0.4167 | Val P/R/F1 (Macro): 0.5086/0.4500/0.4228 | LR: 0.000001
Epoch [41/100] | SVD update #41: pairs=128, sweeps=3, converged=False, rel_change=5.772e-03, effective_ranks=(127, 20), class_paired=True
Epoch [41/100] | Loss: 5.3518 (Cls: 5.3806, TAL: -0.3574, Adv: 0.1768, OT-Reg: 0.001019) | OT inner objective: -0.0627 | Marginal residual row/col/max: 4.88e-06/1.12e-08/4.88e-06 | Train Acc: 0.4062 | Val Acc: 0.3611 | Val P/R/F1 (Macro): 0.3463/0.3972/0.3056 | LR: 0.000001
Epoch [42/100] | SVD update #42: pairs=128, sweeps=3, converged=False, rel_change=5.452e-04, effective_ranks=(127, 19), class_paired=True
Epoch [42/100] | Loss: 5.4654 (Cls: 5.4961, TAL: -0.3723, Adv: 0.1757, OT-Reg: 0.001127) | OT inner objective: -0.0769 | Marginal residual row/col/max: 4.05e-06/9.78e-09/4.05e-06 | Train Acc: 0.4141 | Val Acc: 0.3056 | Val P/R/F1 (Macro): 0.2494/0.3852/0.2937 | LR: 0.000001
Epoch [43/100] | SVD update #43: pairs=128, sweeps=3, converged=False, rel_change=7.989e-03, effective_ranks=(127, 19), class_paired=True
Epoch [43/100] | Loss: 5.3816 (Cls: 5.3989, TAL: -0.2507, Adv: 0.1588, OT-Reg: 0.001147) | OT inner objective: -0.0095 | Marginal residual row/col/max: 1.83e-06/1.02e-08/1.83e-06 | Train Acc: 0.3906 | Val Acc: 0.3889 | Val P/R/F1 (Macro): 0.4653/0.5370/0.4246 | LR: 0.000001
Epoch [44/100] | SVD update #44: pairs=128, sweeps=3, converged=False, rel_change=1.304e-03, effective_ranks=(127, 20), class_paired=True
Epoch [44/100] | Loss: 5.4008 (Cls: 5.4310, TAL: -0.3352, Adv: 0.1248, OT-Reg: 0.001076) | OT inner objective: -0.0012 | Marginal residual row/col/max: 2.21e-06/1.12e-08/2.21e-06 | Train Acc: 0.3984 | Val Acc: 0.3889 | Val P/R/F1 (Macro): 0.5093/0.5259/0.4362 | LR: 0.000001
Epoch [45/100] | SVD update #45: pairs=128, sweeps=3, converged=False, rel_change=2.785e-03, effective_ranks=(127, 19), class_paired=True
Epoch [45/100] | Loss: 4.8889 (Cls: 4.9208, TAL: -0.3705, Adv: 0.1573, OT-Reg: 0.001066) | OT inner objective: -0.0419 | Marginal residual row/col/max: 4.58e-06/1.12e-08/4.58e-06 | Train Acc: 0.5078 | Val Acc: 0.3333 | Val P/R/F1 (Macro): 0.3254/0.5130/0.3580 | LR: 0.000001
Epoch [46/100] | SVD update #46: pairs=128, sweeps=3, converged=False, rel_change=2.489e-03, effective_ranks=(127, 18), class_paired=True
Epoch [46/100] | Loss: 5.3130 (Cls: 5.3419, TAL: -0.3364, Adv: 0.1437, OT-Reg: 0.001047) | OT inner objective: -0.0160 | Marginal residual row/col/max: 5.56e-06/1.12e-08/5.56e-06 | Train Acc: 0.3594 | Val Acc: 0.4722 | Val P/R/F1 (Macro): 0.5753/0.5167/0.4955 | LR: 0.000001
Epoch [47/100] | SVD update #47: pairs=128, sweeps=3, converged=False, rel_change=1.435e-03, effective_ranks=(127, 19), class_paired=True
Epoch [47/100] | Loss: 5.3070 (Cls: 5.3383, TAL: -0.3678, Adv: 0.1606, OT-Reg: 0.001083) | OT inner objective: -0.0034 | Marginal residual row/col/max: 2.29e-07/1.02e-08/2.29e-07 | Train Acc: 0.4453 | Val Acc: 0.5278 | Val P/R/F1 (Macro): 0.5105/0.6463/0.5153 | LR: 0.000001
Epoch [48/100] | SVD update #48: pairs=128, sweeps=3, converged=False, rel_change=2.292e-03, effective_ranks=(127, 18), class_paired=True
Epoch [48/100] | Loss: 5.2633 (Cls: 5.2922, TAL: -0.3211, Adv: 0.1205, OT-Reg: 0.001134) | OT inner objective: 0.0232 | Marginal residual row/col/max: 4.45e-07/1.07e-08/4.45e-07 | Train Acc: 0.3281 | Val Acc: 0.3889 | Val P/R/F1 (Macro): 0.3345/0.4537/0.3588 | LR: 0.000001
Epoch [49/100] | SVD update #49: pairs=128, sweeps=3, converged=False, rel_change=1.592e-03, effective_ranks=(127, 20), class_paired=True
Epoch [49/100] | Loss: 5.6441 (Cls: 5.6691, TAL: -0.3123, Adv: 0.1558, OT-Reg: 0.001110) | OT inner objective: -0.0484 | Marginal residual row/col/max: 1.03e-06/1.02e-08/1.03e-06 | Train Acc: 0.3594 | Val Acc: 0.5000 | Val P/R/F1 (Macro): 0.5233/0.5722/0.4910 | LR: 0.000001
Epoch [50/100] | SVD update #50: pairs=128, sweeps=3, converged=False, rel_change=1.250e-03, effective_ranks=(127, 21), class_paired=True
Epoch [50/100] | Loss: 5.2640 (Cls: 5.2856, TAL: -0.2862, Adv: 0.1591, OT-Reg: 0.001110) | OT inner objective: -0.0220 | Marginal residual row/col/max: 1.05e-06/1.02e-08/1.05e-06 | Train Acc: 0.3828 | Val Acc: 0.3333 | Val P/R/F1 (Macro): 0.2963/0.3907/0.3041 | LR: 0.000001
Epoch [51/100] | SVD update #51: pairs=128, sweeps=3, converged=False, rel_change=2.490e-04, effective_ranks=(127, 21), class_paired=True
Epoch [51/100] | Loss: 5.2701 (Cls: 5.3006, TAL: -0.3500, Adv: 0.1434, OT-Reg: 0.001121) | OT inner objective: -0.0788 | Marginal residual row/col/max: 6.34e-05/1.07e-08/6.34e-05 | Train Acc: 0.3047 | Val Acc: 0.3056 | Val P/R/F1 (Macro): 0.2976/0.4019/0.3340 | LR: 0.000001
Epoch [52/100] | SVD update #52: pairs=128, sweeps=3, converged=False, rel_change=6.455e-04, effective_ranks=(127, 20), class_paired=True
Epoch [52/100] | Loss: 5.1487 (Cls: 5.1789, TAL: -0.3416, Adv: 0.1358, OT-Reg: 0.001086) | OT inner objective: -0.0733 | Marginal residual row/col/max: 8.37e-06/1.02e-08/8.37e-06 | Train Acc: 0.3438 | Val Acc: 0.4444 | Val P/R/F1 (Macro): 0.5176/0.4657/0.4583 | LR: 0.000001
Epoch [53/100] | SVD update #53: pairs=128, sweeps=3, converged=False, rel_change=1.199e-03, effective_ranks=(127, 21), class_paired=True
Epoch [53/100] | Loss: 4.9159 (Cls: 4.9601, TAL: -0.4558, Adv: 0.1317, OT-Reg: 0.001142) | OT inner objective: -0.0435 | Marginal residual row/col/max: 7.42e-06/1.07e-08/7.42e-06 | Train Acc: 0.4688 | Val Acc: 0.3611 | Val P/R/F1 (Macro): 0.4815/0.4148/0.4049 | LR: 0.000001
Epoch [54/100] | SVD update #54: pairs=128, sweeps=3, converged=False, rel_change=2.400e-03, effective_ranks=(127, 18), class_paired=True
Epoch [54/100] | Loss: 5.2404 (Cls: 5.2695, TAL: -0.3369, Adv: 0.1410, OT-Reg: 0.001070) | OT inner objective: -0.1161 | Marginal residual row/col/max: 1.68e-04/1.16e-08/1.68e-04 | Train Acc: 0.4531 | Val Acc: 0.4444 | Val P/R/F1 (Macro): 0.4323/0.4769/0.3782 | LR: 0.000001
Epoch [55/100] | SVD update #55: pairs=128, sweeps=3, converged=False, rel_change=1.593e-03, effective_ranks=(127, 20), class_paired=True
Epoch [55/100] | Loss: 5.3293 (Cls: 5.3571, TAL: -0.3257, Adv: 0.1402, OT-Reg: 0.001159) | OT inner objective: -0.0715 | Marginal residual row/col/max: 6.21e-06/1.16e-08/6.21e-06 | Train Acc: 0.4062 | Val Acc: 0.4722 | Val P/R/F1 (Macro): 0.4648/0.5722/0.4758 | LR: 0.000001
Epoch [56/100] | SVD update #56: pairs=128, sweeps=3, converged=False, rel_change=2.872e-04, effective_ranks=(127, 20), class_paired=True
Epoch [56/100] | Loss: 5.3137 (Cls: 5.3517, TAL: -0.3984, Adv: 0.1231, OT-Reg: 0.001139) | OT inner objective: -0.1189 | Marginal residual row/col/max: 2.32e-06/8.85e-09/2.32e-06 | Train Acc: 0.3906 | Val Acc: 0.3611 | Val P/R/F1 (Macro): 0.3704/0.4213/0.3333 | LR: 0.000001
Epoch [57/100] | SVD update #57: pairs=128, sweeps=3, converged=False, rel_change=2.451e-04, effective_ranks=(127, 18), class_paired=True
Epoch [57/100] | Loss: 5.1308 (Cls: 5.1726, TAL: -0.4277, Adv: 0.1192, OT-Reg: 0.001164) | OT inner objective: -0.1321 | Marginal residual row/col/max: 1.79e-04/9.31e-09/1.79e-04 | Train Acc: 0.3984 | Val Acc: 0.4722 | Val P/R/F1 (Macro): 0.6144/0.5972/0.4724 | LR: 0.000001
Epoch [58/100] | SVD update #58: pairs=128, sweeps=3, converged=False, rel_change=1.570e-04, effective_ranks=(127, 19), class_paired=True
Epoch [58/100] | Loss: 4.9366 (Cls: 4.9692, TAL: -0.3625, Adv: 0.1362, OT-Reg: 0.001195) | OT inner objective: -0.1055 | Marginal residual row/col/max: 2.14e-05/9.31e-09/2.14e-05 | Train Acc: 0.4766 | Val Acc: 0.2778 | Val P/R/F1 (Macro): 0.2672/0.4463/0.2711 | LR: 0.000001
Epoch [59/100] | SVD update #59: pairs=128, sweeps=3, converged=False, rel_change=3.024e-03, effective_ranks=(127, 19), class_paired=True
Epoch [59/100] | Loss: 5.1786 (Cls: 5.2179, TAL: -0.4286, Adv: 0.1513, OT-Reg: 0.001117) | OT inner objective: -0.0623 | Marginal residual row/col/max: 2.26e-06/1.07e-08/2.26e-06 | Train Acc: 0.3594 | Val Acc: 0.4722 | Val P/R/F1 (Macro): 0.4753/0.4963/0.4320 | LR: 0.000001
Epoch [60/100] | SVD update #60: pairs=128, sweeps=3, converged=False, rel_change=1.114e-03, effective_ranks=(127, 18), class_paired=True
Epoch [60/100] | Loss: 5.3051 (Cls: 5.3441, TAL: -0.4065, Adv: 0.1218, OT-Reg: 0.001109) | OT inner objective: -0.1057 | Marginal residual row/col/max: 4.23e-06/1.02e-08/4.23e-06 | Train Acc: 0.3359 | Val Acc: 0.3611 | Val P/R/F1 (Macro): 0.3448/0.4213/0.3104 | LR: 0.000001
Epoch [61/100] | SVD update #61: pairs=128, sweeps=3, converged=False, rel_change=1.055e-03, effective_ranks=(127, 17), class_paired=True
Epoch [61/100] | Loss: 5.1669 (Cls: 5.2030, TAL: -0.4073, Adv: 0.1585, OT-Reg: 0.001062) | OT inner objective: -0.0868 | Marginal residual row/col/max: 6.62e-06/8.38e-09/6.62e-06 | Train Acc: 0.4141 | Val Acc: 0.4167 | Val P/R/F1 (Macro): 0.4087/0.5667/0.4351 | LR: 0.000001
Epoch [62/100] | SVD update #62: pairs=128, sweeps=3, converged=False, rel_change=8.290e-04, effective_ranks=(127, 20), class_paired=True
Epoch [62/100] | Loss: 5.0161 (Cls: 5.0523, TAL: -0.4243, Adv: 0.1829, OT-Reg: 0.001087) | OT inner objective: -0.0629 | Marginal residual row/col/max: 9.18e-05/1.16e-08/9.18e-05 | Train Acc: 0.4375 | Val Acc: 0.3056 | Val P/R/F1 (Macro): 0.2321/0.3870/0.2418 | LR: 0.000001
Epoch [63/100] | SVD update #63: pairs=128, sweeps=3, converged=False, rel_change=5.968e-04, effective_ranks=(127, 19), class_paired=True
Epoch [63/100] | Loss: 5.3894 (Cls: 5.4155, TAL: -0.3552, Adv: 0.2071, OT-Reg: 0.001125) | OT inner objective: -0.0319 | Marginal residual row/col/max: 2.77e-07/1.12e-08/2.78e-07 | Train Acc: 0.3516 | Val Acc: 0.3056 | Val P/R/F1 (Macro): 0.3486/0.4398/0.2927 | LR: 0.000001
Epoch [64/100] | SVD update #64: pairs=128, sweeps=3, converged=False, rel_change=1.119e-03, effective_ranks=(127, 19), class_paired=True
Epoch [64/100] | Loss: 5.0601 (Cls: 5.0869, TAL: -0.3434, Adv: 0.1800, OT-Reg: 0.001119) | OT inner objective: -0.0563 | Marginal residual row/col/max: 2.34e-06/1.02e-08/2.34e-06 | Train Acc: 0.4062 | Val Acc: 0.3889 | Val P/R/F1 (Macro): 0.3562/0.4065/0.3401 | LR: 0.000001
Epoch [65/100] | SVD update #65: pairs=128, sweeps=3, converged=False, rel_change=1.391e-03, effective_ranks=(127, 20), class_paired=True
Epoch [65/100] | Loss: 5.2604 (Cls: 5.2923, TAL: -0.3655, Adv: 0.1496, OT-Reg: 0.001119) | OT inner objective: -0.0671 | Marginal residual row/col/max: 1.70e-06/9.78e-09/1.70e-06 | Train Acc: 0.4219 | Val Acc: 0.4167 | Val P/R/F1 (Macro): 0.4381/0.5343/0.3806 | LR: 0.000001
Epoch [66/100] | SVD update #66: pairs=128, sweeps=3, converged=False, rel_change=8.574e-04, effective_ranks=(126, 21), class_paired=True
Epoch [66/100] | Loss: 5.0741 (Cls: 5.1062, TAL: -0.3538, Adv: 0.1299, OT-Reg: 0.001121) | OT inner objective: -0.0979 | Marginal residual row/col/max: 4.50e-06/1.07e-08/4.50e-06 | Train Acc: 0.4531 | Val Acc: 0.3333 | Val P/R/F1 (Macro): 0.2187/0.4185/0.2832 | LR: 0.000001
Epoch [67/100] | SVD update #67: pairs=128, sweeps=3, converged=False, rel_change=1.098e-03, effective_ranks=(127, 19), class_paired=True
Epoch [67/100] | Loss: 5.3262 (Cls: 5.3646, TAL: -0.4080, Adv: 0.1323, OT-Reg: 0.001034) | OT inner objective: -0.0681 | Marginal residual row/col/max: 3.70e-06/1.12e-08/3.70e-06 | Train Acc: 0.3438 | Val Acc: 0.4444 | Val P/R/F1 (Macro): 0.2975/0.3787/0.3136 | LR: 0.000001
Epoch [68/100] | SVD update #68: pairs=128, sweeps=3, converged=False, rel_change=1.052e-04, effective_ranks=(127, 18), class_paired=True
Epoch [68/100] | Loss: 5.1465 (Cls: 5.1916, TAL: -0.4664, Adv: 0.1356, OT-Reg: 0.001162) | OT inner objective: -0.1295 | Marginal residual row/col/max: 1.27e-04/8.85e-09/1.27e-04 | Train Acc: 0.3906 | Val Acc: 0.3333 | Val P/R/F1 (Macro): 0.2994/0.4843/0.3322 | LR: 0.000001
Epoch [69/100] | SVD update #69: pairs=128, sweeps=3, converged=False, rel_change=2.521e-04, effective_ranks=(127, 19), class_paired=True
Epoch [69/100] | Loss: 4.7960 (Cls: 4.8363, TAL: -0.4154, Adv: 0.1194, OT-Reg: 0.001178) | OT inner objective: -0.1032 | Marginal residual row/col/max: 9.14e-06/1.07e-08/9.14e-06 | Train Acc: 0.4844 | Val Acc: 0.5833 | Val P/R/F1 (Macro): 0.6315/0.6417/0.5673 | LR: 0.000001
  >>> New Best Val Acc: 0.5833
Epoch [70/100] | SVD update #70: pairs=128, sweeps=3, converged=False, rel_change=3.701e-04, effective_ranks=(127, 17), class_paired=True
Epoch [70/100] | Loss: 5.1320 (Cls: 5.1707, TAL: -0.4166, Adv: 0.1408, OT-Reg: 0.001094) | OT inner objective: -0.1216 | Marginal residual row/col/max: 2.32e-06/1.26e-08/2.32e-06 | Train Acc: 0.4141 | Val Acc: 0.4167 | Val P/R/F1 (Macro): 0.4565/0.5343/0.4070 | LR: 0.000001
Epoch [71/100] | SVD update #71: pairs=128, sweeps=3, converged=False, rel_change=2.982e-04, effective_ranks=(127, 19), class_paired=True
Epoch [71/100] | Loss: 5.2279 (Cls: 5.2672, TAL: -0.4314, Adv: 0.1559, OT-Reg: 0.001058) | OT inner objective: -0.0686 | Marginal residual row/col/max: 1.17e-04/1.02e-08/1.17e-04 | Train Acc: 0.3516 | Val Acc: 0.3889 | Val P/R/F1 (Macro): 0.4455/0.5120/0.3865 | LR: 0.000001
Epoch [72/100] | SVD update #72: pairs=128, sweeps=3, converged=False, rel_change=4.786e-04, effective_ranks=(127, 20), class_paired=True
Epoch [72/100] | Loss: 4.8354 (Cls: 4.8827, TAL: -0.4862, Adv: 0.1375, OT-Reg: 0.001160) | OT inner objective: -0.1511 | Marginal residual row/col/max: 2.06e-05/9.31e-09/2.06e-05 | Train Acc: 0.4141 | Val Acc: 0.4167 | Val P/R/F1 (Macro): 0.3762/0.4657/0.3495 | LR: 0.000001
Epoch [73/100] | SVD update #73: pairs=128, sweeps=3, converged=False, rel_change=4.746e-04, effective_ranks=(127, 19), class_paired=True
Epoch [73/100] | Loss: 4.9617 (Cls: 4.9926, TAL: -0.3557, Adv: 0.1476, OT-Reg: 0.001118) | OT inner objective: -0.0787 | Marginal residual row/col/max: 7.23e-06/9.31e-09/7.23e-06 | Train Acc: 0.4688 | Val Acc: 0.4167 | Val P/R/F1 (Macro): 0.5217/0.5731/0.4462 | LR: 0.000001
Epoch [74/100] | SVD update #74: pairs=128, sweeps=3, converged=False, rel_change=2.057e-03, effective_ranks=(127, 19), class_paired=True
Epoch [74/100] | Loss: 5.0349 (Cls: 5.0674, TAL: -0.4184, Adv: 0.2208, OT-Reg: 0.001069) | OT inner objective: -0.0891 | Marginal residual row/col/max: 4.47e-06/9.78e-09/4.47e-06 | Train Acc: 0.3828 | Val Acc: 0.5000 | Val P/R/F1 (Macro): 0.4173/0.4954/0.3892 | LR: 0.000001
Epoch [75/100] | SVD update #75: pairs=128, sweeps=3, converged=False, rel_change=3.528e-04, effective_ranks=(127, 19), class_paired=True
Epoch [75/100] | Loss: 4.7018 (Cls: 4.7344, TAL: -0.3945, Adv: 0.1846, OT-Reg: 0.001107) | OT inner objective: -0.0643 | Marginal residual row/col/max: 7.05e-06/1.02e-08/7.05e-06 | Train Acc: 0.5000 | Val Acc: 0.4444 | Val P/R/F1 (Macro): 0.4330/0.5741/0.4410 | LR: 0.000001
Epoch [76/100] | SVD update #76: pairs=128, sweeps=3, converged=False, rel_change=5.599e-04, effective_ranks=(127, 18), class_paired=True
Epoch [76/100] | Loss: 4.8678 (Cls: 4.9092, TAL: -0.4501, Adv: 0.1574, OT-Reg: 0.001133) | OT inner objective: -0.0408 | Marginal residual row/col/max: 1.72e-05/1.02e-08/1.72e-05 | Train Acc: 0.4141 | Val Acc: 0.4722 | Val P/R/F1 (Macro): 0.4021/0.5657/0.4171 | LR: 0.000001
Epoch [77/100] | SVD update #77: pairs=128, sweeps=3, converged=False, rel_change=1.739e-03, effective_ranks=(127, 19), class_paired=True
Epoch [77/100] | Loss: 5.1143 (Cls: 5.1466, TAL: -0.4050, Adv: 0.2037, OT-Reg: 0.001041) | OT inner objective: -0.0451 | Marginal residual row/col/max: 4.52e-05/1.30e-08/4.52e-05 | Train Acc: 0.4297 | Val Acc: 0.4167 | Val P/R/F1 (Macro): 0.4370/0.5315/0.4389 | LR: 0.000001
Epoch [78/100] | SVD update #78: pairs=128, sweeps=3, converged=False, rel_change=3.143e-04, effective_ranks=(127, 19), class_paired=True
Epoch [78/100] | Loss: 5.6597 (Cls: 5.6903, TAL: -0.3574, Adv: 0.1543, OT-Reg: 0.001156) | OT inner objective: -0.0539 | Marginal residual row/col/max: 2.83e-06/1.16e-08/2.83e-06 | Train Acc: 0.3516 | Val Acc: 0.3333 | Val P/R/F1 (Macro): 0.2439/0.4926/0.3042 | LR: 0.000001
Epoch [79/100] | SVD update #79: pairs=128, sweeps=3, converged=False, rel_change=3.365e-03, effective_ranks=(127, 19), class_paired=True
Epoch [79/100] | Loss: 5.0353 (Cls: 5.0647, TAL: -0.3931, Adv: 0.2228, OT-Reg: 0.001135) | OT inner objective: -0.1146 | Marginal residual row/col/max: 5.06e-06/1.02e-08/5.06e-06 | Train Acc: 0.3984 | Val Acc: 0.3889 | Val P/R/F1 (Macro): 0.3611/0.5343/0.3939 | LR: 0.000001
Epoch [80/100] | SVD update #80: pairs=128, sweeps=3, converged=False, rel_change=2.579e-04, effective_ranks=(127, 19), class_paired=True
Epoch [80/100] | Loss: 5.4408 (Cls: 5.4850, TAL: -0.4727, Adv: 0.1564, OT-Reg: 0.001114) | OT inner objective: -0.1287 | Marginal residual row/col/max: 1.20e-05/9.31e-09/1.20e-05 | Train Acc: 0.3906 | Val Acc: 0.4167 | Val P/R/F1 (Macro): 0.3444/0.4546/0.3690 | LR: 0.000001
Epoch [81/100] | SVD update #81: pairs=128, sweeps=3, converged=False, rel_change=5.413e-04, effective_ranks=(127, 18), class_paired=True
Epoch [81/100] | Loss: 4.9026 (Cls: 4.9352, TAL: -0.3990, Adv: 0.1907, OT-Reg: 0.001176) | OT inner objective: -0.1236 | Marginal residual row/col/max: 2.59e-05/8.85e-09/2.59e-05 | Train Acc: 0.5000 | Val Acc: 0.4722 | Val P/R/F1 (Macro): 0.5731/0.5731/0.4940 | LR: 0.000001
Epoch [82/100] | SVD update #82: pairs=128, sweeps=3, converged=False, rel_change=3.279e-04, effective_ranks=(127, 20), class_paired=True
Epoch [82/100] | Loss: 5.3810 (Cls: 5.4128, TAL: -0.3998, Adv: 0.2029, OT-Reg: 0.001134) | OT inner objective: -0.0958 | Marginal residual row/col/max: 9.93e-05/1.07e-08/9.93e-05 | Train Acc: 0.3750 | Val Acc: 0.4444 | Val P/R/F1 (Macro): 0.4176/0.4815/0.4095 | LR: 0.000001
Epoch [83/100] | SVD update #83: pairs=128, sweeps=3, converged=False, rel_change=5.232e-04, effective_ranks=(127, 18), class_paired=True
Epoch [83/100] | Loss: 5.1592 (Cls: 5.1955, TAL: -0.4615, Adv: 0.2380, OT-Reg: 0.001146) | OT inner objective: -0.0582 | Marginal residual row/col/max: 1.94e-05/1.12e-08/1.94e-05 | Train Acc: 0.3750 | Val Acc: 0.5556 | Val P/R/F1 (Macro): 0.4602/0.6176/0.5078 | LR: 0.000001
Epoch [84/100] | SVD update #84: pairs=128, sweeps=3, converged=False, rel_change=8.653e-04, effective_ranks=(127, 18), class_paired=True
Epoch [84/100] | Loss: 5.0588 (Cls: 5.0920, TAL: -0.3939, Adv: 0.1767, OT-Reg: 0.001125) | OT inner objective: -0.0249 | Marginal residual row/col/max: 2.12e-05/1.07e-08/2.12e-05 | Train Acc: 0.3984 | Val Acc: 0.5000 | Val P/R/F1 (Macro): 0.3519/0.5657/0.4075 | LR: 0.000001
Epoch [85/100] | SVD update #85: pairs=128, sweeps=3, converged=False, rel_change=2.080e-03, effective_ranks=(127, 19), class_paired=True
Epoch [85/100] | Loss: 5.2326 (Cls: 5.2533, TAL: -0.3383, Adv: 0.2483, OT-Reg: 0.001096) | OT inner objective: -0.0680 | Marginal residual row/col/max: 4.67e-06/1.02e-08/4.67e-06 | Train Acc: 0.3750 | Val Acc: 0.3611 | Val P/R/F1 (Macro): 0.3972/0.3880/0.3796 | LR: 0.000001
Epoch [86/100] | SVD update #86: pairs=128, sweeps=3, converged=False, rel_change=1.877e-03, effective_ranks=(127, 19), class_paired=True
Epoch [86/100] | Loss: 5.3923 (Cls: 5.4154, TAL: -0.4020, Adv: 0.3139, OT-Reg: 0.001103) | OT inner objective: -0.1142 | Marginal residual row/col/max: 1.33e-05/9.31e-09/1.33e-05 | Train Acc: 0.3750 | Val Acc: 0.5833 | Val P/R/F1 (Macro): 0.5112/0.5648/0.5001 | LR: 0.000001
Epoch [87/100] | SVD update #87: pairs=128, sweeps=3, converged=False, rel_change=1.353e-04, effective_ranks=(127, 19), class_paired=True
Epoch [87/100] | Loss: 5.6084 (Cls: 5.6301, TAL: -0.3438, Adv: 0.2445, OT-Reg: 0.001089) | OT inner objective: -0.0669 | Marginal residual row/col/max: 2.67e-06/9.78e-09/2.67e-06 | Train Acc: 0.3438 | Val Acc: 0.3611 | Val P/R/F1 (Macro): 0.2487/0.4222/0.2975 | LR: 0.000001
Epoch [88/100] | SVD update #88: pairs=128, sweeps=3, converged=False, rel_change=2.529e-04, effective_ranks=(127, 19), class_paired=True
Epoch [88/100] | Loss: 5.1791 (Cls: 5.2002, TAL: -0.3500, Adv: 0.2607, OT-Reg: 0.001158) | OT inner objective: -0.0539 | Marginal residual row/col/max: 1.04e-05/9.31e-09/1.04e-05 | Train Acc: 0.3750 | Val Acc: 0.3889 | Val P/R/F1 (Macro): 0.3957/0.5130/0.4054 | LR: 0.000001
Epoch [89/100] | SVD update #89: pairs=128, sweeps=3, converged=False, rel_change=2.379e-04, effective_ranks=(127, 19), class_paired=True
Epoch [89/100] | Loss: 4.9999 (Cls: 5.0350, TAL: -0.4026, Adv: 0.1655, OT-Reg: 0.001120) | OT inner objective: -0.1236 | Marginal residual row/col/max: 2.40e-06/1.02e-08/2.40e-06 | Train Acc: 0.4844 | Val Acc: 0.3611 | Val P/R/F1 (Macro): 0.3833/0.4315/0.3931 | LR: 0.000001
Epoch [90/100] | SVD update #90: pairs=128, sweeps=3, converged=False, rel_change=5.410e-04, effective_ranks=(127, 19), class_paired=True
Epoch [90/100] | Loss: 4.9808 (Cls: 5.0141, TAL: -0.4201, Adv: 0.2144, OT-Reg: 0.001168) | OT inner objective: -0.0778 | Marginal residual row/col/max: 4.86e-06/8.85e-09/4.86e-06 | Train Acc: 0.4297 | Val Acc: 0.5000 | Val P/R/F1 (Macro): 0.4587/0.6185/0.4947 | LR: 0.000001
Epoch [91/100] | SVD update #91: pairs=128, sweeps=3, converged=False, rel_change=2.003e-04, effective_ranks=(127, 17), class_paired=True
Epoch [91/100] | Loss: 5.3738 (Cls: 5.4051, TAL: -0.3765, Adv: 0.1741, OT-Reg: 0.001037) | OT inner objective: -0.0105 | Marginal residual row/col/max: 8.84e-06/1.58e-08/8.84e-06 | Train Acc: 0.3828 | Val Acc: 0.4444 | Val P/R/F1 (Macro): 0.3926/0.4685/0.4034 | LR: 0.000001
Epoch [92/100] | SVD update #92: pairs=128, sweeps=3, converged=True, rel_change=8.475e-05, effective_ranks=(127, 18), class_paired=True
Epoch [92/100] | Loss: 5.0631 (Cls: 5.0929, TAL: -0.3882, Adv: 0.2090, OT-Reg: 0.001141) | OT inner objective: -0.0787 | Marginal residual row/col/max: 2.00e-05/9.78e-09/2.00e-05 | Train Acc: 0.4375 | Val Acc: 0.3333 | Val P/R/F1 (Macro): 0.4259/0.3843/0.3306 | LR: 0.000001
Epoch [93/100] | SVD update #93: pairs=128, sweeps=3, converged=False, rel_change=3.419e-04, effective_ranks=(127, 18), class_paired=True
Epoch [93/100] | Loss: 5.1060 (Cls: 5.1293, TAL: -0.3161, Adv: 0.1827, OT-Reg: 0.001111) | OT inner objective: -0.0668 | Marginal residual row/col/max: 1.48e-04/1.16e-08/1.48e-04 | Train Acc: 0.4062 | Val Acc: 0.4722 | Val P/R/F1 (Macro): 0.4185/0.4741/0.4380 | LR: 0.000001
Epoch [94/100] | SVD update #94: pairs=128, sweeps=3, converged=False, rel_change=3.667e-04, effective_ranks=(127, 19), class_paired=True
Epoch [94/100] | Loss: 5.2970 (Cls: 5.3349, TAL: -0.4350, Adv: 0.1786, OT-Reg: 0.001064) | OT inner objective: -0.0219 | Marginal residual row/col/max: 5.20e-07/8.38e-09/5.20e-07 | Train Acc: 0.4219 | Val Acc: 0.4167 | Val P/R/F1 (Macro): 0.2901/0.5519/0.3631 | LR: 0.000001
Epoch [95/100] | SVD update #95: pairs=128, sweeps=3, converged=False, rel_change=4.859e-04, effective_ranks=(127, 19), class_paired=True
Epoch [95/100] | Loss: 5.0525 (Cls: 5.0805, TAL: -0.4228, Adv: 0.2844, OT-Reg: 0.001073) | OT inner objective: -0.1067 | Marginal residual row/col/max: 3.33e-05/9.78e-09/3.33e-05 | Train Acc: 0.3828 | Val Acc: 0.5000 | Val P/R/F1 (Macro): 0.4267/0.6019/0.4706 | LR: 0.000001
Epoch [96/100] | SVD update #96: pairs=128, sweeps=3, converged=False, rel_change=8.120e-04, effective_ranks=(127, 19), class_paired=True
Epoch [96/100] | Loss: 5.4691 (Cls: 5.5080, TAL: -0.4608, Adv: 0.2050, OT-Reg: 0.001104) | OT inner objective: -0.1001 | Marginal residual row/col/max: 4.02e-05/1.12e-08/4.02e-05 | Train Acc: 0.3594 | Val Acc: 0.3056 | Val P/R/F1 (Macro): 0.2410/0.2898/0.2323 | LR: 0.000001
Epoch [97/100] | SVD update #97: pairs=128, sweeps=3, converged=False, rel_change=1.037e-03, effective_ranks=(127, 19), class_paired=True
Epoch [97/100] | Loss: 4.9591 (Cls: 4.9945, TAL: -0.4181, Adv: 0.1854, OT-Reg: 0.001084) | OT inner objective: -0.1146 | Marginal residual row/col/max: 3.90e-05/9.78e-09/3.90e-05 | Train Acc: 0.5000 | Val Acc: 0.4167 | Val P/R/F1 (Macro): 0.3037/0.3593/0.3055 | LR: 0.000001
Epoch [98/100] | SVD update #98: pairs=128, sweeps=3, converged=False, rel_change=6.829e-04, effective_ranks=(127, 19), class_paired=True
Epoch [98/100] | Loss: 5.0427 (Cls: 5.0591, TAL: -0.3526, Adv: 0.3242, OT-Reg: 0.001089) | OT inner objective: -0.0457 | Marginal residual row/col/max: 6.12e-05/1.21e-08/6.12e-05 | Train Acc: 0.4062 | Val Acc: 0.5833 | Val P/R/F1 (Macro): 0.4815/0.6481/0.5006 | LR: 0.000001
Epoch [99/100] | SVD update #99: pairs=128, sweeps=3, converged=False, rel_change=1.743e-04, effective_ranks=(127, 20), class_paired=True
Epoch [99/100] | Loss: 5.4363 (Cls: 5.4551, TAL: -0.3430, Adv: 0.2789, OT-Reg: 0.001074) | OT inner objective: 0.0080 | Marginal residual row/col/max: 1.75e-06/1.12e-08/1.75e-06 | Train Acc: 0.4531 | Val Acc: 0.4722 | Val P/R/F1 (Macro): 0.4435/0.5796/0.4590 | LR: 0.000001
Epoch [100/100] | SVD update #100: pairs=128, sweeps=3, converged=False, rel_change=1.554e-04, effective_ranks=(127, 19), class_paired=True
Epoch [100/100] | Loss: 5.1708 (Cls: 5.1906, TAL: -0.4157, Adv: 0.3762, OT-Reg: 0.001164) | OT inner objective: -0.0906 | Marginal residual row/col/max: 2.11e-05/9.78e-09/2.11e-05 | Train Acc: 0.5312 | Val Acc: 0.4722 | Val P/R/F1 (Macro): 0.2943/0.4630/0.3460 | LR: 0.000001
Report strategy: last_window, window=10, reported_acc=0.4417, best_acc=0.5833

迭代 4 报告指标:
  Accuracy: 0.4417
  Precision (Macro): 0.3718
  Recall (Macro): 0.4820
  F1 (Macro): 0.3849
  Precision (Micro): 0.4417
  Recall (Micro): 0.4417
  F1 (Micro): 0.4417
  Val class coverage: 9/14 (0.6429), samples=36

================================================================================
迭代 5/5
随机种子: 46
================================================================================
配对采样器已初始化，共 9 个共有类别。
Training mode: full target-label supervision (class-paired batches).
Feature fusion: Tensor alignment (512+512 -> 64+64); fused_dim=128
Domain adaptation: Neural OT generator with 3-domain discriminator
Loss weights: tensor=0.12, adv=0.08
Transport: mode=sinkhorn, epsilon=0.1, Sinkhorn iterations=50, correction scale=0.1, correction regularization weight=0.001
Tensor projection update: once per epoch from the complete target-training pairing bank; projection_dim=64, max_sweeps=3, relative singular-value tolerance=0.0001
Epoch [1/100] | SVD update #1: pairs=128, sweeps=3, converged=False, rel_change=6.189e-03, effective_ranks=(127, 116), class_paired=True
Epoch [1/100] | Loss: 9.1768 (Cls: 9.1764, TAL: -0.1500, Adv: 0.2300, OT-Reg: 0.001270) | OT inner objective: 0.2860 | Marginal residual row/col/max: 1.16e-08/1.21e-08/1.26e-08 | Train Acc: 0.1250 | Val Acc: 0.0556 | Val P/R/F1 (Macro): 0.1197/0.1389/0.0603 | LR: 0.000005
  >>> New Best Val Acc: 0.0556
Epoch [2/100] | SVD update #2: pairs=128, sweeps=3, converged=True, rel_change=1.701e-05, effective_ranks=(127, 113), class_paired=True
Epoch [2/100] | Loss: 8.2530 (Cls: 8.2606, TAL: -0.1944, Adv: 0.1962, OT-Reg: 0.001335) | OT inner objective: 0.2684 | Marginal residual row/col/max: 1.07e-08/1.30e-08/1.35e-08 | Train Acc: 0.1406 | Val Acc: 0.2222 | Val P/R/F1 (Macro): 0.0988/0.1250/0.1098 | LR: 0.000005
  >>> New Best Val Acc: 0.2222
Epoch [3/100] | SVD update #3: pairs=128, sweeps=3, converged=False, rel_change=4.482e-02, effective_ranks=(127, 90), class_paired=True
Epoch [3/100] | Loss: 7.6704 (Cls: 7.6815, TAL: -0.2121, Adv: 0.1791, OT-Reg: 0.001309) | OT inner objective: 0.2508 | Marginal residual row/col/max: 8.85e-09/1.68e-08/1.68e-08 | Train Acc: 0.2031 | Val Acc: 0.3056 | Val P/R/F1 (Macro): 0.2913/0.4426/0.2786 | LR: 0.000005
  >>> New Best Val Acc: 0.3056
Epoch [4/100] | SVD update #4: pairs=128, sweeps=3, converged=False, rel_change=8.601e-02, effective_ranks=(127, 97), class_paired=True
Epoch [4/100] | Loss: 8.1066 (Cls: 8.1112, TAL: -0.1527, Adv: 0.1723, OT-Reg: 0.001412) | OT inner objective: 0.2641 | Marginal residual row/col/max: 9.31e-09/1.21e-08/1.21e-08 | Train Acc: 0.0938 | Val Acc: 0.0833 | Val P/R/F1 (Macro): 0.1333/0.0694/0.0912 | LR: 0.000005
Epoch [5/100] | SVD update #5: pairs=128, sweeps=3, converged=False, rel_change=1.163e-01, effective_ranks=(127, 67), class_paired=True
Epoch [5/100] | Loss: 8.1812 (Cls: 8.1866, TAL: -0.1618, Adv: 0.1755, OT-Reg: 0.001283) | OT inner objective: 0.2489 | Marginal residual row/col/max: 1.02e-08/1.44e-08/1.54e-08 | Train Acc: 0.1641 | Val Acc: 0.1389 | Val P/R/F1 (Macro): 0.1556/0.1194/0.0833 | LR: 0.000005
Epoch [6/100] | SVD update #6: pairs=128, sweeps=3, converged=False, rel_change=7.759e-02, effective_ranks=(127, 63), class_paired=True
Epoch [6/100] | Loss: 7.6541 (Cls: 7.6673, TAL: -0.2428, Adv: 0.1986, OT-Reg: 0.001235) | OT inner objective: 0.2253 | Marginal residual row/col/max: 1.26e-08/1.26e-08/1.40e-08 | Train Acc: 0.2109 | Val Acc: 0.3056 | Val P/R/F1 (Macro): 0.3395/0.4444/0.3439 | LR: 0.000005
Epoch [7/100] | SVD update #7: pairs=128, sweeps=3, converged=False, rel_change=9.411e-03, effective_ranks=(127, 63), class_paired=True
Epoch [7/100] | Loss: 7.5758 (Cls: 7.5891, TAL: -0.2422, Adv: 0.1974, OT-Reg: 0.001323) | OT inner objective: 0.2249 | Marginal residual row/col/max: 1.07e-08/1.02e-08/1.16e-08 | Train Acc: 0.1641 | Val Acc: 0.2222 | Val P/R/F1 (Macro): 0.2605/0.2685/0.1930 | LR: 0.000005
Epoch [8/100] | SVD update #8: pairs=128, sweeps=3, converged=False, rel_change=1.403e-02, effective_ranks=(127, 54), class_paired=True
Epoch [8/100] | Loss: 7.5696 (Cls: 7.5814, TAL: -0.2230, Adv: 0.1876, OT-Reg: 0.001326) | OT inner objective: 0.2219 | Marginal residual row/col/max: 9.31e-09/1.12e-08/1.16e-08 | Train Acc: 0.2031 | Val Acc: 0.1667 | Val P/R/F1 (Macro): 0.1602/0.1333/0.1306 | LR: 0.000005
Epoch [9/100] | SVD update #9: pairs=128, sweeps=3, converged=False, rel_change=2.748e-02, effective_ranks=(127, 37), class_paired=True
Epoch [9/100] | Loss: 7.2261 (Cls: 7.2441, TAL: -0.2733, Adv: 0.1848, OT-Reg: 0.001329) | OT inner objective: 0.1689 | Marginal residual row/col/max: 1.64e-06/2.28e-08/1.65e-06 | Train Acc: 0.2031 | Val Acc: 0.0833 | Val P/R/F1 (Macro): 0.0444/0.2444/0.0658 | LR: 0.000005
Epoch [10/100] | SVD update #10: pairs=128, sweeps=3, converged=False, rel_change=7.272e-03, effective_ranks=(127, 35), class_paired=True
Epoch [10/100] | Loss: 7.1235 (Cls: 7.1483, TAL: -0.3445, Adv: 0.2068, OT-Reg: 0.001367) | OT inner objective: 0.2117 | Marginal residual row/col/max: 1.12e-08/1.16e-08/1.26e-08 | Train Acc: 0.2500 | Val Acc: 0.1667 | Val P/R/F1 (Macro): 0.0952/0.2185/0.0894 | LR: 0.000005
Epoch [11/100] | SVD update #11: pairs=128, sweeps=3, converged=False, rel_change=4.269e-02, effective_ranks=(127, 36), class_paired=True
Epoch [11/100] | Loss: 6.8579 (Cls: 6.8630, TAL: -0.1677, Adv: 0.1881, OT-Reg: 0.001196) | OT inner objective: 0.0898 | Marginal residual row/col/max: 1.47e-05/2.56e-08/1.47e-05 | Train Acc: 0.2266 | Val Acc: 0.2500 | Val P/R/F1 (Macro): 0.3012/0.3241/0.2712 | LR: 0.000005
Epoch [12/100] | SVD update #12: pairs=128, sweeps=3, converged=False, rel_change=2.396e-02, effective_ranks=(127, 42), class_paired=True
Epoch [12/100] | Loss: 6.9684 (Cls: 6.9868, TAL: -0.2853, Adv: 0.1973, OT-Reg: 0.001304) | OT inner objective: 0.0998 | Marginal residual row/col/max: 4.20e-06/1.68e-08/4.20e-06 | Train Acc: 0.1641 | Val Acc: 0.1667 | Val P/R/F1 (Macro): 0.0741/0.2667/0.1019 | LR: 0.000005
Epoch [13/100] | SVD update #13: pairs=128, sweeps=3, converged=False, rel_change=7.030e-02, effective_ranks=(127, 28), class_paired=True
Epoch [13/100] | Loss: 6.6675 (Cls: 6.6733, TAL: -0.1642, Adv: 0.1741, OT-Reg: 0.001276) | OT inner objective: 0.0893 | Marginal residual row/col/max: 1.04e-04/1.21e-08/1.04e-04 | Train Acc: 0.2266 | Val Acc: 0.2778 | Val P/R/F1 (Macro): 0.3019/0.3926/0.2424 | LR: 0.000005
Epoch [14/100] | SVD update #14: pairs=128, sweeps=3, converged=False, rel_change=3.125e-02, effective_ranks=(127, 25), class_paired=True
Epoch [14/100] | Loss: 6.8320 (Cls: 6.8459, TAL: -0.2242, Adv: 0.1628, OT-Reg: 0.001388) | OT inner objective: 0.0830 | Marginal residual row/col/max: 1.61e-04/1.07e-08/1.61e-04 | Train Acc: 0.2734 | Val Acc: 0.2222 | Val P/R/F1 (Macro): 0.1829/0.3759/0.1857 | LR: 0.000003
Epoch [15/100] | SVD update #15: pairs=128, sweeps=3, converged=False, rel_change=2.045e-02, effective_ranks=(127, 27), class_paired=True
Epoch [15/100] | Loss: 6.0339 (Cls: 6.0602, TAL: -0.3672, Adv: 0.2218, OT-Reg: 0.001295) | OT inner objective: 0.0224 | Marginal residual row/col/max: 1.59e-05/1.63e-08/1.59e-05 | Train Acc: 0.2969 | Val Acc: 0.2500 | Val P/R/F1 (Macro): 0.1978/0.4389/0.2248 | LR: 0.000003
Epoch [16/100] | SVD update #16: pairs=128, sweeps=3, converged=False, rel_change=3.194e-02, effective_ranks=(127, 26), class_paired=True
Epoch [16/100] | Loss: 6.1230 (Cls: 6.1368, TAL: -0.2191, Adv: 0.1570, OT-Reg: 0.001506) | OT inner objective: 0.1117 | Marginal residual row/col/max: 9.31e-09/8.85e-09/1.12e-08 | Train Acc: 0.3984 | Val Acc: 0.1944 | Val P/R/F1 (Macro): 0.1056/0.3630/0.1436 | LR: 0.000003
Epoch [17/100] | SVD update #17: pairs=128, sweeps=3, converged=False, rel_change=1.685e-02, effective_ranks=(127, 27), class_paired=True
Epoch [17/100] | Loss: 6.1911 (Cls: 6.2078, TAL: -0.2533, Adv: 0.1710, OT-Reg: 0.001411) | OT inner objective: 0.0904 | Marginal residual row/col/max: 1.58e-07/1.02e-08/1.58e-07 | Train Acc: 0.3359 | Val Acc: 0.3056 | Val P/R/F1 (Macro): 0.2693/0.4287/0.2853 | LR: 0.000003
Epoch [18/100] | SVD update #18: pairs=128, sweeps=3, converged=False, rel_change=8.350e-03, effective_ranks=(127, 25), class_paired=True
Epoch [18/100] | Loss: 5.9902 (Cls: 6.0212, TAL: -0.3694, Adv: 0.1669, OT-Reg: 0.001436) | OT inner objective: 0.0295 | Marginal residual row/col/max: 3.00e-06/1.02e-08/3.00e-06 | Train Acc: 0.3047 | Val Acc: 0.3611 | Val P/R/F1 (Macro): 0.3028/0.3861/0.3176 | LR: 0.000003
  >>> New Best Val Acc: 0.3611
Epoch [19/100] | SVD update #19: pairs=128, sweeps=3, converged=False, rel_change=1.654e-03, effective_ranks=(127, 27), class_paired=True
Epoch [19/100] | Loss: 5.9583 (Cls: 5.9866, TAL: -0.3442, Adv: 0.1627, OT-Reg: 0.001485) | OT inner objective: 0.0643 | Marginal residual row/col/max: 3.24e-05/1.21e-08/3.24e-05 | Train Acc: 0.3438 | Val Acc: 0.3611 | Val P/R/F1 (Macro): 0.3627/0.4880/0.3312 | LR: 0.000003
Epoch [20/100] | SVD update #20: pairs=128, sweeps=3, converged=False, rel_change=5.359e-03, effective_ranks=(127, 26), class_paired=True
Epoch [20/100] | Loss: 5.9543 (Cls: 5.9863, TAL: -0.3833, Adv: 0.1750, OT-Reg: 0.001438) | OT inner objective: 0.0220 | Marginal residual row/col/max: 9.94e-06/1.35e-08/9.94e-06 | Train Acc: 0.3516 | Val Acc: 0.3611 | Val P/R/F1 (Macro): 0.2772/0.4889/0.3206 | LR: 0.000003
Epoch [21/100] | SVD update #21: pairs=128, sweeps=3, converged=False, rel_change=3.466e-03, effective_ranks=(127, 23), class_paired=True
Epoch [21/100] | Loss: 5.9017 (Cls: 5.9321, TAL: -0.3526, Adv: 0.1487, OT-Reg: 0.001439) | OT inner objective: 0.0067 | Marginal residual row/col/max: 2.22e-06/1.58e-08/2.22e-06 | Train Acc: 0.3516 | Val Acc: 0.3611 | Val P/R/F1 (Macro): 0.3430/0.4880/0.3164 | LR: 0.000003
Epoch [22/100] | SVD update #22: pairs=128, sweeps=3, converged=False, rel_change=1.367e-03, effective_ranks=(127, 22), class_paired=True
Epoch [22/100] | Loss: 5.8833 (Cls: 5.9142, TAL: -0.3868, Adv: 0.1947, OT-Reg: 0.001454) | OT inner objective: -0.0383 | Marginal residual row/col/max: 1.18e-06/8.38e-09/1.18e-06 | Train Acc: 0.3672 | Val Acc: 0.3056 | Val P/R/F1 (Macro): 0.4204/0.4759/0.3988 | LR: 0.000003
Epoch [23/100] | SVD update #23: pairs=128, sweeps=3, converged=False, rel_change=1.033e-02, effective_ranks=(127, 22), class_paired=True
Epoch [23/100] | Loss: 5.7630 (Cls: 5.7994, TAL: -0.4057, Adv: 0.1527, OT-Reg: 0.001392) | OT inner objective: -0.0312 | Marginal residual row/col/max: 4.99e-05/1.44e-08/4.99e-05 | Train Acc: 0.3203 | Val Acc: 0.3333 | Val P/R/F1 (Macro): 0.4377/0.4694/0.3327 | LR: 0.000003
Epoch [24/100] | SVD update #24: pairs=128, sweeps=3, converged=False, rel_change=5.104e-03, effective_ranks=(127, 22), class_paired=True
Epoch [24/100] | Loss: 5.8090 (Cls: 5.8378, TAL: -0.3318, Adv: 0.1380, OT-Reg: 0.001384) | OT inner objective: 0.0049 | Marginal residual row/col/max: 8.58e-06/1.21e-08/8.58e-06 | Train Acc: 0.3828 | Val Acc: 0.2500 | Val P/R/F1 (Macro): 0.3188/0.3102/0.1947 | LR: 0.000003
Epoch [25/100] | SVD update #25: pairs=128, sweeps=3, converged=False, rel_change=1.702e-03, effective_ranks=(127, 19), class_paired=True
Epoch [25/100] | Loss: 5.6038 (Cls: 5.6315, TAL: -0.3111, Adv: 0.1207, OT-Reg: 0.001522) | OT inner objective: -0.0307 | Marginal residual row/col/max: 3.06e-06/1.12e-08/3.06e-06 | Train Acc: 0.3984 | Val Acc: 0.3889 | Val P/R/F1 (Macro): 0.3386/0.5370/0.3720 | LR: 0.000003
  >>> New Best Val Acc: 0.3889
Epoch [26/100] | SVD update #26: pairs=128, sweeps=3, converged=False, rel_change=6.911e-03, effective_ranks=(127, 21), class_paired=True
Epoch [26/100] | Loss: 5.8994 (Cls: 5.9309, TAL: -0.3729, Adv: 0.1647, OT-Reg: 0.001372) | OT inner objective: 0.0091 | Marginal residual row/col/max: 1.25e-04/1.63e-08/1.25e-04 | Train Acc: 0.3516 | Val Acc: 0.3333 | Val P/R/F1 (Macro): 0.3130/0.4296/0.3055 | LR: 0.000003
Epoch [27/100] | SVD update #27: pairs=128, sweeps=3, converged=False, rel_change=6.105e-03, effective_ranks=(127, 22), class_paired=True
Epoch [27/100] | Loss: 5.4869 (Cls: 5.5204, TAL: -0.3922, Adv: 0.1690, OT-Reg: 0.001462) | OT inner objective: -0.0440 | Marginal residual row/col/max: 1.22e-04/1.07e-08/1.22e-04 | Train Acc: 0.4531 | Val Acc: 0.3611 | Val P/R/F1 (Macro): 0.3636/0.5167/0.3929 | LR: 0.000003
Epoch [28/100] | SVD update #28: pairs=128, sweeps=3, converged=False, rel_change=5.381e-03, effective_ranks=(127, 21), class_paired=True
Epoch [28/100] | Loss: 5.3752 (Cls: 5.4013, TAL: -0.3178, Adv: 0.1505, OT-Reg: 0.001455) | OT inner objective: 0.1278 | Marginal residual row/col/max: 1.26e-08/1.54e-08/1.72e-08 | Train Acc: 0.4531 | Val Acc: 0.5278 | Val P/R/F1 (Macro): 0.4830/0.5731/0.4881 | LR: 0.000003
  >>> New Best Val Acc: 0.5278
Epoch [29/100] | SVD update #29: pairs=128, sweeps=3, converged=False, rel_change=2.151e-03, effective_ranks=(127, 25), class_paired=True
Epoch [29/100] | Loss: 5.5076 (Cls: 5.5282, TAL: -0.2768, Adv: 0.1571, OT-Reg: 0.001381) | OT inner objective: -0.0095 | Marginal residual row/col/max: 2.13e-06/1.77e-08/2.13e-06 | Train Acc: 0.3672 | Val Acc: 0.3333 | Val P/R/F1 (Macro): 0.2085/0.4722/0.2735 | LR: 0.000003
Epoch [30/100] | SVD update #30: pairs=128, sweeps=3, converged=False, rel_change=6.937e-04, effective_ranks=(127, 24), class_paired=True
Epoch [30/100] | Loss: 5.3283 (Cls: 5.3585, TAL: -0.3420, Adv: 0.1354, OT-Reg: 0.001477) | OT inner objective: 0.0718 | Marginal residual row/col/max: 7.80e-07/9.78e-09/7.81e-07 | Train Acc: 0.3984 | Val Acc: 0.3333 | Val P/R/F1 (Macro): 0.3073/0.3889/0.2811 | LR: 0.000003
Epoch [31/100] | SVD update #31: pairs=128, sweeps=3, converged=False, rel_change=1.554e-03, effective_ranks=(127, 25), class_paired=True
Epoch [31/100] | Loss: 5.3409 (Cls: 5.3772, TAL: -0.3936, Adv: 0.1363, OT-Reg: 0.001497) | OT inner objective: -0.0041 | Marginal residual row/col/max: 1.13e-06/9.78e-09/1.13e-06 | Train Acc: 0.4375 | Val Acc: 0.4722 | Val P/R/F1 (Macro): 0.3333/0.4787/0.3454 | LR: 0.000003
Epoch [32/100] | SVD update #32: pairs=128, sweeps=3, converged=False, rel_change=1.049e-03, effective_ranks=(127, 23), class_paired=True
Epoch [32/100] | Loss: 5.2358 (Cls: 5.2735, TAL: -0.3930, Adv: 0.1190, OT-Reg: 0.001385) | OT inner objective: 0.0266 | Marginal residual row/col/max: 1.74e-06/1.16e-08/1.74e-06 | Train Acc: 0.4141 | Val Acc: 0.3889 | Val P/R/F1 (Macro): 0.3937/0.5019/0.3750 | LR: 0.000003
Epoch [33/100] | SVD update #33: pairs=128, sweeps=3, converged=False, rel_change=1.924e-03, effective_ranks=(127, 20), class_paired=True
Epoch [33/100] | Loss: 5.3383 (Cls: 5.3672, TAL: -0.3173, Adv: 0.1156, OT-Reg: 0.001538) | OT inner objective: 0.0288 | Marginal residual row/col/max: 6.50e-06/1.07e-08/6.50e-06 | Train Acc: 0.4219 | Val Acc: 0.3611 | Val P/R/F1 (Macro): 0.4058/0.5130/0.3786 | LR: 0.000003
Epoch [34/100] | SVD update #34: pairs=128, sweeps=3, converged=False, rel_change=8.143e-04, effective_ranks=(127, 21), class_paired=True
Epoch [34/100] | Loss: 5.3261 (Cls: 5.3605, TAL: -0.3771, Adv: 0.1361, OT-Reg: 0.001359) | OT inner objective: -0.0012 | Marginal residual row/col/max: 8.07e-06/1.30e-08/8.07e-06 | Train Acc: 0.3750 | Val Acc: 0.3333 | Val P/R/F1 (Macro): 0.4256/0.4991/0.3391 | LR: 0.000003
Epoch [35/100] | SVD update #35: pairs=128, sweeps=3, converged=False, rel_change=5.860e-04, effective_ranks=(127, 20), class_paired=True
Epoch [35/100] | Loss: 5.3995 (Cls: 5.4402, TAL: -0.4238, Adv: 0.1271, OT-Reg: 0.001413) | OT inner objective: -0.0530 | Marginal residual row/col/max: 1.52e-04/1.21e-08/1.52e-04 | Train Acc: 0.3359 | Val Acc: 0.3333 | Val P/R/F1 (Macro): 0.2324/0.4556/0.2759 | LR: 0.000003
Epoch [36/100] | SVD update #36: pairs=128, sweeps=3, converged=False, rel_change=3.622e-03, effective_ranks=(127, 19), class_paired=True
Epoch [36/100] | Loss: 5.4601 (Cls: 5.4916, TAL: -0.3601, Adv: 0.1467, OT-Reg: 0.001539) | OT inner objective: 0.0267 | Marginal residual row/col/max: 1.34e-06/1.12e-08/1.34e-06 | Train Acc: 0.3438 | Val Acc: 0.3889 | Val P/R/F1 (Macro): 0.3775/0.4769/0.3627 | LR: 0.000003
Epoch [37/100] | SVD update #37: pairs=128, sweeps=3, converged=False, rel_change=1.133e-03, effective_ranks=(127, 21), class_paired=True
Epoch [37/100] | Loss: 5.1796 (Cls: 5.2125, TAL: -0.3616, Adv: 0.1319, OT-Reg: 0.001353) | OT inner objective: 0.0337 | Marginal residual row/col/max: 1.13e-04/1.21e-08/1.13e-04 | Train Acc: 0.4453 | Val Acc: 0.4444 | Val P/R/F1 (Macro): 0.5004/0.5713/0.4416 | LR: 0.000003
Epoch [38/100] | SVD update #38: pairs=128, sweeps=3, converged=False, rel_change=2.747e-03, effective_ranks=(127, 26), class_paired=True
Epoch [38/100] | Loss: 5.1351 (Cls: 5.1765, TAL: -0.4120, Adv: 0.0997, OT-Reg: 0.001345) | OT inner objective: -0.0023 | Marginal residual row/col/max: 2.08e-04/1.21e-08/2.08e-04 | Train Acc: 0.3984 | Val Acc: 0.4444 | Val P/R/F1 (Macro): 0.3643/0.5741/0.4187 | LR: 0.000003
Epoch [39/100] | SVD update #39: pairs=128, sweeps=3, converged=False, rel_change=4.699e-03, effective_ranks=(127, 24), class_paired=True
Epoch [39/100] | Loss: 5.0889 (Cls: 5.1254, TAL: -0.3836, Adv: 0.1186, OT-Reg: 0.001471) | OT inner objective: -0.0455 | Marginal residual row/col/max: 8.23e-06/8.38e-09/8.23e-06 | Train Acc: 0.4453 | Val Acc: 0.4444 | Val P/R/F1 (Macro): 0.4740/0.5204/0.4291 | LR: 0.000001
Epoch [40/100] | SVD update #40: pairs=128, sweeps=3, converged=False, rel_change=3.719e-03, effective_ranks=(127, 19), class_paired=True
Epoch [40/100] | Loss: 5.0666 (Cls: 5.0847, TAL: -0.2536, Adv: 0.1546, OT-Reg: 0.001439) | OT inner objective: 0.0257 | Marginal residual row/col/max: 2.10e-08/8.85e-09/2.10e-08 | Train Acc: 0.4844 | Val Acc: 0.5278 | Val P/R/F1 (Macro): 0.5088/0.6315/0.5076 | LR: 0.000001
Epoch [41/100] | SVD update #41: pairs=128, sweeps=3, converged=False, rel_change=1.568e-03, effective_ranks=(127, 21), class_paired=True
Epoch [41/100] | Loss: 4.9333 (Cls: 4.9738, TAL: -0.4227, Adv: 0.1268, OT-Reg: 0.001502) | OT inner objective: -0.0561 | Marginal residual row/col/max: 1.08e-05/1.30e-08/1.08e-05 | Train Acc: 0.4219 | Val Acc: 0.3889 | Val P/R/F1 (Macro): 0.4250/0.5019/0.3894 | LR: 0.000001
Epoch [42/100] | SVD update #42: pairs=128, sweeps=3, converged=False, rel_change=6.667e-03, effective_ranks=(127, 24), class_paired=True
Epoch [42/100] | Loss: 4.8380 (Cls: 4.8734, TAL: -0.3796, Adv: 0.1270, OT-Reg: 0.001520) | OT inner objective: -0.0337 | Marginal residual row/col/max: 2.42e-06/1.07e-08/2.42e-06 | Train Acc: 0.5000 | Val Acc: 0.5000 | Val P/R/F1 (Macro): 0.4333/0.5250/0.4238 | LR: 0.000001
Epoch [43/100] | SVD update #43: pairs=128, sweeps=3, converged=False, rel_change=6.884e-04, effective_ranks=(127, 27), class_paired=True
Epoch [43/100] | Loss: 4.8116 (Cls: 4.8465, TAL: -0.3815, Adv: 0.1361, OT-Reg: 0.001383) | OT inner objective: 0.0216 | Marginal residual row/col/max: 9.20e-06/1.44e-08/9.20e-06 | Train Acc: 0.5078 | Val Acc: 0.3889 | Val P/R/F1 (Macro): 0.3565/0.4537/0.3286 | LR: 0.000001
Epoch [44/100] | SVD update #44: pairs=128, sweeps=3, converged=False, rel_change=8.308e-03, effective_ranks=(127, 28), class_paired=True
Epoch [44/100] | Loss: 5.1259 (Cls: 5.1690, TAL: -0.4312, Adv: 0.1077, OT-Reg: 0.001454) | OT inner objective: -0.0451 | Marginal residual row/col/max: 9.94e-07/9.31e-09/9.94e-07 | Train Acc: 0.4297 | Val Acc: 0.5833 | Val P/R/F1 (Macro): 0.5243/0.5861/0.5191 | LR: 0.000001
  >>> New Best Val Acc: 0.5833
Epoch [45/100] | SVD update #45: pairs=128, sweeps=3, converged=False, rel_change=5.074e-04, effective_ranks=(127, 26), class_paired=True
Epoch [45/100] | Loss: 4.9929 (Cls: 5.0232, TAL: -0.3305, Adv: 0.1175, OT-Reg: 0.001325) | OT inner objective: -0.0339 | Marginal residual row/col/max: 2.49e-04/1.40e-08/2.49e-04 | Train Acc: 0.3359 | Val Acc: 0.3611 | Val P/R/F1 (Macro): 0.2857/0.3963/0.3192 | LR: 0.000001
Epoch [46/100] | SVD update #46: pairs=128, sweeps=3, converged=False, rel_change=3.845e-03, effective_ranks=(127, 24), class_paired=True
Epoch [46/100] | Loss: 4.9134 (Cls: 4.9501, TAL: -0.4283, Adv: 0.1835, OT-Reg: 0.001345) | OT inner objective: -0.0668 | Marginal residual row/col/max: 3.80e-04/9.31e-09/3.80e-04 | Train Acc: 0.4922 | Val Acc: 0.3056 | Val P/R/F1 (Macro): 0.2705/0.3648/0.2383 | LR: 0.000001
Epoch [47/100] | SVD update #47: pairs=128, sweeps=3, converged=False, rel_change=1.563e-03, effective_ranks=(127, 23), class_paired=True
Epoch [47/100] | Loss: 4.8042 (Cls: 4.8371, TAL: -0.3937, Adv: 0.1798, OT-Reg: 0.001274) | OT inner objective: -0.0132 | Marginal residual row/col/max: 4.89e-05/1.49e-08/4.89e-05 | Train Acc: 0.4297 | Val Acc: 0.5833 | Val P/R/F1 (Macro): 0.5421/0.6083/0.5573 | LR: 0.000001
Epoch [48/100] | SVD update #48: pairs=128, sweeps=3, converged=False, rel_change=1.291e-03, effective_ranks=(127, 23), class_paired=True
Epoch [48/100] | Loss: 4.9731 (Cls: 5.0064, TAL: -0.3794, Adv: 0.1528, OT-Reg: 0.001428) | OT inner objective: 0.0072 | Marginal residual row/col/max: 1.35e-06/1.07e-08/1.35e-06 | Train Acc: 0.5078 | Val Acc: 0.4444 | Val P/R/F1 (Macro): 0.4302/0.5398/0.4291 | LR: 0.000001
Epoch [49/100] | SVD update #49: pairs=128, sweeps=3, converged=False, rel_change=2.826e-03, effective_ranks=(127, 23), class_paired=True
Epoch [49/100] | Loss: 4.8576 (Cls: 4.8965, TAL: -0.4091, Adv: 0.1268, OT-Reg: 0.001498) | OT inner objective: -0.0561 | Marginal residual row/col/max: 5.15e-06/1.21e-08/5.15e-06 | Train Acc: 0.4844 | Val Acc: 0.5000 | Val P/R/F1 (Macro): 0.5231/0.5806/0.4970 | LR: 0.000001
Epoch [50/100] | SVD update #50: pairs=128, sweeps=3, converged=False, rel_change=1.221e-03, effective_ranks=(127, 23), class_paired=True
Epoch [50/100] | Loss: 4.9614 (Cls: 4.9950, TAL: -0.3643, Adv: 0.1267, OT-Reg: 0.001443) | OT inner objective: 0.0067 | Marginal residual row/col/max: 1.40e-04/1.68e-08/1.40e-04 | Train Acc: 0.4609 | Val Acc: 0.4444 | Val P/R/F1 (Macro): 0.5219/0.5120/0.3903 | LR: 0.000001
Epoch [51/100] | SVD update #51: pairs=128, sweeps=3, converged=False, rel_change=1.985e-03, effective_ranks=(127, 25), class_paired=True
Epoch [51/100] | Loss: 4.7767 (Cls: 4.8214, TAL: -0.4516, Adv: 0.1180, OT-Reg: 0.001412) | OT inner objective: 0.0089 | Marginal residual row/col/max: 2.81e-04/1.07e-08/2.81e-04 | Train Acc: 0.5078 | Val Acc: 0.5000 | Val P/R/F1 (Macro): 0.5736/0.5806/0.5130 | LR: 0.000001
Epoch [52/100] | SVD update #52: pairs=128, sweeps=3, converged=False, rel_change=5.237e-04, effective_ranks=(127, 26), class_paired=True
Epoch [52/100] | Loss: 5.0651 (Cls: 5.0951, TAL: -0.3284, Adv: 0.1175, OT-Reg: 0.001315) | OT inner objective: 0.0417 | Marginal residual row/col/max: 3.52e-04/1.21e-08/3.52e-04 | Train Acc: 0.4453 | Val Acc: 0.5000 | Val P/R/F1 (Macro): 0.4537/0.5787/0.4466 | LR: 0.000001
Epoch [53/100] | SVD update #53: pairs=128, sweeps=3, converged=False, rel_change=6.416e-04, effective_ranks=(127, 27), class_paired=True
Epoch [53/100] | Loss: 4.7550 (Cls: 4.7921, TAL: -0.3741, Adv: 0.0975, OT-Reg: 0.001308) | OT inner objective: -0.0168 | Marginal residual row/col/max: 6.52e-06/2.51e-08/6.52e-06 | Train Acc: 0.4922 | Val Acc: 0.5556 | Val P/R/F1 (Macro): 0.5614/0.6407/0.5548 | LR: 0.000001
Epoch [54/100] | SVD update #54: pairs=128, sweeps=3, converged=False, rel_change=9.621e-04, effective_ranks=(127, 26), class_paired=True
Epoch [54/100] | Loss: 4.6742 (Cls: 4.7110, TAL: -0.3838, Adv: 0.1154, OT-Reg: 0.001369) | OT inner objective: 0.0299 | Marginal residual row/col/max: 6.97e-07/9.31e-09/6.97e-07 | Train Acc: 0.5312 | Val Acc: 0.5556 | Val P/R/F1 (Macro): 0.5019/0.5806/0.4697 | LR: 0.000001
Epoch [55/100] | SVD update #55: pairs=128, sweeps=3, converged=False, rel_change=1.941e-03, effective_ranks=(127, 26), class_paired=True
Epoch [55/100] | Loss: 4.6959 (Cls: 4.7312, TAL: -0.3859, Adv: 0.1375, OT-Reg: 0.001353) | OT inner objective: 0.0625 | Marginal residual row/col/max: 5.41e-06/1.68e-08/5.41e-06 | Train Acc: 0.4531 | Val Acc: 0.5556 | Val P/R/F1 (Macro): 0.6274/0.6407/0.5712 | LR: 0.000001
Epoch [56/100] | SVD update #56: pairs=128, sweeps=3, converged=False, rel_change=1.803e-03, effective_ranks=(127, 26), class_paired=True
Epoch [56/100] | Loss: 4.7910 (Cls: 4.8283, TAL: -0.4065, Adv: 0.1428, OT-Reg: 0.001333) | OT inner objective: -0.0245 | Marginal residual row/col/max: 1.38e-05/1.96e-08/1.38e-05 | Train Acc: 0.4297 | Val Acc: 0.5833 | Val P/R/F1 (Macro): 0.6032/0.5759/0.5364 | LR: 0.000001
Epoch [57/100] | SVD update #57: pairs=128, sweeps=3, converged=False, rel_change=5.285e-04, effective_ranks=(127, 27), class_paired=True
Epoch [57/100] | Loss: 4.5617 (Cls: 4.6026, TAL: -0.4052, Adv: 0.0969, OT-Reg: 0.001342) | OT inner objective: 0.0480 | Marginal residual row/col/max: 2.69e-07/1.40e-08/2.69e-07 | Train Acc: 0.4844 | Val Acc: 0.5833 | Val P/R/F1 (Macro): 0.5296/0.5759/0.5093 | LR: 0.000001
Epoch [58/100] | SVD update #58: pairs=128, sweeps=3, converged=False, rel_change=5.230e-04, effective_ranks=(127, 29), class_paired=True
Epoch [58/100] | Loss: 4.5525 (Cls: 4.5966, TAL: -0.4466, Adv: 0.1179, OT-Reg: 0.001389) | OT inner objective: 0.0058 | Marginal residual row/col/max: 1.38e-07/1.26e-08/1.38e-07 | Train Acc: 0.5234 | Val Acc: 0.5000 | Val P/R/F1 (Macro): 0.4454/0.5250/0.4506 | LR: 0.000001
Epoch [59/100] | SVD update #59: pairs=128, sweeps=3, converged=False, rel_change=3.684e-04, effective_ranks=(127, 30), class_paired=True
Epoch [59/100] | Loss: 4.7593 (Cls: 4.7927, TAL: -0.3928, Adv: 0.1718, OT-Reg: 0.001373) | OT inner objective: 0.0382 | Marginal residual row/col/max: 1.65e-04/1.16e-08/1.65e-04 | Train Acc: 0.4609 | Val Acc: 0.4167 | Val P/R/F1 (Macro): 0.5172/0.4472/0.3773 | LR: 0.000001
Epoch [60/100] | SVD update #60: pairs=128, sweeps=3, converged=False, rel_change=9.409e-04, effective_ranks=(127, 30), class_paired=True
Epoch [60/100] | Loss: 4.6300 (Cls: 4.6775, TAL: -0.4948, Adv: 0.1485, OT-Reg: 0.001418) | OT inner objective: -0.0887 | Marginal residual row/col/max: 2.65e-05/1.58e-08/2.65e-05 | Train Acc: 0.5234 | Val Acc: 0.5000 | Val P/R/F1 (Macro): 0.4577/0.5852/0.4759 | LR: 0.000001
Epoch [61/100] | SVD update #61: pairs=128, sweeps=3, converged=False, rel_change=2.397e-03, effective_ranks=(127, 31), class_paired=True
Epoch [61/100] | Loss: 4.6082 (Cls: 4.6439, TAL: -0.4118, Adv: 0.1721, OT-Reg: 0.001469) | OT inner objective: -0.0385 | Marginal residual row/col/max: 2.04e-06/1.77e-08/2.04e-06 | Train Acc: 0.5156 | Val Acc: 0.5000 | Val P/R/F1 (Macro): 0.4061/0.5667/0.4495 | LR: 0.000001
Epoch [62/100] | SVD update #62: pairs=128, sweeps=3, converged=False, rel_change=3.084e-03, effective_ranks=(127, 27), class_paired=True
Epoch [62/100] | Loss: 4.5052 (Cls: 4.5409, TAL: -0.3797, Adv: 0.1225, OT-Reg: 0.001426) | OT inner objective: -0.0753 | Marginal residual row/col/max: 4.17e-05/1.30e-08/4.17e-05 | Train Acc: 0.4688 | Val Acc: 0.5833 | Val P/R/F1 (Macro): 0.5889/0.6454/0.5726 | LR: 0.000001
Epoch [63/100] | SVD update #63: pairs=128, sweeps=3, converged=False, rel_change=1.289e-03, effective_ranks=(127, 26), class_paired=True
Epoch [63/100] | Loss: 4.7025 (Cls: 4.7328, TAL: -0.3192, Adv: 0.1008, OT-Reg: 0.001457) | OT inner objective: 0.0351 | Marginal residual row/col/max: 2.56e-07/1.02e-08/2.56e-07 | Train Acc: 0.5469 | Val Acc: 0.4167 | Val P/R/F1 (Macro): 0.3631/0.4380/0.3328 | LR: 0.000001
Epoch [64/100] | SVD update #64: pairs=128, sweeps=3, converged=False, rel_change=1.782e-03, effective_ranks=(127, 27), class_paired=True
Epoch [64/100] | Loss: 4.5207 (Cls: 4.5522, TAL: -0.3283, Adv: 0.0989, OT-Reg: 0.001480) | OT inner objective: 0.0858 | Marginal residual row/col/max: 1.26e-04/1.21e-08/1.26e-04 | Train Acc: 0.5859 | Val Acc: 0.4444 | Val P/R/F1 (Macro): 0.5194/0.4880/0.4013 | LR: 0.000001
Epoch [65/100] | SVD update #65: pairs=128, sweeps=3, converged=False, rel_change=1.174e-03, effective_ranks=(127, 29), class_paired=True
Epoch [65/100] | Loss: 4.7778 (Cls: 4.8181, TAL: -0.4221, Adv: 0.1293, OT-Reg: 0.001441) | OT inner objective: -0.0413 | Marginal residual row/col/max: 6.13e-05/9.31e-09/6.13e-05 | Train Acc: 0.5469 | Val Acc: 0.5556 | Val P/R/F1 (Macro): 0.4500/0.5907/0.4926 | LR: 0.000001
Epoch [66/100] | SVD update #66: pairs=128, sweeps=3, converged=False, rel_change=1.944e-03, effective_ranks=(127, 32), class_paired=True
Epoch [66/100] | Loss: 4.5647 (Cls: 4.5951, TAL: -0.3485, Adv: 0.1429, OT-Reg: 0.001204) | OT inner objective: 0.0355 | Marginal residual row/col/max: 4.43e-06/1.86e-08/4.43e-06 | Train Acc: 0.5312 | Val Acc: 0.4722 | Val P/R/F1 (Macro): 0.4136/0.5907/0.4489 | LR: 0.000001
Epoch [67/100] | SVD update #67: pairs=128, sweeps=3, converged=False, rel_change=2.062e-03, effective_ranks=(127, 32), class_paired=True
Epoch [67/100] | Loss: 4.4348 (Cls: 4.4805, TAL: -0.4623, Adv: 0.1221, OT-Reg: 0.001465) | OT inner objective: -0.0249 | Marginal residual row/col/max: 3.98e-05/1.35e-08/3.98e-05 | Train Acc: 0.5625 | Val Acc: 0.5278 | Val P/R/F1 (Macro): 0.6278/0.6130/0.5175 | LR: 0.000001
Epoch [68/100] | SVD update #68: pairs=128, sweeps=3, converged=False, rel_change=2.354e-03, effective_ranks=(127, 31), class_paired=True
Epoch [68/100] | Loss: 5.0991 (Cls: 5.1236, TAL: -0.2877, Adv: 0.1251, OT-Reg: 0.001464) | OT inner objective: -0.0197 | Marginal residual row/col/max: 3.56e-06/1.16e-08/3.56e-06 | Train Acc: 0.4688 | Val Acc: 0.4722 | Val P/R/F1 (Macro): 0.3907/0.4648/0.4000 | LR: 0.000001
Epoch [69/100] | SVD update #69: pairs=128, sweeps=3, converged=False, rel_change=2.575e-03, effective_ranks=(127, 30), class_paired=True
Epoch [69/100] | Loss: 4.2822 (Cls: 4.3146, TAL: -0.3768, Adv: 0.1598, OT-Reg: 0.001322) | OT inner objective: 0.0604 | Marginal residual row/col/max: 1.58e-05/1.49e-08/1.58e-05 | Train Acc: 0.6406 | Val Acc: 0.6111 | Val P/R/F1 (Macro): 0.5435/0.5713/0.5238 | LR: 0.000001
  >>> New Best Val Acc: 0.6111
Epoch [70/100] | SVD update #70: pairs=128, sweeps=3, converged=False, rel_change=1.811e-03, effective_ranks=(127, 29), class_paired=True
Epoch [70/100] | Loss: 4.5078 (Cls: 4.5512, TAL: -0.4587, Adv: 0.1460, OT-Reg: 0.001375) | OT inner objective: -0.0424 | Marginal residual row/col/max: 1.05e-04/1.07e-08/1.05e-04 | Train Acc: 0.5469 | Val Acc: 0.6111 | Val P/R/F1 (Macro): 0.5291/0.5759/0.5121 | LR: 0.000001
Epoch [71/100] | SVD update #71: pairs=128, sweeps=3, converged=False, rel_change=8.669e-04, effective_ranks=(127, 28), class_paired=True
Epoch [71/100] | Loss: 4.4060 (Cls: 4.4447, TAL: -0.4238, Adv: 0.1520, OT-Reg: 0.001478) | OT inner objective: 0.0203 | Marginal residual row/col/max: 1.36e-06/1.02e-08/1.36e-06 | Train Acc: 0.6094 | Val Acc: 0.5556 | Val P/R/F1 (Macro): 0.5926/0.6602/0.5498 | LR: 0.000001
Epoch [72/100] | SVD update #72: pairs=128, sweeps=3, converged=False, rel_change=5.266e-04, effective_ranks=(127, 29), class_paired=True
Epoch [72/100] | Loss: 4.4207 (Cls: 4.4523, TAL: -0.3789, Adv: 0.1729, OT-Reg: 0.001315) | OT inner objective: 0.0366 | Marginal residual row/col/max: 4.91e-07/1.58e-08/4.91e-07 | Train Acc: 0.6016 | Val Acc: 0.5278 | Val P/R/F1 (Macro): 0.4611/0.5296/0.4392 | LR: 0.000001
Epoch [73/100] | SVD update #73: pairs=128, sweeps=3, converged=False, rel_change=3.606e-03, effective_ranks=(127, 30), class_paired=True
Epoch [73/100] | Loss: 4.4210 (Cls: 4.4395, TAL: -0.3183, Adv: 0.2465, OT-Reg: 0.001373) | OT inner objective: -0.0083 | Marginal residual row/col/max: 1.61e-04/1.12e-08/1.61e-04 | Train Acc: 0.4766 | Val Acc: 0.6667 | Val P/R/F1 (Macro): 0.6243/0.7102/0.6404 | LR: 0.000001
  >>> New Best Val Acc: 0.6667
Epoch [74/100] | SVD update #74: pairs=128, sweeps=3, converged=False, rel_change=8.628e-04, effective_ranks=(126, 31), class_paired=True
Epoch [74/100] | Loss: 4.8071 (Cls: 4.8395, TAL: -0.4022, Adv: 0.1993, OT-Reg: 0.001527) | OT inner objective: -0.0161 | Marginal residual row/col/max: 2.11e-04/9.78e-09/2.11e-04 | Train Acc: 0.4922 | Val Acc: 0.3611 | Val P/R/F1 (Macro): 0.2778/0.5167/0.3291 | LR: 0.000001
Epoch [75/100] | SVD update #75: pairs=128, sweeps=3, converged=False, rel_change=1.020e-03, effective_ranks=(127, 28), class_paired=True
Epoch [75/100] | Loss: 4.4140 (Cls: 4.4484, TAL: -0.4017, Adv: 0.1735, OT-Reg: 0.001304) | OT inner objective: -0.0519 | Marginal residual row/col/max: 2.89e-04/1.63e-08/2.89e-04 | Train Acc: 0.6250 | Val Acc: 0.6667 | Val P/R/F1 (Macro): 0.6190/0.6685/0.5975 | LR: 0.000001
Epoch [76/100] | SVD update #76: pairs=128, sweeps=3, converged=False, rel_change=1.621e-03, effective_ranks=(127, 28), class_paired=True
Epoch [76/100] | Loss: 4.1928 (Cls: 4.2375, TAL: -0.4699, Adv: 0.1463, OT-Reg: 0.001378) | OT inner objective: -0.0082 | Marginal residual row/col/max: 4.03e-06/1.16e-08/4.03e-06 | Train Acc: 0.6406 | Val Acc: 0.5556 | Val P/R/F1 (Macro): 0.6238/0.6417/0.5488 | LR: 0.000001
Epoch [77/100] | SVD update #77: pairs=128, sweeps=3, converged=False, rel_change=1.495e-03, effective_ranks=(127, 29), class_paired=True
Epoch [77/100] | Loss: 4.5465 (Cls: 4.5838, TAL: -0.4147, Adv: 0.1563, OT-Reg: 0.001445) | OT inner objective: -0.0170 | Marginal residual row/col/max: 6.32e-06/1.44e-08/6.32e-06 | Train Acc: 0.6016 | Val Acc: 0.4722 | Val P/R/F1 (Macro): 0.4260/0.5713/0.4136 | LR: 0.000001
Epoch [78/100] | SVD update #78: pairs=128, sweeps=3, converged=False, rel_change=2.708e-04, effective_ranks=(127, 29), class_paired=True
Epoch [78/100] | Loss: 4.5642 (Cls: 4.5966, TAL: -0.3799, Adv: 0.1649, OT-Reg: 0.001456) | OT inner objective: 0.0063 | Marginal residual row/col/max: 1.34e-04/9.31e-09/1.34e-04 | Train Acc: 0.5391 | Val Acc: 0.5278 | Val P/R/F1 (Macro): 0.5111/0.5944/0.4992 | LR: 0.000001
Epoch [79/100] | SVD update #79: pairs=128, sweeps=3, converged=False, rel_change=8.241e-04, effective_ranks=(127, 29), class_paired=True
Epoch [79/100] | Loss: 4.2404 (Cls: 4.2855, TAL: -0.4965, Adv: 0.1810, OT-Reg: 0.001388) | OT inner objective: -0.0045 | Marginal residual row/col/max: 4.75e-05/1.35e-08/4.75e-05 | Train Acc: 0.5859 | Val Acc: 0.5556 | Val P/R/F1 (Macro): 0.5833/0.6315/0.5310 | LR: 0.000001
Epoch [80/100] | SVD update #80: pairs=128, sweeps=3, converged=False, rel_change=1.674e-03, effective_ranks=(127, 29), class_paired=True
Epoch [80/100] | Loss: 4.1984 (Cls: 4.2319, TAL: -0.3993, Adv: 0.1809, OT-Reg: 0.001509) | OT inner objective: -0.0334 | Marginal residual row/col/max: 1.60e-06/9.31e-09/1.60e-06 | Train Acc: 0.4844 | Val Acc: 0.6389 | Val P/R/F1 (Macro): 0.5807/0.7009/0.6061 | LR: 0.000001
Epoch [81/100] | SVD update #81: pairs=128, sweeps=3, converged=False, rel_change=1.584e-03, effective_ranks=(127, 30), class_paired=True
Epoch [81/100] | Loss: 4.5554 (Cls: 4.5903, TAL: -0.4041, Adv: 0.1698, OT-Reg: 0.001463) | OT inner objective: -0.0204 | Marginal residual row/col/max: 7.80e-05/1.16e-08/7.80e-05 | Train Acc: 0.5703 | Val Acc: 0.6111 | Val P/R/F1 (Macro): 0.5966/0.6546/0.5533 | LR: 0.000001
Epoch [82/100] | SVD update #82: pairs=128, sweeps=3, converged=False, rel_change=8.953e-04, effective_ranks=(127, 29), class_paired=True
Epoch [82/100] | Loss: 4.4785 (Cls: 4.5155, TAL: -0.3852, Adv: 0.1160, OT-Reg: 0.001485) | OT inner objective: -0.0494 | Marginal residual row/col/max: 1.10e-05/9.31e-09/1.10e-05 | Train Acc: 0.5000 | Val Acc: 0.5556 | Val P/R/F1 (Macro): 0.5704/0.5574/0.4920 | LR: 0.000001
Epoch [83/100] | SVD update #83: pairs=128, sweeps=3, converged=False, rel_change=2.049e-03, effective_ranks=(127, 31), class_paired=True
Epoch [83/100] | Loss: 4.3993 (Cls: 4.4368, TAL: -0.4115, Adv: 0.1488, OT-Reg: 0.001465) | OT inner objective: -0.0186 | Marginal residual row/col/max: 1.75e-05/1.30e-08/1.75e-05 | Train Acc: 0.5469 | Val Acc: 0.6111 | Val P/R/F1 (Macro): 0.5306/0.6037/0.5411 | LR: 0.000001
Epoch [84/100] | SVD update #84: pairs=128, sweeps=3, converged=False, rel_change=2.573e-03, effective_ranks=(127, 30), class_paired=True
Epoch [84/100] | Loss: 4.2922 (Cls: 4.3305, TAL: -0.4233, Adv: 0.1560, OT-Reg: 0.001483) | OT inner objective: -0.0489 | Marginal residual row/col/max: 1.55e-05/1.12e-08/1.55e-05 | Train Acc: 0.6094 | Val Acc: 0.5833 | Val P/R/F1 (Macro): 0.5759/0.5481/0.5117 | LR: 0.000001
Epoch [85/100] | SVD update #85: pairs=128, sweeps=3, converged=False, rel_change=1.885e-03, effective_ranks=(127, 30), class_paired=True
Epoch [85/100] | Loss: 4.6826 (Cls: 4.7121, TAL: -0.3671, Adv: 0.1819, OT-Reg: 0.001400) | OT inner objective: 0.0409 | Marginal residual row/col/max: 3.74e-06/1.30e-08/3.74e-06 | Train Acc: 0.5547 | Val Acc: 0.5278 | Val P/R/F1 (Macro): 0.5667/0.6361/0.4926 | LR: 0.000001
Epoch [86/100] | SVD update #86: pairs=128, sweeps=3, converged=False, rel_change=1.697e-04, effective_ranks=(127, 31), class_paired=True
Epoch [86/100] | Loss: 4.5149 (Cls: 4.5579, TAL: -0.4623, Adv: 0.1558, OT-Reg: 0.001453) | OT inner objective: -0.0282 | Marginal residual row/col/max: 2.08e-06/7.92e-09/2.08e-06 | Train Acc: 0.5859 | Val Acc: 0.5833 | Val P/R/F1 (Macro): 0.4667/0.5481/0.4818 | LR: 0.000001
Epoch [87/100] | SVD update #87: pairs=128, sweeps=3, converged=False, rel_change=3.601e-04, effective_ranks=(127, 31), class_paired=True
Epoch [87/100] | Loss: 4.4446 (Cls: 4.4690, TAL: -0.4063, Adv: 0.3039, OT-Reg: 0.001538) | OT inner objective: -0.0607 | Marginal residual row/col/max: 1.18e-05/1.12e-08/1.18e-05 | Train Acc: 0.4922 | Val Acc: 0.6389 | Val P/R/F1 (Macro): 0.6074/0.6130/0.5537 | LR: 0.000001
Epoch [88/100] | SVD update #88: pairs=128, sweeps=3, converged=False, rel_change=6.475e-04, effective_ranks=(127, 32), class_paired=True
Epoch [88/100] | Loss: 4.1889 (Cls: 4.2276, TAL: -0.4456, Adv: 0.1853, OT-Reg: 0.001431) | OT inner objective: 0.0041 | Marginal residual row/col/max: 2.06e-05/1.16e-08/2.06e-05 | Train Acc: 0.6250 | Val Acc: 0.5556 | Val P/R/F1 (Macro): 0.6167/0.6454/0.5398 | LR: 0.000001
Epoch [89/100] | SVD update #89: pairs=128, sweeps=3, converged=False, rel_change=6.006e-04, effective_ranks=(127, 30), class_paired=True
Epoch [89/100] | Loss: 4.1152 (Cls: 4.1403, TAL: -0.4082, Adv: 0.2992, OT-Reg: 0.001490) | OT inner objective: 0.0323 | Marginal residual row/col/max: 2.88e-06/1.07e-08/2.88e-06 | Train Acc: 0.6094 | Val Acc: 0.5833 | Val P/R/F1 (Macro): 0.5778/0.5852/0.5295 | LR: 0.000001
Epoch [90/100] | SVD update #90: pairs=128, sweeps=3, converged=False, rel_change=1.389e-03, effective_ranks=(127, 31), class_paired=True
Epoch [90/100] | Loss: 4.4307 (Cls: 4.4652, TAL: -0.4148, Adv: 0.1916, OT-Reg: 0.001514) | OT inner objective: -0.0133 | Marginal residual row/col/max: 7.97e-06/9.78e-09/7.97e-06 | Train Acc: 0.5234 | Val Acc: 0.6389 | Val P/R/F1 (Macro): 0.5106/0.6130/0.5329 | LR: 0.000001
Epoch [91/100] | SVD update #91: pairs=128, sweeps=3, converged=False, rel_change=1.096e-03, effective_ranks=(127, 31), class_paired=True
Epoch [91/100] | Loss: 4.2691 (Cls: 4.2924, TAL: -0.4300, Adv: 0.3540, OT-Reg: 0.001397) | OT inner objective: 0.0555 | Marginal residual row/col/max: 4.14e-07/9.78e-09/4.14e-07 | Train Acc: 0.6250 | Val Acc: 0.6667 | Val P/R/F1 (Macro): 0.6725/0.7194/0.6224 | LR: 0.000001
Epoch [92/100] | SVD update #92: pairs=128, sweeps=3, converged=False, rel_change=9.916e-04, effective_ranks=(127, 29), class_paired=True
Epoch [92/100] | Loss: 4.3880 (Cls: 4.4160, TAL: -0.3968, Adv: 0.2447, OT-Reg: 0.001434) | OT inner objective: -0.0303 | Marginal residual row/col/max: 9.40e-05/1.07e-08/9.40e-05 | Train Acc: 0.5703 | Val Acc: 0.6667 | Val P/R/F1 (Macro): 0.5762/0.6963/0.6079 | LR: 0.000001
Epoch [93/100] | SVD update #93: pairs=128, sweeps=3, converged=False, rel_change=3.590e-04, effective_ranks=(127, 31), class_paired=True
Epoch [93/100] | Loss: 4.2594 (Cls: 4.2922, TAL: -0.4336, Adv: 0.2396, OT-Reg: 0.001407) | OT inner objective: -0.0115 | Marginal residual row/col/max: 1.84e-05/1.21e-08/1.84e-05 | Train Acc: 0.5781 | Val Acc: 0.6389 | Val P/R/F1 (Macro): 0.5278/0.5806/0.5167 | LR: 0.000001
Epoch [94/100] | SVD update #94: pairs=128, sweeps=3, converged=False, rel_change=3.138e-04, effective_ranks=(127, 34), class_paired=True
Epoch [94/100] | Loss: 4.1216 (Cls: 4.1605, TAL: -0.4686, Adv: 0.2162, OT-Reg: 0.001456) | OT inner objective: -0.0556 | Marginal residual row/col/max: 3.03e-05/1.07e-08/3.03e-05 | Train Acc: 0.6484 | Val Acc: 0.7222 | Val P/R/F1 (Macro): 0.6897/0.7704/0.6970 | LR: 0.000001
  >>> New Best Val Acc: 0.7222
Epoch [95/100] | SVD update #95: pairs=128, sweeps=3, converged=False, rel_change=6.005e-04, effective_ranks=(127, 32), class_paired=True
Epoch [95/100] | Loss: 4.3418 (Cls: 4.3702, TAL: -0.3795, Adv: 0.2145, OT-Reg: 0.001331) | OT inner objective: -0.0360 | Marginal residual row/col/max: 7.10e-05/1.21e-08/7.10e-05 | Train Acc: 0.6016 | Val Acc: 0.6667 | Val P/R/F1 (Macro): 0.5847/0.7148/0.5996 | LR: 0.000001
Epoch [96/100] | SVD update #96: pairs=128, sweeps=3, converged=False, rel_change=1.572e-03, effective_ranks=(127, 31), class_paired=True
Epoch [96/100] | Loss: 4.5420 (Cls: 4.5793, TAL: -0.3991, Adv: 0.1321, OT-Reg: 0.001350) | OT inner objective: 0.0355 | Marginal residual row/col/max: 5.61e-07/1.30e-08/5.62e-07 | Train Acc: 0.5781 | Val Acc: 0.6111 | Val P/R/F1 (Macro): 0.6636/0.7056/0.6123 | LR: 0.000001
Epoch [97/100] | SVD update #97: pairs=128, sweeps=3, converged=False, rel_change=2.481e-03, effective_ranks=(127, 30), class_paired=True
Epoch [97/100] | Loss: 4.4265 (Cls: 4.4444, TAL: -0.3146, Adv: 0.2487, OT-Reg: 0.001421) | OT inner objective: -0.0610 | Marginal residual row/col/max: 1.65e-05/1.58e-08/1.65e-05 | Train Acc: 0.5703 | Val Acc: 0.6389 | Val P/R/F1 (Macro): 0.5870/0.6037/0.5772 | LR: 0.000001
Epoch [98/100] | SVD update #98: pairs=128, sweeps=3, converged=False, rel_change=1.118e-03, effective_ranks=(127, 32), class_paired=True
Epoch [98/100] | Loss: 4.2392 (Cls: 4.2654, TAL: -0.4348, Adv: 0.3242, OT-Reg: 0.001374) | OT inner objective: 0.0576 | Marginal residual row/col/max: 1.15e-06/1.21e-08/1.15e-06 | Train Acc: 0.6484 | Val Acc: 0.6944 | Val P/R/F1 (Macro): 0.6090/0.7565/0.6416 | LR: 0.000001
Epoch [99/100] | SVD update #99: pairs=128, sweeps=3, converged=False, rel_change=1.770e-03, effective_ranks=(127, 31), class_paired=True
Epoch [99/100] | Loss: 4.3084 (Cls: 4.3398, TAL: -0.3991, Adv: 0.2064, OT-Reg: 0.001379) | OT inner objective: 0.0371 | Marginal residual row/col/max: 3.09e-05/1.49e-08/3.09e-05 | Train Acc: 0.5703 | Val Acc: 0.5556 | Val P/R/F1 (Macro): 0.4820/0.5620/0.4341 | LR: 0.000001
Epoch [100/100] | SVD update #100: pairs=128, sweeps=3, converged=False, rel_change=1.982e-03, effective_ranks=(127, 32), class_paired=True
Epoch [100/100] | Loss: 4.4026 (Cls: 4.4289, TAL: -0.3363, Adv: 0.1752, OT-Reg: 0.001512) | OT inner objective: 0.0298 | Marginal residual row/col/max: 1.81e-07/1.07e-08/1.81e-07 | Train Acc: 0.6406 | Val Acc: 0.5556 | Val P/R/F1 (Macro): 0.4290/0.5111/0.4389 | LR: 0.000001
Report strategy: last_window, window=10, reported_acc=0.6417, best_acc=0.7222

迭代 5 报告指标:
  Accuracy: 0.6417
  Precision (Macro): 0.5821
  Recall (Macro): 0.6620
  F1 (Macro): 0.5748
  Precision (Micro): 0.6417
  Recall (Micro): 0.6417
  F1 (Micro): 0.6417
  Val class coverage: 9/14 (0.6429), samples=36

================================================================================
5次迭代统计结果
================================================================================

accuracy:
  各迭代值: ['0.0833', '0.5806', '0.2694', '0.4417', '0.6417']
  均值 (Mean): 0.4033
  标准差 (Std): 0.2049

precision_macro:
  各迭代值: ['0.0571', '0.5781', '0.2257', '0.3718', '0.5821']
  均值 (Mean): 0.3630
  标准差 (Std): 0.2034

recall_macro:
  各迭代值: ['0.1072', '0.6489', '0.3784', '0.4820', '0.6620']
  均值 (Mean): 0.4557
  标准差 (Std): 0.2040

f1_macro:
  各迭代值: ['0.0572', '0.5807', '0.2334', '0.3849', '0.5748']
  均值 (Mean): 0.3662
  标准差 (Std): 0.2015

precision_micro:
  各迭代值: ['0.0833', '0.5806', '0.2694', '0.4417', '0.6417']
  均值 (Mean): 0.4033
  标准差 (Std): 0.2049

recall_micro:
  各迭代值: ['0.0833', '0.5806', '0.2694', '0.4417', '0.6417']
  均值 (Mean): 0.4033
  标准差 (Std): 0.2049

f1_micro:
  各迭代值: ['0.0833', '0.5806', '0.2694', '0.4417', '0.6417']
  均值 (Mean): 0.4033
  标准差 (Std): 0.2049

val_class_coverage:
  各迭代值: ['0.6429', '0.6429', '0.6429', '0.6429', '0.6429']
  均值 (Mean): 0.6429
  标准差 (Std): 0.0000

val_present_classes:
  各迭代值: ['9.0000', '9.0000', '9.0000', '9.0000', '9.0000']
  均值 (Mean): 9.0000
  标准差 (Std): 0.0000

val_total_classes:
  各迭代值: ['14.0000', '14.0000', '14.0000', '14.0000', '14.0000']
  均值 (Mean): 14.0000
  标准差 (Std): 0.0000

val_samples:
  各迭代值: ['36.0000', '36.0000', '36.0000', '36.0000', '36.0000']
  均值 (Mean): 36.0000
  标准差 (Std): 0.0000

训练结束时间: 2026-09-24 13:35:08
================================================================================

[Batch 2/4] Full: Tensor+OT, target=雨天
================================================================================
模块消融实验 - with_tensor_with_ot
目标域天气: 雨天
训练开始时间: 2026-09-24 13:35:08
设备: cuda
源域: /mnt/data/lixiang/data/Data/晴天
目标域: /mnt/data/lixiang/data/Data/雨天
批次大小: 32
总轮数: 100
迭代次数: 5
使用Tensor模块: 是
使用OT模块: 是
特征融合方式: Tensor对齐
域对齐方式: 最优传输
目标标签比例/权重: 1.0/1.0
Tensor/Adv损失权重: 0.12/0.08
Tensor投影维度/更新: 64/每epoch一次; SVD统计批次=32
学习率: feature=5e-06, other=0.0002, weight_decay=0.0005
报告策略: last_window, 窗口: 10
================================================================================

================================================================================
迭代 1/5
随机种子: 42
================================================================================
配对采样器已初始化，共 6 个共有类别。
Training mode: full target-label supervision (class-paired batches).
Feature fusion: Tensor alignment (512+512 -> 64+64); fused_dim=128
Domain adaptation: Neural OT generator with 3-domain discriminator
Loss weights: tensor=0.12, adv=0.08
Transport: mode=sinkhorn, epsilon=0.1, Sinkhorn iterations=50, correction scale=0.1, correction regularization weight=0.001
Tensor projection update: once per epoch from the complete target-training pairing bank; projection_dim=64, max_sweeps=3, relative singular-value tolerance=0.0001
Epoch [1/100] | SVD update #1: pairs=96, sweeps=3, converged=False, rel_change=8.472e-04, effective_ranks=(95, 90), class_paired=True
Epoch [1/100] | Loss: 9.1446 (Cls: 9.1238, TAL: -0.0306, Adv: 0.3053, OT-Reg: 0.000640) | OT inner objective: 0.2683 | Marginal residual row/col/max: 1.37e-08/1.30e-08/1.49e-08 | Train Acc: 0.1458 | Val Acc: 0.0000 | Val P/R/F1 (Macro): 0.0000/0.0000/0.0000 | LR: 0.000005
Epoch [2/100] | SVD update #2: pairs=96, sweeps=3, converged=True, rel_change=7.238e-06, effective_ranks=(95, 86), class_paired=True
Epoch [2/100] | Loss: 9.5623 (Cls: 9.5351, TAL: 0.0815, Adv: 0.2174, OT-Reg: 0.000681) | OT inner objective: 0.2769 | Marginal residual row/col/max: 9.93e-09/9.31e-09/1.12e-08 | Train Acc: 0.0833 | Val Acc: 0.2692 | Val P/R/F1 (Macro): 0.2292/0.1667/0.1500 | LR: 0.000005
  >>> New Best Val Acc: 0.2692
Epoch [3/100] | SVD update #3: pairs=96, sweeps=3, converged=False, rel_change=7.039e-03, effective_ranks=(95, 79), class_paired=True
Epoch [3/100] | Loss: 8.4105 (Cls: 8.3659, TAL: 0.1671, Adv: 0.3078, OT-Reg: 0.000623) | OT inner objective: 0.2638 | Marginal residual row/col/max: 1.06e-08/1.06e-08/1.06e-08 | Train Acc: 0.0729 | Val Acc: 0.1538 | Val P/R/F1 (Macro): 0.0958/0.1208/0.1026 | LR: 0.000005
Epoch [4/100] | SVD update #4: pairs=96, sweeps=3, converged=False, rel_change=1.768e-01, effective_ranks=(95, 78), class_paired=True
Epoch [4/100] | Loss: 8.3294 (Cls: 8.3220, TAL: -0.0500, Adv: 0.1667, OT-Reg: 0.000709) | OT inner objective: 0.2797 | Marginal residual row/col/max: 9.93e-09/1.12e-08/1.12e-08 | Train Acc: 0.0938 | Val Acc: 0.1538 | Val P/R/F1 (Macro): 0.0722/0.1833/0.0992 | LR: 0.000005
Epoch [5/100] | SVD update #5: pairs=96, sweeps=3, converged=False, rel_change=1.742e-01, effective_ranks=(95, 78), class_paired=True
Epoch [5/100] | Loss: 7.8221 (Cls: 7.8115, TAL: -0.0536, Adv: 0.2123, OT-Reg: 0.000636) | OT inner objective: 0.2634 | Marginal residual row/col/max: 1.06e-08/1.12e-08/1.12e-08 | Train Acc: 0.1458 | Val Acc: 0.1923 | Val P/R/F1 (Macro): 0.0417/0.1667/0.0667 | LR: 0.000005
Epoch [6/100] | SVD update #6: pairs=96, sweeps=3, converged=False, rel_change=3.967e-01, effective_ranks=(95, 71), class_paired=True
Epoch [6/100] | Loss: 7.4981 (Cls: 7.4881, TAL: -0.0295, Adv: 0.1697, OT-Reg: 0.000627) | OT inner objective: 0.2508 | Marginal residual row/col/max: 1.12e-08/9.93e-09/1.24e-08 | Train Acc: 0.1458 | Val Acc: 0.1154 | Val P/R/F1 (Macro): 0.0909/0.1500/0.0880 | LR: 0.000005
Epoch [7/100] | SVD update #7: pairs=96, sweeps=3, converged=False, rel_change=1.172e-01, effective_ranks=(95, 61), class_paired=True
Epoch [7/100] | Loss: 7.8525 (Cls: 7.8416, TAL: -0.0398, Adv: 0.1954, OT-Reg: 0.000717) | OT inner objective: 0.2483 | Marginal residual row/col/max: 1.37e-08/1.99e-08/1.99e-08 | Train Acc: 0.1042 | Val Acc: 0.1538 | Val P/R/F1 (Macro): 0.1048/0.0958/0.1000 | LR: 0.000005
Epoch [8/100] | SVD update #8: pairs=96, sweeps=3, converged=False, rel_change=1.510e-01, effective_ranks=(95, 58), class_paired=True
Epoch [8/100] | Loss: 7.2827 (Cls: 7.2551, TAL: 0.1274, Adv: 0.1541, OT-Reg: 0.000754) | OT inner objective: 0.2711 | Marginal residual row/col/max: 8.69e-09/2.36e-08/2.36e-08 | Train Acc: 0.1354 | Val Acc: 0.1923 | Val P/R/F1 (Macro): 0.1417/0.3333/0.1984 | LR: 0.000005
Epoch [9/100] | SVD update #9: pairs=96, sweeps=3, converged=False, rel_change=8.098e-02, effective_ranks=(95, 46), class_paired=True
Epoch [9/100] | Loss: 7.0850 (Cls: 7.0681, TAL: -0.0045, Adv: 0.2186, OT-Reg: 0.000699) | OT inner objective: 0.2585 | Marginal residual row/col/max: 1.12e-08/2.17e-08/2.17e-08 | Train Acc: 0.1875 | Val Acc: 0.1538 | Val P/R/F1 (Macro): 0.1042/0.2333/0.1111 | LR: 0.000005
Epoch [10/100] | SVD update #10: pairs=96, sweeps=3, converged=False, rel_change=6.615e-01, effective_ranks=(95, 47), class_paired=True
Epoch [10/100] | Loss: 7.0700 (Cls: 7.0700, TAL: -0.1246, Adv: 0.1865, OT-Reg: 0.000640) | OT inner objective: 0.2613 | Marginal residual row/col/max: 1.06e-08/1.74e-08/1.80e-08 | Train Acc: 0.1771 | Val Acc: 0.2308 | Val P/R/F1 (Macro): 0.2444/0.3500/0.2218 | LR: 0.000005
Epoch [11/100] | SVD update #11: pairs=96, sweeps=3, converged=False, rel_change=1.652e-01, effective_ranks=(95, 66), class_paired=True
Epoch [11/100] | Loss: 6.7265 (Cls: 6.7098, TAL: 0.0332, Adv: 0.1593, OT-Reg: 0.000607) | OT inner objective: 0.2451 | Marginal residual row/col/max: 8.07e-09/1.24e-08/1.24e-08 | Train Acc: 0.1875 | Val Acc: 0.1923 | Val P/R/F1 (Macro): 0.1923/0.2333/0.2037 | LR: 0.000005
Epoch [12/100] | SVD update #12: pairs=96, sweeps=3, converged=False, rel_change=1.341e-01, effective_ranks=(95, 52), class_paired=True
Epoch [12/100] | Loss: 6.5638 (Cls: 6.5499, TAL: -0.0008, Adv: 0.1744, OT-Reg: 0.000556) | OT inner objective: 0.2048 | Marginal residual row/col/max: 1.24e-08/1.18e-08/1.30e-08 | Train Acc: 0.2708 | Val Acc: 0.1923 | Val P/R/F1 (Macro): 0.1611/0.2333/0.1702 | LR: 0.000005
Epoch [13/100] | SVD update #13: pairs=96, sweeps=3, converged=False, rel_change=1.425e-01, effective_ranks=(95, 46), class_paired=True
Epoch [13/100] | Loss: 6.6828 (Cls: 6.6566, TAL: 0.1147, Adv: 0.1564, OT-Reg: 0.000557) | OT inner objective: 0.2041 | Marginal residual row/col/max: 1.92e-08/1.12e-08/1.99e-08 | Train Acc: 0.1458 | Val Acc: 0.2692 | Val P/R/F1 (Macro): 0.2247/0.3375/0.2325 | LR: 0.000003
Epoch [14/100] | SVD update #14: pairs=96, sweeps=3, converged=False, rel_change=2.023e-01, effective_ranks=(95, 46), class_paired=True
Epoch [14/100] | Loss: 6.7798 (Cls: 6.7548, TAL: 0.0932, Adv: 0.1730, OT-Reg: 0.000621) | OT inner objective: 0.2134 | Marginal residual row/col/max: 9.93e-09/1.18e-08/1.18e-08 | Train Acc: 0.1875 | Val Acc: 0.1923 | Val P/R/F1 (Macro): 0.2000/0.2667/0.2167 | LR: 0.000003
Epoch [15/100] | SVD update #15: pairs=96, sweeps=3, converged=False, rel_change=1.245e-01, effective_ranks=(95, 40), class_paired=True
Epoch [15/100] | Loss: 6.9408 (Cls: 6.9000, TAL: 0.2273, Adv: 0.1691, OT-Reg: 0.000658) | OT inner objective: 0.2140 | Marginal residual row/col/max: 8.69e-09/1.49e-08/1.49e-08 | Train Acc: 0.1458 | Val Acc: 0.5000 | Val P/R/F1 (Macro): 0.4167/0.4083/0.3682 | LR: 0.000003
  >>> New Best Val Acc: 0.5000
Epoch [16/100] | SVD update #16: pairs=96, sweeps=3, converged=False, rel_change=4.105e-02, effective_ranks=(95, 46), class_paired=True
Epoch [16/100] | Loss: 6.4656 (Cls: 6.4354, TAL: 0.1513, Adv: 0.1503, OT-Reg: 0.000687) | OT inner objective: 0.1465 | Marginal residual row/col/max: 1.86e-04/1.43e-08/1.86e-04 | Train Acc: 0.2292 | Val Acc: 0.2308 | Val P/R/F1 (Macro): 0.1984/0.2083/0.1200 | LR: 0.000003
Epoch [17/100] | SVD update #17: pairs=96, sweeps=3, converged=False, rel_change=2.177e-02, effective_ranks=(95, 42), class_paired=True
Epoch [17/100] | Loss: 6.7036 (Cls: 6.6869, TAL: 0.0268, Adv: 0.1684, OT-Reg: 0.000639) | OT inner objective: 0.2128 | Marginal residual row/col/max: 9.93e-09/1.18e-08/1.18e-08 | Train Acc: 0.1562 | Val Acc: 0.3077 | Val P/R/F1 (Macro): 0.2060/0.2667/0.2193 | LR: 0.000003
Epoch [18/100] | SVD update #18: pairs=96, sweeps=3, converged=False, rel_change=2.702e-02, effective_ranks=(95, 31), class_paired=True
Epoch [18/100] | Loss: 6.3016 (Cls: 6.3010, TAL: -0.1066, Adv: 0.1675, OT-Reg: 0.000745) | OT inner objective: 0.2117 | Marginal residual row/col/max: 1.18e-08/1.18e-08/1.30e-08 | Train Acc: 0.1458 | Val Acc: 0.1538 | Val P/R/F1 (Macro): 0.0881/0.1833/0.1111 | LR: 0.000003
Epoch [19/100] | SVD update #19: pairs=96, sweeps=3, converged=False, rel_change=2.298e-01, effective_ranks=(95, 37), class_paired=True
Epoch [19/100] | Loss: 6.7549 (Cls: 6.7583, TAL: -0.1471, Adv: 0.1786, OT-Reg: 0.000602) | OT inner objective: 0.2507 | Marginal residual row/col/max: 1.12e-08/1.12e-08/1.12e-08 | Train Acc: 0.1250 | Val Acc: 0.1154 | Val P/R/F1 (Macro): 0.1111/0.2000/0.0952 | LR: 0.000003
Epoch [20/100] | SVD update #20: pairs=96, sweeps=3, converged=False, rel_change=1.399e-01, effective_ranks=(94, 38), class_paired=True
Epoch [20/100] | Loss: 6.8603 (Cls: 6.8584, TAL: -0.0890, Adv: 0.1572, OT-Reg: 0.000585) | OT inner objective: 0.2248 | Marginal residual row/col/max: 1.43e-08/1.49e-08/2.11e-08 | Train Acc: 0.1042 | Val Acc: 0.1923 | Val P/R/F1 (Macro): 0.0521/0.1042/0.0694 | LR: 0.000003
Epoch [21/100] | SVD update #21: pairs=96, sweeps=3, converged=False, rel_change=3.546e-01, effective_ranks=(94, 35), class_paired=True
Epoch [21/100] | Loss: 6.6376 (Cls: 6.6149, TAL: 0.0949, Adv: 0.1418, OT-Reg: 0.000597) | OT inner objective: 0.2116 | Marginal residual row/col/max: 1.06e-08/1.18e-08/1.30e-08 | Train Acc: 0.2188 | Val Acc: 0.1538 | Val P/R/F1 (Macro): 0.0513/0.1083/0.0688 | LR: 0.000003
Epoch [22/100] | SVD update #22: pairs=96, sweeps=3, converged=False, rel_change=2.811e-02, effective_ranks=(95, 38), class_paired=True
Epoch [22/100] | Loss: 6.4154 (Cls: 6.3819, TAL: 0.1530, Adv: 0.1891, OT-Reg: 0.000650) | OT inner objective: 0.1663 | Marginal residual row/col/max: 1.68e-08/2.30e-08/2.61e-08 | Train Acc: 0.2083 | Val Acc: 0.0769 | Val P/R/F1 (Macro): 0.0519/0.0542/0.0495 | LR: 0.000003
Epoch [23/100] | SVD update #23: pairs=96, sweeps=3, converged=False, rel_change=9.743e-02, effective_ranks=(95, 35), class_paired=True
Epoch [23/100] | Loss: 6.6205 (Cls: 6.5870, TAL: 0.1537, Adv: 0.1877, OT-Reg: 0.000612) | OT inner objective: 0.2491 | Marginal residual row/col/max: 1.30e-08/2.24e-08/2.24e-08 | Train Acc: 0.2188 | Val Acc: 0.2692 | Val P/R/F1 (Macro): 0.0944/0.2083/0.1286 | LR: 0.000003
Epoch [24/100] | SVD update #24: pairs=96, sweeps=3, converged=False, rel_change=5.225e-02, effective_ranks=(95, 31), class_paired=True
Epoch [24/100] | Loss: 6.4896 (Cls: 6.4622, TAL: 0.0782, Adv: 0.2257, OT-Reg: 0.000699) | OT inner objective: 0.1254 | Marginal residual row/col/max: 2.99e-05/3.04e-08/2.99e-05 | Train Acc: 0.2708 | Val Acc: 0.2692 | Val P/R/F1 (Macro): 0.0923/0.2083/0.1242 | LR: 0.000003
Epoch [25/100] | SVD update #25: pairs=96, sweeps=3, converged=False, rel_change=3.732e-02, effective_ranks=(95, 25), class_paired=True
Epoch [25/100] | Loss: 6.5740 (Cls: 6.5744, TAL: -0.1228, Adv: 0.1789, OT-Reg: 0.000574) | OT inner objective: 0.2257 | Marginal residual row/col/max: 1.24e-08/1.18e-08/1.30e-08 | Train Acc: 0.1771 | Val Acc: 0.3077 | Val P/R/F1 (Macro): 0.0667/0.1667/0.0952 | LR: 0.000003
Epoch [26/100] | SVD update #26: pairs=96, sweeps=3, converged=False, rel_change=3.539e-02, effective_ranks=(94, 25), class_paired=True
Epoch [26/100] | Loss: 6.7945 (Cls: 6.7919, TAL: -0.1046, Adv: 0.1902, OT-Reg: 0.000557) | OT inner objective: 0.1462 | Marginal residual row/col/max: 1.43e-08/9.31e-09/1.43e-08 | Train Acc: 0.1458 | Val Acc: 0.3077 | Val P/R/F1 (Macro): 0.0892/0.2292/0.1281 | LR: 0.000001
Epoch [27/100] | SVD update #27: pairs=96, sweeps=3, converged=False, rel_change=3.816e-01, effective_ranks=(94, 39), class_paired=True
Epoch [27/100] | Loss: 6.2831 (Cls: 6.2368, TAL: 0.2569, Adv: 0.1938, OT-Reg: 0.000665) | OT inner objective: 0.1832 | Marginal residual row/col/max: 1.99e-08/1.86e-08/1.99e-08 | Train Acc: 0.2083 | Val Acc: 0.3077 | Val P/R/F1 (Macro): 0.0580/0.1667/0.0860 | LR: 0.000001
Epoch [28/100] | SVD update #28: pairs=96, sweeps=3, converged=False, rel_change=1.203e-01, effective_ranks=(95, 42), class_paired=True
Epoch [28/100] | Loss: 6.4744 (Cls: 6.4346, TAL: 0.2030, Adv: 0.1928, OT-Reg: 0.000670) | OT inner objective: 0.2533 | Marginal residual row/col/max: 1.12e-08/1.37e-08/1.49e-08 | Train Acc: 0.1250 | Val Acc: 0.2308 | Val P/R/F1 (Macro): 0.0417/0.1250/0.0625 | LR: 0.000001
Epoch [29/100] | SVD update #29: pairs=96, sweeps=3, converged=False, rel_change=7.141e-02, effective_ranks=(95, 41), class_paired=True
Epoch [29/100] | Loss: 6.2577 (Cls: 6.2218, TAL: 0.1574, Adv: 0.2123, OT-Reg: 0.000598) | OT inner objective: 0.1818 | Marginal residual row/col/max: 9.93e-09/1.18e-08/1.18e-08 | Train Acc: 0.1875 | Val Acc: 0.3077 | Val P/R/F1 (Macro): 0.1181/0.1917/0.1439 | LR: 0.000001
Epoch [30/100] | SVD update #30: pairs=96, sweeps=3, converged=False, rel_change=7.920e-01, effective_ranks=(94, 23), class_paired=True
Epoch [30/100] | Loss: 6.3410 (Cls: 6.3135, TAL: 0.1058, Adv: 0.1845, OT-Reg: 0.000679) | OT inner objective: 0.2013 | Marginal residual row/col/max: 8.07e-09/1.86e-08/1.86e-08 | Train Acc: 0.1250 | Val Acc: 0.3462 | Val P/R/F1 (Macro): 0.2389/0.3833/0.2747 | LR: 0.000001
Epoch [31/100] | SVD update #31: pairs=96, sweeps=3, converged=False, rel_change=2.895e-01, effective_ranks=(95, 32), class_paired=True
Epoch [31/100] | Loss: 6.3399 (Cls: 6.3447, TAL: -0.1855, Adv: 0.2185, OT-Reg: 0.000663) | OT inner objective: 0.1667 | Marginal residual row/col/max: 1.37e-08/2.61e-08/2.61e-08 | Train Acc: 0.1667 | Val Acc: 0.1154 | Val P/R/F1 (Macro): 0.0978/0.1875/0.0600 | LR: 0.000001
Epoch [32/100] | SVD update #32: pairs=96, sweeps=3, converged=False, rel_change=4.098e-02, effective_ranks=(95, 27), class_paired=True
Epoch [32/100] | Loss: 6.6371 (Cls: 6.6322, TAL: -0.0987, Adv: 0.2095, OT-Reg: 0.000573) | OT inner objective: 0.1177 | Marginal residual row/col/max: 8.69e-09/1.24e-08/1.24e-08 | Train Acc: 0.1875 | Val Acc: 0.3846 | Val P/R/F1 (Macro): 0.1796/0.2708/0.2087 | LR: 0.000001
Epoch [33/100] | SVD update #33: pairs=96, sweeps=3, converged=False, rel_change=1.185e-01, effective_ranks=(95, 33), class_paired=True
Epoch [33/100] | Loss: 6.1198 (Cls: 6.1220, TAL: -0.1445, Adv: 0.1892, OT-Reg: 0.000620) | OT inner objective: 0.2128 | Marginal residual row/col/max: 1.12e-08/1.12e-08/1.24e-08 | Train Acc: 0.2604 | Val Acc: 0.0000 | Val P/R/F1 (Macro): 0.0000/0.0000/0.0000 | LR: 0.000001
Epoch [34/100] | SVD update #34: pairs=96, sweeps=3, converged=False, rel_change=4.597e-02, effective_ranks=(95, 27), class_paired=True
Epoch [34/100] | Loss: 6.2352 (Cls: 6.2430, TAL: -0.1957, Adv: 0.1958, OT-Reg: 0.000641) | OT inner objective: 0.1575 | Marginal residual row/col/max: 1.24e-08/2.73e-08/2.73e-08 | Train Acc: 0.0938 | Val Acc: 0.1154 | Val P/R/F1 (Macro): 0.1800/0.2000/0.0802 | LR: 0.000001
Epoch [35/100] | SVD update #35: pairs=96, sweeps=3, converged=False, rel_change=3.461e-02, effective_ranks=(95, 30), class_paired=True
Epoch [35/100] | Loss: 6.1838 (Cls: 6.1836, TAL: -0.1389, Adv: 0.2100, OT-Reg: 0.000640) | OT inner objective: 0.1525 | Marginal residual row/col/max: 1.37e-08/1.30e-08/1.43e-08 | Train Acc: 0.1458 | Val Acc: 0.1923 | Val P/R/F1 (Macro): 0.2500/0.2833/0.1599 | LR: 0.000001
Epoch [36/100] | SVD update #36: pairs=96, sweeps=3, converged=False, rel_change=2.321e-02, effective_ranks=(95, 24), class_paired=True
Epoch [36/100] | Loss: 6.2830 (Cls: 6.2790, TAL: -0.1066, Adv: 0.2088, OT-Reg: 0.000603) | OT inner objective: 0.1893 | Marginal residual row/col/max: 1.49e-08/1.61e-08/1.68e-08 | Train Acc: 0.2188 | Val Acc: 0.2692 | Val P/R/F1 (Macro): 0.1667/0.2542/0.1955 | LR: 0.000001
Epoch [37/100] | SVD update #37: pairs=96, sweeps=3, converged=False, rel_change=7.118e-02, effective_ranks=(95, 33), class_paired=True
Epoch [37/100] | Loss: 6.3454 (Cls: 6.3481, TAL: -0.1347, Adv: 0.1681, OT-Reg: 0.000706) | OT inner objective: 0.2046 | Marginal residual row/col/max: 9.93e-09/3.35e-08/3.35e-08 | Train Acc: 0.1667 | Val Acc: 0.1923 | Val P/R/F1 (Macro): 0.0979/0.1750/0.1255 | LR: 0.000001
Epoch [38/100] | SVD update #38: pairs=96, sweeps=3, converged=False, rel_change=3.501e-02, effective_ranks=(95, 25), class_paired=True
Epoch [38/100] | Loss: 6.1768 (Cls: 6.1579, TAL: 0.0360, Adv: 0.1821, OT-Reg: 0.000683) | OT inner objective: 0.1462 | Marginal residual row/col/max: 5.15e-08/2.30e-08/6.33e-08 | Train Acc: 0.2188 | Val Acc: 0.1154 | Val P/R/F1 (Macro): 0.0455/0.1250/0.0667 | LR: 0.000001
Epoch [39/100] | SVD update #39: pairs=96, sweeps=3, converged=False, rel_change=1.299e-01, effective_ranks=(95, 32), class_paired=True
Epoch [39/100] | Loss: 6.1972 (Cls: 6.1889, TAL: -0.0626, Adv: 0.1970, OT-Reg: 0.000701) | OT inner objective: 0.1601 | Marginal residual row/col/max: 1.37e-08/2.86e-08/2.86e-08 | Train Acc: 0.1771 | Val Acc: 0.2308 | Val P/R/F1 (Macro): 0.1852/0.3333/0.2000 | LR: 0.000001
Epoch [40/100] | SVD update #40: pairs=96, sweeps=3, converged=False, rel_change=3.411e-02, effective_ranks=(95, 30), class_paired=True
Epoch [40/100] | Loss: 6.2002 (Cls: 6.2045, TAL: -0.1482, Adv: 0.1689, OT-Reg: 0.000657) | OT inner objective: 0.0704 | Marginal residual row/col/max: 1.25e-07/3.60e-08/1.25e-07 | Train Acc: 0.2708 | Val Acc: 0.1538 | Val P/R/F1 (Macro): 0.0556/0.1667/0.0833 | LR: 0.000001
Epoch [41/100] | SVD update #41: pairs=96, sweeps=3, converged=False, rel_change=1.153e-01, effective_ranks=(95, 32), class_paired=True
Epoch [41/100] | Loss: 6.4867 (Cls: 6.5049, TAL: -0.2586, Adv: 0.1604, OT-Reg: 0.000627) | OT inner objective: 0.1515 | Marginal residual row/col/max: 8.69e-09/3.35e-08/3.35e-08 | Train Acc: 0.1354 | Val Acc: 0.1154 | Val P/R/F1 (Macro): 0.1818/0.1875/0.0648 | LR: 0.000001
Epoch [42/100] | SVD update #42: pairs=96, sweeps=3, converged=False, rel_change=2.324e-02, effective_ranks=(95, 32), class_paired=True
Epoch [42/100] | Loss: 6.1593 (Cls: 6.1718, TAL: -0.2135, Adv: 0.1637, OT-Reg: 0.000692) | OT inner objective: 0.2040 | Marginal residual row/col/max: 1.55e-08/3.04e-08/3.04e-08 | Train Acc: 0.1562 | Val Acc: 0.1923 | Val P/R/F1 (Macro): 0.1806/0.3250/0.1761 | LR: 0.000001
Epoch [43/100] | SVD update #43: pairs=96, sweeps=3, converged=False, rel_change=5.229e-02, effective_ranks=(95, 28), class_paired=True
Epoch [43/100] | Loss: 6.2139 (Cls: 6.2241, TAL: -0.2183, Adv: 0.2004, OT-Reg: 0.000625) | OT inner objective: 0.1354 | Marginal residual row/col/max: 1.18e-08/1.49e-08/1.61e-08 | Train Acc: 0.1771 | Val Acc: 0.0000 | Val P/R/F1 (Macro): 0.0000/0.0000/0.0000 | LR: 0.000001
Epoch [44/100] | SVD update #44: pairs=96, sweeps=3, converged=False, rel_change=7.547e-02, effective_ranks=(95, 27), class_paired=True
Epoch [44/100] | Loss: 5.9619 (Cls: 5.9662, TAL: -0.1551, Adv: 0.1786, OT-Reg: 0.000612) | OT inner objective: 0.1163 | Marginal residual row/col/max: 2.11e-08/2.05e-08/3.17e-08 | Train Acc: 0.1875 | Val Acc: 0.1538 | Val P/R/F1 (Macro): 0.0444/0.1667/0.0702 | LR: 0.000001
Epoch [45/100] | SVD update #45: pairs=96, sweeps=3, converged=False, rel_change=6.037e-01, effective_ranks=(95, 33), class_paired=True
Epoch [45/100] | Loss: 6.8647 (Cls: 6.8472, TAL: 0.0450, Adv: 0.1504, OT-Reg: 0.000790) | OT inner objective: -0.0545 | Marginal residual row/col/max: 3.09e-04/1.30e-08/3.09e-04 | Train Acc: 0.1042 | Val Acc: 0.3846 | Val P/R/F1 (Macro): 0.1389/0.2708/0.1759 | LR: 0.000001
Epoch [46/100] | SVD update #46: pairs=96, sweeps=3, converged=False, rel_change=4.261e+00, effective_ranks=(95, 25), class_paired=True
Epoch [46/100] | Loss: 6.5510 (Cls: 6.5536, TAL: -0.1311, Adv: 0.1647, OT-Reg: 0.000571) | OT inner objective: 0.1151 | Marginal residual row/col/max: 3.82e-07/1.18e-08/3.82e-07 | Train Acc: 0.1875 | Val Acc: 0.3077 | Val P/R/F1 (Macro): 0.1481/0.3000/0.1978 | LR: 0.000001
Epoch [47/100] | SVD update #47: pairs=96, sweeps=3, converged=False, rel_change=1.115e+00, effective_ranks=(95, 26), class_paired=True
Epoch [47/100] | Loss: 6.2845 (Cls: 6.2716, TAL: 0.0087, Adv: 0.1490, OT-Reg: 0.000624) | OT inner objective: 0.1185 | Marginal residual row/col/max: 1.99e-07/1.49e-08/2.01e-07 | Train Acc: 0.1875 | Val Acc: 0.1923 | Val P/R/F1 (Macro): 0.0961/0.1667/0.1121 | LR: 0.000001
Epoch [48/100] | SVD update #48: pairs=96, sweeps=3, converged=False, rel_change=4.308e-02, effective_ranks=(95, 23), class_paired=True
Epoch [48/100] | Loss: 6.1115 (Cls: 6.0848, TAL: 0.1013, Adv: 0.1815, OT-Reg: 0.000683) | OT inner objective: 0.1255 | Marginal residual row/col/max: 5.96e-08/1.37e-08/5.96e-08 | Train Acc: 0.2500 | Val Acc: 0.4231 | Val P/R/F1 (Macro): 0.3113/0.3042/0.2330 | LR: 0.000001
Epoch [49/100] | SVD update #49: pairs=96, sweeps=3, converged=False, rel_change=5.846e-02, effective_ranks=(95, 27), class_paired=True
Epoch [49/100] | Loss: 6.1679 (Cls: 6.1757, TAL: -0.1828, Adv: 0.1771, OT-Reg: 0.000711) | OT inner objective: 0.0569 | Marginal residual row/col/max: 2.92e-07/1.61e-08/2.94e-07 | Train Acc: 0.2604 | Val Acc: 0.1538 | Val P/R/F1 (Macro): 0.0878/0.2333/0.1185 | LR: 0.000001
Epoch [50/100] | SVD update #50: pairs=96, sweeps=3, converged=False, rel_change=5.502e-02, effective_ranks=(95, 22), class_paired=True
Epoch [50/100] | Loss: 6.1656 (Cls: 6.1506, TAL: 0.0117, Adv: 0.1704, OT-Reg: 0.000657) | OT inner objective: 0.0360 | Marginal residual row/col/max: 1.24e-06/8.07e-09/1.24e-06 | Train Acc: 0.1771 | Val Acc: 0.3462 | Val P/R/F1 (Macro): 0.1434/0.2375/0.1648 | LR: 0.000001
Epoch [51/100] | SVD update #51: pairs=96, sweeps=3, converged=False, rel_change=1.358e-01, effective_ranks=(95, 27), class_paired=True
Epoch [51/100] | Loss: 6.3057 (Cls: 6.3149, TAL: -0.1752, Adv: 0.1471, OT-Reg: 0.000638) | OT inner objective: 0.1706 | Marginal residual row/col/max: 9.93e-09/1.37e-08/1.49e-08 | Train Acc: 0.1667 | Val Acc: 0.3846 | Val P/R/F1 (Macro): 0.1986/0.2708/0.2269 | LR: 0.000001
Epoch [52/100] | SVD update #52: pairs=96, sweeps=3, converged=False, rel_change=4.210e-02, effective_ranks=(95, 24), class_paired=True
Epoch [52/100] | Loss: 6.0424 (Cls: 6.0283, TAL: 0.0145, Adv: 0.1545, OT-Reg: 0.000661) | OT inner objective: 0.1593 | Marginal residual row/col/max: 1.49e-08/1.12e-08/1.74e-08 | Train Acc: 0.1458 | Val Acc: 0.1923 | Val P/R/F1 (Macro): 0.0906/0.2167/0.1222 | LR: 0.000001
Epoch [53/100] | SVD update #53: pairs=96, sweeps=3, converged=False, rel_change=7.443e-02, effective_ranks=(95, 27), class_paired=True
Epoch [53/100] | Loss: 5.9993 (Cls: 5.9868, TAL: 0.0015, Adv: 0.1546, OT-Reg: 0.000578) | OT inner objective: 0.1809 | Marginal residual row/col/max: 5.67e-07/9.31e-09/5.68e-07 | Train Acc: 0.1979 | Val Acc: 0.1154 | Val P/R/F1 (Macro): 0.0602/0.0875/0.0568 | LR: 0.000001
Epoch [54/100] | SVD update #54: pairs=96, sweeps=3, converged=False, rel_change=9.827e-03, effective_ranks=(95, 23), class_paired=True
Epoch [54/100] | Loss: 6.4735 (Cls: 6.4529, TAL: 0.0590, Adv: 0.1685, OT-Reg: 0.000663) | OT inner objective: 0.1203 | Marginal residual row/col/max: 1.34e-05/1.24e-08/1.34e-05 | Train Acc: 0.1458 | Val Acc: 0.2308 | Val P/R/F1 (Macro): 0.1048/0.1625/0.1268 | LR: 0.000001
Epoch [55/100] | SVD update #55: pairs=96, sweeps=3, converged=False, rel_change=2.613e-02, effective_ranks=(95, 25), class_paired=True
Epoch [55/100] | Loss: 5.9314 (Cls: 5.9100, TAL: 0.0833, Adv: 0.1426, OT-Reg: 0.000559) | OT inner objective: 0.1731 | Marginal residual row/col/max: 1.92e-08/1.68e-08/2.30e-08 | Train Acc: 0.2188 | Val Acc: 0.1923 | Val P/R/F1 (Macro): 0.0417/0.1667/0.0667 | LR: 0.000001
Epoch [56/100] | SVD update #56: pairs=96, sweeps=3, converged=False, rel_change=8.999e-02, effective_ranks=(95, 23), class_paired=True
Epoch [56/100] | Loss: 6.4905 (Cls: 6.4626, TAL: 0.1243, Adv: 0.1623, OT-Reg: 0.000685) | OT inner objective: 0.0543 | Marginal residual row/col/max: 9.38e-08/1.12e-08/9.38e-08 | Train Acc: 0.1250 | Val Acc: 0.1538 | Val P/R/F1 (Macro): 0.0525/0.1083/0.0707 | LR: 0.000001
Epoch [57/100] | SVD update #57: pairs=96, sweeps=3, converged=False, rel_change=6.295e-01, effective_ranks=(95, 25), class_paired=True
Epoch [57/100] | Loss: 6.1505 (Cls: 6.1275, TAL: 0.0866, Adv: 0.1580, OT-Reg: 0.000602) | OT inner objective: 0.2054 | Marginal residual row/col/max: 1.30e-08/2.67e-08/2.92e-08 | Train Acc: 0.2083 | Val Acc: 0.3077 | Val P/R/F1 (Macro): 0.2194/0.3500/0.2480 | LR: 0.000001
Epoch [58/100] | SVD update #58: pairs=96, sweeps=3, converged=False, rel_change=1.835e-01, effective_ranks=(95, 23), class_paired=True
Epoch [58/100] | Loss: 6.1490 (Cls: 6.1279, TAL: 0.0842, Adv: 0.1373, OT-Reg: 0.000657) | OT inner objective: 0.0932 | Marginal residual row/col/max: 8.77e-07/1.49e-08/8.77e-07 | Train Acc: 0.1771 | Val Acc: 0.2692 | Val P/R/F1 (Macro): 0.1706/0.2500/0.1830 | LR: 0.000001
Epoch [59/100] | SVD update #59: pairs=96, sweeps=3, converged=False, rel_change=8.627e-02, effective_ranks=(95, 23), class_paired=True
Epoch [59/100] | Loss: 6.0058 (Cls: 5.9923, TAL: -0.0133, Adv: 0.1888, OT-Reg: 0.000693) | OT inner objective: 0.0816 | Marginal residual row/col/max: 2.68e-07/3.66e-08/2.68e-07 | Train Acc: 0.1667 | Val Acc: 0.1923 | Val P/R/F1 (Macro): 0.2333/0.1667/0.1941 | LR: 0.000001
Epoch [60/100] | SVD update #60: pairs=96, sweeps=3, converged=False, rel_change=9.988e-02, effective_ranks=(95, 23), class_paired=True
Epoch [60/100] | Loss: 6.3482 (Cls: 6.3145, TAL: 0.1735, Adv: 0.1615, OT-Reg: 0.000647) | OT inner objective: 0.1268 | Marginal residual row/col/max: 4.28e-07/1.86e-08/4.28e-07 | Train Acc: 0.1458 | Val Acc: 0.3462 | Val P/R/F1 (Macro): 0.2111/0.3083/0.2418 | LR: 0.000001
Epoch [61/100] | SVD update #61: pairs=96, sweeps=3, converged=False, rel_change=2.207e-01, effective_ranks=(95, 25), class_paired=True
Epoch [61/100] | Loss: 6.0028 (Cls: 6.0022, TAL: -0.1064, Adv: 0.1664, OT-Reg: 0.000646) | OT inner objective: 0.0820 | Marginal residual row/col/max: 1.28e-06/2.86e-08/1.28e-06 | Train Acc: 0.1562 | Val Acc: 0.1923 | Val P/R/F1 (Macro): 0.1239/0.2000/0.1519 | LR: 0.000001
Epoch [62/100] | SVD update #62: pairs=96, sweeps=3, converged=False, rel_change=2.752e-02, effective_ranks=(95, 24), class_paired=True
Epoch [62/100] | Loss: 6.0317 (Cls: 6.0186, TAL: -0.0103, Adv: 0.1781, OT-Reg: 0.000604) | OT inner objective: 0.1169 | Marginal residual row/col/max: 1.74e-07/2.05e-08/1.74e-07 | Train Acc: 0.1771 | Val Acc: 0.2308 | Val P/R/F1 (Macro): 0.1111/0.3333/0.1587 | LR: 0.000001
Epoch [63/100] | SVD update #63: pairs=96, sweeps=3, converged=False, rel_change=4.588e-02, effective_ranks=(95, 24), class_paired=True
Epoch [63/100] | Loss: 6.3885 (Cls: 6.3709, TAL: 0.0025, Adv: 0.2167, OT-Reg: 0.000642) | OT inner objective: 0.1090 | Marginal residual row/col/max: 3.50e-07/2.42e-08/3.56e-07 | Train Acc: 0.2396 | Val Acc: 0.2692 | Val P/R/F1 (Macro): 0.1830/0.3667/0.1946 | LR: 0.000001
Epoch [64/100] | SVD update #64: pairs=96, sweeps=3, converged=False, rel_change=4.263e-01, effective_ranks=(94, 24), class_paired=True
Epoch [64/100] | Loss: 5.9943 (Cls: 6.0093, TAL: -0.2302, Adv: 0.1581, OT-Reg: 0.000609) | OT inner objective: 0.0396 | Marginal residual row/col/max: 5.79e-07/3.10e-08/5.79e-07 | Train Acc: 0.1458 | Val Acc: 0.0769 | Val P/R/F1 (Macro): 0.0278/0.1667/0.0476 | LR: 0.000001
Epoch [65/100] | SVD update #65: pairs=96, sweeps=3, converged=False, rel_change=1.914e-01, effective_ranks=(95, 30), class_paired=True
Epoch [65/100] | Loss: 6.2997 (Cls: 6.2788, TAL: 0.0778, Adv: 0.1448, OT-Reg: 0.000648) | OT inner objective: 0.1296 | Marginal residual row/col/max: 2.42e-08/2.79e-08/3.60e-08 | Train Acc: 0.1667 | Val Acc: 0.1154 | Val P/R/F1 (Macro): 0.2572/0.1375/0.0980 | LR: 0.000001
Epoch [66/100] | SVD update #66: pairs=96, sweeps=3, converged=False, rel_change=8.590e-02, effective_ranks=(95, 25), class_paired=True
Epoch [66/100] | Loss: 6.3038 (Cls: 6.2872, TAL: 0.0525, Adv: 0.1295, OT-Reg: 0.000763) | OT inner objective: 0.1526 | Marginal residual row/col/max: 1.30e-08/3.41e-08/3.41e-08 | Train Acc: 0.1771 | Val Acc: 0.2692 | Val P/R/F1 (Macro): 0.1589/0.3542/0.1981 | LR: 0.000001
Epoch [67/100] | SVD update #67: pairs=96, sweeps=3, converged=False, rel_change=4.259e-01, effective_ranks=(95, 29), class_paired=True
Epoch [67/100] | Loss: 6.3492 (Cls: 6.3507, TAL: -0.1103, Adv: 0.1468, OT-Reg: 0.000792) | OT inner objective: 0.1376 | Marginal residual row/col/max: 1.09e-07/3.54e-08/1.19e-07 | Train Acc: 0.1875 | Val Acc: 0.2308 | Val P/R/F1 (Macro): 0.1540/0.2833/0.1784 | LR: 0.000001
Epoch [68/100] | SVD update #68: pairs=96, sweeps=3, converged=False, rel_change=1.520e-01, effective_ranks=(95, 28), class_paired=True
Epoch [68/100] | Loss: 6.2851 (Cls: 6.2835, TAL: -0.0700, Adv: 0.1250, OT-Reg: 0.000666) | OT inner objective: 0.0649 | Marginal residual row/col/max: 9.44e-08/1.74e-08/9.44e-08 | Train Acc: 0.1562 | Val Acc: 0.1538 | Val P/R/F1 (Macro): 0.0640/0.1417/0.0881 | LR: 0.000001
Epoch [69/100] | SVD update #69: pairs=96, sweeps=3, converged=False, rel_change=2.080e-01, effective_ranks=(95, 28), class_paired=True
Epoch [69/100] | Loss: 6.1232 (Cls: 6.1339, TAL: -0.1815, Adv: 0.1396, OT-Reg: 0.000686) | OT inner objective: 0.1721 | Marginal residual row/col/max: 1.12e-08/1.99e-08/2.05e-08 | Train Acc: 0.1146 | Val Acc: 0.1154 | Val P/R/F1 (Macro): 0.1204/0.2000/0.1082 | LR: 0.000001
Epoch [70/100] | SVD update #70: pairs=96, sweeps=3, converged=False, rel_change=4.824e-03, effective_ranks=(95, 30), class_paired=True
Epoch [70/100] | Loss: 5.9561 (Cls: 5.9719, TAL: -0.2280, Adv: 0.1440, OT-Reg: 0.000624) | OT inner objective: 0.1466 | Marginal residual row/col/max: 1.49e-08/2.30e-08/2.42e-08 | Train Acc: 0.1458 | Val Acc: 0.1154 | Val P/R/F1 (Macro): 0.0985/0.2500/0.1111 | LR: 0.000001
Epoch [71/100] | SVD update #71: pairs=96, sweeps=3, converged=False, rel_change=5.184e-02, effective_ranks=(95, 30), class_paired=True
Epoch [71/100] | Loss: 6.0741 (Cls: 6.0694, TAL: -0.0497, Adv: 0.1332, OT-Reg: 0.000622) | OT inner objective: 0.1487 | Marginal residual row/col/max: 1.06e-08/2.42e-08/2.48e-08 | Train Acc: 0.1875 | Val Acc: 0.1923 | Val P/R/F1 (Macro): 0.1778/0.2417/0.1672 | LR: 0.000001
Epoch [72/100] | SVD update #72: pairs=96, sweeps=3, converged=False, rel_change=2.176e-02, effective_ranks=(94, 27), class_paired=True
Epoch [72/100] | Loss: 6.1219 (Cls: 6.1241, TAL: -0.1011, Adv: 0.1244, OT-Reg: 0.000661) | OT inner objective: 0.1056 | Marginal residual row/col/max: 5.09e-08/4.35e-08/7.20e-08 | Train Acc: 0.1771 | Val Acc: 0.1154 | Val P/R/F1 (Macro): 0.1800/0.2000/0.0802 | LR: 0.000001
Epoch [73/100] | SVD update #73: pairs=96, sweeps=3, converged=False, rel_change=4.328e-02, effective_ranks=(94, 29), class_paired=True
Epoch [73/100] | Loss: 5.7723 (Cls: 5.7869, TAL: -0.1956, Adv: 0.1107, OT-Reg: 0.000644) | OT inner objective: 0.0943 | Marginal residual row/col/max: 3.97e-08/2.67e-08/4.97e-08 | Train Acc: 0.1875 | Val Acc: 0.0385 | Val P/R/F1 (Macro): 0.0238/0.0833/0.0370 | LR: 0.000001
Epoch [74/100] | SVD update #74: pairs=96, sweeps=3, converged=False, rel_change=2.163e-01, effective_ranks=(95, 30), class_paired=True
Epoch [74/100] | Loss: 5.8562 (Cls: 5.8662, TAL: -0.1712, Adv: 0.1308, OT-Reg: 0.000680) | OT inner objective: 0.0485 | Marginal residual row/col/max: 9.04e-07/3.17e-08/9.08e-07 | Train Acc: 0.2917 | Val Acc: 0.2692 | Val P/R/F1 (Macro): 0.2583/0.4000/0.2641 | LR: 0.000001
Epoch [75/100] | SVD update #75: pairs=96, sweeps=3, converged=False, rel_change=1.123e-01, effective_ranks=(95, 26), class_paired=True
Epoch [75/100] | Loss: 6.0292 (Cls: 6.0342, TAL: -0.1399, Adv: 0.1473, OT-Reg: 0.000667) | OT inner objective: 0.0986 | Marginal residual row/col/max: 4.22e-08/2.55e-08/4.41e-08 | Train Acc: 0.1771 | Val Acc: 0.2692 | Val P/R/F1 (Macro): 0.1713/0.3167/0.2004 | LR: 0.000001
Epoch [76/100] | SVD update #76: pairs=96, sweeps=3, converged=False, rel_change=3.608e-02, effective_ranks=(95, 28), class_paired=True
Epoch [76/100] | Loss: 5.9293 (Cls: 5.9556, TAL: -0.3065, Adv: 0.1307, OT-Reg: 0.000689) | OT inner objective: 0.1234 | Marginal residual row/col/max: 1.68e-08/3.17e-08/3.17e-08 | Train Acc: 0.2292 | Val Acc: 0.0769 | Val P/R/F1 (Macro): 0.0145/0.1667/0.0267 | LR: 0.000001
Epoch [77/100] | SVD update #77: pairs=96, sweeps=3, converged=False, rel_change=3.054e-02, effective_ranks=(95, 32), class_paired=True
Epoch [77/100] | Loss: 6.2767 (Cls: 6.2809, TAL: -0.1091, Adv: 0.1107, OT-Reg: 0.000684) | OT inner objective: 0.2046 | Marginal residual row/col/max: 1.12e-08/2.73e-08/2.73e-08 | Train Acc: 0.2083 | Val Acc: 0.1538 | Val P/R/F1 (Macro): 0.1056/0.1458/0.1222 | LR: 0.000001
Epoch [78/100] | SVD update #78: pairs=96, sweeps=3, converged=False, rel_change=3.919e-02, effective_ranks=(95, 27), class_paired=True
Epoch [78/100] | Loss: 6.0531 (Cls: 6.0651, TAL: -0.1960, Adv: 0.1442, OT-Reg: 0.000666) | OT inner objective: 0.1410 | Marginal residual row/col/max: 1.43e-08/3.35e-08/3.35e-08 | Train Acc: 0.2500 | Val Acc: 0.2308 | Val P/R/F1 (Macro): 0.1905/0.2917/0.1689 | LR: 0.000001
Epoch [79/100] | SVD update #79: pairs=96, sweeps=3, converged=False, rel_change=3.776e-02, effective_ranks=(95, 29), class_paired=True
Epoch [79/100] | Loss: 5.7961 (Cls: 5.8145, TAL: -0.2398, Adv: 0.1296, OT-Reg: 0.000693) | OT inner objective: 0.1081 | Marginal residual row/col/max: 1.37e-08/2.61e-08/2.73e-08 | Train Acc: 0.3125 | Val Acc: 0.1923 | Val P/R/F1 (Macro): 0.1239/0.2500/0.1556 | LR: 0.000001
Epoch [80/100] | SVD update #80: pairs=96, sweeps=3, converged=False, rel_change=1.515e-02, effective_ranks=(95, 31), class_paired=True
Epoch [80/100] | Loss: 5.9388 (Cls: 5.9459, TAL: -0.1257, Adv: 0.0998, OT-Reg: 0.000662) | OT inner objective: 0.1297 | Marginal residual row/col/max: 1.43e-08/2.24e-08/2.24e-08 | Train Acc: 0.2083 | Val Acc: 0.1538 | Val P/R/F1 (Macro): 0.1270/0.2333/0.1123 | LR: 0.000001
Epoch [81/100] | SVD update #81: pairs=96, sweeps=3, converged=False, rel_change=1.270e-02, effective_ranks=(95, 30), class_paired=True
Epoch [81/100] | Loss: 5.9126 (Cls: 5.9238, TAL: -0.1587, Adv: 0.0983, OT-Reg: 0.000658) | OT inner objective: 0.1127 | Marginal residual row/col/max: 8.26e-08/3.17e-08/9.13e-08 | Train Acc: 0.1979 | Val Acc: 0.1923 | Val P/R/F1 (Macro): 0.1962/0.2667/0.2056 | LR: 0.000001
Epoch [82/100] | SVD update #82: pairs=96, sweeps=3, converged=False, rel_change=1.353e-02, effective_ranks=(94, 24), class_paired=True
Epoch [82/100] | Loss: 6.0262 (Cls: 6.0404, TAL: -0.1892, Adv: 0.1062, OT-Reg: 0.000682) | OT inner objective: 0.0827 | Marginal residual row/col/max: 7.82e-08/2.24e-08/8.20e-08 | Train Acc: 0.1667 | Val Acc: 0.2692 | Val P/R/F1 (Macro): 0.2528/0.3667/0.1924 | LR: 0.000001
Epoch [83/100] | SVD update #83: pairs=96, sweeps=3, converged=False, rel_change=4.901e-01, effective_ranks=(95, 38), class_paired=True
Epoch [83/100] | Loss: 6.2717 (Cls: 6.2538, TAL: 0.0581, Adv: 0.1368, OT-Reg: 0.000679) | OT inner objective: 0.0250 | Marginal residual row/col/max: 2.54e-06/9.93e-09/2.54e-06 | Train Acc: 0.1354 | Val Acc: 0.0769 | Val P/R/F1 (Macro): 0.0667/0.0667/0.0667 | LR: 0.000001
Epoch [84/100] | SVD update #84: pairs=96, sweeps=3, converged=False, rel_change=2.714e-02, effective_ranks=(95, 30), class_paired=True
Epoch [84/100] | Loss: 6.6086 (Cls: 6.5871, TAL: 0.0984, Adv: 0.1206, OT-Reg: 0.000719) | OT inner objective: 0.0457 | Marginal residual row/col/max: 7.25e-06/2.11e-08/7.26e-06 | Train Acc: 0.0625 | Val Acc: 0.1923 | Val P/R/F1 (Macro): 0.0321/0.1667/0.0538 | LR: 0.000001
Epoch [85/100] | SVD update #85: pairs=96, sweeps=3, converged=False, rel_change=8.983e-02, effective_ranks=(95, 34), class_paired=True
Epoch [85/100] | Loss: 6.2011 (Cls: 6.1685, TAL: 0.1923, Adv: 0.1198, OT-Reg: 0.000688) | OT inner objective: 0.0536 | Marginal residual row/col/max: 3.08e-05/1.12e-08/3.08e-05 | Train Acc: 0.1562 | Val Acc: 0.2308 | Val P/R/F1 (Macro): 0.1000/0.2000/0.1200 | LR: 0.000001
Epoch [86/100] | SVD update #86: pairs=96, sweeps=3, converged=False, rel_change=5.363e-02, effective_ranks=(95, 29), class_paired=True
Epoch [86/100] | Loss: 5.8717 (Cls: 5.8386, TAL: 0.1900, Adv: 0.1277, OT-Reg: 0.000708) | OT inner objective: 0.1032 | Marginal residual row/col/max: 1.39e-07/1.37e-08/1.39e-07 | Train Acc: 0.1979 | Val Acc: 0.1538 | Val P/R/F1 (Macro): 0.0846/0.1208/0.0959 | LR: 0.000001
Epoch [87/100] | SVD update #87: pairs=96, sweeps=3, converged=False, rel_change=5.923e-02, effective_ranks=(95, 30), class_paired=True
Epoch [87/100] | Loss: 6.3334 (Cls: 6.2990, TAL: 0.1964, Adv: 0.1362, OT-Reg: 0.000613) | OT inner objective: 0.0513 | Marginal residual row/col/max: 2.00e-05/1.61e-08/2.00e-05 | Train Acc: 0.1250 | Val Acc: 0.0385 | Val P/R/F1 (Macro): 0.0167/0.0333/0.0222 | LR: 0.000001
Epoch [88/100] | SVD update #88: pairs=96, sweeps=3, converged=False, rel_change=1.947e-02, effective_ranks=(95, 31), class_paired=True
Epoch [88/100] | Loss: 6.1333 (Cls: 6.1062, TAL: 0.1497, Adv: 0.1141, OT-Reg: 0.000654) | OT inner objective: 0.0920 | Marginal residual row/col/max: 9.93e-05/1.43e-08/9.93e-05 | Train Acc: 0.1250 | Val Acc: 0.3846 | Val P/R/F1 (Macro): 0.1320/0.2583/0.1742 | LR: 0.000001
Epoch [89/100] | SVD update #89: pairs=96, sweeps=3, converged=False, rel_change=8.153e-02, effective_ranks=(95, 25), class_paired=True
Epoch [89/100] | Loss: 6.4679 (Cls: 6.4492, TAL: 0.0672, Adv: 0.1324, OT-Reg: 0.000702) | OT inner objective: -0.0343 | Marginal residual row/col/max: 7.92e-06/1.74e-08/7.92e-06 | Train Acc: 0.1146 | Val Acc: 0.3077 | Val P/R/F1 (Macro): 0.1369/0.2167/0.1524 | LR: 0.000001
Epoch [90/100] | SVD update #90: pairs=96, sweeps=3, converged=False, rel_change=2.307e-01, effective_ranks=(95, 30), class_paired=True
Epoch [90/100] | Loss: 6.1716 (Cls: 6.1545, TAL: 0.0642, Adv: 0.1178, OT-Reg: 0.000731) | OT inner objective: -0.0134 | Marginal residual row/col/max: 3.94e-05/1.37e-08/3.94e-05 | Train Acc: 0.1562 | Val Acc: 0.1538 | Val P/R/F1 (Macro): 0.0958/0.1083/0.1006 | LR: 0.000001
Epoch [91/100] | SVD update #91: pairs=96, sweeps=3, converged=False, rel_change=5.035e-01, effective_ranks=(95, 28), class_paired=True
Epoch [91/100] | Loss: 6.2713 (Cls: 6.2741, TAL: -0.1001, Adv: 0.1157, OT-Reg: 0.000576) | OT inner objective: 0.0825 | Marginal residual row/col/max: 1.73e-06/1.92e-08/1.73e-06 | Train Acc: 0.1354 | Val Acc: 0.0769 | Val P/R/F1 (Macro): 0.0476/0.0667/0.0556 | LR: 0.000001
Epoch [92/100] | SVD update #92: pairs=96, sweeps=3, converged=False, rel_change=1.654e-02, effective_ranks=(95, 27), class_paired=True
Epoch [92/100] | Loss: 6.1699 (Cls: 6.1692, TAL: -0.0665, Adv: 0.1075, OT-Reg: 0.000678) | OT inner objective: 0.1250 | Marginal residual row/col/max: 3.74e-07/4.22e-08/3.75e-07 | Train Acc: 0.2500 | Val Acc: 0.2308 | Val P/R/F1 (Macro): 0.1389/0.2833/0.1720 | LR: 0.000001
Epoch [93/100] | SVD update #93: pairs=96, sweeps=3, converged=False, rel_change=3.021e-01, effective_ranks=(95, 35), class_paired=True
Epoch [93/100] | Loss: 5.9582 (Cls: 5.9358, TAL: 0.1064, Adv: 0.1210, OT-Reg: 0.000670) | OT inner objective: 0.1861 | Marginal residual row/col/max: 9.93e-09/2.42e-08/2.42e-08 | Train Acc: 0.1979 | Val Acc: 0.2308 | Val P/R/F1 (Macro): 0.0949/0.3333/0.1396 | LR: 0.000001
Epoch [94/100] | SVD update #94: pairs=96, sweeps=3, converged=False, rel_change=7.084e-02, effective_ranks=(95, 27), class_paired=True
Epoch [94/100] | Loss: 6.2054 (Cls: 6.1954, TAL: 0.0040, Adv: 0.1184, OT-Reg: 0.000720) | OT inner objective: 0.1697 | Marginal residual row/col/max: 9.93e-09/2.55e-08/2.55e-08 | Train Acc: 0.2604 | Val Acc: 0.3846 | Val P/R/F1 (Macro): 0.2810/0.4667/0.3133 | LR: 0.000001
Epoch [95/100] | SVD update #95: pairs=96, sweeps=3, converged=False, rel_change=2.030e-02, effective_ranks=(95, 32), class_paired=True
Epoch [95/100] | Loss: 6.2134 (Cls: 6.2031, TAL: 0.0098, Adv: 0.1141, OT-Reg: 0.000794) | OT inner objective: 0.2048 | Marginal residual row/col/max: 9.93e-09/4.04e-08/4.04e-08 | Train Acc: 0.1771 | Val Acc: 0.1923 | Val P/R/F1 (Macro): 0.1063/0.2500/0.1408 | LR: 0.000001
Epoch [96/100] | SVD update #96: pairs=96, sweeps=3, converged=False, rel_change=1.718e-01, effective_ranks=(95, 28), class_paired=True
Epoch [96/100] | Loss: 6.4041 (Cls: 6.3992, TAL: -0.0427, Adv: 0.1251, OT-Reg: 0.000743) | OT inner objective: 0.1574 | Marginal residual row/col/max: 1.37e-08/2.30e-08/2.36e-08 | Train Acc: 0.2500 | Val Acc: 0.3462 | Val P/R/F1 (Macro): 0.1680/0.3833/0.2335 | LR: 0.000001
Epoch [97/100] | SVD update #97: pairs=96, sweeps=3, converged=False, rel_change=6.360e-02, effective_ranks=(95, 28), class_paired=True
Epoch [97/100] | Loss: 5.9004 (Cls: 5.8957, TAL: -0.0302, Adv: 0.1038, OT-Reg: 0.000621) | OT inner objective: 0.1564 | Marginal residual row/col/max: 1.68e-06/2.48e-08/1.68e-06 | Train Acc: 0.3021 | Val Acc: 0.1923 | Val P/R/F1 (Macro): 0.0810/0.2500/0.1217 | LR: 0.000001
Epoch [98/100] | SVD update #98: pairs=96, sweeps=3, converged=False, rel_change=7.213e-02, effective_ranks=(95, 34), class_paired=True
Epoch [98/100] | Loss: 5.9073 (Cls: 5.8990, TAL: -0.0091, Adv: 0.1183, OT-Reg: 0.000669) | OT inner objective: 0.1369 | Marginal residual row/col/max: 2.64e-07/2.11e-08/2.64e-07 | Train Acc: 0.2396 | Val Acc: 0.3462 | Val P/R/F1 (Macro): 0.3130/0.3583/0.2743 | LR: 0.000001
Epoch [99/100] | SVD update #99: pairs=96, sweeps=3, converged=False, rel_change=1.806e-01, effective_ranks=(95, 26), class_paired=True
Epoch [99/100] | Loss: 5.8765 (Cls: 5.9027, TAL: -0.2954, Adv: 0.1164, OT-Reg: 0.000627) | OT inner objective: 0.0769 | Marginal residual row/col/max: 5.03e-05/1.49e-08/5.03e-05 | Train Acc: 0.2812 | Val Acc: 0.1923 | Val P/R/F1 (Macro): 0.0861/0.2500/0.1257 | LR: 0.000001
Epoch [100/100] | SVD update #100: pairs=96, sweeps=3, converged=False, rel_change=6.227e-02, effective_ranks=(95, 29), class_paired=True
Epoch [100/100] | Loss: 5.8763 (Cls: 5.8854, TAL: -0.1587, Adv: 0.1233, OT-Reg: 0.000660) | OT inner objective: 0.1194 | Marginal residual row/col/max: 2.17e-08/2.86e-08/3.66e-08 | Train Acc: 0.1562 | Val Acc: 0.3077 | Val P/R/F1 (Macro): 0.2127/0.5000/0.2731 | LR: 0.000001
Report strategy: last_window, window=10, reported_acc=0.2500, best_acc=0.5000

迭代 1 报告指标:
  Accuracy: 0.2500
  Precision (Macro): 0.1529
  Recall (Macro): 0.3142
  F1 (Macro): 0.1850
  Precision (Micro): 0.2500
  Recall (Micro): 0.2500
  F1 (Micro): 0.2500
  Val class coverage: 6/14 (0.4286), samples=26

================================================================================
迭代 2/5
随机种子: 43
================================================================================
配对采样器已初始化，共 6 个共有类别。
Training mode: full target-label supervision (class-paired batches).
Feature fusion: Tensor alignment (512+512 -> 64+64); fused_dim=128
Domain adaptation: Neural OT generator with 3-domain discriminator
Loss weights: tensor=0.12, adv=0.08
Transport: mode=sinkhorn, epsilon=0.1, Sinkhorn iterations=50, correction scale=0.1, correction regularization weight=0.001
Tensor projection update: once per epoch from the complete target-training pairing bank; projection_dim=64, max_sweeps=3, relative singular-value tolerance=0.0001
Epoch [1/100] | SVD update #1: pairs=96, sweeps=3, converged=True, rel_change=2.078e-05, effective_ranks=(95, 94), class_paired=True
Epoch [1/100] | Loss: 8.6528 (Cls: 8.6472, TAL: -0.1148, Adv: 0.2433, OT-Reg: 0.001150) | OT inner objective: 0.3144 | Marginal residual row/col/max: 9.31e-09/1.43e-08/1.43e-08 | Train Acc: 0.0833 | Val Acc: 0.0769 | Val P/R/F1 (Macro): 0.0985/0.1250/0.1056 | LR: 0.000005
  >>> New Best Val Acc: 0.0769
Epoch [2/100] | SVD update #2: pairs=96, sweeps=3, converged=True, rel_change=3.382e-05, effective_ranks=(95, 89), class_paired=True
Epoch [2/100] | Loss: 8.5788 (Cls: 8.5692, TAL: -0.0677, Adv: 0.2212, OT-Reg: 0.001284) | OT inner objective: 0.3084 | Marginal residual row/col/max: 1.06e-08/1.18e-08/1.18e-08 | Train Acc: 0.1771 | Val Acc: 0.2308 | Val P/R/F1 (Macro): 0.1414/0.2333/0.1346 | LR: 0.000005
  >>> New Best Val Acc: 0.2308
Epoch [3/100] | SVD update #3: pairs=96, sweeps=3, converged=True, rel_change=9.961e-05, effective_ranks=(95, 81), class_paired=True
Epoch [3/100] | Loss: 7.7319 (Cls: 7.7314, TAL: -0.1535, Adv: 0.2366, OT-Reg: 0.001237) | OT inner objective: 0.3079 | Marginal residual row/col/max: 9.31e-09/1.43e-08/1.43e-08 | Train Acc: 0.1771 | Val Acc: 0.0769 | Val P/R/F1 (Macro): 0.0175/0.0833/0.0290 | LR: 0.000005
Epoch [4/100] | SVD update #4: pairs=96, sweeps=3, converged=False, rel_change=3.079e-03, effective_ranks=(95, 68), class_paired=True
Epoch [4/100] | Loss: 7.6857 (Cls: 7.6679, TAL: -0.0050, Adv: 0.2308, OT-Reg: 0.001316) | OT inner objective: 0.3093 | Marginal residual row/col/max: 9.93e-09/1.18e-08/1.18e-08 | Train Acc: 0.1667 | Val Acc: 0.2308 | Val P/R/F1 (Macro): 0.1529/0.3333/0.1832 | LR: 0.000005
Epoch [5/100] | SVD update #5: pairs=96, sweeps=3, converged=False, rel_change=2.333e-02, effective_ranks=(95, 70), class_paired=True
Epoch [5/100] | Loss: 6.8435 (Cls: 6.8191, TAL: 0.0724, Adv: 0.1966, OT-Reg: 0.001209) | OT inner objective: 0.3056 | Marginal residual row/col/max: 1.37e-08/1.49e-08/1.68e-08 | Train Acc: 0.2396 | Val Acc: 0.1538 | Val P/R/F1 (Macro): 0.0351/0.1333/0.0556 | LR: 0.000005
Epoch [6/100] | SVD update #6: pairs=96, sweeps=3, converged=False, rel_change=4.677e-01, effective_ranks=(95, 73), class_paired=True
Epoch [6/100] | Loss: 7.3405 (Cls: 7.3284, TAL: -0.0173, Adv: 0.1768, OT-Reg: 0.001224) | OT inner objective: 0.3065 | Marginal residual row/col/max: 1.06e-08/1.12e-08/1.18e-08 | Train Acc: 0.1979 | Val Acc: 0.2308 | Val P/R/F1 (Macro): 0.1263/0.2250/0.1528 | LR: 0.000005
Epoch [7/100] | SVD update #7: pairs=96, sweeps=3, converged=False, rel_change=4.669e-01, effective_ranks=(95, 53), class_paired=True
Epoch [7/100] | Loss: 7.2099 (Cls: 7.2029, TAL: -0.0768, Adv: 0.2025, OT-Reg: 0.001195) | OT inner objective: 0.2784 | Marginal residual row/col/max: 1.24e-08/1.30e-08/1.49e-08 | Train Acc: 0.1042 | Val Acc: 0.1538 | Val P/R/F1 (Macro): 0.1171/0.2208/0.1322 | LR: 0.000005
Epoch [8/100] | SVD update #8: pairs=96, sweeps=3, converged=False, rel_change=4.716e-01, effective_ranks=(95, 37), class_paired=True
Epoch [8/100] | Loss: 7.7509 (Cls: 7.7178, TAL: 0.1580, Adv: 0.1766, OT-Reg: 0.001133) | OT inner objective: 0.3062 | Marginal residual row/col/max: 8.69e-09/1.80e-08/1.80e-08 | Train Acc: 0.1146 | Val Acc: 0.1923 | Val P/R/F1 (Macro): 0.0630/0.2167/0.0976 | LR: 0.000005
Epoch [9/100] | SVD update #9: pairs=96, sweeps=3, converged=False, rel_change=6.571e-01, effective_ranks=(95, 46), class_paired=True
Epoch [9/100] | Loss: 6.7864 (Cls: 6.7595, TAL: 0.0791, Adv: 0.2167, OT-Reg: 0.001107) | OT inner objective: 0.2697 | Marginal residual row/col/max: 1.12e-08/1.99e-08/2.05e-08 | Train Acc: 0.2500 | Val Acc: 0.2692 | Val P/R/F1 (Macro): 0.1197/0.2333/0.1532 | LR: 0.000005
  >>> New Best Val Acc: 0.2692
Epoch [10/100] | SVD update #10: pairs=96, sweeps=3, converged=False, rel_change=2.344e-01, effective_ranks=(95, 39), class_paired=True
Epoch [10/100] | Loss: 7.2146 (Cls: 7.1967, TAL: 0.0219, Adv: 0.1907, OT-Reg: 0.001173) | OT inner objective: 0.2661 | Marginal residual row/col/max: 1.06e-08/1.06e-08/1.12e-08 | Train Acc: 0.0938 | Val Acc: 0.1923 | Val P/R/F1 (Macro): 0.0379/0.1667/0.0617 | LR: 0.000005
Epoch [11/100] | SVD update #11: pairs=96, sweeps=3, converged=False, rel_change=5.748e-01, effective_ranks=(95, 40), class_paired=True
Epoch [11/100] | Loss: 6.7175 (Cls: 6.7185, TAL: -0.1655, Adv: 0.2363, OT-Reg: 0.001075) | OT inner objective: 0.1958 | Marginal residual row/col/max: 1.83e-07/1.18e-08/1.85e-07 | Train Acc: 0.2292 | Val Acc: 0.0385 | Val P/R/F1 (Macro): 0.0069/0.0833/0.0128 | LR: 0.000005
Epoch [12/100] | SVD update #12: pairs=96, sweeps=3, converged=False, rel_change=4.972e-01, effective_ranks=(95, 46), class_paired=True
Epoch [12/100] | Loss: 6.6967 (Cls: 6.7049, TAL: -0.1972, Adv: 0.1930, OT-Reg: 0.001148) | OT inner objective: 0.2559 | Marginal residual row/col/max: 1.06e-08/1.86e-08/1.99e-08 | Train Acc: 0.1979 | Val Acc: 0.0769 | Val P/R/F1 (Macro): 0.0660/0.1167/0.0825 | LR: 0.000005
Epoch [13/100] | SVD update #13: pairs=96, sweeps=3, converged=False, rel_change=5.896e-01, effective_ranks=(95, 40), class_paired=True
Epoch [13/100] | Loss: 6.8812 (Cls: 6.8753, TAL: -0.0842, Adv: 0.2003, OT-Reg: 0.001012) | OT inner objective: 0.2699 | Marginal residual row/col/max: 9.93e-09/1.24e-08/1.24e-08 | Train Acc: 0.1354 | Val Acc: 0.2308 | Val P/R/F1 (Macro): 0.1161/0.2333/0.1530 | LR: 0.000005
Epoch [14/100] | SVD update #14: pairs=96, sweeps=3, converged=False, rel_change=9.390e-02, effective_ranks=(95, 31), class_paired=True
Epoch [14/100] | Loss: 6.5570 (Cls: 6.5476, TAL: -0.0664, Adv: 0.2171, OT-Reg: 0.001132) | OT inner objective: 0.2392 | Marginal residual row/col/max: 8.69e-09/1.86e-08/1.86e-08 | Train Acc: 0.1979 | Val Acc: 0.1538 | Val P/R/F1 (Macro): 0.0667/0.1833/0.0956 | LR: 0.000005
Epoch [15/100] | SVD update #15: pairs=96, sweeps=3, converged=False, rel_change=1.745e-01, effective_ranks=(95, 30), class_paired=True
Epoch [15/100] | Loss: 6.4159 (Cls: 6.3905, TAL: 0.0099, Adv: 0.3031, OT-Reg: 0.001188) | OT inner objective: 0.2788 | Marginal residual row/col/max: 1.12e-08/1.18e-08/1.24e-08 | Train Acc: 0.2604 | Val Acc: 0.3462 | Val P/R/F1 (Macro): 0.2556/0.3833/0.2909 | LR: 0.000005
  >>> New Best Val Acc: 0.3462
Epoch [16/100] | SVD update #16: pairs=96, sweeps=3, converged=False, rel_change=2.929e-01, effective_ranks=(95, 30), class_paired=True
Epoch [16/100] | Loss: 6.6436 (Cls: 6.6350, TAL: -0.0996, Adv: 0.2561, OT-Reg: 0.001088) | OT inner objective: 0.2579 | Marginal residual row/col/max: 8.69e-09/9.93e-09/1.06e-08 | Train Acc: 0.1562 | Val Acc: 0.3462 | Val P/R/F1 (Macro): 0.3384/0.3000/0.2897 | LR: 0.000005
Epoch [17/100] | SVD update #17: pairs=96, sweeps=3, converged=False, rel_change=1.937e-02, effective_ranks=(95, 30), class_paired=True
Epoch [17/100] | Loss: 6.5522 (Cls: 6.5340, TAL: 0.0219, Adv: 0.1949, OT-Reg: 0.001120) | OT inner objective: 0.2762 | Marginal residual row/col/max: 9.31e-09/1.49e-08/1.49e-08 | Train Acc: 0.1354 | Val Acc: 0.3462 | Val P/R/F1 (Macro): 0.4429/0.3875/0.3339 | LR: 0.000005
Epoch [18/100] | SVD update #18: pairs=96, sweeps=3, converged=False, rel_change=4.577e-02, effective_ranks=(95, 22), class_paired=True
Epoch [18/100] | Loss: 6.6953 (Cls: 6.6908, TAL: -0.1075, Adv: 0.2170, OT-Reg: 0.001017) | OT inner objective: 0.2070 | Marginal residual row/col/max: 1.06e-08/1.37e-08/1.37e-08 | Train Acc: 0.2188 | Val Acc: 0.2308 | Val P/R/F1 (Macro): 0.1037/0.2333/0.1273 | LR: 0.000005
Epoch [19/100] | SVD update #19: pairs=96, sweeps=3, converged=False, rel_change=1.885e-01, effective_ranks=(95, 27), class_paired=True
Epoch [19/100] | Loss: 6.8735 (Cls: 6.8346, TAL: 0.2036, Adv: 0.1815, OT-Reg: 0.001122) | OT inner objective: 0.2743 | Marginal residual row/col/max: 9.93e-09/1.18e-08/1.24e-08 | Train Acc: 0.1771 | Val Acc: 0.2692 | Val P/R/F1 (Macro): 0.2889/0.2333/0.2458 | LR: 0.000005
Epoch [20/100] | SVD update #20: pairs=96, sweeps=3, converged=False, rel_change=1.369e-01, effective_ranks=(94, 29), class_paired=True
Epoch [20/100] | Loss: 6.5427 (Cls: 6.5155, TAL: 0.0804, Adv: 0.2205, OT-Reg: 0.001123) | OT inner objective: 0.2272 | Marginal residual row/col/max: 7.45e-09/1.06e-08/1.06e-08 | Train Acc: 0.1042 | Val Acc: 0.0769 | Val P/R/F1 (Macro): 0.0352/0.0542/0.0418 | LR: 0.000005
Epoch [21/100] | SVD update #21: pairs=96, sweeps=3, converged=False, rel_change=1.897e-01, effective_ranks=(95, 25), class_paired=True
Epoch [21/100] | Loss: 6.6313 (Cls: 6.6129, TAL: 0.0211, Adv: 0.1984, OT-Reg: 0.001141) | OT inner objective: 0.2360 | Marginal residual row/col/max: 8.07e-09/9.31e-09/9.31e-09 | Train Acc: 0.1354 | Val Acc: 0.1923 | Val P/R/F1 (Macro): 0.0397/0.1667/0.0641 | LR: 0.000005
Epoch [22/100] | SVD update #22: pairs=96, sweeps=3, converged=False, rel_change=2.529e-01, effective_ranks=(95, 31), class_paired=True
Epoch [22/100] | Loss: 6.5567 (Cls: 6.5763, TAL: -0.2883, Adv: 0.1869, OT-Reg: 0.001035) | OT inner objective: 0.0927 | Marginal residual row/col/max: 1.48e-06/1.37e-08/1.48e-06 | Train Acc: 0.1771 | Val Acc: 0.1154 | Val P/R/F1 (Macro): 0.0972/0.1500/0.1162 | LR: 0.000005
Epoch [23/100] | SVD update #23: pairs=96, sweeps=3, converged=False, rel_change=3.441e-01, effective_ranks=(95, 24), class_paired=True
Epoch [23/100] | Loss: 6.6747 (Cls: 6.6437, TAL: 0.1228, Adv: 0.2035, OT-Reg: 0.001064) | OT inner objective: 0.2379 | Marginal residual row/col/max: 1.30e-08/9.93e-09/1.30e-08 | Train Acc: 0.1771 | Val Acc: 0.1154 | Val P/R/F1 (Macro): 0.0542/0.1000/0.0701 | LR: 0.000005
Epoch [24/100] | SVD update #24: pairs=96, sweeps=3, converged=False, rel_change=1.903e-01, effective_ranks=(94, 22), class_paired=True
Epoch [24/100] | Loss: 6.5065 (Cls: 6.5104, TAL: -0.1847, Adv: 0.2287, OT-Reg: 0.001041) | OT inner objective: -0.0279 | Marginal residual row/col/max: 4.24e-06/9.93e-09/4.24e-06 | Train Acc: 0.1667 | Val Acc: 0.0769 | Val P/R/F1 (Macro): 0.0238/0.1667/0.0417 | LR: 0.000005
Epoch [25/100] | SVD update #25: pairs=96, sweeps=3, converged=False, rel_change=2.296e-01, effective_ranks=(94, 26), class_paired=True
Epoch [25/100] | Loss: 6.3043 (Cls: 6.3069, TAL: -0.1526, Adv: 0.1970, OT-Reg: 0.000950) | OT inner objective: 0.2335 | Marginal residual row/col/max: 9.31e-09/1.12e-08/1.12e-08 | Train Acc: 0.1667 | Val Acc: 0.0385 | Val P/R/F1 (Macro): 0.0278/0.0417/0.0333 | LR: 0.000005
Epoch [26/100] | SVD update #26: pairs=96, sweeps=3, converged=False, rel_change=2.478e-01, effective_ranks=(95, 20), class_paired=True
Epoch [26/100] | Loss: 6.0873 (Cls: 6.0690, TAL: 0.0088, Adv: 0.2152, OT-Reg: 0.001005) | OT inner objective: 0.2655 | Marginal residual row/col/max: 1.49e-08/4.04e-08/4.04e-08 | Train Acc: 0.1771 | Val Acc: 0.3077 | Val P/R/F1 (Macro): 0.3065/0.3667/0.3034 | LR: 0.000003
Epoch [27/100] | SVD update #27: pairs=96, sweeps=3, converged=False, rel_change=2.818e+00, effective_ranks=(95, 19), class_paired=True
Epoch [27/100] | Loss: 6.4253 (Cls: 6.4138, TAL: -0.0284, Adv: 0.1868, OT-Reg: 0.000897) | OT inner objective: 0.2095 | Marginal residual row/col/max: 2.61e-08/1.49e-08/2.61e-08 | Train Acc: 0.2083 | Val Acc: 0.2308 | Val P/R/F1 (Macro): 0.1143/0.1750/0.1215 | LR: 0.000003
Epoch [28/100] | SVD update #28: pairs=96, sweeps=3, converged=False, rel_change=1.400e-01, effective_ranks=(95, 20), class_paired=True
Epoch [28/100] | Loss: 6.4402 (Cls: 6.4242, TAL: -0.0019, Adv: 0.2025, OT-Reg: 0.000880) | OT inner objective: 0.1704 | Marginal residual row/col/max: 3.29e-08/3.04e-08/3.85e-08 | Train Acc: 0.2083 | Val Acc: 0.1923 | Val P/R/F1 (Macro): 0.1151/0.2167/0.1346 | LR: 0.000003
Epoch [29/100] | SVD update #29: pairs=96, sweeps=3, converged=False, rel_change=2.769e-02, effective_ranks=(95, 13), class_paired=True
Epoch [29/100] | Loss: 5.9675 (Cls: 5.9603, TAL: -0.0918, Adv: 0.2267, OT-Reg: 0.000938) | OT inner objective: 0.2032 | Marginal residual row/col/max: 1.37e-08/2.05e-08/2.05e-08 | Train Acc: 0.2188 | Val Acc: 0.1154 | Val P/R/F1 (Macro): 0.0723/0.1500/0.0868 | LR: 0.000003
Epoch [30/100] | SVD update #30: pairs=96, sweeps=3, converged=False, rel_change=1.399e-01, effective_ranks=(95, 19), class_paired=True
Epoch [30/100] | Loss: 6.2606 (Cls: 6.2400, TAL: 0.0223, Adv: 0.2237, OT-Reg: 0.000894) | OT inner objective: 0.1837 | Marginal residual row/col/max: 1.12e-08/2.79e-08/2.79e-08 | Train Acc: 0.1875 | Val Acc: 0.1923 | Val P/R/F1 (Macro): 0.0944/0.2500/0.1307 | LR: 0.000003
Epoch [31/100] | SVD update #31: pairs=96, sweeps=3, converged=False, rel_change=5.693e-02, effective_ranks=(95, 19), class_paired=True
Epoch [31/100] | Loss: 5.8227 (Cls: 5.8141, TAL: -0.0584, Adv: 0.1958, OT-Reg: 0.000884) | OT inner objective: 0.1944 | Marginal residual row/col/max: 1.12e-08/1.12e-08/1.18e-08 | Train Acc: 0.2396 | Val Acc: 0.2308 | Val P/R/F1 (Macro): 0.1196/0.2083/0.1151 | LR: 0.000003
Epoch [32/100] | SVD update #32: pairs=96, sweeps=3, converged=False, rel_change=4.151e-02, effective_ranks=(95, 19), class_paired=True
Epoch [32/100] | Loss: 5.9782 (Cls: 5.9677, TAL: -0.0296, Adv: 0.1760, OT-Reg: 0.000830) | OT inner objective: 0.1996 | Marginal residual row/col/max: 1.55e-08/3.29e-08/3.41e-08 | Train Acc: 0.2917 | Val Acc: 0.1923 | Val P/R/F1 (Macro): 0.0939/0.2000/0.1222 | LR: 0.000003
Epoch [33/100] | SVD update #33: pairs=96, sweeps=3, converged=False, rel_change=1.355e-01, effective_ranks=(95, 18), class_paired=True
Epoch [33/100] | Loss: 6.6940 (Cls: 6.6870, TAL: -0.0662, Adv: 0.1871, OT-Reg: 0.000848) | OT inner objective: 0.1853 | Marginal residual row/col/max: 1.00e-04/1.24e-08/1.00e-04 | Train Acc: 0.1146 | Val Acc: 0.2308 | Val P/R/F1 (Macro): 0.3042/0.2583/0.1940 | LR: 0.000003
Epoch [34/100] | SVD update #34: pairs=96, sweeps=3, converged=False, rel_change=3.266e-01, effective_ranks=(95, 19), class_paired=True
Epoch [34/100] | Loss: 6.4037 (Cls: 6.3497, TAL: 0.3096, Adv: 0.2107, OT-Reg: 0.000835) | OT inner objective: 0.2372 | Marginal residual row/col/max: 1.12e-08/1.12e-08/1.12e-08 | Train Acc: 0.0833 | Val Acc: 0.2308 | Val P/R/F1 (Macro): 0.0883/0.2500/0.1241 | LR: 0.000003
Epoch [35/100] | SVD update #35: pairs=96, sweeps=3, converged=False, rel_change=1.923e-01, effective_ranks=(95, 16), class_paired=True
Epoch [35/100] | Loss: 6.4590 (Cls: 6.4379, TAL: 0.0779, Adv: 0.1475, OT-Reg: 0.000879) | OT inner objective: 0.1176 | Marginal residual row/col/max: 3.49e-04/1.12e-08/3.49e-04 | Train Acc: 0.1146 | Val Acc: 0.0769 | Val P/R/F1 (Macro): 0.0185/0.0667/0.0290 | LR: 0.000003
Epoch [36/100] | SVD update #36: pairs=96, sweeps=3, converged=False, rel_change=2.710e-01, effective_ranks=(95, 17), class_paired=True
Epoch [36/100] | Loss: 6.1887 (Cls: 6.1963, TAL: -0.1772, Adv: 0.1714, OT-Reg: 0.000822) | OT inner objective: 0.1928 | Marginal residual row/col/max: 1.86e-08/1.43e-08/2.17e-08 | Train Acc: 0.1458 | Val Acc: 0.1154 | Val P/R/F1 (Macro): 0.0992/0.1500/0.1090 | LR: 0.000003
Epoch [37/100] | SVD update #37: pairs=96, sweeps=3, converged=False, rel_change=3.477e-01, effective_ranks=(95, 24), class_paired=True
Epoch [37/100] | Loss: 6.1895 (Cls: 6.1766, TAL: -0.0156, Adv: 0.1848, OT-Reg: 0.000944) | OT inner objective: 0.1827 | Marginal residual row/col/max: 3.40e-05/1.80e-08/3.40e-05 | Train Acc: 0.1979 | Val Acc: 0.1923 | Val P/R/F1 (Macro): 0.1488/0.2917/0.1667 | LR: 0.000001
Epoch [38/100] | SVD update #38: pairs=96, sweeps=3, converged=False, rel_change=2.176e-01, effective_ranks=(95, 16), class_paired=True
Epoch [38/100] | Loss: 6.2984 (Cls: 6.2938, TAL: -0.0866, Adv: 0.1876, OT-Reg: 0.000941) | OT inner objective: 0.1420 | Marginal residual row/col/max: 5.15e-08/2.67e-08/5.53e-08 | Train Acc: 0.1458 | Val Acc: 0.2692 | Val P/R/F1 (Macro): 0.1869/0.1708/0.1711 | LR: 0.000001
Epoch [39/100] | SVD update #39: pairs=96, sweeps=3, converged=False, rel_change=1.432e-01, effective_ranks=(95, 15), class_paired=True
Epoch [39/100] | Loss: 6.4798 (Cls: 6.4598, TAL: 0.0484, Adv: 0.1768, OT-Reg: 0.000909) | OT inner objective: 0.1625 | Marginal residual row/col/max: 5.61e-05/1.74e-08/5.61e-05 | Train Acc: 0.1146 | Val Acc: 0.1538 | Val P/R/F1 (Macro): 0.1930/0.1333/0.0972 | LR: 0.000001
Epoch [40/100] | SVD update #40: pairs=96, sweeps=3, converged=False, rel_change=6.052e-02, effective_ranks=(95, 13), class_paired=True
Epoch [40/100] | Loss: 6.2850 (Cls: 6.2612, TAL: 0.0712, Adv: 0.1914, OT-Reg: 0.000835) | OT inner objective: 0.1399 | Marginal residual row/col/max: 2.91e-04/1.37e-08/2.91e-04 | Train Acc: 0.1250 | Val Acc: 0.3462 | Val P/R/F1 (Macro): 0.2951/0.2625/0.2500 | LR: 0.000001
Epoch [41/100] | SVD update #41: pairs=96, sweeps=3, converged=False, rel_change=2.020e-01, effective_ranks=(95, 16), class_paired=True
Epoch [41/100] | Loss: 6.1851 (Cls: 6.1602, TAL: 0.0986, Adv: 0.1640, OT-Reg: 0.000881) | OT inner objective: 0.1230 | Marginal residual row/col/max: 1.28e-07/1.18e-08/1.29e-07 | Train Acc: 0.1042 | Val Acc: 0.1154 | Val P/R/F1 (Macro): 0.0385/0.1000/0.0556 | LR: 0.000001
Epoch [42/100] | SVD update #42: pairs=96, sweeps=3, converged=False, rel_change=1.049e+00, effective_ranks=(95, 16), class_paired=True
Epoch [42/100] | Loss: 6.1633 (Cls: 6.1436, TAL: 0.0670, Adv: 0.1461, OT-Reg: 0.000892) | OT inner objective: 0.2481 | Marginal residual row/col/max: 9.93e-09/1.06e-08/1.18e-08 | Train Acc: 0.1562 | Val Acc: 0.1154 | Val P/R/F1 (Macro): 0.0250/0.1000/0.0400 | LR: 0.000001
Epoch [43/100] | SVD update #43: pairs=96, sweeps=3, converged=False, rel_change=2.023e-01, effective_ranks=(95, 16), class_paired=True
Epoch [43/100] | Loss: 6.0625 (Cls: 6.0662, TAL: -0.1644, Adv: 0.2000, OT-Reg: 0.000877) | OT inner objective: 0.1642 | Marginal residual row/col/max: 1.39e-07/1.68e-08/1.45e-07 | Train Acc: 0.2604 | Val Acc: 0.1538 | Val P/R/F1 (Macro): 0.2250/0.2208/0.1259 | LR: 0.000001
Epoch [44/100] | SVD update #44: pairs=96, sweeps=3, converged=False, rel_change=2.002e-01, effective_ranks=(95, 16), class_paired=True
Epoch [44/100] | Loss: 6.0717 (Cls: 6.0638, TAL: -0.0774, Adv: 0.2160, OT-Reg: 0.000969) | OT inner objective: 0.2047 | Marginal residual row/col/max: 1.43e-08/1.12e-08/1.68e-08 | Train Acc: 0.1875 | Val Acc: 0.1538 | Val P/R/F1 (Macro): 0.1167/0.1458/0.1268 | LR: 0.000001
Epoch [45/100] | SVD update #45: pairs=96, sweeps=3, converged=False, rel_change=1.041e-01, effective_ranks=(95, 16), class_paired=True
Epoch [45/100] | Loss: 5.9864 (Cls: 5.9766, TAL: -0.0506, Adv: 0.1993, OT-Reg: 0.000870) | OT inner objective: 0.2163 | Marginal residual row/col/max: 1.18e-08/2.30e-08/2.42e-08 | Train Acc: 0.2188 | Val Acc: 0.3462 | Val P/R/F1 (Macro): 0.1976/0.2542/0.2222 | LR: 0.000001
Epoch [46/100] | SVD update #46: pairs=96, sweeps=3, converged=False, rel_change=1.001e-01, effective_ranks=(95, 17), class_paired=True
Epoch [46/100] | Loss: 5.9562 (Cls: 5.9360, TAL: 0.0538, Adv: 0.1726, OT-Reg: 0.000948) | OT inner objective: 0.2206 | Marginal residual row/col/max: 1.49e-08/1.24e-08/1.99e-08 | Train Acc: 0.1562 | Val Acc: 0.1154 | Val P/R/F1 (Macro): 0.0774/0.1500/0.0916 | LR: 0.000001
Epoch [47/100] | SVD update #47: pairs=96, sweeps=3, converged=False, rel_change=2.653e-01, effective_ranks=(95, 16), class_paired=True
Epoch [47/100] | Loss: 6.1695 (Cls: 6.1707, TAL: -0.1401, Adv: 0.1948, OT-Reg: 0.000903) | OT inner objective: 0.1257 | Marginal residual row/col/max: 3.71e-06/1.12e-08/3.71e-06 | Train Acc: 0.0938 | Val Acc: 0.1923 | Val P/R/F1 (Macro): 0.0926/0.1833/0.1227 | LR: 0.000001
Epoch [48/100] | SVD update #48: pairs=96, sweeps=3, converged=False, rel_change=2.760e-01, effective_ranks=(95, 16), class_paired=True
Epoch [48/100] | Loss: 5.8368 (Cls: 5.8279, TAL: -0.0474, Adv: 0.1827, OT-Reg: 0.000959) | OT inner objective: 0.1259 | Marginal residual row/col/max: 4.72e-08/1.61e-08/5.22e-08 | Train Acc: 0.2396 | Val Acc: 0.1154 | Val P/R/F1 (Macro): 0.0556/0.1250/0.0769 | LR: 0.000001
Epoch [49/100] | SVD update #49: pairs=96, sweeps=3, converged=False, rel_change=8.571e-02, effective_ranks=(95, 19), class_paired=True
Epoch [49/100] | Loss: 5.7290 (Cls: 5.7208, TAL: -0.0507, Adv: 0.1787, OT-Reg: 0.000895) | OT inner objective: 0.1849 | Marginal residual row/col/max: 9.65e-06/1.55e-08/9.65e-06 | Train Acc: 0.2604 | Val Acc: 0.1538 | Val P/R/F1 (Macro): 0.0370/0.1667/0.0606 | LR: 0.000001
Epoch [50/100] | SVD update #50: pairs=96, sweeps=3, converged=False, rel_change=2.232e-02, effective_ranks=(95, 20), class_paired=True
Epoch [50/100] | Loss: 5.9626 (Cls: 5.9693, TAL: -0.2173, Adv: 0.2428, OT-Reg: 0.000836) | OT inner objective: 0.1537 | Marginal residual row/col/max: 4.30e-05/1.43e-08/4.30e-05 | Train Acc: 0.3021 | Val Acc: 0.1538 | Val P/R/F1 (Macro): 0.0278/0.1667/0.0476 | LR: 0.000001
Epoch [51/100] | SVD update #51: pairs=96, sweeps=3, converged=False, rel_change=5.786e-01, effective_ranks=(95, 18), class_paired=True
Epoch [51/100] | Loss: 5.5713 (Cls: 5.5691, TAL: -0.1219, Adv: 0.2098, OT-Reg: 0.000949) | OT inner objective: 0.1952 | Marginal residual row/col/max: 9.93e-09/2.36e-08/2.36e-08 | Train Acc: 0.1875 | Val Acc: 0.1923 | Val P/R/F1 (Macro): 0.1425/0.2917/0.1567 | LR: 0.000001
Epoch [52/100] | SVD update #52: pairs=96, sweeps=3, converged=False, rel_change=3.018e-02, effective_ranks=(95, 17), class_paired=True
Epoch [52/100] | Loss: 6.1717 (Cls: 6.1609, TAL: -0.0255, Adv: 0.1733, OT-Reg: 0.000877) | OT inner objective: 0.1135 | Marginal residual row/col/max: 1.79e-05/1.43e-08/1.79e-05 | Train Acc: 0.2500 | Val Acc: 0.1538 | Val P/R/F1 (Macro): 0.0370/0.1667/0.0606 | LR: 0.000001
Epoch [53/100] | SVD update #53: pairs=96, sweeps=3, converged=False, rel_change=3.433e-02, effective_ranks=(94, 17), class_paired=True
Epoch [53/100] | Loss: 5.6699 (Cls: 5.6669, TAL: -0.0785, Adv: 0.1555, OT-Reg: 0.000915) | OT inner objective: 0.1728 | Marginal residual row/col/max: 1.12e-08/4.10e-08/4.10e-08 | Train Acc: 0.3125 | Val Acc: 0.1538 | Val P/R/F1 (Macro): 0.0256/0.1667/0.0444 | LR: 0.000001
Epoch [54/100] | SVD update #54: pairs=96, sweeps=3, converged=False, rel_change=2.894e-02, effective_ranks=(95, 14), class_paired=True
Epoch [54/100] | Loss: 5.8744 (Cls: 5.8755, TAL: -0.1198, Adv: 0.1657, OT-Reg: 0.000916) | OT inner objective: 0.1602 | Marginal residual row/col/max: 2.36e-08/2.17e-08/3.29e-08 | Train Acc: 0.2396 | Val Acc: 0.1538 | Val P/R/F1 (Macro): 0.0764/0.2083/0.1071 | LR: 0.000001
Epoch [55/100] | SVD update #55: pairs=96, sweeps=3, converged=False, rel_change=1.526e-01, effective_ranks=(95, 19), class_paired=True
Epoch [55/100] | Loss: 5.9687 (Cls: 5.9735, TAL: -0.1687, Adv: 0.1919, OT-Reg: 0.000868) | OT inner objective: 0.1589 | Marginal residual row/col/max: 3.17e-08/3.35e-08/4.47e-08 | Train Acc: 0.2500 | Val Acc: 0.1154 | Val P/R/F1 (Macro): 0.0333/0.1250/0.0526 | LR: 0.000001
Epoch [56/100] | SVD update #56: pairs=96, sweeps=3, converged=False, rel_change=2.617e-01, effective_ranks=(95, 18), class_paired=True
Epoch [56/100] | Loss: 5.9419 (Cls: 5.9553, TAL: -0.2230, Adv: 0.1674, OT-Reg: 0.000891) | OT inner objective: 0.1238 | Marginal residual row/col/max: 1.18e-08/2.05e-08/2.05e-08 | Train Acc: 0.1875 | Val Acc: 0.1538 | Val P/R/F1 (Macro): 0.0333/0.1667/0.0556 | LR: 0.000001
Epoch [57/100] | SVD update #57: pairs=96, sweeps=3, converged=False, rel_change=6.162e-03, effective_ranks=(94, 17), class_paired=True
Epoch [57/100] | Loss: 5.7889 (Cls: 5.8095, TAL: -0.2864, Adv: 0.1728, OT-Reg: 0.000886) | OT inner objective: 0.1300 | Marginal residual row/col/max: 1.49e-08/3.04e-08/3.04e-08 | Train Acc: 0.2708 | Val Acc: 0.1538 | Val P/R/F1 (Macro): 0.0317/0.1667/0.0533 | LR: 0.000001
Epoch [58/100] | SVD update #58: pairs=96, sweeps=3, converged=False, rel_change=4.950e-03, effective_ranks=(95, 14), class_paired=True
Epoch [58/100] | Loss: 5.3593 (Cls: 5.3714, TAL: -0.2173, Adv: 0.1747, OT-Reg: 0.000886) | OT inner objective: 0.1362 | Marginal residual row/col/max: 1.18e-08/1.24e-08/1.24e-08 | Train Acc: 0.3125 | Val Acc: 0.2692 | Val P/R/F1 (Macro): 0.3325/0.4083/0.3248 | LR: 0.000001
Epoch [59/100] | SVD update #59: pairs=96, sweeps=3, converged=False, rel_change=3.114e-01, effective_ranks=(95, 15), class_paired=True
Epoch [59/100] | Loss: 5.7843 (Cls: 5.7778, TAL: -0.0540, Adv: 0.1614, OT-Reg: 0.000937) | OT inner objective: 0.1286 | Marginal residual row/col/max: 1.55e-08/3.23e-08/3.23e-08 | Train Acc: 0.2500 | Val Acc: 0.2692 | Val P/R/F1 (Macro): 0.2222/0.4083/0.2613 | LR: 0.000001
Epoch [60/100] | SVD update #60: pairs=96, sweeps=3, converged=False, rel_change=8.674e-02, effective_ranks=(95, 17), class_paired=True
Epoch [60/100] | Loss: 5.7235 (Cls: 5.7319, TAL: -0.1660, Adv: 0.1436, OT-Reg: 0.000928) | OT inner objective: 0.2058 | Marginal residual row/col/max: 1.37e-08/2.05e-08/2.05e-08 | Train Acc: 0.2812 | Val Acc: 0.2308 | Val P/R/F1 (Macro): 0.1083/0.3333/0.1619 | LR: 0.000001
Epoch [61/100] | SVD update #61: pairs=96, sweeps=3, converged=False, rel_change=9.274e-03, effective_ranks=(95, 16), class_paired=True
Epoch [61/100] | Loss: 5.7554 (Cls: 5.7664, TAL: -0.1967, Adv: 0.1574, OT-Reg: 0.000857) | OT inner objective: 0.1729 | Marginal residual row/col/max: 5.96e-08/1.49e-08/6.15e-08 | Train Acc: 0.2812 | Val Acc: 0.1538 | Val P/R/F1 (Macro): 0.0985/0.2500/0.1111 | LR: 0.000001
Epoch [62/100] | SVD update #62: pairs=96, sweeps=3, converged=False, rel_change=1.739e-02, effective_ranks=(95, 18), class_paired=True
Epoch [62/100] | Loss: 5.6990 (Cls: 5.7221, TAL: -0.3076, Adv: 0.1732, OT-Reg: 0.000928) | OT inner objective: 0.1379 | Marginal residual row/col/max: 9.93e-09/2.11e-08/2.11e-08 | Train Acc: 0.2708 | Val Acc: 0.1923 | Val P/R/F1 (Macro): 0.1818/0.2917/0.1706 | LR: 0.000001
Epoch [63/100] | SVD update #63: pairs=96, sweeps=3, converged=False, rel_change=9.170e-02, effective_ranks=(94, 16), class_paired=True
Epoch [63/100] | Loss: 5.6076 (Cls: 5.6214, TAL: -0.2101, Adv: 0.1429, OT-Reg: 0.000978) | OT inner objective: 0.1203 | Marginal residual row/col/max: 1.18e-08/1.86e-08/1.86e-08 | Train Acc: 0.2812 | Val Acc: 0.1923 | Val P/R/F1 (Macro): 0.0738/0.2917/0.1131 | LR: 0.000001
Epoch [64/100] | SVD update #64: pairs=96, sweeps=3, converged=False, rel_change=1.881e-01, effective_ranks=(95, 18), class_paired=True
Epoch [64/100] | Loss: 5.7861 (Cls: 5.7929, TAL: -0.1529, Adv: 0.1440, OT-Reg: 0.000849) | OT inner objective: 0.1549 | Marginal residual row/col/max: 2.67e-08/1.49e-08/2.73e-08 | Train Acc: 0.3542 | Val Acc: 0.1923 | Val P/R/F1 (Macro): 0.0893/0.2500/0.1296 | LR: 0.000001
Epoch [65/100] | SVD update #65: pairs=96, sweeps=3, converged=False, rel_change=9.754e-03, effective_ranks=(95, 16), class_paired=True
Epoch [65/100] | Loss: 5.4125 (Cls: 5.4272, TAL: -0.2204, Adv: 0.1476, OT-Reg: 0.000971) | OT inner objective: 0.1473 | Marginal residual row/col/max: 1.24e-08/1.61e-08/1.61e-08 | Train Acc: 0.3021 | Val Acc: 0.3077 | Val P/R/F1 (Macro): 0.4630/0.4500/0.3333 | LR: 0.000001
Epoch [66/100] | SVD update #66: pairs=96, sweeps=3, converged=False, rel_change=3.144e-02, effective_ranks=(95, 15), class_paired=True
Epoch [66/100] | Loss: 5.5173 (Cls: 5.5371, TAL: -0.2613, Adv: 0.1451, OT-Reg: 0.000901) | OT inner objective: 0.1609 | Marginal residual row/col/max: 8.07e-09/1.80e-08/1.80e-08 | Train Acc: 0.3125 | Val Acc: 0.2692 | Val P/R/F1 (Macro): 0.2841/0.3667/0.2160 | LR: 0.000001
Epoch [67/100] | SVD update #67: pairs=96, sweeps=3, converged=False, rel_change=1.920e-03, effective_ranks=(94, 15), class_paired=True
Epoch [67/100] | Loss: 5.7769 (Cls: 5.7884, TAL: -0.1936, Adv: 0.1477, OT-Reg: 0.000959) | OT inner objective: 0.1588 | Marginal residual row/col/max: 1.74e-08/1.92e-08/2.30e-08 | Train Acc: 0.2292 | Val Acc: 0.1538 | Val P/R/F1 (Macro): 0.0556/0.1667/0.0833 | LR: 0.000001
Epoch [68/100] | SVD update #68: pairs=96, sweeps=3, converged=False, rel_change=2.473e-03, effective_ranks=(95, 17), class_paired=True
Epoch [68/100] | Loss: 5.8866 (Cls: 5.9054, TAL: -0.2415, Adv: 0.1277, OT-Reg: 0.000868) | OT inner objective: 0.1791 | Marginal residual row/col/max: 9.93e-09/3.10e-08/3.10e-08 | Train Acc: 0.2292 | Val Acc: 0.1538 | Val P/R/F1 (Macro): 0.0333/0.1667/0.0556 | LR: 0.000001
Epoch [69/100] | SVD update #69: pairs=96, sweeps=3, converged=False, rel_change=5.304e-02, effective_ranks=(95, 17), class_paired=True
Epoch [69/100] | Loss: 5.9519 (Cls: 5.9494, TAL: -0.0765, Adv: 0.1454, OT-Reg: 0.000861) | OT inner objective: 0.2008 | Marginal residual row/col/max: 9.93e-09/2.05e-08/2.05e-08 | Train Acc: 0.2083 | Val Acc: 0.2308 | Val P/R/F1 (Macro): 0.1556/0.3333/0.2035 | LR: 0.000001
Epoch [70/100] | SVD update #70: pairs=96, sweeps=3, converged=False, rel_change=1.377e-02, effective_ranks=(95, 15), class_paired=True
Epoch [70/100] | Loss: 5.9002 (Cls: 5.9171, TAL: -0.2363, Adv: 0.1435, OT-Reg: 0.000859) | OT inner objective: 0.1958 | Marginal residual row/col/max: 1.12e-08/2.05e-08/2.05e-08 | Train Acc: 0.2917 | Val Acc: 0.1538 | Val P/R/F1 (Macro): 0.0417/0.1667/0.0667 | LR: 0.000001
Epoch [71/100] | SVD update #71: pairs=96, sweeps=3, converged=False, rel_change=5.728e-03, effective_ranks=(95, 16), class_paired=True
Epoch [71/100] | Loss: 5.7603 (Cls: 5.7671, TAL: -0.1393, Adv: 0.1235, OT-Reg: 0.000963) | OT inner objective: 0.1479 | Marginal residual row/col/max: 9.93e-09/1.37e-08/1.37e-08 | Train Acc: 0.2917 | Val Acc: 0.1923 | Val P/R/F1 (Macro): 0.2179/0.2000/0.1340 | LR: 0.000001
Epoch [72/100] | SVD update #72: pairs=96, sweeps=3, converged=False, rel_change=7.316e-03, effective_ranks=(95, 15), class_paired=True
Epoch [72/100] | Loss: 5.7522 (Cls: 5.7708, TAL: -0.2683, Adv: 0.1703, OT-Reg: 0.000908) | OT inner objective: 0.1783 | Marginal residual row/col/max: 1.49e-08/2.11e-08/2.24e-08 | Train Acc: 0.2812 | Val Acc: 0.1538 | Val P/R/F1 (Macro): 0.1111/0.2083/0.1307 | LR: 0.000001
Epoch [73/100] | SVD update #73: pairs=96, sweeps=3, converged=False, rel_change=1.315e-02, effective_ranks=(95, 19), class_paired=True
Epoch [73/100] | Loss: 5.9770 (Cls: 5.9967, TAL: -0.2547, Adv: 0.1353, OT-Reg: 0.000889) | OT inner objective: 0.1948 | Marginal residual row/col/max: 2.05e-08/4.04e-08/4.04e-08 | Train Acc: 0.2188 | Val Acc: 0.1154 | Val P/R/F1 (Macro): 0.0625/0.1250/0.0833 | LR: 0.000001
Epoch [74/100] | SVD update #74: pairs=96, sweeps=3, converged=False, rel_change=1.119e-02, effective_ranks=(95, 15), class_paired=True
Epoch [74/100] | Loss: 5.7290 (Cls: 5.7479, TAL: -0.2507, Adv: 0.1398, OT-Reg: 0.000912) | OT inner objective: 0.1886 | Marginal residual row/col/max: 1.12e-08/1.74e-08/1.74e-08 | Train Acc: 0.2917 | Val Acc: 0.2308 | Val P/R/F1 (Macro): 0.0816/0.3333/0.1297 | LR: 0.000001
Epoch [75/100] | SVD update #75: pairs=96, sweeps=3, converged=False, rel_change=1.404e+00, effective_ranks=(95, 15), class_paired=True
Epoch [75/100] | Loss: 5.7880 (Cls: 5.7732, TAL: 0.0332, Adv: 0.1358, OT-Reg: 0.000898) | OT inner objective: 0.1588 | Marginal residual row/col/max: 2.73e-08/2.36e-08/3.29e-08 | Train Acc: 0.3125 | Val Acc: 0.1923 | Val P/R/F1 (Macro): 0.1111/0.2000/0.1250 | LR: 0.000001
Epoch [76/100] | SVD update #76: pairs=96, sweeps=3, converged=False, rel_change=1.373e-01, effective_ranks=(95, 15), class_paired=True
Epoch [76/100] | Loss: 5.4707 (Cls: 5.4818, TAL: -0.2066, Adv: 0.1708, OT-Reg: 0.000913) | OT inner objective: 0.1280 | Marginal residual row/col/max: 2.42e-08/2.30e-08/3.41e-08 | Train Acc: 0.3542 | Val Acc: 0.1538 | Val P/R/F1 (Macro): 0.0722/0.2500/0.0970 | LR: 0.000001
Epoch [77/100] | SVD update #77: pairs=96, sweeps=3, converged=False, rel_change=3.624e-03, effective_ranks=(95, 19), class_paired=True
Epoch [77/100] | Loss: 5.5302 (Cls: 5.5393, TAL: -0.1986, Adv: 0.1838, OT-Reg: 0.000987) | OT inner objective: 0.0841 | Marginal residual row/col/max: 4.31e-07/1.99e-08/4.40e-07 | Train Acc: 0.2292 | Val Acc: 0.1538 | Val P/R/F1 (Macro): 0.1889/0.2333/0.1345 | LR: 0.000001
Epoch [78/100] | SVD update #78: pairs=96, sweeps=3, converged=False, rel_change=2.723e-02, effective_ranks=(95, 18), class_paired=True
Epoch [78/100] | Loss: 5.8852 (Cls: 5.9039, TAL: -0.2436, Adv: 0.1315, OT-Reg: 0.000934) | OT inner objective: 0.1219 | Marginal residual row/col/max: 1.43e-08/1.24e-08/1.68e-08 | Train Acc: 0.2396 | Val Acc: 0.1538 | Val P/R/F1 (Macro): 0.0317/0.1667/0.0533 | LR: 0.000001
Epoch [79/100] | SVD update #79: pairs=96, sweeps=3, converged=False, rel_change=2.211e-02, effective_ranks=(95, 16), class_paired=True
Epoch [79/100] | Loss: 5.6791 (Cls: 5.7005, TAL: -0.2854, Adv: 0.1600, OT-Reg: 0.000961) | OT inner objective: 0.1516 | Marginal residual row/col/max: 1.68e-08/2.48e-08/3.04e-08 | Train Acc: 0.2396 | Val Acc: 0.1923 | Val P/R/F1 (Macro): 0.0806/0.2500/0.1190 | LR: 0.000001
Epoch [80/100] | SVD update #80: pairs=96, sweeps=3, converged=False, rel_change=1.546e-03, effective_ranks=(95, 15), class_paired=True
Epoch [80/100] | Loss: 5.7348 (Cls: 5.7510, TAL: -0.2377, Adv: 0.1545, OT-Reg: 0.001025) | OT inner objective: 0.1537 | Marginal residual row/col/max: 9.93e-09/1.30e-08/1.37e-08 | Train Acc: 0.2292 | Val Acc: 0.2692 | Val P/R/F1 (Macro): 0.3238/0.3583/0.2500 | LR: 0.000001
Epoch [81/100] | SVD update #81: pairs=96, sweeps=3, converged=False, rel_change=4.903e-03, effective_ranks=(95, 17), class_paired=True
Epoch [81/100] | Loss: 5.4783 (Cls: 5.4950, TAL: -0.2542, Adv: 0.1718, OT-Reg: 0.000957) | OT inner objective: 0.1883 | Marginal residual row/col/max: 4.28e-08/2.42e-08/5.09e-08 | Train Acc: 0.3021 | Val Acc: 0.2308 | Val P/R/F1 (Macro): 0.0844/0.3333/0.1306 | LR: 0.000001
Epoch [82/100] | SVD update #82: pairs=96, sweeps=3, converged=False, rel_change=1.938e-02, effective_ranks=(95, 16), class_paired=True
Epoch [82/100] | Loss: 5.8564 (Cls: 5.8778, TAL: -0.2861, Adv: 0.1621, OT-Reg: 0.000918) | OT inner objective: 0.0970 | Marginal residual row/col/max: 2.61e-08/1.86e-08/3.10e-08 | Train Acc: 0.2708 | Val Acc: 0.1154 | Val P/R/F1 (Macro): 0.2222/0.1167/0.1222 | LR: 0.000001
Epoch [83/100] | SVD update #83: pairs=96, sweeps=3, converged=False, rel_change=3.960e-03, effective_ranks=(95, 15), class_paired=True
Epoch [83/100] | Loss: 5.6782 (Cls: 5.7004, TAL: -0.2785, Adv: 0.1397, OT-Reg: 0.000969) | OT inner objective: 0.1307 | Marginal residual row/col/max: 1.24e-08/2.05e-08/2.05e-08 | Train Acc: 0.2188 | Val Acc: 0.1923 | Val P/R/F1 (Macro): 0.2199/0.2417/0.1402 | LR: 0.000001
Epoch [84/100] | SVD update #84: pairs=96, sweeps=3, converged=False, rel_change=7.627e-03, effective_ranks=(95, 16), class_paired=True
Epoch [84/100] | Loss: 5.4899 (Cls: 5.5056, TAL: -0.2070, Adv: 0.1140, OT-Reg: 0.000995) | OT inner objective: 0.1328 | Marginal residual row/col/max: 1.37e-08/1.86e-08/1.86e-08 | Train Acc: 0.2917 | Val Acc: 0.1538 | Val P/R/F1 (Macro): 0.0476/0.1667/0.0741 | LR: 0.000001
Epoch [85/100] | SVD update #85: pairs=96, sweeps=3, converged=False, rel_change=1.331e-02, effective_ranks=(95, 16), class_paired=True
Epoch [85/100] | Loss: 5.5753 (Cls: 5.5973, TAL: -0.2839, Adv: 0.1498, OT-Reg: 0.000983) | OT inner objective: 0.0713 | Marginal residual row/col/max: 1.15e-07/1.49e-08/1.15e-07 | Train Acc: 0.3125 | Val Acc: 0.2308 | Val P/R/F1 (Macro): 0.1307/0.3333/0.1684 | LR: 0.000001
Epoch [86/100] | SVD update #86: pairs=96, sweeps=3, converged=False, rel_change=1.315e-02, effective_ranks=(95, 16), class_paired=True
Epoch [86/100] | Loss: 5.7599 (Cls: 5.7770, TAL: -0.2290, Adv: 0.1299, OT-Reg: 0.000856) | OT inner objective: 0.1755 | Marginal residual row/col/max: 1.12e-08/2.73e-08/2.73e-08 | Train Acc: 0.3021 | Val Acc: 0.2692 | Val P/R/F1 (Macro): 0.1407/0.3542/0.1838 | LR: 0.000001
Epoch [87/100] | SVD update #87: pairs=96, sweeps=3, converged=False, rel_change=8.684e-03, effective_ranks=(95, 17), class_paired=True
Epoch [87/100] | Loss: 5.5613 (Cls: 5.5699, TAL: -0.1767, Adv: 0.1581, OT-Reg: 0.000979) | OT inner objective: 0.1421 | Marginal residual row/col/max: 1.88e-07/1.12e-08/1.89e-07 | Train Acc: 0.3021 | Val Acc: 0.1538 | Val P/R/F1 (Macro): 0.0278/0.1667/0.0476 | LR: 0.000001
Epoch [88/100] | SVD update #88: pairs=96, sweeps=3, converged=False, rel_change=2.829e-02, effective_ranks=(95, 18), class_paired=True
Epoch [88/100] | Loss: 5.6323 (Cls: 5.6433, TAL: -0.2114, Adv: 0.1795, OT-Reg: 0.000989) | OT inner objective: 0.1888 | Marginal residual row/col/max: 1.37e-08/2.17e-08/2.17e-08 | Train Acc: 0.2812 | Val Acc: 0.2308 | Val P/R/F1 (Macro): 0.0884/0.3333/0.1365 | LR: 0.000001
Epoch [89/100] | SVD update #89: pairs=96, sweeps=3, converged=False, rel_change=1.552e-02, effective_ranks=(95, 15), class_paired=True
Epoch [89/100] | Loss: 5.5275 (Cls: 5.5404, TAL: -0.2099, Adv: 0.1531, OT-Reg: 0.000880) | OT inner objective: 0.1418 | Marginal residual row/col/max: 1.37e-08/2.61e-08/2.61e-08 | Train Acc: 0.3229 | Val Acc: 0.0769 | Val P/R/F1 (Macro): 0.0370/0.0833/0.0513 | LR: 0.000001
Epoch [90/100] | SVD update #90: pairs=96, sweeps=3, converged=False, rel_change=1.122e-02, effective_ranks=(95, 17), class_paired=True
Epoch [90/100] | Loss: 6.1881 (Cls: 6.1907, TAL: -0.1383, Adv: 0.1744, OT-Reg: 0.000930) | OT inner objective: 0.1944 | Marginal residual row/col/max: 1.92e-08/2.98e-08/2.98e-08 | Train Acc: 0.1458 | Val Acc: 0.1923 | Val P/R/F1 (Macro): 0.2059/0.2000/0.1190 | LR: 0.000001
Epoch [91/100] | SVD update #91: pairs=96, sweeps=3, converged=False, rel_change=1.311e-02, effective_ranks=(94, 17), class_paired=True
Epoch [91/100] | Loss: 5.6708 (Cls: 5.6887, TAL: -0.2403, Adv: 0.1370, OT-Reg: 0.000896) | OT inner objective: 0.1442 | Marginal residual row/col/max: 1.01e-07/1.49e-08/1.02e-07 | Train Acc: 0.3542 | Val Acc: 0.1538 | Val P/R/F1 (Macro): 0.0317/0.1667/0.0533 | LR: 0.000001
Epoch [92/100] | SVD update #92: pairs=96, sweeps=3, converged=False, rel_change=1.189e-02, effective_ranks=(95, 16), class_paired=True
Epoch [92/100] | Loss: 5.4347 (Cls: 5.4518, TAL: -0.2668, Adv: 0.1870, OT-Reg: 0.000887) | OT inner objective: 0.0958 | Marginal residual row/col/max: 8.38e-08/1.18e-08/8.44e-08 | Train Acc: 0.3021 | Val Acc: 0.1154 | Val P/R/F1 (Macro): 0.0580/0.1667/0.0791 | LR: 0.000001
Epoch [93/100] | SVD update #93: pairs=96, sweeps=3, converged=False, rel_change=2.189e-01, effective_ranks=(95, 17), class_paired=True
Epoch [93/100] | Loss: 5.4929 (Cls: 5.4964, TAL: -0.1441, Adv: 0.1725, OT-Reg: 0.000930) | OT inner objective: 0.1811 | Marginal residual row/col/max: 1.30e-08/1.24e-08/1.43e-08 | Train Acc: 0.2812 | Val Acc: 0.1154 | Val P/R/F1 (Macro): 0.0833/0.1250/0.1000 | LR: 0.000001
Epoch [94/100] | SVD update #94: pairs=96, sweeps=3, converged=False, rel_change=2.132e-01, effective_ranks=(95, 17), class_paired=True
Epoch [94/100] | Loss: 5.6514 (Cls: 5.6637, TAL: -0.2341, Adv: 0.1979, OT-Reg: 0.000944) | OT inner objective: 0.1823 | Marginal residual row/col/max: 1.06e-08/1.68e-08/1.68e-08 | Train Acc: 0.2708 | Val Acc: 0.2308 | Val P/R/F1 (Macro): 0.0833/0.3333/0.1333 | LR: 0.000001
Epoch [95/100] | SVD update #95: pairs=96, sweeps=3, converged=False, rel_change=2.746e-03, effective_ranks=(94, 16), class_paired=True
Epoch [95/100] | Loss: 5.6756 (Cls: 5.6982, TAL: -0.2783, Adv: 0.1346, OT-Reg: 0.000942) | OT inner objective: 0.1678 | Marginal residual row/col/max: 1.43e-08/1.37e-08/1.68e-08 | Train Acc: 0.2604 | Val Acc: 0.1538 | Val P/R/F1 (Macro): 0.0722/0.2500/0.0970 | LR: 0.000001
Epoch [96/100] | SVD update #96: pairs=96, sweeps=3, converged=False, rel_change=8.172e-03, effective_ranks=(95, 16), class_paired=True
Epoch [96/100] | Loss: 5.4624 (Cls: 5.4777, TAL: -0.2522, Adv: 0.1866, OT-Reg: 0.000918) | OT inner objective: 0.1437 | Marginal residual row/col/max: 1.06e-08/1.43e-08/1.43e-08 | Train Acc: 0.3229 | Val Acc: 0.2308 | Val P/R/F1 (Macro): 0.1037/0.3333/0.1558 | LR: 0.000001
Epoch [97/100] | SVD update #97: pairs=96, sweeps=3, converged=False, rel_change=8.558e-03, effective_ranks=(95, 18), class_paired=True
Epoch [97/100] | Loss: 5.6537 (Cls: 5.6620, TAL: -0.1870, Adv: 0.1763, OT-Reg: 0.000918) | OT inner objective: 0.1654 | Marginal residual row/col/max: 1.37e-08/2.86e-08/2.92e-08 | Train Acc: 0.2604 | Val Acc: 0.1538 | Val P/R/F1 (Macro): 0.1000/0.2500/0.1136 | LR: 0.000001
Epoch [98/100] | SVD update #98: pairs=96, sweeps=3, converged=False, rel_change=7.868e-03, effective_ranks=(95, 18), class_paired=True
Epoch [98/100] | Loss: 5.5579 (Cls: 5.5836, TAL: -0.3103, Adv: 0.1441, OT-Reg: 0.000810) | OT inner objective: 0.1832 | Marginal residual row/col/max: 2.73e-04/2.30e-08/2.73e-04 | Train Acc: 0.2500 | Val Acc: 0.1538 | Val P/R/F1 (Macro): 0.0731/0.2500/0.0984 | LR: 0.000001
Epoch [99/100] | SVD update #99: pairs=96, sweeps=3, converged=False, rel_change=1.337e-02, effective_ranks=(95, 18), class_paired=True
Epoch [99/100] | Loss: 5.6773 (Cls: 5.6906, TAL: -0.2183, Adv: 0.1611, OT-Reg: 0.000971) | OT inner objective: 0.1895 | Marginal residual row/col/max: 1.74e-08/3.10e-08/3.23e-08 | Train Acc: 0.2604 | Val Acc: 0.1923 | Val P/R/F1 (Macro): 0.0979/0.2917/0.1443 | LR: 0.000001
Epoch [100/100] | SVD update #100: pairs=96, sweeps=3, converged=False, rel_change=1.336e-02, effective_ranks=(95, 16), class_paired=True
Epoch [100/100] | Loss: 5.6565 (Cls: 5.6706, TAL: -0.2175, Adv: 0.1495, OT-Reg: 0.000920) | OT inner objective: 0.0737 | Marginal residual row/col/max: 5.40e-08/1.24e-08/5.46e-08 | Train Acc: 0.1979 | Val Acc: 0.1923 | Val P/R/F1 (Macro): 0.2083/0.2000/0.1222 | LR: 0.000001
Report strategy: last_window, window=10, reported_acc=0.1692, best_acc=0.3462

迭代 2 报告指标:
  Accuracy: 0.1692
  Precision (Macro): 0.0912
  Recall (Macro): 0.2367
  F1 (Macro): 0.1097
  Precision (Micro): 0.1692
  Recall (Micro): 0.1692
  F1 (Micro): 0.1692
  Val class coverage: 6/14 (0.4286), samples=26

================================================================================
迭代 3/5
随机种子: 44
================================================================================
配对采样器已初始化，共 6 个共有类别。
Training mode: full target-label supervision (class-paired batches).
Feature fusion: Tensor alignment (512+512 -> 64+64); fused_dim=128
Domain adaptation: Neural OT generator with 3-domain discriminator
Loss weights: tensor=0.12, adv=0.08
Transport: mode=sinkhorn, epsilon=0.1, Sinkhorn iterations=50, correction scale=0.1, correction regularization weight=0.001
Tensor projection update: once per epoch from the complete target-training pairing bank; projection_dim=64, max_sweeps=3, relative singular-value tolerance=0.0001
Epoch [1/100] | SVD update #1: pairs=96, sweeps=3, converged=False, rel_change=5.811e-04, effective_ranks=(95, 94), class_paired=True
Epoch [1/100] | Loss: 7.9982 (Cls: 7.9857, TAL: -0.0291, Adv: 0.1989, OT-Reg: 0.000953) | OT inner objective: 0.3085 | Marginal residual row/col/max: 1.12e-08/1.86e-08/1.86e-08 | Train Acc: 0.2396 | Val Acc: 0.0385 | Val P/R/F1 (Macro): 0.0278/0.0417/0.0333 | LR: 0.000005
  >>> New Best Val Acc: 0.0385
Epoch [2/100] | SVD update #2: pairs=96, sweeps=3, converged=True, rel_change=1.900e-05, effective_ranks=(95, 85), class_paired=True
Epoch [2/100] | Loss: 8.8559 (Cls: 8.8536, TAL: -0.1188, Adv: 0.2065, OT-Reg: 0.000951) | OT inner objective: 0.3011 | Marginal residual row/col/max: 1.18e-08/1.74e-08/1.74e-08 | Train Acc: 0.1042 | Val Acc: 0.1154 | Val P/R/F1 (Macro): 0.1667/0.0750/0.1032 | LR: 0.000005
  >>> New Best Val Acc: 0.1154
Epoch [3/100] | SVD update #3: pairs=96, sweeps=3, converged=False, rel_change=2.358e-01, effective_ranks=(95, 69), class_paired=True
Epoch [3/100] | Loss: 8.5179 (Cls: 8.4983, TAL: 0.0251, Adv: 0.2070, OT-Reg: 0.000970) | OT inner objective: 0.3012 | Marginal residual row/col/max: 8.07e-09/1.43e-08/1.43e-08 | Train Acc: 0.1354 | Val Acc: 0.0769 | Val P/R/F1 (Macro): 0.0167/0.0667/0.0267 | LR: 0.000005
Epoch [4/100] | SVD update #4: pairs=96, sweeps=3, converged=False, rel_change=1.046e-01, effective_ranks=(95, 49), class_paired=True
Epoch [4/100] | Loss: 7.7653 (Cls: 7.7521, TAL: -0.0571, Adv: 0.2507, OT-Reg: 0.000934) | OT inner objective: 0.3027 | Marginal residual row/col/max: 9.93e-09/1.06e-08/1.06e-08 | Train Acc: 0.1667 | Val Acc: 0.0769 | Val P/R/F1 (Macro): 0.0370/0.0667/0.0476 | LR: 0.000005
Epoch [5/100] | SVD update #5: pairs=96, sweeps=3, converged=False, rel_change=4.031e-01, effective_ranks=(95, 67), class_paired=True
Epoch [5/100] | Loss: 7.3998 (Cls: 7.3662, TAL: 0.1374, Adv: 0.2140, OT-Reg: 0.000862) | OT inner objective: 0.3131 | Marginal residual row/col/max: 8.69e-09/1.55e-08/1.55e-08 | Train Acc: 0.2188 | Val Acc: 0.2308 | Val P/R/F1 (Macro): 0.1287/0.3333/0.1651 | LR: 0.000005
  >>> New Best Val Acc: 0.2308
Epoch [6/100] | SVD update #6: pairs=96, sweeps=3, converged=False, rel_change=6.048e-01, effective_ranks=(95, 67), class_paired=True
Epoch [6/100] | Loss: 7.6750 (Cls: 7.6532, TAL: 0.0396, Adv: 0.2132, OT-Reg: 0.000915) | OT inner objective: 0.3014 | Marginal residual row/col/max: 1.06e-08/1.18e-08/1.30e-08 | Train Acc: 0.1667 | Val Acc: 0.1923 | Val P/R/F1 (Macro): 0.1444/0.3167/0.1754 | LR: 0.000005
Epoch [7/100] | SVD update #7: pairs=96, sweeps=3, converged=False, rel_change=2.500e-01, effective_ranks=(95, 68), class_paired=True
Epoch [7/100] | Loss: 7.4238 (Cls: 7.4120, TAL: -0.0174, Adv: 0.1741, OT-Reg: 0.000897) | OT inner objective: 0.3038 | Marginal residual row/col/max: 9.31e-09/1.12e-08/1.18e-08 | Train Acc: 0.1771 | Val Acc: 0.0385 | Val P/R/F1 (Macro): 0.0093/0.0833/0.0167 | LR: 0.000005
Epoch [8/100] | SVD update #8: pairs=96, sweeps=3, converged=False, rel_change=8.851e-02, effective_ranks=(95, 52), class_paired=True
Epoch [8/100] | Loss: 7.7289 (Cls: 7.7128, TAL: 0.0017, Adv: 0.1992, OT-Reg: 0.001004) | OT inner objective: 0.2649 | Marginal residual row/col/max: 1.12e-08/1.12e-08/1.37e-08 | Train Acc: 0.0729 | Val Acc: 0.1538 | Val P/R/F1 (Macro): 0.0938/0.2083/0.1185 | LR: 0.000005
Epoch [9/100] | SVD update #9: pairs=96, sweeps=3, converged=False, rel_change=1.238e+00, effective_ranks=(95, 36), class_paired=True
Epoch [9/100] | Loss: 7.1354 (Cls: 7.1246, TAL: -0.0414, Adv: 0.1964, OT-Reg: 0.000965) | OT inner objective: 0.2845 | Marginal residual row/col/max: 1.18e-08/1.12e-08/1.18e-08 | Train Acc: 0.1979 | Val Acc: 0.2692 | Val P/R/F1 (Macro): 0.3542/0.4333/0.2910 | LR: 0.000005
  >>> New Best Val Acc: 0.2692
Epoch [10/100] | SVD update #10: pairs=96, sweeps=3, converged=False, rel_change=3.113e-01, effective_ranks=(95, 64), class_paired=True
Epoch [10/100] | Loss: 7.2363 (Cls: 7.2146, TAL: 0.0454, Adv: 0.2032, OT-Reg: 0.000992) | OT inner objective: 0.2788 | Marginal residual row/col/max: 9.93e-09/9.93e-09/1.06e-08 | Train Acc: 0.2188 | Val Acc: 0.1154 | Val P/R/F1 (Macro): 0.0217/0.1250/0.0370 | LR: 0.000005
Epoch [11/100] | SVD update #11: pairs=96, sweeps=3, converged=False, rel_change=2.387e-01, effective_ranks=(95, 46), class_paired=True
Epoch [11/100] | Loss: 7.2836 (Cls: 7.2541, TAL: 0.1197, Adv: 0.1884, OT-Reg: 0.000918) | OT inner objective: 0.2933 | Marginal residual row/col/max: 9.31e-09/1.43e-08/1.43e-08 | Train Acc: 0.2083 | Val Acc: 0.2308 | Val P/R/F1 (Macro): 0.1076/0.2500/0.1460 | LR: 0.000005
Epoch [12/100] | SVD update #12: pairs=96, sweeps=3, converged=False, rel_change=6.564e-01, effective_ranks=(95, 43), class_paired=True
Epoch [12/100] | Loss: 7.2261 (Cls: 7.1914, TAL: 0.1386, Adv: 0.2249, OT-Reg: 0.000953) | OT inner objective: 0.3025 | Marginal residual row/col/max: 8.07e-09/1.37e-08/1.37e-08 | Train Acc: 0.1354 | Val Acc: 0.2308 | Val P/R/F1 (Macro): 0.1931/0.3500/0.2287 | LR: 0.000005
Epoch [13/100] | SVD update #13: pairs=96, sweeps=3, converged=False, rel_change=1.125e+00, effective_ranks=(95, 35), class_paired=True
Epoch [13/100] | Loss: 7.4174 (Cls: 7.3942, TAL: 0.0517, Adv: 0.2125, OT-Reg: 0.000920) | OT inner objective: 0.3075 | Marginal residual row/col/max: 9.93e-09/1.37e-08/1.37e-08 | Train Acc: 0.1667 | Val Acc: 0.2692 | Val P/R/F1 (Macro): 0.1632/0.2333/0.1627 | LR: 0.000005
Epoch [14/100] | SVD update #14: pairs=96, sweeps=3, converged=False, rel_change=2.079e-01, effective_ranks=(95, 50), class_paired=True
Epoch [14/100] | Loss: 7.0485 (Cls: 7.0412, TAL: -0.0737, Adv: 0.2020, OT-Reg: 0.000977) | OT inner objective: 0.2821 | Marginal residual row/col/max: 9.93e-09/1.12e-08/1.24e-08 | Train Acc: 0.2083 | Val Acc: 0.1923 | Val P/R/F1 (Macro): 0.0321/0.1667/0.0538 | LR: 0.000005
Epoch [15/100] | SVD update #15: pairs=96, sweeps=3, converged=False, rel_change=5.061e-01, effective_ranks=(95, 35), class_paired=True
Epoch [15/100] | Loss: 7.2184 (Cls: 7.1824, TAL: 0.1683, Adv: 0.1979, OT-Reg: 0.001012) | OT inner objective: 0.2970 | Marginal residual row/col/max: 1.37e-08/2.61e-08/2.61e-08 | Train Acc: 0.1250 | Val Acc: 0.1538 | Val P/R/F1 (Macro): 0.0794/0.1833/0.1066 | LR: 0.000005
Epoch [16/100] | SVD update #16: pairs=96, sweeps=3, converged=False, rel_change=1.618e-01, effective_ranks=(95, 42), class_paired=True
Epoch [16/100] | Loss: 6.9151 (Cls: 6.9093, TAL: -0.0658, Adv: 0.1716, OT-Reg: 0.000989) | OT inner objective: 0.2481 | Marginal residual row/col/max: 7.45e-09/1.24e-08/1.24e-08 | Train Acc: 0.1667 | Val Acc: 0.1923 | Val P/R/F1 (Macro): 0.0347/0.1667/0.0575 | LR: 0.000005
Epoch [17/100] | SVD update #17: pairs=96, sweeps=3, converged=False, rel_change=6.842e-01, effective_ranks=(95, 46), class_paired=True
Epoch [17/100] | Loss: 7.2283 (Cls: 7.1857, TAL: 0.2427, Adv: 0.1685, OT-Reg: 0.000942) | OT inner objective: 0.3052 | Marginal residual row/col/max: 1.06e-08/1.74e-08/1.80e-08 | Train Acc: 0.1562 | Val Acc: 0.1923 | Val P/R/F1 (Macro): 0.1151/0.2167/0.1346 | LR: 0.000005
Epoch [18/100] | SVD update #18: pairs=96, sweeps=3, converged=False, rel_change=2.974e-02, effective_ranks=(94, 23), class_paired=True
Epoch [18/100] | Loss: 6.8588 (Cls: 6.8642, TAL: -0.1917, Adv: 0.2204, OT-Reg: 0.001033) | OT inner objective: 0.2623 | Marginal residual row/col/max: 9.31e-09/9.93e-09/1.12e-08 | Train Acc: 0.1979 | Val Acc: 0.1154 | Val P/R/F1 (Macro): 0.0529/0.1875/0.0607 | LR: 0.000005
Epoch [19/100] | SVD update #19: pairs=96, sweeps=3, converged=False, rel_change=8.879e-01, effective_ranks=(95, 26), class_paired=True
Epoch [19/100] | Loss: 6.8935 (Cls: 6.8577, TAL: 0.1757, Adv: 0.1843, OT-Reg: 0.000951) | OT inner objective: 0.2790 | Marginal residual row/col/max: 1.12e-08/2.86e-08/2.86e-08 | Train Acc: 0.2083 | Val Acc: 0.2308 | Val P/R/F1 (Macro): 0.2167/0.2292/0.1663 | LR: 0.000005
Epoch [20/100] | SVD update #20: pairs=96, sweeps=3, converged=False, rel_change=4.593e-01, effective_ranks=(95, 22), class_paired=True
Epoch [20/100] | Loss: 6.6567 (Cls: 6.6555, TAL: -0.1142, Adv: 0.1863, OT-Reg: 0.001098) | OT inner objective: 0.2398 | Marginal residual row/col/max: 7.45e-09/9.93e-09/9.93e-09 | Train Acc: 0.1458 | Val Acc: 0.3462 | Val P/R/F1 (Macro): 0.1865/0.4333/0.2483 | LR: 0.000005
  >>> New Best Val Acc: 0.3462
Epoch [21/100] | SVD update #21: pairs=96, sweeps=3, converged=False, rel_change=4.572e-01, effective_ranks=(95, 37), class_paired=True
Epoch [21/100] | Loss: 6.9997 (Cls: 6.9724, TAL: 0.1028, Adv: 0.1878, OT-Reg: 0.000888) | OT inner objective: 0.3015 | Marginal residual row/col/max: 1.24e-08/1.92e-08/2.05e-08 | Train Acc: 0.1667 | Val Acc: 0.1538 | Val P/R/F1 (Macro): 0.2645/0.2208/0.1113 | LR: 0.000005
Epoch [22/100] | SVD update #22: pairs=96, sweeps=3, converged=False, rel_change=1.770e-01, effective_ranks=(95, 23), class_paired=True
Epoch [22/100] | Loss: 7.0030 (Cls: 6.9970, TAL: -0.1087, Adv: 0.2383, OT-Reg: 0.000943) | OT inner objective: 0.2743 | Marginal residual row/col/max: 9.31e-09/1.24e-08/1.30e-08 | Train Acc: 0.2083 | Val Acc: 0.2692 | Val P/R/F1 (Macro): 0.1986/0.2333/0.1890 | LR: 0.000005
Epoch [23/100] | SVD update #23: pairs=96, sweeps=3, converged=False, rel_change=5.977e-01, effective_ranks=(95, 31), class_paired=True
Epoch [23/100] | Loss: 6.9795 (Cls: 6.9278, TAL: 0.2995, Adv: 0.1965, OT-Reg: 0.000889) | OT inner objective: 0.2991 | Marginal residual row/col/max: 9.93e-09/8.69e-09/9.93e-09 | Train Acc: 0.1458 | Val Acc: 0.1923 | Val P/R/F1 (Macro): 0.0347/0.1667/0.0575 | LR: 0.000005
Epoch [24/100] | SVD update #24: pairs=96, sweeps=3, converged=False, rel_change=2.260e-01, effective_ranks=(95, 30), class_paired=True
Epoch [24/100] | Loss: 6.8654 (Cls: 6.8784, TAL: -0.2557, Adv: 0.2212, OT-Reg: 0.001076) | OT inner objective: 0.1936 | Marginal residual row/col/max: 7.82e-08/2.05e-08/8.26e-08 | Train Acc: 0.2083 | Val Acc: 0.1154 | Val P/R/F1 (Macro): 0.0639/0.2083/0.0809 | LR: 0.000005
Epoch [25/100] | SVD update #25: pairs=96, sweeps=3, converged=False, rel_change=3.314e-01, effective_ranks=(95, 29), class_paired=True
Epoch [25/100] | Loss: 6.8269 (Cls: 6.7965, TAL: 0.1125, Adv: 0.2114, OT-Reg: 0.000945) | OT inner objective: 0.3045 | Marginal residual row/col/max: 8.69e-09/2.79e-08/2.79e-08 | Train Acc: 0.1146 | Val Acc: 0.2692 | Val P/R/F1 (Macro): 0.0556/0.1458/0.0805 | LR: 0.000005
Epoch [26/100] | SVD update #26: pairs=96, sweeps=3, converged=False, rel_change=9.959e-02, effective_ranks=(94, 30), class_paired=True
Epoch [26/100] | Loss: 6.7236 (Cls: 6.7074, TAL: -0.0141, Adv: 0.2225, OT-Reg: 0.000976) | OT inner objective: 0.2865 | Marginal residual row/col/max: 1.18e-08/2.67e-08/2.67e-08 | Train Acc: 0.1771 | Val Acc: 0.1923 | Val P/R/F1 (Macro): 0.0417/0.1667/0.0667 | LR: 0.000005
Epoch [27/100] | SVD update #27: pairs=96, sweeps=3, converged=False, rel_change=4.046e-01, effective_ranks=(95, 23), class_paired=True
Epoch [27/100] | Loss: 7.0404 (Cls: 7.0231, TAL: 0.0288, Adv: 0.1730, OT-Reg: 0.001057) | OT inner objective: 0.2661 | Marginal residual row/col/max: 1.37e-08/3.48e-08/3.48e-08 | Train Acc: 0.1667 | Val Acc: 0.0769 | Val P/R/F1 (Macro): 0.1667/0.0542/0.0810 | LR: 0.000005
Epoch [28/100] | SVD update #28: pairs=96, sweeps=3, converged=False, rel_change=3.553e-01, effective_ranks=(95, 24), class_paired=True
Epoch [28/100] | Loss: 6.5977 (Cls: 6.6146, TAL: -0.2501, Adv: 0.1643, OT-Reg: 0.001069) | OT inner objective: 0.1434 | Marginal residual row/col/max: 2.12e-04/2.48e-08/2.12e-04 | Train Acc: 0.1875 | Val Acc: 0.0769 | Val P/R/F1 (Macro): 0.0370/0.0833/0.0513 | LR: 0.000005
Epoch [29/100] | SVD update #29: pairs=96, sweeps=3, converged=False, rel_change=3.462e-01, effective_ranks=(95, 23), class_paired=True
Epoch [29/100] | Loss: 7.0146 (Cls: 6.9853, TAL: 0.1112, Adv: 0.1988, OT-Reg: 0.000977) | OT inner objective: 0.2861 | Marginal residual row/col/max: 1.18e-08/3.41e-08/3.41e-08 | Train Acc: 0.1250 | Val Acc: 0.0385 | Val P/R/F1 (Macro): 0.0111/0.0833/0.0196 | LR: 0.000005
Epoch [30/100] | SVD update #30: pairs=96, sweeps=3, converged=False, rel_change=3.078e-01, effective_ranks=(95, 20), class_paired=True
Epoch [30/100] | Loss: 6.6168 (Cls: 6.5881, TAL: 0.1095, Adv: 0.1950, OT-Reg: 0.001132) | OT inner objective: 0.1512 | Marginal residual row/col/max: 1.07e-04/8.69e-09/1.07e-04 | Train Acc: 0.1250 | Val Acc: 0.3077 | Val P/R/F1 (Macro): 0.1444/0.3667/0.2000 | LR: 0.000005
Epoch [31/100] | SVD update #31: pairs=96, sweeps=3, converged=False, rel_change=5.729e-01, effective_ranks=(95, 22), class_paired=True
Epoch [31/100] | Loss: 6.9561 (Cls: 6.9504, TAL: -0.0560, Adv: 0.1553, OT-Reg: 0.001070) | OT inner objective: 0.0814 | Marginal residual row/col/max: 1.27e-05/1.86e-08/1.27e-05 | Train Acc: 0.1771 | Val Acc: 0.2692 | Val P/R/F1 (Macro): 0.2383/0.2417/0.1583 | LR: 0.000003
Epoch [32/100] | SVD update #32: pairs=96, sweeps=3, converged=False, rel_change=1.292e-01, effective_ranks=(95, 21), class_paired=True
Epoch [32/100] | Loss: 6.6826 (Cls: 6.6633, TAL: 0.0422, Adv: 0.1779, OT-Reg: 0.000991) | OT inner objective: 0.3033 | Marginal residual row/col/max: 9.31e-09/2.30e-08/2.30e-08 | Train Acc: 0.1354 | Val Acc: 0.1154 | Val P/R/F1 (Macro): 0.0431/0.2000/0.0649 | LR: 0.000003
Epoch [33/100] | SVD update #33: pairs=96, sweeps=3, converged=False, rel_change=1.591e-01, effective_ranks=(94, 16), class_paired=True
Epoch [33/100] | Loss: 6.9217 (Cls: 6.8943, TAL: 0.0946, Adv: 0.2016, OT-Reg: 0.001076) | OT inner objective: 0.1116 | Marginal residual row/col/max: 1.81e-04/4.04e-08/1.81e-04 | Train Acc: 0.1250 | Val Acc: 0.0385 | Val P/R/F1 (Macro): 0.0152/0.0833/0.0256 | LR: 0.000003
Epoch [34/100] | SVD update #34: pairs=96, sweeps=3, converged=False, rel_change=1.104e+00, effective_ranks=(95, 20), class_paired=True
Epoch [34/100] | Loss: 6.6875 (Cls: 6.6496, TAL: 0.1987, Adv: 0.1752, OT-Reg: 0.000968) | OT inner objective: 0.2897 | Marginal residual row/col/max: 1.18e-08/2.48e-08/2.48e-08 | Train Acc: 0.1458 | Val Acc: 0.3077 | Val P/R/F1 (Macro): 0.0702/0.1667/0.0988 | LR: 0.000003
Epoch [35/100] | SVD update #35: pairs=96, sweeps=3, converged=False, rel_change=4.474e-01, effective_ranks=(95, 21), class_paired=True
Epoch [35/100] | Loss: 6.4977 (Cls: 6.4901, TAL: -0.0517, Adv: 0.1716, OT-Reg: 0.001107) | OT inner objective: 0.0923 | Marginal residual row/col/max: 2.32e-04/2.30e-08/2.32e-04 | Train Acc: 0.1875 | Val Acc: 0.0385 | Val P/R/F1 (Macro): 0.0104/0.0333/0.0159 | LR: 0.000003
Epoch [36/100] | SVD update #36: pairs=96, sweeps=3, converged=False, rel_change=2.473e-01, effective_ranks=(94, 15), class_paired=True
Epoch [36/100] | Loss: 6.9268 (Cls: 6.9269, TAL: -0.1161, Adv: 0.1725, OT-Reg: 0.001066) | OT inner objective: 0.0205 | Marginal residual row/col/max: 3.74e-04/1.24e-08/3.74e-04 | Train Acc: 0.1562 | Val Acc: 0.2692 | Val P/R/F1 (Macro): 0.1117/0.1708/0.1349 | LR: 0.000003
Epoch [37/100] | SVD update #37: pairs=96, sweeps=3, converged=False, rel_change=1.724e-02, effective_ranks=(95, 14), class_paired=True
Epoch [37/100] | Loss: 6.5830 (Cls: 6.5786, TAL: -0.0813, Adv: 0.1778, OT-Reg: 0.001142) | OT inner objective: 0.0977 | Marginal residual row/col/max: 5.69e-05/2.61e-08/5.69e-05 | Train Acc: 0.1875 | Val Acc: 0.4231 | Val P/R/F1 (Macro): 0.3333/0.4792/0.3592 | LR: 0.000003
  >>> New Best Val Acc: 0.4231
Epoch [38/100] | SVD update #38: pairs=96, sweeps=3, converged=False, rel_change=4.237e-02, effective_ranks=(95, 15), class_paired=True
Epoch [38/100] | Loss: 6.7489 (Cls: 6.7446, TAL: -0.0734, Adv: 0.1637, OT-Reg: 0.001153) | OT inner objective: 0.0812 | Marginal residual row/col/max: 2.55e-04/2.79e-08/2.55e-04 | Train Acc: 0.1979 | Val Acc: 0.1538 | Val P/R/F1 (Macro): 0.0849/0.2208/0.1081 | LR: 0.000003
Epoch [39/100] | SVD update #39: pairs=96, sweeps=3, converged=False, rel_change=1.788e-01, effective_ranks=(95, 22), class_paired=True
Epoch [39/100] | Loss: 6.7007 (Cls: 6.6802, TAL: 0.0719, Adv: 0.1490, OT-Reg: 0.001123) | OT inner objective: 0.0746 | Marginal residual row/col/max: 2.38e-05/1.86e-08/2.38e-05 | Train Acc: 0.2083 | Val Acc: 0.0385 | Val P/R/F1 (Macro): 0.0076/0.0833/0.0139 | LR: 0.000003
Epoch [40/100] | SVD update #40: pairs=96, sweeps=3, converged=False, rel_change=2.048e+00, effective_ranks=(95, 18), class_paired=True
Epoch [40/100] | Loss: 6.8017 (Cls: 6.7888, TAL: -0.0135, Adv: 0.1805, OT-Reg: 0.001110) | OT inner objective: 0.1525 | Marginal residual row/col/max: 1.36e-05/2.24e-08/1.36e-05 | Train Acc: 0.1354 | Val Acc: 0.1923 | Val P/R/F1 (Macro): 0.1270/0.1833/0.1500 | LR: 0.000003
Epoch [41/100] | SVD update #41: pairs=96, sweeps=3, converged=False, rel_change=1.757e-01, effective_ranks=(94, 17), class_paired=True
Epoch [41/100] | Loss: 6.7861 (Cls: 6.7762, TAL: -0.0488, Adv: 0.1967, OT-Reg: 0.001023) | OT inner objective: 0.2428 | Marginal residual row/col/max: 1.73e-06/2.24e-08/1.74e-06 | Train Acc: 0.1667 | Val Acc: 0.3462 | Val P/R/F1 (Macro): 0.1417/0.2250/0.1699 | LR: 0.000003
Epoch [42/100] | SVD update #42: pairs=96, sweeps=3, converged=False, rel_change=1.498e-01, effective_ranks=(95, 19), class_paired=True
Epoch [42/100] | Loss: 7.0643 (Cls: 7.0604, TAL: -0.0790, Adv: 0.1675, OT-Reg: 0.001125) | OT inner objective: 0.1168 | Marginal residual row/col/max: 7.12e-06/1.99e-08/7.12e-06 | Train Acc: 0.1354 | Val Acc: 0.2308 | Val P/R/F1 (Macro): 0.1310/0.2000/0.1442 | LR: 0.000003
Epoch [43/100] | SVD update #43: pairs=96, sweeps=3, converged=False, rel_change=6.874e-01, effective_ranks=(95, 20), class_paired=True
Epoch [43/100] | Loss: 6.6696 (Cls: 6.6909, TAL: -0.2841, Adv: 0.1596, OT-Reg: 0.001171) | OT inner objective: -0.0040 | Marginal residual row/col/max: 2.65e-04/8.69e-09/2.65e-04 | Train Acc: 0.1667 | Val Acc: 0.1923 | Val P/R/F1 (Macro): 0.2250/0.2417/0.1340 | LR: 0.000003
Epoch [44/100] | SVD update #44: pairs=96, sweeps=3, converged=False, rel_change=3.786e-01, effective_ranks=(95, 23), class_paired=True
Epoch [44/100] | Loss: 6.4457 (Cls: 6.4119, TAL: 0.2050, Adv: 0.1139, OT-Reg: 0.001053) | OT inner objective: 0.2556 | Marginal residual row/col/max: 1.24e-08/2.48e-08/2.48e-08 | Train Acc: 0.2604 | Val Acc: 0.1923 | Val P/R/F1 (Macro): 0.0825/0.2292/0.1132 | LR: 0.000003
Epoch [45/100] | SVD update #45: pairs=96, sweeps=3, converged=False, rel_change=4.272e-01, effective_ranks=(95, 21), class_paired=True
Epoch [45/100] | Loss: 6.6351 (Cls: 6.6364, TAL: -0.1082, Adv: 0.1458, OT-Reg: 0.001015) | OT inner objective: 0.2735 | Marginal residual row/col/max: 9.31e-09/2.36e-08/2.36e-08 | Train Acc: 0.1250 | Val Acc: 0.0769 | Val P/R/F1 (Macro): 0.0667/0.1167/0.0613 | LR: 0.000003
Epoch [46/100] | SVD update #46: pairs=96, sweeps=3, converged=False, rel_change=1.788e+00, effective_ranks=(95, 15), class_paired=True
Epoch [46/100] | Loss: 6.7422 (Cls: 6.7120, TAL: 0.1462, Adv: 0.1583, OT-Reg: 0.000994) | OT inner objective: 0.2496 | Marginal residual row/col/max: 1.67e-06/2.11e-08/1.67e-06 | Train Acc: 0.1354 | Val Acc: 0.3462 | Val P/R/F1 (Macro): 0.2244/0.2500/0.2325 | LR: 0.000003
Epoch [47/100] | SVD update #47: pairs=96, sweeps=3, converged=False, rel_change=4.218e-01, effective_ranks=(95, 15), class_paired=True
Epoch [47/100] | Loss: 6.4747 (Cls: 6.4769, TAL: -0.1067, Adv: 0.1321, OT-Reg: 0.000995) | OT inner objective: 0.2781 | Marginal residual row/col/max: 1.92e-08/3.97e-08/3.97e-08 | Train Acc: 0.2292 | Val Acc: 0.1923 | Val P/R/F1 (Macro): 0.0722/0.1667/0.0970 | LR: 0.000003
Epoch [48/100] | SVD update #48: pairs=96, sweeps=3, converged=False, rel_change=2.535e-02, effective_ranks=(95, 13), class_paired=True
Epoch [48/100] | Loss: 6.7307 (Cls: 6.7015, TAL: 0.1389, Adv: 0.1569, OT-Reg: 0.000956) | OT inner objective: 0.2999 | Marginal residual row/col/max: 1.55e-08/2.92e-08/2.92e-08 | Train Acc: 0.1979 | Val Acc: 0.1923 | Val P/R/F1 (Macro): 0.0931/0.1667/0.1181 | LR: 0.000001
Epoch [49/100] | SVD update #49: pairs=96, sweeps=3, converged=False, rel_change=4.579e-01, effective_ranks=(95, 18), class_paired=True
Epoch [49/100] | Loss: 6.6133 (Cls: 6.6084, TAL: -0.0543, Adv: 0.1428, OT-Reg: 0.001072) | OT inner objective: 0.2819 | Marginal residual row/col/max: 2.48e-08/2.36e-08/2.86e-08 | Train Acc: 0.1771 | Val Acc: 0.2308 | Val P/R/F1 (Macro): 0.0918/0.2000/0.1012 | LR: 0.000001
Epoch [50/100] | SVD update #50: pairs=96, sweeps=3, converged=False, rel_change=3.081e-01, effective_ranks=(95, 21), class_paired=True
Epoch [50/100] | Loss: 6.5326 (Cls: 6.5367, TAL: -0.1372, Adv: 0.1540, OT-Reg: 0.001124) | OT inner objective: 0.1406 | Marginal residual row/col/max: 1.40e-06/1.80e-08/1.40e-06 | Train Acc: 0.1875 | Val Acc: 0.1538 | Val P/R/F1 (Macro): 0.0794/0.2083/0.1136 | LR: 0.000001
Epoch [51/100] | SVD update #51: pairs=96, sweeps=3, converged=False, rel_change=2.763e-01, effective_ranks=(94, 21), class_paired=True
Epoch [51/100] | Loss: 6.4932 (Cls: 6.4928, TAL: -0.0777, Adv: 0.1225, OT-Reg: 0.000985) | OT inner objective: 0.2354 | Marginal residual row/col/max: 4.10e-08/2.67e-08/4.41e-08 | Train Acc: 0.1875 | Val Acc: 0.3077 | Val P/R/F1 (Macro): 0.0702/0.1667/0.0988 | LR: 0.000001
Epoch [52/100] | SVD update #52: pairs=96, sweeps=3, converged=False, rel_change=3.834e-01, effective_ranks=(95, 26), class_paired=True
Epoch [52/100] | Loss: 6.5278 (Cls: 6.5279, TAL: -0.0755, Adv: 0.1111, OT-Reg: 0.000969) | OT inner objective: 0.1751 | Marginal residual row/col/max: 2.98e-08/2.61e-08/2.98e-08 | Train Acc: 0.2500 | Val Acc: 0.1923 | Val P/R/F1 (Macro): 0.0850/0.1417/0.0931 | LR: 0.000001
Epoch [53/100] | SVD update #53: pairs=96, sweeps=3, converged=False, rel_change=2.021e-01, effective_ranks=(95, 21), class_paired=True
Epoch [53/100] | Loss: 6.3058 (Cls: 6.2925, TAL: 0.0093, Adv: 0.1515, OT-Reg: 0.001031) | OT inner objective: 0.2717 | Marginal residual row/col/max: 1.12e-08/2.67e-08/2.67e-08 | Train Acc: 0.2188 | Val Acc: 0.3462 | Val P/R/F1 (Macro): 0.2183/0.3625/0.2343 | LR: 0.000001
Epoch [54/100] | SVD update #54: pairs=96, sweeps=3, converged=False, rel_change=1.006e-01, effective_ranks=(95, 21), class_paired=True
Epoch [54/100] | Loss: 6.2591 (Cls: 6.2347, TAL: 0.0851, Adv: 0.1768, OT-Reg: 0.001098) | OT inner objective: 0.1438 | Marginal residual row/col/max: 5.82e-07/1.30e-08/5.84e-07 | Train Acc: 0.1667 | Val Acc: 0.1154 | Val P/R/F1 (Macro): 0.1818/0.1000/0.1161 | LR: 0.000001
Epoch [55/100] | SVD update #55: pairs=96, sweeps=3, converged=False, rel_change=8.654e-02, effective_ranks=(95, 21), class_paired=True
Epoch [55/100] | Loss: 6.4520 (Cls: 6.4391, TAL: 0.0227, Adv: 0.1275, OT-Reg: 0.001103) | OT inner objective: 0.1313 | Marginal residual row/col/max: 3.76e-06/1.86e-08/3.76e-06 | Train Acc: 0.1146 | Val Acc: 0.2308 | Val P/R/F1 (Macro): 0.0926/0.3000/0.1390 | LR: 0.000001
Epoch [56/100] | SVD update #56: pairs=96, sweeps=3, converged=False, rel_change=6.212e-01, effective_ranks=(95, 22), class_paired=True
Epoch [56/100] | Loss: 6.7801 (Cls: 6.7660, TAL: 0.0187, Adv: 0.1488, OT-Reg: 0.001078) | OT inner objective: 0.3019 | Marginal residual row/col/max: 1.12e-08/2.48e-08/2.48e-08 | Train Acc: 0.1354 | Val Acc: 0.1538 | Val P/R/F1 (Macro): 0.1111/0.1833/0.1326 | LR: 0.000001
Epoch [57/100] | SVD update #57: pairs=96, sweeps=3, converged=False, rel_change=2.737e-01, effective_ranks=(95, 25), class_paired=True
Epoch [57/100] | Loss: 6.4497 (Cls: 6.4455, TAL: -0.0588, Adv: 0.1412, OT-Reg: 0.001028) | OT inner objective: 0.2959 | Marginal residual row/col/max: 1.18e-08/3.85e-08/3.85e-08 | Train Acc: 0.1667 | Val Acc: 0.0000 | Val P/R/F1 (Macro): 0.0000/0.0000/0.0000 | LR: 0.000001
Epoch [58/100] | SVD update #58: pairs=96, sweeps=3, converged=False, rel_change=3.503e-01, effective_ranks=(95, 29), class_paired=True
Epoch [58/100] | Loss: 6.5331 (Cls: 6.4991, TAL: 0.2021, Adv: 0.1221, OT-Reg: 0.001011) | OT inner objective: 0.2848 | Marginal residual row/col/max: 1.74e-08/2.24e-08/2.48e-08 | Train Acc: 0.2188 | Val Acc: 0.1923 | Val P/R/F1 (Macro): 0.1438/0.1667/0.1211 | LR: 0.000001
Epoch [59/100] | SVD update #59: pairs=96, sweeps=3, converged=False, rel_change=3.291e-01, effective_ranks=(95, 20), class_paired=True
Epoch [59/100] | Loss: 6.3364 (Cls: 6.3068, TAL: 0.1492, Adv: 0.1453, OT-Reg: 0.001109) | OT inner objective: 0.1105 | Marginal residual row/col/max: 3.01e-07/1.12e-08/3.01e-07 | Train Acc: 0.2708 | Val Acc: 0.2308 | Val P/R/F1 (Macro): 0.1368/0.1500/0.1323 | LR: 0.000001
Epoch [60/100] | SVD update #60: pairs=96, sweeps=3, converged=False, rel_change=2.687e-01, effective_ranks=(95, 20), class_paired=True
Epoch [60/100] | Loss: 7.2027 (Cls: 7.1856, TAL: 0.0380, Adv: 0.1561, OT-Reg: 0.001038) | OT inner objective: 0.2960 | Marginal residual row/col/max: 8.69e-09/2.36e-08/2.36e-08 | Train Acc: 0.1250 | Val Acc: 0.2308 | Val P/R/F1 (Macro): 0.1296/0.2500/0.1558 | LR: 0.000001
Epoch [61/100] | SVD update #61: pairs=96, sweeps=3, converged=False, rel_change=2.521e-01, effective_ranks=(95, 19), class_paired=True
Epoch [61/100] | Loss: 6.7297 (Cls: 6.7258, TAL: -0.0806, Adv: 0.1691, OT-Reg: 0.000998) | OT inner objective: 0.2818 | Marginal residual row/col/max: 9.93e-09/3.29e-08/3.29e-08 | Train Acc: 0.1875 | Val Acc: 0.1923 | Val P/R/F1 (Macro): 0.0926/0.2667/0.1320 | LR: 0.000001
Epoch [62/100] | SVD update #62: pairs=96, sweeps=3, converged=False, rel_change=8.585e-02, effective_ranks=(95, 21), class_paired=True
Epoch [62/100] | Loss: 6.8346 (Cls: 6.8228, TAL: 0.0086, Adv: 0.1342, OT-Reg: 0.001059) | OT inner objective: 0.2685 | Marginal residual row/col/max: 1.49e-08/3.41e-08/3.41e-08 | Train Acc: 0.1771 | Val Acc: 0.1923 | Val P/R/F1 (Macro): 0.1091/0.2167/0.1349 | LR: 0.000001
Epoch [63/100] | SVD update #63: pairs=96, sweeps=3, converged=False, rel_change=8.038e-02, effective_ranks=(95, 17), class_paired=True
Epoch [63/100] | Loss: 6.8026 (Cls: 6.7993, TAL: -0.0770, Adv: 0.1569, OT-Reg: 0.000957) | OT inner objective: 0.2870 | Marginal residual row/col/max: 1.18e-08/2.48e-08/2.48e-08 | Train Acc: 0.1771 | Val Acc: 0.1538 | Val P/R/F1 (Macro): 0.1048/0.0958/0.1000 | LR: 0.000001
Epoch [64/100] | SVD update #64: pairs=96, sweeps=3, converged=False, rel_change=1.215e-01, effective_ranks=(95, 23), class_paired=True
Epoch [64/100] | Loss: 6.6203 (Cls: 6.5965, TAL: 0.1110, Adv: 0.1310, OT-Reg: 0.001067) | OT inner objective: 0.2030 | Marginal residual row/col/max: 3.03e-05/2.42e-08/3.03e-05 | Train Acc: 0.1979 | Val Acc: 0.1923 | Val P/R/F1 (Macro): 0.0439/0.1667/0.0694 | LR: 0.000001
Epoch [65/100] | SVD update #65: pairs=96, sweeps=3, converged=False, rel_change=1.915e-01, effective_ranks=(95, 18), class_paired=True
Epoch [65/100] | Loss: 6.4830 (Cls: 6.4708, TAL: 0.0192, Adv: 0.1246, OT-Reg: 0.000990) | OT inner objective: 0.2384 | Marginal residual row/col/max: 1.37e-08/2.05e-08/2.24e-08 | Train Acc: 0.2188 | Val Acc: 0.2692 | Val P/R/F1 (Macro): 0.1588/0.3958/0.2193 | LR: 0.000001
Epoch [66/100] | SVD update #66: pairs=96, sweeps=3, converged=False, rel_change=8.591e-02, effective_ranks=(95, 19), class_paired=True
Epoch [66/100] | Loss: 6.3142 (Cls: 6.3019, TAL: 0.0166, Adv: 0.1284, OT-Reg: 0.001070) | OT inner objective: 0.2115 | Marginal residual row/col/max: 5.61e-07/4.10e-08/5.80e-07 | Train Acc: 0.2083 | Val Acc: 0.2308 | Val P/R/F1 (Macro): 0.1222/0.2000/0.1476 | LR: 0.000001
Epoch [67/100] | SVD update #67: pairs=96, sweeps=3, converged=False, rel_change=3.213e-01, effective_ranks=(95, 22), class_paired=True
Epoch [67/100] | Loss: 6.6239 (Cls: 6.6075, TAL: 0.0402, Adv: 0.1439, OT-Reg: 0.000947) | OT inner objective: 0.2866 | Marginal residual row/col/max: 1.24e-08/2.36e-08/2.36e-08 | Train Acc: 0.1979 | Val Acc: 0.2308 | Val P/R/F1 (Macro): 0.1722/0.1750/0.1719 | LR: 0.000001
Epoch [68/100] | SVD update #68: pairs=96, sweeps=3, converged=False, rel_change=4.617e-01, effective_ranks=(95, 17), class_paired=True
Epoch [68/100] | Loss: 6.7255 (Cls: 6.6958, TAL: 0.1497, Adv: 0.1467, OT-Reg: 0.000988) | OT inner objective: 0.2684 | Marginal residual row/col/max: 2.79e-08/2.79e-08/3.17e-08 | Train Acc: 0.1250 | Val Acc: 0.1154 | Val P/R/F1 (Macro): 0.0486/0.1500/0.0734 | LR: 0.000001
Epoch [69/100] | SVD update #69: pairs=96, sweeps=3, converged=False, rel_change=3.631e-01, effective_ranks=(95, 18), class_paired=True
Epoch [69/100] | Loss: 6.3763 (Cls: 6.3621, TAL: 0.0239, Adv: 0.1420, OT-Reg: 0.001121) | OT inner objective: 0.1241 | Marginal residual row/col/max: 3.33e-05/1.37e-08/3.33e-05 | Train Acc: 0.2083 | Val Acc: 0.1538 | Val P/R/F1 (Macro): 0.0667/0.1333/0.0889 | LR: 0.000001
Epoch [70/100] | SVD update #70: pairs=96, sweeps=3, converged=False, rel_change=5.833e-01, effective_ranks=(95, 18), class_paired=True
Epoch [70/100] | Loss: 6.3226 (Cls: 6.3341, TAL: -0.1673, Adv: 0.1072, OT-Reg: 0.000993) | OT inner objective: 0.2596 | Marginal residual row/col/max: 1.61e-08/3.29e-08/3.29e-08 | Train Acc: 0.1771 | Val Acc: 0.1538 | Val P/R/F1 (Macro): 0.0718/0.1458/0.0792 | LR: 0.000001
Epoch [71/100] | SVD update #71: pairs=96, sweeps=3, converged=False, rel_change=5.758e-01, effective_ranks=(95, 18), class_paired=True
Epoch [71/100] | Loss: 6.4277 (Cls: 6.3857, TAL: 0.2717, Adv: 0.1172, OT-Reg: 0.001012) | OT inner objective: 0.3078 | Marginal residual row/col/max: 1.06e-08/2.05e-08/2.05e-08 | Train Acc: 0.2083 | Val Acc: 0.3462 | Val P/R/F1 (Macro): 0.2200/0.2500/0.1919 | LR: 0.000001
Epoch [72/100] | SVD update #72: pairs=96, sweeps=3, converged=False, rel_change=9.398e-01, effective_ranks=(95, 19), class_paired=True
Epoch [72/100] | Loss: 6.3035 (Cls: 6.2883, TAL: 0.0425, Adv: 0.1265, OT-Reg: 0.001101) | OT inner objective: 0.1393 | Marginal residual row/col/max: 4.92e-07/9.93e-09/4.92e-07 | Train Acc: 0.1771 | Val Acc: 0.3077 | Val P/R/F1 (Macro): 0.2254/0.2333/0.2249 | LR: 0.000001
Epoch [73/100] | SVD update #73: pairs=96, sweeps=3, converged=False, rel_change=2.161e-01, effective_ranks=(95, 19), class_paired=True
Epoch [73/100] | Loss: 6.4873 (Cls: 6.4815, TAL: -0.0702, Adv: 0.1776, OT-Reg: 0.001152) | OT inner objective: 0.1211 | Marginal residual row/col/max: 3.60e-05/9.93e-09/3.60e-05 | Train Acc: 0.0938 | Val Acc: 0.0385 | Val P/R/F1 (Macro): 0.1667/0.0333/0.0556 | LR: 0.000001
Epoch [74/100] | SVD update #74: pairs=96, sweeps=3, converged=False, rel_change=5.487e-02, effective_ranks=(95, 19), class_paired=True
Epoch [74/100] | Loss: 6.4700 (Cls: 6.4485, TAL: 0.0967, Adv: 0.1233, OT-Reg: 0.001143) | OT inner objective: 0.1068 | Marginal residual row/col/max: 4.93e-04/1.30e-08/4.93e-04 | Train Acc: 0.1250 | Val Acc: 0.1923 | Val P/R/F1 (Macro): 0.0347/0.1667/0.0575 | LR: 0.000001
Epoch [75/100] | SVD update #75: pairs=96, sweeps=3, converged=False, rel_change=1.687e-01, effective_ranks=(95, 22), class_paired=True
Epoch [75/100] | Loss: 6.4669 (Cls: 6.4777, TAL: -0.1776, Adv: 0.1317, OT-Reg: 0.001014) | OT inner objective: 0.1838 | Marginal residual row/col/max: 3.41e-08/1.30e-08/3.73e-08 | Train Acc: 0.1771 | Val Acc: 0.1923 | Val P/R/F1 (Macro): 0.0417/0.1667/0.0667 | LR: 0.000001
Epoch [76/100] | SVD update #76: pairs=96, sweeps=3, converged=False, rel_change=2.425e-01, effective_ranks=(95, 19), class_paired=True
Epoch [76/100] | Loss: 6.5696 (Cls: 6.5679, TAL: -0.0683, Adv: 0.1244, OT-Reg: 0.001004) | OT inner objective: 0.2149 | Marginal residual row/col/max: 7.01e-05/2.30e-08/7.01e-05 | Train Acc: 0.1250 | Val Acc: 0.1923 | Val P/R/F1 (Macro): 0.0694/0.1042/0.0833 | LR: 0.000001
Epoch [77/100] | SVD update #77: pairs=96, sweeps=3, converged=False, rel_change=1.967e-01, effective_ranks=(95, 19), class_paired=True
Epoch [77/100] | Loss: 6.5958 (Cls: 6.5970, TAL: -0.0737, Adv: 0.0955, OT-Reg: 0.001083) | OT inner objective: 0.1394 | Marginal residual row/col/max: 8.11e-06/2.36e-08/8.11e-06 | Train Acc: 0.1250 | Val Acc: 0.1154 | Val P/R/F1 (Macro): 0.1056/0.1875/0.1057 | LR: 0.000001
Epoch [78/100] | SVD update #78: pairs=96, sweeps=3, converged=False, rel_change=5.355e-02, effective_ranks=(95, 20), class_paired=True
Epoch [78/100] | Loss: 6.5223 (Cls: 6.4973, TAL: 0.1385, Adv: 0.1037, OT-Reg: 0.001088) | OT inner objective: 0.2055 | Marginal residual row/col/max: 2.38e-06/1.24e-08/2.38e-06 | Train Acc: 0.1458 | Val Acc: 0.2692 | Val P/R/F1 (Macro): 0.1389/0.1958/0.1614 | LR: 0.000001
Epoch [79/100] | SVD update #79: pairs=96, sweeps=3, converged=False, rel_change=2.617e-01, effective_ranks=(95, 24), class_paired=True
Epoch [79/100] | Loss: 6.3880 (Cls: 6.3984, TAL: -0.1699, Adv: 0.1249, OT-Reg: 0.001128) | OT inner objective: 0.1813 | Marginal residual row/col/max: 3.17e-08/1.74e-08/3.60e-08 | Train Acc: 0.1667 | Val Acc: 0.1154 | Val P/R/F1 (Macro): 0.0460/0.2500/0.0763 | LR: 0.000001
Epoch [80/100] | SVD update #80: pairs=96, sweeps=3, converged=False, rel_change=1.382e-01, effective_ranks=(95, 22), class_paired=True
Epoch [80/100] | Loss: 6.4373 (Cls: 6.4322, TAL: -0.0512, Adv: 0.1411, OT-Reg: 0.001109) | OT inner objective: 0.1326 | Marginal residual row/col/max: 7.39e-07/1.30e-08/7.42e-07 | Train Acc: 0.1146 | Val Acc: 0.1538 | Val P/R/F1 (Macro): 0.0333/0.1333/0.0533 | LR: 0.000001
Epoch [81/100] | SVD update #81: pairs=96, sweeps=3, converged=False, rel_change=4.824e-01, effective_ranks=(95, 19), class_paired=True
Epoch [81/100] | Loss: 6.4135 (Cls: 6.3812, TAL: 0.1937, Adv: 0.1134, OT-Reg: 0.000940) | OT inner objective: 0.3037 | Marginal residual row/col/max: 1.37e-08/2.73e-08/2.98e-08 | Train Acc: 0.1979 | Val Acc: 0.1538 | Val P/R/F1 (Macro): 0.0611/0.1333/0.0833 | LR: 0.000001
Epoch [82/100] | SVD update #82: pairs=96, sweeps=3, converged=False, rel_change=2.575e-01, effective_ranks=(95, 21), class_paired=True
Epoch [82/100] | Loss: 6.6447 (Cls: 6.6424, TAL: -0.0573, Adv: 0.1144, OT-Reg: 0.001107) | OT inner objective: 0.1982 | Marginal residual row/col/max: 2.36e-08/2.24e-08/2.86e-08 | Train Acc: 0.1979 | Val Acc: 0.1923 | Val P/R/F1 (Macro): 0.0362/0.1667/0.0595 | LR: 0.000001
Epoch [83/100] | SVD update #83: pairs=96, sweeps=3, converged=False, rel_change=1.107e-01, effective_ranks=(95, 19), class_paired=True
Epoch [83/100] | Loss: 6.5873 (Cls: 6.5442, TAL: 0.2681, Adv: 0.1363, OT-Reg: 0.001018) | OT inner objective: 0.2705 | Marginal residual row/col/max: 1.49e-08/3.79e-08/3.79e-08 | Train Acc: 0.1354 | Val Acc: 0.1538 | Val P/R/F1 (Macro): 0.0317/0.1333/0.0513 | LR: 0.000001
Epoch [84/100] | SVD update #84: pairs=96, sweeps=3, converged=False, rel_change=3.043e+00, effective_ranks=(95, 19), class_paired=True
Epoch [84/100] | Loss: 6.1794 (Cls: 6.1651, TAL: 0.0291, Adv: 0.1352, OT-Reg: 0.001214) | OT inner objective: 0.1679 | Marginal residual row/col/max: 1.45e-07/9.93e-09/1.45e-07 | Train Acc: 0.2083 | Val Acc: 0.2308 | Val P/R/F1 (Macro): 0.1621/0.2125/0.1804 | LR: 0.000001
Epoch [85/100] | SVD update #85: pairs=96, sweeps=3, converged=False, rel_change=2.614e-01, effective_ranks=(95, 20), class_paired=True
Epoch [85/100] | Loss: 6.5940 (Cls: 6.5846, TAL: -0.0233, Adv: 0.1521, OT-Reg: 0.001135) | OT inner objective: 0.1055 | Marginal residual row/col/max: 2.82e-07/1.86e-08/2.88e-07 | Train Acc: 0.1667 | Val Acc: 0.1538 | Val P/R/F1 (Macro): 0.0541/0.1208/0.0655 | LR: 0.000001
Epoch [86/100] | SVD update #86: pairs=96, sweeps=3, converged=False, rel_change=1.159e-01, effective_ranks=(95, 17), class_paired=True
Epoch [86/100] | Loss: 6.7130 (Cls: 6.6989, TAL: 0.0440, Adv: 0.1103, OT-Reg: 0.001085) | OT inner objective: 0.1370 | Marginal residual row/col/max: 1.35e-07/2.05e-08/1.41e-07 | Train Acc: 0.1562 | Val Acc: 0.3462 | Val P/R/F1 (Macro): 0.2222/0.2000/0.1389 | LR: 0.000001
Epoch [87/100] | SVD update #87: pairs=96, sweeps=3, converged=False, rel_change=1.667e-01, effective_ranks=(95, 23), class_paired=True
Epoch [87/100] | Loss: 6.4998 (Cls: 6.4952, TAL: -0.0543, Adv: 0.1391, OT-Reg: 0.001179) | OT inner objective: 0.1161 | Marginal residual row/col/max: 9.69e-08/2.42e-08/1.02e-07 | Train Acc: 0.1146 | Val Acc: 0.2692 | Val P/R/F1 (Macro): 0.1827/0.2208/0.1474 | LR: 0.000001
Epoch [88/100] | SVD update #88: pairs=96, sweeps=3, converged=False, rel_change=5.345e-01, effective_ranks=(95, 20), class_paired=True
Epoch [88/100] | Loss: 6.6976 (Cls: 6.6992, TAL: -0.0950, Adv: 0.1232, OT-Reg: 0.001140) | OT inner objective: 0.1623 | Marginal residual row/col/max: 8.07e-09/1.55e-08/1.55e-08 | Train Acc: 0.1146 | Val Acc: 0.1154 | Val P/R/F1 (Macro): 0.0590/0.1375/0.0794 | LR: 0.000001
Epoch [89/100] | SVD update #89: pairs=96, sweeps=3, converged=False, rel_change=1.120e-01, effective_ranks=(95, 22), class_paired=True
Epoch [89/100] | Loss: 6.5247 (Cls: 6.5421, TAL: -0.2191, Adv: 0.1105, OT-Reg: 0.001076) | OT inner objective: 0.1604 | Marginal residual row/col/max: 1.30e-08/2.05e-08/2.05e-08 | Train Acc: 0.1771 | Val Acc: 0.1538 | Val P/R/F1 (Macro): 0.1167/0.1083/0.1111 | LR: 0.000001
Epoch [90/100] | SVD update #90: pairs=96, sweeps=3, converged=False, rel_change=1.394e-01, effective_ranks=(95, 21), class_paired=True
Epoch [90/100] | Loss: 6.6426 (Cls: 6.6299, TAL: 0.0052, Adv: 0.1505, OT-Reg: 0.001012) | OT inner objective: 0.2199 | Marginal residual row/col/max: 1.86e-08/2.73e-08/2.73e-08 | Train Acc: 0.1771 | Val Acc: 0.1538 | Val P/R/F1 (Macro): 0.0694/0.1333/0.0905 | LR: 0.000001
Epoch [91/100] | SVD update #91: pairs=96, sweeps=3, converged=False, rel_change=2.816e-01, effective_ranks=(95, 23), class_paired=True
Epoch [91/100] | Loss: 6.7067 (Cls: 6.7071, TAL: -0.0730, Adv: 0.1041, OT-Reg: 0.001116) | OT inner objective: 0.1563 | Marginal residual row/col/max: 3.96e-07/1.55e-08/4.02e-07 | Train Acc: 0.2292 | Val Acc: 0.1154 | Val P/R/F1 (Macro): 0.1124/0.1458/0.1207 | LR: 0.000001
Epoch [92/100] | SVD update #92: pairs=96, sweeps=3, converged=False, rel_change=1.590e-01, effective_ranks=(94, 24), class_paired=True
Epoch [92/100] | Loss: 6.5529 (Cls: 6.5529, TAL: -0.0677, Adv: 0.1018, OT-Reg: 0.000992) | OT inner objective: 0.2091 | Marginal residual row/col/max: 2.52e-06/3.04e-08/2.52e-06 | Train Acc: 0.1562 | Val Acc: 0.1154 | Val P/R/F1 (Macro): 0.0972/0.0958/0.0856 | LR: 0.000001
Epoch [93/100] | SVD update #93: pairs=96, sweeps=3, converged=False, rel_change=2.345e-01, effective_ranks=(95, 23), class_paired=True
Epoch [93/100] | Loss: 6.4155 (Cls: 6.4258, TAL: -0.1642, Adv: 0.1167, OT-Reg: 0.000985) | OT inner objective: 0.2279 | Marginal residual row/col/max: 1.49e-08/2.48e-08/2.48e-08 | Train Acc: 0.2500 | Val Acc: 0.0000 | Val P/R/F1 (Macro): 0.0000/0.0000/0.0000 | LR: 0.000001
Epoch [94/100] | SVD update #94: pairs=96, sweeps=3, converged=False, rel_change=1.860e-01, effective_ranks=(95, 21), class_paired=True
Epoch [94/100] | Loss: 6.4554 (Cls: 6.4655, TAL: -0.1574, Adv: 0.1103, OT-Reg: 0.001024) | OT inner objective: 0.1912 | Marginal residual row/col/max: 1.61e-08/1.49e-08/1.86e-08 | Train Acc: 0.2188 | Val Acc: 0.1923 | Val P/R/F1 (Macro): 0.0651/0.1667/0.0846 | LR: 0.000001
Epoch [95/100] | SVD update #95: pairs=96, sweeps=3, converged=False, rel_change=1.668e-01, effective_ranks=(95, 22), class_paired=True
Epoch [95/100] | Loss: 6.4680 (Cls: 6.4791, TAL: -0.1809, Adv: 0.1321, OT-Reg: 0.001160) | OT inner objective: 0.0740 | Marginal residual row/col/max: 7.70e-08/2.17e-08/8.51e-08 | Train Acc: 0.2083 | Val Acc: 0.3462 | Val P/R/F1 (Macro): 0.2587/0.2958/0.2343 | LR: 0.000001
Epoch [96/100] | SVD update #96: pairs=96, sweeps=3, converged=False, rel_change=1.846e-01, effective_ranks=(95, 24), class_paired=True
Epoch [96/100] | Loss: 6.1833 (Cls: 6.1969, TAL: -0.1758, Adv: 0.0936, OT-Reg: 0.001000) | OT inner objective: 0.1993 | Marginal residual row/col/max: 8.69e-09/1.55e-08/1.55e-08 | Train Acc: 0.2917 | Val Acc: 0.3077 | Val P/R/F1 (Macro): 0.0702/0.1667/0.0988 | LR: 0.000001
Epoch [97/100] | SVD update #97: pairs=96, sweeps=3, converged=False, rel_change=2.089e-01, effective_ranks=(95, 21), class_paired=True
Epoch [97/100] | Loss: 6.5299 (Cls: 6.5350, TAL: -0.1065, Adv: 0.0959, OT-Reg: 0.001103) | OT inner objective: 0.1428 | Marginal residual row/col/max: 2.21e-07/2.48e-08/2.21e-07 | Train Acc: 0.2188 | Val Acc: 0.2692 | Val P/R/F1 (Macro): 0.0897/0.1458/0.1111 | LR: 0.000001
Epoch [98/100] | SVD update #98: pairs=96, sweeps=3, converged=False, rel_change=7.629e-02, effective_ranks=(95, 20), class_paired=True
Epoch [98/100] | Loss: 6.5013 (Cls: 6.4939, TAL: -0.0301, Adv: 0.1378, OT-Reg: 0.001114) | OT inner objective: 0.1562 | Marginal residual row/col/max: 1.74e-08/1.80e-08/2.30e-08 | Train Acc: 0.2188 | Val Acc: 0.1538 | Val P/R/F1 (Macro): 0.2167/0.1583/0.1189 | LR: 0.000001
Epoch [99/100] | SVD update #99: pairs=96, sweeps=3, converged=False, rel_change=4.213e-02, effective_ranks=(95, 24), class_paired=True
Epoch [99/100] | Loss: 6.5920 (Cls: 6.6048, TAL: -0.1968, Adv: 0.1355, OT-Reg: 0.001150) | OT inner objective: 0.1392 | Marginal residual row/col/max: 3.80e-07/1.74e-08/3.87e-07 | Train Acc: 0.1250 | Val Acc: 0.1538 | Val P/R/F1 (Macro): 0.1944/0.1333/0.1574 | LR: 0.000001
Epoch [100/100] | SVD update #100: pairs=96, sweeps=3, converged=False, rel_change=4.684e-02, effective_ranks=(95, 20), class_paired=True
Epoch [100/100] | Loss: 6.4790 (Cls: 6.4831, TAL: -0.1214, Adv: 0.1311, OT-Reg: 0.001070) | OT inner objective: 0.1314 | Marginal residual row/col/max: 4.10e-07/3.29e-08/4.20e-07 | Train Acc: 0.1354 | Val Acc: 0.1154 | Val P/R/F1 (Macro): 0.0278/0.0625/0.0385 | LR: 0.000001
Report strategy: last_window, window=10, reported_acc=0.1769, best_acc=0.4231

迭代 3 报告指标:
  Accuracy: 0.1769
  Precision (Macro): 0.1132
  Recall (Macro): 0.1371
  F1 (Macro): 0.1050
  Precision (Micro): 0.1769
  Recall (Micro): 0.1769
  F1 (Micro): 0.1769
  Val class coverage: 6/14 (0.4286), samples=26

================================================================================
迭代 4/5
随机种子: 45
================================================================================
配对采样器已初始化，共 6 个共有类别。
Training mode: full target-label supervision (class-paired batches).
Feature fusion: Tensor alignment (512+512 -> 64+64); fused_dim=128
Domain adaptation: Neural OT generator with 3-domain discriminator
Loss weights: tensor=0.12, adv=0.08
Transport: mode=sinkhorn, epsilon=0.1, Sinkhorn iterations=50, correction scale=0.1, correction regularization weight=0.001
Tensor projection update: once per epoch from the complete target-training pairing bank; projection_dim=64, max_sweeps=3, relative singular-value tolerance=0.0001
Epoch [1/100] | SVD update #1: pairs=96, sweeps=3, converged=True, rel_change=7.697e-05, effective_ranks=(95, 93), class_paired=True
Epoch [1/100] | Loss: 9.8262 (Cls: 9.8078, TAL: -0.0430, Adv: 0.2938, OT-Reg: 0.001126) | OT inner objective: 0.2623 | Marginal residual row/col/max: 1.12e-08/1.24e-08/1.24e-08 | Train Acc: 0.0625 | Val Acc: 0.1154 | Val P/R/F1 (Macro): 0.0795/0.1083/0.0863 | LR: 0.000005
  >>> New Best Val Acc: 0.1154
Epoch [2/100] | SVD update #2: pairs=96, sweeps=3, converged=False, rel_change=1.515e-01, effective_ranks=(95, 74), class_paired=True
Epoch [2/100] | Loss: 9.1952 (Cls: 9.1688, TAL: 0.0234, Adv: 0.2948, OT-Reg: 0.001117) | OT inner objective: 0.2862 | Marginal residual row/col/max: 9.31e-09/1.06e-08/1.18e-08 | Train Acc: 0.0625 | Val Acc: 0.0000 | Val P/R/F1 (Macro): 0.0000/0.0000/0.0000 | LR: 0.000005
Epoch [3/100] | SVD update #3: pairs=96, sweeps=3, converged=False, rel_change=1.013e-02, effective_ranks=(95, 69), class_paired=True
Epoch [3/100] | Loss: 8.4098 (Cls: 8.4017, TAL: -0.0978, Adv: 0.2488, OT-Reg: 0.001082) | OT inner objective: 0.2718 | Marginal residual row/col/max: 1.18e-08/1.12e-08/1.24e-08 | Train Acc: 0.1354 | Val Acc: 0.0769 | Val P/R/F1 (Macro): 0.0263/0.1167/0.0423 | LR: 0.000005
Epoch [4/100] | SVD update #4: pairs=96, sweeps=3, converged=False, rel_change=4.781e-03, effective_ranks=(95, 63), class_paired=True
Epoch [4/100] | Loss: 7.8109 (Cls: 7.7880, TAL: 0.0438, Adv: 0.2207, OT-Reg: 0.001148) | OT inner objective: 0.2771 | Marginal residual row/col/max: 1.06e-08/1.06e-08/1.18e-08 | Train Acc: 0.1042 | Val Acc: 0.0769 | Val P/R/F1 (Macro): 0.0185/0.0667/0.0290 | LR: 0.000005
Epoch [5/100] | SVD update #5: pairs=96, sweeps=3, converged=False, rel_change=4.976e-01, effective_ranks=(95, 42), class_paired=True
Epoch [5/100] | Loss: 7.5417 (Cls: 7.4989, TAL: 0.1943, Adv: 0.2442, OT-Reg: 0.001326) | OT inner objective: 0.2822 | Marginal residual row/col/max: 1.12e-08/1.18e-08/1.30e-08 | Train Acc: 0.2083 | Val Acc: 0.1923 | Val P/R/F1 (Macro): 0.0321/0.1667/0.0538 | LR: 0.000005
  >>> New Best Val Acc: 0.1923
Epoch [6/100] | SVD update #6: pairs=96, sweeps=3, converged=False, rel_change=3.030e-01, effective_ranks=(94, 56), class_paired=True
Epoch [6/100] | Loss: 7.1852 (Cls: 7.1670, TAL: 0.0179, Adv: 0.1995, OT-Reg: 0.001212) | OT inner objective: 0.2840 | Marginal residual row/col/max: 1.06e-08/1.24e-08/1.24e-08 | Train Acc: 0.1979 | Val Acc: 0.2308 | Val P/R/F1 (Macro): 0.0952/0.1875/0.0944 | LR: 0.000005
  >>> New Best Val Acc: 0.2308
Epoch [7/100] | SVD update #7: pairs=96, sweeps=3, converged=False, rel_change=3.534e-01, effective_ranks=(95, 71), class_paired=True
Epoch [7/100] | Loss: 7.8058 (Cls: 7.7880, TAL: 0.0112, Adv: 0.2061, OT-Reg: 0.000697) | OT inner objective: 0.2673 | Marginal residual row/col/max: 9.93e-09/3.35e-08/3.35e-08 | Train Acc: 0.1458 | Val Acc: 0.0385 | Val P/R/F1 (Macro): 0.0111/0.0833/0.0196 | LR: 0.000005
Epoch [8/100] | SVD update #8: pairs=96, sweeps=3, converged=False, rel_change=5.987e-01, effective_ranks=(95, 38), class_paired=True
Epoch [8/100] | Loss: 7.2290 (Cls: 7.2307, TAL: -0.1735, Adv: 0.2384, OT-Reg: 0.000724) | OT inner objective: 0.2470 | Marginal residual row/col/max: 1.12e-08/2.61e-08/2.61e-08 | Train Acc: 0.1250 | Val Acc: 0.0385 | Val P/R/F1 (Macro): 0.0098/0.0833/0.0175 | LR: 0.000005
Epoch [9/100] | SVD update #9: pairs=96, sweeps=3, converged=False, rel_change=1.109e+00, effective_ranks=(95, 48), class_paired=True
Epoch [9/100] | Loss: 7.4935 (Cls: 7.4686, TAL: 0.0491, Adv: 0.2370, OT-Reg: 0.001051) | OT inner objective: 0.2744 | Marginal residual row/col/max: 1.06e-08/1.24e-08/1.24e-08 | Train Acc: 0.1979 | Val Acc: 0.2308 | Val P/R/F1 (Macro): 0.2029/0.2000/0.1151 | LR: 0.000005
Epoch [10/100] | SVD update #10: pairs=96, sweeps=3, converged=False, rel_change=1.289e+00, effective_ranks=(95, 41), class_paired=True
Epoch [10/100] | Loss: 7.4811 (Cls: 7.4780, TAL: -0.1382, Adv: 0.2454, OT-Reg: 0.001201) | OT inner objective: 0.2342 | Marginal residual row/col/max: 9.31e-09/1.12e-08/1.12e-08 | Train Acc: 0.2292 | Val Acc: 0.2308 | Val P/R/F1 (Macro): 0.2083/0.2500/0.1778 | LR: 0.000005
Epoch [11/100] | SVD update #11: pairs=96, sweeps=3, converged=False, rel_change=1.376e-01, effective_ranks=(95, 53), class_paired=True
Epoch [11/100] | Loss: 7.1733 (Cls: 7.1550, TAL: 0.0059, Adv: 0.2203, OT-Reg: 0.001165) | OT inner objective: 0.2337 | Marginal residual row/col/max: 9.31e-09/9.93e-09/1.06e-08 | Train Acc: 0.2396 | Val Acc: 0.2308 | Val P/R/F1 (Macro): 0.1481/0.3167/0.1786 | LR: 0.000005
Epoch [12/100] | SVD update #12: pairs=96, sweeps=3, converged=False, rel_change=4.486e-01, effective_ranks=(95, 41), class_paired=True
Epoch [12/100] | Loss: 6.9059 (Cls: 6.8909, TAL: -0.0020, Adv: 0.1909, OT-Reg: 0.001122) | OT inner objective: 0.2369 | Marginal residual row/col/max: 9.93e-09/1.43e-08/1.43e-08 | Train Acc: 0.1250 | Val Acc: 0.1923 | Val P/R/F1 (Macro): 0.0758/0.1667/0.1042 | LR: 0.000005
Epoch [13/100] | SVD update #13: pairs=96, sweeps=3, converged=False, rel_change=2.397e-01, effective_ranks=(95, 37), class_paired=True
Epoch [13/100] | Loss: 6.6099 (Cls: 6.5978, TAL: -0.0749, Adv: 0.2641, OT-Reg: 0.001170) | OT inner objective: 0.2582 | Marginal residual row/col/max: 1.24e-08/1.43e-08/1.43e-08 | Train Acc: 0.1146 | Val Acc: 0.1538 | Val P/R/F1 (Macro): 0.1472/0.1917/0.1630 | LR: 0.000005
Epoch [14/100] | SVD update #14: pairs=96, sweeps=3, converged=False, rel_change=3.292e-01, effective_ranks=(95, 30), class_paired=True
Epoch [14/100] | Loss: 6.4080 (Cls: 6.3801, TAL: 0.0851, Adv: 0.2207, OT-Reg: 0.001040) | OT inner objective: 0.2460 | Marginal residual row/col/max: 1.18e-08/1.80e-08/1.80e-08 | Train Acc: 0.2708 | Val Acc: 0.2308 | Val P/R/F1 (Macro): 0.0813/0.2500/0.1197 | LR: 0.000005
Epoch [15/100] | SVD update #15: pairs=96, sweeps=3, converged=False, rel_change=1.802e-01, effective_ranks=(95, 31), class_paired=True
Epoch [15/100] | Loss: 6.6005 (Cls: 6.5730, TAL: 0.0723, Adv: 0.2360, OT-Reg: 0.000978) | OT inner objective: 0.1787 | Marginal residual row/col/max: 9.93e-09/1.55e-08/1.55e-08 | Train Acc: 0.1458 | Val Acc: 0.0769 | Val P/R/F1 (Macro): 0.0536/0.1167/0.0579 | LR: 0.000005
Epoch [16/100] | SVD update #16: pairs=96, sweeps=3, converged=False, rel_change=3.610e-02, effective_ranks=(95, 41), class_paired=True
Epoch [16/100] | Loss: 6.2726 (Cls: 6.2309, TAL: 0.1896, Adv: 0.2367, OT-Reg: 0.001098) | OT inner objective: 0.2375 | Marginal residual row/col/max: 9.93e-09/9.93e-09/1.12e-08 | Train Acc: 0.2708 | Val Acc: 0.0769 | Val P/R/F1 (Macro): 0.0444/0.1167/0.0529 | LR: 0.000005
Epoch [17/100] | SVD update #17: pairs=96, sweeps=3, converged=False, rel_change=1.746e+00, effective_ranks=(94, 31), class_paired=True
Epoch [17/100] | Loss: 7.1772 (Cls: 7.1414, TAL: 0.1730, Adv: 0.1880, OT-Reg: 0.001008) | OT inner objective: 0.2672 | Marginal residual row/col/max: 8.69e-09/3.10e-08/3.10e-08 | Train Acc: 0.0833 | Val Acc: 0.2692 | Val P/R/F1 (Macro): 0.1035/0.1708/0.1269 | LR: 0.000005
  >>> New Best Val Acc: 0.2692
Epoch [18/100] | SVD update #18: pairs=96, sweeps=3, converged=False, rel_change=2.821e-02, effective_ranks=(95, 34), class_paired=True
Epoch [18/100] | Loss: 6.9534 (Cls: 6.9073, TAL: 0.2380, Adv: 0.2190, OT-Reg: 0.001040) | OT inner objective: 0.2658 | Marginal residual row/col/max: 9.31e-09/1.68e-08/1.74e-08 | Train Acc: 0.1146 | Val Acc: 0.0385 | Val P/R/F1 (Macro): 0.0104/0.0833/0.0185 | LR: 0.000005
Epoch [19/100] | SVD update #19: pairs=96, sweeps=3, converged=False, rel_change=4.453e-01, effective_ranks=(95, 34), class_paired=True
Epoch [19/100] | Loss: 6.7594 (Cls: 6.7512, TAL: -0.0801, Adv: 0.2221, OT-Reg: 0.000969) | OT inner objective: 0.1770 | Marginal residual row/col/max: 1.24e-08/3.10e-08/3.10e-08 | Train Acc: 0.1667 | Val Acc: 0.2308 | Val P/R/F1 (Macro): 0.1212/0.1875/0.0951 | LR: 0.000005
Epoch [20/100] | SVD update #20: pairs=96, sweeps=3, converged=False, rel_change=4.808e-01, effective_ranks=(95, 29), class_paired=True
Epoch [20/100] | Loss: 6.9485 (Cls: 6.9141, TAL: 0.1251, Adv: 0.2422, OT-Reg: 0.001017) | OT inner objective: 0.2339 | Marginal residual row/col/max: 1.24e-08/1.92e-08/2.11e-08 | Train Acc: 0.1354 | Val Acc: 0.3462 | Val P/R/F1 (Macro): 0.2806/0.2750/0.2540 | LR: 0.000005
  >>> New Best Val Acc: 0.3462
Epoch [21/100] | SVD update #21: pairs=96, sweeps=3, converged=False, rel_change=5.149e-01, effective_ranks=(95, 24), class_paired=True
Epoch [21/100] | Loss: 7.0184 (Cls: 6.9982, TAL: 0.0366, Adv: 0.1968, OT-Reg: 0.001128) | OT inner objective: 0.2246 | Marginal residual row/col/max: 1.12e-08/2.30e-08/2.30e-08 | Train Acc: 0.1875 | Val Acc: 0.1154 | Val P/R/F1 (Macro): 0.0474/0.1000/0.0606 | LR: 0.000005
Epoch [22/100] | SVD update #22: pairs=96, sweeps=3, converged=False, rel_change=7.025e-01, effective_ranks=(95, 22), class_paired=True
Epoch [22/100] | Loss: 7.2337 (Cls: 7.1952, TAL: 0.1537, Adv: 0.2510, OT-Reg: 0.001024) | OT inner objective: 0.2599 | Marginal residual row/col/max: 1.06e-08/3.17e-08/3.17e-08 | Train Acc: 0.1458 | Val Acc: 0.0769 | Val P/R/F1 (Macro): 0.0556/0.1167/0.0720 | LR: 0.000005
Epoch [23/100] | SVD update #23: pairs=96, sweeps=3, converged=False, rel_change=1.357e-01, effective_ranks=(95, 39), class_paired=True
Epoch [23/100] | Loss: 6.5372 (Cls: 6.5330, TAL: -0.1156, Adv: 0.2255, OT-Reg: 0.000947) | OT inner objective: 0.1310 | Marginal residual row/col/max: 1.80e-06/1.06e-08/1.80e-06 | Train Acc: 0.1667 | Val Acc: 0.1154 | Val P/R/F1 (Macro): 0.2185/0.1375/0.1007 | LR: 0.000005
Epoch [24/100] | SVD update #24: pairs=96, sweeps=3, converged=False, rel_change=3.427e-01, effective_ranks=(95, 28), class_paired=True
Epoch [24/100] | Loss: 7.2320 (Cls: 7.2125, TAL: 0.0302, Adv: 0.1990, OT-Reg: 0.001072) | OT inner objective: 0.2448 | Marginal residual row/col/max: 1.37e-08/1.92e-08/2.05e-08 | Train Acc: 0.1250 | Val Acc: 0.0385 | Val P/R/F1 (Macro): 0.1667/0.0208/0.0370 | LR: 0.000005
Epoch [25/100] | SVD update #25: pairs=96, sweeps=3, converged=False, rel_change=2.487e-01, effective_ranks=(95, 15), class_paired=True
Epoch [25/100] | Loss: 6.7903 (Cls: 6.7655, TAL: 0.0624, Adv: 0.2160, OT-Reg: 0.001038) | OT inner objective: 0.1993 | Marginal residual row/col/max: 1.12e-08/2.55e-08/2.55e-08 | Train Acc: 0.1667 | Val Acc: 0.0385 | Val P/R/F1 (Macro): 0.0139/0.0333/0.0196 | LR: 0.000005
Epoch [26/100] | SVD update #26: pairs=96, sweeps=3, converged=False, rel_change=1.414e+00, effective_ranks=(94, 16), class_paired=True
Epoch [26/100] | Loss: 6.4262 (Cls: 6.4093, TAL: -0.0030, Adv: 0.2159, OT-Reg: 0.000959) | OT inner objective: 0.1428 | Marginal residual row/col/max: 6.58e-08/1.80e-08/7.08e-08 | Train Acc: 0.2188 | Val Acc: 0.2692 | Val P/R/F1 (Macro): 0.1667/0.2833/0.1698 | LR: 0.000005
Epoch [27/100] | SVD update #27: pairs=96, sweeps=3, converged=False, rel_change=4.576e-01, effective_ranks=(95, 15), class_paired=True
Epoch [27/100] | Loss: 6.6847 (Cls: 6.6734, TAL: -0.0558, Adv: 0.2241, OT-Reg: 0.000864) | OT inner objective: 0.0924 | Marginal residual row/col/max: 7.70e-08/2.92e-08/7.70e-08 | Train Acc: 0.1042 | Val Acc: 0.1538 | Val P/R/F1 (Macro): 0.2292/0.1708/0.1243 | LR: 0.000005
Epoch [28/100] | SVD update #28: pairs=96, sweeps=3, converged=False, rel_change=3.055e-01, effective_ranks=(95, 19), class_paired=True
Epoch [28/100] | Loss: 6.6752 (Cls: 6.6503, TAL: 0.0606, Adv: 0.2200, OT-Reg: 0.000810) | OT inner objective: 0.2107 | Marginal residual row/col/max: 1.30e-08/2.55e-08/2.55e-08 | Train Acc: 0.1354 | Val Acc: 0.0769 | Val P/R/F1 (Macro): 0.1944/0.1250/0.1083 | LR: 0.000005
Epoch [29/100] | SVD update #29: pairs=96, sweeps=3, converged=False, rel_change=1.646e+00, effective_ranks=(95, 13), class_paired=True
Epoch [29/100] | Loss: 6.7149 (Cls: 6.7004, TAL: -0.0721, Adv: 0.2894, OT-Reg: 0.000975) | OT inner objective: 0.1594 | Marginal residual row/col/max: 1.92e-08/2.61e-08/3.23e-08 | Train Acc: 0.0625 | Val Acc: 0.0385 | Val P/R/F1 (Macro): 0.0185/0.0333/0.0238 | LR: 0.000005
Epoch [30/100] | SVD update #30: pairs=96, sweeps=3, converged=False, rel_change=2.928e-01, effective_ranks=(95, 18), class_paired=True
Epoch [30/100] | Loss: 6.9984 (Cls: 6.9610, TAL: 0.1733, Adv: 0.2071, OT-Reg: 0.001056) | OT inner objective: 0.1881 | Marginal residual row/col/max: 1.06e-08/1.61e-08/1.74e-08 | Train Acc: 0.0729 | Val Acc: 0.1538 | Val P/R/F1 (Macro): 0.0351/0.1333/0.0556 | LR: 0.000005
Epoch [31/100] | SVD update #31: pairs=96, sweeps=3, converged=False, rel_change=1.132e-01, effective_ranks=(95, 24), class_paired=True
Epoch [31/100] | Loss: 6.6686 (Cls: 6.6367, TAL: 0.1141, Adv: 0.2274, OT-Reg: 0.001105) | OT inner objective: 0.2089 | Marginal residual row/col/max: 1.37e-08/1.86e-08/1.99e-08 | Train Acc: 0.1458 | Val Acc: 0.1538 | Val P/R/F1 (Macro): 0.0290/0.1333/0.0476 | LR: 0.000003
Epoch [32/100] | SVD update #32: pairs=96, sweeps=3, converged=False, rel_change=1.716e-02, effective_ranks=(95, 23), class_paired=True
Epoch [32/100] | Loss: 6.8310 (Cls: 6.7931, TAL: 0.1770, Adv: 0.2081, OT-Reg: 0.001009) | OT inner objective: 0.2396 | Marginal residual row/col/max: 1.12e-08/2.36e-08/2.36e-08 | Train Acc: 0.1458 | Val Acc: 0.1538 | Val P/R/F1 (Macro): 0.1741/0.1292/0.1226 | LR: 0.000003
Epoch [33/100] | SVD update #33: pairs=96, sweeps=3, converged=False, rel_change=7.528e-01, effective_ranks=(94, 29), class_paired=True
Epoch [33/100] | Loss: 7.6705 (Cls: 7.6577, TAL: -0.0149, Adv: 0.1824, OT-Reg: 0.001035) | OT inner objective: 0.1968 | Marginal residual row/col/max: 1.24e-08/2.11e-08/2.11e-08 | Train Acc: 0.1042 | Val Acc: 0.2692 | Val P/R/F1 (Macro): 0.1063/0.3333/0.1593 | LR: 0.000003
Epoch [34/100] | SVD update #34: pairs=96, sweeps=3, converged=False, rel_change=1.233e-01, effective_ranks=(95, 21), class_paired=True
Epoch [34/100] | Loss: 7.2067 (Cls: 7.1674, TAL: 0.1920, Adv: 0.2031, OT-Reg: 0.001168) | OT inner objective: 0.2057 | Marginal residual row/col/max: 9.31e-09/1.30e-08/1.30e-08 | Train Acc: 0.1458 | Val Acc: 0.3846 | Val P/R/F1 (Macro): 0.4019/0.4000/0.3683 | LR: 0.000003
  >>> New Best Val Acc: 0.3846
Epoch [35/100] | SVD update #35: pairs=96, sweeps=3, converged=False, rel_change=5.352e-01, effective_ranks=(95, 32), class_paired=True
Epoch [35/100] | Loss: 6.7620 (Cls: 6.7398, TAL: 0.0535, Adv: 0.1970, OT-Reg: 0.001052) | OT inner objective: 0.2581 | Marginal residual row/col/max: 1.18e-08/1.12e-08/1.24e-08 | Train Acc: 0.2292 | Val Acc: 0.2308 | Val P/R/F1 (Macro): 0.1484/0.2875/0.1585 | LR: 0.000003
Epoch [36/100] | SVD update #36: pairs=96, sweeps=3, converged=False, rel_change=2.231e-01, effective_ranks=(95, 34), class_paired=True
Epoch [36/100] | Loss: 6.6752 (Cls: 6.6467, TAL: 0.0826, Adv: 0.2322, OT-Reg: 0.001108) | OT inner objective: 0.2302 | Marginal residual row/col/max: 8.69e-09/1.12e-08/1.12e-08 | Train Acc: 0.2083 | Val Acc: 0.1538 | Val P/R/F1 (Macro): 0.0694/0.1833/0.0952 | LR: 0.000003
Epoch [37/100] | SVD update #37: pairs=96, sweeps=3, converged=False, rel_change=2.735e-01, effective_ranks=(95, 18), class_paired=True
Epoch [37/100] | Loss: 7.1460 (Cls: 7.1250, TAL: 0.0371, Adv: 0.2067, OT-Reg: 0.000898) | OT inner objective: 0.2092 | Marginal residual row/col/max: 1.30e-08/2.48e-08/2.55e-08 | Train Acc: 0.1771 | Val Acc: 0.0000 | Val P/R/F1 (Macro): 0.0000/0.0000/0.0000 | LR: 0.000003
Epoch [38/100] | SVD update #38: pairs=96, sweeps=3, converged=False, rel_change=1.962e-01, effective_ranks=(95, 18), class_paired=True
Epoch [38/100] | Loss: 6.8072 (Cls: 6.8083, TAL: -0.1616, Adv: 0.2285, OT-Reg: 0.000930) | OT inner objective: 0.0453 | Marginal residual row/col/max: 6.96e-06/1.80e-08/6.96e-06 | Train Acc: 0.0938 | Val Acc: 0.0000 | Val P/R/F1 (Macro): 0.0000/0.0000/0.0000 | LR: 0.000003
Epoch [39/100] | SVD update #39: pairs=96, sweeps=3, converged=False, rel_change=2.845e-02, effective_ranks=(95, 22), class_paired=True
Epoch [39/100] | Loss: 6.4755 (Cls: 6.4622, TAL: -0.0203, Adv: 0.1962, OT-Reg: 0.000966) | OT inner objective: 0.0400 | Marginal residual row/col/max: 5.90e-06/1.30e-08/5.90e-06 | Train Acc: 0.1354 | Val Acc: 0.0385 | Val P/R/F1 (Macro): 0.0067/0.0833/0.0123 | LR: 0.000003
Epoch [40/100] | SVD update #40: pairs=96, sweeps=3, converged=False, rel_change=4.739e-01, effective_ranks=(95, 27), class_paired=True
Epoch [40/100] | Loss: 6.6127 (Cls: 6.5935, TAL: -0.0291, Adv: 0.2835, OT-Reg: 0.000960) | OT inner objective: 0.1188 | Marginal residual row/col/max: 5.88e-05/1.43e-08/5.88e-05 | Train Acc: 0.1562 | Val Acc: 0.0000 | Val P/R/F1 (Macro): 0.0000/0.0000/0.0000 | LR: 0.000003
Epoch [41/100] | SVD update #41: pairs=96, sweeps=3, converged=False, rel_change=2.499e-02, effective_ranks=(95, 29), class_paired=True
Epoch [41/100] | Loss: 6.2682 (Cls: 6.2644, TAL: -0.1034, Adv: 0.2029, OT-Reg: 0.001112) | OT inner objective: 0.0606 | Marginal residual row/col/max: 5.41e-07/1.18e-08/5.41e-07 | Train Acc: 0.2083 | Val Acc: 0.1538 | Val P/R/F1 (Macro): 0.2247/0.1708/0.1204 | LR: 0.000003
Epoch [42/100] | SVD update #42: pairs=96, sweeps=3, converged=False, rel_change=2.701e-02, effective_ranks=(95, 30), class_paired=True
Epoch [42/100] | Loss: 6.1515 (Cls: 6.1545, TAL: -0.1974, Adv: 0.2577, OT-Reg: 0.000859) | OT inner objective: 0.0878 | Marginal residual row/col/max: 1.24e-07/1.99e-08/1.25e-07 | Train Acc: 0.3125 | Val Acc: 0.2308 | Val P/R/F1 (Macro): 0.1071/0.2250/0.1389 | LR: 0.000003
Epoch [43/100] | SVD update #43: pairs=96, sweeps=3, converged=False, rel_change=6.250e-03, effective_ranks=(95, 29), class_paired=True
Epoch [43/100] | Loss: 6.0261 (Cls: 6.0371, TAL: -0.2462, Adv: 0.2329, OT-Reg: 0.001085) | OT inner objective: 0.0829 | Marginal residual row/col/max: 7.08e-07/1.18e-08/7.08e-07 | Train Acc: 0.2292 | Val Acc: 0.3462 | Val P/R/F1 (Macro): 0.1706/0.3000/0.2089 | LR: 0.000003
Epoch [44/100] | SVD update #44: pairs=96, sweeps=3, converged=False, rel_change=3.939e-01, effective_ranks=(95, 21), class_paired=True
Epoch [44/100] | Loss: 6.3988 (Cls: 6.3814, TAL: 0.0173, Adv: 0.1920, OT-Reg: 0.001026) | OT inner objective: 0.1029 | Marginal residual row/col/max: 6.64e-08/1.49e-08/6.64e-08 | Train Acc: 0.2708 | Val Acc: 0.1538 | Val P/R/F1 (Macro): 0.1278/0.1208/0.1238 | LR: 0.000003
Epoch [45/100] | SVD update #45: pairs=96, sweeps=3, converged=False, rel_change=2.587e-01, effective_ranks=(95, 18), class_paired=True
Epoch [45/100] | Loss: 5.9550 (Cls: 5.9551, TAL: -0.1199, Adv: 0.1783, OT-Reg: 0.000959) | OT inner objective: 0.1899 | Marginal residual row/col/max: 1.12e-08/1.06e-08/1.24e-08 | Train Acc: 0.2500 | Val Acc: 0.2308 | Val P/R/F1 (Macro): 0.0833/0.3000/0.1261 | LR: 0.000001
Epoch [46/100] | SVD update #46: pairs=96, sweeps=3, converged=False, rel_change=9.076e-02, effective_ranks=(95, 22), class_paired=True
Epoch [46/100] | Loss: 5.6615 (Cls: 5.6566, TAL: -0.0675, Adv: 0.1629, OT-Reg: 0.001103) | OT inner objective: 0.0899 | Marginal residual row/col/max: 2.11e-08/1.12e-08/2.11e-08 | Train Acc: 0.3229 | Val Acc: 0.3846 | Val P/R/F1 (Macro): 0.2116/0.3333/0.2579 | LR: 0.000001
Epoch [47/100] | SVD update #47: pairs=96, sweeps=3, converged=False, rel_change=4.276e+00, effective_ranks=(95, 22), class_paired=True
Epoch [47/100] | Loss: 6.5714 (Cls: 6.5617, TAL: -0.0433, Adv: 0.1868, OT-Reg: 0.001250) | OT inner objective: 0.0589 | Marginal residual row/col/max: 1.51e-07/1.06e-08/1.51e-07 | Train Acc: 0.0833 | Val Acc: 0.0769 | Val P/R/F1 (Macro): 0.0222/0.0667/0.0333 | LR: 0.000001
Epoch [48/100] | SVD update #48: pairs=96, sweeps=3, converged=False, rel_change=4.716e+00, effective_ranks=(95, 20), class_paired=True
Epoch [48/100] | Loss: 6.8414 (Cls: 6.8228, TAL: 0.0140, Adv: 0.2118, OT-Reg: 0.001024) | OT inner objective: 0.0094 | Marginal residual row/col/max: 6.67e-06/1.61e-08/6.67e-06 | Train Acc: 0.1146 | Val Acc: 0.2308 | Val P/R/F1 (Macro): 0.1852/0.2083/0.1632 | LR: 0.000001
Epoch [49/100] | SVD update #49: pairs=96, sweeps=3, converged=False, rel_change=5.118e-01, effective_ranks=(95, 24), class_paired=True
Epoch [49/100] | Loss: 6.6957 (Cls: 6.6839, TAL: -0.0548, Adv: 0.2292, OT-Reg: 0.001189) | OT inner objective: 0.0769 | Marginal residual row/col/max: 6.33e-08/9.93e-09/6.33e-08 | Train Acc: 0.0104 | Val Acc: 0.0385 | Val P/R/F1 (Macro): 0.0128/0.0333/0.0185 | LR: 0.000001
Epoch [50/100] | SVD update #50: pairs=96, sweeps=3, converged=False, rel_change=5.244e-01, effective_ranks=(95, 25), class_paired=True
Epoch [50/100] | Loss: 6.4230 (Cls: 6.3999, TAL: 0.1001, Adv: 0.1388, OT-Reg: 0.000977) | OT inner objective: 0.0904 | Marginal residual row/col/max: 1.38e-07/1.49e-08/1.39e-07 | Train Acc: 0.1354 | Val Acc: 0.1154 | Val P/R/F1 (Macro): 0.1786/0.1167/0.1287 | LR: 0.000001
Epoch [51/100] | SVD update #51: pairs=96, sweeps=3, converged=False, rel_change=2.433e+00, effective_ranks=(95, 19), class_paired=True
Epoch [51/100] | Loss: 6.3520 (Cls: 6.3474, TAL: -0.0707, Adv: 0.1639, OT-Reg: 0.001127) | OT inner objective: 0.0957 | Marginal residual row/col/max: 2.42e-08/1.24e-08/2.42e-08 | Train Acc: 0.0729 | Val Acc: 0.1923 | Val P/R/F1 (Macro): 0.0972/0.1542/0.0938 | LR: 0.000001
Epoch [52/100] | SVD update #52: pairs=96, sweeps=3, converged=False, rel_change=5.230e-01, effective_ranks=(95, 28), class_paired=True
Epoch [52/100] | Loss: 6.4502 (Cls: 6.4263, TAL: 0.0852, Adv: 0.1713, OT-Reg: 0.001011) | OT inner objective: 0.2128 | Marginal residual row/col/max: 1.74e-08/2.17e-08/2.30e-08 | Train Acc: 0.1667 | Val Acc: 0.1923 | Val P/R/F1 (Macro): 0.2923/0.2125/0.2053 | LR: 0.000001
Epoch [53/100] | SVD update #53: pairs=96, sweeps=3, converged=False, rel_change=8.352e-01, effective_ranks=(94, 31), class_paired=True
Epoch [53/100] | Loss: 6.3907 (Cls: 6.3930, TAL: -0.1252, Adv: 0.1600, OT-Reg: 0.001105) | OT inner objective: 0.1355 | Marginal residual row/col/max: 1.06e-08/1.37e-08/1.49e-08 | Train Acc: 0.1250 | Val Acc: 0.0769 | Val P/R/F1 (Macro): 0.0238/0.0667/0.0351 | LR: 0.000001
Epoch [54/100] | SVD update #54: pairs=96, sweeps=3, converged=False, rel_change=3.385e-01, effective_ranks=(95, 25), class_paired=True
Epoch [54/100] | Loss: 6.2651 (Cls: 6.2473, TAL: -0.0003, Adv: 0.2233, OT-Reg: 0.001214) | OT inner objective: 0.1133 | Marginal residual row/col/max: 1.12e-08/1.06e-08/1.18e-08 | Train Acc: 0.1667 | Val Acc: 0.3462 | Val P/R/F1 (Macro): 0.1853/0.2250/0.1989 | LR: 0.000001
Epoch [55/100] | SVD update #55: pairs=96, sweeps=3, converged=False, rel_change=4.351e-01, effective_ranks=(95, 26), class_paired=True
Epoch [55/100] | Loss: 6.5921 (Cls: 6.5947, TAL: -0.1555, Adv: 0.2004, OT-Reg: 0.001047) | OT inner objective: 0.0983 | Marginal residual row/col/max: 8.13e-08/1.30e-08/8.51e-08 | Train Acc: 0.1562 | Val Acc: 0.0769 | Val P/R/F1 (Macro): 0.1833/0.1167/0.1333 | LR: 0.000001
Epoch [56/100] | SVD update #56: pairs=96, sweeps=3, converged=False, rel_change=2.861e-01, effective_ranks=(95, 21), class_paired=True
Epoch [56/100] | Loss: 6.3919 (Cls: 6.3690, TAL: 0.0431, Adv: 0.2212, OT-Reg: 0.001165) | OT inner objective: 0.1704 | Marginal residual row/col/max: 1.06e-08/1.24e-08/1.24e-08 | Train Acc: 0.2812 | Val Acc: 0.2308 | Val P/R/F1 (Macro): 0.2083/0.1875/0.1037 | LR: 0.000001
Epoch [57/100] | SVD update #57: pairs=96, sweeps=3, converged=False, rel_change=3.678e-01, effective_ranks=(95, 31), class_paired=True
Epoch [57/100] | Loss: 6.7903 (Cls: 6.7872, TAL: -0.0944, Adv: 0.1802, OT-Reg: 0.001212) | OT inner objective: 0.1478 | Marginal residual row/col/max: 1.12e-08/1.30e-08/1.30e-08 | Train Acc: 0.2083 | Val Acc: 0.1538 | Val P/R/F1 (Macro): 0.0417/0.1667/0.0667 | LR: 0.000001
Epoch [58/100] | SVD update #58: pairs=96, sweeps=3, converged=False, rel_change=1.227e+00, effective_ranks=(95, 24), class_paired=True
Epoch [58/100] | Loss: 6.6541 (Cls: 6.6529, TAL: -0.1064, Adv: 0.1740, OT-Reg: 0.001137) | OT inner objective: 0.1478 | Marginal residual row/col/max: 8.16e-06/1.18e-08/8.17e-06 | Train Acc: 0.1250 | Val Acc: 0.1154 | Val P/R/F1 (Macro): 0.1000/0.2000/0.1333 | LR: 0.000001
Epoch [59/100] | SVD update #59: pairs=96, sweeps=3, converged=False, rel_change=1.519e-01, effective_ranks=(95, 26), class_paired=True
Epoch [59/100] | Loss: 6.3532 (Cls: 6.3329, TAL: 0.0460, Adv: 0.1850, OT-Reg: 0.001245) | OT inner objective: 0.1674 | Marginal residual row/col/max: 9.93e-09/9.31e-09/1.12e-08 | Train Acc: 0.1562 | Val Acc: 0.2308 | Val P/R/F1 (Macro): 0.2167/0.2042/0.1922 | LR: 0.000001
Epoch [60/100] | SVD update #60: pairs=96, sweeps=3, converged=False, rel_change=1.175e-01, effective_ranks=(95, 22), class_paired=True
Epoch [60/100] | Loss: 6.4103 (Cls: 6.4048, TAL: -0.0643, Adv: 0.1650, OT-Reg: 0.001193) | OT inner objective: 0.1771 | Marginal residual row/col/max: 9.93e-09/1.43e-08/1.43e-08 | Train Acc: 0.1771 | Val Acc: 0.3846 | Val P/R/F1 (Macro): 0.2042/0.2917/0.2386 | LR: 0.000001
Epoch [61/100] | SVD update #61: pairs=96, sweeps=3, converged=False, rel_change=3.217e-02, effective_ranks=(95, 24), class_paired=True
Epoch [61/100] | Loss: 6.2723 (Cls: 6.2437, TAL: 0.1228, Adv: 0.1728, OT-Reg: 0.000964) | OT inner objective: 0.1993 | Marginal residual row/col/max: 1.12e-08/2.48e-08/2.48e-08 | Train Acc: 0.2083 | Val Acc: 0.3077 | Val P/R/F1 (Macro): 0.1146/0.1875/0.1389 | LR: 0.000001
Epoch [62/100] | SVD update #62: pairs=96, sweeps=3, converged=False, rel_change=1.421e-01, effective_ranks=(95, 24), class_paired=True
Epoch [62/100] | Loss: 6.3046 (Cls: 6.2780, TAL: 0.0880, Adv: 0.2000, OT-Reg: 0.001111) | OT inner objective: 0.1867 | Marginal residual row/col/max: 1.24e-08/1.61e-08/1.68e-08 | Train Acc: 0.2188 | Val Acc: 0.2692 | Val P/R/F1 (Macro): 0.1000/0.1667/0.1240 | LR: 0.000001
Epoch [63/100] | SVD update #63: pairs=96, sweeps=3, converged=False, rel_change=1.780e-01, effective_ranks=(95, 25), class_paired=True
Epoch [63/100] | Loss: 6.2690 (Cls: 6.2605, TAL: -0.0346, Adv: 0.1574, OT-Reg: 0.001067) | OT inner objective: 0.1412 | Marginal residual row/col/max: 1.49e-08/1.43e-08/1.92e-08 | Train Acc: 0.2292 | Val Acc: 0.2308 | Val P/R/F1 (Macro): 0.0893/0.2083/0.1111 | LR: 0.000001
Epoch [64/100] | SVD update #64: pairs=96, sweeps=3, converged=False, rel_change=3.816e-02, effective_ranks=(95, 22), class_paired=True
Epoch [64/100] | Loss: 6.3824 (Cls: 6.3658, TAL: 0.0504, Adv: 0.1322, OT-Reg: 0.001178) | OT inner objective: 0.2030 | Marginal residual row/col/max: 1.49e-08/1.12e-08/1.49e-08 | Train Acc: 0.1562 | Val Acc: 0.1538 | Val P/R/F1 (Macro): 0.0476/0.1667/0.0741 | LR: 0.000001
Epoch [65/100] | SVD update #65: pairs=96, sweeps=3, converged=False, rel_change=8.730e-02, effective_ranks=(95, 21), class_paired=True
Epoch [65/100] | Loss: 6.4301 (Cls: 6.4038, TAL: 0.1213, Adv: 0.1478, OT-Reg: 0.000875) | OT inner objective: 0.1345 | Marginal residual row/col/max: 1.80e-08/3.73e-08/3.79e-08 | Train Acc: 0.1875 | Val Acc: 0.2692 | Val P/R/F1 (Macro): 0.2454/0.2917/0.2170 | LR: 0.000001
Epoch [66/100] | SVD update #66: pairs=96, sweeps=3, converged=False, rel_change=1.348e-02, effective_ranks=(95, 22), class_paired=True
Epoch [66/100] | Loss: 6.4831 (Cls: 6.4360, TAL: 0.2653, Adv: 0.1908, OT-Reg: 0.001081) | OT inner objective: 0.1683 | Marginal residual row/col/max: 1.68e-07/1.37e-08/1.69e-07 | Train Acc: 0.2500 | Val Acc: 0.3846 | Val P/R/F1 (Macro): 0.2421/0.3000/0.2652 | LR: 0.000001
Epoch [67/100] | SVD update #67: pairs=96, sweeps=3, converged=False, rel_change=3.711e-01, effective_ranks=(95, 25), class_paired=True
Epoch [67/100] | Loss: 6.3624 (Cls: 6.3628, TAL: -0.0923, Adv: 0.1330, OT-Reg: 0.000960) | OT inner objective: 0.1297 | Marginal residual row/col/max: 9.93e-09/2.48e-08/2.48e-08 | Train Acc: 0.1979 | Val Acc: 0.1923 | Val P/R/F1 (Macro): 0.2111/0.1667/0.1691 | LR: 0.000001
Epoch [68/100] | SVD update #68: pairs=96, sweeps=3, converged=False, rel_change=1.764e-01, effective_ranks=(95, 26), class_paired=True
Epoch [68/100] | Loss: 6.1827 (Cls: 6.1811, TAL: -0.0860, Adv: 0.1496, OT-Reg: 0.001036) | OT inner objective: 0.1706 | Marginal residual row/col/max: 1.55e-08/2.11e-08/2.11e-08 | Train Acc: 0.1979 | Val Acc: 0.2692 | Val P/R/F1 (Macro): 0.1361/0.2375/0.1583 | LR: 0.000001
Epoch [69/100] | SVD update #69: pairs=96, sweeps=3, converged=False, rel_change=1.529e-01, effective_ranks=(95, 25), class_paired=True
Epoch [69/100] | Loss: 6.2140 (Cls: 6.1874, TAL: 0.0910, Adv: 0.1960, OT-Reg: 0.000991) | OT inner objective: 0.1338 | Marginal residual row/col/max: 1.24e-08/2.36e-08/2.48e-08 | Train Acc: 0.1667 | Val Acc: 0.1538 | Val P/R/F1 (Macro): 0.2407/0.1792/0.1920 | LR: 0.000001
Epoch [70/100] | SVD update #70: pairs=96, sweeps=3, converged=False, rel_change=1.540e-01, effective_ranks=(95, 21), class_paired=True
Epoch [70/100] | Loss: 6.1506 (Cls: 6.1353, TAL: -0.0060, Adv: 0.1999, OT-Reg: 0.001035) | OT inner objective: 0.1037 | Marginal residual row/col/max: 6.08e-08/2.67e-08/6.95e-08 | Train Acc: 0.2188 | Val Acc: 0.1538 | Val P/R/F1 (Macro): 0.0392/0.0833/0.0533 | LR: 0.000001
Epoch [71/100] | SVD update #71: pairs=96, sweeps=3, converged=False, rel_change=1.410e-01, effective_ranks=(94, 22), class_paired=True
Epoch [71/100] | Loss: 6.1347 (Cls: 6.1440, TAL: -0.1866, Adv: 0.1629, OT-Reg: 0.001056) | OT inner objective: 0.1398 | Marginal residual row/col/max: 1.24e-08/1.61e-08/1.61e-08 | Train Acc: 0.2396 | Val Acc: 0.1923 | Val P/R/F1 (Macro): 0.1247/0.2833/0.1557 | LR: 0.000001
Epoch [72/100] | SVD update #72: pairs=96, sweeps=3, converged=False, rel_change=1.501e-02, effective_ranks=(95, 23), class_paired=True
Epoch [72/100] | Loss: 6.1785 (Cls: 6.1821, TAL: -0.1380, Adv: 0.1621, OT-Reg: 0.001006) | OT inner objective: 0.1466 | Marginal residual row/col/max: 1.99e-08/2.86e-08/2.86e-08 | Train Acc: 0.2396 | Val Acc: 0.0769 | Val P/R/F1 (Macro): 0.0278/0.1667/0.0476 | LR: 0.000001
Epoch [73/100] | SVD update #73: pairs=96, sweeps=3, converged=False, rel_change=7.583e-03, effective_ranks=(95, 24), class_paired=True
Epoch [73/100] | Loss: 6.0970 (Cls: 6.1208, TAL: -0.3072, Adv: 0.1638, OT-Reg: 0.000904) | OT inner objective: 0.1272 | Marginal residual row/col/max: 3.97e-08/3.79e-08/6.46e-08 | Train Acc: 0.2292 | Val Acc: 0.3462 | Val P/R/F1 (Macro): 0.3750/0.4583/0.3587 | LR: 0.000001
Epoch [74/100] | SVD update #74: pairs=96, sweeps=3, converged=False, rel_change=4.327e-01, effective_ranks=(95, 22), class_paired=True
Epoch [74/100] | Loss: 6.2900 (Cls: 6.2608, TAL: 0.1106, Adv: 0.1993, OT-Reg: 0.001074) | OT inner objective: 0.1745 | Marginal residual row/col/max: 1.06e-08/9.31e-09/1.06e-08 | Train Acc: 0.1875 | Val Acc: 0.1923 | Val P/R/F1 (Macro): 0.1111/0.1542/0.0793 | LR: 0.000001
Epoch [75/100] | SVD update #75: pairs=96, sweeps=3, converged=False, rel_change=5.196e-02, effective_ranks=(95, 19), class_paired=True
Epoch [75/100] | Loss: 6.0549 (Cls: 6.0556, TAL: -0.1380, Adv: 0.1983, OT-Reg: 0.000873) | OT inner objective: 0.1020 | Marginal residual row/col/max: 1.86e-08/2.36e-08/2.86e-08 | Train Acc: 0.2292 | Val Acc: 0.1923 | Val P/R/F1 (Macro): 0.0720/0.1667/0.0864 | LR: 0.000001
Epoch [76/100] | SVD update #76: pairs=96, sweeps=3, converged=False, rel_change=3.462e-02, effective_ranks=(95, 20), class_paired=True
Epoch [76/100] | Loss: 6.0127 (Cls: 6.0228, TAL: -0.1838, Adv: 0.1504, OT-Reg: 0.001000) | OT inner objective: 0.1548 | Marginal residual row/col/max: 1.80e-08/2.61e-08/2.61e-08 | Train Acc: 0.1771 | Val Acc: 0.2692 | Val P/R/F1 (Macro): 0.1713/0.2667/0.2002 | LR: 0.000001
Epoch [77/100] | SVD update #77: pairs=96, sweeps=3, converged=False, rel_change=5.445e-02, effective_ranks=(95, 21), class_paired=True
Epoch [77/100] | Loss: 5.9722 (Cls: 5.9749, TAL: -0.1315, Adv: 0.1637, OT-Reg: 0.001108) | OT inner objective: 0.1446 | Marginal residual row/col/max: 1.06e-08/1.37e-08/1.37e-08 | Train Acc: 0.2917 | Val Acc: 0.2692 | Val P/R/F1 (Macro): 0.0917/0.2292/0.1222 | LR: 0.000001
Epoch [78/100] | SVD update #78: pairs=96, sweeps=3, converged=False, rel_change=9.987e-02, effective_ranks=(95, 29), class_paired=True
Epoch [78/100] | Loss: 6.0230 (Cls: 6.0467, TAL: -0.2965, Adv: 0.1485, OT-Reg: 0.000897) | OT inner objective: 0.0641 | Marginal residual row/col/max: 9.31e-08/5.53e-08/1.24e-07 | Train Acc: 0.2396 | Val Acc: 0.1538 | Val P/R/F1 (Macro): 0.0718/0.1583/0.0978 | LR: 0.000001
Epoch [79/100] | SVD update #79: pairs=96, sweeps=3, converged=False, rel_change=4.799e-02, effective_ranks=(95, 26), class_paired=True
Epoch [79/100] | Loss: 5.9916 (Cls: 6.0032, TAL: -0.2247, Adv: 0.1917, OT-Reg: 0.001145) | OT inner objective: 0.0854 | Marginal residual row/col/max: 1.06e-08/1.12e-08/1.18e-08 | Train Acc: 0.1771 | Val Acc: 0.1923 | Val P/R/F1 (Macro): 0.0720/0.2500/0.1068 | LR: 0.000001
Epoch [80/100] | SVD update #80: pairs=96, sweeps=3, converged=False, rel_change=2.041e-01, effective_ranks=(95, 24), class_paired=True
Epoch [80/100] | Loss: 6.3235 (Cls: 6.3184, TAL: -0.0490, Adv: 0.1368, OT-Reg: 0.000986) | OT inner objective: 0.1328 | Marginal residual row/col/max: 1.74e-08/2.24e-08/2.55e-08 | Train Acc: 0.2396 | Val Acc: 0.1923 | Val P/R/F1 (Macro): 0.1615/0.2208/0.1687 | LR: 0.000001
Epoch [81/100] | SVD update #81: pairs=96, sweeps=3, converged=False, rel_change=4.821e-02, effective_ranks=(95, 21), class_paired=True
Epoch [81/100] | Loss: 6.1382 (Cls: 6.1419, TAL: -0.1427, Adv: 0.1676, OT-Reg: 0.000793) | OT inner objective: 0.1321 | Marginal residual row/col/max: 9.19e-08/3.17e-08/1.04e-07 | Train Acc: 0.1771 | Val Acc: 0.2308 | Val P/R/F1 (Macro): 0.5093/0.2958/0.3081 | LR: 0.000001
Epoch [82/100] | SVD update #82: pairs=96, sweeps=3, converged=False, rel_change=3.407e-01, effective_ranks=(95, 34), class_paired=True
Epoch [82/100] | Loss: 5.9246 (Cls: 5.9324, TAL: -0.1584, Adv: 0.1395, OT-Reg: 0.000829) | OT inner objective: 0.1608 | Marginal residual row/col/max: 1.49e-08/4.47e-08/4.47e-08 | Train Acc: 0.2292 | Val Acc: 0.1538 | Val P/R/F1 (Macro): 0.2130/0.2917/0.1778 | LR: 0.000001
Epoch [83/100] | SVD update #83: pairs=96, sweeps=3, converged=False, rel_change=9.914e-02, effective_ranks=(95, 29), class_paired=True
Epoch [83/100] | Loss: 6.1239 (Cls: 6.1041, TAL: 0.0489, Adv: 0.1743, OT-Reg: 0.000991) | OT inner objective: 0.1780 | Marginal residual row/col/max: 1.18e-08/2.61e-08/2.61e-08 | Train Acc: 0.2188 | Val Acc: 0.2308 | Val P/R/F1 (Macro): 0.0984/0.2167/0.1254 | LR: 0.000001
Epoch [84/100] | SVD update #84: pairs=96, sweeps=3, converged=False, rel_change=1.672e-01, effective_ranks=(95, 30), class_paired=True
Epoch [84/100] | Loss: 6.2969 (Cls: 6.2905, TAL: -0.0572, Adv: 0.1658, OT-Reg: 0.001040) | OT inner objective: 0.2159 | Marginal residual row/col/max: 8.69e-09/1.86e-08/1.86e-08 | Train Acc: 0.2083 | Val Acc: 0.1538 | Val P/R/F1 (Macro): 0.1042/0.2500/0.1204 | LR: 0.000001
Epoch [85/100] | SVD update #85: pairs=96, sweeps=3, converged=False, rel_change=4.047e-01, effective_ranks=(95, 23), class_paired=True
Epoch [85/100] | Loss: 6.3888 (Cls: 6.3577, TAL: 0.1349, Adv: 0.1872, OT-Reg: 0.001083) | OT inner objective: 0.0662 | Marginal residual row/col/max: 4.86e-07/1.68e-08/4.86e-07 | Train Acc: 0.1042 | Val Acc: 0.2692 | Val P/R/F1 (Macro): 0.1032/0.1833/0.1320 | LR: 0.000001
Epoch [86/100] | SVD update #86: pairs=96, sweeps=3, converged=False, rel_change=8.164e-03, effective_ranks=(95, 20), class_paired=True
Epoch [86/100] | Loss: 6.4801 (Cls: 6.4564, TAL: 0.0987, Adv: 0.1481, OT-Reg: 0.000956) | OT inner objective: 0.1018 | Marginal residual row/col/max: 1.85e-06/9.93e-09/1.85e-06 | Train Acc: 0.0938 | Val Acc: 0.1538 | Val P/R/F1 (Macro): 0.0929/0.1167/0.0963 | LR: 0.000001
Epoch [87/100] | SVD update #87: pairs=96, sweeps=3, converged=False, rel_change=3.555e-01, effective_ranks=(95, 30), class_paired=True
Epoch [87/100] | Loss: 6.5193 (Cls: 6.4866, TAL: 0.1189, Adv: 0.2314, OT-Reg: 0.001061) | OT inner objective: 0.0612 | Marginal residual row/col/max: 2.37e-07/1.30e-08/2.37e-07 | Train Acc: 0.0729 | Val Acc: 0.1923 | Val P/R/F1 (Macro): 0.0362/0.1042/0.0538 | LR: 0.000001
Epoch [88/100] | SVD update #88: pairs=96, sweeps=3, converged=False, rel_change=7.165e-02, effective_ranks=(95, 20), class_paired=True
Epoch [88/100] | Loss: 6.5588 (Cls: 6.5235, TAL: 0.1599, Adv: 0.2019, OT-Reg: 0.001092) | OT inner objective: 0.1024 | Marginal residual row/col/max: 2.48e-07/1.06e-08/2.48e-07 | Train Acc: 0.0729 | Val Acc: 0.1154 | Val P/R/F1 (Macro): 0.0385/0.1000/0.0556 | LR: 0.000001
Epoch [89/100] | SVD update #89: pairs=96, sweeps=3, converged=False, rel_change=3.106e-01, effective_ranks=(95, 37), class_paired=True
Epoch [89/100] | Loss: 6.2946 (Cls: 6.2449, TAL: 0.2817, Adv: 0.1986, OT-Reg: 0.000851) | OT inner objective: 0.1351 | Marginal residual row/col/max: 2.19e-04/2.79e-08/2.19e-04 | Train Acc: 0.1250 | Val Acc: 0.3846 | Val P/R/F1 (Macro): 0.1282/0.2708/0.1720 | LR: 0.000001
Epoch [90/100] | SVD update #90: pairs=96, sweeps=3, converged=False, rel_change=6.337e-01, effective_ranks=(95, 23), class_paired=True
Epoch [90/100] | Loss: 6.5126 (Cls: 6.5136, TAL: -0.1568, Adv: 0.2225, OT-Reg: 0.001046) | OT inner objective: 0.0991 | Marginal residual row/col/max: 3.48e-08/9.93e-09/3.54e-08 | Train Acc: 0.1458 | Val Acc: 0.3077 | Val P/R/F1 (Macro): 0.2735/0.2625/0.1928 | LR: 0.000001
Epoch [91/100] | SVD update #91: pairs=96, sweeps=3, converged=False, rel_change=1.668e-01, effective_ranks=(95, 24), class_paired=True
Epoch [91/100] | Loss: 6.1906 (Cls: 6.1844, TAL: -0.1111, Adv: 0.2444, OT-Reg: 0.000873) | OT inner objective: 0.0781 | Marginal residual row/col/max: 4.68e-07/1.80e-08/4.68e-07 | Train Acc: 0.1771 | Val Acc: 0.2308 | Val P/R/F1 (Macro): 0.1806/0.2708/0.1803 | LR: 0.000001
Epoch [92/100] | SVD update #92: pairs=96, sweeps=3, converged=False, rel_change=5.146e-01, effective_ranks=(95, 24), class_paired=True
Epoch [92/100] | Loss: 6.2715 (Cls: 6.2727, TAL: -0.1509, Adv: 0.2113, OT-Reg: 0.000897) | OT inner objective: 0.1021 | Marginal residual row/col/max: 3.09e-06/2.98e-08/3.10e-06 | Train Acc: 0.1354 | Val Acc: 0.1154 | Val P/R/F1 (Macro): 0.2238/0.1458/0.1293 | LR: 0.000001
Epoch [93/100] | SVD update #93: pairs=96, sweeps=3, converged=False, rel_change=1.190e-01, effective_ranks=(95, 22), class_paired=True
Epoch [93/100] | Loss: 5.9103 (Cls: 5.8954, TAL: -0.0013, Adv: 0.1889, OT-Reg: 0.000950) | OT inner objective: 0.0501 | Marginal residual row/col/max: 3.14e-07/2.86e-08/3.25e-07 | Train Acc: 0.2292 | Val Acc: 0.3462 | Val P/R/F1 (Macro): 0.2963/0.3458/0.3160 | LR: 0.000001
Epoch [94/100] | SVD update #94: pairs=96, sweeps=3, converged=False, rel_change=1.802e-02, effective_ranks=(95, 26), class_paired=True
Epoch [94/100] | Loss: 5.8534 (Cls: 5.8498, TAL: -0.1303, Adv: 0.2408, OT-Reg: 0.000903) | OT inner objective: 0.0187 | Marginal residual row/col/max: 7.33e-07/3.54e-08/7.33e-07 | Train Acc: 0.2500 | Val Acc: 0.1154 | Val P/R/F1 (Macro): 0.0648/0.1250/0.0809 | LR: 0.000001
Epoch [95/100] | SVD update #95: pairs=96, sweeps=3, converged=False, rel_change=2.993e-01, effective_ranks=(95, 31), class_paired=True
Epoch [95/100] | Loss: 6.1361 (Cls: 6.1644, TAL: -0.3410, Adv: 0.1586, OT-Reg: 0.000866) | OT inner objective: -0.0498 | Marginal residual row/col/max: 1.02e-06/2.05e-08/1.02e-06 | Train Acc: 0.3333 | Val Acc: 0.1154 | Val P/R/F1 (Macro): 0.1435/0.1375/0.1057 | LR: 0.000001
Epoch [96/100] | SVD update #96: pairs=96, sweeps=3, converged=False, rel_change=1.979e-01, effective_ranks=(94, 23), class_paired=True
Epoch [96/100] | Loss: 6.0831 (Cls: 6.0949, TAL: -0.2029, Adv: 0.1562, OT-Reg: 0.001046) | OT inner objective: 0.1138 | Marginal residual row/col/max: 6.46e-08/1.55e-08/6.58e-08 | Train Acc: 0.2396 | Val Acc: 0.1538 | Val P/R/F1 (Macro): 0.1500/0.1083/0.1222 | LR: 0.000001
Epoch [97/100] | SVD update #97: pairs=96, sweeps=3, converged=False, rel_change=2.135e-01, effective_ranks=(95, 21), class_paired=True
Epoch [97/100] | Loss: 6.2884 (Cls: 6.2666, TAL: 0.0692, Adv: 0.1686, OT-Reg: 0.001107) | OT inner objective: 0.2074 | Marginal residual row/col/max: 1.24e-08/1.37e-08/1.43e-08 | Train Acc: 0.2396 | Val Acc: 0.1923 | Val P/R/F1 (Macro): 0.2454/0.2208/0.1878 | LR: 0.000001
Epoch [98/100] | SVD update #98: pairs=96, sweeps=3, converged=False, rel_change=1.439e-01, effective_ranks=(95, 23), class_paired=True
Epoch [98/100] | Loss: 6.1047 (Cls: 6.0968, TAL: -0.0550, Adv: 0.1816, OT-Reg: 0.001188) | OT inner objective: 0.1027 | Marginal residual row/col/max: 1.49e-08/1.18e-08/1.55e-08 | Train Acc: 0.2708 | Val Acc: 0.1154 | Val P/R/F1 (Macro): 0.1157/0.1458/0.0828 | LR: 0.000001
Epoch [99/100] | SVD update #99: pairs=96, sweeps=3, converged=False, rel_change=4.203e-01, effective_ranks=(95, 35), class_paired=True
Epoch [99/100] | Loss: 6.5245 (Cls: 6.5067, TAL: 0.0178, Adv: 0.1954, OT-Reg: 0.001100) | OT inner objective: 0.2124 | Marginal residual row/col/max: 1.06e-08/1.49e-08/1.61e-08 | Train Acc: 0.2604 | Val Acc: 0.1538 | Val P/R/F1 (Macro): 0.0267/0.1667/0.0460 | LR: 0.000001
Epoch [100/100] | SVD update #100: pairs=96, sweeps=3, converged=False, rel_change=1.854e-01, effective_ranks=(95, 27), class_paired=True
Epoch [100/100] | Loss: 6.0122 (Cls: 6.0113, TAL: -0.1392, Adv: 0.2205, OT-Reg: 0.001072) | OT inner objective: 0.0942 | Marginal residual row/col/max: 1.99e-08/2.17e-08/2.30e-08 | Train Acc: 0.1875 | Val Acc: 0.1923 | Val P/R/F1 (Macro): 0.0720/0.1875/0.0791 | LR: 0.000001
Report strategy: last_window, window=10, reported_acc=0.1731, best_acc=0.3846

迭代 4 报告指标:
  Accuracy: 0.1731
  Precision (Macro): 0.1519
  Recall (Macro): 0.1854
  F1 (Macro): 0.1330
  Precision (Micro): 0.1731
  Recall (Micro): 0.1731
  F1 (Micro): 0.1731
  Val class coverage: 6/14 (0.4286), samples=26

================================================================================
迭代 5/5
随机种子: 46
================================================================================
配对采样器已初始化，共 6 个共有类别。
Training mode: full target-label supervision (class-paired batches).
Feature fusion: Tensor alignment (512+512 -> 64+64); fused_dim=128
Domain adaptation: Neural OT generator with 3-domain discriminator
Loss weights: tensor=0.12, adv=0.08
Transport: mode=sinkhorn, epsilon=0.1, Sinkhorn iterations=50, correction scale=0.1, correction regularization weight=0.001
Tensor projection update: once per epoch from the complete target-training pairing bank; projection_dim=64, max_sweeps=3, relative singular-value tolerance=0.0001
Epoch [1/100] | SVD update #1: pairs=96, sweeps=3, converged=True, rel_change=8.002e-05, effective_ranks=(95, 85), class_paired=True
Epoch [1/100] | Loss: 8.8825 (Cls: 8.8438, TAL: 0.1820, Adv: 0.2102, OT-Reg: 0.001240) | OT inner objective: 0.2783 | Marginal residual row/col/max: 1.43e-08/1.99e-08/1.99e-08 | Train Acc: 0.1458 | Val Acc: 0.2308 | Val P/R/F1 (Macro): 0.2778/0.3000/0.2685 | LR: 0.000005
  >>> New Best Val Acc: 0.2308
Epoch [2/100] | SVD update #2: pairs=96, sweeps=3, converged=True, rel_change=1.616e-05, effective_ranks=(95, 86), class_paired=True
Epoch [2/100] | Loss: 8.2816 (Cls: 8.2547, TAL: 0.0835, Adv: 0.2110, OT-Reg: 0.001244) | OT inner objective: 0.2907 | Marginal residual row/col/max: 9.31e-09/1.18e-08/1.18e-08 | Train Acc: 0.1250 | Val Acc: 0.1923 | Val P/R/F1 (Macro): 0.2000/0.2167/0.2076 | LR: 0.000005
Epoch [3/100] | SVD update #3: pairs=96, sweeps=3, converged=False, rel_change=3.511e-03, effective_ranks=(95, 76), class_paired=True
Epoch [3/100] | Loss: 8.7787 (Cls: 8.7671, TAL: -0.0535, Adv: 0.2260, OT-Reg: 0.001211) | OT inner objective: 0.2687 | Marginal residual row/col/max: 9.93e-09/1.30e-08/1.30e-08 | Train Acc: 0.1354 | Val Acc: 0.1538 | Val P/R/F1 (Macro): 0.0738/0.1458/0.0926 | LR: 0.000005
Epoch [4/100] | SVD update #4: pairs=96, sweeps=3, converged=False, rel_change=3.383e-02, effective_ranks=(95, 47), class_paired=True
Epoch [4/100] | Loss: 7.5265 (Cls: 7.5178, TAL: -0.0687, Adv: 0.2121, OT-Reg: 0.001284) | OT inner objective: 0.2822 | Marginal residual row/col/max: 1.37e-08/1.24e-08/1.43e-08 | Train Acc: 0.1562 | Val Acc: 0.2692 | Val P/R/F1 (Macro): 0.1673/0.3500/0.2051 | LR: 0.000005
  >>> New Best Val Acc: 0.2692
Epoch [5/100] | SVD update #5: pairs=96, sweeps=3, converged=False, rel_change=2.550e-01, effective_ranks=(95, 51), class_paired=True
Epoch [5/100] | Loss: 7.7621 (Cls: 7.7409, TAL: 0.0279, Adv: 0.2231, OT-Reg: 0.001272) | OT inner objective: 0.2619 | Marginal residual row/col/max: 8.69e-09/1.37e-08/1.37e-08 | Train Acc: 0.2188 | Val Acc: 0.3077 | Val P/R/F1 (Macro): 0.0580/0.1667/0.0860 | LR: 0.000005
  >>> New Best Val Acc: 0.3077
Epoch [6/100] | SVD update #6: pairs=96, sweeps=3, converged=False, rel_change=4.813e-02, effective_ranks=(95, 67), class_paired=True
Epoch [6/100] | Loss: 7.5456 (Cls: 7.5236, TAL: 0.0430, Adv: 0.2104, OT-Reg: 0.001318) | OT inner objective: 0.2581 | Marginal residual row/col/max: 1.12e-08/1.06e-08/1.24e-08 | Train Acc: 0.2292 | Val Acc: 0.2692 | Val P/R/F1 (Macro): 0.3013/0.2583/0.2407 | LR: 0.000005
Epoch [7/100] | SVD update #7: pairs=96, sweeps=3, converged=False, rel_change=1.084e-01, effective_ranks=(95, 47), class_paired=True
Epoch [7/100] | Loss: 6.8866 (Cls: 6.8820, TAL: -0.0909, Adv: 0.1932, OT-Reg: 0.001300) | OT inner objective: 0.2277 | Marginal residual row/col/max: 1.24e-08/1.18e-08/1.30e-08 | Train Acc: 0.2188 | Val Acc: 0.1923 | Val P/R/F1 (Macro): 0.1204/0.1667/0.1056 | LR: 0.000005
Epoch [8/100] | SVD update #8: pairs=96, sweeps=3, converged=False, rel_change=1.596e-01, effective_ranks=(95, 48), class_paired=True
Epoch [8/100] | Loss: 7.2530 (Cls: 7.2461, TAL: -0.0690, Adv: 0.1905, OT-Reg: 0.001236) | OT inner objective: 0.2654 | Marginal residual row/col/max: 1.12e-08/9.93e-09/1.24e-08 | Train Acc: 0.1562 | Val Acc: 0.1923 | Val P/R/F1 (Macro): 0.0979/0.2000/0.1303 | LR: 0.000005
Epoch [9/100] | SVD update #9: pairs=96, sweeps=3, converged=False, rel_change=1.899e-01, effective_ranks=(95, 49), class_paired=True
Epoch [9/100] | Loss: 7.1304 (Cls: 7.1254, TAL: -0.0740, Adv: 0.1745, OT-Reg: 0.001267) | OT inner objective: 0.2483 | Marginal residual row/col/max: 1.06e-08/1.43e-08/1.49e-08 | Train Acc: 0.2500 | Val Acc: 0.1154 | Val P/R/F1 (Macro): 0.0595/0.2500/0.0949 | LR: 0.000005
Epoch [10/100] | SVD update #10: pairs=96, sweeps=3, converged=False, rel_change=2.961e-01, effective_ranks=(95, 63), class_paired=True
Epoch [10/100] | Loss: 6.9025 (Cls: 6.8797, TAL: 0.0834, Adv: 0.1595, OT-Reg: 0.001235) | OT inner objective: 0.2669 | Marginal residual row/col/max: 8.07e-09/1.24e-08/1.24e-08 | Train Acc: 0.1875 | Val Acc: 0.0769 | Val P/R/F1 (Macro): 0.0159/0.1667/0.0290 | LR: 0.000005
Epoch [11/100] | SVD update #11: pairs=96, sweeps=3, converged=False, rel_change=4.563e-01, effective_ranks=(95, 46), class_paired=True
Epoch [11/100] | Loss: 7.1779 (Cls: 7.1648, TAL: -0.0260, Adv: 0.2015, OT-Reg: 0.001336) | OT inner objective: 0.2300 | Marginal residual row/col/max: 1.24e-08/1.12e-08/1.24e-08 | Train Acc: 0.1771 | Val Acc: 0.1538 | Val P/R/F1 (Macro): 0.2444/0.1708/0.1233 | LR: 0.000005
Epoch [12/100] | SVD update #12: pairs=96, sweeps=3, converged=False, rel_change=1.596e-01, effective_ranks=(95, 43), class_paired=True
Epoch [12/100] | Loss: 7.2409 (Cls: 7.2189, TAL: 0.0785, Adv: 0.1570, OT-Reg: 0.001187) | OT inner objective: 0.2641 | Marginal residual row/col/max: 1.12e-08/1.43e-08/1.43e-08 | Train Acc: 0.1875 | Val Acc: 0.2308 | Val P/R/F1 (Macro): 0.2440/0.3125/0.2232 | LR: 0.000005
Epoch [13/100] | SVD update #13: pairs=96, sweeps=3, converged=False, rel_change=7.867e-02, effective_ranks=(95, 38), class_paired=True
Epoch [13/100] | Loss: 7.4203 (Cls: 7.4169, TAL: -0.1148, Adv: 0.2153, OT-Reg: 0.001386) | OT inner objective: 0.2119 | Marginal residual row/col/max: 1.18e-08/1.06e-08/1.24e-08 | Train Acc: 0.1562 | Val Acc: 0.1538 | Val P/R/F1 (Macro): 0.2303/0.1667/0.1494 | LR: 0.000005
Epoch [14/100] | SVD update #14: pairs=96, sweeps=3, converged=False, rel_change=2.852e-01, effective_ranks=(95, 43), class_paired=True
Epoch [14/100] | Loss: 7.1078 (Cls: 7.1079, TAL: -0.1220, Adv: 0.1823, OT-Reg: 0.001291) | OT inner objective: 0.2524 | Marginal residual row/col/max: 8.69e-09/1.24e-08/1.24e-08 | Train Acc: 0.1250 | Val Acc: 0.1538 | Val P/R/F1 (Macro): 0.1167/0.2083/0.1111 | LR: 0.000005
Epoch [15/100] | SVD update #15: pairs=96, sweeps=3, converged=False, rel_change=6.740e-02, effective_ranks=(95, 36), class_paired=True
Epoch [15/100] | Loss: 6.9202 (Cls: 6.9020, TAL: 0.0376, Adv: 0.1715, OT-Reg: 0.001285) | OT inner objective: 0.2514 | Marginal residual row/col/max: 1.06e-08/1.18e-08/1.18e-08 | Train Acc: 0.1771 | Val Acc: 0.0385 | Val P/R/F1 (Macro): 0.0556/0.0833/0.0667 | LR: 0.000005
Epoch [16/100] | SVD update #16: pairs=96, sweeps=3, converged=False, rel_change=6.076e-01, effective_ranks=(95, 32), class_paired=True
Epoch [16/100] | Loss: 6.6368 (Cls: 6.6302, TAL: -0.0767, Adv: 0.1973, OT-Reg: 0.001202) | OT inner objective: 0.2833 | Marginal residual row/col/max: 1.24e-08/1.68e-08/1.68e-08 | Train Acc: 0.1979 | Val Acc: 0.0000 | Val P/R/F1 (Macro): 0.0000/0.0000/0.0000 | LR: 0.000003
Epoch [17/100] | SVD update #17: pairs=96, sweeps=3, converged=False, rel_change=1.491e-01, effective_ranks=(95, 40), class_paired=True
Epoch [17/100] | Loss: 6.9413 (Cls: 6.9421, TAL: -0.1106, Adv: 0.1557, OT-Reg: 0.001295) | OT inner objective: 0.2682 | Marginal residual row/col/max: 1.12e-08/1.24e-08/1.24e-08 | Train Acc: 0.1875 | Val Acc: 0.1154 | Val P/R/F1 (Macro): 0.0722/0.1500/0.0831 | LR: 0.000003
Epoch [18/100] | SVD update #18: pairs=96, sweeps=3, converged=False, rel_change=5.304e-01, effective_ranks=(95, 65), class_paired=True
Epoch [18/100] | Loss: 6.6908 (Cls: 6.6859, TAL: -0.0724, Adv: 0.1693, OT-Reg: 0.001365) | OT inner objective: 0.2850 | Marginal residual row/col/max: 1.24e-08/1.55e-08/1.55e-08 | Train Acc: 0.2396 | Val Acc: 0.3077 | Val P/R/F1 (Macro): 0.3175/0.3833/0.2762 | LR: 0.000003
Epoch [19/100] | SVD update #19: pairs=96, sweeps=3, converged=False, rel_change=6.996e-01, effective_ranks=(95, 40), class_paired=True
Epoch [19/100] | Loss: 7.1793 (Cls: 7.1802, TAL: -0.1283, Adv: 0.1807, OT-Reg: 0.001168) | OT inner objective: 0.2833 | Marginal residual row/col/max: 9.93e-09/1.49e-08/1.49e-08 | Train Acc: 0.1562 | Val Acc: 0.0385 | Val P/R/F1 (Macro): 0.0128/0.0333/0.0185 | LR: 0.000003
Epoch [20/100] | SVD update #20: pairs=96, sweeps=3, converged=False, rel_change=3.509e-01, effective_ranks=(95, 56), class_paired=True
Epoch [20/100] | Loss: 6.8235 (Cls: 6.7917, TAL: 0.1660, Adv: 0.1488, OT-Reg: 0.001260) | OT inner objective: 0.2864 | Marginal residual row/col/max: 8.69e-09/8.69e-09/9.93e-09 | Train Acc: 0.1458 | Val Acc: 0.1923 | Val P/R/F1 (Macro): 0.0379/0.1667/0.0617 | LR: 0.000003
Epoch [21/100] | SVD update #21: pairs=96, sweeps=3, converged=False, rel_change=5.223e-02, effective_ranks=(95, 58), class_paired=True
Epoch [21/100] | Loss: 6.8762 (Cls: 6.8460, TAL: 0.1330, Adv: 0.1775, OT-Reg: 0.001387) | OT inner objective: 0.2903 | Marginal residual row/col/max: 1.06e-08/1.12e-08/1.24e-08 | Train Acc: 0.1146 | Val Acc: 0.1923 | Val P/R/F1 (Macro): 0.0379/0.1667/0.0617 | LR: 0.000003
Epoch [22/100] | SVD update #22: pairs=96, sweeps=3, converged=False, rel_change=2.484e-01, effective_ranks=(95, 55), class_paired=True
Epoch [22/100] | Loss: 6.8090 (Cls: 6.7897, TAL: 0.0166, Adv: 0.2171, OT-Reg: 0.001249) | OT inner objective: 0.2626 | Marginal residual row/col/max: 9.93e-09/1.37e-08/1.37e-08 | Train Acc: 0.1458 | Val Acc: 0.0385 | Val P/R/F1 (Macro): 0.0076/0.0333/0.0123 | LR: 0.000003
Epoch [23/100] | SVD update #23: pairs=96, sweeps=3, converged=False, rel_change=1.262e+00, effective_ranks=(95, 42), class_paired=True
Epoch [23/100] | Loss: 7.0376 (Cls: 6.9982, TAL: 0.2053, Adv: 0.1844, OT-Reg: 0.001172) | OT inner objective: 0.2856 | Marginal residual row/col/max: 9.93e-09/1.86e-08/1.86e-08 | Train Acc: 0.1250 | Val Acc: 0.1538 | Val P/R/F1 (Macro): 0.0750/0.1417/0.0959 | LR: 0.000003
Epoch [24/100] | SVD update #24: pairs=96, sweeps=3, converged=False, rel_change=9.403e-02, effective_ranks=(95, 64), class_paired=True
Epoch [24/100] | Loss: 6.9022 (Cls: 6.8608, TAL: 0.2191, Adv: 0.1888, OT-Reg: 0.001338) | OT inner objective: 0.2792 | Marginal residual row/col/max: 9.93e-09/1.92e-08/1.92e-08 | Train Acc: 0.2188 | Val Acc: 0.2308 | Val P/R/F1 (Macro): 0.2028/0.3083/0.1979 | LR: 0.000003
Epoch [25/100] | SVD update #25: pairs=96, sweeps=3, converged=False, rel_change=4.173e-01, effective_ranks=(95, 46), class_paired=True
Epoch [25/100] | Loss: 6.8410 (Cls: 6.8451, TAL: -0.1487, Adv: 0.1721, OT-Reg: 0.001310) | OT inner objective: 0.2603 | Marginal residual row/col/max: 9.93e-09/1.06e-08/1.12e-08 | Train Acc: 0.2292 | Val Acc: 0.1923 | Val P/R/F1 (Macro): 0.0321/0.1667/0.0538 | LR: 0.000003
Epoch [26/100] | SVD update #26: pairs=96, sweeps=3, converged=False, rel_change=3.092e-01, effective_ranks=(95, 49), class_paired=True
Epoch [26/100] | Loss: 6.8964 (Cls: 6.8558, TAL: 0.2352, Adv: 0.1546, OT-Reg: 0.001239) | OT inner objective: 0.2814 | Marginal residual row/col/max: 8.07e-09/1.74e-08/1.74e-08 | Train Acc: 0.2083 | Val Acc: 0.1538 | Val P/R/F1 (Macro): 0.3485/0.2833/0.1944 | LR: 0.000003
Epoch [27/100] | SVD update #27: pairs=96, sweeps=3, converged=False, rel_change=2.034e-01, effective_ranks=(95, 37), class_paired=True
Epoch [27/100] | Loss: 6.8913 (Cls: 6.8837, TAL: -0.0711, Adv: 0.2020, OT-Reg: 0.001253) | OT inner objective: 0.2389 | Marginal residual row/col/max: 1.06e-08/1.18e-08/1.18e-08 | Train Acc: 0.1562 | Val Acc: 0.2308 | Val P/R/F1 (Macro): 0.3113/0.2375/0.2367 | LR: 0.000001
Epoch [28/100] | SVD update #28: pairs=96, sweeps=3, converged=False, rel_change=4.915e-01, effective_ranks=(95, 42), class_paired=True
Epoch [28/100] | Loss: 6.8803 (Cls: 6.8664, TAL: 0.0081, Adv: 0.1617, OT-Reg: 0.001154) | OT inner objective: 0.2659 | Marginal residual row/col/max: 1.12e-08/1.18e-08/1.18e-08 | Train Acc: 0.1250 | Val Acc: 0.1538 | Val P/R/F1 (Macro): 0.0741/0.1333/0.0952 | LR: 0.000001
Epoch [29/100] | SVD update #29: pairs=96, sweeps=3, converged=False, rel_change=1.051e-01, effective_ranks=(95, 42), class_paired=True
Epoch [29/100] | Loss: 6.9374 (Cls: 6.9148, TAL: 0.0796, Adv: 0.1632, OT-Reg: 0.001176) | OT inner objective: 0.2710 | Marginal residual row/col/max: 1.18e-08/1.18e-08/1.24e-08 | Train Acc: 0.1875 | Val Acc: 0.1538 | Val P/R/F1 (Macro): 0.0750/0.1208/0.0778 | LR: 0.000001
Epoch [30/100] | SVD update #30: pairs=96, sweeps=3, converged=False, rel_change=5.293e-02, effective_ranks=(95, 43), class_paired=True
Epoch [30/100] | Loss: 6.8971 (Cls: 6.8814, TAL: 0.0203, Adv: 0.1661, OT-Reg: 0.001271) | OT inner objective: 0.2557 | Marginal residual row/col/max: 9.31e-09/9.93e-09/9.93e-09 | Train Acc: 0.1458 | Val Acc: 0.0769 | Val P/R/F1 (Macro): 0.0278/0.1667/0.0476 | LR: 0.000001
Epoch [31/100] | SVD update #31: pairs=96, sweeps=3, converged=False, rel_change=5.403e-01, effective_ranks=(95, 42), class_paired=True
Epoch [31/100] | Loss: 6.9262 (Cls: 6.9138, TAL: -0.0095, Adv: 0.1696, OT-Reg: 0.001172) | OT inner objective: 0.2626 | Marginal residual row/col/max: 1.18e-08/2.24e-08/2.24e-08 | Train Acc: 0.1146 | Val Acc: 0.0385 | Val P/R/F1 (Macro): 0.0208/0.0333/0.0256 | LR: 0.000001
Epoch [32/100] | SVD update #32: pairs=96, sweeps=3, converged=False, rel_change=1.368e-01, effective_ranks=(95, 39), class_paired=True
Epoch [32/100] | Loss: 6.8730 (Cls: 6.8704, TAL: -0.0741, Adv: 0.1430, OT-Reg: 0.001187) | OT inner objective: 0.2718 | Marginal residual row/col/max: 9.93e-09/1.92e-08/1.92e-08 | Train Acc: 0.1562 | Val Acc: 0.3077 | Val P/R/F1 (Macro): 0.2060/0.3667/0.2352 | LR: 0.000001
Epoch [33/100] | SVD update #33: pairs=96, sweeps=3, converged=False, rel_change=6.879e-01, effective_ranks=(95, 57), class_paired=True
Epoch [33/100] | Loss: 6.9628 (Cls: 6.9628, TAL: -0.0954, Adv: 0.1437, OT-Reg: 0.001323) | OT inner objective: 0.2236 | Marginal residual row/col/max: 1.12e-08/1.37e-08/1.37e-08 | Train Acc: 0.1458 | Val Acc: 0.2308 | Val P/R/F1 (Macro): 0.0854/0.2500/0.1270 | LR: 0.000001
Epoch [34/100] | SVD update #34: pairs=96, sweeps=3, converged=False, rel_change=5.954e-01, effective_ranks=(95, 31), class_paired=True
Epoch [34/100] | Loss: 6.5502 (Cls: 6.5193, TAL: 0.1268, Adv: 0.1960, OT-Reg: 0.001181) | OT inner objective: 0.2699 | Marginal residual row/col/max: 9.93e-09/2.11e-08/2.11e-08 | Train Acc: 0.2708 | Val Acc: 0.2692 | Val P/R/F1 (Macro): 0.2851/0.2583/0.2056 | LR: 0.000001
Epoch [35/100] | SVD update #35: pairs=96, sweeps=3, converged=False, rel_change=1.335e-01, effective_ranks=(95, 40), class_paired=True
Epoch [35/100] | Loss: 6.9706 (Cls: 6.9703, TAL: -0.0920, Adv: 0.1422, OT-Reg: 0.001430) | OT inner objective: 0.2250 | Marginal residual row/col/max: 8.07e-09/1.12e-08/1.12e-08 | Train Acc: 0.1875 | Val Acc: 0.1538 | Val P/R/F1 (Macro): 0.0303/0.1667/0.0513 | LR: 0.000001
Epoch [36/100] | SVD update #36: pairs=96, sweeps=3, converged=False, rel_change=6.596e-01, effective_ranks=(95, 49), class_paired=True
Epoch [36/100] | Loss: 6.7945 (Cls: 6.8018, TAL: -0.1550, Adv: 0.1410, OT-Reg: 0.001347) | OT inner objective: 0.2630 | Marginal residual row/col/max: 1.06e-08/1.37e-08/1.37e-08 | Train Acc: 0.2188 | Val Acc: 0.3462 | Val P/R/F1 (Macro): 0.2375/0.3250/0.2595 | LR: 0.000001
  >>> New Best Val Acc: 0.3462
Epoch [37/100] | SVD update #37: pairs=96, sweeps=3, converged=False, rel_change=2.850e-01, effective_ranks=(95, 42), class_paired=True
Epoch [37/100] | Loss: 6.6528 (Cls: 6.6379, TAL: 0.0292, Adv: 0.1416, OT-Reg: 0.001219) | OT inner objective: 0.2755 | Marginal residual row/col/max: 1.24e-08/1.24e-08/1.49e-08 | Train Acc: 0.1354 | Val Acc: 0.1538 | Val P/R/F1 (Macro): 0.1875/0.2833/0.1680 | LR: 0.000001
Epoch [38/100] | SVD update #38: pairs=96, sweeps=3, converged=False, rel_change=3.101e-01, effective_ranks=(95, 41), class_paired=True
Epoch [38/100] | Loss: 7.1128 (Cls: 7.0742, TAL: 0.1915, Adv: 0.1945, OT-Reg: 0.001292) | OT inner objective: 0.2817 | Marginal residual row/col/max: 9.93e-09/1.24e-08/1.37e-08 | Train Acc: 0.2083 | Val Acc: 0.1923 | Val P/R/F1 (Macro): 0.1439/0.1667/0.1535 | LR: 0.000001
Epoch [39/100] | SVD update #39: pairs=96, sweeps=3, converged=False, rel_change=1.126e+00, effective_ranks=(95, 41), class_paired=True
Epoch [39/100] | Loss: 7.1016 (Cls: 7.0985, TAL: -0.0617, Adv: 0.1309, OT-Reg: 0.001288) | OT inner objective: 0.2496 | Marginal residual row/col/max: 1.12e-08/1.61e-08/1.68e-08 | Train Acc: 0.1354 | Val Acc: 0.1154 | Val P/R/F1 (Macro): 0.0571/0.2500/0.0893 | LR: 0.000001
Epoch [40/100] | SVD update #40: pairs=96, sweeps=3, converged=False, rel_change=4.133e-01, effective_ranks=(95, 35), class_paired=True
Epoch [40/100] | Loss: 6.9427 (Cls: 6.9321, TAL: -0.0174, Adv: 0.1587, OT-Reg: 0.001218) | OT inner objective: 0.2743 | Marginal residual row/col/max: 1.06e-08/9.93e-09/1.12e-08 | Train Acc: 0.1771 | Val Acc: 0.1538 | Val P/R/F1 (Macro): 0.0819/0.0958/0.0787 | LR: 0.000001
Epoch [41/100] | SVD update #41: pairs=96, sweeps=3, converged=False, rel_change=7.647e-01, effective_ranks=(95, 59), class_paired=True
Epoch [41/100] | Loss: 6.9145 (Cls: 6.8909, TAL: 0.1059, Adv: 0.1365, OT-Reg: 0.001354) | OT inner objective: 0.2766 | Marginal residual row/col/max: 1.12e-08/1.06e-08/1.12e-08 | Train Acc: 0.2083 | Val Acc: 0.3077 | Val P/R/F1 (Macro): 0.0852/0.1792/0.1142 | LR: 0.000001
Epoch [42/100] | SVD update #42: pairs=96, sweeps=3, converged=False, rel_change=1.537e-01, effective_ranks=(95, 38), class_paired=True
Epoch [42/100] | Loss: 7.1377 (Cls: 7.1329, TAL: -0.0649, Adv: 0.1573, OT-Reg: 0.001275) | OT inner objective: 0.2709 | Marginal residual row/col/max: 9.93e-09/1.06e-08/1.12e-08 | Train Acc: 0.1875 | Val Acc: 0.0769 | Val P/R/F1 (Macro): 0.1042/0.1042/0.1042 | LR: 0.000001
Epoch [43/100] | SVD update #43: pairs=96, sweeps=3, converged=False, rel_change=3.317e-01, effective_ranks=(95, 46), class_paired=True
Epoch [43/100] | Loss: 6.9935 (Cls: 6.9979, TAL: -0.1376, Adv: 0.1525, OT-Reg: 0.001336) | OT inner objective: 0.2621 | Marginal residual row/col/max: 1.06e-08/1.18e-08/1.18e-08 | Train Acc: 0.1354 | Val Acc: 0.0769 | Val P/R/F1 (Macro): 0.0238/0.0667/0.0351 | LR: 0.000001
Epoch [44/100] | SVD update #44: pairs=96, sweeps=3, converged=False, rel_change=1.186e-01, effective_ranks=(95, 33), class_paired=True
Epoch [44/100] | Loss: 6.7633 (Cls: 6.7376, TAL: 0.0851, Adv: 0.1932, OT-Reg: 0.001240) | OT inner objective: 0.2882 | Marginal residual row/col/max: 1.06e-08/1.12e-08/1.12e-08 | Train Acc: 0.1875 | Val Acc: 0.1923 | Val P/R/F1 (Macro): 0.0880/0.1542/0.1119 | LR: 0.000001
Epoch [45/100] | SVD update #45: pairs=96, sweeps=3, converged=False, rel_change=8.547e-01, effective_ranks=(95, 34), class_paired=True
Epoch [45/100] | Loss: 6.5824 (Cls: 6.5609, TAL: 0.0590, Adv: 0.1803, OT-Reg: 0.001258) | OT inner objective: 0.2695 | Marginal residual row/col/max: 1.18e-08/2.05e-08/2.05e-08 | Train Acc: 0.2083 | Val Acc: 0.2308 | Val P/R/F1 (Macro): 0.1204/0.1750/0.1135 | LR: 0.000001
Epoch [46/100] | SVD update #46: pairs=96, sweeps=3, converged=False, rel_change=6.257e-01, effective_ranks=(95, 34), class_paired=True
Epoch [46/100] | Loss: 6.6825 (Cls: 6.6790, TAL: -0.1076, Adv: 0.2047, OT-Reg: 0.001215) | OT inner objective: 0.2633 | Marginal residual row/col/max: 1.12e-08/1.12e-08/1.24e-08 | Train Acc: 0.1875 | Val Acc: 0.1538 | Val P/R/F1 (Macro): 0.1585/0.2208/0.1130 | LR: 0.000001
Epoch [47/100] | SVD update #47: pairs=96, sweeps=3, converged=False, rel_change=3.532e-01, effective_ranks=(95, 34), class_paired=True
Epoch [47/100] | Loss: 6.7447 (Cls: 6.7463, TAL: -0.1015, Adv: 0.1316, OT-Reg: 0.001257) | OT inner objective: 0.2487 | Marginal residual row/col/max: 9.93e-09/1.18e-08/1.18e-08 | Train Acc: 0.1146 | Val Acc: 0.3077 | Val P/R/F1 (Macro): 0.2063/0.2292/0.1550 | LR: 0.000001
Epoch [48/100] | SVD update #48: pairs=96, sweeps=3, converged=False, rel_change=6.337e-01, effective_ranks=(95, 54), class_paired=True
Epoch [48/100] | Loss: 6.9556 (Cls: 6.9217, TAL: 0.1623, Adv: 0.1810, OT-Reg: 0.001218) | OT inner objective: 0.2699 | Marginal residual row/col/max: 1.12e-08/1.24e-08/1.24e-08 | Train Acc: 0.1042 | Val Acc: 0.1154 | Val P/R/F1 (Macro): 0.0675/0.1167/0.0842 | LR: 0.000001
Epoch [49/100] | SVD update #49: pairs=96, sweeps=3, converged=False, rel_change=2.016e-01, effective_ranks=(95, 36), class_paired=True
Epoch [49/100] | Loss: 6.9038 (Cls: 6.8797, TAL: 0.0867, Adv: 0.1706, OT-Reg: 0.001297) | OT inner objective: 0.2602 | Marginal residual row/col/max: 9.93e-09/1.18e-08/1.30e-08 | Train Acc: 0.1771 | Val Acc: 0.3077 | Val P/R/F1 (Macro): 0.3000/0.2625/0.1880 | LR: 0.000001
Epoch [50/100] | SVD update #50: pairs=96, sweeps=3, converged=False, rel_change=1.621e+00, effective_ranks=(95, 33), class_paired=True
Epoch [50/100] | Loss: 6.6962 (Cls: 6.6623, TAL: 0.1966, Adv: 0.1286, OT-Reg: 0.001216) | OT inner objective: 0.2597 | Marginal residual row/col/max: 9.93e-09/1.55e-08/1.55e-08 | Train Acc: 0.1354 | Val Acc: 0.1923 | Val P/R/F1 (Macro): 0.0694/0.1042/0.0833 | LR: 0.000001
Epoch [51/100] | SVD update #51: pairs=96, sweeps=3, converged=False, rel_change=4.554e-01, effective_ranks=(95, 39), class_paired=True
Epoch [51/100] | Loss: 7.1390 (Cls: 7.1292, TAL: -0.0053, Adv: 0.1311, OT-Reg: 0.001281) | OT inner objective: 0.2577 | Marginal residual row/col/max: 9.31e-09/1.06e-08/1.06e-08 | Train Acc: 0.1875 | Val Acc: 0.2308 | Val P/R/F1 (Macro): 0.1481/0.2000/0.1504 | LR: 0.000001
Epoch [52/100] | SVD update #52: pairs=96, sweeps=3, converged=False, rel_change=4.726e-01, effective_ranks=(95, 35), class_paired=True
Epoch [52/100] | Loss: 6.7256 (Cls: 6.7228, TAL: -0.0655, Adv: 0.1332, OT-Reg: 0.001205) | OT inner objective: 0.2522 | Marginal residual row/col/max: 8.07e-09/1.43e-08/1.43e-08 | Train Acc: 0.1562 | Val Acc: 0.0769 | Val P/R/F1 (Macro): 0.0694/0.1042/0.0694 | LR: 0.000001
Epoch [53/100] | SVD update #53: pairs=96, sweeps=3, converged=False, rel_change=4.675e-01, effective_ranks=(95, 44), class_paired=True
Epoch [53/100] | Loss: 6.6679 (Cls: 6.6370, TAL: 0.1595, Adv: 0.1477, OT-Reg: 0.001278) | OT inner objective: 0.2876 | Marginal residual row/col/max: 1.24e-08/1.49e-08/1.68e-08 | Train Acc: 0.1875 | Val Acc: 0.2692 | Val P/R/F1 (Macro): 0.1625/0.3417/0.1972 | LR: 0.000001
Epoch [54/100] | SVD update #54: pairs=96, sweeps=3, converged=False, rel_change=4.665e-01, effective_ranks=(95, 43), class_paired=True
Epoch [54/100] | Loss: 7.0779 (Cls: 7.0765, TAL: -0.0883, Adv: 0.1496, OT-Reg: 0.001230) | OT inner objective: 0.2488 | Marginal residual row/col/max: 1.12e-08/1.24e-08/1.24e-08 | Train Acc: 0.1562 | Val Acc: 0.1538 | Val P/R/F1 (Macro): 0.0905/0.2083/0.1209 | LR: 0.000001
Epoch [55/100] | SVD update #55: pairs=96, sweeps=3, converged=False, rel_change=1.847e+00, effective_ranks=(95, 28), class_paired=True
Epoch [55/100] | Loss: 6.6988 (Cls: 6.7120, TAL: -0.1907, Adv: 0.1213, OT-Reg: 0.001306) | OT inner objective: 0.2252 | Marginal residual row/col/max: 9.93e-09/1.43e-08/1.43e-08 | Train Acc: 0.2083 | Val Acc: 0.1538 | Val P/R/F1 (Macro): 0.0370/0.1333/0.0580 | LR: 0.000001
Epoch [56/100] | SVD update #56: pairs=96, sweeps=3, converged=False, rel_change=7.090e-01, effective_ranks=(95, 34), class_paired=True
Epoch [56/100] | Loss: 6.6147 (Cls: 6.6194, TAL: -0.1314, Adv: 0.1371, OT-Reg: 0.001298) | OT inner objective: 0.2520 | Marginal residual row/col/max: 1.18e-08/9.93e-09/1.24e-08 | Train Acc: 0.1562 | Val Acc: 0.3462 | Val P/R/F1 (Macro): 0.2222/0.2000/0.1389 | LR: 0.000001
Epoch [57/100] | SVD update #57: pairs=96, sweeps=3, converged=False, rel_change=6.206e-01, effective_ranks=(95, 31), class_paired=True
Epoch [57/100] | Loss: 6.9271 (Cls: 6.9380, TAL: -0.1904, Adv: 0.1494, OT-Reg: 0.001313) | OT inner objective: 0.2084 | Marginal residual row/col/max: 1.12e-08/1.43e-08/1.43e-08 | Train Acc: 0.1667 | Val Acc: 0.0385 | Val P/R/F1 (Macro): 0.0088/0.0833/0.0159 | LR: 0.000001
Epoch [58/100] | SVD update #58: pairs=96, sweeps=3, converged=False, rel_change=1.422e-01, effective_ranks=(95, 33), class_paired=True
Epoch [58/100] | Loss: 6.9955 (Cls: 6.9686, TAL: 0.0959, Adv: 0.1928, OT-Reg: 0.001211) | OT inner objective: 0.2742 | Marginal residual row/col/max: 1.12e-08/1.24e-08/1.24e-08 | Train Acc: 0.1562 | Val Acc: 0.1923 | Val P/R/F1 (Macro): 0.1204/0.1667/0.1056 | LR: 0.000001
Epoch [59/100] | SVD update #59: pairs=96, sweeps=3, converged=False, rel_change=4.852e-01, effective_ranks=(95, 28), class_paired=True
Epoch [59/100] | Loss: 6.4811 (Cls: 6.4617, TAL: 0.0542, Adv: 0.1614, OT-Reg: 0.001141) | OT inner objective: 0.2878 | Marginal residual row/col/max: 9.31e-09/1.18e-08/1.18e-08 | Train Acc: 0.2708 | Val Acc: 0.2692 | Val P/R/F1 (Macro): 0.0939/0.2500/0.1331 | LR: 0.000001
Epoch [60/100] | SVD update #60: pairs=96, sweeps=3, converged=False, rel_change=1.902e-01, effective_ranks=(95, 38), class_paired=True
Epoch [60/100] | Loss: 6.8380 (Cls: 6.8164, TAL: 0.0905, Adv: 0.1343, OT-Reg: 0.001266) | OT inner objective: 0.2754 | Marginal residual row/col/max: 1.37e-08/1.24e-08/1.37e-08 | Train Acc: 0.1979 | Val Acc: 0.2308 | Val P/R/F1 (Macro): 0.2010/0.2458/0.1761 | LR: 0.000001
Epoch [61/100] | SVD update #61: pairs=96, sweeps=3, converged=False, rel_change=4.625e-01, effective_ranks=(95, 39), class_paired=True
Epoch [61/100] | Loss: 6.6368 (Cls: 6.6476, TAL: -0.1684, Adv: 0.1184, OT-Reg: 0.001210) | OT inner objective: 0.2143 | Marginal residual row/col/max: 9.93e-09/1.43e-08/1.43e-08 | Train Acc: 0.2708 | Val Acc: 0.1154 | Val P/R/F1 (Macro): 0.0720/0.1167/0.0815 | LR: 0.000001
Epoch [62/100] | SVD update #62: pairs=96, sweeps=3, converged=False, rel_change=4.033e-01, effective_ranks=(95, 30), class_paired=True
Epoch [62/100] | Loss: 7.0762 (Cls: 7.0488, TAL: 0.1410, Adv: 0.1316, OT-Reg: 0.001274) | OT inner objective: 0.2854 | Marginal residual row/col/max: 1.06e-08/1.49e-08/1.49e-08 | Train Acc: 0.1250 | Val Acc: 0.1923 | Val P/R/F1 (Macro): 0.1162/0.1542/0.1136 | LR: 0.000001
Epoch [63/100] | SVD update #63: pairs=96, sweeps=3, converged=False, rel_change=7.820e-01, effective_ranks=(95, 34), class_paired=True
Epoch [63/100] | Loss: 6.9931 (Cls: 6.9680, TAL: 0.1179, Adv: 0.1375, OT-Reg: 0.001300) | OT inner objective: 0.2821 | Marginal residual row/col/max: 1.24e-08/9.93e-09/1.37e-08 | Train Acc: 0.0938 | Val Acc: 0.0769 | Val P/R/F1 (Macro): 0.0152/0.1667/0.0278 | LR: 0.000001
Epoch [64/100] | SVD update #64: pairs=96, sweeps=3, converged=False, rel_change=1.842e-01, effective_ranks=(95, 29), class_paired=True
Epoch [64/100] | Loss: 6.9002 (Cls: 6.8679, TAL: 0.1836, Adv: 0.1292, OT-Reg: 0.001137) | OT inner objective: 0.2881 | Marginal residual row/col/max: 1.06e-08/1.12e-08/1.18e-08 | Train Acc: 0.1875 | Val Acc: 0.1538 | Val P/R/F1 (Macro): 0.3472/0.2833/0.1923 | LR: 0.000001
Epoch [65/100] | SVD update #65: pairs=96, sweeps=3, converged=False, rel_change=5.099e-01, effective_ranks=(95, 32), class_paired=True
Epoch [65/100] | Loss: 7.0374 (Cls: 7.0349, TAL: -0.0930, Adv: 0.1702, OT-Reg: 0.001215) | OT inner objective: 0.2767 | Marginal residual row/col/max: 1.06e-08/1.18e-08/1.18e-08 | Train Acc: 0.1042 | Val Acc: 0.1923 | Val P/R/F1 (Macro): 0.0905/0.1750/0.1192 | LR: 0.000001
Epoch [66/100] | SVD update #66: pairs=96, sweeps=3, converged=False, rel_change=2.110e-01, effective_ranks=(95, 32), class_paired=True
Epoch [66/100] | Loss: 6.6451 (Cls: 6.6114, TAL: 0.1906, Adv: 0.1353, OT-Reg: 0.001210) | OT inner objective: 0.2710 | Marginal residual row/col/max: 9.93e-09/1.43e-08/1.43e-08 | Train Acc: 0.2083 | Val Acc: 0.1923 | Val P/R/F1 (Macro): 0.0905/0.1667/0.1111 | LR: 0.000001
Epoch [67/100] | SVD update #67: pairs=96, sweeps=3, converged=False, rel_change=3.822e-01, effective_ranks=(95, 37), class_paired=True
Epoch [67/100] | Loss: 6.8334 (Cls: 6.8449, TAL: -0.2037, Adv: 0.1614, OT-Reg: 0.001329) | OT inner objective: 0.2562 | Marginal residual row/col/max: 1.18e-08/1.37e-08/1.37e-08 | Train Acc: 0.1875 | Val Acc: 0.1538 | Val P/R/F1 (Macro): 0.0655/0.2500/0.0972 | LR: 0.000001
Epoch [68/100] | SVD update #68: pairs=96, sweeps=3, converged=False, rel_change=3.900e-01, effective_ranks=(95, 30), class_paired=True
Epoch [68/100] | Loss: 6.9890 (Cls: 6.9579, TAL: 0.1652, Adv: 0.1406, OT-Reg: 0.001219) | OT inner objective: 0.2743 | Marginal residual row/col/max: 1.06e-08/1.12e-08/1.12e-08 | Train Acc: 0.1875 | Val Acc: 0.1154 | Val P/R/F1 (Macro): 0.0571/0.1875/0.0778 | LR: 0.000001
Epoch [69/100] | SVD update #69: pairs=96, sweeps=3, converged=False, rel_change=2.044e-01, effective_ranks=(95, 32), class_paired=True
Epoch [69/100] | Loss: 6.8192 (Cls: 6.8017, TAL: 0.0585, Adv: 0.1298, OT-Reg: 0.001249) | OT inner objective: 0.2580 | Marginal residual row/col/max: 1.06e-08/1.12e-08/1.24e-08 | Train Acc: 0.1458 | Val Acc: 0.1538 | Val P/R/F1 (Macro): 0.0565/0.1833/0.0860 | LR: 0.000001
Epoch [70/100] | SVD update #70: pairs=96, sweeps=3, converged=False, rel_change=1.260e+00, effective_ranks=(95, 32), class_paired=True
Epoch [70/100] | Loss: 6.6131 (Cls: 6.5846, TAL: 0.1456, Adv: 0.1378, OT-Reg: 0.001303) | OT inner objective: 0.2757 | Marginal residual row/col/max: 1.06e-08/1.18e-08/1.18e-08 | Train Acc: 0.1667 | Val Acc: 0.1923 | Val P/R/F1 (Macro): 0.0439/0.1667/0.0694 | LR: 0.000001
Epoch [71/100] | SVD update #71: pairs=96, sweeps=3, converged=False, rel_change=2.942e-01, effective_ranks=(95, 42), class_paired=True
Epoch [71/100] | Loss: 6.7385 (Cls: 6.7453, TAL: -0.2256, Adv: 0.2533, OT-Reg: 0.001223) | OT inner objective: 0.1889 | Marginal residual row/col/max: 9.31e-09/1.30e-08/1.30e-08 | Train Acc: 0.1875 | Val Acc: 0.3077 | Val P/R/F1 (Macro): 0.2291/0.4250/0.2860 | LR: 0.000001
Epoch [72/100] | SVD update #72: pairs=96, sweeps=3, converged=False, rel_change=1.307e+00, effective_ranks=(95, 31), class_paired=True
Epoch [72/100] | Loss: 6.6267 (Cls: 6.6299, TAL: -0.1148, Adv: 0.1321, OT-Reg: 0.001349) | OT inner objective: 0.2586 | Marginal residual row/col/max: 1.18e-08/1.12e-08/1.24e-08 | Train Acc: 0.1771 | Val Acc: 0.2692 | Val P/R/F1 (Macro): 0.4342/0.4083/0.3135 | LR: 0.000001
Epoch [73/100] | SVD update #73: pairs=96, sweeps=3, converged=False, rel_change=1.164e-01, effective_ranks=(95, 34), class_paired=True
Epoch [73/100] | Loss: 6.7010 (Cls: 6.7089, TAL: -0.1539, Adv: 0.1316, OT-Reg: 0.001343) | OT inner objective: 0.2618 | Marginal residual row/col/max: 9.93e-09/1.06e-08/1.06e-08 | Train Acc: 0.1771 | Val Acc: 0.2692 | Val P/R/F1 (Macro): 0.0486/0.1458/0.0729 | LR: 0.000001
Epoch [74/100] | SVD update #74: pairs=96, sweeps=3, converged=False, rel_change=3.016e-01, effective_ranks=(95, 36), class_paired=True
Epoch [74/100] | Loss: 6.7485 (Cls: 6.7185, TAL: 0.1402, Adv: 0.1640, OT-Reg: 0.001165) | OT inner objective: 0.2631 | Marginal residual row/col/max: 9.93e-09/1.49e-08/1.49e-08 | Train Acc: 0.1250 | Val Acc: 0.4615 | Val P/R/F1 (Macro): 0.4808/0.3667/0.3426 | LR: 0.000001
  >>> New Best Val Acc: 0.4615
Epoch [75/100] | SVD update #75: pairs=96, sweeps=3, converged=False, rel_change=7.178e-01, effective_ranks=(95, 45), class_paired=True
Epoch [75/100] | Loss: 6.8105 (Cls: 6.8271, TAL: -0.1977, Adv: 0.0887, OT-Reg: 0.001289) | OT inner objective: 0.2382 | Marginal residual row/col/max: 1.24e-08/9.93e-09/1.24e-08 | Train Acc: 0.1667 | Val Acc: 0.3077 | Val P/R/F1 (Macro): 0.2463/0.2833/0.2511 | LR: 0.000001
Epoch [76/100] | SVD update #76: pairs=96, sweeps=3, converged=False, rel_change=5.161e-01, effective_ranks=(95, 58), class_paired=True
Epoch [76/100] | Loss: 6.6182 (Cls: 6.5810, TAL: 0.2261, Adv: 0.1263, OT-Reg: 0.001223) | OT inner objective: 0.2782 | Marginal residual row/col/max: 1.12e-08/9.93e-09/1.18e-08 | Train Acc: 0.2708 | Val Acc: 0.2692 | Val P/R/F1 (Macro): 0.2403/0.3083/0.2328 | LR: 0.000001
Epoch [77/100] | SVD update #77: pairs=96, sweeps=3, converged=False, rel_change=1.807e-01, effective_ranks=(95, 31), class_paired=True
Epoch [77/100] | Loss: 6.8189 (Cls: 6.8136, TAL: -0.0314, Adv: 0.1144, OT-Reg: 0.001319) | OT inner objective: 0.2893 | Marginal residual row/col/max: 1.06e-08/1.06e-08/1.12e-08 | Train Acc: 0.1771 | Val Acc: 0.0385 | Val P/R/F1 (Macro): 0.1667/0.0208/0.0370 | LR: 0.000001
Epoch [78/100] | SVD update #78: pairs=96, sweeps=3, converged=False, rel_change=3.902e-01, effective_ranks=(95, 33), class_paired=True
Epoch [78/100] | Loss: 6.6403 (Cls: 6.6472, TAL: -0.1248, Adv: 0.1003, OT-Reg: 0.001279) | OT inner objective: 0.2194 | Marginal residual row/col/max: 9.31e-09/1.12e-08/1.12e-08 | Train Acc: 0.1771 | Val Acc: 0.3846 | Val P/R/F1 (Macro): 0.2333/0.2958/0.2513 | LR: 0.000001
Epoch [79/100] | SVD update #79: pairs=96, sweeps=3, converged=False, rel_change=5.680e-01, effective_ranks=(95, 55), class_paired=True
Epoch [79/100] | Loss: 6.9249 (Cls: 6.9042, TAL: 0.0838, Adv: 0.1326, OT-Reg: 0.001173) | OT inner objective: 0.2511 | Marginal residual row/col/max: 1.18e-08/1.74e-08/1.74e-08 | Train Acc: 0.1354 | Val Acc: 0.3462 | Val P/R/F1 (Macro): 0.1354/0.2375/0.1720 | LR: 0.000001
Epoch [80/100] | SVD update #80: pairs=96, sweeps=3, converged=False, rel_change=3.173e+00, effective_ranks=(95, 30), class_paired=True
Epoch [80/100] | Loss: 6.7680 (Cls: 6.7715, TAL: -0.1198, Adv: 0.1359, OT-Reg: 0.001311) | OT inner objective: 0.2495 | Marginal residual row/col/max: 1.24e-08/1.18e-08/1.24e-08 | Train Acc: 0.1667 | Val Acc: 0.2308 | Val P/R/F1 (Macro): 0.2238/0.2958/0.2259 | LR: 0.000001
Epoch [81/100] | SVD update #81: pairs=96, sweeps=3, converged=False, rel_change=2.989e-01, effective_ranks=(95, 31), class_paired=True
Epoch [81/100] | Loss: 6.5255 (Cls: 6.5080, TAL: 0.0171, Adv: 0.1931, OT-Reg: 0.001268) | OT inner objective: 0.2803 | Marginal residual row/col/max: 1.30e-08/1.30e-08/1.30e-08 | Train Acc: 0.2188 | Val Acc: 0.2308 | Val P/R/F1 (Macro): 0.1000/0.2500/0.1389 | LR: 0.000001
Epoch [82/100] | SVD update #82: pairs=96, sweeps=3, converged=False, rel_change=3.591e-01, effective_ranks=(95, 36), class_paired=True
Epoch [82/100] | Loss: 6.7601 (Cls: 6.7472, TAL: 0.0196, Adv: 0.1318, OT-Reg: 0.001248) | OT inner objective: 0.2598 | Marginal residual row/col/max: 9.93e-09/1.43e-08/1.49e-08 | Train Acc: 0.1458 | Val Acc: 0.2308 | Val P/R/F1 (Macro): 0.1389/0.2250/0.1620 | LR: 0.000001
Epoch [83/100] | SVD update #83: pairs=96, sweeps=3, converged=False, rel_change=4.600e-01, effective_ranks=(95, 37), class_paired=True
Epoch [83/100] | Loss: 6.6359 (Cls: 6.6607, TAL: -0.2862, Adv: 0.1192, OT-Reg: 0.001283) | OT inner objective: 0.2361 | Marginal residual row/col/max: 8.69e-09/1.55e-08/1.55e-08 | Train Acc: 0.2292 | Val Acc: 0.2692 | Val P/R/F1 (Macro): 0.2907/0.3500/0.2747 | LR: 0.000001
Epoch [84/100] | SVD update #84: pairs=96, sweeps=3, converged=False, rel_change=4.188e-01, effective_ranks=(95, 41), class_paired=True
Epoch [84/100] | Loss: 6.6733 (Cls: 6.6441, TAL: 0.1601, Adv: 0.1244, OT-Reg: 0.001339) | OT inner objective: 0.2306 | Marginal residual row/col/max: 1.18e-08/1.18e-08/1.30e-08 | Train Acc: 0.2292 | Val Acc: 0.3077 | Val P/R/F1 (Macro): 0.1299/0.1792/0.1506 | LR: 0.000001
Epoch [85/100] | SVD update #85: pairs=96, sweeps=3, converged=False, rel_change=2.453e-01, effective_ranks=(95, 34), class_paired=True
Epoch [85/100] | Loss: 6.8684 (Cls: 6.8674, TAL: -0.0943, Adv: 0.1533, OT-Reg: 0.001329) | OT inner objective: 0.2059 | Marginal residual row/col/max: 1.18e-08/1.06e-08/1.24e-08 | Train Acc: 0.1250 | Val Acc: 0.2692 | Val P/R/F1 (Macro): 0.1632/0.1708/0.1528 | LR: 0.000001
Epoch [86/100] | SVD update #86: pairs=96, sweeps=3, converged=False, rel_change=1.788e-01, effective_ranks=(95, 30), class_paired=True
Epoch [86/100] | Loss: 6.8870 (Cls: 6.8591, TAL: 0.1356, Adv: 0.1461, OT-Reg: 0.001384) | OT inner objective: 0.2659 | Marginal residual row/col/max: 9.31e-09/1.24e-08/1.24e-08 | Train Acc: 0.2188 | Val Acc: 0.2308 | Val P/R/F1 (Macro): 0.3500/0.2750/0.1922 | LR: 0.000001
Epoch [87/100] | SVD update #87: pairs=96, sweeps=3, converged=False, rel_change=4.508e-01, effective_ranks=(95, 45), class_paired=True
Epoch [87/100] | Loss: 6.6343 (Cls: 6.6425, TAL: -0.1387, Adv: 0.1054, OT-Reg: 0.001325) | OT inner objective: 0.2583 | Marginal residual row/col/max: 1.06e-08/1.18e-08/1.24e-08 | Train Acc: 0.1562 | Val Acc: 0.1154 | Val P/R/F1 (Macro): 0.0414/0.2500/0.0688 | LR: 0.000001
Epoch [88/100] | SVD update #88: pairs=96, sweeps=3, converged=False, rel_change=1.398e-01, effective_ranks=(95, 36), class_paired=True
Epoch [88/100] | Loss: 6.5188 (Cls: 6.5142, TAL: -0.0431, Adv: 0.1220, OT-Reg: 0.001355) | OT inner objective: 0.2362 | Marginal residual row/col/max: 1.12e-08/8.69e-09/1.12e-08 | Train Acc: 0.1354 | Val Acc: 0.3077 | Val P/R/F1 (Macro): 0.1364/0.2292/0.1611 | LR: 0.000001
Epoch [89/100] | SVD update #89: pairs=96, sweeps=3, converged=False, rel_change=6.717e-01, effective_ranks=(95, 46), class_paired=True
Epoch [89/100] | Loss: 6.8528 (Cls: 6.8441, TAL: 0.0015, Adv: 0.1060, OT-Reg: 0.001317) | OT inner objective: 0.2602 | Marginal residual row/col/max: 1.24e-08/1.24e-08/1.24e-08 | Train Acc: 0.1875 | Val Acc: 0.1538 | Val P/R/F1 (Macro): 0.0333/0.1667/0.0556 | LR: 0.000001
Epoch [90/100] | SVD update #90: pairs=96, sweeps=3, converged=False, rel_change=9.377e-01, effective_ranks=(95, 34), class_paired=True
Epoch [90/100] | Loss: 6.8489 (Cls: 6.8413, TAL: 0.0014, Adv: 0.0928, OT-Reg: 0.001254) | OT inner objective: 0.2620 | Marginal residual row/col/max: 1.18e-08/1.12e-08/1.24e-08 | Train Acc: 0.1250 | Val Acc: 0.0000 | Val P/R/F1 (Macro): 0.0000/0.0000/0.0000 | LR: 0.000001
Epoch [91/100] | SVD update #91: pairs=96, sweeps=3, converged=False, rel_change=5.305e-01, effective_ranks=(95, 41), class_paired=True
Epoch [91/100] | Loss: 6.7175 (Cls: 6.6945, TAL: 0.1290, Adv: 0.0944, OT-Reg: 0.001247) | OT inner objective: 0.2695 | Marginal residual row/col/max: 1.12e-08/1.24e-08/1.37e-08 | Train Acc: 0.1667 | Val Acc: 0.3462 | Val P/R/F1 (Macro): 0.1984/0.3833/0.2519 | LR: 0.000001
Epoch [92/100] | SVD update #92: pairs=96, sweeps=3, converged=False, rel_change=2.997e-01, effective_ranks=(95, 37), class_paired=True
Epoch [92/100] | Loss: 6.7243 (Cls: 6.7206, TAL: -0.0413, Adv: 0.1071, OT-Reg: 0.001142) | OT inner objective: 0.2680 | Marginal residual row/col/max: 1.12e-08/1.37e-08/1.37e-08 | Train Acc: 0.1875 | Val Acc: 0.1923 | Val P/R/F1 (Macro): 0.1111/0.1667/0.1333 | LR: 0.000001
Epoch [93/100] | SVD update #93: pairs=96, sweeps=3, converged=False, rel_change=2.929e-01, effective_ranks=(95, 33), class_paired=True
Epoch [93/100] | Loss: 7.0254 (Cls: 6.9926, TAL: 0.1824, Adv: 0.1374, OT-Reg: 0.001262) | OT inner objective: 0.2740 | Marginal residual row/col/max: 9.93e-09/9.93e-09/1.06e-08 | Train Acc: 0.1562 | Val Acc: 0.0769 | Val P/R/F1 (Macro): 0.0128/0.1667/0.0238 | LR: 0.000001
Epoch [94/100] | SVD update #94: pairs=96, sweeps=3, converged=False, rel_change=1.871e-01, effective_ranks=(95, 31), class_paired=True
Epoch [94/100] | Loss: 6.8768 (Cls: 6.8804, TAL: -0.1052, Adv: 0.1128, OT-Reg: 0.001263) | OT inner objective: 0.2307 | Marginal residual row/col/max: 1.06e-08/1.30e-08/1.30e-08 | Train Acc: 0.2292 | Val Acc: 0.1538 | Val P/R/F1 (Macro): 0.2639/0.1708/0.1349 | LR: 0.000001
Epoch [95/100] | SVD update #95: pairs=96, sweeps=3, converged=False, rel_change=2.458e-01, effective_ranks=(95, 37), class_paired=True
Epoch [95/100] | Loss: 6.8066 (Cls: 6.7869, TAL: 0.0702, Adv: 0.1412, OT-Reg: 0.001212) | OT inner objective: 0.2658 | Marginal residual row/col/max: 9.93e-09/1.43e-08/1.43e-08 | Train Acc: 0.1979 | Val Acc: 0.0385 | Val P/R/F1 (Macro): 0.0185/0.0833/0.0303 | LR: 0.000001
Epoch [96/100] | SVD update #96: pairs=96, sweeps=3, converged=False, rel_change=1.544e+00, effective_ranks=(95, 33), class_paired=True
Epoch [96/100] | Loss: 6.8503 (Cls: 6.8449, TAL: -0.0448, Adv: 0.1343, OT-Reg: 0.001273) | OT inner objective: 0.2591 | Marginal residual row/col/max: 1.12e-08/1.30e-08/1.30e-08 | Train Acc: 0.2292 | Val Acc: 0.0769 | Val P/R/F1 (Macro): 0.0185/0.1667/0.0333 | LR: 0.000001
Epoch [97/100] | SVD update #97: pairs=96, sweeps=3, converged=False, rel_change=1.740e-01, effective_ranks=(95, 30), class_paired=True
Epoch [97/100] | Loss: 6.5918 (Cls: 6.5998, TAL: -0.1393, Adv: 0.1087, OT-Reg: 0.001324) | OT inner objective: 0.1945 | Marginal residual row/col/max: 1.18e-08/1.12e-08/1.24e-08 | Train Acc: 0.1146 | Val Acc: 0.1923 | Val P/R/F1 (Macro): 0.4048/0.2042/0.2315 | LR: 0.000001
Epoch [98/100] | SVD update #98: pairs=96, sweeps=3, converged=False, rel_change=7.647e-01, effective_ranks=(95, 57), class_paired=True
Epoch [98/100] | Loss: 6.9582 (Cls: 6.9307, TAL: 0.1624, Adv: 0.1007, OT-Reg: 0.001286) | OT inner objective: 0.2774 | Marginal residual row/col/max: 8.69e-09/1.24e-08/1.24e-08 | Train Acc: 0.0938 | Val Acc: 0.3077 | Val P/R/F1 (Macro): 0.0926/0.2292/0.1314 | LR: 0.000001
Epoch [99/100] | SVD update #99: pairs=96, sweeps=3, converged=False, rel_change=2.747e-01, effective_ranks=(95, 32), class_paired=True
Epoch [99/100] | Loss: 6.6974 (Cls: 6.6811, TAL: 0.0600, Adv: 0.1138, OT-Reg: 0.001278) | OT inner objective: 0.2360 | Marginal residual row/col/max: 1.06e-08/8.69e-09/1.06e-08 | Train Acc: 0.1667 | Val Acc: 0.3462 | Val P/R/F1 (Macro): 0.1508/0.2708/0.1937 | LR: 0.000001
Epoch [100/100] | SVD update #100: pairs=96, sweeps=3, converged=False, rel_change=6.278e-01, effective_ranks=(95, 37), class_paired=True
Epoch [100/100] | Loss: 6.8978 (Cls: 6.9102, TAL: -0.1686, Adv: 0.0986, OT-Reg: 0.001181) | OT inner objective: 0.2459 | Marginal residual row/col/max: 8.69e-09/1.55e-08/1.55e-08 | Train Acc: 0.2396 | Val Acc: 0.2692 | Val P/R/F1 (Macro): 0.4097/0.3708/0.3035 | LR: 0.000001
Report strategy: last_window, window=10, reported_acc=0.2000, best_acc=0.4615

迭代 5 报告指标:
  Accuracy: 0.2000
  Precision (Macro): 0.1681
  Recall (Macro): 0.2213
  F1 (Macro): 0.1468
  Precision (Micro): 0.2000
  Recall (Micro): 0.2000
  F1 (Micro): 0.2000
  Val class coverage: 6/14 (0.4286), samples=26

================================================================================
5次迭代统计结果
================================================================================

accuracy:
  各迭代值: ['0.2500', '0.1692', '0.1769', '0.1731', '0.2000']
  均值 (Mean): 0.1938
  标准差 (Std): 0.0300

precision_macro:
  各迭代值: ['0.1529', '0.0912', '0.1132', '0.1519', '0.1681']
  均值 (Mean): 0.1355
  标准差 (Std): 0.0286

recall_macro:
  各迭代值: ['0.3142', '0.2367', '0.1371', '0.1854', '0.2213']
  均值 (Mean): 0.2189
  标准差 (Std): 0.0587

f1_macro:
  各迭代值: ['0.1850', '0.1097', '0.1050', '0.1330', '0.1468']
  均值 (Mean): 0.1359
  标准差 (Std): 0.0289

precision_micro:
  各迭代值: ['0.2500', '0.1692', '0.1769', '0.1731', '0.2000']
  均值 (Mean): 0.1938
  标准差 (Std): 0.0300

recall_micro:
  各迭代值: ['0.2500', '0.1692', '0.1769', '0.1731', '0.2000']
  均值 (Mean): 0.1938
  标准差 (Std): 0.0300

f1_micro:
  各迭代值: ['0.2500', '0.1692', '0.1769', '0.1731', '0.2000']
  均值 (Mean): 0.1938
  标准差 (Std): 0.0300

val_class_coverage:
  各迭代值: ['0.4286', '0.4286', '0.4286', '0.4286', '0.4286']
  均值 (Mean): 0.4286
  标准差 (Std): 0.0000

val_present_classes:
  各迭代值: ['6.0000', '6.0000', '6.0000', '6.0000', '6.0000']
  均值 (Mean): 6.0000
  标准差 (Std): 0.0000

val_total_classes:
  各迭代值: ['14.0000', '14.0000', '14.0000', '14.0000', '14.0000']
  均值 (Mean): 14.0000
  标准差 (Std): 0.0000

val_samples:
  各迭代值: ['26.0000', '26.0000', '26.0000', '26.0000', '26.0000']
  均值 (Mean): 26.0000
  标准差 (Std): 0.0000

训练结束时间: 2026-09-24 14:20:10
================================================================================

[Batch 3/4] Full: Tensor+OT, target=雾天
================================================================================
模块消融实验 - with_tensor_with_ot
目标域天气: 雾天
训练开始时间: 2026-09-24 14:20:10
设备: cuda
源域: /mnt/data/lixiang/data/Data/晴天
目标域: /mnt/data/lixiang/data/Data/雾天
批次大小: 32
总轮数: 100
迭代次数: 5
使用Tensor模块: 是
使用OT模块: 是
特征融合方式: Tensor对齐
域对齐方式: 最优传输
目标标签比例/权重: 1.0/1.0
Tensor/Adv损失权重: 0.12/0.08
Tensor投影维度/更新: 64/每epoch一次; SVD统计批次=32
学习率: feature=5e-06, other=0.0002, weight_decay=0.0005
报告策略: last_window, 窗口: 10
================================================================================

================================================================================
迭代 1/5
随机种子: 42
================================================================================
配对采样器已初始化，共 9 个共有类别。
Training mode: full target-label supervision (class-paired batches).
Feature fusion: Tensor alignment (512+512 -> 64+64); fused_dim=128
Domain adaptation: Neural OT generator with 3-domain discriminator
Loss weights: tensor=0.12, adv=0.08
Transport: mode=sinkhorn, epsilon=0.1, Sinkhorn iterations=50, correction scale=0.1, correction regularization weight=0.001
Tensor projection update: once per epoch from the complete target-training pairing bank; projection_dim=64, max_sweeps=3, relative singular-value tolerance=0.0001
Epoch [1/100] | SVD update #1: pairs=440, sweeps=3, converged=True, rel_change=2.096e-05, effective_ranks=(327, 128), class_paired=True
Epoch [1/100] | Loss: 7.0217 (Cls: 7.0238, TAL: -0.1719, Adv: 0.2307, OT-Reg: 0.000651) | OT inner objective: 0.2479 | Marginal residual row/col/max: 1.03e-08/1.36e-08/1.36e-08 | Train Acc: 0.2163 | Val Acc: 0.2261 | Val P/R/F1 (Macro): 0.2586/0.2485/0.1663 | LR: 0.000005
  >>> New Best Val Acc: 0.2261
Epoch [2/100] | SVD update #2: pairs=440, sweeps=3, converged=False, rel_change=3.246e-01, effective_ranks=(326, 72), class_paired=True
Epoch [2/100] | Loss: 7.3213 (Cls: 7.2959, TAL: 0.0744, Adv: 0.2064, OT-Reg: 0.000673) | OT inner objective: 0.2695 | Marginal residual row/col/max: 1.02e-08/1.28e-08/1.30e-08 | Train Acc: 0.1466 | Val Acc: 0.2174 | Val P/R/F1 (Macro): 0.1422/0.1735/0.1517 | LR: 0.000005
Epoch [3/100] | SVD update #3: pairs=440, sweeps=3, converged=False, rel_change=1.192e-01, effective_ranks=(326, 34), class_paired=True
Epoch [3/100] | Loss: 6.9963 (Cls: 6.9915, TAL: -0.0876, Adv: 0.1920, OT-Reg: 0.000717) | OT inner objective: 0.1976 | Marginal residual row/col/max: 1.16e-08/1.50e-08/1.53e-08 | Train Acc: 0.1803 | Val Acc: 0.2174 | Val P/R/F1 (Macro): 0.1204/0.3022/0.1546 | LR: 0.000005
Epoch [4/100] | SVD update #4: pairs=440, sweeps=3, converged=False, rel_change=4.526e-01, effective_ranks=(325, 42), class_paired=True
Epoch [4/100] | Loss: 7.1998 (Cls: 7.1899, TAL: -0.0242, Adv: 0.1600, OT-Reg: 0.000730) | OT inner objective: 0.1928 | Marginal residual row/col/max: 8.88e-09/1.43e-08/1.45e-08 | Train Acc: 0.1635 | Val Acc: 0.2174 | Val P/R/F1 (Macro): 0.2087/0.3310/0.2071 | LR: 0.000005
Epoch [5/100] | SVD update #5: pairs=440, sweeps=3, converged=False, rel_change=1.323e-01, effective_ranks=(324, 28), class_paired=True
Epoch [5/100] | Loss: 6.9602 (Cls: 6.9419, TAL: 0.0477, Adv: 0.1564, OT-Reg: 0.000740) | OT inner objective: 0.1137 | Marginal residual row/col/max: 4.27e-05/1.55e-08/4.27e-05 | Train Acc: 0.1635 | Val Acc: 0.2348 | Val P/R/F1 (Macro): 0.1829/0.2914/0.1704 | LR: 0.000005
  >>> New Best Val Acc: 0.2348
Epoch [6/100] | SVD update #6: pairs=440, sweeps=3, converged=False, rel_change=1.116e-02, effective_ranks=(325, 29), class_paired=True
Epoch [6/100] | Loss: 6.6610 (Cls: 6.6382, TAL: 0.0949, Adv: 0.1423, OT-Reg: 0.000721) | OT inner objective: 0.1304 | Marginal residual row/col/max: 2.06e-05/2.03e-08/2.06e-05 | Train Acc: 0.2115 | Val Acc: 0.1217 | Val P/R/F1 (Macro): 0.2702/0.2028/0.1438 | LR: 0.000005
Epoch [7/100] | SVD update #7: pairs=440, sweeps=3, converged=False, rel_change=7.062e-02, effective_ranks=(325, 18), class_paired=True
Epoch [7/100] | Loss: 6.5770 (Cls: 6.5735, TAL: -0.0857, Adv: 0.1718, OT-Reg: 0.000618) | OT inner objective: 0.0865 | Marginal residual row/col/max: 1.36e-04/1.17e-08/1.36e-04 | Train Acc: 0.2115 | Val Acc: 0.2261 | Val P/R/F1 (Macro): 0.2104/0.3064/0.1719 | LR: 0.000005
Epoch [8/100] | SVD update #8: pairs=440, sweeps=3, converged=False, rel_change=2.052e-01, effective_ranks=(326, 21), class_paired=True
Epoch [8/100] | Loss: 6.3983 (Cls: 6.3868, TAL: 0.0072, Adv: 0.1337, OT-Reg: 0.000713) | OT inner objective: 0.0801 | Marginal residual row/col/max: 1.88e-05/1.32e-08/1.88e-05 | Train Acc: 0.2236 | Val Acc: 0.3652 | Val P/R/F1 (Macro): 0.4155/0.3697/0.3258 | LR: 0.000005
  >>> New Best Val Acc: 0.3652
Epoch [9/100] | SVD update #9: pairs=440, sweeps=3, converged=False, rel_change=3.411e-01, effective_ranks=(326, 30), class_paired=True
Epoch [9/100] | Loss: 5.9021 (Cls: 5.9051, TAL: -0.1276, Adv: 0.1532, OT-Reg: 0.000639) | OT inner objective: 0.0459 | Marginal residual row/col/max: 5.43e-05/1.15e-08/5.43e-05 | Train Acc: 0.2596 | Val Acc: 0.2522 | Val P/R/F1 (Macro): 0.3507/0.2968/0.2193 | LR: 0.000005
Epoch [10/100] | SVD update #10: pairs=440, sweeps=3, converged=False, rel_change=1.557e-02, effective_ranks=(326, 25), class_paired=True
Epoch [10/100] | Loss: 5.9113 (Cls: 5.9201, TAL: -0.1580, Adv: 0.1267, OT-Reg: 0.000657) | OT inner objective: 0.0882 | Marginal residual row/col/max: 3.37e-05/1.12e-08/3.37e-05 | Train Acc: 0.2524 | Val Acc: 0.1130 | Val P/R/F1 (Macro): 0.1753/0.1869/0.1107 | LR: 0.000005
Epoch [11/100] | SVD update #11: pairs=440, sweeps=3, converged=False, rel_change=1.769e-01, effective_ranks=(323, 21), class_paired=True
Epoch [11/100] | Loss: 5.9952 (Cls: 5.9934, TAL: -0.0796, Adv: 0.1425, OT-Reg: 0.000772) | OT inner objective: 0.1165 | Marginal residual row/col/max: 4.70e-05/1.58e-08/4.70e-05 | Train Acc: 0.2957 | Val Acc: 0.3130 | Val P/R/F1 (Macro): 0.4174/0.3716/0.2947 | LR: 0.000005
Epoch [12/100] | SVD update #12: pairs=440, sweeps=3, converged=False, rel_change=3.870e-02, effective_ranks=(319, 21), class_paired=True
Epoch [12/100] | Loss: 5.8242 (Cls: 5.8207, TAL: -0.0523, Adv: 0.1216, OT-Reg: 0.000693) | OT inner objective: 0.1027 | Marginal residual row/col/max: 9.81e-05/1.81e-08/9.81e-05 | Train Acc: 0.2885 | Val Acc: 0.2696 | Val P/R/F1 (Macro): 0.2259/0.3749/0.2421 | LR: 0.000005
Epoch [13/100] | SVD update #13: pairs=440, sweeps=3, converged=False, rel_change=3.139e-02, effective_ranks=(323, 21), class_paired=True
Epoch [13/100] | Loss: 5.6030 (Cls: 5.6195, TAL: -0.2241, Adv: 0.1299, OT-Reg: 0.000699) | OT inner objective: 0.0362 | Marginal residual row/col/max: 7.18e-05/1.39e-08/7.18e-05 | Train Acc: 0.3678 | Val Acc: 0.3391 | Val P/R/F1 (Macro): 0.1791/0.3000/0.2165 | LR: 0.000005
Epoch [14/100] | SVD update #14: pairs=440, sweeps=3, converged=False, rel_change=8.904e-02, effective_ranks=(327, 22), class_paired=True
Epoch [14/100] | Loss: 6.4782 (Cls: 6.4821, TAL: -0.1327, Adv: 0.1502, OT-Reg: 0.000624) | OT inner objective: 0.1299 | Marginal residual row/col/max: 4.35e-06/1.09e-08/4.35e-06 | Train Acc: 0.1755 | Val Acc: 0.3391 | Val P/R/F1 (Macro): 0.2210/0.2675/0.1666 | LR: 0.000005
Epoch [15/100] | SVD update #15: pairs=440, sweeps=3, converged=False, rel_change=6.026e-02, effective_ranks=(323, 20), class_paired=True
Epoch [15/100] | Loss: 6.3369 (Cls: 6.3306, TAL: -0.0429, Adv: 0.1432, OT-Reg: 0.000603) | OT inner objective: 0.1227 | Marginal residual row/col/max: 1.85e-07/1.17e-08/1.87e-07 | Train Acc: 0.2019 | Val Acc: 0.1652 | Val P/R/F1 (Macro): 0.1922/0.2038/0.1309 | LR: 0.000005
Epoch [16/100] | SVD update #16: pairs=440, sweeps=3, converged=False, rel_change=2.796e-02, effective_ranks=(324, 23), class_paired=True
Epoch [16/100] | Loss: 5.9941 (Cls: 5.9974, TAL: -0.1256, Adv: 0.1469, OT-Reg: 0.000634) | OT inner objective: 0.0596 | Marginal residual row/col/max: 4.49e-05/1.13e-08/4.49e-05 | Train Acc: 0.2067 | Val Acc: 0.2261 | Val P/R/F1 (Macro): 0.3341/0.2538/0.2209 | LR: 0.000005
Epoch [17/100] | SVD update #17: pairs=440, sweeps=3, converged=False, rel_change=1.313e-01, effective_ranks=(324, 16), class_paired=True
Epoch [17/100] | Loss: 5.5041 (Cls: 5.5221, TAL: -0.2596, Adv: 0.1644, OT-Reg: 0.000626) | OT inner objective: -0.0154 | Marginal residual row/col/max: 7.57e-05/1.26e-08/7.57e-05 | Train Acc: 0.2957 | Val Acc: 0.2261 | Val P/R/F1 (Macro): 0.2304/0.2485/0.1548 | LR: 0.000005
Epoch [18/100] | SVD update #18: pairs=440, sweeps=3, converged=False, rel_change=2.309e-01, effective_ranks=(326, 22), class_paired=True
Epoch [18/100] | Loss: 5.6719 (Cls: 5.6735, TAL: -0.0994, Adv: 0.1294, OT-Reg: 0.000679) | OT inner objective: 0.0091 | Marginal residual row/col/max: 4.91e-06/1.09e-08/4.91e-06 | Train Acc: 0.2548 | Val Acc: 0.2522 | Val P/R/F1 (Macro): 0.3571/0.2986/0.2461 | LR: 0.000005
Epoch [19/100] | SVD update #19: pairs=440, sweeps=3, converged=False, rel_change=3.670e-02, effective_ranks=(326, 18), class_paired=True
Epoch [19/100] | Loss: 5.4211 (Cls: 5.4342, TAL: -0.2071, Adv: 0.1460, OT-Reg: 0.000669) | OT inner objective: 0.0248 | Marginal residual row/col/max: 3.21e-05/1.35e-08/3.21e-05 | Train Acc: 0.3293 | Val Acc: 0.2783 | Val P/R/F1 (Macro): 0.4746/0.3960/0.3247 | LR: 0.000003
Epoch [20/100] | SVD update #20: pairs=440, sweeps=3, converged=False, rel_change=2.382e-02, effective_ranks=(325, 18), class_paired=True
Epoch [20/100] | Loss: 5.7275 (Cls: 5.7394, TAL: -0.2209, Adv: 0.1833, OT-Reg: 0.000653) | OT inner objective: 0.0598 | Marginal residual row/col/max: 4.94e-05/1.35e-08/4.94e-05 | Train Acc: 0.2957 | Val Acc: 0.2609 | Val P/R/F1 (Macro): 0.3339/0.3113/0.2528 | LR: 0.000003
Epoch [21/100] | SVD update #21: pairs=440, sweeps=3, converged=False, rel_change=1.071e-02, effective_ranks=(327, 18), class_paired=True
Epoch [21/100] | Loss: 5.2930 (Cls: 5.3090, TAL: -0.2344, Adv: 0.1522, OT-Reg: 0.000665) | OT inner objective: -0.0107 | Marginal residual row/col/max: 5.05e-06/1.36e-08/5.05e-06 | Train Acc: 0.3798 | Val Acc: 0.2696 | Val P/R/F1 (Macro): 0.3966/0.3586/0.2818 | LR: 0.000003
Epoch [22/100] | SVD update #22: pairs=440, sweeps=3, converged=False, rel_change=2.914e-02, effective_ranks=(326, 19), class_paired=True
Epoch [22/100] | Loss: 5.2741 (Cls: 5.2867, TAL: -0.2050, Adv: 0.1498, OT-Reg: 0.000665) | OT inner objective: 0.0367 | Marginal residual row/col/max: 3.90e-07/1.33e-08/3.91e-07 | Train Acc: 0.3462 | Val Acc: 0.3478 | Val P/R/F1 (Macro): 0.3611/0.2931/0.2604 | LR: 0.000003
Epoch [23/100] | SVD update #23: pairs=440, sweeps=3, converged=False, rel_change=5.557e-02, effective_ranks=(327, 18), class_paired=True
Epoch [23/100] | Loss: 6.2141 (Cls: 6.2243, TAL: -0.1738, Adv: 0.1325, OT-Reg: 0.000662) | OT inner objective: 0.0643 | Marginal residual row/col/max: 6.68e-05/1.46e-08/6.68e-05 | Train Acc: 0.2139 | Val Acc: 0.3043 | Val P/R/F1 (Macro): 0.2867/0.2665/0.2091 | LR: 0.000003
Epoch [24/100] | SVD update #24: pairs=440, sweeps=3, converged=False, rel_change=1.061e+00, effective_ranks=(325, 16), class_paired=True
Epoch [24/100] | Loss: 8.1807 (Cls: 8.1603, TAL: 0.0309, Adv: 0.2081, OT-Reg: 0.000636) | OT inner objective: 0.0078 | Marginal residual row/col/max: 8.29e-05/1.85e-08/8.29e-05 | Train Acc: 0.0673 | Val Acc: 0.2087 | Val P/R/F1 (Macro): 0.1671/0.1878/0.1555 | LR: 0.000003
Epoch [25/100] | SVD update #25: pairs=440, sweeps=3, converged=False, rel_change=4.066e-02, effective_ranks=(311, 11), class_paired=True
Epoch [25/100] | Loss: 7.1105 (Cls: 7.0882, TAL: 0.0764, Adv: 0.1637, OT-Reg: 0.000652) | OT inner objective: 0.0675 | Marginal residual row/col/max: 2.95e-06/2.71e-08/2.96e-06 | Train Acc: 0.1154 | Val Acc: 0.3478 | Val P/R/F1 (Macro): 0.2576/0.2518/0.2219 | LR: 0.000003
Epoch [26/100] | SVD update #26: pairs=440, sweeps=3, converged=False, rel_change=1.529e-02, effective_ranks=(321, 13), class_paired=True
Epoch [26/100] | Loss: 6.5357 (Cls: 6.5142, TAL: 0.0635, Adv: 0.1734, OT-Reg: 0.000692) | OT inner objective: 0.0423 | Marginal residual row/col/max: 7.32e-05/2.67e-08/7.32e-05 | Train Acc: 0.0721 | Val Acc: 0.1913 | Val P/R/F1 (Macro): 0.1187/0.1368/0.1040 | LR: 0.000003
Epoch [27/100] | SVD update #27: pairs=440, sweeps=3, converged=False, rel_change=1.334e-02, effective_ranks=(319, 14), class_paired=True
Epoch [27/100] | Loss: 6.4270 (Cls: 6.4111, TAL: 0.0604, Adv: 0.1082, OT-Reg: 0.000691) | OT inner objective: 0.0588 | Marginal residual row/col/max: 4.71e-05/2.48e-08/4.71e-05 | Train Acc: 0.0841 | Val Acc: 0.1826 | Val P/R/F1 (Macro): 0.1168/0.1318/0.1213 | LR: 0.000003
Epoch [28/100] | SVD update #28: pairs=440, sweeps=3, converged=False, rel_change=1.845e-02, effective_ranks=(320, 13), class_paired=True
Epoch [28/100] | Loss: 6.3947 (Cls: 6.3813, TAL: -0.0247, Adv: 0.2040, OT-Reg: 0.000717) | OT inner objective: 0.0734 | Marginal residual row/col/max: 5.85e-05/3.51e-08/5.85e-05 | Train Acc: 0.1779 | Val Acc: 0.3652 | Val P/R/F1 (Macro): 0.1915/0.2331/0.2007 | LR: 0.000003
Epoch [29/100] | SVD update #29: pairs=440, sweeps=3, converged=False, rel_change=2.626e-02, effective_ranks=(322, 13), class_paired=True
Epoch [29/100] | Loss: 6.1932 (Cls: 6.1757, TAL: 0.0692, Adv: 0.1154, OT-Reg: 0.000736) | OT inner objective: 0.1214 | Marginal residual row/col/max: 5.39e-06/2.89e-08/5.40e-06 | Train Acc: 0.1803 | Val Acc: 0.3739 | Val P/R/F1 (Macro): 0.2977/0.2226/0.1941 | LR: 0.000003
  >>> New Best Val Acc: 0.3739
Epoch [30/100] | SVD update #30: pairs=440, sweeps=3, converged=False, rel_change=8.364e-02, effective_ranks=(327, 15), class_paired=True
Epoch [30/100] | Loss: 6.4303 (Cls: 6.4196, TAL: 0.0192, Adv: 0.1047, OT-Reg: 0.000710) | OT inner objective: 0.0873 | Marginal residual row/col/max: 2.37e-06/2.71e-08/2.37e-06 | Train Acc: 0.1178 | Val Acc: 0.1565 | Val P/R/F1 (Macro): 0.1189/0.1555/0.0877 | LR: 0.000003
Epoch [31/100] | SVD update #31: pairs=440, sweeps=3, converged=False, rel_change=1.177e-01, effective_ranks=(321, 22), class_paired=True
Epoch [31/100] | Loss: 6.4170 (Cls: 6.3953, TAL: 0.0901, Adv: 0.1362, OT-Reg: 0.000711) | OT inner objective: 0.1288 | Marginal residual row/col/max: 8.45e-08/1.89e-08/9.06e-08 | Train Acc: 0.1250 | Val Acc: 0.2087 | Val P/R/F1 (Macro): 0.2406/0.2180/0.1962 | LR: 0.000003
Epoch [32/100] | SVD update #32: pairs=440, sweeps=3, converged=False, rel_change=1.191e-01, effective_ranks=(323, 19), class_paired=True
Epoch [32/100] | Loss: 6.8656 (Cls: 6.8627, TAL: -0.0612, Adv: 0.1276, OT-Reg: 0.000688) | OT inner objective: 0.0821 | Marginal residual row/col/max: 2.23e-07/1.92e-08/2.29e-07 | Train Acc: 0.1370 | Val Acc: 0.2087 | Val P/R/F1 (Macro): 0.0843/0.1452/0.0979 | LR: 0.000003
Epoch [33/100] | SVD update #33: pairs=440, sweeps=3, converged=False, rel_change=2.870e-02, effective_ranks=(327, 17), class_paired=True
Epoch [33/100] | Loss: 6.5556 (Cls: 6.5510, TAL: -0.0387, Adv: 0.1161, OT-Reg: 0.000655) | OT inner objective: 0.1079 | Marginal residual row/col/max: 6.23e-08/1.56e-08/6.53e-08 | Train Acc: 0.1514 | Val Acc: 0.2957 | Val P/R/F1 (Macro): 0.1888/0.1876/0.1759 | LR: 0.000003
Epoch [34/100] | SVD update #34: pairs=440, sweeps=3, converged=False, rel_change=3.528e-01, effective_ranks=(321, 17), class_paired=True
Epoch [34/100] | Loss: 6.3886 (Cls: 6.3756, TAL: -0.0009, Adv: 0.1632, OT-Reg: 0.000606) | OT inner objective: 0.0800 | Marginal residual row/col/max: 6.07e-05/1.07e-08/6.07e-05 | Train Acc: 0.1370 | Val Acc: 0.1304 | Val P/R/F1 (Macro): 0.0998/0.1509/0.0767 | LR: 0.000003
Epoch [35/100] | SVD update #35: pairs=440, sweeps=3, converged=False, rel_change=4.388e-02, effective_ranks=(325, 19), class_paired=True
Epoch [35/100] | Loss: 7.2969 (Cls: 7.2983, TAL: -0.0865, Adv: 0.1123, OT-Reg: 0.000638) | OT inner objective: 0.0845 | Marginal residual row/col/max: 4.43e-05/1.32e-08/4.43e-05 | Train Acc: 0.1034 | Val Acc: 0.0783 | Val P/R/F1 (Macro): 0.1567/0.1210/0.0800 | LR: 0.000003
Epoch [36/100] | SVD update #36: pairs=440, sweeps=3, converged=False, rel_change=6.405e-02, effective_ranks=(327, 21), class_paired=True
Epoch [36/100] | Loss: 6.3413 (Cls: 6.3412, TAL: -0.0823, Adv: 0.1247, OT-Reg: 0.000650) | OT inner objective: 0.0982 | Marginal residual row/col/max: 1.60e-08/1.66e-08/2.11e-08 | Train Acc: 0.2692 | Val Acc: 0.3304 | Val P/R/F1 (Macro): 0.2963/0.3318/0.2373 | LR: 0.000003
Epoch [37/100] | SVD update #37: pairs=440, sweeps=3, converged=False, rel_change=4.538e-02, effective_ranks=(322, 17), class_paired=True
Epoch [37/100] | Loss: 5.6871 (Cls: 5.6795, TAL: -0.0394, Adv: 0.1535, OT-Reg: 0.000630) | OT inner objective: 0.0883 | Marginal residual row/col/max: 1.39e-05/1.33e-08/1.39e-05 | Train Acc: 0.2548 | Val Acc: 0.1217 | Val P/R/F1 (Macro): 0.0844/0.1880/0.0910 | LR: 0.000003
Epoch [38/100] | SVD update #38: pairs=440, sweeps=3, converged=False, rel_change=2.382e-02, effective_ranks=(325, 19), class_paired=True
Epoch [38/100] | Loss: 5.8564 (Cls: 5.8603, TAL: -0.1668, Adv: 0.2016, OT-Reg: 0.000665) | OT inner objective: 0.1163 | Marginal residual row/col/max: 1.15e-07/1.48e-08/1.18e-07 | Train Acc: 0.2668 | Val Acc: 0.3043 | Val P/R/F1 (Macro): 0.3177/0.3437/0.2312 | LR: 0.000003
Epoch [39/100] | SVD update #39: pairs=440, sweeps=3, converged=False, rel_change=1.012e-02, effective_ranks=(321, 17), class_paired=True
Epoch [39/100] | Loss: 5.4802 (Cls: 5.4887, TAL: -0.1391, Adv: 0.1025, OT-Reg: 0.000657) | OT inner objective: 0.0410 | Marginal residual row/col/max: 4.65e-06/1.30e-08/4.65e-06 | Train Acc: 0.2668 | Val Acc: 0.2435 | Val P/R/F1 (Macro): 0.2615/0.2672/0.1941 | LR: 0.000003
Epoch [40/100] | SVD update #40: pairs=440, sweeps=3, converged=False, rel_change=2.839e-02, effective_ranks=(324, 14), class_paired=True
Epoch [40/100] | Loss: 6.8173 (Cls: 6.8229, TAL: -0.1211, Adv: 0.1123, OT-Reg: 0.000665) | OT inner objective: 0.0101 | Marginal residual row/col/max: 6.26e-05/1.39e-08/6.26e-05 | Train Acc: 0.0938 | Val Acc: 0.2000 | Val P/R/F1 (Macro): 0.0803/0.2489/0.1126 | LR: 0.000001
Epoch [41/100] | SVD update #41: pairs=440, sweeps=3, converged=False, rel_change=6.044e-02, effective_ranks=(320, 14), class_paired=True
Epoch [41/100] | Loss: 5.8473 (Cls: 5.8455, TAL: -0.0880, Adv: 0.1551, OT-Reg: 0.000701) | OT inner objective: 0.0428 | Marginal residual row/col/max: 6.00e-05/1.66e-08/6.00e-05 | Train Acc: 0.1827 | Val Acc: 0.1478 | Val P/R/F1 (Macro): 0.1828/0.2093/0.1127 | LR: 0.000001
Epoch [42/100] | SVD update #42: pairs=440, sweeps=3, converged=False, rel_change=2.309e-01, effective_ranks=(321, 13), class_paired=True
Epoch [42/100] | Loss: 5.9770 (Cls: 5.9832, TAL: -0.1550, Adv: 0.1555, OT-Reg: 0.000735) | OT inner objective: 0.0002 | Marginal residual row/col/max: 1.35e-06/1.39e-08/1.35e-06 | Train Acc: 0.2043 | Val Acc: 0.1304 | Val P/R/F1 (Macro): 0.1466/0.1907/0.1134 | LR: 0.000001
Epoch [43/100] | SVD update #43: pairs=440, sweeps=3, converged=False, rel_change=2.361e-01, effective_ranks=(323, 15), class_paired=True
Epoch [43/100] | Loss: 6.7027 (Cls: 6.6779, TAL: 0.0894, Adv: 0.1758, OT-Reg: 0.000723) | OT inner objective: 0.0810 | Marginal residual row/col/max: 7.30e-06/1.86e-08/7.30e-06 | Train Acc: 0.1058 | Val Acc: 0.1304 | Val P/R/F1 (Macro): 0.0722/0.0931/0.0534 | LR: 0.000001
Epoch [44/100] | SVD update #44: pairs=440, sweeps=3, converged=False, rel_change=3.482e-02, effective_ranks=(323, 12), class_paired=True
Epoch [44/100] | Loss: 6.1813 (Cls: 6.1747, TAL: -0.0416, Adv: 0.1453, OT-Reg: 0.000686) | OT inner objective: 0.0482 | Marginal residual row/col/max: 9.33e-08/1.63e-08/9.66e-08 | Train Acc: 0.1803 | Val Acc: 0.2522 | Val P/R/F1 (Macro): 0.2672/0.2581/0.2361 | LR: 0.000001
Epoch [45/100] | SVD update #45: pairs=440, sweeps=3, converged=False, rel_change=7.737e-02, effective_ranks=(315, 18), class_paired=True
Epoch [45/100] | Loss: 5.8560 (Cls: 5.8592, TAL: -0.1096, Adv: 0.1235, OT-Reg: 0.000699) | OT inner objective: 0.0561 | Marginal residual row/col/max: 6.21e-07/1.66e-08/6.23e-07 | Train Acc: 0.2620 | Val Acc: 0.3217 | Val P/R/F1 (Macro): 0.2725/0.2824/0.2685 | LR: 0.000001
Epoch [46/100] | SVD update #46: pairs=440, sweeps=3, converged=False, rel_change=1.090e-01, effective_ranks=(323, 25), class_paired=True
Epoch [46/100] | Loss: 5.3414 (Cls: 5.3403, TAL: -0.1748, Adv: 0.2756, OT-Reg: 0.000703) | OT inner objective: 0.0055 | Marginal residual row/col/max: 4.35e-05/1.99e-08/4.35e-05 | Train Acc: 0.2572 | Val Acc: 0.2174 | Val P/R/F1 (Macro): 0.1085/0.1651/0.1035 | LR: 0.000001
Epoch [47/100] | SVD update #47: pairs=440, sweeps=3, converged=False, rel_change=1.628e-01, effective_ranks=(327, 22), class_paired=True
Epoch [47/100] | Loss: 6.4634 (Cls: 6.4650, TAL: -0.1348, Adv: 0.1814, OT-Reg: 0.000684) | OT inner objective: 0.1046 | Marginal residual row/col/max: 9.20e-06/1.52e-08/9.20e-06 | Train Acc: 0.0938 | Val Acc: 0.1391 | Val P/R/F1 (Macro): 0.1413/0.1513/0.0950 | LR: 0.000001
Epoch [48/100] | SVD update #48: pairs=440, sweeps=3, converged=False, rel_change=1.567e-01, effective_ranks=(326, 22), class_paired=True
Epoch [48/100] | Loss: 6.3441 (Cls: 6.3446, TAL: -0.1245, Adv: 0.1799, OT-Reg: 0.000736) | OT inner objective: 0.0642 | Marginal residual row/col/max: 1.01e-05/2.16e-08/1.01e-05 | Train Acc: 0.1875 | Val Acc: 0.1739 | Val P/R/F1 (Macro): 0.2286/0.2244/0.1925 | LR: 0.000001
Epoch [49/100] | SVD update #49: pairs=440, sweeps=3, converged=False, rel_change=1.274e-01, effective_ranks=(323, 23), class_paired=True
Epoch [49/100] | Loss: 5.8688 (Cls: 5.8586, TAL: -0.0329, Adv: 0.1764, OT-Reg: 0.000707) | OT inner objective: 0.0972 | Marginal residual row/col/max: 1.08e-05/2.31e-08/1.08e-05 | Train Acc: 0.1538 | Val Acc: 0.1913 | Val P/R/F1 (Macro): 0.1794/0.2183/0.1524 | LR: 0.000001
Epoch [50/100] | SVD update #50: pairs=440, sweeps=3, converged=False, rel_change=6.637e-02, effective_ranks=(321, 17), class_paired=True
Epoch [50/100] | Loss: 6.1297 (Cls: 6.0972, TAL: 0.0651, Adv: 0.3084, OT-Reg: 0.000692) | OT inner objective: 0.0167 | Marginal residual row/col/max: 5.25e-06/2.28e-08/5.25e-06 | Train Acc: 0.1130 | Val Acc: 0.1130 | Val P/R/F1 (Macro): 0.0483/0.0691/0.0559 | LR: 0.000001
Epoch [51/100] | SVD update #51: pairs=440, sweeps=3, converged=False, rel_change=6.298e-03, effective_ranks=(321, 19), class_paired=True
Epoch [51/100] | Loss: 5.9289 (Cls: 5.8946, TAL: 0.0562, Adv: 0.3437, OT-Reg: 0.000713) | OT inner objective: -0.0001 | Marginal residual row/col/max: 1.84e-05/1.66e-08/1.84e-05 | Train Acc: 0.1274 | Val Acc: 0.1043 | Val P/R/F1 (Macro): 0.1072/0.0872/0.0888 | LR: 0.000001
Epoch [52/100] | SVD update #52: pairs=440, sweeps=3, converged=False, rel_change=1.004e-02, effective_ranks=(324, 20), class_paired=True
Epoch [52/100] | Loss: 5.7683 (Cls: 5.7654, TAL: -0.1031, Adv: 0.1898, OT-Reg: 0.000658) | OT inner objective: 0.0374 | Marginal residual row/col/max: 1.05e-05/1.65e-08/1.05e-05 | Train Acc: 0.1346 | Val Acc: 0.1304 | Val P/R/F1 (Macro): 0.1177/0.1201/0.0958 | LR: 0.000001
Epoch [53/100] | SVD update #53: pairs=440, sweeps=3, converged=False, rel_change=5.987e-02, effective_ranks=(322, 19), class_paired=True
Epoch [53/100] | Loss: 5.9628 (Cls: 5.9443, TAL: 0.0222, Adv: 0.1974, OT-Reg: 0.000681) | OT inner objective: 0.1082 | Marginal residual row/col/max: 9.96e-08/2.03e-08/1.05e-07 | Train Acc: 0.1130 | Val Acc: 0.1304 | Val P/R/F1 (Macro): 0.1162/0.1165/0.0983 | LR: 0.000001
Epoch [54/100] | SVD update #54: pairs=440, sweeps=3, converged=False, rel_change=3.286e-02, effective_ranks=(319, 18), class_paired=True
Epoch [54/100] | Loss: 5.9643 (Cls: 5.9411, TAL: 0.0574, Adv: 0.2042, OT-Reg: 0.000668) | OT inner objective: 0.0855 | Marginal residual row/col/max: 5.59e-07/1.50e-08/5.61e-07 | Train Acc: 0.1394 | Val Acc: 0.1217 | Val P/R/F1 (Macro): 0.1131/0.1864/0.0908 | LR: 0.000001
Epoch [55/100] | SVD update #55: pairs=440, sweeps=3, converged=False, rel_change=3.951e-02, effective_ranks=(323, 16), class_paired=True
Epoch [55/100] | Loss: 5.9400 (Cls: 5.9201, TAL: -0.0135, Adv: 0.2690, OT-Reg: 0.000698) | OT inner objective: 0.1066 | Marginal residual row/col/max: 5.44e-05/2.35e-08/5.44e-05 | Train Acc: 0.1923 | Val Acc: 0.2435 | Val P/R/F1 (Macro): 0.2328/0.2201/0.1511 | LR: 0.000001
Epoch [56/100] | SVD update #56: pairs=440, sweeps=3, converged=False, rel_change=1.017e-01, effective_ranks=(314, 15), class_paired=True
Epoch [56/100] | Loss: 6.2282 (Cls: 6.1923, TAL: 0.1247, Adv: 0.2618, OT-Reg: 0.000700) | OT inner objective: 0.0766 | Marginal residual row/col/max: 5.39e-07/2.06e-08/5.41e-07 | Train Acc: 0.1034 | Val Acc: 0.1391 | Val P/R/F1 (Macro): 0.0543/0.1098/0.0667 | LR: 0.000001
Epoch [57/100] | SVD update #57: pairs=440, sweeps=3, converged=False, rel_change=7.222e-03, effective_ranks=(321, 17), class_paired=True
Epoch [57/100] | Loss: 5.9590 (Cls: 5.9280, TAL: 0.0538, Adv: 0.3068, OT-Reg: 0.000699) | OT inner objective: 0.0625 | Marginal residual row/col/max: 2.75e-06/1.66e-08/2.75e-06 | Train Acc: 0.1490 | Val Acc: 0.1130 | Val P/R/F1 (Macro): 0.0787/0.1117/0.0889 | LR: 0.000001
Epoch [58/100] | SVD update #58: pairs=440, sweeps=3, converged=False, rel_change=2.083e-02, effective_ranks=(324, 17), class_paired=True
Epoch [58/100] | Loss: 6.9032 (Cls: 6.8838, TAL: -0.0333, Adv: 0.2926, OT-Reg: 0.000725) | OT inner objective: 0.0686 | Marginal residual row/col/max: 4.65e-06/2.32e-08/4.66e-06 | Train Acc: 0.1611 | Val Acc: 0.1913 | Val P/R/F1 (Macro): 0.1994/0.1860/0.1831 | LR: 0.000001
Epoch [59/100] | SVD update #59: pairs=440, sweeps=3, converged=False, rel_change=1.224e-01, effective_ranks=(319, 13), class_paired=True
Epoch [59/100] | Loss: 6.5768 (Cls: 6.5495, TAL: 0.0302, Adv: 0.2967, OT-Reg: 0.000784) | OT inner objective: -0.0060 | Marginal residual row/col/max: 2.18e-05/2.11e-08/2.18e-05 | Train Acc: 0.1130 | Val Acc: 0.2087 | Val P/R/F1 (Macro): 0.2622/0.1555/0.1788 | LR: 0.000001
Epoch [60/100] | SVD update #60: pairs=440, sweeps=3, converged=False, rel_change=1.454e-02, effective_ranks=(323, 10), class_paired=True
Epoch [60/100] | Loss: 6.3070 (Cls: 6.2899, TAL: -0.0917, Adv: 0.3514, OT-Reg: 0.000766) | OT inner objective: 0.0410 | Marginal residual row/col/max: 1.09e-06/2.42e-08/1.09e-06 | Train Acc: 0.0962 | Val Acc: 0.1304 | Val P/R/F1 (Macro): 0.1831/0.0992/0.1091 | LR: 0.000001
Epoch [61/100] | SVD update #61: pairs=440, sweeps=3, converged=False, rel_change=2.845e-03, effective_ranks=(323, 11), class_paired=True
Epoch [61/100] | Loss: 6.3937 (Cls: 6.3892, TAL: -0.0692, Adv: 0.1605, OT-Reg: 0.000730) | OT inner objective: -0.0691 | Marginal residual row/col/max: 9.17e-05/1.58e-08/9.17e-05 | Train Acc: 0.1803 | Val Acc: 0.1739 | Val P/R/F1 (Macro): 0.1833/0.1523/0.1438 | LR: 0.000001
Epoch [62/100] | SVD update #62: pairs=440, sweeps=3, converged=False, rel_change=1.129e-03, effective_ranks=(324, 11), class_paired=True
Epoch [62/100] | Loss: 5.8528 (Cls: 5.8384, TAL: 0.0010, Adv: 0.1780, OT-Reg: 0.000696) | OT inner objective: -0.0246 | Marginal residual row/col/max: 4.95e-06/1.40e-08/4.95e-06 | Train Acc: 0.1971 | Val Acc: 0.1478 | Val P/R/F1 (Macro): 0.1280/0.1956/0.1132 | LR: 0.000001
Epoch [63/100] | SVD update #63: pairs=440, sweeps=3, converged=False, rel_change=9.453e-03, effective_ranks=(325, 12), class_paired=True
Epoch [63/100] | Loss: 6.2433 (Cls: 6.2334, TAL: -0.0830, Adv: 0.2485, OT-Reg: 0.000695) | OT inner objective: -0.0479 | Marginal residual row/col/max: 2.82e-05/1.83e-08/2.82e-05 | Train Acc: 0.1394 | Val Acc: 0.1739 | Val P/R/F1 (Macro): 0.2027/0.1803/0.1436 | LR: 0.000001
Epoch [64/100] | SVD update #64: pairs=440, sweeps=3, converged=False, rel_change=7.526e-03, effective_ranks=(323, 14), class_paired=True
Epoch [64/100] | Loss: 6.0248 (Cls: 5.9953, TAL: 0.0034, Adv: 0.3635, OT-Reg: 0.000736) | OT inner objective: 0.0506 | Marginal residual row/col/max: 6.56e-07/2.46e-08/6.59e-07 | Train Acc: 0.1683 | Val Acc: 0.1043 | Val P/R/F1 (Macro): 0.1005/0.0848/0.0758 | LR: 0.000001
Epoch [65/100] | SVD update #65: pairs=440, sweeps=3, converged=False, rel_change=3.250e-03, effective_ranks=(325, 14), class_paired=True
Epoch [65/100] | Loss: 6.0004 (Cls: 5.9768, TAL: -0.0436, Adv: 0.3595, OT-Reg: 0.000768) | OT inner objective: -0.0018 | Marginal residual row/col/max: 3.89e-07/2.79e-08/3.93e-07 | Train Acc: 0.1010 | Val Acc: 0.2174 | Val P/R/F1 (Macro): 0.3157/0.1739/0.1842 | LR: 0.000001
Epoch [66/100] | SVD update #66: pairs=440, sweeps=3, converged=False, rel_change=1.818e-03, effective_ranks=(317, 14), class_paired=True
Epoch [66/100] | Loss: 5.9608 (Cls: 5.9378, TAL: -0.0408, Adv: 0.3493, OT-Reg: 0.000758) | OT inner objective: -0.0483 | Marginal residual row/col/max: 1.81e-05/1.86e-08/1.81e-05 | Train Acc: 0.1611 | Val Acc: 0.2087 | Val P/R/F1 (Macro): 0.1963/0.1584/0.1688 | LR: 0.000001
Epoch [67/100] | SVD update #67: pairs=440, sweeps=3, converged=False, rel_change=1.462e-03, effective_ranks=(319, 15), class_paired=True
Epoch [67/100] | Loss: 5.8769 (Cls: 5.8485, TAL: -0.0349, Adv: 0.4071, OT-Reg: 0.000722) | OT inner objective: 0.0387 | Marginal residual row/col/max: 5.48e-05/1.69e-08/5.48e-05 | Train Acc: 0.1587 | Val Acc: 0.2261 | Val P/R/F1 (Macro): 0.3257/0.2019/0.2051 | LR: 0.000001
Epoch [68/100] | SVD update #68: pairs=440, sweeps=3, converged=False, rel_change=1.478e-03, effective_ranks=(317, 15), class_paired=True
Epoch [68/100] | Loss: 6.0180 (Cls: 6.0016, TAL: -0.0326, Adv: 0.2531, OT-Reg: 0.000777) | OT inner objective: 0.0237 | Marginal residual row/col/max: 6.28e-05/2.62e-08/6.28e-05 | Train Acc: 0.1202 | Val Acc: 0.1565 | Val P/R/F1 (Macro): 0.1738/0.1523/0.1215 | LR: 0.000001
Epoch [69/100] | SVD update #69: pairs=440, sweeps=3, converged=False, rel_change=3.457e-03, effective_ranks=(324, 17), class_paired=True
Epoch [69/100] | Loss: 5.9481 (Cls: 5.9313, TAL: -0.0589, Adv: 0.2991, OT-Reg: 0.000751) | OT inner objective: 0.0136 | Marginal residual row/col/max: 8.76e-06/1.79e-08/8.76e-06 | Train Acc: 0.1226 | Val Acc: 0.1565 | Val P/R/F1 (Macro): 0.1770/0.1294/0.0962 | LR: 0.000001
Epoch [70/100] | SVD update #70: pairs=440, sweeps=3, converged=False, rel_change=1.114e-02, effective_ranks=(322, 14), class_paired=True
Epoch [70/100] | Loss: 6.0351 (Cls: 6.0191, TAL: -0.1101, Adv: 0.3653, OT-Reg: 0.000694) | OT inner objective: -0.0188 | Marginal residual row/col/max: 2.22e-06/1.43e-08/2.22e-06 | Train Acc: 0.1683 | Val Acc: 0.2000 | Val P/R/F1 (Macro): 0.2622/0.2345/0.1651 | LR: 0.000001
Epoch [71/100] | SVD update #71: pairs=440, sweeps=3, converged=False, rel_change=4.817e-03, effective_ranks=(315, 13), class_paired=True
Epoch [71/100] | Loss: 6.2762 (Cls: 6.2422, TAL: -0.0061, Adv: 0.4338, OT-Reg: 0.000737) | OT inner objective: 0.0643 | Marginal residual row/col/max: 1.69e-06/2.03e-08/1.70e-06 | Train Acc: 0.1731 | Val Acc: 0.1304 | Val P/R/F1 (Macro): 0.1098/0.1729/0.1131 | LR: 0.000001
Epoch [72/100] | SVD update #72: pairs=440, sweeps=3, converged=False, rel_change=2.239e-03, effective_ranks=(300, 12), class_paired=True
Epoch [72/100] | Loss: 5.9572 (Cls: 5.9378, TAL: -0.0636, Adv: 0.3387, OT-Reg: 0.000713) | OT inner objective: -0.0088 | Marginal residual row/col/max: 4.72e-05/1.89e-08/4.72e-05 | Train Acc: 0.1971 | Val Acc: 0.1739 | Val P/R/F1 (Macro): 0.1968/0.2194/0.1813 | LR: 0.000001
Epoch [73/100] | SVD update #73: pairs=440, sweeps=3, converged=False, rel_change=3.739e-03, effective_ranks=(304, 14), class_paired=True
Epoch [73/100] | Loss: 6.1595 (Cls: 6.1401, TAL: -0.0319, Adv: 0.2913, OT-Reg: 0.000678) | OT inner objective: 0.0736 | Marginal residual row/col/max: 4.81e-06/1.49e-08/4.81e-06 | Train Acc: 0.2163 | Val Acc: 0.1304 | Val P/R/F1 (Macro): 0.1764/0.1794/0.1193 | LR: 0.000001
Epoch [74/100] | SVD update #74: pairs=440, sweeps=3, converged=False, rel_change=4.013e-03, effective_ranks=(303, 15), class_paired=True
Epoch [74/100] | Loss: 6.2623 (Cls: 6.2400, TAL: -0.0605, Adv: 0.3698, OT-Reg: 0.000640) | OT inner objective: 0.0427 | Marginal residual row/col/max: 1.61e-04/1.48e-08/1.61e-04 | Train Acc: 0.1226 | Val Acc: 0.1913 | Val P/R/F1 (Macro): 0.2560/0.1907/0.1866 | LR: 0.000001
Epoch [75/100] | SVD update #75: pairs=440, sweeps=3, converged=False, rel_change=8.122e-03, effective_ranks=(301, 14), class_paired=True
Epoch [75/100] | Loss: 6.1299 (Cls: 6.1027, TAL: -0.0468, Adv: 0.4105, OT-Reg: 0.000658) | OT inner objective: 0.0877 | Marginal residual row/col/max: 4.22e-05/2.71e-08/4.22e-05 | Train Acc: 0.1947 | Val Acc: 0.1478 | Val P/R/F1 (Macro): 0.1368/0.1462/0.1165 | LR: 0.000001
Epoch [76/100] | SVD update #76: pairs=440, sweeps=3, converged=False, rel_change=2.677e-03, effective_ranks=(293, 15), class_paired=True
Epoch [76/100] | Loss: 6.0453 (Cls: 6.0265, TAL: -0.0792, Adv: 0.3536, OT-Reg: 0.000674) | OT inner objective: 0.0255 | Marginal residual row/col/max: 9.37e-06/2.32e-08/9.37e-06 | Train Acc: 0.1923 | Val Acc: 0.1130 | Val P/R/F1 (Macro): 0.1946/0.1232/0.1043 | LR: 0.000001
Epoch [77/100] | SVD update #77: pairs=440, sweeps=3, converged=False, rel_change=1.456e-02, effective_ranks=(301, 16), class_paired=True
Epoch [77/100] | Loss: 5.8791 (Cls: 5.8571, TAL: -0.0276, Adv: 0.3162, OT-Reg: 0.000642) | OT inner objective: 0.0716 | Marginal residual row/col/max: 6.39e-07/1.92e-08/6.42e-07 | Train Acc: 0.1418 | Val Acc: 0.1913 | Val P/R/F1 (Macro): 0.2193/0.1751/0.1647 | LR: 0.000001
Epoch [78/100] | SVD update #78: pairs=440, sweeps=3, converged=False, rel_change=8.889e-03, effective_ranks=(312, 14), class_paired=True
Epoch [78/100] | Loss: 5.8079 (Cls: 5.7883, TAL: -0.0503, Adv: 0.3209, OT-Reg: 0.000643) | OT inner objective: 0.0166 | Marginal residual row/col/max: 4.78e-05/1.45e-08/4.78e-05 | Train Acc: 0.1490 | Val Acc: 0.1478 | Val P/R/F1 (Macro): 0.2833/0.1631/0.1444 | LR: 0.000001
Epoch [79/100] | SVD update #79: pairs=440, sweeps=3, converged=False, rel_change=1.045e-02, effective_ranks=(307, 15), class_paired=True
Epoch [79/100] | Loss: 5.7924 (Cls: 5.7753, TAL: -0.1077, Adv: 0.3748, OT-Reg: 0.000662) | OT inner objective: 0.0436 | Marginal residual row/col/max: 3.04e-06/1.36e-08/3.04e-06 | Train Acc: 0.1707 | Val Acc: 0.1304 | Val P/R/F1 (Macro): 0.2147/0.1713/0.1263 | LR: 0.000001
Epoch [80/100] | SVD update #80: pairs=440, sweeps=3, converged=False, rel_change=8.251e-03, effective_ranks=(312, 16), class_paired=True
Epoch [80/100] | Loss: 5.7788 (Cls: 5.7549, TAL: -0.1628, Adv: 0.5436, OT-Reg: 0.000641) | OT inner objective: 0.0076 | Marginal residual row/col/max: 4.33e-05/1.86e-08/4.33e-05 | Train Acc: 0.2043 | Val Acc: 0.1304 | Val P/R/F1 (Macro): 0.1449/0.2053/0.1180 | LR: 0.000001
Epoch [81/100] | SVD update #81: pairs=440, sweeps=3, converged=False, rel_change=1.265e-03, effective_ranks=(320, 17), class_paired=True
Epoch [81/100] | Loss: 5.8119 (Cls: 5.7967, TAL: -0.0925, Adv: 0.3280, OT-Reg: 0.000630) | OT inner objective: 0.0466 | Marginal residual row/col/max: 3.96e-05/1.38e-08/3.96e-05 | Train Acc: 0.2284 | Val Acc: 0.1565 | Val P/R/F1 (Macro): 0.1432/0.2056/0.1220 | LR: 0.000001
Epoch [82/100] | SVD update #82: pairs=440, sweeps=3, converged=False, rel_change=8.432e-03, effective_ranks=(320, 19), class_paired=True
Epoch [82/100] | Loss: 5.7381 (Cls: 5.7161, TAL: -0.0466, Adv: 0.3449, OT-Reg: 0.000646) | OT inner objective: 0.0242 | Marginal residual row/col/max: 1.02e-04/1.35e-08/1.02e-04 | Train Acc: 0.2043 | Val Acc: 0.1652 | Val P/R/F1 (Macro): 0.2321/0.2104/0.1565 | LR: 0.000001
Epoch [83/100] | SVD update #83: pairs=440, sweeps=3, converged=False, rel_change=7.154e-03, effective_ranks=(315, 19), class_paired=True
Epoch [83/100] | Loss: 5.7612 (Cls: 5.7356, TAL: -0.0715, Adv: 0.4263, OT-Reg: 0.000638) | OT inner objective: 0.0690 | Marginal residual row/col/max: 1.01e-06/1.76e-08/1.01e-06 | Train Acc: 0.1755 | Val Acc: 0.0957 | Val P/R/F1 (Macro): 0.1020/0.1624/0.0794 | LR: 0.000001
Epoch [84/100] | SVD update #84: pairs=440, sweeps=3, converged=False, rel_change=7.802e-03, effective_ranks=(321, 19), class_paired=True
Epoch [84/100] | Loss: 5.6081 (Cls: 5.5773, TAL: -0.0179, Adv: 0.4123, OT-Reg: 0.000645) | OT inner objective: 0.0332 | Marginal residual row/col/max: 2.19e-05/1.17e-08/2.19e-05 | Train Acc: 0.1851 | Val Acc: 0.1043 | Val P/R/F1 (Macro): 0.1501/0.1379/0.0980 | LR: 0.000001
Epoch [85/100] | SVD update #85: pairs=440, sweeps=3, converged=False, rel_change=4.679e-03, effective_ranks=(320, 19), class_paired=True
Epoch [85/100] | Loss: 5.5289 (Cls: 5.4929, TAL: -0.0181, Adv: 0.4771, OT-Reg: 0.000683) | OT inner objective: 0.0542 | Marginal residual row/col/max: 1.94e-05/1.25e-08/1.94e-05 | Train Acc: 0.1947 | Val Acc: 0.1478 | Val P/R/F1 (Macro): 0.1806/0.1998/0.1320 | LR: 0.000001
Epoch [86/100] | SVD update #86: pairs=440, sweeps=3, converged=False, rel_change=2.437e-03, effective_ranks=(317, 19), class_paired=True
Epoch [86/100] | Loss: 5.7029 (Cls: 5.6666, TAL: -0.0067, Adv: 0.4635, OT-Reg: 0.000679) | OT inner objective: 0.0291 | Marginal residual row/col/max: 5.93e-05/1.71e-08/5.93e-05 | Train Acc: 0.2284 | Val Acc: 0.1478 | Val P/R/F1 (Macro): 0.1316/0.1773/0.1228 | LR: 0.000001
Epoch [87/100] | SVD update #87: pairs=440, sweeps=3, converged=False, rel_change=1.343e-02, effective_ranks=(319, 18), class_paired=True
Epoch [87/100] | Loss: 5.7597 (Cls: 5.7317, TAL: -0.0569, Adv: 0.4360, OT-Reg: 0.000658) | OT inner objective: -0.0213 | Marginal residual row/col/max: 8.22e-05/1.19e-08/8.22e-05 | Train Acc: 0.1683 | Val Acc: 0.1043 | Val P/R/F1 (Macro): 0.1589/0.1403/0.1041 | LR: 0.000001
Epoch [88/100] | SVD update #88: pairs=440, sweeps=3, converged=False, rel_change=2.475e-03, effective_ranks=(324, 18), class_paired=True
Epoch [88/100] | Loss: 5.6084 (Cls: 5.5926, TAL: -0.0366, Adv: 0.2525, OT-Reg: 0.000692) | OT inner objective: 0.0086 | Marginal residual row/col/max: 2.85e-05/1.56e-08/2.85e-05 | Train Acc: 0.1947 | Val Acc: 0.1391 | Val P/R/F1 (Macro): 0.1543/0.1735/0.1313 | LR: 0.000001
Epoch [89/100] | SVD update #89: pairs=440, sweeps=3, converged=False, rel_change=1.806e-03, effective_ranks=(317, 18), class_paired=True
Epoch [89/100] | Loss: 5.7033 (Cls: 5.6795, TAL: -0.0690, Adv: 0.4003, OT-Reg: 0.000692) | OT inner objective: 0.0397 | Marginal residual row/col/max: 6.76e-05/1.72e-08/6.76e-05 | Train Acc: 0.1731 | Val Acc: 0.1391 | Val P/R/F1 (Macro): 0.1886/0.1606/0.1300 | LR: 0.000001
Epoch [90/100] | SVD update #90: pairs=440, sweeps=3, converged=False, rel_change=1.368e-02, effective_ranks=(323, 18), class_paired=True
Epoch [90/100] | Loss: 5.6562 (Cls: 5.6426, TAL: -0.1712, Adv: 0.4273, OT-Reg: 0.000650) | OT inner objective: -0.0300 | Marginal residual row/col/max: 1.03e-04/1.50e-08/1.03e-04 | Train Acc: 0.2284 | Val Acc: 0.1478 | Val P/R/F1 (Macro): 0.1612/0.1994/0.1250 | LR: 0.000001
Epoch [91/100] | SVD update #91: pairs=440, sweeps=3, converged=False, rel_change=4.025e-03, effective_ranks=(322, 17), class_paired=True
Epoch [91/100] | Loss: 5.4932 (Cls: 5.4837, TAL: -0.1380, Adv: 0.3257, OT-Reg: 0.000617) | OT inner objective: -0.0258 | Marginal residual row/col/max: 5.00e-05/1.36e-08/5.00e-05 | Train Acc: 0.2644 | Val Acc: 0.1304 | Val P/R/F1 (Macro): 0.3036/0.1842/0.1186 | LR: 0.000001
Epoch [92/100] | SVD update #92: pairs=440, sweeps=3, converged=False, rel_change=2.274e-02, effective_ranks=(319, 18), class_paired=True
Epoch [92/100] | Loss: 5.4546 (Cls: 5.4104, TAL: -0.0517, Adv: 0.6298, OT-Reg: 0.000637) | OT inner objective: 0.0214 | Marginal residual row/col/max: 6.18e-05/1.03e-08/6.18e-05 | Train Acc: 0.1899 | Val Acc: 0.1478 | Val P/R/F1 (Macro): 0.1603/0.1775/0.1256 | LR: 0.000001
Epoch [93/100] | SVD update #93: pairs=440, sweeps=3, converged=False, rel_change=4.699e-03, effective_ranks=(319, 18), class_paired=True
Epoch [93/100] | Loss: 5.5199 (Cls: 5.4921, TAL: -0.0546, Adv: 0.4295, OT-Reg: 0.000648) | OT inner objective: 0.0429 | Marginal residual row/col/max: 5.82e-06/1.63e-08/5.82e-06 | Train Acc: 0.2404 | Val Acc: 0.2261 | Val P/R/F1 (Macro): 0.2720/0.2693/0.2135 | LR: 0.000001
Epoch [94/100] | SVD update #94: pairs=440, sweeps=3, converged=False, rel_change=2.910e-03, effective_ranks=(318, 18), class_paired=True
Epoch [94/100] | Loss: 5.4347 (Cls: 5.4005, TAL: -0.0673, Adv: 0.5284, OT-Reg: 0.000654) | OT inner objective: 0.0149 | Marginal residual row/col/max: 4.88e-05/1.30e-08/4.88e-05 | Train Acc: 0.2380 | Val Acc: 0.1043 | Val P/R/F1 (Macro): 0.1260/0.1466/0.0992 | LR: 0.000001
Epoch [95/100] | SVD update #95: pairs=440, sweeps=3, converged=False, rel_change=8.294e-03, effective_ranks=(318, 16), class_paired=True
Epoch [95/100] | Loss: 5.2898 (Cls: 5.2793, TAL: -0.1034, Adv: 0.2869, OT-Reg: 0.000649) | OT inner objective: 0.0247 | Marginal residual row/col/max: 6.51e-05/1.16e-08/6.51e-05 | Train Acc: 0.2452 | Val Acc: 0.1565 | Val P/R/F1 (Macro): 0.2195/0.2143/0.1452 | LR: 0.000001
Epoch [96/100] | SVD update #96: pairs=440, sweeps=3, converged=False, rel_change=7.648e-03, effective_ranks=(316, 16), class_paired=True
Epoch [96/100] | Loss: 5.5211 (Cls: 5.5021, TAL: -0.1469, Adv: 0.4578, OT-Reg: 0.000651) | OT inner objective: 0.0308 | Marginal residual row/col/max: 1.21e-04/1.32e-08/1.21e-04 | Train Acc: 0.2332 | Val Acc: 0.1652 | Val P/R/F1 (Macro): 0.2456/0.2098/0.1533 | LR: 0.000001
Epoch [97/100] | SVD update #97: pairs=440, sweeps=3, converged=False, rel_change=1.613e-02, effective_ranks=(320, 18), class_paired=True
Epoch [97/100] | Loss: 5.5874 (Cls: 5.5531, TAL: -0.0774, Adv: 0.5444, OT-Reg: 0.000673) | OT inner objective: -0.0186 | Marginal residual row/col/max: 1.27e-06/1.88e-08/1.27e-06 | Train Acc: 0.2788 | Val Acc: 0.1739 | Val P/R/F1 (Macro): 0.2610/0.2120/0.1652 | LR: 0.000001
Epoch [98/100] | SVD update #98: pairs=440, sweeps=3, converged=False, rel_change=2.683e-02, effective_ranks=(322, 18), class_paired=True
Epoch [98/100] | Loss: 5.2801 (Cls: 5.2700, TAL: -0.1278, Adv: 0.3183, OT-Reg: 0.000665) | OT inner objective: 0.0072 | Marginal residual row/col/max: 9.29e-07/1.53e-08/9.31e-07 | Train Acc: 0.2740 | Val Acc: 0.2609 | Val P/R/F1 (Macro): 0.2537/0.2846/0.2018 | LR: 0.000001
Epoch [99/100] | SVD update #99: pairs=440, sweeps=3, converged=False, rel_change=7.256e-03, effective_ranks=(322, 18), class_paired=True
Epoch [99/100] | Loss: 5.3853 (Cls: 5.3522, TAL: -0.1151, Adv: 0.5868, OT-Reg: 0.000679) | OT inner objective: 0.0022 | Marginal residual row/col/max: 4.11e-06/1.16e-08/4.11e-06 | Train Acc: 0.2356 | Val Acc: 0.1652 | Val P/R/F1 (Macro): 0.2210/0.1849/0.1500 | LR: 0.000001
Epoch [100/100] | SVD update #100: pairs=440, sweeps=3, converged=False, rel_change=4.216e-03, effective_ranks=(319, 17), class_paired=True
Epoch [100/100] | Loss: 5.2946 (Cls: 5.2796, TAL: -0.1234, Adv: 0.3731, OT-Reg: 0.000654) | OT inner objective: 0.0514 | Marginal residual row/col/max: 2.61e-05/1.39e-08/2.61e-05 | Train Acc: 0.3341 | Val Acc: 0.1826 | Val P/R/F1 (Macro): 0.2874/0.2261/0.1735 | LR: 0.000001
Report strategy: last_window, window=10, reported_acc=0.1713, best_acc=0.3739

迭代 1 报告指标:
  Accuracy: 0.1713
  Precision (Macro): 0.2350
  Recall (Macro): 0.2109
  F1 (Macro): 0.1546
  Precision (Micro): 0.1713
  Recall (Micro): 0.1713
  F1 (Micro): 0.1713
  Val class coverage: 9/14 (0.6429), samples=115

================================================================================
迭代 2/5
随机种子: 43
================================================================================
配对采样器已初始化，共 9 个共有类别。
Training mode: full target-label supervision (class-paired batches).
Feature fusion: Tensor alignment (512+512 -> 64+64); fused_dim=128
Domain adaptation: Neural OT generator with 3-domain discriminator
Loss weights: tensor=0.12, adv=0.08
Transport: mode=sinkhorn, epsilon=0.1, Sinkhorn iterations=50, correction scale=0.1, correction regularization weight=0.001
Tensor projection update: once per epoch from the complete target-training pairing bank; projection_dim=64, max_sweeps=3, relative singular-value tolerance=0.0001
Epoch [1/100] | SVD update #1: pairs=440, sweeps=3, converged=False, rel_change=2.211e-04, effective_ranks=(326, 140), class_paired=True
Epoch [1/100] | Loss: 7.6342 (Cls: 7.6235, TAL: -0.0609, Adv: 0.2251, OT-Reg: 0.001167) | OT inner objective: 0.2994 | Marginal residual row/col/max: 9.89e-09/1.72e-08/1.75e-08 | Train Acc: 0.1707 | Val Acc: 0.2435 | Val P/R/F1 (Macro): 0.0881/0.2840/0.1276 | LR: 0.000005
  >>> New Best Val Acc: 0.2435
Epoch [2/100] | SVD update #2: pairs=440, sweeps=3, converged=False, rel_change=9.736e-03, effective_ranks=(327, 41), class_paired=True
Epoch [2/100] | Loss: 7.4719 (Cls: 7.4612, TAL: -0.0593, Adv: 0.2229, OT-Reg: 0.001178) | OT inner objective: 0.2800 | Marginal residual row/col/max: 1.09e-08/1.93e-08/1.99e-08 | Train Acc: 0.1346 | Val Acc: 0.3130 | Val P/R/F1 (Macro): 0.2702/0.2881/0.2270 | LR: 0.000005
  >>> New Best Val Acc: 0.3130
Epoch [3/100] | SVD update #3: pairs=440, sweeps=3, converged=False, rel_change=1.077e-01, effective_ranks=(327, 48), class_paired=True
Epoch [3/100] | Loss: 7.1633 (Cls: 7.1584, TAL: -0.1056, Adv: 0.2185, OT-Reg: 0.001225) | OT inner objective: 0.2967 | Marginal residual row/col/max: 9.89e-09/1.38e-08/1.40e-08 | Train Acc: 0.1923 | Val Acc: 0.3130 | Val P/R/F1 (Macro): 0.1384/0.2699/0.1749 | LR: 0.000005
Epoch [4/100] | SVD update #4: pairs=440, sweeps=3, converged=False, rel_change=5.301e-02, effective_ranks=(325, 30), class_paired=True
Epoch [4/100] | Loss: 7.1948 (Cls: 7.1862, TAL: -0.0918, Adv: 0.2453, OT-Reg: 0.001153) | OT inner objective: 0.2428 | Marginal residual row/col/max: 1.73e-08/1.78e-08/2.34e-08 | Train Acc: 0.1418 | Val Acc: 0.2435 | Val P/R/F1 (Macro): 0.3009/0.2666/0.2155 | LR: 0.000005
Epoch [5/100] | SVD update #5: pairs=440, sweeps=3, converged=False, rel_change=3.335e-02, effective_ranks=(321, 29), class_paired=True
Epoch [5/100] | Loss: 6.7433 (Cls: 6.7308, TAL: -0.0479, Adv: 0.2290, OT-Reg: 0.001086) | OT inner objective: 0.1769 | Marginal residual row/col/max: 2.12e-05/1.95e-08/2.12e-05 | Train Acc: 0.1755 | Val Acc: 0.1652 | Val P/R/F1 (Macro): 0.2253/0.1805/0.1247 | LR: 0.000005
Epoch [6/100] | SVD update #6: pairs=440, sweeps=3, converged=False, rel_change=2.237e-01, effective_ranks=(325, 34), class_paired=True
Epoch [6/100] | Loss: 7.1550 (Cls: 7.1349, TAL: 0.0234, Adv: 0.2158, OT-Reg: 0.001148) | OT inner objective: 0.2278 | Marginal residual row/col/max: 9.31e-09/1.22e-08/1.29e-08 | Train Acc: 0.1442 | Val Acc: 0.3478 | Val P/R/F1 (Macro): 0.2626/0.2336/0.1988 | LR: 0.000005
  >>> New Best Val Acc: 0.3478
Epoch [7/100] | SVD update #7: pairs=440, sweeps=3, converged=False, rel_change=7.502e-02, effective_ranks=(326, 33), class_paired=True
Epoch [7/100] | Loss: 6.4452 (Cls: 6.4249, TAL: -0.0377, Adv: 0.3110, OT-Reg: 0.001160) | OT inner objective: 0.2199 | Marginal residual row/col/max: 9.31e-09/1.06e-08/1.13e-08 | Train Acc: 0.2091 | Val Acc: 0.2261 | Val P/R/F1 (Macro): 0.2693/0.2681/0.1950 | LR: 0.000005
Epoch [8/100] | SVD update #8: pairs=440, sweeps=3, converged=False, rel_change=2.330e-01, effective_ranks=(323, 24), class_paired=True
Epoch [8/100] | Loss: 6.6820 (Cls: 6.6629, TAL: 0.0044, Adv: 0.2323, OT-Reg: 0.001118) | OT inner objective: 0.1839 | Marginal residual row/col/max: 5.54e-06/1.45e-08/5.54e-06 | Train Acc: 0.1827 | Val Acc: 0.2696 | Val P/R/F1 (Macro): 0.1959/0.2647/0.2059 | LR: 0.000005
Epoch [9/100] | SVD update #9: pairs=440, sweeps=3, converged=False, rel_change=1.338e-02, effective_ranks=(315, 23), class_paired=True
Epoch [9/100] | Loss: 6.2630 (Cls: 6.2626, TAL: -0.1739, Adv: 0.2655, OT-Reg: 0.001063) | OT inner objective: 0.0888 | Marginal residual row/col/max: 6.41e-06/2.48e-08/6.41e-06 | Train Acc: 0.2644 | Val Acc: 0.1565 | Val P/R/F1 (Macro): 0.1831/0.1993/0.1258 | LR: 0.000005
Epoch [10/100] | SVD update #10: pairs=440, sweeps=3, converged=False, rel_change=4.506e-01, effective_ranks=(324, 26), class_paired=True
Epoch [10/100] | Loss: 6.6090 (Cls: 6.5825, TAL: 0.0310, Adv: 0.2841, OT-Reg: 0.001059) | OT inner objective: 0.2342 | Marginal residual row/col/max: 1.06e-08/2.31e-08/2.31e-08 | Train Acc: 0.1707 | Val Acc: 0.2696 | Val P/R/F1 (Macro): 0.2212/0.2908/0.2264 | LR: 0.000005
Epoch [11/100] | SVD update #11: pairs=440, sweeps=3, converged=False, rel_change=2.035e-02, effective_ranks=(322, 18), class_paired=True
Epoch [11/100] | Loss: 6.1560 (Cls: 6.1560, TAL: -0.1145, Adv: 0.1711, OT-Reg: 0.001023) | OT inner objective: 0.1319 | Marginal residual row/col/max: 1.58e-06/2.16e-08/1.58e-06 | Train Acc: 0.1827 | Val Acc: 0.2174 | Val P/R/F1 (Macro): 0.1287/0.2708/0.1524 | LR: 0.000005
Epoch [12/100] | SVD update #12: pairs=440, sweeps=3, converged=False, rel_change=9.467e-02, effective_ranks=(323, 22), class_paired=True
Epoch [12/100] | Loss: 6.0600 (Cls: 6.0600, TAL: -0.1233, Adv: 0.1857, OT-Reg: 0.001045) | OT inner objective: 0.1326 | Marginal residual row/col/max: 1.66e-08/2.78e-08/3.18e-08 | Train Acc: 0.2260 | Val Acc: 0.2522 | Val P/R/F1 (Macro): 0.2084/0.2433/0.1877 | LR: 0.000005
Epoch [13/100] | SVD update #13: pairs=440, sweeps=3, converged=False, rel_change=5.627e-02, effective_ranks=(327, 23), class_paired=True
Epoch [13/100] | Loss: 5.6025 (Cls: 5.5918, TAL: -0.0311, Adv: 0.1811, OT-Reg: 0.001117) | OT inner objective: 0.1491 | Marginal residual row/col/max: 5.50e-08/1.63e-08/5.77e-08 | Train Acc: 0.2692 | Val Acc: 0.2348 | Val P/R/F1 (Macro): 0.2854/0.3256/0.2036 | LR: 0.000005
Epoch [14/100] | SVD update #14: pairs=440, sweeps=3, converged=False, rel_change=2.144e-02, effective_ranks=(323, 22), class_paired=True
Epoch [14/100] | Loss: 5.5529 (Cls: 5.5574, TAL: -0.1404, Adv: 0.1544, OT-Reg: 0.001066) | OT inner objective: 0.0704 | Marginal residual row/col/max: 2.53e-05/1.72e-08/2.53e-05 | Train Acc: 0.2837 | Val Acc: 0.3565 | Val P/R/F1 (Macro): 0.4850/0.4164/0.3772 | LR: 0.000005
  >>> New Best Val Acc: 0.3565
Epoch [15/100] | SVD update #15: pairs=440, sweeps=3, converged=False, rel_change=2.887e-02, effective_ranks=(324, 21), class_paired=True
Epoch [15/100] | Loss: 5.7206 (Cls: 5.7254, TAL: -0.1572, Adv: 0.1758, OT-Reg: 0.001037) | OT inner objective: 0.0917 | Marginal residual row/col/max: 2.19e-07/1.13e-08/2.20e-07 | Train Acc: 0.2764 | Val Acc: 0.2783 | Val P/R/F1 (Macro): 0.3459/0.3024/0.2331 | LR: 0.000005
Epoch [16/100] | SVD update #16: pairs=440, sweeps=3, converged=False, rel_change=3.308e-02, effective_ranks=(324, 25), class_paired=True
Epoch [16/100] | Loss: 5.7063 (Cls: 5.7130, TAL: -0.1463, Adv: 0.1355, OT-Reg: 0.001112) | OT inner objective: 0.1600 | Marginal residual row/col/max: 1.42e-06/1.13e-08/1.42e-06 | Train Acc: 0.2981 | Val Acc: 0.1652 | Val P/R/F1 (Macro): 0.2535/0.2261/0.1473 | LR: 0.000005
Epoch [17/100] | SVD update #17: pairs=440, sweeps=3, converged=False, rel_change=7.343e-03, effective_ranks=(326, 23), class_paired=True
Epoch [17/100] | Loss: 5.2547 (Cls: 5.2658, TAL: -0.2066, Adv: 0.1712, OT-Reg: 0.001089) | OT inner objective: 0.0415 | Marginal residual row/col/max: 8.77e-06/1.25e-08/8.77e-06 | Train Acc: 0.3966 | Val Acc: 0.3391 | Val P/R/F1 (Macro): 0.4878/0.4119/0.3996 | LR: 0.000005
Epoch [18/100] | SVD update #18: pairs=440, sweeps=3, converged=False, rel_change=8.184e-03, effective_ranks=(325, 22), class_paired=True
Epoch [18/100] | Loss: 5.8321 (Cls: 5.8378, TAL: -0.1661, Adv: 0.1783, OT-Reg: 0.001064) | OT inner objective: 0.1054 | Marginal residual row/col/max: 8.00e-08/1.22e-08/8.14e-08 | Train Acc: 0.2332 | Val Acc: 0.2696 | Val P/R/F1 (Macro): 0.3082/0.2124/0.2003 | LR: 0.000005
Epoch [19/100] | SVD update #19: pairs=440, sweeps=3, converged=False, rel_change=4.054e-02, effective_ranks=(326, 21), class_paired=True
Epoch [19/100] | Loss: 6.4593 (Cls: 6.4562, TAL: -0.0867, Adv: 0.1700, OT-Reg: 0.001108) | OT inner objective: 0.0958 | Marginal residual row/col/max: 6.66e-08/1.36e-08/6.81e-08 | Train Acc: 0.2596 | Val Acc: 0.1652 | Val P/R/F1 (Macro): 0.1941/0.2118/0.1512 | LR: 0.000005
Epoch [20/100] | SVD update #20: pairs=440, sweeps=3, converged=False, rel_change=5.709e-02, effective_ranks=(326, 16), class_paired=True
Epoch [20/100] | Loss: 6.0475 (Cls: 6.0524, TAL: -0.1496, Adv: 0.1636, OT-Reg: 0.001058) | OT inner objective: 0.0666 | Marginal residual row/col/max: 2.67e-07/1.16e-08/2.68e-07 | Train Acc: 0.2452 | Val Acc: 0.2435 | Val P/R/F1 (Macro): 0.2350/0.1943/0.1872 | LR: 0.000005
Epoch [21/100] | SVD update #21: pairs=440, sweeps=3, converged=False, rel_change=4.606e-02, effective_ranks=(325, 23), class_paired=True
Epoch [21/100] | Loss: 5.4042 (Cls: 5.4201, TAL: -0.2452, Adv: 0.1692, OT-Reg: 0.001087) | OT inner objective: 0.1088 | Marginal residual row/col/max: 2.08e-08/1.16e-08/2.18e-08 | Train Acc: 0.2764 | Val Acc: 0.3130 | Val P/R/F1 (Macro): 0.3578/0.2956/0.2819 | LR: 0.000005
Epoch [22/100] | SVD update #22: pairs=440, sweeps=3, converged=False, rel_change=1.505e-02, effective_ranks=(324, 22), class_paired=True
Epoch [22/100] | Loss: 5.2243 (Cls: 5.2318, TAL: -0.1800, Adv: 0.1753, OT-Reg: 0.001079) | OT inner objective: 0.0807 | Marginal residual row/col/max: 2.49e-06/1.09e-08/2.49e-06 | Train Acc: 0.3510 | Val Acc: 0.3304 | Val P/R/F1 (Macro): 0.4650/0.3688/0.3737 | LR: 0.000005
Epoch [23/100] | SVD update #23: pairs=440, sweeps=3, converged=False, rel_change=2.216e-02, effective_ranks=(325, 23), class_paired=True
Epoch [23/100] | Loss: 5.1308 (Cls: 5.1469, TAL: -0.2295, Adv: 0.1428, OT-Reg: 0.001057) | OT inner objective: 0.0208 | Marginal residual row/col/max: 3.22e-05/1.25e-08/3.22e-05 | Train Acc: 0.3654 | Val Acc: 0.2522 | Val P/R/F1 (Macro): 0.3396/0.2810/0.1965 | LR: 0.000005
Epoch [24/100] | SVD update #24: pairs=440, sweeps=3, converged=False, rel_change=6.627e-02, effective_ranks=(323, 15), class_paired=True
Epoch [24/100] | Loss: 5.6702 (Cls: 5.6704, TAL: -0.1237, Adv: 0.1827, OT-Reg: 0.001025) | OT inner objective: 0.1491 | Marginal residual row/col/max: 1.30e-08/1.50e-08/1.63e-08 | Train Acc: 0.2236 | Val Acc: 0.3391 | Val P/R/F1 (Macro): 0.2581/0.2496/0.2364 | LR: 0.000005
Epoch [25/100] | SVD update #25: pairs=440, sweeps=3, converged=False, rel_change=9.091e-02, effective_ranks=(327, 21), class_paired=True
Epoch [25/100] | Loss: 6.8141 (Cls: 6.8103, TAL: -0.0730, Adv: 0.1569, OT-Reg: 0.001048) | OT inner objective: 0.1358 | Marginal residual row/col/max: 2.64e-07/1.20e-08/2.64e-07 | Train Acc: 0.1875 | Val Acc: 0.2087 | Val P/R/F1 (Macro): 0.2221/0.2463/0.1590 | LR: 0.000003
Epoch [26/100] | SVD update #26: pairs=440, sweeps=3, converged=False, rel_change=1.133e-02, effective_ranks=(324, 21), class_paired=True
Epoch [26/100] | Loss: 6.1785 (Cls: 6.1678, TAL: -0.1896, Adv: 0.4182, OT-Reg: 0.001067) | OT inner objective: 0.0746 | Marginal residual row/col/max: 1.46e-06/1.63e-08/1.46e-06 | Train Acc: 0.2019 | Val Acc: 0.2870 | Val P/R/F1 (Macro): 0.2242/0.2850/0.1867 | LR: 0.000003
Epoch [27/100] | SVD update #27: pairs=440, sweeps=3, converged=False, rel_change=1.031e-01, effective_ranks=(325, 15), class_paired=True
Epoch [27/100] | Loss: 7.3318 (Cls: 7.3235, TAL: -0.0318, Adv: 0.1526, OT-Reg: 0.001084) | OT inner objective: 0.1015 | Marginal residual row/col/max: 4.89e-07/1.13e-08/4.90e-07 | Train Acc: 0.2043 | Val Acc: 0.2000 | Val P/R/F1 (Macro): 0.2130/0.1888/0.1345 | LR: 0.000003
Epoch [28/100] | SVD update #28: pairs=440, sweeps=3, converged=False, rel_change=5.800e-02, effective_ranks=(321, 17), class_paired=True
Epoch [28/100] | Loss: 6.1790 (Cls: 6.1761, TAL: -0.0605, Adv: 0.1277, OT-Reg: 0.001069) | OT inner objective: 0.1076 | Marginal residual row/col/max: 1.51e-06/1.68e-08/1.51e-06 | Train Acc: 0.2043 | Val Acc: 0.1217 | Val P/R/F1 (Macro): 0.0867/0.1272/0.0843 | LR: 0.000003
Epoch [29/100] | SVD update #29: pairs=440, sweeps=3, converged=False, rel_change=1.485e-01, effective_ranks=(324, 15), class_paired=True
Epoch [29/100] | Loss: 6.8406 (Cls: 6.8390, TAL: -0.0763, Adv: 0.1338, OT-Reg: 0.000978) | OT inner objective: 0.0793 | Marginal residual row/col/max: 3.53e-06/1.23e-08/3.53e-06 | Train Acc: 0.1683 | Val Acc: 0.0522 | Val P/R/F1 (Macro): 0.1255/0.0990/0.0273 | LR: 0.000003
Epoch [30/100] | SVD update #30: pairs=440, sweeps=3, converged=False, rel_change=4.214e-02, effective_ranks=(322, 15), class_paired=True
Epoch [30/100] | Loss: 5.9370 (Cls: 5.9397, TAL: -0.0933, Adv: 0.1060, OT-Reg: 0.001027) | OT inner objective: 0.1278 | Marginal residual row/col/max: 3.06e-05/1.25e-08/3.06e-05 | Train Acc: 0.2452 | Val Acc: 0.0957 | Val P/R/F1 (Macro): 0.2070/0.1785/0.1024 | LR: 0.000003
Epoch [31/100] | SVD update #31: pairs=440, sweeps=3, converged=False, rel_change=5.776e-02, effective_ranks=(324, 15), class_paired=True
Epoch [31/100] | Loss: 5.4273 (Cls: 5.4422, TAL: -0.1831, Adv: 0.0887, OT-Reg: 0.000980) | OT inner objective: 0.0945 | Marginal residual row/col/max: 6.44e-05/1.83e-08/6.44e-05 | Train Acc: 0.2356 | Val Acc: 0.2696 | Val P/R/F1 (Macro): 0.2205/0.2578/0.1776 | LR: 0.000003
Epoch [32/100] | SVD update #32: pairs=440, sweeps=3, converged=False, rel_change=1.897e-01, effective_ranks=(324, 11), class_paired=True
Epoch [32/100] | Loss: 6.5539 (Cls: 6.5604, TAL: -0.1244, Adv: 0.1053, OT-Reg: 0.001021) | OT inner objective: 0.0098 | Marginal residual row/col/max: 1.91e-05/1.50e-08/1.91e-05 | Train Acc: 0.1058 | Val Acc: 0.1739 | Val P/R/F1 (Macro): 0.2509/0.2342/0.1462 | LR: 0.000003
Epoch [33/100] | SVD update #33: pairs=440, sweeps=3, converged=False, rel_change=8.526e-02, effective_ranks=(324, 14), class_paired=True
Epoch [33/100] | Loss: 7.0775 (Cls: 7.0714, TAL: -0.0111, Adv: 0.0930, OT-Reg: 0.001081) | OT inner objective: 0.0447 | Marginal residual row/col/max: 7.79e-07/1.12e-08/7.79e-07 | Train Acc: 0.1178 | Val Acc: 0.0609 | Val P/R/F1 (Macro): 0.1368/0.1193/0.0509 | LR: 0.000003
Epoch [34/100] | SVD update #34: pairs=440, sweeps=3, converged=False, rel_change=1.878e-02, effective_ranks=(324, 18), class_paired=True
Epoch [34/100] | Loss: 7.2924 (Cls: 7.2888, TAL: -0.0515, Adv: 0.1224, OT-Reg: 0.001041) | OT inner objective: 0.0483 | Marginal residual row/col/max: 2.99e-06/1.35e-08/2.99e-06 | Train Acc: 0.2043 | Val Acc: 0.1043 | Val P/R/F1 (Macro): 0.1354/0.0989/0.0950 | LR: 0.000003
Epoch [35/100] | SVD update #35: pairs=440, sweeps=3, converged=False, rel_change=7.229e-02, effective_ranks=(325, 16), class_paired=True
Epoch [35/100] | Loss: 6.2711 (Cls: 6.2755, TAL: -0.1016, Adv: 0.0965, OT-Reg: 0.001072) | OT inner objective: 0.1438 | Marginal residual row/col/max: 1.12e-07/1.52e-08/1.15e-07 | Train Acc: 0.1659 | Val Acc: 0.2348 | Val P/R/F1 (Macro): 0.2637/0.2419/0.2037 | LR: 0.000003
Epoch [36/100] | SVD update #36: pairs=440, sweeps=3, converged=False, rel_change=1.625e-02, effective_ranks=(324, 15), class_paired=True
Epoch [36/100] | Loss: 6.1262 (Cls: 6.1237, TAL: -0.0802, Adv: 0.1514, OT-Reg: 0.001060) | OT inner objective: 0.0408 | Marginal residual row/col/max: 7.02e-07/1.20e-08/7.02e-07 | Train Acc: 0.1298 | Val Acc: 0.2174 | Val P/R/F1 (Macro): 0.2028/0.2469/0.1676 | LR: 0.000001
Epoch [37/100] | SVD update #37: pairs=440, sweeps=3, converged=False, rel_change=1.769e-01, effective_ranks=(324, 14), class_paired=True
Epoch [37/100] | Loss: 6.0560 (Cls: 6.0556, TAL: -0.0569, Adv: 0.0897, OT-Reg: 0.001051) | OT inner objective: 0.0918 | Marginal residual row/col/max: 5.68e-05/1.66e-08/5.68e-05 | Train Acc: 0.1370 | Val Acc: 0.2261 | Val P/R/F1 (Macro): 0.1354/0.2037/0.1522 | LR: 0.000001
Epoch [38/100] | SVD update #38: pairs=440, sweeps=3, converged=False, rel_change=3.257e-02, effective_ranks=(327, 18), class_paired=True
Epoch [38/100] | Loss: 5.9077 (Cls: 5.8977, TAL: -0.0036, Adv: 0.1302, OT-Reg: 0.001065) | OT inner objective: 0.1393 | Marginal residual row/col/max: 4.54e-08/1.52e-08/4.94e-08 | Train Acc: 0.1346 | Val Acc: 0.3217 | Val P/R/F1 (Macro): 0.1301/0.1877/0.1478 | LR: 0.000001
Epoch [39/100] | SVD update #39: pairs=440, sweeps=3, converged=False, rel_change=7.035e-02, effective_ranks=(324, 20), class_paired=True
Epoch [39/100] | Loss: 7.4372 (Cls: 7.4129, TAL: 0.0899, Adv: 0.1688, OT-Reg: 0.001049) | OT inner objective: 0.1327 | Marginal residual row/col/max: 1.83e-08/1.58e-08/2.24e-08 | Train Acc: 0.1995 | Val Acc: 0.1913 | Val P/R/F1 (Macro): 0.1362/0.1669/0.1396 | LR: 0.000001
Epoch [40/100] | SVD update #40: pairs=440, sweeps=3, converged=False, rel_change=4.561e-02, effective_ranks=(326, 15), class_paired=True
Epoch [40/100] | Loss: 5.9676 (Cls: 5.9669, TAL: -0.0769, Adv: 0.1242, OT-Reg: 0.001048) | OT inner objective: 0.0591 | Marginal residual row/col/max: 8.57e-08/1.92e-08/8.96e-08 | Train Acc: 0.1683 | Val Acc: 0.2609 | Val P/R/F1 (Macro): 0.2424/0.2348/0.2279 | LR: 0.000001
Epoch [41/100] | SVD update #41: pairs=440, sweeps=3, converged=False, rel_change=5.685e-03, effective_ranks=(321, 17), class_paired=True
Epoch [41/100] | Loss: 5.9660 (Cls: 5.9518, TAL: -0.0440, Adv: 0.2433, OT-Reg: 0.001023) | OT inner objective: 0.0545 | Marginal residual row/col/max: 6.49e-06/1.42e-08/6.49e-06 | Train Acc: 0.1274 | Val Acc: 0.3652 | Val P/R/F1 (Macro): 0.1859/0.2323/0.1986 | LR: 0.000001
  >>> New Best Val Acc: 0.3652
Epoch [42/100] | SVD update #42: pairs=440, sweeps=3, converged=False, rel_change=3.517e-02, effective_ranks=(325, 16), class_paired=True
Epoch [42/100] | Loss: 6.9780 (Cls: 6.9621, TAL: 0.0150, Adv: 0.1760, OT-Reg: 0.001020) | OT inner objective: 0.1122 | Marginal residual row/col/max: 1.59e-07/2.22e-08/1.67e-07 | Train Acc: 0.0889 | Val Acc: 0.1043 | Val P/R/F1 (Macro): 0.0314/0.0966/0.0464 | LR: 0.000001
Epoch [43/100] | SVD update #43: pairs=440, sweeps=3, converged=False, rel_change=5.675e-02, effective_ranks=(322, 18), class_paired=True
Epoch [43/100] | Loss: 6.4489 (Cls: 6.4211, TAL: 0.0686, Adv: 0.2442, OT-Reg: 0.001025) | OT inner objective: 0.1199 | Marginal residual row/col/max: 4.51e-06/1.48e-08/4.51e-06 | Train Acc: 0.1538 | Val Acc: 0.1391 | Val P/R/F1 (Macro): 0.1485/0.1471/0.1180 | LR: 0.000001
Epoch [44/100] | SVD update #44: pairs=440, sweeps=3, converged=False, rel_change=1.979e-02, effective_ranks=(322, 18), class_paired=True
Epoch [44/100] | Loss: 6.0066 (Cls: 5.9876, TAL: 0.0111, Adv: 0.2216, OT-Reg: 0.001048) | OT inner objective: 0.1612 | Marginal residual row/col/max: 2.41e-08/1.30e-08/2.55e-08 | Train Acc: 0.2067 | Val Acc: 0.1739 | Val P/R/F1 (Macro): 0.1794/0.1512/0.0943 | LR: 0.000001
Epoch [45/100] | SVD update #45: pairs=440, sweeps=3, converged=False, rel_change=1.397e-02, effective_ranks=(320, 21), class_paired=True
Epoch [45/100] | Loss: 7.0886 (Cls: 7.0616, TAL: 0.0443, Adv: 0.2705, OT-Reg: 0.001015) | OT inner objective: 0.1444 | Marginal residual row/col/max: 8.42e-08/1.75e-08/8.98e-08 | Train Acc: 0.1611 | Val Acc: 0.1652 | Val P/R/F1 (Macro): 0.1063/0.1866/0.1054 | LR: 0.000001
Epoch [46/100] | SVD update #46: pairs=440, sweeps=3, converged=False, rel_change=3.443e-02, effective_ranks=(322, 19), class_paired=True
Epoch [46/100] | Loss: 6.8016 (Cls: 6.7940, TAL: -0.0803, Adv: 0.2149, OT-Reg: 0.001014) | OT inner objective: 0.0413 | Marginal residual row/col/max: 2.22e-06/1.09e-08/2.22e-06 | Train Acc: 0.1683 | Val Acc: 0.0957 | Val P/R/F1 (Macro): 0.0795/0.1265/0.0627 | LR: 0.000001
Epoch [47/100] | SVD update #47: pairs=440, sweeps=3, converged=False, rel_change=5.382e-02, effective_ranks=(323, 15), class_paired=True
Epoch [47/100] | Loss: 6.2288 (Cls: 6.2227, TAL: -0.0725, Adv: 0.1846, OT-Reg: 0.001040) | OT inner objective: 0.0515 | Marginal residual row/col/max: 3.97e-05/1.40e-08/3.97e-05 | Train Acc: 0.2043 | Val Acc: 0.1913 | Val P/R/F1 (Macro): 0.0671/0.1478/0.0792 | LR: 0.000001
Epoch [48/100] | SVD update #48: pairs=440, sweeps=3, converged=False, rel_change=1.983e-02, effective_ranks=(321, 12), class_paired=True
Epoch [48/100] | Loss: 6.0784 (Cls: 6.0625, TAL: -0.0784, Adv: 0.3160, OT-Reg: 0.001000) | OT inner objective: 0.0343 | Marginal residual row/col/max: 1.57e-05/1.26e-08/1.57e-05 | Train Acc: 0.1803 | Val Acc: 0.1478 | Val P/R/F1 (Macro): 0.2311/0.1302/0.1257 | LR: 0.000001
Epoch [49/100] | SVD update #49: pairs=440, sweeps=3, converged=False, rel_change=5.819e-03, effective_ranks=(321, 14), class_paired=True
Epoch [49/100] | Loss: 5.8064 (Cls: 5.7995, TAL: -0.0950, Adv: 0.2281, OT-Reg: 0.001010) | OT inner objective: 0.0794 | Marginal residual row/col/max: 6.89e-05/1.85e-08/6.89e-05 | Train Acc: 0.2308 | Val Acc: 0.2609 | Val P/R/F1 (Macro): 0.2844/0.3001/0.2224 | LR: 0.000001
Epoch [50/100] | SVD update #50: pairs=440, sweeps=3, converged=False, rel_change=4.175e-02, effective_ranks=(320, 15), class_paired=True
Epoch [50/100] | Loss: 5.7083 (Cls: 5.6913, TAL: -0.0926, Adv: 0.3511, OT-Reg: 0.001032) | OT inner objective: 0.0478 | Marginal residual row/col/max: 2.38e-05/1.46e-08/2.38e-05 | Train Acc: 0.1947 | Val Acc: 0.2783 | Val P/R/F1 (Macro): 0.3566/0.2752/0.2385 | LR: 0.000001
Epoch [51/100] | SVD update #51: pairs=440, sweeps=3, converged=False, rel_change=9.435e-03, effective_ranks=(323, 17), class_paired=True
Epoch [51/100] | Loss: 5.6472 (Cls: 5.6478, TAL: -0.1369, Adv: 0.1976, OT-Reg: 0.000991) | OT inner objective: 0.0563 | Marginal residual row/col/max: 1.30e-05/1.53e-08/1.30e-05 | Train Acc: 0.2115 | Val Acc: 0.2261 | Val P/R/F1 (Macro): 0.2865/0.2350/0.1948 | LR: 0.000001
Epoch [52/100] | SVD update #52: pairs=440, sweeps=3, converged=False, rel_change=3.540e-02, effective_ranks=(318, 15), class_paired=True
Epoch [52/100] | Loss: 6.3259 (Cls: 6.3103, TAL: -0.0098, Adv: 0.2089, OT-Reg: 0.001016) | OT inner objective: 0.0638 | Marginal residual row/col/max: 4.52e-05/1.46e-08/4.52e-05 | Train Acc: 0.2067 | Val Acc: 0.2522 | Val P/R/F1 (Macro): 0.3615/0.2454/0.2171 | LR: 0.000001
Epoch [53/100] | SVD update #53: pairs=440, sweeps=3, converged=False, rel_change=5.966e-02, effective_ranks=(323, 16), class_paired=True
Epoch [53/100] | Loss: 6.3898 (Cls: 6.3631, TAL: -0.0352, Adv: 0.3872, OT-Reg: 0.001031) | OT inner objective: 0.1587 | Marginal residual row/col/max: 3.45e-08/1.82e-08/4.24e-08 | Train Acc: 0.2764 | Val Acc: 0.1217 | Val P/R/F1 (Macro): 0.1567/0.1609/0.1131 | LR: 0.000001
Epoch [54/100] | SVD update #54: pairs=440, sweeps=3, converged=False, rel_change=1.107e-01, effective_ranks=(324, 17), class_paired=True
Epoch [54/100] | Loss: 6.9899 (Cls: 6.9738, TAL: -0.0546, Adv: 0.2832, OT-Reg: 0.001035) | OT inner objective: 0.1001 | Marginal residual row/col/max: 4.28e-06/1.16e-08/4.28e-06 | Train Acc: 0.1562 | Val Acc: 0.1826 | Val P/R/F1 (Macro): 0.1386/0.1653/0.1123 | LR: 0.000001
Epoch [55/100] | SVD update #55: pairs=440, sweeps=3, converged=False, rel_change=8.471e-02, effective_ranks=(323, 15), class_paired=True
Epoch [55/100] | Loss: 6.2521 (Cls: 6.2498, TAL: -0.0955, Adv: 0.1717, OT-Reg: 0.000995) | OT inner objective: 0.0643 | Marginal residual row/col/max: 7.61e-08/1.43e-08/7.79e-08 | Train Acc: 0.2139 | Val Acc: 0.2609 | Val P/R/F1 (Macro): 0.1606/0.1665/0.1452 | LR: 0.000001
Epoch [56/100] | SVD update #56: pairs=440, sweeps=3, converged=False, rel_change=6.739e-02, effective_ranks=(324, 17), class_paired=True
Epoch [56/100] | Loss: 5.9865 (Cls: 5.9804, TAL: -0.0828, Adv: 0.1999, OT-Reg: 0.001016) | OT inner objective: 0.0713 | Marginal residual row/col/max: 6.59e-08/1.68e-08/7.11e-08 | Train Acc: 0.1562 | Val Acc: 0.1130 | Val P/R/F1 (Macro): 0.1177/0.0911/0.0787 | LR: 0.000001
Epoch [57/100] | SVD update #57: pairs=440, sweeps=3, converged=False, rel_change=9.340e-02, effective_ranks=(325, 20), class_paired=True
Epoch [57/100] | Loss: 7.6423 (Cls: 7.6214, TAL: -0.0747, Adv: 0.3727, OT-Reg: 0.000988) | OT inner objective: -0.0276 | Marginal residual row/col/max: 1.41e-05/1.13e-08/1.41e-05 | Train Acc: 0.2428 | Val Acc: 0.1217 | Val P/R/F1 (Macro): 0.1303/0.1368/0.0800 | LR: 0.000001
Epoch [58/100] | SVD update #58: pairs=440, sweeps=3, converged=False, rel_change=1.092e-02, effective_ranks=(326, 18), class_paired=True
Epoch [58/100] | Loss: 5.9647 (Cls: 5.9628, TAL: -0.1509, Adv: 0.2503, OT-Reg: 0.001019) | OT inner objective: 0.0952 | Marginal residual row/col/max: 2.72e-06/1.62e-08/2.73e-06 | Train Acc: 0.1538 | Val Acc: 0.3130 | Val P/R/F1 (Macro): 0.2924/0.2081/0.1956 | LR: 0.000001
Epoch [59/100] | SVD update #59: pairs=440, sweeps=3, converged=False, rel_change=9.066e-02, effective_ranks=(324, 22), class_paired=True
Epoch [59/100] | Loss: 6.4268 (Cls: 6.4132, TAL: -0.0797, Adv: 0.2905, OT-Reg: 0.001037) | OT inner objective: 0.0512 | Marginal residual row/col/max: 1.76e-07/1.09e-08/1.76e-07 | Train Acc: 0.1683 | Val Acc: 0.2000 | Val P/R/F1 (Macro): 0.0972/0.1699/0.1089 | LR: 0.000001
Epoch [60/100] | SVD update #60: pairs=440, sweeps=3, converged=False, rel_change=5.732e-02, effective_ranks=(326, 23), class_paired=True
Epoch [60/100] | Loss: 6.3230 (Cls: 6.3036, TAL: -0.1164, Adv: 0.4174, OT-Reg: 0.001044) | OT inner objective: 0.0731 | Marginal residual row/col/max: 2.15e-07/1.78e-08/2.19e-07 | Train Acc: 0.1683 | Val Acc: 0.1565 | Val P/R/F1 (Macro): 0.0819/0.1901/0.1086 | LR: 0.000001
Epoch [61/100] | SVD update #61: pairs=440, sweeps=3, converged=False, rel_change=6.807e-02, effective_ranks=(326, 21), class_paired=True
Epoch [61/100] | Loss: 8.1672 (Cls: 8.1520, TAL: -0.0075, Adv: 0.2012, OT-Reg: 0.001015) | OT inner objective: 0.0218 | Marginal residual row/col/max: 9.63e-06/1.25e-08/9.63e-06 | Train Acc: 0.2548 | Val Acc: 0.1826 | Val P/R/F1 (Macro): 0.1205/0.2265/0.1382 | LR: 0.000001
Epoch [62/100] | SVD update #62: pairs=440, sweeps=3, converged=False, rel_change=5.781e-02, effective_ranks=(324, 20), class_paired=True
Epoch [62/100] | Loss: 7.2069 (Cls: 7.2017, TAL: -0.0883, Adv: 0.1973, OT-Reg: 0.001085) | OT inner objective: 0.0937 | Marginal residual row/col/max: 4.94e-08/1.17e-08/4.97e-08 | Train Acc: 0.1659 | Val Acc: 0.2435 | Val P/R/F1 (Macro): 0.2239/0.2025/0.1712 | LR: 0.000001
Epoch [63/100] | SVD update #63: pairs=440, sweeps=3, converged=False, rel_change=1.693e-02, effective_ranks=(326, 19), class_paired=True
Epoch [63/100] | Loss: 6.7310 (Cls: 6.7003, TAL: -0.0479, Adv: 0.4548, OT-Reg: 0.001044) | OT inner objective: 0.0500 | Marginal residual row/col/max: 3.18e-06/1.56e-08/3.18e-06 | Train Acc: 0.2188 | Val Acc: 0.2783 | Val P/R/F1 (Macro): 0.2260/0.2209/0.1844 | LR: 0.000001
Epoch [64/100] | SVD update #64: pairs=440, sweeps=3, converged=False, rel_change=1.564e-02, effective_ranks=(327, 19), class_paired=True
Epoch [64/100] | Loss: 6.9037 (Cls: 6.8791, TAL: -0.0957, Adv: 0.4508, OT-Reg: 0.001006) | OT inner objective: 0.0246 | Marginal residual row/col/max: 2.85e-06/1.92e-08/2.85e-06 | Train Acc: 0.2260 | Val Acc: 0.2348 | Val P/R/F1 (Macro): 0.2084/0.2595/0.1790 | LR: 0.000001
Epoch [65/100] | SVD update #65: pairs=440, sweeps=3, converged=False, rel_change=1.148e-02, effective_ranks=(327, 17), class_paired=True
Epoch [65/100] | Loss: 6.5956 (Cls: 6.5712, TAL: -0.0220, Adv: 0.3385, OT-Reg: 0.001021) | OT inner objective: 0.0822 | Marginal residual row/col/max: 1.55e-05/1.23e-08/1.55e-05 | Train Acc: 0.2019 | Val Acc: 0.2783 | Val P/R/F1 (Macro): 0.2982/0.2944/0.2371 | LR: 0.000001
Epoch [66/100] | SVD update #66: pairs=440, sweeps=3, converged=False, rel_change=2.370e-02, effective_ranks=(326, 17), class_paired=True
Epoch [66/100] | Loss: 6.1278 (Cls: 6.1090, TAL: -0.0672, Adv: 0.3350, OT-Reg: 0.000997) | OT inner objective: 0.0486 | Marginal residual row/col/max: 3.36e-05/2.19e-08/3.36e-05 | Train Acc: 0.1875 | Val Acc: 0.2348 | Val P/R/F1 (Macro): 0.2306/0.2711/0.1946 | LR: 0.000001
Epoch [67/100] | SVD update #67: pairs=440, sweeps=3, converged=False, rel_change=2.103e-02, effective_ranks=(322, 14), class_paired=True
Epoch [67/100] | Loss: 6.1496 (Cls: 6.1430, TAL: -0.1311, Adv: 0.2797, OT-Reg: 0.001034) | OT inner objective: 0.0137 | Marginal residual row/col/max: 4.51e-05/1.16e-08/4.51e-05 | Train Acc: 0.1731 | Val Acc: 0.3130 | Val P/R/F1 (Macro): 0.2958/0.2483/0.2407 | LR: 0.000001
Epoch [68/100] | SVD update #68: pairs=440, sweeps=3, converged=False, rel_change=2.131e-02, effective_ranks=(326, 14), class_paired=True
Epoch [68/100] | Loss: 6.0655 (Cls: 6.0532, TAL: -0.1296, Adv: 0.3481, OT-Reg: 0.001009) | OT inner objective: 0.0788 | Marginal residual row/col/max: 1.49e-07/2.12e-08/1.54e-07 | Train Acc: 0.1995 | Val Acc: 0.2870 | Val P/R/F1 (Macro): 0.2548/0.2717/0.2018 | LR: 0.000001
Epoch [69/100] | SVD update #69: pairs=440, sweeps=3, converged=False, rel_change=2.641e-03, effective_ranks=(323, 13), class_paired=True
Epoch [69/100] | Loss: 6.0998 (Cls: 6.0733, TAL: -0.0750, Adv: 0.4438, OT-Reg: 0.001007) | OT inner objective: -0.0075 | Marginal residual row/col/max: 2.41e-05/1.46e-08/2.41e-05 | Train Acc: 0.1947 | Val Acc: 0.2609 | Val P/R/F1 (Macro): 0.3067/0.2577/0.2206 | LR: 0.000001
Epoch [70/100] | SVD update #70: pairs=440, sweeps=3, converged=False, rel_change=3.377e-03, effective_ranks=(323, 15), class_paired=True
Epoch [70/100] | Loss: 5.8319 (Cls: 5.8094, TAL: -0.1103, Adv: 0.4468, OT-Reg: 0.001038) | OT inner objective: 0.0686 | Marginal residual row/col/max: 1.93e-07/1.40e-08/1.94e-07 | Train Acc: 0.2115 | Val Acc: 0.2870 | Val P/R/F1 (Macro): 0.3206/0.2518/0.2234 | LR: 0.000001
Epoch [71/100] | SVD update #71: pairs=440, sweeps=3, converged=False, rel_change=3.897e-03, effective_ranks=(325, 16), class_paired=True
Epoch [71/100] | Loss: 5.8778 (Cls: 5.8615, TAL: -0.1481, Adv: 0.4260, OT-Reg: 0.001009) | OT inner objective: -0.0053 | Marginal residual row/col/max: 8.21e-06/1.26e-08/8.21e-06 | Train Acc: 0.1779 | Val Acc: 0.3043 | Val P/R/F1 (Macro): 0.2768/0.3026/0.2333 | LR: 0.000001
Epoch [72/100] | SVD update #72: pairs=440, sweeps=3, converged=False, rel_change=4.522e-03, effective_ranks=(326, 16), class_paired=True
Epoch [72/100] | Loss: 5.9319 (Cls: 5.9136, TAL: -0.1224, Adv: 0.4127, OT-Reg: 0.001019) | OT inner objective: 0.0619 | Marginal residual row/col/max: 4.75e-05/1.56e-08/4.75e-05 | Train Acc: 0.2139 | Val Acc: 0.3043 | Val P/R/F1 (Macro): 0.2792/0.3185/0.2192 | LR: 0.000001
Epoch [73/100] | SVD update #73: pairs=440, sweeps=3, converged=False, rel_change=9.986e-03, effective_ranks=(326, 16), class_paired=True
Epoch [73/100] | Loss: 5.8692 (Cls: 5.8566, TAL: -0.1203, Adv: 0.3384, OT-Reg: 0.001008) | OT inner objective: 0.0617 | Marginal residual row/col/max: 4.86e-05/2.32e-08/4.86e-05 | Train Acc: 0.1611 | Val Acc: 0.2087 | Val P/R/F1 (Macro): 0.1379/0.2072/0.1276 | LR: 0.000001
Epoch [74/100] | SVD update #74: pairs=440, sweeps=3, converged=False, rel_change=4.045e-02, effective_ranks=(325, 15), class_paired=True
Epoch [74/100] | Loss: 6.1469 (Cls: 6.1244, TAL: -0.0519, Adv: 0.3590, OT-Reg: 0.001017) | OT inner objective: -0.0131 | Marginal residual row/col/max: 4.23e-07/1.53e-08/4.23e-07 | Train Acc: 0.1418 | Val Acc: 0.2261 | Val P/R/F1 (Macro): 0.2584/0.1807/0.1748 | LR: 0.000001
Epoch [75/100] | SVD update #75: pairs=440, sweeps=3, converged=False, rel_change=1.172e-03, effective_ranks=(322, 16), class_paired=True
Epoch [75/100] | Loss: 5.9203 (Cls: 5.9062, TAL: -0.1420, Adv: 0.3889, OT-Reg: 0.001020) | OT inner objective: -0.0116 | Marginal residual row/col/max: 1.79e-06/1.38e-08/1.79e-06 | Train Acc: 0.1851 | Val Acc: 0.2957 | Val P/R/F1 (Macro): 0.2518/0.2305/0.2250 | LR: 0.000001
Epoch [76/100] | SVD update #76: pairs=440, sweeps=3, converged=False, rel_change=1.566e-02, effective_ranks=(324, 17), class_paired=True
Epoch [76/100] | Loss: 6.3504 (Cls: 6.3098, TAL: -0.0384, Adv: 0.5652, OT-Reg: 0.000985) | OT inner objective: 0.0520 | Marginal residual row/col/max: 7.39e-07/1.91e-08/7.39e-07 | Train Acc: 0.1250 | Val Acc: 0.2261 | Val P/R/F1 (Macro): 0.1659/0.1302/0.1262 | LR: 0.000001
Epoch [77/100] | SVD update #77: pairs=440, sweeps=3, converged=False, rel_change=1.023e-02, effective_ranks=(321, 17), class_paired=True
Epoch [77/100] | Loss: 6.1612 (Cls: 6.1183, TAL: 0.0202, Adv: 0.5069, OT-Reg: 0.001025) | OT inner objective: 0.0593 | Marginal residual row/col/max: 9.53e-08/1.62e-08/9.71e-08 | Train Acc: 0.1322 | Val Acc: 0.1913 | Val P/R/F1 (Macro): 0.1838/0.1164/0.1292 | LR: 0.000001
Epoch [78/100] | SVD update #78: pairs=440, sweeps=3, converged=False, rel_change=6.165e-02, effective_ranks=(323, 17), class_paired=True
Epoch [78/100] | Loss: 6.0957 (Cls: 6.0530, TAL: 0.0278, Adv: 0.4922, OT-Reg: 0.000992) | OT inner objective: 0.0075 | Marginal residual row/col/max: 1.48e-06/1.85e-08/1.48e-06 | Train Acc: 0.1274 | Val Acc: 0.2522 | Val P/R/F1 (Macro): 0.1101/0.1682/0.1315 | LR: 0.000001
Epoch [79/100] | SVD update #79: pairs=440, sweeps=3, converged=False, rel_change=1.165e-02, effective_ranks=(318, 16), class_paired=True
Epoch [79/100] | Loss: 6.1130 (Cls: 6.0798, TAL: -0.0071, Adv: 0.4259, OT-Reg: 0.000991) | OT inner objective: 0.0309 | Marginal residual row/col/max: 4.87e-05/2.48e-08/4.87e-05 | Train Acc: 0.1418 | Val Acc: 0.2174 | Val P/R/F1 (Macro): 0.1596/0.1908/0.1305 | LR: 0.000001
Epoch [80/100] | SVD update #80: pairs=440, sweeps=3, converged=False, rel_change=1.815e-03, effective_ranks=(326, 16), class_paired=True
Epoch [80/100] | Loss: 6.2116 (Cls: 6.1880, TAL: -0.0136, Adv: 0.3151, OT-Reg: 0.000990) | OT inner objective: 0.0451 | Marginal residual row/col/max: 4.11e-07/2.31e-08/4.14e-07 | Train Acc: 0.1178 | Val Acc: 0.1565 | Val P/R/F1 (Macro): 0.1034/0.1445/0.0854 | LR: 0.000001
Epoch [81/100] | SVD update #81: pairs=440, sweeps=3, converged=False, rel_change=9.815e-02, effective_ranks=(322, 20), class_paired=True
Epoch [81/100] | Loss: 6.2263 (Cls: 6.1859, TAL: 0.0733, Adv: 0.3943, OT-Reg: 0.001023) | OT inner objective: 0.0529 | Marginal residual row/col/max: 2.99e-05/1.95e-08/2.99e-05 | Train Acc: 0.1562 | Val Acc: 0.1739 | Val P/R/F1 (Macro): 0.2062/0.1713/0.1092 | LR: 0.000001
Epoch [82/100] | SVD update #82: pairs=440, sweeps=3, converged=False, rel_change=1.886e-02, effective_ranks=(325, 20), class_paired=True
Epoch [82/100] | Loss: 6.1819 (Cls: 6.1423, TAL: -0.0149, Adv: 0.5172, OT-Reg: 0.000995) | OT inner objective: 0.0954 | Marginal residual row/col/max: 1.01e-07/1.82e-08/1.06e-07 | Train Acc: 0.1562 | Val Acc: 0.2000 | Val P/R/F1 (Macro): 0.2161/0.1678/0.1344 | LR: 0.000001
Epoch [83/100] | SVD update #83: pairs=440, sweeps=3, converged=False, rel_change=7.449e-02, effective_ranks=(320, 22), class_paired=True
Epoch [83/100] | Loss: 6.5617 (Cls: 6.5216, TAL: 0.0948, Adv: 0.3590, OT-Reg: 0.000989) | OT inner objective: 0.1764 | Marginal residual row/col/max: 2.97e-05/2.13e-08/2.97e-05 | Train Acc: 0.1082 | Val Acc: 0.0870 | Val P/R/F1 (Macro): 0.0537/0.0747/0.0508 | LR: 0.000001
Epoch [84/100] | SVD update #84: pairs=440, sweeps=3, converged=False, rel_change=3.119e-02, effective_ranks=(318, 26), class_paired=True
Epoch [84/100] | Loss: 6.8983 (Cls: 6.8610, TAL: 0.0934, Adv: 0.3266, OT-Reg: 0.000922) | OT inner objective: 0.0985 | Marginal residual row/col/max: 1.80e-04/1.78e-08/1.80e-04 | Train Acc: 0.1130 | Val Acc: 0.0783 | Val P/R/F1 (Macro): 0.0376/0.1027/0.0486 | LR: 0.000001
Epoch [85/100] | SVD update #85: pairs=440, sweeps=3, converged=False, rel_change=5.775e-02, effective_ranks=(322, 24), class_paired=True
Epoch [85/100] | Loss: 6.6116 (Cls: 6.5561, TAL: 0.0465, Adv: 0.6238, OT-Reg: 0.000945) | OT inner objective: 0.1099 | Marginal residual row/col/max: 1.35e-05/2.03e-08/1.35e-05 | Train Acc: 0.0962 | Val Acc: 0.1130 | Val P/R/F1 (Macro): 0.0798/0.1178/0.0828 | LR: 0.000001
Epoch [86/100] | SVD update #86: pairs=440, sweeps=3, converged=False, rel_change=8.098e-03, effective_ranks=(326, 22), class_paired=True
Epoch [86/100] | Loss: 6.4432 (Cls: 6.4197, TAL: -0.0194, Adv: 0.3235, OT-Reg: 0.000950) | OT inner objective: 0.0920 | Marginal residual row/col/max: 7.16e-07/2.22e-08/7.20e-07 | Train Acc: 0.1394 | Val Acc: 0.1391 | Val P/R/F1 (Macro): 0.1498/0.1535/0.1040 | LR: 0.000001
Epoch [87/100] | SVD update #87: pairs=440, sweeps=3, converged=False, rel_change=5.709e-03, effective_ranks=(325, 23), class_paired=True
Epoch [87/100] | Loss: 6.3865 (Cls: 6.3492, TAL: -0.0446, Adv: 0.5330, OT-Reg: 0.000962) | OT inner objective: 0.0601 | Marginal residual row/col/max: 3.43e-05/2.02e-08/3.43e-05 | Train Acc: 0.1202 | Val Acc: 0.1130 | Val P/R/F1 (Macro): 0.1077/0.1460/0.0951 | LR: 0.000001
Epoch [88/100] | SVD update #88: pairs=440, sweeps=3, converged=False, rel_change=2.083e-03, effective_ranks=(326, 24), class_paired=True
Epoch [88/100] | Loss: 6.2662 (Cls: 6.2408, TAL: 0.0283, Adv: 0.2754, OT-Reg: 0.000985) | OT inner objective: 0.0963 | Marginal residual row/col/max: 7.35e-08/1.49e-08/7.59e-08 | Train Acc: 0.1707 | Val Acc: 0.0783 | Val P/R/F1 (Macro): 0.1117/0.1148/0.0611 | LR: 0.000001
Epoch [89/100] | SVD update #89: pairs=440, sweeps=3, converged=False, rel_change=1.311e-02, effective_ranks=(326, 24), class_paired=True
Epoch [89/100] | Loss: 6.3327 (Cls: 6.3152, TAL: 0.0099, Adv: 0.2037, OT-Reg: 0.000956) | OT inner objective: 0.0525 | Marginal residual row/col/max: 1.10e-05/2.12e-08/1.10e-05 | Train Acc: 0.1587 | Val Acc: 0.0783 | Val P/R/F1 (Macro): 0.1159/0.1126/0.0736 | LR: 0.000001
Epoch [90/100] | SVD update #90: pairs=440, sweeps=3, converged=False, rel_change=4.963e-02, effective_ranks=(326, 22), class_paired=True
Epoch [90/100] | Loss: 6.3584 (Cls: 6.3384, TAL: -0.0604, Adv: 0.3401, OT-Reg: 0.001007) | OT inner objective: 0.0301 | Marginal residual row/col/max: 2.09e-05/2.39e-08/2.09e-05 | Train Acc: 0.1803 | Val Acc: 0.1130 | Val P/R/F1 (Macro): 0.1540/0.1309/0.0818 | LR: 0.000001
Epoch [91/100] | SVD update #91: pairs=440, sweeps=3, converged=False, rel_change=8.111e-02, effective_ranks=(323, 21), class_paired=True
Epoch [91/100] | Loss: 6.4510 (Cls: 6.4177, TAL: -0.0309, Adv: 0.4630, OT-Reg: 0.001018) | OT inner objective: 0.1317 | Marginal residual row/col/max: 1.42e-08/1.56e-08/1.81e-08 | Train Acc: 0.1274 | Val Acc: 0.1739 | Val P/R/F1 (Macro): 0.1354/0.1321/0.1118 | LR: 0.000001
Epoch [92/100] | SVD update #92: pairs=440, sweeps=3, converged=False, rel_change=1.061e-02, effective_ranks=(320, 21), class_paired=True
Epoch [92/100] | Loss: 6.2681 (Cls: 6.2510, TAL: -0.0852, Adv: 0.3420, OT-Reg: 0.001009) | OT inner objective: 0.0841 | Marginal residual row/col/max: 2.94e-05/1.71e-08/2.94e-05 | Train Acc: 0.1442 | Val Acc: 0.2261 | Val P/R/F1 (Macro): 0.3185/0.1570/0.1541 | LR: 0.000001
Epoch [93/100] | SVD update #93: pairs=440, sweeps=3, converged=False, rel_change=1.457e-02, effective_ranks=(325, 22), class_paired=True
Epoch [93/100] | Loss: 7.0260 (Cls: 7.0044, TAL: -0.0396, Adv: 0.3304, OT-Reg: 0.000981) | OT inner objective: 0.0959 | Marginal residual row/col/max: 3.30e-05/1.75e-08/3.30e-05 | Train Acc: 0.1779 | Val Acc: 0.1652 | Val P/R/F1 (Macro): 0.2454/0.1808/0.1488 | LR: 0.000001
Epoch [94/100] | SVD update #94: pairs=440, sweeps=3, converged=False, rel_change=2.227e-02, effective_ranks=(324, 22), class_paired=True
Epoch [94/100] | Loss: 7.1616 (Cls: 7.1335, TAL: -0.0439, Adv: 0.4172, OT-Reg: 0.000986) | OT inner objective: 0.0687 | Marginal residual row/col/max: 1.94e-05/1.96e-08/1.94e-05 | Train Acc: 0.1611 | Val Acc: 0.2435 | Val P/R/F1 (Macro): 0.2355/0.1880/0.1772 | LR: 0.000001
Epoch [95/100] | SVD update #95: pairs=440, sweeps=3, converged=False, rel_change=1.513e-02, effective_ranks=(326, 20), class_paired=True
Epoch [95/100] | Loss: 7.0370 (Cls: 6.9903, TAL: 0.0169, Adv: 0.5591, OT-Reg: 0.000997) | OT inner objective: 0.1218 | Marginal residual row/col/max: 6.73e-05/2.29e-08/6.73e-05 | Train Acc: 0.1226 | Val Acc: 0.1913 | Val P/R/F1 (Macro): 0.1896/0.1553/0.1118 | LR: 0.000001
Epoch [96/100] | SVD update #96: pairs=440, sweeps=3, converged=False, rel_change=5.672e-03, effective_ranks=(322, 20), class_paired=True
Epoch [96/100] | Loss: 6.6581 (Cls: 6.6194, TAL: -0.0073, Adv: 0.4941, OT-Reg: 0.000961) | OT inner objective: 0.0705 | Marginal residual row/col/max: 5.47e-05/2.88e-08/5.47e-05 | Train Acc: 0.1947 | Val Acc: 0.2000 | Val P/R/F1 (Macro): 0.2160/0.1686/0.1372 | LR: 0.000001
Epoch [97/100] | SVD update #97: pairs=440, sweeps=3, converged=False, rel_change=8.246e-03, effective_ranks=(320, 19), class_paired=True
Epoch [97/100] | Loss: 6.6242 (Cls: 6.5925, TAL: -0.0604, Adv: 0.4871, OT-Reg: 0.001007) | OT inner objective: 0.1055 | Marginal residual row/col/max: 1.68e-05/1.49e-08/1.68e-05 | Train Acc: 0.2043 | Val Acc: 0.1739 | Val P/R/F1 (Macro): 0.1309/0.1269/0.0978 | LR: 0.000001
Epoch [98/100] | SVD update #98: pairs=440, sweeps=3, converged=False, rel_change=3.503e-02, effective_ranks=(324, 21), class_paired=True
Epoch [98/100] | Loss: 6.7438 (Cls: 6.7085, TAL: 0.0112, Adv: 0.4240, OT-Reg: 0.001003) | OT inner objective: 0.1115 | Marginal residual row/col/max: 9.83e-05/1.96e-08/9.83e-05 | Train Acc: 0.1659 | Val Acc: 0.2174 | Val P/R/F1 (Macro): 0.2356/0.1793/0.1529 | LR: 0.000001
Epoch [99/100] | SVD update #99: pairs=440, sweeps=3, converged=False, rel_change=1.221e-02, effective_ranks=(326, 19), class_paired=True
Epoch [99/100] | Loss: 6.2772 (Cls: 6.2643, TAL: -0.1015, Adv: 0.3136, OT-Reg: 0.001001) | OT inner objective: 0.1298 | Marginal residual row/col/max: 9.91e-05/1.60e-08/9.91e-05 | Train Acc: 0.2356 | Val Acc: 0.2522 | Val P/R/F1 (Macro): 0.2645/0.2004/0.1879 | LR: 0.000001
Epoch [100/100] | SVD update #100: pairs=440, sweeps=3, converged=False, rel_change=5.890e-03, effective_ranks=(321, 18), class_paired=True
Epoch [100/100] | Loss: 6.3586 (Cls: 6.3327, TAL: -0.0865, Adv: 0.4540, OT-Reg: 0.000989) | OT inner objective: 0.1400 | Marginal residual row/col/max: 1.10e-04/1.22e-08/1.10e-04 | Train Acc: 0.2043 | Val Acc: 0.2609 | Val P/R/F1 (Macro): 0.2389/0.2474/0.1929 | LR: 0.000001
Report strategy: last_window, window=10, reported_acc=0.2104, best_acc=0.3652

迭代 2 报告指标:
  Accuracy: 0.2104
  Precision (Macro): 0.2210
  Recall (Macro): 0.1736
  F1 (Macro): 0.1472
  Precision (Micro): 0.2104
  Recall (Micro): 0.2104
  F1 (Micro): 0.2104
  Val class coverage: 9/14 (0.6429), samples=115

================================================================================
迭代 3/5
随机种子: 44
================================================================================
配对采样器已初始化，共 9 个共有类别。
Training mode: full target-label supervision (class-paired batches).
Feature fusion: Tensor alignment (512+512 -> 64+64); fused_dim=128
Domain adaptation: Neural OT generator with 3-domain discriminator
Loss weights: tensor=0.12, adv=0.08
Transport: mode=sinkhorn, epsilon=0.1, Sinkhorn iterations=50, correction scale=0.1, correction regularization weight=0.001
Tensor projection update: once per epoch from the complete target-training pairing bank; projection_dim=64, max_sweeps=3, relative singular-value tolerance=0.0001
Epoch [1/100] | SVD update #1: pairs=440, sweeps=3, converged=False, rel_change=1.161e-04, effective_ranks=(327, 125), class_paired=True
Epoch [1/100] | Loss: 7.4841 (Cls: 7.4875, TAL: -0.1624, Adv: 0.2016, OT-Reg: 0.000940) | OT inner objective: 0.2978 | Marginal residual row/col/max: 1.13e-08/1.12e-08/1.17e-08 | Train Acc: 0.1971 | Val Acc: 0.1391 | Val P/R/F1 (Macro): 0.1058/0.2024/0.0862 | LR: 0.000005
  >>> New Best Val Acc: 0.1391
Epoch [2/100] | SVD update #2: pairs=440, sweeps=3, converged=False, rel_change=1.856e-02, effective_ranks=(327, 64), class_paired=True
Epoch [2/100] | Loss: 7.0833 (Cls: 7.0754, TAL: -0.0713, Adv: 0.2061, OT-Reg: 0.000987) | OT inner objective: 0.2675 | Marginal residual row/col/max: 9.74e-09/1.02e-08/1.15e-08 | Train Acc: 0.1875 | Val Acc: 0.2783 | Val P/R/F1 (Macro): 0.2411/0.2602/0.2101 | LR: 0.000005
  >>> New Best Val Acc: 0.2783
Epoch [3/100] | SVD update #3: pairs=440, sweeps=3, converged=False, rel_change=8.210e-02, effective_ranks=(322, 29), class_paired=True
Epoch [3/100] | Loss: 6.7417 (Cls: 6.7418, TAL: -0.1213, Adv: 0.1810, OT-Reg: 0.001102) | OT inner objective: 0.2030 | Marginal residual row/col/max: 1.19e-08/1.25e-08/1.49e-08 | Train Acc: 0.1683 | Val Acc: 0.2435 | Val P/R/F1 (Macro): 0.2849/0.2340/0.1915 | LR: 0.000005
Epoch [4/100] | SVD update #4: pairs=440, sweeps=3, converged=False, rel_change=1.134e-02, effective_ranks=(324, 26), class_paired=True
Epoch [4/100] | Loss: 6.9020 (Cls: 6.8988, TAL: -0.1082, Adv: 0.2017, OT-Reg: 0.001071) | OT inner objective: 0.1921 | Marginal residual row/col/max: 1.23e-07/1.09e-08/1.24e-07 | Train Acc: 0.1899 | Val Acc: 0.2522 | Val P/R/F1 (Macro): 0.2236/0.2712/0.1772 | LR: 0.000005
Epoch [5/100] | SVD update #5: pairs=440, sweeps=3, converged=False, rel_change=3.166e-02, effective_ranks=(323, 25), class_paired=True
Epoch [5/100] | Loss: 6.2578 (Cls: 6.2620, TAL: -0.1576, Adv: 0.1835, OT-Reg: 0.001082) | OT inner objective: 0.1470 | Marginal residual row/col/max: 1.87e-06/1.12e-08/1.87e-06 | Train Acc: 0.2284 | Val Acc: 0.2261 | Val P/R/F1 (Macro): 0.2228/0.2530/0.1750 | LR: 0.000005
Epoch [6/100] | SVD update #6: pairs=440, sweeps=3, converged=False, rel_change=2.200e-02, effective_ranks=(326, 32), class_paired=True
Epoch [6/100] | Loss: 6.2285 (Cls: 6.2401, TAL: -0.2322, Adv: 0.2028, OT-Reg: 0.001153) | OT inner objective: 0.1242 | Marginal residual row/col/max: 1.85e-07/1.20e-08/1.87e-07 | Train Acc: 0.2644 | Val Acc: 0.3304 | Val P/R/F1 (Macro): 0.3638/0.3452/0.2907 | LR: 0.000005
  >>> New Best Val Acc: 0.3304
Epoch [7/100] | SVD update #7: pairs=440, sweeps=3, converged=False, rel_change=8.426e-02, effective_ranks=(326, 22), class_paired=True
Epoch [7/100] | Loss: 6.1533 (Cls: 6.1512, TAL: -0.1224, Adv: 0.2086, OT-Reg: 0.001019) | OT inner objective: 0.2072 | Marginal residual row/col/max: 1.51e-07/1.72e-08/1.56e-07 | Train Acc: 0.1947 | Val Acc: 0.3217 | Val P/R/F1 (Macro): 0.3772/0.3199/0.2805 | LR: 0.000005
Epoch [8/100] | SVD update #8: pairs=440, sweeps=3, converged=False, rel_change=1.109e-01, effective_ranks=(325, 22), class_paired=True
Epoch [8/100] | Loss: 6.7660 (Cls: 6.7404, TAL: 0.0732, Adv: 0.2097, OT-Reg: 0.001068) | OT inner objective: 0.0946 | Marginal residual row/col/max: 2.75e-05/1.55e-08/2.75e-05 | Train Acc: 0.1995 | Val Acc: 0.3826 | Val P/R/F1 (Macro): 0.2914/0.3601/0.2789 | LR: 0.000005
  >>> New Best Val Acc: 0.3826
Epoch [9/100] | SVD update #9: pairs=440, sweeps=3, converged=False, rel_change=1.943e-01, effective_ranks=(325, 26), class_paired=True
Epoch [9/100] | Loss: 7.1586 (Cls: 7.1664, TAL: -0.1910, Adv: 0.1889, OT-Reg: 0.001136) | OT inner objective: 0.0333 | Marginal residual row/col/max: 1.71e-04/1.71e-08/1.71e-04 | Train Acc: 0.2548 | Val Acc: 0.2870 | Val P/R/F1 (Macro): 0.2669/0.3955/0.2588 | LR: 0.000005
Epoch [10/100] | SVD update #10: pairs=440, sweeps=3, converged=False, rel_change=4.142e-02, effective_ranks=(307, 12), class_paired=True
Epoch [10/100] | Loss: 6.8750 (Cls: 6.8840, TAL: -0.2049, Adv: 0.1950, OT-Reg: 0.001147) | OT inner objective: -0.0956 | Marginal residual row/col/max: 2.27e-04/1.15e-08/2.27e-04 | Train Acc: 0.1995 | Val Acc: 0.2348 | Val P/R/F1 (Macro): 0.1471/0.2340/0.1596 | LR: 0.000005
Epoch [11/100] | SVD update #11: pairs=440, sweeps=3, converged=False, rel_change=4.608e-03, effective_ranks=(326, 13), class_paired=True
Epoch [11/100] | Loss: 6.7673 (Cls: 6.7711, TAL: -0.1570, Adv: 0.1874, OT-Reg: 0.001178) | OT inner objective: -0.1154 | Marginal residual row/col/max: 9.76e-05/1.07e-08/9.76e-05 | Train Acc: 0.1875 | Val Acc: 0.2435 | Val P/R/F1 (Macro): 0.1859/0.1822/0.1633 | LR: 0.000005
Epoch [12/100] | SVD update #12: pairs=440, sweeps=3, converged=False, rel_change=3.868e-02, effective_ranks=(321, 13), class_paired=True
Epoch [12/100] | Loss: 6.3416 (Cls: 6.3401, TAL: -0.1098, Adv: 0.1841, OT-Reg: 0.001089) | OT inner objective: -0.1051 | Marginal residual row/col/max: 6.02e-04/1.36e-08/6.02e-04 | Train Acc: 0.1851 | Val Acc: 0.3043 | Val P/R/F1 (Macro): 0.4179/0.3125/0.2763 | LR: 0.000005
Epoch [13/100] | SVD update #13: pairs=440, sweeps=3, converged=False, rel_change=8.761e-01, effective_ranks=(309, 14), class_paired=True
Epoch [13/100] | Loss: 6.1829 (Cls: 6.1655, TAL: -0.0710, Adv: 0.3240, OT-Reg: 0.001168) | OT inner objective: -0.1452 | Marginal residual row/col/max: 2.46e-04/1.13e-08/2.46e-04 | Train Acc: 0.2091 | Val Acc: 0.0957 | Val P/R/F1 (Macro): 0.1236/0.1723/0.1034 | LR: 0.000005
Epoch [14/100] | SVD update #14: pairs=440, sweeps=3, converged=False, rel_change=9.241e-02, effective_ranks=(322, 12), class_paired=True
Epoch [14/100] | Loss: 6.1096 (Cls: 6.1054, TAL: -0.0968, Adv: 0.1974, OT-Reg: 0.001032) | OT inner objective: 0.1549 | Marginal residual row/col/max: 5.36e-05/1.95e-08/5.36e-05 | Train Acc: 0.1899 | Val Acc: 0.2696 | Val P/R/F1 (Macro): 0.2023/0.2292/0.1582 | LR: 0.000005
Epoch [15/100] | SVD update #15: pairs=440, sweeps=3, converged=False, rel_change=6.059e-02, effective_ranks=(320, 14), class_paired=True
Epoch [15/100] | Loss: 6.1522 (Cls: 6.1368, TAL: -0.0033, Adv: 0.1968, OT-Reg: 0.001059) | OT inner objective: 0.0212 | Marginal residual row/col/max: 6.96e-05/1.42e-08/6.96e-05 | Train Acc: 0.2115 | Val Acc: 0.3043 | Val P/R/F1 (Macro): 0.3640/0.3906/0.3007 | LR: 0.000005
Epoch [16/100] | SVD update #16: pairs=440, sweeps=3, converged=False, rel_change=2.108e-02, effective_ranks=(317, 14), class_paired=True
Epoch [16/100] | Loss: 6.0612 (Cls: 6.0536, TAL: -0.1300, Adv: 0.2901, OT-Reg: 0.001080) | OT inner objective: 0.0353 | Marginal residual row/col/max: 4.78e-05/1.26e-08/4.78e-05 | Train Acc: 0.1995 | Val Acc: 0.1913 | Val P/R/F1 (Macro): 0.3798/0.2473/0.1985 | LR: 0.000005
Epoch [17/100] | SVD update #17: pairs=440, sweeps=3, converged=False, rel_change=2.256e-03, effective_ranks=(321, 11), class_paired=True
Epoch [17/100] | Loss: 6.2020 (Cls: 6.2007, TAL: -0.1194, Adv: 0.1957, OT-Reg: 0.001033) | OT inner objective: 0.0456 | Marginal residual row/col/max: 1.88e-04/2.28e-08/1.88e-04 | Train Acc: 0.2716 | Val Acc: 0.1826 | Val P/R/F1 (Macro): 0.3184/0.2396/0.1927 | LR: 0.000005
Epoch [18/100] | SVD update #18: pairs=440, sweeps=3, converged=False, rel_change=5.866e-02, effective_ranks=(320, 15), class_paired=True
Epoch [18/100] | Loss: 6.0041 (Cls: 5.9840, TAL: -0.0294, Adv: 0.2950, OT-Reg: 0.001029) | OT inner objective: 0.0457 | Marginal residual row/col/max: 2.59e-05/1.73e-08/2.59e-05 | Train Acc: 0.2981 | Val Acc: 0.2522 | Val P/R/F1 (Macro): 0.2480/0.3297/0.2456 | LR: 0.000005
Epoch [19/100] | SVD update #19: pairs=440, sweeps=3, converged=False, rel_change=1.823e-02, effective_ranks=(319, 18), class_paired=True
Epoch [19/100] | Loss: 5.8547 (Cls: 5.8589, TAL: -0.1379, Adv: 0.1544, OT-Reg: 0.001048) | OT inner objective: 0.0050 | Marginal residual row/col/max: 8.42e-05/1.32e-08/8.42e-05 | Train Acc: 0.3125 | Val Acc: 0.3217 | Val P/R/F1 (Macro): 0.3259/0.3180/0.2340 | LR: 0.000003
Epoch [20/100] | SVD update #20: pairs=440, sweeps=3, converged=False, rel_change=1.113e-01, effective_ranks=(318, 12), class_paired=True
Epoch [20/100] | Loss: 5.7168 (Cls: 5.7147, TAL: -0.1237, Adv: 0.2121, OT-Reg: 0.001015) | OT inner objective: -0.0193 | Marginal residual row/col/max: 1.80e-04/1.35e-08/1.80e-04 | Train Acc: 0.3365 | Val Acc: 0.1739 | Val P/R/F1 (Macro): 0.3121/0.3011/0.2156 | LR: 0.000003
Epoch [21/100] | SVD update #21: pairs=440, sweeps=3, converged=False, rel_change=9.974e-02, effective_ranks=(322, 15), class_paired=True
Epoch [21/100] | Loss: 6.2553 (Cls: 6.2451, TAL: -0.0234, Adv: 0.1622, OT-Reg: 0.001121) | OT inner objective: -0.0534 | Marginal residual row/col/max: 1.52e-04/1.88e-08/1.52e-04 | Train Acc: 0.2236 | Val Acc: 0.1391 | Val P/R/F1 (Macro): 0.0842/0.2419/0.0999 | LR: 0.000003
Epoch [22/100] | SVD update #22: pairs=440, sweeps=3, converged=False, rel_change=2.503e-02, effective_ranks=(313, 13), class_paired=True
Epoch [22/100] | Loss: 5.5299 (Cls: 5.5425, TAL: -0.2093, Adv: 0.1566, OT-Reg: 0.001019) | OT inner objective: -0.0131 | Marginal residual row/col/max: 2.04e-04/2.01e-08/2.04e-04 | Train Acc: 0.2861 | Val Acc: 0.1739 | Val P/R/F1 (Macro): 0.3229/0.3056/0.2406 | LR: 0.000003
Epoch [23/100] | SVD update #23: pairs=440, sweeps=3, converged=False, rel_change=3.372e-02, effective_ranks=(321, 14), class_paired=True
Epoch [23/100] | Loss: 5.3941 (Cls: 5.3914, TAL: -0.1662, Adv: 0.2832, OT-Reg: 0.001076) | OT inner objective: -0.0532 | Marginal residual row/col/max: 6.78e-05/1.63e-08/6.78e-05 | Train Acc: 0.2933 | Val Acc: 0.1913 | Val P/R/F1 (Macro): 0.3915/0.2988/0.2453 | LR: 0.000003
Epoch [24/100] | SVD update #24: pairs=440, sweeps=3, converged=False, rel_change=4.720e-03, effective_ranks=(317, 13), class_paired=True
Epoch [24/100] | Loss: 5.2540 (Cls: 5.2597, TAL: -0.1701, Adv: 0.1840, OT-Reg: 0.001071) | OT inner objective: 0.0309 | Marginal residual row/col/max: 9.36e-05/1.25e-08/9.36e-05 | Train Acc: 0.3365 | Val Acc: 0.3826 | Val P/R/F1 (Macro): 0.4855/0.4813/0.4133 | LR: 0.000003
Epoch [25/100] | SVD update #25: pairs=440, sweeps=3, converged=False, rel_change=9.924e-04, effective_ranks=(324, 17), class_paired=True
Epoch [25/100] | Loss: 5.3647 (Cls: 5.3755, TAL: -0.2068, Adv: 0.1748, OT-Reg: 0.001058) | OT inner objective: 0.0099 | Marginal residual row/col/max: 1.12e-04/1.63e-08/1.12e-04 | Train Acc: 0.3317 | Val Acc: 0.1913 | Val P/R/F1 (Macro): 0.3424/0.3502/0.2470 | LR: 0.000003
Epoch [26/100] | SVD update #26: pairs=440, sweeps=3, converged=False, rel_change=7.230e-03, effective_ranks=(318, 14), class_paired=True
Epoch [26/100] | Loss: 5.0174 (Cls: 5.0296, TAL: -0.2107, Adv: 0.1636, OT-Reg: 0.001044) | OT inner objective: 0.0094 | Marginal residual row/col/max: 1.09e-04/2.24e-08/1.09e-04 | Train Acc: 0.3894 | Val Acc: 0.2000 | Val P/R/F1 (Macro): 0.3856/0.3522/0.2802 | LR: 0.000003
Epoch [27/100] | SVD update #27: pairs=440, sweeps=3, converged=False, rel_change=1.291e-02, effective_ranks=(320, 17), class_paired=True
Epoch [27/100] | Loss: 4.9100 (Cls: 4.9161, TAL: -0.1681, Adv: 0.1763, OT-Reg: 0.001041) | OT inner objective: 0.0985 | Marginal residual row/col/max: 6.12e-05/1.12e-08/6.12e-05 | Train Acc: 0.3558 | Val Acc: 0.2609 | Val P/R/F1 (Macro): 0.4156/0.3461/0.3043 | LR: 0.000003
Epoch [28/100] | SVD update #28: pairs=440, sweeps=3, converged=False, rel_change=1.739e-02, effective_ranks=(321, 16), class_paired=True
Epoch [28/100] | Loss: 5.0308 (Cls: 5.0336, TAL: -0.2021, Adv: 0.2678, OT-Reg: 0.001109) | OT inner objective: 0.0118 | Marginal residual row/col/max: 6.33e-05/1.46e-08/6.33e-05 | Train Acc: 0.3702 | Val Acc: 0.2261 | Val P/R/F1 (Macro): 0.4448/0.3175/0.2906 | LR: 0.000003
Epoch [29/100] | SVD update #29: pairs=440, sweeps=3, converged=False, rel_change=9.729e-02, effective_ranks=(323, 13), class_paired=True
Epoch [29/100] | Loss: 5.3417 (Cls: 5.3414, TAL: -0.1358, Adv: 0.2074, OT-Reg: 0.001050) | OT inner objective: 0.0346 | Marginal residual row/col/max: 5.32e-05/1.69e-08/5.32e-05 | Train Acc: 0.2981 | Val Acc: 0.2000 | Val P/R/F1 (Macro): 0.1972/0.3667/0.2189 | LR: 0.000003
Epoch [30/100] | SVD update #30: pairs=440, sweeps=3, converged=False, rel_change=1.545e-02, effective_ranks=(322, 15), class_paired=True
Epoch [30/100] | Loss: 4.9367 (Cls: 4.9420, TAL: -0.1457, Adv: 0.1520, OT-Reg: 0.001092) | OT inner objective: 0.0195 | Marginal residual row/col/max: 1.82e-06/1.56e-08/1.82e-06 | Train Acc: 0.3846 | Val Acc: 0.2087 | Val P/R/F1 (Macro): 0.4776/0.3835/0.2821 | LR: 0.000001
Epoch [31/100] | SVD update #31: pairs=440, sweeps=3, converged=False, rel_change=4.322e-01, effective_ranks=(326, 18), class_paired=True
Epoch [31/100] | Loss: 5.7226 (Cls: 5.7155, TAL: -0.0663, Adv: 0.1887, OT-Reg: 0.001050) | OT inner objective: 0.0580 | Marginal residual row/col/max: 5.27e-05/2.61e-08/5.27e-05 | Train Acc: 0.2620 | Val Acc: 0.2000 | Val P/R/F1 (Macro): 0.2268/0.2541/0.1997 | LR: 0.000001
Epoch [32/100] | SVD update #32: pairs=440, sweeps=3, converged=False, rel_change=1.861e-03, effective_ranks=(319, 17), class_paired=True
Epoch [32/100] | Loss: 5.8105 (Cls: 5.7965, TAL: -0.0307, Adv: 0.2209, OT-Reg: 0.001040) | OT inner objective: 0.0775 | Marginal residual row/col/max: 2.92e-05/2.05e-08/2.92e-05 | Train Acc: 0.2067 | Val Acc: 0.2174 | Val P/R/F1 (Macro): 0.2059/0.2929/0.2127 | LR: 0.000001
Epoch [33/100] | SVD update #33: pairs=440, sweeps=3, converged=False, rel_change=3.825e-02, effective_ranks=(323, 23), class_paired=True
Epoch [33/100] | Loss: 5.5334 (Cls: 5.5065, TAL: 0.0279, Adv: 0.2939, OT-Reg: 0.001014) | OT inner objective: 0.1597 | Marginal residual row/col/max: 4.94e-05/1.99e-08/4.94e-05 | Train Acc: 0.2764 | Val Acc: 0.2174 | Val P/R/F1 (Macro): 0.2549/0.3536/0.2506 | LR: 0.000001
Epoch [34/100] | SVD update #34: pairs=440, sweeps=3, converged=False, rel_change=6.023e-03, effective_ranks=(326, 22), class_paired=True
Epoch [34/100] | Loss: 5.4566 (Cls: 5.4473, TAL: -0.1170, Adv: 0.2910, OT-Reg: 0.001023) | OT inner objective: 0.1160 | Marginal residual row/col/max: 8.51e-08/1.73e-08/8.90e-08 | Train Acc: 0.2500 | Val Acc: 0.2087 | Val P/R/F1 (Macro): 0.2345/0.3677/0.2475 | LR: 0.000001
Epoch [35/100] | SVD update #35: pairs=440, sweeps=3, converged=False, rel_change=5.589e-03, effective_ranks=(326, 20), class_paired=True
Epoch [35/100] | Loss: 5.3654 (Cls: 5.3717, TAL: -0.2098, Adv: 0.2358, OT-Reg: 0.001068) | OT inner objective: 0.0658 | Marginal residual row/col/max: 1.73e-06/1.68e-08/1.73e-06 | Train Acc: 0.2404 | Val Acc: 0.2783 | Val P/R/F1 (Macro): 0.3100/0.3500/0.2723 | LR: 0.000001
Epoch [36/100] | SVD update #36: pairs=440, sweeps=3, converged=False, rel_change=6.592e-03, effective_ranks=(322, 21), class_paired=True
Epoch [36/100] | Loss: 5.2124 (Cls: 5.2059, TAL: -0.1158, Adv: 0.2548, OT-Reg: 0.001030) | OT inner objective: 0.1205 | Marginal residual row/col/max: 8.19e-07/1.53e-08/8.23e-07 | Train Acc: 0.3221 | Val Acc: 0.2000 | Val P/R/F1 (Macro): 0.2799/0.2727/0.1886 | LR: 0.000001
Epoch [37/100] | SVD update #37: pairs=440, sweeps=3, converged=False, rel_change=1.478e-02, effective_ranks=(326, 23), class_paired=True
Epoch [37/100] | Loss: 5.4028 (Cls: 5.3907, TAL: -0.1210, Adv: 0.3323, OT-Reg: 0.001046) | OT inner objective: 0.1469 | Marginal residual row/col/max: 2.64e-05/1.73e-08/2.64e-05 | Train Acc: 0.2837 | Val Acc: 0.1739 | Val P/R/F1 (Macro): 0.2013/0.2856/0.1909 | LR: 0.000001
Epoch [38/100] | SVD update #38: pairs=440, sweeps=3, converged=False, rel_change=5.043e-03, effective_ranks=(323, 22), class_paired=True
Epoch [38/100] | Loss: 4.9320 (Cls: 4.9300, TAL: -0.1974, Adv: 0.3211, OT-Reg: 0.001004) | OT inner objective: 0.1369 | Marginal residual row/col/max: 4.71e-06/1.71e-08/4.72e-06 | Train Acc: 0.3918 | Val Acc: 0.2870 | Val P/R/F1 (Macro): 0.3705/0.3564/0.3264 | LR: 0.000001
Epoch [39/100] | SVD update #39: pairs=440, sweeps=3, converged=False, rel_change=8.302e-02, effective_ranks=(324, 27), class_paired=True
Epoch [39/100] | Loss: 4.8713 (Cls: 4.8640, TAL: -0.1679, Adv: 0.3431, OT-Reg: 0.001098) | OT inner objective: 0.0774 | Marginal residual row/col/max: 2.84e-05/9.46e-09/2.84e-05 | Train Acc: 0.3702 | Val Acc: 0.2000 | Val P/R/F1 (Macro): 0.3578/0.3418/0.2627 | LR: 0.000001
Epoch [40/100] | SVD update #40: pairs=440, sweeps=3, converged=False, rel_change=2.325e-02, effective_ranks=(323, 22), class_paired=True
Epoch [40/100] | Loss: 4.8493 (Cls: 4.8404, TAL: -0.2197, Adv: 0.4409, OT-Reg: 0.001125) | OT inner objective: 0.0301 | Marginal residual row/col/max: 1.29e-06/1.25e-08/1.29e-06 | Train Acc: 0.3654 | Val Acc: 0.2348 | Val P/R/F1 (Macro): 0.3225/0.3470/0.2556 | LR: 0.000001
Epoch [41/100] | SVD update #41: pairs=440, sweeps=3, converged=False, rel_change=1.954e-02, effective_ranks=(326, 23), class_paired=True
Epoch [41/100] | Loss: 5.0616 (Cls: 5.0586, TAL: -0.1832, Adv: 0.3123, OT-Reg: 0.001128) | OT inner objective: 0.0153 | Marginal residual row/col/max: 1.61e-05/9.74e-09/1.61e-05 | Train Acc: 0.2380 | Val Acc: 0.1913 | Val P/R/F1 (Macro): 0.2224/0.2468/0.1803 | LR: 0.000001
Epoch [42/100] | SVD update #42: pairs=440, sweeps=3, converged=False, rel_change=2.200e-02, effective_ranks=(321, 23), class_paired=True
Epoch [42/100] | Loss: 7.8530 (Cls: 7.8546, TAL: -0.2053, Adv: 0.2886, OT-Reg: 0.001136) | OT inner objective: 0.0445 | Marginal residual row/col/max: 6.02e-06/1.32e-08/6.02e-06 | Train Acc: 0.2091 | Val Acc: 0.1217 | Val P/R/F1 (Macro): 0.1630/0.1747/0.1162 | LR: 0.000001
Epoch [43/100] | SVD update #43: pairs=440, sweeps=3, converged=False, rel_change=1.729e-02, effective_ranks=(325, 23), class_paired=True
Epoch [43/100] | Loss: 5.7098 (Cls: 5.7050, TAL: -0.2068, Adv: 0.3698, OT-Reg: 0.001116) | OT inner objective: 0.0247 | Marginal residual row/col/max: 5.58e-06/1.15e-08/5.58e-06 | Train Acc: 0.3149 | Val Acc: 0.1739 | Val P/R/F1 (Macro): 0.2595/0.2658/0.1933 | LR: 0.000001
Epoch [44/100] | SVD update #44: pairs=440, sweeps=3, converged=False, rel_change=2.384e-03, effective_ranks=(324, 22), class_paired=True
Epoch [44/100] | Loss: 5.4970 (Cls: 5.5055, TAL: -0.2798, Adv: 0.3126, OT-Reg: 0.001142) | OT inner objective: -0.0182 | Marginal residual row/col/max: 4.62e-05/1.25e-08/4.62e-05 | Train Acc: 0.3534 | Val Acc: 0.2522 | Val P/R/F1 (Macro): 0.2648/0.2548/0.2315 | LR: 0.000001
Epoch [45/100] | SVD update #45: pairs=440, sweeps=3, converged=False, rel_change=7.576e-03, effective_ranks=(326, 28), class_paired=True
Epoch [45/100] | Loss: 5.6017 (Cls: 5.5937, TAL: -0.2114, Adv: 0.4167, OT-Reg: 0.001105) | OT inner objective: 0.0499 | Marginal residual row/col/max: 7.04e-07/1.32e-08/7.05e-07 | Train Acc: 0.2909 | Val Acc: 0.1826 | Val P/R/F1 (Macro): 0.1481/0.1903/0.1311 | LR: 0.000001
Epoch [46/100] | SVD update #46: pairs=440, sweeps=3, converged=False, rel_change=1.917e-02, effective_ranks=(322, 26), class_paired=True
Epoch [46/100] | Loss: 5.3773 (Cls: 5.3704, TAL: -0.2140, Adv: 0.4062, OT-Reg: 0.001108) | OT inner objective: 0.0729 | Marginal residual row/col/max: 1.28e-06/1.42e-08/1.28e-06 | Train Acc: 0.2837 | Val Acc: 0.2174 | Val P/R/F1 (Macro): 0.2244/0.1944/0.1824 | LR: 0.000001
Epoch [47/100] | SVD update #47: pairs=440, sweeps=3, converged=False, rel_change=3.635e-03, effective_ranks=(325, 28), class_paired=True
Epoch [47/100] | Loss: 5.5544 (Cls: 5.5573, TAL: -0.2013, Adv: 0.2651, OT-Reg: 0.001077) | OT inner objective: 0.0793 | Marginal residual row/col/max: 2.48e-05/1.15e-08/2.48e-05 | Train Acc: 0.3125 | Val Acc: 0.2522 | Val P/R/F1 (Macro): 0.3346/0.2563/0.2291 | LR: 0.000001
Epoch [48/100] | SVD update #48: pairs=440, sweeps=3, converged=False, rel_change=4.389e-03, effective_ranks=(324, 29), class_paired=True
Epoch [48/100] | Loss: 5.3891 (Cls: 5.3868, TAL: -0.2231, Adv: 0.3633, OT-Reg: 0.001138) | OT inner objective: 0.0258 | Marginal residual row/col/max: 2.81e-06/1.28e-08/2.81e-06 | Train Acc: 0.2933 | Val Acc: 0.2087 | Val P/R/F1 (Macro): 0.2028/0.2591/0.1958 | LR: 0.000001
Epoch [49/100] | SVD update #49: pairs=440, sweeps=3, converged=False, rel_change=2.500e-02, effective_ranks=(327, 34), class_paired=True
Epoch [49/100] | Loss: 5.8184 (Cls: 5.8126, TAL: -0.1393, Adv: 0.2807, OT-Reg: 0.001090) | OT inner objective: 0.0791 | Marginal residual row/col/max: 8.74e-05/1.20e-08/8.74e-05 | Train Acc: 0.2476 | Val Acc: 0.2000 | Val P/R/F1 (Macro): 0.3007/0.1506/0.1467 | LR: 0.000001
Epoch [50/100] | SVD update #50: pairs=440, sweeps=3, converged=False, rel_change=5.610e-03, effective_ranks=(325, 26), class_paired=True
Epoch [50/100] | Loss: 5.5113 (Cls: 5.5148, TAL: -0.2696, Adv: 0.3607, OT-Reg: 0.001112) | OT inner objective: 0.0529 | Marginal residual row/col/max: 2.99e-05/1.69e-08/2.99e-05 | Train Acc: 0.2380 | Val Acc: 0.2957 | Val P/R/F1 (Macro): 0.2781/0.3341/0.2641 | LR: 0.000001
Epoch [51/100] | SVD update #51: pairs=440, sweeps=3, converged=False, rel_change=3.790e-03, effective_ranks=(322, 28), class_paired=True
Epoch [51/100] | Loss: 8.3727 (Cls: 8.3672, TAL: -0.2333, Adv: 0.4181, OT-Reg: 0.001185) | OT inner objective: -0.0273 | Marginal residual row/col/max: 7.12e-06/1.09e-08/7.12e-06 | Train Acc: 0.0913 | Val Acc: 0.0957 | Val P/R/F1 (Macro): 0.0544/0.0812/0.0620 | LR: 0.000001
Epoch [52/100] | SVD update #52: pairs=440, sweeps=3, converged=False, rel_change=7.429e-03, effective_ranks=(326, 28), class_paired=True
Epoch [52/100] | Loss: 6.0056 (Cls: 6.0002, TAL: -0.1902, Adv: 0.3534, OT-Reg: 0.001129) | OT inner objective: 0.0706 | Marginal residual row/col/max: 2.51e-07/1.29e-08/2.51e-07 | Train Acc: 0.2380 | Val Acc: 0.1565 | Val P/R/F1 (Macro): 0.1873/0.2107/0.1526 | LR: 0.000001
Epoch [53/100] | SVD update #53: pairs=440, sweeps=3, converged=False, rel_change=8.774e-03, effective_ranks=(327, 34), class_paired=True
Epoch [53/100] | Loss: 5.7425 (Cls: 5.7423, TAL: -0.2411, Adv: 0.3641, OT-Reg: 0.001136) | OT inner objective: 0.0576 | Marginal residual row/col/max: 4.55e-07/1.36e-08/4.55e-07 | Train Acc: 0.2476 | Val Acc: 0.2087 | Val P/R/F1 (Macro): 0.1979/0.2485/0.1778 | LR: 0.000001
Epoch [54/100] | SVD update #54: pairs=440, sweeps=3, converged=False, rel_change=2.753e-03, effective_ranks=(325, 33), class_paired=True
Epoch [54/100] | Loss: 8.9552 (Cls: 8.9502, TAL: -0.1661, Adv: 0.3114, OT-Reg: 0.001139) | OT inner objective: 0.0410 | Marginal residual row/col/max: 6.92e-07/1.19e-08/6.92e-07 | Train Acc: 0.0938 | Val Acc: 0.1652 | Val P/R/F1 (Macro): 0.1445/0.1504/0.1338 | LR: 0.000001
Epoch [55/100] | SVD update #55: pairs=440, sweeps=3, converged=False, rel_change=1.807e-02, effective_ranks=(325, 29), class_paired=True
Epoch [55/100] | Loss: 8.7789 (Cls: 8.7827, TAL: -0.2325, Adv: 0.3008, OT-Reg: 0.001122) | OT inner objective: 0.0559 | Marginal residual row/col/max: 4.17e-08/1.29e-08/4.27e-08 | Train Acc: 0.0793 | Val Acc: 0.1652 | Val P/R/F1 (Macro): 0.0992/0.1201/0.0906 | LR: 0.000001
Epoch [56/100] | SVD update #56: pairs=440, sweeps=3, converged=False, rel_change=9.019e-02, effective_ranks=(324, 27), class_paired=True
Epoch [56/100] | Loss: 7.6441 (Cls: 7.6159, TAL: -0.0057, Adv: 0.3605, OT-Reg: 0.001117) | OT inner objective: 0.0906 | Marginal residual row/col/max: 2.30e-05/1.73e-08/2.31e-05 | Train Acc: 0.1010 | Val Acc: 0.1304 | Val P/R/F1 (Macro): 0.1611/0.1411/0.1109 | LR: 0.000001
Epoch [57/100] | SVD update #57: pairs=440, sweeps=3, converged=False, rel_change=9.926e-02, effective_ranks=(327, 23), class_paired=True
Epoch [57/100] | Loss: 6.8936 (Cls: 6.8755, TAL: -0.0928, Adv: 0.3658, OT-Reg: 0.000969) | OT inner objective: 0.1621 | Marginal residual row/col/max: 2.20e-07/1.93e-08/2.27e-07 | Train Acc: 0.1587 | Val Acc: 0.1565 | Val P/R/F1 (Macro): 0.1870/0.1494/0.1376 | LR: 0.000001
Epoch [58/100] | SVD update #58: pairs=440, sweeps=3, converged=False, rel_change=1.590e-02, effective_ranks=(323, 21), class_paired=True
Epoch [58/100] | Loss: 6.7749 (Cls: 6.7483, TAL: -0.0475, Adv: 0.4042, OT-Reg: 0.000935) | OT inner objective: 0.1878 | Marginal residual row/col/max: 1.73e-08/2.75e-08/2.92e-08 | Train Acc: 0.2212 | Val Acc: 0.2522 | Val P/R/F1 (Macro): 0.1953/0.2375/0.1893 | LR: 0.000001
Epoch [59/100] | SVD update #59: pairs=440, sweeps=3, converged=False, rel_change=2.117e-02, effective_ranks=(324, 21), class_paired=True
Epoch [59/100] | Loss: 7.2586 (Cls: 7.2503, TAL: -0.0854, Adv: 0.2317, OT-Reg: 0.000922) | OT inner objective: 0.1840 | Marginal residual row/col/max: 2.20e-07/2.49e-08/2.27e-07 | Train Acc: 0.1322 | Val Acc: 0.2087 | Val P/R/F1 (Macro): 0.1021/0.2337/0.1235 | LR: 0.000001
Epoch [60/100] | SVD update #60: pairs=440, sweeps=3, converged=False, rel_change=1.506e-02, effective_ranks=(326, 23), class_paired=True
Epoch [60/100] | Loss: 7.0339 (Cls: 7.0218, TAL: -0.0210, Adv: 0.1825, OT-Reg: 0.000930) | OT inner objective: 0.1699 | Marginal residual row/col/max: 4.69e-07/2.62e-08/4.76e-07 | Train Acc: 0.1346 | Val Acc: 0.1826 | Val P/R/F1 (Macro): 0.1076/0.1935/0.0921 | LR: 0.000001
Epoch [61/100] | SVD update #61: pairs=440, sweeps=3, converged=False, rel_change=1.290e-01, effective_ranks=(324, 25), class_paired=True
Epoch [61/100] | Loss: 6.9592 (Cls: 6.9249, TAL: 0.1020, Adv: 0.2756, OT-Reg: 0.000972) | OT inner objective: 0.1934 | Marginal residual row/col/max: 1.03e-08/2.61e-08/2.64e-08 | Train Acc: 0.1034 | Val Acc: 0.1739 | Val P/R/F1 (Macro): 0.0786/0.1319/0.0847 | LR: 0.000001
Epoch [62/100] | SVD update #62: pairs=440, sweeps=3, converged=False, rel_change=6.262e-02, effective_ranks=(321, 22), class_paired=True
Epoch [62/100] | Loss: 6.4363 (Cls: 6.4296, TAL: -0.1447, Adv: 0.3004, OT-Reg: 0.000895) | OT inner objective: 0.1590 | Marginal residual row/col/max: 1.35e-05/2.06e-08/1.35e-05 | Train Acc: 0.1803 | Val Acc: 0.1739 | Val P/R/F1 (Macro): 0.1681/0.1436/0.0899 | LR: 0.000001
Epoch [63/100] | SVD update #63: pairs=440, sweeps=3, converged=False, rel_change=1.830e-02, effective_ranks=(323, 23), class_paired=True
Epoch [63/100] | Loss: 6.4096 (Cls: 6.4028, TAL: -0.0850, Adv: 0.2125, OT-Reg: 0.000965) | OT inner objective: 0.1108 | Marginal residual row/col/max: 9.33e-08/2.77e-08/1.01e-07 | Train Acc: 0.1418 | Val Acc: 0.1130 | Val P/R/F1 (Macro): 0.0801/0.1347/0.0753 | LR: 0.000001
Epoch [64/100] | SVD update #64: pairs=440, sweeps=3, converged=False, rel_change=3.130e-02, effective_ranks=(325, 24), class_paired=True
Epoch [64/100] | Loss: 6.3310 (Cls: 6.3131, TAL: -0.0763, Adv: 0.3387, OT-Reg: 0.000943) | OT inner objective: 0.1358 | Marginal residual row/col/max: 2.83e-05/1.82e-08/2.83e-05 | Train Acc: 0.1202 | Val Acc: 0.1478 | Val P/R/F1 (Macro): 0.0767/0.1663/0.0834 | LR: 0.000001
Epoch [65/100] | SVD update #65: pairs=440, sweeps=3, converged=False, rel_change=1.215e-02, effective_ranks=(326, 23), class_paired=True
Epoch [65/100] | Loss: 6.1478 (Cls: 6.1342, TAL: -0.0790, Adv: 0.2883, OT-Reg: 0.001034) | OT inner objective: 0.1107 | Marginal residual row/col/max: 8.34e-08/2.09e-08/8.87e-08 | Train Acc: 0.1442 | Val Acc: 0.1478 | Val P/R/F1 (Macro): 0.0862/0.1591/0.0946 | LR: 0.000001
Epoch [66/100] | SVD update #66: pairs=440, sweeps=3, converged=False, rel_change=2.455e-02, effective_ranks=(325, 22), class_paired=True
Epoch [66/100] | Loss: 6.1074 (Cls: 6.1099, TAL: -0.1752, Adv: 0.2314, OT-Reg: 0.001056) | OT inner objective: 0.1183 | Marginal residual row/col/max: 2.81e-08/1.66e-08/3.20e-08 | Train Acc: 0.1803 | Val Acc: 0.1826 | Val P/R/F1 (Macro): 0.1411/0.1918/0.1203 | LR: 0.000001
Epoch [67/100] | SVD update #67: pairs=440, sweeps=3, converged=False, rel_change=5.064e-02, effective_ranks=(325, 26), class_paired=True
Epoch [67/100] | Loss: 5.9532 (Cls: 5.9531, TAL: -0.1069, Adv: 0.1615, OT-Reg: 0.001010) | OT inner objective: 0.0939 | Marginal residual row/col/max: 5.15e-06/1.91e-08/5.15e-06 | Train Acc: 0.1923 | Val Acc: 0.0957 | Val P/R/F1 (Macro): 0.0526/0.1437/0.0533 | LR: 0.000001
Epoch [68/100] | SVD update #68: pairs=440, sweeps=3, converged=False, rel_change=1.751e-01, effective_ranks=(325, 28), class_paired=True
Epoch [68/100] | Loss: 6.5613 (Cls: 6.5183, TAL: 0.0577, Adv: 0.4504, OT-Reg: 0.001008) | OT inner objective: 0.1783 | Marginal residual row/col/max: 1.06e-08/1.30e-08/1.38e-08 | Train Acc: 0.1755 | Val Acc: 0.1217 | Val P/R/F1 (Macro): 0.0672/0.1404/0.0594 | LR: 0.000001
Epoch [69/100] | SVD update #69: pairs=440, sweeps=3, converged=False, rel_change=3.032e-01, effective_ranks=(324, 24), class_paired=True
Epoch [69/100] | Loss: 6.6317 (Cls: 6.5877, TAL: 0.0716, Adv: 0.4434, OT-Reg: 0.000966) | OT inner objective: 0.2109 | Marginal residual row/col/max: 1.13e-08/2.35e-08/2.36e-08 | Train Acc: 0.1250 | Val Acc: 0.0783 | Val P/R/F1 (Macro): 0.1228/0.0916/0.0505 | LR: 0.000001
Epoch [70/100] | SVD update #70: pairs=440, sweeps=3, converged=False, rel_change=4.948e-02, effective_ranks=(323, 24), class_paired=True
Epoch [70/100] | Loss: 6.4005 (Cls: 6.3800, TAL: 0.0309, Adv: 0.2099, OT-Reg: 0.000964) | OT inner objective: 0.1500 | Marginal residual row/col/max: 1.66e-08/2.81e-08/2.85e-08 | Train Acc: 0.1034 | Val Acc: 0.0348 | Val P/R/F1 (Macro): 0.1257/0.0353/0.0286 | LR: 0.000001
Epoch [71/100] | SVD update #71: pairs=440, sweeps=3, converged=False, rel_change=5.207e-02, effective_ranks=(326, 28), class_paired=True
Epoch [71/100] | Loss: 6.4614 (Cls: 6.4276, TAL: 0.0173, Adv: 0.3969, OT-Reg: 0.000977) | OT inner objective: 0.1210 | Marginal residual row/col/max: 3.32e-08/2.18e-08/4.36e-08 | Train Acc: 0.1418 | Val Acc: 0.0609 | Val P/R/F1 (Macro): 0.1211/0.0528/0.0526 | LR: 0.000001
Epoch [72/100] | SVD update #72: pairs=440, sweeps=3, converged=False, rel_change=7.529e-02, effective_ranks=(324, 26), class_paired=True
Epoch [72/100] | Loss: 6.3691 (Cls: 6.3426, TAL: -0.0047, Adv: 0.3388, OT-Reg: 0.001019) | OT inner objective: 0.1095 | Marginal residual row/col/max: 1.27e-06/1.71e-08/1.27e-06 | Train Acc: 0.1587 | Val Acc: 0.0609 | Val P/R/F1 (Macro): 0.0123/0.0864/0.0216 | LR: 0.000001
Epoch [73/100] | SVD update #73: pairs=440, sweeps=3, converged=False, rel_change=3.405e-02, effective_ranks=(325, 27), class_paired=True
Epoch [73/100] | Loss: 6.2020 (Cls: 6.1642, TAL: 0.0550, Adv: 0.3900, OT-Reg: 0.001036) | OT inner objective: 0.1543 | Marginal residual row/col/max: 1.66e-08/1.52e-08/2.11e-08 | Train Acc: 0.1490 | Val Acc: 0.1043 | Val P/R/F1 (Macro): 0.1495/0.1300/0.0977 | LR: 0.000001
Epoch [74/100] | SVD update #74: pairs=440, sweeps=3, converged=False, rel_change=5.235e-02, effective_ranks=(325, 28), class_paired=True
Epoch [74/100] | Loss: 6.3289 (Cls: 6.2941, TAL: -0.0783, Adv: 0.5528, OT-Reg: 0.001003) | OT inner objective: 0.1724 | Marginal residual row/col/max: 1.60e-08/1.76e-08/2.16e-08 | Train Acc: 0.1394 | Val Acc: 0.1565 | Val P/R/F1 (Macro): 0.0984/0.1811/0.1038 | LR: 0.000001
Epoch [75/100] | SVD update #75: pairs=440, sweeps=3, converged=False, rel_change=1.070e-02, effective_ranks=(326, 30), class_paired=True
Epoch [75/100] | Loss: 6.1861 (Cls: 6.1472, TAL: -0.0239, Adv: 0.5224, OT-Reg: 0.001044) | OT inner objective: 0.0976 | Marginal residual row/col/max: 1.39e-05/2.31e-08/1.39e-05 | Train Acc: 0.1346 | Val Acc: 0.1565 | Val P/R/F1 (Macro): 0.1213/0.1447/0.1019 | LR: 0.000001
Epoch [76/100] | SVD update #76: pairs=440, sweeps=3, converged=False, rel_change=5.765e-02, effective_ranks=(325, 30), class_paired=True
Epoch [76/100] | Loss: 6.2670 (Cls: 6.2343, TAL: -0.0560, Adv: 0.4919, OT-Reg: 0.001038) | OT inner objective: 0.1728 | Marginal residual row/col/max: 1.42e-08/2.22e-08/2.46e-08 | Train Acc: 0.1394 | Val Acc: 0.1739 | Val P/R/F1 (Macro): 0.1138/0.1650/0.1022 | LR: 0.000001
Epoch [77/100] | SVD update #77: pairs=440, sweeps=3, converged=False, rel_change=1.586e-02, effective_ranks=(326, 30), class_paired=True
Epoch [77/100] | Loss: 6.0168 (Cls: 6.0050, TAL: -0.0506, Adv: 0.2240, OT-Reg: 0.001052) | OT inner objective: 0.1383 | Marginal residual row/col/max: 1.39e-08/1.35e-08/1.81e-08 | Train Acc: 0.1827 | Val Acc: 0.1565 | Val P/R/F1 (Macro): 0.1343/0.1499/0.1125 | LR: 0.000001
Epoch [78/100] | SVD update #78: pairs=440, sweeps=3, converged=False, rel_change=2.364e-02, effective_ranks=(326, 30), class_paired=True
Epoch [78/100] | Loss: 6.1092 (Cls: 6.0841, TAL: -0.1220, Adv: 0.4968, OT-Reg: 0.000984) | OT inner objective: 0.1293 | Marginal residual row/col/max: 1.98e-08/2.32e-08/3.01e-08 | Train Acc: 0.2115 | Val Acc: 0.0957 | Val P/R/F1 (Macro): 0.1188/0.1477/0.0677 | LR: 0.000001
Epoch [79/100] | SVD update #79: pairs=440, sweeps=3, converged=False, rel_change=5.172e-02, effective_ranks=(325, 30), class_paired=True
Epoch [79/100] | Loss: 6.0502 (Cls: 6.0261, TAL: -0.0805, Adv: 0.4218, OT-Reg: 0.001063) | OT inner objective: 0.1205 | Marginal residual row/col/max: 1.70e-07/1.78e-08/1.76e-07 | Train Acc: 0.1562 | Val Acc: 0.1826 | Val P/R/F1 (Macro): 0.1396/0.1968/0.1253 | LR: 0.000001
Epoch [80/100] | SVD update #80: pairs=440, sweeps=3, converged=False, rel_change=2.549e-02, effective_ranks=(323, 30), class_paired=True
Epoch [80/100] | Loss: 5.9963 (Cls: 5.9741, TAL: -0.0507, Adv: 0.3526, OT-Reg: 0.001037) | OT inner objective: 0.1595 | Marginal residual row/col/max: 3.38e-05/1.58e-08/3.38e-05 | Train Acc: 0.1490 | Val Acc: 0.1304 | Val P/R/F1 (Macro): 0.0937/0.1356/0.0930 | LR: 0.000001
Epoch [81/100] | SVD update #81: pairs=440, sweeps=3, converged=False, rel_change=2.752e-02, effective_ranks=(327, 29), class_paired=True
Epoch [81/100] | Loss: 5.6325 (Cls: 5.6241, TAL: -0.1421, Adv: 0.3186, OT-Reg: 0.001047) | OT inner objective: 0.0712 | Marginal residual row/col/max: 5.35e-06/1.48e-08/5.35e-06 | Train Acc: 0.2452 | Val Acc: 0.1130 | Val P/R/F1 (Macro): 0.2452/0.1441/0.0909 | LR: 0.000001
Epoch [82/100] | SVD update #82: pairs=440, sweeps=3, converged=False, rel_change=2.975e-02, effective_ranks=(325, 29), class_paired=True
Epoch [82/100] | Loss: 5.8359 (Cls: 5.8031, TAL: -0.1175, Adv: 0.5868, OT-Reg: 0.001104) | OT inner objective: 0.0573 | Marginal residual row/col/max: 5.62e-08/1.33e-08/5.69e-08 | Train Acc: 0.1851 | Val Acc: 0.1391 | Val P/R/F1 (Macro): 0.2668/0.1510/0.1124 | LR: 0.000001
Epoch [83/100] | SVD update #83: pairs=440, sweeps=3, converged=False, rel_change=2.993e-02, effective_ranks=(325, 29), class_paired=True
Epoch [83/100] | Loss: 5.7674 (Cls: 5.7562, TAL: -0.1641, Adv: 0.3862, OT-Reg: 0.001113) | OT inner objective: 0.0688 | Marginal residual row/col/max: 9.41e-08/1.95e-08/1.00e-07 | Train Acc: 0.2428 | Val Acc: 0.1826 | Val P/R/F1 (Macro): 0.1118/0.1960/0.1124 | LR: 0.000001
Epoch [84/100] | SVD update #84: pairs=440, sweeps=3, converged=False, rel_change=9.350e-03, effective_ranks=(323, 26), class_paired=True
Epoch [84/100] | Loss: 5.7131 (Cls: 5.7162, TAL: -0.2064, Adv: 0.2707, OT-Reg: 0.001035) | OT inner objective: 0.0754 | Marginal residual row/col/max: 7.12e-07/2.72e-08/7.14e-07 | Train Acc: 0.1899 | Val Acc: 0.2087 | Val P/R/F1 (Macro): 0.1830/0.1974/0.1502 | LR: 0.000001
Epoch [85/100] | SVD update #85: pairs=440, sweeps=3, converged=False, rel_change=1.873e-02, effective_ranks=(324, 28), class_paired=True
Epoch [85/100] | Loss: 5.9147 (Cls: 5.8951, TAL: -0.1318, Adv: 0.4428, OT-Reg: 0.001079) | OT inner objective: 0.0490 | Marginal residual row/col/max: 5.84e-06/1.23e-08/5.85e-06 | Train Acc: 0.1755 | Val Acc: 0.0957 | Val P/R/F1 (Macro): 0.1483/0.1472/0.0699 | LR: 0.000001
Epoch [86/100] | SVD update #86: pairs=440, sweeps=3, converged=False, rel_change=7.440e-02, effective_ranks=(324, 29), class_paired=True
Epoch [86/100] | Loss: 5.8490 (Cls: 5.8062, TAL: -0.0950, Adv: 0.6781, OT-Reg: 0.001066) | OT inner objective: 0.0964 | Marginal residual row/col/max: 9.46e-05/1.98e-08/9.46e-05 | Train Acc: 0.1731 | Val Acc: 0.1826 | Val P/R/F1 (Macro): 0.2010/0.2265/0.1514 | LR: 0.000001
Epoch [87/100] | SVD update #87: pairs=440, sweeps=3, converged=False, rel_change=8.968e-02, effective_ranks=(321, 31), class_paired=True
Epoch [87/100] | Loss: 5.7264 (Cls: 5.7092, TAL: -0.0832, Adv: 0.3402, OT-Reg: 0.001089) | OT inner objective: 0.0533 | Marginal residual row/col/max: 7.34e-07/1.58e-08/7.36e-07 | Train Acc: 0.1587 | Val Acc: 0.1043 | Val P/R/F1 (Macro): 0.1425/0.1216/0.0651 | LR: 0.000001
Epoch [88/100] | SVD update #88: pairs=440, sweeps=3, converged=False, rel_change=6.018e-02, effective_ranks=(322, 26), class_paired=True
Epoch [88/100] | Loss: 5.5648 (Cls: 5.5416, TAL: -0.0753, Adv: 0.4032, OT-Reg: 0.000988) | OT inner objective: 0.1487 | Marginal residual row/col/max: 1.55e-08/1.68e-08/2.05e-08 | Train Acc: 0.1923 | Val Acc: 0.1565 | Val P/R/F1 (Macro): 0.1888/0.1503/0.1317 | LR: 0.000001
Epoch [89/100] | SVD update #89: pairs=440, sweeps=3, converged=False, rel_change=1.435e-02, effective_ranks=(323, 26), class_paired=True
Epoch [89/100] | Loss: 5.6224 (Cls: 5.6076, TAL: -0.2045, Adv: 0.4919, OT-Reg: 0.001100) | OT inner objective: 0.1154 | Marginal residual row/col/max: 8.74e-09/1.26e-08/1.29e-08 | Train Acc: 0.2212 | Val Acc: 0.2435 | Val P/R/F1 (Macro): 0.3799/0.1978/0.1793 | LR: 0.000001
Epoch [90/100] | SVD update #90: pairs=440, sweeps=3, converged=False, rel_change=6.609e-02, effective_ranks=(321, 32), class_paired=True
Epoch [90/100] | Loss: 6.7481 (Cls: 6.7117, TAL: -0.0149, Adv: 0.4771, OT-Reg: 0.001089) | OT inner objective: 0.0973 | Marginal residual row/col/max: 9.00e-08/1.12e-08/9.10e-08 | Train Acc: 0.1827 | Val Acc: 0.2348 | Val P/R/F1 (Macro): 0.2664/0.1682/0.1657 | LR: 0.000001
Epoch [91/100] | SVD update #91: pairs=440, sweeps=3, converged=False, rel_change=2.959e-02, effective_ranks=(322, 25), class_paired=True
Epoch [91/100] | Loss: 6.7968 (Cls: 6.7773, TAL: -0.1932, Adv: 0.5336, OT-Reg: 0.001047) | OT inner objective: 0.0574 | Marginal residual row/col/max: 2.05e-06/1.16e-08/2.05e-06 | Train Acc: 0.1731 | Val Acc: 0.2261 | Val P/R/F1 (Macro): 0.2267/0.1955/0.1823 | LR: 0.000001
Epoch [92/100] | SVD update #92: pairs=440, sweeps=3, converged=False, rel_change=5.496e-02, effective_ranks=(323, 25), class_paired=True
Epoch [92/100] | Loss: 6.5631 (Cls: 6.5306, TAL: -0.1062, Adv: 0.5646, OT-Reg: 0.001088) | OT inner objective: 0.0505 | Marginal residual row/col/max: 4.23e-05/1.60e-08/4.23e-05 | Train Acc: 0.2524 | Val Acc: 0.2000 | Val P/R/F1 (Macro): 0.2490/0.2442/0.1630 | LR: 0.000001
Epoch [93/100] | SVD update #93: pairs=440, sweeps=3, converged=False, rel_change=3.097e-02, effective_ranks=(324, 28), class_paired=True
Epoch [93/100] | Loss: 6.8245 (Cls: 6.8046, TAL: -0.0765, Adv: 0.3631, OT-Reg: 0.001037) | OT inner objective: 0.1477 | Marginal residual row/col/max: 2.72e-08/1.50e-08/3.12e-08 | Train Acc: 0.1562 | Val Acc: 0.1130 | Val P/R/F1 (Macro): 0.1266/0.0903/0.0742 | LR: 0.000001
Epoch [94/100] | SVD update #94: pairs=440, sweeps=3, converged=False, rel_change=1.042e-02, effective_ranks=(322, 24), class_paired=True
Epoch [94/100] | Loss: 6.4517 (Cls: 6.4259, TAL: -0.2065, Adv: 0.6332, OT-Reg: 0.001032) | OT inner objective: 0.1243 | Marginal residual row/col/max: 2.98e-05/1.73e-08/2.98e-05 | Train Acc: 0.2284 | Val Acc: 0.2000 | Val P/R/F1 (Macro): 0.1815/0.1505/0.1363 | LR: 0.000001
Epoch [95/100] | SVD update #95: pairs=440, sweeps=3, converged=False, rel_change=3.001e-02, effective_ranks=(320, 25), class_paired=True
Epoch [95/100] | Loss: 5.9962 (Cls: 5.9722, TAL: -0.2117, Adv: 0.6169, OT-Reg: 0.001089) | OT inner objective: 0.0639 | Marginal residual row/col/max: 6.55e-06/1.78e-08/6.56e-06 | Train Acc: 0.2788 | Val Acc: 0.1913 | Val P/R/F1 (Macro): 0.2138/0.2133/0.1591 | LR: 0.000001
Epoch [96/100] | SVD update #96: pairs=440, sweeps=3, converged=False, rel_change=2.722e-02, effective_ranks=(320, 25), class_paired=True
Epoch [96/100] | Loss: 6.2265 (Cls: 6.2099, TAL: -0.1650, Adv: 0.4550, OT-Reg: 0.001056) | OT inner objective: 0.0930 | Marginal residual row/col/max: 1.06e-06/1.15e-08/1.06e-06 | Train Acc: 0.2428 | Val Acc: 0.2870 | Val P/R/F1 (Macro): 0.2643/0.2458/0.2245 | LR: 0.000001
Epoch [97/100] | SVD update #97: pairs=440, sweeps=3, converged=False, rel_change=1.506e-02, effective_ranks=(319, 23), class_paired=True
Epoch [97/100] | Loss: 6.3564 (Cls: 6.3275, TAL: -0.1477, Adv: 0.5832, OT-Reg: 0.001060) | OT inner objective: 0.0690 | Marginal residual row/col/max: 6.98e-06/1.49e-08/6.98e-06 | Train Acc: 0.2428 | Val Acc: 0.1739 | Val P/R/F1 (Macro): 0.2809/0.1895/0.1443 | LR: 0.000001
Epoch [98/100] | SVD update #98: pairs=440, sweeps=3, converged=False, rel_change=4.021e-03, effective_ranks=(323, 23), class_paired=True
Epoch [98/100] | Loss: 6.1094 (Cls: 6.1121, TAL: -0.2458, Adv: 0.3360, OT-Reg: 0.001057) | OT inner objective: 0.0945 | Marginal residual row/col/max: 9.42e-06/1.58e-08/9.42e-06 | Train Acc: 0.2716 | Val Acc: 0.0957 | Val P/R/F1 (Macro): 0.1444/0.1489/0.0975 | LR: 0.000001
Epoch [99/100] | SVD update #99: pairs=440, sweeps=3, converged=False, rel_change=9.570e-03, effective_ranks=(323, 24), class_paired=True
Epoch [99/100] | Loss: 5.6756 (Cls: 5.6531, TAL: -0.1490, Adv: 0.5045, OT-Reg: 0.001103) | OT inner objective: 0.0615 | Marginal residual row/col/max: 3.73e-07/1.38e-08/3.75e-07 | Train Acc: 0.2644 | Val Acc: 0.2087 | Val P/R/F1 (Macro): 0.2452/0.2158/0.1558 | LR: 0.000001
Epoch [100/100] | SVD update #100: pairs=440, sweeps=3, converged=False, rel_change=1.356e-02, effective_ranks=(322, 23), class_paired=True
Epoch [100/100] | Loss: 5.5199 (Cls: 5.4925, TAL: -0.1490, Adv: 0.5657, OT-Reg: 0.001091) | OT inner objective: 0.0708 | Marginal residual row/col/max: 1.66e-07/1.22e-08/1.67e-07 | Train Acc: 0.2548 | Val Acc: 0.1304 | Val P/R/F1 (Macro): 0.3312/0.1343/0.1380 | LR: 0.000001
Report strategy: last_window, window=10, reported_acc=0.1826, best_acc=0.3826

迭代 3 报告指标:
  Accuracy: 0.1826
  Precision (Macro): 0.2264
  Recall (Macro): 0.1828
  F1 (Macro): 0.1475
  Precision (Micro): 0.1826
  Recall (Micro): 0.1826
  F1 (Micro): 0.1826
  Val class coverage: 9/14 (0.6429), samples=115

================================================================================
迭代 4/5
随机种子: 45
================================================================================
配对采样器已初始化，共 9 个共有类别。
Training mode: full target-label supervision (class-paired batches).
Feature fusion: Tensor alignment (512+512 -> 64+64); fused_dim=128
Domain adaptation: Neural OT generator with 3-domain discriminator
Loss weights: tensor=0.12, adv=0.08
Transport: mode=sinkhorn, epsilon=0.1, Sinkhorn iterations=50, correction scale=0.1, correction regularization weight=0.001
Tensor projection update: once per epoch from the complete target-training pairing bank; projection_dim=64, max_sweeps=3, relative singular-value tolerance=0.0001
Epoch [1/100] | SVD update #1: pairs=440, sweeps=3, converged=False, rel_change=5.076e-04, effective_ranks=(327, 104), class_paired=True
Epoch [1/100] | Loss: 7.4615 (Cls: 7.4462, TAL: -0.0411, Adv: 0.2530, OT-Reg: 0.001070) | OT inner objective: 0.2775 | Marginal residual row/col/max: 9.74e-09/1.48e-08/1.48e-08 | Train Acc: 0.1683 | Val Acc: 0.2957 | Val P/R/F1 (Macro): 0.4587/0.4192/0.3010 | LR: 0.000005
  >>> New Best Val Acc: 0.2957
Epoch [2/100] | SVD update #2: pairs=440, sweeps=3, converged=False, rel_change=4.525e-01, effective_ranks=(327, 61), class_paired=True
Epoch [2/100] | Loss: 7.4966 (Cls: 7.4752, TAL: 0.0187, Adv: 0.2400, OT-Reg: 0.001109) | OT inner objective: 0.2585 | Marginal residual row/col/max: 9.46e-09/1.58e-08/1.63e-08 | Train Acc: 0.1418 | Val Acc: 0.2696 | Val P/R/F1 (Macro): 0.1618/0.2927/0.1895 | LR: 0.000005
Epoch [3/100] | SVD update #3: pairs=440, sweeps=3, converged=False, rel_change=1.081e-01, effective_ranks=(327, 38), class_paired=True
Epoch [3/100] | Loss: 7.4375 (Cls: 7.4209, TAL: 0.0022, Adv: 0.2034, OT-Reg: 0.001119) | OT inner objective: 0.2496 | Marginal residual row/col/max: 1.05e-08/1.19e-08/1.25e-08 | Train Acc: 0.1611 | Val Acc: 0.2000 | Val P/R/F1 (Macro): 0.1817/0.2375/0.1705 | LR: 0.000005
Epoch [4/100] | SVD update #4: pairs=440, sweeps=3, converged=False, rel_change=4.411e-02, effective_ranks=(325, 36), class_paired=True
Epoch [4/100] | Loss: 7.2344 (Cls: 7.2072, TAL: 0.0479, Adv: 0.2683, OT-Reg: 0.001150) | OT inner objective: 0.2330 | Marginal residual row/col/max: 1.03e-08/1.12e-08/1.19e-08 | Train Acc: 0.1442 | Val Acc: 0.1217 | Val P/R/F1 (Macro): 0.0699/0.2072/0.0844 | LR: 0.000005
Epoch [5/100] | SVD update #5: pairs=440, sweeps=3, converged=False, rel_change=2.702e-02, effective_ranks=(324, 31), class_paired=True
Epoch [5/100] | Loss: 7.0011 (Cls: 7.0015, TAL: -0.1294, Adv: 0.1893, OT-Reg: 0.001136) | OT inner objective: 0.2196 | Marginal residual row/col/max: 1.17e-08/1.25e-08/1.33e-08 | Train Acc: 0.1875 | Val Acc: 0.2783 | Val P/R/F1 (Macro): 0.2129/0.3139/0.2387 | LR: 0.000005
Epoch [6/100] | SVD update #6: pairs=440, sweeps=3, converged=False, rel_change=1.264e-02, effective_ranks=(326, 33), class_paired=True
Epoch [6/100] | Loss: 7.0496 (Cls: 7.0523, TAL: -0.1595, Adv: 0.2048, OT-Reg: 0.001045) | OT inner objective: 0.1544 | Marginal residual row/col/max: 9.93e-08/1.36e-08/1.02e-07 | Train Acc: 0.1683 | Val Acc: 0.2435 | Val P/R/F1 (Macro): 0.3310/0.2922/0.2528 | LR: 0.000005
Epoch [7/100] | SVD update #7: pairs=440, sweeps=3, converged=False, rel_change=4.382e-03, effective_ranks=(324, 20), class_paired=True
Epoch [7/100] | Loss: 6.9572 (Cls: 6.9407, TAL: -0.0022, Adv: 0.2089, OT-Reg: 0.000997) | OT inner objective: 0.1773 | Marginal residual row/col/max: 2.24e-05/1.55e-08/2.24e-05 | Train Acc: 0.1611 | Val Acc: 0.2261 | Val P/R/F1 (Macro): 0.1107/0.2273/0.1379 | LR: 0.000005
Epoch [8/100] | SVD update #8: pairs=440, sweeps=3, converged=False, rel_change=2.325e-02, effective_ranks=(325, 23), class_paired=True
Epoch [8/100] | Loss: 6.4948 (Cls: 6.4937, TAL: -0.1291, Adv: 0.2072, OT-Reg: 0.000954) | OT inner objective: 0.1728 | Marginal residual row/col/max: 5.60e-08/1.32e-08/5.90e-08 | Train Acc: 0.1875 | Val Acc: 0.1478 | Val P/R/F1 (Macro): 0.2460/0.2136/0.1322 | LR: 0.000005
Epoch [9/100] | SVD update #9: pairs=440, sweeps=3, converged=False, rel_change=3.677e-02, effective_ranks=(326, 17), class_paired=True
Epoch [9/100] | Loss: 6.5174 (Cls: 6.5203, TAL: -0.1499, Adv: 0.1884, OT-Reg: 0.001034) | OT inner objective: 0.1607 | Marginal residual row/col/max: 1.05e-08/1.25e-08/1.35e-08 | Train Acc: 0.1418 | Val Acc: 0.2957 | Val P/R/F1 (Macro): 0.1711/0.2834/0.1924 | LR: 0.000005
Epoch [10/100] | SVD update #10: pairs=440, sweeps=3, converged=False, rel_change=1.042e-02, effective_ranks=(325, 16), class_paired=True
Epoch [10/100] | Loss: 6.2136 (Cls: 6.2141, TAL: -0.1267, Adv: 0.1840, OT-Reg: 0.000950) | OT inner objective: 0.1126 | Marginal residual row/col/max: 4.13e-07/1.63e-08/4.17e-07 | Train Acc: 0.2115 | Val Acc: 0.1826 | Val P/R/F1 (Macro): 0.2669/0.2357/0.1589 | LR: 0.000005
Epoch [11/100] | SVD update #11: pairs=440, sweeps=3, converged=False, rel_change=4.638e-02, effective_ranks=(324, 17), class_paired=True
Epoch [11/100] | Loss: 5.9748 (Cls: 5.9681, TAL: -0.0659, Adv: 0.1827, OT-Reg: 0.000945) | OT inner objective: 0.1360 | Marginal residual row/col/max: 1.14e-07/1.29e-08/1.16e-07 | Train Acc: 0.2380 | Val Acc: 0.2087 | Val P/R/F1 (Macro): 0.3165/0.2269/0.1675 | LR: 0.000005
Epoch [12/100] | SVD update #12: pairs=440, sweeps=3, converged=False, rel_change=5.589e-02, effective_ranks=(326, 16), class_paired=True
Epoch [12/100] | Loss: 6.7549 (Cls: 6.7457, TAL: -0.0649, Adv: 0.2125, OT-Reg: 0.001037) | OT inner objective: 0.0898 | Marginal residual row/col/max: 8.67e-06/1.30e-08/8.67e-06 | Train Acc: 0.1514 | Val Acc: 0.3391 | Val P/R/F1 (Macro): 0.1655/0.2290/0.1915 | LR: 0.000005
  >>> New Best Val Acc: 0.3391
Epoch [13/100] | SVD update #13: pairs=440, sweeps=3, converged=False, rel_change=2.602e-02, effective_ranks=(324, 15), class_paired=True
Epoch [13/100] | Loss: 6.0476 (Cls: 6.0434, TAL: -0.0988, Adv: 0.1996, OT-Reg: 0.001007) | OT inner objective: 0.1578 | Marginal residual row/col/max: 1.49e-08/1.22e-08/1.66e-08 | Train Acc: 0.2476 | Val Acc: 0.2087 | Val P/R/F1 (Macro): 0.2978/0.2314/0.2024 | LR: 0.000005
Epoch [14/100] | SVD update #14: pairs=440, sweeps=3, converged=False, rel_change=2.408e-02, effective_ranks=(327, 20), class_paired=True
Epoch [14/100] | Loss: 6.0882 (Cls: 6.1049, TAL: -0.2435, Adv: 0.1560, OT-Reg: 0.001093) | OT inner objective: 0.0254 | Marginal residual row/col/max: 4.33e-05/1.38e-08/4.33e-05 | Train Acc: 0.2139 | Val Acc: 0.2000 | Val P/R/F1 (Macro): 0.1603/0.1960/0.1115 | LR: 0.000005
Epoch [15/100] | SVD update #15: pairs=440, sweeps=3, converged=False, rel_change=4.069e-03, effective_ranks=(327, 18), class_paired=True
Epoch [15/100] | Loss: 6.8950 (Cls: 6.9078, TAL: -0.2158, Adv: 0.1638, OT-Reg: 0.001074) | OT inner objective: 0.0691 | Marginal residual row/col/max: 3.42e-05/1.09e-08/3.42e-05 | Train Acc: 0.1082 | Val Acc: 0.2522 | Val P/R/F1 (Macro): 0.2342/0.2936/0.1821 | LR: 0.000005
Epoch [16/100] | SVD update #16: pairs=440, sweeps=3, converged=False, rel_change=3.217e-02, effective_ranks=(327, 13), class_paired=True
Epoch [16/100] | Loss: 6.1112 (Cls: 6.1248, TAL: -0.2161, Adv: 0.1540, OT-Reg: 0.001040) | OT inner objective: 0.0866 | Marginal residual row/col/max: 3.97e-05/1.36e-08/3.97e-05 | Train Acc: 0.2692 | Val Acc: 0.1130 | Val P/R/F1 (Macro): 0.3513/0.1307/0.1067 | LR: 0.000005
Epoch [17/100] | SVD update #17: pairs=440, sweeps=3, converged=False, rel_change=2.549e-02, effective_ranks=(325, 17), class_paired=True
Epoch [17/100] | Loss: 6.2002 (Cls: 6.2009, TAL: -0.0997, Adv: 0.1412, OT-Reg: 0.001038) | OT inner objective: 0.0237 | Marginal residual row/col/max: 5.93e-05/1.29e-08/5.93e-05 | Train Acc: 0.2212 | Val Acc: 0.3565 | Val P/R/F1 (Macro): 0.4593/0.3257/0.3040 | LR: 0.000005
  >>> New Best Val Acc: 0.3565
Epoch [18/100] | SVD update #18: pairs=440, sweeps=3, converged=False, rel_change=1.732e-02, effective_ranks=(324, 16), class_paired=True
Epoch [18/100] | Loss: 6.8126 (Cls: 6.8227, TAL: -0.2001, Adv: 0.1751, OT-Reg: 0.000981) | OT inner objective: 0.0014 | Marginal residual row/col/max: 8.93e-05/1.30e-08/8.93e-05 | Train Acc: 0.1635 | Val Acc: 0.2435 | Val P/R/F1 (Macro): 0.1674/0.3120/0.1789 | LR: 0.000005
Epoch [19/100] | SVD update #19: pairs=440, sweeps=3, converged=False, rel_change=1.640e-01, effective_ranks=(325, 16), class_paired=True
Epoch [19/100] | Loss: 6.2201 (Cls: 6.2024, TAL: 0.0289, Adv: 0.1777, OT-Reg: 0.000841) | OT inner objective: 0.0982 | Marginal residual row/col/max: 8.09e-06/2.29e-08/8.09e-06 | Train Acc: 0.1923 | Val Acc: 0.2870 | Val P/R/F1 (Macro): 0.1234/0.1619/0.1317 | LR: 0.000005
Epoch [20/100] | SVD update #20: pairs=440, sweeps=3, converged=False, rel_change=3.900e-02, effective_ranks=(325, 12), class_paired=True
Epoch [20/100] | Loss: 6.1847 (Cls: 6.1890, TAL: -0.1405, Adv: 0.1570, OT-Reg: 0.000869) | OT inner objective: 0.0856 | Marginal residual row/col/max: 5.68e-05/1.43e-08/5.68e-05 | Train Acc: 0.2380 | Val Acc: 0.1478 | Val P/R/F1 (Macro): 0.1514/0.1764/0.1114 | LR: 0.000005
Epoch [21/100] | SVD update #21: pairs=440, sweeps=3, converged=False, rel_change=1.774e-02, effective_ranks=(324, 9), class_paired=True
Epoch [21/100] | Loss: 6.4887 (Cls: 6.4774, TAL: -0.0801, Adv: 0.2617, OT-Reg: 0.000947) | OT inner objective: 0.0891 | Marginal residual row/col/max: 1.87e-05/1.82e-08/1.87e-05 | Train Acc: 0.2404 | Val Acc: 0.3217 | Val P/R/F1 (Macro): 0.2522/0.2371/0.2297 | LR: 0.000005
Epoch [22/100] | SVD update #22: pairs=440, sweeps=3, converged=False, rel_change=3.795e-02, effective_ranks=(324, 13), class_paired=True
Epoch [22/100] | Loss: 7.3594 (Cls: 7.3687, TAL: -0.2026, Adv: 0.1878, OT-Reg: 0.001015) | OT inner objective: 0.0801 | Marginal residual row/col/max: 4.01e-05/1.69e-08/4.01e-05 | Train Acc: 0.1562 | Val Acc: 0.1043 | Val P/R/F1 (Macro): 0.1976/0.1293/0.0962 | LR: 0.000005
Epoch [23/100] | SVD update #23: pairs=440, sweeps=3, converged=False, rel_change=6.636e-02, effective_ranks=(325, 11), class_paired=True
Epoch [23/100] | Loss: 6.5832 (Cls: 6.5741, TAL: -0.0267, Adv: 0.1532, OT-Reg: 0.001088) | OT inner objective: 0.0603 | Marginal residual row/col/max: 1.73e-06/1.17e-08/1.73e-06 | Train Acc: 0.1947 | Val Acc: 0.1913 | Val P/R/F1 (Macro): 0.3120/0.2062/0.1917 | LR: 0.000005
Epoch [24/100] | SVD update #24: pairs=440, sweeps=3, converged=False, rel_change=5.847e-02, effective_ranks=(324, 10), class_paired=True
Epoch [24/100] | Loss: 6.7027 (Cls: 6.6955, TAL: -0.0332, Adv: 0.1398, OT-Reg: 0.001065) | OT inner objective: 0.0955 | Marginal residual row/col/max: 2.84e-05/1.28e-08/2.84e-05 | Train Acc: 0.0938 | Val Acc: 0.3130 | Val P/R/F1 (Macro): 0.2904/0.2438/0.1950 | LR: 0.000005
Epoch [25/100] | SVD update #25: pairs=440, sweeps=3, converged=False, rel_change=7.075e-02, effective_ranks=(325, 10), class_paired=True
Epoch [25/100] | Loss: 6.2904 (Cls: 6.2735, TAL: 0.0246, Adv: 0.1736, OT-Reg: 0.000906) | OT inner objective: 0.0990 | Marginal residual row/col/max: 1.24e-05/2.21e-08/1.24e-05 | Train Acc: 0.1611 | Val Acc: 0.1130 | Val P/R/F1 (Macro): 0.1842/0.1351/0.0955 | LR: 0.000005
Epoch [26/100] | SVD update #26: pairs=440, sweeps=3, converged=False, rel_change=1.323e-01, effective_ranks=(325, 14), class_paired=True
Epoch [26/100] | Loss: 6.1243 (Cls: 6.1191, TAL: -0.0410, Adv: 0.1260, OT-Reg: 0.001009) | OT inner objective: 0.1379 | Marginal residual row/col/max: 4.98e-05/1.65e-08/4.98e-05 | Train Acc: 0.2284 | Val Acc: 0.2957 | Val P/R/F1 (Macro): 0.2078/0.2616/0.2135 | LR: 0.000005
Epoch [27/100] | SVD update #27: pairs=440, sweeps=3, converged=False, rel_change=2.948e-02, effective_ranks=(324, 13), class_paired=True
Epoch [27/100] | Loss: 6.0524 (Cls: 6.0561, TAL: -0.1176, Adv: 0.1295, OT-Reg: 0.000944) | OT inner objective: 0.0389 | Marginal residual row/col/max: 7.65e-06/1.48e-08/7.65e-06 | Train Acc: 0.1875 | Val Acc: 0.1565 | Val P/R/F1 (Macro): 0.2154/0.1939/0.1437 | LR: 0.000005
Epoch [28/100] | SVD update #28: pairs=440, sweeps=3, converged=False, rel_change=1.678e-01, effective_ranks=(325, 13), class_paired=True
Epoch [28/100] | Loss: 6.3746 (Cls: 6.3649, TAL: -0.0416, Adv: 0.1839, OT-Reg: 0.001061) | OT inner objective: 0.0549 | Marginal residual row/col/max: 2.47e-06/1.17e-08/2.47e-06 | Train Acc: 0.2139 | Val Acc: 0.1652 | Val P/R/F1 (Macro): 0.0968/0.1531/0.1020 | LR: 0.000003
Epoch [29/100] | SVD update #29: pairs=440, sweeps=3, converged=False, rel_change=3.944e-02, effective_ranks=(317, 11), class_paired=True
Epoch [29/100] | Loss: 5.9606 (Cls: 5.9509, TAL: -0.0160, Adv: 0.1449, OT-Reg: 0.001096) | OT inner objective: 0.0812 | Marginal residual row/col/max: 9.63e-07/1.17e-08/9.65e-07 | Train Acc: 0.1827 | Val Acc: 0.0783 | Val P/R/F1 (Macro): 0.1520/0.1130/0.0641 | LR: 0.000003
Epoch [30/100] | SVD update #30: pairs=440, sweeps=3, converged=False, rel_change=3.902e-02, effective_ranks=(324, 8), class_paired=True
Epoch [30/100] | Loss: 6.0581 (Cls: 6.0622, TAL: -0.1395, Adv: 0.1576, OT-Reg: 0.001005) | OT inner objective: -0.0038 | Marginal residual row/col/max: 6.93e-06/1.09e-08/6.93e-06 | Train Acc: 0.1683 | Val Acc: 0.1739 | Val P/R/F1 (Macro): 0.2854/0.2137/0.1674 | LR: 0.000003
Epoch [31/100] | SVD update #31: pairs=440, sweeps=3, converged=False, rel_change=1.445e-02, effective_ranks=(317, 10), class_paired=True
Epoch [31/100] | Loss: 5.8644 (Cls: 5.8654, TAL: -0.0996, Adv: 0.1363, OT-Reg: 0.001005) | OT inner objective: 0.0430 | Marginal residual row/col/max: 3.91e-06/1.25e-08/3.91e-06 | Train Acc: 0.2188 | Val Acc: 0.1304 | Val P/R/F1 (Macro): 0.1629/0.1826/0.1387 | LR: 0.000003
Epoch [32/100] | SVD update #32: pairs=440, sweeps=3, converged=False, rel_change=4.757e-02, effective_ranks=(325, 13), class_paired=True
Epoch [32/100] | Loss: 5.6639 (Cls: 5.6634, TAL: -0.1051, Adv: 0.1641, OT-Reg: 0.001045) | OT inner objective: 0.0231 | Marginal residual row/col/max: 2.60e-07/1.19e-08/2.61e-07 | Train Acc: 0.2188 | Val Acc: 0.1478 | Val P/R/F1 (Macro): 0.1767/0.2009/0.1177 | LR: 0.000003
Epoch [33/100] | SVD update #33: pairs=440, sweeps=3, converged=False, rel_change=5.963e-02, effective_ranks=(325, 16), class_paired=True
Epoch [33/100] | Loss: 5.6231 (Cls: 5.6075, TAL: -0.0076, Adv: 0.2065, OT-Reg: 0.001067) | OT inner objective: 0.0466 | Marginal residual row/col/max: 7.91e-08/1.28e-08/8.07e-08 | Train Acc: 0.2284 | Val Acc: 0.2435 | Val P/R/F1 (Macro): 0.2436/0.2398/0.1925 | LR: 0.000003
Epoch [34/100] | SVD update #34: pairs=440, sweeps=3, converged=False, rel_change=3.658e-03, effective_ranks=(320, 12), class_paired=True
Epoch [34/100] | Loss: 5.5580 (Cls: 5.5612, TAL: -0.1249, Adv: 0.1473, OT-Reg: 0.001006) | OT inner objective: 0.0640 | Marginal residual row/col/max: 7.44e-08/1.71e-08/7.49e-08 | Train Acc: 0.2019 | Val Acc: 0.1391 | Val P/R/F1 (Macro): 0.2147/0.1827/0.1250 | LR: 0.000003
Epoch [35/100] | SVD update #35: pairs=440, sweeps=3, converged=False, rel_change=6.199e-03, effective_ranks=(322, 13), class_paired=True
Epoch [35/100] | Loss: 5.6625 (Cls: 5.6583, TAL: -0.0944, Adv: 0.1943, OT-Reg: 0.001104) | OT inner objective: 0.0509 | Marginal residual row/col/max: 4.31e-08/9.89e-09/4.38e-08 | Train Acc: 0.2236 | Val Acc: 0.1565 | Val P/R/F1 (Macro): 0.2000/0.1996/0.1258 | LR: 0.000003
Epoch [36/100] | SVD update #36: pairs=440, sweeps=3, converged=False, rel_change=2.917e-02, effective_ranks=(327, 20), class_paired=True
Epoch [36/100] | Loss: 5.5177 (Cls: 5.5368, TAL: -0.2422, Adv: 0.1234, OT-Reg: 0.000978) | OT inner objective: 0.0699 | Marginal residual row/col/max: 1.50e-05/1.96e-08/1.50e-05 | Train Acc: 0.2356 | Val Acc: 0.2087 | Val P/R/F1 (Macro): 0.2840/0.2085/0.1653 | LR: 0.000003
Epoch [37/100] | SVD update #37: pairs=440, sweeps=3, converged=False, rel_change=1.044e-02, effective_ranks=(326, 13), class_paired=True
Epoch [37/100] | Loss: 5.6066 (Cls: 5.6113, TAL: -0.1364, Adv: 0.1451, OT-Reg: 0.001016) | OT inner objective: 0.0799 | Marginal residual row/col/max: 3.23e-05/1.15e-08/3.23e-05 | Train Acc: 0.2428 | Val Acc: 0.0957 | Val P/R/F1 (Macro): 0.2304/0.1460/0.0721 | LR: 0.000003
Epoch [38/100] | SVD update #38: pairs=440, sweeps=3, converged=False, rel_change=8.068e-02, effective_ranks=(323, 15), class_paired=True
Epoch [38/100] | Loss: 5.7517 (Cls: 5.7531, TAL: -0.1059, Adv: 0.1419, OT-Reg: 0.000961) | OT inner objective: 0.0796 | Marginal residual row/col/max: 3.04e-08/1.62e-08/3.34e-08 | Train Acc: 0.2740 | Val Acc: 0.1652 | Val P/R/F1 (Macro): 0.0967/0.1912/0.1143 | LR: 0.000003
Epoch [39/100] | SVD update #39: pairs=440, sweeps=3, converged=False, rel_change=6.925e-02, effective_ranks=(324, 13), class_paired=True
Epoch [39/100] | Loss: 5.5396 (Cls: 5.5513, TAL: -0.1980, Adv: 0.1505, OT-Reg: 0.001041) | OT inner objective: 0.0284 | Marginal residual row/col/max: 1.31e-06/1.12e-08/1.31e-06 | Train Acc: 0.2452 | Val Acc: 0.1652 | Val P/R/F1 (Macro): 0.2581/0.2092/0.1372 | LR: 0.000001
Epoch [40/100] | SVD update #40: pairs=440, sweeps=3, converged=False, rel_change=3.085e-02, effective_ranks=(323, 17), class_paired=True
Epoch [40/100] | Loss: 5.5408 (Cls: 5.5447, TAL: -0.1436, Adv: 0.1657, OT-Reg: 0.001068) | OT inner objective: 0.0548 | Marginal residual row/col/max: 2.51e-08/1.09e-08/2.54e-08 | Train Acc: 0.2692 | Val Acc: 0.2174 | Val P/R/F1 (Macro): 0.2635/0.2781/0.2014 | LR: 0.000001
Epoch [41/100] | SVD update #41: pairs=440, sweeps=3, converged=False, rel_change=4.916e-03, effective_ranks=(325, 17), class_paired=True
Epoch [41/100] | Loss: 5.4279 (Cls: 5.4345, TAL: -0.1941, Adv: 0.2077, OT-Reg: 0.001044) | OT inner objective: 0.0803 | Marginal residual row/col/max: 6.71e-06/1.48e-08/6.71e-06 | Train Acc: 0.2981 | Val Acc: 0.2000 | Val P/R/F1 (Macro): 0.2002/0.1995/0.1471 | LR: 0.000001
Epoch [42/100] | SVD update #42: pairs=440, sweeps=3, converged=False, rel_change=2.251e-02, effective_ranks=(325, 16), class_paired=True
Epoch [42/100] | Loss: 5.3931 (Cls: 5.3938, TAL: -0.1506, Adv: 0.2175, OT-Reg: 0.001058) | OT inner objective: 0.0370 | Marginal residual row/col/max: 7.02e-08/1.20e-08/7.25e-08 | Train Acc: 0.3029 | Val Acc: 0.1826 | Val P/R/F1 (Macro): 0.1935/0.2309/0.1535 | LR: 0.000001
Epoch [43/100] | SVD update #43: pairs=440, sweeps=3, converged=False, rel_change=1.891e-02, effective_ranks=(324, 17), class_paired=True
Epoch [43/100] | Loss: 5.2110 (Cls: 5.2184, TAL: -0.1851, Adv: 0.1848, OT-Reg: 0.001114) | OT inner objective: 0.0932 | Marginal residual row/col/max: 1.16e-08/1.07e-08/1.23e-08 | Train Acc: 0.3029 | Val Acc: 0.1652 | Val P/R/F1 (Macro): 0.1734/0.2102/0.1514 | LR: 0.000001
Epoch [44/100] | SVD update #44: pairs=440, sweeps=3, converged=False, rel_change=3.841e-03, effective_ranks=(324, 16), class_paired=True
Epoch [44/100] | Loss: 5.2629 (Cls: 5.2749, TAL: -0.2117, Adv: 0.1673, OT-Reg: 0.001029) | OT inner objective: 0.0008 | Marginal residual row/col/max: 8.83e-06/1.13e-08/8.83e-06 | Train Acc: 0.2957 | Val Acc: 0.1391 | Val P/R/F1 (Macro): 0.2051/0.1898/0.1187 | LR: 0.000001
Epoch [45/100] | SVD update #45: pairs=440, sweeps=3, converged=False, rel_change=8.970e-03, effective_ranks=(318, 17), class_paired=True
Epoch [45/100] | Loss: 5.1659 (Cls: 5.1770, TAL: -0.2115, Adv: 0.1784, OT-Reg: 0.001158) | OT inner objective: 0.0110 | Marginal residual row/col/max: 1.01e-06/1.06e-08/1.01e-06 | Train Acc: 0.3029 | Val Acc: 0.1913 | Val P/R/F1 (Macro): 0.2198/0.2438/0.1736 | LR: 0.000001
Epoch [46/100] | SVD update #46: pairs=440, sweeps=3, converged=False, rel_change=4.000e-02, effective_ranks=(325, 14), class_paired=True
Epoch [46/100] | Loss: 5.0781 (Cls: 5.0921, TAL: -0.2430, Adv: 0.1890, OT-Reg: 0.001097) | OT inner objective: -0.0010 | Marginal residual row/col/max: 4.35e-07/1.17e-08/4.35e-07 | Train Acc: 0.3654 | Val Acc: 0.1652 | Val P/R/F1 (Macro): 0.2798/0.1957/0.1715 | LR: 0.000001
Epoch [47/100] | SVD update #47: pairs=440, sweeps=3, converged=False, rel_change=5.658e-02, effective_ranks=(322, 16), class_paired=True
Epoch [47/100] | Loss: 5.5329 (Cls: 5.5220, TAL: -0.1950, Adv: 0.4288, OT-Reg: 0.001028) | OT inner objective: 0.0899 | Marginal residual row/col/max: 5.68e-05/1.59e-08/5.68e-05 | Train Acc: 0.2909 | Val Acc: 0.2609 | Val P/R/F1 (Macro): 0.3190/0.2991/0.2252 | LR: 0.000001
Epoch [48/100] | SVD update #48: pairs=440, sweeps=3, converged=False, rel_change=2.108e-03, effective_ranks=(324, 16), class_paired=True
Epoch [48/100] | Loss: 5.1821 (Cls: 5.1963, TAL: -0.2460, Adv: 0.1907, OT-Reg: 0.001052) | OT inner objective: 0.0155 | Marginal residual row/col/max: 5.18e-05/1.88e-08/5.18e-05 | Train Acc: 0.3173 | Val Acc: 0.1130 | Val P/R/F1 (Macro): 0.1748/0.1384/0.0978 | LR: 0.000001
Epoch [49/100] | SVD update #49: pairs=440, sweeps=3, converged=False, rel_change=6.705e-03, effective_ranks=(323, 15), class_paired=True
Epoch [49/100] | Loss: 5.3270 (Cls: 5.3274, TAL: -0.1870, Adv: 0.2757, OT-Reg: 0.001035) | OT inner objective: 0.0238 | Marginal residual row/col/max: 9.20e-05/1.88e-08/9.20e-05 | Train Acc: 0.3101 | Val Acc: 0.1391 | Val P/R/F1 (Macro): 0.1864/0.1881/0.1492 | LR: 0.000001
Epoch [50/100] | SVD update #50: pairs=440, sweeps=3, converged=False, rel_change=2.199e-02, effective_ranks=(326, 17), class_paired=True
Epoch [50/100] | Loss: 5.2181 (Cls: 5.2288, TAL: -0.2490, Adv: 0.2405, OT-Reg: 0.001081) | OT inner objective: 0.0840 | Marginal residual row/col/max: 5.54e-08/1.26e-08/5.60e-08 | Train Acc: 0.3005 | Val Acc: 0.2609 | Val P/R/F1 (Macro): 0.2651/0.2478/0.1885 | LR: 0.000001
Epoch [51/100] | SVD update #51: pairs=440, sweeps=3, converged=False, rel_change=1.576e-02, effective_ranks=(326, 16), class_paired=True
Epoch [51/100] | Loss: 5.5452 (Cls: 5.5416, TAL: -0.1444, Adv: 0.2616, OT-Reg: 0.001082) | OT inner objective: 0.0441 | Marginal residual row/col/max: 1.95e-05/1.25e-08/1.95e-05 | Train Acc: 0.2740 | Val Acc: 0.1652 | Val P/R/F1 (Macro): 0.1157/0.2217/0.1311 | LR: 0.000001
Epoch [52/100] | SVD update #52: pairs=440, sweeps=3, converged=False, rel_change=1.908e-02, effective_ranks=(326, 17), class_paired=True
Epoch [52/100] | Loss: 5.4667 (Cls: 5.4659, TAL: -0.2043, Adv: 0.3168, OT-Reg: 0.001001) | OT inner objective: -0.0078 | Marginal residual row/col/max: 7.21e-05/1.23e-08/7.21e-05 | Train Acc: 0.3173 | Val Acc: 0.2000 | Val P/R/F1 (Macro): 0.1998/0.1929/0.1680 | LR: 0.000001
Epoch [53/100] | SVD update #53: pairs=440, sweeps=3, converged=False, rel_change=2.889e-02, effective_ranks=(324, 16), class_paired=True
Epoch [53/100] | Loss: 5.5882 (Cls: 5.5780, TAL: -0.1407, Adv: 0.3378, OT-Reg: 0.001021) | OT inner objective: 0.0959 | Marginal residual row/col/max: 7.41e-08/1.58e-08/7.64e-08 | Train Acc: 0.2260 | Val Acc: 0.2087 | Val P/R/F1 (Macro): 0.1608/0.2177/0.1635 | LR: 0.000001
Epoch [54/100] | SVD update #54: pairs=440, sweeps=3, converged=False, rel_change=7.747e-03, effective_ranks=(325, 15), class_paired=True
Epoch [54/100] | Loss: 5.2607 (Cls: 5.2575, TAL: -0.1919, Adv: 0.3279, OT-Reg: 0.001072) | OT inner objective: 0.0919 | Marginal residual row/col/max: 5.79e-07/1.42e-08/5.81e-07 | Train Acc: 0.3558 | Val Acc: 0.2435 | Val P/R/F1 (Macro): 0.3232/0.2757/0.2418 | LR: 0.000001
Epoch [55/100] | SVD update #55: pairs=440, sweeps=3, converged=False, rel_change=1.288e-02, effective_ranks=(324, 18), class_paired=True
Epoch [55/100] | Loss: 5.1540 (Cls: 5.1554, TAL: -0.3016, Adv: 0.4343, OT-Reg: 0.001013) | OT inner objective: 0.0650 | Marginal residual row/col/max: 3.82e-05/1.59e-08/3.82e-05 | Train Acc: 0.3173 | Val Acc: 0.1478 | Val P/R/F1 (Macro): 0.1976/0.1756/0.1393 | LR: 0.000001
Epoch [56/100] | SVD update #56: pairs=440, sweeps=3, converged=False, rel_change=1.964e-02, effective_ranks=(325, 18), class_paired=True
Epoch [56/100] | Loss: 5.4317 (Cls: 5.4381, TAL: -0.2196, Adv: 0.2497, OT-Reg: 0.001064) | OT inner objective: 0.0510 | Marginal residual row/col/max: 9.19e-07/1.26e-08/9.20e-07 | Train Acc: 0.3221 | Val Acc: 0.2435 | Val P/R/F1 (Macro): 0.2688/0.2896/0.2224 | LR: 0.000001
Epoch [57/100] | SVD update #57: pairs=440, sweeps=3, converged=False, rel_change=1.557e-02, effective_ranks=(322, 18), class_paired=True
Epoch [57/100] | Loss: 5.3239 (Cls: 5.3278, TAL: -0.2030, Adv: 0.2555, OT-Reg: 0.001022) | OT inner objective: 0.1374 | Marginal residual row/col/max: 2.04e-07/1.79e-08/2.09e-07 | Train Acc: 0.2716 | Val Acc: 0.2000 | Val P/R/F1 (Macro): 0.3140/0.2687/0.1827 | LR: 0.000001
Epoch [58/100] | SVD update #58: pairs=440, sweeps=3, converged=False, rel_change=1.945e-02, effective_ranks=(324, 18), class_paired=True
Epoch [58/100] | Loss: 5.1853 (Cls: 5.1904, TAL: -0.2978, Adv: 0.3829, OT-Reg: 0.001018) | OT inner objective: 0.0810 | Marginal residual row/col/max: 6.31e-05/1.43e-08/6.31e-05 | Train Acc: 0.3438 | Val Acc: 0.2783 | Val P/R/F1 (Macro): 0.2716/0.2940/0.2404 | LR: 0.000001
Epoch [59/100] | SVD update #59: pairs=440, sweeps=3, converged=False, rel_change=6.563e-03, effective_ranks=(326, 19), class_paired=True
Epoch [59/100] | Loss: 5.1234 (Cls: 5.1118, TAL: -0.2162, Adv: 0.4692, OT-Reg: 0.001090) | OT inner objective: 0.0873 | Marginal residual row/col/max: 6.61e-06/1.12e-08/6.61e-06 | Train Acc: 0.3438 | Val Acc: 0.1478 | Val P/R/F1 (Macro): 0.2965/0.2174/0.1558 | LR: 0.000001
Epoch [60/100] | SVD update #60: pairs=440, sweeps=3, converged=False, rel_change=1.408e-02, effective_ranks=(325, 15), class_paired=True
Epoch [60/100] | Loss: 5.0513 (Cls: 5.0522, TAL: -0.1997, Adv: 0.2882, OT-Reg: 0.001010) | OT inner objective: -0.0343 | Marginal residual row/col/max: 3.93e-05/1.78e-08/3.93e-05 | Train Acc: 0.3462 | Val Acc: 0.1739 | Val P/R/F1 (Macro): 0.3857/0.2360/0.1813 | LR: 0.000001
Epoch [61/100] | SVD update #61: pairs=440, sweeps=3, converged=False, rel_change=7.782e-03, effective_ranks=(325, 16), class_paired=True
Epoch [61/100] | Loss: 4.9131 (Cls: 4.9147, TAL: -0.2533, Adv: 0.3596, OT-Reg: 0.001079) | OT inner objective: 0.0753 | Marginal residual row/col/max: 3.06e-06/1.23e-08/3.06e-06 | Train Acc: 0.3942 | Val Acc: 0.3130 | Val P/R/F1 (Macro): 0.3181/0.3225/0.2773 | LR: 0.000001
Epoch [62/100] | SVD update #62: pairs=440, sweeps=3, converged=False, rel_change=1.607e-03, effective_ranks=(324, 19), class_paired=True
Epoch [62/100] | Loss: 4.9850 (Cls: 4.9928, TAL: -0.3018, Adv: 0.3552, OT-Reg: 0.001010) | OT inner objective: 0.0440 | Marginal residual row/col/max: 2.03e-06/1.38e-08/2.03e-06 | Train Acc: 0.3774 | Val Acc: 0.2000 | Val P/R/F1 (Macro): 0.3457/0.2524/0.1934 | LR: 0.000001
Epoch [63/100] | SVD update #63: pairs=440, sweeps=3, converged=False, rel_change=3.033e-03, effective_ranks=(326, 15), class_paired=True
Epoch [63/100] | Loss: 5.1049 (Cls: 5.0794, TAL: -0.2131, Adv: 0.6384, OT-Reg: 0.001030) | OT inner objective: 0.0359 | Marginal residual row/col/max: 3.12e-05/1.16e-08/3.12e-05 | Train Acc: 0.3510 | Val Acc: 0.1478 | Val P/R/F1 (Macro): 0.1935/0.2050/0.1399 | LR: 0.000001
Epoch [64/100] | SVD update #64: pairs=440, sweeps=3, converged=False, rel_change=1.274e-02, effective_ranks=(327, 17), class_paired=True
Epoch [64/100] | Loss: 4.9770 (Cls: 4.9717, TAL: -0.2145, Adv: 0.3877, OT-Reg: 0.000992) | OT inner objective: 0.0731 | Marginal residual row/col/max: 9.35e-06/1.93e-08/9.35e-06 | Train Acc: 0.3341 | Val Acc: 0.1652 | Val P/R/F1 (Macro): 0.3217/0.2111/0.1817 | LR: 0.000001
Epoch [65/100] | SVD update #65: pairs=440, sweeps=3, converged=False, rel_change=7.856e-03, effective_ranks=(324, 18), class_paired=True
Epoch [65/100] | Loss: 5.1221 (Cls: 5.1214, TAL: -0.2269, Adv: 0.3502, OT-Reg: 0.001073) | OT inner objective: 0.0595 | Marginal residual row/col/max: 2.05e-07/1.30e-08/2.07e-07 | Train Acc: 0.3221 | Val Acc: 0.1913 | Val P/R/F1 (Macro): 0.3425/0.2783/0.1911 | LR: 0.000001
Epoch [66/100] | SVD update #66: pairs=440, sweeps=3, converged=False, rel_change=8.406e-03, effective_ranks=(326, 16), class_paired=True
Epoch [66/100] | Loss: 5.0422 (Cls: 5.0354, TAL: -0.1969, Adv: 0.3803, OT-Reg: 0.001051) | OT inner objective: -0.0022 | Marginal residual row/col/max: 5.92e-05/1.39e-08/5.92e-05 | Train Acc: 0.3558 | Val Acc: 0.2000 | Val P/R/F1 (Macro): 0.2864/0.2677/0.2136 | LR: 0.000001
Epoch [67/100] | SVD update #67: pairs=440, sweeps=3, converged=False, rel_change=3.843e-04, effective_ranks=(322, 17), class_paired=True
Epoch [67/100] | Loss: 4.8258 (Cls: 4.8154, TAL: -0.2537, Adv: 0.5101, OT-Reg: 0.000954) | OT inner objective: 0.0326 | Marginal residual row/col/max: 4.05e-05/1.93e-08/4.05e-05 | Train Acc: 0.4255 | Val Acc: 0.1478 | Val P/R/F1 (Macro): 0.2554/0.1805/0.1663 | LR: 0.000001
Epoch [68/100] | SVD update #68: pairs=440, sweeps=3, converged=False, rel_change=1.231e-02, effective_ranks=(325, 16), class_paired=True
Epoch [68/100] | Loss: 4.9342 (Cls: 4.9343, TAL: -0.2677, Adv: 0.4003, OT-Reg: 0.000960) | OT inner objective: -0.0130 | Marginal residual row/col/max: 1.25e-04/1.58e-08/1.25e-04 | Train Acc: 0.3678 | Val Acc: 0.1739 | Val P/R/F1 (Macro): 0.2549/0.2313/0.1707 | LR: 0.000001
Epoch [69/100] | SVD update #69: pairs=440, sweeps=3, converged=False, rel_change=7.190e-03, effective_ranks=(327, 17), class_paired=True
Epoch [69/100] | Loss: 5.1124 (Cls: 5.1033, TAL: -0.1702, Adv: 0.3695, OT-Reg: 0.001143) | OT inner objective: 0.1044 | Marginal residual row/col/max: 5.27e-08/1.06e-08/5.43e-08 | Train Acc: 0.3630 | Val Acc: 0.2261 | Val P/R/F1 (Macro): 0.2808/0.2846/0.2157 | LR: 0.000001
Epoch [70/100] | SVD update #70: pairs=440, sweeps=3, converged=False, rel_change=3.006e-03, effective_ranks=(324, 17), class_paired=True
Epoch [70/100] | Loss: 5.1005 (Cls: 5.1011, TAL: -0.2347, Adv: 0.3452, OT-Reg: 0.001094) | OT inner objective: 0.0277 | Marginal residual row/col/max: 2.00e-04/1.73e-08/2.00e-04 | Train Acc: 0.3365 | Val Acc: 0.2087 | Val P/R/F1 (Macro): 0.2789/0.2620/0.1875 | LR: 0.000001
Epoch [71/100] | SVD update #71: pairs=440, sweeps=3, converged=False, rel_change=4.330e-04, effective_ranks=(322, 18), class_paired=True
Epoch [71/100] | Loss: 5.1338 (Cls: 5.1304, TAL: -0.2373, Adv: 0.3979, OT-Reg: 0.001050) | OT inner objective: 0.0383 | Marginal residual row/col/max: 4.73e-05/1.15e-08/4.73e-05 | Train Acc: 0.3293 | Val Acc: 0.2348 | Val P/R/F1 (Macro): 0.3458/0.2683/0.2168 | LR: 0.000001
Epoch [72/100] | SVD update #72: pairs=440, sweeps=3, converged=False, rel_change=3.716e-03, effective_ranks=(323, 17), class_paired=True
Epoch [72/100] | Loss: 4.8918 (Cls: 4.8934, TAL: -0.2864, Adv: 0.4100, OT-Reg: 0.001093) | OT inner objective: -0.0014 | Marginal residual row/col/max: 1.02e-04/1.20e-08/1.02e-04 | Train Acc: 0.4087 | Val Acc: 0.2435 | Val P/R/F1 (Macro): 0.3221/0.3095/0.2453 | LR: 0.000001
Epoch [73/100] | SVD update #73: pairs=440, sweeps=3, converged=False, rel_change=1.664e-03, effective_ranks=(327, 17), class_paired=True
Epoch [73/100] | Loss: 4.8342 (Cls: 4.8353, TAL: -0.2674, Adv: 0.3881, OT-Reg: 0.001039) | OT inner objective: 0.0546 | Marginal residual row/col/max: 1.44e-06/1.40e-08/1.44e-06 | Train Acc: 0.3582 | Val Acc: 0.2174 | Val P/R/F1 (Macro): 0.3267/0.2516/0.2236 | LR: 0.000001
Epoch [74/100] | SVD update #74: pairs=440, sweeps=3, converged=False, rel_change=8.275e-03, effective_ranks=(325, 17), class_paired=True
Epoch [74/100] | Loss: 4.7908 (Cls: 4.7877, TAL: -0.2696, Adv: 0.4439, OT-Reg: 0.001049) | OT inner objective: 0.0476 | Marginal residual row/col/max: 4.77e-06/1.39e-08/4.77e-06 | Train Acc: 0.4111 | Val Acc: 0.2870 | Val P/R/F1 (Macro): 0.3054/0.2764/0.2432 | LR: 0.000001
Epoch [75/100] | SVD update #75: pairs=440, sweeps=3, converged=False, rel_change=1.299e-04, effective_ranks=(324, 16), class_paired=True
Epoch [75/100] | Loss: 5.0044 (Cls: 4.9995, TAL: -0.2669, Adv: 0.4609, OT-Reg: 0.001033) | OT inner objective: 0.0301 | Marginal residual row/col/max: 2.75e-05/2.12e-08/2.75e-05 | Train Acc: 0.3389 | Val Acc: 0.2261 | Val P/R/F1 (Macro): 0.3317/0.2898/0.2519 | LR: 0.000001
Epoch [76/100] | SVD update #76: pairs=440, sweeps=3, converged=False, rel_change=3.810e-03, effective_ranks=(323, 17), class_paired=True
Epoch [76/100] | Loss: 4.8091 (Cls: 4.8066, TAL: -0.2703, Adv: 0.4360, OT-Reg: 0.001099) | OT inner objective: 0.0195 | Marginal residual row/col/max: 1.45e-06/1.13e-08/1.45e-06 | Train Acc: 0.4207 | Val Acc: 0.2087 | Val P/R/F1 (Macro): 0.3286/0.2798/0.2183 | LR: 0.000001
Epoch [77/100] | SVD update #77: pairs=440, sweeps=3, converged=False, rel_change=3.296e-03, effective_ranks=(325, 18), class_paired=True
Epoch [77/100] | Loss: 4.8010 (Cls: 4.8019, TAL: -0.2715, Adv: 0.3957, OT-Reg: 0.001039) | OT inner objective: -0.0447 | Marginal residual row/col/max: 1.61e-05/1.62e-08/1.61e-05 | Train Acc: 0.3918 | Val Acc: 0.2000 | Val P/R/F1 (Macro): 0.3668/0.2511/0.2330 | LR: 0.000001
Epoch [78/100] | SVD update #78: pairs=440, sweeps=3, converged=False, rel_change=2.581e-03, effective_ranks=(325, 17), class_paired=True
Epoch [78/100] | Loss: 5.1228 (Cls: 5.0923, TAL: -0.1346, Adv: 0.5827, OT-Reg: 0.001093) | OT inner objective: 0.1043 | Marginal residual row/col/max: 4.31e-08/1.60e-08/4.76e-08 | Train Acc: 0.3750 | Val Acc: 0.1130 | Val P/R/F1 (Macro): 0.2148/0.1618/0.1170 | LR: 0.000001
Epoch [79/100] | SVD update #79: pairs=440, sweeps=3, converged=False, rel_change=3.339e-03, effective_ranks=(327, 16), class_paired=True
Epoch [79/100] | Loss: 5.1836 (Cls: 5.1819, TAL: -0.3192, Adv: 0.5004, OT-Reg: 0.001024) | OT inner objective: 0.0206 | Marginal residual row/col/max: 4.72e-05/1.85e-08/4.72e-05 | Train Acc: 0.3317 | Val Acc: 0.1913 | Val P/R/F1 (Macro): 0.2545/0.2565/0.1816 | LR: 0.000001
Epoch [80/100] | SVD update #80: pairs=440, sweeps=3, converged=False, rel_change=1.673e-02, effective_ranks=(325, 18), class_paired=True
Epoch [80/100] | Loss: 4.8272 (Cls: 4.8405, TAL: -0.3074, Adv: 0.2949, OT-Reg: 0.001013) | OT inner objective: -0.0004 | Marginal residual row/col/max: 1.33e-06/1.46e-08/1.33e-06 | Train Acc: 0.4495 | Val Acc: 0.2087 | Val P/R/F1 (Macro): 0.2827/0.2342/0.2119 | LR: 0.000001
Epoch [81/100] | SVD update #81: pairs=440, sweeps=3, converged=False, rel_change=9.657e-04, effective_ranks=(326, 18), class_paired=True
Epoch [81/100] | Loss: 4.8427 (Cls: 4.8370, TAL: -0.3046, Adv: 0.5291, OT-Reg: 0.001148) | OT inner objective: -0.0452 | Marginal residual row/col/max: 2.94e-06/1.00e-08/2.94e-06 | Train Acc: 0.3726 | Val Acc: 0.2000 | Val P/R/F1 (Macro): 0.2312/0.2491/0.1811 | LR: 0.000001
Epoch [82/100] | SVD update #82: pairs=440, sweeps=3, converged=False, rel_change=3.231e-03, effective_ranks=(325, 18), class_paired=True
Epoch [82/100] | Loss: 4.9959 (Cls: 4.9883, TAL: -0.2578, Adv: 0.4815, OT-Reg: 0.001058) | OT inner objective: 0.0500 | Marginal residual row/col/max: 1.55e-06/1.19e-08/1.55e-06 | Train Acc: 0.3462 | Val Acc: 0.1478 | Val P/R/F1 (Macro): 0.1994/0.2100/0.1416 | LR: 0.000001
Epoch [83/100] | SVD update #83: pairs=440, sweeps=3, converged=False, rel_change=8.345e-03, effective_ranks=(325, 16), class_paired=True
Epoch [83/100] | Loss: 5.1260 (Cls: 5.1055, TAL: -0.2135, Adv: 0.5767, OT-Reg: 0.001015) | OT inner objective: 0.0828 | Marginal residual row/col/max: 1.24e-07/1.56e-08/1.28e-07 | Train Acc: 0.3413 | Val Acc: 0.2000 | Val P/R/F1 (Macro): 0.2264/0.2235/0.1826 | LR: 0.000001
Epoch [84/100] | SVD update #84: pairs=440, sweeps=3, converged=False, rel_change=1.772e-02, effective_ranks=(323, 16), class_paired=True
Epoch [84/100] | Loss: 4.9316 (Cls: 4.9189, TAL: -0.2119, Adv: 0.4764, OT-Reg: 0.001008) | OT inner objective: 0.0029 | Marginal residual row/col/max: 1.46e-07/1.79e-08/1.51e-07 | Train Acc: 0.4135 | Val Acc: 0.2000 | Val P/R/F1 (Macro): 0.2803/0.2504/0.2097 | LR: 0.000001
Epoch [85/100] | SVD update #85: pairs=440, sweeps=3, converged=False, rel_change=4.244e-03, effective_ranks=(324, 17), class_paired=True
Epoch [85/100] | Loss: 4.7757 (Cls: 4.7832, TAL: -0.3090, Adv: 0.3689, OT-Reg: 0.001001) | OT inner objective: -0.0089 | Marginal residual row/col/max: 3.85e-06/1.55e-08/3.85e-06 | Train Acc: 0.3846 | Val Acc: 0.1826 | Val P/R/F1 (Macro): 0.2342/0.2350/0.1683 | LR: 0.000001
Epoch [86/100] | SVD update #86: pairs=440, sweeps=3, converged=False, rel_change=1.057e-03, effective_ranks=(326, 17), class_paired=True
Epoch [86/100] | Loss: 5.0141 (Cls: 5.0048, TAL: -0.2633, Adv: 0.5110, OT-Reg: 0.001044) | OT inner objective: 0.0023 | Marginal residual row/col/max: 9.32e-06/1.40e-08/9.32e-06 | Train Acc: 0.3798 | Val Acc: 0.2000 | Val P/R/F1 (Macro): 0.1929/0.2374/0.1617 | LR: 0.000001
Epoch [87/100] | SVD update #87: pairs=440, sweeps=3, converged=False, rel_change=9.595e-03, effective_ranks=(324, 17), class_paired=True
Epoch [87/100] | Loss: 5.0321 (Cls: 5.0024, TAL: -0.2461, Adv: 0.7405, OT-Reg: 0.001032) | OT inner objective: -0.0281 | Marginal residual row/col/max: 2.42e-06/1.23e-08/2.42e-06 | Train Acc: 0.4062 | Val Acc: 0.2174 | Val P/R/F1 (Macro): 0.2283/0.2466/0.2002 | LR: 0.000001
Epoch [88/100] | SVD update #88: pairs=440, sweeps=3, converged=False, rel_change=2.410e-04, effective_ranks=(325, 16), class_paired=True
Epoch [88/100] | Loss: 4.8368 (Cls: 4.8206, TAL: -0.2516, Adv: 0.5795, OT-Reg: 0.001009) | OT inner objective: 0.0476 | Marginal residual row/col/max: 1.62e-07/1.39e-08/1.64e-07 | Train Acc: 0.3702 | Val Acc: 0.1913 | Val P/R/F1 (Macro): 0.2221/0.2515/0.1848 | LR: 0.000001
Epoch [89/100] | SVD update #89: pairs=440, sweeps=3, converged=False, rel_change=1.140e-02, effective_ranks=(325, 17), class_paired=True
Epoch [89/100] | Loss: 4.9534 (Cls: 4.9565, TAL: -0.3168, Adv: 0.4371, OT-Reg: 0.001028) | OT inner objective: 0.0056 | Marginal residual row/col/max: 1.05e-04/1.53e-08/1.05e-04 | Train Acc: 0.3894 | Val Acc: 0.1913 | Val P/R/F1 (Macro): 0.2411/0.1939/0.1726 | LR: 0.000001
Epoch [90/100] | SVD update #90: pairs=440, sweeps=3, converged=False, rel_change=8.490e-03, effective_ranks=(325, 16), class_paired=True
Epoch [90/100] | Loss: 5.2534 (Cls: 5.2508, TAL: -0.2276, Adv: 0.3739, OT-Reg: 0.001023) | OT inner objective: -0.0060 | Marginal residual row/col/max: 1.18e-05/1.32e-08/1.19e-05 | Train Acc: 0.3413 | Val Acc: 0.1739 | Val P/R/F1 (Macro): 0.2958/0.2209/0.1832 | LR: 0.000001
Epoch [91/100] | SVD update #91: pairs=440, sweeps=3, converged=False, rel_change=9.965e-04, effective_ranks=(323, 18), class_paired=True
Epoch [91/100] | Loss: 4.8803 (Cls: 4.8665, TAL: -0.2418, Adv: 0.5355, OT-Reg: 0.001041) | OT inner objective: 0.0245 | Marginal residual row/col/max: 7.55e-07/1.58e-08/7.55e-07 | Train Acc: 0.4062 | Val Acc: 0.2348 | Val P/R/F1 (Macro): 0.3404/0.2900/0.2317 | LR: 0.000001
Epoch [92/100] | SVD update #92: pairs=440, sweeps=3, converged=False, rel_change=6.383e-03, effective_ranks=(324, 18), class_paired=True
Epoch [92/100] | Loss: 4.9029 (Cls: 4.8768, TAL: -0.2532, Adv: 0.7066, OT-Reg: 0.001039) | OT inner objective: 0.0143 | Marginal residual row/col/max: 1.70e-06/1.10e-08/1.70e-06 | Train Acc: 0.3846 | Val Acc: 0.2348 | Val P/R/F1 (Macro): 0.2455/0.2743/0.2013 | LR: 0.000001
Epoch [93/100] | SVD update #93: pairs=440, sweeps=3, converged=False, rel_change=9.382e-03, effective_ranks=(323, 18), class_paired=True
Epoch [93/100] | Loss: 4.9393 (Cls: 4.9271, TAL: -0.2671, Adv: 0.5529, OT-Reg: 0.001004) | OT inner objective: -0.0201 | Marginal residual row/col/max: 1.83e-05/1.45e-08/1.83e-05 | Train Acc: 0.3870 | Val Acc: 0.2609 | Val P/R/F1 (Macro): 0.4124/0.3316/0.2871 | LR: 0.000001
Epoch [94/100] | SVD update #94: pairs=440, sweeps=3, converged=False, rel_change=6.911e-04, effective_ranks=(324, 18), class_paired=True
Epoch [94/100] | Loss: 4.8958 (Cls: 4.8898, TAL: -0.2814, Adv: 0.4974, OT-Reg: 0.001031) | OT inner objective: -0.0396 | Marginal residual row/col/max: 1.72e-05/1.33e-08/1.72e-05 | Train Acc: 0.3654 | Val Acc: 0.2000 | Val P/R/F1 (Macro): 0.2453/0.2699/0.1958 | LR: 0.000001
Epoch [95/100] | SVD update #95: pairs=440, sweeps=3, converged=False, rel_change=9.329e-04, effective_ranks=(325, 18), class_paired=True
Epoch [95/100] | Loss: 4.7045 (Cls: 4.7003, TAL: -0.2990, Adv: 0.5001, OT-Reg: 0.001094) | OT inner objective: 0.0611 | Marginal residual row/col/max: 2.72e-07/1.00e-08/2.73e-07 | Train Acc: 0.4327 | Val Acc: 0.2000 | Val P/R/F1 (Macro): 0.3830/0.2555/0.2415 | LR: 0.000001
Epoch [96/100] | SVD update #96: pairs=440, sweeps=3, converged=False, rel_change=2.109e-03, effective_ranks=(327, 17), class_paired=True
Epoch [96/100] | Loss: 4.9001 (Cls: 4.8792, TAL: -0.2831, Adv: 0.6869, OT-Reg: 0.001033) | OT inner objective: -0.0193 | Marginal residual row/col/max: 5.61e-05/1.46e-08/5.61e-05 | Train Acc: 0.3990 | Val Acc: 0.2435 | Val P/R/F1 (Macro): 0.3679/0.2841/0.2465 | LR: 0.000001
Epoch [97/100] | SVD update #97: pairs=440, sweeps=3, converged=False, rel_change=4.862e-03, effective_ranks=(325, 17), class_paired=True
Epoch [97/100] | Loss: 4.7509 (Cls: 4.7577, TAL: -0.3467, Adv: 0.4344, OT-Reg: 0.001068) | OT inner objective: -0.0007 | Marginal residual row/col/max: 1.96e-05/1.30e-08/1.96e-05 | Train Acc: 0.4351 | Val Acc: 0.2435 | Val P/R/F1 (Macro): 0.3787/0.3044/0.2513 | LR: 0.000001
Epoch [98/100] | SVD update #98: pairs=440, sweeps=3, converged=False, rel_change=1.253e-03, effective_ranks=(325, 18), class_paired=True
Epoch [98/100] | Loss: 4.7557 (Cls: 4.7455, TAL: -0.2863, Adv: 0.5563, OT-Reg: 0.001051) | OT inner objective: 0.0177 | Marginal residual row/col/max: 4.99e-07/1.65e-08/4.99e-07 | Train Acc: 0.3942 | Val Acc: 0.1913 | Val P/R/F1 (Macro): 0.2878/0.2629/0.2080 | LR: 0.000001
Epoch [99/100] | SVD update #99: pairs=440, sweeps=3, converged=False, rel_change=2.328e-03, effective_ranks=(324, 18), class_paired=True
Epoch [99/100] | Loss: 4.7892 (Cls: 4.7780, TAL: -0.3153, Adv: 0.6139, OT-Reg: 0.001037) | OT inner objective: -0.0474 | Marginal residual row/col/max: 1.15e-05/1.09e-08/1.15e-05 | Train Acc: 0.4231 | Val Acc: 0.1913 | Val P/R/F1 (Macro): 0.2991/0.2630/0.2067 | LR: 0.000001
Epoch [100/100] | SVD update #100: pairs=440, sweeps=3, converged=False, rel_change=1.586e-03, effective_ranks=(326, 17), class_paired=True
Epoch [100/100] | Loss: 4.9754 (Cls: 4.9536, TAL: -0.3046, Adv: 0.7294, OT-Reg: 0.001066) | OT inner objective: 0.0507 | Marginal residual row/col/max: 5.38e-07/1.46e-08/5.39e-07 | Train Acc: 0.4038 | Val Acc: 0.2087 | Val P/R/F1 (Macro): 0.2485/0.2851/0.2117 | LR: 0.000001
Report strategy: last_window, window=10, reported_acc=0.2209, best_acc=0.3565

迭代 4 报告指标:
  Accuracy: 0.2209
  Precision (Macro): 0.3209
  Recall (Macro): 0.2821
  F1 (Macro): 0.2281
  Precision (Micro): 0.2209
  Recall (Micro): 0.2209
  F1 (Micro): 0.2209
  Val class coverage: 9/14 (0.6429), samples=115

================================================================================
迭代 5/5
随机种子: 46
================================================================================
配对采样器已初始化，共 9 个共有类别。
Training mode: full target-label supervision (class-paired batches).
Feature fusion: Tensor alignment (512+512 -> 64+64); fused_dim=128
Domain adaptation: Neural OT generator with 3-domain discriminator
Loss weights: tensor=0.12, adv=0.08
Transport: mode=sinkhorn, epsilon=0.1, Sinkhorn iterations=50, correction scale=0.1, correction regularization weight=0.001
Tensor projection update: once per epoch from the complete target-training pairing bank; projection_dim=64, max_sweeps=3, relative singular-value tolerance=0.0001
Epoch [1/100] | SVD update #1: pairs=440, sweeps=3, converged=False, rel_change=6.843e-04, effective_ranks=(327, 112), class_paired=True
Epoch [1/100] | Loss: 7.4536 (Cls: 7.4477, TAL: -0.0747, Adv: 0.1857, OT-Reg: 0.001299) | OT inner objective: 0.2794 | Marginal residual row/col/max: 1.03e-08/1.05e-08/1.09e-08 | Train Acc: 0.1851 | Val Acc: 0.1043 | Val P/R/F1 (Macro): 0.1049/0.1551/0.0728 | LR: 0.000005
  >>> New Best Val Acc: 0.1043
Epoch [2/100] | SVD update #2: pairs=440, sweeps=3, converged=False, rel_change=2.257e-01, effective_ranks=(327, 58), class_paired=True
Epoch [2/100] | Loss: 7.5663 (Cls: 7.5475, TAL: 0.0213, Adv: 0.2039, OT-Reg: 0.001279) | OT inner objective: 0.2754 | Marginal residual row/col/max: 9.74e-09/1.23e-08/1.23e-08 | Train Acc: 0.1322 | Val Acc: 0.2000 | Val P/R/F1 (Macro): 0.1785/0.2263/0.1503 | LR: 0.000005
  >>> New Best Val Acc: 0.2000
Epoch [3/100] | SVD update #3: pairs=440, sweeps=3, converged=False, rel_change=4.046e-01, effective_ranks=(326, 53), class_paired=True
Epoch [3/100] | Loss: 7.9952 (Cls: 7.9781, TAL: 0.0064, Adv: 0.2039, OT-Reg: 0.001351) | OT inner objective: 0.2332 | Marginal residual row/col/max: 1.03e-08/1.55e-08/1.59e-08 | Train Acc: 0.1346 | Val Acc: 0.2087 | Val P/R/F1 (Macro): 0.3624/0.2899/0.2238 | LR: 0.000005
  >>> New Best Val Acc: 0.2087
Epoch [4/100] | SVD update #4: pairs=440, sweeps=3, converged=False, rel_change=8.938e-02, effective_ranks=(323, 31), class_paired=True
Epoch [4/100] | Loss: 7.5647 (Cls: 7.5566, TAL: -0.0682, Adv: 0.2035, OT-Reg: 0.001324) | OT inner objective: 0.2165 | Marginal residual row/col/max: 1.13e-08/1.10e-08/1.30e-08 | Train Acc: 0.1322 | Val Acc: 0.2261 | Val P/R/F1 (Macro): 0.3921/0.2594/0.1812 | LR: 0.000005
  >>> New Best Val Acc: 0.2261
Epoch [5/100] | SVD update #5: pairs=440, sweeps=3, converged=False, rel_change=2.965e-01, effective_ranks=(313, 30), class_paired=True
Epoch [5/100] | Loss: 7.1236 (Cls: 7.1067, TAL: 0.0111, Adv: 0.1946, OT-Reg: 0.001265) | OT inner objective: 0.2232 | Marginal residual row/col/max: 1.26e-08/1.82e-08/2.02e-08 | Train Acc: 0.1635 | Val Acc: 0.2348 | Val P/R/F1 (Macro): 0.2692/0.3271/0.2339 | LR: 0.000005
  >>> New Best Val Acc: 0.2348
Epoch [6/100] | SVD update #6: pairs=440, sweeps=3, converged=False, rel_change=1.895e-01, effective_ranks=(326, 31), class_paired=True
Epoch [6/100] | Loss: 7.0174 (Cls: 7.0135, TAL: -0.1004, Adv: 0.1996, OT-Reg: 0.001232) | OT inner objective: 0.2109 | Marginal residual row/col/max: 1.16e-08/2.01e-08/2.02e-08 | Train Acc: 0.1370 | Val Acc: 0.2261 | Val P/R/F1 (Macro): 0.3513/0.2387/0.2228 | LR: 0.000005
Epoch [7/100] | SVD update #7: pairs=440, sweeps=3, converged=False, rel_change=1.119e-01, effective_ranks=(324, 28), class_paired=True
Epoch [7/100] | Loss: 6.9076 (Cls: 6.8929, TAL: 0.0086, Adv: 0.1714, OT-Reg: 0.001371) | OT inner objective: 0.1370 | Marginal residual row/col/max: 6.01e-07/1.29e-08/6.03e-07 | Train Acc: 0.2019 | Val Acc: 0.2522 | Val P/R/F1 (Macro): 0.3441/0.1837/0.1790 | LR: 0.000005
  >>> New Best Val Acc: 0.2522
Epoch [8/100] | SVD update #8: pairs=440, sweeps=3, converged=False, rel_change=1.502e-01, effective_ranks=(320, 16), class_paired=True
Epoch [8/100] | Loss: 6.7213 (Cls: 6.7010, TAL: 0.0599, Adv: 0.1638, OT-Reg: 0.001349) | OT inner objective: 0.0773 | Marginal residual row/col/max: 2.39e-05/1.82e-08/2.39e-05 | Train Acc: 0.1995 | Val Acc: 0.2435 | Val P/R/F1 (Macro): 0.2947/0.2193/0.2098 | LR: 0.000005
Epoch [9/100] | SVD update #9: pairs=440, sweeps=3, converged=False, rel_change=1.190e-01, effective_ranks=(315, 19), class_paired=True
Epoch [9/100] | Loss: 6.8909 (Cls: 6.8734, TAL: 0.0142, Adv: 0.1971, OT-Reg: 0.001169) | OT inner objective: 0.0481 | Marginal residual row/col/max: 2.96e-05/1.42e-08/2.96e-05 | Train Acc: 0.1851 | Val Acc: 0.2261 | Val P/R/F1 (Macro): 0.1674/0.2232/0.1557 | LR: 0.000005
Epoch [10/100] | SVD update #10: pairs=440, sweeps=3, converged=False, rel_change=1.893e-01, effective_ranks=(317, 16), class_paired=True
Epoch [10/100] | Loss: 6.2995 (Cls: 6.2956, TAL: -0.1028, Adv: 0.2038, OT-Reg: 0.001270) | OT inner objective: 0.0035 | Marginal residual row/col/max: 5.29e-05/1.75e-08/5.29e-05 | Train Acc: 0.1875 | Val Acc: 0.3217 | Val P/R/F1 (Macro): 0.2780/0.3412/0.2633 | LR: 0.000005
  >>> New Best Val Acc: 0.3217
Epoch [11/100] | SVD update #11: pairs=440, sweeps=3, converged=False, rel_change=1.661e-02, effective_ranks=(325, 18), class_paired=True
Epoch [11/100] | Loss: 6.5598 (Cls: 6.5561, TAL: -0.1001, Adv: 0.1964, OT-Reg: 0.001310) | OT inner objective: 0.0573 | Marginal residual row/col/max: 1.18e-05/2.13e-08/1.18e-05 | Train Acc: 0.2019 | Val Acc: 0.4174 | Val P/R/F1 (Macro): 0.3701/0.3569/0.3049 | LR: 0.000005
  >>> New Best Val Acc: 0.4174
Epoch [12/100] | SVD update #12: pairs=440, sweeps=3, converged=False, rel_change=5.978e-02, effective_ranks=(323, 16), class_paired=True
Epoch [12/100] | Loss: 6.4502 (Cls: 6.4518, TAL: -0.1570, Adv: 0.2159, OT-Reg: 0.001330) | OT inner objective: -0.0179 | Marginal residual row/col/max: 1.67e-05/1.42e-08/1.67e-05 | Train Acc: 0.2668 | Val Acc: 0.3217 | Val P/R/F1 (Macro): 0.3269/0.3170/0.2346 | LR: 0.000005
Epoch [13/100] | SVD update #13: pairs=440, sweeps=3, converged=False, rel_change=3.368e-02, effective_ranks=(323, 15), class_paired=True
Epoch [13/100] | Loss: 6.1621 (Cls: 6.1447, TAL: 0.0040, Adv: 0.2109, OT-Reg: 0.001249) | OT inner objective: 0.0352 | Marginal residual row/col/max: 1.73e-05/1.83e-08/1.73e-05 | Train Acc: 0.2620 | Val Acc: 0.4435 | Val P/R/F1 (Macro): 0.5494/0.4439/0.4172 | LR: 0.000005
  >>> New Best Val Acc: 0.4435
Epoch [14/100] | SVD update #14: pairs=440, sweeps=3, converged=False, rel_change=9.102e-02, effective_ranks=(325, 20), class_paired=True
Epoch [14/100] | Loss: 6.0989 (Cls: 6.0878, TAL: -0.0701, Adv: 0.2436, OT-Reg: 0.001364) | OT inner objective: 0.0679 | Marginal residual row/col/max: 9.91e-07/1.86e-08/9.95e-07 | Train Acc: 0.2260 | Val Acc: 0.4087 | Val P/R/F1 (Macro): 0.3706/0.4461/0.3657 | LR: 0.000005
Epoch [15/100] | SVD update #15: pairs=440, sweeps=3, converged=False, rel_change=3.457e-01, effective_ranks=(327, 18), class_paired=True
Epoch [15/100] | Loss: 7.0076 (Cls: 7.0067, TAL: -0.1261, Adv: 0.2006, OT-Reg: 0.001281) | OT inner objective: 0.1060 | Marginal residual row/col/max: 1.15e-06/1.92e-08/1.15e-06 | Train Acc: 0.1947 | Val Acc: 0.1652 | Val P/R/F1 (Macro): 0.1334/0.3247/0.1635 | LR: 0.000005
Epoch [16/100] | SVD update #16: pairs=440, sweeps=3, converged=False, rel_change=2.414e-01, effective_ranks=(321, 18), class_paired=True
Epoch [16/100] | Loss: 6.5157 (Cls: 6.4948, TAL: 0.0543, Adv: 0.1793, OT-Reg: 0.001236) | OT inner objective: 0.1030 | Marginal residual row/col/max: 4.38e-05/1.43e-08/4.38e-05 | Train Acc: 0.1250 | Val Acc: 0.1565 | Val P/R/F1 (Macro): 0.1102/0.2063/0.1073 | LR: 0.000005
Epoch [17/100] | SVD update #17: pairs=440, sweeps=3, converged=False, rel_change=8.318e-02, effective_ranks=(313, 17), class_paired=True
Epoch [17/100] | Loss: 6.2796 (Cls: 6.2731, TAL: -0.0805, Adv: 0.2029, OT-Reg: 0.001250) | OT inner objective: -0.0019 | Marginal residual row/col/max: 5.88e-05/1.17e-08/5.88e-05 | Train Acc: 0.2308 | Val Acc: 0.2087 | Val P/R/F1 (Macro): 0.3924/0.2521/0.1895 | LR: 0.000005
Epoch [18/100] | SVD update #18: pairs=440, sweeps=3, converged=False, rel_change=3.184e-02, effective_ranks=(326, 20), class_paired=True
Epoch [18/100] | Loss: 6.2115 (Cls: 6.2069, TAL: -0.0801, Adv: 0.1775, OT-Reg: 0.001281) | OT inner objective: 0.1400 | Marginal residual row/col/max: 8.28e-06/1.59e-08/8.28e-06 | Train Acc: 0.1611 | Val Acc: 0.0870 | Val P/R/F1 (Macro): 0.1123/0.1416/0.0963 | LR: 0.000005
Epoch [19/100] | SVD update #19: pairs=440, sweeps=3, converged=False, rel_change=3.410e-01, effective_ranks=(321, 18), class_paired=True
Epoch [19/100] | Loss: 6.1563 (Cls: 6.1488, TAL: -0.0725, Adv: 0.2021, OT-Reg: 0.001225) | OT inner objective: 0.0284 | Marginal residual row/col/max: 9.14e-05/1.69e-08/9.14e-05 | Train Acc: 0.2043 | Val Acc: 0.1478 | Val P/R/F1 (Macro): 0.1545/0.1971/0.1107 | LR: 0.000005
Epoch [20/100] | SVD update #20: pairs=440, sweeps=3, converged=False, rel_change=1.152e-01, effective_ranks=(323, 16), class_paired=True
Epoch [20/100] | Loss: 5.8595 (Cls: 5.8587, TAL: -0.1156, Adv: 0.1826, OT-Reg: 0.001202) | OT inner objective: 0.0182 | Marginal residual row/col/max: 1.25e-04/1.48e-08/1.25e-04 | Train Acc: 0.2163 | Val Acc: 0.2870 | Val P/R/F1 (Macro): 0.2878/0.3068/0.2284 | LR: 0.000005
Epoch [21/100] | SVD update #21: pairs=440, sweeps=3, converged=False, rel_change=1.259e-02, effective_ranks=(326, 15), class_paired=True
Epoch [21/100] | Loss: 5.7497 (Cls: 5.7572, TAL: -0.1776, Adv: 0.1725, OT-Reg: 0.001254) | OT inner objective: 0.0034 | Marginal residual row/col/max: 4.65e-05/1.23e-08/4.65e-05 | Train Acc: 0.2236 | Val Acc: 0.1130 | Val P/R/F1 (Macro): 0.1973/0.2056/0.1318 | LR: 0.000005
Epoch [22/100] | SVD update #22: pairs=440, sweeps=3, converged=False, rel_change=2.138e-02, effective_ranks=(325, 22), class_paired=True
Epoch [22/100] | Loss: 6.1622 (Cls: 6.1679, TAL: -0.1742, Adv: 0.1907, OT-Reg: 0.001239) | OT inner objective: 0.0729 | Marginal residual row/col/max: 9.14e-06/1.86e-08/9.14e-06 | Train Acc: 0.1923 | Val Acc: 0.3043 | Val P/R/F1 (Macro): 0.3403/0.3393/0.2574 | LR: 0.000005
Epoch [23/100] | SVD update #23: pairs=440, sweeps=3, converged=False, rel_change=4.181e-02, effective_ranks=(319, 15), class_paired=True
Epoch [23/100] | Loss: 6.4995 (Cls: 6.4934, TAL: -0.1229, Adv: 0.2608, OT-Reg: 0.001160) | OT inner objective: -0.0118 | Marginal residual row/col/max: 2.55e-05/1.30e-08/2.55e-05 | Train Acc: 0.1611 | Val Acc: 0.1913 | Val P/R/F1 (Macro): 0.1679/0.1653/0.1285 | LR: 0.000005
Epoch [24/100] | SVD update #24: pairs=440, sweeps=3, converged=False, rel_change=4.626e-02, effective_ranks=(326, 20), class_paired=True
Epoch [24/100] | Loss: 6.1224 (Cls: 6.1117, TAL: -0.0191, Adv: 0.1617, OT-Reg: 0.001191) | OT inner objective: 0.0451 | Marginal residual row/col/max: 1.09e-05/1.09e-08/1.09e-05 | Train Acc: 0.1562 | Val Acc: 0.1826 | Val P/R/F1 (Macro): 0.2787/0.2619/0.1754 | LR: 0.000003
Epoch [25/100] | SVD update #25: pairs=440, sweeps=3, converged=False, rel_change=9.125e-02, effective_ranks=(324, 17), class_paired=True
Epoch [25/100] | Loss: 5.7743 (Cls: 5.7787, TAL: -0.1590, Adv: 0.1834, OT-Reg: 0.001146) | OT inner objective: -0.0224 | Marginal residual row/col/max: 4.61e-05/1.38e-08/4.61e-05 | Train Acc: 0.2356 | Val Acc: 0.2261 | Val P/R/F1 (Macro): 0.3407/0.3240/0.2114 | LR: 0.000003
Epoch [26/100] | SVD update #26: pairs=440, sweeps=3, converged=False, rel_change=4.729e-02, effective_ranks=(324, 17), class_paired=True
Epoch [26/100] | Loss: 5.9308 (Cls: 5.9320, TAL: -0.1491, Adv: 0.2082, OT-Reg: 0.001228) | OT inner objective: 0.0114 | Marginal residual row/col/max: 2.06e-05/1.17e-08/2.06e-05 | Train Acc: 0.2356 | Val Acc: 0.2348 | Val P/R/F1 (Macro): 0.2392/0.2144/0.1513 | LR: 0.000003
Epoch [27/100] | SVD update #27: pairs=440, sweeps=3, converged=False, rel_change=1.035e-01, effective_ranks=(319, 13), class_paired=True
Epoch [27/100] | Loss: 6.8006 (Cls: 6.7880, TAL: -0.0684, Adv: 0.2605, OT-Reg: 0.001218) | OT inner objective: 0.0409 | Marginal residual row/col/max: 5.61e-05/1.40e-08/5.61e-05 | Train Acc: 0.2764 | Val Acc: 0.1826 | Val P/R/F1 (Macro): 0.2944/0.3050/0.2006 | LR: 0.000003
Epoch [28/100] | SVD update #28: pairs=440, sweeps=3, converged=False, rel_change=5.880e-02, effective_ranks=(314, 14), class_paired=True
Epoch [28/100] | Loss: 6.3065 (Cls: 6.2927, TAL: -0.0070, Adv: 0.1821, OT-Reg: 0.001268) | OT inner objective: 0.0242 | Marginal residual row/col/max: 1.72e-05/1.07e-08/1.72e-05 | Train Acc: 0.2067 | Val Acc: 0.1826 | Val P/R/F1 (Macro): 0.2377/0.1720/0.1336 | LR: 0.000003
Epoch [29/100] | SVD update #29: pairs=440, sweeps=3, converged=False, rel_change=1.008e-01, effective_ranks=(320, 18), class_paired=True
Epoch [29/100] | Loss: 5.8759 (Cls: 5.8676, TAL: -0.0920, Adv: 0.2418, OT-Reg: 0.001286) | OT inner objective: 0.0387 | Marginal residual row/col/max: 4.66e-06/1.00e-08/4.66e-06 | Train Acc: 0.2067 | Val Acc: 0.1826 | Val P/R/F1 (Macro): 0.1320/0.2692/0.1594 | LR: 0.000003
Epoch [30/100] | SVD update #30: pairs=440, sweeps=3, converged=False, rel_change=1.962e-02, effective_ranks=(326, 20), class_paired=True
Epoch [30/100] | Loss: 5.6259 (Cls: 5.6298, TAL: -0.2010, Adv: 0.2529, OT-Reg: 0.001194) | OT inner objective: 0.0310 | Marginal residual row/col/max: 3.40e-06/1.68e-08/3.40e-06 | Train Acc: 0.2572 | Val Acc: 0.1565 | Val P/R/F1 (Macro): 0.2523/0.2163/0.1583 | LR: 0.000003
Epoch [31/100] | SVD update #31: pairs=440, sweeps=3, converged=False, rel_change=1.021e-01, effective_ranks=(321, 21), class_paired=True
Epoch [31/100] | Loss: 5.8750 (Cls: 5.8578, TAL: -0.0293, Adv: 0.2598, OT-Reg: 0.001271) | OT inner objective: 0.0543 | Marginal residual row/col/max: 4.02e-06/1.19e-08/4.02e-06 | Train Acc: 0.2019 | Val Acc: 0.1826 | Val P/R/F1 (Macro): 0.2670/0.2403/0.1607 | LR: 0.000003
Epoch [32/100] | SVD update #32: pairs=440, sweeps=3, converged=False, rel_change=1.581e-01, effective_ranks=(324, 23), class_paired=True
Epoch [32/100] | Loss: 5.6410 (Cls: 5.6077, TAL: 0.0310, Adv: 0.3695, OT-Reg: 0.001316) | OT inner objective: 0.0172 | Marginal residual row/col/max: 1.03e-05/1.26e-08/1.03e-05 | Train Acc: 0.2260 | Val Acc: 0.1217 | Val P/R/F1 (Macro): 0.1341/0.1811/0.1009 | LR: 0.000003
Epoch [33/100] | SVD update #33: pairs=440, sweeps=3, converged=False, rel_change=4.710e-02, effective_ranks=(324, 17), class_paired=True
Epoch [33/100] | Loss: 5.6701 (Cls: 5.6465, TAL: -0.0368, Adv: 0.3505, OT-Reg: 0.001091) | OT inner objective: 0.0614 | Marginal residual row/col/max: 1.02e-04/2.42e-08/1.02e-04 | Train Acc: 0.2236 | Val Acc: 0.3130 | Val P/R/F1 (Macro): 0.2321/0.2696/0.2280 | LR: 0.000003
Epoch [34/100] | SVD update #34: pairs=440, sweeps=3, converged=False, rel_change=5.666e-02, effective_ranks=(321, 18), class_paired=True
Epoch [34/100] | Loss: 5.5624 (Cls: 5.5607, TAL: -0.1538, Adv: 0.2515, OT-Reg: 0.001272) | OT inner objective: -0.0151 | Marginal residual row/col/max: 1.05e-05/1.49e-08/1.05e-05 | Train Acc: 0.2596 | Val Acc: 0.2435 | Val P/R/F1 (Macro): 0.4231/0.2206/0.2262 | LR: 0.000003
Epoch [35/100] | SVD update #35: pairs=440, sweeps=3, converged=False, rel_change=6.665e-02, effective_ranks=(324, 18), class_paired=True
Epoch [35/100] | Loss: 5.7103 (Cls: 5.7089, TAL: -0.1235, Adv: 0.2029, OT-Reg: 0.001225) | OT inner objective: 0.0116 | Marginal residual row/col/max: 2.25e-05/1.49e-08/2.25e-05 | Train Acc: 0.2548 | Val Acc: 0.2261 | Val P/R/F1 (Macro): 0.2741/0.3091/0.2231 | LR: 0.000001
Epoch [36/100] | SVD update #36: pairs=440, sweeps=3, converged=False, rel_change=5.254e-02, effective_ranks=(323, 19), class_paired=True
Epoch [36/100] | Loss: 6.0925 (Cls: 6.0811, TAL: -0.1560, Adv: 0.3770, OT-Reg: 0.001135) | OT inner objective: -0.0373 | Marginal residual row/col/max: 1.55e-04/1.82e-08/1.55e-04 | Train Acc: 0.1947 | Val Acc: 0.2174 | Val P/R/F1 (Macro): 0.2829/0.2807/0.2186 | LR: 0.000001
Epoch [37/100] | SVD update #37: pairs=440, sweeps=3, converged=False, rel_change=6.638e-03, effective_ranks=(323, 19), class_paired=True
Epoch [37/100] | Loss: 5.4592 (Cls: 5.4453, TAL: -0.1378, Adv: 0.3805, OT-Reg: 0.001221) | OT inner objective: -0.0415 | Marginal residual row/col/max: 6.26e-05/1.03e-08/6.26e-05 | Train Acc: 0.2380 | Val Acc: 0.2435 | Val P/R/F1 (Macro): 0.2037/0.2303/0.1728 | LR: 0.000001
Epoch [38/100] | SVD update #38: pairs=440, sweeps=3, converged=False, rel_change=3.480e-02, effective_ranks=(324, 23), class_paired=True
Epoch [38/100] | Loss: 5.6122 (Cls: 5.5907, TAL: -0.0248, Adv: 0.3058, OT-Reg: 0.001187) | OT inner objective: -0.0177 | Marginal residual row/col/max: 4.07e-05/1.19e-08/4.07e-05 | Train Acc: 0.1947 | Val Acc: 0.2522 | Val P/R/F1 (Macro): 0.1804/0.2280/0.1589 | LR: 0.000001
Epoch [39/100] | SVD update #39: pairs=440, sweeps=3, converged=False, rel_change=1.836e-02, effective_ranks=(325, 19), class_paired=True
Epoch [39/100] | Loss: 5.4526 (Cls: 5.4393, TAL: -0.1547, Adv: 0.3990, OT-Reg: 0.001201) | OT inner objective: 0.0327 | Marginal residual row/col/max: 7.11e-05/1.55e-08/7.11e-05 | Train Acc: 0.2620 | Val Acc: 0.3217 | Val P/R/F1 (Macro): 0.2131/0.2785/0.1869 | LR: 0.000001
Epoch [40/100] | SVD update #40: pairs=440, sweeps=3, converged=False, rel_change=2.755e-02, effective_ranks=(327, 20), class_paired=True
Epoch [40/100] | Loss: 5.4852 (Cls: 5.4771, TAL: -0.1624, Adv: 0.3458, OT-Reg: 0.001278) | OT inner objective: 0.0722 | Marginal residual row/col/max: 2.80e-06/1.20e-08/2.80e-06 | Train Acc: 0.2668 | Val Acc: 0.3217 | Val P/R/F1 (Macro): 0.1906/0.2812/0.2202 | LR: 0.000001
Epoch [41/100] | SVD update #41: pairs=440, sweeps=3, converged=False, rel_change=5.460e-02, effective_ranks=(325, 24), class_paired=True
Epoch [41/100] | Loss: 5.2831 (Cls: 5.2678, TAL: -0.1411, Adv: 0.4023, OT-Reg: 0.001254) | OT inner objective: 0.0463 | Marginal residual row/col/max: 8.44e-06/1.33e-08/8.44e-06 | Train Acc: 0.2885 | Val Acc: 0.2957 | Val P/R/F1 (Macro): 0.2843/0.3583/0.2582 | LR: 0.000001
Epoch [42/100] | SVD update #42: pairs=440, sweeps=3, converged=False, rel_change=1.779e-02, effective_ranks=(325, 24), class_paired=True
Epoch [42/100] | Loss: 5.5265 (Cls: 5.5045, TAL: -0.0692, Adv: 0.3790, OT-Reg: 0.001193) | OT inner objective: 0.0346 | Marginal residual row/col/max: 1.40e-05/1.35e-08/1.40e-05 | Train Acc: 0.2716 | Val Acc: 0.2000 | Val P/R/F1 (Macro): 0.3596/0.2805/0.2239 | LR: 0.000001
Epoch [43/100] | SVD update #43: pairs=440, sweeps=3, converged=False, rel_change=2.632e-02, effective_ranks=(324, 24), class_paired=True
Epoch [43/100] | Loss: 5.8111 (Cls: 5.7850, TAL: -0.1421, Adv: 0.5397, OT-Reg: 0.001117) | OT inner objective: 0.0413 | Marginal residual row/col/max: 4.08e-05/2.75e-08/4.08e-05 | Train Acc: 0.2524 | Val Acc: 0.2957 | Val P/R/F1 (Macro): 0.4011/0.2966/0.2610 | LR: 0.000001
Epoch [44/100] | SVD update #44: pairs=440, sweeps=3, converged=False, rel_change=5.386e-02, effective_ranks=(326, 24), class_paired=True
Epoch [44/100] | Loss: 5.3013 (Cls: 5.2882, TAL: -0.2185, Adv: 0.4910, OT-Reg: 0.001272) | OT inner objective: 0.0731 | Marginal residual row/col/max: 6.32e-07/1.85e-08/6.34e-07 | Train Acc: 0.3582 | Val Acc: 0.2696 | Val P/R/F1 (Macro): 0.3061/0.2918/0.2155 | LR: 0.000001
Epoch [45/100] | SVD update #45: pairs=440, sweeps=3, converged=False, rel_change=1.524e-02, effective_ranks=(326, 25), class_paired=True
Epoch [45/100] | Loss: 5.8628 (Cls: 5.8504, TAL: -0.1718, Adv: 0.4130, OT-Reg: 0.001259) | OT inner objective: 0.0672 | Marginal residual row/col/max: 4.55e-07/1.58e-08/4.57e-07 | Train Acc: 0.2620 | Val Acc: 0.1565 | Val P/R/F1 (Macro): 0.0959/0.1811/0.1051 | LR: 0.000001
Epoch [46/100] | SVD update #46: pairs=440, sweeps=3, converged=False, rel_change=2.516e-02, effective_ranks=(325, 23), class_paired=True
Epoch [46/100] | Loss: 5.3692 (Cls: 5.3358, TAL: -0.1352, Adv: 0.6197, OT-Reg: 0.001196) | OT inner objective: 0.1255 | Marginal residual row/col/max: 2.54e-08/1.92e-08/2.85e-08 | Train Acc: 0.3125 | Val Acc: 0.2696 | Val P/R/F1 (Macro): 0.3598/0.3881/0.2912 | LR: 0.000001
Epoch [47/100] | SVD update #47: pairs=440, sweeps=3, converged=False, rel_change=3.482e-02, effective_ranks=(326, 26), class_paired=True
Epoch [47/100] | Loss: 5.3379 (Cls: 5.3198, TAL: -0.1285, Adv: 0.4195, OT-Reg: 0.001240) | OT inner objective: 0.0951 | Marginal residual row/col/max: 1.51e-05/1.42e-08/1.51e-05 | Train Acc: 0.3197 | Val Acc: 0.2609 | Val P/R/F1 (Macro): 0.3936/0.2827/0.2670 | LR: 0.000001
Epoch [48/100] | SVD update #48: pairs=440, sweeps=3, converged=False, rel_change=4.223e-02, effective_ranks=(325, 29), class_paired=True
Epoch [48/100] | Loss: 5.4564 (Cls: 5.4370, TAL: -0.1284, Adv: 0.4346, OT-Reg: 0.001285) | OT inner objective: 0.0678 | Marginal residual row/col/max: 1.54e-07/1.10e-08/1.55e-07 | Train Acc: 0.3101 | Val Acc: 0.2435 | Val P/R/F1 (Macro): 0.2238/0.2854/0.2121 | LR: 0.000001
Epoch [49/100] | SVD update #49: pairs=440, sweeps=3, converged=False, rel_change=3.899e-02, effective_ranks=(324, 26), class_paired=True
Epoch [49/100] | Loss: 5.8156 (Cls: 5.7936, TAL: -0.0945, Adv: 0.4164, OT-Reg: 0.001203) | OT inner objective: 0.1062 | Marginal residual row/col/max: 2.64e-06/1.38e-08/2.64e-06 | Train Acc: 0.3125 | Val Acc: 0.3304 | Val P/R/F1 (Macro): 0.4094/0.2931/0.2842 | LR: 0.000001
Epoch [50/100] | SVD update #50: pairs=440, sweeps=3, converged=False, rel_change=2.971e-02, effective_ranks=(326, 26), class_paired=True
Epoch [50/100] | Loss: 8.2736 (Cls: 8.2473, TAL: -0.1174, Adv: 0.5043, OT-Reg: 0.001209) | OT inner objective: 0.0839 | Marginal residual row/col/max: 1.20e-05/1.20e-08/1.20e-05 | Train Acc: 0.1154 | Val Acc: 0.1913 | Val P/R/F1 (Macro): 0.1511/0.1547/0.1344 | LR: 0.000001
Epoch [51/100] | SVD update #51: pairs=440, sweeps=3, converged=False, rel_change=5.328e-02, effective_ranks=(325, 25), class_paired=True
Epoch [51/100] | Loss: 6.6722 (Cls: 6.6304, TAL: -0.0308, Adv: 0.5679, OT-Reg: 0.001111) | OT inner objective: 0.1085 | Marginal residual row/col/max: 1.30e-05/1.42e-08/1.30e-05 | Train Acc: 0.1298 | Val Acc: 0.1826 | Val P/R/F1 (Macro): 0.1296/0.1745/0.1409 | LR: 0.000001
Epoch [52/100] | SVD update #52: pairs=440, sweeps=3, converged=False, rel_change=7.408e-02, effective_ranks=(326, 23), class_paired=True
Epoch [52/100] | Loss: 6.2273 (Cls: 6.2053, TAL: -0.1048, Adv: 0.4319, OT-Reg: 0.001212) | OT inner objective: 0.0192 | Marginal residual row/col/max: 9.98e-06/1.40e-08/9.98e-06 | Train Acc: 0.1995 | Val Acc: 0.1565 | Val P/R/F1 (Macro): 0.1304/0.1977/0.1215 | LR: 0.000001
Epoch [53/100] | SVD update #53: pairs=440, sweeps=3, converged=False, rel_change=1.827e-02, effective_ranks=(326, 23), class_paired=True
Epoch [53/100] | Loss: 6.0702 (Cls: 6.0449, TAL: -0.0698, Adv: 0.4208, OT-Reg: 0.001236) | OT inner objective: 0.0109 | Marginal residual row/col/max: 3.88e-05/1.07e-08/3.88e-05 | Train Acc: 0.2091 | Val Acc: 0.1391 | Val P/R/F1 (Macro): 0.1457/0.1802/0.1241 | LR: 0.000001
Epoch [54/100] | SVD update #54: pairs=440, sweeps=3, converged=False, rel_change=3.480e-02, effective_ranks=(324, 23), class_paired=True
Epoch [54/100] | Loss: 5.5651 (Cls: 5.5587, TAL: -0.2321, Adv: 0.4287, OT-Reg: 0.001268) | OT inner objective: 0.0034 | Marginal residual row/col/max: 1.24e-05/1.03e-08/1.24e-05 | Train Acc: 0.2188 | Val Acc: 0.1391 | Val P/R/F1 (Macro): 0.1709/0.1869/0.1174 | LR: 0.000001
Epoch [55/100] | SVD update #55: pairs=440, sweeps=3, converged=False, rel_change=2.795e-02, effective_ranks=(322, 24), class_paired=True
Epoch [55/100] | Loss: 5.5349 (Cls: 5.5111, TAL: -0.1141, Adv: 0.4687, OT-Reg: 0.001288) | OT inner objective: 0.1028 | Marginal residual row/col/max: 1.22e-06/1.22e-08/1.23e-06 | Train Acc: 0.1923 | Val Acc: 0.2522 | Val P/R/F1 (Macro): 0.2215/0.2730/0.2002 | LR: 0.000001
Epoch [56/100] | SVD update #56: pairs=440, sweeps=3, converged=False, rel_change=3.089e-02, effective_ranks=(326, 31), class_paired=True
Epoch [56/100] | Loss: 5.5918 (Cls: 5.5730, TAL: -0.1377, Adv: 0.4418, OT-Reg: 0.001326) | OT inner objective: 0.0876 | Marginal residual row/col/max: 9.38e-08/1.16e-08/9.51e-08 | Train Acc: 0.1923 | Val Acc: 0.0696 | Val P/R/F1 (Macro): 0.1741/0.1341/0.0541 | LR: 0.000001
Epoch [57/100] | SVD update #57: pairs=440, sweeps=3, converged=False, rel_change=7.195e-02, effective_ranks=(327, 34), class_paired=True
Epoch [57/100] | Loss: 6.0510 (Cls: 6.0294, TAL: -0.1735, Adv: 0.5298, OT-Reg: 0.001260) | OT inner objective: 0.0458 | Marginal residual row/col/max: 4.98e-07/2.13e-08/5.00e-07 | Train Acc: 0.1851 | Val Acc: 0.2087 | Val P/R/F1 (Macro): 0.2035/0.1652/0.1474 | LR: 0.000001
Epoch [58/100] | SVD update #58: pairs=440, sweeps=3, converged=False, rel_change=3.045e-02, effective_ranks=(325, 27), class_paired=True
Epoch [58/100] | Loss: 5.5599 (Cls: 5.5298, TAL: -0.1590, Adv: 0.6157, OT-Reg: 0.001211) | OT inner objective: 0.0450 | Marginal residual row/col/max: 9.85e-06/1.12e-08/9.85e-06 | Train Acc: 0.2188 | Val Acc: 0.0609 | Val P/R/F1 (Macro): 0.1183/0.1282/0.0432 | LR: 0.000001
Epoch [59/100] | SVD update #59: pairs=440, sweeps=3, converged=False, rel_change=4.290e-02, effective_ranks=(327, 26), class_paired=True
Epoch [59/100] | Loss: 6.0073 (Cls: 6.0022, TAL: -0.2375, Adv: 0.4199, OT-Reg: 0.001258) | OT inner objective: 0.0540 | Marginal residual row/col/max: 1.65e-05/1.65e-08/1.65e-05 | Train Acc: 0.2260 | Val Acc: 0.1043 | Val P/R/F1 (Macro): 0.2160/0.1971/0.1108 | LR: 0.000001
Epoch [60/100] | SVD update #60: pairs=440, sweeps=3, converged=False, rel_change=9.473e-03, effective_ranks=(326, 27), class_paired=True
Epoch [60/100] | Loss: 5.9728 (Cls: 5.9623, TAL: -0.1985, Adv: 0.4291, OT-Reg: 0.001300) | OT inner objective: 0.0455 | Marginal residual row/col/max: 3.43e-06/1.25e-08/3.43e-06 | Train Acc: 0.2885 | Val Acc: 0.1304 | Val P/R/F1 (Macro): 0.2048/0.2555/0.1578 | LR: 0.000001
Epoch [61/100] | SVD update #61: pairs=440, sweeps=3, converged=False, rel_change=1.177e-02, effective_ranks=(327, 27), class_paired=True
Epoch [61/100] | Loss: 6.0872 (Cls: 6.0637, TAL: -0.1363, Adv: 0.4973, OT-Reg: 0.001162) | OT inner objective: 0.0925 | Marginal residual row/col/max: 7.90e-06/1.73e-08/7.91e-06 | Train Acc: 0.2572 | Val Acc: 0.1913 | Val P/R/F1 (Macro): 0.2603/0.2744/0.2096 | LR: 0.000001
Epoch [62/100] | SVD update #62: pairs=440, sweeps=3, converged=False, rel_change=1.001e-01, effective_ranks=(323, 29), class_paired=True
Epoch [62/100] | Loss: 5.4804 (Cls: 5.4422, TAL: -0.0369, Adv: 0.5327, OT-Reg: 0.001274) | OT inner objective: 0.0701 | Marginal residual row/col/max: 2.55e-05/1.19e-08/2.55e-05 | Train Acc: 0.2404 | Val Acc: 0.2261 | Val P/R/F1 (Macro): 0.1792/0.2460/0.1950 | LR: 0.000001
Epoch [63/100] | SVD update #63: pairs=440, sweeps=3, converged=False, rel_change=1.104e-02, effective_ranks=(321, 27), class_paired=True
Epoch [63/100] | Loss: 5.4948 (Cls: 5.4666, TAL: -0.0609, Adv: 0.4434, OT-Reg: 0.001231) | OT inner objective: 0.0543 | Marginal residual row/col/max: 5.16e-05/1.22e-08/5.16e-05 | Train Acc: 0.2356 | Val Acc: 0.1826 | Val P/R/F1 (Macro): 0.2163/0.2544/0.1907 | LR: 0.000001
Epoch [64/100] | SVD update #64: pairs=440, sweeps=3, converged=False, rel_change=6.607e-02, effective_ranks=(323, 29), class_paired=True
Epoch [64/100] | Loss: 5.3501 (Cls: 5.3221, TAL: -0.2314, Adv: 0.6975, OT-Reg: 0.001288) | OT inner objective: 0.0637 | Marginal residual row/col/max: 1.58e-06/1.22e-08/1.58e-06 | Train Acc: 0.2957 | Val Acc: 0.2000 | Val P/R/F1 (Macro): 0.2396/0.2929/0.2026 | LR: 0.000001
Epoch [65/100] | SVD update #65: pairs=440, sweeps=3, converged=False, rel_change=1.539e-02, effective_ranks=(324, 29), class_paired=True
Epoch [65/100] | Loss: 5.6959 (Cls: 5.6734, TAL: -0.1396, Adv: 0.4909, OT-Reg: 0.001272) | OT inner objective: 0.1083 | Marginal residual row/col/max: 2.83e-06/1.13e-08/2.83e-06 | Train Acc: 0.3365 | Val Acc: 0.2348 | Val P/R/F1 (Macro): 0.2862/0.2973/0.2472 | LR: 0.000001
Epoch [66/100] | SVD update #66: pairs=440, sweeps=3, converged=False, rel_change=5.314e-02, effective_ranks=(326, 33), class_paired=True
Epoch [66/100] | Loss: 5.6521 (Cls: 5.6374, TAL: -0.1504, Adv: 0.4099, OT-Reg: 0.001311) | OT inner objective: 0.0172 | Marginal residual row/col/max: 1.58e-05/1.02e-08/1.58e-05 | Train Acc: 0.3341 | Val Acc: 0.1304 | Val P/R/F1 (Macro): 0.1895/0.2113/0.1431 | LR: 0.000001
Epoch [67/100] | SVD update #67: pairs=440, sweeps=3, converged=False, rel_change=4.746e-02, effective_ranks=(324, 31), class_paired=True
Epoch [67/100] | Loss: 5.6793 (Cls: 5.6660, TAL: -0.1893, Adv: 0.4495, OT-Reg: 0.001307) | OT inner objective: 0.0402 | Marginal residual row/col/max: 7.12e-07/1.13e-08/7.12e-07 | Train Acc: 0.2764 | Val Acc: 0.2000 | Val P/R/F1 (Macro): 0.2231/0.2945/0.2127 | LR: 0.000001
Epoch [68/100] | SVD update #68: pairs=440, sweeps=3, converged=False, rel_change=3.460e-02, effective_ranks=(323, 29), class_paired=True
Epoch [68/100] | Loss: 5.6415 (Cls: 5.6221, TAL: -0.1265, Adv: 0.4325, OT-Reg: 0.001299) | OT inner objective: 0.1007 | Marginal residual row/col/max: 6.38e-08/1.15e-08/6.46e-08 | Train Acc: 0.2596 | Val Acc: 0.2696 | Val P/R/F1 (Macro): 0.2373/0.3538/0.2483 | LR: 0.000001
Epoch [69/100] | SVD update #69: pairs=440, sweeps=3, converged=False, rel_change=1.823e-02, effective_ranks=(323, 32), class_paired=True
Epoch [69/100] | Loss: 5.5327 (Cls: 5.5064, TAL: -0.1631, Adv: 0.5734, OT-Reg: 0.001247) | OT inner objective: 0.0432 | Marginal residual row/col/max: 1.25e-05/1.40e-08/1.25e-05 | Train Acc: 0.3173 | Val Acc: 0.1652 | Val P/R/F1 (Macro): 0.2267/0.2915/0.1975 | LR: 0.000001
Epoch [70/100] | SVD update #70: pairs=440, sweeps=3, converged=False, rel_change=4.807e-02, effective_ranks=(325, 32), class_paired=True
Epoch [70/100] | Loss: 5.6317 (Cls: 5.6064, TAL: -0.1654, Adv: 0.5642, OT-Reg: 0.001268) | OT inner objective: 0.0625 | Marginal residual row/col/max: 5.30e-07/1.53e-08/5.31e-07 | Train Acc: 0.2909 | Val Acc: 0.1739 | Val P/R/F1 (Macro): 0.2924/0.2813/0.2144 | LR: 0.000001
Epoch [71/100] | SVD update #71: pairs=440, sweeps=3, converged=False, rel_change=1.400e-02, effective_ranks=(322, 27), class_paired=True
Epoch [71/100] | Loss: 5.6950 (Cls: 5.6799, TAL: -0.1723, Adv: 0.4460, OT-Reg: 0.001243) | OT inner objective: 0.0864 | Marginal residual row/col/max: 3.03e-06/1.39e-08/3.03e-06 | Train Acc: 0.2909 | Val Acc: 0.1478 | Val P/R/F1 (Macro): 0.2619/0.2268/0.1651 | LR: 0.000001
Epoch [72/100] | SVD update #72: pairs=440, sweeps=3, converged=False, rel_change=1.456e-02, effective_ranks=(320, 28), class_paired=True
Epoch [72/100] | Loss: 5.5270 (Cls: 5.4978, TAL: -0.1349, Adv: 0.5672, OT-Reg: 0.001273) | OT inner objective: 0.0712 | Marginal residual row/col/max: 5.42e-05/1.26e-08/5.42e-05 | Train Acc: 0.2716 | Val Acc: 0.1478 | Val P/R/F1 (Macro): 0.2415/0.2084/0.1429 | LR: 0.000001
Epoch [73/100] | SVD update #73: pairs=440, sweeps=3, converged=False, rel_change=1.022e-02, effective_ranks=(324, 27), class_paired=True
Epoch [73/100] | Loss: 5.6153 (Cls: 5.5921, TAL: -0.1432, Adv: 0.5049, OT-Reg: 0.001344) | OT inner objective: 0.0817 | Marginal residual row/col/max: 3.13e-07/1.16e-08/3.15e-07 | Train Acc: 0.3005 | Val Acc: 0.1304 | Val P/R/F1 (Macro): 0.1709/0.1924/0.1150 | LR: 0.000001
Epoch [74/100] | SVD update #74: pairs=440, sweeps=3, converged=False, rel_change=2.756e-02, effective_ranks=(324, 27), class_paired=True
Epoch [74/100] | Loss: 5.5485 (Cls: 5.5195, TAL: -0.1054, Adv: 0.5214, OT-Reg: 0.001250) | OT inner objective: 0.0493 | Marginal residual row/col/max: 1.46e-06/1.12e-08/1.47e-06 | Train Acc: 0.2788 | Val Acc: 0.1391 | Val P/R/F1 (Macro): 0.2470/0.2136/0.1439 | LR: 0.000001
Epoch [75/100] | SVD update #75: pairs=440, sweeps=3, converged=False, rel_change=2.420e-02, effective_ranks=(322, 28), class_paired=True
Epoch [75/100] | Loss: 5.7578 (Cls: 5.7363, TAL: -0.1116, Adv: 0.4363, OT-Reg: 0.001268) | OT inner objective: 0.0946 | Marginal residual row/col/max: 5.00e-07/1.48e-08/5.02e-07 | Train Acc: 0.2236 | Val Acc: 0.1478 | Val P/R/F1 (Macro): 0.1480/0.2238/0.1248 | LR: 0.000001
Epoch [76/100] | SVD update #76: pairs=440, sweeps=3, converged=False, rel_change=1.119e-02, effective_ranks=(320, 29), class_paired=True
Epoch [76/100] | Loss: 5.5232 (Cls: 5.4943, TAL: -0.0995, Adv: 0.5108, OT-Reg: 0.001297) | OT inner objective: 0.0898 | Marginal residual row/col/max: 2.11e-06/1.35e-08/2.11e-06 | Train Acc: 0.2716 | Val Acc: 0.1652 | Val P/R/F1 (Macro): 0.1817/0.2089/0.1374 | LR: 0.000001
Epoch [77/100] | SVD update #77: pairs=440, sweeps=3, converged=False, rel_change=2.582e-02, effective_ranks=(321, 25), class_paired=True
Epoch [77/100] | Loss: 5.6285 (Cls: 5.6088, TAL: -0.1523, Adv: 0.4752, OT-Reg: 0.001317) | OT inner objective: 0.0694 | Marginal residual row/col/max: 2.10e-07/1.07e-08/2.10e-07 | Train Acc: 0.2404 | Val Acc: 0.1304 | Val P/R/F1 (Macro): 0.2692/0.2159/0.1614 | LR: 0.000001
Epoch [78/100] | SVD update #78: pairs=440, sweeps=3, converged=False, rel_change=5.600e-03, effective_ranks=(324, 29), class_paired=True
Epoch [78/100] | Loss: 5.5817 (Cls: 5.5465, TAL: -0.1208, Adv: 0.6209, OT-Reg: 0.001266) | OT inner objective: 0.0954 | Marginal residual row/col/max: 2.51e-07/1.48e-08/2.54e-07 | Train Acc: 0.2837 | Val Acc: 0.1130 | Val P/R/F1 (Macro): 0.1580/0.1525/0.1154 | LR: 0.000001
Epoch [79/100] | SVD update #79: pairs=440, sweeps=3, converged=False, rel_change=5.943e-03, effective_ranks=(322, 31), class_paired=True
Epoch [79/100] | Loss: 5.7091 (Cls: 5.6752, TAL: -0.0556, Adv: 0.5067, OT-Reg: 0.001262) | OT inner objective: 0.0866 | Marginal residual row/col/max: 1.02e-07/1.10e-08/1.03e-07 | Train Acc: 0.2452 | Val Acc: 0.1391 | Val P/R/F1 (Macro): 0.1892/0.2012/0.1194 | LR: 0.000001
Epoch [80/100] | SVD update #80: pairs=440, sweeps=3, converged=False, rel_change=8.907e-03, effective_ranks=(324, 30), class_paired=True
Epoch [80/100] | Loss: 5.7431 (Cls: 5.7202, TAL: -0.1525, Adv: 0.5138, OT-Reg: 0.001324) | OT inner objective: 0.0356 | Marginal residual row/col/max: 4.09e-06/1.12e-08/4.09e-06 | Train Acc: 0.2981 | Val Acc: 0.1217 | Val P/R/F1 (Macro): 0.2049/0.1552/0.1212 | LR: 0.000001
Epoch [81/100] | SVD update #81: pairs=440, sweeps=3, converged=False, rel_change=1.114e-02, effective_ranks=(325, 32), class_paired=True
Epoch [81/100] | Loss: 5.5560 (Cls: 5.5149, TAL: -0.0586, Adv: 0.6011, OT-Reg: 0.001339) | OT inner objective: 0.1447 | Marginal residual row/col/max: 1.06e-08/1.06e-08/1.19e-08 | Train Acc: 0.3053 | Val Acc: 0.1217 | Val P/R/F1 (Macro): 0.1652/0.1846/0.1052 | LR: 0.000001
Epoch [82/100] | SVD update #82: pairs=440, sweeps=3, converged=False, rel_change=2.320e-02, effective_ranks=(324, 30), class_paired=True
Epoch [82/100] | Loss: 5.5475 (Cls: 5.5342, TAL: -0.1954, Adv: 0.4594, OT-Reg: 0.001285) | OT inner objective: 0.1095 | Marginal residual row/col/max: 4.64e-07/1.25e-08/4.65e-07 | Train Acc: 0.2885 | Val Acc: 0.2435 | Val P/R/F1 (Macro): 0.2784/0.3463/0.2536 | LR: 0.000001
Epoch [83/100] | SVD update #83: pairs=440, sweeps=3, converged=False, rel_change=5.572e-02, effective_ranks=(324, 33), class_paired=True
Epoch [83/100] | Loss: 5.5897 (Cls: 5.5575, TAL: -0.0488, Adv: 0.4750, OT-Reg: 0.001224) | OT inner objective: 0.0782 | Marginal residual row/col/max: 1.09e-06/1.59e-08/1.10e-06 | Train Acc: 0.2644 | Val Acc: 0.0957 | Val P/R/F1 (Macro): 0.1352/0.1166/0.0966 | LR: 0.000001
Epoch [84/100] | SVD update #84: pairs=440, sweeps=3, converged=False, rel_change=1.690e-02, effective_ranks=(323, 31), class_paired=True
Epoch [84/100] | Loss: 5.3900 (Cls: 5.3477, TAL: -0.1424, Adv: 0.7429, OT-Reg: 0.001255) | OT inner objective: 0.0694 | Marginal residual row/col/max: 2.94e-05/1.32e-08/2.94e-05 | Train Acc: 0.2812 | Val Acc: 0.2000 | Val P/R/F1 (Macro): 0.1849/0.2501/0.1689 | LR: 0.000001
Epoch [85/100] | SVD update #85: pairs=440, sweeps=3, converged=False, rel_change=1.027e-02, effective_ranks=(321, 28), class_paired=True
Epoch [85/100] | Loss: 5.4845 (Cls: 5.4488, TAL: -0.0853, Adv: 0.5746, OT-Reg: 0.001291) | OT inner objective: 0.0147 | Marginal residual row/col/max: 1.40e-06/1.35e-08/1.40e-06 | Train Acc: 0.3293 | Val Acc: 0.1652 | Val P/R/F1 (Macro): 0.1891/0.1833/0.1380 | LR: 0.000001
Epoch [86/100] | SVD update #86: pairs=440, sweeps=3, converged=False, rel_change=5.307e-03, effective_ranks=(323, 28), class_paired=True
Epoch [86/100] | Loss: 5.2952 (Cls: 5.2851, TAL: -0.1802, Adv: 0.3971, OT-Reg: 0.001306) | OT inner objective: 0.0430 | Marginal residual row/col/max: 1.86e-05/1.17e-08/1.86e-05 | Train Acc: 0.3365 | Val Acc: 0.1652 | Val P/R/F1 (Macro): 0.3174/0.2410/0.1724 | LR: 0.000001
Epoch [87/100] | SVD update #87: pairs=440, sweeps=3, converged=False, rel_change=2.823e-02, effective_ranks=(322, 30), class_paired=True
Epoch [87/100] | Loss: 5.4322 (Cls: 5.4221, TAL: -0.2076, Adv: 0.4372, OT-Reg: 0.001187) | OT inner objective: 0.0674 | Marginal residual row/col/max: 1.01e-06/1.48e-08/1.01e-06 | Train Acc: 0.2572 | Val Acc: 0.1826 | Val P/R/F1 (Macro): 0.2812/0.2328/0.1976 | LR: 0.000001
Epoch [88/100] | SVD update #88: pairs=440, sweeps=3, converged=False, rel_change=4.667e-02, effective_ranks=(323, 33), class_paired=True
Epoch [88/100] | Loss: 5.5769 (Cls: 5.5356, TAL: -0.0873, Adv: 0.6468, OT-Reg: 0.001361) | OT inner objective: 0.0887 | Marginal residual row/col/max: 6.86e-08/1.20e-08/6.99e-08 | Train Acc: 0.2861 | Val Acc: 0.1913 | Val P/R/F1 (Macro): 0.3781/0.2556/0.2339 | LR: 0.000001
Epoch [89/100] | SVD update #89: pairs=440, sweeps=3, converged=False, rel_change=1.338e-02, effective_ranks=(327, 30), class_paired=True
Epoch [89/100] | Loss: 5.3388 (Cls: 5.2955, TAL: -0.1153, Adv: 0.7149, OT-Reg: 0.001305) | OT inner objective: 0.0694 | Marginal residual row/col/max: 9.37e-07/1.09e-08/9.38e-07 | Train Acc: 0.3245 | Val Acc: 0.1565 | Val P/R/F1 (Macro): 0.2975/0.2457/0.1909 | LR: 0.000001
Epoch [90/100] | SVD update #90: pairs=440, sweeps=3, converged=False, rel_change=1.804e-02, effective_ranks=(325, 29), class_paired=True
Epoch [90/100] | Loss: 5.1770 (Cls: 5.1594, TAL: -0.1999, Adv: 0.5194, OT-Reg: 0.001296) | OT inner objective: -0.0403 | Marginal residual row/col/max: 1.23e-06/1.12e-08/1.23e-06 | Train Acc: 0.3101 | Val Acc: 0.1217 | Val P/R/F1 (Macro): 0.1829/0.1919/0.1168 | LR: 0.000001
Epoch [91/100] | SVD update #91: pairs=440, sweeps=3, converged=False, rel_change=3.998e-02, effective_ranks=(324, 33), class_paired=True
Epoch [91/100] | Loss: 5.3858 (Cls: 5.3682, TAL: -0.1425, Adv: 0.4340, OT-Reg: 0.001309) | OT inner objective: 0.0993 | Marginal residual row/col/max: 8.27e-08/1.02e-08/8.28e-08 | Train Acc: 0.3221 | Val Acc: 0.1478 | Val P/R/F1 (Macro): 0.2235/0.2009/0.1326 | LR: 0.000001
Epoch [92/100] | SVD update #92: pairs=440, sweeps=3, converged=False, rel_change=1.562e-02, effective_ranks=(324, 28), class_paired=True
Epoch [92/100] | Loss: 5.2871 (Cls: 5.2589, TAL: -0.1426, Adv: 0.5666, OT-Reg: 0.001252) | OT inner objective: 0.0462 | Marginal residual row/col/max: 5.64e-06/1.22e-08/5.65e-06 | Train Acc: 0.2981 | Val Acc: 0.2174 | Val P/R/F1 (Macro): 0.2065/0.2182/0.1747 | LR: 0.000001
Epoch [93/100] | SVD update #93: pairs=440, sweeps=3, converged=False, rel_change=1.861e-02, effective_ranks=(325, 34), class_paired=True
Epoch [93/100] | Loss: 5.3074 (Cls: 5.2822, TAL: -0.1564, Adv: 0.5491, OT-Reg: 0.001311) | OT inner objective: -0.0096 | Marginal residual row/col/max: 3.27e-06/1.30e-08/3.27e-06 | Train Acc: 0.2596 | Val Acc: 0.1130 | Val P/R/F1 (Macro): 0.1036/0.1360/0.0902 | LR: 0.000001
Epoch [94/100] | SVD update #94: pairs=440, sweeps=3, converged=False, rel_change=4.171e-02, effective_ranks=(326, 32), class_paired=True
Epoch [94/100] | Loss: 5.6456 (Cls: 5.6101, TAL: -0.1393, Adv: 0.6525, OT-Reg: 0.001241) | OT inner objective: 0.0125 | Marginal residual row/col/max: 2.80e-07/1.29e-08/2.81e-07 | Train Acc: 0.3053 | Val Acc: 0.1217 | Val P/R/F1 (Macro): 0.1418/0.1862/0.1098 | LR: 0.000001
Epoch [95/100] | SVD update #95: pairs=440, sweeps=3, converged=False, rel_change=2.784e-02, effective_ranks=(326, 37), class_paired=True
Epoch [95/100] | Loss: 5.4882 (Cls: 5.4772, TAL: -0.1717, Adv: 0.3958, OT-Reg: 0.001227) | OT inner objective: 0.0533 | Marginal residual row/col/max: 1.08e-07/1.71e-08/1.13e-07 | Train Acc: 0.2668 | Val Acc: 0.2087 | Val P/R/F1 (Macro): 0.2350/0.2042/0.1788 | LR: 0.000001
Epoch [96/100] | SVD update #96: pairs=440, sweeps=3, converged=False, rel_change=4.252e-02, effective_ranks=(324, 34), class_paired=True
Epoch [96/100] | Loss: 5.4477 (Cls: 5.4092, TAL: -0.1178, Adv: 0.6583, OT-Reg: 0.001310) | OT inner objective: 0.0707 | Marginal residual row/col/max: 2.79e-08/1.29e-08/2.99e-08 | Train Acc: 0.3077 | Val Acc: 0.1043 | Val P/R/F1 (Macro): 0.1406/0.1457/0.0921 | LR: 0.000001
Epoch [97/100] | SVD update #97: pairs=440, sweeps=3, converged=False, rel_change=1.492e-01, effective_ranks=(322, 35), class_paired=True
Epoch [97/100] | Loss: 7.9807 (Cls: 7.9482, TAL: 0.0241, Adv: 0.3696, OT-Reg: 0.001255) | OT inner objective: 0.0449 | Marginal residual row/col/max: 4.04e-07/1.23e-08/4.05e-07 | Train Acc: 0.3005 | Val Acc: 0.2000 | Val P/R/F1 (Macro): 0.2348/0.2360/0.1741 | LR: 0.000001
Epoch [98/100] | SVD update #98: pairs=440, sweeps=3, converged=False, rel_change=1.980e-02, effective_ranks=(325, 36), class_paired=True
Epoch [98/100] | Loss: 7.9110 (Cls: 7.8684, TAL: 0.0238, Adv: 0.4976, OT-Reg: 0.001253) | OT inner objective: 0.0413 | Marginal residual row/col/max: 1.30e-05/2.05e-08/1.30e-05 | Train Acc: 0.3630 | Val Acc: 0.1565 | Val P/R/F1 (Macro): 0.2687/0.2324/0.1784 | LR: 0.000001
Epoch [99/100] | SVD update #99: pairs=440, sweeps=3, converged=False, rel_change=8.838e-02, effective_ranks=(323, 40), class_paired=True
Epoch [99/100] | Loss: 8.1488 (Cls: 8.0867, TAL: 0.0735, Adv: 0.6653, OT-Reg: 0.001127) | OT inner objective: 0.1206 | Marginal residual row/col/max: 1.81e-06/1.56e-08/1.81e-06 | Train Acc: 0.2572 | Val Acc: 0.1565 | Val P/R/F1 (Macro): 0.1699/0.1638/0.1317 | LR: 0.000001
Epoch [100/100] | SVD update #100: pairs=440, sweeps=3, converged=False, rel_change=3.489e-02, effective_ranks=(324, 43), class_paired=True
Epoch [100/100] | Loss: 8.0083 (Cls: 7.9456, TAL: 0.1504, Adv: 0.5582, OT-Reg: 0.001230) | OT inner objective: 0.1247 | Marginal residual row/col/max: 1.13e-08/1.38e-08/1.52e-08 | Train Acc: 0.2067 | Val Acc: 0.0870 | Val P/R/F1 (Macro): 0.2400/0.0738/0.0698 | LR: 0.000001
Report strategy: last_window, window=10, reported_acc=0.1513, best_acc=0.4435

迭代 5 报告指标:
  Accuracy: 0.1513
  Precision (Macro): 0.1964
  Recall (Macro): 0.1797
  F1 (Macro): 0.1332
  Precision (Micro): 0.1513
  Recall (Micro): 0.1513
  F1 (Micro): 0.1513
  Val class coverage: 9/14 (0.6429), samples=115

================================================================================
5次迭代统计结果
================================================================================

accuracy:
  各迭代值: ['0.1713', '0.2104', '0.1826', '0.2209', '0.1513']
  均值 (Mean): 0.1873
  标准差 (Std): 0.0254

precision_macro:
  各迭代值: ['0.2350', '0.2210', '0.2264', '0.3209', '0.1964']
  均值 (Mean): 0.2399
  标准差 (Std): 0.0424

recall_macro:
  各迭代值: ['0.2109', '0.1736', '0.1828', '0.2821', '0.1797']
  均值 (Mean): 0.2058
  标准差 (Std): 0.0402

f1_macro:
  各迭代值: ['0.1546', '0.1472', '0.1475', '0.2281', '0.1332']
  均值 (Mean): 0.1621
  标准差 (Std): 0.0337

precision_micro:
  各迭代值: ['0.1713', '0.2104', '0.1826', '0.2209', '0.1513']
  均值 (Mean): 0.1873
  标准差 (Std): 0.0254

recall_micro:
  各迭代值: ['0.1713', '0.2104', '0.1826', '0.2209', '0.1513']
  均值 (Mean): 0.1873
  标准差 (Std): 0.0254

f1_micro:
  各迭代值: ['0.1713', '0.2104', '0.1826', '0.2209', '0.1513']
  均值 (Mean): 0.1873
  标准差 (Std): 0.0254

val_class_coverage:
  各迭代值: ['0.6429', '0.6429', '0.6429', '0.6429', '0.6429']
  均值 (Mean): 0.6429
  标准差 (Std): 0.0000

val_present_classes:
  各迭代值: ['9.0000', '9.0000', '9.0000', '9.0000', '9.0000']
  均值 (Mean): 9.0000
  标准差 (Std): 0.0000

val_total_classes:
  各迭代值: ['14.0000', '14.0000', '14.0000', '14.0000', '14.0000']
  均值 (Mean): 14.0000
  标准差 (Std): 0.0000

val_samples:
  各迭代值: ['115.0000', '115.0000', '115.0000', '115.0000', '115.0000']
  均值 (Mean): 115.0000
  标准差 (Std): 0.0000

训练结束时间: 2026-09-25 09:37:47
================================================================================

[Batch 4/4] Full: Tensor+OT, target=黑天
================================================================================
模块消融实验 - with_tensor_with_ot
目标域天气: 黑天
训练开始时间: 2026-09-25 09:37:47
设备: cuda
源域: /mnt/data/lixiang/data/Data/晴天
目标域: /mnt/data/lixiang/data/Data/黑天
批次大小: 32
总轮数: 100
迭代次数: 5
使用Tensor模块: 是
使用OT模块: 是
特征融合方式: Tensor对齐
域对齐方式: 最优传输
目标标签比例/权重: 1.0/1.0
Tensor/Adv损失权重: 0.12/0.08
Tensor投影维度/更新: 64/每epoch一次; SVD统计批次=32
学习率: feature=5e-06, other=0.0002, weight_decay=0.0005
报告策略: last_window, 窗口: 10
================================================================================

================================================================================
迭代 1/5
随机种子: 42
================================================================================
配对采样器已初始化，共 8 个共有类别。
Training mode: full target-label supervision (class-paired batches).
Feature fusion: Tensor alignment (512+512 -> 64+64); fused_dim=128
Domain adaptation: Neural OT generator with 3-domain discriminator
Loss weights: tensor=0.12, adv=0.08
Transport: mode=sinkhorn, epsilon=0.1, Sinkhorn iterations=50, correction scale=0.1, correction regularization weight=0.001
Tensor projection update: once per epoch from the complete target-training pairing bank; projection_dim=64, max_sweeps=3, relative singular-value tolerance=0.0001
Epoch [1/100] | SVD update #1: pairs=465, sweeps=3, converged=True, rel_change=1.101e-05, effective_ranks=(317, 215), class_paired=True
Epoch [1/100] | Loss: 7.2834 (Cls: 7.2878, TAL: -0.1698, Adv: 0.1989, OT-Reg: 0.000669) | OT inner objective: 0.2548 | Marginal residual row/col/max: 1.06e-08/1.69e-08/1.72e-08 | Train Acc: 0.2857 | Val Acc: 0.1333 | Val P/R/F1 (Macro): 0.0979/0.2425/0.0901 | LR: 0.000005
  >>> New Best Val Acc: 0.1333
Epoch [2/100] | SVD update #2: pairs=465, sweeps=3, converged=False, rel_change=2.510e-01, effective_ranks=(316, 79), class_paired=True
Epoch [2/100] | Loss: 6.7322 (Cls: 6.7200, TAL: -0.0109, Adv: 0.1685, OT-Reg: 0.000618) | OT inner objective: 0.2441 | Marginal residual row/col/max: 9.58e-09/1.04e-08/1.12e-08 | Train Acc: 0.2433 | Val Acc: 0.1250 | Val P/R/F1 (Macro): 0.3372/0.2567/0.1597 | LR: 0.000005
Epoch [3/100] | SVD update #3: pairs=465, sweeps=3, converged=False, rel_change=1.323e-01, effective_ranks=(317, 87), class_paired=True
Epoch [3/100] | Loss: 6.7714 (Cls: 6.7579, TAL: -0.0237, Adv: 0.2047, OT-Reg: 0.000637) | OT inner objective: 0.2563 | Marginal residual row/col/max: 1.04e-08/1.46e-08/1.50e-08 | Train Acc: 0.2165 | Val Acc: 0.1083 | Val P/R/F1 (Macro): 0.1064/0.2258/0.1196 | LR: 0.000005
Epoch [4/100] | SVD update #4: pairs=465, sweeps=3, converged=False, rel_change=1.952e-01, effective_ranks=(317, 74), class_paired=True
Epoch [4/100] | Loss: 6.3169 (Cls: 6.3017, TAL: 0.0136, Adv: 0.1701, OT-Reg: 0.000636) | OT inner objective: 0.2161 | Marginal residual row/col/max: 1.16e-08/1.25e-08/1.42e-08 | Train Acc: 0.2634 | Val Acc: 0.3000 | Val P/R/F1 (Macro): 0.5106/0.4897/0.3669 | LR: 0.000005
  >>> New Best Val Acc: 0.3000
Epoch [5/100] | SVD update #5: pairs=465, sweeps=3, converged=False, rel_change=9.217e-02, effective_ranks=(314, 60), class_paired=True
Epoch [5/100] | Loss: 5.8880 (Cls: 5.8966, TAL: -0.1907, Adv: 0.1787, OT-Reg: 0.000670) | OT inner objective: 0.1705 | Marginal residual row/col/max: 9.71e-09/1.18e-08/1.22e-08 | Train Acc: 0.3661 | Val Acc: 0.2167 | Val P/R/F1 (Macro): 0.5122/0.5339/0.3581 | LR: 0.000005
Epoch [6/100] | SVD update #6: pairs=465, sweeps=3, converged=False, rel_change=9.454e-02, effective_ranks=(316, 55), class_paired=True
Epoch [6/100] | Loss: 6.9683 (Cls: 6.9649, TAL: -0.1603, Adv: 0.2818, OT-Reg: 0.000623) | OT inner objective: 0.1440 | Marginal residual row/col/max: 4.04e-05/1.09e-08/4.04e-05 | Train Acc: 0.2567 | Val Acc: 0.1917 | Val P/R/F1 (Macro): 0.4995/0.3347/0.2605 | LR: 0.000005
Epoch [7/100] | SVD update #7: pairs=465, sweeps=3, converged=False, rel_change=4.029e-02, effective_ranks=(317, 47), class_paired=True
Epoch [7/100] | Loss: 6.8629 (Cls: 6.8444, TAL: 0.0245, Adv: 0.1948, OT-Reg: 0.000611) | OT inner objective: 0.1975 | Marginal residual row/col/max: 1.01e-08/1.33e-08/1.38e-08 | Train Acc: 0.1964 | Val Acc: 0.3333 | Val P/R/F1 (Macro): 0.4114/0.4988/0.3823 | LR: 0.000005
  >>> New Best Val Acc: 0.3333
Epoch [8/100] | SVD update #8: pairs=465, sweeps=3, converged=False, rel_change=3.503e-01, effective_ranks=(317, 40), class_paired=True
Epoch [8/100] | Loss: 6.0415 (Cls: 6.0261, TAL: 0.0252, Adv: 0.1541, OT-Reg: 0.000656) | OT inner objective: 0.1962 | Marginal residual row/col/max: 1.01e-08/1.36e-08/1.42e-08 | Train Acc: 0.2902 | Val Acc: 0.4917 | Val P/R/F1 (Macro): 0.4554/0.3761/0.3770 | LR: 0.000005
  >>> New Best Val Acc: 0.4917
Epoch [9/100] | SVD update #9: pairs=465, sweeps=3, converged=False, rel_change=9.773e-02, effective_ranks=(317, 39), class_paired=True
Epoch [9/100] | Loss: 7.1290 (Cls: 7.1252, TAL: -0.1202, Adv: 0.2285, OT-Reg: 0.000677) | OT inner objective: 0.1931 | Marginal residual row/col/max: 9.16e-07/2.12e-08/9.22e-07 | Train Acc: 0.1830 | Val Acc: 0.2167 | Val P/R/F1 (Macro): 0.2150/0.2333/0.1337 | LR: 0.000005
Epoch [10/100] | SVD update #10: pairs=465, sweeps=3, converged=False, rel_change=7.882e-02, effective_ranks=(317, 44), class_paired=True
Epoch [10/100] | Loss: 5.9194 (Cls: 5.9050, TAL: 0.0180, Adv: 0.1525, OT-Reg: 0.000640) | OT inner objective: 0.2236 | Marginal residual row/col/max: 1.13e-08/1.72e-08/1.73e-08 | Train Acc: 0.2857 | Val Acc: 0.1250 | Val P/R/F1 (Macro): 0.3158/0.3208/0.1961 | LR: 0.000005
Epoch [11/100] | SVD update #11: pairs=465, sweeps=3, converged=False, rel_change=1.898e-01, effective_ranks=(316, 47), class_paired=True
Epoch [11/100] | Loss: 6.7607 (Cls: 6.7434, TAL: 0.0524, Adv: 0.1386, OT-Reg: 0.000642) | OT inner objective: 0.1360 | Marginal residual row/col/max: 5.75e-07/1.48e-08/5.78e-07 | Train Acc: 0.2344 | Val Acc: 0.1750 | Val P/R/F1 (Macro): 0.0986/0.1944/0.0893 | LR: 0.000005
Epoch [12/100] | SVD update #12: pairs=465, sweeps=3, converged=False, rel_change=4.375e-01, effective_ranks=(316, 45), class_paired=True
Epoch [12/100] | Loss: 6.6840 (Cls: 6.6830, TAL: -0.0825, Adv: 0.1362, OT-Reg: 0.000604) | OT inner objective: 0.1584 | Marginal residual row/col/max: 1.22e-08/1.37e-08/1.56e-08 | Train Acc: 0.2701 | Val Acc: 0.1250 | Val P/R/F1 (Macro): 0.3138/0.3584/0.2468 | LR: 0.000005
Epoch [13/100] | SVD update #13: pairs=465, sweeps=3, converged=False, rel_change=7.180e-02, effective_ranks=(317, 30), class_paired=True
Epoch [13/100] | Loss: 6.3006 (Cls: 6.2964, TAL: -0.0840, Adv: 0.1788, OT-Reg: 0.000659) | OT inner objective: 0.1440 | Marginal residual row/col/max: 1.56e-08/1.25e-08/1.82e-08 | Train Acc: 0.1808 | Val Acc: 0.2167 | Val P/R/F1 (Macro): 0.2366/0.3178/0.2301 | LR: 0.000005
Epoch [14/100] | SVD update #14: pairs=465, sweeps=3, converged=False, rel_change=2.402e-01, effective_ranks=(316, 27), class_paired=True
Epoch [14/100] | Loss: 6.4266 (Cls: 6.4142, TAL: -0.0402, Adv: 0.2155, OT-Reg: 0.000675) | OT inner objective: 0.1503 | Marginal residual row/col/max: 1.81e-05/2.28e-08/1.81e-05 | Train Acc: 0.2723 | Val Acc: 0.1000 | Val P/R/F1 (Macro): 0.2852/0.2624/0.1580 | LR: 0.000005
Epoch [15/100] | SVD update #15: pairs=465, sweeps=3, converged=False, rel_change=1.300e-01, effective_ranks=(317, 23), class_paired=True
Epoch [15/100] | Loss: 6.5048 (Cls: 6.4734, TAL: 0.1568, Adv: 0.1578, OT-Reg: 0.000616) | OT inner objective: 0.1827 | Marginal residual row/col/max: 1.23e-04/1.98e-08/1.23e-04 | Train Acc: 0.2612 | Val Acc: 0.1083 | Val P/R/F1 (Macro): 0.2099/0.3146/0.1663 | LR: 0.000005
Epoch [16/100] | SVD update #16: pairs=465, sweeps=3, converged=False, rel_change=2.669e-01, effective_ranks=(317, 26), class_paired=True
Epoch [16/100] | Loss: 6.9804 (Cls: 6.9642, TAL: 0.0259, Adv: 0.1640, OT-Reg: 0.000741) | OT inner objective: 0.1631 | Marginal residual row/col/max: 1.02e-08/1.85e-08/1.85e-08 | Train Acc: 0.2433 | Val Acc: 0.2000 | Val P/R/F1 (Macro): 0.2471/0.3056/0.2355 | LR: 0.000005
Epoch [17/100] | SVD update #17: pairs=465, sweeps=3, converged=False, rel_change=3.487e-01, effective_ranks=(317, 41), class_paired=True
Epoch [17/100] | Loss: 6.8485 (Cls: 6.8239, TAL: 0.0691, Adv: 0.2043, OT-Reg: 0.000666) | OT inner objective: 0.1324 | Marginal residual row/col/max: 4.32e-08/1.96e-08/4.87e-08 | Train Acc: 0.1652 | Val Acc: 0.1667 | Val P/R/F1 (Macro): 0.1656/0.3514/0.2012 | LR: 0.000005
Epoch [18/100] | SVD update #18: pairs=465, sweeps=3, converged=False, rel_change=2.698e-01, effective_ranks=(317, 23), class_paired=True
Epoch [18/100] | Loss: 6.9692 (Cls: 6.9571, TAL: 0.0011, Adv: 0.1499, OT-Reg: 0.000606) | OT inner objective: 0.1342 | Marginal residual row/col/max: 3.16e-05/1.22e-08/3.16e-05 | Train Acc: 0.2277 | Val Acc: 0.0750 | Val P/R/F1 (Macro): 0.1568/0.2675/0.0654 | LR: 0.000005
Epoch [19/100] | SVD update #19: pairs=465, sweeps=3, converged=False, rel_change=2.109e-01, effective_ranks=(317, 24), class_paired=True
Epoch [19/100] | Loss: 6.3610 (Cls: 6.3427, TAL: -0.0148, Adv: 0.2498, OT-Reg: 0.000691) | OT inner objective: 0.1580 | Marginal residual row/col/max: 1.33e-08/2.22e-08/2.30e-08 | Train Acc: 0.2879 | Val Acc: 0.0583 | Val P/R/F1 (Macro): 0.1909/0.2614/0.1508 | LR: 0.000003
Epoch [20/100] | SVD update #20: pairs=465, sweeps=3, converged=False, rel_change=4.072e-01, effective_ranks=(315, 25), class_paired=True
Epoch [20/100] | Loss: 6.2512 (Cls: 6.2397, TAL: -0.0304, Adv: 0.1885, OT-Reg: 0.000618) | OT inner objective: 0.1842 | Marginal residual row/col/max: 1.08e-08/1.08e-08/1.20e-08 | Train Acc: 0.2478 | Val Acc: 0.1167 | Val P/R/F1 (Macro): 0.2172/0.2810/0.1886 | LR: 0.000003
Epoch [21/100] | SVD update #21: pairs=465, sweeps=3, converged=False, rel_change=9.887e-02, effective_ranks=(316, 27), class_paired=True
Epoch [21/100] | Loss: 6.9142 (Cls: 6.9042, TAL: -0.1321, Adv: 0.3230, OT-Reg: 0.000751) | OT inner objective: 0.1376 | Marginal residual row/col/max: 3.11e-06/1.57e-08/3.11e-06 | Train Acc: 0.2009 | Val Acc: 0.0333 | Val P/R/F1 (Macro): 0.0755/0.1044/0.0370 | LR: 0.000003
Epoch [22/100] | SVD update #22: pairs=465, sweeps=3, converged=False, rel_change=1.752e-02, effective_ranks=(317, 26), class_paired=True
Epoch [22/100] | Loss: 6.6602 (Cls: 6.6516, TAL: -0.0625, Adv: 0.2013, OT-Reg: 0.000634) | OT inner objective: 0.1599 | Marginal residual row/col/max: 1.37e-08/1.84e-08/2.08e-08 | Train Acc: 0.2299 | Val Acc: 0.0667 | Val P/R/F1 (Macro): 0.0558/0.1522/0.0429 | LR: 0.000003
Epoch [23/100] | SVD update #23: pairs=465, sweeps=3, converged=False, rel_change=1.180e-01, effective_ranks=(316, 26), class_paired=True
Epoch [23/100] | Loss: 7.2943 (Cls: 7.2828, TAL: -0.0277, Adv: 0.1843, OT-Reg: 0.000657) | OT inner objective: 0.0006 | Marginal residual row/col/max: 6.91e-05/1.45e-08/6.91e-05 | Train Acc: 0.1205 | Val Acc: 0.1167 | Val P/R/F1 (Macro): 0.0933/0.1114/0.0984 | LR: 0.000003
Epoch [24/100] | SVD update #24: pairs=465, sweeps=3, converged=False, rel_change=2.612e-02, effective_ranks=(312, 17), class_paired=True
Epoch [24/100] | Loss: 6.1962 (Cls: 6.2071, TAL: -0.1822, Adv: 0.1376, OT-Reg: 0.000616) | OT inner objective: 0.0184 | Marginal residual row/col/max: 2.82e-06/1.37e-08/2.82e-06 | Train Acc: 0.2746 | Val Acc: 0.1417 | Val P/R/F1 (Macro): 0.4867/0.3306/0.2232 | LR: 0.000003
Epoch [25/100] | SVD update #25: pairs=465, sweeps=3, converged=False, rel_change=1.860e-02, effective_ranks=(316, 18), class_paired=True
Epoch [25/100] | Loss: 6.0041 (Cls: 5.9967, TAL: -0.0813, Adv: 0.2150, OT-Reg: 0.000707) | OT inner objective: 0.0284 | Marginal residual row/col/max: 7.79e-06/1.90e-08/7.79e-06 | Train Acc: 0.2254 | Val Acc: 0.2917 | Val P/R/F1 (Macro): 0.3314/0.2785/0.2798 | LR: 0.000003
Epoch [26/100] | SVD update #26: pairs=465, sweeps=3, converged=False, rel_change=4.798e-02, effective_ranks=(317, 20), class_paired=True
Epoch [26/100] | Loss: 5.8793 (Cls: 5.8796, TAL: -0.1381, Adv: 0.2045, OT-Reg: 0.000726) | OT inner objective: 0.0460 | Marginal residual row/col/max: 1.37e-04/2.04e-08/1.37e-04 | Train Acc: 0.2701 | Val Acc: 0.1333 | Val P/R/F1 (Macro): 0.2104/0.2146/0.1956 | LR: 0.000003
Epoch [27/100] | SVD update #27: pairs=465, sweeps=3, converged=False, rel_change=4.606e-02, effective_ranks=(314, 19), class_paired=True
Epoch [27/100] | Loss: 5.9125 (Cls: 5.8885, TAL: 0.0019, Adv: 0.2964, OT-Reg: 0.000663) | OT inner objective: 0.0146 | Marginal residual row/col/max: 7.72e-05/1.18e-08/7.72e-05 | Train Acc: 0.3214 | Val Acc: 0.2417 | Val P/R/F1 (Macro): 0.2491/0.3201/0.2487 | LR: 0.000003
Epoch [28/100] | SVD update #28: pairs=465, sweeps=3, converged=False, rel_change=8.831e-02, effective_ranks=(316, 23), class_paired=True
Epoch [28/100] | Loss: 5.6478 (Cls: 5.6259, TAL: 0.0266, Adv: 0.2340, OT-Reg: 0.000652) | OT inner objective: 0.0512 | Marginal residual row/col/max: 5.62e-06/1.09e-08/5.62e-06 | Train Acc: 0.2902 | Val Acc: 0.2167 | Val P/R/F1 (Macro): 0.2269/0.3144/0.2011 | LR: 0.000003
Epoch [29/100] | SVD update #29: pairs=465, sweeps=3, converged=False, rel_change=7.454e-02, effective_ranks=(311, 20), class_paired=True
Epoch [29/100] | Loss: 5.4721 (Cls: 5.4730, TAL: -0.1515, Adv: 0.2164, OT-Reg: 0.000719) | OT inner objective: 0.0225 | Marginal residual row/col/max: 3.34e-05/1.96e-08/3.34e-05 | Train Acc: 0.3147 | Val Acc: 0.1333 | Val P/R/F1 (Macro): 0.1767/0.1690/0.1382 | LR: 0.000003
Epoch [30/100] | SVD update #30: pairs=465, sweeps=3, converged=False, rel_change=8.797e-02, effective_ranks=(317, 21), class_paired=True
Epoch [30/100] | Loss: 5.4625 (Cls: 5.4614, TAL: -0.1197, Adv: 0.1933, OT-Reg: 0.000644) | OT inner objective: 0.0412 | Marginal residual row/col/max: 7.64e-06/1.10e-08/7.65e-06 | Train Acc: 0.3214 | Val Acc: 0.2917 | Val P/R/F1 (Macro): 0.2977/0.3680/0.2816 | LR: 0.000001
Epoch [31/100] | SVD update #31: pairs=465, sweeps=3, converged=False, rel_change=7.273e-02, effective_ranks=(316, 19), class_paired=True
Epoch [31/100] | Loss: 5.1899 (Cls: 5.1876, TAL: -0.1694, Adv: 0.2832, OT-Reg: 0.000689) | OT inner objective: -0.0239 | Marginal residual row/col/max: 3.64e-05/1.06e-08/3.64e-05 | Train Acc: 0.3862 | Val Acc: 0.4250 | Val P/R/F1 (Macro): 0.3487/0.4763/0.3683 | LR: 0.000001
Epoch [32/100] | SVD update #32: pairs=465, sweeps=3, converged=False, rel_change=4.194e-02, effective_ranks=(317, 21), class_paired=True
Epoch [32/100] | Loss: 5.0259 (Cls: 5.0289, TAL: -0.1959, Adv: 0.2567, OT-Reg: 0.000691) | OT inner objective: -0.1469 | Marginal residual row/col/max: 6.16e-05/1.02e-08/6.16e-05 | Train Acc: 0.4018 | Val Acc: 0.2333 | Val P/R/F1 (Macro): 0.2278/0.3687/0.2456 | LR: 0.000001
Epoch [33/100] | SVD update #33: pairs=465, sweeps=3, converged=False, rel_change=1.667e-02, effective_ranks=(313, 21), class_paired=True
Epoch [33/100] | Loss: 5.0187 (Cls: 5.0239, TAL: -0.1630, Adv: 0.1794, OT-Reg: 0.000684) | OT inner objective: -0.1144 | Marginal residual row/col/max: 3.57e-05/1.13e-08/3.57e-05 | Train Acc: 0.3549 | Val Acc: 0.1417 | Val P/R/F1 (Macro): 0.4264/0.3275/0.2552 | LR: 0.000001
Epoch [34/100] | SVD update #34: pairs=465, sweeps=3, converged=False, rel_change=5.339e-02, effective_ranks=(317, 23), class_paired=True
Epoch [34/100] | Loss: 5.3698 (Cls: 5.3635, TAL: -0.0441, Adv: 0.1440, OT-Reg: 0.000666) | OT inner objective: 0.0575 | Marginal residual row/col/max: 3.02e-05/1.17e-08/3.02e-05 | Train Acc: 0.3594 | Val Acc: 0.2750 | Val P/R/F1 (Macro): 0.3027/0.4042/0.2994 | LR: 0.000001
Epoch [35/100] | SVD update #35: pairs=465, sweeps=3, converged=False, rel_change=5.561e-01, effective_ranks=(316, 21), class_paired=True
Epoch [35/100] | Loss: 5.1453 (Cls: 5.1542, TAL: -0.1980, Adv: 0.1859, OT-Reg: 0.000673) | OT inner objective: -0.0607 | Marginal residual row/col/max: 2.75e-05/1.06e-08/2.75e-05 | Train Acc: 0.3683 | Val Acc: 0.4000 | Val P/R/F1 (Macro): 0.4141/0.4198/0.3822 | LR: 0.000001
Epoch [36/100] | SVD update #36: pairs=465, sweeps=3, converged=False, rel_change=9.440e-02, effective_ranks=(316, 23), class_paired=True
Epoch [36/100] | Loss: 5.2834 (Cls: 5.2774, TAL: -0.0987, Adv: 0.2228, OT-Reg: 0.000696) | OT inner objective: -0.0007 | Marginal residual row/col/max: 7.95e-05/1.24e-08/7.95e-05 | Train Acc: 0.3393 | Val Acc: 0.2500 | Val P/R/F1 (Macro): 0.2148/0.3046/0.2488 | LR: 0.000001
Epoch [37/100] | SVD update #37: pairs=465, sweeps=3, converged=False, rel_change=6.421e-02, effective_ranks=(316, 22), class_paired=True
Epoch [37/100] | Loss: 5.1987 (Cls: 5.1907, TAL: -0.0864, Adv: 0.2290, OT-Reg: 0.000676) | OT inner objective: -0.0036 | Marginal residual row/col/max: 9.00e-05/1.05e-08/9.00e-05 | Train Acc: 0.3304 | Val Acc: 0.1500 | Val P/R/F1 (Macro): 0.3559/0.2158/0.2494 | LR: 0.000001
Epoch [38/100] | SVD update #38: pairs=465, sweeps=3, converged=False, rel_change=6.886e-02, effective_ranks=(317, 23), class_paired=True
Epoch [38/100] | Loss: 5.4426 (Cls: 5.4436, TAL: -0.0831, Adv: 0.1116, OT-Reg: 0.000649) | OT inner objective: 0.0880 | Marginal residual row/col/max: 2.49e-07/1.17e-08/2.50e-07 | Train Acc: 0.3661 | Val Acc: 0.4167 | Val P/R/F1 (Macro): 0.3938/0.4190/0.3660 | LR: 0.000001
Epoch [39/100] | SVD update #39: pairs=465, sweeps=3, converged=False, rel_change=3.011e-02, effective_ranks=(316, 23), class_paired=True
Epoch [39/100] | Loss: 6.8995 (Cls: 6.8799, TAL: -0.0493, Adv: 0.3193, OT-Reg: 0.000701) | OT inner objective: 0.1036 | Marginal residual row/col/max: 2.44e-05/1.53e-08/2.44e-05 | Train Acc: 0.3460 | Val Acc: 0.1000 | Val P/R/F1 (Macro): 0.0986/0.2094/0.1204 | LR: 0.000001
Epoch [40/100] | SVD update #40: pairs=465, sweeps=3, converged=False, rel_change=3.321e-01, effective_ranks=(316, 23), class_paired=True
Epoch [40/100] | Loss: 7.1297 (Cls: 7.1159, TAL: -0.0536, Adv: 0.2526, OT-Reg: 0.000631) | OT inner objective: 0.0873 | Marginal residual row/col/max: 5.04e-07/1.20e-08/5.05e-07 | Train Acc: 0.2768 | Val Acc: 0.2917 | Val P/R/F1 (Macro): 0.3441/0.3109/0.2653 | LR: 0.000001
Epoch [41/100] | SVD update #41: pairs=465, sweeps=3, converged=False, rel_change=2.256e-01, effective_ranks=(317, 23), class_paired=True
Epoch [41/100] | Loss: 7.2971 (Cls: 7.2841, TAL: 0.0326, Adv: 0.1135, OT-Reg: 0.000689) | OT inner objective: 0.0518 | Marginal residual row/col/max: 9.32e-06/1.88e-08/9.33e-06 | Train Acc: 0.3527 | Val Acc: 0.1333 | Val P/R/F1 (Macro): 0.4263/0.3357/0.2298 | LR: 0.000001
Epoch [42/100] | SVD update #42: pairs=465, sweeps=3, converged=False, rel_change=6.874e-02, effective_ranks=(315, 19), class_paired=True
Epoch [42/100] | Loss: 8.8605 (Cls: 8.8250, TAL: 0.2025, Adv: 0.1403, OT-Reg: 0.000717) | OT inner objective: 0.0563 | Marginal residual row/col/max: 1.80e-07/1.38e-08/1.82e-07 | Train Acc: 0.3549 | Val Acc: 0.2000 | Val P/R/F1 (Macro): 0.3581/0.3102/0.2270 | LR: 0.000001
Epoch [43/100] | SVD update #43: pairs=465, sweeps=3, converged=False, rel_change=3.351e-02, effective_ranks=(317, 17), class_paired=True
Epoch [43/100] | Loss: 8.1404 (Cls: 8.0983, TAL: 0.1426, Adv: 0.3121, OT-Reg: 0.000695) | OT inner objective: 0.0166 | Marginal residual row/col/max: 5.94e-05/1.20e-08/5.94e-05 | Train Acc: 0.2299 | Val Acc: 0.0417 | Val P/R/F1 (Macro): 0.0861/0.0722/0.0521 | LR: 0.000001
Epoch [44/100] | SVD update #44: pairs=465, sweeps=3, converged=False, rel_change=3.321e-02, effective_ranks=(317, 21), class_paired=True
Epoch [44/100] | Loss: 7.4607 (Cls: 7.4583, TAL: -0.0509, Adv: 0.1068, OT-Reg: 0.000679) | OT inner objective: 0.0242 | Marginal residual row/col/max: 1.71e-05/1.66e-08/1.71e-05 | Train Acc: 0.2254 | Val Acc: 0.1083 | Val P/R/F1 (Macro): 0.0877/0.1816/0.0795 | LR: 0.000001
Epoch [45/100] | SVD update #45: pairs=465, sweeps=3, converged=False, rel_change=5.038e-02, effective_ranks=(317, 20), class_paired=True
Epoch [45/100] | Loss: 7.6686 (Cls: 7.6562, TAL: -0.0056, Adv: 0.1627, OT-Reg: 0.000726) | OT inner objective: 0.0911 | Marginal residual row/col/max: 1.19e-06/2.10e-08/1.19e-06 | Train Acc: 0.2857 | Val Acc: 0.3167 | Val P/R/F1 (Macro): 0.1875/0.1491/0.1464 | LR: 0.000001
Epoch [46/100] | SVD update #46: pairs=465, sweeps=3, converged=False, rel_change=3.048e-03, effective_ranks=(316, 17), class_paired=True
Epoch [46/100] | Loss: 7.5099 (Cls: 7.4927, TAL: -0.0096, Adv: 0.2296, OT-Reg: 0.000642) | OT inner objective: 0.1058 | Marginal residual row/col/max: 1.15e-07/1.05e-08/1.16e-07 | Train Acc: 0.2388 | Val Acc: 0.2167 | Val P/R/F1 (Macro): 0.1662/0.1059/0.1293 | LR: 0.000001
Epoch [47/100] | SVD update #47: pairs=465, sweeps=3, converged=False, rel_change=4.844e-02, effective_ranks=(317, 20), class_paired=True
Epoch [47/100] | Loss: 7.4514 (Cls: 7.4464, TAL: -0.0932, Adv: 0.2027, OT-Reg: 0.000706) | OT inner objective: 0.1072 | Marginal residual row/col/max: 1.51e-04/2.33e-08/1.51e-04 | Train Acc: 0.1004 | Val Acc: 0.1083 | Val P/R/F1 (Macro): 0.1012/0.1216/0.0932 | LR: 0.000001
Epoch [48/100] | SVD update #48: pairs=465, sweeps=3, converged=False, rel_change=9.075e-02, effective_ranks=(317, 18), class_paired=True
Epoch [48/100] | Loss: 6.4659 (Cls: 6.4481, TAL: -0.0011, Adv: 0.2235, OT-Reg: 0.000563) | OT inner objective: 0.1066 | Marginal residual row/col/max: 7.22e-05/1.20e-08/7.22e-05 | Train Acc: 0.1674 | Val Acc: 0.1333 | Val P/R/F1 (Macro): 0.1500/0.0679/0.0904 | LR: 0.000001
Epoch [49/100] | SVD update #49: pairs=465, sweeps=3, converged=False, rel_change=3.369e-02, effective_ranks=(317, 19), class_paired=True
Epoch [49/100] | Loss: 6.7642 (Cls: 6.7425, TAL: 0.0435, Adv: 0.2063, OT-Reg: 0.000680) | OT inner objective: 0.0592 | Marginal residual row/col/max: 3.07e-05/1.88e-08/3.07e-05 | Train Acc: 0.2545 | Val Acc: 0.1667 | Val P/R/F1 (Macro): 0.1341/0.2368/0.1125 | LR: 0.000001
Epoch [50/100] | SVD update #50: pairs=465, sweeps=3, converged=False, rel_change=1.072e-02, effective_ranks=(315, 17), class_paired=True
Epoch [50/100] | Loss: 7.2003 (Cls: 7.1801, TAL: 0.0379, Adv: 0.1956, OT-Reg: 0.000572) | OT inner objective: 0.0657 | Marginal residual row/col/max: 9.77e-05/1.69e-08/9.77e-05 | Train Acc: 0.1429 | Val Acc: 0.1250 | Val P/R/F1 (Macro): 0.1973/0.1900/0.0996 | LR: 0.000001
Epoch [51/100] | SVD update #51: pairs=465, sweeps=3, converged=False, rel_change=5.163e-02, effective_ranks=(314, 21), class_paired=True
Epoch [51/100] | Loss: 6.8532 (Cls: 6.8056, TAL: 0.0065, Adv: 0.5854, OT-Reg: 0.000544) | OT inner objective: 0.1119 | Marginal residual row/col/max: 3.01e-06/1.45e-08/3.01e-06 | Train Acc: 0.1451 | Val Acc: 0.1417 | Val P/R/F1 (Macro): 0.2460/0.2073/0.1428 | LR: 0.000001
Epoch [52/100] | SVD update #52: pairs=465, sweeps=3, converged=False, rel_change=2.916e-02, effective_ranks=(317, 25), class_paired=True
Epoch [52/100] | Loss: 6.6666 (Cls: 6.6395, TAL: 0.0075, Adv: 0.3282, OT-Reg: 0.000644) | OT inner objective: 0.1541 | Marginal residual row/col/max: 1.05e-05/2.01e-08/1.05e-05 | Train Acc: 0.1362 | Val Acc: 0.3750 | Val P/R/F1 (Macro): 0.2471/0.2542/0.2337 | LR: 0.000001
Epoch [53/100] | SVD update #53: pairs=465, sweeps=3, converged=False, rel_change=5.658e-02, effective_ranks=(313, 22), class_paired=True
Epoch [53/100] | Loss: 6.9212 (Cls: 6.8989, TAL: -0.0538, Adv: 0.3595, OT-Reg: 0.000669) | OT inner objective: 0.0973 | Marginal residual row/col/max: 8.44e-07/2.22e-08/8.51e-07 | Train Acc: 0.1228 | Val Acc: 0.0750 | Val P/R/F1 (Macro): 0.0785/0.1604/0.0557 | LR: 0.000001
Epoch [54/100] | SVD update #54: pairs=465, sweeps=3, converged=False, rel_change=4.415e-02, effective_ranks=(317, 26), class_paired=True
Epoch [54/100] | Loss: 6.8694 (Cls: 6.8470, TAL: 0.0305, Adv: 0.2336, OT-Reg: 0.000626) | OT inner objective: 0.1531 | Marginal residual row/col/max: 6.05e-05/2.04e-08/6.05e-05 | Train Acc: 0.1451 | Val Acc: 0.0500 | Val P/R/F1 (Macro): 0.1667/0.0260/0.0376 | LR: 0.000001
Epoch [55/100] | SVD update #55: pairs=465, sweeps=3, converged=False, rel_change=5.001e-02, effective_ranks=(316, 23), class_paired=True
Epoch [55/100] | Loss: 6.3619 (Cls: 6.3367, TAL: -0.0863, Adv: 0.4444, OT-Reg: 0.000720) | OT inner objective: 0.0457 | Marginal residual row/col/max: 5.76e-06/1.81e-08/5.76e-06 | Train Acc: 0.1496 | Val Acc: 0.0583 | Val P/R/F1 (Macro): 0.2283/0.0474/0.0657 | LR: 0.000001
Epoch [56/100] | SVD update #56: pairs=465, sweeps=3, converged=False, rel_change=4.839e-02, effective_ranks=(313, 26), class_paired=True
Epoch [56/100] | Loss: 6.2518 (Cls: 6.2257, TAL: 0.0340, Adv: 0.2743, OT-Reg: 0.000689) | OT inner objective: -0.0040 | Marginal residual row/col/max: 6.89e-06/1.24e-08/6.89e-06 | Train Acc: 0.1674 | Val Acc: 0.0583 | Val P/R/F1 (Macro): 0.0312/0.0337/0.0324 | LR: 0.000001
Epoch [57/100] | SVD update #57: pairs=465, sweeps=3, converged=False, rel_change=1.876e-02, effective_ranks=(315, 26), class_paired=True
Epoch [57/100] | Loss: 6.1239 (Cls: 6.1086, TAL: -0.0601, Adv: 0.2803, OT-Reg: 0.000651) | OT inner objective: 0.0403 | Marginal residual row/col/max: 1.92e-05/1.21e-08/1.92e-05 | Train Acc: 0.1987 | Val Acc: 0.0083 | Val P/R/F1 (Macro): 0.0024/0.0156/0.0042 | LR: 0.000001
Epoch [58/100] | SVD update #58: pairs=465, sweeps=3, converged=False, rel_change=6.557e-02, effective_ranks=(314, 27), class_paired=True
Epoch [58/100] | Loss: 5.9817 (Cls: 5.9571, TAL: -0.0514, Adv: 0.3849, OT-Reg: 0.000647) | OT inner objective: 0.0327 | Marginal residual row/col/max: 2.00e-05/1.14e-08/2.00e-05 | Train Acc: 0.2924 | Val Acc: 0.0833 | Val P/R/F1 (Macro): 0.0746/0.0918/0.0576 | LR: 0.000001
Epoch [59/100] | SVD update #59: pairs=465, sweeps=3, converged=False, rel_change=1.701e-02, effective_ranks=(316, 29), class_paired=True
Epoch [59/100] | Loss: 6.1524 (Cls: 6.1263, TAL: -0.0819, Adv: 0.4495, OT-Reg: 0.000660) | OT inner objective: 0.0921 | Marginal residual row/col/max: 2.46e-07/1.38e-08/2.46e-07 | Train Acc: 0.2076 | Val Acc: 0.0417 | Val P/R/F1 (Macro): 0.0500/0.0223/0.0272 | LR: 0.000001
Epoch [60/100] | SVD update #60: pairs=465, sweeps=3, converged=False, rel_change=6.727e-02, effective_ranks=(317, 25), class_paired=True
Epoch [60/100] | Loss: 6.5218 (Cls: 6.4910, TAL: -0.0514, Adv: 0.4622, OT-Reg: 0.000639) | OT inner objective: 0.0536 | Marginal residual row/col/max: 7.37e-06/1.20e-08/7.37e-06 | Train Acc: 0.3304 | Val Acc: 0.1250 | Val P/R/F1 (Macro): 0.1056/0.1900/0.1093 | LR: 0.000001
Epoch [61/100] | SVD update #61: pairs=465, sweeps=3, converged=False, rel_change=3.335e-01, effective_ranks=(317, 30), class_paired=True
Epoch [61/100] | Loss: 7.4163 (Cls: 7.3763, TAL: 0.0272, Adv: 0.4591, OT-Reg: 0.000614) | OT inner objective: 0.0804 | Marginal residual row/col/max: 2.05e-08/1.49e-08/2.45e-08 | Train Acc: 0.3996 | Val Acc: 0.1250 | Val P/R/F1 (Macro): 0.2583/0.0974/0.0914 | LR: 0.000001
Epoch [62/100] | SVD update #62: pairs=465, sweeps=3, converged=False, rel_change=2.403e-02, effective_ranks=(317, 23), class_paired=True
Epoch [62/100] | Loss: 6.9592 (Cls: 6.9146, TAL: 0.1056, Adv: 0.3997, OT-Reg: 0.000602) | OT inner objective: 0.1409 | Marginal residual row/col/max: 2.51e-05/1.41e-08/2.51e-05 | Train Acc: 0.3594 | Val Acc: 0.1833 | Val P/R/F1 (Macro): 0.2249/0.2989/0.1619 | LR: 0.000001
Epoch [63/100] | SVD update #63: pairs=465, sweeps=3, converged=False, rel_change=2.537e-02, effective_ranks=(316, 27), class_paired=True
Epoch [63/100] | Loss: 6.6703 (Cls: 6.6083, TAL: 0.0075, Adv: 0.7626, OT-Reg: 0.000633) | OT inner objective: 0.1064 | Marginal residual row/col/max: 1.58e-08/9.18e-09/1.61e-08 | Train Acc: 0.3103 | Val Acc: 0.2250 | Val P/R/F1 (Macro): 0.2557/0.3094/0.2345 | LR: 0.000001
Epoch [64/100] | SVD update #64: pairs=465, sweeps=3, converged=False, rel_change=1.736e-01, effective_ranks=(315, 26), class_paired=True
Epoch [64/100] | Loss: 6.6873 (Cls: 6.6521, TAL: -0.0211, Adv: 0.4721, OT-Reg: 0.000585) | OT inner objective: 0.1071 | Marginal residual row/col/max: 1.95e-05/1.13e-08/1.95e-05 | Train Acc: 0.2344 | Val Acc: 0.2083 | Val P/R/F1 (Macro): 0.4069/0.2512/0.2504 | LR: 0.000001
Epoch [65/100] | SVD update #65: pairs=465, sweeps=3, converged=False, rel_change=1.969e-01, effective_ranks=(316, 27), class_paired=True
Epoch [65/100] | Loss: 6.4159 (Cls: 6.3963, TAL: -0.0624, Adv: 0.3391, OT-Reg: 0.000614) | OT inner objective: 0.1786 | Marginal residual row/col/max: 9.45e-09/1.25e-08/1.29e-08 | Train Acc: 0.2924 | Val Acc: 0.3333 | Val P/R/F1 (Macro): 0.3244/0.3444/0.2947 | LR: 0.000001
Epoch [66/100] | SVD update #66: pairs=465, sweeps=3, converged=False, rel_change=2.284e-01, effective_ranks=(315, 24), class_paired=True
Epoch [66/100] | Loss: 6.3905 (Cls: 6.3575, TAL: -0.0456, Adv: 0.4810, OT-Reg: 0.000632) | OT inner objective: 0.1361 | Marginal residual row/col/max: 1.53e-08/1.62e-08/1.84e-08 | Train Acc: 0.2835 | Val Acc: 0.2250 | Val P/R/F1 (Macro): 0.1884/0.2148/0.1467 | LR: 0.000001
Epoch [67/100] | SVD update #67: pairs=465, sweeps=3, converged=False, rel_change=7.923e-02, effective_ranks=(317, 23), class_paired=True
Epoch [67/100] | Loss: 6.4769 (Cls: 6.4258, TAL: 0.0272, Adv: 0.5980, OT-Reg: 0.000599) | OT inner objective: 0.1712 | Marginal residual row/col/max: 1.62e-08/1.46e-08/2.08e-08 | Train Acc: 0.2299 | Val Acc: 0.1583 | Val P/R/F1 (Macro): 0.1950/0.1648/0.0949 | LR: 0.000001
Epoch [68/100] | SVD update #68: pairs=465, sweeps=3, converged=False, rel_change=2.175e-02, effective_ranks=(317, 22), class_paired=True
Epoch [68/100] | Loss: 6.3459 (Cls: 6.3039, TAL: 0.0266, Adv: 0.4842, OT-Reg: 0.000553) | OT inner objective: 0.2050 | Marginal residual row/col/max: 4.94e-06/1.60e-08/4.95e-06 | Train Acc: 0.2121 | Val Acc: 0.2750 | Val P/R/F1 (Macro): 0.1007/0.1147/0.1066 | LR: 0.000001
Epoch [69/100] | SVD update #69: pairs=465, sweeps=3, converged=False, rel_change=8.090e-02, effective_ranks=(315, 24), class_paired=True
Epoch [69/100] | Loss: 6.1833 (Cls: 6.1377, TAL: -0.0705, Adv: 0.6758, OT-Reg: 0.000609) | OT inner objective: 0.1649 | Marginal residual row/col/max: 1.37e-05/1.45e-08/1.37e-05 | Train Acc: 0.1942 | Val Acc: 0.1667 | Val P/R/F1 (Macro): 0.1615/0.1335/0.1219 | LR: 0.000001
Epoch [70/100] | SVD update #70: pairs=465, sweeps=3, converged=False, rel_change=8.118e-02, effective_ranks=(315, 26), class_paired=True
Epoch [70/100] | Loss: 6.5032 (Cls: 6.4603, TAL: 0.0272, Adv: 0.4961, OT-Reg: 0.000573) | OT inner objective: 0.1273 | Marginal residual row/col/max: 6.24e-06/1.18e-08/6.25e-06 | Train Acc: 0.2946 | Val Acc: 0.1667 | Val P/R/F1 (Macro): 0.1059/0.1548/0.0954 | LR: 0.000001
Epoch [71/100] | SVD update #71: pairs=465, sweeps=3, converged=False, rel_change=5.482e-02, effective_ranks=(316, 28), class_paired=True
Epoch [71/100] | Loss: 7.2942 (Cls: 7.2408, TAL: 0.0337, Adv: 0.6169, OT-Reg: 0.000589) | OT inner objective: 0.1130 | Marginal residual row/col/max: 1.53e-05/1.41e-08/1.53e-05 | Train Acc: 0.1094 | Val Acc: 0.0250 | Val P/R/F1 (Macro): 0.0528/0.0222/0.0223 | LR: 0.000001
Epoch [72/100] | SVD update #72: pairs=465, sweeps=3, converged=False, rel_change=2.372e-02, effective_ranks=(316, 23), class_paired=True
Epoch [72/100] | Loss: 7.0416 (Cls: 7.0082, TAL: -0.0583, Adv: 0.5048, OT-Reg: 0.000624) | OT inner objective: 0.0375 | Marginal residual row/col/max: 1.48e-04/1.25e-08/1.48e-04 | Train Acc: 0.0960 | Val Acc: 0.1667 | Val P/R/F1 (Macro): 0.1688/0.0937/0.1049 | LR: 0.000001
Epoch [73/100] | SVD update #73: pairs=465, sweeps=3, converged=False, rel_change=2.746e-03, effective_ranks=(316, 21), class_paired=True
Epoch [73/100] | Loss: 6.8451 (Cls: 6.8004, TAL: -0.0547, Adv: 0.6405, OT-Reg: 0.000658) | OT inner objective: -0.0010 | Marginal residual row/col/max: 1.33e-04/2.22e-08/1.33e-04 | Train Acc: 0.1518 | Val Acc: 0.1333 | Val P/R/F1 (Macro): 0.1446/0.1598/0.1014 | LR: 0.000001
Epoch [74/100] | SVD update #74: pairs=465, sweeps=3, converged=False, rel_change=3.337e-03, effective_ranks=(316, 21), class_paired=True
Epoch [74/100] | Loss: 6.8582 (Cls: 6.8239, TAL: -0.0835, Adv: 0.5549, OT-Reg: 0.000586) | OT inner objective: -0.0388 | Marginal residual row/col/max: 1.06e-04/1.06e-08/1.06e-04 | Train Acc: 0.1451 | Val Acc: 0.0750 | Val P/R/F1 (Macro): 0.0477/0.1266/0.0512 | LR: 0.000001
Epoch [75/100] | SVD update #75: pairs=465, sweeps=3, converged=False, rel_change=4.079e-02, effective_ranks=(311, 19), class_paired=True
Epoch [75/100] | Loss: 6.8948 (Cls: 6.8475, TAL: -0.0078, Adv: 0.6020, OT-Reg: 0.000584) | OT inner objective: 0.0064 | Marginal residual row/col/max: 1.63e-04/1.08e-08/1.63e-04 | Train Acc: 0.1808 | Val Acc: 0.1250 | Val P/R/F1 (Macro): 0.1055/0.1189/0.0799 | LR: 0.000001
Epoch [76/100] | SVD update #76: pairs=465, sweeps=3, converged=False, rel_change=4.918e-03, effective_ranks=(311, 20), class_paired=True
Epoch [76/100] | Loss: 6.7920 (Cls: 6.7571, TAL: -0.0091, Adv: 0.4498, OT-Reg: 0.000606) | OT inner objective: -0.0418 | Marginal residual row/col/max: 1.00e-04/1.14e-08/1.00e-04 | Train Acc: 0.1830 | Val Acc: 0.1000 | Val P/R/F1 (Macro): 0.1562/0.1428/0.0768 | LR: 0.000001
Epoch [77/100] | SVD update #77: pairs=465, sweeps=3, converged=False, rel_change=1.308e-02, effective_ranks=(316, 19), class_paired=True
Epoch [77/100] | Loss: 6.5739 (Cls: 6.5342, TAL: -0.1102, Adv: 0.6623, OT-Reg: 0.000571) | OT inner objective: -0.0257 | Marginal residual row/col/max: 3.42e-05/1.21e-08/3.42e-05 | Train Acc: 0.1853 | Val Acc: 0.1583 | Val P/R/F1 (Macro): 0.1380/0.1392/0.1093 | LR: 0.000001
Epoch [78/100] | SVD update #78: pairs=465, sweeps=3, converged=False, rel_change=1.321e-03, effective_ranks=(315, 19), class_paired=True
Epoch [78/100] | Loss: 6.7894 (Cls: 6.7346, TAL: -0.0512, Adv: 0.7621, OT-Reg: 0.000565) | OT inner objective: 0.0310 | Marginal residual row/col/max: 3.97e-05/1.08e-08/3.97e-05 | Train Acc: 0.1562 | Val Acc: 0.1000 | Val P/R/F1 (Macro): 0.0672/0.1244/0.0546 | LR: 0.000001
Epoch [79/100] | SVD update #79: pairs=465, sweeps=3, converged=False, rel_change=6.928e-03, effective_ranks=(316, 20), class_paired=True
Epoch [79/100] | Loss: 6.6481 (Cls: 6.6121, TAL: -0.0281, Adv: 0.4921, OT-Reg: 0.000630) | OT inner objective: -0.0360 | Marginal residual row/col/max: 1.71e-04/1.26e-08/1.71e-04 | Train Acc: 0.1719 | Val Acc: 0.0583 | Val P/R/F1 (Macro): 0.0588/0.1122/0.0434 | LR: 0.000001
Epoch [80/100] | SVD update #80: pairs=465, sweeps=3, converged=False, rel_change=1.051e-02, effective_ranks=(315, 21), class_paired=True
Epoch [80/100] | Loss: 6.7275 (Cls: 6.6921, TAL: -0.0731, Adv: 0.5530, OT-Reg: 0.000575) | OT inner objective: 0.0146 | Marginal residual row/col/max: 4.02e-06/1.96e-08/4.02e-06 | Train Acc: 0.1473 | Val Acc: 0.0833 | Val P/R/F1 (Macro): 0.1368/0.1256/0.0659 | LR: 0.000001
Epoch [81/100] | SVD update #81: pairs=465, sweeps=3, converged=False, rel_change=5.267e-02, effective_ranks=(316, 18), class_paired=True
Epoch [81/100] | Loss: 6.7007 (Cls: 6.6592, TAL: -0.0057, Adv: 0.5276, OT-Reg: 0.000623) | OT inner objective: 0.0294 | Marginal residual row/col/max: 1.55e-04/1.45e-08/1.55e-04 | Train Acc: 0.1250 | Val Acc: 0.0833 | Val P/R/F1 (Macro): 0.0875/0.1220/0.0606 | LR: 0.000001
Epoch [82/100] | SVD update #82: pairs=465, sweeps=3, converged=False, rel_change=6.244e-02, effective_ranks=(316, 21), class_paired=True
Epoch [82/100] | Loss: 6.8456 (Cls: 6.8108, TAL: -0.1177, Adv: 0.6112, OT-Reg: 0.000640) | OT inner objective: 0.0231 | Marginal residual row/col/max: 6.77e-05/1.29e-08/6.77e-05 | Train Acc: 0.1562 | Val Acc: 0.1167 | Val P/R/F1 (Macro): 0.0987/0.1247/0.0650 | LR: 0.000001
Epoch [83/100] | SVD update #83: pairs=465, sweeps=3, converged=False, rel_change=6.665e-03, effective_ranks=(310, 21), class_paired=True
Epoch [83/100] | Loss: 6.6134 (Cls: 6.5622, TAL: 0.0905, Adv: 0.5052, OT-Reg: 0.000533) | OT inner objective: 0.0217 | Marginal residual row/col/max: 9.85e-05/1.13e-08/9.85e-05 | Train Acc: 0.2188 | Val Acc: 0.1000 | Val P/R/F1 (Macro): 0.0909/0.1322/0.0650 | LR: 0.000001
Epoch [84/100] | SVD update #84: pairs=465, sweeps=3, converged=False, rel_change=1.339e-02, effective_ranks=(315, 20), class_paired=True
Epoch [84/100] | Loss: 6.5337 (Cls: 6.4760, TAL: 0.0005, Adv: 0.7204, OT-Reg: 0.000614) | OT inner objective: -0.0369 | Marginal residual row/col/max: 1.66e-04/2.01e-08/1.66e-04 | Train Acc: 0.2143 | Val Acc: 0.2333 | Val P/R/F1 (Macro): 0.1697/0.2100/0.1438 | LR: 0.000001
Epoch [85/100] | SVD update #85: pairs=465, sweeps=3, converged=False, rel_change=1.702e-02, effective_ranks=(314, 20), class_paired=True
Epoch [85/100] | Loss: 6.6841 (Cls: 6.6280, TAL: -0.0087, Adv: 0.7144, OT-Reg: 0.000594) | OT inner objective: -0.0173 | Marginal residual row/col/max: 2.30e-05/1.26e-08/2.30e-05 | Train Acc: 0.1786 | Val Acc: 0.1917 | Val P/R/F1 (Macro): 0.0917/0.1640/0.0941 | LR: 0.000001
Epoch [86/100] | SVD update #86: pairs=465, sweeps=3, converged=False, rel_change=6.648e-02, effective_ranks=(316, 21), class_paired=True
Epoch [86/100] | Loss: 6.3731 (Cls: 6.3317, TAL: -0.1083, Adv: 0.6801, OT-Reg: 0.000545) | OT inner objective: 0.0644 | Marginal residual row/col/max: 8.00e-05/1.25e-08/8.00e-05 | Train Acc: 0.1875 | Val Acc: 0.2000 | Val P/R/F1 (Macro): 0.1135/0.1617/0.1013 | LR: 0.000001
Epoch [87/100] | SVD update #87: pairs=465, sweeps=3, converged=False, rel_change=2.154e-03, effective_ranks=(314, 21), class_paired=True
Epoch [87/100] | Loss: 6.4779 (Cls: 6.4298, TAL: 0.0282, Adv: 0.5587, OT-Reg: 0.000605) | OT inner objective: 0.0604 | Marginal residual row/col/max: 5.82e-05/1.20e-08/5.82e-05 | Train Acc: 0.1853 | Val Acc: 0.2000 | Val P/R/F1 (Macro): 0.1881/0.2168/0.1271 | LR: 0.000001
Epoch [88/100] | SVD update #88: pairs=465, sweeps=3, converged=False, rel_change=2.890e-02, effective_ranks=(311, 20), class_paired=True
Epoch [88/100] | Loss: 6.3654 (Cls: 6.3053, TAL: 0.0342, Adv: 0.6999, OT-Reg: 0.000576) | OT inner objective: 0.1042 | Marginal residual row/col/max: 9.59e-05/1.09e-08/9.59e-05 | Train Acc: 0.1853 | Val Acc: 0.1417 | Val P/R/F1 (Macro): 0.1320/0.1605/0.0923 | LR: 0.000001
Epoch [89/100] | SVD update #89: pairs=465, sweeps=3, converged=False, rel_change=1.301e-02, effective_ranks=(313, 21), class_paired=True
Epoch [89/100] | Loss: 6.7334 (Cls: 6.6751, TAL: 0.0581, Adv: 0.6421, OT-Reg: 0.000624) | OT inner objective: 0.0154 | Marginal residual row/col/max: 1.96e-04/1.85e-08/1.96e-04 | Train Acc: 0.1562 | Val Acc: 0.1917 | Val P/R/F1 (Macro): 0.2151/0.2019/0.1193 | LR: 0.000001
Epoch [90/100] | SVD update #90: pairs=465, sweeps=3, converged=False, rel_change=4.490e-03, effective_ranks=(316, 20), class_paired=True
Epoch [90/100] | Loss: 6.6217 (Cls: 6.5575, TAL: -0.0061, Adv: 0.8108, OT-Reg: 0.000684) | OT inner objective: 0.0553 | Marginal residual row/col/max: 1.01e-04/2.18e-08/1.01e-04 | Train Acc: 0.1429 | Val Acc: 0.0750 | Val P/R/F1 (Macro): 0.0736/0.0737/0.0497 | LR: 0.000001
Epoch [91/100] | SVD update #91: pairs=465, sweeps=3, converged=False, rel_change=2.106e-02, effective_ranks=(314, 21), class_paired=True
Epoch [91/100] | Loss: 6.4498 (Cls: 6.3969, TAL: 0.0101, Adv: 0.6468, OT-Reg: 0.000620) | OT inner objective: 0.0525 | Marginal residual row/col/max: 2.10e-05/1.32e-08/2.10e-05 | Train Acc: 0.1830 | Val Acc: 0.1833 | Val P/R/F1 (Macro): 0.1126/0.1632/0.1016 | LR: 0.000001
Epoch [92/100] | SVD update #92: pairs=465, sweeps=3, converged=False, rel_change=8.002e-03, effective_ranks=(315, 18), class_paired=True
Epoch [92/100] | Loss: 6.5050 (Cls: 6.4508, TAL: -0.0771, Adv: 0.7933, OT-Reg: 0.000580) | OT inner objective: 0.1333 | Marginal residual row/col/max: 4.78e-08/1.81e-08/5.36e-08 | Train Acc: 0.1607 | Val Acc: 0.0833 | Val P/R/F1 (Macro): 0.0788/0.1207/0.0559 | LR: 0.000001
Epoch [93/100] | SVD update #93: pairs=465, sweeps=3, converged=False, rel_change=2.535e-03, effective_ranks=(316, 19), class_paired=True
Epoch [93/100] | Loss: 6.3722 (Cls: 6.3308, TAL: -0.0570, Adv: 0.6033, OT-Reg: 0.000571) | OT inner objective: 0.0777 | Marginal residual row/col/max: 7.18e-05/1.36e-08/7.18e-05 | Train Acc: 0.1920 | Val Acc: 0.1167 | Val P/R/F1 (Macro): 0.1145/0.1357/0.0634 | LR: 0.000001
Epoch [94/100] | SVD update #94: pairs=465, sweeps=3, converged=False, rel_change=8.927e-04, effective_ranks=(314, 20), class_paired=True
Epoch [94/100] | Loss: 6.2893 (Cls: 6.2316, TAL: -0.0215, Adv: 0.7529, OT-Reg: 0.000646) | OT inner objective: 0.1088 | Marginal residual row/col/max: 2.08e-06/1.96e-08/2.08e-06 | Train Acc: 0.1987 | Val Acc: 0.1500 | Val P/R/F1 (Macro): 0.1361/0.1167/0.0973 | LR: 0.000001
Epoch [95/100] | SVD update #95: pairs=465, sweeps=3, converged=False, rel_change=2.147e-03, effective_ranks=(312, 19), class_paired=True
Epoch [95/100] | Loss: 6.3170 (Cls: 6.2596, TAL: -0.0125, Adv: 0.7361, OT-Reg: 0.000593) | OT inner objective: 0.0655 | Marginal residual row/col/max: 3.53e-05/1.22e-08/3.53e-05 | Train Acc: 0.1607 | Val Acc: 0.1833 | Val P/R/F1 (Macro): 0.1391/0.1078/0.1150 | LR: 0.000001
Epoch [96/100] | SVD update #96: pairs=465, sweeps=3, converged=False, rel_change=1.043e-02, effective_ranks=(317, 23), class_paired=True
Epoch [96/100] | Loss: 6.5055 (Cls: 6.4326, TAL: 0.0966, Adv: 0.7655, OT-Reg: 0.000548) | OT inner objective: 0.0955 | Marginal residual row/col/max: 1.55e-05/1.24e-08/1.55e-05 | Train Acc: 0.1562 | Val Acc: 0.1833 | Val P/R/F1 (Macro): 0.1663/0.1073/0.1264 | LR: 0.000001
Epoch [97/100] | SVD update #97: pairs=465, sweeps=3, converged=False, rel_change=1.125e-02, effective_ranks=(315, 19), class_paired=True
Epoch [97/100] | Loss: 6.3280 (Cls: 6.2726, TAL: 0.0435, Adv: 0.6263, OT-Reg: 0.000617) | OT inner objective: 0.0623 | Marginal residual row/col/max: 1.06e-04/1.17e-08/1.06e-04 | Train Acc: 0.1763 | Val Acc: 0.0917 | Val P/R/F1 (Macro): 0.1401/0.1507/0.0713 | LR: 0.000001
Epoch [98/100] | SVD update #98: pairs=465, sweeps=3, converged=False, rel_change=1.827e-02, effective_ranks=(314, 19), class_paired=True
Epoch [98/100] | Loss: 6.3188 (Cls: 6.2624, TAL: -0.0223, Adv: 0.7382, OT-Reg: 0.000592) | OT inner objective: 0.0230 | Marginal residual row/col/max: 1.29e-05/1.08e-08/1.29e-05 | Train Acc: 0.1473 | Val Acc: 0.1333 | Val P/R/F1 (Macro): 0.1132/0.0588/0.0754 | LR: 0.000001
Epoch [99/100] | SVD update #99: pairs=465, sweeps=3, converged=False, rel_change=2.867e-02, effective_ranks=(312, 22), class_paired=True
Epoch [99/100] | Loss: 6.3146 (Cls: 6.2696, TAL: -0.1173, Adv: 0.7393, OT-Reg: 0.000577) | OT inner objective: 0.1027 | Marginal residual row/col/max: 8.03e-05/1.21e-08/8.03e-05 | Train Acc: 0.1897 | Val Acc: 0.1083 | Val P/R/F1 (Macro): 0.0766/0.0651/0.0603 | LR: 0.000001
Epoch [100/100] | SVD update #100: pairs=465, sweeps=3, converged=False, rel_change=2.239e-03, effective_ranks=(313, 19), class_paired=True
Epoch [100/100] | Loss: 6.3557 (Cls: 6.2999, TAL: -0.0706, Adv: 0.8040, OT-Reg: 0.000546) | OT inner objective: -0.0086 | Marginal residual row/col/max: 2.78e-05/1.18e-08/2.78e-05 | Train Acc: 0.1741 | Val Acc: 0.1250 | Val P/R/F1 (Macro): 0.1343/0.1990/0.0898 | LR: 0.000001
Report strategy: last_window, window=10, reported_acc=0.1358, best_acc=0.4917

迭代 1 报告指标:
  Accuracy: 0.1358
  Precision (Macro): 0.1212
  Recall (Macro): 0.1225
  F1 (Macro): 0.0856
  Precision (Micro): 0.1358
  Recall (Micro): 0.1358
  F1 (Micro): 0.1358
  Val class coverage: 8/14 (0.5714), samples=120

================================================================================
迭代 2/5
随机种子: 43
================================================================================
配对采样器已初始化，共 8 个共有类别。
Training mode: full target-label supervision (class-paired batches).
Feature fusion: Tensor alignment (512+512 -> 64+64); fused_dim=128
Domain adaptation: Neural OT generator with 3-domain discriminator
Loss weights: tensor=0.12, adv=0.08
Transport: mode=sinkhorn, epsilon=0.1, Sinkhorn iterations=50, correction scale=0.1, correction regularization weight=0.001
Tensor projection update: once per epoch from the complete target-training pairing bank; projection_dim=64, max_sweeps=3, relative singular-value tolerance=0.0001
Epoch [1/100] | SVD update #1: pairs=465, sweeps=3, converged=True, rel_change=9.613e-06, effective_ranks=(317, 204), class_paired=True
Epoch [1/100] | Loss: 7.1057 (Cls: 7.1040, TAL: -0.1470, Adv: 0.2410, OT-Reg: 0.001182) | OT inner objective: 0.3099 | Marginal residual row/col/max: 1.01e-08/1.84e-08/1.84e-08 | Train Acc: 0.2812 | Val Acc: 0.2750 | Val P/R/F1 (Macro): 0.0993/0.2785/0.1213 | LR: 0.000005
  >>> New Best Val Acc: 0.2750
Epoch [2/100] | SVD update #2: pairs=465, sweeps=3, converged=False, rel_change=2.486e-02, effective_ranks=(317, 113), class_paired=True
Epoch [2/100] | Loss: 6.8971 (Cls: 6.8954, TAL: -0.1456, Adv: 0.2402, OT-Reg: 0.001242) | OT inner objective: 0.3024 | Marginal residual row/col/max: 1.05e-08/1.28e-08/1.36e-08 | Train Acc: 0.2366 | Val Acc: 0.4500 | Val P/R/F1 (Macro): 0.5557/0.6197/0.4729 | LR: 0.000005
  >>> New Best Val Acc: 0.4500
Epoch [3/100] | SVD update #3: pairs=465, sweeps=3, converged=False, rel_change=5.759e-01, effective_ranks=(316, 92), class_paired=True
Epoch [3/100] | Loss: 6.6889 (Cls: 6.6696, TAL: -0.0124, Adv: 0.2592, OT-Reg: 0.000997) | OT inner objective: 0.2257 | Marginal residual row/col/max: 1.01e-08/1.05e-08/1.17e-08 | Train Acc: 0.2723 | Val Acc: 0.2167 | Val P/R/F1 (Macro): 0.2386/0.5226/0.2812 | LR: 0.000005
Epoch [4/100] | SVD update #4: pairs=465, sweeps=3, converged=False, rel_change=1.846e-01, effective_ranks=(316, 68), class_paired=True
Epoch [4/100] | Loss: 6.7615 (Cls: 6.7311, TAL: 0.0865, Adv: 0.2508, OT-Reg: 0.001111) | OT inner objective: 0.2891 | Marginal residual row/col/max: 1.36e-08/2.28e-08/2.42e-08 | Train Acc: 0.2277 | Val Acc: 0.1417 | Val P/R/F1 (Macro): 0.2957/0.3226/0.1649 | LR: 0.000005
Epoch [5/100] | SVD update #5: pairs=465, sweeps=3, converged=False, rel_change=1.644e-01, effective_ranks=(316, 46), class_paired=True
Epoch [5/100] | Loss: 6.6629 (Cls: 6.6215, TAL: 0.1437, Adv: 0.3019, OT-Reg: 0.001050) | OT inner objective: 0.2148 | Marginal residual row/col/max: 4.22e-05/2.85e-08/4.22e-05 | Train Acc: 0.1853 | Val Acc: 0.1750 | Val P/R/F1 (Macro): 0.1193/0.3920/0.1683 | LR: 0.000005
Epoch [6/100] | SVD update #6: pairs=465, sweeps=3, converged=False, rel_change=9.270e-02, effective_ranks=(316, 40), class_paired=True
Epoch [6/100] | Loss: 6.1952 (Cls: 6.1774, TAL: -0.0190, Adv: 0.2507, OT-Reg: 0.000995) | OT inner objective: 0.1499 | Marginal residual row/col/max: 9.53e-08/2.71e-08/1.02e-07 | Train Acc: 0.2679 | Val Acc: 0.2000 | Val P/R/F1 (Macro): 0.2614/0.2937/0.1790 | LR: 0.000005
Epoch [7/100] | SVD update #7: pairs=465, sweeps=3, converged=False, rel_change=2.072e-01, effective_ranks=(316, 37), class_paired=True
Epoch [7/100] | Loss: 6.0282 (Cls: 6.0034, TAL: 0.0724, Adv: 0.2019, OT-Reg: 0.001096) | OT inner objective: 0.1991 | Marginal residual row/col/max: 1.16e-08/1.17e-08/1.32e-08 | Train Acc: 0.3036 | Val Acc: 0.2000 | Val P/R/F1 (Macro): 0.2458/0.2522/0.2173 | LR: 0.000005
Epoch [8/100] | SVD update #8: pairs=465, sweeps=3, converged=False, rel_change=9.463e-02, effective_ranks=(316, 33), class_paired=True
Epoch [8/100] | Loss: 6.1642 (Cls: 6.1488, TAL: 0.0124, Adv: 0.1741, OT-Reg: 0.001096) | OT inner objective: 0.1418 | Marginal residual row/col/max: 1.18e-08/1.14e-08/1.34e-08 | Train Acc: 0.2812 | Val Acc: 0.2583 | Val P/R/F1 (Macro): 0.3224/0.3356/0.1971 | LR: 0.000005
Epoch [9/100] | SVD update #9: pairs=465, sweeps=3, converged=False, rel_change=5.031e-02, effective_ranks=(317, 37), class_paired=True
Epoch [9/100] | Loss: 5.5976 (Cls: 5.5845, TAL: -0.0201, Adv: 0.1949, OT-Reg: 0.001079) | OT inner objective: 0.1914 | Marginal residual row/col/max: 1.36e-08/1.37e-08/1.65e-08 | Train Acc: 0.3125 | Val Acc: 0.4083 | Val P/R/F1 (Macro): 0.5340/0.5150/0.4155 | LR: 0.000005
Epoch [10/100] | SVD update #10: pairs=465, sweeps=3, converged=False, rel_change=9.362e-02, effective_ranks=(317, 51), class_paired=True
Epoch [10/100] | Loss: 5.4264 (Cls: 5.4261, TAL: -0.1239, Adv: 0.1885, OT-Reg: 0.001109) | OT inner objective: 0.1278 | Marginal residual row/col/max: 2.69e-07/1.28e-08/2.70e-07 | Train Acc: 0.3750 | Val Acc: 0.3083 | Val P/R/F1 (Macro): 0.2172/0.3352/0.2214 | LR: 0.000005
Epoch [11/100] | SVD update #11: pairs=465, sweeps=3, converged=False, rel_change=8.184e-02, effective_ranks=(317, 50), class_paired=True
Epoch [11/100] | Loss: 5.6998 (Cls: 5.6933, TAL: -0.0735, Adv: 0.1919, OT-Reg: 0.001140) | OT inner objective: 0.1371 | Marginal residual row/col/max: 2.62e-08/1.08e-08/2.77e-08 | Train Acc: 0.3326 | Val Acc: 0.1333 | Val P/R/F1 (Macro): 0.2262/0.2970/0.1811 | LR: 0.000005
Epoch [12/100] | SVD update #12: pairs=465, sweeps=3, converged=False, rel_change=3.443e-01, effective_ranks=(317, 40), class_paired=True
Epoch [12/100] | Loss: 5.6067 (Cls: 5.6034, TAL: -0.0971, Adv: 0.1877, OT-Reg: 0.001187) | OT inner objective: 0.1515 | Marginal residual row/col/max: 4.55e-08/1.04e-08/4.62e-08 | Train Acc: 0.3750 | Val Acc: 0.2083 | Val P/R/F1 (Macro): 0.3283/0.4800/0.2354 | LR: 0.000005
Epoch [13/100] | SVD update #13: pairs=465, sweeps=3, converged=False, rel_change=7.979e-02, effective_ranks=(317, 35), class_paired=True
Epoch [13/100] | Loss: 5.4978 (Cls: 5.5053, TAL: -0.1966, Adv: 0.2019, OT-Reg: 0.001097) | OT inner objective: 0.0767 | Marginal residual row/col/max: 1.79e-05/1.25e-08/1.79e-05 | Train Acc: 0.4375 | Val Acc: 0.3833 | Val P/R/F1 (Macro): 0.3901/0.5036/0.3479 | LR: 0.000003
Epoch [14/100] | SVD update #14: pairs=465, sweeps=3, converged=False, rel_change=6.220e-02, effective_ranks=(317, 41), class_paired=True
Epoch [14/100] | Loss: 6.3363 (Cls: 6.3412, TAL: -0.1456, Adv: 0.1567, OT-Reg: 0.001190) | OT inner objective: 0.1382 | Marginal residual row/col/max: 2.39e-07/1.28e-08/2.41e-07 | Train Acc: 0.2969 | Val Acc: 0.2083 | Val P/R/F1 (Macro): 0.2703/0.4325/0.2366 | LR: 0.000003
Epoch [15/100] | SVD update #15: pairs=465, sweeps=3, converged=False, rel_change=3.417e-01, effective_ranks=(315, 32), class_paired=True
Epoch [15/100] | Loss: 10.6187 (Cls: 10.6063, TAL: 0.0186, Adv: 0.1282, OT-Reg: 0.001185) | OT inner objective: 0.1278 | Marginal residual row/col/max: 8.79e-08/1.73e-08/9.06e-08 | Train Acc: 0.1451 | Val Acc: 0.2333 | Val P/R/F1 (Macro): 0.1590/0.1578/0.1303 | LR: 0.000003
Epoch [16/100] | SVD update #16: pairs=465, sweeps=3, converged=False, rel_change=7.346e-02, effective_ranks=(317, 36), class_paired=True
Epoch [16/100] | Loss: 8.0874 (Cls: 8.0739, TAL: 0.0173, Adv: 0.1430, OT-Reg: 0.001199) | OT inner objective: 0.1590 | Marginal residual row/col/max: 4.28e-08/1.28e-08/4.43e-08 | Train Acc: 0.2121 | Val Acc: 0.0750 | Val P/R/F1 (Macro): 0.2396/0.0601/0.0929 | LR: 0.000003
Epoch [17/100] | SVD update #17: pairs=465, sweeps=3, converged=False, rel_change=2.313e-02, effective_ranks=(317, 37), class_paired=True
Epoch [17/100] | Loss: 6.0025 (Cls: 6.0221, TAL: -0.2515, Adv: 0.1322, OT-Reg: 0.001100) | OT inner objective: -0.0043 | Marginal residual row/col/max: 6.23e-06/1.30e-08/6.23e-06 | Train Acc: 0.3527 | Val Acc: 0.2417 | Val P/R/F1 (Macro): 0.5026/0.3423/0.3029 | LR: 0.000003
Epoch [18/100] | SVD update #18: pairs=465, sweeps=3, converged=False, rel_change=9.239e-02, effective_ranks=(317, 27), class_paired=True
Epoch [18/100] | Loss: 5.6883 (Cls: 5.6962, TAL: -0.1495, Adv: 0.1254, OT-Reg: 0.001044) | OT inner objective: 0.0920 | Marginal residual row/col/max: 1.34e-06/1.85e-08/1.34e-06 | Train Acc: 0.3482 | Val Acc: 0.3083 | Val P/R/F1 (Macro): 0.5660/0.5530/0.4186 | LR: 0.000003
Epoch [19/100] | SVD update #19: pairs=465, sweeps=3, converged=False, rel_change=5.283e-02, effective_ranks=(317, 30), class_paired=True
Epoch [19/100] | Loss: 5.7128 (Cls: 5.7154, TAL: -0.1039, Adv: 0.1229, OT-Reg: 0.001096) | OT inner objective: 0.0925 | Marginal residual row/col/max: 2.28e-07/1.10e-08/2.28e-07 | Train Acc: 0.1964 | Val Acc: 0.2417 | Val P/R/F1 (Macro): 0.3132/0.3147/0.2159 | LR: 0.000003
Epoch [20/100] | SVD update #20: pairs=465, sweeps=3, converged=False, rel_change=7.371e-02, effective_ranks=(317, 28), class_paired=True
Epoch [20/100] | Loss: 5.6465 (Cls: 5.6423, TAL: -0.0829, Adv: 0.1770, OT-Reg: 0.001088) | OT inner objective: 0.0830 | Marginal residual row/col/max: 5.30e-05/1.62e-08/5.30e-05 | Train Acc: 0.2746 | Val Acc: 0.2917 | Val P/R/F1 (Macro): 0.3747/0.4738/0.3375 | LR: 0.000003
Epoch [21/100] | SVD update #21: pairs=465, sweeps=3, converged=False, rel_change=1.054e-01, effective_ranks=(317, 29), class_paired=True
Epoch [21/100] | Loss: 5.6997 (Cls: 5.6874, TAL: -0.0463, Adv: 0.2232, OT-Reg: 0.000977) | OT inner objective: 0.0919 | Marginal residual row/col/max: 1.59e-04/1.65e-08/1.59e-04 | Train Acc: 0.3951 | Val Acc: 0.1833 | Val P/R/F1 (Macro): 0.1456/0.4045/0.1780 | LR: 0.000003
Epoch [22/100] | SVD update #22: pairs=465, sweeps=3, converged=False, rel_change=6.488e-02, effective_ranks=(317, 31), class_paired=True
Epoch [22/100] | Loss: 6.2214 (Cls: 6.2338, TAL: -0.1945, Adv: 0.1360, OT-Reg: 0.001015) | OT inner objective: 0.0805 | Marginal residual row/col/max: 1.79e-05/1.22e-08/1.79e-05 | Train Acc: 0.1763 | Val Acc: 0.3417 | Val P/R/F1 (Macro): 0.2837/0.4169/0.3048 | LR: 0.000003
Epoch [23/100] | SVD update #23: pairs=465, sweeps=3, converged=False, rel_change=1.610e-02, effective_ranks=(317, 31), class_paired=True
Epoch [23/100] | Loss: 5.5251 (Cls: 5.5302, TAL: -0.1553, Adv: 0.1683, OT-Reg: 0.001037) | OT inner objective: 0.1188 | Marginal residual row/col/max: 1.19e-05/3.02e-08/1.19e-05 | Train Acc: 0.3661 | Val Acc: 0.2250 | Val P/R/F1 (Macro): 0.3553/0.3029/0.2682 | LR: 0.000003
Epoch [24/100] | SVD update #24: pairs=465, sweeps=3, converged=False, rel_change=2.364e-02, effective_ranks=(315, 33), class_paired=True
Epoch [24/100] | Loss: 5.0065 (Cls: 5.0151, TAL: -0.1583, Adv: 0.1303, OT-Reg: 0.001094) | OT inner objective: 0.0290 | Marginal residual row/col/max: 4.51e-05/2.63e-08/4.51e-05 | Train Acc: 0.4844 | Val Acc: 0.2833 | Val P/R/F1 (Macro): 0.4866/0.5862/0.4492 | LR: 0.000001
Epoch [25/100] | SVD update #25: pairs=465, sweeps=3, converged=False, rel_change=1.235e-02, effective_ranks=(316, 31), class_paired=True
Epoch [25/100] | Loss: 6.6498 (Cls: 6.6713, TAL: -0.2536, Adv: 0.1118, OT-Reg: 0.001146) | OT inner objective: -0.0088 | Marginal residual row/col/max: 4.36e-05/1.57e-08/4.36e-05 | Train Acc: 0.2188 | Val Acc: 0.2500 | Val P/R/F1 (Macro): 0.2009/0.2864/0.2096 | LR: 0.000001
Epoch [26/100] | SVD update #26: pairs=465, sweeps=3, converged=False, rel_change=3.949e-02, effective_ranks=(317, 29), class_paired=True
Epoch [26/100] | Loss: 5.7369 (Cls: 5.7501, TAL: -0.2017, Adv: 0.1379, OT-Reg: 0.001086) | OT inner objective: 0.1283 | Marginal residual row/col/max: 1.51e-05/1.53e-08/1.51e-05 | Train Acc: 0.3237 | Val Acc: 0.2750 | Val P/R/F1 (Macro): 0.2005/0.3708/0.2192 | LR: 0.000001
Epoch [27/100] | SVD update #27: pairs=465, sweeps=3, converged=False, rel_change=4.768e-02, effective_ranks=(316, 33), class_paired=True
Epoch [27/100] | Loss: 6.4226 (Cls: 6.4305, TAL: -0.1507, Adv: 0.1278, OT-Reg: 0.001162) | OT inner objective: 0.0991 | Marginal residual row/col/max: 1.10e-05/1.86e-08/1.10e-05 | Train Acc: 0.2009 | Val Acc: 0.2750 | Val P/R/F1 (Macro): 0.2319/0.2895/0.2142 | LR: 0.000001
Epoch [28/100] | SVD update #28: pairs=465, sweeps=3, converged=False, rel_change=2.152e-01, effective_ranks=(316, 38), class_paired=True
Epoch [28/100] | Loss: 6.0984 (Cls: 6.0996, TAL: -0.0987, Adv: 0.1330, OT-Reg: 0.001212) | OT inner objective: 0.0858 | Marginal residual row/col/max: 3.89e-07/1.22e-08/3.91e-07 | Train Acc: 0.2835 | Val Acc: 0.3500 | Val P/R/F1 (Macro): 0.3321/0.4030/0.3273 | LR: 0.000001
Epoch [29/100] | SVD update #29: pairs=465, sweeps=3, converged=False, rel_change=1.299e-01, effective_ranks=(317, 37), class_paired=True
Epoch [29/100] | Loss: 5.9248 (Cls: 5.9118, TAL: 0.0237, Adv: 0.1264, OT-Reg: 0.001162) | OT inner objective: 0.1111 | Marginal residual row/col/max: 2.60e-07/1.05e-08/2.61e-07 | Train Acc: 0.2879 | Val Acc: 0.3667 | Val P/R/F1 (Macro): 0.3148/0.3610/0.2913 | LR: 0.000001
Epoch [30/100] | SVD update #30: pairs=465, sweeps=3, converged=False, rel_change=1.981e-01, effective_ranks=(315, 42), class_paired=True
Epoch [30/100] | Loss: 5.2093 (Cls: 5.2145, TAL: -0.1350, Adv: 0.1380, OT-Reg: 0.001189) | OT inner objective: 0.0378 | Marginal residual row/col/max: 1.54e-05/1.22e-08/1.54e-05 | Train Acc: 0.4821 | Val Acc: 0.4000 | Val P/R/F1 (Macro): 0.4885/0.5323/0.4376 | LR: 0.000001
Epoch [31/100] | SVD update #31: pairs=465, sweeps=3, converged=False, rel_change=5.590e-02, effective_ranks=(317, 36), class_paired=True
Epoch [31/100] | Loss: 5.1139 (Cls: 5.1186, TAL: -0.1379, Adv: 0.1487, OT-Reg: 0.001169) | OT inner objective: -0.0260 | Marginal residual row/col/max: 1.74e-04/1.13e-08/1.74e-04 | Train Acc: 0.5022 | Val Acc: 0.4333 | Val P/R/F1 (Macro): 0.5234/0.4817/0.4700 | LR: 0.000001
Epoch [32/100] | SVD update #32: pairs=465, sweeps=3, converged=False, rel_change=1.996e-02, effective_ranks=(316, 39), class_paired=True
Epoch [32/100] | Loss: 4.8011 (Cls: 4.8043, TAL: -0.1635, Adv: 0.2056, OT-Reg: 0.001164) | OT inner objective: -0.0987 | Marginal residual row/col/max: 2.12e-05/1.02e-08/2.12e-05 | Train Acc: 0.5134 | Val Acc: 0.3417 | Val P/R/F1 (Macro): 0.2482/0.3536/0.2490 | LR: 0.000001
Epoch [33/100] | SVD update #33: pairs=465, sweeps=3, converged=False, rel_change=1.224e-01, effective_ranks=(317, 30), class_paired=True
Epoch [33/100] | Loss: 5.5559 (Cls: 5.5425, TAL: -0.0352, Adv: 0.2202, OT-Reg: 0.001213) | OT inner objective: 0.0204 | Marginal residual row/col/max: 1.51e-06/1.28e-08/1.51e-06 | Train Acc: 0.2812 | Val Acc: 0.3750 | Val P/R/F1 (Macro): 0.4674/0.4104/0.3841 | LR: 0.000001
Epoch [34/100] | SVD update #34: pairs=465, sweeps=3, converged=False, rel_change=3.657e-02, effective_ranks=(317, 35), class_paired=True
Epoch [34/100] | Loss: 5.3380 (Cls: 5.3394, TAL: -0.1413, Adv: 0.1943, OT-Reg: 0.001229) | OT inner objective: 0.0156 | Marginal residual row/col/max: 2.48e-06/9.45e-09/2.48e-06 | Train Acc: 0.4375 | Val Acc: 0.1583 | Val P/R/F1 (Macro): 0.3094/0.2913/0.1978 | LR: 0.000001
Epoch [35/100] | SVD update #35: pairs=465, sweeps=3, converged=False, rel_change=9.545e-03, effective_ranks=(316, 44), class_paired=True
Epoch [35/100] | Loss: 5.1346 (Cls: 5.1353, TAL: -0.1551, Adv: 0.2234, OT-Reg: 0.001211) | OT inner objective: 0.0457 | Marginal residual row/col/max: 1.73e-05/1.60e-08/1.73e-05 | Train Acc: 0.4866 | Val Acc: 0.2500 | Val P/R/F1 (Macro): 0.2871/0.2674/0.2270 | LR: 0.000001
Epoch [36/100] | SVD update #36: pairs=465, sweeps=3, converged=False, rel_change=3.883e-02, effective_ranks=(317, 45), class_paired=True
Epoch [36/100] | Loss: 4.9775 (Cls: 4.9839, TAL: -0.1700, Adv: 0.1745, OT-Reg: 0.001204) | OT inner objective: -0.0002 | Marginal residual row/col/max: 3.48e-06/1.41e-08/3.48e-06 | Train Acc: 0.4799 | Val Acc: 0.4667 | Val P/R/F1 (Macro): 0.3890/0.4136/0.3809 | LR: 0.000001
  >>> New Best Val Acc: 0.4667
Epoch [37/100] | SVD update #37: pairs=465, sweeps=3, converged=False, rel_change=1.010e-01, effective_ranks=(317, 46), class_paired=True
Epoch [37/100] | Loss: 5.1618 (Cls: 5.1538, TAL: -0.1121, Adv: 0.2674, OT-Reg: 0.001246) | OT inner objective: 0.0532 | Marginal residual row/col/max: 2.71e-07/1.13e-08/2.72e-07 | Train Acc: 0.3906 | Val Acc: 0.0917 | Val P/R/F1 (Macro): 0.1370/0.1430/0.0828 | LR: 0.000001
Epoch [38/100] | SVD update #38: pairs=465, sweeps=3, converged=False, rel_change=4.022e-02, effective_ranks=(317, 42), class_paired=True
Epoch [38/100] | Loss: 4.9273 (Cls: 4.9338, TAL: -0.1956, Adv: 0.2114, OT-Reg: 0.001198) | OT inner objective: -0.0081 | Marginal residual row/col/max: 1.19e-05/1.32e-08/1.19e-05 | Train Acc: 0.4933 | Val Acc: 0.3000 | Val P/R/F1 (Macro): 0.4689/0.4256/0.3611 | LR: 0.000001
Epoch [39/100] | SVD update #39: pairs=465, sweeps=3, converged=False, rel_change=1.197e-02, effective_ranks=(317, 42), class_paired=True
Epoch [39/100] | Loss: 4.5933 (Cls: 4.6080, TAL: -0.2365, Adv: 0.1710, OT-Reg: 0.001207) | OT inner objective: -0.0692 | Marginal residual row/col/max: 9.98e-06/1.06e-08/9.98e-06 | Train Acc: 0.4732 | Val Acc: 0.5167 | Val P/R/F1 (Macro): 0.5836/0.4608/0.4743 | LR: 0.000001
  >>> New Best Val Acc: 0.5167
Epoch [40/100] | SVD update #40: pairs=465, sweeps=3, converged=False, rel_change=5.192e-02, effective_ranks=(317, 46), class_paired=True
Epoch [40/100] | Loss: 4.7483 (Cls: 4.7481, TAL: -0.1674, Adv: 0.2537, OT-Reg: 0.001258) | OT inner objective: 0.0490 | Marginal residual row/col/max: 4.14e-05/1.04e-08/4.14e-05 | Train Acc: 0.4442 | Val Acc: 0.5000 | Val P/R/F1 (Macro): 0.4823/0.5053/0.4738 | LR: 0.000001
Epoch [41/100] | SVD update #41: pairs=465, sweeps=3, converged=False, rel_change=3.314e-02, effective_ranks=(317, 47), class_paired=True
Epoch [41/100] | Loss: 4.6968 (Cls: 4.7031, TAL: -0.2118, Adv: 0.2391, OT-Reg: 0.001162) | OT inner objective: -0.0690 | Marginal residual row/col/max: 1.79e-04/1.22e-08/1.79e-04 | Train Acc: 0.5201 | Val Acc: 0.4167 | Val P/R/F1 (Macro): 0.4441/0.3620/0.3756 | LR: 0.000001
Epoch [42/100] | SVD update #42: pairs=465, sweeps=3, converged=False, rel_change=1.772e-01, effective_ranks=(313, 64), class_paired=True
Epoch [42/100] | Loss: 5.9292 (Cls: 5.9196, TAL: -0.1363, Adv: 0.3241, OT-Reg: 0.001208) | OT inner objective: 0.1189 | Marginal residual row/col/max: 4.79e-07/1.13e-08/4.80e-07 | Train Acc: 0.2165 | Val Acc: 0.1500 | Val P/R/F1 (Macro): 0.0445/0.0872/0.0578 | LR: 0.000001
Epoch [43/100] | SVD update #43: pairs=465, sweeps=3, converged=False, rel_change=2.051e-01, effective_ranks=(317, 49), class_paired=True
Epoch [43/100] | Loss: 6.7374 (Cls: 6.7072, TAL: 0.0391, Adv: 0.3178, OT-Reg: 0.001231) | OT inner objective: 0.0719 | Marginal residual row/col/max: 5.20e-08/1.26e-08/5.24e-08 | Train Acc: 0.2121 | Val Acc: 0.3000 | Val P/R/F1 (Macro): 0.1920/0.1779/0.1625 | LR: 0.000001
Epoch [44/100] | SVD update #44: pairs=465, sweeps=3, converged=False, rel_change=7.988e-02, effective_ranks=(316, 50), class_paired=True
Epoch [44/100] | Loss: 5.4649 (Cls: 5.4518, TAL: -0.0928, Adv: 0.3027, OT-Reg: 0.001201) | OT inner objective: -0.0282 | Marginal residual row/col/max: 4.41e-05/1.33e-08/4.41e-05 | Train Acc: 0.3214 | Val Acc: 0.4000 | Val P/R/F1 (Macro): 0.2879/0.3820/0.2982 | LR: 0.000001
Epoch [45/100] | SVD update #45: pairs=465, sweeps=3, converged=False, rel_change=8.718e-03, effective_ranks=(317, 40), class_paired=True
Epoch [45/100] | Loss: 4.9334 (Cls: 4.9338, TAL: -0.1900, Adv: 0.2810, OT-Reg: 0.001155) | OT inner objective: -0.0470 | Marginal residual row/col/max: 1.72e-04/1.05e-08/1.72e-04 | Train Acc: 0.4286 | Val Acc: 0.2500 | Val P/R/F1 (Macro): 0.3264/0.3463/0.2676 | LR: 0.000001
Epoch [46/100] | SVD update #46: pairs=465, sweeps=3, converged=False, rel_change=5.901e-03, effective_ranks=(316, 42), class_paired=True
Epoch [46/100] | Loss: 4.9062 (Cls: 4.9099, TAL: -0.2689, Adv: 0.3572, OT-Reg: 0.001203) | OT inner objective: -0.0444 | Marginal residual row/col/max: 1.78e-05/1.20e-08/1.78e-05 | Train Acc: 0.3326 | Val Acc: 0.3917 | Val P/R/F1 (Macro): 0.3645/0.4343/0.3296 | LR: 0.000001
Epoch [47/100] | SVD update #47: pairs=465, sweeps=3, converged=False, rel_change=2.774e-02, effective_ranks=(316, 41), class_paired=True
Epoch [47/100] | Loss: 5.1520 (Cls: 5.1407, TAL: -0.1941, Adv: 0.4320, OT-Reg: 0.001201) | OT inner objective: -0.0337 | Marginal residual row/col/max: 1.23e-05/1.24e-08/1.23e-05 | Train Acc: 0.3705 | Val Acc: 0.2083 | Val P/R/F1 (Macro): 0.3148/0.3011/0.2095 | LR: 0.000001
Epoch [48/100] | SVD update #48: pairs=465, sweeps=3, converged=False, rel_change=9.506e-02, effective_ranks=(317, 37), class_paired=True
Epoch [48/100] | Loss: 5.3932 (Cls: 5.3769, TAL: -0.1322, Adv: 0.4026, OT-Reg: 0.001170) | OT inner objective: 0.1249 | Marginal residual row/col/max: 6.23e-08/1.10e-08/6.35e-08 | Train Acc: 0.3237 | Val Acc: 0.3583 | Val P/R/F1 (Macro): 0.3303/0.4112/0.2832 | LR: 0.000001
Epoch [49/100] | SVD update #49: pairs=465, sweeps=3, converged=False, rel_change=1.615e-01, effective_ranks=(316, 26), class_paired=True
Epoch [49/100] | Loss: 6.6764 (Cls: 6.6422, TAL: 0.0069, Adv: 0.4167, OT-Reg: 0.001160) | OT inner objective: -0.0929 | Marginal residual row/col/max: 3.29e-05/1.13e-08/3.29e-05 | Train Acc: 0.1786 | Val Acc: 0.2917 | Val P/R/F1 (Macro): 0.0792/0.1815/0.1087 | LR: 0.000001
Epoch [50/100] | SVD update #50: pairs=465, sweeps=3, converged=False, rel_change=1.726e-01, effective_ranks=(316, 31), class_paired=True
Epoch [50/100] | Loss: 6.0848 (Cls: 6.0820, TAL: -0.1911, Adv: 0.3224, OT-Reg: 0.001158) | OT inner objective: -0.0292 | Marginal residual row/col/max: 6.24e-06/1.06e-08/6.24e-06 | Train Acc: 0.1674 | Val Acc: 0.3500 | Val P/R/F1 (Macro): 0.2205/0.2580/0.2053 | LR: 0.000001
Epoch [51/100] | SVD update #51: pairs=465, sweeps=3, converged=False, rel_change=1.183e-02, effective_ranks=(317, 29), class_paired=True
Epoch [51/100] | Loss: 5.6434 (Cls: 5.6337, TAL: -0.1920, Adv: 0.4102, OT-Reg: 0.001197) | OT inner objective: 0.0654 | Marginal residual row/col/max: 1.31e-06/1.14e-08/1.31e-06 | Train Acc: 0.3125 | Val Acc: 0.2833 | Val P/R/F1 (Macro): 0.1905/0.2430/0.1911 | LR: 0.000001
Epoch [52/100] | SVD update #52: pairs=465, sweeps=3, converged=False, rel_change=1.630e-02, effective_ranks=(316, 27), class_paired=True
Epoch [52/100] | Loss: 5.8304 (Cls: 5.8274, TAL: -0.1421, Adv: 0.2496, OT-Reg: 0.001191) | OT inner objective: 0.0563 | Marginal residual row/col/max: 4.04e-07/1.24e-08/4.04e-07 | Train Acc: 0.2344 | Val Acc: 0.1750 | Val P/R/F1 (Macro): 0.2295/0.1112/0.1002 | LR: 0.000001
Epoch [53/100] | SVD update #53: pairs=465, sweeps=3, converged=False, rel_change=2.582e-02, effective_ranks=(317, 30), class_paired=True
Epoch [53/100] | Loss: 5.6217 (Cls: 5.6110, TAL: -0.1473, Adv: 0.3553, OT-Reg: 0.001201) | OT inner objective: 0.0185 | Marginal residual row/col/max: 2.33e-06/1.08e-08/2.33e-06 | Train Acc: 0.3348 | Val Acc: 0.2417 | Val P/R/F1 (Macro): 0.1691/0.2208/0.1656 | LR: 0.000001
Epoch [54/100] | SVD update #54: pairs=465, sweeps=3, converged=False, rel_change=3.464e-02, effective_ranks=(317, 29), class_paired=True
Epoch [54/100] | Loss: 5.6239 (Cls: 5.6064, TAL: -0.2242, Adv: 0.5546, OT-Reg: 0.001164) | OT inner objective: 0.0329 | Marginal residual row/col/max: 6.70e-06/1.10e-08/6.70e-06 | Train Acc: 0.2946 | Val Acc: 0.1833 | Val P/R/F1 (Macro): 0.1527/0.1373/0.1254 | LR: 0.000001
Epoch [55/100] | SVD update #55: pairs=465, sweeps=3, converged=False, rel_change=4.181e-03, effective_ranks=(317, 27), class_paired=True
Epoch [55/100] | Loss: 5.3713 (Cls: 5.3693, TAL: -0.1728, Adv: 0.2846, OT-Reg: 0.001192) | OT inner objective: 0.0421 | Marginal residual row/col/max: 3.48e-06/1.13e-08/3.48e-06 | Train Acc: 0.3705 | Val Acc: 0.3333 | Val P/R/F1 (Macro): 0.3011/0.3415/0.2879 | LR: 0.000001
Epoch [56/100] | SVD update #56: pairs=465, sweeps=3, converged=False, rel_change=4.569e-03, effective_ranks=(315, 31), class_paired=True
Epoch [56/100] | Loss: 5.3139 (Cls: 5.3060, TAL: -0.1680, Adv: 0.3507, OT-Reg: 0.001220) | OT inner objective: 0.0722 | Marginal residual row/col/max: 5.28e-05/1.12e-08/5.28e-05 | Train Acc: 0.4397 | Val Acc: 0.4833 | Val P/R/F1 (Macro): 0.3079/0.4156/0.3366 | LR: 0.000001
Epoch [57/100] | SVD update #57: pairs=465, sweeps=3, converged=False, rel_change=1.828e-02, effective_ranks=(316, 30), class_paired=True
Epoch [57/100] | Loss: 5.2830 (Cls: 5.2584, TAL: -0.0982, Adv: 0.4547, OT-Reg: 0.001132) | OT inner objective: 0.0700 | Marginal residual row/col/max: 1.60e-06/1.41e-08/1.60e-06 | Train Acc: 0.4263 | Val Acc: 0.3417 | Val P/R/F1 (Macro): 0.3163/0.2753/0.2026 | LR: 0.000001
Epoch [58/100] | SVD update #58: pairs=465, sweeps=3, converged=False, rel_change=2.205e-03, effective_ranks=(316, 33), class_paired=True
Epoch [58/100] | Loss: 5.2037 (Cls: 5.1849, TAL: -0.1382, Adv: 0.4428, OT-Reg: 0.001152) | OT inner objective: 0.0642 | Marginal residual row/col/max: 4.13e-05/1.21e-08/4.13e-05 | Train Acc: 0.4308 | Val Acc: 0.3417 | Val P/R/F1 (Macro): 0.2823/0.2890/0.2356 | LR: 0.000001
Epoch [59/100] | SVD update #59: pairs=465, sweeps=3, converged=False, rel_change=1.062e-02, effective_ranks=(316, 32), class_paired=True
Epoch [59/100] | Loss: 5.1474 (Cls: 5.1450, TAL: -0.2248, Adv: 0.3675, OT-Reg: 0.001154) | OT inner objective: 0.0091 | Marginal residual row/col/max: 3.98e-05/1.32e-08/3.98e-05 | Train Acc: 0.4464 | Val Acc: 0.3000 | Val P/R/F1 (Macro): 0.2931/0.3836/0.2761 | LR: 0.000001
Epoch [60/100] | SVD update #60: pairs=465, sweeps=3, converged=False, rel_change=2.807e-03, effective_ranks=(317, 34), class_paired=True
Epoch [60/100] | Loss: 5.1236 (Cls: 5.1116, TAL: -0.2223, Adv: 0.4836, OT-Reg: 0.001122) | OT inner objective: 0.0202 | Marginal residual row/col/max: 2.92e-05/1.09e-08/2.92e-05 | Train Acc: 0.4353 | Val Acc: 0.3417 | Val P/R/F1 (Macro): 0.2761/0.3275/0.2598 | LR: 0.000001
Epoch [61/100] | SVD update #61: pairs=465, sweeps=3, converged=False, rel_change=4.775e-03, effective_ranks=(316, 34), class_paired=True
Epoch [61/100] | Loss: 4.7311 (Cls: 4.7087, TAL: -0.2354, Adv: 0.6341, OT-Reg: 0.001132) | OT inner objective: 0.0122 | Marginal residual row/col/max: 2.86e-05/1.41e-08/2.86e-05 | Train Acc: 0.5067 | Val Acc: 0.2833 | Val P/R/F1 (Macro): 0.3006/0.3127/0.2671 | LR: 0.000001
Epoch [62/100] | SVD update #62: pairs=465, sweeps=3, converged=False, rel_change=1.428e-02, effective_ranks=(317, 31), class_paired=True
Epoch [62/100] | Loss: 5.2080 (Cls: 5.1979, TAL: -0.2100, Adv: 0.4404, OT-Reg: 0.001173) | OT inner objective: 0.0785 | Marginal residual row/col/max: 2.11e-06/1.17e-08/2.11e-06 | Train Acc: 0.3237 | Val Acc: 0.3833 | Val P/R/F1 (Macro): 0.2366/0.2888/0.2132 | LR: 0.000001
Epoch [63/100] | SVD update #63: pairs=465, sweeps=3, converged=False, rel_change=1.547e-02, effective_ranks=(317, 38), class_paired=True
Epoch [63/100] | Loss: 5.0011 (Cls: 4.9852, TAL: -0.2033, Adv: 0.5032, OT-Reg: 0.001116) | OT inner objective: 0.0003 | Marginal residual row/col/max: 6.92e-05/1.02e-08/6.92e-05 | Train Acc: 0.4487 | Val Acc: 0.4167 | Val P/R/F1 (Macro): 0.3708/0.4095/0.3407 | LR: 0.000001
Epoch [64/100] | SVD update #64: pairs=465, sweeps=3, converged=False, rel_change=1.890e-02, effective_ranks=(317, 39), class_paired=True
Epoch [64/100] | Loss: 5.0379 (Cls: 5.0276, TAL: -0.1950, Adv: 0.4213, OT-Reg: 0.001196) | OT inner objective: 0.0023 | Marginal residual row/col/max: 2.28e-06/1.16e-08/2.28e-06 | Train Acc: 0.4174 | Val Acc: 0.2750 | Val P/R/F1 (Macro): 0.2799/0.2982/0.2457 | LR: 0.000001
Epoch [65/100] | SVD update #65: pairs=465, sweeps=3, converged=False, rel_change=1.722e-02, effective_ranks=(316, 36), class_paired=True
Epoch [65/100] | Loss: 5.1327 (Cls: 5.1132, TAL: -0.2585, Adv: 0.6309, OT-Reg: 0.001129) | OT inner objective: -0.0084 | Marginal residual row/col/max: 1.19e-04/1.24e-08/1.19e-04 | Train Acc: 0.4308 | Val Acc: 0.3083 | Val P/R/F1 (Macro): 0.2803/0.3235/0.2658 | LR: 0.000001
Epoch [66/100] | SVD update #66: pairs=465, sweeps=3, converged=False, rel_change=1.421e-02, effective_ranks=(317, 38), class_paired=True
Epoch [66/100] | Loss: 4.9153 (Cls: 4.9007, TAL: -0.1921, Adv: 0.4697, OT-Reg: 0.001174) | OT inner objective: 0.0639 | Marginal residual row/col/max: 2.31e-07/1.14e-08/2.31e-07 | Train Acc: 0.4732 | Val Acc: 0.3083 | Val P/R/F1 (Macro): 0.3211/0.3652/0.2707 | LR: 0.000001
Epoch [67/100] | SVD update #67: pairs=465, sweeps=3, converged=False, rel_change=6.941e-03, effective_ranks=(317, 38), class_paired=True
Epoch [67/100] | Loss: 5.0474 (Cls: 5.0335, TAL: -0.1940, Adv: 0.4651, OT-Reg: 0.001208) | OT inner objective: 0.0293 | Marginal residual row/col/max: 2.85e-06/1.08e-08/2.85e-06 | Train Acc: 0.4754 | Val Acc: 0.2667 | Val P/R/F1 (Macro): 0.2791/0.3120/0.2378 | LR: 0.000001
Epoch [68/100] | SVD update #68: pairs=465, sweeps=3, converged=False, rel_change=1.214e-02, effective_ranks=(317, 47), class_paired=True
Epoch [68/100] | Loss: 4.8442 (Cls: 4.8454, TAL: -0.2627, Adv: 0.3795, OT-Reg: 0.001165) | OT inner objective: 0.0619 | Marginal residual row/col/max: 2.85e-05/1.16e-08/2.85e-05 | Train Acc: 0.5759 | Val Acc: 0.2833 | Val P/R/F1 (Macro): 0.3045/0.3637/0.2719 | LR: 0.000001
Epoch [69/100] | SVD update #69: pairs=465, sweeps=3, converged=False, rel_change=7.076e-03, effective_ranks=(316, 43), class_paired=True
Epoch [69/100] | Loss: 5.0485 (Cls: 5.0369, TAL: -0.1592, Adv: 0.3839, OT-Reg: 0.001175) | OT inner objective: 0.0335 | Marginal residual row/col/max: 7.41e-06/1.52e-08/7.41e-06 | Train Acc: 0.4375 | Val Acc: 0.2917 | Val P/R/F1 (Macro): 0.3081/0.4032/0.2569 | LR: 0.000001
Epoch [70/100] | SVD update #70: pairs=465, sweeps=3, converged=False, rel_change=1.082e-02, effective_ranks=(316, 49), class_paired=True
Epoch [70/100] | Loss: 5.6535 (Cls: 5.6512, TAL: -0.2241, Adv: 0.3648, OT-Reg: 0.001223) | OT inner objective: 0.0173 | Marginal residual row/col/max: 5.61e-05/1.18e-08/5.61e-05 | Train Acc: 0.3772 | Val Acc: 0.2500 | Val P/R/F1 (Macro): 0.1527/0.2688/0.1940 | LR: 0.000001
Epoch [71/100] | SVD update #71: pairs=465, sweeps=3, converged=False, rel_change=6.902e-03, effective_ranks=(317, 44), class_paired=True
Epoch [71/100] | Loss: 5.3918 (Cls: 5.3744, TAL: -0.1299, Adv: 0.4125, OT-Reg: 0.001189) | OT inner objective: 0.0832 | Marginal residual row/col/max: 7.73e-05/1.57e-08/7.73e-05 | Train Acc: 0.4821 | Val Acc: 0.2417 | Val P/R/F1 (Macro): 0.3021/0.3117/0.2299 | LR: 0.000001
Epoch [72/100] | SVD update #72: pairs=465, sweeps=3, converged=False, rel_change=7.821e-03, effective_ranks=(317, 46), class_paired=True
Epoch [72/100] | Loss: 5.1956 (Cls: 5.1875, TAL: -0.0999, Adv: 0.2505, OT-Reg: 0.001251) | OT inner objective: 0.1333 | Marginal residual row/col/max: 6.61e-08/1.22e-08/6.92e-08 | Train Acc: 0.4129 | Val Acc: 0.2750 | Val P/R/F1 (Macro): 0.2703/0.3453/0.2358 | LR: 0.000001
Epoch [73/100] | SVD update #73: pairs=465, sweeps=3, converged=False, rel_change=6.717e-03, effective_ranks=(317, 46), class_paired=True
Epoch [73/100] | Loss: 5.3922 (Cls: 5.3760, TAL: -0.1390, Adv: 0.4099, OT-Reg: 0.001225) | OT inner objective: 0.0500 | Marginal residual row/col/max: 1.88e-07/1.60e-08/1.88e-07 | Train Acc: 0.3817 | Val Acc: 0.2333 | Val P/R/F1 (Macro): 0.2033/0.2524/0.2014 | LR: 0.000001
Epoch [74/100] | SVD update #74: pairs=465, sweeps=3, converged=False, rel_change=6.365e-03, effective_ranks=(317, 52), class_paired=True
Epoch [74/100] | Loss: 5.2682 (Cls: 5.2643, TAL: -0.2438, Adv: 0.4145, OT-Reg: 0.001223) | OT inner objective: 0.0466 | Marginal residual row/col/max: 6.76e-07/1.24e-08/6.76e-07 | Train Acc: 0.4152 | Val Acc: 0.2917 | Val P/R/F1 (Macro): 0.2340/0.3513/0.2589 | LR: 0.000001
Epoch [75/100] | SVD update #75: pairs=465, sweeps=3, converged=False, rel_change=9.863e-03, effective_ranks=(315, 48), class_paired=True
Epoch [75/100] | Loss: 5.8289 (Cls: 5.8337, TAL: -0.2382, Adv: 0.2973, OT-Reg: 0.001276) | OT inner objective: 0.1084 | Marginal residual row/col/max: 7.97e-06/1.10e-08/7.97e-06 | Train Acc: 0.4085 | Val Acc: 0.2250 | Val P/R/F1 (Macro): 0.1584/0.2359/0.1599 | LR: 0.000001
Epoch [76/100] | SVD update #76: pairs=465, sweeps=3, converged=False, rel_change=2.171e-02, effective_ranks=(316, 47), class_paired=True
Epoch [76/100] | Loss: 5.6104 (Cls: 5.5941, TAL: -0.1629, Adv: 0.4486, OT-Reg: 0.001194) | OT inner objective: 0.1347 | Marginal residual row/col/max: 1.12e-07/1.30e-08/1.13e-07 | Train Acc: 0.4263 | Val Acc: 0.1917 | Val P/R/F1 (Macro): 0.1655/0.2944/0.1917 | LR: 0.000001
Epoch [77/100] | SVD update #77: pairs=465, sweeps=3, converged=False, rel_change=2.529e-02, effective_ranks=(317, 48), class_paired=True
Epoch [77/100] | Loss: 5.6477 (Cls: 5.6262, TAL: -0.1386, Adv: 0.4761, OT-Reg: 0.001178) | OT inner objective: 0.1450 | Marginal residual row/col/max: 1.18e-08/1.24e-08/1.52e-08 | Train Acc: 0.3951 | Val Acc: 0.1833 | Val P/R/F1 (Macro): 0.1580/0.2749/0.1756 | LR: 0.000001
Epoch [78/100] | SVD update #78: pairs=465, sweeps=3, converged=False, rel_change=5.986e-02, effective_ranks=(317, 48), class_paired=True
Epoch [78/100] | Loss: 6.1469 (Cls: 6.1281, TAL: -0.1289, Adv: 0.4283, OT-Reg: 0.001186) | OT inner objective: 0.1331 | Marginal residual row/col/max: 2.98e-05/1.16e-08/2.98e-05 | Train Acc: 0.2879 | Val Acc: 0.1167 | Val P/R/F1 (Macro): 0.0632/0.1414/0.0775 | LR: 0.000001
Epoch [79/100] | SVD update #79: pairs=465, sweeps=3, converged=False, rel_change=1.432e-02, effective_ranks=(317, 52), class_paired=True
Epoch [79/100] | Loss: 6.0732 (Cls: 6.0457, TAL: -0.0751, Adv: 0.4564, OT-Reg: 0.001126) | OT inner objective: 0.1668 | Marginal residual row/col/max: 7.14e-05/1.53e-08/7.14e-05 | Train Acc: 0.3348 | Val Acc: 0.1833 | Val P/R/F1 (Macro): 0.1622/0.2849/0.1644 | LR: 0.000001
Epoch [80/100] | SVD update #80: pairs=465, sweeps=3, converged=False, rel_change=8.180e-02, effective_ranks=(317, 52), class_paired=True
Epoch [80/100] | Loss: 6.0629 (Cls: 6.0267, TAL: -0.0651, Adv: 0.5512, OT-Reg: 0.001089) | OT inner objective: 0.1030 | Marginal residual row/col/max: 1.91e-05/1.77e-08/1.91e-05 | Train Acc: 0.3036 | Val Acc: 0.0917 | Val P/R/F1 (Macro): 0.0647/0.0990/0.0648 | LR: 0.000001
Epoch [81/100] | SVD update #81: pairs=465, sweeps=3, converged=False, rel_change=5.607e-02, effective_ranks=(315, 41), class_paired=True
Epoch [81/100] | Loss: 6.7117 (Cls: 6.6808, TAL: -0.0059, Adv: 0.3951, OT-Reg: 0.001113) | OT inner objective: -0.0147 | Marginal residual row/col/max: 7.76e-05/1.54e-08/7.76e-05 | Train Acc: 0.1406 | Val Acc: 0.1417 | Val P/R/F1 (Macro): 0.2099/0.2379/0.1388 | LR: 0.000001
Epoch [82/100] | SVD update #82: pairs=465, sweeps=3, converged=False, rel_change=2.387e-02, effective_ranks=(316, 42), class_paired=True
Epoch [82/100] | Loss: 6.2933 (Cls: 6.2601, TAL: -0.0842, Adv: 0.5420, OT-Reg: 0.001114) | OT inner objective: -0.0001 | Marginal residual row/col/max: 2.19e-05/9.85e-09/2.19e-05 | Train Acc: 0.1853 | Val Acc: 0.2750 | Val P/R/F1 (Macro): 0.3115/0.3265/0.2695 | LR: 0.000001
Epoch [83/100] | SVD update #83: pairs=465, sweeps=3, converged=False, rel_change=2.524e-02, effective_ranks=(316, 47), class_paired=True
Epoch [83/100] | Loss: 6.3231 (Cls: 6.2682, TAL: 0.0775, Adv: 0.5700, OT-Reg: 0.001096) | OT inner objective: 0.0425 | Marginal residual row/col/max: 6.09e-05/1.29e-08/6.09e-05 | Train Acc: 0.2188 | Val Acc: 0.1417 | Val P/R/F1 (Macro): 0.1659/0.1974/0.1619 | LR: 0.000001
Epoch [84/100] | SVD update #84: pairs=465, sweeps=3, converged=False, rel_change=6.793e-02, effective_ranks=(316, 46), class_paired=True
Epoch [84/100] | Loss: 6.1948 (Cls: 6.1658, TAL: -0.1008, Adv: 0.5128, OT-Reg: 0.001116) | OT inner objective: 0.0038 | Marginal residual row/col/max: 8.17e-05/1.10e-08/8.17e-05 | Train Acc: 0.2656 | Val Acc: 0.3000 | Val P/R/F1 (Macro): 0.2802/0.3220/0.2711 | LR: 0.000001
Epoch [85/100] | SVD update #85: pairs=465, sweeps=3, converged=False, rel_change=3.984e-02, effective_ranks=(317, 46), class_paired=True
Epoch [85/100] | Loss: 5.7131 (Cls: 5.7054, TAL: -0.1898, Adv: 0.3810, OT-Reg: 0.001072) | OT inner objective: 0.0639 | Marginal residual row/col/max: 1.26e-04/1.53e-08/1.26e-04 | Train Acc: 0.2656 | Val Acc: 0.3000 | Val P/R/F1 (Macro): 0.3563/0.3578/0.3016 | LR: 0.000001
Epoch [86/100] | SVD update #86: pairs=465, sweeps=3, converged=False, rel_change=9.926e-03, effective_ranks=(317, 44), class_paired=True
Epoch [86/100] | Loss: 5.8804 (Cls: 5.8562, TAL: -0.1569, Adv: 0.5368, OT-Reg: 0.001097) | OT inner objective: 0.0423 | Marginal residual row/col/max: 1.12e-04/1.13e-08/1.12e-04 | Train Acc: 0.3103 | Val Acc: 0.2917 | Val P/R/F1 (Macro): 0.2903/0.3712/0.2886 | LR: 0.000001
Epoch [87/100] | SVD update #87: pairs=465, sweeps=3, converged=False, rel_change=1.111e-02, effective_ranks=(317, 44), class_paired=True
Epoch [87/100] | Loss: 5.6511 (Cls: 5.6303, TAL: -0.1176, Adv: 0.4365, OT-Reg: 0.001093) | OT inner objective: 0.0680 | Marginal residual row/col/max: 2.69e-05/1.28e-08/2.69e-05 | Train Acc: 0.2723 | Val Acc: 0.3917 | Val P/R/F1 (Macro): 0.3202/0.3849/0.3046 | LR: 0.000001
Epoch [88/100] | SVD update #88: pairs=465, sweeps=3, converged=False, rel_change=1.389e-02, effective_ranks=(316, 52), class_paired=True
Epoch [88/100] | Loss: 5.3415 (Cls: 5.3174, TAL: -0.1396, Adv: 0.5104, OT-Reg: 0.001130) | OT inner objective: 0.1084 | Marginal residual row/col/max: 2.00e-05/8.78e-09/2.00e-05 | Train Acc: 0.2634 | Val Acc: 0.3250 | Val P/R/F1 (Macro): 0.4020/0.4508/0.4113 | LR: 0.000001
Epoch [89/100] | SVD update #89: pairs=465, sweeps=3, converged=False, rel_change=2.488e-02, effective_ranks=(316, 53), class_paired=True
Epoch [89/100] | Loss: 5.7052 (Cls: 5.6896, TAL: -0.1761, Adv: 0.4596, OT-Reg: 0.001110) | OT inner objective: 0.1148 | Marginal residual row/col/max: 2.10e-05/1.16e-08/2.10e-05 | Train Acc: 0.2299 | Val Acc: 0.2250 | Val P/R/F1 (Macro): 0.2161/0.2270/0.2029 | LR: 0.000001
Epoch [90/100] | SVD update #90: pairs=465, sweeps=3, converged=False, rel_change=2.567e-02, effective_ranks=(316, 48), class_paired=True
Epoch [90/100] | Loss: 5.5178 (Cls: 5.4916, TAL: -0.1237, Adv: 0.5132, OT-Reg: 0.001158) | OT inner objective: 0.1098 | Marginal residual row/col/max: 2.41e-07/9.85e-09/2.42e-07 | Train Acc: 0.2656 | Val Acc: 0.1417 | Val P/R/F1 (Macro): 0.2472/0.1951/0.1342 | LR: 0.000001
Epoch [91/100] | SVD update #91: pairs=465, sweeps=3, converged=False, rel_change=2.208e-02, effective_ranks=(316, 47), class_paired=True
Epoch [91/100] | Loss: 5.5389 (Cls: 5.5259, TAL: -0.1327, Adv: 0.3615, OT-Reg: 0.001150) | OT inner objective: 0.1225 | Marginal residual row/col/max: 2.27e-07/1.06e-08/2.28e-07 | Train Acc: 0.2344 | Val Acc: 0.1583 | Val P/R/F1 (Macro): 0.2844/0.2358/0.1789 | LR: 0.000001
Epoch [92/100] | SVD update #92: pairs=465, sweeps=3, converged=False, rel_change=2.874e-02, effective_ranks=(317, 48), class_paired=True
Epoch [92/100] | Loss: 5.7823 (Cls: 5.7484, TAL: -0.1154, Adv: 0.5973, OT-Reg: 0.001156) | OT inner objective: 0.0869 | Marginal residual row/col/max: 9.06e-07/1.42e-08/9.06e-07 | Train Acc: 0.2098 | Val Acc: 0.2250 | Val P/R/F1 (Macro): 0.1756/0.2177/0.1648 | LR: 0.000001
Epoch [93/100] | SVD update #93: pairs=465, sweeps=3, converged=False, rel_change=1.793e-02, effective_ranks=(316, 48), class_paired=True
Epoch [93/100] | Loss: 5.5663 (Cls: 5.5555, TAL: -0.2002, Adv: 0.4348, OT-Reg: 0.001171) | OT inner objective: 0.0931 | Marginal residual row/col/max: 1.91e-07/1.28e-08/1.93e-07 | Train Acc: 0.2545 | Val Acc: 0.2917 | Val P/R/F1 (Macro): 0.1644/0.2593/0.1849 | LR: 0.000001
Epoch [94/100] | SVD update #94: pairs=465, sweeps=3, converged=False, rel_change=2.645e-02, effective_ranks=(316, 46), class_paired=True
Epoch [94/100] | Loss: 5.8575 (Cls: 5.8272, TAL: -0.1904, Adv: 0.6633, OT-Reg: 0.001103) | OT inner objective: 0.0620 | Marginal residual row/col/max: 3.63e-05/1.30e-08/3.63e-05 | Train Acc: 0.1853 | Val Acc: 0.2167 | Val P/R/F1 (Macro): 0.1750/0.2186/0.1656 | LR: 0.000001
Epoch [95/100] | SVD update #95: pairs=465, sweeps=3, converged=False, rel_change=6.387e-02, effective_ranks=(316, 46), class_paired=True
Epoch [95/100] | Loss: 6.6126 (Cls: 6.5648, TAL: -0.0208, Adv: 0.6291, OT-Reg: 0.001173) | OT inner objective: 0.1280 | Marginal residual row/col/max: 2.41e-05/1.18e-08/2.41e-05 | Train Acc: 0.1228 | Val Acc: 0.1250 | Val P/R/F1 (Macro): 0.0912/0.1067/0.0708 | LR: 0.000001
Epoch [96/100] | SVD update #96: pairs=465, sweeps=3, converged=False, rel_change=2.580e-02, effective_ranks=(317, 42), class_paired=True
Epoch [96/100] | Loss: 6.4074 (Cls: 6.3709, TAL: 0.0202, Adv: 0.4263, OT-Reg: 0.001165) | OT inner objective: 0.0709 | Marginal residual row/col/max: 2.29e-06/1.05e-08/2.29e-06 | Train Acc: 0.1161 | Val Acc: 0.2083 | Val P/R/F1 (Macro): 0.1240/0.1337/0.1080 | LR: 0.000001
Epoch [97/100] | SVD update #97: pairs=465, sweeps=3, converged=False, rel_change=4.359e-02, effective_ranks=(317, 44), class_paired=True
Epoch [97/100] | Loss: 6.5163 (Cls: 6.4846, TAL: 0.0667, Adv: 0.2965, OT-Reg: 0.001122) | OT inner objective: 0.0330 | Marginal residual row/col/max: 9.73e-07/1.08e-08/9.73e-07 | Train Acc: 0.1272 | Val Acc: 0.1833 | Val P/R/F1 (Macro): 0.1075/0.1193/0.0974 | LR: 0.000001
Epoch [98/100] | SVD update #98: pairs=465, sweeps=3, converged=False, rel_change=5.403e-03, effective_ranks=(316, 47), class_paired=True
Epoch [98/100] | Loss: 6.4535 (Cls: 6.4240, TAL: 0.0540, Adv: 0.2885, OT-Reg: 0.001082) | OT inner objective: 0.0673 | Marginal residual row/col/max: 2.75e-06/1.08e-08/2.75e-06 | Train Acc: 0.1295 | Val Acc: 0.1583 | Val P/R/F1 (Macro): 0.1440/0.1238/0.1047 | LR: 0.000001
Epoch [99/100] | SVD update #99: pairs=465, sweeps=3, converged=False, rel_change=3.744e-02, effective_ranks=(317, 47), class_paired=True
Epoch [99/100] | Loss: 6.5075 (Cls: 6.4553, TAL: 0.0977, Adv: 0.5054, OT-Reg: 0.001185) | OT inner objective: 0.1303 | Marginal residual row/col/max: 8.48e-07/1.02e-08/8.48e-07 | Train Acc: 0.1406 | Val Acc: 0.1750 | Val P/R/F1 (Macro): 0.1982/0.1229/0.1205 | LR: 0.000001
Epoch [100/100] | SVD update #100: pairs=465, sweeps=3, converged=False, rel_change=8.171e-03, effective_ranks=(315, 48), class_paired=True
Epoch [100/100] | Loss: 6.7690 (Cls: 6.7104, TAL: 0.1111, Adv: 0.5654, OT-Reg: 0.001124) | OT inner objective: 0.0700 | Marginal residual row/col/max: 1.40e-05/1.26e-08/1.40e-05 | Train Acc: 0.1607 | Val Acc: 0.2083 | Val P/R/F1 (Macro): 0.1207/0.1319/0.1172 | LR: 0.000001
Report strategy: last_window, window=10, reported_acc=0.1950, best_acc=0.5167

迭代 2 报告指标:
  Accuracy: 0.1950
  Precision (Macro): 0.1585
  Recall (Macro): 0.1670
  F1 (Macro): 0.1313
  Precision (Micro): 0.1950
  Recall (Micro): 0.1950
  F1 (Micro): 0.1950
  Val class coverage: 8/14 (0.5714), samples=120

================================================================================
迭代 3/5
随机种子: 44
================================================================================
配对采样器已初始化，共 8 个共有类别。
Training mode: full target-label supervision (class-paired batches).
Feature fusion: Tensor alignment (512+512 -> 64+64); fused_dim=128
Domain adaptation: Neural OT generator with 3-domain discriminator
Loss weights: tensor=0.12, adv=0.08
Transport: mode=sinkhorn, epsilon=0.1, Sinkhorn iterations=50, correction scale=0.1, correction regularization weight=0.001
Tensor projection update: once per epoch from the complete target-training pairing bank; projection_dim=64, max_sweeps=3, relative singular-value tolerance=0.0001
Epoch [1/100] | SVD update #1: pairs=465, sweeps=3, converged=True, rel_change=2.213e-05, effective_ranks=(317, 195), class_paired=True
Epoch [1/100] | Loss: 7.1168 (Cls: 7.1114, TAL: -0.1017, Adv: 0.2198, OT-Reg: 0.001046) | OT inner objective: 0.2877 | Marginal residual row/col/max: 1.13e-08/1.62e-08/1.70e-08 | Train Acc: 0.2812 | Val Acc: 0.1083 | Val P/R/F1 (Macro): 0.1127/0.2609/0.0695 | LR: 0.000005
  >>> New Best Val Acc: 0.1083
Epoch [2/100] | SVD update #2: pairs=465, sweeps=3, converged=False, rel_change=1.141e+00, effective_ranks=(316, 57), class_paired=True
Epoch [2/100] | Loss: 6.8459 (Cls: 6.8229, TAL: 0.0359, Adv: 0.2342, OT-Reg: 0.001034) | OT inner objective: 0.2814 | Marginal residual row/col/max: 1.06e-08/1.30e-08/1.36e-08 | Train Acc: 0.2076 | Val Acc: 0.1000 | Val P/R/F1 (Macro): 0.1802/0.2285/0.1211 | LR: 0.000005
Epoch [3/100] | SVD update #3: pairs=465, sweeps=3, converged=False, rel_change=4.482e-01, effective_ranks=(317, 80), class_paired=True
Epoch [3/100] | Loss: 6.6510 (Cls: 6.6293, TAL: 0.0604, Adv: 0.1808, OT-Reg: 0.001098) | OT inner objective: 0.2336 | Marginal residual row/col/max: 1.04e-08/1.12e-08/1.21e-08 | Train Acc: 0.2388 | Val Acc: 0.2333 | Val P/R/F1 (Macro): 0.2631/0.4246/0.1934 | LR: 0.000005
  >>> New Best Val Acc: 0.2333
Epoch [4/100] | SVD update #4: pairs=465, sweeps=3, converged=False, rel_change=5.015e-01, effective_ranks=(317, 55), class_paired=True
Epoch [4/100] | Loss: 6.5726 (Cls: 6.5531, TAL: 0.0237, Adv: 0.2082, OT-Reg: 0.001050) | OT inner objective: 0.2612 | Marginal residual row/col/max: 9.71e-09/1.21e-08/1.24e-08 | Train Acc: 0.3080 | Val Acc: 0.1583 | Val P/R/F1 (Macro): 0.2683/0.3514/0.1925 | LR: 0.000005
Epoch [5/100] | SVD update #5: pairs=465, sweeps=3, converged=False, rel_change=1.132e-01, effective_ranks=(316, 31), class_paired=True
Epoch [5/100] | Loss: 6.9605 (Cls: 6.9574, TAL: -0.0912, Adv: 0.1757, OT-Reg: 0.000990) | OT inner objective: 0.2735 | Marginal residual row/col/max: 1.08e-08/1.38e-08/1.45e-08 | Train Acc: 0.2344 | Val Acc: 0.0917 | Val P/R/F1 (Macro): 0.3399/0.2171/0.1479 | LR: 0.000005
Epoch [6/100] | SVD update #6: pairs=465, sweeps=3, converged=False, rel_change=1.124e-01, effective_ranks=(316, 44), class_paired=True
Epoch [6/100] | Loss: 6.4794 (Cls: 6.4731, TAL: -0.0649, Adv: 0.1770, OT-Reg: 0.001049) | OT inner objective: 0.2619 | Marginal residual row/col/max: 1.06e-08/1.12e-08/1.21e-08 | Train Acc: 0.3013 | Val Acc: 0.3667 | Val P/R/F1 (Macro): 0.4110/0.5676/0.4044 | LR: 0.000005
  >>> New Best Val Acc: 0.3667
Epoch [7/100] | SVD update #7: pairs=465, sweeps=3, converged=False, rel_change=6.659e-02, effective_ranks=(315, 48), class_paired=True
Epoch [7/100] | Loss: 5.6093 (Cls: 5.6121, TAL: -0.1486, Adv: 0.1883, OT-Reg: 0.001138) | OT inner objective: 0.1980 | Marginal residual row/col/max: 9.58e-09/1.38e-08/1.45e-08 | Train Acc: 0.4129 | Val Acc: 0.3500 | Val P/R/F1 (Macro): 0.4186/0.5973/0.3967 | LR: 0.000005
Epoch [8/100] | SVD update #8: pairs=465, sweeps=3, converged=False, rel_change=1.152e-02, effective_ranks=(317, 33), class_paired=True
Epoch [8/100] | Loss: 5.2486 (Cls: 5.2475, TAL: -0.1303, Adv: 0.2090, OT-Reg: 0.001131) | OT inner objective: 0.1668 | Marginal residual row/col/max: 1.47e-05/1.04e-08/1.47e-05 | Train Acc: 0.3951 | Val Acc: 0.3917 | Val P/R/F1 (Macro): 0.5252/0.6388/0.4639 | LR: 0.000005
  >>> New Best Val Acc: 0.3917
Epoch [9/100] | SVD update #9: pairs=465, sweeps=3, converged=False, rel_change=3.172e-02, effective_ranks=(317, 33), class_paired=True
Epoch [9/100] | Loss: 4.8993 (Cls: 4.9009, TAL: -0.1308, Adv: 0.1770, OT-Reg: 0.001159) | OT inner objective: 0.1073 | Marginal residual row/col/max: 3.25e-05/1.04e-08/3.25e-05 | Train Acc: 0.4754 | Val Acc: 0.2250 | Val P/R/F1 (Macro): 0.5497/0.5325/0.4287 | LR: 0.000005
Epoch [10/100] | SVD update #10: pairs=465, sweeps=3, converged=False, rel_change=5.270e-02, effective_ranks=(317, 28), class_paired=True
Epoch [10/100] | Loss: 4.6708 (Cls: 4.6841, TAL: -0.2908, Adv: 0.2696, OT-Reg: 0.001178) | OT inner objective: 0.1055 | Marginal residual row/col/max: 8.33e-08/1.08e-08/8.34e-08 | Train Acc: 0.4754 | Val Acc: 0.4083 | Val P/R/F1 (Macro): 0.5901/0.5854/0.4827 | LR: 0.000005
  >>> New Best Val Acc: 0.4083
Epoch [11/100] | SVD update #11: pairs=465, sweeps=3, converged=False, rel_change=1.315e-01, effective_ranks=(317, 29), class_paired=True
Epoch [11/100] | Loss: 5.5696 (Cls: 5.5665, TAL: -0.1045, Adv: 0.1950, OT-Reg: 0.001136) | OT inner objective: 0.1168 | Marginal residual row/col/max: 9.30e-08/1.16e-08/9.33e-08 | Train Acc: 0.3147 | Val Acc: 0.2417 | Val P/R/F1 (Macro): 0.4826/0.4218/0.3912 | LR: 0.000005
Epoch [12/100] | SVD update #12: pairs=465, sweeps=3, converged=False, rel_change=1.889e-01, effective_ranks=(317, 36), class_paired=True
Epoch [12/100] | Loss: 6.1513 (Cls: 6.1562, TAL: -0.1553, Adv: 0.1727, OT-Reg: 0.001171) | OT inner objective: 0.0744 | Marginal residual row/col/max: 3.24e-07/1.10e-08/3.25e-07 | Train Acc: 0.2299 | Val Acc: 0.1833 | Val P/R/F1 (Macro): 0.2807/0.3829/0.2690 | LR: 0.000005
Epoch [13/100] | SVD update #13: pairs=465, sweeps=3, converged=False, rel_change=1.001e-01, effective_ranks=(315, 29), class_paired=True
Epoch [13/100] | Loss: 6.5829 (Cls: 6.5834, TAL: -0.1353, Adv: 0.1968, OT-Reg: 0.001039) | OT inner objective: 0.1904 | Marginal residual row/col/max: 1.02e-08/1.61e-08/1.62e-08 | Train Acc: 0.2701 | Val Acc: 0.0417 | Val P/R/F1 (Macro): 0.0365/0.1583/0.0515 | LR: 0.000005
Epoch [14/100] | SVD update #14: pairs=465, sweeps=3, converged=False, rel_change=2.573e-01, effective_ranks=(315, 32), class_paired=True
Epoch [14/100] | Loss: 7.1232 (Cls: 7.0985, TAL: 0.1100, Adv: 0.1439, OT-Reg: 0.001080) | OT inner objective: 0.1825 | Marginal residual row/col/max: 1.09e-08/9.98e-09/1.17e-08 | Train Acc: 0.2076 | Val Acc: 0.1083 | Val P/R/F1 (Macro): 0.1099/0.1662/0.0969 | LR: 0.000005
Epoch [15/100] | SVD update #15: pairs=465, sweeps=3, converged=False, rel_change=3.552e-01, effective_ranks=(317, 22), class_paired=True
Epoch [15/100] | Loss: 6.4653 (Cls: 6.4609, TAL: -0.0562, Adv: 0.1386, OT-Reg: 0.001040) | OT inner objective: 0.1972 | Marginal residual row/col/max: 5.73e-05/2.41e-08/5.73e-05 | Train Acc: 0.3192 | Val Acc: 0.2167 | Val P/R/F1 (Macro): 0.2070/0.3679/0.1897 | LR: 0.000005
Epoch [16/100] | SVD update #16: pairs=465, sweeps=3, converged=False, rel_change=4.352e-02, effective_ranks=(315, 24), class_paired=True
Epoch [16/100] | Loss: 5.2919 (Cls: 5.3052, TAL: -0.1997, Adv: 0.1334, OT-Reg: 0.001126) | OT inner objective: 0.1463 | Marginal residual row/col/max: 1.40e-08/1.20e-08/1.53e-08 | Train Acc: 0.4710 | Val Acc: 0.1417 | Val P/R/F1 (Macro): 0.2630/0.3412/0.2433 | LR: 0.000005
Epoch [17/100] | SVD update #17: pairs=465, sweeps=3, converged=False, rel_change=1.660e-01, effective_ranks=(317, 26), class_paired=True
Epoch [17/100] | Loss: 5.0399 (Cls: 5.0569, TAL: -0.2327, Adv: 0.1357, OT-Reg: 0.001223) | OT inner objective: 0.0535 | Marginal residual row/col/max: 1.69e-06/1.14e-08/1.69e-06 | Train Acc: 0.4509 | Val Acc: 0.1583 | Val P/R/F1 (Macro): 0.3992/0.4460/0.2629 | LR: 0.000005
Epoch [18/100] | SVD update #18: pairs=465, sweeps=3, converged=False, rel_change=8.750e-03, effective_ranks=(317, 27), class_paired=True
Epoch [18/100] | Loss: 4.7024 (Cls: 4.7191, TAL: -0.2589, Adv: 0.1798, OT-Reg: 0.001197) | OT inner objective: 0.0015 | Marginal residual row/col/max: 1.09e-05/1.09e-08/1.09e-05 | Train Acc: 0.5692 | Val Acc: 0.2167 | Val P/R/F1 (Macro): 0.4176/0.4258/0.3239 | LR: 0.000005
Epoch [19/100] | SVD update #19: pairs=465, sweeps=3, converged=False, rel_change=5.575e-02, effective_ranks=(317, 22), class_paired=True
Epoch [19/100] | Loss: 4.3752 (Cls: 4.3918, TAL: -0.2211, Adv: 0.1248, OT-Reg: 0.001153) | OT inner objective: 0.0281 | Marginal residual row/col/max: 4.35e-06/1.30e-08/4.35e-06 | Train Acc: 0.5871 | Val Acc: 0.3917 | Val P/R/F1 (Macro): 0.5552/0.5900/0.4511 | LR: 0.000005
Epoch [20/100] | SVD update #20: pairs=465, sweeps=3, converged=False, rel_change=5.093e-03, effective_ranks=(317, 20), class_paired=True
Epoch [20/100] | Loss: 4.2748 (Cls: 4.2865, TAL: -0.1841, Adv: 0.1295, OT-Reg: 0.001149) | OT inner objective: 0.0530 | Marginal residual row/col/max: 2.06e-06/1.24e-08/2.06e-06 | Train Acc: 0.6027 | Val Acc: 0.5250 | Val P/R/F1 (Macro): 0.6636/0.5462/0.4911 | LR: 0.000005
  >>> New Best Val Acc: 0.5250
Epoch [21/100] | SVD update #21: pairs=465, sweeps=3, converged=False, rel_change=1.226e-02, effective_ranks=(316, 21), class_paired=True
Epoch [21/100] | Loss: 4.0065 (Cls: 4.0205, TAL: -0.1849, Adv: 0.1020, OT-Reg: 0.001119) | OT inner objective: 0.0160 | Marginal residual row/col/max: 7.22e-05/1.14e-08/7.22e-05 | Train Acc: 0.6161 | Val Acc: 0.1750 | Val P/R/F1 (Macro): 0.5020/0.3694/0.2740 | LR: 0.000005
Epoch [22/100] | SVD update #22: pairs=465, sweeps=3, converged=False, rel_change=1.066e-02, effective_ranks=(317, 24), class_paired=True
Epoch [22/100] | Loss: 3.9984 (Cls: 4.0159, TAL: -0.2199, Adv: 0.1106, OT-Reg: 0.001141) | OT inner objective: 0.0499 | Marginal residual row/col/max: 1.29e-07/1.62e-08/1.30e-07 | Train Acc: 0.6496 | Val Acc: 0.4917 | Val P/R/F1 (Macro): 0.6708/0.5729/0.4736 | LR: 0.000005
Epoch [23/100] | SVD update #23: pairs=465, sweeps=3, converged=False, rel_change=7.694e-03, effective_ranks=(313, 21), class_paired=True
Epoch [23/100] | Loss: 4.3749 (Cls: 4.4030, TAL: -0.2987, Adv: 0.0962, OT-Reg: 0.001071) | OT inner objective: 0.0633 | Marginal residual row/col/max: 8.05e-06/1.14e-08/8.05e-06 | Train Acc: 0.5179 | Val Acc: 0.2083 | Val P/R/F1 (Macro): 0.4214/0.5100/0.3283 | LR: 0.000005
Epoch [24/100] | SVD update #24: pairs=465, sweeps=3, converged=False, rel_change=5.467e-03, effective_ranks=(315, 22), class_paired=True
Epoch [24/100] | Loss: 3.9780 (Cls: 3.9988, TAL: -0.2411, Adv: 0.1018, OT-Reg: 0.001061) | OT inner objective: 0.1020 | Marginal residual row/col/max: 4.85e-06/1.34e-08/4.85e-06 | Train Acc: 0.5960 | Val Acc: 0.1750 | Val P/R/F1 (Macro): 0.2913/0.3478/0.1949 | LR: 0.000005
Epoch [25/100] | SVD update #25: pairs=465, sweeps=3, converged=False, rel_change=2.149e-02, effective_ranks=(315, 25), class_paired=True
Epoch [25/100] | Loss: 4.2316 (Cls: 4.2491, TAL: -0.2228, Adv: 0.1153, OT-Reg: 0.001180) | OT inner objective: 0.0445 | Marginal residual row/col/max: 1.13e-05/1.16e-08/1.13e-05 | Train Acc: 0.6161 | Val Acc: 0.3500 | Val P/R/F1 (Macro): 0.4176/0.3976/0.3278 | LR: 0.000005
Epoch [26/100] | SVD update #26: pairs=465, sweeps=3, converged=False, rel_change=3.258e-02, effective_ranks=(317, 27), class_paired=True
Epoch [26/100] | Loss: 4.9675 (Cls: 4.9925, TAL: -0.2760, Adv: 0.1016, OT-Reg: 0.001155) | OT inner objective: -0.0181 | Marginal residual row/col/max: 5.44e-05/1.40e-08/5.44e-05 | Train Acc: 0.4464 | Val Acc: 0.2750 | Val P/R/F1 (Macro): 0.3747/0.4144/0.2611 | LR: 0.000005
Epoch [27/100] | SVD update #27: pairs=465, sweeps=3, converged=False, rel_change=6.450e-02, effective_ranks=(317, 30), class_paired=True
Epoch [27/100] | Loss: 5.9638 (Cls: 5.9726, TAL: -0.1272, Adv: 0.0808, OT-Reg: 0.001075) | OT inner objective: 0.0914 | Marginal residual row/col/max: 2.32e-05/1.09e-08/2.32e-05 | Train Acc: 0.3996 | Val Acc: 0.1917 | Val P/R/F1 (Macro): 0.2024/0.2196/0.1612 | LR: 0.000005
Epoch [28/100] | SVD update #28: pairs=465, sweeps=3, converged=False, rel_change=7.716e-02, effective_ranks=(317, 29), class_paired=True
Epoch [28/100] | Loss: 5.1244 (Cls: 5.1389, TAL: -0.1720, Adv: 0.0772, OT-Reg: 0.001067) | OT inner objective: 0.0842 | Marginal residual row/col/max: 3.75e-05/1.29e-08/3.75e-05 | Train Acc: 0.3772 | Val Acc: 0.1833 | Val P/R/F1 (Macro): 0.6149/0.4195/0.3170 | LR: 0.000005
Epoch [29/100] | SVD update #29: pairs=465, sweeps=3, converged=False, rel_change=2.736e-02, effective_ranks=(312, 30), class_paired=True
Epoch [29/100] | Loss: 5.5044 (Cls: 5.5175, TAL: -0.1806, Adv: 0.1075, OT-Reg: 0.001110) | OT inner objective: 0.0825 | Marginal residual row/col/max: 8.25e-05/1.20e-08/8.25e-05 | Train Acc: 0.3281 | Val Acc: 0.1417 | Val P/R/F1 (Macro): 0.1734/0.2889/0.1419 | LR: 0.000005
Epoch [30/100] | SVD update #30: pairs=465, sweeps=3, converged=False, rel_change=7.432e-02, effective_ranks=(317, 26), class_paired=True
Epoch [30/100] | Loss: 6.2372 (Cls: 6.2448, TAL: -0.1482, Adv: 0.1268, OT-Reg: 0.001004) | OT inner objective: 0.1142 | Marginal residual row/col/max: 5.05e-06/1.66e-08/5.06e-06 | Train Acc: 0.2612 | Val Acc: 0.2667 | Val P/R/F1 (Macro): 0.1677/0.3053/0.2034 | LR: 0.000005
Epoch [31/100] | SVD update #31: pairs=465, sweeps=3, converged=False, rel_change=6.300e-02, effective_ranks=(314, 26), class_paired=True
Epoch [31/100] | Loss: 6.1684 (Cls: 6.1602, TAL: -0.0175, Adv: 0.1296, OT-Reg: 0.000915) | OT inner objective: 0.2075 | Marginal residual row/col/max: 2.61e-06/2.00e-08/2.61e-06 | Train Acc: 0.2902 | Val Acc: 0.1500 | Val P/R/F1 (Macro): 0.2965/0.3829/0.1892 | LR: 0.000003
Epoch [32/100] | SVD update #32: pairs=465, sweeps=3, converged=False, rel_change=7.235e-02, effective_ranks=(317, 28), class_paired=True
Epoch [32/100] | Loss: 5.7677 (Cls: 5.7738, TAL: -0.1329, Adv: 0.1236, OT-Reg: 0.000898) | OT inner objective: 0.1503 | Marginal residual row/col/max: 5.76e-06/2.17e-08/5.76e-06 | Train Acc: 0.3728 | Val Acc: 0.3667 | Val P/R/F1 (Macro): 0.3297/0.4577/0.3458 | LR: 0.000003
Epoch [33/100] | SVD update #33: pairs=465, sweeps=3, converged=False, rel_change=1.551e-01, effective_ranks=(316, 30), class_paired=True
Epoch [33/100] | Loss: 5.6933 (Cls: 5.7082, TAL: -0.2217, Adv: 0.1461, OT-Reg: 0.000900) | OT inner objective: 0.1040 | Marginal residual row/col/max: 5.68e-05/1.38e-08/5.68e-05 | Train Acc: 0.3415 | Val Acc: 0.1917 | Val P/R/F1 (Macro): 0.2543/0.3567/0.2380 | LR: 0.000003
Epoch [34/100] | SVD update #34: pairs=465, sweeps=3, converged=False, rel_change=9.301e-02, effective_ranks=(316, 28), class_paired=True
Epoch [34/100] | Loss: 5.4769 (Cls: 5.4911, TAL: -0.2128, Adv: 0.1414, OT-Reg: 0.000941) | OT inner objective: 0.1518 | Marginal residual row/col/max: 2.27e-07/1.40e-08/2.30e-07 | Train Acc: 0.3058 | Val Acc: 0.1083 | Val P/R/F1 (Macro): 0.2355/0.3659/0.2199 | LR: 0.000003
Epoch [35/100] | SVD update #35: pairs=465, sweeps=3, converged=False, rel_change=5.269e-02, effective_ranks=(317, 34), class_paired=True
Epoch [35/100] | Loss: 5.9148 (Cls: 5.9178, TAL: -0.1409, Adv: 0.1741, OT-Reg: 0.000971) | OT inner objective: 0.1862 | Marginal residual row/col/max: 1.83e-05/1.45e-08/1.83e-05 | Train Acc: 0.2835 | Val Acc: 0.1417 | Val P/R/F1 (Macro): 0.1757/0.3934/0.1724 | LR: 0.000003
Epoch [36/100] | SVD update #36: pairs=465, sweeps=3, converged=False, rel_change=6.846e-02, effective_ranks=(316, 27), class_paired=True
Epoch [36/100] | Loss: 5.0639 (Cls: 5.0780, TAL: -0.2497, Adv: 0.1984, OT-Reg: 0.001018) | OT inner objective: 0.0404 | Marginal residual row/col/max: 8.91e-05/1.06e-08/8.91e-05 | Train Acc: 0.5089 | Val Acc: 0.1417 | Val P/R/F1 (Macro): 0.3558/0.4602/0.3093 | LR: 0.000003
Epoch [37/100] | SVD update #37: pairs=465, sweeps=3, converged=False, rel_change=2.171e-02, effective_ranks=(316, 27), class_paired=True
Epoch [37/100] | Loss: 5.3954 (Cls: 5.3978, TAL: -0.1428, Adv: 0.1843, OT-Reg: 0.001076) | OT inner objective: 0.0317 | Marginal residual row/col/max: 1.07e-04/1.04e-08/1.07e-04 | Train Acc: 0.2344 | Val Acc: 0.0917 | Val P/R/F1 (Macro): 0.2569/0.1864/0.1207 | LR: 0.000003
Epoch [38/100] | SVD update #38: pairs=465, sweeps=3, converged=False, rel_change=1.250e-02, effective_ranks=(317, 23), class_paired=True
Epoch [38/100] | Loss: 6.1192 (Cls: 6.1218, TAL: -0.1147, Adv: 0.1398, OT-Reg: 0.001130) | OT inner objective: 0.0713 | Marginal residual row/col/max: 4.15e-07/1.21e-08/4.16e-07 | Train Acc: 0.2746 | Val Acc: 0.5000 | Val P/R/F1 (Macro): 0.3758/0.3414/0.3235 | LR: 0.000003
Epoch [39/100] | SVD update #39: pairs=465, sweeps=3, converged=False, rel_change=5.584e-02, effective_ranks=(316, 22), class_paired=True
Epoch [39/100] | Loss: 5.2159 (Cls: 5.2259, TAL: -0.2155, Adv: 0.1976, OT-Reg: 0.001067) | OT inner objective: -0.0070 | Marginal residual row/col/max: 6.97e-05/1.02e-08/6.97e-05 | Train Acc: 0.4754 | Val Acc: 0.5000 | Val P/R/F1 (Macro): 0.4775/0.6056/0.5072 | LR: 0.000003
Epoch [40/100] | SVD update #40: pairs=465, sweeps=3, converged=False, rel_change=1.376e-02, effective_ranks=(316, 25), class_paired=True
Epoch [40/100] | Loss: 4.7720 (Cls: 4.7890, TAL: -0.2533, Adv: 0.1670, OT-Reg: 0.001114) | OT inner objective: -0.0053 | Marginal residual row/col/max: 7.19e-05/1.10e-08/7.19e-05 | Train Acc: 0.4732 | Val Acc: 0.5250 | Val P/R/F1 (Macro): 0.4539/0.5423/0.4856 | LR: 0.000003
Epoch [41/100] | SVD update #41: pairs=465, sweeps=3, converged=False, rel_change=4.395e-02, effective_ranks=(316, 29), class_paired=True
Epoch [41/100] | Loss: 5.0617 (Cls: 5.0713, TAL: -0.2699, Adv: 0.2848, OT-Reg: 0.001075) | OT inner objective: 0.0524 | Marginal residual row/col/max: 4.99e-06/9.71e-09/4.99e-06 | Train Acc: 0.4263 | Val Acc: 0.1667 | Val P/R/F1 (Macro): 0.4063/0.4383/0.2685 | LR: 0.000003
Epoch [42/100] | SVD update #42: pairs=465, sweeps=3, converged=False, rel_change=1.153e-01, effective_ranks=(316, 31), class_paired=True
Epoch [42/100] | Loss: 5.4257 (Cls: 5.4280, TAL: -0.1636, Adv: 0.2161, OT-Reg: 0.001098) | OT inner objective: 0.0802 | Marginal residual row/col/max: 1.33e-05/1.14e-08/1.33e-05 | Train Acc: 0.3147 | Val Acc: 0.1000 | Val P/R/F1 (Macro): 0.4062/0.2385/0.2380 | LR: 0.000001
Epoch [43/100] | SVD update #43: pairs=465, sweeps=3, converged=False, rel_change=1.759e-02, effective_ranks=(315, 32), class_paired=True
Epoch [43/100] | Loss: 5.1882 (Cls: 5.1982, TAL: -0.2114, Adv: 0.1925, OT-Reg: 0.001157) | OT inner objective: -0.0042 | Marginal residual row/col/max: 1.53e-06/1.34e-08/1.53e-06 | Train Acc: 0.3884 | Val Acc: 0.2417 | Val P/R/F1 (Macro): 0.2692/0.2729/0.2612 | LR: 0.000001
Epoch [44/100] | SVD update #44: pairs=465, sweeps=3, converged=False, rel_change=4.313e-02, effective_ranks=(317, 32), class_paired=True
Epoch [44/100] | Loss: 6.1346 (Cls: 6.1027, TAL: -0.0244, Adv: 0.4359, OT-Reg: 0.001017) | OT inner objective: 0.1013 | Marginal residual row/col/max: 1.93e-06/1.14e-08/1.93e-06 | Train Acc: 0.2991 | Val Acc: 0.1583 | Val P/R/F1 (Macro): 0.2106/0.1867/0.1551 | LR: 0.000001
Epoch [45/100] | SVD update #45: pairs=465, sweeps=3, converged=False, rel_change=2.350e-02, effective_ranks=(312, 31), class_paired=True
Epoch [45/100] | Loss: 5.6218 (Cls: 5.6202, TAL: -0.0987, Adv: 0.1691, OT-Reg: 0.001065) | OT inner objective: 0.1099 | Marginal residual row/col/max: 1.34e-05/1.21e-08/1.34e-05 | Train Acc: 0.2969 | Val Acc: 0.1417 | Val P/R/F1 (Macro): 0.0844/0.1482/0.0806 | LR: 0.000001
Epoch [46/100] | SVD update #46: pairs=465, sweeps=3, converged=False, rel_change=9.686e-01, effective_ranks=(317, 39), class_paired=True
Epoch [46/100] | Loss: 7.0058 (Cls: 6.9783, TAL: 0.1014, Adv: 0.1915, OT-Reg: 0.000865) | OT inner objective: 0.1728 | Marginal residual row/col/max: 2.26e-05/1.26e-08/2.26e-05 | Train Acc: 0.0625 | Val Acc: 0.1500 | Val P/R/F1 (Macro): 0.0747/0.1954/0.0871 | LR: 0.000001
Epoch [47/100] | SVD update #47: pairs=465, sweeps=3, converged=False, rel_change=3.923e-02, effective_ranks=(317, 31), class_paired=True
Epoch [47/100] | Loss: 6.3607 (Cls: 6.3245, TAL: 0.1296, Adv: 0.2578, OT-Reg: 0.000997) | OT inner objective: 0.1886 | Marginal residual row/col/max: 1.02e-08/1.17e-08/1.24e-08 | Train Acc: 0.1272 | Val Acc: 0.1667 | Val P/R/F1 (Macro): 0.2778/0.4123/0.2075 | LR: 0.000001
Epoch [48/100] | SVD update #48: pairs=465, sweeps=3, converged=False, rel_change=3.407e-02, effective_ranks=(317, 28), class_paired=True
Epoch [48/100] | Loss: 5.2001 (Cls: 5.1959, TAL: -0.1665, Adv: 0.3021, OT-Reg: 0.001105) | OT inner objective: -0.0206 | Marginal residual row/col/max: 2.76e-05/1.17e-08/2.76e-05 | Train Acc: 0.3728 | Val Acc: 0.0917 | Val P/R/F1 (Macro): 0.2843/0.2589/0.2016 | LR: 0.000001
Epoch [49/100] | SVD update #49: pairs=465, sweeps=3, converged=False, rel_change=2.541e-02, effective_ranks=(317, 28), class_paired=True
Epoch [49/100] | Loss: 5.0374 (Cls: 5.0241, TAL: -0.1150, Adv: 0.3384, OT-Reg: 0.001117) | OT inner objective: 0.0279 | Marginal residual row/col/max: 3.93e-05/1.06e-08/3.93e-05 | Train Acc: 0.4219 | Val Acc: 0.1333 | Val P/R/F1 (Macro): 0.3302/0.3558/0.1865 | LR: 0.000001
Epoch [50/100] | SVD update #50: pairs=465, sweeps=3, converged=False, rel_change=9.215e-03, effective_ranks=(316, 30), class_paired=True
Epoch [50/100] | Loss: 5.8112 (Cls: 5.8213, TAL: -0.2259, Adv: 0.2116, OT-Reg: 0.001082) | OT inner objective: 0.0237 | Marginal residual row/col/max: 1.81e-05/1.10e-08/1.81e-05 | Train Acc: 0.3527 | Val Acc: 0.2417 | Val P/R/F1 (Macro): 0.2840/0.3522/0.2252 | LR: 0.000001
Epoch [51/100] | SVD update #51: pairs=465, sweeps=3, converged=False, rel_change=3.081e-02, effective_ranks=(317, 27), class_paired=True
Epoch [51/100] | Loss: 6.0595 (Cls: 6.0701, TAL: -0.2395, Adv: 0.2272, OT-Reg: 0.001136) | OT inner objective: 0.0476 | Marginal residual row/col/max: 1.67e-06/1.12e-08/1.68e-06 | Train Acc: 0.2567 | Val Acc: 0.3250 | Val P/R/F1 (Macro): 0.2274/0.2657/0.2161 | LR: 0.000001
Epoch [52/100] | SVD update #52: pairs=465, sweeps=3, converged=False, rel_change=6.115e-02, effective_ranks=(317, 28), class_paired=True
Epoch [52/100] | Loss: 5.4081 (Cls: 5.3893, TAL: -0.2069, Adv: 0.5458, OT-Reg: 0.001132) | OT inner objective: 0.0627 | Marginal residual row/col/max: 2.23e-05/1.09e-08/2.23e-05 | Train Acc: 0.3549 | Val Acc: 0.2417 | Val P/R/F1 (Macro): 0.3017/0.2795/0.2363 | LR: 0.000001
Epoch [53/100] | SVD update #53: pairs=465, sweeps=3, converged=False, rel_change=2.049e-02, effective_ranks=(315, 29), class_paired=True
Epoch [53/100] | Loss: 5.4703 (Cls: 5.4732, TAL: -0.2134, Adv: 0.2846, OT-Reg: 0.001149) | OT inner objective: 0.0033 | Marginal residual row/col/max: 4.69e-05/1.16e-08/4.69e-05 | Train Acc: 0.2679 | Val Acc: 0.1833 | Val P/R/F1 (Macro): 0.1984/0.4011/0.1807 | LR: 0.000001
Epoch [54/100] | SVD update #54: pairs=465, sweeps=3, converged=False, rel_change=2.147e-02, effective_ranks=(315, 26), class_paired=True
Epoch [54/100] | Loss: 5.3633 (Cls: 5.3513, TAL: -0.1559, Adv: 0.3838, OT-Reg: 0.001158) | OT inner objective: 0.0430 | Marginal residual row/col/max: 8.34e-07/1.12e-08/8.34e-07 | Train Acc: 0.3973 | Val Acc: 0.1250 | Val P/R/F1 (Macro): 0.1790/0.2570/0.1725 | LR: 0.000001
Epoch [55/100] | SVD update #55: pairs=465, sweeps=3, converged=False, rel_change=9.426e-03, effective_ranks=(313, 28), class_paired=True
Epoch [55/100] | Loss: 5.2055 (Cls: 5.2057, TAL: -0.1729, Adv: 0.2568, OT-Reg: 0.001119) | OT inner objective: -0.0130 | Marginal residual row/col/max: 3.26e-06/1.02e-08/3.26e-06 | Train Acc: 0.4040 | Val Acc: 0.1750 | Val P/R/F1 (Macro): 0.2760/0.3139/0.2536 | LR: 0.000001
Epoch [56/100] | SVD update #56: pairs=465, sweeps=3, converged=False, rel_change=1.221e-02, effective_ranks=(315, 27), class_paired=True
Epoch [56/100] | Loss: 4.8470 (Cls: 4.8468, TAL: -0.2136, Adv: 0.3229, OT-Reg: 0.001228) | OT inner objective: -0.0281 | Marginal residual row/col/max: 1.61e-05/1.04e-08/1.61e-05 | Train Acc: 0.4978 | Val Acc: 0.1167 | Val P/R/F1 (Macro): 0.4180/0.3345/0.1972 | LR: 0.000001
Epoch [57/100] | SVD update #57: pairs=465, sweeps=3, converged=False, rel_change=9.726e-04, effective_ranks=(315, 28), class_paired=True
Epoch [57/100] | Loss: 4.8278 (Cls: 4.8241, TAL: -0.2192, Adv: 0.3754, OT-Reg: 0.001134) | OT inner objective: 0.0196 | Marginal residual row/col/max: 1.16e-05/1.21e-08/1.16e-05 | Train Acc: 0.4665 | Val Acc: 0.1833 | Val P/R/F1 (Macro): 0.5044/0.4023/0.3227 | LR: 0.000001
Epoch [58/100] | SVD update #58: pairs=465, sweeps=3, converged=False, rel_change=8.682e-03, effective_ranks=(317, 27), class_paired=True
Epoch [58/100] | Loss: 4.5821 (Cls: 4.5700, TAL: -0.2717, Adv: 0.5586, OT-Reg: 0.001131) | OT inner objective: 0.0399 | Marginal residual row/col/max: 1.57e-05/1.04e-08/1.57e-05 | Train Acc: 0.5112 | Val Acc: 0.1250 | Val P/R/F1 (Macro): 0.3054/0.3679/0.2028 | LR: 0.000001
Epoch [59/100] | SVD update #59: pairs=465, sweeps=3, converged=False, rel_change=1.168e-02, effective_ranks=(316, 27), class_paired=True
Epoch [59/100] | Loss: 4.6939 (Cls: 4.6994, TAL: -0.2627, Adv: 0.3246, OT-Reg: 0.001103) | OT inner objective: 0.0254 | Marginal residual row/col/max: 9.04e-07/1.13e-08/9.04e-07 | Train Acc: 0.5022 | Val Acc: 0.0917 | Val P/R/F1 (Macro): 0.3308/0.2919/0.2188 | LR: 0.000001
Epoch [60/100] | SVD update #60: pairs=465, sweeps=3, converged=False, rel_change=5.455e-03, effective_ranks=(315, 28), class_paired=True
Epoch [60/100] | Loss: 4.6377 (Cls: 4.6393, TAL: -0.2431, Adv: 0.3456, OT-Reg: 0.001094) | OT inner objective: -0.0050 | Marginal residual row/col/max: 5.78e-06/1.14e-08/5.78e-06 | Train Acc: 0.4732 | Val Acc: 0.0917 | Val P/R/F1 (Macro): 0.2810/0.2919/0.1590 | LR: 0.000001
Epoch [61/100] | SVD update #61: pairs=465, sweeps=3, converged=False, rel_change=7.640e-03, effective_ranks=(315, 34), class_paired=True
Epoch [61/100] | Loss: 4.6150 (Cls: 4.6112, TAL: -0.2033, Adv: 0.3522, OT-Reg: 0.001128) | OT inner objective: 0.0949 | Marginal residual row/col/max: 1.11e-06/1.29e-08/1.11e-06 | Train Acc: 0.4196 | Val Acc: 0.1000 | Val P/R/F1 (Macro): 0.1743/0.2405/0.1290 | LR: 0.000001
Epoch [62/100] | SVD update #62: pairs=465, sweeps=3, converged=False, rel_change=4.064e-02, effective_ranks=(317, 35), class_paired=True
Epoch [62/100] | Loss: 4.4624 (Cls: 4.4681, TAL: -0.2601, Adv: 0.3186, OT-Reg: 0.001108) | OT inner objective: 0.0459 | Marginal residual row/col/max: 2.33e-06/1.01e-08/2.33e-06 | Train Acc: 0.4844 | Val Acc: 0.0750 | Val P/R/F1 (Macro): 0.3293/0.1960/0.1460 | LR: 0.000001
Epoch [63/100] | SVD update #63: pairs=465, sweeps=3, converged=False, rel_change=1.889e-02, effective_ranks=(317, 35), class_paired=True
Epoch [63/100] | Loss: 4.4093 (Cls: 4.3996, TAL: -0.2603, Adv: 0.5109, OT-Reg: 0.001122) | OT inner objective: 0.0458 | Marginal residual row/col/max: 5.84e-06/1.06e-08/5.84e-06 | Train Acc: 0.5156 | Val Acc: 0.1250 | Val P/R/F1 (Macro): 0.3104/0.3184/0.2191 | LR: 0.000001
Epoch [64/100] | SVD update #64: pairs=465, sweeps=3, converged=False, rel_change=1.575e-02, effective_ranks=(315, 32), class_paired=True
Epoch [64/100] | Loss: 4.9868 (Cls: 4.9875, TAL: -0.2114, Adv: 0.3071, OT-Reg: 0.001118) | OT inner objective: 0.0591 | Marginal residual row/col/max: 2.55e-05/1.12e-08/2.55e-05 | Train Acc: 0.3527 | Val Acc: 0.2333 | Val P/R/F1 (Macro): 0.3304/0.3051/0.2157 | LR: 0.000001
Epoch [65/100] | SVD update #65: pairs=465, sweeps=3, converged=False, rel_change=5.930e-02, effective_ranks=(312, 31), class_paired=True
Epoch [65/100] | Loss: 5.1613 (Cls: 5.1252, TAL: -0.0451, Adv: 0.5187, OT-Reg: 0.000976) | OT inner objective: 0.1755 | Marginal residual row/col/max: 3.85e-07/1.02e-08/3.86e-07 | Train Acc: 0.3281 | Val Acc: 0.0667 | Val P/R/F1 (Macro): 0.1758/0.1827/0.0745 | LR: 0.000001
Epoch [66/100] | SVD update #66: pairs=465, sweeps=3, converged=False, rel_change=4.730e-02, effective_ranks=(315, 31), class_paired=True
Epoch [66/100] | Loss: 4.7889 (Cls: 4.7715, TAL: -0.1133, Adv: 0.3872, OT-Reg: 0.001032) | OT inner objective: 0.0952 | Marginal residual row/col/max: 3.43e-08/1.08e-08/3.59e-08 | Train Acc: 0.4375 | Val Acc: 0.1250 | Val P/R/F1 (Macro): 0.2770/0.3804/0.1828 | LR: 0.000001
Epoch [67/100] | SVD update #67: pairs=465, sweeps=3, converged=False, rel_change=4.385e-02, effective_ranks=(317, 34), class_paired=True
Epoch [67/100] | Loss: 4.9738 (Cls: 4.9658, TAL: -0.2450, Adv: 0.4674, OT-Reg: 0.001098) | OT inner objective: 0.0186 | Marginal residual row/col/max: 2.08e-05/1.06e-08/2.08e-05 | Train Acc: 0.3393 | Val Acc: 0.1000 | Val P/R/F1 (Macro): 0.1139/0.1793/0.0789 | LR: 0.000001
Epoch [68/100] | SVD update #68: pairs=465, sweeps=3, converged=False, rel_change=3.024e-02, effective_ranks=(313, 34), class_paired=True
Epoch [68/100] | Loss: 5.4096 (Cls: 5.3994, TAL: -0.1767, Adv: 0.3931, OT-Reg: 0.001135) | OT inner objective: 0.0446 | Marginal residual row/col/max: 8.54e-07/1.01e-08/8.54e-07 | Train Acc: 0.4688 | Val Acc: 0.0667 | Val P/R/F1 (Macro): 0.2604/0.1986/0.1087 | LR: 0.000001
Epoch [69/100] | SVD update #69: pairs=465, sweeps=3, converged=False, rel_change=1.741e-02, effective_ranks=(317, 37), class_paired=True
Epoch [69/100] | Loss: 5.3135 (Cls: 5.2965, TAL: -0.2146, Adv: 0.5340, OT-Reg: 0.001117) | OT inner objective: 0.0651 | Marginal residual row/col/max: 2.18e-06/9.85e-09/2.18e-06 | Train Acc: 0.3772 | Val Acc: 0.1167 | Val P/R/F1 (Macro): 0.3069/0.2803/0.1849 | LR: 0.000001
Epoch [70/100] | SVD update #70: pairs=465, sweeps=3, converged=False, rel_change=7.757e-03, effective_ranks=(314, 32), class_paired=True
Epoch [70/100] | Loss: 5.1553 (Cls: 5.1382, TAL: -0.2367, Adv: 0.5688, OT-Reg: 0.001085) | OT inner objective: 0.0623 | Marginal residual row/col/max: 3.23e-06/1.01e-08/3.23e-06 | Train Acc: 0.4107 | Val Acc: 0.0917 | Val P/R/F1 (Macro): 0.2286/0.2742/0.1743 | LR: 0.000001
Epoch [71/100] | SVD update #71: pairs=465, sweeps=3, converged=False, rel_change=6.712e-03, effective_ranks=(315, 33), class_paired=True
Epoch [71/100] | Loss: 4.9195 (Cls: 4.9019, TAL: -0.1649, Adv: 0.4670, OT-Reg: 0.001002) | OT inner objective: 0.0980 | Marginal residual row/col/max: 4.99e-07/1.05e-08/4.99e-07 | Train Acc: 0.4978 | Val Acc: 0.2250 | Val P/R/F1 (Macro): 0.3726/0.3808/0.3000 | LR: 0.000001
Epoch [72/100] | SVD update #72: pairs=465, sweeps=3, converged=False, rel_change=2.019e-02, effective_ranks=(315, 30), class_paired=True
Epoch [72/100] | Loss: 4.8959 (Cls: 4.8882, TAL: -0.2528, Adv: 0.4753, OT-Reg: 0.001133) | OT inner objective: 0.0066 | Marginal residual row/col/max: 2.47e-06/1.14e-08/2.47e-06 | Train Acc: 0.4375 | Val Acc: 0.0833 | Val P/R/F1 (Macro): 0.1961/0.2646/0.1591 | LR: 0.000001
Epoch [73/100] | SVD update #73: pairs=465, sweeps=3, converged=False, rel_change=2.236e-03, effective_ranks=(314, 31), class_paired=True
Epoch [73/100] | Loss: 4.8167 (Cls: 4.8153, TAL: -0.2830, Adv: 0.4418, OT-Reg: 0.001178) | OT inner objective: -0.0432 | Marginal residual row/col/max: 6.76e-06/1.05e-08/6.76e-06 | Train Acc: 0.5268 | Val Acc: 0.1250 | Val P/R/F1 (Macro): 0.3349/0.3342/0.2205 | LR: 0.000001
Epoch [74/100] | SVD update #74: pairs=465, sweeps=3, converged=False, rel_change=1.504e-02, effective_ranks=(316, 27), class_paired=True
Epoch [74/100] | Loss: 4.9463 (Cls: 4.9379, TAL: -0.2433, Adv: 0.4697, OT-Reg: 0.001164) | OT inner objective: 0.0159 | Marginal residual row/col/max: 6.24e-06/1.40e-08/6.24e-06 | Train Acc: 0.4286 | Val Acc: 0.0833 | Val P/R/F1 (Macro): 0.2244/0.2307/0.1460 | LR: 0.000001
Epoch [75/100] | SVD update #75: pairs=465, sweeps=3, converged=False, rel_change=1.590e-02, effective_ranks=(315, 30), class_paired=True
Epoch [75/100] | Loss: 4.5109 (Cls: 4.5096, TAL: -0.2987, Adv: 0.4642, OT-Reg: 0.001152) | OT inner objective: 0.0050 | Marginal residual row/col/max: 3.29e-06/1.01e-08/3.29e-06 | Train Acc: 0.5112 | Val Acc: 0.1000 | Val P/R/F1 (Macro): 0.3169/0.2790/0.1806 | LR: 0.000001
Epoch [76/100] | SVD update #76: pairs=465, sweeps=3, converged=False, rel_change=1.533e-02, effective_ranks=(316, 26), class_paired=True
Epoch [76/100] | Loss: 4.8897 (Cls: 4.8894, TAL: -0.2490, Adv: 0.3774, OT-Reg: 0.001191) | OT inner objective: 0.0266 | Marginal residual row/col/max: 1.42e-06/1.05e-08/1.42e-06 | Train Acc: 0.4308 | Val Acc: 0.1000 | Val P/R/F1 (Macro): 0.3795/0.3063/0.2204 | LR: 0.000001
Epoch [77/100] | SVD update #77: pairs=465, sweeps=3, converged=False, rel_change=6.218e-03, effective_ranks=(314, 27), class_paired=True
Epoch [77/100] | Loss: 4.8279 (Cls: 4.8203, TAL: -0.2396, Adv: 0.4539, OT-Reg: 0.001179) | OT inner objective: -0.0141 | Marginal residual row/col/max: 7.06e-06/9.05e-09/7.06e-06 | Train Acc: 0.4933 | Val Acc: 0.1083 | Val P/R/F1 (Macro): 0.3199/0.3023/0.2074 | LR: 0.000001
Epoch [78/100] | SVD update #78: pairs=465, sweeps=3, converged=False, rel_change=1.805e-02, effective_ranks=(315, 25), class_paired=True
Epoch [78/100] | Loss: 4.5610 (Cls: 4.5495, TAL: -0.2918, Adv: 0.5824, OT-Reg: 0.001111) | OT inner objective: 0.0212 | Marginal residual row/col/max: 4.21e-06/1.10e-08/4.21e-06 | Train Acc: 0.4754 | Val Acc: 0.1250 | Val P/R/F1 (Macro): 0.3926/0.3241/0.2188 | LR: 0.000001
Epoch [79/100] | SVD update #79: pairs=465, sweeps=3, converged=False, rel_change=4.412e-03, effective_ranks=(315, 31), class_paired=True
Epoch [79/100] | Loss: 4.5565 (Cls: 4.5736, TAL: -0.3439, Adv: 0.3019, OT-Reg: 0.001200) | OT inner objective: -0.0223 | Marginal residual row/col/max: 2.83e-05/9.98e-09/2.83e-05 | Train Acc: 0.4955 | Val Acc: 0.0917 | Val P/R/F1 (Macro): 0.2190/0.2772/0.1758 | LR: 0.000001
Epoch [80/100] | SVD update #80: pairs=465, sweeps=3, converged=False, rel_change=1.316e-02, effective_ranks=(317, 29), class_paired=True
Epoch [80/100] | Loss: 4.8980 (Cls: 4.9033, TAL: -0.2844, Adv: 0.3607, OT-Reg: 0.001161) | OT inner objective: 0.0346 | Marginal residual row/col/max: 4.38e-05/9.71e-09/4.38e-05 | Train Acc: 0.3973 | Val Acc: 0.1000 | Val P/R/F1 (Macro): 0.4235/0.2855/0.1955 | LR: 0.000001
Epoch [81/100] | SVD update #81: pairs=465, sweeps=3, converged=False, rel_change=7.860e-03, effective_ranks=(317, 26), class_paired=True
Epoch [81/100] | Loss: 4.7909 (Cls: 4.7986, TAL: -0.2677, Adv: 0.3060, OT-Reg: 0.001148) | OT inner objective: 0.0188 | Marginal residual row/col/max: 1.08e-06/1.01e-08/1.08e-06 | Train Acc: 0.5022 | Val Acc: 0.0667 | Val P/R/F1 (Macro): 0.2129/0.2609/0.1531 | LR: 0.000001
Epoch [82/100] | SVD update #82: pairs=465, sweeps=3, converged=False, rel_change=2.542e-02, effective_ranks=(316, 31), class_paired=True
Epoch [82/100] | Loss: 4.8466 (Cls: 4.8360, TAL: -0.2693, Adv: 0.5360, OT-Reg: 0.001177) | OT inner objective: 0.0299 | Marginal residual row/col/max: 9.28e-06/1.25e-08/9.28e-06 | Train Acc: 0.4487 | Val Acc: 0.0667 | Val P/R/F1 (Macro): 0.2684/0.2585/0.1490 | LR: 0.000001
Epoch [83/100] | SVD update #83: pairs=465, sweeps=3, converged=False, rel_change=5.224e-03, effective_ranks=(314, 29), class_paired=True
Epoch [83/100] | Loss: 5.0678 (Cls: 5.0678, TAL: -0.2623, Adv: 0.3931, OT-Reg: 0.001142) | OT inner objective: 0.0466 | Marginal residual row/col/max: 8.95e-06/1.18e-08/8.95e-06 | Train Acc: 0.3393 | Val Acc: 0.0667 | Val P/R/F1 (Macro): 0.2253/0.2561/0.1313 | LR: 0.000001
Epoch [84/100] | SVD update #84: pairs=465, sweeps=3, converged=False, rel_change=3.605e-03, effective_ranks=(316, 27), class_paired=True
Epoch [84/100] | Loss: 4.8153 (Cls: 4.8187, TAL: -0.2697, Adv: 0.3618, OT-Reg: 0.001185) | OT inner objective: -0.0199 | Marginal residual row/col/max: 1.26e-05/9.31e-09/1.26e-05 | Train Acc: 0.4442 | Val Acc: 0.0833 | Val P/R/F1 (Macro): 0.1930/0.2670/0.1616 | LR: 0.000001
Epoch [85/100] | SVD update #85: pairs=465, sweeps=3, converged=False, rel_change=2.683e-03, effective_ranks=(317, 29), class_paired=True
Epoch [85/100] | Loss: 4.6392 (Cls: 4.6543, TAL: -0.2966, Adv: 0.2557, OT-Reg: 0.001210) | OT inner objective: -0.0463 | Marginal residual row/col/max: 1.77e-05/1.04e-08/1.77e-05 | Train Acc: 0.3929 | Val Acc: 0.0583 | Val P/R/F1 (Macro): 0.1457/0.2530/0.1398 | LR: 0.000001
Epoch [86/100] | SVD update #86: pairs=465, sweeps=3, converged=False, rel_change=8.147e-03, effective_ranks=(316, 27), class_paired=True
Epoch [86/100] | Loss: 4.6948 (Cls: 4.6914, TAL: -0.2955, Adv: 0.4853, OT-Reg: 0.001206) | OT inner objective: -0.0524 | Marginal residual row/col/max: 4.46e-05/9.45e-09/4.46e-05 | Train Acc: 0.5022 | Val Acc: 0.1250 | Val P/R/F1 (Macro): 0.3579/0.3030/0.2190 | LR: 0.000001
Epoch [87/100] | SVD update #87: pairs=465, sweeps=3, converged=False, rel_change=7.644e-03, effective_ranks=(317, 28), class_paired=True
Epoch [87/100] | Loss: 4.7059 (Cls: 4.7030, TAL: -0.2858, Adv: 0.4649, OT-Reg: 0.001147) | OT inner objective: 0.0173 | Marginal residual row/col/max: 1.33e-06/1.04e-08/1.33e-06 | Train Acc: 0.4040 | Val Acc: 0.1250 | Val P/R/F1 (Macro): 0.2129/0.2729/0.1813 | LR: 0.000001
Epoch [88/100] | SVD update #88: pairs=465, sweeps=3, converged=False, rel_change=9.162e-04, effective_ranks=(317, 29), class_paired=True
Epoch [88/100] | Loss: 4.6606 (Cls: 4.6706, TAL: -0.2997, Adv: 0.3246, OT-Reg: 0.001204) | OT inner objective: -0.0042 | Marginal residual row/col/max: 2.73e-05/9.45e-09/2.73e-05 | Train Acc: 0.4487 | Val Acc: 0.1083 | Val P/R/F1 (Macro): 0.3554/0.2933/0.2023 | LR: 0.000001
Epoch [89/100] | SVD update #89: pairs=465, sweeps=3, converged=False, rel_change=2.672e-02, effective_ranks=(317, 32), class_paired=True
Epoch [89/100] | Loss: 4.6442 (Cls: 4.6595, TAL: -0.3622, Adv: 0.3521, OT-Reg: 0.001155) | OT inner objective: 0.0481 | Marginal residual row/col/max: 1.86e-06/1.16e-08/1.86e-06 | Train Acc: 0.4799 | Val Acc: 0.0917 | Val P/R/F1 (Macro): 0.2127/0.3047/0.1758 | LR: 0.000001
Epoch [90/100] | SVD update #90: pairs=465, sweeps=3, converged=False, rel_change=4.163e-03, effective_ranks=(316, 29), class_paired=True
Epoch [90/100] | Loss: 4.5945 (Cls: 4.6009, TAL: -0.3047, Adv: 0.3768, OT-Reg: 0.001152) | OT inner objective: 0.0215 | Marginal residual row/col/max: 1.56e-06/1.04e-08/1.56e-06 | Train Acc: 0.4554 | Val Acc: 0.0583 | Val P/R/F1 (Macro): 0.1922/0.2554/0.1440 | LR: 0.000001
Epoch [91/100] | SVD update #91: pairs=465, sweeps=3, converged=False, rel_change=1.347e-02, effective_ranks=(316, 28), class_paired=True
Epoch [91/100] | Loss: 4.5776 (Cls: 4.5753, TAL: -0.2604, Adv: 0.4197, OT-Reg: 0.001142) | OT inner objective: 0.0120 | Marginal residual row/col/max: 5.07e-05/1.40e-08/5.07e-05 | Train Acc: 0.4598 | Val Acc: 0.1083 | Val P/R/F1 (Macro): 0.2609/0.2440/0.1650 | LR: 0.000001
Epoch [92/100] | SVD update #92: pairs=465, sweeps=3, converged=False, rel_change=3.506e-03, effective_ranks=(317, 29), class_paired=True
Epoch [92/100] | Loss: 4.8536 (Cls: 4.8447, TAL: -0.2800, Adv: 0.5309, OT-Reg: 0.001162) | OT inner objective: -0.0632 | Marginal residual row/col/max: 6.62e-06/1.04e-08/6.62e-06 | Train Acc: 0.4531 | Val Acc: 0.0500 | Val P/R/F1 (Macro): 0.1501/0.2114/0.1136 | LR: 0.000001
Epoch [93/100] | SVD update #93: pairs=465, sweeps=3, converged=False, rel_change=7.428e-03, effective_ranks=(317, 30), class_paired=True
Epoch [93/100] | Loss: 4.5893 (Cls: 4.5964, TAL: -0.3581, Adv: 0.4478, OT-Reg: 0.001222) | OT inner objective: -0.0398 | Marginal residual row/col/max: 5.00e-06/9.71e-09/5.00e-06 | Train Acc: 0.4710 | Val Acc: 0.0500 | Val P/R/F1 (Macro): 0.1292/0.2500/0.1332 | LR: 0.000001
Epoch [94/100] | SVD update #94: pairs=465, sweeps=3, converged=False, rel_change=2.002e-02, effective_ranks=(317, 30), class_paired=True
Epoch [94/100] | Loss: 4.6594 (Cls: 4.6663, TAL: -0.2419, Adv: 0.2763, OT-Reg: 0.001156) | OT inner objective: 0.0473 | Marginal residual row/col/max: 2.77e-05/1.08e-08/2.77e-05 | Train Acc: 0.4509 | Val Acc: 0.1333 | Val P/R/F1 (Macro): 0.2898/0.2909/0.1930 | LR: 0.000001
Epoch [95/100] | SVD update #95: pairs=465, sweeps=3, converged=False, rel_change=6.371e-03, effective_ranks=(316, 28), class_paired=True
Epoch [95/100] | Loss: 4.7232 (Cls: 4.7338, TAL: -0.3240, Adv: 0.3546, OT-Reg: 0.001156) | OT inner objective: 0.0045 | Marginal residual row/col/max: 6.69e-06/1.04e-08/6.69e-06 | Train Acc: 0.4710 | Val Acc: 0.0917 | Val P/R/F1 (Macro): 0.3482/0.2890/0.1998 | LR: 0.000001
Epoch [96/100] | SVD update #96: pairs=465, sweeps=3, converged=False, rel_change=7.076e-03, effective_ranks=(317, 28), class_paired=True
Epoch [96/100] | Loss: 4.5988 (Cls: 4.5826, TAL: -0.2806, Adv: 0.6233, OT-Reg: 0.001159) | OT inner objective: 0.0213 | Marginal residual row/col/max: 5.14e-06/1.10e-08/5.14e-06 | Train Acc: 0.5022 | Val Acc: 0.0917 | Val P/R/F1 (Macro): 0.3692/0.2825/0.1902 | LR: 0.000001
Epoch [97/100] | SVD update #97: pairs=465, sweeps=3, converged=False, rel_change=3.053e-03, effective_ranks=(315, 31), class_paired=True
Epoch [97/100] | Loss: 4.7001 (Cls: 4.6847, TAL: -0.2903, Adv: 0.6282, OT-Reg: 0.001164) | OT inner objective: -0.0161 | Marginal residual row/col/max: 4.05e-05/1.08e-08/4.05e-05 | Train Acc: 0.4821 | Val Acc: 0.1083 | Val P/R/F1 (Macro): 0.2675/0.2818/0.1827 | LR: 0.000001
Epoch [98/100] | SVD update #98: pairs=465, sweeps=3, converged=False, rel_change=5.665e-03, effective_ranks=(316, 31), class_paired=True
Epoch [98/100] | Loss: 4.5151 (Cls: 4.5127, TAL: -0.2695, Adv: 0.4347, OT-Reg: 0.001197) | OT inner objective: -0.0169 | Marginal residual row/col/max: 9.38e-06/1.12e-08/9.38e-06 | Train Acc: 0.5201 | Val Acc: 0.0917 | Val P/R/F1 (Macro): 0.1857/0.2748/0.1685 | LR: 0.000001
Epoch [99/100] | SVD update #99: pairs=465, sweeps=3, converged=False, rel_change=5.238e-03, effective_ranks=(315, 30), class_paired=True
Epoch [99/100] | Loss: 4.7648 (Cls: 4.7723, TAL: -0.2696, Adv: 0.3112, OT-Reg: 0.001208) | OT inner objective: -0.0326 | Marginal residual row/col/max: 3.38e-05/1.09e-08/3.38e-05 | Train Acc: 0.3616 | Val Acc: 0.0750 | Val P/R/F1 (Macro): 0.2042/0.2663/0.1599 | LR: 0.000001
Epoch [100/100] | SVD update #100: pairs=465, sweeps=3, converged=False, rel_change=1.030e-02, effective_ranks=(315, 31), class_paired=True
Epoch [100/100] | Loss: 4.4417 (Cls: 4.4407, TAL: -0.2341, Adv: 0.3642, OT-Reg: 0.001151) | OT inner objective: -0.0329 | Marginal residual row/col/max: 3.05e-05/1.01e-08/3.05e-05 | Train Acc: 0.5000 | Val Acc: 0.0667 | Val P/R/F1 (Macro): 0.1917/0.2609/0.1516 | LR: 0.000001
Report strategy: last_window, window=10, reported_acc=0.0867, best_acc=0.5250

迭代 3 报告指标:
  Accuracy: 0.0867
  Precision (Macro): 0.2396
  Recall (Macro): 0.2652
  F1 (Macro): 0.1657
  Precision (Micro): 0.0867
  Recall (Micro): 0.0867
  F1 (Micro): 0.0867
  Val class coverage: 8/14 (0.5714), samples=120

================================================================================
迭代 4/5
随机种子: 45
================================================================================
配对采样器已初始化，共 8 个共有类别。
Training mode: full target-label supervision (class-paired batches).
Feature fusion: Tensor alignment (512+512 -> 64+64); fused_dim=128
Domain adaptation: Neural OT generator with 3-domain discriminator
Loss weights: tensor=0.12, adv=0.08
Transport: mode=sinkhorn, epsilon=0.1, Sinkhorn iterations=50, correction scale=0.1, correction regularization weight=0.001
Tensor projection update: once per epoch from the complete target-training pairing bank; projection_dim=64, max_sweeps=3, relative singular-value tolerance=0.0001
Epoch [1/100] | SVD update #1: pairs=465, sweeps=3, converged=True, rel_change=1.268e-05, effective_ranks=(317, 192), class_paired=True
Epoch [1/100] | Loss: 7.1898 (Cls: 7.1725, TAL: -0.0326, Adv: 0.2644, OT-Reg: 0.000985) | OT inner objective: 0.2538 | Marginal residual row/col/max: 9.98e-09/1.58e-08/1.62e-08 | Train Acc: 0.2612 | Val Acc: 0.0917 | Val P/R/F1 (Macro): 0.1314/0.0817/0.0612 | LR: 0.000005
  >>> New Best Val Acc: 0.0917
Epoch [2/100] | SVD update #2: pairs=465, sweeps=3, converged=False, rel_change=2.293e-02, effective_ranks=(315, 78), class_paired=True
Epoch [2/100] | Loss: 6.7384 (Cls: 6.7369, TAL: -0.1236, Adv: 0.2044, OT-Reg: 0.001095) | OT inner objective: 0.2725 | Marginal residual row/col/max: 9.18e-09/1.33e-08/1.33e-08 | Train Acc: 0.2746 | Val Acc: 0.4500 | Val P/R/F1 (Macro): 0.3209/0.4482/0.3077 | LR: 0.000005
  >>> New Best Val Acc: 0.4500
Epoch [3/100] | SVD update #3: pairs=465, sweeps=3, converged=False, rel_change=4.428e-02, effective_ranks=(316, 59), class_paired=True
Epoch [3/100] | Loss: 6.0561 (Cls: 6.0497, TAL: -0.1052, Adv: 0.2373, OT-Reg: 0.001213) | OT inner objective: 0.2382 | Marginal residual row/col/max: 9.98e-09/1.14e-08/1.20e-08 | Train Acc: 0.3460 | Val Acc: 0.1917 | Val P/R/F1 (Macro): 0.3881/0.3956/0.2694 | LR: 0.000005
Epoch [4/100] | SVD update #4: pairs=465, sweeps=3, converged=False, rel_change=1.208e-01, effective_ranks=(316, 50), class_paired=True
Epoch [4/100] | Loss: 6.3735 (Cls: 6.3529, TAL: 0.0085, Adv: 0.2453, OT-Reg: 0.001080) | OT inner objective: 0.2149 | Marginal residual row/col/max: 9.98e-09/1.44e-08/1.49e-08 | Train Acc: 0.3147 | Val Acc: 0.3750 | Val P/R/F1 (Macro): 0.4312/0.5412/0.4253 | LR: 0.000005
Epoch [5/100] | SVD update #5: pairs=465, sweeps=3, converged=False, rel_change=9.870e-02, effective_ranks=(317, 43), class_paired=True
Epoch [5/100] | Loss: 5.5051 (Cls: 5.5051, TAL: -0.1330, Adv: 0.2001, OT-Reg: 0.001045) | OT inner objective: 0.1720 | Marginal residual row/col/max: 1.25e-08/1.68e-08/1.84e-08 | Train Acc: 0.4241 | Val Acc: 0.1833 | Val P/R/F1 (Macro): 0.6525/0.4785/0.3273 | LR: 0.000005
Epoch [6/100] | SVD update #6: pairs=465, sweeps=3, converged=False, rel_change=1.012e-02, effective_ranks=(316, 35), class_paired=True
Epoch [6/100] | Loss: 5.5174 (Cls: 5.5123, TAL: -0.1365, Adv: 0.2677, OT-Reg: 0.001033) | OT inner objective: 0.1198 | Marginal residual row/col/max: 3.39e-05/1.60e-08/3.39e-05 | Train Acc: 0.4375 | Val Acc: 0.2000 | Val P/R/F1 (Macro): 0.3745/0.4784/0.3217 | LR: 0.000005
Epoch [7/100] | SVD update #7: pairs=465, sweeps=3, converged=False, rel_change=9.172e-02, effective_ranks=(315, 45), class_paired=True
Epoch [7/100] | Loss: 5.2995 (Cls: 5.2971, TAL: -0.1582, Adv: 0.2674, OT-Reg: 0.001071) | OT inner objective: 0.1250 | Marginal residual row/col/max: 5.96e-07/1.45e-08/6.00e-07 | Train Acc: 0.4196 | Val Acc: 0.2083 | Val P/R/F1 (Macro): 0.3119/0.3957/0.2050 | LR: 0.000005
Epoch [8/100] | SVD update #8: pairs=465, sweeps=3, converged=False, rel_change=8.335e-02, effective_ranks=(315, 39), class_paired=True
Epoch [8/100] | Loss: 5.6327 (Cls: 5.6263, TAL: -0.0934, Adv: 0.2203, OT-Reg: 0.000930) | OT inner objective: 0.1829 | Marginal residual row/col/max: 4.65e-05/2.67e-08/4.65e-05 | Train Acc: 0.4174 | Val Acc: 0.3083 | Val P/R/F1 (Macro): 0.2533/0.3612/0.2312 | LR: 0.000005
Epoch [9/100] | SVD update #9: pairs=465, sweeps=3, converged=False, rel_change=3.721e-01, effective_ranks=(316, 35), class_paired=True
Epoch [9/100] | Loss: 5.8803 (Cls: 5.8765, TAL: -0.1725, Adv: 0.3058, OT-Reg: 0.001003) | OT inner objective: 0.1212 | Marginal residual row/col/max: 7.14e-06/1.88e-08/7.14e-06 | Train Acc: 0.2902 | Val Acc: 0.2333 | Val P/R/F1 (Macro): 0.2154/0.2094/0.1523 | LR: 0.000005
Epoch [10/100] | SVD update #10: pairs=465, sweeps=3, converged=False, rel_change=1.475e-01, effective_ranks=(315, 42), class_paired=True
Epoch [10/100] | Loss: 5.9147 (Cls: 5.9017, TAL: -0.0224, Adv: 0.1957, OT-Reg: 0.001070) | OT inner objective: 0.1776 | Marginal residual row/col/max: 1.17e-08/1.61e-08/1.78e-08 | Train Acc: 0.3281 | Val Acc: 0.0917 | Val P/R/F1 (Macro): 0.1837/0.2374/0.1091 | LR: 0.000005
Epoch [11/100] | SVD update #11: pairs=465, sweeps=3, converged=False, rel_change=2.328e-01, effective_ranks=(316, 34), class_paired=True
Epoch [11/100] | Loss: 4.9626 (Cls: 4.9528, TAL: -0.0626, Adv: 0.2174, OT-Reg: 0.000984) | OT inner objective: 0.1731 | Marginal residual row/col/max: 4.31e-08/1.65e-08/4.76e-08 | Train Acc: 0.4442 | Val Acc: 0.0833 | Val P/R/F1 (Macro): 0.0714/0.2812/0.0999 | LR: 0.000005
Epoch [12/100] | SVD update #12: pairs=465, sweeps=3, converged=False, rel_change=7.617e-02, effective_ranks=(317, 29), class_paired=True
Epoch [12/100] | Loss: 5.8188 (Cls: 5.8132, TAL: -0.0965, Adv: 0.2154, OT-Reg: 0.001009) | OT inner objective: 0.0988 | Marginal residual row/col/max: 4.08e-05/2.33e-08/4.08e-05 | Train Acc: 0.4754 | Val Acc: 0.1833 | Val P/R/F1 (Macro): 0.2869/0.4022/0.2475 | LR: 0.000005
Epoch [13/100] | SVD update #13: pairs=465, sweeps=3, converged=False, rel_change=1.102e-01, effective_ranks=(316, 29), class_paired=True
Epoch [13/100] | Loss: 5.4728 (Cls: 5.4827, TAL: -0.2010, Adv: 0.1769, OT-Reg: 0.001102) | OT inner objective: 0.1258 | Marginal residual row/col/max: 2.53e-05/1.16e-08/2.53e-05 | Train Acc: 0.5491 | Val Acc: 0.0917 | Val P/R/F1 (Macro): 0.1042/0.1548/0.1222 | LR: 0.000003
Epoch [14/100] | SVD update #14: pairs=465, sweeps=3, converged=False, rel_change=1.845e-02, effective_ranks=(317, 23), class_paired=True
Epoch [14/100] | Loss: 5.3205 (Cls: 5.3196, TAL: -0.1158, Adv: 0.1854, OT-Reg: 0.001071) | OT inner objective: 0.1425 | Marginal residual row/col/max: 2.37e-08/1.29e-08/2.66e-08 | Train Acc: 0.3750 | Val Acc: 0.1500 | Val P/R/F1 (Macro): 0.2177/0.3221/0.1500 | LR: 0.000003
Epoch [15/100] | SVD update #15: pairs=465, sweeps=3, converged=False, rel_change=1.675e-01, effective_ranks=(315, 30), class_paired=True
Epoch [15/100] | Loss: 5.2533 (Cls: 5.2580, TAL: -0.1670, Adv: 0.1911, OT-Reg: 0.000991) | OT inner objective: 0.0235 | Marginal residual row/col/max: 2.47e-06/1.25e-08/2.47e-06 | Train Acc: 0.4866 | Val Acc: 0.1083 | Val P/R/F1 (Macro): 0.1537/0.2928/0.1167 | LR: 0.000003
Epoch [16/100] | SVD update #16: pairs=465, sweeps=3, converged=False, rel_change=5.095e-02, effective_ranks=(316, 29), class_paired=True
Epoch [16/100] | Loss: 5.1157 (Cls: 5.1218, TAL: -0.1516, Adv: 0.1517, OT-Reg: 0.001103) | OT inner objective: 0.0858 | Marginal residual row/col/max: 1.58e-07/1.26e-08/1.60e-07 | Train Acc: 0.5290 | Val Acc: 0.2917 | Val P/R/F1 (Macro): 0.5035/0.5108/0.3951 | LR: 0.000003
Epoch [17/100] | SVD update #17: pairs=465, sweeps=3, converged=False, rel_change=1.529e-01, effective_ranks=(315, 28), class_paired=True
Epoch [17/100] | Loss: 6.5375 (Cls: 6.5387, TAL: -0.1208, Adv: 0.1663, OT-Reg: 0.000985) | OT inner objective: 0.0809 | Marginal residual row/col/max: 2.19e-05/1.77e-08/2.19e-05 | Train Acc: 0.4732 | Val Acc: 0.3500 | Val P/R/F1 (Macro): 0.5445/0.5576/0.4045 | LR: 0.000003
Epoch [18/100] | SVD update #18: pairs=465, sweeps=3, converged=False, rel_change=5.220e-02, effective_ranks=(314, 23), class_paired=True
Epoch [18/100] | Loss: 4.9570 (Cls: 4.9717, TAL: -0.2213, Adv: 0.1488, OT-Reg: 0.000961) | OT inner objective: 0.0785 | Marginal residual row/col/max: 1.07e-04/2.12e-08/1.07e-04 | Train Acc: 0.5335 | Val Acc: 0.2667 | Val P/R/F1 (Macro): 0.2845/0.3363/0.1781 | LR: 0.000003
Epoch [19/100] | SVD update #19: pairs=465, sweeps=3, converged=False, rel_change=5.997e-02, effective_ranks=(316, 28), class_paired=True
Epoch [19/100] | Loss: 4.7786 (Cls: 4.7954, TAL: -0.2420, Adv: 0.1528, OT-Reg: 0.001084) | OT inner objective: 0.0530 | Marginal residual row/col/max: 1.26e-06/1.14e-08/1.26e-06 | Train Acc: 0.5580 | Val Acc: 0.1417 | Val P/R/F1 (Macro): 0.2934/0.4303/0.2559 | LR: 0.000003
Epoch [20/100] | SVD update #20: pairs=465, sweeps=3, converged=False, rel_change=1.310e-02, effective_ranks=(315, 27), class_paired=True
Epoch [20/100] | Loss: 4.3586 (Cls: 4.3771, TAL: -0.2528, Adv: 0.1483, OT-Reg: 0.001121) | OT inner objective: -0.0279 | Marginal residual row/col/max: 4.63e-06/1.16e-08/4.63e-06 | Train Acc: 0.6496 | Val Acc: 0.2083 | Val P/R/F1 (Macro): 0.4863/0.4644/0.3142 | LR: 0.000003
Epoch [21/100] | SVD update #21: pairs=465, sweeps=3, converged=False, rel_change=7.203e-03, effective_ranks=(317, 25), class_paired=True
Epoch [21/100] | Loss: 4.2184 (Cls: 4.2364, TAL: -0.2825, Adv: 0.1999, OT-Reg: 0.001100) | OT inner objective: 0.0092 | Marginal residual row/col/max: 2.26e-05/1.13e-08/2.26e-05 | Train Acc: 0.6362 | Val Acc: 0.2250 | Val P/R/F1 (Macro): 0.5127/0.4621/0.3134 | LR: 0.000003
Epoch [22/100] | SVD update #22: pairs=465, sweeps=3, converged=False, rel_change=2.659e-02, effective_ranks=(316, 27), class_paired=True
Epoch [22/100] | Loss: 6.4073 (Cls: 6.4146, TAL: -0.1461, Adv: 0.1281, OT-Reg: 0.001039) | OT inner objective: 0.0338 | Marginal residual row/col/max: 3.32e-05/1.33e-08/3.32e-05 | Train Acc: 0.1518 | Val Acc: 0.3417 | Val P/R/F1 (Macro): 0.2706/0.3863/0.2905 | LR: 0.000003
Epoch [23/100] | SVD update #23: pairs=465, sweeps=3, converged=False, rel_change=1.314e-01, effective_ranks=(316, 32), class_paired=True
Epoch [23/100] | Loss: 5.4826 (Cls: 5.4845, TAL: -0.1132, Adv: 0.1469, OT-Reg: 0.000991) | OT inner objective: 0.1061 | Marginal residual row/col/max: 1.36e-05/1.76e-08/1.36e-05 | Train Acc: 0.5179 | Val Acc: 0.1333 | Val P/R/F1 (Macro): 0.2201/0.4280/0.2155 | LR: 0.000003
Epoch [24/100] | SVD update #24: pairs=465, sweeps=3, converged=False, rel_change=3.957e-01, effective_ranks=(316, 25), class_paired=True
Epoch [24/100] | Loss: 5.4865 (Cls: 5.4805, TAL: -0.0421, Adv: 0.1382, OT-Reg: 0.000978) | OT inner objective: 0.1064 | Marginal residual row/col/max: 3.72e-05/1.76e-08/3.72e-05 | Train Acc: 0.2946 | Val Acc: 0.3333 | Val P/R/F1 (Macro): 0.2741/0.3881/0.2964 | LR: 0.000001
Epoch [25/100] | SVD update #25: pairs=465, sweeps=3, converged=False, rel_change=4.348e-02, effective_ranks=(315, 26), class_paired=True
Epoch [25/100] | Loss: 5.1189 (Cls: 5.1324, TAL: -0.2283, Adv: 0.1735, OT-Reg: 0.001042) | OT inner objective: 0.0593 | Marginal residual row/col/max: 8.54e-06/1.29e-08/8.54e-06 | Train Acc: 0.3929 | Val Acc: 0.1333 | Val P/R/F1 (Macro): 0.2395/0.2875/0.1962 | LR: 0.000001
Epoch [26/100] | SVD update #26: pairs=465, sweeps=3, converged=False, rel_change=2.176e-01, effective_ranks=(316, 28), class_paired=True
Epoch [26/100] | Loss: 5.6147 (Cls: 5.6117, TAL: -0.0828, Adv: 0.1615, OT-Reg: 0.001110) | OT inner objective: 0.0525 | Marginal residual row/col/max: 5.52e-05/1.20e-08/5.52e-05 | Train Acc: 0.2545 | Val Acc: 0.2167 | Val P/R/F1 (Macro): 0.2430/0.4201/0.2580 | LR: 0.000001
Epoch [27/100] | SVD update #27: pairs=465, sweeps=3, converged=False, rel_change=3.037e-02, effective_ranks=(316, 24), class_paired=True
Epoch [27/100] | Loss: 5.6830 (Cls: 5.6957, TAL: -0.2122, Adv: 0.1595, OT-Reg: 0.001041) | OT inner objective: -0.0139 | Marginal residual row/col/max: 3.31e-05/1.70e-08/3.31e-05 | Train Acc: 0.3906 | Val Acc: 0.4333 | Val P/R/F1 (Macro): 0.4733/0.5892/0.4759 | LR: 0.000001
Epoch [28/100] | SVD update #28: pairs=465, sweeps=3, converged=False, rel_change=7.749e-02, effective_ranks=(317, 25), class_paired=True
Epoch [28/100] | Loss: 5.3482 (Cls: 5.3503, TAL: -0.1504, Adv: 0.1988, OT-Reg: 0.001044) | OT inner objective: -0.0163 | Marginal residual row/col/max: 1.16e-04/1.24e-08/1.16e-04 | Train Acc: 0.4665 | Val Acc: 0.5250 | Val P/R/F1 (Macro): 0.5082/0.5402/0.4852 | LR: 0.000001
  >>> New Best Val Acc: 0.5250
Epoch [29/100] | SVD update #29: pairs=465, sweeps=3, converged=False, rel_change=4.678e-02, effective_ranks=(317, 28), class_paired=True
Epoch [29/100] | Loss: 6.8462 (Cls: 6.8513, TAL: -0.1514, Adv: 0.1635, OT-Reg: 0.000996) | OT inner objective: 0.0177 | Marginal residual row/col/max: 1.11e-04/1.42e-08/1.11e-04 | Train Acc: 0.2232 | Val Acc: 0.1583 | Val P/R/F1 (Macro): 0.3155/0.2920/0.1728 | LR: 0.000001
Epoch [30/100] | SVD update #30: pairs=465, sweeps=3, converged=False, rel_change=4.174e-02, effective_ranks=(317, 25), class_paired=True
Epoch [30/100] | Loss: 5.4787 (Cls: 5.4757, TAL: -0.1218, Adv: 0.2200, OT-Reg: 0.001129) | OT inner objective: 0.0602 | Marginal residual row/col/max: 4.27e-06/1.09e-08/4.27e-06 | Train Acc: 0.3750 | Val Acc: 0.5167 | Val P/R/F1 (Macro): 0.5265/0.6196/0.4876 | LR: 0.000001
Epoch [31/100] | SVD update #31: pairs=465, sweeps=3, converged=False, rel_change=1.070e-01, effective_ranks=(317, 23), class_paired=True
Epoch [31/100] | Loss: 5.3294 (Cls: 5.3141, TAL: -0.0401, Adv: 0.2511, OT-Reg: 0.001125) | OT inner objective: 0.0147 | Marginal residual row/col/max: 3.25e-05/1.08e-08/3.25e-05 | Train Acc: 0.3973 | Val Acc: 0.1250 | Val P/R/F1 (Macro): 0.3703/0.2922/0.2413 | LR: 0.000001
Epoch [32/100] | SVD update #32: pairs=465, sweeps=3, converged=False, rel_change=3.581e-01, effective_ranks=(317, 30), class_paired=True
Epoch [32/100] | Loss: 5.2882 (Cls: 5.2743, TAL: -0.0620, Adv: 0.2675, OT-Reg: 0.001046) | OT inner objective: 0.1161 | Marginal residual row/col/max: 1.68e-08/1.33e-08/1.94e-08 | Train Acc: 0.4085 | Val Acc: 0.2500 | Val P/R/F1 (Macro): 0.2210/0.3460/0.2405 | LR: 0.000001
Epoch [33/100] | SVD update #33: pairs=465, sweeps=3, converged=False, rel_change=2.184e-02, effective_ranks=(316, 24), class_paired=True
Epoch [33/100] | Loss: 5.0622 (Cls: 5.0721, TAL: -0.2058, Adv: 0.1842, OT-Reg: 0.001116) | OT inner objective: 0.0886 | Marginal residual row/col/max: 5.04e-06/1.13e-08/5.04e-06 | Train Acc: 0.4978 | Val Acc: 0.1750 | Val P/R/F1 (Macro): 0.2567/0.4306/0.2750 | LR: 0.000001
Epoch [34/100] | SVD update #34: pairs=465, sweeps=3, converged=False, rel_change=1.440e-01, effective_ranks=(316, 25), class_paired=True
Epoch [34/100] | Loss: 5.4157 (Cls: 5.3964, TAL: -0.0331, Adv: 0.2915, OT-Reg: 0.001106) | OT inner objective: 0.1222 | Marginal residual row/col/max: 2.72e-05/1.28e-08/2.72e-05 | Train Acc: 0.3393 | Val Acc: 0.2500 | Val P/R/F1 (Macro): 0.2545/0.3890/0.2228 | LR: 0.000001
Epoch [35/100] | SVD update #35: pairs=465, sweeps=3, converged=False, rel_change=1.431e-01, effective_ranks=(313, 23), class_paired=True
Epoch [35/100] | Loss: 5.3309 (Cls: 5.3217, TAL: -0.1052, Adv: 0.2725, OT-Reg: 0.001178) | OT inner objective: 0.0256 | Marginal residual row/col/max: 1.26e-04/1.18e-08/1.26e-04 | Train Acc: 0.4018 | Val Acc: 0.4583 | Val P/R/F1 (Macro): 0.4498/0.4871/0.4434 | LR: 0.000001
Epoch [36/100] | SVD update #36: pairs=465, sweeps=3, converged=False, rel_change=2.810e-02, effective_ranks=(317, 27), class_paired=True
Epoch [36/100] | Loss: 5.4126 (Cls: 5.4070, TAL: -0.1629, Adv: 0.3132, OT-Reg: 0.000950) | OT inner objective: 0.0869 | Marginal residual row/col/max: 2.72e-05/2.18e-08/2.72e-05 | Train Acc: 0.2924 | Val Acc: 0.3000 | Val P/R/F1 (Macro): 0.2444/0.3898/0.2164 | LR: 0.000001
Epoch [37/100] | SVD update #37: pairs=465, sweeps=3, converged=False, rel_change=7.214e-02, effective_ranks=(315, 29), class_paired=True
Epoch [37/100] | Loss: 5.7370 (Cls: 5.7372, TAL: -0.2333, Adv: 0.3474, OT-Reg: 0.000990) | OT inner objective: 0.0761 | Marginal residual row/col/max: 2.53e-04/1.56e-08/2.53e-04 | Train Acc: 0.3839 | Val Acc: 0.2083 | Val P/R/F1 (Macro): 0.3266/0.2971/0.2449 | LR: 0.000001
Epoch [38/100] | SVD update #38: pairs=465, sweeps=3, converged=False, rel_change=1.973e-01, effective_ranks=(315, 23), class_paired=True
Epoch [38/100] | Loss: 5.5370 (Cls: 5.5136, TAL: 0.0219, Adv: 0.2599, OT-Reg: 0.001056) | OT inner objective: 0.0559 | Marginal residual row/col/max: 6.81e-05/1.22e-08/6.81e-05 | Train Acc: 0.3415 | Val Acc: 0.3750 | Val P/R/F1 (Macro): 0.2968/0.4538/0.3411 | LR: 0.000001
Epoch [39/100] | SVD update #39: pairs=465, sweeps=3, converged=False, rel_change=9.083e-03, effective_ranks=(313, 23), class_paired=True
Epoch [39/100] | Loss: 4.8274 (Cls: 4.8315, TAL: -0.1993, Adv: 0.2483, OT-Reg: 0.000976) | OT inner objective: -0.0064 | Marginal residual row/col/max: 6.20e-05/1.21e-08/6.20e-05 | Train Acc: 0.4643 | Val Acc: 0.1917 | Val P/R/F1 (Macro): 0.3240/0.3909/0.2943 | LR: 0.000001
Epoch [40/100] | SVD update #40: pairs=465, sweeps=3, converged=False, rel_change=1.654e-01, effective_ranks=(312, 31), class_paired=True
Epoch [40/100] | Loss: 4.6478 (Cls: 4.6411, TAL: -0.1631, Adv: 0.3287, OT-Reg: 0.001050) | OT inner objective: 0.0428 | Marginal residual row/col/max: 4.54e-05/1.13e-08/4.54e-05 | Train Acc: 0.4330 | Val Acc: 0.3500 | Val P/R/F1 (Macro): 0.3149/0.4176/0.3312 | LR: 0.000001
Epoch [41/100] | SVD update #41: pairs=465, sweeps=3, converged=False, rel_change=2.016e-02, effective_ranks=(313, 28), class_paired=True
Epoch [41/100] | Loss: 4.5772 (Cls: 4.5803, TAL: -0.2316, Adv: 0.3081, OT-Reg: 0.001055) | OT inner objective: -0.0165 | Marginal residual row/col/max: 1.14e-04/1.28e-08/1.14e-04 | Train Acc: 0.4621 | Val Acc: 0.2250 | Val P/R/F1 (Macro): 0.5044/0.5020/0.3590 | LR: 0.000001
Epoch [42/100] | SVD update #42: pairs=465, sweeps=3, converged=False, rel_change=1.045e-01, effective_ranks=(313, 27), class_paired=True
Epoch [42/100] | Loss: 5.4873 (Cls: 5.4738, TAL: -0.1003, Adv: 0.3197, OT-Reg: 0.001009) | OT inner objective: 0.0214 | Marginal residual row/col/max: 9.00e-05/1.42e-08/9.00e-05 | Train Acc: 0.5112 | Val Acc: 0.2000 | Val P/R/F1 (Macro): 0.3964/0.5092/0.2956 | LR: 0.000001
Epoch [43/100] | SVD update #43: pairs=465, sweeps=3, converged=False, rel_change=1.297e-02, effective_ranks=(313, 24), class_paired=True
Epoch [43/100] | Loss: 4.9003 (Cls: 4.9080, TAL: -0.2118, Adv: 0.2224, OT-Reg: 0.000949) | OT inner objective: -0.0398 | Marginal residual row/col/max: 2.08e-04/1.37e-08/2.08e-04 | Train Acc: 0.5759 | Val Acc: 0.2500 | Val P/R/F1 (Macro): 0.4247/0.4583/0.3369 | LR: 0.000001
Epoch [44/100] | SVD update #44: pairs=465, sweeps=3, converged=False, rel_change=4.267e-03, effective_ranks=(313, 24), class_paired=True
Epoch [44/100] | Loss: 4.6349 (Cls: 4.6442, TAL: -0.2538, Adv: 0.2648, OT-Reg: 0.000935) | OT inner objective: -0.0308 | Marginal residual row/col/max: 2.46e-04/2.06e-08/2.46e-04 | Train Acc: 0.5915 | Val Acc: 0.1667 | Val P/R/F1 (Macro): 0.2941/0.4751/0.2702 | LR: 0.000001
Epoch [45/100] | SVD update #45: pairs=465, sweeps=3, converged=False, rel_change=4.688e-02, effective_ranks=(311, 27), class_paired=True
Epoch [45/100] | Loss: 5.0848 (Cls: 5.0695, TAL: -0.1217, Adv: 0.3733, OT-Reg: 0.000993) | OT inner objective: 0.0201 | Marginal residual row/col/max: 1.18e-04/1.14e-08/1.18e-04 | Train Acc: 0.4799 | Val Acc: 0.2083 | Val P/R/F1 (Macro): 0.2763/0.3638/0.2190 | LR: 0.000001
Epoch [46/100] | SVD update #46: pairs=465, sweeps=3, converged=False, rel_change=6.603e-02, effective_ranks=(313, 23), class_paired=True
Epoch [46/100] | Loss: 4.9835 (Cls: 4.9716, TAL: -0.1524, Adv: 0.3770, OT-Reg: 0.000989) | OT inner objective: 0.0147 | Marginal residual row/col/max: 1.66e-04/1.21e-08/1.66e-04 | Train Acc: 0.5871 | Val Acc: 0.1833 | Val P/R/F1 (Macro): 0.3360/0.3935/0.2661 | LR: 0.000001
Epoch [47/100] | SVD update #47: pairs=465, sweeps=3, converged=False, rel_change=2.401e-02, effective_ranks=(310, 25), class_paired=True
Epoch [47/100] | Loss: 4.9179 (Cls: 4.9082, TAL: -0.1868, Adv: 0.4017, OT-Reg: 0.001104) | OT inner objective: 0.0748 | Marginal residual row/col/max: 4.01e-05/1.05e-08/4.01e-05 | Train Acc: 0.5536 | Val Acc: 0.3000 | Val P/R/F1 (Macro): 0.4345/0.5146/0.3664 | LR: 0.000001
Epoch [48/100] | SVD update #48: pairs=465, sweeps=3, converged=False, rel_change=1.532e-03, effective_ranks=(315, 26), class_paired=True
Epoch [48/100] | Loss: 4.3076 (Cls: 4.3042, TAL: -0.2032, Adv: 0.3462, OT-Reg: 0.001068) | OT inner objective: 0.0179 | Marginal residual row/col/max: 5.26e-05/1.04e-08/5.26e-05 | Train Acc: 0.6317 | Val Acc: 0.2000 | Val P/R/F1 (Macro): 0.3287/0.4450/0.2529 | LR: 0.000001
Epoch [49/100] | SVD update #49: pairs=465, sweeps=3, converged=False, rel_change=6.408e-03, effective_ranks=(312, 23), class_paired=True
Epoch [49/100] | Loss: 4.5097 (Cls: 4.5043, TAL: -0.2282, Adv: 0.4089, OT-Reg: 0.001075) | OT inner objective: 0.0077 | Marginal residual row/col/max: 3.16e-05/1.25e-08/3.16e-05 | Train Acc: 0.5893 | Val Acc: 0.1833 | Val P/R/F1 (Macro): 0.3377/0.4833/0.3150 | LR: 0.000001
Epoch [50/100] | SVD update #50: pairs=465, sweeps=3, converged=False, rel_change=1.441e-02, effective_ranks=(316, 25), class_paired=True
Epoch [50/100] | Loss: 4.3388 (Cls: 4.3481, TAL: -0.2318, Adv: 0.2318, OT-Reg: 0.001041) | OT inner objective: -0.0073 | Marginal residual row/col/max: 1.74e-04/1.40e-08/1.74e-04 | Train Acc: 0.5960 | Val Acc: 0.1917 | Val P/R/F1 (Macro): 0.2246/0.3658/0.1762 | LR: 0.000001
Epoch [51/100] | SVD update #51: pairs=465, sweeps=3, converged=False, rel_change=1.974e-01, effective_ranks=(315, 30), class_paired=True
Epoch [51/100] | Loss: 5.4653 (Cls: 5.4503, TAL: -0.0542, Adv: 0.2689, OT-Reg: 0.001086) | OT inner objective: 0.0370 | Marginal residual row/col/max: 6.00e-05/1.41e-08/6.00e-05 | Train Acc: 0.2388 | Val Acc: 0.2583 | Val P/R/F1 (Macro): 0.3628/0.3797/0.2964 | LR: 0.000001
Epoch [52/100] | SVD update #52: pairs=465, sweeps=3, converged=False, rel_change=2.481e-02, effective_ranks=(316, 30), class_paired=True
Epoch [52/100] | Loss: 5.2465 (Cls: 5.2321, TAL: -0.0199, Adv: 0.2102, OT-Reg: 0.001072) | OT inner objective: 0.0449 | Marginal residual row/col/max: 1.82e-04/1.26e-08/1.82e-04 | Train Acc: 0.2522 | Val Acc: 0.2333 | Val P/R/F1 (Macro): 0.3083/0.3129/0.2420 | LR: 0.000001
Epoch [53/100] | SVD update #53: pairs=465, sweeps=3, converged=False, rel_change=2.025e-02, effective_ranks=(316, 29), class_paired=True
Epoch [53/100] | Loss: 5.0109 (Cls: 4.9812, TAL: -0.0069, Adv: 0.3824, OT-Reg: 0.001089) | OT inner objective: -0.0234 | Marginal residual row/col/max: 1.03e-04/9.45e-09/1.03e-04 | Train Acc: 0.3326 | Val Acc: 0.1500 | Val P/R/F1 (Macro): 0.2351/0.2283/0.1740 | LR: 0.000001
Epoch [54/100] | SVD update #54: pairs=465, sweeps=3, converged=False, rel_change=9.713e-02, effective_ranks=(315, 35), class_paired=True
Epoch [54/100] | Loss: 5.0174 (Cls: 4.9973, TAL: -0.0014, Adv: 0.2527, OT-Reg: 0.001045) | OT inner objective: 0.0371 | Marginal residual row/col/max: 5.32e-06/1.14e-08/5.32e-06 | Train Acc: 0.3125 | Val Acc: 0.2667 | Val P/R/F1 (Macro): 0.2315/0.2376/0.1970 | LR: 0.000001
Epoch [55/100] | SVD update #55: pairs=465, sweeps=3, converged=False, rel_change=5.916e-02, effective_ranks=(315, 26), class_paired=True
Epoch [55/100] | Loss: 4.7339 (Cls: 4.7266, TAL: -0.1789, Adv: 0.3596, OT-Reg: 0.001054) | OT inner objective: -0.0331 | Marginal residual row/col/max: 2.07e-04/1.40e-08/2.07e-04 | Train Acc: 0.4397 | Val Acc: 0.4167 | Val P/R/F1 (Macro): 0.4008/0.3653/0.3234 | LR: 0.000001
Epoch [56/100] | SVD update #56: pairs=465, sweeps=3, converged=False, rel_change=9.442e-02, effective_ranks=(311, 29), class_paired=True
Epoch [56/100] | Loss: 4.5853 (Cls: 4.5624, TAL: -0.0823, Adv: 0.4106, OT-Reg: 0.001083) | OT inner objective: 0.0410 | Marginal residual row/col/max: 5.34e-05/1.26e-08/5.34e-05 | Train Acc: 0.4353 | Val Acc: 0.3500 | Val P/R/F1 (Macro): 0.4094/0.3373/0.3149 | LR: 0.000001
Epoch [57/100] | SVD update #57: pairs=465, sweeps=3, converged=False, rel_change=1.196e-02, effective_ranks=(315, 27), class_paired=True
Epoch [57/100] | Loss: 4.3890 (Cls: 4.3844, TAL: -0.1986, Adv: 0.3555, OT-Reg: 0.001040) | OT inner objective: 0.0005 | Marginal residual row/col/max: 2.66e-04/1.41e-08/2.66e-04 | Train Acc: 0.5134 | Val Acc: 0.4667 | Val P/R/F1 (Macro): 0.4213/0.4480/0.4156 | LR: 0.000001
Epoch [58/100] | SVD update #58: pairs=465, sweeps=3, converged=False, rel_change=2.228e-02, effective_ranks=(316, 29), class_paired=True
Epoch [58/100] | Loss: 4.1737 (Cls: 4.1683, TAL: -0.2391, Adv: 0.4261, OT-Reg: 0.001042) | OT inner objective: 0.0180 | Marginal residual row/col/max: 2.74e-04/1.13e-08/2.74e-04 | Train Acc: 0.4888 | Val Acc: 0.4583 | Val P/R/F1 (Macro): 0.4252/0.4419/0.4106 | LR: 0.000001
Epoch [59/100] | SVD update #59: pairs=465, sweeps=3, converged=False, rel_change=4.330e-02, effective_ranks=(313, 25), class_paired=True
Epoch [59/100] | Loss: 4.5032 (Cls: 4.5142, TAL: -0.2230, Adv: 0.1964, OT-Reg: 0.001087) | OT inner objective: -0.0135 | Marginal residual row/col/max: 4.30e-05/1.16e-08/4.30e-05 | Train Acc: 0.5312 | Val Acc: 0.2667 | Val P/R/F1 (Macro): 0.3570/0.3924/0.3059 | LR: 0.000001
Epoch [60/100] | SVD update #60: pairs=465, sweeps=3, converged=False, rel_change=4.694e-02, effective_ranks=(315, 28), class_paired=True
Epoch [60/100] | Loss: 4.2061 (Cls: 4.2150, TAL: -0.2518, Adv: 0.2662, OT-Reg: 0.001112) | OT inner objective: 0.0097 | Marginal residual row/col/max: 2.90e-05/9.98e-09/2.90e-05 | Train Acc: 0.5312 | Val Acc: 0.3917 | Val P/R/F1 (Macro): 0.4042/0.4262/0.3863 | LR: 0.000001
Epoch [61/100] | SVD update #61: pairs=465, sweeps=3, converged=False, rel_change=4.838e-02, effective_ranks=(317, 27), class_paired=True
Epoch [61/100] | Loss: 4.7654 (Cls: 4.7490, TAL: -0.2147, Adv: 0.5273, OT-Reg: 0.001052) | OT inner objective: -0.0119 | Marginal residual row/col/max: 9.41e-05/1.18e-08/9.41e-05 | Train Acc: 0.5045 | Val Acc: 0.2583 | Val P/R/F1 (Macro): 0.3552/0.3942/0.3129 | LR: 0.000001
Epoch [62/100] | SVD update #62: pairs=465, sweeps=3, converged=False, rel_change=4.191e-01, effective_ranks=(311, 38), class_paired=True
Epoch [62/100] | Loss: 5.7846 (Cls: 5.7490, TAL: -0.0454, Adv: 0.5130, OT-Reg: 0.001088) | OT inner objective: 0.0784 | Marginal residual row/col/max: 2.57e-07/1.09e-08/2.58e-07 | Train Acc: 0.3638 | Val Acc: 0.1667 | Val P/R/F1 (Macro): 0.2869/0.3300/0.2460 | LR: 0.000001
Epoch [63/100] | SVD update #63: pairs=465, sweeps=3, converged=False, rel_change=9.270e-03, effective_ranks=(315, 33), class_paired=True
Epoch [63/100] | Loss: 4.7405 (Cls: 4.7538, TAL: -0.2480, Adv: 0.2063, OT-Reg: 0.001093) | OT inner objective: -0.0495 | Marginal residual row/col/max: 1.10e-04/1.14e-08/1.10e-04 | Train Acc: 0.4420 | Val Acc: 0.0917 | Val P/R/F1 (Macro): 0.3306/0.2615/0.1819 | LR: 0.000001
Epoch [64/100] | SVD update #64: pairs=465, sweeps=3, converged=False, rel_change=6.163e-03, effective_ranks=(314, 30), class_paired=True
Epoch [64/100] | Loss: 4.6929 (Cls: 4.6853, TAL: -0.1467, Adv: 0.3141, OT-Reg: 0.001121) | OT inner objective: 0.0650 | Marginal residual row/col/max: 1.20e-05/1.13e-08/1.20e-05 | Train Acc: 0.3795 | Val Acc: 0.1333 | Val P/R/F1 (Macro): 0.2638/0.3950/0.2374 | LR: 0.000001
Epoch [65/100] | SVD update #65: pairs=465, sweeps=3, converged=False, rel_change=1.089e-02, effective_ranks=(315, 27), class_paired=True
Epoch [65/100] | Loss: 4.3907 (Cls: 4.3910, TAL: -0.2383, Adv: 0.3543, OT-Reg: 0.001091) | OT inner objective: 0.0157 | Marginal residual row/col/max: 1.19e-04/1.12e-08/1.19e-04 | Train Acc: 0.5312 | Val Acc: 0.1000 | Val P/R/F1 (Macro): 0.4006/0.2663/0.2327 | LR: 0.000001
Epoch [66/100] | SVD update #66: pairs=465, sweeps=3, converged=False, rel_change=2.266e-02, effective_ranks=(315, 31), class_paired=True
Epoch [66/100] | Loss: 4.6531 (Cls: 4.6408, TAL: -0.1486, Adv: 0.3763, OT-Reg: 0.001017) | OT inner objective: 0.0528 | Marginal residual row/col/max: 5.88e-06/1.37e-08/5.88e-06 | Train Acc: 0.5246 | Val Acc: 0.2083 | Val P/R/F1 (Macro): 0.3554/0.3934/0.2689 | LR: 0.000001
Epoch [67/100] | SVD update #67: pairs=465, sweeps=3, converged=False, rel_change=7.112e-02, effective_ranks=(314, 30), class_paired=True
Epoch [67/100] | Loss: 4.4361 (Cls: 4.4077, TAL: -0.1286, Adv: 0.5468, OT-Reg: 0.001061) | OT inner objective: 0.0488 | Marginal residual row/col/max: 1.63e-04/1.18e-08/1.63e-04 | Train Acc: 0.4665 | Val Acc: 0.1833 | Val P/R/F1 (Macro): 0.3794/0.3224/0.2522 | LR: 0.000001
Epoch [68/100] | SVD update #68: pairs=465, sweeps=3, converged=False, rel_change=6.841e-03, effective_ranks=(315, 29), class_paired=True
Epoch [68/100] | Loss: 4.2208 (Cls: 4.2235, TAL: -0.2025, Adv: 0.2698, OT-Reg: 0.000997) | OT inner objective: 0.0379 | Marginal residual row/col/max: 8.53e-05/1.64e-08/8.53e-05 | Train Acc: 0.5670 | Val Acc: 0.2000 | Val P/R/F1 (Macro): 0.3574/0.5205/0.3020 | LR: 0.000001
Epoch [69/100] | SVD update #69: pairs=465, sweeps=3, converged=False, rel_change=7.161e-03, effective_ranks=(316, 29), class_paired=True
Epoch [69/100] | Loss: 4.2999 (Cls: 4.2984, TAL: -0.2121, Adv: 0.3365, OT-Reg: 0.000993) | OT inner objective: 0.0176 | Marginal residual row/col/max: 1.70e-04/1.29e-08/1.70e-04 | Train Acc: 0.5692 | Val Acc: 0.1667 | Val P/R/F1 (Macro): 0.3975/0.3610/0.2349 | LR: 0.000001
Epoch [70/100] | SVD update #70: pairs=465, sweeps=3, converged=False, rel_change=2.088e-02, effective_ranks=(316, 28), class_paired=True
Epoch [70/100] | Loss: 3.9730 (Cls: 3.9835, TAL: -0.2610, Adv: 0.2610, OT-Reg: 0.000987) | OT inner objective: -0.0017 | Marginal residual row/col/max: 1.74e-05/1.69e-08/1.74e-05 | Train Acc: 0.5871 | Val Acc: 0.1833 | Val P/R/F1 (Macro): 0.4205/0.3285/0.2254 | LR: 0.000001
Epoch [71/100] | SVD update #71: pairs=465, sweeps=3, converged=False, rel_change=4.828e-03, effective_ranks=(313, 28), class_paired=True
Epoch [71/100] | Loss: 4.2351 (Cls: 4.2256, TAL: -0.2043, Adv: 0.4253, OT-Reg: 0.001017) | OT inner objective: -0.0037 | Marginal residual row/col/max: 6.60e-05/1.33e-08/6.60e-05 | Train Acc: 0.5781 | Val Acc: 0.1833 | Val P/R/F1 (Macro): 0.2947/0.3944/0.2547 | LR: 0.000001
Epoch [72/100] | SVD update #72: pairs=465, sweeps=3, converged=False, rel_change=4.428e-01, effective_ranks=(315, 36), class_paired=True
Epoch [72/100] | Loss: 5.0256 (Cls: 4.9885, TAL: -0.1035, Adv: 0.6188, OT-Reg: 0.001059) | OT inner objective: 0.0513 | Marginal residual row/col/max: 1.46e-05/1.34e-08/1.46e-05 | Train Acc: 0.3772 | Val Acc: 0.2917 | Val P/R/F1 (Macro): 0.2608/0.3597/0.2857 | LR: 0.000001
Epoch [73/100] | SVD update #73: pairs=465, sweeps=3, converged=False, rel_change=1.174e-01, effective_ranks=(313, 28), class_paired=True
Epoch [73/100] | Loss: 4.2378 (Cls: 4.2270, TAL: -0.2124, Adv: 0.4538, OT-Reg: 0.001028) | OT inner objective: -0.0568 | Marginal residual row/col/max: 1.81e-04/1.29e-08/1.81e-04 | Train Acc: 0.5536 | Val Acc: 0.2167 | Val P/R/F1 (Macro): 0.4663/0.4214/0.2794 | LR: 0.000001
Epoch [74/100] | SVD update #74: pairs=465, sweeps=3, converged=False, rel_change=1.316e-01, effective_ranks=(312, 29), class_paired=True
Epoch [74/100] | Loss: 4.2387 (Cls: 4.2370, TAL: -0.1987, Adv: 0.3192, OT-Reg: 0.001053) | OT inner objective: 0.0309 | Marginal residual row/col/max: 7.53e-05/1.16e-08/7.53e-05 | Train Acc: 0.5379 | Val Acc: 0.2833 | Val P/R/F1 (Macro): 0.4338/0.4381/0.3131 | LR: 0.000001
Epoch [75/100] | SVD update #75: pairs=465, sweeps=3, converged=False, rel_change=1.739e-01, effective_ranks=(310, 29), class_paired=True
Epoch [75/100] | Loss: 5.0046 (Cls: 4.9905, TAL: -0.1085, Adv: 0.3383, OT-Reg: 0.001018) | OT inner objective: 0.0296 | Marginal residual row/col/max: 9.80e-05/1.65e-08/9.80e-05 | Train Acc: 0.3125 | Val Acc: 0.1917 | Val P/R/F1 (Macro): 0.2552/0.3095/0.2189 | LR: 0.000001
Epoch [76/100] | SVD update #76: pairs=465, sweeps=3, converged=False, rel_change=1.481e-01, effective_ranks=(310, 29), class_paired=True
Epoch [76/100] | Loss: 5.0688 (Cls: 5.0481, TAL: -0.1761, Adv: 0.5222, OT-Reg: 0.001070) | OT inner objective: 0.0488 | Marginal residual row/col/max: 1.28e-04/1.09e-08/1.28e-04 | Train Acc: 0.3527 | Val Acc: 0.1583 | Val P/R/F1 (Macro): 0.2613/0.2901/0.1945 | LR: 0.000001
Epoch [77/100] | SVD update #77: pairs=465, sweeps=3, converged=False, rel_change=1.825e-02, effective_ranks=(309, 29), class_paired=True
Epoch [77/100] | Loss: 4.2802 (Cls: 4.2581, TAL: -0.2215, Adv: 0.6079, OT-Reg: 0.001072) | OT inner objective: -0.0228 | Marginal residual row/col/max: 1.74e-04/1.02e-08/1.74e-04 | Train Acc: 0.4509 | Val Acc: 0.4083 | Val P/R/F1 (Macro): 0.3070/0.3883/0.3069 | LR: 0.000001
Epoch [78/100] | SVD update #78: pairs=465, sweeps=3, converged=False, rel_change=1.678e-01, effective_ranks=(313, 30), class_paired=True
Epoch [78/100] | Loss: 4.3630 (Cls: 4.3677, TAL: -0.2571, Adv: 0.3271, OT-Reg: 0.001048) | OT inner objective: -0.0178 | Marginal residual row/col/max: 5.20e-05/1.10e-08/5.20e-05 | Train Acc: 0.5558 | Val Acc: 0.1583 | Val P/R/F1 (Macro): 0.3743/0.4389/0.2714 | LR: 0.000001
Epoch [79/100] | SVD update #79: pairs=465, sweeps=3, converged=False, rel_change=1.925e-01, effective_ranks=(312, 28), class_paired=True
Epoch [79/100] | Loss: 5.1587 (Cls: 5.1412, TAL: -0.1251, Adv: 0.4065, OT-Reg: 0.001047) | OT inner objective: -0.0175 | Marginal residual row/col/max: 2.00e-04/1.12e-08/2.00e-04 | Train Acc: 0.3906 | Val Acc: 0.1833 | Val P/R/F1 (Macro): 0.3001/0.3582/0.1967 | LR: 0.000001
Epoch [80/100] | SVD update #80: pairs=465, sweeps=3, converged=False, rel_change=1.661e-02, effective_ranks=(314, 31), class_paired=True
Epoch [80/100] | Loss: 4.1906 (Cls: 4.1785, TAL: -0.2832, Adv: 0.5767, OT-Reg: 0.001071) | OT inner objective: -0.0242 | Marginal residual row/col/max: 7.30e-05/1.17e-08/7.30e-05 | Train Acc: 0.4799 | Val Acc: 0.2333 | Val P/R/F1 (Macro): 0.4819/0.4335/0.3407 | LR: 0.000001
Epoch [81/100] | SVD update #81: pairs=465, sweeps=3, converged=False, rel_change=1.231e-02, effective_ranks=(316, 30), class_paired=True
Epoch [81/100] | Loss: 4.1197 (Cls: 4.1170, TAL: -0.2857, Adv: 0.4628, OT-Reg: 0.001039) | OT inner objective: -0.0760 | Marginal residual row/col/max: 1.28e-04/9.58e-09/1.28e-04 | Train Acc: 0.6094 | Val Acc: 0.1750 | Val P/R/F1 (Macro): 0.2846/0.3582/0.1768 | LR: 0.000001
Epoch [82/100] | SVD update #82: pairs=465, sweeps=3, converged=False, rel_change=2.297e-01, effective_ranks=(312, 29), class_paired=True
Epoch [82/100] | Loss: 4.9892 (Cls: 4.9638, TAL: -0.1935, Adv: 0.6083, OT-Reg: 0.001087) | OT inner objective: 0.0223 | Marginal residual row/col/max: 3.23e-05/1.17e-08/3.23e-05 | Train Acc: 0.3192 | Val Acc: 0.2167 | Val P/R/F1 (Macro): 0.2510/0.3453/0.2477 | LR: 0.000001
Epoch [83/100] | SVD update #83: pairs=465, sweeps=3, converged=False, rel_change=5.174e-02, effective_ranks=(314, 28), class_paired=True
Epoch [83/100] | Loss: 4.1669 (Cls: 4.1593, TAL: -0.2585, Adv: 0.4829, OT-Reg: 0.001039) | OT inner objective: -0.0385 | Marginal residual row/col/max: 1.16e-04/1.38e-08/1.16e-04 | Train Acc: 0.5826 | Val Acc: 0.2417 | Val P/R/F1 (Macro): 0.4024/0.5364/0.3623 | LR: 0.000001
Epoch [84/100] | SVD update #84: pairs=465, sweeps=3, converged=False, rel_change=4.422e-03, effective_ranks=(315, 29), class_paired=True
Epoch [84/100] | Loss: 3.8528 (Cls: 3.8552, TAL: -0.3015, Adv: 0.4219, OT-Reg: 0.001036) | OT inner objective: -0.0252 | Marginal residual row/col/max: 1.63e-04/1.70e-08/1.63e-04 | Train Acc: 0.6451 | Val Acc: 0.2250 | Val P/R/F1 (Macro): 0.3949/0.4964/0.3192 | LR: 0.000001
Epoch [85/100] | SVD update #85: pairs=465, sweeps=3, converged=False, rel_change=1.564e-01, effective_ranks=(313, 28), class_paired=True
Epoch [85/100] | Loss: 4.8000 (Cls: 4.7630, TAL: -0.1378, Adv: 0.6698, OT-Reg: 0.001089) | OT inner objective: -0.0147 | Marginal residual row/col/max: 2.67e-05/1.10e-08/2.67e-05 | Train Acc: 0.3772 | Val Acc: 0.2083 | Val P/R/F1 (Macro): 0.2839/0.3589/0.2327 | LR: 0.000001
Epoch [86/100] | SVD update #86: pairs=465, sweeps=3, converged=False, rel_change=2.349e-02, effective_ranks=(317, 31), class_paired=True
Epoch [86/100] | Loss: 5.1416 (Cls: 5.1099, TAL: -0.0835, Adv: 0.5208, OT-Reg: 0.000977) | OT inner objective: 0.0153 | Marginal residual row/col/max: 8.06e-05/1.88e-08/8.06e-05 | Train Acc: 0.2902 | Val Acc: 0.1833 | Val P/R/F1 (Macro): 0.1557/0.3379/0.2103 | LR: 0.000001
Epoch [87/100] | SVD update #87: pairs=465, sweeps=3, converged=False, rel_change=1.637e-01, effective_ranks=(308, 28), class_paired=True
Epoch [87/100] | Loss: 4.4470 (Cls: 4.4461, TAL: -0.2711, Adv: 0.4180, OT-Reg: 0.001042) | OT inner objective: 0.0360 | Marginal residual row/col/max: 9.44e-05/1.41e-08/9.44e-05 | Train Acc: 0.5737 | Val Acc: 0.1750 | Val P/R/F1 (Macro): 0.4014/0.3968/0.2574 | LR: 0.000001
Epoch [88/100] | SVD update #88: pairs=465, sweeps=3, converged=False, rel_change=1.636e-01, effective_ranks=(316, 28), class_paired=True
Epoch [88/100] | Loss: 5.9197 (Cls: 5.8949, TAL: -0.0611, Adv: 0.4014, OT-Reg: 0.000965) | OT inner objective: 0.0138 | Marginal residual row/col/max: 2.89e-06/1.52e-08/2.89e-06 | Train Acc: 0.2835 | Val Acc: 0.1333 | Val P/R/F1 (Macro): 0.2402/0.3006/0.1723 | LR: 0.000001
Epoch [89/100] | SVD update #89: pairs=465, sweeps=3, converged=False, rel_change=6.019e-03, effective_ranks=(315, 27), class_paired=True
Epoch [89/100] | Loss: 5.7426 (Cls: 5.7003, TAL: -0.1268, Adv: 0.7189, OT-Reg: 0.001064) | OT inner objective: 0.0718 | Marginal residual row/col/max: 2.28e-06/1.48e-08/2.28e-06 | Train Acc: 0.2857 | Val Acc: 0.1417 | Val P/R/F1 (Macro): 0.1520/0.3108/0.1948 | LR: 0.000001
Epoch [90/100] | SVD update #90: pairs=465, sweeps=3, converged=False, rel_change=5.799e-02, effective_ranks=(315, 27), class_paired=True
Epoch [90/100] | Loss: 5.3493 (Cls: 5.3400, TAL: -0.1495, Adv: 0.3403, OT-Reg: 0.001037) | OT inner objective: 0.0033 | Marginal residual row/col/max: 1.91e-05/1.30e-08/1.91e-05 | Train Acc: 0.3281 | Val Acc: 0.1750 | Val P/R/F1 (Macro): 0.2217/0.3396/0.1992 | LR: 0.000001
Epoch [91/100] | SVD update #91: pairs=465, sweeps=3, converged=False, rel_change=8.813e-02, effective_ranks=(315, 31), class_paired=True
Epoch [91/100] | Loss: 4.4225 (Cls: 4.4214, TAL: -0.3323, Adv: 0.5115, OT-Reg: 0.001085) | OT inner objective: -0.0025 | Marginal residual row/col/max: 1.89e-05/9.05e-09/1.89e-05 | Train Acc: 0.5312 | Val Acc: 0.1250 | Val P/R/F1 (Macro): 0.2654/0.2187/0.1294 | LR: 0.000001
Epoch [92/100] | SVD update #92: pairs=465, sweeps=3, converged=False, rel_change=3.189e-01, effective_ranks=(314, 32), class_paired=True
Epoch [92/100] | Loss: 4.6819 (Cls: 4.6709, TAL: -0.2099, Adv: 0.4533, OT-Reg: 0.001058) | OT inner objective: -0.0049 | Marginal residual row/col/max: 6.88e-05/1.20e-08/6.88e-05 | Train Acc: 0.3884 | Val Acc: 0.4083 | Val P/R/F1 (Macro): 0.2328/0.3383/0.2663 | LR: 0.000001
Epoch [93/100] | SVD update #93: pairs=465, sweeps=3, converged=False, rel_change=2.097e-01, effective_ranks=(315, 30), class_paired=True
Epoch [93/100] | Loss: 4.9235 (Cls: 4.9334, TAL: -0.2872, Adv: 0.3069, OT-Reg: 0.001080) | OT inner objective: -0.0477 | Marginal residual row/col/max: 1.97e-04/1.18e-08/1.97e-04 | Train Acc: 0.4598 | Val Acc: 0.3917 | Val P/R/F1 (Macro): 0.2960/0.4792/0.3095 | LR: 0.000001
Epoch [94/100] | SVD update #94: pairs=465, sweeps=3, converged=False, rel_change=1.026e-01, effective_ranks=(317, 29), class_paired=True
Epoch [94/100] | Loss: 5.7748 (Cls: 5.7614, TAL: -0.0965, Adv: 0.3123, OT-Reg: 0.001072) | OT inner objective: -0.0189 | Marginal residual row/col/max: 7.97e-05/1.33e-08/7.97e-05 | Train Acc: 0.3638 | Val Acc: 0.1833 | Val P/R/F1 (Macro): 0.2548/0.3279/0.1842 | LR: 0.000001
Epoch [95/100] | SVD update #95: pairs=465, sweeps=3, converged=False, rel_change=3.653e-02, effective_ranks=(317, 31), class_paired=True
Epoch [95/100] | Loss: 4.9142 (Cls: 4.8971, TAL: -0.1646, Adv: 0.4608, OT-Reg: 0.001058) | OT inner objective: -0.0065 | Marginal residual row/col/max: 4.98e-05/1.24e-08/4.98e-05 | Train Acc: 0.3661 | Val Acc: 0.2417 | Val P/R/F1 (Macro): 0.2909/0.3771/0.2396 | LR: 0.000001
Epoch [96/100] | SVD update #96: pairs=465, sweeps=3, converged=False, rel_change=1.158e-02, effective_ranks=(317, 28), class_paired=True
Epoch [96/100] | Loss: 5.0279 (Cls: 5.0098, TAL: -0.1435, Adv: 0.4410, OT-Reg: 0.001039) | OT inner objective: -0.0219 | Marginal residual row/col/max: 7.87e-05/1.16e-08/7.87e-05 | Train Acc: 0.3705 | Val Acc: 0.2417 | Val P/R/F1 (Macro): 0.1736/0.3938/0.2360 | LR: 0.000001
Epoch [97/100] | SVD update #97: pairs=465, sweeps=3, converged=False, rel_change=2.669e-01, effective_ranks=(316, 30), class_paired=True
Epoch [97/100] | Loss: 4.5295 (Cls: 4.5157, TAL: -0.3129, Adv: 0.6420, OT-Reg: 0.001042) | OT inner objective: -0.0329 | Marginal residual row/col/max: 2.09e-04/1.44e-08/2.09e-04 | Train Acc: 0.4777 | Val Acc: 0.1333 | Val P/R/F1 (Macro): 0.2138/0.3329/0.1355 | LR: 0.000001
Epoch [98/100] | SVD update #98: pairs=465, sweeps=3, converged=False, rel_change=2.467e-01, effective_ranks=(315, 33), class_paired=True
Epoch [98/100] | Loss: 4.7186 (Cls: 4.7034, TAL: -0.1510, Adv: 0.4160, OT-Reg: 0.001122) | OT inner objective: 0.0488 | Marginal residual row/col/max: 4.00e-05/1.17e-08/4.00e-05 | Train Acc: 0.3996 | Val Acc: 0.3500 | Val P/R/F1 (Macro): 0.3912/0.4060/0.3650 | LR: 0.000001
Epoch [99/100] | SVD update #99: pairs=465, sweeps=3, converged=False, rel_change=7.012e-02, effective_ranks=(315, 28), class_paired=True
Epoch [99/100] | Loss: 5.4772 (Cls: 5.4689, TAL: -0.1693, Adv: 0.3583, OT-Reg: 0.001032) | OT inner objective: -0.0242 | Marginal residual row/col/max: 1.04e-04/1.93e-08/1.04e-04 | Train Acc: 0.3504 | Val Acc: 0.1833 | Val P/R/F1 (Macro): 0.4007/0.3527/0.2157 | LR: 0.000001
Epoch [100/100] | SVD update #100: pairs=465, sweeps=3, converged=False, rel_change=1.156e-02, effective_ranks=(316, 28), class_paired=True
Epoch [100/100] | Loss: 4.9272 (Cls: 4.9272, TAL: -0.2171, Adv: 0.3252, OT-Reg: 0.001037) | OT inner objective: 0.0386 | Marginal residual row/col/max: 2.26e-05/1.06e-08/2.26e-05 | Train Acc: 0.3393 | Val Acc: 0.2417 | Val P/R/F1 (Macro): 0.2768/0.3795/0.2317 | LR: 0.000001
Report strategy: last_window, window=10, reported_acc=0.2500, best_acc=0.5250

迭代 4 报告指标:
  Accuracy: 0.2500
  Precision (Macro): 0.2796
  Recall (Macro): 0.3606
  F1 (Macro): 0.2313
  Precision (Micro): 0.2500
  Recall (Micro): 0.2500
  F1 (Micro): 0.2500
  Val class coverage: 8/14 (0.5714), samples=120

================================================================================
迭代 5/5
随机种子: 46
================================================================================
配对采样器已初始化，共 8 个共有类别。
Training mode: full target-label supervision (class-paired batches).
Feature fusion: Tensor alignment (512+512 -> 64+64); fused_dim=128
Domain adaptation: Neural OT generator with 3-domain discriminator
Loss weights: tensor=0.12, adv=0.08
Transport: mode=sinkhorn, epsilon=0.1, Sinkhorn iterations=50, correction scale=0.1, correction regularization weight=0.001
Tensor projection update: once per epoch from the complete target-training pairing bank; projection_dim=64, max_sweeps=3, relative singular-value tolerance=0.0001
Epoch [1/100] | SVD update #1: pairs=465, sweeps=3, converged=True, rel_change=1.778e-05, effective_ranks=(317, 177), class_paired=True
Epoch [1/100] | Loss: 6.7708 (Cls: 6.7643, TAL: -0.0912, Adv: 0.2184, OT-Reg: 0.001200) | OT inner objective: 0.2659 | Marginal residual row/col/max: 1.04e-08/2.04e-08/2.04e-08 | Train Acc: 0.3103 | Val Acc: 0.1000 | Val P/R/F1 (Macro): 0.1080/0.2440/0.0603 | LR: 0.000005
  >>> New Best Val Acc: 0.1000
Epoch [2/100] | SVD update #2: pairs=465, sweeps=3, converged=False, rel_change=4.979e-01, effective_ranks=(317, 65), class_paired=True
Epoch [2/100] | Loss: 6.5574 (Cls: 6.5503, TAL: -0.0959, Adv: 0.2328, OT-Reg: 0.001336) | OT inner objective: 0.2616 | Marginal residual row/col/max: 1.04e-08/1.62e-08/1.68e-08 | Train Acc: 0.3080 | Val Acc: 0.0833 | Val P/R/F1 (Macro): 0.2411/0.1814/0.0958 | LR: 0.000005
Epoch [3/100] | SVD update #3: pairs=465, sweeps=3, converged=False, rel_change=3.389e-01, effective_ranks=(317, 75), class_paired=True
Epoch [3/100] | Loss: 6.9885 (Cls: 6.9561, TAL: 0.1399, Adv: 0.1953, OT-Reg: 0.001065) | OT inner objective: 0.2005 | Marginal residual row/col/max: 2.12e-07/1.53e-08/2.13e-07 | Train Acc: 0.2344 | Val Acc: 0.1000 | Val P/R/F1 (Macro): 0.3039/0.2560/0.2092 | LR: 0.000005
Epoch [4/100] | SVD update #4: pairs=465, sweeps=3, converged=False, rel_change=2.691e-01, effective_ranks=(317, 57), class_paired=True
Epoch [4/100] | Loss: 7.1050 (Cls: 7.0907, TAL: -0.0391, Adv: 0.2380, OT-Reg: 0.001143) | OT inner objective: 0.2585 | Marginal residual row/col/max: 1.08e-08/1.92e-08/1.93e-08 | Train Acc: 0.1339 | Val Acc: 0.1167 | Val P/R/F1 (Macro): 0.0470/0.2341/0.0780 | LR: 0.000005
  >>> New Best Val Acc: 0.1167
Epoch [5/100] | SVD update #5: pairs=465, sweeps=3, converged=False, rel_change=5.899e-01, effective_ranks=(316, 29), class_paired=True
Epoch [5/100] | Loss: 6.5883 (Cls: 6.5650, TAL: 0.0353, Adv: 0.2379, OT-Reg: 0.001271) | OT inner objective: 0.2448 | Marginal residual row/col/max: 1.02e-08/1.46e-08/1.46e-08 | Train Acc: 0.2478 | Val Acc: 0.2500 | Val P/R/F1 (Macro): 0.4375/0.3400/0.2712 | LR: 0.000005
  >>> New Best Val Acc: 0.2500
Epoch [6/100] | SVD update #6: pairs=465, sweeps=3, converged=False, rel_change=1.220e+00, effective_ranks=(317, 32), class_paired=True
Epoch [6/100] | Loss: 6.3224 (Cls: 6.2973, TAL: 0.0906, Adv: 0.1779, OT-Reg: 0.001313) | OT inner objective: 0.2096 | Marginal residual row/col/max: 1.16e-08/1.50e-08/1.56e-08 | Train Acc: 0.2188 | Val Acc: 0.2250 | Val P/R/F1 (Macro): 0.2597/0.3770/0.2173 | LR: 0.000005
Epoch [7/100] | SVD update #7: pairs=465, sweeps=3, converged=False, rel_change=1.630e-01, effective_ranks=(317, 29), class_paired=True
Epoch [7/100] | Loss: 5.8681 (Cls: 5.8630, TAL: -0.0846, Adv: 0.1899, OT-Reg: 0.001271) | OT inner objective: 0.2020 | Marginal residual row/col/max: 1.08e-08/1.14e-08/1.24e-08 | Train Acc: 0.3147 | Val Acc: 0.2583 | Val P/R/F1 (Macro): 0.2441/0.3810/0.2415 | LR: 0.000005
  >>> New Best Val Acc: 0.2583
Epoch [8/100] | SVD update #8: pairs=465, sweeps=3, converged=False, rel_change=6.290e-02, effective_ranks=(317, 37), class_paired=True
Epoch [8/100] | Loss: 5.4328 (Cls: 5.4224, TAL: -0.0272, Adv: 0.1711, OT-Reg: 0.001367) | OT inner objective: 0.1926 | Marginal residual row/col/max: 1.02e-08/1.02e-08/1.17e-08 | Train Acc: 0.3661 | Val Acc: 0.4667 | Val P/R/F1 (Macro): 0.5620/0.6199/0.5041 | LR: 0.000005
  >>> New Best Val Acc: 0.4667
Epoch [9/100] | SVD update #9: pairs=465, sweeps=3, converged=False, rel_change=6.659e-01, effective_ranks=(317, 35), class_paired=True
Epoch [9/100] | Loss: 7.4424 (Cls: 7.4266, TAL: 0.0181, Adv: 0.1698, OT-Reg: 0.001311) | OT inner objective: 0.2155 | Marginal residual row/col/max: 1.02e-08/1.13e-08/1.21e-08 | Train Acc: 0.1518 | Val Acc: 0.3000 | Val P/R/F1 (Macro): 0.2231/0.3240/0.2064 | LR: 0.000005
Epoch [10/100] | SVD update #10: pairs=465, sweeps=3, converged=False, rel_change=3.803e-01, effective_ranks=(316, 35), class_paired=True
Epoch [10/100] | Loss: 6.8798 (Cls: 6.8668, TAL: -0.0109, Adv: 0.1786, OT-Reg: 0.001102) | OT inner objective: 0.1684 | Marginal residual row/col/max: 1.71e-05/2.24e-08/1.71e-05 | Train Acc: 0.1875 | Val Acc: 0.3917 | Val P/R/F1 (Macro): 0.3625/0.3661/0.2471 | LR: 0.000005
Epoch [11/100] | SVD update #11: pairs=465, sweeps=3, converged=False, rel_change=3.934e-01, effective_ranks=(316, 19), class_paired=True
Epoch [11/100] | Loss: 6.6938 (Cls: 6.6858, TAL: -0.0581, Adv: 0.1860, OT-Reg: 0.001268) | OT inner objective: 0.0491 | Marginal residual row/col/max: 2.36e-05/1.38e-08/2.36e-05 | Train Acc: 0.1451 | Val Acc: 0.0667 | Val P/R/F1 (Macro): 0.3007/0.1313/0.0728 | LR: 0.000005
Epoch [12/100] | SVD update #12: pairs=465, sweeps=3, converged=False, rel_change=1.023e-01, effective_ranks=(317, 19), class_paired=True
Epoch [12/100] | Loss: 6.7150 (Cls: 6.7385, TAL: -0.2990, Adv: 0.1542, OT-Reg: 0.001250) | OT inner objective: 0.0481 | Marginal residual row/col/max: 3.18e-06/1.30e-08/3.18e-06 | Train Acc: 0.1607 | Val Acc: 0.2417 | Val P/R/F1 (Macro): 0.3162/0.2037/0.1679 | LR: 0.000005
Epoch [13/100] | SVD update #13: pairs=465, sweeps=3, converged=False, rel_change=2.671e-01, effective_ranks=(317, 31), class_paired=True
Epoch [13/100] | Loss: 6.4361 (Cls: 6.4133, TAL: 0.0641, Adv: 0.1892, OT-Reg: 0.001299) | OT inner objective: 0.2104 | Marginal residual row/col/max: 1.22e-08/1.85e-08/2.08e-08 | Train Acc: 0.2589 | Val Acc: 0.2667 | Val P/R/F1 (Macro): 0.3099/0.3687/0.2093 | LR: 0.000005
Epoch [14/100] | SVD update #14: pairs=465, sweeps=3, converged=False, rel_change=3.581e-02, effective_ranks=(315, 21), class_paired=True
Epoch [14/100] | Loss: 6.3635 (Cls: 6.3715, TAL: -0.1804, Adv: 0.1708, OT-Reg: 0.001269) | OT inner objective: -0.0050 | Marginal residual row/col/max: 7.30e-05/1.20e-08/7.30e-05 | Train Acc: 0.2545 | Val Acc: 0.4833 | Val P/R/F1 (Macro): 0.3513/0.4265/0.3206 | LR: 0.000005
  >>> New Best Val Acc: 0.4833
Epoch [15/100] | SVD update #15: pairs=465, sweeps=3, converged=False, rel_change=7.437e-01, effective_ranks=(314, 33), class_paired=True
Epoch [15/100] | Loss: 7.4088 (Cls: 7.3888, TAL: -0.0031, Adv: 0.2546, OT-Reg: 0.001251) | OT inner objective: 0.1471 | Marginal residual row/col/max: 4.04e-05/1.49e-08/4.04e-05 | Train Acc: 0.2656 | Val Acc: 0.2167 | Val P/R/F1 (Macro): 0.1136/0.1192/0.1122 | LR: 0.000005
Epoch [16/100] | SVD update #16: pairs=465, sweeps=3, converged=False, rel_change=4.450e-02, effective_ranks=(316, 17), class_paired=True
Epoch [16/100] | Loss: 7.2323 (Cls: 7.2128, TAL: 0.0199, Adv: 0.2145, OT-Reg: 0.001173) | OT inner objective: -0.0187 | Marginal residual row/col/max: 8.92e-05/1.48e-08/8.92e-05 | Train Acc: 0.1652 | Val Acc: 0.1500 | Val P/R/F1 (Macro): 0.1296/0.1679/0.0910 | LR: 0.000005
Epoch [17/100] | SVD update #17: pairs=465, sweeps=3, converged=False, rel_change=2.255e-02, effective_ranks=(317, 14), class_paired=True
Epoch [17/100] | Loss: 6.4879 (Cls: 6.4596, TAL: 0.1043, Adv: 0.1973, OT-Reg: 0.001288) | OT inner objective: 0.1637 | Marginal residual row/col/max: 2.23e-06/1.18e-08/2.23e-06 | Train Acc: 0.1451 | Val Acc: 0.1250 | Val P/R/F1 (Macro): 0.4160/0.2687/0.1778 | LR: 0.000005
Epoch [18/100] | SVD update #18: pairs=465, sweeps=3, converged=False, rel_change=2.793e-01, effective_ranks=(317, 25), class_paired=True
Epoch [18/100] | Loss: 6.3567 (Cls: 6.3378, TAL: 0.0275, Adv: 0.1956, OT-Reg: 0.001324) | OT inner objective: 0.1000 | Marginal residual row/col/max: 7.56e-08/1.58e-08/7.96e-08 | Train Acc: 0.1674 | Val Acc: 0.1083 | Val P/R/F1 (Macro): 0.1776/0.1815/0.0958 | LR: 0.000005
Epoch [19/100] | SVD update #19: pairs=465, sweeps=3, converged=False, rel_change=1.636e-01, effective_ranks=(315, 17), class_paired=True
Epoch [19/100] | Loss: 6.3311 (Cls: 6.3126, TAL: -0.0028, Adv: 0.2351, OT-Reg: 0.001203) | OT inner objective: 0.0378 | Marginal residual row/col/max: 1.07e-05/1.61e-08/1.07e-05 | Train Acc: 0.2344 | Val Acc: 0.3583 | Val P/R/F1 (Macro): 0.2289/0.3672/0.2684 | LR: 0.000005
Epoch [20/100] | SVD update #20: pairs=465, sweeps=3, converged=False, rel_change=1.652e-01, effective_ranks=(317, 15), class_paired=True
Epoch [20/100] | Loss: 6.8178 (Cls: 6.8146, TAL: -0.1097, Adv: 0.2053, OT-Reg: 0.001153) | OT inner objective: -0.0295 | Marginal residual row/col/max: 5.78e-06/1.21e-08/5.78e-06 | Train Acc: 0.2210 | Val Acc: 0.0833 | Val P/R/F1 (Macro): 0.2038/0.3364/0.1335 | LR: 0.000005
Epoch [21/100] | SVD update #21: pairs=465, sweeps=3, converged=False, rel_change=2.947e-02, effective_ranks=(317, 13), class_paired=True
Epoch [21/100] | Loss: 6.2229 (Cls: 6.2352, TAL: -0.2116, Adv: 0.1642, OT-Reg: 0.001184) | OT inner objective: -0.1532 | Marginal residual row/col/max: 5.36e-05/1.69e-08/5.36e-05 | Train Acc: 0.2902 | Val Acc: 0.3167 | Val P/R/F1 (Macro): 0.1721/0.3257/0.1946 | LR: 0.000005
Epoch [22/100] | SVD update #22: pairs=465, sweeps=3, converged=False, rel_change=7.347e-02, effective_ranks=(316, 17), class_paired=True
Epoch [22/100] | Loss: 5.9061 (Cls: 5.9182, TAL: -0.1931, Adv: 0.1390, OT-Reg: 0.001262) | OT inner objective: -0.0815 | Marginal residual row/col/max: 8.97e-06/1.06e-08/8.97e-06 | Train Acc: 0.2991 | Val Acc: 0.1500 | Val P/R/F1 (Macro): 0.2598/0.4258/0.2452 | LR: 0.000005
Epoch [23/100] | SVD update #23: pairs=465, sweeps=3, converged=False, rel_change=7.973e-03, effective_ranks=(315, 15), class_paired=True
Epoch [23/100] | Loss: 5.6806 (Cls: 5.7117, TAL: -0.3584, Adv: 0.1500, OT-Reg: 0.001202) | OT inner objective: -0.1317 | Marginal residual row/col/max: 5.22e-05/1.08e-08/5.22e-05 | Train Acc: 0.3371 | Val Acc: 0.2167 | Val P/R/F1 (Macro): 0.6006/0.5193/0.3352 | LR: 0.000005
Epoch [24/100] | SVD update #24: pairs=465, sweeps=3, converged=False, rel_change=1.523e-02, effective_ranks=(316, 16), class_paired=True
Epoch [24/100] | Loss: 5.0869 (Cls: 5.1022, TAL: -0.2485, Adv: 0.1821, OT-Reg: 0.001265) | OT inner objective: -0.1415 | Marginal residual row/col/max: 1.03e-04/1.13e-08/1.03e-04 | Train Acc: 0.4621 | Val Acc: 0.2583 | Val P/R/F1 (Macro): 0.5147/0.5959/0.3991 | LR: 0.000005
Epoch [25/100] | SVD update #25: pairs=465, sweeps=3, converged=False, rel_change=5.426e-03, effective_ranks=(317, 20), class_paired=True
Epoch [25/100] | Loss: 5.0785 (Cls: 5.0931, TAL: -0.2208, Adv: 0.1486, OT-Reg: 0.001211) | OT inner objective: -0.1271 | Marginal residual row/col/max: 1.18e-04/1.12e-08/1.18e-04 | Train Acc: 0.4799 | Val Acc: 0.4000 | Val P/R/F1 (Macro): 0.4711/0.6476/0.4631 | LR: 0.000003
Epoch [26/100] | SVD update #26: pairs=465, sweeps=3, converged=False, rel_change=2.998e-02, effective_ranks=(314, 17), class_paired=True
Epoch [26/100] | Loss: 5.1968 (Cls: 5.2000, TAL: -0.1169, Adv: 0.1354, OT-Reg: 0.001245) | OT inner objective: 0.0007 | Marginal residual row/col/max: 5.57e-06/1.52e-08/5.57e-06 | Train Acc: 0.4531 | Val Acc: 0.1333 | Val P/R/F1 (Macro): 0.3945/0.4052/0.2225 | LR: 0.000003
Epoch [27/100] | SVD update #27: pairs=465, sweeps=3, converged=False, rel_change=1.503e-01, effective_ranks=(315, 21), class_paired=True
Epoch [27/100] | Loss: 5.1690 (Cls: 5.1648, TAL: -0.0831, Adv: 0.1772, OT-Reg: 0.001163) | OT inner objective: -0.0026 | Marginal residual row/col/max: 6.52e-05/1.30e-08/6.52e-05 | Train Acc: 0.4375 | Val Acc: 0.3833 | Val P/R/F1 (Macro): 0.4579/0.5494/0.4009 | LR: 0.000003
Epoch [28/100] | SVD update #28: pairs=465, sweeps=3, converged=False, rel_change=8.375e-02, effective_ranks=(314, 21), class_paired=True
Epoch [28/100] | Loss: 4.9820 (Cls: 4.9878, TAL: -0.2099, Adv: 0.2422, OT-Reg: 0.001163) | OT inner objective: -0.0451 | Marginal residual row/col/max: 6.54e-05/1.40e-08/6.54e-05 | Train Acc: 0.4643 | Val Acc: 0.1500 | Val P/R/F1 (Macro): 0.2221/0.4255/0.2347 | LR: 0.000003
Epoch [29/100] | SVD update #29: pairs=465, sweeps=3, converged=False, rel_change=3.471e-03, effective_ranks=(316, 21), class_paired=True
Epoch [29/100] | Loss: 4.8036 (Cls: 4.8134, TAL: -0.2124, Adv: 0.1963, OT-Reg: 0.001222) | OT inner objective: -0.1012 | Marginal residual row/col/max: 7.33e-05/1.26e-08/7.33e-05 | Train Acc: 0.4643 | Val Acc: 0.4250 | Val P/R/F1 (Macro): 0.4840/0.5824/0.4701 | LR: 0.000003
Epoch [30/100] | SVD update #30: pairs=465, sweeps=3, converged=False, rel_change=9.539e-03, effective_ranks=(315, 23), class_paired=True
Epoch [30/100] | Loss: 4.9115 (Cls: 4.9177, TAL: -0.1860, Adv: 0.2017, OT-Reg: 0.001053) | OT inner objective: -0.0087 | Marginal residual row/col/max: 3.19e-04/1.82e-08/3.19e-04 | Train Acc: 0.5156 | Val Acc: 0.2417 | Val P/R/F1 (Macro): 0.3459/0.4687/0.3367 | LR: 0.000003
Epoch [31/100] | SVD update #31: pairs=465, sweeps=3, converged=False, rel_change=1.170e-02, effective_ranks=(314, 23), class_paired=True
Epoch [31/100] | Loss: 4.7119 (Cls: 4.7223, TAL: -0.2042, Adv: 0.1773, OT-Reg: 0.001189) | OT inner objective: -0.0706 | Marginal residual row/col/max: 5.95e-05/1.77e-08/5.95e-05 | Train Acc: 0.5335 | Val Acc: 0.1250 | Val P/R/F1 (Macro): 0.2166/0.3842/0.2220 | LR: 0.000003
Epoch [32/100] | SVD update #32: pairs=465, sweeps=3, converged=False, rel_change=6.585e-03, effective_ranks=(316, 22), class_paired=True
Epoch [32/100] | Loss: 4.5204 (Cls: 4.5295, TAL: -0.2392, Adv: 0.2441, OT-Reg: 0.001259) | OT inner objective: -0.1907 | Marginal residual row/col/max: 2.41e-04/1.06e-08/2.41e-04 | Train Acc: 0.5201 | Val Acc: 0.2333 | Val P/R/F1 (Macro): 0.4289/0.4911/0.3309 | LR: 0.000003
Epoch [33/100] | SVD update #33: pairs=465, sweeps=3, converged=False, rel_change=1.010e-02, effective_ranks=(317, 25), class_paired=True
Epoch [33/100] | Loss: 4.6305 (Cls: 4.6374, TAL: -0.1945, Adv: 0.2055, OT-Reg: 0.001262) | OT inner objective: -0.0790 | Marginal residual row/col/max: 6.75e-05/1.08e-08/6.75e-05 | Train Acc: 0.5045 | Val Acc: 0.1917 | Val P/R/F1 (Macro): 0.3199/0.3026/0.2114 | LR: 0.000003
Epoch [34/100] | SVD update #34: pairs=465, sweeps=3, converged=False, rel_change=1.060e-01, effective_ranks=(315, 24), class_paired=True
Epoch [34/100] | Loss: 6.9110 (Cls: 6.9121, TAL: -0.1654, Adv: 0.2350, OT-Reg: 0.001245) | OT inner objective: -0.0393 | Marginal residual row/col/max: 1.38e-04/1.21e-08/1.38e-04 | Train Acc: 0.2679 | Val Acc: 0.1667 | Val P/R/F1 (Macro): 0.1485/0.1735/0.1071 | LR: 0.000003
Epoch [35/100] | SVD update #35: pairs=465, sweeps=3, converged=False, rel_change=1.119e-01, effective_ranks=(317, 29), class_paired=True
Epoch [35/100] | Loss: 7.8279 (Cls: 7.8120, TAL: 0.0106, Adv: 0.1833, OT-Reg: 0.001208) | OT inner objective: 0.1015 | Marginal residual row/col/max: 1.04e-05/1.21e-08/1.04e-05 | Train Acc: 0.1473 | Val Acc: 0.0500 | Val P/R/F1 (Macro): 0.0443/0.0789/0.0371 | LR: 0.000003
Epoch [36/100] | SVD update #36: pairs=465, sweeps=3, converged=False, rel_change=5.463e-02, effective_ranks=(316, 21), class_paired=True
Epoch [36/100] | Loss: 6.0250 (Cls: 6.0214, TAL: -0.0917, Adv: 0.1825, OT-Reg: 0.001305) | OT inner objective: 0.0159 | Marginal residual row/col/max: 1.58e-05/1.09e-08/1.58e-05 | Train Acc: 0.3438 | Val Acc: 0.2250 | Val P/R/F1 (Macro): 0.2250/0.5272/0.2660 | LR: 0.000001
Epoch [37/100] | SVD update #37: pairs=465, sweeps=3, converged=False, rel_change=5.179e-02, effective_ranks=(315, 23), class_paired=True
Epoch [37/100] | Loss: 9.5623 (Cls: 9.5618, TAL: -0.1891, Adv: 0.2895, OT-Reg: 0.001316) | OT inner objective: 0.0174 | Marginal residual row/col/max: 1.87e-07/9.98e-09/1.87e-07 | Train Acc: 0.0670 | Val Acc: 0.0917 | Val P/R/F1 (Macro): 0.2471/0.1631/0.0728 | LR: 0.000001
Epoch [38/100] | SVD update #38: pairs=465, sweeps=3, converged=False, rel_change=2.846e-01, effective_ranks=(317, 18), class_paired=True
Epoch [38/100] | Loss: 7.4035 (Cls: 7.3971, TAL: -0.1358, Adv: 0.2837, OT-Reg: 0.001086) | OT inner objective: 0.0023 | Marginal residual row/col/max: 4.57e-07/2.33e-08/4.57e-07 | Train Acc: 0.2054 | Val Acc: 0.2250 | Val P/R/F1 (Macro): 0.1611/0.1840/0.1299 | LR: 0.000001
Epoch [39/100] | SVD update #39: pairs=465, sweeps=3, converged=False, rel_change=6.593e-02, effective_ranks=(317, 16), class_paired=True
Epoch [39/100] | Loss: 6.6516 (Cls: 6.6493, TAL: -0.1121, Adv: 0.1970, OT-Reg: 0.001146) | OT inner objective: 0.0395 | Marginal residual row/col/max: 2.14e-07/1.58e-08/2.14e-07 | Train Acc: 0.2411 | Val Acc: 0.1583 | Val P/R/F1 (Macro): 0.0814/0.3012/0.1263 | LR: 0.000001
Epoch [40/100] | SVD update #40: pairs=465, sweeps=3, converged=False, rel_change=4.417e-02, effective_ranks=(314, 18), class_paired=True
Epoch [40/100] | Loss: 6.0714 (Cls: 6.0814, TAL: -0.1878, Adv: 0.1562, OT-Reg: 0.000966) | OT inner objective: 0.0385 | Marginal residual row/col/max: 5.34e-06/2.62e-08/5.34e-06 | Train Acc: 0.2455 | Val Acc: 0.1500 | Val P/R/F1 (Macro): 0.1899/0.2661/0.2080 | LR: 0.000001
Epoch [41/100] | SVD update #41: pairs=465, sweeps=3, converged=False, rel_change=1.685e-01, effective_ranks=(316, 20), class_paired=True
Epoch [41/100] | Loss: 5.8935 (Cls: 5.8798, TAL: -0.0834, Adv: 0.2960, OT-Reg: 0.001118) | OT inner objective: 0.0341 | Marginal residual row/col/max: 8.13e-05/2.69e-08/8.13e-05 | Train Acc: 0.2656 | Val Acc: 0.2417 | Val P/R/F1 (Macro): 0.3202/0.3799/0.3131 | LR: 0.000001
Epoch [42/100] | SVD update #42: pairs=465, sweeps=3, converged=False, rel_change=8.099e-02, effective_ranks=(316, 21), class_paired=True
Epoch [42/100] | Loss: 5.6180 (Cls: 5.6166, TAL: -0.1234, Adv: 0.2030, OT-Reg: 0.001183) | OT inner objective: -0.0275 | Marginal residual row/col/max: 3.73e-05/1.97e-08/3.73e-05 | Train Acc: 0.3683 | Val Acc: 0.1917 | Val P/R/F1 (Macro): 0.2771/0.4766/0.2976 | LR: 0.000001
Epoch [43/100] | SVD update #43: pairs=465, sweeps=3, converged=False, rel_change=9.542e-02, effective_ranks=(316, 21), class_paired=True
Epoch [43/100] | Loss: 5.7197 (Cls: 5.7024, TAL: -0.1014, Adv: 0.3691, OT-Reg: 0.001265) | OT inner objective: 0.0521 | Marginal residual row/col/max: 8.23e-06/1.37e-08/8.23e-06 | Train Acc: 0.3728 | Val Acc: 0.1417 | Val P/R/F1 (Macro): 0.2789/0.4602/0.2652 | LR: 0.000001
Epoch [44/100] | SVD update #44: pairs=465, sweeps=3, converged=False, rel_change=9.811e-02, effective_ranks=(316, 21), class_paired=True
Epoch [44/100] | Loss: 5.7711 (Cls: 5.7605, TAL: -0.1094, Adv: 0.2968, OT-Reg: 0.001289) | OT inner objective: 0.0317 | Marginal residual row/col/max: 1.98e-06/1.24e-08/1.98e-06 | Train Acc: 0.2411 | Val Acc: 0.1667 | Val P/R/F1 (Macro): 0.2598/0.3160/0.2423 | LR: 0.000001
Epoch [45/100] | SVD update #45: pairs=465, sweeps=3, converged=False, rel_change=3.208e-02, effective_ranks=(317, 21), class_paired=True
Epoch [45/100] | Loss: 5.0934 (Cls: 5.1023, TAL: -0.2486, Adv: 0.2622, OT-Reg: 0.001209) | OT inner objective: -0.0377 | Marginal residual row/col/max: 7.14e-05/2.30e-08/7.14e-05 | Train Acc: 0.4688 | Val Acc: 0.2000 | Val P/R/F1 (Macro): 0.3170/0.4983/0.2819 | LR: 0.000001
Epoch [46/100] | SVD update #46: pairs=465, sweeps=3, converged=False, rel_change=1.229e-01, effective_ranks=(317, 19), class_paired=True
Epoch [46/100] | Loss: 5.2673 (Cls: 5.2519, TAL: -0.1111, Adv: 0.3593, OT-Reg: 0.001194) | OT inner objective: 0.0200 | Marginal residual row/col/max: 3.20e-05/1.53e-08/3.20e-05 | Train Acc: 0.3817 | Val Acc: 0.1500 | Val P/R/F1 (Macro): 0.2415/0.3875/0.2554 | LR: 0.000001
Epoch [47/100] | SVD update #47: pairs=465, sweeps=3, converged=False, rel_change=4.691e-01, effective_ranks=(316, 17), class_paired=True
Epoch [47/100] | Loss: 6.1983 (Cls: 6.1658, TAL: 0.0268, Adv: 0.3658, OT-Reg: 0.001242) | OT inner objective: 0.1100 | Marginal residual row/col/max: 5.20e-08/1.29e-08/5.39e-08 | Train Acc: 0.2210 | Val Acc: 0.1750 | Val P/R/F1 (Macro): 0.1427/0.2357/0.1266 | LR: 0.000001
Epoch [48/100] | SVD update #48: pairs=465, sweeps=3, converged=False, rel_change=2.265e-02, effective_ranks=(317, 17), class_paired=True
Epoch [48/100] | Loss: 6.3966 (Cls: 6.3642, TAL: 0.0815, Adv: 0.2829, OT-Reg: 0.001185) | OT inner objective: 0.0042 | Marginal residual row/col/max: 5.37e-07/1.74e-08/5.38e-07 | Train Acc: 0.2031 | Val Acc: 0.0667 | Val P/R/F1 (Macro): 0.0923/0.1499/0.0771 | LR: 0.000001
Epoch [49/100] | SVD update #49: pairs=465, sweeps=3, converged=False, rel_change=1.220e-02, effective_ranks=(317, 18), class_paired=True
Epoch [49/100] | Loss: 5.9346 (Cls: 5.8838, TAL: 0.1110, Adv: 0.4693, OT-Reg: 0.001217) | OT inner objective: 0.0153 | Marginal residual row/col/max: 8.87e-08/1.89e-08/9.13e-08 | Train Acc: 0.2165 | Val Acc: 0.0833 | Val P/R/F1 (Macro): 0.0962/0.1542/0.1029 | LR: 0.000001
Epoch [50/100] | SVD update #50: pairs=465, sweeps=3, converged=False, rel_change=1.210e-02, effective_ranks=(317, 16), class_paired=True
Epoch [50/100] | Loss: 6.1358 (Cls: 6.0811, TAL: 0.1516, Adv: 0.4558, OT-Reg: 0.001228) | OT inner objective: -0.0281 | Marginal residual row/col/max: 2.37e-07/1.94e-08/2.39e-07 | Train Acc: 0.2254 | Val Acc: 0.0833 | Val P/R/F1 (Macro): 0.0967/0.1707/0.0856 | LR: 0.000001
Epoch [51/100] | SVD update #51: pairs=465, sweeps=3, converged=False, rel_change=4.503e-03, effective_ranks=(317, 17), class_paired=True
Epoch [51/100] | Loss: 5.8648 (Cls: 5.8272, TAL: 0.0785, Adv: 0.3531, OT-Reg: 0.001054) | OT inner objective: 0.0130 | Marginal residual row/col/max: 2.58e-06/2.94e-08/2.59e-06 | Train Acc: 0.2411 | Val Acc: 0.1583 | Val P/R/F1 (Macro): 0.1552/0.2069/0.1302 | LR: 0.000001
Epoch [52/100] | SVD update #52: pairs=465, sweeps=3, converged=False, rel_change=1.132e-02, effective_ranks=(317, 18), class_paired=True
Epoch [52/100] | Loss: 5.7858 (Cls: 5.7487, TAL: 0.0414, Adv: 0.4014, OT-Reg: 0.001063) | OT inner objective: -0.0097 | Marginal residual row/col/max: 8.03e-07/2.20e-08/8.05e-07 | Train Acc: 0.2388 | Val Acc: 0.0833 | Val P/R/F1 (Macro): 0.0865/0.1599/0.0864 | LR: 0.000001
Epoch [53/100] | SVD update #53: pairs=465, sweeps=3, converged=False, rel_change=2.911e-02, effective_ranks=(317, 17), class_paired=True
Epoch [53/100] | Loss: 5.9751 (Cls: 5.9419, TAL: 0.0403, Adv: 0.3544, OT-Reg: 0.001036) | OT inner objective: 0.0313 | Marginal residual row/col/max: 9.58e-06/1.90e-08/9.58e-06 | Train Acc: 0.2210 | Val Acc: 0.1000 | Val P/R/F1 (Macro): 0.1583/0.2048/0.1165 | LR: 0.000001
Epoch [54/100] | SVD update #54: pairs=465, sweeps=3, converged=False, rel_change=4.547e-02, effective_ranks=(316, 16), class_paired=True
Epoch [54/100] | Loss: 6.2619 (Cls: 6.2128, TAL: 0.0645, Adv: 0.5179, OT-Reg: 0.001134) | OT inner objective: -0.0384 | Marginal residual row/col/max: 1.01e-04/1.41e-08/1.01e-04 | Train Acc: 0.2411 | Val Acc: 0.1000 | Val P/R/F1 (Macro): 0.1131/0.2175/0.1272 | LR: 0.000001
Epoch [55/100] | SVD update #55: pairs=465, sweeps=3, converged=False, rel_change=4.834e-02, effective_ranks=(317, 18), class_paired=True
Epoch [55/100] | Loss: 5.9128 (Cls: 5.8740, TAL: 0.0794, Adv: 0.3661, OT-Reg: 0.001104) | OT inner objective: 0.0023 | Marginal residual row/col/max: 2.76e-05/1.93e-08/2.76e-05 | Train Acc: 0.1741 | Val Acc: 0.1833 | Val P/R/F1 (Macro): 0.2310/0.2436/0.1608 | LR: 0.000001
Epoch [56/100] | SVD update #56: pairs=465, sweeps=3, converged=False, rel_change=1.121e-02, effective_ranks=(317, 21), class_paired=True
Epoch [56/100] | Loss: 5.9085 (Cls: 5.8752, TAL: 0.0317, Adv: 0.3690, OT-Reg: 0.001195) | OT inner objective: 0.0281 | Marginal residual row/col/max: 8.76e-07/2.26e-08/8.80e-07 | Train Acc: 0.1964 | Val Acc: 0.1333 | Val P/R/F1 (Macro): 0.1574/0.1897/0.1512 | LR: 0.000001
Epoch [57/100] | SVD update #57: pairs=465, sweeps=3, converged=False, rel_change=1.473e-02, effective_ranks=(314, 22), class_paired=True
Epoch [57/100] | Loss: 5.6354 (Cls: 5.6008, TAL: 0.0468, Adv: 0.3632, OT-Reg: 0.001081) | OT inner objective: 0.0382 | Marginal residual row/col/max: 6.38e-05/2.63e-08/6.38e-05 | Train Acc: 0.2277 | Val Acc: 0.2083 | Val P/R/F1 (Macro): 0.2719/0.2187/0.1779 | LR: 0.000001
Epoch [58/100] | SVD update #58: pairs=465, sweeps=3, converged=False, rel_change=1.039e-02, effective_ranks=(317, 19), class_paired=True
Epoch [58/100] | Loss: 5.6545 (Cls: 5.6196, TAL: 0.0754, Adv: 0.3228, OT-Reg: 0.001138) | OT inner objective: 0.0121 | Marginal residual row/col/max: 1.48e-05/2.37e-08/1.48e-05 | Train Acc: 0.2679 | Val Acc: 0.2000 | Val P/R/F1 (Macro): 0.2437/0.2400/0.1970 | LR: 0.000001
Epoch [59/100] | SVD update #59: pairs=465, sweeps=3, converged=False, rel_change=3.064e-03, effective_ranks=(317, 18), class_paired=True
Epoch [59/100] | Loss: 5.6224 (Cls: 5.5903, TAL: 0.0107, Adv: 0.3856, OT-Reg: 0.001093) | OT inner objective: -0.0229 | Marginal residual row/col/max: 1.30e-06/2.63e-08/1.30e-06 | Train Acc: 0.3304 | Val Acc: 0.0917 | Val P/R/F1 (Macro): 0.0990/0.1936/0.0944 | LR: 0.000001
Epoch [60/100] | SVD update #60: pairs=465, sweeps=3, converged=False, rel_change=1.274e-01, effective_ranks=(317, 18), class_paired=True
Epoch [60/100] | Loss: 7.6105 (Cls: 7.5858, TAL: 0.0122, Adv: 0.2896, OT-Reg: 0.001276) | OT inner objective: -0.0883 | Marginal residual row/col/max: 6.24e-05/1.06e-08/6.24e-05 | Train Acc: 0.2634 | Val Acc: 0.0917 | Val P/R/F1 (Macro): 0.1356/0.1486/0.0762 | LR: 0.000001
Epoch [61/100] | SVD update #61: pairs=465, sweeps=3, converged=False, rel_change=8.793e-02, effective_ranks=(315, 18), class_paired=True
Epoch [61/100] | Loss: 5.5863 (Cls: 5.5563, TAL: 0.0241, Adv: 0.3386, OT-Reg: 0.001142) | OT inner objective: -0.0136 | Marginal residual row/col/max: 1.79e-06/1.90e-08/1.79e-06 | Train Acc: 0.2835 | Val Acc: 0.1333 | Val P/R/F1 (Macro): 0.1750/0.1925/0.1125 | LR: 0.000001
Epoch [62/100] | SVD update #62: pairs=465, sweeps=3, converged=False, rel_change=8.465e-03, effective_ranks=(316, 17), class_paired=True
Epoch [62/100] | Loss: 5.3957 (Cls: 5.3560, TAL: 0.0343, Adv: 0.4443, OT-Reg: 0.001159) | OT inner objective: 0.0099 | Marginal residual row/col/max: 8.84e-06/2.17e-08/8.84e-06 | Train Acc: 0.3013 | Val Acc: 0.1500 | Val P/R/F1 (Macro): 0.1282/0.2182/0.1191 | LR: 0.000001
Epoch [63/100] | SVD update #63: pairs=465, sweeps=3, converged=False, rel_change=1.237e-02, effective_ranks=(316, 17), class_paired=True
Epoch [63/100] | Loss: 5.4216 (Cls: 5.3947, TAL: 0.0355, Adv: 0.2830, OT-Reg: 0.000965) | OT inner objective: -0.0074 | Marginal residual row/col/max: 2.64e-05/2.95e-08/2.64e-05 | Train Acc: 0.3080 | Val Acc: 0.1667 | Val P/R/F1 (Macro): 0.1448/0.2173/0.1280 | LR: 0.000001
Epoch [64/100] | SVD update #64: pairs=465, sweeps=3, converged=False, rel_change=5.971e-02, effective_ranks=(317, 16), class_paired=True
Epoch [64/100] | Loss: 6.3224 (Cls: 6.2580, TAL: 0.1346, Adv: 0.6034, OT-Reg: 0.000883) | OT inner objective: -0.0430 | Marginal residual row/col/max: 5.41e-06/3.99e-08/5.41e-06 | Train Acc: 0.2656 | Val Acc: 0.3083 | Val P/R/F1 (Macro): 0.1757/0.2708/0.1978 | LR: 0.000001
Epoch [65/100] | SVD update #65: pairs=465, sweeps=3, converged=False, rel_change=3.220e-02, effective_ranks=(317, 16), class_paired=True
Epoch [65/100] | Loss: 5.4487 (Cls: 5.4205, TAL: -0.0297, Adv: 0.3976, OT-Reg: 0.000938) | OT inner objective: 0.0069 | Marginal residual row/col/max: 1.54e-04/3.54e-08/1.54e-04 | Train Acc: 0.2835 | Val Acc: 0.1333 | Val P/R/F1 (Macro): 0.1409/0.1987/0.1209 | LR: 0.000001
Epoch [66/100] | SVD update #66: pairs=465, sweeps=3, converged=False, rel_change=1.200e-01, effective_ranks=(315, 15), class_paired=True
Epoch [66/100] | Loss: 6.2246 (Cls: 6.1789, TAL: 0.0794, Adv: 0.4526, OT-Reg: 0.001001) | OT inner objective: 0.0285 | Marginal residual row/col/max: 4.53e-06/1.73e-08/4.53e-06 | Train Acc: 0.2634 | Val Acc: 0.0750 | Val P/R/F1 (Macro): 0.0850/0.1455/0.0666 | LR: 0.000001
Epoch [67/100] | SVD update #67: pairs=465, sweeps=3, converged=False, rel_change=6.676e-04, effective_ranks=(316, 15), class_paired=True
Epoch [67/100] | Loss: 5.9660 (Cls: 5.9215, TAL: 0.0491, Adv: 0.4827, OT-Reg: 0.000965) | OT inner objective: -0.0674 | Marginal residual row/col/max: 4.64e-05/1.85e-08/4.64e-05 | Train Acc: 0.2790 | Val Acc: 0.1583 | Val P/R/F1 (Macro): 0.1588/0.2054/0.1319 | LR: 0.000001
Epoch [68/100] | SVD update #68: pairs=465, sweeps=3, converged=False, rel_change=1.285e-02, effective_ranks=(316, 20), class_paired=True
Epoch [68/100] | Loss: 5.7469 (Cls: 5.7116, TAL: 0.0552, Adv: 0.3586, OT-Reg: 0.001153) | OT inner objective: -0.0589 | Marginal residual row/col/max: 1.30e-04/1.53e-08/1.30e-04 | Train Acc: 0.2946 | Val Acc: 0.1250 | Val P/R/F1 (Macro): 0.1975/0.2318/0.1587 | LR: 0.000001
Epoch [69/100] | SVD update #69: pairs=465, sweeps=3, converged=False, rel_change=1.372e-02, effective_ranks=(315, 16), class_paired=True
Epoch [69/100] | Loss: 5.7877 (Cls: 5.7558, TAL: 0.0145, Adv: 0.3771, OT-Reg: 0.000979) | OT inner objective: -0.0430 | Marginal residual row/col/max: 1.56e-04/1.70e-08/1.56e-04 | Train Acc: 0.2835 | Val Acc: 0.1000 | Val P/R/F1 (Macro): 0.1591/0.2090/0.1324 | LR: 0.000001
Epoch [70/100] | SVD update #70: pairs=465, sweeps=3, converged=False, rel_change=1.444e-02, effective_ranks=(316, 19), class_paired=True
Epoch [70/100] | Loss: 5.6079 (Cls: 5.5735, TAL: 0.0082, Adv: 0.4186, OT-Reg: 0.001071) | OT inner objective: -0.0212 | Marginal residual row/col/max: 9.43e-05/1.49e-08/9.43e-05 | Train Acc: 0.2723 | Val Acc: 0.1833 | Val P/R/F1 (Macro): 0.1683/0.2198/0.1564 | LR: 0.000001
Epoch [71/100] | SVD update #71: pairs=465, sweeps=3, converged=False, rel_change=7.442e-04, effective_ranks=(316, 19), class_paired=True
Epoch [71/100] | Loss: 5.6617 (Cls: 5.6236, TAL: 0.0499, Adv: 0.4016, OT-Reg: 0.000985) | OT inner objective: -0.0423 | Marginal residual row/col/max: 1.45e-04/2.95e-08/1.45e-04 | Train Acc: 0.2478 | Val Acc: 0.2667 | Val P/R/F1 (Macro): 0.2682/0.2788/0.2199 | LR: 0.000001
Epoch [72/100] | SVD update #72: pairs=465, sweeps=3, converged=False, rel_change=2.270e-02, effective_ranks=(316, 20), class_paired=True
Epoch [72/100] | Loss: 5.6352 (Cls: 5.6047, TAL: 0.0418, Adv: 0.3193, OT-Reg: 0.001129) | OT inner objective: 0.0203 | Marginal residual row/col/max: 3.80e-05/1.81e-08/3.80e-05 | Train Acc: 0.2656 | Val Acc: 0.1583 | Val P/R/F1 (Macro): 0.1925/0.2051/0.1442 | LR: 0.000001
Epoch [73/100] | SVD update #73: pairs=465, sweeps=3, converged=False, rel_change=1.600e-02, effective_ranks=(317, 19), class_paired=True
Epoch [73/100] | Loss: 5.5275 (Cls: 5.4886, TAL: -0.0048, Adv: 0.4939, OT-Reg: 0.001214) | OT inner objective: -0.0701 | Marginal residual row/col/max: 1.32e-04/2.14e-08/1.32e-04 | Train Acc: 0.2879 | Val Acc: 0.1250 | Val P/R/F1 (Macro): 0.1636/0.1965/0.1201 | LR: 0.000001
Epoch [74/100] | SVD update #74: pairs=465, sweeps=3, converged=False, rel_change=1.007e-01, effective_ranks=(317, 20), class_paired=True
Epoch [74/100] | Loss: 7.5433 (Cls: 7.5225, TAL: -0.0340, Adv: 0.3114, OT-Reg: 0.001159) | OT inner objective: 0.0009 | Marginal residual row/col/max: 5.39e-05/1.49e-08/5.39e-05 | Train Acc: 0.2210 | Val Acc: 0.0667 | Val P/R/F1 (Macro): 0.1842/0.1442/0.0686 | LR: 0.000001
Epoch [75/100] | SVD update #75: pairs=465, sweeps=3, converged=False, rel_change=2.467e-01, effective_ranks=(317, 17), class_paired=True
Epoch [75/100] | Loss: 8.9816 (Cls: 8.9574, TAL: -0.0525, Adv: 0.3807, OT-Reg: 0.001133) | OT inner objective: -0.1055 | Marginal residual row/col/max: 2.82e-04/1.17e-08/2.82e-04 | Train Acc: 0.2054 | Val Acc: 0.0417 | Val P/R/F1 (Macro): 0.0391/0.1250/0.0595 | LR: 0.000001
Epoch [76/100] | SVD update #76: pairs=465, sweeps=3, converged=False, rel_change=3.002e-02, effective_ranks=(315, 17), class_paired=True
Epoch [76/100] | Loss: 8.5430 (Cls: 8.5114, TAL: 0.0019, Adv: 0.3921, OT-Reg: 0.001141) | OT inner objective: -0.1358 | Marginal residual row/col/max: 2.61e-04/1.18e-08/2.61e-04 | Train Acc: 0.2634 | Val Acc: 0.1083 | Val P/R/F1 (Macro): 0.1443/0.1924/0.1305 | LR: 0.000001
Epoch [77/100] | SVD update #77: pairs=465, sweeps=3, converged=False, rel_change=2.861e-01, effective_ranks=(315, 19), class_paired=True
Epoch [77/100] | Loss: 8.1999 (Cls: 8.1430, TAL: 0.1552, Adv: 0.4786, OT-Reg: 0.001082) | OT inner objective: 0.0218 | Marginal residual row/col/max: 1.25e-05/2.28e-08/1.25e-05 | Train Acc: 0.0647 | Val Acc: 0.0750 | Val P/R/F1 (Macro): 0.0730/0.0463/0.0435 | LR: 0.000001
Epoch [78/100] | SVD update #78: pairs=465, sweeps=3, converged=False, rel_change=2.869e-02, effective_ranks=(314, 21), class_paired=True
Epoch [78/100] | Loss: 7.8918 (Cls: 7.8453, TAL: 0.1718, Adv: 0.3236, OT-Reg: 0.001010) | OT inner objective: 0.0334 | Marginal residual row/col/max: 1.07e-04/2.90e-08/1.07e-04 | Train Acc: 0.0804 | Val Acc: 0.0500 | Val P/R/F1 (Macro): 0.1125/0.0236/0.0371 | LR: 0.000001
Epoch [79/100] | SVD update #79: pairs=465, sweeps=3, converged=False, rel_change=1.680e-03, effective_ranks=(315, 21), class_paired=True
Epoch [79/100] | Loss: 7.8549 (Cls: 7.7860, TAL: 0.2306, Adv: 0.5154, OT-Reg: 0.000956) | OT inner objective: 0.0571 | Marginal residual row/col/max: 6.51e-05/2.28e-08/6.51e-05 | Train Acc: 0.0759 | Val Acc: 0.0500 | Val P/R/F1 (Macro): 0.0254/0.0420/0.0299 | LR: 0.000001
Epoch [80/100] | SVD update #80: pairs=465, sweeps=3, converged=False, rel_change=2.236e-02, effective_ranks=(317, 19), class_paired=True
Epoch [80/100] | Loss: 7.5259 (Cls: 7.4808, TAL: 0.1794, Adv: 0.2941, OT-Reg: 0.001043) | OT inner objective: 0.0534 | Marginal residual row/col/max: 8.97e-05/2.25e-08/8.98e-05 | Train Acc: 0.1094 | Val Acc: 0.1000 | Val P/R/F1 (Macro): 0.1057/0.0650/0.0602 | LR: 0.000001
Epoch [81/100] | SVD update #81: pairs=465, sweeps=3, converged=False, rel_change=1.045e-02, effective_ranks=(315, 20), class_paired=True
Epoch [81/100] | Loss: 7.4247 (Cls: 7.3678, TAL: 0.1820, Adv: 0.4387, OT-Reg: 0.000989) | OT inner objective: 0.0512 | Marginal residual row/col/max: 5.34e-05/2.87e-08/5.34e-05 | Train Acc: 0.2812 | Val Acc: 0.1667 | Val P/R/F1 (Macro): 0.1275/0.2108/0.1226 | LR: 0.000001
Epoch [82/100] | SVD update #82: pairs=465, sweeps=3, converged=False, rel_change=3.292e-02, effective_ranks=(317, 20), class_paired=True
Epoch [82/100] | Loss: 7.5357 (Cls: 7.4598, TAL: 0.1470, Adv: 0.7278, OT-Reg: 0.001109) | OT inner objective: 0.0087 | Marginal residual row/col/max: 1.75e-05/3.03e-08/1.75e-05 | Train Acc: 0.3103 | Val Acc: 0.2167 | Val P/R/F1 (Macro): 0.1453/0.2308/0.1477 | LR: 0.000001
Epoch [83/100] | SVD update #83: pairs=465, sweeps=3, converged=False, rel_change=2.314e-02, effective_ranks=(316, 25), class_paired=True
Epoch [83/100] | Loss: 7.8898 (Cls: 7.8339, TAL: 0.1506, Adv: 0.4723, OT-Reg: 0.000917) | OT inner objective: 0.0591 | Marginal residual row/col/max: 1.56e-06/2.97e-08/1.57e-06 | Train Acc: 0.3393 | Val Acc: 0.2250 | Val P/R/F1 (Macro): 0.2721/0.2732/0.1998 | LR: 0.000001
Epoch [84/100] | SVD update #84: pairs=465, sweeps=3, converged=False, rel_change=2.114e-02, effective_ranks=(317, 20), class_paired=True
Epoch [84/100] | Loss: 7.4661 (Cls: 7.4194, TAL: 0.1601, Adv: 0.3433, OT-Reg: 0.001055) | OT inner objective: 0.0380 | Marginal residual row/col/max: 1.54e-05/2.13e-08/1.54e-05 | Train Acc: 0.3170 | Val Acc: 0.1000 | Val P/R/F1 (Macro): 0.0706/0.1846/0.0814 | LR: 0.000001
Epoch [85/100] | SVD update #85: pairs=465, sweeps=3, converged=False, rel_change=3.304e-03, effective_ranks=(317, 19), class_paired=True
Epoch [85/100] | Loss: 7.5635 (Cls: 7.4958, TAL: 0.1998, Adv: 0.5464, OT-Reg: 0.001011) | OT inner objective: 0.0125 | Marginal residual row/col/max: 1.18e-06/3.69e-08/1.18e-06 | Train Acc: 0.3214 | Val Acc: 0.1083 | Val P/R/F1 (Macro): 0.1163/0.1859/0.0872 | LR: 0.000001
Epoch [86/100] | SVD update #86: pairs=465, sweeps=3, converged=False, rel_change=3.260e-02, effective_ranks=(316, 22), class_paired=True
Epoch [86/100] | Loss: 7.3075 (Cls: 7.2382, TAL: 0.1753, Adv: 0.6034, OT-Reg: 0.001003) | OT inner objective: 0.0635 | Marginal residual row/col/max: 9.90e-07/3.62e-08/9.98e-07 | Train Acc: 0.2835 | Val Acc: 0.1250 | Val P/R/F1 (Macro): 0.2025/0.1997/0.1039 | LR: 0.000001
Epoch [87/100] | SVD update #87: pairs=465, sweeps=3, converged=False, rel_change=1.167e-01, effective_ranks=(317, 21), class_paired=True
Epoch [87/100] | Loss: 7.8185 (Cls: 7.7720, TAL: 0.0174, Adv: 0.5559, OT-Reg: 0.001117) | OT inner objective: -0.0560 | Marginal residual row/col/max: 8.98e-05/1.60e-08/8.98e-05 | Train Acc: 0.0804 | Val Acc: 0.0750 | Val P/R/F1 (Macro): 0.0278/0.0541/0.0358 | LR: 0.000001
Epoch [88/100] | SVD update #88: pairs=465, sweeps=3, converged=False, rel_change=3.293e-02, effective_ranks=(317, 20), class_paired=True
Epoch [88/100] | Loss: 8.3879 (Cls: 8.3484, TAL: -0.0178, Adv: 0.5208, OT-Reg: 0.001171) | OT inner objective: -0.0963 | Marginal residual row/col/max: 1.38e-04/9.71e-09/1.38e-04 | Train Acc: 0.1607 | Val Acc: 0.0667 | Val P/R/F1 (Macro): 0.1919/0.1628/0.0584 | LR: 0.000001
Epoch [89/100] | SVD update #89: pairs=465, sweeps=3, converged=False, rel_change=6.974e-02, effective_ranks=(317, 22), class_paired=True
Epoch [89/100] | Loss: 8.0415 (Cls: 7.9802, TAL: 0.1082, Adv: 0.6049, OT-Reg: 0.000992) | OT inner objective: 0.1077 | Marginal residual row/col/max: 2.18e-06/3.88e-08/2.19e-06 | Train Acc: 0.2054 | Val Acc: 0.1000 | Val P/R/F1 (Macro): 0.0810/0.2617/0.0781 | LR: 0.000001
Epoch [90/100] | SVD update #90: pairs=465, sweeps=3, converged=False, rel_change=6.924e-03, effective_ranks=(316, 23), class_paired=True
Epoch [90/100] | Loss: 7.8399 (Cls: 7.7794, TAL: 0.1399, Adv: 0.5453, OT-Reg: 0.000923) | OT inner objective: 0.0763 | Marginal residual row/col/max: 4.82e-05/3.30e-08/4.82e-05 | Train Acc: 0.2344 | Val Acc: 0.1167 | Val P/R/F1 (Macro): 0.0760/0.2975/0.0846 | LR: 0.000001
Epoch [91/100] | SVD update #91: pairs=465, sweeps=3, converged=False, rel_change=1.856e-02, effective_ranks=(317, 22), class_paired=True
Epoch [91/100] | Loss: 7.7311 (Cls: 7.6619, TAL: 0.1239, Adv: 0.6784, OT-Reg: 0.000995) | OT inner objective: 0.0752 | Marginal residual row/col/max: 2.00e-05/2.57e-08/2.00e-05 | Train Acc: 0.1853 | Val Acc: 0.1083 | Val P/R/F1 (Macro): 0.0853/0.2558/0.0976 | LR: 0.000001
Epoch [92/100] | SVD update #92: pairs=465, sweeps=3, converged=False, rel_change=8.951e-03, effective_ranks=(316, 20), class_paired=True
Epoch [92/100] | Loss: 7.5562 (Cls: 7.4914, TAL: 0.1508, Adv: 0.5834, OT-Reg: 0.000982) | OT inner objective: 0.0631 | Marginal residual row/col/max: 1.59e-06/3.09e-08/1.60e-06 | Train Acc: 0.1540 | Val Acc: 0.1500 | Val P/R/F1 (Macro): 0.2360/0.3507/0.1273 | LR: 0.000001
Epoch [93/100] | SVD update #93: pairs=465, sweeps=3, converged=False, rel_change=5.044e-03, effective_ranks=(317, 21), class_paired=True
Epoch [93/100] | Loss: 7.4084 (Cls: 7.3368, TAL: 0.1855, Adv: 0.6166, OT-Reg: 0.001143) | OT inner objective: 0.0312 | Marginal residual row/col/max: 4.05e-07/2.00e-08/4.07e-07 | Train Acc: 0.1853 | Val Acc: 0.1500 | Val P/R/F1 (Macro): 0.1529/0.3549/0.1429 | LR: 0.000001
Epoch [94/100] | SVD update #94: pairs=465, sweeps=3, converged=False, rel_change=1.927e-02, effective_ranks=(316, 20), class_paired=True
Epoch [94/100] | Loss: 7.4065 (Cls: 7.3364, TAL: 0.1231, Adv: 0.6924, OT-Reg: 0.001031) | OT inner objective: 0.0209 | Marginal residual row/col/max: 2.26e-05/2.77e-08/2.27e-05 | Train Acc: 0.2299 | Val Acc: 0.0750 | Val P/R/F1 (Macro): 0.1611/0.2758/0.0680 | LR: 0.000001
Epoch [95/100] | SVD update #95: pairs=465, sweeps=3, converged=False, rel_change=9.046e-03, effective_ranks=(317, 20), class_paired=True
Epoch [95/100] | Loss: 7.5132 (Cls: 7.4598, TAL: 0.1406, Adv: 0.4562, OT-Reg: 0.001019) | OT inner objective: 0.0448 | Marginal residual row/col/max: 2.71e-05/2.12e-08/2.71e-05 | Train Acc: 0.2366 | Val Acc: 0.1333 | Val P/R/F1 (Macro): 0.0955/0.3422/0.1074 | LR: 0.000001
Epoch [96/100] | SVD update #96: pairs=465, sweeps=3, converged=False, rel_change=3.594e-02, effective_ranks=(315, 19), class_paired=True
Epoch [96/100] | Loss: 7.4129 (Cls: 7.3436, TAL: 0.1908, Adv: 0.5793, OT-Reg: 0.001213) | OT inner objective: 0.0343 | Marginal residual row/col/max: 3.14e-06/1.17e-08/3.14e-06 | Train Acc: 0.1228 | Val Acc: 0.2083 | Val P/R/F1 (Macro): 0.0955/0.2801/0.1410 | LR: 0.000001
Epoch [97/100] | SVD update #97: pairs=465, sweeps=3, converged=False, rel_change=8.376e-02, effective_ranks=(316, 24), class_paired=True
Epoch [97/100] | Loss: 7.3136 (Cls: 7.2414, TAL: 0.1493, Adv: 0.6776, OT-Reg: 0.001183) | OT inner objective: 0.1042 | Marginal residual row/col/max: 4.05e-07/1.44e-08/4.08e-07 | Train Acc: 0.1920 | Val Acc: 0.1917 | Val P/R/F1 (Macro): 0.1459/0.3344/0.1903 | LR: 0.000001
Epoch [98/100] | SVD update #98: pairs=465, sweeps=3, converged=False, rel_change=1.289e-02, effective_ranks=(315, 22), class_paired=True
Epoch [98/100] | Loss: 7.2734 (Cls: 7.2105, TAL: 0.1610, Adv: 0.5452, OT-Reg: 0.001164) | OT inner objective: 0.0582 | Marginal residual row/col/max: 1.33e-05/1.78e-08/1.33e-05 | Train Acc: 0.2210 | Val Acc: 0.2333 | Val P/R/F1 (Macro): 0.1991/0.3464/0.2231 | LR: 0.000001
Epoch [99/100] | SVD update #99: pairs=465, sweeps=3, converged=False, rel_change=8.070e-03, effective_ranks=(317, 20), class_paired=True
Epoch [99/100] | Loss: 7.2520 (Cls: 7.1857, TAL: 0.1406, Adv: 0.6169, OT-Reg: 0.001115) | OT inner objective: 0.0367 | Marginal residual row/col/max: 1.23e-04/1.61e-08/1.23e-04 | Train Acc: 0.2143 | Val Acc: 0.2083 | Val P/R/F1 (Macro): 0.3024/0.3888/0.2536 | LR: 0.000001
Epoch [100/100] | SVD update #100: pairs=465, sweeps=3, converged=False, rel_change=6.463e-02, effective_ranks=(315, 23), class_paired=True
Epoch [100/100] | Loss: 6.6938 (Cls: 6.6321, TAL: 0.1634, Adv: 0.5254, OT-Reg: 0.001236) | OT inner objective: 0.0727 | Marginal residual row/col/max: 1.77e-05/1.73e-08/1.77e-05 | Train Acc: 0.1518 | Val Acc: 0.1500 | Val P/R/F1 (Macro): 0.1989/0.2761/0.1959 | LR: 0.000001
Report strategy: last_window, window=10, reported_acc=0.1608, best_acc=0.4833

迭代 5 报告指标:
  Accuracy: 0.1608
  Precision (Macro): 0.1672
  Recall (Macro): 0.3205
  F1 (Macro): 0.1547
  Precision (Micro): 0.1608
  Recall (Micro): 0.1608
  F1 (Micro): 0.1608
  Val class coverage: 8/14 (0.5714), samples=120

================================================================================
5次迭代统计结果
================================================================================

accuracy:
  各迭代值: ['0.1358', '0.1950', '0.0867', '0.2500', '0.1608']
  均值 (Mean): 0.1657
  标准差 (Std): 0.0550

precision_macro:
  各迭代值: ['0.1212', '0.1585', '0.2396', '0.2796', '0.1672']
  均值 (Mean): 0.1932
  标准差 (Std): 0.0578

recall_macro:
  各迭代值: ['0.1225', '0.1670', '0.2652', '0.3606', '0.3205']
  均值 (Mean): 0.2472
  标准差 (Std): 0.0900

f1_macro:
  各迭代值: ['0.0856', '0.1313', '0.1657', '0.2313', '0.1547']
  均值 (Mean): 0.1537
  标准差 (Std): 0.0475

precision_micro:
  各迭代值: ['0.1358', '0.1950', '0.0867', '0.2500', '0.1608']
  均值 (Mean): 0.1657
  标准差 (Std): 0.0550

recall_micro:
  各迭代值: ['0.1358', '0.1950', '0.0867', '0.2500', '0.1608']
  均值 (Mean): 0.1657
  标准差 (Std): 0.0550

f1_micro:
  各迭代值: ['0.1358', '0.1950', '0.0867', '0.2500', '0.1608']
  均值 (Mean): 0.1657
  标准差 (Std): 0.0550

val_class_coverage:
  各迭代值: ['0.5714', '0.5714', '0.5714', '0.5714', '0.5714']
  均值 (Mean): 0.5714
  标准差 (Std): 0.0000

val_present_classes:
  各迭代值: ['8.0000', '8.0000', '8.0000', '8.0000', '8.0000']
  均值 (Mean): 8.0000
  标准差 (Std): 0.0000

val_total_classes:
  各迭代值: ['14.0000', '14.0000', '14.0000', '14.0000', '14.0000']
  均值 (Mean): 14.0000
  标准差 (Std): 0.0000

val_samples:
  各迭代值: ['120.0000', '120.0000', '120.0000', '120.0000', '120.0000']
  均值 (Mean): 120.0000
  标准差 (Std): 0.0000

训练结束时间: 2026-09-25 16:23:56
================================================================================

================================================================================
模块消融实验完成，结果汇总:
================================================================================
01. Full: Tensor+OT | target=逆光 | Accuracy: 0.4033 ± 0.2049
02. Full: Tensor+OT | target=雨天 | Accuracy: 0.1938 ± 0.0300
03. Full: Tensor+OT | target=雾天 | Accuracy: 0.1873 ± 0.0254
04. Full: Tensor+OT | target=黑天 | Accuracy: 0.1657 ± 0.0550
================================================================================
